model_path,HW,CIN,COUT,KERNEL_SIZE,POOL_STRIDES,latency
avgpool_prior_3GB3U7.pt,56,501,501,2,2,0.36535253999999995
avgpool_prior_WE5X8G.pt,14,493,493,2,2,0.16330721999999995
avgpool_prior_2839OT.pt,112,134,134,3,2,1.2269914199999996
avgpool_prior_874LQD.pt,28,72,72,3,2,0.12970045999999993
avgpool_prior_6H5BEU.pt,28,242,242,2,2,0.30814794
avgpool_prior_CXK0MF.pt,28,83,83,2,2,0.13036736000000002
avgpool_prior_HH4OZN.pt,224,71,71,2,2,1.2203997799999997
avgpool_prior_ACFIZY.pt,56,149,149,3,2,0.56300568
avgpool_prior_M84VGB.pt,112,204,204,2,2,1.16688024
avgpool_prior_9A4RSG.pt,28,63,63,2,1,0.3631395
avgpool_prior_0E1EES.pt,14,128,128,3,2,0.13032908
avgpool_prior_YHVPZL.pt,14,512,512,2,2,0.24385470000000006
avgpool_prior_HA8RT4.pt,14,507,507,3,2,0.26253534
avgpool_prior_UUUAN9.pt,56,1032,1032,3,2,1.3560748800000004
avgpool_prior_12I5QK.pt,28,55,55,2,2,0.15496856000000003
avgpool_prior_DNNY2X.pt,56,241,241,2,2,0.8889839200000001
avgpool_prior_9OP46R.pt,28,40,40,2,2,0.10333924
avgpool_prior_MRXCKC.pt,112,142,142,2,2,1.30857156
avgpool_prior_3APUU1.pt,14,52,52,3,2,0.08596973999999999
avgpool_prior_UV91AH.pt,14,194,194,3,1,0.26927777999999997
avgpool_prior_ZA6W7Q.pt,112,507,507,3,2,1.7357191600000001
avgpool_prior_VYSMEU.pt,14,54,54,3,1,0.16792343999999995
avgpool_prior_10G8O6.pt,112,1035,1035,3,2,2.922062600000001
avgpool_prior_KAFDV4.pt,28,142,142,2,2,0.17141241999999998
avgpool_prior_PWSVZ8.pt,224,201,201,2,2,2.1485553399999997
avgpool_prior_RPUTQX.pt,112,68,68,3,2,0.9171560400000002
avgpool_prior_3QJQ9H.pt,14,498,498,3,1,0.4923588199999998
avgpool_prior_WZQSQT.pt,28,252,252,2,1,0.92177932
avgpool_prior_BM9345.pt,28,503,503,2,2,0.5218853200000002
avgpool_prior_WHG4KZ.pt,14,1045,1045,3,2,0.26485140000000007
avgpool_prior_BQUQMR.pt,14,197,197,2,2,0.11045013999999996
avgpool_prior_C2M48K.pt,112,234,234,2,2,1.4798909800000002
avgpool_prior_EK7Y8F.pt,28,492,492,3,2,0.45889314000000025
avgpool_prior_VI0KQN.pt,112,504,504,3,2,1.78831804
avgpool_prior_F8BGNR.pt,14,79,79,3,2,0.08834151999999999
avgpool_prior_GICSZB.pt,28,68,68,2,1,0.2861267599999999
avgpool_prior_TURRAC.pt,224,476,476,3,2,5.38133924
avgpool_prior_SAR06Z.pt,56,137,137,2,2,0.4461592
avgpool_prior_YQ9HO1.pt,14,230,230,2,2,0.11709716
avgpool_prior_T905JP.pt,112,248,248,3,1,2.6144058199999995
avgpool_prior_W99GP3.pt,56,832,832,3,2,1.33040532
avgpool_prior_8YYE7A.pt,14,45,45,3,2,0.08516916000000001
avgpool_prior_MG2DOI.pt,112,506,506,3,2,1.8951154200000007
avgpool_prior_EFU8J0.pt,14,824,824,2,2,0.34339742
avgpool_prior_EGS16B.pt,14,28,28,3,2,0.07970246000000002
avgpool_prior_IGJLU4.pt,14,66,66,2,2,0.08554172000000002
avgpool_prior_IZS8EV.pt,28,131,131,2,2,0.16278001999999994
avgpool_prior_YRUZTL.pt,224,147,147,3,2,1.87081048
avgpool_prior_EO7KLL.pt,112,231,231,3,2,1.3884297
avgpool_prior_4DILCE.pt,224,197,197,2,1,8.537697940000001
avgpool_prior_KWPMDC.pt,112,183,183,3,2,0.4676638399999999
avgpool_prior_O1II7S.pt,112,846,846,2,2,2.28463892
avgpool_prior_NS2WLT.pt,28,201,201,3,2,0.22213738
avgpool_prior_K3JWGB.pt,14,244,244,3,1,0.26916822
avgpool_prior_CB3D33.pt,28,54,54,3,1,0.23013219999999998
avgpool_prior_TDXP82.pt,224,503,503,3,2,5.538691819999998
avgpool_prior_KGD3V0.pt,56,494,494,3,1,1.6691939799999997
avgpool_prior_RJ9BUP.pt,28,179,179,3,2,0.2209849199999999
avgpool_prior_SWW7SD.pt,28,506,506,3,2,0.5258326999999999
avgpool_prior_4263LX.pt,14,243,243,2,2,0.12005352
avgpool_prior_AAJPXH.pt,56,91,91,3,2,0.46024603999999997
avgpool_prior_WNN2HK.pt,56,495,495,2,1,1.6485478
avgpool_prior_0QW523.pt,28,529,529,2,2,0.4817841200000002
avgpool_prior_ZJPWFJ.pt,14,147,147,3,1,0.21633879999999997
avgpool_prior_I2VOVB.pt,14,129,129,2,2,0.11039589999999999
avgpool_prior_F4NZ4H.pt,28,493,493,3,1,1.4261835599999995
avgpool_prior_OP279S.pt,14,71,71,3,2,0.09143994
avgpool_prior_RL2EY2.pt,112,129,129,2,2,1.23748358
avgpool_prior_ACCCIJ.pt,112,255,255,2,2,1.3844454199999998
avgpool_prior_JKOZT9.pt,56,142,142,2,1,1.4540454799999998
avgpool_prior_5UXTO7.pt,56,825,825,2,2,1.2218962400000002
avgpool_prior_9Y7978.pt,112,479,479,3,2,1.7050900799999997
avgpool_prior_YXIJ7P.pt,56,245,245,3,2,0.87542068
avgpool_prior_J47CIT.pt,56,504,504,3,2,1.19934132
avgpool_prior_B26N4C.pt,14,63,63,3,1,0.16709604000000003
avgpool_prior_D9BOCF.pt,224,199,199,2,2,2.11592572
avgpool_prior_4FUWPL.pt,28,254,254,2,2,0.24741270000000004
avgpool_prior_46RG0B.pt,112,71,71,2,2,1.0288705400000002
avgpool_prior_66KV84.pt,56,183,183,2,2,0.5702821200000001
avgpool_prior_KG9WOR.pt,112,498,498,3,1,5.233473720000001
avgpool_prior_9YAY5P.pt,56,58,58,2,2,0.23527324
avgpool_prior_EQND9F.pt,112,183,183,3,2,1.3639154599999999
avgpool_prior_2RLA1I.pt,14,844,844,3,2,0.23163783999999996
avgpool_prior_BIFS3Q.pt,112,501,501,3,1,5.353272100000001
avgpool_prior_HST3NC.pt,14,151,151,2,1,0.29680170000000006
avgpool_prior_298MOY.pt,112,503,503,3,2,1.7879677400000002
avgpool_prior_64COH2.pt,224,130,130,2,1,4.858974160000001
avgpool_prior_GXTBZM.pt,56,202,202,2,2,0.5601
avgpool_prior_C2P885.pt,14,255,255,3,2,0.12200738000000001
avgpool_prior_QYI17D.pt,56,256,256,2,2,0.9517875999999995
avgpool_prior_9H6RS9.pt,28,74,74,3,1,0.3076969799999999
avgpool_prior_T1MEHP.pt,14,73,73,3,2,0.08818354000000003
avgpool_prior_5XR0TF.pt,224,847,847,2,2,9.66631226
avgpool_prior_WLQV2A.pt,14,243,243,2,2,0.11582723999999998
avgpool_prior_FE9F2Q.pt,112,234,234,3,1,2.59577486
avgpool_prior_T8F5IE.pt,14,86,86,3,1,0.13892774000000002
avgpool_prior_NQBVXN.pt,56,504,504,2,2,1.21690138
avgpool_prior_DADC4L.pt,14,470,470,3,2,0.18336028000000007
avgpool_prior_ZL6CVP.pt,14,37,37,3,2,0.08479216
avgpool_prior_J23SIL.pt,56,237,237,2,2,0.7508349599999999
avgpool_prior_HGQY6Y.pt,112,142,142,3,2,0.9206763400000003
avgpool_prior_YEL1X7.pt,28,506,506,2,2,0.4203954400000001
avgpool_prior_1EY8TO.pt,112,53,53,2,1,1.2719412799999998
avgpool_prior_UMM64P.pt,28,505,505,2,2,0.53820584
avgpool_prior_Z845E1.pt,224,61,61,2,2,1.0389237200000006
avgpool_prior_ZPX2XR.pt,14,512,512,3,2,0.19902140000000001
avgpool_prior_NSVPW8.pt,56,1039,1039,3,2,1.49731536
avgpool_prior_XHGI2Q.pt,56,241,241,3,2,0.9360174800000002
avgpool_prior_55PBE9.pt,112,842,842,3,2,2.5913776200000007
avgpool_prior_NEA72I.pt,14,54,54,2,2,0.09492081999999998
avgpool_prior_SAVXNO.pt,112,141,141,3,1,1.5598609599999997
avgpool_prior_LWJHIT.pt,224,235,235,3,1,11.0231853
avgpool_prior_5L2UYF.pt,112,1054,1054,3,2,3.06071878
avgpool_prior_X87ZO1.pt,56,251,251,2,2,0.75858078
avgpool_prior_FPYYKL.pt,14,71,71,2,2,0.09179473999999999
avgpool_prior_54DB4T.pt,28,73,73,2,1,0.27570898000000005
avgpool_prior_3PXYIA.pt,224,36,36,3,1,1.7286134000000002
avgpool_prior_X7JHU9.pt,14,245,245,2,2,0.15439988000000002
avgpool_prior_KZRZQW.pt,28,53,53,3,2,0.11600961999999995
avgpool_prior_ILR1Y4.pt,112,67,67,2,2,0.8364516800000003
avgpool_prior_X7G25Q.pt,14,146,146,2,2,0.10713414000000004
avgpool_prior_UPQK28.pt,28,34,34,2,2,0.08798444
avgpool_prior_W0BVMB.pt,112,189,189,2,2,1.32318284
avgpool_prior_675Z9O.pt,56,44,44,3,1,0.8012131199999998
avgpool_prior_B9T3YT.pt,14,43,43,2,2,0.09936914
avgpool_prior_XX7JG1.pt,224,52,52,2,2,0.9680664999999999
avgpool_prior_JSF4BO.pt,14,491,491,3,2,0.1651373
avgpool_prior_SS34LQ.pt,14,191,191,2,2,0.10754938000000001
avgpool_prior_XTA9M5.pt,224,74,74,2,2,1.3665825600000003
avgpool_prior_W1JK73.pt,14,489,489,2,2,0.15240679999999998
avgpool_prior_6IM7SC.pt,112,1040,1040,3,2,3.117536359999999
avgpool_prior_TBADOQ.pt,56,36,36,3,2,0.18797893999999998
avgpool_prior_H5OLBP.pt,14,74,74,2,2,0.08343655999999999
avgpool_prior_SV9GMB.pt,14,198,198,3,2,0.11381934
avgpool_prior_99U8Y4.pt,28,237,237,3,2,0.25517876000000006
avgpool_prior_K6VHQM.pt,112,243,243,2,1,2.2894816999999996
avgpool_prior_RU53CI.pt,28,201,201,3,2,0.3860594599999999
avgpool_prior_V8K2T1.pt,112,494,494,3,2,1.8052463799999998
avgpool_prior_K5EDV8.pt,28,71,71,3,1,0.29791268000000004
avgpool_prior_EQVWH9.pt,14,194,194,3,2,0.11284210000000001
avgpool_prior_JOZE4X.pt,112,97,97,2,2,0.97801582
avgpool_prior_J4IRKT.pt,112,502,502,3,2,1.8102639600000006
avgpool_prior_5J3SBS.pt,14,50,50,2,1,0.11977049999999999
avgpool_prior_GKYS9K.pt,28,136,136,2,2,0.22118260000000003
avgpool_prior_MMHJW8.pt,112,848,848,2,2,2.2550745200000004
avgpool_prior_EN54QN.pt,56,64,64,2,2,0.24444012000000007
avgpool_prior_R0NIFG.pt,28,1041,1041,3,2,1.00429908
avgpool_prior_1QM2L1.pt,112,505,505,3,2,1.7732931599999997
avgpool_prior_SP3F7R.pt,112,472,472,2,2,1.2896434200000002
avgpool_prior_WPEJ9N.pt,56,191,191,3,2,0.95247644
avgpool_prior_18IYD3.pt,112,89,89,2,2,0.42351760000000005
avgpool_prior_B6Q6E3.pt,112,493,493,2,2,1.5617640599999996
avgpool_prior_8WOU7R.pt,112,234,234,3,2,1.5144520199999996
avgpool_prior_VXC7XD.pt,14,509,509,2,2,0.16062974
avgpool_prior_LX1TE2.pt,224,73,73,2,2,1.4927889200000002
avgpool_prior_WNZBUY.pt,14,188,188,2,2,0.1519906
avgpool_prior_S4LNPC.pt,112,52,52,2,2,0.6312191799999999
avgpool_prior_5ADRL1.pt,14,494,494,3,2,0.20527878000000002
avgpool_prior_BL1J73.pt,112,366,366,2,2,1.4758488600000004
avgpool_prior_HT3WCC.pt,14,845,845,2,2,0.23506366
avgpool_prior_GUFE0D.pt,112,58,58,3,1,1.54140612
avgpool_prior_4AZQ9J.pt,28,191,191,2,2,0.2841194
avgpool_prior_8HO6TJ.pt,28,235,235,3,2,0.2679322
avgpool_prior_SF5OV0.pt,14,498,498,2,1,0.5073303200000001
avgpool_prior_C6G7A8.pt,14,72,72,2,2,0.08944505999999999
avgpool_prior_8ELZNG.pt,56,135,135,3,2,0.47205026000000005
avgpool_prior_ESKTWH.pt,56,232,232,3,1,1.84090728
avgpool_prior_TV244N.pt,14,480,480,2,1,0.48804856
avgpool_prior_6B9RKL.pt,28,134,134,2,2,0.17187458
avgpool_prior_E8Y15B.pt,112,255,255,3,2,1.4962454000000003
avgpool_prior_8HOW04.pt,112,188,188,3,2,1.5082249799999994
avgpool_prior_SSFYNA.pt,28,52,52,3,1,0.24557439999999991
avgpool_prior_AX4H9X.pt,14,490,490,3,2,0.18441148000000002
avgpool_prior_WXNGIC.pt,112,204,204,3,2,1.3834622199999997
avgpool_prior_9PY7LN.pt,28,500,500,3,2,0.4782222999999999
avgpool_prior_TZQ47W.pt,14,43,43,2,2,0.08193953999999999
avgpool_prior_5I9GBV.pt,112,74,74,2,2,0.8580435000000003
avgpool_prior_VT9ZFP.pt,112,848,848,3,2,2.70603738
avgpool_prior_VJKN7V.pt,224,368,368,2,2,3.896690379999999
avgpool_prior_KZR67B.pt,224,491,491,3,1,22.56529257999999
avgpool_prior_ABW5T5.pt,28,245,245,3,2,0.2628147
avgpool_prior_OY4QKG.pt,56,55,55,2,1,0.7014890000000001
avgpool_prior_ZSIH9S.pt,112,62,62,2,2,0.8046250399999999
avgpool_prior_QEBJLT.pt,14,75,75,2,2,0.08840572
avgpool_prior_FESSSP.pt,28,491,491,3,2,0.4479922
avgpool_prior_MQLYAT.pt,112,65,65,3,2,0.8776075000000002
avgpool_prior_Y42TUS.pt,112,234,234,2,2,1.25797558
avgpool_prior_1U1FS7.pt,112,253,253,2,2,1.4105682199999996
avgpool_prior_WDEQM9.pt,28,245,245,3,2,0.26045470000000004
avgpool_prior_1S4A3B.pt,112,494,494,3,2,2.2060266399999993
avgpool_prior_TRJUH0.pt,112,509,509,2,2,1.9429348400000004
avgpool_prior_VHU0CE.pt,112,506,506,2,1,4.770624
avgpool_prior_CDPQ73.pt,112,845,845,2,2,2.4669799800000005
avgpool_prior_R0M2Q7.pt,28,69,69,3,2,0.12559521999999998
avgpool_prior_FJU5EP.pt,14,504,504,3,1,0.46288223999999983
avgpool_prior_RXF6DB.pt,14,59,59,3,2,0.09573317999999995
avgpool_prior_YT91OG.pt,14,256,256,3,2,0.1235566
avgpool_prior_GI604D.pt,112,524,524,3,2,1.9853447600000005
avgpool_prior_FECH5D.pt,28,61,61,2,2,0.14589234000000004
avgpool_prior_MQLN1O.pt,14,59,59,2,2,0.08479426
avgpool_prior_0U7X47.pt,28,245,245,3,2,0.09464866
avgpool_prior_QIEOQY.pt,56,231,231,2,2,0.9535116000000002
avgpool_prior_68GUV2.pt,28,68,68,2,2,0.13008638000000003
avgpool_prior_XKZ7RU.pt,56,129,129,3,1,1.2468590800000001
avgpool_prior_RS0D6X.pt,28,63,63,3,2,0.15254126000000004
avgpool_prior_SV046P.pt,56,63,63,2,2,0.24375930000000004
avgpool_prior_186K76.pt,14,58,58,2,2,0.08457884000000003
avgpool_prior_24LRKO.pt,224,194,194,2,1,8.507323939999997
avgpool_prior_DQTF6W.pt,14,382,382,3,2,0.14755797999999998
avgpool_prior_D521GM.pt,14,184,184,2,2,0.10663594
avgpool_prior_3COHQY.pt,14,138,138,3,2,0.09896106000000003
avgpool_prior_FDTX6F.pt,112,488,488,3,2,1.7712008200000005
avgpool_prior_2D9ZJZ.pt,112,826,826,3,1,9.909877000000002
avgpool_prior_12PZ9D.pt,14,239,239,3,2,0.16518366
avgpool_prior_YTPSGD.pt,28,185,185,3,2,0.24407334000000003
avgpool_prior_P279FN.pt,28,58,58,3,2,0.17338255999999996
avgpool_prior_XW28RP.pt,112,142,142,2,2,1.2261331799999997
avgpool_prior_4CAO06.pt,28,74,74,3,2,0.11219024
avgpool_prior_ORU43Z.pt,56,252,252,2,2,0.9939069400000001
avgpool_prior_7IXRTI.pt,224,147,147,3,2,2.2305893200000004
avgpool_prior_OKK0GQ.pt,14,249,249,3,2,0.12020457999999999
avgpool_prior_UDIJNE.pt,112,844,844,2,2,2.3649730399999997
avgpool_prior_KO6VNK.pt,112,52,52,2,2,0.7058378999999998
avgpool_prior_5R1HAQ.pt,56,48,48,3,1,0.8334928999999999
avgpool_prior_KEP33R.pt,112,142,142,3,1,1.6311926199999993
avgpool_prior_FBOD64.pt,14,61,61,2,2,0.10234508
avgpool_prior_IUBAN0.pt,56,1048,1048,2,2,1.2733274199999998
avgpool_prior_ZBKPD4.pt,112,65,65,3,2,1.1294419000000004
avgpool_prior_JRDZWG.pt,56,59,59,3,2,0.26700948
avgpool_prior_4UKDRZ.pt,112,234,234,3,2,1.42265076
avgpool_prior_DOQQSO.pt,112,72,72,2,2,0.83867194
avgpool_prior_VHL8L2.pt,14,474,474,2,2,0.15314472000000004
avgpool_prior_37OFAV.pt,112,381,381,3,2,1.4323962799999996
avgpool_prior_KOUWSM.pt,28,251,251,2,2,0.24771021999999995
avgpool_prior_HZ4M5Z.pt,112,150,150,3,2,1.32921928
avgpool_prior_FO5P0S.pt,112,72,72,3,2,1.0998297800000003
avgpool_prior_HFW367.pt,56,495,495,3,2,1.0564905999999998
avgpool_prior_YZUS8J.pt,224,495,495,2,2,5.033046080000001
avgpool_prior_XR686U.pt,112,236,236,3,2,1.7041510400000004
avgpool_prior_9HNON6.pt,14,496,496,3,2,0.16796436
avgpool_prior_57PTQ8.pt,56,71,71,2,1,0.8792840200000002
avgpool_prior_NF0B21.pt,28,493,493,3,2,0.44325346
avgpool_prior_N6PXOU.pt,224,73,73,2,2,1.5245087800000008
avgpool_prior_WVI8M1.pt,56,65,65,2,2,0.24826956
avgpool_prior_8WFX15.pt,28,238,238,2,2,0.31131146
avgpool_prior_WJP61Z.pt,14,199,199,3,1,0.25271235999999997
avgpool_prior_16ZT6S.pt,14,826,826,2,1,0.7338136999999999
avgpool_prior_SH3FLV.pt,28,70,70,2,1,0.4672580800000001
avgpool_prior_GQQBNI.pt,112,83,83,3,2,1.21618206
avgpool_prior_XDLYRO.pt,224,183,183,2,2,2.26896764
avgpool_prior_15IWTR.pt,224,132,132,2,2,1.97807096
avgpool_prior_PNGMHX.pt,14,840,840,3,2,0.26825002000000003
avgpool_prior_UOU3DE.pt,28,501,501,3,2,0.5306302000000002
avgpool_prior_9RIAP2.pt,112,234,234,2,2,1.28347762
avgpool_prior_B5HO4R.pt,28,68,68,2,1,0.41007768
avgpool_prior_UD9WLV.pt,112,529,529,2,2,1.9158985999999998
avgpool_prior_MNPVH4.pt,14,492,492,2,2,0.21540260000000008
avgpool_prior_18YYM5.pt,112,493,493,3,2,1.79494896
avgpool_prior_W6IFZG.pt,14,51,51,2,2,0.08344049999999997
avgpool_prior_7TEHA5.pt,224,234,234,3,2,2.73079974
avgpool_prior_D0D2WL.pt,112,251,251,3,2,1.6432993400000007
avgpool_prior_34QQ8M.pt,224,52,52,3,2,1.4059847800000003
avgpool_prior_4GI7GA.pt,56,35,35,2,2,0.22764784
avgpool_prior_3Z1Z13.pt,14,836,836,2,2,0.2140103999999999
avgpool_prior_FCHPBB.pt,14,82,82,3,2,0.09083804000000001
avgpool_prior_HWB2TV.pt,112,506,506,3,2,1.6979143399999992
avgpool_prior_F4CRVW.pt,14,94,94,3,2,0.09028040000000002
avgpool_prior_JPRN27.pt,56,84,84,3,2,0.3676538200000001
avgpool_prior_MUHS33.pt,56,494,494,3,2,1.37447528
avgpool_prior_U6JOT5.pt,224,99,99,3,2,1.5205820399999999
avgpool_prior_GCN6W3.pt,14,521,521,3,2,0.17090323999999996
avgpool_prior_LZ9KOK.pt,14,51,51,2,2,0.08337326
avgpool_prior_KA58M4.pt,14,490,490,3,1,0.6487742799999999
avgpool_prior_7XBQG7.pt,56,501,501,3,2,1.2260152999999996
avgpool_prior_RQCBGG.pt,14,232,232,3,1,0.25182265999999986
avgpool_prior_6E6X39.pt,112,512,512,3,2,1.7516612000000003
avgpool_prior_V9JG1Q.pt,28,192,192,2,2,0.21247800000000003
avgpool_prior_YQY436.pt,14,97,97,2,2,0.11209327999999998
avgpool_prior_CHWXPI.pt,56,836,836,2,2,1.3487369200000001
avgpool_prior_UQJHSF.pt,28,68,68,3,2,0.1855485
avgpool_prior_HLIUUV.pt,14,93,93,2,2,0.09203396000000001
avgpool_prior_DCOY4D.pt,14,73,73,3,2,0.09757418000000001
avgpool_prior_RHOX5W.pt,28,492,492,2,2,0.42126747999999986
avgpool_prior_8BVL5C.pt,14,64,64,3,2,0.08610388000000001
avgpool_prior_YVRTAJ.pt,14,63,63,2,2,0.08611569999999999
avgpool_prior_EKNUGL.pt,224,196,196,2,2,2.2530109
avgpool_prior_9PUFL5.pt,56,243,243,2,2,0.7551323600000001
avgpool_prior_WUPE8F.pt,14,49,49,2,2,0.08363930000000003
avgpool_prior_N5TL77.pt,112,67,67,3,2,0.8916236400000003
avgpool_prior_HMH9LJ.pt,14,493,493,2,2,0.15751099999999998
avgpool_prior_2V9G32.pt,14,492,492,2,2,0.15749466
avgpool_prior_38RDCT.pt,224,1052,1052,2,1,44.87262672000001
avgpool_prior_P5CWP1.pt,14,63,63,2,2,0.09164484
avgpool_prior_X48R6H.pt,14,232,232,2,2,0.11318586000000003
avgpool_prior_4X78NY.pt,112,130,130,2,2,1.2039605000000002
avgpool_prior_C1AHOQ.pt,56,89,89,2,2,0.33400034
avgpool_prior_YR2EUB.pt,112,526,526,2,2,2.08075376
avgpool_prior_G7SA6J.pt,56,140,140,2,2,0.47112434000000003
avgpool_prior_WKC50P.pt,28,508,508,3,2,0.4605294600000001
avgpool_prior_H5O7VD.pt,112,194,194,2,2,1.3587338200000003
avgpool_prior_Q7LOYO.pt,14,143,143,2,2,0.021293219999999998
avgpool_prior_2J21IJ.pt,28,67,67,2,2,0.12353784000000001
avgpool_prior_B13IW4.pt,224,237,237,3,2,2.7854517800000007
avgpool_prior_NC6DMA.pt,14,67,67,3,1,0.18480616000000005
avgpool_prior_IXPQ5P.pt,112,512,512,3,1,5.3022950400000015
avgpool_prior_LR6FYU.pt,14,51,51,2,2,0.10627506000000002
avgpool_prior_PJBIG9.pt,112,93,93,2,2,1.05643476
avgpool_prior_1FJ8SR.pt,14,491,491,3,2,0.20848723999999993
avgpool_prior_K73W5S.pt,14,50,50,2,2,0.08419316
avgpool_prior_8TGNNJ.pt,112,231,231,2,2,1.2528484000000004
avgpool_prior_3WQ12K.pt,112,231,231,3,1,2.5298396999999992
avgpool_prior_FP99K3.pt,112,56,56,2,2,0.94642578
avgpool_prior_QDEL9I.pt,112,52,52,2,2,0.7242004200000001
avgpool_prior_TM1XYZ.pt,14,502,502,2,2,0.22981547999999996
avgpool_prior_RK0582.pt,56,66,66,2,1,1.0030291600000003
avgpool_prior_C8DMMA.pt,56,193,193,2,1,1.3999202800000001
avgpool_prior_06LMYC.pt,14,840,840,3,1,0.8360635800000001
avgpool_prior_HAQYRM.pt,28,1032,1032,2,2,1.1073986999999996
avgpool_prior_K6SAZC.pt,28,53,53,3,2,0.11623205999999996
avgpool_prior_47KS2Y.pt,14,843,843,3,2,0.23099072000000007
avgpool_prior_WUMEWH.pt,56,138,138,3,2,0.7365084000000002
avgpool_prior_KMYI3V.pt,112,91,91,3,2,1.1367517400000002
avgpool_prior_UAQPU8.pt,112,64,64,3,2,0.8514792
avgpool_prior_YD5ZWP.pt,28,255,255,2,1,0.91645198
avgpool_prior_0T8F0V.pt,28,511,511,2,2,0.5339706799999999
avgpool_prior_4PX5TN.pt,56,184,184,3,2,0.6649228
avgpool_prior_PEQM6R.pt,56,495,495,3,2,0.9704280400000002
avgpool_prior_4XO8R9.pt,14,1039,1039,3,2,0.35726332000000005
avgpool_prior_6ZKZE5.pt,14,134,134,3,1,0.17499406000000003
avgpool_prior_42AH3P.pt,14,100,100,2,2,0.09423054
avgpool_prior_DPINZS.pt,224,89,89,2,1,3.3453167599999993
avgpool_prior_2Z3RBO.pt,14,503,503,2,1,0.5501757200000001
avgpool_prior_XVO9G4.pt,224,506,506,3,2,5.603144339999999
avgpool_prior_53EHKZ.pt,14,502,502,2,2,0.16043508000000004
avgpool_prior_XW0CKO.pt,56,466,466,2,2,1.0845584199999996
avgpool_prior_YY59VK.pt,28,64,64,2,2,0.1178629
avgpool_prior_G3C0Y8.pt,14,33,33,3,2,0.08228228
avgpool_prior_W6XB75.pt,28,494,494,3,1,1.2530138399999997
avgpool_prior_G9VCY1.pt,28,179,179,3,2,0.24616708000000004
avgpool_prior_Y7A9M8.pt,14,244,244,2,2,0.13752401999999997
avgpool_prior_XGI0TD.pt,56,231,231,2,2,0.8889109599999999
avgpool_prior_HQGQLD.pt,112,499,499,2,2,1.7659895799999998
avgpool_prior_1W9UV5.pt,112,502,502,2,2,1.8353374
avgpool_prior_Y9V3M4.pt,224,491,491,3,2,5.466154720000002
avgpool_prior_DXW7EU.pt,56,231,231,2,2,0.7031941400000001
avgpool_prior_HTV50E.pt,112,194,194,3,2,1.51594434
avgpool_prior_XMP4D3.pt,112,180,180,2,2,1.4586321800000002
avgpool_prior_1Z74XY.pt,14,242,242,2,2,0.15891868
avgpool_prior_IOLRR0.pt,14,511,511,3,2,0.19133018000000004
avgpool_prior_9TZ1MP.pt,14,75,75,2,2,0.11184529999999998
avgpool_prior_VA8YN2.pt,112,500,500,2,2,1.6431576600000002
avgpool_prior_IBQV6V.pt,112,250,250,2,2,1.3326709200000009
avgpool_prior_AMGOQZ.pt,224,79,79,3,2,1.5364686000000003
avgpool_prior_KAGITE.pt,224,493,493,2,2,5.308142360000001
avgpool_prior_2BJX0N.pt,28,64,64,2,2,0.1331845
avgpool_prior_MPPBQU.pt,14,505,505,2,2,0.21782004000000008
avgpool_prior_1NO7OO.pt,56,525,525,2,1,1.5050570600000004
avgpool_prior_YB9M8E.pt,28,497,497,3,2,0.44948025999999996
avgpool_prior_4VUU42.pt,28,191,191,3,2,0.22329436000000005
avgpool_prior_VFC9A9.pt,224,74,74,2,2,1.5153586399999994
avgpool_prior_RX69ZR.pt,28,493,493,2,2,0.3992602800000001
avgpool_prior_6NUPWO.pt,14,836,836,3,2,0.22689465999999997
avgpool_prior_636MB8.pt,28,152,152,3,2,0.18886429999999998
avgpool_prior_8J64BR.pt,28,201,201,2,2,0.20972719999999995
avgpool_prior_LSV6D8.pt,112,132,132,3,1,1.6810929800000003
avgpool_prior_J6QOIK.pt,112,87,87,3,2,1.2277287000000003
avgpool_prior_JVYJL6.pt,224,474,474,2,2,4.873717700000001
avgpool_prior_N03LO5.pt,224,84,84,2,2,1.7269101000000004
avgpool_prior_YS7FFS.pt,28,45,45,3,2,0.11708327999999996
avgpool_prior_ZDXZEP.pt,14,53,53,3,2,0.08890936000000002
avgpool_prior_JLDR0C.pt,112,51,51,3,2,0.7252069199999999
avgpool_prior_YN8R45.pt,224,195,195,3,2,2.4441111
avgpool_prior_A331O7.pt,56,54,54,3,2,0.2778283599999999
avgpool_prior_NLBEPL.pt,28,192,192,2,2,0.20492432000000005
avgpool_prior_B71YNZ.pt,14,826,826,2,1,0.7508760799999997
avgpool_prior_6YC6Q2.pt,14,60,60,3,2,0.10398632000000001
avgpool_prior_FTCB4A.pt,56,236,236,2,2,0.6973304399999999
avgpool_prior_DD4LH2.pt,112,54,54,2,2,0.65173012
avgpool_prior_YOIVE5.pt,28,140,140,2,2,0.17925500000000003
avgpool_prior_4CKGZF.pt,28,844,844,3,2,1.04750416
avgpool_prior_0R8HDO.pt,28,513,513,3,1,1.1551202400000002
avgpool_prior_WMBBAJ.pt,28,242,242,3,2,0.41661806
avgpool_prior_WWPZBW.pt,112,244,244,3,2,1.43593772
avgpool_prior_YD0RJX.pt,56,489,489,3,2,1.26159214
avgpool_prior_95T0EQ.pt,14,181,181,2,2,0.10554343999999999
avgpool_prior_E0KDAW.pt,112,134,134,2,1,1.4073301800000002
avgpool_prior_XQFT2L.pt,112,496,496,2,2,1.5571500399999996
avgpool_prior_EEKOT8.pt,112,1039,1039,2,2,2.86423
avgpool_prior_ZE0ADF.pt,28,833,833,3,2,0.9531195
avgpool_prior_AHU9QI.pt,112,146,146,3,2,1.3985031600000002
avgpool_prior_I9GFF4.pt,112,62,62,3,2,0.8223852999999999
avgpool_prior_11ZY3Q.pt,112,500,500,2,2,1.8366940000000005
avgpool_prior_BDF0FP.pt,14,56,56,2,2,0.08730816
avgpool_prior_M8KCNM.pt,14,488,488,3,1,0.4427679
avgpool_prior_HW7EJF.pt,28,502,502,2,2,0.46152296
avgpool_prior_YX7V18.pt,112,494,494,3,2,1.60518548
avgpool_prior_R647Z4.pt,56,1040,1040,2,2,1.6379940600000003
avgpool_prior_HM6NI9.pt,112,42,42,3,2,0.7621515200000001
avgpool_prior_A8KDQC.pt,28,57,57,3,2,0.11837960000000003
avgpool_prior_WI0XL6.pt,112,498,498,3,2,1.6097732200000003
avgpool_prior_AXHGCN.pt,14,186,186,3,2,0.02161046
avgpool_prior_H0NCGT.pt,112,503,503,2,2,1.88678056
avgpool_prior_LXTAVA.pt,14,510,510,2,2,0.15894888
avgpool_prior_9ZKEMG.pt,28,240,240,2,2,0.2677578
avgpool_prior_GRW7LS.pt,112,72,72,3,2,1.04558376
avgpool_prior_UBSK1N.pt,14,832,832,3,2,0.2283743399999999
avgpool_prior_Z9ZBHA.pt,14,64,64,2,2,0.08730679999999999
avgpool_prior_E7U5EF.pt,112,68,68,3,2,1.12170404
avgpool_prior_GO9SZB.pt,224,499,499,2,2,5.187731919999999
avgpool_prior_QGTURM.pt,112,509,509,3,1,5.434165120000001
avgpool_prior_D54PIP.pt,14,233,233,2,1,0.24661976000000002
avgpool_prior_1WWFT1.pt,112,839,839,3,1,9.96835264
avgpool_prior_SOPJWG.pt,112,75,75,3,2,1.1926403200000002
avgpool_prior_S5FPN6.pt,112,186,186,3,2,1.42905896
avgpool_prior_2M8HB0.pt,112,100,100,3,2,1.2792605400000001
avgpool_prior_HHZQNX.pt,14,512,512,3,1,0.6157763399999999
avgpool_prior_TR6ARR.pt,112,497,497,3,1,5.2042317
avgpool_prior_NAAAKY.pt,28,1049,1049,3,2,0.9724779999999998
avgpool_prior_N6V9QR.pt,14,140,140,3,2,0.09834228000000002
avgpool_prior_6HI8G1.pt,28,236,236,3,2,0.28917788
avgpool_prior_88GE6A.pt,56,504,504,2,2,1.2136253400000003
avgpool_prior_64G8T4.pt,14,510,510,2,2,0.17064344
avgpool_prior_1CRQ39.pt,56,132,132,3,2,0.5351285399999999
avgpool_prior_N2TGBD.pt,14,255,255,3,2,0.12120593999999997
avgpool_prior_7RZYJH.pt,56,845,845,3,2,1.4015657200000005
avgpool_prior_LQUC8C.pt,14,60,60,3,2,0.09472143999999999
avgpool_prior_ECSO1X.pt,112,84,84,3,2,1.0648319200000003
avgpool_prior_I9HDBA.pt,28,34,34,3,2,0.10182258
avgpool_prior_2FGDE1.pt,14,58,58,3,2,0.08964782000000002
avgpool_prior_GJE3IM.pt,28,97,97,2,2,0.13628243999999998
avgpool_prior_NZZY6R.pt,224,232,232,3,1,11.026657619999996
avgpool_prior_6ESJFP.pt,28,101,101,2,2,0.14350864
avgpool_prior_EU0I54.pt,14,497,497,3,1,0.45128988
avgpool_prior_3Z71LD.pt,14,501,501,2,2,0.16182783999999997
avgpool_prior_LYL0GW.pt,28,57,57,2,2,0.11584922000000003
avgpool_prior_T53WA0.pt,112,497,497,3,2,1.6689323000000005
avgpool_prior_VPWX47.pt,28,63,63,3,2,0.18284024
avgpool_prior_MNNTXU.pt,112,236,236,3,2,1.3842372000000003
avgpool_prior_QTBAJL.pt,56,198,198,3,2,0.6746348200000001
avgpool_prior_V4FAVU.pt,14,535,535,2,2,0.16387490000000005
avgpool_prior_2XZPTD.pt,56,133,133,3,2,0.47407984
avgpool_prior_ILSX7H.pt,56,183,183,2,2,0.57790656
avgpool_prior_SC617D.pt,14,74,74,2,2,0.08687598000000002
avgpool_prior_23A1M9.pt,28,511,511,2,2,0.43005647999999996
avgpool_prior_STUAHB.pt,28,146,146,2,2,0.1727814799999999
avgpool_prior_CLRR62.pt,28,497,497,3,2,0.59529188
avgpool_prior_DCUTLU.pt,28,498,498,3,2,0.7252294200000001
avgpool_prior_RZY47Q.pt,14,71,71,3,2,0.09991740000000002
avgpool_prior_8UM0SX.pt,14,58,58,3,2,0.08403836
avgpool_prior_1FAVLV.pt,14,144,144,2,2,0.10617001999999999
avgpool_prior_6Y7XB5.pt,28,138,138,3,2,0.056021999999999995
avgpool_prior_ZTUURY.pt,14,74,74,3,1,0.15254291999999997
avgpool_prior_BUNGAZ.pt,14,251,251,2,2,0.12187454000000003
avgpool_prior_FXJR9T.pt,28,71,71,2,2,0.12075704000000002
avgpool_prior_YPN2SD.pt,112,58,58,2,2,0.8678569399999999
avgpool_prior_HO2KMO.pt,112,825,825,3,2,2.6663517599999995
avgpool_prior_CQ589V.pt,14,192,192,3,2,0.166877
avgpool_prior_SB2HW0.pt,112,248,248,3,2,1.4084530399999995
avgpool_prior_X3LBLH.pt,112,66,66,3,2,0.9115828799999999
avgpool_prior_7M3BWB.pt,14,516,516,3,2,0.1694796
avgpool_prior_SCPVYT.pt,28,504,504,2,2,0.5864725400000002
avgpool_prior_71OKX3.pt,28,60,60,2,2,0.11916179999999997
avgpool_prior_TNNJ33.pt,112,501,501,2,2,1.7834020400000008
avgpool_prior_U1Y6I3.pt,14,54,54,3,2,0.09330013999999999
avgpool_prior_CW5FUH.pt,14,89,89,2,2,0.11141577999999999
avgpool_prior_7HDPS6.pt,28,59,59,2,2,0.10609762000000002
avgpool_prior_YIJ8GB.pt,112,54,54,3,2,0.7741645600000004
avgpool_prior_28CCX5.pt,112,848,848,3,2,2.5750616399999995
avgpool_prior_HU5SC9.pt,112,73,73,2,2,0.9307805599999999
avgpool_prior_1VYLCD.pt,224,141,141,3,2,2.1510840000000004
avgpool_prior_HQT3TJ.pt,112,146,146,3,2,1.37032058
avgpool_prior_J9ZF77.pt,112,511,511,2,2,1.69951258
avgpool_prior_5X0DHP.pt,28,251,251,3,2,0.2847728199999999
avgpool_prior_NAX0UF.pt,224,462,462,3,2,5.112958840000001
avgpool_prior_B6NKO7.pt,28,66,66,3,2,0.13033250000000002
avgpool_prior_RLO7DZ.pt,28,490,490,2,2,0.65325134
avgpool_prior_BDCY08.pt,28,506,506,3,1,1.3227570999999998
avgpool_prior_ADL1R7.pt,14,513,513,2,2,0.19587700000000002
avgpool_prior_E6IHOA.pt,224,490,490,2,2,5.133030039999999
avgpool_prior_4OJ96W.pt,14,502,502,2,2,0.15930638000000003
avgpool_prior_PQT9E7.pt,112,58,58,3,2,0.7990347200000001
avgpool_prior_R2Z6TA.pt,28,184,184,3,2,0.23924965999999998
avgpool_prior_MU3S8X.pt,14,61,61,2,2,0.10813349999999998
avgpool_prior_341RMZ.pt,112,480,480,3,1,5.1009698000000006
avgpool_prior_E3O1KS.pt,112,37,37,2,2,0.46355496
avgpool_prior_N9USF1.pt,112,203,203,3,2,1.50170198
avgpool_prior_FC8HM4.pt,112,826,826,3,2,2.5148086
avgpool_prior_QOH77I.pt,28,240,240,3,2,0.25583822
avgpool_prior_UVJUBV.pt,14,235,235,3,1,0.26017258
avgpool_prior_J74YMB.pt,14,80,80,3,2,0.09012526
avgpool_prior_76WSO0.pt,14,539,539,3,1,0.5032270399999998
avgpool_prior_GQQ1LH.pt,112,39,39,3,2,0.5451094399999998
avgpool_prior_8KIUJ6.pt,112,494,494,2,2,1.9371355199999996
avgpool_prior_HCSHWZ.pt,28,1039,1039,3,2,0.9663752
avgpool_prior_CN06GT.pt,28,87,87,2,2,0.13391475999999997
avgpool_prior_UWK5M9.pt,28,249,249,2,2,0.24025856000000012
avgpool_prior_7GDIU7.pt,56,255,255,3,2,0.8352776999999999
avgpool_prior_2L6ACZ.pt,28,248,248,2,2,0.23856334
avgpool_prior_OTIKZD.pt,14,249,249,3,2,0.12142335999999995
avgpool_prior_6K3GNK.pt,28,200,200,3,2,0.22273816
avgpool_prior_RMKCLV.pt,14,492,492,2,1,0.15692774
avgpool_prior_ELB502.pt,14,501,501,3,2,0.2749986199999999
avgpool_prior_6GX05U.pt,14,51,51,3,2,0.08460526000000002
avgpool_prior_EOK1U5.pt,28,505,505,3,2,0.5486368200000001
avgpool_prior_TXLDDW.pt,14,510,510,2,2,0.16084304000000008
avgpool_prior_9DQC8V.pt,56,62,62,2,2,0.3009948199999999
avgpool_prior_D95DNE.pt,112,490,490,3,2,1.70996858
avgpool_prior_A1DN33.pt,56,370,370,2,1,1.5174355200000003
avgpool_prior_YQQU3C.pt,56,526,526,3,2,1.2695382199999998
avgpool_prior_TDLH56.pt,112,490,490,2,2,1.5933804400000002
avgpool_prior_RZ7XDT.pt,14,232,232,3,2,0.17019799999999993
avgpool_prior_LYBBFR.pt,112,68,68,2,2,0.5136523
avgpool_prior_DY9FJR.pt,14,362,362,3,2,0.14203039999999997
avgpool_prior_TV869U.pt,112,494,494,2,1,4.703108440000001
avgpool_prior_G8F7J0.pt,112,464,464,3,1,4.924727740000002
avgpool_prior_RDGEGK.pt,28,57,57,2,2,0.16712834
avgpool_prior_1A33Z0.pt,56,55,55,2,2,0.2967445
avgpool_prior_FNNNCG.pt,28,503,503,2,2,0.41394297999999985
avgpool_prior_VUEIIL.pt,14,24,24,2,1,0.09631506
avgpool_prior_U4SSPA.pt,56,231,231,3,1,1.3580227599999994
avgpool_prior_1W7366.pt,56,535,535,2,2,1.1633122000000002
avgpool_prior_FI163Y.pt,28,134,134,2,2,0.18240776000000003
avgpool_prior_NDG5SM.pt,112,53,53,2,2,0.6726545199999999
avgpool_prior_0HSUXI.pt,56,78,78,2,1,0.9151690000000002
avgpool_prior_VM0WE8.pt,14,53,53,3,2,0.085703
avgpool_prior_L7GHUI.pt,14,58,58,2,1,0.12053046
avgpool_prior_EP9NJK.pt,56,188,188,3,2,0.6601707400000001
avgpool_prior_5UBYNT.pt,224,250,250,3,2,2.8631245400000007
avgpool_prior_ZAD699.pt,14,483,483,2,1,0.7556626400000002
avgpool_prior_003WL6.pt,14,71,71,3,1,0.12137711999999999
avgpool_prior_RBXXFU.pt,112,237,237,3,2,1.5776624799999999
avgpool_prior_DHUT11.pt,28,244,244,3,2,0.2735651400000001
avgpool_prior_CWYFLQ.pt,56,367,367,3,2,1.1200412999999998
avgpool_prior_XTOA2R.pt,112,491,491,2,2,1.6570178600000003
avgpool_prior_UVIETU.pt,28,25,25,3,1,0.17840498
avgpool_prior_I0UPRX.pt,112,234,234,3,2,1.4772039200000002
avgpool_prior_S6OALS.pt,14,1052,1052,3,2,0.2790986
avgpool_prior_758NAS.pt,56,71,71,3,2,0.3637105800000001
avgpool_prior_14SQCS.pt,56,52,52,2,2,0.23102015999999995
avgpool_prior_O5G3AK.pt,14,497,497,3,2,0.18523879999999998
avgpool_prior_A740J8.pt,28,247,247,3,2,0.32477211999999994
avgpool_prior_AY9AWB.pt,112,204,204,3,2,1.4927826000000002
avgpool_prior_AL1NPS.pt,14,499,499,3,1,0.74106314
avgpool_prior_PZS9TS.pt,224,511,511,3,1,23.498803339999995
avgpool_prior_71Q7XU.pt,14,100,100,2,2,0.09265775999999998
avgpool_prior_HD12RZ.pt,112,60,60,3,2,0.79806098
avgpool_prior_J7GFH3.pt,112,507,507,3,2,1.9717663200000002
avgpool_prior_ZR9XD7.pt,14,502,502,2,2,0.15918358000000002
avgpool_prior_NLUOLL.pt,28,837,837,2,2,0.93558392
avgpool_prior_46RINQ.pt,224,82,82,2,2,1.3056640800000003
avgpool_prior_BF6P6S.pt,56,57,57,2,2,0.07291573999999999
avgpool_prior_RWBVCH.pt,112,1036,1036,2,2,2.7712795
avgpool_prior_ZBKZOD.pt,28,63,63,3,2,0.13299084000000003
avgpool_prior_E6IWH3.pt,112,488,488,2,1,4.70516054
avgpool_prior_RC7D3K.pt,14,501,501,2,1,0.48202342000000004
avgpool_prior_CNFDF6.pt,56,495,495,2,2,1.1071280800000003
avgpool_prior_UZHTN8.pt,112,57,57,2,2,0.7919887800000001
avgpool_prior_TA08R0.pt,112,1031,1031,2,2,2.6973969799999997
avgpool_prior_UCM9H2.pt,112,505,505,2,2,1.6114172399999998
avgpool_prior_KVMWAJ.pt,112,70,70,2,1,1.4883795600000003
avgpool_prior_I78UGG.pt,112,510,510,3,1,5.3751101199999995
avgpool_prior_XOJ3RI.pt,56,521,521,2,2,1.2440307800000001
avgpool_prior_74VG9N.pt,56,129,129,3,2,0.61201474
avgpool_prior_XUOC0D.pt,56,843,843,2,2,1.4680670000000007
avgpool_prior_EDJ5X2.pt,28,57,57,2,2,0.11311246000000004
avgpool_prior_ZA03OP.pt,56,28,28,3,2,0.16667959999999998
avgpool_prior_S4OQBU.pt,112,231,231,2,2,1.3359943800000005
avgpool_prior_4VW7EW.pt,112,51,51,3,2,1.04318024
avgpool_prior_H7MCWA.pt,112,508,508,2,2,1.6164186399999998
avgpool_prior_4IUN7G.pt,112,833,833,2,2,2.307627439999999
avgpool_prior_2YEE72.pt,14,510,510,3,2,0.20853552
avgpool_prior_Q9ILGC.pt,112,504,504,3,1,5.305877799999999
avgpool_prior_24RNTL.pt,28,252,252,2,2,0.24956746
avgpool_prior_MMGZ2Y.pt,56,500,500,3,2,1.1472214
avgpool_prior_F97ZOE.pt,112,57,57,3,2,0.8623164400000001
avgpool_prior_6IAGBB.pt,112,182,182,3,2,1.2244330999999997
avgpool_prior_ZTKK19.pt,112,84,84,3,2,1.1018542600000005
avgpool_prior_DRO9FL.pt,14,194,194,2,2,0.1091891
avgpool_prior_SGQR7M.pt,112,828,828,2,2,2.2659464
avgpool_prior_01F0VU.pt,14,499,499,2,2,0.15863951999999995
avgpool_prior_R1FHZT.pt,28,837,837,2,2,0.8207812000000001
avgpool_prior_1RNVT5.pt,14,67,67,2,2,0.08629766
avgpool_prior_NR2TKH.pt,56,73,73,2,2,0.2976300799999999
avgpool_prior_DMO100.pt,56,242,242,2,2,0.7222533000000001
avgpool_prior_68GUDW.pt,224,242,242,3,2,2.8836675200000004
avgpool_prior_8C4JSZ.pt,112,190,190,3,2,1.6033722800000003
avgpool_prior_RV0A3R.pt,56,483,483,2,2,1.1662582000000004
avgpool_prior_5MZJTF.pt,14,241,241,3,2,0.12174445999999998
avgpool_prior_7AIY8P.pt,56,510,510,2,2,1.1959471599999998
avgpool_prior_IA3F58.pt,56,63,63,2,2,0.2664002999999999
avgpool_prior_6M44Y1.pt,14,242,242,3,2,0.11594896
avgpool_prior_SVQW3M.pt,28,510,510,2,2,0.59599652
avgpool_prior_FL37Z0.pt,112,203,203,3,2,1.3313964799999995
avgpool_prior_4Z54A8.pt,112,253,253,2,2,1.3182724599999995
avgpool_prior_1ISX38.pt,14,101,101,2,2,0.09100224000000001
avgpool_prior_7IM65K.pt,112,87,87,2,2,0.9827996
avgpool_prior_YG855L.pt,112,236,236,3,2,1.4098126600000003
avgpool_prior_R009IC.pt,28,67,67,3,1,0.41546878
avgpool_prior_V13GE1.pt,56,141,141,3,1,1.3994134
avgpool_prior_56P8PS.pt,14,463,463,2,2,0.15231018
avgpool_prior_NP13BL.pt,14,380,380,3,1,0.13411265999999997
avgpool_prior_M6VB1G.pt,112,511,511,3,2,1.7785068600000005
avgpool_prior_EMJVVF.pt,112,138,138,3,2,1.2646286399999997
avgpool_prior_U85ZAQ.pt,56,500,500,2,2,1.2383569000000003
avgpool_prior_49WK8S.pt,28,188,188,3,1,0.70066022
avgpool_prior_RU962H.pt,28,496,496,3,2,0.44707255999999995
avgpool_prior_AEE00Q.pt,14,87,87,2,2,0.08820836000000001
avgpool_prior_ELHFT2.pt,28,58,58,3,2,0.15073674000000004
avgpool_prior_PDMIMZ.pt,112,514,514,3,2,1.69579186
avgpool_prior_1EIHQ2.pt,14,523,523,3,2,0.27791472
avgpool_prior_VEZ35N.pt,112,53,53,2,2,0.6424251399999997
avgpool_prior_YDT6LK.pt,112,28,28,3,2,0.40045966000000005
avgpool_prior_U405XQ.pt,14,55,55,3,2,0.08473130000000002
avgpool_prior_H40GV2.pt,56,507,507,2,2,1.19184288
avgpool_prior_NBVQVV.pt,224,491,491,2,2,5.07434678
avgpool_prior_UKPYSE.pt,56,492,492,2,2,1.17820344
avgpool_prior_7WIXA6.pt,56,242,242,2,1,1.3035983
avgpool_prior_OXWUZY.pt,112,505,505,2,2,1.5985785799999994
avgpool_prior_ZQNZ17.pt,112,500,500,2,2,1.6314799400000006
avgpool_prior_IM32AZ.pt,28,502,502,3,2,0.61998894
avgpool_prior_3CH8SM.pt,14,511,511,2,2,0.16033475999999994
avgpool_prior_ICIZDH.pt,56,52,52,3,2,0.2788155799999999
avgpool_prior_KF829H.pt,14,180,180,2,2,0.10504714000000001
avgpool_prior_WLX5B3.pt,112,48,48,2,2,0.6629863999999999
avgpool_prior_GY272L.pt,14,66,66,2,2,0.08209782
avgpool_prior_APN1BP.pt,14,499,499,3,2,0.2672452199999999
avgpool_prior_9DTQP9.pt,112,238,238,3,2,1.79914768
avgpool_prior_DUUHZY.pt,14,492,492,2,2,0.17369304
avgpool_prior_KP25WT.pt,28,824,824,2,2,0.6678992000000001
avgpool_prior_H8M58M.pt,112,51,51,2,2,0.6990892000000002
avgpool_prior_4ZEG9L.pt,224,150,150,2,2,1.7015351399999992
avgpool_prior_L7BQ0P.pt,224,482,482,2,2,4.9704616
avgpool_prior_3JH58H.pt,28,132,132,3,2,0.23407155999999996
avgpool_prior_MEA3I7.pt,112,495,495,3,2,1.6616613799999995
avgpool_prior_ZVCYR1.pt,112,195,195,2,2,1.2769751999999996
avgpool_prior_V3TGOV.pt,56,491,491,3,2,1.3629456000000002
avgpool_prior_Z3A85G.pt,224,136,136,3,2,1.710441780000001
avgpool_prior_8EB4D4.pt,28,144,144,2,2,0.17434973999999992
avgpool_prior_U12CKT.pt,112,24,24,3,2,0.35415832
avgpool_prior_YKXSOC.pt,112,828,828,2,2,2.2342171400000006
avgpool_prior_UAQNZD.pt,112,845,845,2,1,9.231738220000002
avgpool_prior_W7HMRK.pt,56,200,200,2,2,0.6227725800000001
avgpool_prior_BS0W5I.pt,56,490,490,3,2,1.3452054000000002
avgpool_prior_8T7JIX.pt,14,488,488,2,2,0.1570578
avgpool_prior_FKMMJ9.pt,224,244,244,2,1,10.604495399999998
avgpool_prior_4NM5OU.pt,14,73,73,2,2,0.09650835999999999
avgpool_prior_M6CYOL.pt,56,63,63,3,2,0.30442096
avgpool_prior_XWSNFM.pt,14,370,370,3,2,0.14205721999999998
avgpool_prior_X1BV2Y.pt,112,192,192,2,2,1.22653042
avgpool_prior_JEHCJ3.pt,14,145,145,3,2,0.10189836000000002
avgpool_prior_RX4LOH.pt,14,192,192,2,2,0.020166620000000003
avgpool_prior_2IRA58.pt,14,244,244,2,2,0.11407074
avgpool_prior_ZMZ9RW.pt,14,195,195,3,2,0.12037098
avgpool_prior_NSA93B.pt,14,499,499,2,2,0.18892899999999993
avgpool_prior_DZE8M5.pt,224,498,498,3,1,22.86282802
avgpool_prior_VOBJMS.pt,56,196,196,2,2,0.60151408
avgpool_prior_LMTQV7.pt,56,500,500,2,1,1.28846608
avgpool_prior_MD16EE.pt,28,475,475,2,2,0.4481028000000001
avgpool_prior_NIKQ0J.pt,56,250,250,3,1,1.5592443599999997
avgpool_prior_UPEQE4.pt,14,494,494,2,2,0.16180638000000003
avgpool_prior_Z0Y4VR.pt,56,507,507,3,2,1.2992039
avgpool_prior_6DYJ4R.pt,112,139,139,3,2,1.5333263800000003
avgpool_prior_CA3WVK.pt,14,194,194,3,2,0.15404664000000004
avgpool_prior_ZUKJYT.pt,56,834,834,2,2,1.2437705400000005
avgpool_prior_8GS7NJ.pt,14,184,184,3,2,0.12472422000000001
avgpool_prior_1SI8T7.pt,28,72,72,3,2,0.12642166000000002
avgpool_prior_9TL109.pt,56,501,501,3,2,1.1563189
avgpool_prior_Q5G91N.pt,14,474,474,3,2,0.17801005999999997
avgpool_prior_7W6IJD.pt,56,73,73,3,2,0.3855864600000001
avgpool_prior_X6EE7H.pt,112,73,73,2,1,1.4399868599999999
avgpool_prior_G51CO3.pt,14,200,200,3,2,0.13216740000000005
avgpool_prior_RPV69D.pt,112,503,503,2,2,1.85270242
avgpool_prior_DP302J.pt,14,509,509,3,2,0.17896773999999996
avgpool_prior_1PWY0B.pt,28,63,63,3,1,0.26526960000000005
avgpool_prior_KUV5EQ.pt,14,85,85,3,2,0.08875366
avgpool_prior_FPI2WV.pt,28,500,500,3,2,0.5042443800000003
avgpool_prior_7Y6JEZ.pt,28,495,495,3,2,0.44580566000000005
avgpool_prior_IBODC5.pt,14,65,65,3,2,0.08822825999999993
avgpool_prior_U592NZ.pt,14,182,182,3,1,0.3231336
avgpool_prior_QLKY5N.pt,112,76,76,2,2,0.8865517199999999
avgpool_prior_97M5HJ.pt,56,489,489,2,2,1.1791518000000003
avgpool_prior_XISOR6.pt,112,198,198,2,2,1.2833332400000002
avgpool_prior_TDOBVR.pt,14,495,495,2,2,0.22944574000000006
avgpool_prior_MRTP6J.pt,14,34,34,3,2,0.08203757999999998
avgpool_prior_QC5DLP.pt,56,246,246,2,1,1.2161652600000001
avgpool_prior_YI1126.pt,28,242,242,3,2,0.2582762599999999
avgpool_prior_15KG40.pt,112,494,494,2,2,1.7155919
avgpool_prior_BT17L9.pt,112,139,139,2,2,1.1377952800000002
avgpool_prior_5H3MSQ.pt,112,495,495,2,2,1.5940212000000002
avgpool_prior_MATMCT.pt,224,137,137,2,2,1.8777982199999994
avgpool_prior_9IYAE6.pt,112,130,130,3,2,1.34208752
avgpool_prior_G816ML.pt,224,70,70,3,2,1.2958711799999998
avgpool_prior_WSERCL.pt,112,62,62,2,2,0.74203078
avgpool_prior_CVI3UJ.pt,14,52,52,2,2,0.08340832000000001
avgpool_prior_SM543X.pt,28,64,64,3,2,0.13509545999999997
avgpool_prior_WTJIPB.pt,14,511,511,3,2,0.17040038
avgpool_prior_7NHMT2.pt,56,66,66,3,2,0.27007280000000006
avgpool_prior_NSG9CP.pt,14,510,510,2,2,0.15858918000000005
avgpool_prior_CRJ5ZK.pt,14,252,252,2,2,0.11574969999999998
avgpool_prior_PQW129.pt,56,511,511,2,2,1.1460768800000003
avgpool_prior_64LQ72.pt,14,530,530,3,2,0.05597143999999999
avgpool_prior_BPO4RC.pt,14,507,507,3,1,0.5233941599999999
avgpool_prior_YRIW8D.pt,56,68,68,3,2,0.32645534
avgpool_prior_UC4UFY.pt,224,140,140,3,1,5.7877997200000015
avgpool_prior_42R8GL.pt,14,825,825,2,2,0.21032784000000004
avgpool_prior_JD8UUC.pt,112,193,193,3,2,1.3842219
avgpool_prior_S5EIKS.pt,14,66,66,2,1,0.14261646
avgpool_prior_IIVGAE.pt,112,514,514,3,2,1.7665580200000006
avgpool_prior_WJ3R7L.pt,28,59,59,3,2,0.13216353999999997
avgpool_prior_J6GG12.pt,112,203,203,3,2,1.5212493599999997
avgpool_prior_WS6MIX.pt,28,185,185,3,1,0.8081179799999998
avgpool_prior_E2LHBH.pt,112,246,246,3,2,1.5529604399999999
avgpool_prior_DH4IAJ.pt,56,139,139,2,2,0.44693388
avgpool_prior_89RKDR.pt,28,506,506,3,2,0.5529074600000001
avgpool_prior_XMSIBQ.pt,56,480,480,2,2,1.2401532600000003
avgpool_prior_T30GS7.pt,14,67,67,2,2,0.0853596
avgpool_prior_LAIS11.pt,14,135,135,2,2,0.09609596000000002
avgpool_prior_1RTC3W.pt,56,494,494,3,1,1.63797508
avgpool_prior_MPS994.pt,28,61,61,3,2,0.11959382
avgpool_prior_8HLAQ3.pt,14,1040,1040,3,2,0.45206084
avgpool_prior_U30YHX.pt,14,511,511,2,2,0.16097782000000002
avgpool_prior_XJORLK.pt,56,53,53,2,1,0.84098518
avgpool_prior_DBB5SB.pt,28,370,370,2,1,1.23713748
avgpool_prior_J8Q4LU.pt,224,496,496,2,2,5.142281799999999
avgpool_prior_8RL5LM.pt,112,33,33,3,2,0.4762905799999999
avgpool_prior_2Y5YZN.pt,28,67,67,3,2,0.12851220000000002
avgpool_prior_IXIPK5.pt,14,60,60,2,2,0.08568183999999998
avgpool_prior_NC2TSN.pt,28,231,231,2,2,0.22710956
avgpool_prior_W1ECI0.pt,28,201,201,3,2,0.22714945999999994
avgpool_prior_7JBOXU.pt,112,503,503,2,2,1.7699326400000004
avgpool_prior_XDB146.pt,112,42,42,2,2,0.6661050800000001
avgpool_prior_QF3PRX.pt,14,236,236,2,2,0.12634798000000003
avgpool_prior_MWNJQH.pt,56,84,84,2,2,0.39578417999999976
avgpool_prior_MDQFF7.pt,14,132,132,2,1,0.17355302000000003
avgpool_prior_X0SXZR.pt,14,367,367,2,1,0.34593594000000005
avgpool_prior_H4GD0I.pt,14,240,240,2,2,0.11016057999999998
avgpool_prior_8KBZJT.pt,28,30,30,3,2,0.10542655999999999
avgpool_prior_KXYF7W.pt,14,830,830,2,2,0.22386476000000002
avgpool_prior_KK9RDX.pt,56,195,195,3,2,0.8089125200000001
avgpool_prior_SVW9U0.pt,224,60,60,3,2,1.4285609200000007
avgpool_prior_7QT2XT.pt,112,237,237,3,2,1.4683864999999994
avgpool_prior_3EIA09.pt,56,53,53,2,1,0.7862722600000002
avgpool_prior_35K7FF.pt,28,493,493,2,1,1.1019736999999998
avgpool_prior_RZ6V2R.pt,14,45,45,3,2,0.09343807999999999
avgpool_prior_5ZG5SX.pt,28,235,235,3,2,0.3733610200000001
avgpool_prior_9XVD64.pt,112,511,511,3,2,1.6173094200000002
avgpool_prior_NP7R1W.pt,112,511,511,3,2,1.6642234200000001
avgpool_prior_UVIAYJ.pt,14,187,187,3,1,0.21565618000000003
avgpool_prior_MNYUKS.pt,112,488,488,2,2,1.64768992
avgpool_prior_AJOPW1.pt,56,502,502,3,2,1.2745271999999999
avgpool_prior_KI022S.pt,112,64,64,3,2,0.27072702000000004
avgpool_prior_MFCA6Y.pt,112,485,485,2,2,1.9668742600000002
avgpool_prior_517678.pt,14,27,27,3,2,0.07573354000000002
avgpool_prior_GY9E8C.pt,28,476,476,3,2,0.43133866
avgpool_prior_FJ2CXK.pt,14,51,51,3,1,0.11236692
avgpool_prior_5DFGWM.pt,56,75,75,2,1,1.0683918
avgpool_prior_219PDH.pt,112,80,80,2,2,0.9762095999999998
avgpool_prior_W3WTNU.pt,14,60,60,2,2,0.08826198
avgpool_prior_GT113W.pt,14,203,203,2,2,0.11387805999999998
avgpool_prior_W5HJC3.pt,28,197,197,2,2,0.21827589999999997
avgpool_prior_PPJN0U.pt,28,189,189,3,2,0.22504018000000006
avgpool_prior_73AY9Z.pt,28,92,92,2,2,0.13960850000000005
avgpool_prior_WFUO0X.pt,14,180,180,2,2,0.10300398000000001
avgpool_prior_Z8IF3C.pt,56,55,55,2,2,0.21871088000000014
avgpool_prior_8B88XT.pt,112,63,63,3,2,0.8887666200000001
avgpool_prior_QE0QV5.pt,56,67,67,3,2,0.27306042
avgpool_prior_8KOLEP.pt,112,71,71,2,2,1.05158878
avgpool_prior_XK8G4H.pt,14,134,134,3,1,0.24996844
avgpool_prior_V5GHXW.pt,28,127,127,3,2,0.18806545999999996
avgpool_prior_T88LQ0.pt,56,145,145,3,1,1.3447103399999998
avgpool_prior_V6FCIC.pt,14,501,501,2,2,0.19119659999999994
avgpool_prior_JJFMMJ.pt,28,70,70,3,2,0.13416894000000001
avgpool_prior_QXWE02.pt,28,491,491,3,2,0.5188009400000001
avgpool_prior_XU83WF.pt,112,50,50,2,2,0.6109988800000001
avgpool_prior_P9DGYF.pt,56,252,252,3,1,1.5849785399999996
avgpool_prior_NQ2RWC.pt,14,98,98,2,2,0.08926801999999996
avgpool_prior_ESCEQN.pt,56,508,508,3,2,1.0743021199999996
avgpool_prior_QA9BLV.pt,56,69,69,2,2,0.25709424000000003
avgpool_prior_O19Q1W.pt,14,511,511,2,2,0.16521576000000004
avgpool_prior_5DBX6H.pt,112,528,528,2,2,1.9213854199999993
avgpool_prior_VP5Y7I.pt,28,845,845,3,2,0.7501829600000001
avgpool_prior_NCFP2N.pt,112,497,497,3,2,1.6389539199999996
avgpool_prior_YPCLQL.pt,28,148,148,2,2,0.26065947999999994
avgpool_prior_016BAZ.pt,112,498,498,3,2,1.7861522600000002
avgpool_prior_6RCLZ6.pt,112,57,57,3,2,0.9485153199999999
avgpool_prior_NZQ99P.pt,112,37,37,3,1,1.3537971000000004
avgpool_prior_VSQI9K.pt,56,63,63,3,2,0.26894278000000005
avgpool_prior_OPRAB2.pt,56,60,60,3,2,0.28490908000000004
avgpool_prior_A77B2Y.pt,112,70,70,2,2,0.8000560399999999
avgpool_prior_2DIAVS.pt,28,533,533,2,2,0.43658130000000006
avgpool_prior_ALS0N5.pt,112,510,510,2,2,1.58869788
avgpool_prior_JPLY89.pt,28,65,65,3,2,0.14268549999999997
avgpool_prior_V3ADT6.pt,14,152,152,3,2,0.10574507999999999
avgpool_prior_2K0E6X.pt,14,492,492,2,1,0.5180784799999999
avgpool_prior_93BN8Z.pt,224,498,498,2,1,21.304996420000002
avgpool_prior_4NHAPB.pt,112,511,511,2,2,1.6270697000000005
avgpool_prior_LLOC9I.pt,14,231,231,3,2,0.11960235999999998
avgpool_prior_NX56EM.pt,112,500,500,3,2,1.6337315200000009
avgpool_prior_DO8SWH.pt,112,504,504,2,2,1.60943586
avgpool_prior_GFRI2A.pt,14,73,73,3,2,0.09732885999999998
avgpool_prior_UUCBNS.pt,28,505,505,2,2,0.14226613999999999
avgpool_prior_G4GXET.pt,28,827,827,2,2,0.6482529800000002
avgpool_prior_GAB8S2.pt,14,497,497,2,2,0.15929588
avgpool_prior_UOTVXQ.pt,112,193,193,3,2,1.3454166
avgpool_prior_TUODTF.pt,112,233,233,3,2,1.53614976
avgpool_prior_2SJ3LY.pt,112,60,60,2,2,0.72091016
avgpool_prior_5DYDZN.pt,14,508,508,3,2,0.19223971999999998
avgpool_prior_NRX546.pt,56,510,510,3,2,1.45114732
avgpool_prior_VLT95Y.pt,56,151,151,2,1,1.0312888
avgpool_prior_8I3QLX.pt,14,255,255,3,1,0.40373728
avgpool_prior_MGWH7V.pt,14,89,89,3,2,0.12865474
avgpool_prior_J3QIKB.pt,56,494,494,2,2,1.1871078800000001
avgpool_prior_JCCPT6.pt,14,37,37,3,2,0.09609732000000001
avgpool_prior_WY9UC4.pt,14,68,68,2,2,0.08634711999999999
avgpool_prior_KG5ESK.pt,14,149,149,2,2,0.09973146000000002
avgpool_prior_UP1748.pt,112,476,476,2,2,1.7442661599999996
avgpool_prior_05NV10.pt,112,511,511,2,1,4.82878762
avgpool_prior_XEVTWV.pt,28,242,242,3,1,0.8695978200000002
avgpool_prior_XLCPM2.pt,28,252,252,2,2,0.37878642
avgpool_prior_UXVECK.pt,112,148,148,2,2,1.2803860599999999
avgpool_prior_FHLFI6.pt,112,505,505,3,2,1.8367311999999996
avgpool_prior_C7RJ5T.pt,112,128,128,3,2,1.3377647000000004
avgpool_prior_KGNWBR.pt,28,847,847,2,2,0.8194573800000003
avgpool_prior_4OJETL.pt,14,196,196,2,2,0.09912646
avgpool_prior_S53JPC.pt,28,185,185,2,2,0.21299648000000002
avgpool_prior_RQH0RT.pt,56,193,193,3,2,0.6859724799999999
avgpool_prior_8NGZZ8.pt,14,235,235,3,1,0.38165430000000006
avgpool_prior_Q6G641.pt,28,505,505,3,2,0.65537756
avgpool_prior_8T6OQI.pt,112,827,827,2,2,2.2643731000000002
avgpool_prior_53I67P.pt,28,137,137,2,2,0.17126572000000004
avgpool_prior_CO96C4.pt,56,495,495,2,2,1.20379768
avgpool_prior_OPCNI5.pt,14,825,825,3,2,0.25457191999999995
avgpool_prior_AAIGX3.pt,224,33,33,3,2,1.40040508
avgpool_prior_JMG096.pt,224,848,848,3,2,11.023284740000003
avgpool_prior_U9891Z.pt,14,63,63,2,2,0.12211679999999997
avgpool_prior_HUWRTM.pt,28,497,497,2,2,0.4170171400000002
avgpool_prior_JUD715.pt,112,1052,1052,3,2,3.1675177599999995
avgpool_prior_NO4LWH.pt,28,62,62,3,2,0.12128847999999998
avgpool_prior_I3562V.pt,56,54,54,2,2,0.29852414000000005
avgpool_prior_0KWYAE.pt,14,495,495,3,2,0.22146976000000002
avgpool_prior_OKK5QC.pt,28,493,493,3,2,0.6209124600000001
avgpool_prior_8SIJB4.pt,224,255,255,2,2,2.7902133999999994
avgpool_prior_F9FF0S.pt,28,64,64,2,2,0.11691901999999998
avgpool_prior_QC29OG.pt,56,52,52,2,2,0.20980632
avgpool_prior_W4MBJ6.pt,224,507,507,2,2,5.403228799999999
avgpool_prior_HKXS5M.pt,14,74,74,2,2,0.08762940000000002
avgpool_prior_EMT70S.pt,224,69,69,2,2,1.3168285000000004
avgpool_prior_7L1BSI.pt,28,148,148,3,2,0.21274288000000005
avgpool_prior_C6JAN8.pt,14,494,494,2,2,0.15614645999999996
avgpool_prior_GDXWJU.pt,112,195,195,2,2,1.5292675000000002
avgpool_prior_5M0F92.pt,28,375,375,3,1,0.37269499999999994
avgpool_prior_R3VE16.pt,112,132,132,2,2,1.35983746
avgpool_prior_GBC4AC.pt,14,186,186,3,2,0.12110716000000002
avgpool_prior_BVCCZK.pt,28,241,241,3,2,0.3035157
avgpool_prior_UGVIM7.pt,28,848,848,2,2,0.6667925800000001
avgpool_prior_R2NRW4.pt,112,144,144,2,2,1.0824206200000002
avgpool_prior_AC9AI5.pt,112,250,250,3,2,1.6163234000000002
avgpool_prior_1MWGH7.pt,224,62,62,3,2,1.3721226399999997
avgpool_prior_K5CURH.pt,14,144,144,2,2,0.11088222000000003
avgpool_prior_2XYQ5H.pt,14,31,31,3,2,0.08690700000000003
avgpool_prior_6M6GV2.pt,56,69,69,3,2,0.3221520799999999
avgpool_prior_BGICOC.pt,112,70,70,3,2,0.8663970000000001
avgpool_prior_RKKQ4F.pt,14,194,194,2,2,0.15146733999999998
avgpool_prior_OZPLT1.pt,112,62,62,2,1,1.3184513000000002
avgpool_prior_5TRDK7.pt,56,503,503,3,1,1.7893437200000002
avgpool_prior_194JN7.pt,14,1040,1040,2,2,0.29362232
avgpool_prior_FIGKJO.pt,112,496,496,3,1,5.1726037400000004
avgpool_prior_JO6E78.pt,14,140,140,2,2,0.09724984
avgpool_prior_TZ4QSX.pt,14,494,494,3,2,0.1657289
avgpool_prior_DZGVKZ.pt,112,231,231,2,2,1.29046406
avgpool_prior_6HOL8J.pt,56,73,73,3,2,0.33387584
avgpool_prior_6FHS9F.pt,56,137,137,2,2,0.5037106999999997
avgpool_prior_GRRGZK.pt,112,1042,1042,3,2,2.907502600000001
avgpool_prior_4T1DV1.pt,56,496,496,2,2,1.3089273999999997
avgpool_prior_M8ON0Q.pt,14,509,509,3,2,0.16785961999999993
avgpool_prior_8W78PH.pt,112,47,47,3,2,0.9808822399999998
avgpool_prior_S5QML1.pt,56,136,136,2,2,0.5353037599999998
avgpool_prior_1TX4H5.pt,56,189,189,3,2,0.65124224
avgpool_prior_K3C817.pt,112,65,65,3,2,0.8406994600000001
avgpool_prior_146X6C.pt,112,58,58,3,2,0.7791552000000003
avgpool_prior_63M8GK.pt,28,55,55,3,2,0.11642590000000005
avgpool_prior_JE0HY8.pt,112,51,51,2,2,0.78067154
avgpool_prior_CFU5PL.pt,224,57,57,2,1,2.16768414
avgpool_prior_UMTKRN.pt,224,475,475,2,1,20.275886159999995
avgpool_prior_0QOM43.pt,14,503,503,3,1,0.7332181200000001
avgpool_prior_1EMVQH.pt,14,504,504,2,2,0.20779108000000002
avgpool_prior_YWR0WH.pt,14,193,193,3,2,0.11377533999999999
avgpool_prior_V7O0OU.pt,56,202,202,2,2,0.7384722999999999
avgpool_prior_FUXZQ8.pt,112,253,253,2,2,1.4528472399999997
avgpool_prior_A2P5JO.pt,28,501,501,2,2,0.40881856
avgpool_prior_YF736P.pt,224,67,67,2,2,1.4009404200000004
avgpool_prior_DKXVHX.pt,28,197,197,2,2,0.22617676000000003
avgpool_prior_K511W7.pt,14,506,506,3,2,0.19244073999999997
avgpool_prior_725XWB.pt,28,66,66,3,2,0.13696562
avgpool_prior_3KTJF1.pt,112,195,195,2,2,1.2827639399999997
avgpool_prior_PV11MH.pt,56,489,489,2,2,1.1200474800000002
avgpool_prior_76VTXT.pt,56,55,55,3,2,0.31321286
avgpool_prior_O0HVAE.pt,224,493,493,3,2,5.488956859999999
avgpool_prior_35DE2A.pt,28,187,187,2,2,0.20655517999999995
avgpool_prior_B02ELY.pt,14,53,53,3,2,0.0847379
avgpool_prior_MSNYWX.pt,28,64,64,3,1,0.09110863999999996
avgpool_prior_Q41KI2.pt,112,57,57,2,2,0.88903502
avgpool_prior_LDY3J3.pt,224,498,498,2,2,5.117486100000001
avgpool_prior_4LF7IG.pt,14,182,182,2,2,0.10379704000000001
avgpool_prior_LA5P4P.pt,56,63,63,2,2,0.2628387
avgpool_prior_616C6E.pt,28,501,501,2,2,0.4489852600000001
avgpool_prior_B2TRKG.pt,14,513,513,2,2,0.15894660000000002
avgpool_prior_YZNCHF.pt,56,512,512,3,2,1.2545380000000002
avgpool_prior_3EGRK9.pt,14,238,238,2,2,0.11306795999999997
avgpool_prior_ZKGRZM.pt,14,374,374,3,2,0.1417688
avgpool_prior_EZ4G9H.pt,14,181,181,2,2,0.10261098
avgpool_prior_04SIGM.pt,14,830,830,2,2,0.20813947999999996
avgpool_prior_IW0U9J.pt,224,75,75,2,2,1.3441026999999999
avgpool_prior_EVTQY8.pt,224,140,140,3,2,1.85969804
avgpool_prior_ZNSE83.pt,28,65,65,3,2,0.12336287999999994
avgpool_prior_FL4NX2.pt,56,139,139,3,2,0.49571964000000013
avgpool_prior_YUJ7WI.pt,56,202,202,2,2,0.7348261800000002
avgpool_prior_9JAU3D.pt,28,60,60,2,2,0.11510495999999998
avgpool_prior_T393LX.pt,112,499,499,2,2,1.6808376999999999
avgpool_prior_ZBONEI.pt,112,52,52,2,2,0.7921830600000003
avgpool_prior_C0706V.pt,112,140,140,2,2,1.1742922599999999
avgpool_prior_KJEGSG.pt,14,64,64,2,2,0.08582408000000001
avgpool_prior_OCLNGP.pt,112,513,513,3,2,1.7523931799999994
avgpool_prior_SLZVLC.pt,56,63,63,2,2,0.26480898
avgpool_prior_FPB9GP.pt,112,250,250,3,2,1.3724633999999996
avgpool_prior_8H95II.pt,14,493,493,3,2,0.18860485999999999
avgpool_prior_4V8ABD.pt,14,50,50,2,2,0.08305646
avgpool_prior_3R2YID.pt,28,232,232,2,2,0.31726597999999995
avgpool_prior_D2PZDS.pt,112,836,836,3,1,10.138224320000003
avgpool_prior_ZTUJP5.pt,28,71,71,2,2,0.12731734
avgpool_prior_0H651T.pt,28,491,491,2,2,0.5068256400000001
avgpool_prior_UUJYO4.pt,224,831,831,2,1,34.48918828
avgpool_prior_X9AF2U.pt,14,139,139,2,2,0.10209848000000003
avgpool_prior_QW6YMM.pt,28,239,239,2,2,0.24129180000000006
avgpool_prior_Y1GGOG.pt,224,85,85,3,2,1.7087325999999996
avgpool_prior_GT5MJ1.pt,112,512,512,2,2,1.7680919800000001
avgpool_prior_S31FNU.pt,28,235,235,3,2,0.35279446
avgpool_prior_64A382.pt,112,468,468,3,2,1.5988473199999993
avgpool_prior_Y5D0M2.pt,112,507,507,2,2,1.7152821399999993
avgpool_prior_0U4VFP.pt,112,234,234,2,2,1.3318164400000003
avgpool_prior_IRB5D4.pt,14,465,465,2,2,0.16850412000000003
avgpool_prior_FPYCGR.pt,56,484,484,3,1,1.7047768799999994
avgpool_prior_BBCSBN.pt,112,490,490,3,2,1.8116194599999997
avgpool_prior_FGCWWI.pt,56,491,491,2,2,1.1182582999999997
avgpool_prior_ORAU1L.pt,56,835,835,2,2,1.30531126
avgpool_prior_T3OBQ5.pt,56,847,847,2,2,1.3403841000000003
avgpool_prior_00CLYH.pt,112,72,72,2,1,1.461881619999999
avgpool_prior_9VDWUV.pt,112,255,255,2,2,1.231885
avgpool_prior_RWNYCG.pt,14,64,64,3,2,0.08561293999999998
avgpool_prior_ASSDK1.pt,28,62,62,3,2,0.12832854000000002
avgpool_prior_TXFRXG.pt,56,31,31,2,2,0.04571018
avgpool_prior_KVT6KA.pt,28,494,494,3,1,1.4162686199999999
avgpool_prior_TVGATE.pt,56,57,57,3,1,0.7490412200000001
avgpool_prior_IOX2W2.pt,112,836,836,2,1,9.05142672
avgpool_prior_J1C9V8.pt,112,74,74,3,2,1.11848
avgpool_prior_SBVQWU.pt,14,252,252,2,2,0.11690623999999998
avgpool_prior_AP3ISP.pt,14,509,509,3,2,0.23866621999999998
avgpool_prior_JHOAT6.pt,14,134,134,3,2,0.09799441999999998
avgpool_prior_1J3I7F.pt,14,145,145,3,2,0.09380718
avgpool_prior_D2QZZK.pt,112,498,498,2,2,1.4570744999999996
avgpool_prior_2L9JWX.pt,112,185,185,3,2,1.3354469999999998
avgpool_prior_9NZD2H.pt,112,231,231,3,2,1.6872003399999997
avgpool_prior_I8HLDO.pt,14,63,63,2,2,0.08736522000000002
avgpool_prior_XR9137.pt,224,25,25,3,2,1.2321132400000003
avgpool_prior_CMEP1N.pt,14,503,503,3,2,0.24651535999999996
avgpool_prior_45OVCU.pt,112,67,67,2,2,0.78153228
avgpool_prior_NJNMQA.pt,112,244,244,2,2,1.2426162999999995
avgpool_prior_KQ0YP5.pt,14,200,200,2,1,0.24419807999999998
avgpool_prior_8CIQ8M.pt,28,233,233,3,1,1.0378397000000004
avgpool_prior_OD212H.pt,14,837,837,2,2,0.2203345
avgpool_prior_WQMR3U.pt,112,64,64,3,2,1.0293898400000001
avgpool_prior_0HG766.pt,56,251,251,2,2,0.9336409399999998
avgpool_prior_J7FVWI.pt,14,233,233,3,2,0.1239531
avgpool_prior_XEU1EL.pt,14,148,148,2,2,0.09912452000000002
avgpool_prior_YU1G8H.pt,14,132,132,3,2,0.10224582
avgpool_prior_XY4XAR.pt,112,503,503,3,1,5.31333692
avgpool_prior_B028CL.pt,14,58,58,2,2,0.09012238
avgpool_prior_KWJ6CL.pt,28,139,139,2,2,0.14159958000000003
avgpool_prior_V1B4FS.pt,112,1031,1031,2,2,2.7140965800000005
avgpool_prior_4KVNG9.pt,14,841,841,3,2,0.25444826
avgpool_prior_YU7JV3.pt,112,1048,1048,3,2,3.1083755599999994
avgpool_prior_YEKZ6B.pt,56,73,73,2,1,0.9388110600000005
avgpool_prior_NVQT37.pt,112,34,34,3,2,0.6815242800000003
avgpool_prior_SHZB1Q.pt,28,72,72,3,1,0.28427946
avgpool_prior_XSYGBE.pt,14,132,132,3,2,0.08659258000000003
avgpool_prior_0DGU8Z.pt,14,138,138,3,2,0.10109524000000002
avgpool_prior_769CVT.pt,14,190,190,3,2,0.1105241
avgpool_prior_ZO33DZ.pt,56,28,28,2,2,0.15013552
avgpool_prior_YWDIWA.pt,14,235,235,3,1,0.25212654
avgpool_prior_EF8YTY.pt,112,69,69,3,2,0.8520973400000001
avgpool_prior_4IIB77.pt,14,506,506,3,2,0.16947370000000003
avgpool_prior_8JBAZN.pt,112,147,147,3,1,1.65972276
avgpool_prior_XH0B2P.pt,56,53,53,2,2,0.32142202
avgpool_prior_03C1RR.pt,14,848,848,3,2,0.3752449599999999
avgpool_prior_ZK4435.pt,56,52,52,3,2,0.22715341999999997
avgpool_prior_8LLTUF.pt,112,489,489,3,1,5.17403494
avgpool_prior_I50K07.pt,56,508,508,2,2,1.1258022000000003
avgpool_prior_ZGLBQR.pt,112,143,143,3,2,1.48289388
avgpool_prior_C39BYK.pt,112,374,374,3,2,1.5698950000000005
avgpool_prior_26JIGZ.pt,112,255,255,2,2,1.27311872
avgpool_prior_RBFYFB.pt,112,52,52,2,2,0.20418954
avgpool_prior_LF2V48.pt,14,490,490,2,2,0.15214972
avgpool_prior_55X3A7.pt,112,253,253,2,2,1.3038277400000005
avgpool_prior_ZAL6DU.pt,28,504,504,2,2,0.49706870000000025
avgpool_prior_P4CBS6.pt,112,536,536,3,2,1.7307369000000004
avgpool_prior_J6RX43.pt,112,52,52,3,1,1.6703662999999995
avgpool_prior_MMP8R2.pt,28,493,493,3,2,0.68586196
avgpool_prior_5KTYA4.pt,112,134,134,3,2,1.1951721199999998
avgpool_prior_AMBX9F.pt,28,95,95,2,2,0.14179758
avgpool_prior_RFAEXJ.pt,112,70,70,2,2,0.8015092200000001
avgpool_prior_X4FCWF.pt,28,82,82,3,2,0.13915298
avgpool_prior_1GRSHO.pt,224,201,201,3,2,2.3656262
avgpool_prior_QX1YTC.pt,112,508,508,3,2,2.3333608200000002
avgpool_prior_DUXWAU.pt,28,133,133,2,2,0.18750954000000003
avgpool_prior_8YXFPP.pt,112,237,237,3,2,1.5272511999999994
avgpool_prior_G3DD4F.pt,14,98,98,2,2,0.10021047999999996
avgpool_prior_1BX633.pt,112,188,188,3,2,1.3853176599999997
avgpool_prior_I6OGLK.pt,28,842,842,2,2,0.6582832599999997
avgpool_prior_HUJOCW.pt,112,193,193,2,2,1.1907659800000001
avgpool_prior_YP3HGH.pt,14,509,509,2,2,0.22834666000000006
avgpool_prior_U6P294.pt,28,71,71,2,2,0.12178982
avgpool_prior_F5W9D6.pt,28,239,239,2,2,0.36684473999999995
avgpool_prior_OGZENO.pt,14,248,248,2,2,0.11641192
avgpool_prior_99O6UH.pt,28,58,58,2,2,0.11349036
avgpool_prior_4391BU.pt,14,243,243,3,2,0.12440392000000002
avgpool_prior_8RWNWC.pt,28,233,233,2,1,0.7400985
avgpool_prior_XBVWIO.pt,56,149,149,3,2,0.5144835200000001
avgpool_prior_EB5M09.pt,224,246,246,2,2,2.58526334
avgpool_prior_0CYU2D.pt,14,493,493,3,1,0.7324141200000003
avgpool_prior_RC31GF.pt,56,838,838,3,2,1.6187467199999999
avgpool_prior_M7PYUW.pt,14,511,511,2,1,0.47928872
avgpool_prior_QCXKU6.pt,14,832,832,3,2,0.25066813999999993
avgpool_prior_BF1QQ2.pt,14,511,511,3,2,0.18195032
avgpool_prior_7GRRX5.pt,112,506,506,2,2,1.7042568000000002
avgpool_prior_FUTNK4.pt,14,142,142,3,2,0.11109388000000003
avgpool_prior_H8U5V7.pt,112,246,246,2,2,1.66841296
avgpool_prior_AGR9F4.pt,112,101,101,2,2,1.0986658600000003
avgpool_prior_BJBR0B.pt,14,44,44,3,2,0.08065404000000001
avgpool_prior_ZMFGFN.pt,224,52,52,3,2,1.3382383999999998
avgpool_prior_ZJ2GPE.pt,224,185,185,2,1,8.051961
avgpool_prior_5XN5L2.pt,14,63,63,2,2,0.10277729999999996
avgpool_prior_XU388S.pt,56,513,513,2,2,1.1924518599999998
avgpool_prior_5ANUQ6.pt,112,838,838,2,2,2.35699904
avgpool_prior_TV55A0.pt,28,506,506,2,2,0.45702528000000003
avgpool_prior_RIJQGJ.pt,112,29,29,2,1,1.0954608799999999
avgpool_prior_W8IFJ0.pt,112,498,498,2,2,1.6636902
avgpool_prior_M11EZT.pt,56,502,502,2,1,1.66004768
avgpool_prior_W5J7K6.pt,56,65,65,3,2,0.30277372
avgpool_prior_36MLAT.pt,224,58,58,2,2,1.4581364599999995
avgpool_prior_I1V89T.pt,56,31,31,2,2,0.16522080000000006
avgpool_prior_1MUSA9.pt,14,840,840,3,2,0.07259818000000001
avgpool_prior_JLKFEW.pt,112,60,60,3,1,1.4803418400000001
avgpool_prior_WJETDO.pt,14,383,383,3,2,0.1532856
avgpool_prior_YYCLAP.pt,56,505,505,3,2,1.5225979400000003
avgpool_prior_K3VBS9.pt,56,830,830,3,2,1.36642102
avgpool_prior_KTI22Q.pt,28,69,69,2,2,0.12108363999999998
avgpool_prior_V24W1Y.pt,14,494,494,2,1,0.6691783400000001
avgpool_prior_JHYOII.pt,14,68,68,3,2,0.08816898000000004
avgpool_prior_7EDDRP.pt,14,51,51,2,2,0.08673462000000003
avgpool_prior_Q4JOU0.pt,112,493,493,2,2,1.43756546
avgpool_prior_XMPVW2.pt,224,54,54,3,2,0.55501148
avgpool_prior_FP29ZA.pt,224,497,497,2,1,21.15824834
avgpool_prior_4YRYC2.pt,112,55,55,3,2,0.73895158
avgpool_prior_ZFBGXG.pt,112,96,96,2,2,1.0259527000000002
avgpool_prior_8TJCL7.pt,56,44,44,2,2,0.1990178
avgpool_prior_NOSH3W.pt,14,128,128,3,1,0.22390223999999997
avgpool_prior_RN4EAT.pt,14,81,81,3,2,0.08686384
avgpool_prior_OM6D6L.pt,112,477,477,3,2,1.8265743999999995
avgpool_prior_NVWMYD.pt,14,240,240,2,1,0.2609550199999999
avgpool_prior_65B3CB.pt,112,49,49,3,2,0.5813048799999999
avgpool_prior_K5WRKC.pt,28,464,464,3,2,0.4636690000000001
avgpool_prior_XUD8PA.pt,56,52,52,2,2,0.24736529999999998
avgpool_prior_IZX2GV.pt,112,506,506,3,2,1.64949256
avgpool_prior_14D0AC.pt,112,523,523,2,2,1.8986170999999998
avgpool_prior_TC9WOA.pt,56,52,52,2,2,0.25891362000000007
avgpool_prior_CTUN5M.pt,224,249,249,2,1,10.828962279999999
avgpool_prior_JD1ADM.pt,14,501,501,2,2,0.24141700000000005
avgpool_prior_O800WI.pt,112,230,230,3,2,1.6103562199999997
avgpool_prior_NU2HM9.pt,14,194,194,3,2,0.12901698
avgpool_prior_FLX3ZF.pt,14,27,27,3,2,0.07947111999999998
avgpool_prior_SCO971.pt,56,849,849,2,2,1.2707693200000005
avgpool_prior_R6CZJS.pt,112,80,80,2,2,0.99897582
avgpool_prior_LUAKPI.pt,14,235,235,3,2,0.11372946000000002
avgpool_prior_8AGEH6.pt,112,513,513,2,2,1.6310360600000007
avgpool_prior_4EEOVP.pt,112,182,182,3,2,1.3785657800000004
avgpool_prior_MDI3L6.pt,14,362,362,3,2,0.14148266000000004
avgpool_prior_OD3T20.pt,28,509,509,2,2,0.4135479
avgpool_prior_ODNABT.pt,112,51,51,3,2,0.6988399600000001
avgpool_prior_HTL9Z6.pt,28,847,847,3,2,1.0066789400000002
avgpool_prior_495QUY.pt,28,56,56,2,1,0.28524738000000005
avgpool_prior_XWEEWR.pt,112,71,71,2,2,1.0072998200000003
avgpool_prior_Y37NBF.pt,14,85,85,2,2,0.08901473999999997
avgpool_prior_3MTYBN.pt,28,49,49,3,1,0.3434814999999999
avgpool_prior_RK89AA.pt,56,504,504,2,2,1.21923584
avgpool_prior_9M1DJR.pt,56,72,72,2,1,0.9176465400000002
avgpool_prior_VJJXV5.pt,14,510,510,3,2,0.23157022000000002
avgpool_prior_O3LMOA.pt,56,179,179,3,2,0.6677668600000001
avgpool_prior_K1LA98.pt,14,62,62,2,2,0.08686347999999999
avgpool_prior_MFUTAU.pt,14,369,369,2,2,0.14542447999999994
avgpool_prior_I0VY3R.pt,112,56,56,2,2,0.66590034
avgpool_prior_P339SI.pt,112,1053,1053,2,2,3.17737504
avgpool_prior_774W6Z.pt,112,479,479,2,1,4.56705328
avgpool_prior_KW9F4F.pt,56,237,237,2,1,1.1151141199999999
avgpool_prior_OXJ2SD.pt,14,504,504,2,2,0.22346177999999997
avgpool_prior_GWF7JV.pt,112,496,496,2,2,1.7610883000000004
avgpool_prior_144AYK.pt,28,503,503,2,2,0.5106169
avgpool_prior_H9ZYXM.pt,112,56,56,2,2,0.9033930800000002
avgpool_prior_P8ISVL.pt,112,518,518,3,2,1.8466985600000003
avgpool_prior_E5MM5B.pt,224,488,488,2,2,5.08007718
avgpool_prior_TYO8OS.pt,28,510,510,2,2,0.45482138000000005
avgpool_prior_N36CJ5.pt,28,495,495,2,2,0.53647214
avgpool_prior_GZQ009.pt,56,41,41,3,2,0.31547422
avgpool_prior_SEJ3QW.pt,28,240,240,2,2,0.3829538400000002
avgpool_prior_V4Q4VC.pt,112,70,70,2,2,0.92753586
avgpool_prior_C348C8.pt,14,68,68,3,2,0.08964869999999997
avgpool_prior_PZXU9N.pt,14,501,501,3,2,0.17732949999999995
avgpool_prior_IGMZCP.pt,224,255,255,2,2,2.8179007600000006
avgpool_prior_7JF48K.pt,112,1037,1037,2,2,3.0379388599999992
avgpool_prior_Z5S9MW.pt,56,52,52,2,2,0.21012982000000002
avgpool_prior_608UU6.pt,56,128,128,3,2,0.45008069999999994
avgpool_prior_TEAYHS.pt,112,489,489,3,2,1.963272119999999
avgpool_prior_7TCZNJ.pt,112,463,463,2,2,1.6751024399999996
avgpool_prior_9LGUSY.pt,112,498,498,3,1,5.36378672
avgpool_prior_TVVE2K.pt,56,503,503,2,2,0.8607340999999997
avgpool_prior_YMKHAK.pt,56,494,494,3,2,1.29360624
avgpool_prior_KJG6HC.pt,28,134,134,3,2,0.17582876000000006
avgpool_prior_9LVLAT.pt,56,496,496,2,2,1.1478547000000001
avgpool_prior_BMLAEE.pt,56,129,129,2,2,0.41492028000000014
avgpool_prior_3NI3KD.pt,28,54,54,2,2,0.10908807999999999
avgpool_prior_PGMG5F.pt,112,135,135,2,2,1.17966614
avgpool_prior_9S9R3Q.pt,14,91,91,3,2,0.09385996
avgpool_prior_RFZ4HU.pt,14,491,491,2,2,0.1885524
avgpool_prior_VQMQH9.pt,14,490,490,3,2,0.26261372
avgpool_prior_WT751P.pt,14,193,193,2,2,0.10624030000000002
avgpool_prior_Y0BAAH.pt,112,57,57,3,2,0.7657833000000004
avgpool_prior_HTI157.pt,28,134,134,3,2,0.18439032
avgpool_prior_1GGJ68.pt,28,242,242,2,2,0.2659637399999999
avgpool_prior_I9O6TM.pt,14,253,253,3,2,0.1253351
avgpool_prior_1QBQXP.pt,14,146,146,3,2,0.10211652
avgpool_prior_Y6CSN4.pt,14,507,507,2,2,0.16346922
avgpool_prior_5ZL76W.pt,224,464,464,3,2,5.51546266
avgpool_prior_X6OCGX.pt,28,145,145,2,2,0.18030252000000002
avgpool_prior_D4NIH2.pt,28,64,64,3,2,0.12197272000000002
avgpool_prior_C0DZPY.pt,28,495,495,3,2,0.44113144
avgpool_prior_JHPVRZ.pt,112,54,54,3,2,0.9988295799999999
avgpool_prior_22JQGY.pt,112,55,55,2,2,0.9726193400000004
avgpool_prior_V3U19Q.pt,56,513,513,2,2,1.2422312200000003
avgpool_prior_65FYYY.pt,56,55,55,2,2,0.3507985800000001
avgpool_prior_UKP27K.pt,28,63,63,2,2,0.11489924000000004
avgpool_prior_IAHGO8.pt,56,56,56,2,2,0.2301569
avgpool_prior_F4X3PA.pt,112,492,492,3,2,1.87951384
avgpool_prior_HW2BNF.pt,28,51,51,3,2,0.10952067999999997
avgpool_prior_1NQMDK.pt,14,244,244,2,2,0.11361384000000001
avgpool_prior_ZBUIWN.pt,14,507,507,2,2,0.16757382000000004
avgpool_prior_NDPYHT.pt,28,140,140,3,2,0.18467034000000004
avgpool_prior_0SAHKZ.pt,28,506,506,3,1,1.24514124
avgpool_prior_SPHF2N.pt,14,253,253,3,1,0.29322886
avgpool_prior_OUPT04.pt,112,56,56,2,2,0.663501
avgpool_prior_O1T9ZK.pt,14,140,140,3,2,0.09953618
avgpool_prior_4NG5X0.pt,56,43,43,2,1,0.5776785799999999
avgpool_prior_1GDRFV.pt,14,98,98,2,2,0.08218146000000003
avgpool_prior_TQXU05.pt,14,508,508,3,2,0.17513170000000006
avgpool_prior_UQIDIO.pt,56,244,244,2,2,0.72400172
avgpool_prior_3KQ34C.pt,14,200,200,3,1,0.25977421999999994
avgpool_prior_JCH7ZV.pt,28,495,495,2,2,0.46280459999999995
avgpool_prior_QZ7QTS.pt,56,62,62,3,2,0.25286699999999995
avgpool_prior_BXHXTT.pt,56,75,75,3,2,0.4128906199999998
avgpool_prior_FYTO2T.pt,112,63,63,3,2,0.9665563399999998
avgpool_prior_2QACW0.pt,112,496,496,3,2,1.8119750799999996
avgpool_prior_HDOBWM.pt,14,839,839,3,2,0.25047336
avgpool_prior_K39UVS.pt,28,68,68,3,2,0.12729552000000002
avgpool_prior_G7S7Y7.pt,224,50,50,3,2,1.500594200000001
avgpool_prior_F364L5.pt,112,507,507,2,2,1.5896713600000008
avgpool_prior_OKC6RK.pt,14,491,491,3,2,0.16633225999999998
avgpool_prior_8JP7QA.pt,14,494,494,3,2,0.25665756
avgpool_prior_67CSCZ.pt,112,503,503,3,2,1.8327847200000003
avgpool_prior_XR0TAB.pt,14,236,236,2,2,0.11480006000000004
avgpool_prior_JUCSFA.pt,28,189,189,3,2,0.34853442000000007
avgpool_prior_F4LFJ8.pt,28,833,833,3,2,1.008574
avgpool_prior_72OFA0.pt,224,490,490,2,2,5.067959239999999
avgpool_prior_VRBM7Q.pt,14,57,57,3,2,0.08495600000000002
avgpool_prior_A7FY7C.pt,14,510,510,3,1,0.55669234
avgpool_prior_FVZ1OW.pt,56,68,68,3,2,0.30838588
avgpool_prior_UF29ZS.pt,224,129,129,3,2,1.7580141800000002
avgpool_prior_5INCK4.pt,56,77,77,2,2,0.4812881799999998
avgpool_prior_FF2X6F.pt,112,237,237,3,1,2.53849668
avgpool_prior_4MIQH9.pt,14,59,59,3,2,0.08692099999999998
avgpool_prior_N19XLL.pt,112,75,75,2,2,1.0513119599999998
avgpool_prior_LCSZ64.pt,14,498,498,2,2,0.24478182000000004
avgpool_prior_V8BKCD.pt,56,64,64,3,2,0.27194208
avgpool_prior_DAOEQH.pt,112,504,504,3,1,5.252204700000001
avgpool_prior_6NK20E.pt,28,494,494,3,2,0.6533622600000001
avgpool_prior_STQBKN.pt,56,43,43,3,2,0.20015605999999994
avgpool_prior_ULA230.pt,112,144,144,3,2,1.3619175
avgpool_prior_J1NZR3.pt,56,476,476,3,2,1.2448276599999997
avgpool_prior_H3OWT9.pt,112,831,831,3,2,2.3506774000000004
avgpool_prior_O19BL3.pt,56,63,63,2,1,0.80780532
avgpool_prior_3UM248.pt,112,92,92,3,2,1.2003364999999997
avgpool_prior_VWJNWH.pt,56,69,69,3,2,0.32982547999999995
avgpool_prior_GY966C.pt,14,72,72,3,2,0.08728369999999998
avgpool_prior_PY4DDZ.pt,112,499,499,3,2,1.7922447400000001
avgpool_prior_3AKJ97.pt,112,67,67,2,2,0.8273528399999998
avgpool_prior_HOGCOP.pt,28,490,490,3,2,0.64674112
avgpool_prior_Q8UDL4.pt,14,506,506,2,2,0.2510061
avgpool_prior_1G6TH2.pt,56,63,63,2,1,0.75257458
avgpool_prior_IPX42L.pt,112,496,496,2,2,1.7806407000000006
avgpool_prior_CPYSSI.pt,224,134,134,2,1,4.93356348
avgpool_prior_LBUA17.pt,112,493,493,3,2,1.7917765600000002
avgpool_prior_4QCMHZ.pt,28,241,241,2,2,0.30204718
avgpool_prior_MWX8YI.pt,56,201,201,2,2,0.6717042199999997
avgpool_prior_60XF3C.pt,14,129,129,3,2,0.09957652
avgpool_prior_7NER5G.pt,224,71,71,2,2,1.4518894199999999
avgpool_prior_Y8O1C3.pt,14,50,50,3,2,0.08558168000000001
avgpool_prior_J03AWE.pt,28,378,378,3,2,0.4230564199999998
avgpool_prior_VFUKQ9.pt,28,46,46,2,2,0.10604059999999998
avgpool_prior_32R697.pt,28,845,845,2,1,1.36790074
avgpool_prior_4HUJFH.pt,112,94,94,2,2,1.0472576200000003
avgpool_prior_0VSN2P.pt,56,65,65,3,2,0.27153346
avgpool_prior_OFXJLE.pt,112,247,247,2,2,1.512658
avgpool_prior_3MR2BC.pt,14,187,187,3,2,0.10981617999999996
avgpool_prior_AOQ6ZQ.pt,112,510,510,3,2,1.9312754599999993
avgpool_prior_TGOT17.pt,112,837,837,3,2,2.39350178
avgpool_prior_TQA97C.pt,28,60,60,2,1,0.35961388
avgpool_prior_OPPINA.pt,112,150,150,3,2,0.8344300200000001
avgpool_prior_L4RHQZ.pt,14,248,248,3,1,0.30615746
avgpool_prior_69H6RT.pt,14,185,185,2,2,0.15004404
avgpool_prior_YBYZJK.pt,56,491,491,2,2,1.1813639800000002
avgpool_prior_KF89DS.pt,56,185,185,3,1,1.33580318
avgpool_prior_D6RTVI.pt,14,42,42,3,2,0.08354738
avgpool_prior_7N0U0C.pt,224,195,195,3,2,2.3209568200000006
avgpool_prior_WLGLL7.pt,28,828,828,3,2,0.8078162000000002
avgpool_prior_6X2XZV.pt,56,833,833,3,2,1.4384635599999995
avgpool_prior_V2YMQ8.pt,28,238,238,3,1,0.80204482
avgpool_prior_MECYI7.pt,28,63,63,2,2,0.11835513999999998
avgpool_prior_EZ2DLH.pt,112,490,490,3,2,1.7847077200000008
avgpool_prior_Z4C61N.pt,112,59,59,2,1,1.3473934000000005
avgpool_prior_T863Z3.pt,14,245,245,2,2,0.11386622000000003
avgpool_prior_OM3NFK.pt,224,233,233,2,2,2.4898241999999993
avgpool_prior_YLWC73.pt,14,75,75,2,2,0.08691097999999998
avgpool_prior_56H5VJ.pt,28,367,367,3,2,0.35404354
avgpool_prior_1VCSG9.pt,28,247,247,3,2,0.2602956399999999
avgpool_prior_KRTQE5.pt,112,499,499,2,2,1.7905958600000007
avgpool_prior_XLKBWD.pt,56,40,40,2,2,0.20410778000000004
avgpool_prior_RG9YIT.pt,112,539,539,2,2,1.7874593800000005
avgpool_prior_ZJHTVD.pt,56,489,489,3,2,1.3113777999999996
avgpool_prior_ZAQ1GM.pt,28,508,508,2,2,0.5535619000000002
avgpool_prior_UVFBZQ.pt,28,495,495,2,1,1.1962021600000003
avgpool_prior_BXGES3.pt,28,513,513,2,2,0.59378398
avgpool_prior_XIA1NT.pt,112,75,75,2,2,0.9555552399999996
avgpool_prior_BVNHVD.pt,14,201,201,3,2,0.08051779999999999
avgpool_prior_ABR1KZ.pt,56,185,185,3,2,0.19187058
avgpool_prior_U1Q1GX.pt,112,498,498,3,1,5.2009505
avgpool_prior_XD9BN0.pt,112,505,505,3,2,1.6632585200000005
avgpool_prior_GEB7ET.pt,28,230,230,2,1,0.7144839000000003
avgpool_prior_73V64A.pt,112,499,499,3,2,1.80722708
avgpool_prior_38WTJF.pt,28,84,84,2,2,0.13020428
avgpool_prior_NPRL62.pt,28,69,69,3,2,0.12710598000000004
avgpool_prior_9JMNFP.pt,14,232,232,3,2,0.12101428000000002
avgpool_prior_2P9O0R.pt,112,151,151,3,1,1.7416689000000003
avgpool_prior_KGVYTV.pt,14,510,510,2,1,0.44997654000000026
avgpool_prior_FM5ZTW.pt,14,63,63,3,1,0.12202468
avgpool_prior_8SRK7O.pt,112,230,230,3,2,1.64583334
avgpool_prior_VN52R6.pt,224,502,502,2,2,5.299009340000001
avgpool_prior_6HLJ5N.pt,56,33,33,3,2,0.27544380000000007
avgpool_prior_W8VVJL.pt,28,62,62,2,2,0.11531317999999996
avgpool_prior_RJKXDB.pt,14,240,240,2,1,0.25990196000000004
avgpool_prior_4W83PT.pt,112,244,244,2,2,1.27858484
avgpool_prior_QZSEJE.pt,112,491,491,2,2,1.5068830200000003
avgpool_prior_SXZFWY.pt,56,497,497,3,1,1.5245456200000005
avgpool_prior_9DR4TU.pt,28,240,240,2,2,0.23578052
avgpool_prior_OKVBZG.pt,112,847,847,3,2,2.601401599999999
avgpool_prior_M7FMPC.pt,112,371,371,3,2,1.5606770000000003
avgpool_prior_D8TA3Q.pt,112,512,512,3,2,1.9265411600000004
avgpool_prior_APIOU3.pt,224,67,67,2,1,2.5835070599999996
avgpool_prior_ONQNJZ.pt,14,255,255,2,2,0.1527219
avgpool_prior_TZ9K39.pt,14,62,62,2,2,0.08547048
avgpool_prior_5XG5SD.pt,14,138,138,2,2,0.09807488000000002
avgpool_prior_BUPUA6.pt,112,491,491,3,2,1.6010131599999995
avgpool_prior_TWZPET.pt,14,256,256,2,2,0.11669035999999998
avgpool_prior_IOPUOA.pt,112,150,150,3,2,1.3659120000000002
avgpool_prior_JPZ6PG.pt,28,100,100,2,1,0.39896674000000004
avgpool_prior_SNDPN9.pt,112,237,237,2,2,1.31032268
avgpool_prior_F4PN40.pt,112,51,51,3,2,0.9302102199999999
avgpool_prior_9ME26V.pt,14,67,67,2,2,0.08549846
avgpool_prior_KJTVNO.pt,14,192,192,3,2,0.10728829999999999
avgpool_prior_76C4QA.pt,28,190,190,2,2,0.19850748000000004
avgpool_prior_P32URW.pt,112,27,27,3,2,0.46520192
avgpool_prior_79B2FY.pt,112,245,245,3,1,2.62799244
avgpool_prior_IBRPS4.pt,14,230,230,3,1,0.25269402
avgpool_prior_A69R3M.pt,56,140,140,3,2,0.48366108
avgpool_prior_ERWUYL.pt,28,73,73,2,2,0.11574448000000002
avgpool_prior_FHHBMP.pt,112,494,494,2,2,1.7470284999999999
avgpool_prior_RK6BUK.pt,112,146,146,3,1,1.6199511400000004
avgpool_prior_YQ9RYW.pt,112,66,66,2,2,0.7707777799999996
avgpool_prior_4204ZK.pt,56,488,488,3,2,1.3067424
avgpool_prior_2T1MYX.pt,28,192,192,2,2,0.20330158000000004
avgpool_prior_3VULJC.pt,14,146,146,2,1,0.18281858
avgpool_prior_KFTVYJ.pt,112,64,64,2,2,0.7987021400000001
avgpool_prior_0BW04Z.pt,112,71,71,2,2,1.0066701599999996
avgpool_prior_FP8Y9U.pt,112,472,472,2,2,1.8017877399999995
avgpool_prior_11BGMY.pt,112,74,74,2,2,0.4189665999999999
avgpool_prior_Y45V4F.pt,112,464,464,3,2,1.56269928
avgpool_prior_YPXFJ5.pt,28,86,86,2,2,0.16679915999999997
avgpool_prior_A29CEK.pt,56,181,181,2,2,0.61786916
avgpool_prior_GQ6XQN.pt,56,197,197,3,2,0.7466442599999997
avgpool_prior_73HVLL.pt,56,94,94,2,2,0.3565386400000002
avgpool_prior_LRMDC7.pt,112,190,190,3,1,1.9858723999999994
avgpool_prior_T7PUF8.pt,112,825,825,3,1,9.794893380000001
avgpool_prior_6650D8.pt,14,489,489,3,2,0.18491369999999996
avgpool_prior_YEZMSZ.pt,224,60,60,3,2,1.3915271599999994
avgpool_prior_YVZHUN.pt,14,238,238,2,2,0.12044584000000003
avgpool_prior_1M1FZM.pt,14,151,151,2,2,0.13074088000000003
avgpool_prior_E9FTSS.pt,112,824,824,3,2,2.4633769400000003
avgpool_prior_JPW2J2.pt,14,490,490,3,2,0.19725402
avgpool_prior_O8OBTP.pt,112,59,59,2,1,1.3047497
avgpool_prior_05SI60.pt,112,50,50,2,1,1.4252814000000003
avgpool_prior_HDBG2K.pt,14,513,513,3,2,0.19097014
avgpool_prior_XB9SFR.pt,14,506,506,3,1,0.52906352
avgpool_prior_LAAOJH.pt,14,134,134,3,2,0.12163556
avgpool_prior_7W1REX.pt,56,31,31,2,2,0.15774738
avgpool_prior_3FTS4R.pt,224,64,64,3,2,1.4151574200000008
avgpool_prior_ETJ4LX.pt,28,244,244,2,2,0.26391396
avgpool_prior_8B278T.pt,112,37,37,2,1,1.1755197
avgpool_prior_PJKEMU.pt,56,142,142,3,2,0.7660382800000001
avgpool_prior_OK1GI4.pt,28,185,185,2,1,0.6791931600000001
avgpool_prior_LYRKU9.pt,56,829,829,3,2,1.3827514800000003
avgpool_prior_6IDDVU.pt,112,67,67,2,2,0.79123582
avgpool_prior_WTHJ0T.pt,14,132,132,3,2,0.10049085999999997
avgpool_prior_G0S5Z8.pt,28,74,74,3,2,0.13979719999999993
avgpool_prior_O213MY.pt,28,152,152,3,2,0.21105848000000002
avgpool_prior_9N7K7S.pt,112,29,29,2,1,1.1290151800000001
avgpool_prior_TLT9BS.pt,56,179,179,3,2,0.7750640599999998
avgpool_prior_822O35.pt,224,144,144,2,2,1.70102906
avgpool_prior_8U3VU1.pt,28,134,134,3,2,0.19143791999999998
avgpool_prior_PI1QAX.pt,112,54,54,2,2,0.6878081400000002
avgpool_prior_2C2QGM.pt,224,484,484,3,2,5.4254576199999995
avgpool_prior_DYKDPT.pt,14,489,489,3,2,0.16379643999999996
avgpool_prior_IRUR7A.pt,112,505,505,2,1,4.75893976
avgpool_prior_1CVGZ3.pt,224,67,67,3,2,1.48358062
avgpool_prior_APR7NP.pt,112,255,255,3,2,1.44765638
avgpool_prior_MQ29R6.pt,56,57,57,2,1,0.6950929399999999
avgpool_prior_B9PVUK.pt,14,490,490,3,1,0.4755695799999998
avgpool_prior_RCMWRP.pt,224,478,478,2,2,5.01402382
avgpool_prior_H5DYQR.pt,14,249,249,3,2,0.12026852000000003
avgpool_prior_W7LYUH.pt,28,252,252,2,2,0.32060688000000004
avgpool_prior_SAWSF4.pt,14,373,373,3,2,0.14564770000000002
avgpool_prior_2JRV79.pt,56,195,195,3,2,0.7538774600000002
avgpool_prior_7MIZSA.pt,112,511,511,2,1,4.824208299999999
avgpool_prior_7WN4UG.pt,112,243,243,2,2,1.3107395
avgpool_prior_NMUGNX.pt,112,503,503,3,2,1.8022158000000004
avgpool_prior_90PIYY.pt,28,73,73,2,1,0.09871053999999999
avgpool_prior_WLJMHP.pt,28,829,829,2,2,0.8899611399999999
avgpool_prior_0PNV8W.pt,224,238,238,2,2,2.627615159999999
avgpool_prior_97LBWL.pt,14,247,247,2,2,0.14366519999999997
avgpool_prior_T7430J.pt,14,1039,1039,2,1,1.01502052
avgpool_prior_H4LHCJ.pt,14,44,44,3,1,0.10854057999999997
avgpool_prior_5OBGB3.pt,112,843,843,3,2,2.5588516400000003
avgpool_prior_HIO0K5.pt,14,60,60,2,1,0.11850592000000003
avgpool_prior_ZUWXMU.pt,14,128,128,3,2,0.09898505999999997
avgpool_prior_8K0ISD.pt,112,825,825,3,2,2.5501789600000007
avgpool_prior_9BTOB8.pt,28,192,192,2,2,0.17406813999999998
avgpool_prior_LTZTGV.pt,224,240,240,3,1,11.233123280000003
avgpool_prior_KSNBYL.pt,28,828,828,2,2,0.80245176
avgpool_prior_L9N8XH.pt,224,488,488,3,1,22.549225859999993
avgpool_prior_NKDEBV.pt,28,231,231,2,2,0.23200936000000005
avgpool_prior_YME2JR.pt,28,1051,1051,2,2,1.01121024
avgpool_prior_NOB9N6.pt,112,248,248,3,2,1.7154266400000007
avgpool_prior_SNU8XF.pt,14,475,475,2,2,0.15664915999999998
avgpool_prior_UDU0KN.pt,112,53,53,2,1,1.4728663399999993
avgpool_prior_GXEMUU.pt,14,64,64,3,2,0.08699749999999998
avgpool_prior_P218UI.pt,224,838,838,3,2,10.819031820000003
avgpool_prior_HT0SMW.pt,112,513,513,2,2,1.8519424599999998
avgpool_prior_MNL8U3.pt,56,254,254,3,2,0.62726476
avgpool_prior_KLYS26.pt,14,835,835,3,2,0.3297049600000001
avgpool_prior_SW574Y.pt,14,67,67,2,2,0.08496094000000001
avgpool_prior_PG792Z.pt,112,495,495,3,2,1.6119454200000007
avgpool_prior_5BMB7K.pt,14,232,232,3,1,0.25305516
avgpool_prior_I95CVX.pt,14,192,192,3,2,0.11092328000000004
avgpool_prior_CN9D0K.pt,56,65,65,3,2,0.26339976
avgpool_prior_CFSJ8U.pt,14,59,59,3,2,0.08465143999999998
avgpool_prior_Y4VJGK.pt,14,150,150,2,2,0.10096936000000004
avgpool_prior_CMEXT8.pt,112,503,503,2,2,1.7347539200000002
avgpool_prior_L988C7.pt,112,64,64,3,2,1.1140363199999996
avgpool_prior_N8U3QU.pt,14,250,250,3,2,0.12224650000000002
avgpool_prior_L4BH24.pt,56,98,98,2,2,0.46075141999999986
avgpool_prior_UVMFLL.pt,14,242,242,2,2,0.11560607999999999
avgpool_prior_1QCJHN.pt,56,254,254,3,1,1.7755304600000001
avgpool_prior_JOCNHP.pt,112,484,484,2,2,1.60403318
avgpool_prior_R3LKFI.pt,28,848,848,3,2,0.9887490399999996
avgpool_prior_59H9G0.pt,14,72,72,2,2,0.08843318000000001
avgpool_prior_3BAL10.pt,112,504,504,3,2,1.9745579999999996
avgpool_prior_UM1VNR.pt,112,250,250,2,1,2.32781848
avgpool_prior_F2TRV7.pt,14,256,256,2,2,0.16496126
avgpool_prior_H05LB3.pt,112,512,512,2,2,1.8548294799999994
avgpool_prior_F36XVQ.pt,112,847,847,2,2,2.2547717599999997
avgpool_prior_NEQ7BX.pt,56,66,66,3,2,0.4575212599999999
avgpool_prior_RJRZEZ.pt,112,839,839,2,2,2.4338964399999994
avgpool_prior_J5ULY9.pt,112,74,74,2,2,0.8668993599999999
avgpool_prior_L0VMNG.pt,112,231,231,3,2,1.3732669600000003
avgpool_prior_TEAODI.pt,224,1045,1045,3,2,12.741572840000002
avgpool_prior_GGLQ10.pt,56,75,75,3,2,0.09637842
avgpool_prior_CMA8R7.pt,14,145,145,2,2,0.10540775999999999
avgpool_prior_9LQ9RG.pt,28,71,71,2,2,0.15143642
avgpool_prior_SFSC25.pt,28,139,139,2,2,0.19600598000000002
avgpool_prior_EXWCTY.pt,112,146,146,2,2,0.9184548200000004
avgpool_prior_L35DA5.pt,14,137,137,3,2,0.09893476
avgpool_prior_VWQ408.pt,14,496,496,3,2,0.19249525999999995
avgpool_prior_9OI41S.pt,112,253,253,2,2,1.4117287800000002
avgpool_prior_QBV4UN.pt,112,100,100,2,2,1.1834097800000003
avgpool_prior_WM7ZM6.pt,14,50,50,3,2,0.08481324000000001
avgpool_prior_D7RQLE.pt,14,504,504,2,1,0.45977619999999997
avgpool_prior_7A2UC9.pt,14,489,489,2,1,0.4974403999999999
avgpool_prior_GAJ2S8.pt,14,488,488,3,1,0.44044197999999996
avgpool_prior_5FUZPZ.pt,28,849,849,3,2,0.7314204800000003
avgpool_prior_QMMQ0F.pt,56,499,499,3,1,1.5692963400000002
avgpool_prior_6KWZ21.pt,56,57,57,3,2,0.2430372
avgpool_prior_E8JM8C.pt,112,74,74,2,2,0.9623928599999998
avgpool_prior_XGW0X1.pt,56,499,499,3,2,1.3767717600000002
avgpool_prior_Z6X85P.pt,112,131,131,2,2,1.2080488400000002
avgpool_prior_B7QT94.pt,224,244,244,3,2,2.97408164
avgpool_prior_SBXIO3.pt,112,149,149,3,2,1.3593105200000002
avgpool_prior_T5YQ3W.pt,14,51,51,2,2,0.10544044
avgpool_prior_DX3WRO.pt,112,29,29,2,2,0.45478919999999995
avgpool_prior_4P2ZK0.pt,28,501,501,2,2,0.62508816
avgpool_prior_3D2C5F.pt,14,69,69,2,1,0.12474314000000002
avgpool_prior_6HE5U9.pt,28,236,236,2,1,0.8669717000000001
avgpool_prior_1USJFS.pt,28,504,504,2,2,0.60400938
avgpool_prior_DN0UE3.pt,56,82,82,2,2,0.30593358000000004
avgpool_prior_2DHBO6.pt,56,374,374,3,2,1.1923823400000004
avgpool_prior_5XNK8A.pt,14,250,250,3,2,0.12049193999999996
avgpool_prior_LS8YZR.pt,224,239,239,3,2,2.73800228
avgpool_prior_6VDOZ2.pt,28,529,529,3,1,1.28089398
avgpool_prior_2OKL70.pt,14,37,37,3,2,0.08430205999999998
avgpool_prior_ALCJH5.pt,28,56,56,3,2,0.11860710000000001
avgpool_prior_AE4GV1.pt,224,138,138,2,2,1.6927308600000002
avgpool_prior_VETWK3.pt,56,381,381,2,1,1.4509359199999998
avgpool_prior_59FDE9.pt,112,138,138,2,2,1.2737520600000003
avgpool_prior_QEUU3S.pt,28,238,238,3,2,0.39013216
avgpool_prior_FOJR20.pt,56,827,827,2,2,1.3364109
avgpool_prior_43Y56I.pt,56,70,70,2,2,0.27147464000000004
avgpool_prior_H9LNTF.pt,14,239,239,2,2,0.11440371999999999
avgpool_prior_4V5NRP.pt,224,231,231,3,2,2.6938427599999994
avgpool_prior_NS160M.pt,56,508,508,3,1,1.52950972
avgpool_prior_QK6U65.pt,28,52,52,2,2,0.11268276000000003
avgpool_prior_J83F2J.pt,28,495,495,2,2,0.4430662800000001
avgpool_prior_1IFVE7.pt,112,143,143,2,2,1.1087117800000004
avgpool_prior_487IB4.pt,56,362,362,3,2,1.10349746
avgpool_prior_YMZJI4.pt,28,181,181,3,2,0.21234337999999994
avgpool_prior_S2F4EZ.pt,56,201,201,2,2,0.8767727200000002
avgpool_prior_HLBG77.pt,28,129,129,3,2,0.20981919999999996
avgpool_prior_KI9VAO.pt,56,198,198,3,2,0.2787639200000001
avgpool_prior_L0C85I.pt,112,471,471,2,2,1.3661723999999997
avgpool_prior_7G1GO6.pt,28,63,63,2,2,0.17156
avgpool_prior_YCCO5O.pt,14,99,99,3,2,0.10579176000000005
avgpool_prior_KOFN5V.pt,112,188,188,2,1,1.88139164
avgpool_prior_OA5J2D.pt,112,467,467,3,2,1.5169233199999996
avgpool_prior_9T22V3.pt,28,68,68,3,1,0.2949454799999999
avgpool_prior_4O5EBY.pt,14,59,59,2,2,0.10009036
avgpool_prior_H48FNN.pt,56,70,70,2,2,0.26243864
avgpool_prior_E9TOZ1.pt,112,253,253,3,2,1.5463512200000002
avgpool_prior_OTHW8A.pt,28,835,835,3,2,0.8175377199999998
avgpool_prior_TPP12A.pt,56,134,134,2,2,0.5235094200000001
avgpool_prior_NUFWHQ.pt,112,1051,1051,3,2,2.93290742
avgpool_prior_LI10P8.pt,224,245,245,3,2,3.0555959200000014
avgpool_prior_XVOO5P.pt,14,505,505,2,2,0.16454518
avgpool_prior_8PSC9R.pt,28,508,508,2,1,1.2888205199999998
avgpool_prior_M6XSJQ.pt,56,127,127,2,2,0.48165165999999976
avgpool_prior_90RUAW.pt,224,72,72,3,2,1.7205948199999992
avgpool_prior_FWEV2L.pt,28,236,236,2,1,0.7389405599999996
avgpool_prior_4Y0VQT.pt,56,152,152,2,2,0.5106748999999999
avgpool_prior_YOOOPG.pt,14,509,509,3,2,0.18977503999999995
avgpool_prior_F43V0J.pt,56,470,470,3,2,1.2450028400000002
avgpool_prior_88YJYP.pt,56,252,252,3,1,1.4851652599999996
avgpool_prior_OL44CJ.pt,56,237,237,3,2,0.9785016200000001
avgpool_prior_UKYBC3.pt,56,137,137,3,2,0.6265247600000001
avgpool_prior_5DLI0V.pt,56,231,231,2,2,0.6990406400000001
avgpool_prior_DK3G5G.pt,28,500,500,3,2,0.65381244
avgpool_prior_DMVZUO.pt,112,495,495,2,2,1.5787340000000003
avgpool_prior_NH1H1M.pt,112,137,137,3,2,1.643461
avgpool_prior_HKIGBD.pt,56,250,250,2,2,0.74615482
avgpool_prior_64MF37.pt,56,58,58,2,2,0.2489414600000001
avgpool_prior_2C4AHV.pt,112,377,377,2,1,3.6945858600000014
avgpool_prior_3F64O0.pt,28,150,150,2,2,0.1812429
avgpool_prior_3VVIDN.pt,28,66,66,2,2,0.16656705999999996
avgpool_prior_WUH1KZ.pt,14,249,249,3,2,0.13408208
avgpool_prior_C3EGKK.pt,28,134,134,2,2,0.18501550000000003
avgpool_prior_4K4JQL.pt,28,513,513,3,2,0.6225854000000002
avgpool_prior_U8GI2K.pt,56,1041,1041,3,2,0.70551812
avgpool_prior_OYMWFF.pt,56,241,241,3,2,0.9015304799999996
avgpool_prior_Z3BYW1.pt,56,836,836,2,2,1.3051257600000001
avgpool_prior_JS7OQN.pt,14,511,511,2,2,0.18129183999999998
avgpool_prior_A31DR2.pt,112,199,199,3,1,2.1158295000000003
avgpool_prior_HPEMP8.pt,14,498,498,3,2,0.16602445999999996
avgpool_prior_NK1FMS.pt,14,74,74,2,2,0.10806372
avgpool_prior_787X54.pt,14,835,835,3,2,0.23147000000000006
avgpool_prior_PB18GB.pt,14,256,256,2,2,0.11472385999999996
avgpool_prior_IZQ295.pt,112,824,824,3,2,2.4386022199999995
avgpool_prior_794LNF.pt,112,71,71,2,1,1.5296397
avgpool_prior_D5LQN0.pt,28,492,492,3,2,0.45237495999999977
avgpool_prior_HOQWU7.pt,224,137,137,2,2,2.0429093799999993
avgpool_finegrained1_K44FSK.pt,28,321,321,2,2,0.058711160000000026
avgpool_finegrained1_M69R6P.pt,28,465,465,2,2,0.38724423999999985
avgpool_finegrained1_FJE5DP.pt,28,592,592,2,2,0.5612699200000002
avgpool_finegrained1_YQPHRG.pt,28,346,346,2,2,0.34654041999999996
avgpool_finegrained1_JA0AKY.pt,28,475,475,2,2,0.08888528000000001
avgpool_finegrained1_7AIU1W.pt,28,312,312,2,2,0.34411450000000005
avgpool_finegrained1_SCMR9G.pt,28,382,382,2,2,0.3306323
avgpool_finegrained1_8563O1.pt,28,518,518,2,2,0.47601169999999987
avgpool_finegrained1_65U3NR.pt,28,570,570,2,2,0.6265261599999999
avgpool_finegrained1_J19NMA.pt,28,376,376,2,2,0.32649370000000005
avgpool_finegrained1_ZM0CCU.pt,28,264,264,2,2,0.2514397600000001
avgpool_finegrained1_A9M6QT.pt,28,360,360,2,2,0.4208384600000001
avgpool_finegrained1_QQDWOR.pt,28,455,455,2,2,0.4028148399999999
avgpool_finegrained1_ORIBNB.pt,28,482,482,2,2,0.3960613599999999
avgpool_finegrained1_UFRVLS.pt,28,485,485,2,2,0.43959252
avgpool_finegrained1_0GVQN6.pt,28,412,412,2,2,0.3718249600000001
avgpool_finegrained1_P3DSKN.pt,28,254,254,2,2,0.30268638
avgpool_finegrained1_O6SNR0.pt,28,548,548,2,2,0.5335952399999998
avgpool_finegrained1_63FWL8.pt,28,495,495,2,2,0.4671383
avgpool_finegrained1_CHVRCT.pt,28,399,399,2,2,0.34904431999999985
avgpool_finegrained1_KUIX6H.pt,14,190,190,3,2,0.11034486000000002
avgpool_finegrained1_R58UVS.pt,14,209,209,3,2,0.11445609999999999
avgpool_finegrained1_YBL1A2.pt,14,139,139,3,2,0.10159051999999998
avgpool_finegrained1_CK5L51.pt,14,228,228,3,2,0.120092
avgpool_finegrained1_4XYX1L.pt,14,100,100,3,2,0.11511632000000001
avgpool_finegrained1_S8RIK1.pt,14,179,179,3,2,0.10557704000000002
avgpool_finegrained1_QOHNNR.pt,14,187,187,3,2,0.08870378000000001
avgpool_finegrained1_8XHRG7.pt,14,169,169,3,2,0.10654394
avgpool_finegrained1_NK7OZ0.pt,14,165,165,3,2,0.10537627999999997
avgpool_finegrained1_ZLMJ3G.pt,14,236,236,3,2,0.11265516000000002
avgpool_finegrained1_JZDV9V.pt,14,206,206,3,2,0.10530654
avgpool_finegrained1_EQJ31F.pt,14,223,223,3,2,0.10923444000000006
avgpool_finegrained1_43F44M.pt,14,186,186,3,2,0.11392735999999999
avgpool_finegrained1_BI2H93.pt,14,136,136,3,2,0.09842200000000002
avgpool_finegrained1_QT31YH.pt,14,194,194,3,2,0.11126871999999999
avgpool_finegrained1_3432UP.pt,14,164,164,3,2,0.10228812
avgpool_finegrained1_DYPH5W.pt,14,174,174,3,2,0.10920560000000001
avgpool_finegrained1_TDCLT8.pt,14,176,176,3,2,0.10862267999999994
avgpool_finegrained1_SQ326B.pt,14,216,216,3,2,0.12546866000000004
avgpool_finegrained1_1S6NDP.pt,14,153,153,3,2,0.09995650000000003
avgpool_finegrained1_NLBD1A.pt,56,185,185,2,2,0.67435142
avgpool_finegrained1_QL0XYJ.pt,56,169,169,2,2,0.56577666
avgpool_finegrained1_5SEJ2D.pt,56,123,123,2,2,0.5180250800000001
avgpool_finegrained1_O9PFWB.pt,56,166,166,2,2,0.5860175
avgpool_finegrained1_CG7RD7.pt,56,139,139,2,2,0.6996353599999999
avgpool_finegrained1_089RW9.pt,56,181,181,2,2,0.5721301400000001
avgpool_finegrained1_5TXQAM.pt,56,201,201,2,2,0.7071765000000002
avgpool_finegrained1_B3I1Y7.pt,56,223,223,2,2,0.82981172
avgpool_finegrained1_8TXV4D.pt,56,105,105,2,2,0.39520174
avgpool_finegrained1_K5D33Q.pt,56,235,235,2,2,0.74743576
avgpool_finegrained1_AGUONI.pt,56,206,206,2,2,0.13046798000000004
avgpool_finegrained1_MIN8KC.pt,56,227,227,2,2,0.8579610599999999
avgpool_finegrained1_JQTUKH.pt,56,163,163,2,2,0.55777678
avgpool_finegrained1_SYPTA2.pt,56,192,192,2,2,0.65282444
avgpool_finegrained1_GUHGIT.pt,56,136,136,2,2,0.4307972400000001
avgpool_finegrained1_DU10CK.pt,56,170,170,2,2,0.54402286
avgpool_finegrained1_RTGZ4B.pt,56,196,196,2,2,0.6149405
avgpool_finegrained1_S588I5.pt,56,172,172,2,2,0.55248768
avgpool_finegrained1_X3ML6D.pt,56,111,111,2,2,0.3640405200000001
avgpool_finegrained1_1W06UZ.pt,56,137,137,2,2,0.45655489999999993
avgpool_finegrained1_1Z63CX.pt,28,433,433,3,2,0.4082671
avgpool_finegrained1_39KU8Z.pt,28,245,245,3,2,0.2677544600000001
avgpool_finegrained1_RXHA9K.pt,28,231,231,3,2,0.28721364
avgpool_finegrained1_K95ILB.pt,28,296,296,3,2,0.30356362
avgpool_finegrained1_2AYP50.pt,28,387,387,3,2,0.36672684000000005
avgpool_finegrained1_CL3OCG.pt,28,340,340,3,2,0.33097279999999996
avgpool_finegrained1_RGX4VK.pt,28,364,364,3,2,0.40872603999999996
avgpool_finegrained1_3RA3WL.pt,28,338,338,3,2,0.09111966000000002
avgpool_finegrained1_L6FWY0.pt,28,271,271,3,2,0.40345989999999987
avgpool_finegrained1_IC02O4.pt,28,300,300,3,2,0.31490431999999996
avgpool_finegrained1_XHDYCH.pt,28,191,191,3,2,0.23755587999999997
avgpool_finegrained1_2E2XHZ.pt,28,292,292,3,2,0.34179958000000005
avgpool_finegrained1_03FMW6.pt,28,395,395,3,2,0.42212380000000005
avgpool_finegrained1_JDKF5G.pt,28,377,377,3,2,0.4430639399999999
avgpool_finegrained1_2BD892.pt,28,326,326,3,2,0.31913346
avgpool_finegrained1_FNV1GE.pt,28,382,382,3,2,0.36370247999999994
avgpool_finegrained1_251GGN.pt,28,265,265,3,2,0.2737837200000001
avgpool_finegrained1_TSYDMQ.pt,28,219,219,3,2,0.23927423999999997
avgpool_finegrained1_V7ULWO.pt,28,407,407,3,2,0.49526488
avgpool_finegrained1_VERAPY.pt,28,317,317,3,2,0.32706144000000004
avgpool_finegrained1_6EOY3V.pt,56,241,241,2,2,0.9033381200000005
avgpool_finegrained1_R5K7ZF.pt,56,152,152,2,2,0.58955254
avgpool_finegrained1_85X4UQ.pt,56,222,222,2,2,0.69305138
avgpool_finegrained1_Y3VKNZ.pt,56,245,245,2,2,0.73554954
avgpool_finegrained1_OWG4XQ.pt,56,262,262,2,2,0.7841026
avgpool_finegrained1_A9JJ2R.pt,56,194,194,2,2,0.6334620199999998
avgpool_finegrained1_SR3O17.pt,56,187,187,2,2,0.58853866
avgpool_finegrained1_AR587Q.pt,56,232,232,2,2,0.7020373199999999
avgpool_finegrained1_C0C819.pt,56,174,174,2,2,0.5249556800000001
avgpool_finegrained1_7C5ASO.pt,56,266,266,2,2,0.6797038000000003
avgpool_finegrained1_UW6827.pt,56,248,248,2,2,0.81173954
avgpool_finegrained1_SQPLU3.pt,56,288,288,2,2,0.8352602399999999
avgpool_finegrained1_9UILIC.pt,56,259,259,2,2,0.7873825599999997
avgpool_finegrained1_IRJHQ2.pt,56,218,218,2,2,0.6964109200000002
avgpool_finegrained1_6ORIRW.pt,56,175,175,2,2,0.5695340799999999
avgpool_finegrained1_4VE4HN.pt,56,282,282,2,2,0.89753334
avgpool_finegrained1_93I0AS.pt,56,281,281,2,2,0.8296801399999998
avgpool_finegrained1_TFY8ZZ.pt,56,188,188,2,2,0.40163302000000006
avgpool_finegrained1_M545LT.pt,56,207,207,2,2,0.7065319
avgpool_finegrained1_2Z2HP3.pt,56,287,287,2,2,0.67953946
avgpool_finegrained1_4YRORA.pt,112,27,27,3,2,0.11347755999999995
avgpool_finegrained1_S2WK1L.pt,112,31,31,3,2,0.4383955800000002
avgpool_finegrained1_DSV4GE.pt,112,29,29,3,2,0.5975610800000001
avgpool_finegrained1_VZ2O3G.pt,112,34,34,3,2,0.58153028
avgpool_finegrained1_8OGQI1.pt,112,25,25,3,2,0.39887981999999994
avgpool_finegrained1_CNOOGS.pt,112,48,48,3,2,0.6767021400000001
avgpool_finegrained1_JWLWVF.pt,112,46,46,3,2,0.7187986599999998
avgpool_finegrained1_XEOPY5.pt,112,60,60,3,2,1.0435552599999998
avgpool_finegrained1_GGQAIO.pt,112,45,45,3,2,0.6998599000000002
avgpool_finegrained1_PKCYQG.pt,112,39,39,3,2,0.6414755399999998
avgpool_finegrained1_R80EC9.pt,112,42,42,3,2,0.7213222400000001
avgpool_finegrained1_XO0VT2.pt,112,36,36,3,2,0.5793116400000001
avgpool_finegrained1_S0B5HG.pt,112,41,41,3,2,0.6038969599999999
avgpool_finegrained1_WQ173V.pt,112,44,44,3,2,0.61651094
avgpool_finegrained1_RUEITV.pt,112,26,26,3,2,0.4134181400000002
avgpool_finegrained1_HPOWY1.pt,112,56,56,3,2,0.84343046
avgpool_finegrained1_AQ2B9J.pt,112,49,49,3,2,0.67940146
avgpool_finegrained1_0PWMAU.pt,112,30,30,3,2,0.52961198
avgpool_finegrained1_EQO6HS.pt,112,35,35,3,2,0.4952617000000001
avgpool_finegrained1_CWNJ03.pt,112,28,28,3,2,0.39945816000000006
avgpool_finegrained1_URX84R.pt,28,260,260,3,2,0.27149036
avgpool_finegrained1_2YU2HO.pt,28,220,220,3,2,0.24286696
avgpool_finegrained1_UXTDK7.pt,28,120,120,3,2,0.18581846
avgpool_finegrained1_YU62AU.pt,28,155,155,3,2,0.23772789999999994
avgpool_finegrained1_7BVO8T.pt,28,257,257,3,2,0.26582624
avgpool_finegrained1_9TKX5Z.pt,28,175,175,3,2,0.2045947
avgpool_finegrained1_9C4VEL.pt,28,238,238,3,2,0.28522062000000004
avgpool_finegrained1_XUQG5Z.pt,28,251,251,3,2,0.25871344
avgpool_finegrained1_AJZPN5.pt,28,133,133,3,2,0.16916720000000005
avgpool_finegrained1_20PNLG.pt,28,203,203,3,2,0.23289944
avgpool_finegrained1_3IB1FY.pt,28,162,162,3,2,0.29337206000000005
avgpool_finegrained1_2A1H6N.pt,28,134,134,3,2,0.17559915999999995
avgpool_finegrained1_H2AO10.pt,28,214,214,3,2,0.23602300000000015
avgpool_finegrained1_3CSC09.pt,28,276,276,3,2,0.28425764000000003
avgpool_finegrained1_OOCUYD.pt,28,182,182,3,2,0.21396034
avgpool_finegrained1_N22IN5.pt,28,163,163,3,2,0.20410314
avgpool_finegrained1_93EMHT.pt,28,148,148,3,2,0.20645516
avgpool_finegrained1_NYCLQY.pt,28,230,230,3,2,0.38379102
avgpool_finegrained1_8OVI5M.pt,28,181,181,3,2,0.25126212
avgpool_finegrained1_3MJKPU.pt,28,263,263,3,2,0.27244094
avgpool_finegrained1_CSJQI0.pt,112,225,225,2,2,1.3895939
avgpool_finegrained1_TFHHKH.pt,112,128,128,2,2,0.535551
avgpool_finegrained1_B36Z46.pt,112,162,162,2,2,1.23583604
avgpool_finegrained1_EUMHYV.pt,112,185,185,2,2,1.2822034600000003
avgpool_finegrained1_QE3M4A.pt,112,232,232,2,2,1.4618077000000003
avgpool_finegrained1_NEVMHG.pt,112,122,122,2,2,1.0209201599999995
avgpool_finegrained1_LGH3HF.pt,112,163,163,2,2,1.1732630800000003
avgpool_finegrained1_DERFXS.pt,112,169,169,2,2,1.2806266400000001
avgpool_finegrained1_1ZJ7HP.pt,112,197,197,2,2,1.27321994
avgpool_finegrained1_EZKTHD.pt,112,126,126,2,2,1.19168972
avgpool_finegrained1_2Q1JSQ.pt,112,270,270,2,2,1.0422524200000003
avgpool_finegrained1_Q4Z6SG.pt,112,157,157,2,2,1.1589026
avgpool_finegrained1_ZCDZKX.pt,112,156,156,2,2,1.15528458
avgpool_finegrained1_6P24OW.pt,112,179,179,2,2,1.3422236600000002
avgpool_finegrained1_MHH4UT.pt,112,264,264,2,2,1.31487356
avgpool_finegrained1_GR2S6O.pt,112,183,183,2,2,1.23539598
avgpool_finegrained1_1CM5S9.pt,112,271,271,2,2,1.5189343199999996
avgpool_finegrained1_3L1J2O.pt,112,204,204,2,2,1.2474674600000002
avgpool_finegrained1_JITXPZ.pt,112,117,117,2,2,1.0047667600000003
avgpool_finegrained1_5L2FEZ.pt,112,219,219,2,2,1.4428597000000005
avgpool_finegrained1_UH3N1J.pt,28,144,144,2,2,0.17519328000000006
avgpool_finegrained1_7Q1MIU.pt,28,178,178,2,2,0.19439552
avgpool_finegrained1_76H878.pt,28,107,107,2,2,0.14788466000000006
avgpool_finegrained1_T51BDJ.pt,28,167,167,2,2,0.18534602
avgpool_finegrained1_YHJDEM.pt,28,91,91,2,2,0.13616616
avgpool_finegrained1_KRGNOK.pt,28,132,132,2,2,0.16408954000000006
avgpool_finegrained1_I3DTJS.pt,28,151,151,2,2,0.17612138000000005
avgpool_finegrained1_CNANYD.pt,28,146,146,2,2,0.17438937999999995
avgpool_finegrained1_JZORHA.pt,28,98,98,2,2,0.1606084
avgpool_finegrained1_P71HFY.pt,28,120,120,2,2,0.1568822
avgpool_finegrained1_L892T0.pt,28,152,152,2,2,0.18018955999999997
avgpool_finegrained1_A4I509.pt,28,142,142,2,2,0.17264034000000003
avgpool_finegrained1_RZ5H8Z.pt,28,136,136,2,2,0.16610318
avgpool_finegrained1_BLVSGG.pt,28,140,140,2,2,0.18991416
avgpool_finegrained1_EQQ2RM.pt,28,119,119,2,2,0.1568000599999999
avgpool_finegrained1_V7WLXT.pt,28,85,85,2,2,0.12843438000000001
avgpool_finegrained1_5Q118B.pt,28,104,104,2,2,0.15404619999999997
avgpool_finegrained1_E48UQC.pt,28,156,156,2,2,0.20598892000000008
avgpool_finegrained1_DD829H.pt,28,159,159,2,2,0.22989490000000004
avgpool_finegrained1_U8XH1D.pt,28,134,134,2,2,0.17593204
avgpool_finegrained1_MMI4GQ.pt,56,121,121,2,2,0.40008753999999996
avgpool_finegrained1_GJOJC1.pt,56,105,105,2,2,0.37467839999999997
avgpool_finegrained1_AQLB8L.pt,56,195,195,2,2,0.6108540599999999
avgpool_finegrained1_HVBI2W.pt,56,120,120,2,2,0.3998031
avgpool_finegrained1_PTZDOL.pt,56,101,101,2,2,0.37230472
avgpool_finegrained1_E6PJST.pt,56,214,214,2,2,0.71318658
avgpool_finegrained1_RER8DA.pt,56,110,110,2,2,0.5273323199999999
avgpool_finegrained1_U36A7I.pt,56,238,238,2,2,0.7839719599999999
avgpool_finegrained1_DS920B.pt,56,161,161,2,2,0.5002548600000002
avgpool_finegrained1_NUZFU2.pt,56,233,233,2,2,0.9707663800000002
avgpool_finegrained1_260GGE.pt,56,147,147,2,2,0.5281560400000002
avgpool_finegrained1_9XAMA7.pt,56,141,141,2,2,0.7247057799999997
avgpool_finegrained1_7DYSIQ.pt,56,103,103,2,2,0.5427909
avgpool_finegrained1_7O0552.pt,56,212,212,2,2,0.8040271
avgpool_finegrained1_RLUFAW.pt,56,203,203,2,2,0.82651432
avgpool_finegrained1_I4AP35.pt,56,187,187,2,2,0.5887537399999999
avgpool_finegrained1_SUQLTT.pt,56,117,117,2,2,0.37868792
avgpool_finegrained1_1TKDP3.pt,56,196,196,2,2,0.6205265999999999
avgpool_finegrained1_8PMIDT.pt,56,115,115,2,2,0.37359827999999995
avgpool_finegrained1_ONHFL0.pt,56,149,149,2,2,0.47795386
avgpool_finegrained1_UIXOQ1.pt,28,59,59,2,1,0.04801418
avgpool_finegrained1_9UMNRD.pt,28,46,46,2,1,0.20039930000000003
avgpool_finegrained1_6VR449.pt,28,71,71,2,1,0.3024677600000001
avgpool_finegrained1_0MOHH5.pt,28,74,74,2,1,0.36437274000000003
avgpool_finegrained1_CW7GM5.pt,28,75,75,2,1,0.3327667000000001
avgpool_finegrained1_TK9GXR.pt,28,49,49,2,1,0.30128271999999995
avgpool_finegrained1_9BU4FW.pt,28,58,58,2,1,0.25757221999999996
avgpool_finegrained1_TFZZ9I.pt,28,50,50,2,1,0.30622715999999994
avgpool_finegrained1_LHSMZ4.pt,28,56,56,2,1,0.22622210000000004
avgpool_finegrained1_LJH0CN.pt,28,78,78,2,1,0.28615968
avgpool_finegrained1_C29XVU.pt,28,76,76,2,1,0.3666684399999998
avgpool_finegrained1_SXACKB.pt,28,65,65,2,1,0.25380968
avgpool_finegrained1_OOZ8DP.pt,28,45,45,2,1,0.27498848
avgpool_finegrained1_OQ6Q6T.pt,28,35,35,2,1,0.19054871999999995
avgpool_finegrained1_DNX9R3.pt,28,70,70,2,1,0.26773996
avgpool_finegrained1_YCD9EH.pt,28,68,68,2,1,0.26910078
avgpool_finegrained1_6N4IOE.pt,28,41,41,2,1,0.20051458
avgpool_finegrained1_YVFLSG.pt,28,80,80,2,1,0.30844602
avgpool_finegrained1_36GNA3.pt,28,44,44,2,1,0.19722982000000006
avgpool_finegrained1_NIPM32.pt,28,39,39,2,1,0.18181855999999996
avgpool_finegrained1_WODP8N.pt,224,27,27,2,2,1.0322381600000003
avgpool_finegrained1_HYLT8N.pt,224,60,60,2,2,1.1946536400000003
avgpool_finegrained1_VPCFF6.pt,224,32,32,2,2,1.1954039400000005
avgpool_finegrained1_JGX3JG.pt,224,56,56,2,2,1.41556908
avgpool_finegrained1_R0S3HE.pt,224,43,43,2,2,1.30085312
avgpool_finegrained1_LKRWY3.pt,224,41,41,2,2,1.2048001799999997
avgpool_finegrained1_YY9GUS.pt,224,40,40,2,2,1.1439064
avgpool_finegrained1_5MN3H8.pt,224,28,28,2,2,1.1974504199999996
avgpool_finegrained1_I5FMRQ.pt,224,53,53,2,2,1.2957902400000003
avgpool_finegrained1_9ZD1QY.pt,224,29,29,2,2,1.0779205399999998
avgpool_finegrained1_Z6VII7.pt,224,42,42,2,2,1.3605608000000007
avgpool_finegrained1_GCR27C.pt,224,55,55,2,2,1.28019726
avgpool_finegrained1_73CD1B.pt,224,47,47,2,2,1.20721508
avgpool_finegrained1_H9470S.pt,224,59,59,2,2,1.2787248399999998
avgpool_finegrained1_1ZV8WQ.pt,224,39,39,2,2,1.2412933799999997
avgpool_finegrained1_TPSIYF.pt,224,49,49,2,2,1.3102035800000005
avgpool_finegrained1_DWG2E8.pt,224,58,58,2,2,1.7135676400000002
avgpool_finegrained1_8YSVJP.pt,224,36,36,2,2,1.2206340199999999
avgpool_finegrained1_NHRTGF.pt,224,26,26,2,2,1.0351572799999997
avgpool_finegrained1_ETGUV3.pt,224,38,38,2,2,1.0837712400000001
avgpool_finegrained1_KHL0L0.pt,56,465,465,3,2,1.23161366
avgpool_finegrained1_UQD4NG.pt,56,509,509,3,2,1.3190379800000003
avgpool_finegrained1_ANY2M2.pt,56,427,427,3,2,1.12839058
avgpool_finegrained1_81GI0U.pt,56,254,254,3,2,1.1759719399999995
avgpool_finegrained1_TTHTOF.pt,56,397,397,3,2,1.2893971800000004
avgpool_finegrained1_VFSE25.pt,56,376,376,3,2,1.1438226599999999
avgpool_finegrained1_K6L460.pt,56,452,452,3,2,1.2327211400000002
avgpool_finegrained1_V1D0OZ.pt,56,454,454,3,2,1.4641042799999997
avgpool_finegrained1_8EEU1U.pt,56,402,402,3,2,1.39017784
avgpool_finegrained1_VJEK9B.pt,56,345,345,3,2,1.09092086
avgpool_finegrained1_19YEKN.pt,56,333,333,3,2,0.22800974
avgpool_finegrained1_J1LO54.pt,56,536,536,3,2,1.3459765799999994
avgpool_finegrained1_EEF456.pt,56,514,514,3,2,1.3385197799999995
avgpool_finegrained1_JN9ROS.pt,56,558,558,3,2,1.3597509399999999
avgpool_finegrained1_8XLX90.pt,56,576,576,3,2,1.0975537200000003
avgpool_finegrained1_BGH6X0.pt,56,409,409,3,2,1.3867162399999997
avgpool_finegrained1_PI9KNK.pt,56,445,445,3,2,1.31072024
avgpool_finegrained1_CG4ZI9.pt,56,470,470,3,2,1.2721788200000002
avgpool_finegrained1_PUORDX.pt,56,495,495,3,2,1.501229860000001
avgpool_finegrained1_5UCMEP.pt,56,511,511,3,2,1.23778706
avgpool_finegrained1_KNXHO8.pt,56,61,61,3,2,0.27243266
avgpool_finegrained1_IK0ADY.pt,56,77,77,3,2,0.35655403999999996
avgpool_finegrained1_HCK851.pt,56,72,72,3,2,0.46375379999999994
avgpool_finegrained1_81O34V.pt,56,37,37,3,2,0.25577256000000004
avgpool_finegrained1_ODFLLR.pt,56,74,74,3,2,0.40963461999999984
avgpool_finegrained1_FV5FJ8.pt,56,36,36,3,2,0.21534778
avgpool_finegrained1_47XT4Y.pt,56,83,83,3,2,0.33906116
avgpool_finegrained1_XXD8TX.pt,56,39,39,3,2,0.26631168
avgpool_finegrained1_GPR9MJ.pt,56,38,38,3,2,0.23750388
avgpool_finegrained1_LRMFW4.pt,56,62,62,3,2,0.25845496
avgpool_finegrained1_URMSM6.pt,56,58,58,3,2,0.24857386
avgpool_finegrained1_99X8YP.pt,56,51,51,3,2,0.32414081999999994
avgpool_finegrained1_WUOVBE.pt,56,44,44,3,2,0.21420472000000002
avgpool_finegrained1_PE2Y2Y.pt,56,42,42,3,2,0.20012940000000007
avgpool_finegrained1_95NEW2.pt,56,69,69,3,2,0.3568506399999999
avgpool_finegrained1_BBKVUJ.pt,56,60,60,3,2,0.37837714000000006
avgpool_finegrained1_ATF737.pt,56,67,67,3,2,0.31990960000000007
avgpool_finegrained1_OUQ3KC.pt,56,65,65,3,2,0.2747480000000001
avgpool_finegrained1_6WLSW9.pt,56,84,84,3,2,0.37518129999999994
avgpool_finegrained1_X3YYN6.pt,56,64,64,3,2,0.42006020000000005
avgpool_finegrained1_MNHHB0.pt,112,57,57,3,1,1.49705332
avgpool_finegrained1_VOLAYU.pt,112,40,40,3,1,1.6381174400000003
avgpool_finegrained1_X1MTEF.pt,112,59,59,3,1,1.55383874
avgpool_finegrained1_4W5DO0.pt,112,48,48,3,1,1.3443869399999997
avgpool_finegrained1_0YA47Z.pt,112,30,30,3,1,1.2379027799999998
avgpool_finegrained1_B88RW1.pt,112,31,31,3,1,1.43190724
avgpool_finegrained1_WCXI9G.pt,112,42,42,3,1,1.5185892600000002
avgpool_finegrained1_R7B4MC.pt,112,35,35,3,1,1.3952594600000001
avgpool_finegrained1_B937EX.pt,112,47,47,3,1,1.3770515399999999
avgpool_finegrained1_CV6OJ6.pt,112,36,36,3,1,1.4387968199999996
avgpool_finegrained1_A6F2T6.pt,112,58,58,3,1,1.6382393600000003
avgpool_finegrained1_BCUYPT.pt,112,33,33,3,1,1.19316756
avgpool_finegrained1_71XCSX.pt,112,53,53,3,1,1.4965316000000002
avgpool_finegrained1_AM3V6C.pt,112,34,34,3,1,1.5398996799999998
avgpool_finegrained1_7900C2.pt,112,26,26,3,1,1.0351386
avgpool_finegrained1_1MFBBA.pt,112,27,27,3,1,1.27890336
avgpool_finegrained1_6PAG7U.pt,112,37,37,3,1,1.2984068400000006
avgpool_finegrained1_8R1FIG.pt,112,51,51,3,1,1.2591386000000004
avgpool_finegrained1_ZECGFL.pt,112,54,54,3,1,1.62826366
avgpool_finegrained1_104UBU.pt,112,61,61,3,1,1.4208148800000004
avgpool_finegrained1_09ARSO.pt,112,53,53,3,2,0.17240118000000007
avgpool_finegrained1_F1ZY6T.pt,112,45,45,3,2,0.62257798
avgpool_finegrained1_XU5OMQ.pt,112,36,36,3,2,0.6355574999999999
avgpool_finegrained1_92UY51.pt,112,47,47,3,2,0.8158133199999998
avgpool_finegrained1_MEI1VM.pt,112,59,59,3,2,0.7866964600000002
avgpool_finegrained1_GZ17WA.pt,112,30,30,3,2,0.49556893999999985
avgpool_finegrained1_PGKWBL.pt,112,37,37,3,2,0.65739324
avgpool_finegrained1_IZ5ROJ.pt,112,27,27,3,2,0.5704699599999999
avgpool_finegrained1_AGTHTK.pt,112,57,57,3,2,1.03931994
avgpool_finegrained1_QG56U1.pt,112,60,60,3,2,0.99670596
avgpool_finegrained1_XTM92H.pt,112,48,48,3,2,0.66225766
avgpool_finegrained1_IKP64B.pt,112,29,29,3,2,0.48671988000000005
avgpool_finegrained1_U1Z1UR.pt,112,42,42,3,2,0.6420467
avgpool_finegrained1_XWDZW5.pt,112,54,54,3,2,0.9838844799999998
avgpool_finegrained1_91VHZ8.pt,112,28,28,3,2,0.4255635199999999
avgpool_finegrained1_5RTUBA.pt,112,39,39,3,2,0.5350911
avgpool_finegrained1_SAX7QR.pt,112,44,44,3,2,0.61718524
avgpool_finegrained1_2H95C1.pt,112,46,46,3,2,0.77063282
avgpool_finegrained1_GKBYZ1.pt,112,41,41,3,2,0.5566931400000001
avgpool_finegrained1_GS2NTC.pt,112,38,38,3,2,0.52406378
avgpool_finegrained1_GXMRZP.pt,14,372,372,2,2,0.17092795999999993
avgpool_finegrained1_Z4A5LP.pt,14,494,494,2,2,0.19343142
avgpool_finegrained1_ZUQ76K.pt,14,381,381,2,2,0.13848618000000001
avgpool_finegrained1_Z0SV33.pt,14,461,461,2,2,0.15154912
avgpool_finegrained1_LFRTZP.pt,14,569,569,2,2,0.16946328000000002
avgpool_finegrained1_LIBKA2.pt,14,495,495,2,2,0.16835493999999998
avgpool_finegrained1_9YVX29.pt,14,533,533,2,2,0.16906088000000005
avgpool_finegrained1_AL18SD.pt,14,473,473,2,2,0.17374264000000003
avgpool_finegrained1_DJJPXS.pt,14,502,502,2,2,0.1695962
avgpool_finegrained1_Y468VY.pt,14,500,500,2,2,0.17384022000000002
avgpool_finegrained1_D0KUY5.pt,14,259,259,2,2,0.12330305999999995
avgpool_finegrained1_5XRMON.pt,14,546,546,2,2,0.19970066
avgpool_finegrained1_4TLCHZ.pt,14,475,475,2,2,0.22492341999999993
avgpool_finegrained1_MVQXZO.pt,14,376,376,2,2,0.13711178000000002
avgpool_finegrained1_JJCXEU.pt,14,364,364,2,2,0.13601344
avgpool_finegrained1_HNU9AZ.pt,14,395,395,2,2,0.14430036
avgpool_finegrained1_QH0ZBV.pt,14,431,431,2,2,0.14717891999999996
avgpool_finegrained1_I8UAMU.pt,14,523,523,2,2,0.16080378
avgpool_finegrained1_4HA45C.pt,14,282,282,2,2,0.14058042
avgpool_finegrained1_7YRBEO.pt,14,477,477,2,2,0.1790008
avgpool_finegrained1_JMC676.pt,56,531,531,3,1,1.6915615799999997
avgpool_finegrained1_A2ABCV.pt,56,280,280,3,1,1.6027300799999995
avgpool_finegrained1_O6VV67.pt,56,276,276,3,1,1.6098196000000002
avgpool_finegrained1_ERCG2Y.pt,56,332,332,3,1,1.7329164799999992
avgpool_finegrained1_103RBP.pt,56,579,579,3,1,1.9106202199999995
avgpool_finegrained1_LY6HD1.pt,56,605,605,3,1,1.7458119399999998
avgpool_finegrained1_QA9GVC.pt,56,498,498,3,1,1.4960762200000002
avgpool_finegrained1_WG707V.pt,56,489,489,3,1,1.5130141600000004
avgpool_finegrained1_IDIXKD.pt,56,371,371,3,1,1.7317954600000005
avgpool_finegrained1_MQXZPC.pt,56,319,319,3,1,1.5955872400000002
avgpool_finegrained1_3WKOG2.pt,56,282,282,3,1,1.3449171999999998
avgpool_finegrained1_TWKI5E.pt,56,383,383,3,1,1.54211604
avgpool_finegrained1_F5O5AS.pt,56,420,420,3,1,1.6343183800000005
avgpool_finegrained1_8S4Q5A.pt,56,289,289,3,1,1.5347253400000003
avgpool_finegrained1_A2714K.pt,56,548,548,3,1,1.83518338
avgpool_finegrained1_J6IMRO.pt,56,438,438,3,1,1.5623434599999997
avgpool_finegrained1_XCABPP.pt,56,361,361,3,1,1.6636239600000007
avgpool_finegrained1_W4H81L.pt,56,419,419,3,1,1.8007269
avgpool_finegrained1_7XC9NT.pt,56,463,463,3,1,1.6604467799999998
avgpool_finegrained1_ME94CJ.pt,56,433,433,3,1,1.5531769000000002
avgpool_finegrained1_6IV8GM.pt,28,319,319,3,2,0.42272969999999993
avgpool_finegrained1_KISNQ2.pt,28,291,291,3,2,0.31758812000000003
avgpool_finegrained1_7R59J9.pt,28,377,377,3,2,0.35725053999999995
avgpool_finegrained1_Q0F9GL.pt,28,437,437,3,2,0.47882256000000006
avgpool_finegrained1_I6O5AN.pt,28,509,509,3,2,0.46146728000000004
avgpool_finegrained1_8S8OI2.pt,28,430,430,3,2,0.3982536
avgpool_finegrained1_NGENO4.pt,28,441,441,3,2,0.5562177599999999
avgpool_finegrained1_GMBXJL.pt,28,537,537,3,2,0.48072201999999997
avgpool_finegrained1_VVWOAP.pt,28,335,335,3,2,0.34831071999999996
avgpool_finegrained1_RISBVA.pt,28,465,465,3,2,0.49713242
avgpool_finegrained1_VRNNLY.pt,28,593,593,3,2,0.77188014
avgpool_finegrained1_IFDCME.pt,28,558,558,3,2,0.7276188000000002
avgpool_finegrained1_3SQXVX.pt,28,443,443,3,2,0.6117118799999998
avgpool_finegrained1_OK0OZ3.pt,28,464,464,3,2,0.4329173799999999
avgpool_finegrained1_ZVLN5H.pt,28,419,419,3,2,0.40672927999999997
avgpool_finegrained1_Y4Q1VI.pt,28,404,404,3,2,0.38146674
avgpool_finegrained1_BQ5NWR.pt,28,594,594,3,2,0.56246154
avgpool_finegrained1_OYPXSY.pt,28,591,591,3,2,0.5240107600000001
avgpool_finegrained1_M1IYM1.pt,28,360,360,3,2,0.36146266000000005
avgpool_finegrained1_FXDLDX.pt,28,259,259,3,2,0.30764895999999997
avgpool_finegrained1_DQEJNO.pt,112,151,151,2,2,1.2918738999999997
avgpool_finegrained1_KJPK3W.pt,112,198,198,2,2,1.3611555400000006
avgpool_finegrained1_4OS8N0.pt,112,275,275,2,2,1.2431419599999998
avgpool_finegrained1_YGOXXX.pt,112,264,264,2,2,1.39142788
avgpool_finegrained1_NIHKSX.pt,112,281,281,2,2,1.3039406599999999
avgpool_finegrained1_5Z6IY5.pt,112,179,179,2,2,1.4516517000000002
avgpool_finegrained1_F6W19F.pt,112,236,236,2,2,1.3222107400000005
avgpool_finegrained1_IYRYGC.pt,112,271,271,2,2,1.44836824
avgpool_finegrained1_4A69EW.pt,112,220,220,2,2,1.29946522
avgpool_finegrained1_NO5WE0.pt,112,126,126,2,2,1.1168332600000002
avgpool_finegrained1_UEU4ZG.pt,112,197,197,2,2,1.3176489399999993
avgpool_finegrained1_AKBPOS.pt,112,267,267,2,2,1.23401692
avgpool_finegrained1_XOB09P.pt,112,157,157,2,2,1.2076584
avgpool_finegrained1_52MLUR.pt,112,188,188,2,2,1.35426236
avgpool_finegrained1_PGFHCY.pt,112,221,221,2,2,1.3574982800000004
avgpool_finegrained1_K6GNW9.pt,112,291,291,2,2,0.71650646
avgpool_finegrained1_ODJ7GI.pt,112,139,139,2,2,0.9293320000000004
avgpool_finegrained1_7PWWG4.pt,112,258,258,2,2,1.5430197600000002
avgpool_finegrained1_WD34NO.pt,112,266,266,2,2,1.3527545600000004
avgpool_finegrained1_IEILET.pt,112,138,138,2,2,1.1515566999999998
avgpool_finegrained1_N260P2.pt,14,376,376,3,2,0.03095522000000001
avgpool_finegrained1_NN1LKC.pt,14,608,608,3,2,0.3222709
avgpool_finegrained1_IUPF1Y.pt,14,521,521,3,2,0.2760144
avgpool_finegrained1_ZJ3IUK.pt,14,455,455,3,2,0.16012643999999998
avgpool_finegrained1_IOP277.pt,14,401,401,3,2,0.14757116
avgpool_finegrained1_0A2KEW.pt,14,530,530,3,2,0.17135084000000003
avgpool_finegrained1_VYJMLL.pt,14,516,516,3,2,0.16952900000000004
avgpool_finegrained1_XN7NXW.pt,14,304,304,3,2,0.13661101999999997
avgpool_finegrained1_O1FTGT.pt,14,573,573,3,2,0.19022725999999995
avgpool_finegrained1_R7UU1Y.pt,14,286,286,3,2,0.12717045999999999
avgpool_finegrained1_RRCFO9.pt,14,370,370,3,2,0.15870598
avgpool_finegrained1_SU7SD0.pt,14,508,508,3,2,0.17420418
avgpool_finegrained1_BMBA3Z.pt,14,581,581,3,2,0.18184905999999995
avgpool_finegrained1_14J16Q.pt,14,295,295,3,2,0.12965056000000003
avgpool_finegrained1_CESXEU.pt,14,337,337,3,2,0.13716272000000004
avgpool_finegrained1_AJLUCW.pt,14,558,558,3,2,0.1798863200000001
avgpool_finegrained1_X6566I.pt,14,493,493,3,2,0.16719128000000005
avgpool_finegrained1_KY5CB6.pt,14,271,271,3,2,0.13370192000000003
avgpool_finegrained1_SMTG99.pt,14,391,391,3,2,0.16460988000000001
avgpool_finegrained1_FF22CS.pt,14,576,576,3,2,0.18054293999999996
avgpool_finegrained1_KL1EC5.pt,112,32,32,2,2,0.5086094200000001
avgpool_finegrained1_EQ6O1U.pt,112,33,33,2,2,0.5745722799999999
avgpool_finegrained1_ZYTDNH.pt,112,37,37,2,2,0.4765795
avgpool_finegrained1_3IQOJI.pt,112,43,43,2,2,0.6109728200000001
avgpool_finegrained1_PQPR25.pt,112,49,49,2,2,0.6694963000000002
avgpool_finegrained1_KK08G1.pt,112,54,54,2,2,0.68608316
avgpool_finegrained1_2AT2PQ.pt,112,28,28,2,2,0.41965474000000014
avgpool_finegrained1_GJDB7K.pt,112,46,46,2,2,0.5936257000000001
avgpool_finegrained1_FR9SPQ.pt,112,58,58,2,2,0.9014999199999998
avgpool_finegrained1_8LG3R7.pt,112,50,50,2,2,0.6196870400000001
avgpool_finegrained1_I2VQVH.pt,112,38,38,2,2,0.4852054800000001
avgpool_finegrained1_TDUX6D.pt,112,55,55,2,2,0.95732064
avgpool_finegrained1_M9CH0C.pt,112,52,52,2,2,0.7276306600000001
avgpool_finegrained1_NLZQBX.pt,112,45,45,2,2,0.6152326000000001
avgpool_finegrained1_E1D0N6.pt,112,40,40,2,2,0.48774206
avgpool_finegrained1_MYYEQD.pt,112,51,51,2,2,0.64428936
avgpool_finegrained1_MOD3XY.pt,112,53,53,2,2,0.86619544
avgpool_finegrained1_4L83FK.pt,112,29,29,2,2,0.4363555000000001
avgpool_finegrained1_QP72K3.pt,112,31,31,2,2,0.48088143999999994
avgpool_finegrained1_JMTI3I.pt,112,30,30,2,2,0.45928754
avgpool_finegrained1_DK8L0B.pt,112,1046,1046,3,2,2.9734824200000003
avgpool_finegrained1_OCE99T.pt,112,1147,1147,3,2,3.3742550000000007
avgpool_finegrained1_VWEAAS.pt,112,727,727,3,2,2.03701364
avgpool_finegrained1_Y3FY5V.pt,112,1176,1176,3,2,3.2999473199999994
avgpool_finegrained1_0T22VL.pt,112,937,937,3,2,2.7986221800000006
avgpool_finegrained1_X0JGC6.pt,112,809,809,3,2,2.35342136
avgpool_finegrained1_DT3NOF.pt,112,1090,1090,3,2,3.1118092799999992
avgpool_finegrained1_KXJXLI.pt,112,935,935,3,2,2.812012460000001
avgpool_finegrained1_IETIXC.pt,112,1031,1031,3,2,3.0045811599999994
avgpool_finegrained1_FFQVVH.pt,112,635,635,3,2,2.27707248
avgpool_finegrained1_0NW4ZR.pt,112,651,651,3,2,2.04483866
avgpool_finegrained1_XYPRQY.pt,112,720,720,3,2,2.3864177600000005
avgpool_finegrained1_UNRL95.pt,112,593,593,3,2,1.9339805399999996
avgpool_finegrained1_YUNWGI.pt,112,668,668,3,2,2.2423719999999996
avgpool_finegrained1_ZX58BO.pt,112,877,877,3,2,2.646214799999999
avgpool_finegrained1_S4F8GI.pt,112,568,568,3,2,1.80089924
avgpool_finegrained1_TWUMFC.pt,112,538,538,3,2,1.8104142599999997
avgpool_finegrained1_R6PO8X.pt,112,1161,1161,3,2,3.305277179999999
avgpool_finegrained1_FCYRMS.pt,112,540,540,3,2,1.9501412600000012
avgpool_finegrained1_ANTN1Q.pt,112,738,738,3,2,2.2176135
avgpool_finegrained1_MKICMQ.pt,14,157,157,2,2,0.10139606000000001
avgpool_finegrained1_CKZE6J.pt,14,246,246,2,2,0.12394884
avgpool_finegrained1_7X2NTC.pt,14,133,133,2,2,0.10110741999999999
avgpool_finegrained1_6P7RU6.pt,14,146,146,2,2,0.10593456
avgpool_finegrained1_U76UKK.pt,14,239,239,2,2,0.15942028
avgpool_finegrained1_R2LZHN.pt,14,130,130,2,2,0.09564670000000003
avgpool_finegrained1_2MVP0F.pt,14,205,205,2,2,0.11259093999999997
avgpool_finegrained1_1TJWH3.pt,14,217,217,2,2,0.11902911999999995
avgpool_finegrained1_VDOND2.pt,14,290,290,2,2,0.13035864
avgpool_finegrained1_MQ4YQY.pt,14,131,131,2,2,0.09278037999999998
avgpool_finegrained1_JBP24X.pt,14,229,229,2,2,0.10970328
avgpool_finegrained1_DYGD2V.pt,14,161,161,2,2,0.1356516
avgpool_finegrained1_XTMVN6.pt,14,260,260,2,2,0.11559793999999998
avgpool_finegrained1_IQ8LE8.pt,14,174,174,2,2,0.10442822
avgpool_finegrained1_9ZPV46.pt,14,162,162,2,2,0.10207428000000006
avgpool_finegrained1_R7HAGX.pt,14,176,176,2,2,0.10453442000000003
avgpool_finegrained1_U9013R.pt,14,230,230,2,2,0.11245278
avgpool_finegrained1_XIHJ3T.pt,14,207,207,2,2,0.10809073999999999
avgpool_finegrained1_YAB7SU.pt,14,261,261,2,2,0.11715768000000003
avgpool_finegrained1_IDY94C.pt,14,287,287,2,2,0.12232768
avgpool_finegrained1_N1HHD0.pt,28,218,218,3,1,0.7366946200000001
avgpool_finegrained1_EX0EMO.pt,28,119,119,3,1,0.42936198
avgpool_finegrained1_YV82AK.pt,28,248,248,3,1,0.87874184
avgpool_finegrained1_1MYW01.pt,28,184,184,3,1,0.6485409000000001
avgpool_finegrained1_1UBXIQ.pt,28,240,240,3,1,0.8207445
avgpool_finegrained1_75RHX1.pt,28,219,219,3,1,1.0672932400000001
avgpool_finegrained1_5PXH6H.pt,28,212,212,3,1,0.78686444
avgpool_finegrained1_ADJ7L7.pt,28,267,267,3,1,1.11972548
avgpool_finegrained1_G9MXZK.pt,28,123,123,3,1,0.6298302000000002
avgpool_finegrained1_AFW7CB.pt,28,276,276,3,1,0.8989613999999997
avgpool_finegrained1_2KUKHV.pt,28,202,202,3,1,0.70266982
avgpool_finegrained1_N1HBRD.pt,28,260,260,3,1,0.9438957600000001
avgpool_finegrained1_IAKMOO.pt,28,124,124,3,1,0.44026148000000004
avgpool_finegrained1_XWCH40.pt,28,274,274,3,1,0.9340512000000003
avgpool_finegrained1_BPXADF.pt,28,161,161,3,1,0.65399608
avgpool_finegrained1_V9TNAJ.pt,28,132,132,3,1,0.45727604000000005
avgpool_finegrained1_W5AA0X.pt,28,256,256,3,1,0.8959254999999997
avgpool_finegrained1_OTIYKY.pt,28,135,135,3,1,0.46964710000000004
avgpool_finegrained1_S5FR3Y.pt,28,255,255,3,1,0.93302854
avgpool_finegrained1_3YYI7P.pt,28,194,194,3,1,0.6692853200000001
avgpool_finegrained1_9RAJ2M.pt,28,1002,1002,3,2,0.17647237999999996
avgpool_finegrained1_UC6KYM.pt,28,657,657,3,2,0.58122564
avgpool_finegrained1_G34ERM.pt,28,1115,1115,3,2,0.9303531799999999
avgpool_finegrained1_FZ92Y2.pt,28,702,702,3,2,0.6368694600000001
avgpool_finegrained1_SYE58W.pt,28,1153,1153,3,2,1.01516402
avgpool_finegrained1_JDKC8J.pt,28,763,763,3,2,0.7667623200000001
avgpool_finegrained1_1XB4YY.pt,28,538,538,3,2,0.48405422000000004
avgpool_finegrained1_8OVZ8F.pt,28,864,864,3,2,0.84865188
avgpool_finegrained1_M493QS.pt,28,683,683,3,2,0.8246099
avgpool_finegrained1_OWMC5M.pt,28,1189,1189,3,2,1.00614776
avgpool_finegrained1_OK5AAM.pt,28,760,760,3,2,0.7623390999999997
avgpool_finegrained1_OA0DMP.pt,28,679,679,3,2,0.5707289599999998
avgpool_finegrained1_DKOYR4.pt,28,658,658,3,2,0.73926876
avgpool_finegrained1_0FSXQL.pt,28,934,934,3,2,0.83939986
avgpool_finegrained1_4N7I3R.pt,28,1126,1126,3,2,0.96607466
avgpool_finegrained1_EXTUR1.pt,28,1064,1064,3,2,0.9729465400000001
avgpool_finegrained1_DANUPL.pt,28,905,905,3,2,0.8516053400000003
avgpool_finegrained1_A3CK81.pt,28,605,605,3,2,0.5548237399999999
avgpool_finegrained1_LUZPLE.pt,28,1257,1257,3,2,1.13878964
avgpool_finegrained1_B2JXDH.pt,28,919,919,3,2,0.7454358999999999
avgpool_finegrained1_DU99IK.pt,28,65,65,2,2,0.14280168000000004
avgpool_finegrained1_6H8MW4.pt,28,38,38,2,2,0.09920743999999998
avgpool_finegrained1_L0IPLV.pt,28,59,59,2,2,0.11378238
avgpool_finegrained1_LFSWOY.pt,28,40,40,2,2,0.13152911999999997
avgpool_finegrained1_Z2VWPY.pt,28,48,48,2,2,0.13682742
avgpool_finegrained1_DXTDLH.pt,28,49,49,2,2,0.10448912
avgpool_finegrained1_2MPMWP.pt,28,62,62,2,2,0.11608083999999996
avgpool_finegrained1_UDABBQ.pt,28,61,61,2,2,0.11772691999999997
avgpool_finegrained1_UK5XNE.pt,28,36,36,2,2,0.09913496000000001
avgpool_finegrained1_HYKRD9.pt,28,78,78,2,2,0.12757774000000002
avgpool_finegrained1_QEFNEB.pt,28,58,58,2,2,0.11574604000000001
avgpool_finegrained1_MT28N2.pt,28,70,70,2,2,0.12229304000000002
avgpool_finegrained1_EHDOI6.pt,28,73,73,2,2,0.12335798000000002
avgpool_finegrained1_6H6O1N.pt,28,79,79,2,2,0.13680659999999997
avgpool_finegrained1_FYFN2K.pt,28,33,33,2,2,0.11016026000000002
avgpool_finegrained1_6QT0HL.pt,28,34,34,2,2,0.09711322000000004
avgpool_finegrained1_VA1N63.pt,28,69,69,2,2,0.12391272000000005
avgpool_finegrained1_YTKGAS.pt,28,75,75,2,2,0.14268048
avgpool_finegrained1_SGT0MS.pt,28,39,39,2,2,0.13972538000000004
avgpool_finegrained1_TYN1LS.pt,28,41,41,2,2,0.10802677999999995
avgpool_finegrained1_BNIBKB.pt,14,156,156,2,2,0.10051125999999998
avgpool_finegrained1_LRNTZB.pt,14,135,135,2,2,0.09652162000000003
avgpool_finegrained1_1Y29R0.pt,14,157,157,2,2,0.10154908000000003
avgpool_finegrained1_E0Y481.pt,14,139,139,2,2,0.12617926000000002
avgpool_finegrained1_QHPEPN.pt,14,137,137,2,2,0.09982200000000001
avgpool_finegrained1_1UWP7T.pt,14,110,110,2,2,0.09315159999999997
avgpool_finegrained1_E0PUG0.pt,14,196,196,2,2,0.10782094000000003
avgpool_finegrained1_UQEDM6.pt,14,141,141,2,2,0.11336220000000001
avgpool_finegrained1_G7JSQ8.pt,14,158,158,2,2,0.13455166
avgpool_finegrained1_F9UW24.pt,14,97,97,2,2,0.09124460000000002
avgpool_finegrained1_T07UNB.pt,14,195,195,2,2,0.020562479999999998
avgpool_finegrained1_C8JU5H.pt,14,226,226,2,2,0.11644048
avgpool_finegrained1_RARACW.pt,14,215,215,2,2,0.11732214000000002
avgpool_finegrained1_D79I06.pt,14,201,201,2,2,0.11618061999999998
avgpool_finegrained1_EMRD08.pt,14,116,116,2,2,0.09740831999999999
avgpool_finegrained1_UJS5VI.pt,14,219,219,2,2,0.11098635999999999
avgpool_finegrained1_GAS0OJ.pt,14,143,143,2,2,0.11162414
avgpool_finegrained1_QXJ3T4.pt,14,173,173,2,2,0.10634996
avgpool_finegrained1_XBCE3O.pt,14,223,223,2,2,0.13294888
avgpool_finegrained1_VTZUJC.pt,14,179,179,2,2,0.10777298000000003
avgpool_finegrained1_LU7HS0.pt,56,26,26,3,2,0.1790293599999999
avgpool_finegrained1_EV1L02.pt,56,14,14,3,2,0.12490239999999994
avgpool_finegrained1_HV9UGK.pt,56,30,30,3,2,0.18632228000000006
avgpool_finegrained1_BRM7HG.pt,56,28,28,3,2,0.15908223999999996
avgpool_finegrained1_H3D6IK.pt,56,27,27,3,2,0.15614077999999998
avgpool_finegrained1_WLK4AC.pt,56,23,23,3,2,0.14395224000000006
avgpool_finegrained1_SZ8HOE.pt,56,21,21,3,2,0.13514418
avgpool_finegrained1_DE5YGF.pt,56,25,25,3,2,0.15236584000000003
avgpool_finegrained1_X2K87X.pt,56,17,17,3,2,0.12904455999999997
avgpool_finegrained1_AGEBDL.pt,56,19,19,3,2,0.14339544
avgpool_finegrained1_JXP026.pt,56,22,22,3,2,0.16636154000000006
avgpool_finegrained1_WDEJ0C.pt,56,31,31,3,2,0.16775547999999996
avgpool_finegrained1_SE9DSO.pt,56,18,18,3,2,0.13562626000000003
avgpool_finegrained1_PRW24C.pt,56,24,24,3,2,0.16896608000000002
avgpool_finegrained1_SAHA8T.pt,56,15,15,3,2,0.12318618
avgpool_finegrained1_YQNJW8.pt,56,16,16,3,2,0.12510184
avgpool_finegrained1_I8DFJM.pt,56,29,29,3,2,0.17469868000000005
avgpool_finegrained1_D27WNZ.pt,56,32,32,3,2,0.1832387
avgpool_finegrained1_JYSSQW.pt,56,20,20,3,2,0.13485202000000002
avgpool_finegrained1_7DC1NX.pt,14,132,132,3,2,0.10064392000000001
avgpool_finegrained1_PUY6WH.pt,14,194,194,3,2,0.11369895999999997
avgpool_finegrained1_4VZLIV.pt,14,129,129,3,2,0.09922547999999998
avgpool_finegrained1_GSBFUA.pt,14,207,207,3,2,0.1149583
avgpool_finegrained1_Q05TEP.pt,14,212,212,3,2,0.11478903999999995
avgpool_finegrained1_21D0CD.pt,14,115,115,3,2,0.09760599999999998
avgpool_finegrained1_KOOD8H.pt,14,99,99,3,2,0.09385985999999999
avgpool_finegrained1_FCSAX4.pt,14,208,208,3,2,0.1143057
avgpool_finegrained1_Q1AALC.pt,14,154,154,3,2,0.10368243999999999
avgpool_finegrained1_HLG1FR.pt,14,149,149,3,2,0.12883045999999998
avgpool_finegrained1_LEW1U4.pt,14,210,210,3,2,0.11587728000000004
avgpool_finegrained1_4VVV1J.pt,14,110,110,3,2,0.11805050000000002
avgpool_finegrained1_2HLAI8.pt,14,171,171,3,2,0.10425588000000002
avgpool_finegrained1_H4IH08.pt,14,103,103,3,2,0.09339195999999998
avgpool_finegrained1_UMXXNF.pt,14,172,172,3,2,0.10559942000000001
avgpool_finegrained1_H5EGYR.pt,14,98,98,3,2,0.09057839999999999
avgpool_finegrained1_PH4MPK.pt,14,165,165,3,2,0.10231157999999997
avgpool_finegrained1_LBM80F.pt,14,107,107,3,2,0.09133480000000001
avgpool_finegrained1_5DYEGE.pt,14,148,148,3,2,0.10423577999999999
avgpool_finegrained1_371PUI.pt,14,224,224,3,2,0.14286693999999997
avgpool_finegrained1_B44S3Z.pt,56,36,36,3,1,0.49567339999999993
avgpool_finegrained1_K0W1E0.pt,56,28,28,3,1,0.08460130000000002
avgpool_finegrained1_IFQLSX.pt,56,50,50,3,1,0.9826444999999999
avgpool_finegrained1_6XOTRI.pt,56,37,37,3,1,0.62278248
avgpool_finegrained1_5GU393.pt,56,25,25,3,1,0.5953687800000002
avgpool_finegrained1_EA43VH.pt,56,49,49,3,1,0.7530461000000002
avgpool_finegrained1_G7K0O8.pt,56,44,44,3,1,0.69938236
avgpool_finegrained1_XT81SK.pt,56,43,43,3,1,0.7817028400000002
avgpool_finegrained1_18AOKU.pt,56,42,42,3,1,0.92064094
avgpool_finegrained1_8WAMOF.pt,56,23,23,3,1,0.42187601999999996
avgpool_finegrained1_JHET2P.pt,56,33,33,3,1,0.54004828
avgpool_finegrained1_1WO9MA.pt,56,24,24,3,1,0.3794465600000001
avgpool_finegrained1_RPLO21.pt,56,45,45,3,1,0.6191440000000001
avgpool_finegrained1_ND3A4U.pt,56,31,31,3,1,0.43174942
avgpool_finegrained1_JANWC1.pt,56,48,48,3,1,0.77420406
avgpool_finegrained1_C0XOSI.pt,56,22,22,3,1,0.44953192000000014
avgpool_finegrained1_C68ZDW.pt,56,39,39,3,1,0.5365507800000001
avgpool_finegrained1_UFUX51.pt,56,51,51,3,1,0.77553648
avgpool_finegrained1_EPU5WN.pt,56,29,29,3,1,0.43495902000000003
avgpool_finegrained1_4NM37D.pt,56,40,40,3,1,0.7703935799999999
avgpool_finegrained1_57GQY2.pt,56,29,29,3,2,0.15873288
avgpool_finegrained1_PCXB1J.pt,56,37,37,3,2,0.18476436
avgpool_finegrained1_J133KD.pt,56,28,28,3,2,0.15846818000000001
avgpool_finegrained1_YAV1ND.pt,56,25,25,3,2,0.15158845999999998
avgpool_finegrained1_F3DQN2.pt,56,36,36,3,2,0.18425378000000003
avgpool_finegrained1_MG3YCJ.pt,56,42,42,3,2,0.19964809999999997
avgpool_finegrained1_38LLDH.pt,56,30,30,3,2,0.16497866000000003
avgpool_finegrained1_UL3F88.pt,56,24,24,3,2,0.14688086
avgpool_finegrained1_NO9OU6.pt,56,19,19,3,2,0.13021871999999998
avgpool_finegrained1_7JNBQ5.pt,56,22,22,3,2,0.14122437999999998
avgpool_finegrained1_0V04NQ.pt,56,32,32,3,2,0.16736949999999998
avgpool_finegrained1_UN0VEZ.pt,56,31,31,3,2,0.16506954000000001
avgpool_finegrained1_UXAUJ2.pt,56,18,18,3,2,0.12599994
avgpool_finegrained1_7ZTIP1.pt,56,40,40,3,2,0.19069946000000002
avgpool_finegrained1_SY44CF.pt,56,20,20,3,2,0.13188866
avgpool_finegrained1_UPVR1I.pt,56,39,39,3,2,0.18714905999999995
avgpool_finegrained1_EPQU86.pt,56,38,38,3,2,0.1881451799999999
avgpool_finegrained1_Z5OMHZ.pt,56,34,34,3,2,0.17632006000000003
avgpool_finegrained1_HYOTW6.pt,56,41,41,3,2,0.19753428000000003
avgpool_finegrained1_N8C5KV.pt,56,23,23,3,2,0.19437967999999997
avgpool_finegrained1_JCG2M8.pt,28,116,116,3,2,0.26278569999999996
avgpool_finegrained1_9A8RHV.pt,28,142,142,3,2,0.24892505999999995
avgpool_finegrained1_79JWZV.pt,28,115,115,3,2,0.25287304
avgpool_finegrained1_O14TF2.pt,28,71,71,3,2,0.12907008
avgpool_finegrained1_K4FMJP.pt,28,93,93,3,2,0.15872708000000002
avgpool_finegrained1_UOB4GQ.pt,28,141,141,3,2,0.18166609999999994
avgpool_finegrained1_UBR7RT.pt,28,155,155,3,2,0.19929606
avgpool_finegrained1_0L7332.pt,28,150,150,3,2,0.21325273999999997
avgpool_finegrained1_104FG9.pt,28,87,87,3,2,0.15058266000000006
avgpool_finegrained1_BXNBEC.pt,28,106,106,3,2,0.18469718000000004
avgpool_finegrained1_1F524V.pt,28,119,119,3,2,0.18362821999999995
avgpool_finegrained1_UP4WKG.pt,28,123,123,3,2,0.033579939999999996
avgpool_finegrained1_AVR4TO.pt,28,117,117,3,2,0.18820088000000001
avgpool_finegrained1_IXZVEA.pt,28,137,137,3,2,0.19283222
avgpool_finegrained1_LG5L4G.pt,28,130,130,3,2,0.18896625999999994
avgpool_finegrained1_BW9S06.pt,28,134,134,3,2,0.281736
avgpool_finegrained1_64FHWD.pt,28,74,74,3,2,0.13123591999999998
avgpool_finegrained1_ET6MDZ.pt,28,159,159,3,2,0.19815998000000007
avgpool_finegrained1_EUJ805.pt,28,107,107,3,2,0.16029935999999995
avgpool_finegrained1_CIADMY.pt,28,110,110,3,2,0.1604902
avgpool_finegrained1_BT8TA8.pt,14,165,165,3,2,0.11532002000000001
avgpool_finegrained1_VCWL8X.pt,14,215,215,3,2,0.11463401999999999
avgpool_finegrained1_JRXWER.pt,14,222,222,3,2,0.11680723999999996
avgpool_finegrained1_ZYAOK4.pt,14,156,156,3,2,0.1050096
avgpool_finegrained1_0H4ZMU.pt,14,202,202,3,2,0.1131443
avgpool_finegrained1_H0GQ97.pt,14,212,212,3,2,0.15983512000000005
avgpool_finegrained1_DN2GIH.pt,14,259,259,3,2,0.12550624000000005
avgpool_finegrained1_ONGCOP.pt,14,130,130,3,2,0.10111560000000001
avgpool_finegrained1_2T8K8X.pt,14,120,120,3,2,0.09752084
avgpool_finegrained1_T9L1NG.pt,14,232,232,3,2,0.15511884
avgpool_finegrained1_2F764Q.pt,14,132,132,3,2,0.09708823999999999
avgpool_finegrained1_MYNJ5D.pt,14,140,140,3,2,0.10056348
avgpool_finegrained1_YK4GPG.pt,14,256,256,3,2,0.15457510000000002
avgpool_finegrained1_PZK6RW.pt,14,200,200,3,2,0.14396396
avgpool_finegrained1_RHZBL9.pt,14,237,237,3,2,0.16910432
avgpool_finegrained1_47AZRW.pt,14,145,145,3,2,0.10165982
avgpool_finegrained1_12GHH4.pt,14,207,207,3,2,0.11298588000000002
avgpool_finegrained1_XPMQGH.pt,14,161,161,3,2,0.10511176000000001
avgpool_finegrained1_TE3ZIW.pt,14,188,188,3,2,0.12078231999999994
avgpool_finegrained1_LW0ID4.pt,14,173,173,3,2,0.10825214
avgpool_finegrained1_KQ4QHX.pt,28,73,73,2,1,0.32659308
avgpool_finegrained1_H8NDZN.pt,28,46,46,2,1,0.20279676000000002
avgpool_finegrained1_YYNTVV.pt,28,49,49,2,1,0.20823831999999995
avgpool_finegrained1_LHGHY6.pt,28,41,41,2,1,0.18648334000000005
avgpool_finegrained1_P7T4I1.pt,28,48,48,2,1,0.21426043999999997
avgpool_finegrained1_J2P0DK.pt,28,78,78,2,1,0.3296399399999999
avgpool_finegrained1_IJS3XD.pt,28,80,80,2,1,0.3561877599999999
avgpool_finegrained1_F06R6H.pt,28,62,62,2,1,0.32879258000000006
avgpool_finegrained1_DWQ2SU.pt,28,76,76,2,1,0.3201695599999999
avgpool_finegrained1_AK9LZK.pt,28,56,56,2,1,0.24011056
avgpool_finegrained1_S6BUQJ.pt,28,36,36,2,1,0.2776916
avgpool_finegrained1_MUTNEI.pt,28,53,53,2,1,0.22021040000000006
avgpool_finegrained1_2O0NAF.pt,28,68,68,2,1,0.45302201999999986
avgpool_finegrained1_8Y4DJV.pt,28,60,60,2,1,0.23891774
avgpool_finegrained1_K4GD7R.pt,28,74,74,2,1,0.30005882000000006
avgpool_finegrained1_JS374I.pt,28,57,57,2,1,0.37716712
avgpool_finegrained1_SQD6X0.pt,28,47,47,2,1,0.23647498
avgpool_finegrained1_U43VDE.pt,28,54,54,2,1,0.30726242000000004
avgpool_finegrained1_6LIG1A.pt,28,55,55,2,1,0.22079453999999996
avgpool_finegrained1_UPRUJS.pt,28,70,70,2,1,0.26693874
avgpool_finegrained1_T0JZAE.pt,14,511,511,3,2,0.2711388599999999
avgpool_finegrained1_G8DDSW.pt,14,281,281,3,2,0.02493732
avgpool_finegrained1_F3FETO.pt,14,450,450,3,2,0.1542368
avgpool_finegrained1_6RXBJQ.pt,14,434,434,3,2,0.15650389999999997
avgpool_finegrained1_2T9LT8.pt,14,419,419,3,2,0.15425783999999998
avgpool_finegrained1_OEZ3ED.pt,14,291,291,3,2,0.12835168
avgpool_finegrained1_16PPMY.pt,14,499,499,3,2,0.18897931999999998
avgpool_finegrained1_AHDGDB.pt,14,346,346,3,2,0.13821748000000003
avgpool_finegrained1_PDXXL6.pt,14,498,498,3,2,0.16661415999999998
avgpool_finegrained1_QSB43F.pt,14,319,319,3,2,0.13250689999999998
avgpool_finegrained1_Y0LF4G.pt,14,258,258,3,2,0.12288872000000006
avgpool_finegrained1_7SF7VW.pt,14,260,260,3,2,0.12425080000000004
avgpool_finegrained1_WXAV6H.pt,14,556,556,3,2,0.21573206
avgpool_finegrained1_7IEO3J.pt,14,401,401,3,2,0.16553062000000002
avgpool_finegrained1_LZTCO5.pt,14,468,468,3,2,0.18729695999999993
avgpool_finegrained1_WBOS6X.pt,14,382,382,3,2,0.16151287999999997
avgpool_finegrained1_AI767S.pt,14,369,369,3,2,0.11356251999999997
avgpool_finegrained1_MIDKMQ.pt,14,304,304,3,2,0.15122843999999996
avgpool_finegrained1_ANT4GZ.pt,14,360,360,3,2,0.16297896
avgpool_finegrained1_NB5VDB.pt,14,471,471,3,2,0.20257777999999999
avgpool_finegrained1_UTZF99.pt,28,81,81,2,2,0.13287533999999998
avgpool_finegrained1_4QI3SH.pt,28,45,45,2,2,0.10883842000000002
avgpool_finegrained1_7AB6F5.pt,28,55,55,2,2,0.11402132
avgpool_finegrained1_TCR96H.pt,28,80,80,2,2,0.13283944
avgpool_finegrained1_8RU9UF.pt,28,66,66,2,2,0.1206963
avgpool_finegrained1_R8NT1C.pt,28,49,49,2,2,0.11253596
avgpool_finegrained1_1BN6M3.pt,28,75,75,2,2,0.18205342
avgpool_finegrained1_JW65FK.pt,28,47,47,2,2,0.10567846000000003
avgpool_finegrained1_2RAGRQ.pt,28,71,71,2,2,0.12345150000000002
avgpool_finegrained1_CWHW5E.pt,28,56,56,2,2,0.11234625999999998
avgpool_finegrained1_A1EAX8.pt,28,51,51,2,2,0.11163776
avgpool_finegrained1_QVEZC5.pt,28,98,98,2,2,0.14265539999999996
avgpool_finegrained1_7XAN41.pt,28,86,86,2,2,0.13235204
avgpool_finegrained1_6KARYK.pt,28,78,78,2,2,0.12691397999999998
avgpool_finegrained1_9NXDCC.pt,28,96,96,2,2,0.19707375999999996
avgpool_finegrained1_FK5ZDH.pt,28,64,64,2,2,0.11909845999999998
avgpool_finegrained1_NHFM8L.pt,28,54,54,2,2,0.07705336
avgpool_finegrained1_N6G03L.pt,28,44,44,2,2,0.10648918000000002
avgpool_finegrained1_74U5AJ.pt,28,100,100,2,2,0.14600702
avgpool_finegrained1_JT5ITV.pt,28,90,90,2,2,0.13734535999999997
avgpool_finegrained1_0A7WOD.pt,112,559,559,2,2,1.8548936999999994
avgpool_finegrained1_BSS0G4.pt,112,269,269,2,2,1.5059578199999997
avgpool_finegrained1_RXYQCK.pt,112,305,305,2,2,1.35627074
avgpool_finegrained1_T5LIER.pt,112,450,450,2,2,1.57662526
avgpool_finegrained1_UEW6NJ.pt,112,469,469,2,2,1.4687501800000005
avgpool_finegrained1_MUV55U.pt,112,388,388,2,2,1.6957486400000006
avgpool_finegrained1_C6Q0P8.pt,112,519,519,2,2,1.7955426599999997
avgpool_finegrained1_PQ473X.pt,112,510,510,2,2,1.95026546
avgpool_finegrained1_L0IFAK.pt,112,304,304,2,2,1.3433433000000001
avgpool_finegrained1_0E54KN.pt,112,571,571,2,2,1.8660383599999995
avgpool_finegrained1_U9SRVC.pt,112,418,418,2,2,1.5195931000000003
avgpool_finegrained1_HYGI14.pt,112,543,543,2,2,1.7751418799999998
avgpool_finegrained1_0YKTMQ.pt,112,356,356,2,2,1.4232482400000002
avgpool_finegrained1_UAPLQX.pt,112,274,274,2,2,1.2946759599999995
avgpool_finegrained1_MQ6AL4.pt,112,381,381,2,2,1.3362476799999998
avgpool_finegrained1_ZCXO2R.pt,112,263,263,2,2,1.4881679399999999
avgpool_finegrained1_1QQL05.pt,112,261,261,2,2,0.80571766
avgpool_finegrained1_OGFVP2.pt,112,406,406,2,2,1.4454569999999998
avgpool_finegrained1_OILLUC.pt,112,465,465,2,2,1.3414161000000002
avgpool_finegrained1_3Z8V9A.pt,112,494,494,2,2,1.6971782199999996
avgpool_finegrained1_ZC072O.pt,14,47,47,3,1,0.11765632
avgpool_finegrained1_572U2S.pt,14,64,64,3,1,0.12477854000000002
avgpool_finegrained1_I9VZPH.pt,14,38,38,3,1,0.10365795999999997
avgpool_finegrained1_RUL4UO.pt,14,58,58,3,1,0.11828448
avgpool_finegrained1_5VGJ2L.pt,14,72,72,3,1,0.12858341999999998
avgpool_finegrained1_4HLHVY.pt,14,68,68,3,1,0.13210796000000002
avgpool_finegrained1_FOW4Z4.pt,14,44,44,3,1,0.10937382
avgpool_finegrained1_Y8MTT6.pt,14,31,31,3,1,0.10247604
avgpool_finegrained1_51P9EI.pt,14,39,39,3,1,0.10413146
avgpool_finegrained1_JPL5UG.pt,14,67,67,3,1,0.13604731999999997
avgpool_finegrained1_NVWQNK.pt,14,41,41,3,1,0.10468706
avgpool_finegrained1_XS8L8N.pt,14,49,49,3,1,0.10748806000000002
avgpool_finegrained1_WX4RC3.pt,14,34,34,3,1,0.08862790000000002
avgpool_finegrained1_H6TYVM.pt,14,63,63,3,1,0.11887443999999996
avgpool_finegrained1_GB8H7Z.pt,14,70,70,3,1,0.13524428
avgpool_finegrained1_ANMWQQ.pt,14,52,52,3,1,0.11714862
avgpool_finegrained1_OXDNCW.pt,14,65,65,3,1,0.12326050000000001
avgpool_finegrained1_IBHVLC.pt,14,53,53,3,1,0.11431938000000003
avgpool_finegrained1_IP752I.pt,14,62,62,3,1,0.12609289999999998
avgpool_finegrained1_CFFVU9.pt,14,45,45,3,1,0.1108336
avgpool_finegrained1_6NEKIY.pt,28,588,588,2,2,0.55323482
avgpool_finegrained1_PAWABV.pt,28,923,923,2,2,0.7683264000000003
avgpool_finegrained1_A3T4LW.pt,28,854,854,2,2,0.8393081400000001
avgpool_finegrained1_WLBJN9.pt,28,555,555,2,2,0.5335968000000002
avgpool_finegrained1_531JFC.pt,28,909,909,2,2,0.7119003799999999
avgpool_finegrained1_O7UPQL.pt,28,482,482,2,2,0.39462426000000006
avgpool_finegrained1_VEA5AY.pt,28,441,441,2,2,0.39585686
avgpool_finegrained1_X8W0GO.pt,28,880,880,2,2,0.7996083800000001
avgpool_finegrained1_H8SM7V.pt,28,550,550,2,2,0.45341001999999997
avgpool_finegrained1_B9Z4Z5.pt,28,696,696,2,2,0.6126974
avgpool_finegrained1_LUZB2S.pt,28,520,520,2,2,0.42136026
avgpool_finegrained1_YYDCSU.pt,28,710,710,2,2,0.7931526600000002
avgpool_finegrained1_H1K6KT.pt,28,686,686,2,2,0.7103166599999998
avgpool_finegrained1_QX8YB8.pt,28,761,761,2,2,0.8322043000000002
avgpool_finegrained1_SFEIP9.pt,28,473,473,2,2,0.45265794
avgpool_finegrained1_6B1M19.pt,28,740,740,2,2,0.55404712
avgpool_finegrained1_P0NESY.pt,28,532,532,2,2,0.5282022000000001
avgpool_finegrained1_8AT44N.pt,28,783,783,2,2,0.68189594
avgpool_finegrained1_6756J6.pt,28,480,480,2,2,0.46299781999999995
avgpool_finegrained1_GH7RS5.pt,28,911,911,2,2,0.7628006599999999
avgpool_finegrained1_1MEHYB.pt,56,37,37,2,2,0.18178132000000002
avgpool_finegrained1_R6VMEN.pt,56,34,34,2,2,0.034304140000000004
avgpool_finegrained1_22Z3IC.pt,56,56,56,2,2,0.25418624000000006
avgpool_finegrained1_IV02ZV.pt,56,32,32,2,2,0.1595206
avgpool_finegrained1_WNDV16.pt,56,33,33,2,2,0.16128284
avgpool_finegrained1_4D2WFY.pt,56,29,29,2,2,0.15064982
avgpool_finegrained1_ONS59I.pt,56,46,46,2,2,0.2125497999999999
avgpool_finegrained1_HY44KQ.pt,56,27,27,2,2,0.15384691999999997
avgpool_finegrained1_GSUBO4.pt,56,44,44,2,2,0.18903337999999997
avgpool_finegrained1_9J62BQ.pt,56,38,38,2,2,0.26834078
avgpool_finegrained1_K4P3A0.pt,56,39,39,2,2,0.17409456000000006
avgpool_finegrained1_P4F40E.pt,56,54,54,2,2,0.21183655999999995
avgpool_finegrained1_W6D5FU.pt,56,26,26,2,2,0.13978042000000002
avgpool_finegrained1_NO1PB8.pt,56,57,57,2,2,0.25245559999999995
avgpool_finegrained1_4VEP7R.pt,56,61,61,2,2,0.23480938
avgpool_finegrained1_AFS0T2.pt,56,55,55,2,2,0.21954365999999997
avgpool_finegrained1_EEZ4WD.pt,56,53,53,2,2,0.21627764
avgpool_finegrained1_IQ8GAV.pt,56,40,40,2,2,0.18060904
avgpool_finegrained1_UV5YIM.pt,56,41,41,2,2,0.17993918000000003
avgpool_finegrained1_RGS24K.pt,56,58,58,2,2,0.22704487999999998
avgpool_finegrained1_03ZWX2.pt,28,44,44,2,2,0.10123930000000005
avgpool_finegrained1_RG2UF4.pt,28,65,65,2,2,0.16856216000000004
avgpool_finegrained1_1S1E6O.pt,28,35,35,2,2,0.09683226000000002
avgpool_finegrained1_CDNUW2.pt,28,38,38,2,2,0.12192504000000003
avgpool_finegrained1_S55D1R.pt,28,56,56,2,2,0.11363466000000001
avgpool_finegrained1_YP1LVR.pt,28,48,48,2,2,0.1464162
avgpool_finegrained1_U8XQUK.pt,28,53,53,2,2,0.11323936
avgpool_finegrained1_DIV31S.pt,28,42,42,2,2,0.10865757999999999
avgpool_finegrained1_IXJDRH.pt,28,51,51,2,2,0.10854524000000004
avgpool_finegrained1_VG56M4.pt,28,50,50,2,2,0.10995984
avgpool_finegrained1_4EDD5Y.pt,28,63,63,2,2,0.16759681999999995
avgpool_finegrained1_QZARNM.pt,28,68,68,2,2,0.12003768
avgpool_finegrained1_N04R6F.pt,28,67,67,2,2,0.11794334000000001
avgpool_finegrained1_VYK7TW.pt,28,70,70,2,2,0.11924064000000004
avgpool_finegrained1_BF7E7M.pt,28,49,49,2,2,0.10374908000000001
avgpool_finegrained1_5FADAE.pt,28,69,69,2,2,0.1209388
avgpool_finegrained1_3OCA9L.pt,28,66,66,2,2,0.11936542000000001
avgpool_finegrained1_K1G0WI.pt,28,58,58,2,2,0.11497244000000004
avgpool_finegrained1_NR4MDO.pt,28,57,57,2,2,0.10973644
avgpool_finegrained1_WDWPMS.pt,28,55,55,2,2,0.11044426000000003
avgpool_finegrained1_4VU7M1.pt,14,364,364,2,2,0.15551264
avgpool_finegrained1_T1F65J.pt,14,463,463,2,2,0.15263156000000003
avgpool_finegrained1_UEH8GM.pt,14,353,353,2,2,0.13066582000000002
avgpool_finegrained1_4B587K.pt,14,561,561,2,2,0.17945067999999992
avgpool_finegrained1_TY4RTU.pt,14,277,277,2,2,0.12370605999999995
avgpool_finegrained1_2E99KL.pt,14,313,313,2,2,0.15936587999999996
avgpool_finegrained1_Z4DBM0.pt,14,477,477,2,2,0.15291773999999994
avgpool_finegrained1_XX986E.pt,14,418,418,2,2,0.14608098000000003
avgpool_finegrained1_DIRUUC.pt,14,311,311,2,2,0.12698722
avgpool_finegrained1_LR07HC.pt,14,419,419,2,2,0.13892549999999998
avgpool_finegrained1_IAF71Z.pt,14,269,269,2,2,0.11606604000000002
avgpool_finegrained1_MPE5QD.pt,14,519,519,2,2,0.032526959999999994
avgpool_finegrained1_RHAK9T.pt,14,604,604,2,2,0.17120591999999998
avgpool_finegrained1_K4BJO2.pt,14,491,491,2,2,0.15705831999999997
avgpool_finegrained1_47JMI5.pt,14,507,507,2,2,0.24209076000000004
avgpool_finegrained1_WMO90W.pt,14,464,464,2,2,0.15289164
avgpool_finegrained1_8UNMDZ.pt,14,496,496,2,2,0.20075401999999998
avgpool_finegrained1_Q98HMI.pt,14,324,324,2,2,0.12756323999999997
avgpool_finegrained1_TRSJS1.pt,14,514,514,2,2,0.22572238
avgpool_finegrained1_08XOBS.pt,14,517,517,2,2,0.15672117999999996
avgpool_finegrained1_XNWJ1U.pt,28,195,195,3,2,0.24858923999999993
avgpool_finegrained1_K7K7OC.pt,28,152,152,3,2,0.2166944
avgpool_finegrained1_CNZ7NY.pt,28,227,227,3,2,0.25537616
avgpool_finegrained1_142PF7.pt,28,163,163,3,2,0.32060162000000003
avgpool_finegrained1_LJTE7X.pt,28,154,154,3,2,0.20465211999999994
avgpool_finegrained1_3A2BPS.pt,28,181,181,3,2,0.3521667200000001
avgpool_finegrained1_GUIDDL.pt,28,147,147,3,2,0.1907184
avgpool_finegrained1_G524TC.pt,28,190,190,3,2,0.21832531999999996
avgpool_finegrained1_TV4514.pt,28,157,157,3,2,0.31800978
avgpool_finegrained1_ENCA8I.pt,28,217,217,3,2,0.2967232
avgpool_finegrained1_928DEQ.pt,28,240,240,3,2,0.31167954000000003
avgpool_finegrained1_83IDVA.pt,28,199,199,3,2,0.28886746
avgpool_finegrained1_X6JKY2.pt,28,247,247,3,2,0.2590464800000001
avgpool_finegrained1_3BTPKO.pt,28,255,255,3,2,0.35365114
avgpool_finegrained1_S3SCWK.pt,28,205,205,3,2,0.26782810000000007
avgpool_finegrained1_VABY6A.pt,28,186,186,3,2,0.23091308000000002
avgpool_finegrained1_4MJ6GG.pt,28,178,178,3,2,0.2363683799999999
avgpool_finegrained1_AWATRS.pt,28,230,230,3,2,0.24931812000000003
avgpool_finegrained1_V1NGRQ.pt,28,198,198,3,2,0.2646252
avgpool_finegrained1_ZA8LM7.pt,28,131,131,3,2,0.20517751999999995
avgpool_finegrained1_YCOAL3.pt,56,45,45,3,2,0.21363043999999992
avgpool_finegrained1_AAIIPX.pt,56,46,46,3,2,0.29593569999999997
avgpool_finegrained1_HN1PMH.pt,56,54,54,3,2,0.27776552
avgpool_finegrained1_G3ONXY.pt,56,52,52,3,2,0.27550487999999995
avgpool_finegrained1_C5TTJQ.pt,56,30,30,3,2,0.26059372
avgpool_finegrained1_TM5HOW.pt,56,61,61,3,2,0.32408466
avgpool_finegrained1_4A49CV.pt,56,38,38,3,2,0.20253471999999992
avgpool_finegrained1_8W8EPS.pt,56,44,44,3,2,0.25521654000000005
avgpool_finegrained1_3Y8Q6P.pt,56,40,40,3,2,0.20786784
avgpool_finegrained1_UDW1GP.pt,56,47,47,3,2,0.21311676000000002
avgpool_finegrained1_SGTZPT.pt,56,39,39,3,2,0.18459988
avgpool_finegrained1_73VM1L.pt,56,32,32,3,2,0.25634566
avgpool_finegrained1_G84548.pt,56,26,26,3,2,0.15736758
avgpool_finegrained1_OHV5RB.pt,56,56,56,3,2,0.26275968000000005
avgpool_finegrained1_N2Y4DT.pt,56,50,50,3,2,0.30373056000000015
avgpool_finegrained1_E9HZEM.pt,56,33,33,3,2,0.18080398000000003
avgpool_finegrained1_M7TI8R.pt,56,58,58,3,2,0.2441459599999999
avgpool_finegrained1_9KD096.pt,56,31,31,3,2,0.16765558000000003
avgpool_finegrained1_R6ZYWK.pt,56,34,34,3,2,0.17428731999999997
avgpool_finegrained1_N6227K.pt,56,43,43,3,2,0.19794935999999996
avgpool_finegrained1_B2POY7.pt,112,320,320,2,2,1.4308804999999998
avgpool_finegrained1_736JPD.pt,112,487,487,2,2,1.6086310399999997
avgpool_finegrained1_TN2JPM.pt,112,593,593,2,2,1.6595627199999998
avgpool_finegrained1_79SUA3.pt,112,328,328,2,2,1.4751258399999998
avgpool_finegrained1_52PLQX.pt,112,323,323,2,2,1.30127318
avgpool_finegrained1_X36WCK.pt,112,518,518,2,2,1.88369512
avgpool_finegrained1_BJ0ZLJ.pt,112,413,413,2,2,1.55886382
avgpool_finegrained1_9UL4SK.pt,112,417,417,2,2,1.7219677600000003
avgpool_finegrained1_81UFVY.pt,112,533,533,2,2,1.7087255600000004
avgpool_finegrained1_WGP9KH.pt,112,340,340,2,2,1.3957684800000003
avgpool_finegrained1_WJX11A.pt,112,300,300,2,2,1.9976772999999994
avgpool_finegrained1_J5VJJO.pt,112,448,448,2,2,1.5650934400000003
avgpool_finegrained1_HWQOEX.pt,112,331,331,2,2,1.4526181999999996
avgpool_finegrained1_NG2XQJ.pt,112,460,460,2,2,1.5861079
avgpool_finegrained1_8CA0D5.pt,112,492,492,2,2,1.8264804000000003
avgpool_finegrained1_X250H2.pt,112,422,422,2,2,1.5221410400000002
avgpool_finegrained1_FKWWHN.pt,112,353,353,2,2,1.50455874
avgpool_finegrained1_YH0GTN.pt,112,266,266,2,2,1.38369498
avgpool_finegrained1_6LFF2Z.pt,112,386,386,2,2,1.3549065799999997
avgpool_finegrained1_5Y0RVR.pt,112,295,295,2,2,1.5504125199999998
avgpool_finegrained1_PIAZ5O.pt,224,98,98,2,2,1.60712726
avgpool_finegrained1_DJCQ5F.pt,224,120,120,2,2,1.5014363200000003
avgpool_finegrained1_890HRZ.pt,224,87,87,2,2,1.5307438599999994
avgpool_finegrained1_62M471.pt,224,108,108,2,2,1.7383223200000004
avgpool_finegrained1_G667LT.pt,224,130,130,2,2,1.63489916
avgpool_finegrained1_BH8RRS.pt,224,131,131,2,2,1.6797908999999998
avgpool_finegrained1_DUS43S.pt,224,96,96,2,2,1.5824764799999997
avgpool_finegrained1_021RTW.pt,224,83,83,2,2,1.3176387400000003
avgpool_finegrained1_FOWTZX.pt,224,157,157,2,2,1.8786940400000003
avgpool_finegrained1_B0H6I6.pt,224,101,101,2,2,1.6857222199999993
avgpool_finegrained1_IHYR1Y.pt,224,99,99,2,2,1.39382082
avgpool_finegrained1_LA0ZZ3.pt,224,117,117,2,2,1.9236046199999997
avgpool_finegrained1_8CDGSH.pt,224,74,74,2,2,1.56637326
avgpool_finegrained1_GCLRGR.pt,224,84,84,2,2,1.4597146399999996
avgpool_finegrained1_9R6HH2.pt,224,72,72,2,2,1.440065
avgpool_finegrained1_WOMD18.pt,224,147,147,2,2,1.94665046
avgpool_finegrained1_JX9JKN.pt,224,156,156,2,2,1.9664363199999997
avgpool_finegrained1_GGI5IQ.pt,224,153,153,2,2,1.84666194
avgpool_finegrained1_URP3T4.pt,224,86,86,2,2,1.4085987199999999
avgpool_finegrained1_OUNTS9.pt,224,141,141,2,2,1.7270357000000007
avgpool_finegrained1_7T4OCQ.pt,14,193,193,2,2,0.11775636
avgpool_finegrained1_MX521R.pt,14,143,143,2,2,0.07868475999999999
avgpool_finegrained1_SL4BH0.pt,14,168,168,2,2,0.13092963999999996
avgpool_finegrained1_ZTDEGK.pt,14,135,135,2,2,0.12683156
avgpool_finegrained1_ZVE94C.pt,14,120,120,2,2,0.10797446
avgpool_finegrained1_YGGMCI.pt,14,216,216,2,2,0.11524502000000002
avgpool_finegrained1_EIB46B.pt,14,161,161,2,2,0.10504404
avgpool_finegrained1_MEAWMB.pt,14,283,283,2,2,0.13391234000000002
avgpool_finegrained1_TG9WPY.pt,14,231,231,2,2,0.11599782000000003
avgpool_finegrained1_7UUZND.pt,14,206,206,2,2,0.12478414000000003
avgpool_finegrained1_ZZHR3A.pt,14,233,233,2,2,0.12439160000000005
avgpool_finegrained1_54WIFZ.pt,14,227,227,2,2,0.021655759999999996
avgpool_finegrained1_DLFO58.pt,14,176,176,2,2,0.13271122
avgpool_finegrained1_M184QZ.pt,14,237,237,2,2,0.12886583999999998
avgpool_finegrained1_O2XVPZ.pt,14,163,163,2,2,0.10224507999999999
avgpool_finegrained1_O03AX1.pt,14,263,263,2,2,0.13016728000000002
avgpool_finegrained1_BMC4MW.pt,14,177,177,2,2,0.10890909999999997
avgpool_finegrained1_KMD0FF.pt,14,214,214,2,2,0.11600562000000002
avgpool_finegrained1_J2BRWC.pt,14,220,220,2,2,0.13406866000000003
avgpool_finegrained1_KH73LC.pt,14,259,259,2,2,0.15239762
avgpool_finegrained1_BQHDMM.pt,14,201,201,2,2,0.11861658000000004
avgpool_finegrained1_7Y4EQD.pt,14,216,216,2,2,0.12511267999999998
avgpool_finegrained1_2JSV88.pt,14,273,273,2,2,0.12140456000000001
avgpool_finegrained1_9YWNR2.pt,14,131,131,2,2,0.11607218000000001
avgpool_finegrained1_8BQGRU.pt,14,175,175,2,2,0.14342174
avgpool_finegrained1_GFXV6M.pt,14,246,246,2,2,0.12307623999999995
avgpool_finegrained1_V1ZU7B.pt,14,276,276,2,2,0.12035398000000001
avgpool_finegrained1_PZ3FTJ.pt,14,242,242,2,2,0.11263779999999998
avgpool_finegrained1_J8OAKU.pt,14,236,236,2,2,0.10997606000000001
avgpool_finegrained1_B4NM56.pt,14,141,141,2,2,0.09747751999999997
avgpool_finegrained1_8EI8LW.pt,14,264,264,2,2,0.11178476000000001
avgpool_finegrained1_KEFZHJ.pt,14,281,281,2,2,0.11863080000000002
avgpool_finegrained1_IMHNI6.pt,14,278,278,2,2,0.11598898000000003
avgpool_finegrained1_NEZ42D.pt,14,275,275,2,2,0.11559730000000001
avgpool_finegrained1_9011OV.pt,14,193,193,2,2,0.09976060000000002
avgpool_finegrained1_ZNPL3F.pt,14,159,159,2,2,0.10359807999999998
avgpool_finegrained1_YKBLVL.pt,14,182,182,2,2,0.10667365999999999
avgpool_finegrained1_EFOIPA.pt,14,250,250,2,2,0.13060258
avgpool_finegrained1_S56MPQ.pt,14,184,184,2,2,0.10742228000000004
avgpool_finegrained1_6FPAZC.pt,14,151,151,2,2,0.09876074000000001
avgpool_finegrained1_WAUEYU.pt,14,385,385,2,1,0.38836412000000003
avgpool_finegrained1_LG7OVY.pt,14,349,349,2,1,0.32732739999999994
avgpool_finegrained1_C21IF3.pt,14,275,275,2,1,0.27235217999999994
avgpool_finegrained1_E8AD1E.pt,14,360,360,2,1,0.43078131999999997
avgpool_finegrained1_BLIQ9T.pt,14,350,350,2,1,0.35686204
avgpool_finegrained1_G8LGYZ.pt,14,557,557,2,1,0.58820004
avgpool_finegrained1_NQ60O8.pt,14,454,454,2,1,0.41184615999999996
avgpool_finegrained1_604I70.pt,14,274,274,2,1,0.27681610000000006
avgpool_finegrained1_VCDBNI.pt,14,518,518,2,1,0.5060211600000002
avgpool_finegrained1_Y282S4.pt,14,345,345,2,1,0.37433572000000004
avgpool_finegrained1_DI39Y9.pt,14,449,449,2,1,0.47965710000000006
avgpool_finegrained1_OT3DTZ.pt,14,387,387,2,1,0.3933827599999999
avgpool_finegrained1_W30RPS.pt,14,394,394,2,1,0.40513856
avgpool_finegrained1_ASYW78.pt,14,248,248,2,1,0.2838047000000001
avgpool_finegrained1_JIRXW3.pt,14,405,405,2,1,0.3966413800000001
avgpool_finegrained1_36PLN8.pt,14,357,357,2,1,0.35795364
avgpool_finegrained1_9ZL2KQ.pt,14,363,363,2,1,0.39679528000000003
avgpool_finegrained1_U7TB6C.pt,14,498,498,2,1,0.5478040599999999
avgpool_finegrained1_B2SOGR.pt,14,362,362,2,1,0.34245656
avgpool_finegrained1_8XLL5A.pt,14,268,268,2,1,0.3768778
avgpool_finegrained1_GZH770.pt,56,36,36,2,2,0.2098313
avgpool_finegrained1_Y4SECL.pt,56,30,30,2,2,0.036878940000000006
avgpool_finegrained1_ISU2N1.pt,56,61,61,2,2,0.24024148000000003
avgpool_finegrained1_321IFD.pt,56,32,32,2,2,0.21761146000000003
avgpool_finegrained1_J65Z86.pt,56,43,43,2,2,0.19817432000000001
avgpool_finegrained1_HJLQXX.pt,56,55,55,2,2,0.22464570000000003
avgpool_finegrained1_V9VQQF.pt,56,50,50,2,2,0.21510838000000007
avgpool_finegrained1_C30DPW.pt,56,65,65,2,2,0.25390422
avgpool_finegrained1_YZ1WRG.pt,56,45,45,2,2,0.19785904
avgpool_finegrained1_ZNO4YW.pt,56,49,49,2,2,0.24400789999999997
avgpool_finegrained1_O773BW.pt,56,29,29,2,2,0.16048178
avgpool_finegrained1_TJNGOK.pt,56,41,41,2,2,0.20373950000000005
avgpool_finegrained1_IRZSXD.pt,56,53,53,2,2,0.23354678
avgpool_finegrained1_YEYHJ9.pt,56,38,38,2,2,0.19942951999999992
avgpool_finegrained1_QBD5CL.pt,56,54,54,2,2,0.21534443999999994
avgpool_finegrained1_TPQARU.pt,56,51,51,2,2,0.2110983
avgpool_finegrained1_DBS8C9.pt,56,40,40,2,2,0.18115466000000002
avgpool_finegrained1_SE7LM3.pt,56,60,60,2,2,0.23183364
avgpool_finegrained1_PCH8QR.pt,56,42,42,2,2,0.18823558
avgpool_finegrained1_ATV2VD.pt,56,64,64,2,2,0.24232581999999997
avgpool_finegrained1_N1JV40.pt,28,141,141,2,2,0.1891458
avgpool_finegrained1_6DMOET.pt,28,290,290,2,2,0.37776856000000003
avgpool_finegrained1_V6M3YN.pt,28,211,211,2,2,0.23781392
avgpool_finegrained1_5XKR94.pt,28,281,281,2,2,0.44030622
avgpool_finegrained1_D8AIAX.pt,28,208,208,2,2,0.21526662000000002
avgpool_finegrained1_UCQGZ5.pt,28,142,142,2,2,0.17009950000000004
avgpool_finegrained1_VP0HWP.pt,28,274,274,2,2,0.37028234
avgpool_finegrained1_FVX2FV.pt,28,256,256,2,2,0.28644844
avgpool_finegrained1_GRK9UN.pt,28,300,300,2,2,0.32674440000000005
avgpool_finegrained1_C7RG5A.pt,28,130,130,2,2,0.16045717999999998
avgpool_finegrained1_YTMON9.pt,28,164,164,2,2,0.18149975999999995
avgpool_finegrained1_RBAJWI.pt,28,267,267,2,2,0.28644353999999994
avgpool_finegrained1_59FSY4.pt,28,149,149,2,2,0.18932980000000005
avgpool_finegrained1_EYMR6K.pt,28,233,233,2,2,0.24657059999999997
avgpool_finegrained1_HM5Z92.pt,28,148,148,2,2,0.20429426
avgpool_finegrained1_MPBG8N.pt,28,218,218,2,2,0.2141301
avgpool_finegrained1_RS0FLN.pt,28,194,194,2,2,0.22160567999999997
avgpool_finegrained1_0J17XS.pt,28,165,165,2,2,0.20794996000000002
avgpool_finegrained1_AI2L9D.pt,28,210,210,2,2,0.21766317999999998
avgpool_finegrained1_CL0VEH.pt,28,140,140,2,2,0.17002125999999998
avgpool_finegrained1_E5XKZQ.pt,28,155,155,2,2,0.18048262000000004
avgpool_finegrained1_C12NK2.pt,28,173,173,2,2,0.19439034
avgpool_finegrained1_FDX1CY.pt,28,198,198,2,2,0.24224729999999997
avgpool_finegrained1_8YUK0X.pt,28,153,153,2,2,0.19818726000000006
avgpool_finegrained1_U1KQK9.pt,28,226,226,2,2,0.35784249999999995
avgpool_finegrained1_U6YQDZ.pt,28,202,202,2,2,0.21486170000000002
avgpool_finegrained1_N5VNGV.pt,28,209,209,2,2,0.24814313999999998
avgpool_finegrained1_N2JSXT.pt,28,276,276,2,2,0.28281062
avgpool_finegrained1_57G809.pt,28,171,171,2,2,0.19206078000000004
avgpool_finegrained1_AR0MMW.pt,28,125,125,2,2,0.1624601
avgpool_finegrained1_O5FK6C.pt,28,208,208,2,2,0.23367730000000006
avgpool_finegrained1_V6C1O9.pt,28,214,214,2,2,0.04733758000000002
avgpool_finegrained1_TMTIU8.pt,28,122,122,2,2,0.16157348
avgpool_finegrained1_EVGYZ2.pt,28,281,281,2,2,0.27528460000000005
avgpool_finegrained1_BFL0T1.pt,28,161,161,2,2,0.18642203999999996
avgpool_finegrained1_EB6MUO.pt,28,243,243,2,2,0.23661404000000005
avgpool_finegrained1_5K2DEK.pt,28,141,141,2,2,0.16724035999999998
avgpool_finegrained1_QL7CN8.pt,28,177,177,2,2,0.19635284000000003
avgpool_finegrained1_I89ZF0.pt,28,234,234,2,2,0.2552870200000001
avgpool_finegrained1_V435RE.pt,28,213,213,2,2,0.26226898000000004
avgpool_finegrained1_G05W8C.pt,28,141,141,2,1,0.7160356
avgpool_finegrained1_TIO5NX.pt,28,250,250,2,1,0.8190541999999997
avgpool_finegrained1_R68Y3Y.pt,28,262,262,2,1,0.9491033999999998
avgpool_finegrained1_GG5J7H.pt,28,179,179,2,1,0.58822818
avgpool_finegrained1_H0YEAY.pt,28,120,120,2,1,0.4838002599999999
avgpool_finegrained1_YOSUZ5.pt,28,188,188,2,1,0.63618582
avgpool_finegrained1_B8KADU.pt,28,159,159,2,1,0.6351548600000001
avgpool_finegrained1_P22K65.pt,28,131,131,2,1,0.48047386000000003
avgpool_finegrained1_1CTGMN.pt,28,183,183,2,1,0.6690928000000004
avgpool_finegrained1_N6VPWN.pt,28,152,152,2,1,0.48956136000000006
avgpool_finegrained1_3UH9UZ.pt,28,149,149,2,1,0.4945766199999999
avgpool_finegrained1_U1UR58.pt,28,276,276,2,1,0.86019564
avgpool_finegrained1_GSMJJ4.pt,28,176,176,2,1,0.5863131199999999
avgpool_finegrained1_CIMHGB.pt,28,190,190,2,1,0.8671542999999998
avgpool_finegrained1_NZ8BP5.pt,28,281,281,2,1,0.8879186599999997
avgpool_finegrained1_26WGJU.pt,28,189,189,2,1,0.6177288199999998
avgpool_finegrained1_FV81XB.pt,28,172,172,2,1,0.7421767399999999
avgpool_finegrained1_KPSK1E.pt,28,148,148,2,1,0.5685846000000001
avgpool_finegrained1_R17CD0.pt,28,142,142,2,1,0.5208031
avgpool_finegrained1_GW54ZK.pt,28,163,163,2,1,0.6200147199999999
avgpool_finegrained1_HAZEFX.pt,56,300,300,2,2,1.03645562
avgpool_finegrained1_V3BTP7.pt,56,547,547,2,2,1.1706482200000006
avgpool_finegrained1_12BOZW.pt,56,493,493,2,2,1.2926441199999996
avgpool_finegrained1_94V9GZ.pt,56,457,457,2,2,1.1236664200000002
avgpool_finegrained1_TIO70Z.pt,56,452,452,2,2,1.04878026
avgpool_finegrained1_SZ9TPA.pt,56,541,541,2,2,1.23590028
avgpool_finegrained1_0H2SVJ.pt,56,450,450,2,2,1.0946727200000006
avgpool_finegrained1_N6C6UA.pt,56,283,283,2,2,0.8774692399999998
avgpool_finegrained1_IP8LJZ.pt,56,550,550,2,2,1.1563725200000001
avgpool_finegrained1_L04TB6.pt,56,256,256,2,2,0.8831538400000002
avgpool_finegrained1_GF5TQG.pt,56,293,293,2,2,0.8544083600000002
avgpool_finegrained1_Q84HH0.pt,56,387,387,2,2,1.1469284000000004
avgpool_finegrained1_NW7O36.pt,56,287,287,2,2,1.0457431599999998
avgpool_finegrained1_JKR57N.pt,56,325,325,2,2,1.16954476
avgpool_finegrained1_IHEUG0.pt,56,397,397,2,2,1.07782076
avgpool_finegrained1_0LGHH1.pt,56,381,381,2,2,1.06787762
avgpool_finegrained1_XMKWLD.pt,56,425,425,2,2,0.9662211199999997
avgpool_finegrained1_AMUDQA.pt,56,540,540,2,2,1.12380988
avgpool_finegrained1_IZVECC.pt,56,344,344,2,2,0.8668426199999996
avgpool_finegrained1_5WIR1W.pt,56,519,519,2,2,1.1222052199999997
avgpool_finegrained1_ZEAV10.pt,14,12,12,2,1,0.08358402
avgpool_finegrained1_AE8M45.pt,14,21,21,2,1,0.01713582
avgpool_finegrained1_UKL43X.pt,14,20,20,2,1,0.08853244
avgpool_finegrained1_KLFAAP.pt,14,18,18,2,1,0.09210318
avgpool_finegrained1_DCA525.pt,14,22,22,2,1,0.09180727999999996
avgpool_finegrained1_MK77G8.pt,14,23,23,2,1,0.09239193999999999
avgpool_finegrained1_AFO7BB.pt,14,17,17,2,1,0.08903423999999999
avgpool_finegrained1_9P8GRF.pt,14,19,19,2,1,0.08873824
avgpool_finegrained1_VFV02N.pt,14,25,25,2,1,0.11332712
avgpool_finegrained1_QAB9M4.pt,14,16,16,2,1,0.10312400000000002
avgpool_finegrained1_IZBT9C.pt,14,14,14,2,1,0.09108058
avgpool_finegrained1_NQ523J.pt,14,13,13,2,1,0.08506848000000002
avgpool_finegrained1_F3N8J9.pt,14,15,15,2,1,0.08891312000000007
avgpool_finegrained1_5JPAA7.pt,14,24,24,2,1,0.09212261999999999
avgpool_finegrained1_LDIX4B.pt,14,27,27,2,1,0.09341504000000005
avgpool_finegrained1_TL6F86.pt,14,26,26,2,1,0.10922144000000003
avgpool_finegrained1_X055FW.pt,112,78,78,3,2,1.0415781400000004
avgpool_finegrained1_Z126TD.pt,112,123,123,3,2,1.2688405200000004
avgpool_finegrained1_8ADGHD.pt,112,132,132,3,2,1.5172308199999998
avgpool_finegrained1_WHP89J.pt,112,118,118,3,2,1.2728570199999996
avgpool_finegrained1_9IZ15K.pt,112,125,125,3,2,1.11159248
avgpool_finegrained1_0T0CPT.pt,112,138,138,3,2,1.3960697799999997
avgpool_finegrained1_1M3NB3.pt,112,130,130,3,2,1.3045016799999996
avgpool_finegrained1_5Y6E9K.pt,112,113,113,3,2,1.3410499999999996
avgpool_finegrained1_NVJS4N.pt,112,127,127,3,2,1.3746495400000007
avgpool_finegrained1_YXIRPT.pt,112,96,96,3,2,1.12470744
avgpool_finegrained1_568DZI.pt,112,99,99,3,2,1.1883229199999996
avgpool_finegrained1_55ABIP.pt,112,156,156,3,2,1.3981648399999997
avgpool_finegrained1_9BHQAE.pt,112,100,100,3,2,1.06752052
avgpool_finegrained1_OD09HN.pt,112,179,179,3,2,1.3118464799999998
avgpool_finegrained1_9UIRG7.pt,112,136,136,3,2,0.9046341200000001
avgpool_finegrained1_2T4FL3.pt,112,178,178,3,2,1.6925747800000002
avgpool_finegrained1_KMATQZ.pt,112,167,167,3,2,1.3977511800000002
avgpool_finegrained1_T8JLRL.pt,112,177,177,3,2,1.4874074599999998
avgpool_finegrained1_00Q42T.pt,112,146,146,3,2,1.4640009999999999
avgpool_finegrained1_7KT19N.pt,112,157,157,3,2,1.6746690999999998
avgpool_finegrained1_LIMLMX.pt,28,139,139,2,1,0.4840641000000001
avgpool_finegrained1_FO34DR.pt,28,221,221,2,1,0.81712766
avgpool_finegrained1_TPSVR7.pt,28,167,167,2,1,0.5692918599999999
avgpool_finegrained1_P9PLRH.pt,28,275,275,2,1,0.9838073799999999
avgpool_finegrained1_1S2HZ1.pt,28,213,213,2,1,0.7808701
avgpool_finegrained1_B8PWM9.pt,28,181,181,2,1,0.6017760999999999
avgpool_finegrained1_I9NNK1.pt,28,195,195,2,1,0.84996158
avgpool_finegrained1_Q8HYD9.pt,28,130,130,2,1,0.5764270400000001
avgpool_finegrained1_6CD195.pt,28,262,262,2,1,0.9485682799999996
avgpool_finegrained1_MJ2EUS.pt,28,186,186,2,1,0.7265114000000001
avgpool_finegrained1_YCRP6I.pt,28,284,284,2,1,1.0488940600000003
avgpool_finegrained1_QV2XNB.pt,28,245,245,2,1,0.8386475999999997
avgpool_finegrained1_1U7VF2.pt,28,185,185,2,1,0.77356136
avgpool_finegrained1_N0O2Y2.pt,28,271,271,2,1,1.0253273200000002
avgpool_finegrained1_LUBVQK.pt,28,274,274,2,1,0.9443738799999997
avgpool_finegrained1_6DYTYP.pt,28,301,301,2,1,0.18856926
avgpool_finegrained1_WHBK1T.pt,28,175,175,2,1,0.6394407999999999
avgpool_finegrained1_IFT06O.pt,28,236,236,2,1,0.6901450399999999
avgpool_finegrained1_8JY1NK.pt,28,180,180,2,1,0.7547046999999999
avgpool_finegrained1_D7B0DL.pt,28,209,209,2,1,0.9638843600000002
avgpool_finegrained1_7GGIKR.pt,14,352,352,3,2,0.13831751999999997
avgpool_finegrained1_Y2PZXH.pt,14,453,453,3,2,0.15766945999999998
avgpool_finegrained1_IZWRCK.pt,14,575,575,3,2,0.18060047999999998
avgpool_finegrained1_H5A2ZG.pt,14,248,248,3,2,0.11951487999999999
avgpool_finegrained1_5HOJ55.pt,14,572,572,3,2,0.18088268000000007
avgpool_finegrained1_G00LDS.pt,14,479,479,3,2,0.16011016
avgpool_finegrained1_ZNJSK0.pt,14,570,570,3,2,0.2898621
avgpool_finegrained1_4OEXLM.pt,14,442,442,3,2,0.15237164
avgpool_finegrained1_ZA8ATD.pt,14,323,323,3,2,0.13196781999999999
avgpool_finegrained1_W7TBSE.pt,14,509,509,3,2,0.19304720000000003
avgpool_finegrained1_VMC85D.pt,14,392,392,3,2,0.14331671999999998
avgpool_finegrained1_YT47IP.pt,14,430,430,3,2,0.15451267999999999
avgpool_finegrained1_8LZTG7.pt,14,537,537,3,2,0.17502633999999997
avgpool_finegrained1_8Q8BD2.pt,14,527,527,3,2,0.17194173999999995
avgpool_finegrained1_X7YLN9.pt,14,530,530,3,2,0.17321702000000003
avgpool_finegrained1_ITWT4T.pt,14,302,302,3,2,0.14670729999999996
avgpool_finegrained1_GVL3XV.pt,14,372,372,3,2,0.22370578
avgpool_finegrained1_7R0X7L.pt,14,528,528,3,2,0.182056
avgpool_finegrained1_3CPV9A.pt,14,276,276,3,2,0.12692696
avgpool_finegrained1_MGDLW1.pt,14,281,281,3,2,0.13518916
avgpool_finegrained1_XVOZ36.pt,14,463,463,3,2,0.18679401999999995
avgpool_finegrained1_O32SZB.pt,14,523,523,3,2,0.18697281999999993
avgpool_finegrained1_TSNM6O.pt,14,288,288,3,2,0.13701177999999997
avgpool_finegrained1_YR7TJJ.pt,14,407,407,3,2,0.1617744
avgpool_finegrained1_SLJPP5.pt,14,334,334,3,2,0.14781974
avgpool_finegrained1_A6S0CO.pt,14,258,258,3,2,0.15328340000000004
avgpool_finegrained1_XCRXAP.pt,14,550,550,3,2,0.20371804000000002
avgpool_finegrained1_657NOM.pt,14,540,540,3,2,0.21964335999999998
avgpool_finegrained1_ZPMM9F.pt,14,289,289,3,2,0.12792746000000002
avgpool_finegrained1_8RTWB0.pt,14,510,510,3,2,0.17153149999999998
avgpool_finegrained1_QVP7WF.pt,14,482,482,3,2,0.17366368
avgpool_finegrained1_1A2CQA.pt,14,325,325,3,2,0.13176160000000003
avgpool_finegrained1_EO8ANR.pt,14,418,418,3,2,0.14806568000000003
avgpool_finegrained1_QZMSCM.pt,14,304,304,3,2,0.13755232
avgpool_finegrained1_GYVQ2V.pt,14,255,255,3,2,0.12524499999999994
avgpool_finegrained1_2LVDQB.pt,14,549,549,3,2,0.19526040000000003
avgpool_finegrained1_H1320E.pt,14,431,431,3,2,0.16815822000000005
avgpool_finegrained1_Q3SCXG.pt,14,571,571,3,2,0.19699468
avgpool_finegrained1_65B6YU.pt,14,530,530,3,2,0.18073889999999998
avgpool_finegrained1_ZRG7D0.pt,14,486,486,3,2,0.17883288000000003
avgpool_finegrained1_DNQJOS.pt,56,83,83,3,1,1.1499300799999999
avgpool_finegrained1_ATKOE3.pt,56,155,155,3,1,1.31673536
avgpool_finegrained1_W3SYK7.pt,56,120,120,3,1,1.1162246
avgpool_finegrained1_WG5G17.pt,56,112,112,3,1,1.4714128400000004
avgpool_finegrained1_3ILN5D.pt,56,168,168,3,1,1.5004323400000001
avgpool_finegrained1_FMON3E.pt,56,126,126,3,1,0.32946681999999994
avgpool_finegrained1_LYF6XA.pt,56,122,122,3,1,1.2869951600000002
avgpool_finegrained1_4CLXLX.pt,56,138,138,3,1,1.3116897400000003
avgpool_finegrained1_Q35W7W.pt,56,143,143,3,1,1.29686136
avgpool_finegrained1_B7296W.pt,56,81,81,3,1,1.0943298399999999
avgpool_finegrained1_0BK3GO.pt,56,85,85,3,1,1.11732808
avgpool_finegrained1_PBJ35U.pt,56,70,70,3,1,1.1411577000000002
avgpool_finegrained1_LKK8QL.pt,56,117,117,3,1,1.4538161000000007
avgpool_finegrained1_GC8FCD.pt,56,162,162,3,1,1.3690547800000001
avgpool_finegrained1_EM4PVH.pt,56,72,72,3,1,0.9640860000000003
avgpool_finegrained1_6WL8TW.pt,56,89,89,3,1,1.2180498600000003
avgpool_finegrained1_AX38AD.pt,56,110,110,3,1,1.3332026200000002
avgpool_finegrained1_OW0TV0.pt,56,151,151,3,1,1.2752324999999998
avgpool_finegrained1_EIVO5S.pt,56,135,135,3,1,1.2968765399999997
avgpool_finegrained1_FTFBS6.pt,56,93,93,3,1,1.1490064800000004
avgpool_finegrained1_BRRGSL.pt,56,241,241,2,2,0.8892848
avgpool_finegrained1_WCKVM9.pt,56,153,153,2,2,0.5336429400000001
avgpool_finegrained1_TS2DUA.pt,56,232,232,2,2,0.7018632000000001
avgpool_finegrained1_P5EB5U.pt,56,218,218,2,2,0.8328502600000001
avgpool_finegrained1_Z106J4.pt,56,163,163,2,2,0.5682384800000001
avgpool_finegrained1_0T392W.pt,56,192,192,2,2,0.7918529399999998
avgpool_finegrained1_LBPQM6.pt,56,127,127,2,2,0.5307077000000002
avgpool_finegrained1_WPAGQL.pt,56,213,213,2,2,0.6709002199999999
avgpool_finegrained1_448SYA.pt,56,169,169,2,2,0.8724693999999998
avgpool_finegrained1_ML5R1N.pt,56,274,274,2,2,0.8031635200000001
avgpool_finegrained1_0YLYT0.pt,56,147,147,2,2,0.5230247
avgpool_finegrained1_ZST4DY.pt,56,220,220,2,2,0.60860692
avgpool_finegrained1_NYLLWW.pt,56,242,242,2,2,0.7923384200000002
avgpool_finegrained1_RT9UF1.pt,56,248,248,2,2,0.7495463800000001
avgpool_finegrained1_M0EZK8.pt,56,271,271,2,2,0.8045622200000001
avgpool_finegrained1_JHU1CB.pt,56,174,174,2,2,0.6387482000000001
avgpool_finegrained1_A70V2G.pt,56,246,246,2,2,0.7638296199999998
avgpool_finegrained1_Y1H12X.pt,56,157,157,2,2,0.49543086000000014
avgpool_finegrained1_NFTAOR.pt,56,252,252,2,2,0.73675046
avgpool_finegrained1_IDHZWZ.pt,56,205,205,2,2,0.63500434
avgpool_finegrained1_6ZCV4O.pt,28,154,154,2,2,0.17872292
avgpool_finegrained1_NB5ZTZ.pt,28,106,106,2,2,0.14531571999999998
avgpool_finegrained1_8B9L35.pt,28,145,145,2,2,0.1957066
avgpool_finegrained1_FMU04C.pt,28,156,156,2,2,0.19482156
avgpool_finegrained1_PNRDHL.pt,28,109,109,2,2,0.15715730000000003
avgpool_finegrained1_KJPW3W.pt,28,142,142,2,2,0.18751627999999998
avgpool_finegrained1_9TFTDH.pt,28,73,73,2,2,0.12379408
avgpool_finegrained1_OEMQDY.pt,28,121,121,2,2,0.17572448000000002
avgpool_finegrained1_10LDOT.pt,28,141,141,2,2,0.17054078
avgpool_finegrained1_PQFGCC.pt,28,71,71,2,2,0.12242366000000002
avgpool_finegrained1_MK9X98.pt,28,100,100,2,2,0.14256407999999995
avgpool_finegrained1_ADGFB6.pt,28,85,85,2,2,0.13420497999999997
avgpool_finegrained1_19V9YC.pt,28,98,98,2,2,0.14092872
avgpool_finegrained1_USNUQ1.pt,28,104,104,2,2,0.14803628
avgpool_finegrained1_ONKTJ5.pt,28,146,146,2,2,0.19047992
avgpool_finegrained1_9ZXOUC.pt,28,160,160,2,2,0.03831748000000001
avgpool_finegrained1_LSKGRK.pt,28,128,128,2,2,0.17126769999999997
avgpool_finegrained1_UGOZRX.pt,28,96,96,2,2,0.20184681999999998
avgpool_finegrained1_8JWODS.pt,28,68,68,2,2,0.12258069999999999
avgpool_finegrained1_MX0Z72.pt,28,161,161,2,2,0.18260828000000004
avgpool_finegrained1_7D04CW.pt,14,552,552,3,2,0.17879227999999997
avgpool_finegrained1_NSS3ZF.pt,14,307,307,3,2,0.12651154
avgpool_finegrained1_NXF2GW.pt,14,347,347,3,2,0.13858176000000003
avgpool_finegrained1_SXPNNB.pt,14,352,352,3,2,0.15420542
avgpool_finegrained1_KTR01S.pt,14,323,323,3,2,0.13109266
avgpool_finegrained1_VATD4W.pt,14,294,294,3,2,0.12884003999999993
avgpool_finegrained1_8NEYX1.pt,14,308,308,3,2,0.1368887
avgpool_finegrained1_G5SSX3.pt,14,472,472,3,2,0.26687016
avgpool_finegrained1_QRVOF9.pt,14,409,409,3,2,0.16651700000000005
avgpool_finegrained1_PFWK1B.pt,14,374,374,3,2,0.14162033999999998
avgpool_finegrained1_OF4U95.pt,14,341,341,3,2,0.13932723999999996
avgpool_finegrained1_KA2L0S.pt,14,594,594,3,2,0.19037442000000002
avgpool_finegrained1_ZLMVN8.pt,14,413,413,3,2,0.18738384000000008
avgpool_finegrained1_T2SKZC.pt,14,600,600,3,2,0.19475683999999993
avgpool_finegrained1_AXN1T3.pt,14,590,590,3,2,0.18462098000000002
avgpool_finegrained1_MXKXIR.pt,14,478,478,3,2,0.18033671999999995
avgpool_finegrained1_WOOCPQ.pt,14,477,477,3,2,0.19998118
avgpool_finegrained1_QLAL2Z.pt,14,557,557,3,2,0.19672410000000004
avgpool_finegrained1_ZU1VUG.pt,14,423,423,3,2,0.15700236000000004
avgpool_finegrained1_VJTEWS.pt,14,460,460,3,2,0.16303426000000001
avgpool_finegrained1_96LD39.pt,112,557,557,2,2,2.0116531799999997
avgpool_finegrained1_DWN84D.pt,112,521,521,2,2,1.7558164199999993
avgpool_finegrained1_YX3RW4.pt,112,544,544,2,2,1.6536042200000005
avgpool_finegrained1_47VZW7.pt,112,433,433,2,2,1.7057186
avgpool_finegrained1_MV7IXM.pt,112,335,335,2,2,1.4911350400000003
avgpool_finegrained1_IDL40W.pt,112,556,556,2,2,1.9252297000000007
avgpool_finegrained1_0J2WQT.pt,112,565,565,2,2,1.7930105999999997
avgpool_finegrained1_FWDTGB.pt,112,351,351,2,2,1.3546619800000002
avgpool_finegrained1_IT93NB.pt,112,336,336,2,2,1.26515672
avgpool_finegrained1_XAXPVU.pt,112,375,375,2,2,1.2421451399999994
avgpool_finegrained1_58DX4X.pt,112,488,488,2,2,1.5920944999999997
avgpool_finegrained1_1HMOXX.pt,112,397,397,2,2,1.640584440000001
avgpool_finegrained1_SKLEV5.pt,112,498,498,2,2,1.7219992799999997
avgpool_finegrained1_E1P3GS.pt,112,554,554,2,2,1.6532614599999993
avgpool_finegrained1_K3WE6H.pt,112,341,341,2,2,1.5267676200000002
avgpool_finegrained1_BN409H.pt,112,507,507,2,2,1.7872980600000006
avgpool_finegrained1_7G290F.pt,112,467,467,2,2,1.2427313999999996
avgpool_finegrained1_G8FM8O.pt,112,422,422,2,2,1.4240187599999996
avgpool_finegrained1_U703G5.pt,112,551,551,2,2,1.7887435600000001
avgpool_finegrained1_EDJIE7.pt,112,606,606,2,2,2.02791486
avgpool_finegrained1_WHUXS6.pt,112,264,264,3,2,1.4311036600000002
avgpool_finegrained1_PR9NY1.pt,112,250,250,3,2,1.4230529799999996
avgpool_finegrained1_9L1OHR.pt,112,268,268,3,2,1.4675968799999994
avgpool_finegrained1_8BFITG.pt,112,271,271,3,2,1.5129772599999998
avgpool_finegrained1_Y5MT23.pt,112,266,266,3,2,1.5337449
avgpool_finegrained1_KPRF4B.pt,112,193,193,3,2,0.89742656
avgpool_finegrained1_DPIA6G.pt,112,235,235,3,2,1.40069088
avgpool_finegrained1_BJ19LF.pt,112,155,155,3,2,1.36750468
avgpool_finegrained1_PWAGG3.pt,112,184,184,3,2,1.2645776000000004
avgpool_finegrained1_FYWBI7.pt,112,226,226,3,2,1.39817122
avgpool_finegrained1_PPUY7H.pt,112,148,148,3,2,1.44456198
avgpool_finegrained1_CMR2SQ.pt,112,159,159,3,2,1.4253345000000004
avgpool_finegrained1_DS1WAV.pt,112,164,164,3,2,1.3516259199999996
avgpool_finegrained1_7NWMX1.pt,112,143,143,3,2,1.33539522
avgpool_finegrained1_V55CTN.pt,112,211,211,3,2,1.6804287999999996
avgpool_finegrained1_BNUK9F.pt,112,270,270,3,2,1.4629680999999997
avgpool_finegrained1_HLSNK9.pt,112,237,237,3,2,1.8337789999999996
avgpool_finegrained1_2C6LHB.pt,112,224,224,3,2,1.3799646399999999
avgpool_finegrained1_M19L06.pt,112,262,262,3,2,1.4951499000000001
avgpool_finegrained1_2GAO4I.pt,112,260,260,3,2,1.48597798
avgpool_finegrained1_RIJNNM.pt,112,281,281,2,2,1.3596856399999995
avgpool_finegrained1_VJ4MVV.pt,112,197,197,2,2,1.2845683600000004
avgpool_finegrained1_Z80D98.pt,112,264,264,2,2,1.3593348400000003
avgpool_finegrained1_1KPQL4.pt,112,189,189,2,2,1.2694348
avgpool_finegrained1_94ZOP3.pt,112,154,154,2,2,1.0257328799999998
avgpool_finegrained1_A86V0J.pt,112,260,260,2,2,1.3715491400000008
avgpool_finegrained1_D9W772.pt,112,224,224,2,2,1.2423747600000004
avgpool_finegrained1_T2KWVU.pt,112,212,212,2,2,1.0426508600000002
avgpool_finegrained1_D7TBBN.pt,112,143,143,2,2,1.3329316599999999
avgpool_finegrained1_KO73L4.pt,112,261,261,2,2,1.2089361000000003
avgpool_finegrained1_2LINPW.pt,112,254,254,2,2,1.3433668399999998
avgpool_finegrained1_8RMOTR.pt,112,170,170,2,2,1.25690838
avgpool_finegrained1_SIL52D.pt,112,209,209,2,2,1.28661592
avgpool_finegrained1_JQ4W6Q.pt,112,150,150,2,2,1.1338528200000004
avgpool_finegrained1_V01109.pt,112,136,136,2,2,1.3267961799999997
avgpool_finegrained1_XINJMO.pt,112,248,248,2,2,1.58425308
avgpool_finegrained1_NVNY6U.pt,112,233,233,2,2,1.2420885000000004
avgpool_finegrained1_LVC855.pt,112,235,235,2,2,1.4525128199999995
avgpool_finegrained1_JIHF2U.pt,112,165,165,2,2,1.325456340000001
avgpool_finegrained1_55WIJ1.pt,112,160,160,2,2,1.3422826
avgpool_finegrained1_Z77EW4.pt,112,35,35,2,1,1.2896059399999995
avgpool_finegrained1_5TJ9BX.pt,112,53,53,2,1,1.2144604799999998
avgpool_finegrained1_08QLLG.pt,112,26,26,2,1,1.0703278600000001
avgpool_finegrained1_ADJAR3.pt,112,54,54,2,1,1.1715415999999998
avgpool_finegrained1_ZPBY95.pt,112,58,58,2,1,1.41104196
avgpool_finegrained1_ZPVIIW.pt,112,57,57,2,1,1.2337615799999997
avgpool_finegrained1_XS4ZXV.pt,112,44,44,2,1,1.2438183999999999
avgpool_finegrained1_P8HPDP.pt,112,34,34,2,1,1.3769257
avgpool_finegrained1_9VI0MU.pt,112,39,39,2,1,1.2651957199999997
avgpool_finegrained1_8ENDM4.pt,112,31,31,2,1,1.23022986
avgpool_finegrained1_LVDBT1.pt,112,55,55,2,1,1.3401064599999999
avgpool_finegrained1_YUY8DO.pt,112,41,41,2,1,1.2555179
avgpool_finegrained1_8GK2P2.pt,112,45,45,2,1,1.2698555599999997
avgpool_finegrained1_1G2157.pt,112,62,62,2,1,1.2642995199999998
avgpool_finegrained1_VXR5U0.pt,112,50,50,2,1,1.3762104199999998
avgpool_finegrained1_97OSZO.pt,112,47,47,2,1,0.48779784000000004
avgpool_finegrained1_C2P6BU.pt,112,36,36,2,1,1.2553546599999996
avgpool_finegrained1_U1RX8Z.pt,112,29,29,2,1,1.1550335800000002
avgpool_finegrained1_W5WF9Y.pt,112,51,51,2,1,1.22560582
avgpool_finegrained1_FKGHHA.pt,112,61,61,2,1,1.3681128400000002
avgpool_finegrained1_YOF2RO.pt,28,57,57,3,2,0.12612418
avgpool_finegrained1_0PAAXC.pt,28,58,58,3,2,0.16403941999999996
avgpool_finegrained1_NE7GLF.pt,28,37,37,3,2,0.10133294000000002
avgpool_finegrained1_BSI8SJ.pt,28,41,41,3,2,0.10474962000000002
avgpool_finegrained1_POAX18.pt,28,86,86,3,2,0.13906404
avgpool_finegrained1_3PG9KK.pt,28,46,46,3,2,0.11094717999999998
avgpool_finegrained1_F9DPUQ.pt,28,83,83,3,2,0.15701720000000002
avgpool_finegrained1_3UAQ68.pt,28,44,44,3,2,0.15548286000000006
avgpool_finegrained1_XPYPN1.pt,28,76,76,3,2,0.13596154000000002
avgpool_finegrained1_FYD5LJ.pt,28,72,72,3,2,0.1309498
avgpool_finegrained1_L00FA6.pt,28,45,45,3,2,0.11282644000000004
avgpool_finegrained1_VG3KH9.pt,28,73,73,3,2,0.13135983999999995
avgpool_finegrained1_WSVTWD.pt,28,52,52,3,2,0.11392969999999997
avgpool_finegrained1_9S97LY.pt,28,66,66,3,2,0.10868067999999999
avgpool_finegrained1_NJQ977.pt,28,61,61,3,2,0.11944766000000002
avgpool_finegrained1_TQNQG4.pt,28,54,54,3,2,0.11220578000000002
avgpool_finegrained1_VNSBN3.pt,28,87,87,3,2,0.14170206
avgpool_finegrained1_YAM0WW.pt,28,51,51,3,2,0.11458932
avgpool_finegrained1_4VC2NY.pt,28,48,48,3,2,0.11054366
avgpool_finegrained1_QQQ5UQ.pt,28,69,69,3,2,0.12792272000000002
avgpool_finegrained1_H7RV0K.pt,14,333,333,2,2,0.14264360000000004
avgpool_finegrained1_C3EWYZ.pt,14,426,426,2,2,0.14572624000000003
avgpool_finegrained1_LI8CSH.pt,14,337,337,2,2,0.13298864
avgpool_finegrained1_0YBQNU.pt,14,414,414,2,2,0.14495276
avgpool_finegrained1_SRW4VT.pt,14,548,548,2,2,0.16712733999999999
avgpool_finegrained1_S47A45.pt,14,524,524,2,2,0.17336478000000002
avgpool_finegrained1_0DS6QA.pt,14,295,295,2,2,0.12147634
avgpool_finegrained1_0F2ZLW.pt,14,448,448,2,2,0.23380805999999998
avgpool_finegrained1_681WGI.pt,14,270,270,2,2,0.12077347999999995
avgpool_finegrained1_R6I55G.pt,14,493,493,2,2,0.15843272
avgpool_finegrained1_J12P8B.pt,14,355,355,2,2,0.13093814
avgpool_finegrained1_2MZUMA.pt,14,332,332,2,2,0.12493492000000005
avgpool_finegrained1_079HUJ.pt,14,470,470,2,2,0.16190829999999995
avgpool_finegrained1_21JMGP.pt,14,519,519,2,2,0.1624413
avgpool_finegrained1_ZULOD7.pt,14,433,433,2,2,0.14895888000000002
avgpool_finegrained1_A0TPFQ.pt,14,371,371,2,2,0.14618884000000001
avgpool_finegrained1_V2LQ92.pt,14,267,267,2,2,0.12231472000000004
avgpool_finegrained1_3TXRTK.pt,14,316,316,2,2,0.12762586000000004
avgpool_finegrained1_XLHN0M.pt,14,525,525,2,2,0.16266384000000003
avgpool_finegrained1_1U9XUX.pt,14,401,401,2,2,0.22125096
avgpool_finegrained1_VND885.pt,56,162,162,3,2,0.5677690200000003
avgpool_finegrained1_N51KL4.pt,56,169,169,3,2,0.8330230999999999
avgpool_finegrained1_P1JN3U.pt,56,128,128,3,2,0.5053320600000002
avgpool_finegrained1_Y23DJU.pt,56,119,119,3,2,0.4957095
avgpool_finegrained1_4K11NN.pt,56,166,166,3,2,0.5958378799999999
avgpool_finegrained1_LRSN0L.pt,56,98,98,3,2,0.07545959999999999
avgpool_finegrained1_SVQU3A.pt,56,150,150,3,2,0.5168539999999999
avgpool_finegrained1_6QDFPL.pt,56,86,86,3,2,0.33136492000000006
avgpool_finegrained1_9GX27E.pt,56,80,80,3,2,0.40391438000000024
avgpool_finegrained1_H3I4L0.pt,56,141,141,3,2,0.50333302
avgpool_finegrained1_FKZDL5.pt,56,136,136,3,2,0.5611401599999998
avgpool_finegrained1_JHXPLL.pt,56,137,137,3,2,0.5901183200000001
avgpool_finegrained1_QPW6RR.pt,56,144,144,3,2,0.81534646
avgpool_finegrained1_H1WT4N.pt,56,158,158,3,2,0.5482326
avgpool_finegrained1_6D435Z.pt,56,146,146,3,2,0.50155974
avgpool_finegrained1_8P62CC.pt,56,74,74,3,2,0.29634384000000014
avgpool_finegrained1_2E324T.pt,56,88,88,3,2,0.35856595999999996
avgpool_finegrained1_EU0EA0.pt,56,164,164,3,2,0.5641070799999999
avgpool_finegrained1_AD3YP9.pt,56,140,140,3,2,0.6135972199999998
avgpool_finegrained1_UD1CYR.pt,56,81,81,3,2,0.37417916000000007
avgpool_finegrained1_ZYLSCZ.pt,56,122,122,2,1,1.1540910599999998
avgpool_finegrained1_AZF9EN.pt,56,116,116,2,1,1.1408232200000001
avgpool_finegrained1_A1V1AH.pt,56,72,72,2,1,0.9981554199999999
avgpool_finegrained1_RI5673.pt,56,73,73,2,1,0.9543449399999999
avgpool_finegrained1_RPAEAW.pt,56,83,83,2,1,0.93069398
avgpool_finegrained1_TTGDFX.pt,56,78,78,2,1,0.99845994
avgpool_finegrained1_2ZJ4MJ.pt,56,160,160,2,1,1.1294530800000002
avgpool_finegrained1_2XAR9Z.pt,56,158,158,2,1,1.2674804200000005
avgpool_finegrained1_O8KBWQ.pt,56,86,86,2,1,1.06722958
avgpool_finegrained1_R7OXFD.pt,56,109,109,2,1,1.2914997799999997
avgpool_finegrained1_YPZG08.pt,56,82,82,2,1,1.0044959000000002
avgpool_finegrained1_I7ESVY.pt,56,131,131,2,1,1.3026865399999996
avgpool_finegrained1_UUNERZ.pt,56,88,88,2,1,1.0248601799999997
avgpool_finegrained1_FBYYYM.pt,56,113,113,2,1,1.1106140600000003
avgpool_finegrained1_1T9QEM.pt,56,76,76,2,1,0.9138598199999997
avgpool_finegrained1_NXR7L3.pt,56,115,115,2,1,1.2056716600000001
avgpool_finegrained1_K5IGY1.pt,56,133,133,2,1,1.4128712799999996
avgpool_finegrained1_S7SDHL.pt,56,98,98,2,1,1.1357558600000004
avgpool_finegrained1_9WREE0.pt,56,97,97,2,1,1.00216932
avgpool_finegrained1_G9K3DG.pt,56,91,91,2,1,0.9352238599999998
avgpool_finegrained1_QC86G2.pt,14,443,443,3,2,0.18027668000000002
avgpool_finegrained1_EVCW87.pt,14,530,530,3,2,0.2459007799999999
avgpool_finegrained1_LG4SX1.pt,14,292,292,3,2,0.13350693999999996
avgpool_finegrained1_66YYB8.pt,14,257,257,3,2,0.13167745999999997
avgpool_finegrained1_94XAD4.pt,14,574,574,3,2,0.29455958000000015
avgpool_finegrained1_42U9SY.pt,14,436,436,3,2,0.15975998
avgpool_finegrained1_LYZ74K.pt,14,360,360,3,2,0.16320680000000004
avgpool_finegrained1_RKQH9U.pt,14,510,510,3,2,0.16819172
avgpool_finegrained1_LYOT9G.pt,14,409,409,3,2,0.17360869999999998
avgpool_finegrained1_VRH7GX.pt,14,564,564,3,2,0.19933549999999994
avgpool_finegrained1_JUHUTL.pt,14,273,273,3,2,0.15301476000000003
avgpool_finegrained1_FOO72W.pt,14,565,565,3,2,0.18506096
avgpool_finegrained1_YAIOG6.pt,14,281,281,3,2,0.1256972
avgpool_finegrained1_ILGG8P.pt,14,535,535,3,2,0.18451368
avgpool_finegrained1_AZY7Q9.pt,14,388,388,3,2,0.15184418
avgpool_finegrained1_O8UV4B.pt,14,528,528,3,2,0.03796377999999999
avgpool_finegrained1_W9POK3.pt,14,560,560,3,2,0.18540242000000004
avgpool_finegrained1_Z1TCN7.pt,14,456,456,3,2,0.16684472
avgpool_finegrained1_42O2BD.pt,14,486,486,3,2,0.21537292
avgpool_finegrained1_LQAZN7.pt,14,539,539,3,2,0.2740466
avgpool_finegrained1_LDBMHI.pt,28,505,505,2,2,0.41012136000000005
avgpool_finegrained1_LVM5HO.pt,28,386,386,2,2,0.3309317399999999
avgpool_finegrained1_U0U0OS.pt,28,294,294,2,2,0.3359864800000001
avgpool_finegrained1_6J6ZE8.pt,28,435,435,2,2,0.46310466
avgpool_finegrained1_3AOCM2.pt,28,514,514,2,2,0.5983390600000003
avgpool_finegrained1_3IUGFG.pt,28,589,589,2,2,0.5236731400000001
avgpool_finegrained1_6EGYSO.pt,28,348,348,2,2,0.35736158
avgpool_finegrained1_7TFLYH.pt,28,507,507,2,2,0.4131264999999999
avgpool_finegrained1_FQJM54.pt,28,492,492,2,2,0.4099738200000001
avgpool_finegrained1_1MQSNA.pt,28,604,604,2,2,0.7108455599999999
avgpool_finegrained1_JRCFGO.pt,28,380,380,2,2,0.33663114
avgpool_finegrained1_OK0G03.pt,28,320,320,2,2,0.28821499999999994
avgpool_finegrained1_C11YTA.pt,28,556,556,2,2,0.45450551999999994
avgpool_finegrained1_OFN3U9.pt,28,274,274,2,2,0.25871612
avgpool_finegrained1_K0RD7M.pt,28,300,300,2,2,0.30339294
avgpool_finegrained1_AZFORT.pt,28,413,413,2,2,0.48508996000000004
avgpool_finegrained1_SSEAK1.pt,28,574,574,2,2,0.47729482000000006
avgpool_finegrained1_I6H67E.pt,28,278,278,2,2,0.2653506400000001
avgpool_finegrained1_R20JPU.pt,28,383,383,2,2,0.34223383999999996
avgpool_finegrained1_1EJ9SR.pt,28,324,324,2,2,0.2966258400000001
avgpool_finegrained1_Y20MJE.pt,14,367,367,3,2,0.21342212
avgpool_finegrained1_J1BWEY.pt,14,272,272,3,2,0.13862215999999988
avgpool_finegrained1_VP0TPB.pt,14,480,480,3,2,0.23098046000000003
avgpool_finegrained1_5Z7OUS.pt,14,425,425,3,2,0.15365174000000004
avgpool_finegrained1_WE6JAG.pt,14,338,338,3,2,0.13944020000000001
avgpool_finegrained1_SLSU54.pt,14,531,531,3,2,0.22787309999999994
avgpool_finegrained1_YJ1ZQY.pt,14,468,468,3,2,0.16247933999999997
avgpool_finegrained1_CSV2F3.pt,14,341,341,3,2,0.1395752
avgpool_finegrained1_VH4MNZ.pt,14,534,534,3,2,0.17089145999999997
avgpool_finegrained1_02ZCJS.pt,14,380,380,3,2,0.14253686
avgpool_finegrained1_4MI2O0.pt,14,397,397,3,2,0.14809034
avgpool_finegrained1_M5TXG4.pt,14,292,292,3,2,0.12672542000000003
avgpool_finegrained1_O64EPE.pt,14,303,303,3,2,0.12599406
avgpool_finegrained1_6DIBX0.pt,14,401,401,3,2,0.14925897999999999
avgpool_finegrained1_M8O10R.pt,14,517,517,3,2,0.17100114000000002
avgpool_finegrained1_WMLU83.pt,14,410,410,3,2,0.23146663999999997
avgpool_finegrained1_1HKYA5.pt,14,464,464,3,2,0.20353634000000004
avgpool_finegrained1_DRSFU5.pt,14,451,451,3,2,0.17946424000000005
avgpool_finegrained1_5FHXDL.pt,14,544,544,3,2,0.18370010000000003
avgpool_finegrained1_S18JG2.pt,14,354,354,3,2,0.14237259999999996
avgpool_finegrained1_QW85UO.pt,56,292,292,3,2,1.1827975400000001
avgpool_finegrained1_X0N2M4.pt,56,298,298,3,2,0.96055658
avgpool_finegrained1_V8AY5K.pt,56,286,286,3,2,1.0097712600000002
avgpool_finegrained1_BXLZ5K.pt,56,252,252,3,2,0.8448801399999997
avgpool_finegrained1_M186JS.pt,56,135,135,3,2,0.5386349599999999
avgpool_finegrained1_I5SVKL.pt,56,229,229,3,2,0.16365128
avgpool_finegrained1_UHB0E1.pt,56,301,301,3,2,0.8531087800000001
avgpool_finegrained1_JM26GC.pt,56,288,288,3,2,0.9861007599999999
avgpool_finegrained1_J2PP3G.pt,56,281,281,3,2,1.03984142
avgpool_finegrained1_7RLVBT.pt,56,193,193,3,2,0.6886276400000001
avgpool_finegrained1_38PR2H.pt,56,180,180,3,2,0.6377010399999999
avgpool_finegrained1_0JB5UL.pt,56,137,137,3,2,0.70455222
avgpool_finegrained1_SHT1KX.pt,56,279,279,3,2,1.0189294199999999
avgpool_finegrained1_DSKJQE.pt,56,157,157,3,2,0.65897184
avgpool_finegrained1_WYWDCE.pt,56,152,152,3,2,0.87215034
avgpool_finegrained1_FEP3J9.pt,56,263,263,3,2,0.9173833399999997
avgpool_finegrained1_1DCFR5.pt,56,260,260,3,2,0.8806935600000001
avgpool_finegrained1_Z1YUW7.pt,56,220,220,3,2,0.5627385400000001
avgpool_finegrained1_UXO3F0.pt,56,233,233,3,2,0.8069273799999997
avgpool_finegrained1_Q3ONS4.pt,56,188,188,3,2,0.66985226
avgpool_finegrained1_QBADIS.pt,14,57,57,2,1,0.13001004
avgpool_finegrained1_H56VXC.pt,14,48,48,2,1,0.15171300000000001
avgpool_finegrained1_JKBJJ6.pt,14,58,58,2,1,0.11814270000000004
avgpool_finegrained1_1IOX7B.pt,14,61,61,2,1,0.1231553
avgpool_finegrained1_7NJF4S.pt,14,71,71,2,1,0.13047952
avgpool_finegrained1_2ZB1RM.pt,14,37,37,2,1,0.10264644
avgpool_finegrained1_BS1YI2.pt,14,56,56,2,1,0.16718984000000003
avgpool_finegrained1_02BMYO.pt,14,31,31,2,1,0.09778254000000003
avgpool_finegrained1_DLJLZZ.pt,14,66,66,2,1,0.12392862
avgpool_finegrained1_VHLNX2.pt,14,38,38,2,1,0.10560206000000001
avgpool_finegrained1_FZY289.pt,14,52,52,2,1,0.16452737999999997
avgpool_finegrained1_T141M4.pt,14,46,46,2,1,0.11017262
avgpool_finegrained1_RSNC9L.pt,14,67,67,2,1,0.14045044
avgpool_finegrained1_L7FBI5.pt,14,60,60,2,1,0.12161770000000001
avgpool_finegrained1_6R8H7U.pt,14,30,30,2,1,0.0954523
avgpool_finegrained1_3RYVNP.pt,14,63,63,2,1,0.12513966000000004
avgpool_finegrained1_6DTU4E.pt,14,69,69,2,1,0.1337828
avgpool_finegrained1_37QSBB.pt,14,49,49,2,1,0.14204843999999997
avgpool_finegrained1_Z7XX25.pt,14,51,51,2,1,0.13124344000000002
avgpool_finegrained1_IH72OF.pt,14,43,43,2,1,0.13986694000000002
avgpool_finegrained1_GR1C3Y.pt,14,107,107,2,2,0.09066924
avgpool_finegrained1_DI3L1P.pt,14,173,173,2,2,0.10671706000000002
avgpool_finegrained1_KMD3A5.pt,14,126,126,2,2,0.09731872
avgpool_finegrained1_9G1Z8C.pt,14,157,157,2,2,0.11417152
avgpool_finegrained1_01Q2UG.pt,14,76,76,2,2,0.0868125
avgpool_finegrained1_7E7YOG.pt,14,143,143,2,2,0.09868240000000003
avgpool_finegrained1_7TCXQ3.pt,14,90,90,2,2,0.09263664
avgpool_finegrained1_TC5KAP.pt,14,82,82,2,2,0.08974157999999993
avgpool_finegrained1_2VPH3H.pt,14,97,97,2,2,0.09474466000000004
avgpool_finegrained1_OXYXD9.pt,14,112,112,2,2,0.09750972
avgpool_finegrained1_UFGLDO.pt,14,99,99,2,2,0.09269627999999999
avgpool_finegrained1_P0BSFQ.pt,14,146,146,2,2,0.102341
avgpool_finegrained1_4HX9IO.pt,14,104,104,2,2,0.09392400000000001
avgpool_finegrained1_6P7J4R.pt,14,165,165,2,2,0.10652485999999999
avgpool_finegrained1_XLJOMK.pt,14,77,77,2,2,0.08872315999999998
avgpool_finegrained1_HH18M6.pt,14,92,92,2,2,0.016554040000000003
avgpool_finegrained1_Y101IC.pt,14,123,123,2,2,0.10580153999999997
avgpool_finegrained1_0B1X2R.pt,14,100,100,2,2,0.09286408000000002
avgpool_finegrained1_4ZQ2DI.pt,14,102,102,2,2,0.09374496000000003
avgpool_finegrained1_T441O4.pt,14,124,124,2,2,0.10297972000000001
avgpool_finegrained1_9AQGUM.pt,28,56,56,3,1,0.24971812
avgpool_finegrained1_W4PV1X.pt,28,50,50,3,1,0.26028668000000005
avgpool_finegrained1_DQM7NT.pt,28,52,52,3,1,0.22706052000000004
avgpool_finegrained1_WSRTNI.pt,28,32,32,3,1,0.16870380000000004
avgpool_finegrained1_LY8E42.pt,28,54,54,3,1,0.23801762000000007
avgpool_finegrained1_GXDL4X.pt,28,53,53,3,1,0.25490633999999995
avgpool_finegrained1_P4UEFP.pt,28,67,67,3,1,0.27127572
avgpool_finegrained1_UC5N8V.pt,28,57,57,3,1,0.25647236000000007
avgpool_finegrained1_BD1AGN.pt,28,41,41,3,1,0.2218879800000001
avgpool_finegrained1_BKKYCH.pt,28,48,48,3,1,0.21566004000000003
avgpool_finegrained1_91SRSH.pt,28,71,71,3,1,0.36935160000000006
avgpool_finegrained1_MFB3US.pt,28,44,44,3,1,0.20193155999999998
avgpool_finegrained1_0S91BR.pt,28,49,49,3,1,0.23497823999999998
avgpool_finegrained1_JJ8PDA.pt,28,63,63,3,1,0.26338008
avgpool_finegrained1_LOKZZU.pt,28,65,65,3,1,0.26271074
avgpool_finegrained1_20PTB2.pt,28,74,74,3,1,0.29069198
avgpool_finegrained1_R8J4UD.pt,28,37,37,3,1,0.18874691999999998
avgpool_finegrained1_HS3AHU.pt,28,75,75,3,1,0.34332682000000003
avgpool_finegrained1_WESVNC.pt,28,55,55,3,1,0.23811288
avgpool_finegrained1_5MHOH8.pt,28,33,33,3,1,0.17342106
avgpool_finegrained1_WMF72Z.pt,14,494,494,3,2,0.16735302000000002
avgpool_finegrained1_TQTUJ0.pt,14,392,392,3,2,0.14499805999999998
avgpool_finegrained1_XB5XPS.pt,14,522,522,3,2,0.17466122000000003
avgpool_finegrained1_TSXO5O.pt,14,480,480,3,2,0.23613857999999996
avgpool_finegrained1_SFLXYU.pt,14,370,370,3,2,0.16021364000000002
avgpool_finegrained1_FMUQ7T.pt,14,307,307,3,2,0.19073818000000006
avgpool_finegrained1_13HEFI.pt,14,395,395,3,2,0.16336406
avgpool_finegrained1_LPTW8X.pt,14,283,283,3,2,0.13937043999999996
avgpool_finegrained1_H3JS3O.pt,14,280,280,3,2,0.12890325999999996
avgpool_finegrained1_7L1J5V.pt,14,544,544,3,2,0.21511146
avgpool_finegrained1_2SYG3G.pt,14,556,556,3,2,0.17738105999999998
avgpool_finegrained1_1LEFMT.pt,14,579,579,3,2,0.2565947999999999
avgpool_finegrained1_528O07.pt,14,508,508,3,2,0.17531122000000005
avgpool_finegrained1_33DYAD.pt,14,251,251,3,2,0.11695947999999999
avgpool_finegrained1_B7VYJL.pt,14,574,574,3,2,0.19770629999999997
avgpool_finegrained1_QE0VL0.pt,14,320,320,3,2,0.14927959999999998
avgpool_finegrained1_ZYNZ1W.pt,14,287,287,3,2,0.13418881999999996
avgpool_finegrained1_DRLMNF.pt,14,255,255,3,2,0.13256627999999998
avgpool_finegrained1_GZQTY6.pt,14,504,504,3,2,0.1687326
avgpool_finegrained1_SVMUZ8.pt,14,535,535,3,2,0.17885154
avgpool_finegrained1_X6TJU4.pt,56,34,34,3,2,0.17575822000000002
avgpool_finegrained1_U4UVI1.pt,56,44,44,3,2,0.20732606
avgpool_finegrained1_4R2X6X.pt,56,43,43,3,2,0.20016282000000007
avgpool_finegrained1_OV649T.pt,56,48,48,3,2,0.21916903999999998
avgpool_finegrained1_JVVHKB.pt,56,57,57,3,2,0.27072468
avgpool_finegrained1_WAG1S9.pt,56,39,39,3,2,0.038173139999999994
avgpool_finegrained1_9U9KRS.pt,56,50,50,3,2,0.2678021
avgpool_finegrained1_AMJW5S.pt,56,38,38,3,2,0.20093235999999995
avgpool_finegrained1_GSFC4Q.pt,56,56,56,3,2,0.23944113999999994
avgpool_finegrained1_FNAWE0.pt,56,28,28,3,2,0.15705968000000003
avgpool_finegrained1_RNSRCE.pt,56,55,55,3,2,0.24655759999999996
avgpool_finegrained1_ASRS7Y.pt,56,58,58,3,2,0.29142626000000005
avgpool_finegrained1_SA0ZSP.pt,56,60,60,3,2,0.30082110000000006
avgpool_finegrained1_UJAMB1.pt,56,47,47,3,2,0.31577284
avgpool_finegrained1_VACZRG.pt,56,32,32,3,2,0.23679700000000006
avgpool_finegrained1_QQ0PSG.pt,56,61,61,3,2,0.29863708
avgpool_finegrained1_8APYVD.pt,56,54,54,3,2,0.2520440599999999
avgpool_finegrained1_SNKYDQ.pt,56,33,33,3,2,0.16972612
avgpool_finegrained1_21YMHS.pt,56,49,49,3,2,0.2607036999999999
avgpool_finegrained1_3P4YV3.pt,56,46,46,3,2,0.21531740000000008
avgpool_finegrained1_IBQKPR.pt,28,404,404,3,2,0.4617346200000001
avgpool_finegrained1_210HSL.pt,28,286,286,3,2,0.37334197999999996
avgpool_finegrained1_TI260G.pt,28,349,349,3,2,0.4184429399999998
avgpool_finegrained1_LLL4WZ.pt,28,552,552,3,2,0.59723922
avgpool_finegrained1_C6PBE1.pt,28,523,523,3,2,0.50509608
avgpool_finegrained1_QH5NX3.pt,28,370,370,3,2,0.3593280600000001
avgpool_finegrained1_NX74F8.pt,28,269,269,3,2,0.34989012
avgpool_finegrained1_55LA0W.pt,28,453,453,3,2,0.4297429
avgpool_finegrained1_RMJFQI.pt,28,277,277,3,2,0.2849250599999999
avgpool_finegrained1_QJZG77.pt,28,564,564,3,2,0.5909675199999999
avgpool_finegrained1_EH8JDC.pt,28,464,464,3,2,0.47502492
avgpool_finegrained1_RLYT9R.pt,28,549,549,3,2,0.5071510599999999
avgpool_finegrained1_DY668C.pt,28,602,602,3,2,0.6785807199999999
avgpool_finegrained1_0DLN6H.pt,28,373,373,3,2,0.38253828
avgpool_finegrained1_KLG02W.pt,28,300,300,3,2,0.31795629999999997
avgpool_finegrained1_X0GETU.pt,28,502,502,3,2,0.4935447999999997
avgpool_finegrained1_SJT2J1.pt,28,455,455,3,2,0.6275844000000002
avgpool_finegrained1_XTL0WF.pt,28,469,469,3,2,0.5107104799999999
avgpool_finegrained1_O1VGK7.pt,28,258,258,3,2,0.30493484000000004
avgpool_finegrained1_AN2FZP.pt,28,443,443,3,2,0.4097813999999999
avgpool_finegrained1_03YMT4.pt,28,200,200,3,1,0.79791532
avgpool_finegrained1_FCFXWN.pt,28,197,197,3,1,0.6824602400000002
avgpool_finegrained1_T7GJ2U.pt,28,238,238,3,1,0.8203984799999998
avgpool_finegrained1_3Y3UL1.pt,28,289,289,3,1,0.9122751800000002
avgpool_finegrained1_EJIM5D.pt,28,196,196,3,1,0.7488483600000002
avgpool_finegrained1_4KXP21.pt,28,285,285,3,1,1.2137995199999998
avgpool_finegrained1_ITX1TT.pt,28,211,211,3,1,0.8932097599999999
avgpool_finegrained1_CHH8CB.pt,28,223,223,3,1,1.0324521400000002
avgpool_finegrained1_KI2IPE.pt,28,252,252,3,1,0.8414960600000002
avgpool_finegrained1_J38ARM.pt,28,184,184,3,1,0.6930145199999999
avgpool_finegrained1_ZXI41Q.pt,28,222,222,3,1,0.77953592
avgpool_finegrained1_0B10FO.pt,28,128,128,3,1,0.4618858800000001
avgpool_finegrained1_BEFC9P.pt,28,168,168,3,1,0.5942014600000001
avgpool_finegrained1_3BJ91G.pt,28,154,154,3,1,0.6306397800000002
avgpool_finegrained1_UXAAJR.pt,28,187,187,3,1,0.6601177600000001
avgpool_finegrained1_BQE0WV.pt,28,146,146,3,1,0.10388346
avgpool_finegrained1_6EM4RR.pt,28,224,224,3,1,0.8443976999999999
avgpool_finegrained1_VJZAOE.pt,28,271,271,3,1,1.1291142600000004
avgpool_finegrained1_YFCP3A.pt,28,240,240,3,1,0.8438799000000001
avgpool_finegrained1_9G00EW.pt,28,279,279,3,1,0.9803195799999999
avgpool_finegrained1_8BMYV4.pt,224,156,156,3,1,6.50341182
avgpool_finegrained1_JFGSBC.pt,224,134,134,3,1,5.6429363200000004
avgpool_finegrained1_HATMK5.pt,224,143,143,3,1,5.935162739999999
avgpool_finegrained1_ESPZ1X.pt,224,163,163,3,1,6.687116639999998
avgpool_finegrained1_Y5OXKN.pt,224,165,165,3,1,6.767958640000001
avgpool_finegrained1_RGDVGM.pt,224,155,155,3,1,6.46995516
avgpool_finegrained1_42Q9B0.pt,224,145,145,3,1,6.109332439999999
avgpool_finegrained1_877MTG.pt,224,139,139,3,1,5.937983880000001
avgpool_finegrained1_OKX2ZB.pt,224,149,149,3,1,6.187981680000002
avgpool_finegrained1_VLBGP6.pt,224,98,98,3,1,4.12728128
avgpool_finegrained1_OITY0Y.pt,224,151,151,3,1,6.217726719999998
avgpool_finegrained1_2N3ZDI.pt,224,83,83,3,1,3.464196019999999
avgpool_finegrained1_VSA6F8.pt,224,146,146,3,1,6.050401280000002
avgpool_finegrained1_KIZOGP.pt,224,157,157,3,1,6.4865300999999995
avgpool_finegrained1_YJ6GPZ.pt,224,144,144,3,1,5.998227020000001
avgpool_finegrained1_Q15MDN.pt,224,161,161,3,1,6.656664900000002
avgpool_finegrained1_NTBRKD.pt,224,167,167,3,1,6.872215159999999
avgpool_finegrained1_DXI8AK.pt,224,91,91,3,1,3.808889980000002
avgpool_finegrained1_X3XPDC.pt,224,100,100,3,1,4.24696874
avgpool_finegrained1_XGXLZV.pt,224,90,90,3,1,3.803561919999999
avgpool_finegrained1_KBURD0.pt,14,884,884,3,2,0.3221181399999999
avgpool_finegrained1_0115TG.pt,14,747,747,3,2,0.2639603399999999
avgpool_finegrained1_U3KRYI.pt,14,551,551,3,2,0.17880655999999998
avgpool_finegrained1_X01DRY.pt,14,908,908,3,2,0.24500261999999995
avgpool_finegrained1_CL5AGS.pt,14,907,907,3,2,0.24413438000000004
avgpool_finegrained1_JURPW0.pt,14,592,592,3,2,0.18688376
avgpool_finegrained1_85XEN2.pt,14,932,932,3,2,0.3215005999999999
avgpool_finegrained1_NCKAU6.pt,14,1218,1218,3,2,0.3899271600000001
avgpool_finegrained1_AFTY56.pt,14,970,970,3,2,0.2858921800000001
avgpool_finegrained1_FJ1SSI.pt,14,646,646,3,2,0.19695196000000004
avgpool_finegrained1_RJZJTB.pt,14,1067,1067,3,2,0.32617144
avgpool_finegrained1_Z98TRD.pt,14,878,878,3,2,0.23250038000000003
avgpool_finegrained1_BHZY7L.pt,14,713,713,3,2,0.20348874000000003
avgpool_finegrained1_1EJDVA.pt,14,656,656,3,2,0.1975750800000001
avgpool_finegrained1_3SN8ZC.pt,14,680,680,3,2,0.21506696000000006
avgpool_finegrained1_S0X8CL.pt,14,1127,1127,3,2,0.3323601200000001
avgpool_finegrained1_8V0B5X.pt,14,898,898,3,2,0.26218411999999996
avgpool_finegrained1_FVEOPY.pt,14,614,614,3,2,0.21005177999999994
avgpool_finegrained1_AFRWAJ.pt,14,731,731,3,2,0.2111156399999999
avgpool_finegrained1_K70FLQ.pt,14,530,530,3,2,0.17469089999999998
avgpool_finegrained1_RMEMRZ.pt,14,64,64,2,2,0.08754283999999997
avgpool_finegrained1_V0YE70.pt,14,65,65,2,2,0.08530298
avgpool_finegrained1_56JHUJ.pt,14,42,42,2,2,0.09896222
avgpool_finegrained1_DWEKRA.pt,14,61,61,2,2,0.08679812000000002
avgpool_finegrained1_CLVJFW.pt,14,44,44,2,2,0.07726344000000002
avgpool_finegrained1_VUPVBU.pt,14,57,57,2,2,0.014509719999999995
avgpool_finegrained1_QWPB5U.pt,14,54,54,2,2,0.08128358000000002
avgpool_finegrained1_SINTGC.pt,14,36,36,2,2,0.0837037
avgpool_finegrained1_MCOOW6.pt,14,48,48,2,2,0.08258439999999999
avgpool_finegrained1_99L9Y9.pt,14,34,34,2,2,0.07954618
avgpool_finegrained1_0YY9H0.pt,14,32,32,2,2,0.07985682
avgpool_finegrained1_I2FGJM.pt,14,67,67,2,2,0.0869083
avgpool_finegrained1_99JV0E.pt,14,51,51,2,2,0.08282934000000003
avgpool_finegrained1_QQ4IUB.pt,14,70,70,2,2,0.10164929999999998
avgpool_finegrained1_NY4ILO.pt,14,59,59,2,2,0.08428568000000002
avgpool_finegrained1_2KQL9X.pt,14,60,60,2,2,0.0861327
avgpool_finegrained1_43WCWS.pt,14,35,35,2,2,0.07986584000000001
avgpool_finegrained1_PIJBCS.pt,14,31,31,2,2,0.07953044000000001
avgpool_finegrained1_M9FRKU.pt,14,56,56,2,2,0.0847405
avgpool_finegrained1_ZNHZR5.pt,14,37,37,2,2,0.07603217999999999
avgpool_finegrained1_A3K8Q5.pt,14,213,213,2,2,0.106108
avgpool_finegrained1_XG6F1X.pt,14,273,273,2,2,0.11618571999999995
avgpool_finegrained1_JTHJYZ.pt,14,186,186,2,2,0.10141497999999999
avgpool_finegrained1_0SYPG8.pt,14,219,219,2,2,0.11079154000000001
avgpool_finegrained1_5Z0SDM.pt,14,264,264,2,2,0.1251321
avgpool_finegrained1_HFH9XD.pt,14,168,168,2,2,0.11361965999999997
avgpool_finegrained1_9TOPZA.pt,14,260,260,2,2,0.12082914000000004
avgpool_finegrained1_UDH9QG.pt,14,244,244,2,2,0.11314523999999998
avgpool_finegrained1_3YEY4D.pt,14,206,206,2,2,0.10606378000000001
avgpool_finegrained1_Y31QM9.pt,14,291,291,2,2,0.16318398
avgpool_finegrained1_QIUWFB.pt,14,198,198,2,2,0.10471755999999999
avgpool_finegrained1_YPV3Y9.pt,14,224,224,2,2,0.12008652
avgpool_finegrained1_24JR18.pt,14,239,239,2,2,0.10902282000000002
avgpool_finegrained1_CITAMR.pt,14,218,218,2,2,0.10891566
avgpool_finegrained1_20S2GH.pt,14,298,298,2,2,0.12302079999999994
avgpool_finegrained1_3HP6L3.pt,14,280,280,2,2,0.11994468000000001
avgpool_finegrained1_BVMBGV.pt,14,133,133,2,2,0.10228493999999999
avgpool_finegrained1_8TWF0D.pt,14,249,249,2,2,0.12260966000000005
avgpool_finegrained1_9LX9AQ.pt,14,305,305,2,2,0.14238428
avgpool_finegrained1_7V0HRV.pt,14,289,289,2,2,0.13057290000000005
avgpool_finegrained1_BLUEE6.pt,14,447,447,2,2,0.17623712000000002
avgpool_finegrained1_ZQ0X4I.pt,14,255,255,2,2,0.12657786
avgpool_finegrained1_EACSYS.pt,14,325,325,2,2,0.13064243999999994
avgpool_finegrained1_NMORJC.pt,14,378,378,2,2,0.13847438000000004
avgpool_finegrained1_FMUYP5.pt,14,468,468,2,2,0.16361686000000003
avgpool_finegrained1_YNQOTQ.pt,14,355,355,2,2,0.13507982
avgpool_finegrained1_X6F1ZL.pt,14,507,507,2,2,0.24874252000000002
avgpool_finegrained1_T3XYC6.pt,14,511,511,2,2,0.16687382
avgpool_finegrained1_L86YRN.pt,14,286,286,2,2,0.11949819999999997
avgpool_finegrained1_AFMW6K.pt,14,271,271,2,2,0.11100632000000003
avgpool_finegrained1_7RRW2J.pt,14,258,258,2,2,0.12192451999999998
avgpool_finegrained1_KFLKWZ.pt,14,526,526,2,2,0.16082104000000005
avgpool_finegrained1_V149FD.pt,14,440,440,2,2,0.14710658000000004
avgpool_finegrained1_33M13W.pt,14,490,490,2,2,0.17272707999999995
avgpool_finegrained1_KWDTRA.pt,14,425,425,2,2,0.1556075
avgpool_finegrained1_KH6R5U.pt,14,316,316,2,2,0.0254533
avgpool_finegrained1_NWSCJ5.pt,14,586,586,2,2,0.1903044
avgpool_finegrained1_ET8WQV.pt,14,251,251,2,2,0.128766
avgpool_finegrained1_E51BBL.pt,14,435,435,2,2,0.187065
avgpool_finegrained1_DNQ627.pt,14,525,525,2,2,0.17704354000000003
avgpool_finegrained1_RPBZZP.pt,56,43,43,2,2,0.28898450000000003
avgpool_finegrained1_AVJ1LR.pt,56,64,64,2,2,0.3976256
avgpool_finegrained1_4TZB9L.pt,56,37,37,2,2,0.22359924000000006
avgpool_finegrained1_7G7OB7.pt,56,48,48,2,2,0.20427102000000005
avgpool_finegrained1_WOH11A.pt,56,44,44,2,2,0.29788475999999997
avgpool_finegrained1_GD4AS9.pt,56,61,61,2,2,0.26394318000000005
avgpool_finegrained1_OBXISV.pt,56,31,31,2,2,0.15791320000000003
avgpool_finegrained1_82C8VA.pt,56,45,45,2,2,0.19276849999999995
avgpool_finegrained1_7L6N46.pt,56,57,57,2,2,0.27915372000000005
avgpool_finegrained1_1OH9HB.pt,56,42,42,2,2,0.19609822
avgpool_finegrained1_57M3KC.pt,56,54,54,2,2,0.2553764999999999
avgpool_finegrained1_CS8HX7.pt,56,36,36,2,2,0.17110959999999997
avgpool_finegrained1_6MAGRM.pt,56,38,38,2,2,0.1829513199999999
avgpool_finegrained1_WLOT4H.pt,56,34,34,2,2,0.16737645999999998
avgpool_finegrained1_8GC02I.pt,56,60,60,2,2,0.28424047999999996
avgpool_finegrained1_F6973A.pt,56,27,27,2,2,0.14725872000000004
avgpool_finegrained1_7CA3S4.pt,56,56,56,2,2,0.22227622000000002
avgpool_finegrained1_0Y2BFW.pt,56,32,32,2,2,0.18133839999999998
avgpool_finegrained1_ZHM1HF.pt,56,55,55,2,2,0.21808434000000004
avgpool_finegrained1_13NT3K.pt,56,35,35,2,2,0.18861738000000008
avgpool_finegrained1_K966FO.pt,224,151,151,2,2,2.0932375999999993
avgpool_finegrained1_GDWJ9W.pt,224,149,149,2,2,1.91905448
avgpool_finegrained1_QKR6NN.pt,224,142,142,2,2,1.6492116199999995
avgpool_finegrained1_1GL9MD.pt,224,138,138,2,2,2.00540366
avgpool_finegrained1_Z7987L.pt,224,71,71,2,2,1.33151778
avgpool_finegrained1_U5F3OQ.pt,224,100,100,2,2,1.3792791999999998
avgpool_finegrained1_81RQUD.pt,224,160,160,2,2,1.842697540000001
avgpool_finegrained1_J8CW0X.pt,224,141,141,2,2,1.79101238
avgpool_finegrained1_I4PO9G.pt,224,124,124,2,2,1.7252843999999994
avgpool_finegrained1_QMDTK5.pt,224,114,114,2,2,1.5936143199999997
avgpool_finegrained1_JOFGAM.pt,224,103,103,2,2,1.8009977999999993
avgpool_finegrained1_TERJG7.pt,224,143,143,2,2,1.9858254599999996
avgpool_finegrained1_YLUKV1.pt,224,94,94,2,2,1.8109238599999995
avgpool_finegrained1_I6127W.pt,224,119,119,2,2,1.9937086200000003
avgpool_finegrained1_1RU1V5.pt,224,123,123,2,2,1.8279128199999997
avgpool_finegrained1_WS0F6W.pt,224,74,74,2,2,1.5062338999999998
avgpool_finegrained1_JRAQ4Q.pt,224,69,69,2,2,1.2790945800000002
avgpool_finegrained1_JZKMLH.pt,224,128,128,2,2,1.7384970000000002
avgpool_finegrained1_JT1KST.pt,224,164,164,2,2,2.0946575400000005
avgpool_finegrained1_QFL0EP.pt,224,125,125,2,2,1.7319176599999995
avgpool_finegrained1_AS2CSG.pt,14,54,54,2,2,0.08460048000000002
avgpool_finegrained1_YD9QQX.pt,14,64,64,2,2,0.08592490000000001
avgpool_finegrained1_3DDRL3.pt,14,98,98,2,2,0.09086833999999999
avgpool_finegrained1_U81AHH.pt,14,100,100,2,2,0.09282712000000001
avgpool_finegrained1_6CHD9D.pt,14,111,111,2,2,0.09675606
avgpool_finegrained1_LNJR5R.pt,14,94,94,2,2,0.016980420000000006
avgpool_finegrained1_GX3ZTR.pt,14,63,63,2,2,0.08754396
avgpool_finegrained1_TXY83P.pt,14,62,62,2,2,0.09052973999999998
avgpool_finegrained1_4ENGV6.pt,14,83,83,2,2,0.08922294000000001
avgpool_finegrained1_D6KOEB.pt,14,73,73,2,2,0.08782062
avgpool_finegrained1_ZL9W0Z.pt,14,66,66,2,2,0.08603733999999999
avgpool_finegrained1_PDCQCS.pt,14,53,53,2,2,0.08535287999999998
avgpool_finegrained1_DMGSFY.pt,14,72,72,2,2,0.08766053999999998
avgpool_finegrained1_391NA3.pt,14,91,91,2,2,0.09175224000000001
avgpool_finegrained1_PM0KOP.pt,14,77,77,2,2,0.08812246000000001
avgpool_finegrained1_ZY166N.pt,14,97,97,2,2,0.10706898000000002
avgpool_finegrained1_5A4SG3.pt,14,82,82,2,2,0.12227824
avgpool_finegrained1_PRNZJU.pt,14,99,99,2,2,0.09682792
avgpool_finegrained1_0HUAQO.pt,14,59,59,2,2,0.07899098000000002
avgpool_finegrained1_5OQBZI.pt,14,104,104,2,2,0.08190364
avgpool_finegrained1_C6G6BX.pt,56,176,176,3,2,0.77126408
avgpool_finegrained1_4VBTT3.pt,56,143,143,3,2,0.5103998
avgpool_finegrained1_4TUN6E.pt,56,155,155,3,2,0.54322966
avgpool_finegrained1_NPQCYZ.pt,56,131,131,3,2,0.45719144
avgpool_finegrained1_Y5NPNO.pt,56,175,175,3,2,0.64810716
avgpool_finegrained1_7BR9H7.pt,56,144,144,3,2,0.6160102800000002
avgpool_finegrained1_MM7K0Z.pt,56,184,184,3,2,0.8718564599999999
avgpool_finegrained1_MB8YF8.pt,56,191,191,3,2,0.7710157000000001
avgpool_finegrained1_JQDJMM.pt,56,160,160,3,2,0.6227033
avgpool_finegrained1_11E998.pt,56,127,127,3,2,0.46836974000000015
avgpool_finegrained1_JQKPRU.pt,56,214,214,3,2,0.72836524
avgpool_finegrained1_GF17WZ.pt,56,121,121,3,2,0.45621446
avgpool_finegrained1_1QP29S.pt,56,209,209,3,2,0.9900171999999999
avgpool_finegrained1_KXY7HK.pt,56,102,102,3,2,0.4706215200000001
avgpool_finegrained1_MOA0IE.pt,56,122,122,3,2,0.5574164800000001
avgpool_finegrained1_EAFTRA.pt,56,164,164,3,2,0.7444841400000002
avgpool_finegrained1_OBJXO6.pt,56,151,151,3,2,0.66785986
avgpool_finegrained1_FPTA2O.pt,56,134,134,3,2,0.6035681199999999
avgpool_finegrained1_LAHYB7.pt,56,213,213,3,2,0.9617294199999997
avgpool_finegrained1_9Z2WTH.pt,56,118,118,3,2,0.47601757999999994
avgpool_finegrained1_3COOQR.pt,14,945,945,3,2,0.37099073999999993
avgpool_finegrained1_KTOYBU.pt,14,901,901,3,2,0.23747337999999996
avgpool_finegrained1_L4XMPC.pt,14,635,635,3,2,0.19237604
avgpool_finegrained1_X0VR3R.pt,14,716,716,3,2,0.20804132000000003
avgpool_finegrained1_2Z9I4Q.pt,14,702,702,3,2,0.21617889999999998
avgpool_finegrained1_UGQMP3.pt,14,509,509,3,2,0.16762128000000004
avgpool_finegrained1_FSFKWV.pt,14,692,692,3,2,0.20139201999999998
avgpool_finegrained1_WFZOBG.pt,14,975,975,3,2,0.27788646000000006
avgpool_finegrained1_6BBTP8.pt,14,934,934,3,2,0.28726742000000005
avgpool_finegrained1_2RVBNG.pt,14,773,773,3,2,0.25498942
avgpool_finegrained1_1GRN9J.pt,14,890,890,3,2,0.27617237999999994
avgpool_finegrained1_YPZM1L.pt,14,681,681,3,2,0.2751492
avgpool_finegrained1_UWO9GG.pt,14,430,430,3,2,0.15468564
avgpool_finegrained1_27O349.pt,14,627,627,3,2,0.19010542
avgpool_finegrained1_9F1AHF.pt,14,888,888,3,2,0.23896986
avgpool_finegrained1_Z9XBEO.pt,14,896,896,3,2,0.0505024
avgpool_finegrained1_JH2GZ4.pt,14,427,427,3,2,0.17081220000000003
avgpool_finegrained1_3C4N4N.pt,14,416,416,3,2,0.16896074000000005
avgpool_finegrained1_LNP6G9.pt,14,501,501,3,2,0.16843086
avgpool_finegrained1_K1ZFNW.pt,14,875,875,3,2,0.24063756000000003
avgpool_finegrained1_9OF78S.pt,112,24,24,3,2,0.50589776
avgpool_finegrained1_MTZN3B.pt,112,31,31,3,2,0.44064542
avgpool_finegrained1_VW700A.pt,112,37,37,3,2,0.5689263000000001
avgpool_finegrained1_HJO443.pt,112,34,34,3,2,0.5804325999999999
avgpool_finegrained1_CY6VX2.pt,112,32,32,3,2,0.4982267199999999
avgpool_finegrained1_YREWLU.pt,112,18,18,3,2,0.3978301400000001
avgpool_finegrained1_760RTA.pt,112,39,39,3,2,0.5747940599999999
avgpool_finegrained1_9TVM52.pt,112,21,21,3,2,0.32748830000000007
avgpool_finegrained1_EU9RFV.pt,112,35,35,3,2,0.5015078999999999
avgpool_finegrained1_9Z8W7G.pt,112,17,17,3,2,0.2886130400000001
avgpool_finegrained1_DOAKTS.pt,112,25,25,3,2,0.44590145999999997
avgpool_finegrained1_WJKKLP.pt,112,23,23,3,2,0.3615179
avgpool_finegrained1_PR6WAF.pt,112,30,30,3,2,0.4399024000000001
avgpool_finegrained1_1W7XN9.pt,112,22,22,3,2,0.3362801600000001
avgpool_finegrained1_JIELBD.pt,112,26,26,3,2,0.38941124000000005
avgpool_finegrained1_JWUXZ4.pt,112,38,38,3,2,0.5727926
avgpool_finegrained1_ZPPK0U.pt,112,29,29,3,2,0.51201948
avgpool_finegrained1_AKTXNZ.pt,112,19,19,3,2,0.3633516
avgpool_finegrained1_MB3JPF.pt,112,27,27,3,2,0.39129298
avgpool_finegrained1_GDB0JH.pt,112,33,33,3,2,0.52730726
avgpool_finegrained1_AE6DSV.pt,28,41,41,3,1,0.19617848000000002
avgpool_finegrained1_NU180B.pt,28,46,46,3,1,0.24576717999999997
avgpool_finegrained1_7OC4RW.pt,28,31,31,3,1,0.18442829999999996
avgpool_finegrained1_5LAAT2.pt,28,32,32,3,1,0.16657434
avgpool_finegrained1_MEP1XC.pt,28,43,43,3,1,0.20820674
avgpool_finegrained1_Z0N3AT.pt,28,36,36,3,1,0.18950788
avgpool_finegrained1_OB6LYW.pt,28,38,38,3,1,0.30374777999999997
avgpool_finegrained1_Z56MGQ.pt,28,28,28,3,1,0.16363551999999995
avgpool_finegrained1_GGBFC7.pt,28,25,25,3,1,0.15240062000000001
avgpool_finegrained1_XEZK5L.pt,28,49,49,3,1,0.22565352
avgpool_finegrained1_DCEO4D.pt,28,33,33,3,1,0.17442971999999998
avgpool_finegrained1_AQTV4H.pt,28,26,26,3,1,0.18280984
avgpool_finegrained1_LPDD39.pt,28,37,37,3,1,0.24573668
avgpool_finegrained1_SCJ8KP.pt,28,29,29,3,1,0.16451752000000003
avgpool_finegrained1_PU7ZBT.pt,28,40,40,3,1,0.20086950000000006
avgpool_finegrained1_XH0GLC.pt,28,51,51,3,1,0.23402232000000006
avgpool_finegrained1_2R3RXB.pt,28,50,50,3,1,0.22324867999999992
avgpool_finegrained1_FT1O6U.pt,28,30,30,3,1,0.17630212
avgpool_finegrained1_3GG0NA.pt,28,45,45,3,1,0.23905482
avgpool_finegrained1_IZQLA4.pt,28,55,55,3,1,0.23590434000000002
avgpool_finegrained1_AP47J3.pt,14,46,46,3,1,0.11455569999999998
avgpool_finegrained1_3PYA3U.pt,14,60,60,3,1,0.12438171999999997
avgpool_finegrained1_T66MFV.pt,14,45,45,3,1,0.13470452000000002
avgpool_finegrained1_QEXIIB.pt,14,42,42,3,1,0.10947821999999997
avgpool_finegrained1_NTRQ19.pt,14,79,79,3,1,0.13465422
avgpool_finegrained1_G0WI8T.pt,14,58,58,3,1,0.023608960000000012
avgpool_finegrained1_SEVGQ0.pt,14,36,36,3,1,0.09990710000000001
avgpool_finegrained1_GB993W.pt,14,53,53,3,1,0.11437568000000001
avgpool_finegrained1_MYP5A8.pt,14,77,77,3,1,0.16770778
avgpool_finegrained1_NCREL6.pt,14,51,51,3,1,0.10869068000000005
avgpool_finegrained1_NWF2W9.pt,14,33,33,3,1,0.09998228
avgpool_finegrained1_QXV6B4.pt,14,40,40,3,1,0.10416966
avgpool_finegrained1_NODQ30.pt,14,72,72,3,1,0.12889869999999998
avgpool_finegrained1_MM1TWL.pt,14,35,35,3,1,0.11618054000000001
avgpool_finegrained1_BSIJ40.pt,14,38,38,3,1,0.13305087999999998
avgpool_finegrained1_FYI1J4.pt,14,37,37,3,1,0.10271257999999996
avgpool_finegrained1_7022D7.pt,14,54,54,3,1,0.11446704000000003
avgpool_finegrained1_4KOVRR.pt,14,39,39,3,1,0.10481535999999998
avgpool_finegrained1_CK4GS7.pt,14,49,49,3,1,0.10997370000000002
avgpool_finegrained1_V7WJYN.pt,14,55,55,3,1,0.11557934000000003
avgpool_finegrained1_PKQQ65.pt,14,488,488,3,2,0.17651704
avgpool_finegrained1_P892JH.pt,14,265,265,3,2,0.12677838
avgpool_finegrained1_BQKDX8.pt,14,263,263,3,2,0.13096598000000004
avgpool_finegrained1_NV61YO.pt,14,325,325,3,2,0.13105626000000004
avgpool_finegrained1_AFBUM0.pt,14,417,417,3,2,0.15062822
avgpool_finegrained1_ZA80SC.pt,14,454,454,3,2,0.157412
avgpool_finegrained1_GEHSPI.pt,14,481,481,3,2,0.20006507999999998
avgpool_finegrained1_PGRMNU.pt,14,518,518,3,2,0.1692456
avgpool_finegrained1_MTXL0E.pt,14,286,286,3,2,0.12747977999999996
avgpool_finegrained1_VQDIEK.pt,14,483,483,3,2,0.18765468000000005
avgpool_finegrained1_QADBQL.pt,14,389,389,3,2,0.15422966000000002
avgpool_finegrained1_AA9A7A.pt,14,423,423,3,2,0.15001364000000006
avgpool_finegrained1_71X2UF.pt,14,312,312,3,2,0.12735374000000002
avgpool_finegrained1_SWDIUN.pt,14,410,410,3,2,0.15233754000000005
avgpool_finegrained1_7DWDGR.pt,14,350,350,3,2,0.13645516000000002
avgpool_finegrained1_EIBYIJ.pt,14,416,416,3,2,0.14880016
avgpool_finegrained1_937D90.pt,14,401,401,3,2,0.19123959999999995
avgpool_finegrained1_APPUM7.pt,14,422,422,3,2,0.15057622
avgpool_finegrained1_SAZ3UQ.pt,14,364,364,3,2,0.14244893999999994
avgpool_finegrained1_EHMKNG.pt,14,330,330,3,2,0.16954046000000006
avgpool_finegrained1_KYNLGD.pt,28,37,37,2,1,0.19461193999999998
avgpool_finegrained1_TW5EBW.pt,28,48,48,2,1,0.20843110000000006
avgpool_finegrained1_S1AI3V.pt,28,85,85,2,1,0.3088440400000001
avgpool_finegrained1_4B4KYW.pt,28,63,63,2,1,0.24732392
avgpool_finegrained1_E4LXIS.pt,28,73,73,2,1,0.2734004400000001
avgpool_finegrained1_SD3VEK.pt,28,64,64,2,1,0.27100282
avgpool_finegrained1_6IS7R8.pt,28,56,56,2,1,0.25330860000000005
avgpool_finegrained1_2TO1YJ.pt,28,57,57,2,1,0.22894961999999996
avgpool_finegrained1_P74IO9.pt,28,67,67,2,1,0.2725906999999999
avgpool_finegrained1_4DUODG.pt,28,54,54,2,1,0.24053574000000005
avgpool_finegrained1_INQI5P.pt,28,68,68,2,1,0.31926778
avgpool_finegrained1_5Y5X5D.pt,28,66,66,2,1,0.3412005000000001
avgpool_finegrained1_J3VBL9.pt,28,65,65,2,1,0.26303157999999993
avgpool_finegrained1_7DBZ6M.pt,28,70,70,2,1,0.26540772
avgpool_finegrained1_3P6JE8.pt,28,40,40,2,1,0.18438885999999996
avgpool_finegrained1_18OXVM.pt,28,74,74,2,1,0.05582860000000001
avgpool_finegrained1_L3C914.pt,28,45,45,2,1,0.19973994000000006
avgpool_finegrained1_L96CRW.pt,28,71,71,2,1,0.28812193999999997
avgpool_finegrained1_2BZ14I.pt,28,69,69,2,1,0.32382437999999986
avgpool_finegrained1_FTP27X.pt,28,47,47,2,1,0.24103597999999996
avgpool_finegrained1_1GOXG0.pt,14,32,32,2,2,0.0884985
avgpool_finegrained1_G4P334.pt,14,33,33,2,2,0.08173894000000002
avgpool_finegrained1_SYP6MF.pt,14,31,31,2,2,0.08071653999999999
avgpool_finegrained1_PK0CHN.pt,14,24,24,2,2,0.07899977999999999
avgpool_finegrained1_OZBM6V.pt,14,50,50,2,2,0.08400968000000003
avgpool_finegrained1_68ERDZ.pt,14,30,30,2,2,0.07911077999999999
avgpool_finegrained1_0U6GMR.pt,14,27,27,2,2,0.0893388
avgpool_finegrained1_JI8UPA.pt,14,40,40,2,2,0.07890566
avgpool_finegrained1_QY63DX.pt,14,41,41,2,2,0.08259183999999997
avgpool_finegrained1_SNG78N.pt,14,38,38,2,2,0.07933896000000003
avgpool_finegrained1_KA8NIH.pt,14,44,44,2,2,0.10968497999999997
avgpool_finegrained1_WR5ARQ.pt,14,45,45,2,2,0.08294979999999998
avgpool_finegrained1_HL7WQ4.pt,14,28,28,2,2,0.08701967999999999
avgpool_finegrained1_6HZ23Y.pt,14,46,46,2,2,0.07767862000000003
avgpool_finegrained1_TGVEYS.pt,14,48,48,2,2,0.08717658000000002
avgpool_finegrained1_EGQ0C0.pt,14,29,29,2,2,0.08638797999999998
avgpool_finegrained1_XIZBSH.pt,14,23,23,2,2,0.07975026
avgpool_finegrained1_R7UU3P.pt,14,25,25,2,2,0.10182632000000001
avgpool_finegrained1_4VXWIR.pt,14,35,35,2,2,0.07804808
avgpool_finegrained1_X7M2BX.pt,14,42,42,2,2,0.08264458
avgpool_finegrained1_PWUMR4.pt,56,540,540,2,2,1.30035604
avgpool_finegrained1_EKR0T8.pt,56,531,531,2,2,1.1063226199999998
avgpool_finegrained1_7YZ6UH.pt,56,324,324,2,2,0.9123836999999998
avgpool_finegrained1_BOD7R4.pt,56,348,348,2,2,0.9713438600000001
avgpool_finegrained1_B99465.pt,56,286,286,2,2,1.1039099399999999
avgpool_finegrained1_QNOSX7.pt,56,526,526,2,2,1.1558365199999998
avgpool_finegrained1_G5S9N9.pt,56,313,313,2,2,0.89530846
avgpool_finegrained1_ARON6G.pt,56,562,562,2,2,1.1129493000000001
avgpool_finegrained1_N2JNRD.pt,56,321,321,2,2,1.0189211800000002
avgpool_finegrained1_2CM4E2.pt,56,265,265,2,2,0.8855712399999999
avgpool_finegrained1_3XENM8.pt,56,292,292,2,2,1.0361010199999998
avgpool_finegrained1_KCWW9M.pt,56,486,486,2,2,1.1973308200000004
avgpool_finegrained1_UNQ5PP.pt,56,446,446,2,2,1.1549312199999997
avgpool_finegrained1_JECF0L.pt,56,257,257,2,2,0.9485350199999998
avgpool_finegrained1_JA9Q8R.pt,56,269,269,2,2,0.78696852
avgpool_finegrained1_ME3PNF.pt,56,484,484,2,2,1.247804
avgpool_finegrained1_SIW61H.pt,56,537,537,2,2,1.2792306799999997
avgpool_finegrained1_OI0JII.pt,56,354,354,2,2,1.15783782
avgpool_finegrained1_JS1S5Y.pt,56,454,454,2,2,1.0783868199999995
avgpool_finegrained1_94DT44.pt,56,276,276,2,2,0.8301429800000001
avgpool_finegrained1_UREAUN.pt,112,362,362,2,2,1.3465384999999999
avgpool_finegrained1_FRPCG9.pt,112,497,497,2,2,1.6937428400000005
avgpool_finegrained1_2L7Q7R.pt,112,557,557,2,2,1.7657874199999994
avgpool_finegrained1_860R86.pt,112,424,424,2,2,1.4278281800000001
avgpool_finegrained1_CMZ5JH.pt,112,483,483,2,2,1.7480723799999993
avgpool_finegrained1_I9N9PO.pt,112,360,360,2,2,1.3837107600000003
avgpool_finegrained1_XSFUUD.pt,112,291,291,2,2,1.3880065400000003
avgpool_finegrained1_1OQ3M0.pt,112,406,406,2,2,1.46576458
avgpool_finegrained1_O9XAFX.pt,112,298,298,2,2,1.33489852
avgpool_finegrained1_17SZ6Q.pt,112,504,504,2,2,1.8982429000000003
avgpool_finegrained1_83JOHO.pt,112,327,327,2,2,1.5914826400000002
avgpool_finegrained1_8FK43M.pt,112,277,277,2,2,1.42112328
avgpool_finegrained1_AFJH0P.pt,112,545,545,2,2,1.6500052399999998
avgpool_finegrained1_KNE06G.pt,112,514,514,2,2,1.62247534
avgpool_finegrained1_JPAS6D.pt,112,333,333,2,2,1.2322699599999998
avgpool_finegrained1_QV836Q.pt,112,386,386,2,2,1.4944104399999996
avgpool_finegrained1_08YFBF.pt,112,403,403,2,2,1.4894743799999999
avgpool_finegrained1_SXBOU3.pt,112,569,569,2,2,2.0579327600000004
avgpool_finegrained1_ZS7QZ0.pt,112,541,541,2,2,1.8775131600000003
avgpool_finegrained1_BKFUMM.pt,112,467,467,2,2,1.5674218000000002
avgpool_finegrained1_BV4OTO.pt,56,60,60,2,2,0.24880273999999994
avgpool_finegrained1_NO8QM0.pt,56,76,76,2,2,0.3663566800000001
avgpool_finegrained1_2XX5UL.pt,56,62,62,2,2,0.28709214
avgpool_finegrained1_IDEN6R.pt,56,77,77,2,2,0.27639686
avgpool_finegrained1_JTSUGD.pt,56,49,49,2,2,0.24773838
avgpool_finegrained1_2SFSBK.pt,56,58,58,2,2,0.25037093999999993
avgpool_finegrained1_NY8H98.pt,56,79,79,2,2,0.27590342
avgpool_finegrained1_H6S9N3.pt,56,55,55,2,2,0.2602662
avgpool_finegrained1_VVA64O.pt,56,41,41,2,2,0.21060064
avgpool_finegrained1_FE8Y7Z.pt,56,52,52,2,2,0.21117284000000006
avgpool_finegrained1_6QSQ1D.pt,56,85,85,2,2,0.32947354000000006
avgpool_finegrained1_U3HH40.pt,56,65,65,2,2,0.3275051
avgpool_finegrained1_U88BJR.pt,56,78,78,2,2,0.39022780000000007
avgpool_finegrained1_HL0ZAL.pt,56,82,82,2,2,0.33394366000000003
avgpool_finegrained1_Q5RRG6.pt,56,53,53,2,2,0.22890176
avgpool_finegrained1_KPZE7I.pt,56,57,57,2,2,0.27123781999999996
avgpool_finegrained1_GNDL0T.pt,56,88,88,2,2,0.30480271999999997
avgpool_finegrained1_8MABJ8.pt,56,63,63,2,2,0.38555344000000014
avgpool_finegrained1_U1EZHM.pt,56,90,90,2,2,0.35931073999999996
avgpool_finegrained1_71YTHN.pt,56,67,67,2,2,0.33332592000000005
avgpool_finegrained1_LAMJG5.pt,14,986,986,3,2,0.25378732
avgpool_finegrained1_GRQWRL.pt,14,973,973,3,2,0.29113984
avgpool_finegrained1_LKN3SE.pt,14,722,722,3,2,0.20847181999999992
avgpool_finegrained1_PC01C7.pt,14,780,780,3,2,0.29852056
avgpool_finegrained1_5JGPOV.pt,14,506,506,3,2,0.27213677999999997
avgpool_finegrained1_A02BG2.pt,14,846,846,3,2,0.23840648
avgpool_finegrained1_87IMXS.pt,14,1000,1000,3,2,0.28151894
avgpool_finegrained1_7EHGNY.pt,14,682,682,3,2,0.19955062000000004
avgpool_finegrained1_A6L4R4.pt,14,916,916,3,2,0.24362395999999997
avgpool_finegrained1_LDHW2H.pt,14,861,861,3,2,0.25044964000000003
avgpool_finegrained1_G33QD9.pt,14,582,582,3,2,0.25157046
avgpool_finegrained1_CENT2E.pt,14,640,640,3,2,0.21293636000000002
avgpool_finegrained1_P8LERK.pt,14,515,515,3,2,0.19233283999999998
avgpool_finegrained1_B8V6PF.pt,14,961,961,3,2,0.26293832
avgpool_finegrained1_4XYXHN.pt,14,915,915,3,2,0.24205205999999993
avgpool_finegrained1_FNNA2O.pt,14,478,478,3,2,0.03315198
avgpool_finegrained1_84986Z.pt,14,740,740,3,2,0.33353037999999996
avgpool_finegrained1_6RBQOX.pt,14,879,879,3,2,0.23559420000000003
avgpool_finegrained1_6J8ZQK.pt,14,680,680,3,2,0.19900141999999998
avgpool_finegrained1_VV6XHX.pt,14,704,704,3,2,0.20358967999999994
avgpool_finegrained1_I7E4G3.pt,56,256,256,3,2,0.8749812400000002
avgpool_finegrained1_RTCV2U.pt,56,262,262,3,2,0.9232932999999999
avgpool_finegrained1_WKPD7A.pt,56,132,132,3,2,0.5892725600000002
avgpool_finegrained1_7164SZ.pt,56,144,144,3,2,0.5545682799999999
avgpool_finegrained1_KTZPUW.pt,56,231,231,3,2,0.8283644200000002
avgpool_finegrained1_3GGRDP.pt,56,253,253,3,2,1.0151951199999998
avgpool_finegrained1_7L0UN0.pt,56,278,278,3,2,1.1985017800000004
avgpool_finegrained1_OV1RJV.pt,56,157,157,3,2,0.7523293799999999
avgpool_finegrained1_MXR704.pt,56,268,268,3,2,1.0299516600000003
avgpool_finegrained1_5U1TN3.pt,56,233,233,3,2,1.0469912000000001
avgpool_finegrained1_U3EAHQ.pt,56,220,220,3,2,1.09405712
avgpool_finegrained1_RB9NNR.pt,56,124,124,3,2,0.5156031200000001
avgpool_finegrained1_6UFDRN.pt,56,250,250,3,2,0.9910744200000002
avgpool_finegrained1_VM8AY2.pt,56,167,167,3,2,0.9137572199999999
avgpool_finegrained1_9X4JXN.pt,56,249,249,3,2,1.0503541800000002
avgpool_finegrained1_KHPTBS.pt,56,229,229,3,2,0.86792966
avgpool_finegrained1_XGJCQ4.pt,56,203,203,3,2,0.8334663799999998
avgpool_finegrained1_BILK2N.pt,56,279,279,3,2,1.0302995599999998
avgpool_finegrained1_YRPAFC.pt,56,245,245,3,2,0.95534442
avgpool_finegrained1_GZVCCD.pt,56,266,266,3,2,1.17779752
avgpool_finegrained1_93VLNU.pt,56,116,116,3,2,0.54729964
avgpool_finegrained1_2MW1YL.pt,56,74,74,3,2,0.33459208
avgpool_finegrained1_3TPY4M.pt,56,79,79,3,2,0.30779839999999997
avgpool_finegrained1_Y5V1BX.pt,56,104,104,3,2,0.38872150000000005
avgpool_finegrained1_NNZCZR.pt,56,157,157,3,2,0.53627022
avgpool_finegrained1_A4KLAG.pt,56,99,99,3,2,0.3666897799999999
avgpool_finegrained1_13L5GP.pt,56,145,145,3,2,0.59429876
avgpool_finegrained1_PUUZNM.pt,56,85,85,3,2,0.41850766
avgpool_finegrained1_GR4IED.pt,56,158,158,3,2,0.6352163399999999
avgpool_finegrained1_VD6NTY.pt,56,107,107,3,2,0.57740124
avgpool_finegrained1_JSHLDH.pt,56,149,149,3,2,0.7207893400000003
avgpool_finegrained1_B60R67.pt,56,67,67,3,2,0.28409448
avgpool_finegrained1_J0DERJ.pt,56,84,84,3,2,0.32100998
avgpool_finegrained1_RSD4IR.pt,56,72,72,3,2,0.28336542
avgpool_finegrained1_SHR6LR.pt,56,126,126,3,2,0.45148276
avgpool_finegrained1_0TJDS6.pt,56,108,108,3,2,0.4296489599999999
avgpool_finegrained1_EZ817B.pt,56,97,97,3,2,0.35355020000000004
avgpool_finegrained1_2DBRZR.pt,56,155,155,3,2,0.72499392
avgpool_finegrained1_NYIIJ4.pt,56,105,105,3,2,0.48096862000000007
avgpool_finegrained1_Q7CUAE.pt,56,123,123,3,2,0.43747139999999995
avgpool_finegrained1_LVSVBC.pt,14,460,460,2,1,0.41514968
avgpool_finegrained1_TN1DLO.pt,14,407,407,2,1,0.47375506
avgpool_finegrained1_78MH6Y.pt,14,364,364,2,1,0.37714914
avgpool_finegrained1_E9GLAT.pt,14,257,257,2,1,0.2716666000000001
avgpool_finegrained1_IQCNU3.pt,14,333,333,2,1,0.3190414199999999
avgpool_finegrained1_FZ79AC.pt,14,494,494,2,1,0.09183354000000002
avgpool_finegrained1_818K9I.pt,14,338,338,2,1,0.3606863
avgpool_finegrained1_LDYH6Q.pt,14,550,550,2,1,0.4768515799999999
avgpool_finegrained1_4OIG0W.pt,14,433,433,2,1,0.4281062
avgpool_finegrained1_1F3DE2.pt,14,383,383,2,1,0.39284876
avgpool_finegrained1_K9AO6P.pt,14,342,342,2,1,0.41397858000000004
avgpool_finegrained1_XDHPI0.pt,14,472,472,2,1,0.6123991400000001
avgpool_finegrained1_GIYIGW.pt,14,482,482,2,1,0.44759818
avgpool_finegrained1_6GZR4K.pt,14,465,465,2,1,0.61073244
avgpool_finegrained1_YX2BXG.pt,14,309,309,2,1,0.33336234
avgpool_finegrained1_ILAQ2B.pt,14,539,539,2,1,0.52925146
avgpool_finegrained1_Q6R2J4.pt,14,291,291,2,1,0.46130052000000005
avgpool_finegrained1_GPTPXQ.pt,14,504,504,2,1,0.44530424
avgpool_finegrained1_7UACHN.pt,14,394,394,2,1,0.37936295999999997
avgpool_finegrained1_64ZP2B.pt,14,300,300,2,1,0.32570466000000003
avgpool_finegrained1_RP73J7.pt,56,71,71,3,2,0.28863187999999995
avgpool_finegrained1_6KKHZ1.pt,56,41,41,3,2,0.19703338000000004
avgpool_finegrained1_8DSPW1.pt,56,37,37,3,2,0.18528797999999988
avgpool_finegrained1_JFZP1B.pt,56,40,40,3,2,0.21202142
avgpool_finegrained1_JFFQE2.pt,56,45,45,3,2,0.22515690000000002
avgpool_finegrained1_OJIMWN.pt,56,66,66,3,2,0.3033575
avgpool_finegrained1_N0DYQI.pt,56,68,68,3,2,0.3319363799999999
avgpool_finegrained1_A4FJ7Y.pt,56,74,74,3,2,0.30081184000000005
avgpool_finegrained1_RLNJS2.pt,56,44,44,3,2,0.20548613999999998
avgpool_finegrained1_S8CAXJ.pt,56,64,64,3,2,0.3534503000000001
avgpool_finegrained1_01DBWQ.pt,56,76,76,3,2,0.30915928000000004
avgpool_finegrained1_CM94HC.pt,56,39,39,3,2,0.19680708000000002
avgpool_finegrained1_9DGXOQ.pt,56,46,46,3,2,0.21314842000000003
avgpool_finegrained1_VZA9EO.pt,56,50,50,3,2,0.22227968
avgpool_finegrained1_R2K8CG.pt,56,36,36,3,2,0.18084234
avgpool_finegrained1_04NIYU.pt,56,67,67,3,2,0.27365742
avgpool_finegrained1_IYVU8P.pt,56,62,62,3,2,0.25611332
avgpool_finegrained1_SPC4LE.pt,56,48,48,3,2,0.2192624
avgpool_finegrained1_AFKXWE.pt,56,83,83,3,2,0.35616793999999996
avgpool_finegrained1_WRW6VV.pt,56,84,84,3,2,0.3549989600000001
avgpool_finegrained1_7FSE1X.pt,14,430,430,2,2,0.14635238
avgpool_finegrained1_IQVNYA.pt,14,524,524,2,2,0.19302544000000008
avgpool_finegrained1_K2M9ZM.pt,14,882,882,2,2,0.22124421999999996
avgpool_finegrained1_6NLFZW.pt,14,705,705,2,2,0.19053472000000002
avgpool_finegrained1_QNZOAV.pt,14,768,768,2,2,0.20021319999999998
avgpool_finegrained1_ZNOH3K.pt,14,435,435,2,2,0.14945984
avgpool_finegrained1_FH77SC.pt,14,890,890,2,2,0.22670766000000003
avgpool_finegrained1_IP5O30.pt,14,662,662,2,2,0.18632284000000002
avgpool_finegrained1_IMEEX0.pt,14,551,551,2,2,0.1663683
avgpool_finegrained1_DL9JBL.pt,14,812,812,2,2,0.21212452000000004
avgpool_finegrained1_ULGCHA.pt,14,482,482,2,2,0.15508114
avgpool_finegrained1_4SHP37.pt,14,427,427,2,2,0.14545669999999997
avgpool_finegrained1_NSBL6B.pt,14,541,541,2,2,0.16691380000000003
avgpool_finegrained1_D9GSYW.pt,14,928,928,2,2,0.24598245999999996
avgpool_finegrained1_231O8K.pt,14,919,919,2,2,0.26516185999999997
avgpool_finegrained1_NRIR5C.pt,14,659,659,2,2,0.0364532
avgpool_finegrained1_W5VYBQ.pt,14,861,861,2,2,0.32149095999999994
avgpool_finegrained1_EXD4F8.pt,14,825,825,2,2,0.22571295999999996
avgpool_finegrained1_8S8RKN.pt,14,973,973,2,2,0.23439057999999996
avgpool_finegrained1_AT2885.pt,14,790,790,2,2,0.32209736
avgpool_finegrained1_SLLGWD.pt,28,638,638,2,2,0.56065488
avgpool_finegrained1_645Y5D.pt,28,834,834,2,2,0.7630379199999999
avgpool_finegrained1_PVEB3Z.pt,28,1227,1227,2,2,1.0443487599999999
avgpool_finegrained1_71QNOR.pt,28,907,907,2,2,0.8589186799999997
avgpool_finegrained1_K322GZ.pt,28,1140,1140,2,2,1.0008311799999996
avgpool_finegrained1_69FWD4.pt,28,814,814,2,2,0.75549518
avgpool_finegrained1_6AEANO.pt,28,805,805,2,2,0.6601824399999999
avgpool_finegrained1_IE2YJQ.pt,28,583,583,2,2,0.4820833199999999
avgpool_finegrained1_LBFDMW.pt,28,1225,1225,2,2,0.8746980800000003
avgpool_finegrained1_AHMAND.pt,28,1006,1006,2,2,0.8146743800000003
avgpool_finegrained1_4TMVHX.pt,28,837,837,2,2,0.9099044
avgpool_finegrained1_JHU8M3.pt,28,974,974,2,2,0.9691984799999999
avgpool_finegrained1_NXOCIE.pt,28,542,542,2,2,0.6852347799999998
avgpool_finegrained1_OWMZL9.pt,28,920,920,2,2,0.7130618400000001
avgpool_finegrained1_ZHOZJQ.pt,28,1122,1122,2,2,0.9870088200000001
avgpool_finegrained1_LZ98AC.pt,28,714,714,2,2,0.6031116000000001
avgpool_finegrained1_B8NQGJ.pt,28,737,737,2,2,0.5118692
avgpool_finegrained1_5H22YR.pt,28,795,795,2,2,0.6384100399999999
avgpool_finegrained1_EDBPPY.pt,28,923,923,2,2,0.75776566
avgpool_finegrained1_QSU6IS.pt,28,1126,1126,2,2,0.8953154999999999
avgpool_finegrained1_9VK9GJ.pt,14,973,973,2,2,0.28392594000000004
avgpool_finegrained1_BOLP8M.pt,14,750,750,2,2,0.20333663999999996
avgpool_finegrained1_R1RWZH.pt,14,534,534,2,2,0.16360332000000008
avgpool_finegrained1_NFRRPH.pt,14,615,615,2,2,0.20853572
avgpool_finegrained1_0F2JYG.pt,14,938,938,2,2,0.2286666
avgpool_finegrained1_IKGKTT.pt,14,647,647,2,2,0.18107378000000005
avgpool_finegrained1_SIOAL7.pt,14,554,554,2,2,0.16728485999999998
avgpool_finegrained1_LZ0LUV.pt,14,428,428,2,2,0.14479472000000002
avgpool_finegrained1_5QF1GS.pt,14,433,433,2,2,0.16108112000000002
avgpool_finegrained1_Z9JDPH.pt,14,860,860,2,2,0.21247301999999998
avgpool_finegrained1_8U19N6.pt,14,742,742,2,2,0.1923811
avgpool_finegrained1_S6FCU5.pt,14,830,830,2,2,0.24003791999999993
avgpool_finegrained1_DD0QMF.pt,14,787,787,2,2,0.21842116000000003
avgpool_finegrained1_Q28R1A.pt,14,902,902,2,2,0.24326542000000004
avgpool_finegrained1_FGQ8VO.pt,14,733,733,2,2,0.2804431600000001
avgpool_finegrained1_VXREZG.pt,14,601,601,2,2,0.17559606000000003
avgpool_finegrained1_P5J2YR.pt,14,687,687,2,2,0.1885562
avgpool_finegrained1_MZ64A5.pt,14,794,794,2,2,0.21077247999999993
avgpool_finegrained1_1T0WOT.pt,14,779,779,2,2,0.22232268000000002
avgpool_finegrained1_HLZPA1.pt,14,886,886,2,2,0.2795284
avgpool_finegrained1_BRR961.pt,14,52,52,3,2,0.08698932000000002
avgpool_finegrained1_HA1CME.pt,14,91,91,3,2,0.10759543999999996
avgpool_finegrained1_J9BVPB.pt,14,103,103,3,2,0.09329685999999995
avgpool_finegrained1_UVISZS.pt,14,74,74,3,2,0.09000190000000002
avgpool_finegrained1_JXWMOZ.pt,14,76,76,3,2,0.09126824000000001
avgpool_finegrained1_SMURIB.pt,14,65,65,3,2,0.01641256
avgpool_finegrained1_BLDNB1.pt,14,101,101,3,2,0.10138546000000001
avgpool_finegrained1_J2Z7M0.pt,14,58,58,3,2,0.08634573999999999
avgpool_finegrained1_6JNWWZ.pt,14,89,89,3,2,0.11331434000000001
avgpool_finegrained1_MP0M0X.pt,14,98,98,3,2,0.0657043
avgpool_finegrained1_BGHS99.pt,14,93,93,3,2,0.1163234
avgpool_finegrained1_AO2ZF7.pt,14,86,86,3,2,0.09056784000000001
avgpool_finegrained1_BO3AYV.pt,14,71,71,3,2,0.08730568000000001
avgpool_finegrained1_MNFC34.pt,14,62,62,3,2,0.08757620000000003
avgpool_finegrained1_WT4R8P.pt,14,99,99,3,2,0.08967986000000001
avgpool_finegrained1_SZF8S3.pt,14,82,82,3,2,0.09152836
avgpool_finegrained1_HKFTOE.pt,14,78,78,3,2,0.09008768
avgpool_finegrained1_SEETX7.pt,14,77,77,3,2,0.09010452
avgpool_finegrained1_7LVIT8.pt,14,96,96,3,2,0.09354393999999999
avgpool_finegrained1_3ADFDE.pt,14,49,49,3,2,0.08378528000000002
avgpool_finegrained1_RS8U3F.pt,112,546,546,2,2,2.1488089000000006
avgpool_finegrained1_E7R626.pt,112,292,292,2,2,1.6555973200000005
avgpool_finegrained1_TUHPWN.pt,112,253,253,2,2,1.4586090600000003
avgpool_finegrained1_U5DU7M.pt,112,422,422,2,2,1.1217580999999999
avgpool_finegrained1_KUEBEY.pt,112,519,519,2,2,1.7800936400000011
avgpool_finegrained1_8YB2JG.pt,112,466,466,2,2,1.8159280599999996
avgpool_finegrained1_52YZHR.pt,112,408,408,2,2,1.52096322
avgpool_finegrained1_BZPHEF.pt,112,305,305,2,2,1.6643599999999994
avgpool_finegrained1_HELCN9.pt,112,453,453,2,2,1.4503826800000004
avgpool_finegrained1_BJNFBO.pt,112,372,372,2,2,1.5051020199999998
avgpool_finegrained1_W76R2X.pt,112,533,533,2,2,1.7444956000000003
avgpool_finegrained1_VSP3D3.pt,112,425,425,2,2,1.4388250400000002
avgpool_finegrained1_KACZYH.pt,112,397,397,2,2,1.3800683800000002
avgpool_finegrained1_5IGI1Z.pt,112,494,494,2,2,1.9429473
avgpool_finegrained1_LWWRWY.pt,112,593,593,2,2,1.77191424
avgpool_finegrained1_HZLZCP.pt,112,522,522,2,2,1.8416302000000004
avgpool_finegrained1_Q7CCA3.pt,112,427,427,2,2,1.62424998
avgpool_finegrained1_LGTK9X.pt,112,477,477,2,2,1.4619282600000003
avgpool_finegrained1_FHIVPN.pt,112,462,462,2,2,1.4696187800000005
avgpool_finegrained1_HM8OKE.pt,112,352,352,2,2,1.36130076
avgpool_finegrained1_HBSJ0A.pt,14,55,55,2,2,0.08271205999999999
avgpool_finegrained1_ZHU0KM.pt,14,31,31,2,2,0.0796379
avgpool_finegrained1_L8H16I.pt,14,48,48,2,2,0.08549452000000002
avgpool_finegrained1_27OBKM.pt,14,71,71,2,2,0.08614417999999997
avgpool_finegrained1_6WKJMG.pt,14,49,49,2,2,0.08229645999999997
avgpool_finegrained1_BL9D5P.pt,14,72,72,2,2,0.09226622
avgpool_finegrained1_9VSU0C.pt,14,53,53,2,2,0.0856555
avgpool_finegrained1_8G147C.pt,14,46,46,2,2,0.08333964000000002
avgpool_finegrained1_1IIP8X.pt,14,42,42,2,2,0.08315017999999999
avgpool_finegrained1_XD2D0W.pt,14,59,59,2,2,0.0798907
avgpool_finegrained1_RPLFY8.pt,14,56,56,2,2,0.08373001999999995
avgpool_finegrained1_RUVLF5.pt,14,51,51,2,2,0.07772664
avgpool_finegrained1_NGTRDF.pt,14,70,70,2,2,0.08346955999999998
avgpool_finegrained1_5ZO0TC.pt,14,44,44,2,2,0.08124320000000002
avgpool_finegrained1_KUAL6O.pt,14,41,41,2,2,0.09032289999999996
avgpool_finegrained1_V596T6.pt,14,30,30,2,2,0.013822
avgpool_finegrained1_U5A6A3.pt,14,47,47,2,2,0.07863687999999998
avgpool_finegrained1_QMLKEB.pt,14,38,38,2,2,0.07669524
avgpool_finegrained1_UU1HMI.pt,14,37,37,2,2,0.07809485999999999
avgpool_finegrained1_GCSIKZ.pt,14,64,64,2,2,0.07839344000000001
avgpool_finegrained1_M8RFI3.pt,28,610,610,3,2,0.6899003200000001
avgpool_finegrained1_3HMQQK.pt,28,777,777,3,2,0.6974584199999998
avgpool_finegrained1_VTY1SN.pt,28,443,443,3,2,0.52878052
avgpool_finegrained1_WOIZKE.pt,28,442,442,3,2,0.40547986
avgpool_finegrained1_M8W9Y8.pt,28,965,965,3,2,1.2089506
avgpool_finegrained1_PSW06N.pt,28,571,571,3,2,0.6603505399999999
avgpool_finegrained1_W2BV3P.pt,28,896,896,3,2,1.0585976799999999
avgpool_finegrained1_LFIKWU.pt,28,787,787,3,2,1.0805338999999998
avgpool_finegrained1_M69HPQ.pt,28,617,617,3,2,0.5508318
avgpool_finegrained1_5C97DY.pt,28,715,715,3,2,0.8817696000000008
avgpool_finegrained1_F8QMVM.pt,28,685,685,3,2,0.6342036599999998
avgpool_finegrained1_V9LR7I.pt,28,982,982,3,2,1.0754627200000002
avgpool_finegrained1_5R0COW.pt,28,976,976,3,2,0.97955442
avgpool_finegrained1_82B07J.pt,28,620,620,3,2,0.67171098
avgpool_finegrained1_1ZQW20.pt,28,651,651,3,2,0.64821806
avgpool_finegrained1_LK6YFE.pt,28,689,689,3,2,0.6253653800000001
avgpool_finegrained1_NT9EX4.pt,28,618,618,3,2,0.6365635000000001
avgpool_finegrained1_49PNWX.pt,28,725,725,3,2,0.6434972400000001
avgpool_finegrained1_6NPWGT.pt,28,975,975,3,2,0.9252240599999999
avgpool_finegrained1_QVIK9F.pt,28,726,726,3,2,0.6668666000000001
avgpool_finegrained1_7VU9TF.pt,28,564,564,3,2,0.5151071600000001
avgpool_finegrained1_9W3SWN.pt,28,512,512,3,2,0.4600472600000001
avgpool_finegrained1_0MZMM7.pt,28,401,401,3,2,0.32335976
avgpool_finegrained1_Y88J1J.pt,28,587,587,3,2,0.5299636200000001
avgpool_finegrained1_ITYUY2.pt,28,472,472,3,2,0.5068018200000001
avgpool_finegrained1_RS4ECP.pt,28,535,535,3,2,0.49237235999999995
avgpool_finegrained1_O9BWX7.pt,28,434,434,3,2,0.46772879999999994
avgpool_finegrained1_Y9YP37.pt,28,410,410,3,2,0.4299481999999999
avgpool_finegrained1_BL2061.pt,28,315,315,3,2,0.3120881999999999
avgpool_finegrained1_XEZV1F.pt,28,352,352,3,2,0.43947063999999986
avgpool_finegrained1_KWCDT9.pt,28,578,578,3,2,0.51729958
avgpool_finegrained1_RCWSSF.pt,28,311,311,3,2,0.3089133199999998
avgpool_finegrained1_DBA4VO.pt,28,423,423,3,2,0.45524564
avgpool_finegrained1_TIEVZ9.pt,28,390,390,3,2,0.4779366200000002
avgpool_finegrained1_GLBR2Y.pt,28,520,520,3,2,0.6638822399999998
avgpool_finegrained1_GVCRB6.pt,28,580,580,3,2,0.59667006
avgpool_finegrained1_2IF16G.pt,28,363,363,3,2,0.34654576
avgpool_finegrained1_DF2XG0.pt,28,467,467,3,2,0.45887676
avgpool_finegrained1_QQQHOV.pt,28,343,343,3,2,0.46982698
avgpool_finegrained1_DYMB4Y.pt,28,469,469,3,2,0.4643634800000001
avgpool_finegrained1_HTEQ14.pt,14,62,62,3,1,0.12157942000000008
avgpool_finegrained1_TT662X.pt,14,78,78,3,1,0.14068361999999998
avgpool_finegrained1_LOLXTW.pt,14,60,60,3,1,0.16366048000000002
avgpool_finegrained1_97N9X9.pt,14,56,56,3,1,0.11847429999999999
avgpool_finegrained1_3E91S0.pt,14,59,59,3,1,0.15039867999999998
avgpool_finegrained1_XNM5HU.pt,14,71,71,3,1,0.02655248
avgpool_finegrained1_SB4MS1.pt,14,72,72,3,1,0.1875861399999999
avgpool_finegrained1_86L84W.pt,14,44,44,3,1,0.10650194000000003
avgpool_finegrained1_R85P6A.pt,14,36,36,3,1,0.10984772
avgpool_finegrained1_XRFLDW.pt,14,51,51,3,1,0.1555627
avgpool_finegrained1_SYW0TO.pt,14,53,53,3,1,0.12067034000000001
avgpool_finegrained1_YK1D6G.pt,14,49,49,3,1,0.11264927999999999
avgpool_finegrained1_S6MIF8.pt,14,61,61,3,1,0.12108068000000002
avgpool_finegrained1_HT6WDU.pt,14,42,42,3,1,0.10655318000000001
avgpool_finegrained1_Y4D7E1.pt,14,52,52,3,1,0.11449013999999998
avgpool_finegrained1_UGC8MT.pt,14,39,39,3,1,0.10413220000000001
avgpool_finegrained1_E16CTD.pt,14,77,77,3,1,0.13759259999999998
avgpool_finegrained1_5YT61K.pt,14,48,48,3,1,0.11930704000000002
avgpool_finegrained1_LLBSQN.pt,14,38,38,3,1,0.11359729999999998
avgpool_finegrained1_DI0NWM.pt,14,79,79,3,1,0.15673638000000004
avgpool_finegrained1_EQBE73.pt,112,261,261,3,2,1.4436405800000003
avgpool_finegrained1_G5SIH2.pt,112,251,251,3,2,1.76927826
avgpool_finegrained1_N0XWNG.pt,112,165,165,3,2,1.32430586
avgpool_finegrained1_GI3N6M.pt,112,148,148,3,2,1.641127
avgpool_finegrained1_YE8C6M.pt,112,255,255,3,2,1.45735736
avgpool_finegrained1_R4HVX5.pt,112,205,205,3,2,0.9197955599999998
avgpool_finegrained1_LT41DW.pt,112,231,231,3,2,1.3889354799999998
avgpool_finegrained1_CKP9IM.pt,112,192,192,3,2,1.1945881399999996
avgpool_finegrained1_O5TDTU.pt,112,171,171,3,2,1.3268370800000002
avgpool_finegrained1_JNXLUG.pt,112,143,143,3,2,1.21417668
avgpool_finegrained1_VTXIP0.pt,112,188,188,3,2,1.3890936600000001
avgpool_finegrained1_E1YMDL.pt,112,247,247,3,2,1.3927971
avgpool_finegrained1_WNVJFM.pt,112,189,189,3,2,1.3958880800000002
avgpool_finegrained1_YQV7DK.pt,112,211,211,3,2,1.3337893799999998
avgpool_finegrained1_080B31.pt,112,201,201,3,2,1.3767448800000002
avgpool_finegrained1_TD1RLI.pt,112,214,214,3,2,1.53168128
avgpool_finegrained1_MPPXK0.pt,112,218,218,3,2,1.4260027
avgpool_finegrained1_NRY2I5.pt,112,115,115,3,2,1.2289226400000002
avgpool_finegrained1_405WX4.pt,112,134,134,3,2,1.3523258999999999
avgpool_finegrained1_BEC90U.pt,112,118,118,3,2,1.21043724
avgpool_finegrained1_XZ9L49.pt,14,118,118,2,2,0.09515844000000002
avgpool_finegrained1_N8DN8R.pt,14,105,105,2,2,0.09164431999999997
avgpool_finegrained1_6IKO7E.pt,14,203,203,2,2,0.10860019999999998
avgpool_finegrained1_FK4VLI.pt,14,156,156,2,2,0.09872307999999999
avgpool_finegrained1_MX6WOL.pt,14,181,181,2,2,0.12152768000000004
avgpool_finegrained1_HUJF17.pt,14,154,154,2,2,0.10148319999999998
avgpool_finegrained1_4K3U3M.pt,14,169,169,2,2,0.10249365999999999
avgpool_finegrained1_XLB56W.pt,14,229,229,2,2,0.1125085
avgpool_finegrained1_Y44DTK.pt,14,130,130,2,2,0.10810188
avgpool_finegrained1_H3HIAH.pt,14,128,128,2,2,0.09574454000000002
avgpool_finegrained1_TCOPUK.pt,14,200,200,2,2,0.10850666
avgpool_finegrained1_166F1D.pt,14,119,119,2,2,0.09503395999999999
avgpool_finegrained1_L80J6B.pt,14,180,180,2,2,0.11768218000000003
avgpool_finegrained1_6R0AYE.pt,14,223,223,2,2,0.13551482
avgpool_finegrained1_YUFANQ.pt,14,173,173,2,2,0.10403140000000001
avgpool_finegrained1_J4NNJD.pt,14,187,187,2,2,0.02119622000000001
avgpool_finegrained1_XD9U8O.pt,14,214,214,2,2,0.10977581999999998
avgpool_finegrained1_EVOV01.pt,14,126,126,2,2,0.09810645999999998
avgpool_finegrained1_2815YY.pt,14,178,178,2,2,0.11017234000000001
avgpool_finegrained1_J93HCT.pt,14,153,153,2,2,0.10638124000000002
avgpool_finegrained1_59KZA5.pt,112,871,871,3,2,2.669587959999999
avgpool_finegrained1_JMLM8N.pt,112,969,969,3,2,2.7977299799999997
avgpool_finegrained1_1930FR.pt,112,1165,1165,3,2,3.35526626
avgpool_finegrained1_ERM2BK.pt,112,1179,1179,3,2,3.4123902000000004
avgpool_finegrained1_C48DWJ.pt,112,613,613,3,2,2.0720670000000005
avgpool_finegrained1_WYE0W2.pt,112,960,960,3,2,2.77295282
avgpool_finegrained1_USKBSC.pt,112,1031,1031,3,2,2.9497375400000023
avgpool_finegrained1_K41GKV.pt,112,581,581,3,2,1.8346102199999998
avgpool_finegrained1_4ESQR7.pt,112,1122,1122,3,2,3.2682018399999997
avgpool_finegrained1_DFR7DF.pt,112,1055,1055,3,2,3.0276342399999994
avgpool_finegrained1_IUCI6H.pt,112,989,989,3,2,2.85836522
avgpool_finegrained1_EU751T.pt,112,1063,1063,3,2,3.2189594800000014
avgpool_finegrained1_M4XGXZ.pt,112,915,915,3,2,2.74672156
avgpool_finegrained1_RQM4L8.pt,112,947,947,3,2,2.7615368399999998
avgpool_finegrained1_CR7EY3.pt,112,917,917,3,2,2.6192061799999995
avgpool_finegrained1_BN5PKX.pt,112,612,612,3,2,2.0599177600000003
avgpool_finegrained1_Z21WJ7.pt,112,1145,1145,3,2,3.5138916
avgpool_finegrained1_WG0AOM.pt,112,1173,1173,3,2,3.4480265800000005
avgpool_finegrained1_VBA6TY.pt,112,1040,1040,3,2,3.0779395200000006
avgpool_finegrained1_RCZ2PF.pt,112,743,743,3,2,2.2828080200000005
avgpool_finegrained1_92WMZ9.pt,28,52,52,3,1,0.23302486000000003
avgpool_finegrained1_WCM8KG.pt,28,72,72,3,1,0.2888488999999999
avgpool_finegrained1_6AFGJ9.pt,28,68,68,3,1,0.30232767999999993
avgpool_finegrained1_J0K02W.pt,28,73,73,3,1,0.33464287999999986
avgpool_finegrained1_JLZRPH.pt,28,38,38,3,1,0.19551254
avgpool_finegrained1_LG4DKO.pt,28,67,67,3,1,0.29271194
avgpool_finegrained1_C2V4C4.pt,28,74,74,3,1,0.34984332
avgpool_finegrained1_I8KP59.pt,28,40,40,3,1,0.19394836000000001
avgpool_finegrained1_WJ4F5B.pt,28,64,64,3,1,0.26558392000000003
avgpool_finegrained1_HWAZZZ.pt,28,61,61,3,1,0.2720944199999999
avgpool_finegrained1_S5DGBQ.pt,28,45,45,3,1,0.21832134000000003
avgpool_finegrained1_XCUKYY.pt,28,58,58,3,1,0.24937155999999994
avgpool_finegrained1_9DMTVF.pt,28,36,36,3,1,0.18601722
avgpool_finegrained1_L6IWDM.pt,28,53,53,3,1,0.23310718000000002
avgpool_finegrained1_5NQMUM.pt,28,41,41,3,1,0.20001579999999997
avgpool_finegrained1_IRM0F9.pt,28,39,39,3,1,0.20154629999999993
avgpool_finegrained1_8G102S.pt,28,66,66,3,1,0.28085742
avgpool_finegrained1_JDP8VJ.pt,28,42,42,3,1,0.2028714
avgpool_finegrained1_TCWBIL.pt,28,37,37,3,1,0.18952692000000013
avgpool_finegrained1_PBU52E.pt,28,65,65,3,1,0.27272296000000007
avgpool_finegrained1_H22ZP9.pt,56,471,471,3,2,1.0704447599999996
avgpool_finegrained1_ZXWNTZ.pt,56,420,420,3,2,1.18404256
avgpool_finegrained1_C8MW4P.pt,56,706,706,3,2,1.3721173599999998
avgpool_finegrained1_369NME.pt,56,620,620,3,2,1.3674356600000002
avgpool_finegrained1_7ZAMTH.pt,56,630,630,3,2,1.3258326600000006
avgpool_finegrained1_6MBQOT.pt,56,988,988,3,2,0.82698056
avgpool_finegrained1_V61ZQW.pt,56,690,690,3,2,1.504876
avgpool_finegrained1_3UQXV4.pt,56,444,444,3,2,1.30442382
avgpool_finegrained1_HNZTCX.pt,56,767,767,3,2,1.2979133999999999
avgpool_finegrained1_8SZVEF.pt,56,531,531,3,2,1.3612271200000001
avgpool_finegrained1_BYNEHA.pt,56,600,600,3,2,1.35378276
avgpool_finegrained1_LVD9FJ.pt,56,968,968,3,2,1.45638472
avgpool_finegrained1_RGDLB5.pt,56,499,499,3,2,1.2090330599999999
avgpool_finegrained1_94EFT1.pt,56,639,639,3,2,1.3028299799999998
avgpool_finegrained1_766T5W.pt,56,830,830,3,2,1.4006591000000004
avgpool_finegrained1_E0GLIU.pt,56,969,969,3,2,1.4253837600000003
avgpool_finegrained1_KIP77L.pt,56,790,790,3,2,1.4846863000000001
avgpool_finegrained1_GASNO4.pt,56,675,675,3,2,1.4424172600000003
avgpool_finegrained1_VG8XAD.pt,56,640,640,3,2,1.34468692
avgpool_finegrained1_KIQ6Z4.pt,56,744,744,3,2,1.5037232600000003
avgpool_finegrained1_TEK82T.pt,14,260,260,2,2,0.16770201999999998
avgpool_finegrained1_ZY0E0F.pt,14,429,429,2,2,0.14572742
avgpool_finegrained1_O2I3PZ.pt,14,438,438,2,2,0.22118485999999998
avgpool_finegrained1_D8M2AQ.pt,14,263,263,2,2,0.11617988
avgpool_finegrained1_X2NU20.pt,14,276,276,2,2,0.15257977999999997
avgpool_finegrained1_W1S9VR.pt,14,558,558,2,2,0.17088974000000007
avgpool_finegrained1_8B3IIM.pt,14,353,353,2,2,0.13658380000000003
avgpool_finegrained1_BWVDZX.pt,14,453,453,2,2,0.15093494
avgpool_finegrained1_JKB1ZR.pt,14,425,425,2,2,0.1464237
avgpool_finegrained1_GJZYMG.pt,14,341,341,2,2,0.13406295999999998
avgpool_finegrained1_5W46YW.pt,14,496,496,2,2,0.15752832
avgpool_finegrained1_TWCPRX.pt,14,469,469,2,2,0.15453558
avgpool_finegrained1_65LZHA.pt,14,394,394,2,2,0.13842459999999995
avgpool_finegrained1_7DGTK2.pt,14,271,271,2,2,0.12050338
avgpool_finegrained1_EO6KMV.pt,14,377,377,2,2,0.14019173999999998
avgpool_finegrained1_T9PLT6.pt,14,435,435,2,2,0.16517307999999997
avgpool_finegrained1_8PC1SD.pt,14,320,320,2,2,0.13650942
avgpool_finegrained1_WTF562.pt,14,322,322,2,2,0.10935039999999999
avgpool_finegrained1_I1VSEU.pt,14,389,389,2,2,0.15399126000000002
avgpool_finegrained1_Q5OI4X.pt,14,456,456,2,2,0.15743900000000002
avgpool_finegrained1_89D7LD.pt,14,385,385,2,2,0.14902774000000005
avgpool_finegrained1_LSGS4F.pt,14,358,358,2,2,0.14392774
avgpool_finegrained1_VOK1PC.pt,14,316,316,2,2,0.12954168000000002
avgpool_finegrained1_LNTZHS.pt,14,495,495,2,2,0.21894638
avgpool_finegrained1_P4MY2H.pt,14,532,532,2,2,0.1627748
avgpool_finegrained1_ILO12F.pt,14,492,492,2,2,0.19436520000000002
avgpool_finegrained1_0ECVFH.pt,14,398,398,2,2,0.14033354000000003
avgpool_finegrained1_SIIVUJ.pt,14,361,361,2,2,0.13583776
avgpool_finegrained1_T24UPG.pt,14,509,509,2,2,0.15938844
avgpool_finegrained1_8SQAVK.pt,14,381,381,2,2,0.13777234
avgpool_finegrained1_0NPUAI.pt,14,291,291,2,2,0.12501954
avgpool_finegrained1_TLYMPS.pt,14,453,453,2,2,0.1741436
avgpool_finegrained1_1WRC8H.pt,14,491,491,2,2,0.15664474
avgpool_finegrained1_8Z6RNT.pt,14,448,448,2,2,0.15009147999999997
avgpool_finegrained1_4E9ZRE.pt,14,317,317,2,2,0.12900421999999998
avgpool_finegrained1_VL1T8Y.pt,14,258,258,2,2,0.023377299999999997
avgpool_finegrained1_SF63VW.pt,14,404,404,2,2,0.13956448000000005
avgpool_finegrained1_EMK1DN.pt,14,468,468,2,2,0.16717453999999995
avgpool_finegrained1_CAFPHV.pt,14,502,502,2,2,0.15899972000000004
avgpool_finegrained1_ORHP0G.pt,14,438,438,2,2,0.05418360000000002
avgpool_finegrained1_VUX2EV.pt,14,600,600,3,2,0.18694973999999998
avgpool_finegrained1_4X7CAA.pt,14,453,453,3,2,0.17015548
avgpool_finegrained1_Y2BR3R.pt,14,542,542,3,2,0.20437834000000002
avgpool_finegrained1_FE0A08.pt,14,424,424,3,2,0.17229373999999997
avgpool_finegrained1_V45W19.pt,14,351,351,3,2,0.16851472
avgpool_finegrained1_UAWQOR.pt,14,331,331,3,2,0.13691226
avgpool_finegrained1_NLOFMD.pt,14,428,428,3,2,0.15621248000000004
avgpool_finegrained1_1Y0F86.pt,14,488,488,3,2,0.18609992000000006
avgpool_finegrained1_QKZR5F.pt,14,416,416,3,2,0.15722616000000003
avgpool_finegrained1_CHVGAE.pt,14,458,458,3,2,0.16382549999999999
avgpool_finegrained1_KMUBIS.pt,14,563,563,3,2,0.20374336000000007
avgpool_finegrained1_9ZVD3D.pt,14,442,442,3,2,0.17253859999999996
avgpool_finegrained1_46Q1YM.pt,14,284,284,3,2,0.14212306000000002
avgpool_finegrained1_61N9DR.pt,14,303,303,3,2,0.13944466
avgpool_finegrained1_Z51SBA.pt,14,261,261,3,2,0.12334116
avgpool_finegrained1_TSZA1D.pt,14,497,497,3,2,0.24948874
avgpool_finegrained1_J01GIS.pt,14,356,356,3,2,0.16908603999999997
avgpool_finegrained1_O95T6H.pt,14,475,475,3,2,0.16611074000000003
avgpool_finegrained1_XL6DZX.pt,14,556,556,3,2,0.17708938
avgpool_finegrained1_KDWJ72.pt,14,526,526,3,2,0.17746717999999995
avgpool_finegrained1_XJVQ9I.pt,56,258,258,3,2,1.2137093999999997
avgpool_finegrained1_Z4E447.pt,56,304,304,3,2,1.07100456
avgpool_finegrained1_BDPR65.pt,56,312,312,3,2,1.0165898999999998
avgpool_finegrained1_NW65T4.pt,56,439,439,3,2,1.1807789800000004
avgpool_finegrained1_S4PO3Q.pt,56,599,599,3,2,1.3213076000000001
avgpool_finegrained1_W0FI8K.pt,56,396,396,3,2,1.3040202599999997
avgpool_finegrained1_U3E54W.pt,56,390,390,3,2,1.34686132
avgpool_finegrained1_2LX4B5.pt,56,276,276,3,2,1.1938193599999998
avgpool_finegrained1_9HVB5J.pt,56,549,549,3,2,1.3461932399999998
avgpool_finegrained1_SDHT66.pt,56,541,541,3,2,1.2790802200000002
avgpool_finegrained1_W7TY4F.pt,56,514,514,3,2,1.2858496199999998
avgpool_finegrained1_W6XH2N.pt,56,505,505,3,2,1.24563746
avgpool_finegrained1_JO0R96.pt,56,265,265,3,2,0.8779555599999997
avgpool_finegrained1_X62TJO.pt,56,352,352,3,2,1.0329169799999998
avgpool_finegrained1_7WCPZT.pt,56,271,271,3,2,0.9165949200000003
avgpool_finegrained1_971IN2.pt,56,337,337,3,2,1.1530583199999995
avgpool_finegrained1_YPPOCT.pt,56,391,391,3,2,1.1331103400000002
avgpool_finegrained1_MYZRK4.pt,56,462,462,3,2,1.3296053200000002
avgpool_finegrained1_WRPY5K.pt,56,280,280,3,2,1.0424390000000003
avgpool_finegrained1_G5GAEP.pt,56,274,274,3,2,0.8702418200000004
avgpool_finegrained1_QTQLOB.pt,112,40,40,2,2,0.77211012
avgpool_finegrained1_CG5QVO.pt,112,45,45,2,2,0.71850802
avgpool_finegrained1_K4XU4B.pt,112,58,58,2,2,0.7710136600000002
avgpool_finegrained1_200N8X.pt,112,41,41,2,2,0.6477646599999999
avgpool_finegrained1_PUH9DX.pt,112,26,26,2,2,0.4485561
avgpool_finegrained1_HMA9XL.pt,112,50,50,2,2,0.13670980000000005
avgpool_finegrained1_FTRIQP.pt,112,44,44,2,2,0.5735991800000001
avgpool_finegrained1_ZPSVXR.pt,112,43,43,2,2,0.8821555200000002
avgpool_finegrained1_NWYR9X.pt,112,51,51,2,2,0.62267876
avgpool_finegrained1_TMU67I.pt,112,42,42,2,2,0.53946246
avgpool_finegrained1_OW65K8.pt,112,37,37,2,2,0.5216511
avgpool_finegrained1_LN53WB.pt,112,59,59,2,2,0.7090823599999999
avgpool_finegrained1_RPQ2DO.pt,112,30,30,2,2,0.5089589
avgpool_finegrained1_Q84K1Q.pt,112,36,36,2,2,0.45071965999999997
avgpool_finegrained1_BAL32K.pt,112,35,35,2,2,0.44066092000000007
avgpool_finegrained1_2BCFL8.pt,112,52,52,2,2,0.6450636999999999
avgpool_finegrained1_S9SWYD.pt,112,46,46,2,2,0.7942033399999999
avgpool_finegrained1_BJZRED.pt,112,47,47,2,2,0.6747878399999998
avgpool_finegrained1_SOPN66.pt,112,54,54,2,2,0.8624575800000001
avgpool_finegrained1_8U4TN6.pt,112,32,32,2,2,0.50927166
avgpool_finegrained1_T9SFNV.pt,28,97,97,2,1,0.4328179400000001
avgpool_finegrained1_18LFVK.pt,28,99,99,2,1,0.48572068
avgpool_finegrained1_RZRJ0H.pt,28,56,56,2,1,0.22786802000000006
avgpool_finegrained1_GNKCUQ.pt,28,76,76,2,1,0.28135504
avgpool_finegrained1_NX4Z8U.pt,28,65,65,2,1,0.31873801999999996
avgpool_finegrained1_NMWFA7.pt,28,112,112,2,1,0.41322854
avgpool_finegrained1_55XPMM.pt,28,117,117,2,1,0.3926284000000001
avgpool_finegrained1_0F8BBX.pt,28,103,103,2,1,0.3634427999999999
avgpool_finegrained1_06IRK3.pt,28,107,107,2,1,0.36720438
avgpool_finegrained1_4CY94Q.pt,28,111,111,2,1,0.37810341999999997
avgpool_finegrained1_XQUJCU.pt,28,86,86,2,1,0.46267911999999994
avgpool_finegrained1_FS01AF.pt,28,87,87,2,1,0.35255536000000004
avgpool_finegrained1_LIV9N7.pt,28,116,116,2,1,0.43482250000000006
avgpool_finegrained1_2SXY9H.pt,28,57,57,2,1,0.23191458
avgpool_finegrained1_T455G1.pt,28,73,73,2,1,0.2826575800000001
avgpool_finegrained1_Y0899X.pt,28,70,70,2,1,0.26610958
avgpool_finegrained1_ZMAKB8.pt,28,72,72,2,1,0.40268194
avgpool_finegrained1_VDWWUO.pt,28,100,100,2,1,0.3473693800000001
avgpool_finegrained1_V8SF02.pt,28,84,84,2,1,0.32037720000000003
avgpool_finegrained1_V1GORD.pt,28,105,105,2,1,0.3645354000000001
avgpool_finegrained1_1G04LN.pt,14,478,478,2,2,0.15682868
avgpool_finegrained1_6V8XDI.pt,14,352,352,2,2,0.13133348000000003
avgpool_finegrained1_XD0PVB.pt,14,451,451,2,2,0.14826470000000003
avgpool_finegrained1_OUHH0K.pt,14,450,450,2,2,0.16001545999999997
avgpool_finegrained1_RS2ERV.pt,14,443,443,2,2,0.14875524
avgpool_finegrained1_2BRIIK.pt,14,469,469,2,2,0.15246915999999996
avgpool_finegrained1_JUVKNP.pt,14,610,610,2,2,0.17892311999999994
avgpool_finegrained1_6Z3TPK.pt,14,369,369,2,2,0.13587398000000003
avgpool_finegrained1_CSSNYZ.pt,14,524,524,2,2,0.16725465999999997
avgpool_finegrained1_33OGGZ.pt,14,261,261,2,2,0.11704834
avgpool_finegrained1_KWB64O.pt,14,335,335,2,2,0.12957396
avgpool_finegrained1_CTP5HJ.pt,14,547,547,2,2,0.17124760000000003
avgpool_finegrained1_2VGH78.pt,14,589,589,2,2,0.17232983999999998
avgpool_finegrained1_RUA680.pt,14,341,341,2,2,0.15395236000000004
avgpool_finegrained1_M1AXZA.pt,14,580,580,2,2,0.17090328000000007
avgpool_finegrained1_6UWXYD.pt,14,485,485,2,2,0.03086143999999999
avgpool_finegrained1_EJMMU2.pt,14,592,592,2,2,0.17061431999999999
avgpool_finegrained1_VFFECM.pt,14,425,425,2,2,0.14885733999999998
avgpool_finegrained1_02L7LI.pt,14,288,288,2,2,0.12116029999999998
avgpool_finegrained1_918UMG.pt,14,521,521,2,2,0.16250054000000003
avgpool_finegrained1_99AEJM.pt,28,33,33,2,2,0.10712528000000003
avgpool_finegrained1_NRUX4U.pt,28,58,58,2,2,0.115737
avgpool_finegrained1_CENZEX.pt,28,50,50,2,2,0.10681082000000001
avgpool_finegrained1_3BMU9Q.pt,28,59,59,2,2,0.11154785999999998
avgpool_finegrained1_D5G7IN.pt,28,38,38,2,2,0.09807188
avgpool_finegrained1_VHPZRX.pt,28,28,28,2,2,0.09135309999999996
avgpool_finegrained1_6X7RNE.pt,28,37,37,2,2,0.09827592000000002
avgpool_finegrained1_1DMU2B.pt,28,63,63,2,2,0.11646270000000002
avgpool_finegrained1_XPM50G.pt,28,52,52,2,2,0.11919192
avgpool_finegrained1_ZKAVIC.pt,28,32,32,2,2,0.10510916
avgpool_finegrained1_SSKJHH.pt,28,34,34,2,2,0.11086518000000004
avgpool_finegrained1_EQIDRA.pt,28,29,29,2,2,0.09801178000000002
avgpool_finegrained1_HKCI0S.pt,28,48,48,2,2,0.11943644000000003
avgpool_finegrained1_UZMQ0Y.pt,28,44,44,2,2,0.11616401999999999
avgpool_finegrained1_DZ6I39.pt,28,62,62,2,2,0.14139588000000008
avgpool_finegrained1_OKTSD4.pt,28,56,56,2,2,0.11823834000000001
avgpool_finegrained1_5VKNAX.pt,28,43,43,2,2,0.10268162
avgpool_finegrained1_FQ4C18.pt,28,55,55,2,2,0.09881015999999995
avgpool_finegrained1_7OAAIP.pt,28,47,47,2,2,0.10542742000000002
avgpool_finegrained1_VIPC45.pt,28,51,51,2,2,0.10504681999999999
avgpool_finegrained1_Q34LV2.pt,14,167,167,2,2,0.09914932
avgpool_finegrained1_ZGP0YA.pt,14,247,247,2,2,0.11485222
avgpool_finegrained1_MACTIH.pt,14,251,251,2,2,0.12762279999999998
avgpool_finegrained1_VJLKZZ.pt,14,188,188,2,2,0.13107588
avgpool_finegrained1_D8SGV1.pt,14,130,130,2,2,0.12222134000000001
avgpool_finegrained1_4Q73AX.pt,14,204,204,2,2,0.10971142
avgpool_finegrained1_GQY4TA.pt,14,125,125,2,2,0.10021816000000001
avgpool_finegrained1_LFUCF3.pt,14,136,136,2,2,0.12701586000000004
avgpool_finegrained1_EG9MC1.pt,14,257,257,2,2,0.15183423999999998
avgpool_finegrained1_T1T4FF.pt,14,213,213,2,2,0.12049641999999999
avgpool_finegrained1_HRY6VH.pt,14,274,274,2,2,0.12185934000000004
avgpool_finegrained1_TQ1954.pt,14,280,280,2,2,0.11981981999999998
avgpool_finegrained1_WSSAZL.pt,14,225,225,2,2,0.1236303
avgpool_finegrained1_2VFN2T.pt,14,221,221,2,2,0.11181196
avgpool_finegrained1_V308BT.pt,14,176,176,2,2,0.10401962000000003
avgpool_finegrained1_XOMFW4.pt,14,258,258,2,2,0.11885839999999998
avgpool_finegrained1_QJUT0L.pt,14,219,219,2,2,0.1171265
avgpool_finegrained1_K6PUWY.pt,14,202,202,2,2,0.11580650000000006
avgpool_finegrained1_HITCIK.pt,14,231,231,2,2,0.15011467999999994
avgpool_finegrained1_60PHCB.pt,14,146,146,2,2,0.10165025999999999
avgpool_finegrained1_J4NU2D.pt,14,56,56,3,2,0.08574021999999998
avgpool_finegrained1_ND4WR7.pt,14,53,53,3,2,0.08771422
avgpool_finegrained1_L4ZUVR.pt,14,38,38,3,2,0.09051982
avgpool_finegrained1_Z7KD6M.pt,14,40,40,3,2,0.07635944
avgpool_finegrained1_D8K81P.pt,14,71,71,3,2,0.08561787999999998
avgpool_finegrained1_NDCYKC.pt,14,65,65,3,2,0.01660028
avgpool_finegrained1_YC7E8R.pt,14,42,42,3,2,0.08892993999999999
avgpool_finegrained1_SYI3RE.pt,14,51,51,3,2,0.08840912000000001
avgpool_finegrained1_OK333W.pt,14,61,61,3,2,0.08746093999999999
avgpool_finegrained1_XUFZPO.pt,14,31,31,3,2,0.08065176000000002
avgpool_finegrained1_HVAX53.pt,14,39,39,3,2,0.07040811999999999
avgpool_finegrained1_FJ4UZ3.pt,14,68,68,3,2,0.08892043999999999
avgpool_finegrained1_2RDHKF.pt,14,44,44,3,2,0.07826042
avgpool_finegrained1_YUR68N.pt,14,63,63,3,2,0.08435894
avgpool_finegrained1_3GWPJO.pt,14,60,60,3,2,0.08025582
avgpool_finegrained1_O5LHRW.pt,14,49,49,3,2,0.08064071999999996
avgpool_finegrained1_3X6EJZ.pt,14,47,47,3,2,0.08093836
avgpool_finegrained1_8O13WF.pt,14,52,52,3,2,0.09178944000000001
avgpool_finegrained1_ALY4SS.pt,14,33,33,3,2,0.07467239999999999
avgpool_finegrained1_F5FP74.pt,14,59,59,3,2,0.08642037999999998
avgpool_finegrained1_2Q3WU1.pt,56,31,31,3,1,0.591962
avgpool_finegrained1_F4CFTU.pt,56,47,47,3,1,0.794976
avgpool_finegrained1_MOTVKA.pt,56,49,49,3,1,0.6748972999999999
avgpool_finegrained1_ZQWIHB.pt,56,55,55,3,1,1.02158586
avgpool_finegrained1_FBONPQ.pt,56,40,40,3,1,0.6425682199999998
avgpool_finegrained1_KDCX2S.pt,56,32,32,3,1,0.47019409999999995
avgpool_finegrained1_C9RCRE.pt,56,43,43,3,1,0.6476796999999999
avgpool_finegrained1_S6KJF0.pt,56,33,33,3,1,0.47404082
avgpool_finegrained1_BZBJ3S.pt,56,46,46,3,1,0.66267062
avgpool_finegrained1_8KTED7.pt,56,29,29,3,1,0.50766892
avgpool_finegrained1_PJWSD9.pt,56,28,28,3,1,0.4242262399999999
avgpool_finegrained1_7MD841.pt,56,50,50,3,1,0.71745176
avgpool_finegrained1_4QUKZ1.pt,56,41,41,3,1,0.7086917199999996
avgpool_finegrained1_ER2RL5.pt,56,34,34,3,1,0.474952
avgpool_finegrained1_GAHIDR.pt,56,42,42,3,1,0.8967639600000001
avgpool_finegrained1_Z3UA5K.pt,56,56,56,3,1,1.15588536
avgpool_finegrained1_FJOQ5E.pt,56,44,44,3,1,0.61629372
avgpool_finegrained1_SJQYTJ.pt,56,53,53,3,1,0.80567526
avgpool_finegrained1_HNIQK1.pt,56,26,26,3,1,0.37434750000000006
avgpool_finegrained1_VU7R0A.pt,56,45,45,3,1,0.8894148
avgpool_finegrained1_9TVWS4.pt,14,27,27,3,2,0.08608662
avgpool_finegrained1_LAS8GS.pt,14,25,25,3,2,0.10610693999999997
avgpool_finegrained1_SHMMFR.pt,14,43,43,3,2,0.08098444
avgpool_finegrained1_9EOWPO.pt,14,23,23,3,2,0.07674386
avgpool_finegrained1_186CT7.pt,14,41,41,3,2,0.08092216
avgpool_finegrained1_2KG1PS.pt,14,22,22,3,2,0.07660788000000002
avgpool_finegrained1_RACQKS.pt,14,31,31,3,2,0.07858338
avgpool_finegrained1_AIP3AK.pt,14,30,30,3,2,0.08210878000000003
avgpool_finegrained1_LRJLIM.pt,14,40,40,3,2,0.08222557999999998
avgpool_finegrained1_RSPH4L.pt,14,29,29,3,2,0.0791236
avgpool_finegrained1_0X7MWQ.pt,14,35,35,3,2,0.0809272
avgpool_finegrained1_8WKDGQ.pt,14,37,37,3,2,0.08156632
avgpool_finegrained1_LSKA8G.pt,14,28,28,3,2,0.07865164
avgpool_finegrained1_D86YXX.pt,14,26,26,3,2,0.07905658
avgpool_finegrained1_TKYUIN.pt,14,36,36,3,2,0.08351598000000003
avgpool_finegrained1_XNFTK5.pt,14,18,18,3,2,0.014471679999999995
avgpool_finegrained1_WE0A21.pt,14,20,20,3,2,0.08149385999999997
avgpool_finegrained1_YISZVI.pt,14,32,32,3,2,0.09302413999999995
avgpool_finegrained1_UR6FTA.pt,14,38,38,3,2,0.0819467
avgpool_finegrained1_PPLRIF.pt,14,19,19,3,2,0.07864454
avgpool_finegrained1_N8VWBC.pt,14,206,206,3,2,0.11242075999999997
avgpool_finegrained1_K5759K.pt,14,203,203,3,2,0.13768652000000003
avgpool_finegrained1_LI0EFN.pt,14,222,222,3,2,0.12471973999999998
avgpool_finegrained1_SPSAX9.pt,14,285,285,3,2,0.12662655999999997
avgpool_finegrained1_CIG3PE.pt,14,262,262,3,2,0.12435541999999997
avgpool_finegrained1_D746BI.pt,14,240,240,3,2,0.11978541999999998
avgpool_finegrained1_BFM9LF.pt,14,217,217,3,2,0.11594007999999997
avgpool_finegrained1_EY819M.pt,14,209,209,3,2,0.11038554000000002
avgpool_finegrained1_YYYGE4.pt,14,291,291,3,2,0.12320107999999998
avgpool_finegrained1_2TA8ZA.pt,14,171,171,3,2,0.11462083999999996
avgpool_finegrained1_0DC6BY.pt,14,270,270,3,2,0.14151153999999996
avgpool_finegrained1_09VHFO.pt,14,197,197,3,2,0.12823856
avgpool_finegrained1_6F3TKW.pt,14,163,163,3,2,0.12838251999999997
avgpool_finegrained1_29SBQA.pt,14,237,237,3,2,0.16014572000000002
avgpool_finegrained1_YIODEX.pt,14,249,249,3,2,0.11655360000000003
avgpool_finegrained1_QPKDJ7.pt,14,186,186,3,2,0.10624657999999998
avgpool_finegrained1_MKD0Y8.pt,14,129,129,3,2,0.11544596000000006
avgpool_finegrained1_570P1M.pt,14,181,181,3,2,0.11079268
avgpool_finegrained1_AGAE03.pt,14,214,214,3,2,0.11171288
avgpool_finegrained1_JZYMVU.pt,14,268,268,3,2,0.12411721999999999
avgpool_finegrained1_SVLSGR.pt,14,119,119,2,2,0.09400069999999998
avgpool_finegrained1_77XW20.pt,14,134,134,2,2,0.09611856000000002
avgpool_finegrained1_GEA9SW.pt,14,210,210,2,2,0.11021455999999999
avgpool_finegrained1_SGI9JW.pt,14,133,133,2,2,0.09570503999999998
avgpool_finegrained1_P4Y8QW.pt,14,171,171,2,2,0.1071608
avgpool_finegrained1_RKLP4J.pt,14,145,145,2,2,0.09768370000000001
avgpool_finegrained1_OJT3FN.pt,14,227,227,2,2,0.11852599999999995
avgpool_finegrained1_C8HS4X.pt,14,115,115,2,2,0.094188
avgpool_finegrained1_6WGJY3.pt,14,153,153,2,2,0.09967416
avgpool_finegrained1_OC9RM8.pt,14,138,138,2,2,0.10146482000000001
avgpool_finegrained1_QSTWI1.pt,14,140,140,2,2,0.09707733999999996
avgpool_finegrained1_3Y0GDR.pt,14,99,99,2,2,0.09074270000000001
avgpool_finegrained1_N44DNG.pt,14,101,101,2,2,0.09344137999999996
avgpool_finegrained1_VE4JTO.pt,14,108,108,2,2,0.09197965999999999
avgpool_finegrained1_LVBCGG.pt,14,142,142,2,2,0.09510014
avgpool_finegrained1_7XRYYM.pt,14,102,102,2,2,0.09376268
avgpool_finegrained1_EJSO6R.pt,14,207,207,2,2,0.11488952000000001
avgpool_finegrained1_JBCWA6.pt,14,190,190,2,2,0.11131664000000001
avgpool_finegrained1_76JU5B.pt,14,215,215,2,2,0.11420686
avgpool_finegrained1_UFQULD.pt,14,182,182,2,2,0.14387622
avgpool_finegrained1_LMZPJU.pt,112,847,847,2,2,2.3096746799999996
avgpool_finegrained1_YP7Z3I.pt,112,1001,1001,2,2,2.5705326200000003
avgpool_finegrained1_VZ04CJ.pt,112,836,836,2,2,2.49650206
avgpool_finegrained1_KGWHBZ.pt,112,1160,1160,2,2,3.12424588
avgpool_finegrained1_S67U9Z.pt,112,923,923,2,2,2.59442302
avgpool_finegrained1_AALCVC.pt,112,548,548,2,2,1.6552409800000003
avgpool_finegrained1_C8VVYC.pt,112,1236,1236,2,2,3.2765193
avgpool_finegrained1_EJ6Z30.pt,112,1042,1042,2,2,2.7422203199999995
avgpool_finegrained1_Y1G3RB.pt,112,916,916,2,2,2.5221080799999998
avgpool_finegrained1_JDJY5W.pt,112,670,670,2,2,2.02297456
avgpool_finegrained1_A0FNHT.pt,112,1046,1046,2,2,2.8238681399999996
avgpool_finegrained1_CICH55.pt,112,1085,1085,2,2,2.8516865799999986
avgpool_finegrained1_OQ7XXA.pt,112,981,981,2,2,2.70546534
avgpool_finegrained1_ZAE8S4.pt,112,871,871,2,2,2.386393359999999
avgpool_finegrained1_H0SRBX.pt,112,829,829,2,2,2.2019333199999997
avgpool_finegrained1_LSLM3H.pt,112,1039,1039,2,2,2.8065636000000014
avgpool_finegrained1_UH576Q.pt,112,1254,1254,2,2,3.2656695600000005
avgpool_finegrained1_2IX21L.pt,112,713,713,2,2,2.0234407400000007
avgpool_finegrained1_J4IWCZ.pt,112,559,559,2,2,1.8136348999999998
avgpool_finegrained1_JCDY7M.pt,112,536,536,2,2,1.6614540199999999
avgpool_finegrained2_JZRAGA.pt,14,550,550,2,2,0.03420804
avgpool_finegrained2_05WB1R.pt,14,409,409,2,2,0.14225684000000005
avgpool_finegrained2_QGR13C.pt,14,331,331,2,2,0.12745859999999998
avgpool_finegrained2_20IUYN.pt,14,281,281,2,2,0.12741133999999998
avgpool_finegrained2_2QIGE9.pt,14,561,561,2,2,0.18550402
avgpool_finegrained2_I2AW12.pt,14,501,501,2,2,0.16019538000000008
avgpool_finegrained2_7IZJF0.pt,14,252,252,2,2,0.1141316
avgpool_finegrained2_VH6EID.pt,14,265,265,2,2,0.13035933999999996
avgpool_finegrained2_GLR6DI.pt,14,294,294,2,2,0.12293604000000004
avgpool_finegrained2_FC7IFH.pt,14,514,514,2,2,0.17476844
avgpool_finegrained2_6QPJBP.pt,14,556,556,2,2,0.18596387999999994
avgpool_finegrained2_T57Y0T.pt,14,547,547,2,2,0.24713064000000004
avgpool_finegrained2_LTOMRK.pt,14,533,533,2,2,0.16531097999999997
avgpool_finegrained2_CN9H16.pt,14,249,249,2,2,0.11378044000000002
avgpool_finegrained2_C4V81T.pt,14,465,465,2,2,0.15160407999999997
avgpool_finegrained2_MV1QPR.pt,14,567,567,2,2,0.16753228
avgpool_finegrained2_CWZ72H.pt,14,469,469,2,2,0.18906502000000003
avgpool_finegrained2_1L7MI7.pt,14,418,418,2,2,0.16995578000000003
avgpool_finegrained2_0KNTHN.pt,14,482,482,2,2,0.1550259
avgpool_finegrained2_63M11F.pt,14,381,381,2,2,0.13896896000000003
avgpool_finegrained2_HD7VK4.pt,112,287,287,2,2,1.21415598
avgpool_finegrained2_IGCGQX.pt,112,518,518,2,2,1.6983233800000002
avgpool_finegrained2_TPFDIN.pt,112,291,291,2,2,1.4513198000000003
avgpool_finegrained2_Q777UM.pt,112,360,360,2,2,1.6417169600000003
avgpool_finegrained2_O66WNH.pt,112,458,458,2,2,1.8131241199999997
avgpool_finegrained2_T0DTLD.pt,112,420,420,2,2,1.5638869799999995
avgpool_finegrained2_W1DQJP.pt,112,474,474,2,2,1.75793628
avgpool_finegrained2_03BZ2G.pt,112,650,650,2,2,1.7636256199999998
avgpool_finegrained2_5LTQ2V.pt,112,352,352,2,2,1.3635532399999997
avgpool_finegrained2_YZRVCT.pt,112,318,318,2,2,1.4790206199999998
avgpool_finegrained2_2TLWFR.pt,112,488,488,2,2,1.6930166199999996
avgpool_finegrained2_V16NPU.pt,112,369,369,2,2,1.5716219
avgpool_finegrained2_0YUNRH.pt,112,553,553,2,2,1.8155723999999998
avgpool_finegrained2_2R7AJ7.pt,112,301,301,2,2,1.4533385600000002
avgpool_finegrained2_NMD56C.pt,112,449,449,2,2,1.7069174599999999
avgpool_finegrained2_L2OWX6.pt,112,479,479,2,2,1.6303159
avgpool_finegrained2_LGMW28.pt,112,534,534,2,2,1.7384011
avgpool_finegrained2_VY7U9H.pt,112,393,393,2,2,1.4984650000000002
avgpool_finegrained2_J4A9LL.pt,112,413,413,2,2,1.4894779200000001
avgpool_finegrained2_4TUJWA.pt,112,374,374,2,2,1.4441924600000002
avgpool_finegrained2_ATSRQS.pt,112,58,58,3,2,0.8596701199999999
avgpool_finegrained2_9FDJEX.pt,112,81,81,3,2,0.8963385600000001
avgpool_finegrained2_5L9K86.pt,112,82,82,3,2,1.14264044
avgpool_finegrained2_YHJSKB.pt,112,41,41,3,2,0.7209931799999998
avgpool_finegrained2_VBUUNA.pt,112,51,51,3,2,0.7850758799999998
avgpool_finegrained2_S6J2H1.pt,112,92,92,3,2,1.1690111399999996
avgpool_finegrained2_NLXLG3.pt,112,47,47,3,2,0.6756708600000002
avgpool_finegrained2_8YI1R5.pt,112,54,54,3,2,0.7592507199999998
avgpool_finegrained2_XR04CC.pt,112,42,42,3,2,0.65481398
avgpool_finegrained2_310A0O.pt,112,78,78,3,2,0.9938915599999997
avgpool_finegrained2_7X61SV.pt,112,73,73,3,2,0.19568823999999993
avgpool_finegrained2_5L2O62.pt,112,43,43,3,2,0.8960653600000001
avgpool_finegrained2_CCL7AK.pt,112,67,67,3,2,0.9749640999999998
avgpool_finegrained2_N20IPH.pt,112,89,89,3,2,1.2227272000000002
avgpool_finegrained2_RAETQX.pt,112,52,52,3,2,0.8117416800000001
avgpool_finegrained2_3GVMNY.pt,112,57,57,3,2,0.78702304
avgpool_finegrained2_I65O3L.pt,112,83,83,3,2,0.9637405
avgpool_finegrained2_HO4ML0.pt,112,77,77,3,2,0.99646644
avgpool_finegrained2_GYVXW8.pt,112,49,49,3,2,0.8145455399999997
avgpool_finegrained2_SU90WH.pt,112,39,39,3,2,0.7971933799999998
avgpool_finegrained2_YJHMXY.pt,56,40,40,2,2,0.20017493999999997
avgpool_finegrained2_ENVSUW.pt,56,73,73,2,2,0.38187018
avgpool_finegrained2_8X7KPF.pt,56,33,33,2,2,0.18975467999999998
avgpool_finegrained2_5P8I2T.pt,56,72,72,2,2,0.40946614000000003
avgpool_finegrained2_7C8AV8.pt,56,59,59,2,2,0.23022454
avgpool_finegrained2_MNJ1R5.pt,56,75,75,2,2,0.26624982
avgpool_finegrained2_OKOEFC.pt,56,70,70,2,2,0.25657648
avgpool_finegrained2_WDXUIR.pt,56,62,62,2,2,0.23616141999999996
avgpool_finegrained2_UNQDFI.pt,56,74,74,2,2,0.26896961999999996
avgpool_finegrained2_X993SH.pt,56,41,41,2,2,0.27565809999999996
avgpool_finegrained2_2H5FRI.pt,56,55,55,2,2,0.23750312
avgpool_finegrained2_O8VN77.pt,56,71,71,2,2,0.29275264
avgpool_finegrained2_LSFPD0.pt,56,38,38,2,2,0.28374474
avgpool_finegrained2_3SR4AO.pt,56,68,68,2,2,0.42460657999999996
avgpool_finegrained2_ROERUH.pt,56,32,32,2,2,0.15889952000000002
avgpool_finegrained2_IV8X84.pt,56,52,52,2,2,0.34430943999999997
avgpool_finegrained2_NUXI3Y.pt,56,47,47,2,2,0.19695040000000003
avgpool_finegrained2_TRX36O.pt,56,43,43,2,2,0.18705501999999993
avgpool_finegrained2_GGYCFI.pt,56,39,39,2,2,0.17725138000000004
avgpool_finegrained2_TQN5FB.pt,56,35,35,2,2,0.16704632
avgpool_finegrained2_FJHG1L.pt,14,34,34,2,2,0.08097455999999999
avgpool_finegrained2_T9QZQA.pt,14,40,40,2,2,0.09565397999999999
avgpool_finegrained2_RFZVTI.pt,14,32,32,2,2,0.08271916000000001
avgpool_finegrained2_SB2BKC.pt,14,54,54,2,2,0.08345282000000001
avgpool_finegrained2_6HOOAP.pt,14,39,39,2,2,0.08150124
avgpool_finegrained2_VJJ9JS.pt,14,45,45,2,2,0.08140897999999998
avgpool_finegrained2_0ICWW1.pt,14,59,59,2,2,0.08536843999999999
avgpool_finegrained2_G5X9G9.pt,14,56,56,2,2,0.08235351999999999
avgpool_finegrained2_3DM07O.pt,14,44,44,2,2,0.17160267999999995
avgpool_finegrained2_6VRXV1.pt,14,62,62,2,2,0.08374391999999999
avgpool_finegrained2_MAOQ4T.pt,14,31,31,2,2,0.08356079999999996
avgpool_finegrained2_GS4HZ8.pt,14,29,29,2,2,0.08528804
avgpool_finegrained2_F12TN8.pt,14,50,50,2,2,0.08914591999999999
avgpool_finegrained2_L96G6Y.pt,14,68,68,2,2,0.09368734000000004
avgpool_finegrained2_1F1N00.pt,14,33,33,2,2,0.0864316
avgpool_finegrained2_JOFW9O.pt,14,58,58,2,2,0.08420184000000003
avgpool_finegrained2_PW6S0F.pt,14,55,55,2,2,0.08471553999999999
avgpool_finegrained2_4LAKKU.pt,14,41,41,2,2,0.08207036000000001
avgpool_finegrained2_KHKIWG.pt,14,35,35,2,2,0.08598634
avgpool_finegrained2_QC6QUC.pt,14,60,60,2,2,0.08533480000000003
avgpool_finegrained2_5SCTKH.pt,14,144,144,2,2,0.019048879999999997
avgpool_finegrained2_JX7RUN.pt,14,199,199,2,2,0.14816329999999997
avgpool_finegrained2_CXRN0R.pt,14,139,139,2,2,0.09746355999999996
avgpool_finegrained2_9K4JJL.pt,14,159,159,2,2,0.10239279999999998
avgpool_finegrained2_Q16034.pt,14,117,117,2,2,0.09395222
avgpool_finegrained2_798BB5.pt,14,177,177,2,2,0.09260862000000003
avgpool_finegrained2_N5042X.pt,14,134,134,2,2,0.09685162000000004
avgpool_finegrained2_KRIMNB.pt,14,137,137,2,2,0.09858814000000005
avgpool_finegrained2_J5BZ0W.pt,14,217,217,2,2,0.11043033999999997
avgpool_finegrained2_QRCVNZ.pt,14,141,141,2,2,0.10105774000000001
avgpool_finegrained2_F6JSXQ.pt,14,200,200,2,2,0.10709448000000002
avgpool_finegrained2_W6BRC1.pt,14,124,124,2,2,0.10450948000000002
avgpool_finegrained2_J37CSP.pt,14,176,176,2,2,0.10915157999999997
avgpool_finegrained2_UCNBTE.pt,14,157,157,2,2,0.10682997999999998
avgpool_finegrained2_86UTI7.pt,14,106,106,2,2,0.08713384000000002
avgpool_finegrained2_0F05PX.pt,14,219,219,2,2,0.10516918000000003
avgpool_finegrained2_6X8DQZ.pt,14,169,169,2,2,0.10765691999999999
avgpool_finegrained2_SHWFY6.pt,14,221,221,2,2,0.12532630000000003
avgpool_finegrained2_9XTMJV.pt,14,198,198,2,2,0.12359598000000002
avgpool_finegrained2_3QE6J9.pt,14,122,122,2,2,0.09773914
avgpool_finegrained2_W8H5TT.pt,14,109,109,2,2,0.07727142000000001
avgpool_finegrained2_DYUVNE.pt,14,82,82,2,2,0.09034559999999998
avgpool_finegrained2_JH9EZ1.pt,14,95,95,2,2,0.09441070000000001
avgpool_finegrained2_CVMNZ2.pt,14,93,93,2,2,0.09196627999999998
avgpool_finegrained2_H8NYHN.pt,14,80,80,2,2,0.09143462
avgpool_finegrained2_0AX12F.pt,14,47,47,2,2,0.08245824000000003
avgpool_finegrained2_QWK69V.pt,14,55,55,2,2,0.08553781999999999
avgpool_finegrained2_3LJ9DN.pt,14,84,84,2,2,0.08872392
avgpool_finegrained2_RESSIR.pt,14,58,58,2,2,0.08577169999999999
avgpool_finegrained2_O3OFLR.pt,14,66,66,2,2,0.08555850000000001
avgpool_finegrained2_K0XTA9.pt,14,85,85,2,2,0.08848738
avgpool_finegrained2_O0VI3Y.pt,14,63,63,2,2,0.08789298000000002
avgpool_finegrained2_9MAWPT.pt,14,90,90,2,2,0.09427390000000001
avgpool_finegrained2_QI4WZI.pt,14,71,71,2,2,0.08858867999999999
avgpool_finegrained2_ONBCLX.pt,14,51,51,2,2,0.08421845999999997
avgpool_finegrained2_275TUO.pt,14,49,49,2,2,0.09047166000000002
avgpool_finegrained2_WQED06.pt,14,97,97,2,2,0.09132284000000004
avgpool_finegrained2_M6HZ62.pt,14,94,94,2,2,0.10899851999999997
avgpool_finegrained2_4EFRI3.pt,14,75,75,2,2,0.1070273
avgpool_finegrained2_Z7YLBB.pt,14,96,96,2,2,0.08190024
avgpool_finegrained2_C9711B.pt,56,523,523,3,2,1.2621024800000002
avgpool_finegrained2_FPER6G.pt,56,488,488,3,2,1.4092783800000002
avgpool_finegrained2_6SNFI0.pt,56,559,559,3,2,1.4949455399999994
avgpool_finegrained2_UF3DU4.pt,56,332,332,3,2,1.2251663799999997
avgpool_finegrained2_G7ZE8Q.pt,56,585,585,3,2,1.3204510600000003
avgpool_finegrained2_0LJNP2.pt,56,456,456,3,2,1.2237311
avgpool_finegrained2_XQWLLJ.pt,56,301,301,3,2,0.9317926399999997
avgpool_finegrained2_CRAYT7.pt,56,325,325,3,2,1.2345534200000001
avgpool_finegrained2_YK8BPO.pt,56,525,525,3,2,1.3772863000000002
avgpool_finegrained2_TWU14K.pt,56,472,472,3,2,1.18092958
avgpool_finegrained2_F7TGAY.pt,56,448,448,3,2,0.5807277200000002
avgpool_finegrained2_FWPXEB.pt,56,449,449,3,2,1.3078176599999998
avgpool_finegrained2_LF2D12.pt,56,529,529,3,2,1.5480067200000005
avgpool_finegrained2_MX10UL.pt,56,557,557,3,2,1.2861585199999999
avgpool_finegrained2_SDXA01.pt,56,462,462,3,2,1.2901057000000002
avgpool_finegrained2_TG3DMP.pt,56,608,608,3,2,1.2769942799999998
avgpool_finegrained2_VB2P5P.pt,56,346,346,3,2,1.12776126
avgpool_finegrained2_Z49XQ4.pt,56,573,573,3,2,1.4828823000000002
avgpool_finegrained2_7KO50Q.pt,56,563,563,3,2,1.3245119200000002
avgpool_finegrained2_5I9SXP.pt,56,556,556,3,2,1.3356836400000003
avgpool_finegrained2_SPVTNK.pt,14,67,67,3,1,0.13177372
avgpool_finegrained2_O00S5I.pt,14,92,92,3,1,0.14462963999999998
avgpool_finegrained2_X2B4LX.pt,14,52,52,3,1,0.11396212000000001
avgpool_finegrained2_7QWPYV.pt,14,55,55,3,1,0.11724778000000002
avgpool_finegrained2_AGSF3T.pt,14,59,59,3,1,0.14031010000000002
avgpool_finegrained2_4NJGYS.pt,14,69,69,3,1,0.12263777999999997
avgpool_finegrained2_IC8W4C.pt,14,81,81,3,1,0.13322592
avgpool_finegrained2_FLQ4LM.pt,14,72,72,3,1,0.12642698000000002
avgpool_finegrained2_16UQ2Z.pt,14,45,45,3,1,0.10827945999999997
avgpool_finegrained2_L3HXQZ.pt,14,71,71,3,1,0.12734163999999998
avgpool_finegrained2_E9F10E.pt,14,76,76,3,1,0.13417708000000003
avgpool_finegrained2_62VTID.pt,14,77,77,3,1,0.13498820000000003
avgpool_finegrained2_6A3LBY.pt,14,58,58,3,1,0.12792033999999997
avgpool_finegrained2_VHI96T.pt,14,86,86,3,1,0.13597336000000002
avgpool_finegrained2_1XTO78.pt,14,70,70,3,1,0.12766379999999997
avgpool_finegrained2_PO1PT6.pt,14,65,65,3,1,0.12109344
avgpool_finegrained2_9R4H1I.pt,14,62,62,3,1,0.13600696
avgpool_finegrained2_BG5UXC.pt,14,43,43,3,1,0.10731231999999999
avgpool_finegrained2_DC5607.pt,14,60,60,3,1,0.1230739
avgpool_finegrained2_CXEI9N.pt,14,84,84,3,1,0.028146920000000006
avgpool_finegrained2_VUEVGF.pt,28,61,61,2,2,0.12397722000000004
avgpool_finegrained2_4EK3BR.pt,28,107,107,2,2,0.15882566
avgpool_finegrained2_VCWZVE.pt,28,68,68,2,2,0.12187456000000005
avgpool_finegrained2_PN2MCI.pt,28,84,84,2,2,0.13628880000000004
avgpool_finegrained2_M0U0DW.pt,28,76,76,2,2,0.12496324000000002
avgpool_finegrained2_DICQC4.pt,28,82,82,2,2,0.12957262
avgpool_finegrained2_EHL7GE.pt,28,60,60,2,2,0.11358036
avgpool_finegrained2_3WEAZ7.pt,28,59,59,2,2,0.16400477999999996
avgpool_finegrained2_NSPDU5.pt,28,93,93,2,2,0.13968042
avgpool_finegrained2_446YYF.pt,28,112,112,2,2,0.15844614000000004
avgpool_finegrained2_TQSN07.pt,28,81,81,2,2,0.13651463999999996
avgpool_finegrained2_TEGZ47.pt,28,104,104,2,2,0.15268888000000003
avgpool_finegrained2_R0SPW2.pt,28,85,85,2,2,0.13331753999999998
avgpool_finegrained2_P3A0F3.pt,28,102,102,2,2,0.17278106
avgpool_finegrained2_3QUYNE.pt,28,53,53,2,2,0.10968432
avgpool_finegrained2_ACY8CG.pt,28,78,78,2,2,0.1691357400000001
avgpool_finegrained2_J78TMI.pt,28,97,97,2,2,0.16081097999999996
avgpool_finegrained2_EEZLA8.pt,28,80,80,2,2,0.1487148
avgpool_finegrained2_QEQZ35.pt,28,50,50,2,2,0.12972998
avgpool_finegrained2_XL4JTA.pt,28,57,57,2,2,0.11203562000000003
avgpool_finegrained2_U3AZVI.pt,14,542,542,3,2,0.036098319999999996
avgpool_finegrained2_SBCBV1.pt,14,429,429,3,2,0.2340866
avgpool_finegrained2_2UZADH.pt,14,547,547,3,2,0.19353471999999997
avgpool_finegrained2_0AM0YL.pt,14,263,263,3,2,0.13790501999999996
avgpool_finegrained2_LW1164.pt,14,427,427,3,2,0.15577845999999998
avgpool_finegrained2_A0GZ8C.pt,14,292,292,3,2,0.13392052
avgpool_finegrained2_J3BPT3.pt,14,561,561,3,2,0.2526835
avgpool_finegrained2_6YE4IZ.pt,14,557,557,3,2,0.21539305999999997
avgpool_finegrained2_3XCYNF.pt,14,495,495,3,2,0.17576913999999996
avgpool_finegrained2_ZM0WAA.pt,14,538,538,3,2,0.17485896
avgpool_finegrained2_VXCNXA.pt,14,563,563,3,2,0.18343414000000005
avgpool_finegrained2_T587D9.pt,14,311,311,3,2,0.12962482
avgpool_finegrained2_7RDU85.pt,14,258,258,3,2,0.11889440000000001
avgpool_finegrained2_VSWIXZ.pt,14,322,322,3,2,0.13158195999999997
avgpool_finegrained2_X180SG.pt,14,502,502,3,2,0.16498748000000002
avgpool_finegrained2_MDXGCV.pt,14,364,364,3,2,0.14003406000000004
avgpool_finegrained2_GIBQJI.pt,14,336,336,3,2,0.13732006
avgpool_finegrained2_GM9HVI.pt,14,389,389,3,2,0.14571506
avgpool_finegrained2_HXIG48.pt,14,591,591,3,2,0.21062887999999996
avgpool_finegrained2_4KJNUF.pt,14,527,527,3,2,0.19191057999999997
avgpool_finegrained2_TYA2P4.pt,28,248,248,3,1,0.8029198200000001
avgpool_finegrained2_D41QER.pt,28,186,186,3,1,0.8063148200000001
avgpool_finegrained2_PULB13.pt,28,315,315,3,1,1.17953848
avgpool_finegrained2_LJJW3P.pt,28,159,159,3,1,0.55818454
avgpool_finegrained2_HKAW22.pt,28,145,145,3,1,0.49933550000000004
avgpool_finegrained2_NXDE6K.pt,28,187,187,3,1,0.6414997399999999
avgpool_finegrained2_B4UUMM.pt,28,275,275,3,1,1.0497998199999998
avgpool_finegrained2_ZUBDEF.pt,28,233,233,3,1,0.9837027199999998
avgpool_finegrained2_JN41C4.pt,28,167,167,3,1,0.5701412800000001
avgpool_finegrained2_X38EZ8.pt,28,286,286,3,1,0.9469380600000001
avgpool_finegrained2_WOPVSZ.pt,28,179,179,3,1,0.6277162199999999
avgpool_finegrained2_7MOUK5.pt,28,279,279,3,1,0.8729730799999998
avgpool_finegrained2_3NPTD7.pt,28,299,299,3,1,1.1556385799999997
avgpool_finegrained2_RY8X1K.pt,28,153,153,3,1,0.5861252799999999
avgpool_finegrained2_M7QIW1.pt,28,238,238,3,1,1.0405718799999997
avgpool_finegrained2_T8127J.pt,28,260,260,3,1,0.91994698
avgpool_finegrained2_6QR5OV.pt,28,204,204,3,1,0.8333346800000002
avgpool_finegrained2_8DLXUU.pt,28,141,141,3,1,0.56775368
avgpool_finegrained2_2OK3O5.pt,28,181,181,3,1,0.6729893800000002
avgpool_finegrained2_4L1J2L.pt,28,197,197,3,1,0.6623582200000001
avgpool_finegrained2_70R2OY.pt,14,199,199,2,1,0.2224228600000001
avgpool_finegrained2_KKSTER.pt,14,208,208,2,1,0.24599270000000004
avgpool_finegrained2_K02MRB.pt,14,315,315,2,1,0.3365514400000001
avgpool_finegrained2_8XJ82K.pt,14,152,152,2,1,0.20496582000000005
avgpool_finegrained2_6E926Q.pt,14,145,145,2,1,0.19387178000000002
avgpool_finegrained2_QEFBBI.pt,14,165,165,2,1,0.20207779999999997
avgpool_finegrained2_BJYAX8.pt,14,273,273,2,1,0.29930925999999997
avgpool_finegrained2_9YNYHU.pt,14,314,314,2,1,0.31344538000000005
avgpool_finegrained2_QGVL3V.pt,14,156,156,2,1,0.19822886000000003
avgpool_finegrained2_IJF5NF.pt,14,236,236,2,1,0.25117414000000005
avgpool_finegrained2_ZJ0UQG.pt,14,177,177,2,1,0.04233278
avgpool_finegrained2_JGBW0X.pt,14,308,308,2,1,0.30252381999999994
avgpool_finegrained2_5U577W.pt,14,181,181,2,1,0.20706488
avgpool_finegrained2_TMSYDR.pt,14,185,185,2,1,0.21083353999999996
avgpool_finegrained2_O3WRGA.pt,14,231,231,2,1,0.26738523999999997
avgpool_finegrained2_GBHC1Z.pt,14,207,207,2,1,0.22615774000000005
avgpool_finegrained2_XGEQA9.pt,14,280,280,2,1,0.29023634000000004
avgpool_finegrained2_0NFD9B.pt,14,175,175,2,1,0.2204539400000001
avgpool_finegrained2_TRF90U.pt,14,217,217,2,1,0.3634348199999999
avgpool_finegrained2_M17A5E.pt,14,298,298,2,1,0.30527732
avgpool_finegrained2_7S8GX4.pt,56,147,147,2,1,1.2490700600000002
avgpool_finegrained2_AGUPY2.pt,56,170,170,2,1,1.3091546399999996
avgpool_finegrained2_V1VUAE.pt,56,225,225,2,1,1.2891527000000003
avgpool_finegrained2_PYK1TA.pt,56,122,122,2,1,1.1450287799999999
avgpool_finegrained2_T85M49.pt,56,173,173,2,1,1.2090799400000003
avgpool_finegrained2_B1JHXP.pt,56,216,216,2,1,1.21611176
avgpool_finegrained2_GCHN1N.pt,56,166,166,2,1,1.23246418
avgpool_finegrained2_1GICY5.pt,56,249,249,2,1,1.3719502199999996
avgpool_finegrained2_AUDZG0.pt,56,273,273,2,1,1.4656646599999996
avgpool_finegrained2_F0VBBI.pt,56,118,118,2,1,1.1979392800000002
avgpool_finegrained2_UJY6VO.pt,56,135,135,2,1,1.09064458
avgpool_finegrained2_1FQB8R.pt,56,205,205,2,1,1.2569085600000003
avgpool_finegrained2_YLJSGX.pt,56,256,256,2,1,1.3037787000000003
avgpool_finegrained2_UDJZHP.pt,56,182,182,2,1,1.3076430599999995
avgpool_finegrained2_NV6OMH.pt,56,155,155,2,1,1.1536579600000003
avgpool_finegrained2_IOJOVP.pt,56,145,145,2,1,1.3783307200000003
avgpool_finegrained2_MDOIE9.pt,56,217,217,2,1,1.3187246199999998
avgpool_finegrained2_83XZEF.pt,56,171,171,2,1,1.4199363799999998
avgpool_finegrained2_C6NV6A.pt,56,264,264,2,1,1.3767567999999997
avgpool_finegrained2_I5SY49.pt,56,128,128,2,1,0.9923180000000003
avgpool_finegrained2_0VSOMV.pt,14,677,677,3,2,0.22945741999999997
avgpool_finegrained2_OWWZBG.pt,14,846,846,3,2,0.35243918
avgpool_finegrained2_2VJ1P4.pt,14,900,900,3,2,0.24494878
avgpool_finegrained2_4ESI1W.pt,14,993,993,3,2,0.2703231
avgpool_finegrained2_XXWZ6K.pt,14,853,853,3,2,0.23144728000000003
avgpool_finegrained2_ZMVHK7.pt,14,869,869,3,2,0.23769044
avgpool_finegrained2_W4TT35.pt,14,433,433,3,2,0.156283
avgpool_finegrained2_4LU67V.pt,14,650,650,3,2,0.22591008000000007
avgpool_finegrained2_LRAF5G.pt,14,643,643,3,2,0.1930658999999999
avgpool_finegrained2_J8IB2E.pt,14,706,706,3,2,0.2107851
avgpool_finegrained2_GE691D.pt,14,778,778,3,2,0.22056981999999986
avgpool_finegrained2_BKVFWP.pt,14,608,608,3,2,0.22265488
avgpool_finegrained2_T77CUA.pt,14,945,945,3,2,0.3149218999999999
avgpool_finegrained2_LCMFH8.pt,14,723,723,3,2,0.2447245999999999
avgpool_finegrained2_2TM2UQ.pt,14,789,789,3,2,0.26311664000000007
avgpool_finegrained2_XP1MRK.pt,14,663,663,3,2,0.22641623999999996
avgpool_finegrained2_3Q1U9T.pt,14,585,585,3,2,0.17799957999999996
avgpool_finegrained2_GW6U28.pt,14,701,701,3,2,0.20270597999999995
avgpool_finegrained2_Q1B6VH.pt,14,653,653,3,2,0.19110641999999994
avgpool_finegrained2_UE7Y66.pt,14,562,562,3,2,0.17553494
avgpool_finegrained2_J4IA5J.pt,56,322,322,3,2,0.22129219999999994
avgpool_finegrained2_ONYA1I.pt,56,147,147,3,2,0.55887278
avgpool_finegrained2_BHKVBZ.pt,56,256,256,3,2,1.02445526
avgpool_finegrained2_PK17CI.pt,56,157,157,3,2,0.7226373600000003
avgpool_finegrained2_GXM79F.pt,56,250,250,3,2,0.99798476
avgpool_finegrained2_PD49V8.pt,56,318,318,3,2,0.9816181399999999
avgpool_finegrained2_0OS7TA.pt,56,296,296,3,2,0.9904170800000003
avgpool_finegrained2_JRA9TA.pt,56,261,261,3,2,1.0924530999999995
avgpool_finegrained2_P0YPAP.pt,56,226,226,3,2,0.8777898600000001
avgpool_finegrained2_SH095I.pt,56,300,300,3,2,1.0896705999999996
avgpool_finegrained2_FS9QSZ.pt,56,153,153,3,2,0.55221884
avgpool_finegrained2_ZFJ1BR.pt,56,305,305,3,2,0.9173294200000001
avgpool_finegrained2_5IC4LO.pt,56,314,314,3,2,1.052848
avgpool_finegrained2_57QG1O.pt,56,222,222,3,2,0.7446286
avgpool_finegrained2_KMR9FW.pt,56,253,253,3,2,0.89145006
avgpool_finegrained2_SUOZGU.pt,56,208,208,3,2,1.0482281399999998
avgpool_finegrained2_UGND0Y.pt,56,143,143,3,2,0.49567786
avgpool_finegrained2_PIZYX4.pt,56,304,304,3,2,1.06144932
avgpool_finegrained2_YK0KC9.pt,56,270,270,3,2,0.9957699200000004
avgpool_finegrained2_B5QDMF.pt,56,224,224,3,2,0.7468795200000001
avgpool_finegrained2_PJLOZE.pt,14,237,237,2,1,0.27836073999999994
avgpool_finegrained2_FOPK1T.pt,14,308,308,2,1,0.5108296200000002
avgpool_finegrained2_IQYYXA.pt,14,388,388,2,1,0.36168184000000003
avgpool_finegrained2_7F3431.pt,14,403,403,2,1,0.37137332000000006
avgpool_finegrained2_MDJ225.pt,14,288,288,2,1,0.28885096
avgpool_finegrained2_L2RNWI.pt,14,406,406,2,1,0.37632905999999994
avgpool_finegrained2_NSBBQ4.pt,14,264,264,2,1,0.27111748
avgpool_finegrained2_F51AOR.pt,14,229,229,2,1,0.24355488
avgpool_finegrained2_MGH7MS.pt,14,320,320,2,1,0.31087894000000005
avgpool_finegrained2_2ALPKD.pt,14,352,352,2,1,0.4024958000000002
avgpool_finegrained2_XYAARO.pt,14,333,333,2,1,0.32231579999999993
avgpool_finegrained2_2SDWVM.pt,14,227,227,2,1,0.24230149999999992
avgpool_finegrained2_X9WCXT.pt,14,433,433,2,1,0.40037498
avgpool_finegrained2_ZBTFM2.pt,14,278,278,2,1,0.33927039999999997
avgpool_finegrained2_4ORD3D.pt,14,255,255,2,1,0.3886576
avgpool_finegrained2_1PS4UF.pt,14,398,398,2,1,0.38371795999999997
avgpool_finegrained2_8YTFOP.pt,14,297,297,2,1,0.29548118
avgpool_finegrained2_DXU040.pt,14,249,249,2,1,0.36753242
avgpool_finegrained2_HBZPV8.pt,14,243,243,2,1,0.35558056
avgpool_finegrained2_35R3ZT.pt,14,311,311,2,1,0.30462965999999997
avgpool_finegrained2_2BM7VH.pt,56,134,134,3,2,0.7275234999999999
avgpool_finegrained2_BPQ9C8.pt,56,166,166,3,2,0.5670083199999999
avgpool_finegrained2_QOPTOG.pt,56,131,131,3,2,0.6101166199999999
avgpool_finegrained2_MLXJ7U.pt,56,120,120,3,2,0.4637318
avgpool_finegrained2_4IHMLD.pt,56,165,165,3,2,0.6702774599999999
avgpool_finegrained2_AVS39G.pt,56,112,112,3,2,0.53324636
avgpool_finegrained2_R937OM.pt,56,122,122,3,2,0.43547672000000004
avgpool_finegrained2_093TUP.pt,56,155,155,3,2,0.77177884
avgpool_finegrained2_G306JF.pt,56,129,129,3,2,0.6431358000000001
avgpool_finegrained2_1JTWNG.pt,56,71,71,3,2,0.36643018000000005
avgpool_finegrained2_O3M9UK.pt,56,97,97,3,2,0.07437171999999999
avgpool_finegrained2_24HI05.pt,56,142,142,3,2,0.49316917999999993
avgpool_finegrained2_07S5EZ.pt,56,73,73,3,2,0.3265545000000001
avgpool_finegrained2_2VP178.pt,56,141,141,3,2,0.49077072000000016
avgpool_finegrained2_PJDO6D.pt,56,83,83,3,2,0.37732290000000007
avgpool_finegrained2_RKBI3N.pt,56,152,152,3,2,0.5254259600000002
avgpool_finegrained2_UTVD4O.pt,56,149,149,3,2,0.5153110199999998
avgpool_finegrained2_3XKYE1.pt,56,137,137,3,2,0.47788176
avgpool_finegrained2_XEVOHI.pt,56,88,88,3,2,0.33746259999999995
avgpool_finegrained2_V5STM3.pt,56,104,104,3,2,0.48628043999999987
avgpool_finegrained2_L7ACX4.pt,56,20,20,2,2,0.12918462000000003
avgpool_finegrained2_T9HOOX.pt,56,47,47,2,2,0.22557689999999997
avgpool_finegrained2_4QJ3VF.pt,56,39,39,2,2,0.17366239999999994
avgpool_finegrained2_2AUJJP.pt,56,38,38,2,2,0.19732334
avgpool_finegrained2_IWPATB.pt,56,29,29,2,2,0.17530769999999996
avgpool_finegrained2_XVKDNI.pt,56,32,32,2,2,0.16878399999999996
avgpool_finegrained2_VWL70F.pt,56,46,46,2,2,0.21642027999999996
avgpool_finegrained2_FSLMGW.pt,56,42,42,2,2,0.18151824000000003
avgpool_finegrained2_HKF54W.pt,56,24,24,2,2,0.18709623999999997
avgpool_finegrained2_PJ3D0I.pt,56,31,31,2,2,0.15122138000000002
avgpool_finegrained2_UE7J0C.pt,56,48,48,2,2,0.20859618000000005
avgpool_finegrained2_YO55ZC.pt,56,37,37,2,2,0.19078103999999996
avgpool_finegrained2_0OJTYE.pt,56,21,21,2,2,0.13270411999999998
avgpool_finegrained2_U0PJLA.pt,56,41,41,2,2,0.18315408000000002
avgpool_finegrained2_OTGYN5.pt,56,36,36,2,2,0.17009254000000007
avgpool_finegrained2_SMEZW9.pt,56,27,27,2,2,0.14750066
avgpool_finegrained2_VF9MFU.pt,56,26,26,2,2,0.21260899999999994
avgpool_finegrained2_AZ2QDX.pt,56,45,45,2,2,0.19303007999999994
avgpool_finegrained2_HV0O6K.pt,56,28,28,2,2,0.14999218000000003
avgpool_finegrained2_FGTIXM.pt,56,40,40,2,2,0.2858284
avgpool_finegrained2_22ZNBH.pt,112,33,33,2,2,0.5139387000000001
avgpool_finegrained2_TLH31U.pt,112,22,22,2,2,0.3910669
avgpool_finegrained2_6Y40FZ.pt,112,43,43,2,2,0.53640922
avgpool_finegrained2_99U41G.pt,112,34,34,2,2,0.4279858000000001
avgpool_finegrained2_PMM4SQ.pt,112,52,52,2,2,0.67354388
avgpool_finegrained2_L44Y2P.pt,112,36,36,2,2,0.5894345999999998
avgpool_finegrained2_BD9XL7.pt,112,32,32,2,2,0.45310313999999985
avgpool_finegrained2_S85MBB.pt,112,25,25,2,2,0.39094530000000005
avgpool_finegrained2_BB65OD.pt,112,26,26,2,2,0.41400665999999986
avgpool_finegrained2_IK3T64.pt,112,45,45,2,2,0.6182101000000001
avgpool_finegrained2_QN8Y8Z.pt,112,31,31,2,2,0.4012901
avgpool_finegrained2_0ZDV4R.pt,112,49,49,2,2,0.8618909200000003
avgpool_finegrained2_3VJGPH.pt,112,38,38,2,2,0.6999880600000001
avgpool_finegrained2_I2UIGY.pt,112,27,27,2,2,0.45204190000000005
avgpool_finegrained2_J0X7D7.pt,112,41,41,2,2,0.6510035000000001
avgpool_finegrained2_F1NHHU.pt,112,35,35,2,2,0.43833535999999995
avgpool_finegrained2_O3WNEY.pt,112,51,51,2,2,0.74400508
avgpool_finegrained2_A0R4TN.pt,112,29,29,2,2,0.4295528600000001
avgpool_finegrained2_KUSZZO.pt,112,46,46,2,2,0.5734242599999999
avgpool_finegrained2_V1Y5V6.pt,112,23,23,2,2,0.44546206000000005
avgpool_finegrained2_ZSNG2I.pt,112,32,32,2,2,0.08787425999999998
avgpool_finegrained2_W5OYXO.pt,112,30,30,2,2,0.3918596999999999
avgpool_finegrained2_UG0T0V.pt,112,31,31,2,2,0.46190249999999994
avgpool_finegrained2_EU9F5R.pt,112,23,23,2,2,0.3501412199999999
avgpool_finegrained2_JUD2P8.pt,112,29,29,2,2,0.38065314
avgpool_finegrained2_RPR4X7.pt,112,20,20,2,2,0.28036624
avgpool_finegrained2_NULOL6.pt,112,24,24,2,2,0.37527589999999994
avgpool_finegrained2_3RAFOU.pt,112,21,21,2,2,0.30832162
avgpool_finegrained2_M8FTLV.pt,112,17,17,2,2,0.28135092000000006
avgpool_finegrained2_FBK8HM.pt,112,15,15,2,2,0.25285046
avgpool_finegrained2_IQXW1M.pt,112,27,27,2,2,0.4935105199999999
avgpool_finegrained2_6TPGK4.pt,112,14,14,2,2,0.33062210000000003
avgpool_finegrained2_QZKZ7G.pt,112,16,16,2,2,0.2440440200000001
avgpool_finegrained2_09F9U5.pt,112,19,19,2,2,0.27700233999999996
avgpool_finegrained2_GH4OFM.pt,112,18,18,2,2,0.288779
avgpool_finegrained2_9VHYYU.pt,112,22,22,2,2,0.4452728000000002
avgpool_finegrained2_OBFIPK.pt,112,33,33,2,2,0.48955822
avgpool_finegrained2_7ZQ6MD.pt,112,26,26,2,2,0.38601599999999997
avgpool_finegrained2_OFSAIL.pt,112,25,25,2,2,0.45690387999999993
avgpool_finegrained2_N6I8EA.pt,112,28,28,2,2,0.41276814
avgpool_finegrained2_RN40F0.pt,14,123,123,2,1,0.16382389999999997
avgpool_finegrained2_PEMPC4.pt,14,124,124,2,1,0.17522344000000004
avgpool_finegrained2_MO4AMR.pt,14,89,89,2,1,0.15127467999999994
avgpool_finegrained2_1EE1VP.pt,14,114,114,2,1,0.1752753
avgpool_finegrained2_J9JTDF.pt,14,104,104,2,1,0.16083506
avgpool_finegrained2_DNZX9F.pt,14,96,96,2,1,0.14634408
avgpool_finegrained2_TS1VAP.pt,14,73,73,2,1,0.12737558
avgpool_finegrained2_5YONZD.pt,14,158,158,2,1,0.20234681999999996
avgpool_finegrained2_G4X0S9.pt,14,154,154,2,1,0.182009
avgpool_finegrained2_A1Z7RT.pt,14,140,140,2,1,0.18001287999999993
avgpool_finegrained2_11I168.pt,14,131,131,2,1,0.17169183999999993
avgpool_finegrained2_JIJTDD.pt,14,128,128,2,1,0.2614541800000001
avgpool_finegrained2_QBWG8E.pt,14,152,152,2,1,0.18250088
avgpool_finegrained2_LN9CZ9.pt,14,75,75,2,1,0.13410368
avgpool_finegrained2_PDEZVA.pt,14,160,160,2,1,0.19068752000000003
avgpool_finegrained2_B9PV6O.pt,14,156,156,2,1,0.19836664000000004
avgpool_finegrained2_CULIZI.pt,14,94,94,2,1,0.14263122
avgpool_finegrained2_STD4XH.pt,14,130,130,2,1,0.17758796000000007
avgpool_finegrained2_Y1HXUI.pt,14,110,110,2,1,0.22911355999999997
avgpool_finegrained2_PAZ174.pt,14,159,159,2,1,0.192627
avgpool_finegrained2_LFWC6X.pt,56,42,42,3,2,0.19731067999999996
avgpool_finegrained2_M6ZR86.pt,56,67,67,3,2,0.27240032
avgpool_finegrained2_EJYTIB.pt,56,54,54,3,2,0.27146233999999997
avgpool_finegrained2_VY5C73.pt,56,47,47,3,2,0.23421963999999998
avgpool_finegrained2_5AE5ZJ.pt,56,45,45,3,2,0.24127924000000003
avgpool_finegrained2_YSALZ5.pt,56,69,69,3,2,0.2839453799999999
avgpool_finegrained2_7JXEWW.pt,56,62,62,3,2,0.25988051999999995
avgpool_finegrained2_WMFWQ6.pt,56,61,61,3,2,0.25521131999999996
avgpool_finegrained2_EPGWT5.pt,56,84,84,3,2,0.3891749200000001
avgpool_finegrained2_5AXYDP.pt,56,70,70,3,2,0.32945306
avgpool_finegrained2_ZDSASD.pt,56,75,75,3,2,0.06022565999999999
avgpool_finegrained2_KYNIJU.pt,56,49,49,3,2,0.21988818000000002
avgpool_finegrained2_M5MOSJ.pt,56,46,46,3,2,0.20846906000000004
avgpool_finegrained2_MXBFSO.pt,56,57,57,3,2,0.28353399999999995
avgpool_finegrained2_1ZS184.pt,56,79,79,3,2,0.40487126
avgpool_finegrained2_P5G0Z4.pt,56,40,40,3,2,0.18983922
avgpool_finegrained2_PE5Q4M.pt,56,77,77,3,2,0.45103840000000006
avgpool_finegrained2_9W4KKQ.pt,56,35,35,3,2,0.28186158
avgpool_finegrained2_G7GA05.pt,56,38,38,3,2,0.21404317999999997
avgpool_finegrained2_RIAG75.pt,56,36,36,3,2,0.24469519999999995
avgpool_finegrained2_GW1M2Y.pt,28,215,215,3,2,0.27690149999999997
avgpool_finegrained2_X0HQ9H.pt,28,412,412,3,2,0.4925362600000001
avgpool_finegrained2_FZRP9M.pt,28,309,309,3,2,0.30711723999999996
avgpool_finegrained2_BQ3GWB.pt,28,239,239,3,2,0.3866495199999999
avgpool_finegrained2_Z4XC86.pt,28,312,312,3,2,0.35141727999999994
avgpool_finegrained2_NX9Q8K.pt,28,325,325,3,2,0.3482575599999999
avgpool_finegrained2_V0XN83.pt,28,245,245,3,2,0.26014063999999987
avgpool_finegrained2_O3ZSUN.pt,28,275,275,3,2,0.28550184
avgpool_finegrained2_MELQKK.pt,28,390,390,3,2,0.5060968599999999
avgpool_finegrained2_L8LM3O.pt,28,219,219,3,2,0.27483357999999997
avgpool_finegrained2_G4ORMM.pt,28,313,313,3,2,0.36551898
avgpool_finegrained2_ND9Q8B.pt,28,210,210,3,2,0.3318473999999999
avgpool_finegrained2_T9BDRS.pt,28,281,281,3,2,0.28528303999999993
avgpool_finegrained2_F4S648.pt,28,396,396,3,2,0.37519914
avgpool_finegrained2_J0VX77.pt,28,242,242,3,2,0.29562004000000014
avgpool_finegrained2_L7SBVA.pt,28,258,258,3,2,0.27466360000000006
avgpool_finegrained2_MX4HHK.pt,28,303,303,3,2,0.30597463999999996
avgpool_finegrained2_IKOCOJ.pt,28,340,340,3,2,0.33454322000000003
avgpool_finegrained2_D9MJKZ.pt,28,183,183,3,2,0.21388956000000003
avgpool_finegrained2_8EK3J2.pt,28,197,197,3,2,0.35950255999999997
avgpool_finegrained2_JTN79J.pt,224,141,141,2,1,5.271443340000002
avgpool_finegrained2_I09V7Y.pt,224,79,79,2,1,3.0313196799999997
avgpool_finegrained2_X2LOIO.pt,224,77,77,2,1,2.9696314599999996
avgpool_finegrained2_ERYLNC.pt,224,80,80,2,1,2.8807388799999996
avgpool_finegrained2_Z9OMVH.pt,224,157,157,2,1,5.790988719999999
avgpool_finegrained2_FBZKYY.pt,224,81,81,2,1,2.9913919599999996
avgpool_finegrained2_IIO6YN.pt,224,95,95,2,1,3.5106841
avgpool_finegrained2_77PO5N.pt,224,135,135,2,1,5.036728780000001
avgpool_finegrained2_A45V2F.pt,224,137,137,2,1,5.062336600000002
avgpool_finegrained2_RH2TTN.pt,224,139,139,2,1,5.169389579999998
avgpool_finegrained2_VN48NU.pt,224,103,103,2,1,3.85708456
avgpool_finegrained2_URVS6L.pt,224,150,150,2,1,5.55505724
avgpool_finegrained2_SU57W0.pt,224,114,114,2,1,4.2315878
avgpool_finegrained2_AAEL5Q.pt,224,71,71,2,1,2.6399498200000004
avgpool_finegrained2_A7NKCQ.pt,224,112,112,2,1,4.03606722
avgpool_finegrained2_GAZI7K.pt,224,84,84,2,1,3.0848433800000015
avgpool_finegrained2_2WN1T9.pt,224,124,124,2,1,4.666853080000001
avgpool_finegrained2_6CTGD0.pt,224,78,78,2,1,2.8154502600000004
avgpool_finegrained2_94VH0F.pt,224,155,155,2,1,5.79005102
avgpool_finegrained2_0K5QOJ.pt,224,91,91,2,1,3.4025595200000005
avgpool_finegrained2_1TKKMK.pt,56,71,71,2,2,0.0528119
avgpool_finegrained2_P7O083.pt,56,73,73,2,2,0.3259120799999999
avgpool_finegrained2_NYINVE.pt,56,74,74,2,2,0.29882741999999995
avgpool_finegrained2_M7AOWG.pt,56,76,76,2,2,0.27640632
avgpool_finegrained2_9X67VB.pt,56,60,60,2,2,0.23964039999999998
avgpool_finegrained2_YRJZHI.pt,56,58,58,2,2,0.22690096
avgpool_finegrained2_WQJNZ0.pt,56,62,62,2,2,0.24030405999999999
avgpool_finegrained2_1CIJ2U.pt,56,37,37,2,2,0.17407213999999993
avgpool_finegrained2_90C08H.pt,56,36,36,2,2,0.1700938
avgpool_finegrained2_UGE2HV.pt,56,78,78,2,2,0.28193522000000004
avgpool_finegrained2_NOX0WU.pt,56,72,72,2,2,0.2403750799999999
avgpool_finegrained2_WNKQXK.pt,56,80,80,2,2,0.31644214000000004
avgpool_finegrained2_PAT5FG.pt,56,65,65,2,2,0.24612904
avgpool_finegrained2_2PTPUO.pt,56,48,48,2,2,0.21321206000000004
avgpool_finegrained2_8JWVSR.pt,56,57,57,2,2,0.25231744
avgpool_finegrained2_NZU92P.pt,56,64,64,2,2,0.24562744000000006
avgpool_finegrained2_5V0Q6T.pt,56,59,59,2,2,0.23115308
avgpool_finegrained2_6O3EEK.pt,56,42,42,2,2,0.22664908
avgpool_finegrained2_R4EZC5.pt,56,49,49,2,2,0.22009437999999995
avgpool_finegrained2_H27EBO.pt,56,45,45,2,2,0.20652213999999994
avgpool_finegrained2_TR1G8Y.pt,56,100,100,2,2,0.35864246
avgpool_finegrained2_29LYS5.pt,56,120,120,2,2,0.51143042
avgpool_finegrained2_5HUQB3.pt,56,159,159,2,2,0.52676402
avgpool_finegrained2_DM6UHT.pt,56,98,98,2,2,0.3301694799999999
avgpool_finegrained2_LXAZ3N.pt,56,86,86,2,2,0.32780074000000003
avgpool_finegrained2_NH0YC6.pt,56,91,91,2,2,0.31373846
avgpool_finegrained2_66OMY9.pt,56,94,94,2,2,0.3517511199999999
avgpool_finegrained2_PJTXKQ.pt,56,115,115,2,2,0.46830944
avgpool_finegrained2_9ZM34D.pt,56,78,78,2,2,0.29185469999999997
avgpool_finegrained2_ULPOPY.pt,56,177,177,2,2,0.6121426000000001
avgpool_finegrained2_NZ7FT1.pt,56,99,99,2,2,0.3705818800000001
avgpool_finegrained2_2Y8D8I.pt,56,134,134,2,2,0.5155035399999999
avgpool_finegrained2_HITWZ7.pt,56,147,147,2,2,0.55130232
avgpool_finegrained2_X5EEPH.pt,56,106,106,2,2,0.40298412000000006
avgpool_finegrained2_QRAIVH.pt,56,85,85,2,2,0.34611813999999996
avgpool_finegrained2_RAEOKJ.pt,56,160,160,2,2,0.5024534000000003
avgpool_finegrained2_U3RF3Z.pt,56,169,169,2,2,0.5601639999999999
avgpool_finegrained2_MDAJOS.pt,56,154,154,2,2,0.5349142799999999
avgpool_finegrained2_SZ5MQI.pt,56,126,126,2,2,0.4923607999999999
avgpool_finegrained2_B45J87.pt,56,144,144,2,2,0.6794373199999998
avgpool_finegrained2_AR10YK.pt,28,58,58,2,1,0.31408176
avgpool_finegrained2_ZDO9ZK.pt,28,34,34,2,1,0.20196793999999996
avgpool_finegrained2_AHRQ1F.pt,28,37,37,2,1,0.19872570000000003
avgpool_finegrained2_WNRP3B.pt,28,43,43,2,1,0.25398974
avgpool_finegrained2_I8IE2V.pt,28,33,33,2,1,0.16341930000000002
avgpool_finegrained2_K9PV7N.pt,28,29,29,2,1,0.15592330000000007
avgpool_finegrained2_C0RNAQ.pt,28,44,44,2,1,0.19926447999999997
avgpool_finegrained2_G82RP1.pt,28,46,46,2,1,0.20096301999999994
avgpool_finegrained2_HD2Y9Z.pt,28,51,51,2,1,0.21563272000000006
avgpool_finegrained2_CME6S8.pt,28,67,67,2,1,0.2598328399999999
avgpool_finegrained2_U2087I.pt,28,56,56,2,1,0.04757506000000001
avgpool_finegrained2_WX19DY.pt,28,65,65,2,1,0.26181022000000004
avgpool_finegrained2_DEMKVV.pt,28,54,54,2,1,0.22165972000000003
avgpool_finegrained2_8NBI49.pt,28,64,64,2,1,0.29049624
avgpool_finegrained2_ZX8XS8.pt,28,36,36,2,1,0.17291342000000004
avgpool_finegrained2_0S801I.pt,28,55,55,2,1,0.22592405999999998
avgpool_finegrained2_8ITRQJ.pt,28,45,45,2,1,0.19687775999999998
avgpool_finegrained2_S07NG4.pt,28,59,59,2,1,0.35971865999999975
avgpool_finegrained2_CO1HVZ.pt,28,53,53,2,1,0.21982374000000005
avgpool_finegrained2_IN1VKU.pt,28,49,49,2,1,0.20951419999999996
avgpool_finegrained2_YA40QO.pt,28,214,214,3,2,0.36926218
avgpool_finegrained2_2LOLGQ.pt,28,116,116,3,2,0.24624857999999997
avgpool_finegrained2_5AXK8U.pt,28,211,211,3,2,0.27665061999999996
avgpool_finegrained2_H8EM4R.pt,28,201,201,3,2,0.2547976
avgpool_finegrained2_FIDUT5.pt,28,228,228,3,2,0.33711001999999995
avgpool_finegrained2_X5NYMJ.pt,28,192,192,3,2,0.3387344200000001
avgpool_finegrained2_PADE40.pt,28,248,248,3,2,0.28906058000000007
avgpool_finegrained2_FV9UWA.pt,28,205,205,3,2,0.24238413999999991
avgpool_finegrained2_AL5UNE.pt,28,140,140,3,2,0.19299764000000003
avgpool_finegrained2_LHHQBF.pt,28,136,136,3,2,0.18183303999999992
avgpool_finegrained2_H35LRE.pt,28,213,213,3,2,0.27473578
avgpool_finegrained2_QIFXD8.pt,28,125,125,3,2,0.1778641
avgpool_finegrained2_76IWA9.pt,28,166,166,3,2,0.20436067999999996
avgpool_finegrained2_QAAFLD.pt,28,118,118,3,2,0.17083084000000004
avgpool_finegrained2_8ESV2L.pt,28,263,263,3,2,0.2877180399999999
avgpool_finegrained2_24W1TL.pt,28,130,130,3,2,0.17805824
avgpool_finegrained2_SE1UGH.pt,28,198,198,3,2,0.22990407999999998
avgpool_finegrained2_T5ZMJ5.pt,28,204,204,3,2,0.24172264
avgpool_finegrained2_JNDH1V.pt,28,137,137,3,2,0.18238242
avgpool_finegrained2_WY56MN.pt,28,151,151,3,2,0.20887202000000002
avgpool_finegrained2_2OFH0N.pt,28,141,141,3,2,0.20124161999999998
avgpool_finegrained2_NZB4QJ.pt,28,150,150,3,2,0.19277682
avgpool_finegrained2_YVZ70O.pt,28,248,248,3,2,0.28325136
avgpool_finegrained2_O59HNX.pt,28,199,199,3,2,0.3277052399999999
avgpool_finegrained2_IN4DEA.pt,28,201,201,3,2,0.38255428
avgpool_finegrained2_NYGY6B.pt,28,190,190,3,2,0.24745395999999997
avgpool_finegrained2_36RWXM.pt,28,200,200,3,2,0.31249812000000005
avgpool_finegrained2_IUQZHP.pt,28,229,229,3,2,0.2502071600000001
avgpool_finegrained2_45E45C.pt,28,252,252,3,2,0.26164842000000005
avgpool_finegrained2_HGGMSQ.pt,28,159,159,3,2,0.19296648000000005
avgpool_finegrained2_JNX7PJ.pt,28,196,196,3,2,0.22085148000000004
avgpool_finegrained2_G3DWSF.pt,28,186,186,3,2,0.3292488600000001
avgpool_finegrained2_WITDZ9.pt,28,246,246,3,2,0.2677076
avgpool_finegrained2_W7WZDK.pt,28,218,218,3,2,0.2760947399999999
avgpool_finegrained2_IGRMVS.pt,28,207,207,3,2,0.23011776
avgpool_finegrained2_ODDB9V.pt,28,185,185,3,2,0.21644237999999982
avgpool_finegrained2_ZMMON5.pt,28,226,226,3,2,0.24421128000000006
avgpool_finegrained2_3BBD9U.pt,28,220,220,3,2,0.27383546
avgpool_finegrained2_4QK9D2.pt,28,176,176,3,2,0.23888037999999998
avgpool_finegrained2_HMLCOC.pt,28,164,164,3,2,0.24224645999999997
avgpool_finegrained2_6RDD0S.pt,112,625,625,2,2,1.7959735199999995
avgpool_finegrained2_G1B7YT.pt,112,448,448,2,2,1.5698043399999997
avgpool_finegrained2_HDVS5T.pt,112,424,424,2,2,1.4913885600000005
avgpool_finegrained2_TSMPED.pt,112,428,428,2,2,1.59892166
avgpool_finegrained2_YJMUT6.pt,112,297,297,2,2,1.4968432
avgpool_finegrained2_OLAHCT.pt,112,372,372,2,2,1.3794985999999994
avgpool_finegrained2_9KDR1A.pt,112,544,544,2,2,1.9362831199999997
avgpool_finegrained2_YHSF1K.pt,112,594,594,2,2,1.9501361800000003
avgpool_finegrained2_0W80YM.pt,112,610,610,2,2,2.3070993200000007
avgpool_finegrained2_Y2BZN4.pt,112,385,385,2,2,1.35448212
avgpool_finegrained2_PQ90QY.pt,112,481,481,2,2,1.5899413399999998
avgpool_finegrained2_WVBKZ7.pt,112,599,599,2,2,1.8778058200000003
avgpool_finegrained2_4EHDF5.pt,112,587,587,2,2,1.7950611200000006
avgpool_finegrained2_LJ7Y8N.pt,112,549,549,2,2,1.6083237199999996
avgpool_finegrained2_SIISKX.pt,112,326,326,2,2,1.3546238200000003
avgpool_finegrained2_KGRLIK.pt,112,540,540,2,2,1.6246031999999997
avgpool_finegrained2_9NK3YY.pt,112,367,367,2,2,1.3488388800000006
avgpool_finegrained2_S2VLTJ.pt,112,516,516,2,2,1.7593874000000003
avgpool_finegrained2_UN5PS2.pt,112,351,351,2,2,1.50471508
avgpool_finegrained2_ZK3GD1.pt,112,622,622,2,2,1.7276258599999996
avgpool_finegrained2_GXFTCY.pt,112,516,516,3,2,2.1132701599999995
avgpool_finegrained2_GHOBB4.pt,112,550,550,3,2,2.2860811199999995
avgpool_finegrained2_RGIGIT.pt,112,435,435,3,2,1.82496462
avgpool_finegrained2_I5ALZ9.pt,112,511,511,3,2,1.89872804
avgpool_finegrained2_5CW4RZ.pt,112,340,340,3,2,1.7759554599999998
avgpool_finegrained2_IWVRI5.pt,112,606,606,3,2,2.02288164
avgpool_finegrained2_J7H2HC.pt,112,399,399,3,2,1.5530911000000003
avgpool_finegrained2_WX232Y.pt,112,334,334,3,2,1.4485244199999994
avgpool_finegrained2_ITH2AG.pt,112,388,388,3,2,1.4121270600000002
avgpool_finegrained2_826MYH.pt,112,479,479,3,2,1.5830263399999993
avgpool_finegrained2_I0NGOJ.pt,112,492,492,3,2,1.6456636600000007
avgpool_finegrained2_FJMYUK.pt,112,602,602,3,2,2.0052452600000006
avgpool_finegrained2_XZ50UC.pt,112,284,284,3,2,1.4185401999999998
avgpool_finegrained2_J6YAP6.pt,112,358,358,3,2,1.4036204999999995
avgpool_finegrained2_SI09PN.pt,112,285,285,3,2,1.4052807999999999
avgpool_finegrained2_QOX938.pt,112,486,486,3,2,1.96541376
avgpool_finegrained2_MRB7AU.pt,112,365,365,3,2,1.4969508600000005
avgpool_finegrained2_LW33AG.pt,112,386,386,3,2,1.6981006800000005
avgpool_finegrained2_ARY5O1.pt,112,261,261,3,2,1.5343512400000003
avgpool_finegrained2_BAHAG0.pt,112,436,436,3,2,1.5728534599999997
avgpool_finegrained2_KU8KJO.pt,28,46,46,2,1,0.30181804
avgpool_finegrained2_6O4YFS.pt,28,44,44,2,1,0.19573406000000002
avgpool_finegrained2_OJEW6Y.pt,28,29,29,2,1,0.15351796
avgpool_finegrained2_WBP6EL.pt,28,41,41,2,1,0.1872141
avgpool_finegrained2_Q68N4E.pt,28,54,54,2,1,0.23519666000000006
avgpool_finegrained2_8SCXD4.pt,28,31,31,2,1,0.15862734
avgpool_finegrained2_B5YAN5.pt,28,32,32,2,1,0.16637526000000005
avgpool_finegrained2_QAYWV0.pt,28,55,55,2,1,0.22490722000000002
avgpool_finegrained2_X1GRQ6.pt,28,38,38,2,1,0.19254933999999999
avgpool_finegrained2_MTVD78.pt,28,37,37,2,1,0.21848269999999992
avgpool_finegrained2_0PI3AM.pt,28,35,35,2,1,0.03451528
avgpool_finegrained2_281WI0.pt,28,34,34,2,1,0.25082454000000004
avgpool_finegrained2_Y2X8QN.pt,28,27,27,2,1,0.16171582000000004
avgpool_finegrained2_FCKXHY.pt,28,24,24,2,1,0.18855571999999995
avgpool_finegrained2_ZW2XS2.pt,28,47,47,2,1,0.1998265
avgpool_finegrained2_T8LKHA.pt,28,52,52,2,1,0.2249493800000001
avgpool_finegrained2_0FNL5E.pt,28,43,43,2,1,0.19123176
avgpool_finegrained2_NN1UU9.pt,28,42,42,2,1,0.1889164
avgpool_finegrained2_WFUFVI.pt,28,48,48,2,1,0.20772048
avgpool_finegrained2_VR3C1Q.pt,28,56,56,2,1,0.22837926
avgpool_finegrained2_73IY8P.pt,28,64,64,3,2,0.12641258000000002
avgpool_finegrained2_MIFQE2.pt,28,98,98,3,2,0.14969306
avgpool_finegrained2_0774CP.pt,28,131,131,3,2,0.17373973999999998
avgpool_finegrained2_5ZLZ18.pt,28,135,135,3,2,0.20647262000000002
avgpool_finegrained2_C7XJO9.pt,28,124,124,3,2,0.21290737999999998
avgpool_finegrained2_5GMFZN.pt,28,92,92,3,2,0.1557151
avgpool_finegrained2_E1E5UA.pt,28,118,118,3,2,0.18053562000000004
avgpool_finegrained2_3SQVKL.pt,28,63,63,3,2,0.13107064
avgpool_finegrained2_2NTRP9.pt,28,128,128,3,2,0.19404050000000006
avgpool_finegrained2_MNVED4.pt,28,107,107,3,2,0.17267380000000002
avgpool_finegrained2_DPQJQA.pt,28,122,122,3,2,0.18261821999999994
avgpool_finegrained2_P9T4D2.pt,28,62,62,3,2,0.12512282
avgpool_finegrained2_CPTWFU.pt,28,78,78,3,2,0.14407446
avgpool_finegrained2_QKJF3X.pt,28,110,110,3,2,0.16092191999999997
avgpool_finegrained2_0TM499.pt,28,69,69,3,2,0.12323502
avgpool_finegrained2_TRNKQW.pt,28,112,112,3,2,0.16282055999999998
avgpool_finegrained2_XRCESI.pt,28,108,108,3,2,0.15878706000000004
avgpool_finegrained2_Z0V2JG.pt,28,81,81,3,2,0.15719894000000004
avgpool_finegrained2_CFRRTC.pt,28,123,123,3,2,0.18491124000000003
avgpool_finegrained2_B2CQ55.pt,28,97,97,3,2,0.14959840000000002
avgpool_finegrained2_T7PTY1.pt,14,58,58,2,2,0.08811999999999999
avgpool_finegrained2_O56UEN.pt,14,56,56,2,2,0.08941724000000001
avgpool_finegrained2_THQR8L.pt,14,48,48,2,2,0.08435565999999999
avgpool_finegrained2_FSQMOG.pt,14,38,38,2,2,0.08313219999999999
avgpool_finegrained2_4FUONI.pt,14,47,47,2,2,0.08372468
avgpool_finegrained2_CDXGPX.pt,14,64,64,2,2,0.09569126
avgpool_finegrained2_EH9QG1.pt,14,40,40,2,2,0.0809428
avgpool_finegrained2_UKDJ9S.pt,14,43,43,2,2,0.09551541999999999
avgpool_finegrained2_HSUTAP.pt,14,70,70,2,2,0.08734372000000003
avgpool_finegrained2_PQU95L.pt,14,72,72,2,2,0.09008955999999997
avgpool_finegrained2_QTJWQ1.pt,14,33,33,2,2,0.08092984000000002
avgpool_finegrained2_0GB398.pt,14,42,42,2,2,0.08415564
avgpool_finegrained2_YW7SM9.pt,14,35,35,2,2,0.0899786
avgpool_finegrained2_NH1LA4.pt,14,34,34,2,2,0.09193558000000002
avgpool_finegrained2_3J6LI3.pt,14,37,37,2,2,0.08274198000000003
avgpool_finegrained2_DC4F9L.pt,14,31,31,2,2,0.08134955999999999
avgpool_finegrained2_P4WE5M.pt,14,32,32,2,2,0.08076186
avgpool_finegrained2_OPXX7Q.pt,14,65,65,2,2,0.08611286000000001
avgpool_finegrained2_L7YXZR.pt,14,57,57,2,2,0.08378328
avgpool_finegrained2_NCQJP2.pt,14,59,59,2,2,0.08482536000000002
avgpool_finegrained2_YQ96M7.pt,56,36,36,3,2,0.03806024
avgpool_finegrained2_QVPKL0.pt,56,31,31,3,2,0.18102082000000005
avgpool_finegrained2_KI34U3.pt,56,51,51,3,2,0.22418555999999992
avgpool_finegrained2_9G1A1S.pt,56,50,50,3,2,0.26308648
avgpool_finegrained2_D15XED.pt,56,53,53,3,2,0.2772885200000001
avgpool_finegrained2_MRTYVE.pt,56,26,26,3,2,0.17187338
avgpool_finegrained2_WKJ2QG.pt,56,38,38,3,2,0.24987312000000006
avgpool_finegrained2_0SWBSO.pt,56,27,27,3,2,0.15478714
avgpool_finegrained2_0ARKRA.pt,56,44,44,3,2,0.28430040000000006
avgpool_finegrained2_VM5UPB.pt,56,33,33,3,2,0.2065432600000001
avgpool_finegrained2_8EA6AZ.pt,56,43,43,3,2,0.20316619999999994
avgpool_finegrained2_O54N99.pt,56,49,49,3,2,0.27610075999999983
avgpool_finegrained2_0VO88N.pt,56,55,55,3,2,0.23836662000000008
avgpool_finegrained2_DMKZNJ.pt,56,52,52,3,2,0.2278909999999999
avgpool_finegrained2_21GEZ0.pt,56,32,32,3,2,0.25908785999999995
avgpool_finegrained2_A0UW6Q.pt,56,37,37,3,2,0.30174828
avgpool_finegrained2_KZRWC4.pt,56,54,54,3,2,0.3647956999999999
avgpool_finegrained2_0BBCPA.pt,56,29,29,3,2,0.17797598
avgpool_finegrained2_8UV0LD.pt,56,47,47,3,2,0.2549170599999999
avgpool_finegrained2_F8MTVA.pt,56,41,41,3,2,0.20412298000000004
avgpool_finegrained2_A0G78B.pt,14,212,212,2,2,0.10294426000000001
avgpool_finegrained2_IIBMLB.pt,14,158,158,2,2,0.13384220000000002
avgpool_finegrained2_G0E4NM.pt,14,209,209,2,2,0.10826954000000004
avgpool_finegrained2_G4U45N.pt,14,171,171,2,2,0.09973812
avgpool_finegrained2_JYAZEW.pt,14,108,108,2,2,0.0931472
avgpool_finegrained2_GQRWVT.pt,14,162,162,2,2,0.10433648
avgpool_finegrained2_2ZM1TT.pt,14,145,145,2,2,0.0947806
avgpool_finegrained2_VYXLX6.pt,14,232,232,2,2,0.11702429999999998
avgpool_finegrained2_N3SCWY.pt,14,115,115,2,2,0.11513318000000002
avgpool_finegrained2_GPGRRZ.pt,14,157,157,2,2,0.11305098
avgpool_finegrained2_TAZY2T.pt,14,186,186,2,2,0.1461393
avgpool_finegrained2_8RBADL.pt,14,170,170,2,2,0.10974594000000003
avgpool_finegrained2_T45B3B.pt,14,234,234,2,2,0.11661342
avgpool_finegrained2_TB4KPX.pt,14,126,126,2,2,0.12918048000000001
avgpool_finegrained2_CRYW9B.pt,14,130,130,2,2,0.10120848
avgpool_finegrained2_BZU0VQ.pt,14,197,197,2,2,0.11288152000000001
avgpool_finegrained2_57KD51.pt,14,131,131,2,2,0.10247281999999998
avgpool_finegrained2_1ECARQ.pt,14,106,106,2,2,0.09283522000000004
avgpool_finegrained2_9EJ7PX.pt,14,134,134,2,2,0.09699732000000001
avgpool_finegrained2_5G8YNH.pt,14,176,176,2,2,0.10636127999999997
avgpool_finegrained2_XKZ404.pt,14,82,82,2,2,0.08994397999999998
avgpool_finegrained2_JTW6AX.pt,14,60,60,2,2,0.09422258
avgpool_finegrained2_UJ6PE9.pt,14,47,47,2,2,0.09051359999999999
avgpool_finegrained2_A7O5EL.pt,14,50,50,2,2,0.088748
avgpool_finegrained2_DX16PK.pt,14,85,85,2,2,0.08999123999999999
avgpool_finegrained2_0DIFSS.pt,14,44,44,2,2,0.08819035999999997
avgpool_finegrained2_BB7MAM.pt,14,94,94,2,2,0.09086984000000005
avgpool_finegrained2_I78LTK.pt,14,48,48,2,2,0.0848756
avgpool_finegrained2_M33T2X.pt,14,80,80,2,2,0.09100051999999997
avgpool_finegrained2_MU77P6.pt,14,93,93,2,2,0.08879156
avgpool_finegrained2_7W2JKM.pt,14,97,97,2,2,0.01718778
avgpool_finegrained2_IOGVX9.pt,14,71,71,2,2,0.10254844000000003
avgpool_finegrained2_W1MIRQ.pt,14,42,42,2,2,0.08132263999999997
avgpool_finegrained2_V58B8Y.pt,14,95,95,2,2,0.09112034000000001
avgpool_finegrained2_G16S37.pt,14,46,46,2,2,0.08355002
avgpool_finegrained2_ZU9VRY.pt,14,91,91,2,2,0.09103654
avgpool_finegrained2_AEDYW8.pt,14,75,75,2,2,0.08161772
avgpool_finegrained2_7LIGKF.pt,14,68,68,2,2,0.10290332
avgpool_finegrained2_IY3M7H.pt,14,65,65,2,2,0.08644874000000001
avgpool_finegrained2_NEP9D3.pt,14,55,55,2,2,0.08490558
avgpool_finegrained2_X0XS9R.pt,112,178,178,3,2,1.4554607599999994
avgpool_finegrained2_U1V3H1.pt,112,101,101,3,2,1.16181194
avgpool_finegrained2_UNSG93.pt,112,146,146,3,2,1.4559359200000004
avgpool_finegrained2_GI3KXD.pt,112,194,194,3,2,1.5671244399999997
avgpool_finegrained2_2880CX.pt,112,225,225,3,2,1.44637074
avgpool_finegrained2_A8ABCE.pt,112,100,100,3,2,1.1329396600000006
avgpool_finegrained2_29DTM5.pt,112,195,195,3,2,1.3504308
avgpool_finegrained2_HD0W5F.pt,112,140,140,3,2,1.3417181999999999
avgpool_finegrained2_LOFAVT.pt,112,211,211,3,2,1.5054101799999997
avgpool_finegrained2_7VWGHY.pt,112,138,138,3,2,1.2823802200000003
avgpool_finegrained2_MX5U28.pt,112,115,115,3,2,1.24505808
avgpool_finegrained2_E1JZBA.pt,112,113,113,3,2,1.3204309600000002
avgpool_finegrained2_YLN17P.pt,112,96,96,3,2,1.19738212
avgpool_finegrained2_VXSMTE.pt,112,143,143,3,2,1.2728879
avgpool_finegrained2_LRS2JL.pt,112,213,213,3,2,1.4579439000000003
avgpool_finegrained2_GVKKLY.pt,112,121,121,3,2,1.3832732600000002
avgpool_finegrained2_ZVJAMH.pt,112,162,162,3,2,1.3755309000000002
avgpool_finegrained2_RP672K.pt,112,149,149,3,2,1.3278172200000002
avgpool_finegrained2_14GBHN.pt,112,148,148,3,2,1.63257206
avgpool_finegrained2_RVOQ38.pt,112,142,142,3,2,1.3826611200000003
avgpool_finegrained2_2T5MD5.pt,56,171,171,3,1,1.5073187600000002
avgpool_finegrained2_LK12DN.pt,56,148,148,3,1,1.4841646800000001
avgpool_finegrained2_5IS8N4.pt,56,117,117,3,1,1.3776793600000001
avgpool_finegrained2_HCRFX9.pt,56,177,177,3,1,1.2925315799999995
avgpool_finegrained2_Q2POHI.pt,56,104,104,3,1,1.3369942400000001
avgpool_finegrained2_SCSRCS.pt,56,102,102,3,1,1.1335621000000002
avgpool_finegrained2_W23KGF.pt,56,120,120,3,1,1.2787538000000003
avgpool_finegrained2_JJS97K.pt,56,112,112,3,1,1.4451540999999997
avgpool_finegrained2_2ZA85P.pt,56,162,162,3,1,1.4057422999999998
avgpool_finegrained2_TEMAT8.pt,56,161,161,3,1,1.50342132
avgpool_finegrained2_TBDXQ9.pt,56,84,84,3,1,1.1200989199999996
avgpool_finegrained2_BQRCUM.pt,56,182,182,3,1,1.4769419200000002
avgpool_finegrained2_BB6Y70.pt,56,160,160,3,1,1.4330785000000004
avgpool_finegrained2_QG03UY.pt,56,139,139,3,1,1.4006873400000002
avgpool_finegrained2_WCSG40.pt,56,185,185,3,1,1.4360845400000002
avgpool_finegrained2_K1UFNG.pt,56,187,187,3,1,1.2391230000000002
avgpool_finegrained2_IG8FAC.pt,56,140,140,3,1,1.3118666400000003
avgpool_finegrained2_W2K414.pt,56,191,191,3,1,1.3339603199999994
avgpool_finegrained2_PJKKZR.pt,56,150,150,3,1,1.3166998999999995
avgpool_finegrained2_L2W45M.pt,56,142,142,3,1,1.26364268
avgpool_finegrained2_XBF2PE.pt,14,521,521,2,2,0.03331174000000001
avgpool_finegrained2_3JEUKW.pt,14,442,442,2,2,0.1487158
avgpool_finegrained2_Z4FAC0.pt,14,330,330,2,2,0.12954694000000003
avgpool_finegrained2_UO3A4E.pt,14,266,266,2,2,0.17376194
avgpool_finegrained2_L1DZMZ.pt,14,363,363,2,2,0.17940749999999997
avgpool_finegrained2_2A6SUC.pt,14,278,278,2,2,0.12437607999999999
avgpool_finegrained2_79PAOP.pt,14,275,275,2,2,0.11828436000000002
avgpool_finegrained2_IDPRBQ.pt,14,328,328,2,2,0.1254065
avgpool_finegrained2_RKFIM8.pt,14,375,375,2,2,0.14357080000000003
avgpool_finegrained2_EXCO0E.pt,14,298,298,2,2,0.16499832
avgpool_finegrained2_L32WTB.pt,14,319,319,2,2,0.12396067999999998
avgpool_finegrained2_IGE9BK.pt,14,529,529,2,2,0.25663422
avgpool_finegrained2_EUXEDS.pt,14,463,463,2,2,0.17355342
avgpool_finegrained2_PU4ZBJ.pt,14,591,591,2,2,0.23361384000000002
avgpool_finegrained2_SHEWII.pt,14,458,458,2,2,0.16347200000000003
avgpool_finegrained2_FYMY60.pt,14,291,291,2,2,0.12664340000000002
avgpool_finegrained2_0ZB4MI.pt,14,460,460,2,2,0.15236613999999998
avgpool_finegrained2_BGB1I9.pt,14,544,544,2,2,0.24622442000000003
avgpool_finegrained2_YV59F5.pt,14,270,270,2,2,0.11730896000000002
avgpool_finegrained2_DSHAPD.pt,14,311,311,2,2,0.12310392
avgpool_finegrained2_M4HWU1.pt,28,645,645,2,2,0.551296
avgpool_finegrained2_OWKO7R.pt,28,834,834,2,2,0.87607722
avgpool_finegrained2_8B8RB9.pt,28,839,839,2,2,0.7150332000000001
avgpool_finegrained2_7PX95K.pt,28,679,679,2,2,0.5439185400000001
avgpool_finegrained2_5B0Z5W.pt,28,854,854,2,2,0.66074904
avgpool_finegrained2_LKB6DB.pt,28,949,949,2,2,0.8121282599999998
avgpool_finegrained2_RSBD95.pt,28,933,933,2,2,0.7839838000000003
avgpool_finegrained2_2X2ZXP.pt,28,944,944,2,2,0.7294648200000001
avgpool_finegrained2_OJ3DB8.pt,28,678,678,2,2,0.5570422800000001
avgpool_finegrained2_X3FJWK.pt,28,864,864,2,2,0.67107866
avgpool_finegrained2_W68SST.pt,28,611,611,2,2,0.55850922
avgpool_finegrained2_K3FNMZ.pt,28,481,481,2,2,0.45206694
avgpool_finegrained2_EG4TS1.pt,28,885,885,2,2,0.7463578799999999
avgpool_finegrained2_H1YHDT.pt,28,869,869,2,2,0.91816532
avgpool_finegrained2_BXDBME.pt,28,797,797,2,2,1.0323987800000003
avgpool_finegrained2_IEIGFP.pt,28,547,547,2,2,0.4446254799999999
avgpool_finegrained2_7ET697.pt,28,982,982,2,2,0.736465
avgpool_finegrained2_F2TD0U.pt,28,876,876,2,2,0.84126754
avgpool_finegrained2_NB7YZ2.pt,28,579,579,2,2,0.6886305599999999
avgpool_finegrained2_TO4H86.pt,28,988,988,2,2,0.8657193999999998
avgpool_finegrained2_0XY7NY.pt,112,248,248,2,2,1.2693691
avgpool_finegrained2_87C1TZ.pt,112,439,439,2,2,1.6239720600000005
avgpool_finegrained2_PVTK5U.pt,112,507,507,2,2,1.5893207
avgpool_finegrained2_8XQV25.pt,112,343,343,2,2,1.3972072199999999
avgpool_finegrained2_OV9IM0.pt,112,469,469,2,2,1.82983738
avgpool_finegrained2_HU89X5.pt,112,538,538,2,2,1.6324557400000002
avgpool_finegrained2_IZ8SDP.pt,112,309,309,2,2,1.34532824
avgpool_finegrained2_ANOD2V.pt,112,251,251,2,2,1.21648686
avgpool_finegrained2_0I6F6I.pt,112,485,485,2,2,1.8020715599999997
avgpool_finegrained2_TSUUV3.pt,112,285,285,2,2,1.5078454600000004
avgpool_finegrained2_VO1ZIP.pt,112,570,570,2,2,1.8884902
avgpool_finegrained2_KZL3SX.pt,112,417,417,2,2,1.4799976599999995
avgpool_finegrained2_312MAR.pt,112,374,374,2,2,1.7611196
avgpool_finegrained2_6V9LRL.pt,112,355,355,2,2,1.4501728400000002
avgpool_finegrained2_8D4JBA.pt,112,294,294,2,2,1.2710174
avgpool_finegrained2_DJ30RO.pt,112,340,340,2,2,1.3953134200000001
avgpool_finegrained2_8SO1HB.pt,112,296,296,2,2,1.4594910600000004
avgpool_finegrained2_DYXTWZ.pt,112,461,461,2,2,1.7279176800000002
avgpool_finegrained2_O0EJD9.pt,112,293,293,2,2,1.2408190199999998
avgpool_finegrained2_TJUM0D.pt,112,300,300,2,2,1.3568707400000002
avgpool_finegrained2_MEC9AD.pt,28,126,126,3,2,0.16943455999999998
avgpool_finegrained2_SEMPKT.pt,28,178,178,3,2,0.20770494000000003
avgpool_finegrained2_HLOC59.pt,28,141,141,3,2,0.18085959999999995
avgpool_finegrained2_W0IROI.pt,28,94,94,3,2,0.14463288
avgpool_finegrained2_ODA3YG.pt,28,157,157,3,2,0.19934621999999996
avgpool_finegrained2_BJ5SMI.pt,28,140,140,3,2,0.18112869999999995
avgpool_finegrained2_OII4CX.pt,28,191,191,3,2,0.22903073999999993
avgpool_finegrained2_AZ7SSD.pt,28,153,153,3,2,0.18892086
avgpool_finegrained2_S20N9M.pt,28,88,88,3,2,0.15778288
avgpool_finegrained2_FBD7XO.pt,28,98,98,3,2,0.15056765999999996
avgpool_finegrained2_WPKY1I.pt,28,121,121,3,2,0.16709994000000003
avgpool_finegrained2_MP0ESK.pt,28,122,122,3,2,0.16870394000000005
avgpool_finegrained2_9GZNG0.pt,28,145,145,3,2,0.18581274000000012
avgpool_finegrained2_1J39L7.pt,28,108,108,3,2,0.15923174000000004
avgpool_finegrained2_VEQKII.pt,28,105,105,3,2,0.15692155999999993
avgpool_finegrained2_GQ1P0J.pt,28,95,95,3,2,0.22540223999999998
avgpool_finegrained2_9SQSN4.pt,28,133,133,3,2,0.18973358000000004
avgpool_finegrained2_IUWZUR.pt,28,103,103,3,2,0.15258585999999996
avgpool_finegrained2_D0Z8ZO.pt,28,113,113,3,2,0.15926715999999996
avgpool_finegrained2_EAW1DT.pt,28,182,182,3,2,0.21212598
avgpool_finegrained2_XLIBQ1.pt,28,363,363,3,2,0.3505323800000001
avgpool_finegrained2_I8FF94.pt,28,460,460,3,2,0.4241832200000001
avgpool_finegrained2_QY4L3V.pt,28,365,365,3,2,0.4505447000000001
avgpool_finegrained2_5LNUH8.pt,28,491,491,3,2,0.4456524000000001
avgpool_finegrained2_2FXD71.pt,28,362,362,3,2,0.39651026000000017
avgpool_finegrained2_3I3I0Q.pt,28,379,379,3,2,0.3613757799999999
avgpool_finegrained2_9A27M1.pt,28,520,520,3,2,0.49820798000000005
avgpool_finegrained2_4LDSSY.pt,28,313,313,3,2,0.37539718000000005
avgpool_finegrained2_9SGU1P.pt,28,315,315,3,2,0.44404834
avgpool_finegrained2_BQ0454.pt,28,336,336,3,2,0.4115569599999999
avgpool_finegrained2_RXGXPZ.pt,28,404,404,3,2,0.4495144999999998
avgpool_finegrained2_P5D8L9.pt,28,431,431,3,2,0.40928363999999995
avgpool_finegrained2_G694G1.pt,28,474,474,3,2,0.39337956000000013
avgpool_finegrained2_1W0HGU.pt,28,274,274,3,2,0.43858931999999995
avgpool_finegrained2_1S6RUL.pt,28,444,444,3,2,0.41026053999999995
avgpool_finegrained2_JQEG4J.pt,28,272,272,3,2,0.28633935999999993
avgpool_finegrained2_16KB9S.pt,28,529,529,3,2,0.4900658600000001
avgpool_finegrained2_YQKM11.pt,28,249,249,3,2,0.32779339999999996
avgpool_finegrained2_QJM3DZ.pt,28,425,425,3,2,0.54441114
avgpool_finegrained2_OQ2RRY.pt,28,267,267,3,2,0.30241153999999987
avgpool_finegrained2_9L1HTD.pt,14,415,415,2,2,0.04041588000000001
avgpool_finegrained2_6LX61A.pt,14,339,339,2,2,0.13601252000000003
avgpool_finegrained2_NFRY8G.pt,14,448,448,2,2,0.16025831999999998
avgpool_finegrained2_C1UVS2.pt,14,359,359,2,2,0.13198554000000004
avgpool_finegrained2_HGWBUJ.pt,14,515,515,2,2,0.16422467999999998
avgpool_finegrained2_CVZD2I.pt,14,267,267,2,2,0.14215724000000002
avgpool_finegrained2_A0093Q.pt,14,554,554,2,2,0.2111758
avgpool_finegrained2_I9RUF1.pt,14,523,523,2,2,0.16158604000000001
avgpool_finegrained2_FV1PCX.pt,14,284,284,2,2,0.13048831999999996
avgpool_finegrained2_KQO7K8.pt,14,290,290,2,2,0.13526944
avgpool_finegrained2_3RTIUA.pt,14,401,401,2,2,0.16761130000000005
avgpool_finegrained2_8K1CCP.pt,14,263,263,2,2,0.13641644000000003
avgpool_finegrained2_DQFCBC.pt,14,565,565,2,2,0.19210580000000008
avgpool_finegrained2_IXR6QG.pt,14,444,444,2,2,0.16439505999999995
avgpool_finegrained2_RIV388.pt,14,319,319,2,2,0.13399664
avgpool_finegrained2_UTIQ9U.pt,14,353,353,2,2,0.13661442000000001
avgpool_finegrained2_YRLRT5.pt,14,461,461,2,2,0.15147344000000001
avgpool_finegrained2_4DNO8Y.pt,14,518,518,2,2,0.16146823999999996
avgpool_finegrained2_GWASBV.pt,14,517,517,2,2,0.16030562000000004
avgpool_finegrained2_36TUK3.pt,14,482,482,2,2,0.20421532000000006
avgpool_finegrained2_HLM1HE.pt,56,31,31,2,2,0.15747464
avgpool_finegrained2_2YRJOQ.pt,56,32,32,2,2,0.16168786000000002
avgpool_finegrained2_F347E8.pt,56,30,30,2,2,0.16586488
avgpool_finegrained2_SLTSW6.pt,56,24,24,2,2,0.14080475999999997
avgpool_finegrained2_GFJK1P.pt,56,35,35,2,2,0.17075582000000003
avgpool_finegrained2_7CZ50U.pt,56,20,20,2,2,0.12993216000000005
avgpool_finegrained2_FPPWBZ.pt,56,17,17,2,2,0.12065081999999995
avgpool_finegrained2_FZM8F5.pt,56,25,25,2,2,0.14259599999999997
avgpool_finegrained2_2DZEAC.pt,56,22,22,2,2,0.13316335999999995
avgpool_finegrained2_R8AJPN.pt,56,28,28,2,2,0.22024584
avgpool_finegrained2_N36CXX.pt,56,27,27,2,2,0.15281796
avgpool_finegrained2_Y76FH5.pt,56,16,16,2,2,0.12166258000000002
avgpool_finegrained2_OQA2KZ.pt,56,26,26,2,2,0.15417563999999997
avgpool_finegrained2_YM35PH.pt,56,29,29,2,2,0.15680534000000002
avgpool_finegrained2_F9U4LL.pt,56,23,23,2,2,0.14226814000000002
avgpool_finegrained2_NCRUUW.pt,56,33,33,2,2,0.16667724
avgpool_finegrained2_D854TK.pt,56,18,18,2,2,0.13464079999999995
avgpool_finegrained2_9C6D99.pt,56,21,21,2,2,0.13708122
avgpool_finegrained2_QXQ919.pt,56,15,15,2,2,0.12037996000000001
avgpool_finegrained2_0RNNJO.pt,56,19,19,2,2,0.13307471999999998
avgpool_finegrained2_4EP78Y.pt,112,83,83,2,2,0.9171127600000001
avgpool_finegrained2_3PY2LY.pt,112,113,113,2,2,1.1097428400000002
avgpool_finegrained2_2U2TMC.pt,112,101,101,2,2,0.9982834400000001
avgpool_finegrained2_ZONRGJ.pt,112,89,89,2,2,0.9717878999999996
avgpool_finegrained2_70ZZBR.pt,112,75,75,2,2,1.0971897999999998
avgpool_finegrained2_SKAUVF.pt,112,133,133,2,2,1.2085663600000003
avgpool_finegrained2_VCGWVC.pt,112,144,144,2,2,1.2372339000000003
avgpool_finegrained2_8RUV9B.pt,112,130,130,2,2,1.1603986199999998
avgpool_finegrained2_N3OMXE.pt,112,154,154,2,2,1.1455312600000003
avgpool_finegrained2_2VR94C.pt,112,152,152,2,2,1.3630850200000004
avgpool_finegrained2_7C6C2M.pt,112,76,76,2,2,0.18188216000000001
avgpool_finegrained2_9ZFHTX.pt,112,122,122,2,2,1.2075517399999998
avgpool_finegrained2_YB2FWN.pt,112,87,87,2,2,0.8957121400000001
avgpool_finegrained2_BKPUE4.pt,112,90,90,2,2,0.98963098
avgpool_finegrained2_5QBSFE.pt,112,119,119,2,2,1.21998744
avgpool_finegrained2_PVE68K.pt,112,110,110,2,2,1.0402082999999998
avgpool_finegrained2_MF70ZO.pt,112,115,115,2,2,1.0547376000000002
avgpool_finegrained2_0TRCQA.pt,112,78,78,2,2,0.9081167799999996
avgpool_finegrained2_C67ERK.pt,112,136,136,2,2,1.0738362199999998
avgpool_finegrained2_ELPYBS.pt,112,111,111,2,2,1.0331000399999999
avgpool_finegrained2_P22W4U.pt,14,830,830,2,2,0.23392500000000002
avgpool_finegrained2_IWFKKE.pt,14,416,416,2,2,0.17786876000000004
avgpool_finegrained2_N12SAA.pt,14,467,467,2,2,0.15161853999999997
avgpool_finegrained2_C9LZPQ.pt,14,743,743,2,2,0.23194903999999994
avgpool_finegrained2_Z11X0I.pt,14,930,930,2,2,0.22925970000000004
avgpool_finegrained2_KIL7R7.pt,14,427,427,2,2,0.14677141999999996
avgpool_finegrained2_H5M67N.pt,14,500,500,2,2,0.15605683999999995
avgpool_finegrained2_NZ4S7F.pt,14,520,520,2,2,0.16987451999999997
avgpool_finegrained2_4J6JFU.pt,14,740,740,2,2,0.19281179999999995
avgpool_finegrained2_4MAXDM.pt,14,699,699,2,2,0.21944391999999996
avgpool_finegrained2_J7A5CM.pt,14,545,545,2,2,0.16534922000000002
avgpool_finegrained2_V7TWNI.pt,14,893,893,2,2,0.22185802000000007
avgpool_finegrained2_3XU65T.pt,14,654,654,2,2,0.18940693999999997
avgpool_finegrained2_A2IFFF.pt,14,595,595,2,2,0.17467106
avgpool_finegrained2_S07AJY.pt,14,689,689,2,2,0.30717321999999997
avgpool_finegrained2_0PYBUN.pt,14,531,531,2,2,0.1640372
avgpool_finegrained2_A2RBV0.pt,14,857,857,2,2,0.23802852000000002
avgpool_finegrained2_QKUXTC.pt,14,813,813,2,2,0.25727688
avgpool_finegrained2_6NM434.pt,14,497,497,2,2,0.1723968
avgpool_finegrained2_UXJM1J.pt,14,469,469,2,2,0.15219844
avgpool_finegrained2_JP1FB5.pt,28,609,609,2,2,0.52617714
avgpool_finegrained2_XY51Y2.pt,28,669,669,2,2,0.67894194
avgpool_finegrained2_LWQYJ2.pt,28,1017,1017,2,2,0.7682331599999999
avgpool_finegrained2_679Q1J.pt,28,1151,1151,2,2,0.9545770799999996
avgpool_finegrained2_D9H47S.pt,28,968,968,2,2,0.7570952
avgpool_finegrained2_51NAFQ.pt,28,769,769,2,2,0.6058932599999999
avgpool_finegrained2_277R74.pt,28,621,621,2,2,0.6099941
avgpool_finegrained2_JP2P3D.pt,28,1102,1102,2,2,0.87137646
avgpool_finegrained2_DPD3CP.pt,28,1149,1149,2,2,1.0937458
avgpool_finegrained2_9X4G8I.pt,28,770,770,2,2,0.6623201999999999
avgpool_finegrained2_XA7V5I.pt,28,899,899,2,2,0.8632513800000001
avgpool_finegrained2_BOLUK3.pt,28,673,673,2,2,0.6114112599999999
avgpool_finegrained2_Z3ELUX.pt,28,1189,1189,2,2,1.0004500799999996
avgpool_finegrained2_OKPTQS.pt,28,1054,1054,2,2,0.7852150999999999
avgpool_finegrained2_472Q8Z.pt,28,1012,1012,2,2,0.7636227799999997
avgpool_finegrained2_29MZ21.pt,28,1196,1196,2,2,1.0245241999999999
avgpool_finegrained2_15P1ID.pt,28,1010,1010,2,2,0.7515413599999999
avgpool_finegrained2_CCN3XV.pt,28,743,743,2,2,0.71759972
avgpool_finegrained2_RD783X.pt,28,683,683,2,2,0.7068617399999999
avgpool_finegrained2_9ZBDPM.pt,28,728,728,2,2,0.6613248800000001
avgpool_finegrained2_58QJA7.pt,56,40,40,3,2,0.0678344
avgpool_finegrained2_QP5SPO.pt,56,59,59,3,2,0.24880688000000004
avgpool_finegrained2_WVADVI.pt,56,68,68,3,2,0.28267202
avgpool_finegrained2_3XBZZX.pt,56,77,77,3,2,0.41986380000000006
avgpool_finegrained2_B9FO9K.pt,56,62,62,3,2,0.2593243
avgpool_finegrained2_4KERZD.pt,56,64,64,3,2,0.2635827200000001
avgpool_finegrained2_C9VO0D.pt,56,38,38,3,2,0.19072999999999996
avgpool_finegrained2_VSHT8E.pt,56,56,56,3,2,0.27754042
avgpool_finegrained2_94F960.pt,56,53,53,3,2,0.2564706799999999
avgpool_finegrained2_7KABGF.pt,56,78,78,3,2,0.35986002
avgpool_finegrained2_T8SMOY.pt,56,55,55,3,2,0.25166542000000003
avgpool_finegrained2_Y20I81.pt,56,39,39,3,2,0.18854569999999995
avgpool_finegrained2_YFWQ23.pt,56,81,81,3,2,0.31375531999999995
avgpool_finegrained2_V0WKPN.pt,56,51,51,3,2,0.27503552
avgpool_finegrained2_4ZQPGC.pt,56,46,46,3,2,0.21091862
avgpool_finegrained2_CSYQHM.pt,56,54,54,3,2,0.23543825999999995
avgpool_finegrained2_FICWM4.pt,56,48,48,3,2,0.21518073999999998
avgpool_finegrained2_IXTLKO.pt,56,73,73,3,2,0.29211925999999994
avgpool_finegrained2_J9011V.pt,56,85,85,3,2,0.35073726
avgpool_finegrained2_QXARM3.pt,56,82,82,3,2,0.35129130000000003
avgpool_finegrained2_OJX407.pt,112,253,253,2,2,1.4492011799999998
avgpool_finegrained2_6KXKK7.pt,112,297,297,2,2,1.4896602999999993
avgpool_finegrained2_HA82SY.pt,112,204,204,2,2,1.27524002
avgpool_finegrained2_MSH4SJ.pt,112,360,360,2,2,1.35641388
avgpool_finegrained2_HUO3U3.pt,112,377,377,2,2,1.3323944799999996
avgpool_finegrained2_WPY5TJ.pt,112,195,195,2,2,1.3427844999999996
avgpool_finegrained2_1GP0BC.pt,112,222,222,2,2,1.3656837800000003
avgpool_finegrained2_YR0364.pt,112,268,268,2,2,1.20532368
avgpool_finegrained2_FB6C8M.pt,112,176,176,2,2,1.09113284
avgpool_finegrained2_03C8TT.pt,112,236,236,2,2,1.28194378
avgpool_finegrained2_9CW3GD.pt,112,325,325,2,2,1.3879971599999998
avgpool_finegrained2_X23V77.pt,112,331,331,2,2,1.5303616999999996
avgpool_finegrained2_VPLJOJ.pt,112,189,189,2,2,1.2902590800000002
avgpool_finegrained2_9HJZAI.pt,112,287,287,2,2,1.4125369
avgpool_finegrained2_6KHAKO.pt,112,401,401,2,2,1.50424696
avgpool_finegrained2_EBJWXK.pt,112,308,308,2,2,1.4802966000000004
avgpool_finegrained2_P3LH8J.pt,112,381,381,2,2,1.3840576200000003
avgpool_finegrained2_OBRFD9.pt,112,338,338,2,2,1.3243307400000006
avgpool_finegrained2_WJDSRT.pt,112,244,244,2,2,1.3925419599999997
avgpool_finegrained2_6RPLJU.pt,112,374,374,2,2,1.51455522
avgpool_finegrained2_2M4MOW.pt,56,598,598,3,2,1.3326294800000003
avgpool_finegrained2_4KMZIJ.pt,56,486,486,3,2,1.2073206400000003
avgpool_finegrained2_A6I3ZK.pt,56,668,668,3,2,1.2733778199999994
avgpool_finegrained2_STNX4U.pt,56,884,884,3,2,1.38617072
avgpool_finegrained2_20KE1J.pt,56,478,478,3,2,1.2760879999999997
avgpool_finegrained2_N710CC.pt,56,718,718,3,2,1.2460237799999998
avgpool_finegrained2_10KVC5.pt,56,805,805,3,2,1.3648197799999997
avgpool_finegrained2_J85VYE.pt,56,508,508,3,2,1.3451545999999999
avgpool_finegrained2_A8UXFC.pt,56,734,734,3,2,1.3067619800000003
avgpool_finegrained2_W5B5UG.pt,56,502,502,3,2,1.31823604
avgpool_finegrained2_EXONNY.pt,56,879,879,3,2,0.7997566600000002
avgpool_finegrained2_HOWTJ9.pt,56,626,626,3,2,1.3488029799999999
avgpool_finegrained2_V6VT10.pt,56,442,442,3,2,1.3528779599999998
avgpool_finegrained2_WF9ZH0.pt,56,545,545,3,2,1.3316324999999998
avgpool_finegrained2_BSRCAA.pt,56,796,796,3,2,1.57355488
avgpool_finegrained2_TJGI9Y.pt,56,526,526,3,2,1.4433292199999996
avgpool_finegrained2_LWX23U.pt,56,597,597,3,2,1.38218218
avgpool_finegrained2_08PKII.pt,56,899,899,3,2,1.5356815000000004
avgpool_finegrained2_OQZJJQ.pt,56,419,419,3,2,1.17723846
avgpool_finegrained2_UM8J4W.pt,56,696,696,3,2,1.3212347199999996
avgpool_finegrained2_WZFOTV.pt,56,376,376,3,2,1.0115622600000003
avgpool_finegrained2_BW4854.pt,56,634,634,3,2,1.4080046400000001
avgpool_finegrained2_3U7YL9.pt,56,423,423,3,2,1.3025685000000005
avgpool_finegrained2_HCUQOK.pt,56,466,466,3,2,1.19667088
avgpool_finegrained2_COQ7E4.pt,56,472,472,3,2,1.33148932
avgpool_finegrained2_YVHDVY.pt,56,310,310,3,2,1.0408751399999998
avgpool_finegrained2_5UIDZX.pt,56,626,626,3,2,1.40121494
avgpool_finegrained2_0KE7OB.pt,56,311,311,3,2,0.9529099199999997
avgpool_finegrained2_QMHCZA.pt,56,416,416,3,2,1.4303471400000003
avgpool_finegrained2_11EO0Y.pt,56,380,380,3,2,1.2219543600000002
avgpool_finegrained2_HCBB4I.pt,56,438,438,3,2,1.2989055799999993
avgpool_finegrained2_89SH7C.pt,56,667,667,3,2,1.40647826
avgpool_finegrained2_88ZDZN.pt,56,399,399,3,2,1.29912312
avgpool_finegrained2_NSNZXP.pt,56,373,373,3,2,1.1969298400000001
avgpool_finegrained2_1RK6T0.pt,56,426,426,3,2,1.1998937399999998
avgpool_finegrained2_EV3MEJ.pt,56,623,623,3,2,1.38084038
avgpool_finegrained2_UQGNL3.pt,56,665,665,3,2,1.2824813599999998
avgpool_finegrained2_73EAVJ.pt,56,378,378,3,2,1.1180567000000001
avgpool_finegrained2_O1IJAK.pt,56,551,551,3,2,1.3294786199999995
avgpool_finegrained2_Z2P6MK.pt,56,372,372,3,2,1.18893526
avgpool_finegrained2_GM24PN.pt,28,195,195,2,1,0.7458185599999999
avgpool_finegrained2_TK0D14.pt,28,144,144,2,1,0.4926893400000001
avgpool_finegrained2_WYKJV7.pt,28,201,201,2,1,0.8615074199999999
avgpool_finegrained2_1JPHGY.pt,28,223,223,2,1,0.7134997200000001
avgpool_finegrained2_8NFEAS.pt,28,218,218,2,1,0.98742734
avgpool_finegrained2_LET5DN.pt,28,104,104,2,1,0.36122951999999997
avgpool_finegrained2_V31O88.pt,28,227,227,2,1,0.73939844
avgpool_finegrained2_Z31QK2.pt,28,192,192,2,1,0.6595189599999999
avgpool_finegrained2_MR1D0G.pt,28,129,129,2,1,0.55491782
avgpool_finegrained2_TJGJ6W.pt,28,95,95,2,1,0.33593712
avgpool_finegrained2_56S2U3.pt,28,161,161,2,1,0.61205976
avgpool_finegrained2_8Y7U9I.pt,28,100,100,2,1,0.40029243999999997
avgpool_finegrained2_XYLLVT.pt,28,126,126,2,1,0.54371274
avgpool_finegrained2_L5ME3A.pt,28,213,213,2,1,0.6802542199999999
avgpool_finegrained2_PIKXBS.pt,28,216,216,2,1,0.90663464
avgpool_finegrained2_J8AQEX.pt,28,125,125,2,1,0.4189485
avgpool_finegrained2_2BUN6O.pt,28,221,221,2,1,0.7684015400000002
avgpool_finegrained2_YKCRH7.pt,28,106,106,2,1,0.40992347999999984
avgpool_finegrained2_96ETTT.pt,28,166,166,2,1,0.63263042
avgpool_finegrained2_XKO638.pt,28,132,132,2,1,0.4933200999999998
avgpool_finegrained2_M0NA8P.pt,14,388,388,3,2,0.051777720000000006
avgpool_finegrained2_MP9B2K.pt,14,238,238,3,2,0.1200986
avgpool_finegrained2_3X19KJ.pt,14,321,321,3,2,0.1543319
avgpool_finegrained2_KKX7RO.pt,14,215,215,3,2,0.08975912000000001
avgpool_finegrained2_PW9GGE.pt,14,403,403,3,2,0.15424094000000005
avgpool_finegrained2_ZIZC8Y.pt,14,190,190,3,2,0.11014710000000004
avgpool_finegrained2_BFDMCS.pt,14,423,423,3,2,0.15282549999999998
avgpool_finegrained2_VUCGD3.pt,14,419,419,3,2,0.15409727999999995
avgpool_finegrained2_5PQAU2.pt,14,237,237,3,2,0.12150513999999997
avgpool_finegrained2_KAT57R.pt,14,221,221,3,2,0.11769411999999999
avgpool_finegrained2_U8DUR5.pt,14,323,323,3,2,0.13746134
avgpool_finegrained2_VYO6XK.pt,14,218,218,3,2,0.12004665999999994
avgpool_finegrained2_6UEHDG.pt,14,340,340,3,2,0.14395973999999997
avgpool_finegrained2_VJ4N12.pt,14,364,364,3,2,0.15416493999999997
avgpool_finegrained2_RQSPKT.pt,14,374,374,3,2,0.15462507999999997
avgpool_finegrained2_YJGKLA.pt,14,252,252,3,2,0.12231189999999997
avgpool_finegrained2_B2U3NG.pt,14,412,412,3,2,0.19833352
avgpool_finegrained2_9XF77P.pt,14,433,433,3,2,0.16285895999999997
avgpool_finegrained2_2HDNI1.pt,14,203,203,3,2,0.10932857999999998
avgpool_finegrained2_Z9OUD6.pt,14,375,375,3,2,0.14252050000000002
avgpool_finegrained2_WNES02.pt,14,506,506,2,2,0.2856148600000001
avgpool_finegrained2_VZ2NBC.pt,14,328,328,2,2,0.13419082
avgpool_finegrained2_DB6H5A.pt,14,509,509,2,2,0.16470506000000001
avgpool_finegrained2_2GXS1B.pt,14,549,549,2,2,0.19463604000000004
avgpool_finegrained2_FJUXY3.pt,14,537,537,2,2,0.17126610000000003
avgpool_finegrained2_S0ATMI.pt,14,273,273,2,2,0.13077326
avgpool_finegrained2_FDA68G.pt,14,526,526,2,2,0.16256408000000003
avgpool_finegrained2_4X7SXC.pt,14,427,427,2,2,0.14592341999999997
avgpool_finegrained2_8EMVSE.pt,14,531,531,2,2,0.17590953999999998
avgpool_finegrained2_N0S1KH.pt,14,454,454,2,2,0.1599229
avgpool_finegrained2_BE9TF0.pt,14,462,462,2,2,0.15426695999999998
avgpool_finegrained2_ZU9D90.pt,14,254,254,2,2,0.11788382000000003
avgpool_finegrained2_PEKERF.pt,14,278,278,2,2,0.12510388000000003
avgpool_finegrained2_U5WTJT.pt,14,357,357,2,2,0.13367866
avgpool_finegrained2_5EL05V.pt,14,239,239,2,2,0.11883811999999999
avgpool_finegrained2_WJLN07.pt,14,463,463,2,2,0.17521746
avgpool_finegrained2_H0G720.pt,14,237,237,2,2,0.11822991999999997
avgpool_finegrained2_1PBJTR.pt,14,497,497,2,2,0.18083599999999997
avgpool_finegrained2_IMYOL2.pt,14,535,535,2,2,0.18226516000000006
avgpool_finegrained2_YWTH5X.pt,14,563,563,2,2,0.17752637999999998
avgpool_finegrained2_V0WTH9.pt,14,344,344,2,2,0.14334122000000002
avgpool_finegrained2_ADT2IT.pt,14,495,495,2,2,0.16124728000000002
avgpool_finegrained2_OBSNZ3.pt,14,285,285,2,2,0.12797232000000003
avgpool_finegrained2_KWTP5R.pt,14,439,439,2,2,0.15883644000000005
avgpool_finegrained2_IFYYPW.pt,14,459,459,2,2,0.18372323999999993
avgpool_finegrained2_46KXD5.pt,14,369,369,2,2,0.14698379999999997
avgpool_finegrained2_R5YVQE.pt,14,348,348,2,2,0.18510906000000002
avgpool_finegrained2_ZNV3CO.pt,14,399,399,2,2,0.21170231999999992
avgpool_finegrained2_2UCP1A.pt,14,521,521,2,2,0.20034097999999997
avgpool_finegrained2_UWA06J.pt,14,345,345,2,2,0.13439159999999994
avgpool_finegrained2_3G3S5F.pt,14,532,532,2,2,0.05121616
avgpool_finegrained2_ICLTCG.pt,14,598,598,2,2,0.19859837999999996
avgpool_finegrained2_ZUNOVM.pt,14,540,540,2,2,0.17471381999999994
avgpool_finegrained2_9NZNKC.pt,14,539,539,2,2,0.18037632000000006
avgpool_finegrained2_XSCIRK.pt,14,577,577,2,2,0.1766571
avgpool_finegrained2_M1GKNT.pt,14,419,419,2,2,0.19086597999999996
avgpool_finegrained2_3D1SCX.pt,14,513,513,2,2,0.16270178000000005
avgpool_finegrained2_407X9V.pt,14,440,440,2,2,0.15217332
avgpool_finegrained2_3YR36G.pt,14,288,288,2,2,0.12573041999999998
avgpool_finegrained2_8CKPNJ.pt,14,570,570,2,2,0.17484891999999996
avgpool_finegrained2_4B9Z3P.pt,14,471,471,3,2,0.16869140000000002
avgpool_finegrained2_FWTERD.pt,14,594,594,3,2,0.18924988000000006
avgpool_finegrained2_ADXXXM.pt,14,570,570,3,2,0.19430607999999996
avgpool_finegrained2_CC9J0U.pt,14,639,639,3,2,0.22091226
avgpool_finegrained2_DQ1HFA.pt,14,407,407,3,2,0.15160955999999998
avgpool_finegrained2_6N7CQE.pt,14,592,592,3,2,0.21402914000000003
avgpool_finegrained2_L4J9IS.pt,14,300,300,3,2,0.13680138
avgpool_finegrained2_ZUODJT.pt,14,338,338,3,2,0.15557971999999995
avgpool_finegrained2_GR7ZFE.pt,14,396,396,3,2,0.17089764
avgpool_finegrained2_L97ZY9.pt,14,447,447,3,2,0.18383082000000006
avgpool_finegrained2_86Q6NQ.pt,14,652,652,3,2,0.20407395999999994
avgpool_finegrained2_XL9D20.pt,14,630,630,3,2,0.19969828
avgpool_finegrained2_ZGEPAP.pt,14,568,568,3,2,0.21414884000000003
avgpool_finegrained2_LGFF99.pt,14,632,632,3,2,0.24624175999999992
avgpool_finegrained2_G2FK53.pt,14,484,484,3,2,0.23475884000000008
avgpool_finegrained2_HJUGKE.pt,14,645,645,3,2,0.27736284
avgpool_finegrained2_4O7XHB.pt,14,415,415,3,2,0.14760241999999998
avgpool_finegrained2_K7BOOS.pt,14,507,507,3,2,0.18737342
avgpool_finegrained2_CHFHN3.pt,14,529,529,3,2,0.27264930000000004
avgpool_finegrained2_2SSUGJ.pt,14,631,631,3,2,0.2303716
avgpool_finegrained2_QRU23W.pt,14,170,170,3,2,0.14052636
avgpool_finegrained2_GYCVP3.pt,14,120,120,3,2,0.09037833999999999
avgpool_finegrained2_W1YUQO.pt,14,208,208,3,2,0.11094236
avgpool_finegrained2_E839C1.pt,14,221,221,3,2,0.11223205999999995
avgpool_finegrained2_CJVAU7.pt,14,182,182,3,2,0.1069649
avgpool_finegrained2_6HL52A.pt,14,223,223,3,2,0.11499303999999999
avgpool_finegrained2_HSKDZG.pt,14,128,128,3,2,0.09812680000000001
avgpool_finegrained2_KG9IJS.pt,14,166,166,3,2,0.10519308000000001
avgpool_finegrained2_1XIAKC.pt,14,190,190,3,2,0.11273096
avgpool_finegrained2_6A8Z9J.pt,14,198,198,3,2,0.12775940000000005
avgpool_finegrained2_4V1KZI.pt,14,131,131,3,2,0.10304529999999998
avgpool_finegrained2_RUOBII.pt,14,173,173,3,2,0.11023748000000001
avgpool_finegrained2_H4UT6J.pt,14,154,154,3,2,0.10038765999999999
avgpool_finegrained2_DJ9B64.pt,14,111,111,3,2,0.10964084
avgpool_finegrained2_WG9B8M.pt,14,199,199,3,2,0.10984689999999997
avgpool_finegrained2_4YICQY.pt,14,209,209,3,2,0.1126867
avgpool_finegrained2_6PEF0I.pt,14,109,109,3,2,0.08354116000000002
avgpool_finegrained2_IH8B7Y.pt,14,145,145,3,2,0.09529164
avgpool_finegrained2_WZ1PMI.pt,14,215,215,3,2,0.11552876
avgpool_finegrained2_0Z2IT6.pt,14,181,181,3,2,0.14141693999999996
avgpool_finegrained2_DGMIG3.pt,28,481,481,3,2,0.14544898
avgpool_finegrained2_XNZB7Z.pt,28,577,577,3,2,0.5090542799999999
avgpool_finegrained2_HJPAVV.pt,28,421,421,3,2,0.40553205999999986
avgpool_finegrained2_PL8SHQ.pt,28,580,580,3,2,0.51102452
avgpool_finegrained2_5CZM0K.pt,28,420,420,3,2,0.4252024400000001
avgpool_finegrained2_FC6QOU.pt,28,271,271,3,2,0.34222304000000003
avgpool_finegrained2_G44NLE.pt,28,338,338,3,2,0.33282026000000003
avgpool_finegrained2_8A2GIW.pt,28,288,288,3,2,0.2952493200000001
avgpool_finegrained2_Y5INAU.pt,28,426,426,3,2,0.44297014000000007
avgpool_finegrained2_6BVW40.pt,28,437,437,3,2,0.40199194000000005
avgpool_finegrained2_HGB5P0.pt,28,354,354,3,2,0.3457827600000001
avgpool_finegrained2_P6SYUH.pt,28,280,280,3,2,0.37387942
avgpool_finegrained2_I4YXDB.pt,28,360,360,3,2,0.38811437999999987
avgpool_finegrained2_7YZMMV.pt,28,527,527,3,2,0.48383304000000005
avgpool_finegrained2_GDC82P.pt,28,548,548,3,2,0.6166772000000001
avgpool_finegrained2_ZMDHMU.pt,28,506,506,3,2,0.5104923600000001
avgpool_finegrained2_M0VYW7.pt,28,396,396,3,2,0.4171419599999999
avgpool_finegrained2_UGHWHG.pt,28,381,381,3,2,0.40710645999999995
avgpool_finegrained2_L9CB17.pt,28,538,538,3,2,0.50470552
avgpool_finegrained2_4V9BUF.pt,28,525,525,3,2,0.5437761200000001
avgpool_finegrained2_X3YRYH.pt,112,83,83,2,2,1.0312761799999997
avgpool_finegrained2_TS79X6.pt,112,142,142,2,2,1.2195607400000001
avgpool_finegrained2_QBMBRG.pt,112,112,112,2,2,0.9745346399999998
avgpool_finegrained2_3EZCS4.pt,112,156,156,2,2,1.1236684600000002
avgpool_finegrained2_ZDDTZH.pt,112,166,166,2,2,1.1759218400000002
avgpool_finegrained2_2SQXMP.pt,112,167,167,2,2,1.20716576
avgpool_finegrained2_VOUSCQ.pt,112,170,170,2,2,1.28656316
avgpool_finegrained2_ZLHA40.pt,112,114,114,2,2,1.1180308400000003
avgpool_finegrained2_S5VQXL.pt,112,100,100,2,2,1.1523402200000001
avgpool_finegrained2_C06QXO.pt,112,96,96,2,2,1.0555793400000004
avgpool_finegrained2_VCHQUF.pt,112,164,164,2,2,1.2768576800000002
avgpool_finegrained2_D5ICRQ.pt,112,99,99,2,2,0.9993522999999999
avgpool_finegrained2_QOPL4J.pt,112,130,130,2,2,1.2816048599999998
avgpool_finegrained2_WVF7QH.pt,112,158,158,2,2,1.1799534000000003
avgpool_finegrained2_51JDYV.pt,112,120,120,2,2,1.16931324
avgpool_finegrained2_B8ACD3.pt,112,121,121,2,2,1.1418254400000003
avgpool_finegrained2_0YEL4Y.pt,112,102,102,2,2,1.13736924
avgpool_finegrained2_1EQR4E.pt,112,150,150,2,2,0.8492689200000001
avgpool_finegrained2_C9LIW0.pt,112,78,78,2,2,1.0851924000000002
avgpool_finegrained2_ZNOA59.pt,112,81,81,2,2,0.9535432200000001
avgpool_finegrained2_J8AS9B.pt,28,180,180,3,2,0.26843404
avgpool_finegrained2_TLIQWW.pt,28,148,148,3,2,0.19013534000000004
avgpool_finegrained2_QV5R39.pt,28,90,90,3,2,0.14104890000000003
avgpool_finegrained2_SLDWJ4.pt,28,163,163,3,2,0.19838211999999994
avgpool_finegrained2_4EGVV5.pt,28,139,139,3,2,0.17859480000000003
avgpool_finegrained2_S13FVW.pt,28,110,110,3,2,0.16208481999999996
avgpool_finegrained2_5Q3SLB.pt,28,157,157,3,2,0.21894534
avgpool_finegrained2_X8FI0V.pt,28,96,96,3,2,0.19455276
avgpool_finegrained2_8K9QW7.pt,28,79,79,3,2,0.13851828
avgpool_finegrained2_G9CW5M.pt,28,108,108,3,2,0.15841109999999997
avgpool_finegrained2_DGFJXH.pt,28,107,107,3,2,0.05457287999999999
avgpool_finegrained2_IYRM12.pt,28,189,189,3,2,0.2526168399999999
avgpool_finegrained2_VG923M.pt,28,80,80,3,2,0.14150195999999998
avgpool_finegrained2_1YXHX0.pt,28,85,85,3,2,0.13739032000000004
avgpool_finegrained2_YLCOHH.pt,28,132,132,3,2,0.28114318
avgpool_finegrained2_D01Z3K.pt,28,171,171,3,2,0.2622401
avgpool_finegrained2_6YYQN8.pt,28,88,88,3,2,0.13912658
avgpool_finegrained2_TXORN3.pt,28,102,102,3,2,0.15353327999999994
avgpool_finegrained2_3YKX80.pt,28,120,120,3,2,0.17389282
avgpool_finegrained2_I9IEQC.pt,28,143,143,3,2,0.18686946
avgpool_finegrained2_BKRWYT.pt,112,83,83,2,2,1.0665620599999999
avgpool_finegrained2_4BXJCB.pt,112,70,70,2,2,0.8488273000000001
avgpool_finegrained2_A0TUSB.pt,112,79,79,2,2,0.97748876
avgpool_finegrained2_ZEC07Y.pt,112,74,74,2,2,0.9095653200000001
avgpool_finegrained2_ODBR02.pt,112,50,50,2,2,0.62301064
avgpool_finegrained2_SXMRYT.pt,112,75,75,2,2,0.86971536
avgpool_finegrained2_14CFDQ.pt,112,62,62,2,2,0.9336143599999999
avgpool_finegrained2_CPLDIU.pt,112,42,42,2,2,0.60423242
avgpool_finegrained2_PMJ1QW.pt,112,73,73,2,2,0.9567121199999998
avgpool_finegrained2_TIOZZB.pt,112,66,66,2,2,1.0446552
avgpool_finegrained2_0ARLU8.pt,112,44,44,2,2,0.7354909599999999
avgpool_finegrained2_FMIWIN.pt,112,69,69,2,2,0.95999114
avgpool_finegrained2_JI29C0.pt,112,57,57,2,2,0.7247941400000001
avgpool_finegrained2_ICK543.pt,112,64,64,2,2,0.7471632999999999
avgpool_finegrained2_HT3BTR.pt,112,41,41,2,2,0.53707682
avgpool_finegrained2_MWJVTW.pt,112,48,48,2,2,0.8393540399999998
avgpool_finegrained2_9ADE0S.pt,112,84,84,2,2,1.11477886
avgpool_finegrained2_GQCFG4.pt,112,38,38,2,2,0.46824048000000007
avgpool_finegrained2_9SG8PK.pt,112,47,47,2,2,0.5875600600000002
avgpool_finegrained2_VJA88X.pt,112,86,86,2,2,0.9880669400000001
avgpool_finegrained2_510C7P.pt,112,18,18,2,2,0.31937178
avgpool_finegrained2_GLYUDU.pt,112,19,19,2,2,0.2891936599999999
avgpool_finegrained2_BQEVSU.pt,112,25,25,2,2,0.41825290000000004
avgpool_finegrained2_BYCAXW.pt,112,22,22,2,2,0.31511523999999996
avgpool_finegrained2_AIX288.pt,112,32,32,2,2,0.5346626599999997
avgpool_finegrained2_CST70T.pt,112,23,23,2,2,0.43391293999999986
avgpool_finegrained2_O2VM66.pt,112,14,14,2,2,0.36021374000000006
avgpool_finegrained2_D9AHJ5.pt,112,27,27,2,2,0.3562080000000001
avgpool_finegrained2_2NF42B.pt,112,17,17,2,2,0.25202256
avgpool_finegrained2_IP9NZZ.pt,112,29,29,2,2,0.40716926000000003
avgpool_finegrained2_GBRI3E.pt,112,31,31,2,2,0.39606132000000005
avgpool_finegrained2_917VQN.pt,112,21,21,2,2,0.33997194000000003
avgpool_finegrained2_KLHVW6.pt,112,26,26,2,2,0.34521601999999996
avgpool_finegrained2_K8T5F0.pt,112,33,33,2,2,0.42387534000000004
avgpool_finegrained2_B43MWJ.pt,112,28,28,2,2,0.3696573399999999
avgpool_finegrained2_MK7VG9.pt,112,20,20,2,2,0.2821155800000001
avgpool_finegrained2_PTN7O2.pt,112,30,30,2,2,0.3867220400000001
avgpool_finegrained2_Q89WOD.pt,112,16,16,2,2,0.3110194799999999
avgpool_finegrained2_OM5W1T.pt,112,24,24,2,2,0.34482162000000005
avgpool_finegrained2_CSOX0B.pt,112,15,15,2,2,0.25724996000000006
avgpool_finegrained2_KFURM4.pt,14,238,238,2,2,0.022613160000000004
avgpool_finegrained2_4IFXWN.pt,14,239,239,2,2,0.11399209999999999
avgpool_finegrained2_M8T4ET.pt,14,117,117,2,2,0.0942484
avgpool_finegrained2_0CAKDW.pt,14,202,202,2,2,0.10819722000000002
avgpool_finegrained2_W4KDID.pt,14,165,165,2,2,0.10905055999999996
avgpool_finegrained2_N2EXIJ.pt,14,118,118,2,2,0.09446070000000004
avgpool_finegrained2_OCHC8W.pt,14,214,214,2,2,0.10191198
avgpool_finegrained2_V4ZG8K.pt,14,190,190,2,2,0.10638370000000003
avgpool_finegrained2_4OIBNI.pt,14,207,207,2,2,0.11093044
avgpool_finegrained2_YA61N6.pt,14,150,150,2,2,0.09941832000000002
avgpool_finegrained2_A43DRS.pt,14,215,215,2,2,0.11006836
avgpool_finegrained2_HW7DJF.pt,14,217,217,2,2,0.11372232
avgpool_finegrained2_SMKH8O.pt,14,212,212,2,2,0.10905530000000001
avgpool_finegrained2_BURONB.pt,14,222,222,2,2,0.12260804
avgpool_finegrained2_HBGDFE.pt,14,198,198,2,2,0.10701824
avgpool_finegrained2_WPBL91.pt,14,220,220,2,2,0.1104996
avgpool_finegrained2_EQXIOV.pt,14,241,241,2,2,0.11597684000000001
avgpool_finegrained2_ENO232.pt,14,203,203,2,2,0.10838488000000002
avgpool_finegrained2_Q9SPY2.pt,14,145,145,2,2,0.09994791999999998
avgpool_finegrained2_DJT41V.pt,14,167,167,2,2,0.10728421999999999
avgpool_finegrained2_6YM6V1.pt,56,330,330,3,2,1.0504701200000002
avgpool_finegrained2_W52QB2.pt,56,210,210,3,2,1.0822404600000002
avgpool_finegrained2_QSZMEC.pt,56,162,162,3,2,0.6304865200000002
avgpool_finegrained2_M35J5O.pt,56,291,291,3,2,0.90258462
avgpool_finegrained2_XFJVYC.pt,56,266,266,3,2,0.8768500800000002
avgpool_finegrained2_AQOVUT.pt,56,155,155,3,2,0.7746964199999999
avgpool_finegrained2_8X3LWH.pt,56,168,168,3,2,0.7220018800000002
avgpool_finegrained2_CZARJ9.pt,56,141,141,3,2,0.64697222
avgpool_finegrained2_PU5N87.pt,56,328,328,3,2,1.0586251800000002
avgpool_finegrained2_JMCACR.pt,56,147,147,3,2,0.54840598
avgpool_finegrained2_INR8O0.pt,56,189,189,3,2,0.69563396
avgpool_finegrained2_5WEAAD.pt,56,149,149,3,2,0.5716078
avgpool_finegrained2_KKSNUO.pt,56,265,265,3,2,1.07896366
avgpool_finegrained2_7L3G69.pt,56,222,222,3,2,0.9079899400000002
avgpool_finegrained2_KBVOF1.pt,56,313,313,3,2,1.0910419199999999
avgpool_finegrained2_W8U70Y.pt,56,308,308,3,2,1.1318104399999998
avgpool_finegrained2_ZT0BQ8.pt,56,289,289,3,2,0.9238145400000003
avgpool_finegrained2_0J75BW.pt,56,193,193,3,2,0.81998766
avgpool_finegrained2_FYZ3UI.pt,56,142,142,3,2,0.6112505600000001
avgpool_finegrained2_WSBPOP.pt,56,275,275,3,2,0.8572057199999995
avgpool_finegrained2_6NYPGS.pt,112,33,33,2,2,0.5444045200000001
avgpool_finegrained2_BXCNYR.pt,112,28,28,2,2,0.3631395399999999
avgpool_finegrained2_8OVIHC.pt,112,29,29,2,2,0.50708378
avgpool_finegrained2_TJIZAQ.pt,112,40,40,2,2,0.54310102
avgpool_finegrained2_S776KT.pt,112,57,57,2,2,0.6846048000000002
avgpool_finegrained2_MWG7HO.pt,112,34,34,2,2,0.46405268000000005
avgpool_finegrained2_GT2IB1.pt,112,51,51,2,2,0.7907625599999997
avgpool_finegrained2_3MS9NJ.pt,112,52,52,2,2,0.7641862
avgpool_finegrained2_8Z22VQ.pt,112,27,27,2,2,0.41659655999999984
avgpool_finegrained2_GEDEGG.pt,112,58,58,2,2,0.8315690399999999
avgpool_finegrained2_S10XFI.pt,112,37,37,2,2,0.16831526
avgpool_finegrained2_M8UN6F.pt,112,46,46,2,2,0.58602428
avgpool_finegrained2_UIODBX.pt,112,36,36,2,2,0.47611432000000015
avgpool_finegrained2_6VO4DG.pt,112,44,44,2,2,0.79561932
avgpool_finegrained2_SK1W5F.pt,112,38,38,2,2,0.62682362
avgpool_finegrained2_ENLSZA.pt,112,39,39,2,2,0.5944133200000001
avgpool_finegrained2_HXCKSH.pt,112,47,47,2,2,0.6482093
avgpool_finegrained2_XTDOK5.pt,112,41,41,2,2,0.6499907399999999
avgpool_finegrained2_ZGWIF2.pt,112,42,42,2,2,0.5895853
avgpool_finegrained2_5K4BJW.pt,112,32,32,2,2,0.5143727199999999
avgpool_finegrained2_YS3XPN.pt,56,168,168,2,2,0.6060732200000001
avgpool_finegrained2_NC3QUA.pt,56,235,235,2,2,0.7559155199999998
avgpool_finegrained2_243O38.pt,56,260,260,2,2,0.81342834
avgpool_finegrained2_DD4K20.pt,56,171,171,2,2,0.5458453
avgpool_finegrained2_LQCDSD.pt,56,230,230,2,2,0.6911477600000002
avgpool_finegrained2_ZOEPNF.pt,56,252,252,2,2,1.09926026
avgpool_finegrained2_LPP2FN.pt,56,159,159,2,2,0.73515054
avgpool_finegrained2_VQYAFH.pt,56,248,248,2,2,0.7631888600000001
avgpool_finegrained2_KGNFVT.pt,56,169,169,2,2,0.5351716200000002
avgpool_finegrained2_6KI9BF.pt,56,211,211,2,2,0.6434781599999999
avgpool_finegrained2_RPBCXG.pt,56,180,180,2,2,0.5611702399999999
avgpool_finegrained2_QO9S9S.pt,56,141,141,2,2,0.47192414000000005
avgpool_finegrained2_H82KK1.pt,56,259,259,2,2,0.8242788200000001
avgpool_finegrained2_XA17A3.pt,56,140,140,2,2,0.4927996000000001
avgpool_finegrained2_Q4L8DX.pt,56,120,120,2,2,0.4207840400000001
avgpool_finegrained2_2O4BLT.pt,56,254,254,2,2,0.76390498
avgpool_finegrained2_Y2P8ZB.pt,56,191,191,2,2,0.5926537200000002
avgpool_finegrained2_GG0ABN.pt,56,158,158,2,2,0.5206587999999998
avgpool_finegrained2_4OVEQF.pt,56,240,240,2,2,0.72326172
avgpool_finegrained2_6BMX89.pt,56,219,219,2,2,0.7238878399999998
avgpool_finegrained2_FJZPZR.pt,14,534,534,3,2,0.18104055999999996
avgpool_finegrained2_3Y7B6M.pt,14,1089,1089,3,2,0.29352698000000005
avgpool_finegrained2_7ALEVE.pt,14,1082,1082,3,2,0.28190344000000006
avgpool_finegrained2_UI1NY2.pt,14,663,663,3,2,0.20493994000000001
avgpool_finegrained2_XU3VTO.pt,14,983,983,3,2,0.26407458
avgpool_finegrained2_BW0XKP.pt,14,963,963,3,2,0.26635749999999997
avgpool_finegrained2_O1II5N.pt,14,1012,1012,3,2,0.26743167999999995
avgpool_finegrained2_HQ8WRD.pt,14,832,832,3,2,0.23519938000000004
avgpool_finegrained2_XGJE7J.pt,14,969,969,3,2,0.26463608
avgpool_finegrained2_GZC8KL.pt,14,1213,1213,3,2,0.3136179800000001
avgpool_finegrained2_E8CKUS.pt,14,728,728,3,2,0.21718083999999993
avgpool_finegrained2_5XE6ER.pt,14,918,918,3,2,0.38349462
avgpool_finegrained2_Q8FRSW.pt,14,1033,1033,3,2,0.3006075800000001
avgpool_finegrained2_ZPIFZU.pt,14,1167,1167,3,2,0.30078095999999993
avgpool_finegrained2_YR0XCK.pt,14,693,693,3,2,0.21896480000000004
avgpool_finegrained2_OTIYII.pt,14,873,873,3,2,0.28224760000000004
avgpool_finegrained2_WT74AW.pt,14,1156,1156,3,2,0.36466730000000014
avgpool_finegrained2_Z4BMMN.pt,14,742,742,3,2,0.2569365599999999
avgpool_finegrained2_6T4VTD.pt,14,818,818,3,2,0.23174228000000002
avgpool_finegrained2_S9ROMD.pt,14,917,917,3,2,0.2652521400000001
avgpool_finegrained2_S26QO1.pt,14,239,239,2,2,0.02505076
avgpool_finegrained2_00G963.pt,14,165,165,2,2,0.10559932000000004
avgpool_finegrained2_RNRG54.pt,14,253,253,2,2,0.12131129999999998
avgpool_finegrained2_RB6RGN.pt,14,167,167,2,2,0.10574393999999997
avgpool_finegrained2_2ZHJGB.pt,14,270,270,2,2,0.12354000000000001
avgpool_finegrained2_WGB1TO.pt,14,153,153,2,2,0.10430234000000002
avgpool_finegrained2_3ID20J.pt,14,213,213,2,2,0.15012858000000007
avgpool_finegrained2_QOG9TK.pt,14,280,280,2,2,0.12680334
avgpool_finegrained2_RIVL84.pt,14,235,235,2,2,0.10617252
avgpool_finegrained2_1GI32M.pt,14,219,219,2,2,0.12464013999999995
avgpool_finegrained2_6MWJ6Q.pt,14,266,266,2,2,0.12919844000000003
avgpool_finegrained2_GU3WP7.pt,14,189,189,2,2,0.11091648000000003
avgpool_finegrained2_645UHZ.pt,14,157,157,2,2,0.09652968000000005
avgpool_finegrained2_QQ1UU4.pt,14,210,210,2,2,0.14416782
avgpool_finegrained2_H13O7F.pt,14,275,275,2,2,0.11965900000000002
avgpool_finegrained2_K69RI8.pt,14,172,172,2,2,0.10390948
avgpool_finegrained2_TEMAQM.pt,14,283,283,2,2,0.12129583999999997
avgpool_finegrained2_7LH6IO.pt,14,214,214,2,2,0.1134318
avgpool_finegrained2_VS1JIJ.pt,14,175,175,2,2,0.14253912000000002
avgpool_finegrained2_NT6XKU.pt,14,135,135,2,2,0.09826887999999999
avgpool_finegrained2_E6LVYV.pt,28,171,171,2,1,0.7281601799999998
avgpool_finegrained2_BMCL20.pt,28,177,177,2,1,0.57473764
avgpool_finegrained2_WRHOTB.pt,28,174,174,2,1,0.5913787599999999
avgpool_finegrained2_DZBWCJ.pt,28,173,173,2,1,0.5651350199999999
avgpool_finegrained2_VE8YKP.pt,28,196,196,2,1,0.67005972
avgpool_finegrained2_QWM94M.pt,28,188,188,2,1,0.7471178399999999
avgpool_finegrained2_GGX4ZS.pt,28,128,128,2,1,0.49679868
avgpool_finegrained2_ZNR7MU.pt,28,127,127,2,1,0.5010863400000001
avgpool_finegrained2_GYNSKC.pt,28,140,140,2,1,0.5108663399999999
avgpool_finegrained2_2OP6NX.pt,28,146,146,2,1,0.5827157
avgpool_finegrained2_SXSQW7.pt,28,92,92,2,1,0.5142998
avgpool_finegrained2_JTRLOQ.pt,28,98,98,2,1,0.44494193999999987
avgpool_finegrained2_U4E51H.pt,28,139,139,2,1,0.45539442
avgpool_finegrained2_C9VBGA.pt,28,193,193,2,1,0.9726344600000003
avgpool_finegrained2_TOFDE3.pt,28,130,130,2,1,0.5641919799999999
avgpool_finegrained2_0GI5DT.pt,28,184,184,2,1,0.7848472200000001
avgpool_finegrained2_8ZDNVC.pt,28,107,107,2,1,0.37558242
avgpool_finegrained2_X9U5V6.pt,28,154,154,2,1,0.6957389599999999
avgpool_finegrained2_KBXTNH.pt,28,160,160,2,1,0.5994629
avgpool_finegrained2_QAX8L3.pt,28,123,123,2,1,0.52242934
avgpool_finegrained2_ISC7K5.pt,112,103,103,2,2,0.91873112
avgpool_finegrained2_UXRJM3.pt,112,124,124,2,2,1.2998399799999998
avgpool_finegrained2_LD61BA.pt,112,138,138,2,2,1.2621573200000005
avgpool_finegrained2_86MEUM.pt,112,146,146,2,2,1.3029328
avgpool_finegrained2_SGGJDI.pt,112,111,111,2,2,1.1227926400000001
avgpool_finegrained2_R8JPYA.pt,112,101,101,2,2,0.9851407399999996
avgpool_finegrained2_3J1702.pt,112,89,89,2,2,0.9363699000000001
avgpool_finegrained2_G3T9G7.pt,112,128,128,2,2,1.21526464
avgpool_finegrained2_B2SHT3.pt,112,117,117,2,2,1.0704311200000003
avgpool_finegrained2_IBYCLU.pt,112,119,119,2,2,1.0975785200000001
avgpool_finegrained2_YMII4E.pt,112,130,130,2,2,0.63886864
avgpool_finegrained2_B2FZUW.pt,112,113,113,2,2,1.0821756000000002
avgpool_finegrained2_O0N3YD.pt,112,140,140,2,2,1.17498126
avgpool_finegrained2_HEVI0B.pt,112,106,106,2,2,1.0637016599999993
avgpool_finegrained2_C0H5IB.pt,112,147,147,2,2,1.0549174399999999
avgpool_finegrained2_8FEFYA.pt,112,118,118,2,2,1.06802698
avgpool_finegrained2_KLO73A.pt,112,133,133,2,2,1.16916508
avgpool_finegrained2_QH37MX.pt,112,100,100,2,2,0.9746922000000001
avgpool_finegrained2_MSMOSU.pt,112,135,135,2,2,1.2069096799999999
avgpool_finegrained2_OGMXEW.pt,112,71,71,2,2,0.8251955
avgpool_finegrained2_Z9I82K.pt,14,426,426,2,2,0.14953822
avgpool_finegrained2_YA8Q5L.pt,14,302,302,2,2,0.12537547999999998
avgpool_finegrained2_A35JCO.pt,14,267,267,2,2,0.12029328000000004
avgpool_finegrained2_Z5N1KA.pt,14,336,336,2,2,0.13073172
avgpool_finegrained2_PBUDL2.pt,14,334,334,2,2,0.13125949999999997
avgpool_finegrained2_4BU6CZ.pt,14,281,281,2,2,0.11950279999999999
avgpool_finegrained2_NIE1HE.pt,14,588,588,2,2,0.19527668
avgpool_finegrained2_JKG5RM.pt,14,307,307,2,2,0.13092528
avgpool_finegrained2_ONPQHH.pt,14,480,480,2,2,0.19777562000000007
avgpool_finegrained2_LXX8QJ.pt,14,498,498,2,2,0.1931417799999999
avgpool_finegrained2_9QY3X5.pt,14,526,526,2,2,0.20249498
avgpool_finegrained2_D9G606.pt,14,497,497,2,2,0.15709627999999998
avgpool_finegrained2_LHRVJT.pt,14,439,439,2,2,0.14844646000000006
avgpool_finegrained2_07BAOU.pt,14,459,459,2,2,0.15118117999999997
avgpool_finegrained2_EX05EH.pt,14,546,546,2,2,0.16655296
avgpool_finegrained2_IZLAD6.pt,14,361,361,2,2,0.13355318
avgpool_finegrained2_VTVVOO.pt,14,461,461,2,2,0.15310748000000002
avgpool_finegrained2_ICXZG6.pt,14,411,411,2,2,0.16133942
avgpool_finegrained2_Z5JQUD.pt,14,482,482,2,2,0.15473508000000002
avgpool_finegrained2_7BJGZJ.pt,14,540,540,2,2,0.16924411999999997
avgpool_finegrained2_BMZDU4.pt,28,164,164,2,2,0.18681700000000004
avgpool_finegrained2_0SMB3O.pt,28,216,216,2,2,0.22040746000000003
avgpool_finegrained2_8OG03L.pt,28,228,228,2,2,0.25298241999999993
avgpool_finegrained2_QS2UY5.pt,28,255,255,2,2,0.26613484000000004
avgpool_finegrained2_06H737.pt,28,286,286,2,2,0.39685232
avgpool_finegrained2_VJT7M6.pt,28,205,205,2,2,0.2146180999999999
avgpool_finegrained2_YSWCZN.pt,28,281,281,2,2,0.2931535
avgpool_finegrained2_2A4N0K.pt,28,172,172,2,2,0.24748488000000002
avgpool_finegrained2_52RZEJ.pt,28,225,225,2,2,0.23103564000000001
avgpool_finegrained2_ALDXJ1.pt,28,163,163,2,2,0.18984063999999998
avgpool_finegrained2_LWGZ8E.pt,28,252,252,2,2,0.35512006
avgpool_finegrained2_H2BBAQ.pt,28,196,196,2,2,0.21505024000000006
avgpool_finegrained2_SNV1HF.pt,28,247,247,2,2,0.24225159999999998
avgpool_finegrained2_GOSONW.pt,28,135,135,2,2,0.17116252000000004
avgpool_finegrained2_54ANU3.pt,28,241,241,2,2,0.25744426
avgpool_finegrained2_TMBAKG.pt,28,175,175,2,2,0.20617762000000006
avgpool_finegrained2_XR43CD.pt,28,191,191,2,2,0.21381857999999998
avgpool_finegrained2_11UCZV.pt,28,231,231,2,2,0.31156804
avgpool_finegrained2_UFRPQK.pt,28,193,193,2,2,0.22050654000000003
avgpool_finegrained2_11C8J1.pt,28,121,121,2,2,0.21700860000000002
avgpool_finegrained2_W4M2E7.pt,14,198,198,2,2,0.026008240000000002
avgpool_finegrained2_9SIYRP.pt,14,299,299,2,2,0.12881796
avgpool_finegrained2_N2X4IN.pt,14,325,325,2,2,0.18174977999999997
avgpool_finegrained2_8X4D29.pt,14,227,227,2,2,0.14342013999999997
avgpool_finegrained2_OVBBPE.pt,14,460,460,2,2,0.14921469999999995
avgpool_finegrained2_0IFZOM.pt,14,316,316,2,2,0.12722151999999998
avgpool_finegrained2_EEM44W.pt,14,308,308,2,2,0.1268146
avgpool_finegrained2_NWA0WD.pt,14,207,207,2,2,0.11359984000000005
avgpool_finegrained2_LZHQWG.pt,14,343,343,2,2,0.1412717
avgpool_finegrained2_KAYM81.pt,14,342,342,2,2,0.15472096000000002
avgpool_finegrained2_B09B1F.pt,14,422,422,2,2,0.14700648000000002
avgpool_finegrained2_SNPYT7.pt,14,214,214,2,2,0.111657
avgpool_finegrained2_S0MKHN.pt,14,307,307,2,2,0.12825009999999995
avgpool_finegrained2_BQCMS0.pt,14,258,258,2,2,0.11810953999999999
avgpool_finegrained2_DSXKU2.pt,14,452,452,2,2,0.21326604000000005
avgpool_finegrained2_AB5PK2.pt,14,391,391,2,2,0.1364127
avgpool_finegrained2_SU8AWU.pt,14,273,273,2,2,0.11956972000000002
avgpool_finegrained2_WMMIFH.pt,14,464,464,2,2,0.14767006
avgpool_finegrained2_EOBL7L.pt,14,216,216,2,2,0.10928648
avgpool_finegrained2_ZEG9B6.pt,14,392,392,2,2,0.19887371999999995
avgpool_finegrained2_FZ3V5Z.pt,28,183,183,2,2,0.26086138
avgpool_finegrained2_NMDOXQ.pt,28,156,156,2,2,0.18261399999999997
avgpool_finegrained2_3RSR6F.pt,28,215,215,2,2,0.30485840000000003
avgpool_finegrained2_FW1EYK.pt,28,175,175,2,2,0.19390591999999998
avgpool_finegrained2_TZH2G3.pt,28,205,205,2,2,0.21177516000000002
avgpool_finegrained2_TI3QCM.pt,28,252,252,2,2,0.35707686000000005
avgpool_finegrained2_PY0VB2.pt,28,224,224,2,2,0.24898056000000002
avgpool_finegrained2_FYA2OI.pt,28,253,253,2,2,0.28044044000000007
avgpool_finegrained2_LG1LRT.pt,28,148,148,2,2,0.17957580000000004
avgpool_finegrained2_Y6B800.pt,28,119,119,2,2,0.20271283999999998
avgpool_finegrained2_RYK2N9.pt,28,168,168,2,2,0.21932028000000003
avgpool_finegrained2_141134.pt,28,180,180,2,2,0.21898489999999995
avgpool_finegrained2_NB61AW.pt,28,209,209,2,2,0.23141404000000004
avgpool_finegrained2_GWJWIO.pt,28,164,164,2,2,0.19368185999999996
avgpool_finegrained2_GFCABW.pt,28,132,132,2,2,0.17049547999999998
avgpool_finegrained2_L6LTD6.pt,28,203,203,2,2,0.21638833999999998
avgpool_finegrained2_Y6ZI93.pt,28,169,169,2,2,0.23314658
avgpool_finegrained2_DFPHEE.pt,28,127,127,2,2,0.25363688000000006
avgpool_finegrained2_D4CXJK.pt,28,161,161,2,2,0.18830818000000002
avgpool_finegrained2_GQLB56.pt,28,151,151,2,2,0.17413694000000002
avgpool_finegrained2_S8F88S.pt,28,432,432,3,2,0.59347456
avgpool_finegrained2_VA73JC.pt,28,401,401,3,2,0.4320827599999999
avgpool_finegrained2_PDE5E9.pt,28,318,318,3,2,0.44744240000000013
avgpool_finegrained2_R2E01H.pt,28,327,327,3,2,0.3919839399999999
avgpool_finegrained2_J9CVMT.pt,28,514,514,3,2,0.56524216
avgpool_finegrained2_HS2ML1.pt,28,365,365,3,2,0.38918043999999985
avgpool_finegrained2_PKZRMG.pt,28,410,410,3,2,0.4487769999999998
avgpool_finegrained2_LJEGVU.pt,28,391,391,3,2,0.4183577599999999
avgpool_finegrained2_WFOVTG.pt,28,324,324,3,2,0.32621740000000005
avgpool_finegrained2_BBZXPF.pt,28,548,548,3,2,0.48693100000000017
avgpool_finegrained2_PC89R1.pt,28,405,405,3,2,0.15194237999999996
avgpool_finegrained2_5I5HZG.pt,28,362,362,3,2,0.37648380000000004
avgpool_finegrained2_5SLYDM.pt,28,388,388,3,2,0.37906451999999996
avgpool_finegrained2_XVONPG.pt,28,491,491,3,2,0.6627599000000001
avgpool_finegrained2_6EZHCH.pt,28,413,413,3,2,0.45191424000000013
avgpool_finegrained2_BJKC7I.pt,28,374,374,3,2,0.4073067399999999
avgpool_finegrained2_QONLSX.pt,28,429,429,3,2,0.4888024000000001
avgpool_finegrained2_UKFDAT.pt,28,610,610,3,2,0.7319595199999999
avgpool_finegrained2_QR8DLL.pt,28,273,273,3,2,0.30753507999999996
avgpool_finegrained2_GW9XOX.pt,28,541,541,3,2,0.47882455999999984
avgpool_finegrained2_IT1471.pt,56,87,87,2,2,0.3079730600000001
avgpool_finegrained2_A4G6XM.pt,56,106,106,2,2,0.4981357399999999
avgpool_finegrained2_RRG5J3.pt,56,135,135,2,2,0.44134325999999996
avgpool_finegrained2_4KC9O7.pt,56,109,109,2,2,0.44634496000000007
avgpool_finegrained2_6FIH7Z.pt,56,72,72,2,2,0.33568361999999996
avgpool_finegrained2_RGVU2V.pt,56,88,88,2,2,0.30770108
avgpool_finegrained2_95V45I.pt,56,114,114,2,2,0.3723723199999999
avgpool_finegrained2_D695BX.pt,56,99,99,2,2,0.33584100000000006
avgpool_finegrained2_8VZ0NX.pt,56,59,59,2,2,0.23000102000000003
avgpool_finegrained2_Z6J8UC.pt,56,95,95,2,2,0.35413187999999995
avgpool_finegrained2_UEDE0E.pt,56,76,76,2,2,0.40659151999999993
avgpool_finegrained2_3H4MFT.pt,56,126,126,2,2,0.43460398000000006
avgpool_finegrained2_OYN8MB.pt,56,80,80,2,2,0.3203793199999999
avgpool_finegrained2_UUFXBW.pt,56,111,111,2,2,0.4008352199999999
avgpool_finegrained2_N0PKPH.pt,56,69,69,2,2,0.3150334000000001
avgpool_finegrained2_U13SI5.pt,56,79,79,2,2,0.33734138
avgpool_finegrained2_R4D5HV.pt,56,123,123,2,2,0.4722982199999998
avgpool_finegrained2_44CZ9O.pt,56,101,101,2,2,0.46227002
avgpool_finegrained2_G6CARQ.pt,56,94,94,2,2,0.3620513
avgpool_finegrained2_W4NFPW.pt,56,104,104,2,2,0.37736914
avgpool_finegrained2_IF05IE.pt,112,79,79,2,2,1.0938294199999996
avgpool_finegrained2_AF2NG0.pt,112,86,86,2,2,0.9791212199999998
avgpool_finegrained2_VXDUCR.pt,112,78,78,2,2,1.0956676400000003
avgpool_finegrained2_GR1CK9.pt,112,58,58,2,2,0.7514729199999998
avgpool_finegrained2_DZCNMB.pt,112,75,75,2,2,1.01717046
avgpool_finegrained2_1WY3JY.pt,112,68,68,2,2,0.8467221800000001
avgpool_finegrained2_5EKADH.pt,112,73,73,2,2,0.8577500800000002
avgpool_finegrained2_XZYS4P.pt,112,43,43,2,2,0.5806020599999999
avgpool_finegrained2_W5P6X4.pt,112,84,84,2,2,1.0007858799999998
avgpool_finegrained2_RGY6V2.pt,112,62,62,2,2,0.7730056000000002
avgpool_finegrained2_0NFJUC.pt,112,61,61,2,2,0.7364988000000001
avgpool_finegrained2_ZI6NUC.pt,112,49,49,2,2,0.8695590400000001
avgpool_finegrained2_T7NAE2.pt,112,50,50,2,2,0.73461444
avgpool_finegrained2_99KH96.pt,112,56,56,2,2,0.6662693600000001
avgpool_finegrained2_V9C3DI.pt,112,48,48,2,2,0.71151832
avgpool_finegrained2_1LW6Y0.pt,112,80,80,2,2,1.0983703200000001
avgpool_finegrained2_92Y5XN.pt,112,87,87,2,2,1.0909073999999999
avgpool_finegrained2_OOKBRG.pt,112,64,64,2,2,0.7890412600000001
avgpool_finegrained2_EV4O0U.pt,112,55,55,2,2,0.71618414
avgpool_finegrained2_K0OYTU.pt,112,59,59,2,2,0.7116146600000003
avgpool_finegrained2_0DY234.pt,56,27,27,3,1,0.11923655999999999
avgpool_finegrained2_9IBRQR.pt,56,23,23,3,1,0.35004336000000014
avgpool_finegrained2_OAVJ4M.pt,56,29,29,3,1,0.4154725799999999
avgpool_finegrained2_RSSONO.pt,56,28,28,3,1,0.4457899599999999
avgpool_finegrained2_AO9BYB.pt,56,21,21,3,1,0.3198395399999999
avgpool_finegrained2_HFDHZT.pt,56,16,16,3,1,0.27584006
avgpool_finegrained2_902ZNN.pt,56,32,32,3,1,0.43974312000000004
avgpool_finegrained2_LED1DV.pt,56,31,31,3,1,0.43360284
avgpool_finegrained2_WH2MUM.pt,56,24,24,3,1,0.3551001999999999
avgpool_finegrained2_33VWV8.pt,56,26,26,3,1,0.41482667999999995
avgpool_finegrained2_WGN0OV.pt,56,14,14,3,1,0.23236399999999993
avgpool_finegrained2_GYX4XF.pt,56,18,18,3,1,0.2953463199999999
avgpool_finegrained2_MM4GYY.pt,56,15,15,3,1,0.34000637999999994
avgpool_finegrained2_0IR922.pt,56,19,19,3,1,0.29104687999999995
avgpool_finegrained2_AIPCB6.pt,56,22,22,3,1,0.3768368599999999
avgpool_finegrained2_VHF3R6.pt,56,25,25,3,1,0.3975953200000001
avgpool_finegrained2_FPJWVN.pt,56,17,17,3,1,0.31846244000000007
avgpool_finegrained2_NZW9QT.pt,56,20,20,3,1,0.43993361999999997
avgpool_finegrained2_CV1HRE.pt,56,30,30,3,1,0.53208388
avgpool_finegrained2_VAEQJY.pt,14,256,256,3,1,0.30514295999999996
avgpool_finegrained2_PDZ855.pt,14,297,297,3,1,0.34475428
avgpool_finegrained2_OWL0TX.pt,14,301,301,3,1,0.3046107200000001
avgpool_finegrained2_XMZSE4.pt,14,265,265,3,1,0.35441621999999995
avgpool_finegrained2_6BKR0J.pt,14,152,152,3,1,0.18984708
avgpool_finegrained2_KJ41A0.pt,14,192,192,3,1,0.22058012
avgpool_finegrained2_HMWE08.pt,14,134,134,3,1,0.23113232000000003
avgpool_finegrained2_A2O41U.pt,14,248,248,3,1,0.26618243999999996
avgpool_finegrained2_6AZT9A.pt,14,159,159,3,1,0.20455179999999998
avgpool_finegrained2_0ESA43.pt,14,247,247,3,1,0.33313074
avgpool_finegrained2_T0O78K.pt,14,211,211,3,1,0.25313970000000013
avgpool_finegrained2_D3SDS2.pt,14,142,142,3,1,0.20217216000000002
avgpool_finegrained2_5I6OU7.pt,14,283,283,3,1,0.3429373799999999
avgpool_finegrained2_7R7QNJ.pt,14,127,127,3,1,0.17222701999999998
avgpool_finegrained2_F0M6KK.pt,14,246,246,3,1,0.26078322
avgpool_finegrained2_HNMJ0W.pt,14,164,164,3,1,0.19845324
avgpool_finegrained2_CMVATL.pt,14,276,276,3,1,0.28756662
avgpool_finegrained2_RQIN7C.pt,14,217,217,3,1,0.39224280000000006
avgpool_finegrained2_RG1DHO.pt,14,135,135,3,1,0.17686227999999996
avgpool_finegrained2_5GN8VU.pt,14,273,273,3,1,0.40078458000000006
avgpool_finegrained2_94EOSE.pt,28,744,744,3,2,0.66299658
avgpool_finegrained2_G7OPRY.pt,28,338,338,3,2,0.33510936
avgpool_finegrained2_ED5HOI.pt,28,389,389,3,2,0.43994895999999983
avgpool_finegrained2_SGGN87.pt,28,772,772,3,2,0.67855026
avgpool_finegrained2_REY69W.pt,28,665,665,3,2,0.12014436000000003
avgpool_finegrained2_OR088U.pt,28,674,674,3,2,0.6766891600000001
avgpool_finegrained2_LAEBA9.pt,28,583,583,3,2,0.5560064
avgpool_finegrained2_53MSJM.pt,28,430,430,3,2,0.504143
avgpool_finegrained2_08UFK3.pt,28,735,735,3,2,0.6556999
avgpool_finegrained2_VQICFQ.pt,28,528,528,3,2,0.5191498999999999
avgpool_finegrained2_PF1630.pt,28,404,404,3,2,0.43198454
avgpool_finegrained2_G8540Y.pt,28,384,384,3,2,0.11725337999999999
avgpool_finegrained2_Q67DZP.pt,28,540,540,3,2,0.6271963
avgpool_finegrained2_ZDZZS1.pt,28,507,507,3,2,0.5677971199999999
avgpool_finegrained2_AHQWP9.pt,28,408,408,3,2,0.40897384
avgpool_finegrained2_7TKQ1P.pt,28,625,625,3,2,0.7220142000000002
avgpool_finegrained2_2D6GLF.pt,28,634,634,3,2,0.6247835800000002
avgpool_finegrained2_QWILT7.pt,28,608,608,3,2,0.5489118999999998
avgpool_finegrained2_EXA6FM.pt,28,399,399,3,2,0.38523992000000007
avgpool_finegrained2_YX76SS.pt,28,527,527,3,2,0.4853859200000001
avgpool_finegrained2_73BHQB.pt,14,64,64,3,1,0.13079249999999998
avgpool_finegrained2_BZJPPN.pt,14,74,74,3,1,0.12981172000000005
avgpool_finegrained2_S6PMQA.pt,14,69,69,3,1,0.12907490000000002
avgpool_finegrained2_TW68EP.pt,14,68,68,3,1,0.13303624000000003
avgpool_finegrained2_VWDN5K.pt,14,72,72,3,1,0.13806442000000002
avgpool_finegrained2_0TBLGE.pt,14,78,78,3,1,0.14501624
avgpool_finegrained2_FGISC4.pt,14,35,35,3,1,0.11501936000000006
avgpool_finegrained2_ZXWQLC.pt,14,33,33,3,1,0.10687250000000002
avgpool_finegrained2_6U6RZG.pt,14,47,47,3,1,0.11945152
avgpool_finegrained2_CKHN7M.pt,14,39,39,3,1,0.11968472000000002
avgpool_finegrained2_NU8L1X.pt,14,60,60,3,1,0.11808075999999997
avgpool_finegrained2_WKPIFA.pt,14,50,50,3,1,0.10980113999999999
avgpool_finegrained2_1SNWM5.pt,14,44,44,3,1,0.10587504000000006
avgpool_finegrained2_XPNJRL.pt,14,76,76,3,1,0.13002014
avgpool_finegrained2_Q6W532.pt,14,52,52,3,1,0.11190168000000002
avgpool_finegrained2_P6KJQO.pt,14,56,56,3,1,0.1190842
avgpool_finegrained2_UPKJEN.pt,14,65,65,3,1,0.13300637999999995
avgpool_finegrained2_9680R5.pt,14,51,51,3,1,0.12369871999999997
avgpool_finegrained2_2QQPMR.pt,14,34,34,3,1,0.09811280000000004
avgpool_finegrained2_O867H7.pt,14,75,75,3,1,0.12934652000000002
avgpool_finegrained2_S8Z9W2.pt,14,219,219,3,2,0.11465050000000003
avgpool_finegrained2_P8A0GR.pt,14,164,164,3,2,0.10190128000000001
avgpool_finegrained2_SQVWKE.pt,14,198,198,3,2,0.11078217999999998
avgpool_finegrained2_NB4TM3.pt,14,161,161,3,2,0.10245684
avgpool_finegrained2_B5P631.pt,14,131,131,3,2,0.09598033999999998
avgpool_finegrained2_K8YPZO.pt,14,171,171,3,2,0.10500490000000001
avgpool_finegrained2_C5865N.pt,14,208,208,3,2,0.12502672000000004
avgpool_finegrained2_0RBL67.pt,14,180,180,3,2,0.10834926000000003
avgpool_finegrained2_8SH8ME.pt,14,151,151,3,2,0.10548662
avgpool_finegrained2_06LS5M.pt,14,211,211,3,2,0.12730034
avgpool_finegrained2_FVBDZL.pt,14,196,196,3,2,0.1552142
avgpool_finegrained2_MNNU1Q.pt,14,265,265,3,2,0.12396892000000005
avgpool_finegrained2_5AFQSR.pt,14,206,206,3,2,0.11576832000000004
avgpool_finegrained2_4F1FLI.pt,14,143,143,3,2,0.10138012000000002
avgpool_finegrained2_JK2KC9.pt,14,215,215,3,2,0.11474646000000002
avgpool_finegrained2_BFOTHD.pt,14,212,212,3,2,0.11441316000000003
avgpool_finegrained2_1AWCTG.pt,14,231,231,3,2,0.11850599999999999
avgpool_finegrained2_IDTVID.pt,14,217,217,3,2,0.11800534000000003
avgpool_finegrained2_G1B7FJ.pt,14,197,197,3,2,0.11131231999999996
avgpool_finegrained2_AGXH25.pt,14,126,126,3,2,0.09839790000000002
avgpool_finegrained2_6V7Q55.pt,112,315,315,2,2,1.26545742
avgpool_finegrained2_VRMS9J.pt,112,418,418,2,2,1.40502322
avgpool_finegrained2_O10QVL.pt,112,479,479,2,2,1.89395854
avgpool_finegrained2_Y6GS4T.pt,112,339,339,2,2,1.35819522
avgpool_finegrained2_LFIOQT.pt,112,422,422,2,2,1.52139068
avgpool_finegrained2_X77OZY.pt,112,475,475,2,2,1.62450402
avgpool_finegrained2_XJYZVH.pt,112,357,357,2,2,1.3882688600000006
avgpool_finegrained2_22ORDY.pt,112,283,283,2,2,1.4877554399999997
avgpool_finegrained2_MSQR91.pt,112,323,323,2,2,1.3548801999999998
avgpool_finegrained2_1031QK.pt,112,251,251,2,2,1.2459922200000002
avgpool_finegrained2_ZE51JK.pt,112,316,316,2,2,1.4421005599999999
avgpool_finegrained2_8S1F4Z.pt,112,482,482,2,2,1.74532388
avgpool_finegrained2_369TYH.pt,112,324,324,2,2,1.3718282600000002
avgpool_finegrained2_I7B4CC.pt,112,360,360,2,2,1.4834818600000006
avgpool_finegrained2_O74QRQ.pt,112,583,583,2,2,1.68893998
avgpool_finegrained2_YBRHPG.pt,112,539,539,2,2,1.8270366800000004
avgpool_finegrained2_E8C4AH.pt,112,511,511,2,2,1.6794870600000005
avgpool_finegrained2_28V0RZ.pt,112,507,507,2,2,1.9333450800000003
avgpool_finegrained2_Y18YQJ.pt,112,411,411,2,2,1.81839388
avgpool_finegrained2_ELRVJS.pt,112,363,363,2,2,1.4564786799999998
avgpool_finegrained2_94NL05.pt,56,152,152,3,2,0.5468835
avgpool_finegrained2_1X2P7U.pt,56,208,208,3,2,0.9564552600000004
avgpool_finegrained2_OKJ1NP.pt,56,270,270,3,2,0.9376422799999997
avgpool_finegrained2_W0K6WB.pt,56,188,188,3,2,0.8094801600000001
avgpool_finegrained2_RDZXW2.pt,56,201,201,3,2,1.0296411
avgpool_finegrained2_SJL18N.pt,56,267,267,3,2,0.9074679400000001
avgpool_finegrained2_9EJV72.pt,56,284,284,3,2,0.9999455599999996
avgpool_finegrained2_YEBHUA.pt,56,305,305,3,2,1.0581928999999994
avgpool_finegrained2_LW21NF.pt,56,240,240,3,2,0.7903876400000003
avgpool_finegrained2_WZWTT7.pt,56,140,140,3,2,0.4863874600000001
avgpool_finegrained2_OROSKT.pt,56,147,147,3,2,0.5062208600000001
avgpool_finegrained2_ZMJEMR.pt,56,243,243,3,2,0.8054252200000002
avgpool_finegrained2_OX2MWC.pt,56,175,175,3,2,0.7136416400000001
avgpool_finegrained2_EVI0LY.pt,56,187,187,3,2,0.7610391400000001
avgpool_finegrained2_6YEH5W.pt,56,141,141,3,2,0.49118044000000005
avgpool_finegrained2_CZOB5E.pt,56,237,237,3,2,0.9604899
avgpool_finegrained2_TMDYA8.pt,56,184,184,3,2,0.8657673599999999
avgpool_finegrained2_1L8HLI.pt,56,281,281,3,2,1.0532942
avgpool_finegrained2_VRAPKS.pt,56,218,218,3,2,0.7926160800000001
avgpool_finegrained2_YHV9AG.pt,56,145,145,3,2,0.5075527000000001
avgpool_finegrained2_YAX5HI.pt,28,388,388,2,2,0.34931414000000005
avgpool_finegrained2_W1XL7R.pt,28,493,493,2,2,0.5860069200000001
avgpool_finegrained2_0G181B.pt,28,702,702,2,2,0.6120921799999999
avgpool_finegrained2_Q00Z76.pt,28,585,585,2,2,0.46272292
avgpool_finegrained2_D83P0U.pt,28,649,649,2,2,0.80095856
avgpool_finegrained2_Y2GM1O.pt,28,437,437,2,2,0.42695318
avgpool_finegrained2_PCDRBO.pt,28,391,391,2,2,0.45150825999999994
avgpool_finegrained2_138708.pt,28,825,825,2,2,0.7955346
avgpool_finegrained2_CHTA61.pt,28,586,586,2,2,0.4800944400000002
avgpool_finegrained2_C52C3S.pt,28,655,655,2,2,0.5769365399999999
avgpool_finegrained2_3VD553.pt,28,689,689,2,2,0.6862211199999996
avgpool_finegrained2_T2YPB6.pt,28,624,624,2,2,0.16412442
avgpool_finegrained2_HU66SM.pt,28,788,788,2,2,0.6765403400000001
avgpool_finegrained2_4AFSTP.pt,28,360,360,2,2,0.3161299199999999
avgpool_finegrained2_ZXRGXW.pt,28,688,688,2,2,0.65893258
avgpool_finegrained2_P6AZZM.pt,28,553,553,2,2,0.4882290799999999
avgpool_finegrained2_2ENHYZ.pt,28,605,605,2,2,0.7958187800000002
avgpool_finegrained2_99VDBV.pt,28,710,710,2,2,0.58993378
avgpool_finegrained2_949N03.pt,28,733,733,2,2,0.6420889200000001
avgpool_finegrained2_CNCCL3.pt,28,647,647,2,2,0.6080046000000001
avgpool_finegrained2_2ICB0X.pt,28,444,444,3,1,1.3729990399999996
avgpool_finegrained2_Z1H9D9.pt,28,420,420,3,1,1.0518264799999997
avgpool_finegrained2_VA4GS7.pt,28,401,401,3,1,1.4133085199999997
avgpool_finegrained2_62M9GA.pt,28,198,198,3,1,0.6738297599999999
avgpool_finegrained2_3S2AQ0.pt,28,231,231,3,1,1.05205454
avgpool_finegrained2_TRCOJX.pt,28,263,263,3,1,0.8972541600000002
avgpool_finegrained2_B1HSKJ.pt,28,371,371,3,1,1.16376202
avgpool_finegrained2_3FRHT7.pt,28,358,358,3,1,1.28743062
avgpool_finegrained2_ZK71T2.pt,28,400,400,3,1,1.2148870599999997
avgpool_finegrained2_2NOBJJ.pt,28,423,423,3,1,1.1328094
avgpool_finegrained2_RHPYPV.pt,28,352,352,3,1,1.12230484
avgpool_finegrained2_YK1SMX.pt,28,433,433,3,1,1.2113095200000001
avgpool_finegrained2_ZFH0KB.pt,28,317,317,3,1,1.23128806
avgpool_finegrained2_OZND2G.pt,28,205,205,3,1,0.8924656800000001
avgpool_finegrained2_41BC1L.pt,28,321,321,3,1,1.2463789400000003
avgpool_finegrained2_FB0T5H.pt,28,441,441,3,1,1.2364951
avgpool_finegrained2_O7225T.pt,28,373,373,3,1,1.1918790799999999
avgpool_finegrained2_QONOVY.pt,28,207,207,3,1,0.7138667600000004
avgpool_finegrained2_L23GLF.pt,28,280,280,3,1,1.2118866199999996
avgpool_finegrained2_GL9A91.pt,28,359,359,3,1,1.29070678
avgpool_finegrained2_GQD6E7.pt,112,140,140,3,2,1.2792402200000001
avgpool_finegrained2_56XAL3.pt,112,151,151,3,2,1.2864045400000004
avgpool_finegrained2_DIQPSP.pt,112,104,104,3,2,1.2450320200000002
avgpool_finegrained2_2P684I.pt,112,147,147,3,2,1.3888017600000007
avgpool_finegrained2_Y2BI4C.pt,112,113,113,3,2,1.22362402
avgpool_finegrained2_IXIIO4.pt,112,112,112,3,2,1.20532978
avgpool_finegrained2_62QE7J.pt,112,172,172,3,2,1.2834467799999993
avgpool_finegrained2_DET7VZ.pt,112,98,98,3,2,0.9932148400000002
avgpool_finegrained2_SR98F9.pt,112,173,173,3,2,1.3585349000000002
avgpool_finegrained2_CJE7BJ.pt,112,170,170,3,2,1.28934918
avgpool_finegrained2_5JIQ33.pt,112,190,190,3,2,1.28920254
avgpool_finegrained2_2IY09I.pt,112,183,183,3,2,1.4262278399999997
avgpool_finegrained2_EGTG0T.pt,112,148,148,3,2,1.3235012199999994
avgpool_finegrained2_T46PEM.pt,112,223,223,3,2,1.7612920000000005
avgpool_finegrained2_7JW4YO.pt,112,215,215,3,2,1.4195903800000003
avgpool_finegrained2_PF1ENF.pt,112,229,229,3,2,1.5567659999999994
avgpool_finegrained2_URYLKV.pt,112,149,149,3,2,1.4388625400000001
avgpool_finegrained2_9XJM3C.pt,112,138,138,3,2,1.3755473400000002
avgpool_finegrained2_50LKE5.pt,112,178,178,3,2,1.3881052600000003
avgpool_finegrained2_QDPFCM.pt,112,180,180,3,2,1.4635146599999995
avgpool_finegrained2_OJ6N3H.pt,14,382,382,2,2,0.20769783999999997
avgpool_finegrained2_OEDXNL.pt,14,171,171,2,2,0.019859720000000004
avgpool_finegrained2_SL72ES.pt,14,338,338,2,2,0.1322728
avgpool_finegrained2_XKTENN.pt,14,383,383,2,2,0.13961542000000005
avgpool_finegrained2_2DHBMU.pt,14,400,400,2,2,0.14507983999999996
avgpool_finegrained2_BI0D6L.pt,14,254,254,2,2,0.11974702000000001
avgpool_finegrained2_P3MK4E.pt,14,302,302,2,2,0.12597822
avgpool_finegrained2_7N4P0I.pt,14,225,225,2,2,0.11370324000000002
avgpool_finegrained2_IJ0S9Q.pt,14,299,299,2,2,0.1731792
avgpool_finegrained2_844XF8.pt,14,341,341,2,2,0.13194642
avgpool_finegrained2_EFGHU5.pt,14,188,188,2,2,0.13401052
avgpool_finegrained2_MOHQ2X.pt,14,185,185,2,2,0.14171407999999996
avgpool_finegrained2_9RK6TD.pt,14,315,315,2,2,0.12687384
avgpool_finegrained2_IWP4UX.pt,14,269,269,2,2,0.11931392
avgpool_finegrained2_19KJ30.pt,14,342,342,2,2,0.15676868
avgpool_finegrained2_S7EWUN.pt,14,251,251,2,2,0.11370156
avgpool_finegrained2_K84GSB.pt,14,292,292,2,2,0.12215437999999999
avgpool_finegrained2_A83U4O.pt,14,191,191,2,2,0.10394368
avgpool_finegrained2_0ABAA6.pt,14,240,240,2,2,0.12898301999999998
avgpool_finegrained2_CJE2MJ.pt,14,222,222,2,2,0.10953152000000001
avgpool_finegrained2_RDYRLG.pt,224,53,53,2,2,1.1746215199999999
avgpool_finegrained2_37OJ8J.pt,224,103,103,2,2,1.6216576800000004
avgpool_finegrained2_2U7BI7.pt,224,50,50,2,2,1.2904020600000001
avgpool_finegrained2_4XM2H0.pt,224,89,89,2,2,1.37399076
avgpool_finegrained2_M8HWDP.pt,224,104,104,2,2,1.5997978200000005
avgpool_finegrained2_SC5PG7.pt,224,88,88,2,2,1.5220323800000006
avgpool_finegrained2_H5M16Q.pt,224,93,93,2,2,1.5311075600000006
avgpool_finegrained2_HWFVX5.pt,224,100,100,2,2,1.5231945799999997
avgpool_finegrained2_EQ05X8.pt,224,115,115,2,2,1.72825322
avgpool_finegrained2_ZTGR43.pt,224,84,84,2,2,1.2690968400000002
avgpool_finegrained2_698XM1.pt,224,65,65,2,2,1.2838230000000002
avgpool_finegrained2_B73LLA.pt,224,70,70,2,2,1.29254062
avgpool_finegrained2_7LTGES.pt,224,91,91,2,2,1.3894573799999999
avgpool_finegrained2_P4KMAZ.pt,224,75,75,2,2,1.28497014
avgpool_finegrained2_FELLUA.pt,224,77,77,2,2,1.3905226199999998
avgpool_finegrained2_5A3BB9.pt,224,49,49,2,2,1.2178513
avgpool_finegrained2_731OLD.pt,224,54,54,2,2,1.3381659200000002
avgpool_finegrained2_UT59DT.pt,224,59,59,2,2,1.4643539599999997
avgpool_finegrained2_1J6GHD.pt,224,102,102,2,2,1.4315646200000003
avgpool_finegrained2_HV69IF.pt,224,99,99,2,2,1.6561750000000002
avgpool_finegrained2_IEXNE2.pt,56,277,277,3,2,1.12506198
avgpool_finegrained2_676DCL.pt,56,208,208,3,2,0.9126204800000001
avgpool_finegrained2_FSTUJI.pt,56,280,280,3,2,0.9273998200000002
avgpool_finegrained2_PRQ07Z.pt,56,235,235,3,2,1.0939362
avgpool_finegrained2_HUXDX0.pt,56,200,200,3,2,0.67965924
avgpool_finegrained2_1XDIHE.pt,56,297,297,3,2,0.9905034199999999
avgpool_finegrained2_NEYDIE.pt,56,295,295,3,2,0.98734648
avgpool_finegrained2_UXUITT.pt,56,174,174,3,2,0.60825426
avgpool_finegrained2_EPGOM3.pt,56,264,264,3,2,0.9775636800000003
avgpool_finegrained2_F7PXZY.pt,56,279,279,3,2,0.9142778000000003
avgpool_finegrained2_OEMM95.pt,56,370,370,3,2,1.1787345600000003
avgpool_finegrained2_KRH42G.pt,56,189,189,3,2,0.3157793400000001
avgpool_finegrained2_H1A98O.pt,56,383,383,3,2,1.3238060200000004
avgpool_finegrained2_IUOOAU.pt,56,244,244,3,2,0.8655875199999996
avgpool_finegrained2_SXMBKA.pt,56,308,308,3,2,0.9986288400000002
avgpool_finegrained2_U7KJSI.pt,56,361,361,3,2,1.1969897600000003
avgpool_finegrained2_ZKQF5Y.pt,56,206,206,3,2,0.7050077599999999
avgpool_finegrained2_30RX60.pt,56,276,276,3,2,1.0916600800000003
avgpool_finegrained2_RQL8L7.pt,56,250,250,3,2,1.07380848
avgpool_finegrained2_UY0HAM.pt,56,381,381,3,2,1.25682342
avgpool_finegrained2_RRL59I.pt,14,321,321,2,1,0.36975887999999996
avgpool_finegrained2_PKRZ64.pt,14,335,335,2,1,0.32753090000000007
avgpool_finegrained2_TFM9W1.pt,14,461,461,2,1,0.4245922200000002
avgpool_finegrained2_XVRWNT.pt,14,428,428,2,1,0.42342325999999986
avgpool_finegrained2_TFFA3L.pt,14,309,309,2,1,0.31231186
avgpool_finegrained2_KRQ7HJ.pt,14,446,446,2,1,0.4668249400000001
avgpool_finegrained2_MBVPPU.pt,14,423,423,2,1,0.47933474000000004
avgpool_finegrained2_KBQ8WK.pt,14,580,580,2,1,0.5681628599999999
avgpool_finegrained2_8K2D1B.pt,14,293,293,2,1,0.29978435999999997
avgpool_finegrained2_TOEF4M.pt,14,473,473,2,1,0.47541058000000014
avgpool_finegrained2_24LTB2.pt,14,297,297,2,1,0.3231295200000001
avgpool_finegrained2_UGCJVM.pt,14,565,565,2,1,0.5716473
avgpool_finegrained2_9J3DAO.pt,14,338,338,2,1,0.39506338
avgpool_finegrained2_97KGYT.pt,14,276,276,2,1,0.2866168600000001
avgpool_finegrained2_C13SQ5.pt,14,488,488,2,1,0.4733029599999999
avgpool_finegrained2_0ORZM1.pt,14,414,414,2,1,0.3931377
avgpool_finegrained2_D4DBU1.pt,14,490,490,2,1,0.44008572
avgpool_finegrained2_D5G1UN.pt,14,387,387,2,1,0.43605262000000006
avgpool_finegrained2_UC0LYF.pt,14,341,341,2,1,0.48067124000000006
avgpool_finegrained2_C66FTS.pt,14,362,362,2,1,0.35179808000000007
avgpool_finegrained2_PIIJQA.pt,56,200,200,3,2,0.7106431000000001
avgpool_finegrained2_8IT7OL.pt,56,137,137,3,2,0.6626623799999999
avgpool_finegrained2_AX6KCQ.pt,56,192,192,3,2,0.7915431200000002
avgpool_finegrained2_MFD05F.pt,56,224,224,3,2,0.9714882800000001
avgpool_finegrained2_PHCN38.pt,56,203,203,3,2,0.72229916
avgpool_finegrained2_X6CQ7W.pt,56,147,147,3,2,0.5090819600000001
avgpool_finegrained2_5SNOR5.pt,56,170,170,3,2,0.5923396799999999
avgpool_finegrained2_YG1C21.pt,56,188,188,3,2,0.13268512
avgpool_finegrained2_UCHHDR.pt,56,120,120,3,2,0.5136449599999999
avgpool_finegrained2_X7TNTW.pt,56,176,176,3,2,0.62310124
avgpool_finegrained2_LS4DJG.pt,56,138,138,3,2,0.49275872
avgpool_finegrained2_5699PE.pt,56,208,208,3,2,0.7188630400000001
avgpool_finegrained2_H3WCRY.pt,56,191,191,3,2,0.7590142000000002
avgpool_finegrained2_AMRF5G.pt,56,117,117,3,2,0.43861860000000014
avgpool_finegrained2_YUP89W.pt,56,198,198,3,2,1.0212693400000001
avgpool_finegrained2_9GDLWB.pt,56,113,113,3,2,0.4112239
avgpool_finegrained2_FGBM91.pt,56,174,174,3,2,0.6516861799999998
avgpool_finegrained2_IQTOKZ.pt,56,154,154,3,2,0.54960702
avgpool_finegrained2_PFXV2L.pt,56,157,157,3,2,0.53408586
avgpool_finegrained2_KSJ8JT.pt,56,168,168,3,2,0.9488642399999999
avgpool_finegrained2_Q5DT19.pt,14,305,305,2,2,0.12717604000000002
avgpool_finegrained2_WT1UPZ.pt,14,206,206,2,2,0.0219371
avgpool_finegrained2_ROZYRP.pt,14,270,270,2,2,0.12181904000000002
avgpool_finegrained2_TNCDKW.pt,14,257,257,2,2,0.12163587999999997
avgpool_finegrained2_3JE1S9.pt,14,263,263,2,2,0.12204860000000001
avgpool_finegrained2_WTZXJ0.pt,14,131,131,2,2,0.09837343999999999
avgpool_finegrained2_HV2KIM.pt,14,146,146,2,2,0.09516608000000001
avgpool_finegrained2_EYDW4U.pt,14,300,300,2,2,0.12633026
avgpool_finegrained2_V1UD3U.pt,14,239,239,2,2,0.11456755999999998
avgpool_finegrained2_0ZQQFM.pt,14,171,171,2,2,0.1185826
avgpool_finegrained2_T6O84N.pt,14,295,295,2,2,0.12567540000000002
avgpool_finegrained2_CKXWB4.pt,14,168,168,2,2,0.10345329999999998
avgpool_finegrained2_T4VLWK.pt,14,260,260,2,2,0.11893730000000001
avgpool_finegrained2_IC0OHD.pt,14,193,193,2,2,0.11147089999999998
avgpool_finegrained2_LKNAO3.pt,14,286,286,2,2,0.12322194
avgpool_finegrained2_3HAJ17.pt,14,188,188,2,2,0.10864636000000001
avgpool_finegrained2_AB7AWE.pt,14,132,132,2,2,0.09249530000000002
avgpool_finegrained2_QNVSNE.pt,14,170,170,2,2,0.11832602000000002
avgpool_finegrained2_3O6NAT.pt,14,265,265,2,2,0.11806016
avgpool_finegrained2_DZ3LKQ.pt,14,234,234,2,2,0.11235466000000001
avgpool_finegrained2_WUG7E5.pt,28,29,29,3,1,0.1590926
avgpool_finegrained2_2PZUQV.pt,28,23,23,3,1,0.16587128
avgpool_finegrained2_REJLX3.pt,28,33,33,3,1,0.2062706
avgpool_finegrained2_OV12J7.pt,28,35,35,3,1,0.29111252
avgpool_finegrained2_7P89AI.pt,28,19,19,3,1,0.13024018
avgpool_finegrained2_7BW3TT.pt,28,26,26,3,1,0.24022285999999993
avgpool_finegrained2_O921YE.pt,28,22,22,3,1,0.14406839999999996
avgpool_finegrained2_7LUL8N.pt,28,27,27,3,1,0.15620178000000004
avgpool_finegrained2_0VO9YU.pt,28,43,43,3,1,0.20345097999999998
avgpool_finegrained2_JR8KLJ.pt,28,31,31,3,1,0.16574318000000002
avgpool_finegrained2_8CGOLR.pt,28,37,37,3,1,0.26224166
avgpool_finegrained2_Y9XRFY.pt,28,32,32,3,1,0.17033925999999996
avgpool_finegrained2_REJY3D.pt,28,30,30,3,1,0.16261520000000004
avgpool_finegrained2_F0FOH9.pt,28,34,34,3,1,0.2233773400000001
avgpool_finegrained2_J9Y3WQ.pt,28,21,21,3,1,0.1843666
avgpool_finegrained2_YMXABU.pt,28,38,38,3,1,0.19034414000000005
avgpool_finegrained2_PH3OU8.pt,28,28,28,3,1,0.1607874600000001
avgpool_finegrained2_M0NHMV.pt,28,40,40,3,1,0.19270392
avgpool_finegrained2_4JRFUT.pt,28,20,20,3,1,0.13498972
avgpool_finegrained2_LO7PQM.pt,28,42,42,3,1,0.19894101999999997
avgpool_finegrained2_0LP6PW.pt,112,132,132,2,2,1.2164577000000003
avgpool_finegrained2_JRV1MB.pt,112,93,93,2,2,1.02269696
avgpool_finegrained2_O9CN2H.pt,112,101,101,2,2,1.2383917400000002
avgpool_finegrained2_OQG5QN.pt,112,116,116,2,2,1.2539687999999996
avgpool_finegrained2_5GH574.pt,112,125,125,2,2,1.1761046599999998
avgpool_finegrained2_MKPYWN.pt,112,115,115,2,2,1.2132545000000006
avgpool_finegrained2_C0MD6A.pt,112,80,80,2,2,1.02459742
avgpool_finegrained2_XTG7YE.pt,112,71,71,2,2,1.011244
avgpool_finegrained2_5CTA9M.pt,112,165,165,2,2,1.2412180000000004
avgpool_finegrained2_NNGT10.pt,112,120,120,2,2,1.1448404799999998
avgpool_finegrained2_F0PLNR.pt,112,128,128,2,2,1.1733701
avgpool_finegrained2_5EGDS3.pt,112,111,111,2,2,0.48359994
avgpool_finegrained2_YPL04R.pt,112,102,102,2,2,1.0438039199999998
avgpool_finegrained2_UEPOD5.pt,112,140,140,2,2,1.33495148
avgpool_finegrained2_17VC94.pt,112,88,88,2,2,1.0657486399999998
avgpool_finegrained2_3TZTQ2.pt,112,117,117,2,2,1.2581813200000003
avgpool_finegrained2_2S0TZX.pt,112,84,84,2,2,0.93601562
avgpool_finegrained2_MEI5EG.pt,112,144,144,2,2,1.3092372999999997
avgpool_finegrained2_RAE2WK.pt,112,109,109,2,2,1.0873461599999998
avgpool_finegrained2_Y60QCC.pt,112,157,157,2,2,1.1813492199999998
avgpool_finegrained2_QVYEG8.pt,28,1087,1087,3,2,1.09836162
avgpool_finegrained2_7ZZRBU.pt,28,527,527,3,2,0.51780648
avgpool_finegrained2_90YCL1.pt,28,812,812,3,2,0.7076481800000001
avgpool_finegrained2_2OMY0Y.pt,28,1074,1074,3,2,1.0350484399999997
avgpool_finegrained2_1NZ008.pt,28,557,557,3,2,0.67064424
avgpool_finegrained2_R3LRJE.pt,28,625,625,3,2,0.62093758
avgpool_finegrained2_BKJVYC.pt,28,1015,1015,3,2,0.8577123800000003
avgpool_finegrained2_79SRTQ.pt,28,878,878,3,2,0.77265462
avgpool_finegrained2_DG5QG8.pt,28,1138,1138,3,2,0.9577454
avgpool_finegrained2_L6RR6P.pt,28,817,817,3,2,0.9018098000000002
avgpool_finegrained2_ZMODUD.pt,28,1168,1168,3,2,1.09307072
avgpool_finegrained2_AQV49B.pt,28,1048,1048,3,2,0.97396344
avgpool_finegrained2_NEXLCS.pt,28,505,505,3,2,0.46105283999999985
avgpool_finegrained2_YCMHPP.pt,28,1142,1142,3,2,1.10683136
avgpool_finegrained2_RUQPT5.pt,28,546,546,3,2,0.4940297399999999
avgpool_finegrained2_25G4DF.pt,28,621,621,3,2,0.6754105000000002
avgpool_finegrained2_QMZOHH.pt,28,937,937,3,2,1.0303291399999999
avgpool_finegrained2_GW5PR3.pt,28,662,662,3,2,0.5735328000000001
avgpool_finegrained2_URUO23.pt,28,568,568,3,2,0.8505338
avgpool_finegrained2_JXB1CG.pt,28,946,946,3,2,0.87011468
avgpool_finegrained2_CI6Y6I.pt,56,43,43,3,1,0.77807506
avgpool_finegrained2_HVI6C9.pt,56,22,22,3,1,0.40742855999999994
avgpool_finegrained2_GMEFE5.pt,56,24,24,3,1,0.42591517999999995
avgpool_finegrained2_0ULMZM.pt,56,39,39,3,1,0.5917752799999999
avgpool_finegrained2_88RZLB.pt,56,25,25,3,1,0.36532132000000006
avgpool_finegrained2_8H2IRZ.pt,56,47,47,3,1,0.6439562799999997
avgpool_finegrained2_SQE5N8.pt,56,33,33,3,1,0.4544674599999999
avgpool_finegrained2_VP38NO.pt,56,51,51,3,1,0.7765147199999997
avgpool_finegrained2_W4BB73.pt,56,27,27,3,1,0.6384450400000001
avgpool_finegrained2_SHG1GM.pt,56,45,45,3,1,0.6201502600000001
avgpool_finegrained2_WF0368.pt,56,53,53,3,1,0.7967183599999998
avgpool_finegrained2_1P10PA.pt,56,49,49,3,1,0.8601025000000001
avgpool_finegrained2_XIZ7HG.pt,56,32,32,3,1,0.6956182999999999
avgpool_finegrained2_9Q3RBW.pt,56,34,34,3,1,0.4769095199999998
avgpool_finegrained2_0LSZ2D.pt,56,28,28,3,1,0.40516268000000016
avgpool_finegrained2_ZACH3D.pt,56,41,41,3,1,0.6174022200000001
avgpool_finegrained2_T4JRKU.pt,56,36,36,3,1,0.6800439799999998
avgpool_finegrained2_SSWT1I.pt,56,52,52,3,1,0.8190052199999998
avgpool_finegrained2_A79DT0.pt,56,50,50,3,1,0.7569676599999998
avgpool_finegrained2_NQQ2YP.pt,56,44,44,3,1,0.62986602
avgpool_finegrained2_QNVC5U.pt,28,153,153,3,2,0.1883323599999999
avgpool_finegrained2_KMGVQF.pt,28,155,155,3,2,0.062408539999999985
avgpool_finegrained2_I5G4Z7.pt,28,143,143,3,2,0.19464080000000003
avgpool_finegrained2_0V6IRN.pt,28,79,79,3,2,0.14780245999999997
avgpool_finegrained2_8H6YKD.pt,28,176,176,3,2,0.2086681600000001
avgpool_finegrained2_JY9YG6.pt,28,114,114,3,2,0.16558704
avgpool_finegrained2_R9BRVM.pt,28,173,173,3,2,0.23295555999999998
avgpool_finegrained2_SLRZF8.pt,28,97,97,3,2,0.15026016
avgpool_finegrained2_2MHZF5.pt,28,177,177,3,2,0.32203475999999986
avgpool_finegrained2_QQUKHE.pt,28,184,184,3,2,0.33755354
avgpool_finegrained2_SH6990.pt,28,146,146,3,2,0.18460920000000003
avgpool_finegrained2_8VGRA0.pt,28,140,140,3,2,0.18109379999999997
avgpool_finegrained2_W4QEIN.pt,28,160,160,3,2,0.19577260000000007
avgpool_finegrained2_70P55P.pt,28,159,159,3,2,0.19617235999999993
avgpool_finegrained2_A4IXCT.pt,28,127,127,3,2,0.27001192
avgpool_finegrained2_S9VBAO.pt,28,107,107,3,2,0.16602791999999997
avgpool_finegrained2_LHJ4YT.pt,28,92,92,3,2,0.14387322
avgpool_finegrained2_AX51VT.pt,28,180,180,3,2,0.2140612
avgpool_finegrained2_KPT0MQ.pt,28,178,178,3,2,0.29460098
avgpool_finegrained2_2SIEXT.pt,28,85,85,3,2,0.14734232000000003
avgpool_finegrained2_NGJF4P.pt,28,664,664,2,2,0.5164979599999999
avgpool_finegrained2_R1FJPG.pt,28,708,708,2,2,0.4314908599999999
avgpool_finegrained2_LG4DDW.pt,28,493,493,2,2,0.4554273200000001
avgpool_finegrained2_6EWQGF.pt,28,688,688,2,2,0.56515968
avgpool_finegrained2_M6Q0HO.pt,28,737,737,2,2,0.6489843200000002
avgpool_finegrained2_8GOAJ8.pt,28,904,904,2,2,0.9064166000000001
avgpool_finegrained2_6BXY81.pt,28,821,821,2,2,0.9498678799999999
avgpool_finegrained2_VMYNLY.pt,28,419,419,2,2,0.35602486000000005
avgpool_finegrained2_S803ZO.pt,28,647,647,2,2,0.51694708
avgpool_finegrained2_N6W8NV.pt,28,833,833,2,2,0.7369805399999998
avgpool_finegrained2_1P6Z14.pt,28,907,907,2,2,0.9902323199999999
avgpool_finegrained2_TVDEZ4.pt,28,699,699,2,2,0.7602300000000001
avgpool_finegrained2_SEJUS3.pt,28,919,919,2,2,0.7991786999999999
avgpool_finegrained2_KM0PJR.pt,28,703,703,2,2,0.6220726799999999
avgpool_finegrained2_1L49JA.pt,28,575,575,2,2,0.77179654
avgpool_finegrained2_12YC4O.pt,28,706,706,2,2,0.6942167800000001
avgpool_finegrained2_RMRNJA.pt,28,820,820,2,2,0.6093800599999999
avgpool_finegrained2_I1IXPX.pt,28,449,449,2,2,0.46597486
avgpool_finegrained2_HMH0D4.pt,28,754,754,2,2,0.6578847800000002
avgpool_finegrained2_BD6R77.pt,28,828,828,2,2,0.64403428
avgpool_finegrained2_ZQ5HO2.pt,28,31,31,2,2,0.09390582
avgpool_finegrained2_OY3D5Y.pt,28,53,53,2,2,0.1124067
avgpool_finegrained2_OA2QDV.pt,28,43,43,2,2,0.10256315999999999
avgpool_finegrained2_DHHRD3.pt,28,47,47,2,2,0.10692482000000002
avgpool_finegrained2_JB4K10.pt,28,51,51,2,2,0.10816732000000001
avgpool_finegrained2_WTSRN6.pt,28,49,49,2,2,0.10633190000000001
avgpool_finegrained2_DPAFTH.pt,28,48,48,2,2,0.10934006000000002
avgpool_finegrained2_E5ILUH.pt,28,58,58,2,2,0.11419803999999995
avgpool_finegrained2_2TDWST.pt,28,30,30,2,2,0.09413740000000001
avgpool_finegrained2_DKFVJ0.pt,28,52,52,2,2,0.10950040000000003
avgpool_finegrained2_TK6S2F.pt,28,35,35,2,2,0.09814858000000001
avgpool_finegrained2_JGWJ1J.pt,28,32,32,2,2,0.017335019999999993
avgpool_finegrained2_RWG3KJ.pt,28,39,39,2,2,0.10491682
avgpool_finegrained2_0HNVLE.pt,28,44,44,2,2,0.14130936
avgpool_finegrained2_JAHB7U.pt,28,45,45,2,2,0.10342714000000003
avgpool_finegrained2_43GET0.pt,28,33,33,2,2,0.09577063999999996
avgpool_finegrained2_OR3PW7.pt,28,38,38,2,2,0.10074076000000004
avgpool_finegrained2_FE6YV6.pt,28,59,59,2,2,0.11240508000000002
avgpool_finegrained2_ELBKPW.pt,28,41,41,2,2,0.10091893999999998
avgpool_finegrained2_H3HKD9.pt,28,55,55,2,2,0.15919779999999997
avgpool_finegrained2_XN9J2W.pt,14,300,300,3,2,0.11411759999999997
avgpool_finegrained2_A8Y6B5.pt,14,335,335,3,2,0.14379584000000004
avgpool_finegrained2_2YV8AQ.pt,14,341,341,3,2,0.13736822000000004
avgpool_finegrained2_TX4ODY.pt,14,390,390,3,2,0.16364498000000008
avgpool_finegrained2_1BMJXL.pt,14,535,535,3,2,0.17479619999999996
avgpool_finegrained2_UK1NOM.pt,14,433,433,3,2,0.15537543999999995
avgpool_finegrained2_3L1G7B.pt,14,416,416,3,2,0.15756564
avgpool_finegrained2_YQRZPL.pt,14,365,365,3,2,0.14108358000000001
avgpool_finegrained2_XEPE45.pt,14,455,455,3,2,0.24291744000000004
avgpool_finegrained2_OZD48S.pt,14,376,376,3,2,0.14490086000000002
avgpool_finegrained2_DUCDIV.pt,14,443,443,3,2,0.16146612000000002
avgpool_finegrained2_FTDW8C.pt,14,362,362,3,2,0.14330123999999997
avgpool_finegrained2_HS9ZKU.pt,14,446,446,3,2,0.15728590000000003
avgpool_finegrained2_Y99INQ.pt,14,458,458,3,2,0.20852729999999994
avgpool_finegrained2_MRZT35.pt,14,530,530,3,2,0.19106935999999997
avgpool_finegrained2_IJCV93.pt,14,371,371,3,2,0.15901054
avgpool_finegrained2_URNISY.pt,14,393,393,3,2,0.16024161999999995
avgpool_finegrained2_Z9QEIK.pt,14,271,271,3,2,0.13358314
avgpool_finegrained2_X2XKF2.pt,14,247,247,3,2,0.14486454
avgpool_finegrained2_UX0JRN.pt,14,426,426,3,2,0.19110478
avgpool_finegrained2_Y1OIWS.pt,224,106,106,2,2,1.4081085799999997
avgpool_finegrained2_LHP5JF.pt,224,87,87,2,2,1.6578854599999997
avgpool_finegrained2_MVHHT1.pt,224,67,67,2,2,1.4371559999999999
avgpool_finegrained2_BIBSAG.pt,224,61,61,2,2,1.4879479999999996
avgpool_finegrained2_X2ONLY.pt,224,85,85,2,2,1.4966997599999998
avgpool_finegrained2_CC9O2M.pt,224,58,58,2,2,1.3801970600000002
avgpool_finegrained2_H33KRY.pt,224,92,92,2,2,1.4479375799999996
avgpool_finegrained2_GRVECN.pt,224,53,53,2,2,1.3272268000000005
avgpool_finegrained2_8J6Z8X.pt,224,66,66,2,2,1.40351408
avgpool_finegrained2_Z7NNTZ.pt,224,64,64,2,2,1.32685404
avgpool_finegrained2_SNA59V.pt,224,84,84,2,2,1.30380234
avgpool_finegrained2_SQYDM2.pt,224,113,113,2,2,1.7960577599999998
avgpool_finegrained2_VCHWVB.pt,224,103,103,2,2,1.6551041400000002
avgpool_finegrained2_V8M29L.pt,224,50,50,2,2,1.2312295800000002
avgpool_finegrained2_TAIGBK.pt,224,90,90,2,2,1.68927908
avgpool_finegrained2_JYIU44.pt,224,52,52,2,2,1.2657754799999996
avgpool_finegrained2_3XAWCK.pt,224,99,99,2,2,1.7249996200000002
avgpool_finegrained2_S615VT.pt,224,104,104,2,2,1.5712685800000004
avgpool_finegrained2_SUORRI.pt,224,112,112,2,2,1.6909351199999996
avgpool_finegrained2_0OEKNA.pt,224,96,96,2,2,1.4893087400000002
avgpool_finegrained2_E93UOK.pt,56,125,125,3,2,0.44438515999999995
avgpool_finegrained2_O8066V.pt,56,117,117,3,2,0.13894498
avgpool_finegrained2_N5I6YC.pt,56,194,194,3,2,0.6610098
avgpool_finegrained2_Q4WOTH.pt,56,251,251,3,2,0.9938844799999998
avgpool_finegrained2_PZNYLL.pt,56,253,253,3,2,0.91753286
avgpool_finegrained2_OQD6WM.pt,56,213,213,3,2,0.6443152999999999
avgpool_finegrained2_86FTG4.pt,56,195,195,3,2,0.8952694999999999
avgpool_finegrained2_YVKAVD.pt,56,206,206,3,2,1.0426896399999999
avgpool_finegrained2_Q0VYPI.pt,56,235,235,3,2,0.8713559600000004
avgpool_finegrained2_294JXG.pt,56,170,170,3,2,0.89642674
avgpool_finegrained2_NRGTKF.pt,56,147,147,3,2,0.5922487
avgpool_finegrained2_FQLIQ3.pt,56,116,116,3,2,0.46837342000000004
avgpool_finegrained2_EOU2V1.pt,56,246,246,3,2,1.11924084
avgpool_finegrained2_RHASZY.pt,56,186,186,3,2,0.67989002
avgpool_finegrained2_HGBGII.pt,56,156,156,3,2,0.71947036
avgpool_finegrained2_4CPI7E.pt,56,121,121,3,2,0.43213119999999994
avgpool_finegrained2_KUBNPH.pt,56,245,245,3,2,0.8034646599999995
avgpool_finegrained2_62BGAT.pt,56,123,123,3,2,0.5060755200000002
avgpool_finegrained2_STCMI1.pt,56,181,181,3,2,0.7396543999999998
avgpool_finegrained2_JYWWYX.pt,56,239,239,3,2,1.0209851799999996
avgpool_finegrained2_LGFETP.pt,14,175,175,3,2,0.15370110000000003
avgpool_finegrained2_1RMG0U.pt,14,94,94,3,2,0.11381636000000003
avgpool_finegrained2_SX3PEF.pt,14,156,156,3,2,0.10411806
avgpool_finegrained2_M9995K.pt,14,162,162,3,2,0.14327325999999999
avgpool_finegrained2_YQH2O7.pt,14,106,106,3,2,0.09478368000000001
avgpool_finegrained2_YGN2IY.pt,14,110,110,3,2,0.09552978000000001
avgpool_finegrained2_WVDGVA.pt,14,171,171,3,2,0.10541167999999997
avgpool_finegrained2_0EZ34S.pt,14,147,147,3,2,0.11691622000000003
avgpool_finegrained2_9SOIM0.pt,14,166,166,3,2,0.11301438
avgpool_finegrained2_CU3XXC.pt,14,131,131,3,2,0.09961220000000003
avgpool_finegrained2_ND1M85.pt,14,172,172,3,2,0.10769682000000003
avgpool_finegrained2_ILODM0.pt,14,98,98,3,2,0.09467432
avgpool_finegrained2_5X8MSA.pt,14,163,163,3,2,0.14327008
avgpool_finegrained2_ZAX55S.pt,14,103,103,3,2,0.11438421999999995
avgpool_finegrained2_OPYERI.pt,14,133,133,3,2,0.09561336000000001
avgpool_finegrained2_H7JUC1.pt,14,117,117,3,2,0.09685386000000001
avgpool_finegrained2_MPWX0R.pt,14,79,79,3,2,0.10667244000000001
avgpool_finegrained2_1AK0WD.pt,14,104,104,3,2,0.09331409999999998
avgpool_finegrained2_JLQII5.pt,14,109,109,3,2,0.11874637999999998
avgpool_finegrained2_70GSNB.pt,14,77,77,3,2,0.09031728000000001
avgpool_finegrained2_IY72F4.pt,56,125,125,3,2,0.44412022
avgpool_finegrained2_QMD4WW.pt,56,77,77,3,2,0.3023607
avgpool_finegrained2_F6YG40.pt,56,131,131,3,2,0.46003162000000003
avgpool_finegrained2_KV1SIO.pt,56,82,82,3,2,0.31366703999999995
avgpool_finegrained2_561810.pt,56,94,94,3,2,0.3489524000000001
avgpool_finegrained2_PL6TPR.pt,56,100,100,3,2,0.41202248
avgpool_finegrained2_654M27.pt,56,135,135,3,2,0.56648116
avgpool_finegrained2_Y4FVVM.pt,56,68,68,3,2,0.2750602199999999
avgpool_finegrained2_E2YAJX.pt,56,92,92,3,2,0.34416340000000006
avgpool_finegrained2_2UOH17.pt,56,141,141,3,2,0.4953532600000001
avgpool_finegrained2_Q23T4I.pt,56,151,151,3,2,0.5210576399999999
avgpool_finegrained2_RXR0XT.pt,56,138,138,3,2,0.18856252000000004
avgpool_finegrained2_5VY80Q.pt,56,123,123,3,2,0.4530508999999999
avgpool_finegrained2_76OP1I.pt,56,88,88,3,2,0.3345417399999999
avgpool_finegrained2_D4J3V7.pt,56,137,137,3,2,0.49624021999999995
avgpool_finegrained2_5XCWD1.pt,56,113,113,3,2,0.5352354799999999
avgpool_finegrained2_TQ1LJ9.pt,56,152,152,3,2,0.5254482599999999
avgpool_finegrained2_L36XYG.pt,56,95,95,3,2,0.35644858000000007
avgpool_finegrained2_LM01AY.pt,56,87,87,3,2,0.33300554000000004
avgpool_finegrained2_IDVQ10.pt,56,148,148,3,2,0.53165022
avgpool_finegrained2_H1Q12R.pt,14,165,165,2,2,0.10219710000000001
avgpool_finegrained2_USKZVP.pt,14,178,178,2,2,0.10513318000000002
avgpool_finegrained2_UIGDBX.pt,14,179,179,2,2,0.10414003999999996
avgpool_finegrained2_PVIMH2.pt,14,160,160,2,2,0.10307477999999999
avgpool_finegrained2_QJVJEY.pt,14,129,129,2,2,0.09696832000000004
avgpool_finegrained2_MDDU86.pt,14,172,172,2,2,0.10329936000000002
avgpool_finegrained2_EJGZW2.pt,14,77,77,2,2,0.08855485999999999
avgpool_finegrained2_J3ZPHV.pt,14,151,151,2,2,0.10065020000000002
avgpool_finegrained2_8MDI86.pt,14,98,98,2,2,0.0922191
avgpool_finegrained2_ECVSLO.pt,14,164,164,2,2,0.10473450000000001
avgpool_finegrained2_EI6UVW.pt,14,87,87,2,2,0.08961772
avgpool_finegrained2_R055JE.pt,14,78,78,2,2,0.08828424
avgpool_finegrained2_4PX4AS.pt,14,89,89,2,2,0.09835388000000003
avgpool_finegrained2_XY7DRJ.pt,14,82,82,2,2,0.09105841999999999
avgpool_finegrained2_H81ESR.pt,14,155,155,2,2,0.10006800000000006
avgpool_finegrained2_NAZPVB.pt,14,136,136,2,2,0.10983691999999999
avgpool_finegrained2_K89ESO.pt,14,132,132,2,2,0.12786821999999998
avgpool_finegrained2_HDTT6X.pt,14,162,162,2,2,0.10206159999999997
avgpool_finegrained2_34QOZ1.pt,14,173,173,2,2,0.13076748000000002
avgpool_finegrained2_0VYFAT.pt,14,153,153,2,2,0.09737345999999998
avgpool_finegrained2_5WYPF4.pt,14,68,68,3,1,0.12442948
avgpool_finegrained2_R81VY2.pt,14,122,122,3,1,0.1662365
avgpool_finegrained2_HU8M4X.pt,14,147,147,3,1,0.19144142000000006
avgpool_finegrained2_FV423O.pt,14,138,138,3,1,0.2272429
avgpool_finegrained2_QBO7CO.pt,14,67,67,3,1,0.12625469999999997
avgpool_finegrained2_K9QEXU.pt,14,105,105,3,1,0.15430371999999998
avgpool_finegrained2_6V8IW0.pt,14,89,89,3,1,0.14199474
avgpool_finegrained2_NXLRX4.pt,14,125,125,3,1,0.17210832
avgpool_finegrained2_4ZVRWY.pt,14,124,124,3,1,0.18206851999999998
avgpool_finegrained2_SRN66P.pt,14,113,113,3,1,0.17434385999999996
avgpool_finegrained2_78125B.pt,14,83,83,3,1,0.13614166
avgpool_finegrained2_ZYXQPK.pt,14,93,93,3,1,0.17432572000000005
avgpool_finegrained2_L97WZ1.pt,14,84,84,3,1,0.14252674
avgpool_finegrained2_EQKDH4.pt,14,94,94,3,1,0.15070386000000002
avgpool_finegrained2_ZLHWF2.pt,14,151,151,3,1,0.19208807999999997
avgpool_finegrained2_6PAKBZ.pt,14,86,86,3,1,0.15593687999999994
avgpool_finegrained2_CL2NAP.pt,14,143,143,3,1,0.29349732
avgpool_finegrained2_9WCDSA.pt,14,130,130,3,1,0.17465914000000002
avgpool_finegrained2_AKE275.pt,14,134,134,3,1,0.23327649999999994
avgpool_finegrained2_BMCXQ9.pt,14,144,144,3,1,0.21924598000000003
avgpool_finegrained2_Q3BHKO.pt,14,72,72,2,2,0.08708213999999997
avgpool_finegrained2_N5BO4L.pt,14,83,83,2,2,0.016365479999999998
avgpool_finegrained2_0HKYPX.pt,14,45,45,2,2,0.08405892
avgpool_finegrained2_HRIHDR.pt,14,80,80,2,2,0.08675049999999997
avgpool_finegrained2_U26Y1L.pt,14,58,58,2,2,0.09534332000000001
avgpool_finegrained2_9X4KM8.pt,14,38,38,2,2,0.08952760000000001
avgpool_finegrained2_SHURWI.pt,14,66,66,2,2,0.08791488000000001
avgpool_finegrained2_BLLM8P.pt,14,79,79,2,2,0.10646007999999998
avgpool_finegrained2_WVJT1Q.pt,14,42,42,2,2,0.0835573
avgpool_finegrained2_7K989Y.pt,14,61,61,2,2,0.08974526000000001
avgpool_finegrained2_J6XSO8.pt,14,41,41,2,2,0.08209798000000003
avgpool_finegrained2_6B11YQ.pt,14,81,81,2,2,0.08852144
avgpool_finegrained2_Y96ZH0.pt,14,64,64,2,2,0.08687459999999998
avgpool_finegrained2_950PQZ.pt,14,85,85,2,2,0.09771165999999999
avgpool_finegrained2_Z1IMBW.pt,14,60,60,2,2,0.08856714000000004
avgpool_finegrained2_CLTEKJ.pt,14,52,52,2,2,0.08327523999999999
avgpool_finegrained2_NSK29B.pt,14,74,74,2,2,0.09269226000000001
avgpool_finegrained2_SHGIDO.pt,14,71,71,2,2,0.08895606000000003
avgpool_finegrained2_8QKV89.pt,14,53,53,2,2,0.08556453999999998
avgpool_finegrained2_R8F2ZH.pt,14,49,49,2,2,0.08490824
avgpool_finegrained2_YXY1Z7.pt,112,186,186,2,2,1.1061975599999996
avgpool_finegrained2_RK8WQO.pt,112,242,242,2,2,1.2601232
avgpool_finegrained2_MHQN2V.pt,112,174,174,2,2,1.3725239599999997
avgpool_finegrained2_5DXUT3.pt,112,189,189,2,2,1.4120752800000003
avgpool_finegrained2_U1VI8X.pt,112,188,188,2,2,1.19031812
avgpool_finegrained2_VEUMOI.pt,112,194,194,2,2,1.2090893200000001
avgpool_finegrained2_LJTLGG.pt,112,260,260,2,2,1.24871756
avgpool_finegrained2_3T4J4B.pt,112,211,211,2,2,1.3596213600000002
avgpool_finegrained2_PARDGH.pt,112,261,261,2,2,1.19918134
avgpool_finegrained2_4OFXVC.pt,112,259,259,2,2,1.33403754
avgpool_finegrained2_6P363V.pt,112,206,206,2,2,1.7548811599999998
avgpool_finegrained2_QPGSS4.pt,112,272,272,2,2,1.3582339599999995
avgpool_finegrained2_XGR4RL.pt,112,191,191,2,2,1.4815461399999996
avgpool_finegrained2_FXUXPQ.pt,112,220,220,2,2,1.3217813800000002
avgpool_finegrained2_K8GZDT.pt,112,243,243,2,2,1.1088026
avgpool_finegrained2_2A6QYV.pt,112,219,219,2,2,1.3909351599999997
avgpool_finegrained2_TI5GBN.pt,112,248,248,2,2,1.3802876599999998
avgpool_finegrained2_M7719H.pt,112,190,190,2,2,1.2670516199999997
avgpool_finegrained2_BFE42H.pt,112,196,196,2,2,1.2838844200000004
avgpool_finegrained2_XO4BUY.pt,112,144,144,2,2,1.18607584
avgpool_finegrained2_4AUV2Z.pt,56,173,173,2,2,0.6850546200000003
avgpool_finegrained2_XAC2J0.pt,56,172,172,2,2,0.7701951600000002
avgpool_finegrained2_LM3Q5L.pt,56,156,156,2,2,0.48272122
avgpool_finegrained2_WV55NE.pt,56,163,163,2,2,0.5744097599999999
avgpool_finegrained2_ZEEL4X.pt,56,219,219,2,2,0.8551458399999997
avgpool_finegrained2_5CMN46.pt,56,171,171,2,2,0.6097933599999998
avgpool_finegrained2_RU1VV3.pt,56,191,191,2,2,0.7572758200000003
avgpool_finegrained2_3E5QE4.pt,56,129,129,2,2,0.4942634800000001
avgpool_finegrained2_PRVRAN.pt,56,157,157,2,2,0.55943212
avgpool_finegrained2_2OTW5V.pt,56,230,230,2,2,0.6954173
avgpool_finegrained2_DDI5B6.pt,56,240,240,2,2,0.7624149600000003
avgpool_finegrained2_VLG3BC.pt,56,242,242,2,2,0.24685716
avgpool_finegrained2_G1PWCZ.pt,56,254,254,2,2,0.9594081
avgpool_finegrained2_94VRNV.pt,56,268,268,2,2,0.8033744399999998
avgpool_finegrained2_KF82H3.pt,56,224,224,2,2,0.6767679800000002
avgpool_finegrained2_6HLO8C.pt,56,265,265,2,2,0.80849888
avgpool_finegrained2_DW0S7H.pt,56,125,125,2,2,0.44316782000000005
avgpool_finegrained2_JLPGOS.pt,56,140,140,2,2,0.43829480000000004
avgpool_finegrained2_IATW2I.pt,56,209,209,2,2,0.8580490400000003
avgpool_finegrained2_4RB1OQ.pt,56,260,260,2,2,0.9051939399999998
avgpool_finegrained2_XL0B8C.pt,112,30,30,2,1,1.0964555
avgpool_finegrained2_1LWVXU.pt,112,41,41,2,1,1.1993408399999999
avgpool_finegrained2_21NS56.pt,112,53,53,2,1,1.12492308
avgpool_finegrained2_8J6L44.pt,112,39,39,2,1,1.1687731000000001
avgpool_finegrained2_PNDO75.pt,112,25,25,2,1,0.8990536199999998
avgpool_finegrained2_ROCRZJ.pt,112,52,52,2,1,1.1741481799999998
avgpool_finegrained2_V6XKFE.pt,112,31,31,2,1,1.28435498
avgpool_finegrained2_PWH3T2.pt,112,45,45,2,1,1.1646647199999998
avgpool_finegrained2_S2448J.pt,112,37,37,2,1,1.1814620800000002
avgpool_finegrained2_G1715E.pt,112,38,38,2,1,1.1329384
avgpool_finegrained2_12BYWB.pt,112,29,29,2,1,1.3170284199999998
avgpool_finegrained2_6YGU9J.pt,112,23,23,2,1,1.0918032599999998
avgpool_finegrained2_DE5L42.pt,112,35,35,2,1,1.10190928
avgpool_finegrained2_PADOFM.pt,112,50,50,2,1,1.3541522200000002
avgpool_finegrained2_IFHHLW.pt,112,54,54,2,1,1.28689338
avgpool_finegrained2_WFR5PO.pt,112,24,24,2,1,1.1617759999999993
avgpool_finegrained2_LQMD4W.pt,112,44,44,2,1,1.2507388400000001
avgpool_finegrained2_JNC0VT.pt,112,34,34,2,1,1.3080085399999999
avgpool_finegrained2_GZ5PP8.pt,112,26,26,2,1,1.1427700800000002
avgpool_finegrained2_PWX938.pt,112,40,40,2,1,1.1426994000000004
avgpool_finegrained2_BYRYYN.pt,14,95,95,3,2,0.09265025999999996
avgpool_finegrained2_DQGLHW.pt,14,71,71,3,2,0.11111198
avgpool_finegrained2_GRLDAW.pt,14,114,114,3,2,0.10707406000000001
avgpool_finegrained2_LT4CMA.pt,14,82,82,3,2,0.09932656000000004
avgpool_finegrained2_QJI9EW.pt,14,56,56,3,2,0.08674548000000001
avgpool_finegrained2_DG1DTJ.pt,14,76,76,3,2,0.08947908
avgpool_finegrained2_99N2KC.pt,14,88,88,3,2,0.09540166
avgpool_finegrained2_G9UTOB.pt,14,65,65,3,2,0.08586824000000001
avgpool_finegrained2_4VZLB3.pt,14,59,59,3,2,0.08605093999999999
avgpool_finegrained2_1E4OS0.pt,14,80,80,3,2,0.09512246000000003
avgpool_finegrained2_BR4689.pt,14,100,100,3,2,0.10007506000000001
avgpool_finegrained2_0IU2TN.pt,14,72,72,3,2,0.0913112
avgpool_finegrained2_FUV6D4.pt,14,81,81,3,2,0.09118252000000002
avgpool_finegrained2_VYVL4A.pt,14,64,64,3,2,0.08791916000000001
avgpool_finegrained2_6KPTX6.pt,14,98,98,3,2,0.09404082000000002
avgpool_finegrained2_0A076S.pt,14,58,58,3,2,0.09504006000000002
avgpool_finegrained2_LQ1WTU.pt,14,112,112,3,2,0.09276431999999998
avgpool_finegrained2_ZFPNLH.pt,14,69,69,3,2,0.08451542
avgpool_finegrained2_EMXI07.pt,14,115,115,3,2,0.10464302000000002
avgpool_finegrained2_LMGEL7.pt,14,113,113,3,2,0.09364498000000002
avgpool_finegrained2_DHPANI.pt,28,430,430,2,2,0.36305366000000006
avgpool_finegrained2_5ZI1DZ.pt,28,547,547,2,2,0.15443078
avgpool_finegrained2_9W8AXD.pt,28,936,936,2,2,0.7383187200000002
avgpool_finegrained2_YSHM7I.pt,28,959,959,2,2,0.7710670400000003
avgpool_finegrained2_C1MW08.pt,28,691,691,2,2,0.5648500399999999
avgpool_finegrained2_OF3Q39.pt,28,567,567,2,2,0.4809722
avgpool_finegrained2_F2COGM.pt,28,889,889,2,2,0.7701871600000001
avgpool_finegrained2_0QURWK.pt,28,845,845,2,2,0.70089882
avgpool_finegrained2_IUCSAT.pt,28,732,732,2,2,0.6295568799999999
avgpool_finegrained2_WYLFEX.pt,28,737,737,2,2,0.5840763600000002
avgpool_finegrained2_Y9ILET.pt,28,615,615,2,2,0.56034872
avgpool_finegrained2_7CJ7DM.pt,28,576,576,2,2,0.52635766
avgpool_finegrained2_4D65DS.pt,28,672,672,2,2,0.6575741799999997
avgpool_finegrained2_N8IBLL.pt,28,875,875,2,2,0.77847678
avgpool_finegrained2_NA7VC2.pt,28,683,683,2,2,0.6006608400000001
avgpool_finegrained2_SZFW6U.pt,28,835,835,2,2,0.9173128000000003
avgpool_finegrained2_ZPR7VT.pt,28,945,945,2,2,0.7972100599999998
avgpool_finegrained2_0UF6TJ.pt,28,437,437,2,2,0.36627200000000004
avgpool_finegrained2_MKLDB2.pt,28,617,617,2,2,0.57201794
avgpool_finegrained2_L9S8QP.pt,28,662,662,2,2,0.5365891000000002
avgpool_finegrained2_J969M0.pt,14,221,221,3,2,0.11404048
avgpool_finegrained2_JZNRSC.pt,14,226,226,3,2,0.11302627999999998
avgpool_finegrained2_0YSASM.pt,14,233,233,3,2,0.14694668
avgpool_finegrained2_3IALCL.pt,14,203,203,3,2,0.11051070000000005
avgpool_finegrained2_DB4WOL.pt,14,152,152,3,2,0.10187194
avgpool_finegrained2_0TDR33.pt,14,120,120,3,2,0.09889484000000001
avgpool_finegrained2_PRNTPL.pt,14,187,187,3,2,0.10838763999999998
avgpool_finegrained2_L8X437.pt,14,168,168,3,2,0.12713464
avgpool_finegrained2_NK6R3B.pt,14,167,167,3,2,0.10679162000000003
avgpool_finegrained2_5AM1YA.pt,14,129,129,3,2,0.10887135999999999
avgpool_finegrained2_PNM198.pt,14,139,139,3,2,0.1006829
avgpool_finegrained2_MSL87T.pt,14,144,144,3,2,0.10172642000000001
avgpool_finegrained2_XOC687.pt,14,131,131,3,2,0.09974853999999997
avgpool_finegrained2_TSL8AV.pt,14,138,138,3,2,0.10130106000000003
avgpool_finegrained2_U02OAD.pt,14,213,213,3,2,0.1154814
avgpool_finegrained2_ZLIAEH.pt,14,118,118,3,2,0.09970986
avgpool_finegrained2_TNXQO4.pt,14,135,135,3,2,0.09910412
avgpool_finegrained2_S44UW9.pt,14,154,154,3,2,0.14131621999999996
avgpool_finegrained2_PRZK22.pt,14,125,125,3,2,0.09602975999999998
avgpool_finegrained2_AJI1BO.pt,14,222,222,3,2,0.11379779999999999
avgpool_finegrained2_AKKG96.pt,56,69,69,3,2,0.29308170000000006
avgpool_finegrained2_9LFC3Z.pt,56,71,71,3,2,0.3299104800000001
avgpool_finegrained2_Y88CID.pt,56,82,82,3,2,0.5109521000000001
avgpool_finegrained2_72DP08.pt,56,55,55,3,2,0.2802840199999999
avgpool_finegrained2_JT71KX.pt,56,73,73,3,2,0.3078385800000001
avgpool_finegrained2_UJHSIG.pt,56,88,88,3,2,0.35299522000000005
avgpool_finegrained2_0NHKY1.pt,56,47,47,3,2,0.2537295600000001
avgpool_finegrained2_DNZYP7.pt,56,86,86,3,2,0.33645717999999997
avgpool_finegrained2_HTKE5X.pt,56,44,44,3,2,0.2073008
avgpool_finegrained2_LW5C9E.pt,56,72,72,3,2,0.39116026000000004
avgpool_finegrained2_BM12XQ.pt,56,54,54,3,2,0.2760452
avgpool_finegrained2_3D9LDI.pt,56,64,64,3,2,0.09563253999999997
avgpool_finegrained2_1MKIQK.pt,56,80,80,3,2,0.3716263399999999
avgpool_finegrained2_JHBE8L.pt,56,53,53,3,2,0.2679944
avgpool_finegrained2_7PDPH9.pt,56,48,48,3,2,0.21835083999999993
avgpool_finegrained2_8YW4YH.pt,56,76,76,3,2,0.30222822
avgpool_finegrained2_ATEMS7.pt,56,40,40,3,2,0.1955789
avgpool_finegrained2_4FOSU7.pt,56,37,37,3,2,0.2290243799999999
avgpool_finegrained2_GE2ZG2.pt,56,56,56,3,2,0.33876767999999985
avgpool_finegrained2_ZKAUYS.pt,56,78,78,3,2,0.5213374600000001
avgpool_finegrained2_HT491R.pt,14,532,532,2,2,0.16393300000000002
avgpool_finegrained2_RTT394.pt,14,397,397,2,2,0.13982705999999998
avgpool_finegrained2_J1H59I.pt,14,386,386,2,2,0.14109818000000002
avgpool_finegrained2_5IAWGS.pt,14,359,359,2,2,0.13244742
avgpool_finegrained2_LD6PRE.pt,14,457,457,2,2,0.1507548
avgpool_finegrained2_1UAZUR.pt,14,256,256,2,2,0.115496
avgpool_finegrained2_3WDP8H.pt,14,403,403,2,2,0.14158474000000001
avgpool_finegrained2_UI6VJI.pt,14,428,428,2,2,0.14560756
avgpool_finegrained2_VLM9AZ.pt,14,389,389,2,2,0.1396393
avgpool_finegrained2_D68MLC.pt,14,500,500,2,2,0.15854214000000003
avgpool_finegrained2_16LVC0.pt,14,530,530,2,2,0.1640567599999999
avgpool_finegrained2_B3O1SW.pt,14,373,373,2,2,0.13966064000000003
avgpool_finegrained2_1CMPNB.pt,14,463,463,2,2,0.16104916
avgpool_finegrained2_CI2CO2.pt,14,490,490,2,2,0.15855462
avgpool_finegrained2_Y0Z364.pt,14,301,301,2,2,0.12418486
avgpool_finegrained2_YWMH75.pt,14,296,296,2,2,0.12343862000000001
avgpool_finegrained2_KBMZI1.pt,14,591,591,2,2,0.17379049999999996
avgpool_finegrained2_4UI2CR.pt,14,486,486,2,2,0.15567352
avgpool_finegrained2_72EZ2Y.pt,14,585,585,2,2,0.27699248
avgpool_finegrained2_PGGVXF.pt,14,567,567,2,2,0.17160351999999993
avgpool_finegrained2_M4O6ZQ.pt,56,107,107,3,2,0.3919338599999998
avgpool_finegrained2_XKBXBB.pt,56,96,96,3,2,0.3652478
avgpool_finegrained2_OK8XUX.pt,56,91,91,3,2,0.34882171999999995
avgpool_finegrained2_YHJL0N.pt,56,68,68,3,2,0.32616881999999997
avgpool_finegrained2_LXDO26.pt,56,94,94,3,2,0.46577338000000007
avgpool_finegrained2_9M9AA7.pt,56,59,59,3,2,0.2994337399999999
avgpool_finegrained2_XL48H5.pt,56,85,85,3,2,0.35162205999999996
avgpool_finegrained2_55JL4N.pt,56,52,52,3,2,0.23311695999999998
avgpool_finegrained2_I0FS54.pt,56,101,101,3,2,0.37715608
avgpool_finegrained2_T65QTR.pt,56,47,47,3,2,0.31627289999999997
avgpool_finegrained2_WKK7DZ.pt,56,55,55,3,2,0.39014891999999995
avgpool_finegrained2_60DDM4.pt,56,71,71,3,2,0.32539298
avgpool_finegrained2_ND4QPE.pt,56,67,67,3,2,0.33795586
avgpool_finegrained2_YQHN9H.pt,56,57,57,3,2,0.3145404999999999
avgpool_finegrained2_P3B8YF.pt,56,90,90,3,2,0.3390536
avgpool_finegrained2_KRCEO4.pt,56,95,95,3,2,0.3889716399999999
avgpool_finegrained2_PAU3G8.pt,56,82,82,3,2,0.31893681999999995
avgpool_finegrained2_HZIIVX.pt,56,103,103,3,2,0.38077495999999994
avgpool_finegrained2_0UHSZP.pt,56,84,84,3,2,0.3227386
avgpool_finegrained2_61NR5Z.pt,56,80,80,3,2,0.30890922000000004
avgpool_finegrained2_2IC92R.pt,112,324,324,2,2,1.30925934
avgpool_finegrained2_L8808O.pt,112,301,301,2,2,1.16138464
avgpool_finegrained2_VCZPRT.pt,112,241,241,2,2,1.3660021400000004
avgpool_finegrained2_EHEIHN.pt,112,348,348,2,2,1.5108007199999998
avgpool_finegrained2_SC6GYY.pt,112,205,205,2,2,1.31292044
avgpool_finegrained2_5LU0UD.pt,112,335,335,2,2,1.4786157200000005
avgpool_finegrained2_QWPIFI.pt,112,161,161,2,2,1.30277932
avgpool_finegrained2_PEZDS2.pt,112,153,153,2,2,1.2888022799999999
avgpool_finegrained2_W422MM.pt,112,218,218,2,2,1.2200562200000002
avgpool_finegrained2_6JZ4B0.pt,112,220,220,2,2,1.37760586
avgpool_finegrained2_CIFWN1.pt,112,347,347,2,2,1.4857999199999998
avgpool_finegrained2_RXRDM3.pt,112,235,235,2,2,1.3700352399999998
avgpool_finegrained2_Y5Z350.pt,112,314,314,2,2,1.6145910399999999
avgpool_finegrained2_O6P2H1.pt,112,275,275,2,2,1.2600612599999996
avgpool_finegrained2_I983I4.pt,112,338,338,2,2,1.4924598799999997
avgpool_finegrained2_R8MZTW.pt,112,227,227,2,2,1.3287338000000002
avgpool_finegrained2_YZEDIT.pt,112,303,303,2,2,1.43148256
avgpool_finegrained2_B7NKOT.pt,112,163,163,2,2,1.2194215400000001
avgpool_finegrained2_KOYE47.pt,112,318,318,2,2,1.2471671799999997
avgpool_finegrained2_V12DI2.pt,112,291,291,2,2,1.2820352000000002
avgpool_finegrained2_1T0GYJ.pt,56,67,67,3,2,0.36357663999999995
avgpool_finegrained2_V6H0NI.pt,56,53,53,3,2,0.27840692
avgpool_finegrained2_PX6HNG.pt,56,41,41,3,2,0.20035466
avgpool_finegrained2_9NUNNW.pt,56,45,45,3,2,0.21008328
avgpool_finegrained2_N30RPP.pt,56,60,60,3,2,0.25490542
avgpool_finegrained2_RWKC67.pt,56,78,78,3,2,0.36661086000000004
avgpool_finegrained2_09VPHP.pt,56,55,55,3,2,0.3778713999999999
avgpool_finegrained2_19WDGA.pt,56,56,56,3,2,0.3042752799999999
avgpool_finegrained2_7ZVLYB.pt,56,33,33,3,2,0.17918694
avgpool_finegrained2_M8Y7YU.pt,56,50,50,3,2,0.24108651999999992
avgpool_finegrained2_B0XSU4.pt,56,58,58,3,2,0.2532796
avgpool_finegrained2_WDCI5K.pt,56,37,37,3,2,0.19101876000000004
avgpool_finegrained2_MO2OU7.pt,56,34,34,3,2,0.18138828
avgpool_finegrained2_A0F4MM.pt,56,39,39,3,2,0.1944038
avgpool_finegrained2_FT8J7Q.pt,56,76,76,3,2,0.30613081999999986
avgpool_finegrained2_TY6B26.pt,56,52,52,3,2,0.28207941999999997
avgpool_finegrained2_4EKIGE.pt,56,57,57,3,2,0.29727664
avgpool_finegrained2_5TPHKV.pt,56,72,72,3,2,0.33287096
avgpool_finegrained2_V33LUW.pt,56,70,70,3,2,0.2862318
avgpool_finegrained2_800NXW.pt,56,48,48,3,2,0.26036708000000003
avgpool_finegrained2_T7H9WW.pt,28,43,43,3,1,0.22755642000000006
avgpool_finegrained2_ZSQ31O.pt,28,52,52,3,1,0.22663284000000006
avgpool_finegrained2_INZUYU.pt,28,68,68,3,1,0.32591435999999996
avgpool_finegrained2_V8J2XN.pt,28,55,55,3,1,0.2773705999999999
avgpool_finegrained2_9B11M4.pt,28,72,72,3,1,0.28568488
avgpool_finegrained2_RK3TTM.pt,28,63,63,3,1,0.4121967
avgpool_finegrained2_SZIJWU.pt,28,50,50,3,1,0.27813312
avgpool_finegrained2_F8VZRH.pt,28,32,32,3,1,0.1977505
avgpool_finegrained2_E1AEY7.pt,28,73,73,3,1,0.34436476
avgpool_finegrained2_ZWG6EG.pt,28,59,59,3,1,0.2873580399999999
avgpool_finegrained2_Z97Z0W.pt,28,42,42,3,1,0.20387175999999993
avgpool_finegrained2_VNB8MV.pt,28,54,54,3,1,0.05074238000000001
avgpool_finegrained2_Q4MJXQ.pt,28,48,48,3,1,0.21132982000000003
avgpool_finegrained2_NJCAAT.pt,28,69,69,3,1,0.4007365400000002
avgpool_finegrained2_344T3I.pt,28,37,37,3,1,0.20482776000000005
avgpool_finegrained2_RFPKBQ.pt,28,49,49,3,1,0.23014817999999992
avgpool_finegrained2_6W5UDV.pt,28,45,45,3,1,0.20800879999999997
avgpool_finegrained2_5SKRD2.pt,28,35,35,3,1,0.17670156000000004
avgpool_finegrained2_H2IT2X.pt,28,39,39,3,1,0.19045388000000008
avgpool_finegrained2_3TGI2D.pt,28,75,75,3,1,0.29734842
avgpool_finegrained2_8VUSXW.pt,112,46,46,2,2,0.6436651200000001
avgpool_finegrained2_6ZDUMS.pt,112,38,38,2,2,0.538383
avgpool_finegrained2_83ZO2I.pt,112,25,25,2,2,0.3364505
avgpool_finegrained2_V757FY.pt,112,59,59,2,2,0.86599268
avgpool_finegrained2_FNLLCP.pt,112,49,49,2,2,0.7033057399999998
avgpool_finegrained2_E57E3Q.pt,112,55,55,2,2,0.9694688799999999
avgpool_finegrained2_2TIOO4.pt,112,34,34,2,2,0.5918422599999998
avgpool_finegrained2_2JYXOJ.pt,112,51,51,2,2,0.6712961800000001
avgpool_finegrained2_VT24QF.pt,112,48,48,2,2,0.7411863200000001
avgpool_finegrained2_ZDWOE9.pt,112,28,28,2,2,0.43678886
avgpool_finegrained2_UL84MK.pt,112,45,45,2,2,0.56365912
avgpool_finegrained2_OMJASS.pt,112,44,44,2,2,0.5473129199999999
avgpool_finegrained2_D16P0U.pt,112,29,29,2,2,0.5276281200000001
avgpool_finegrained2_HNNOXG.pt,112,50,50,2,2,0.62976452
avgpool_finegrained2_KIKFLK.pt,112,37,37,2,2,0.6749474
avgpool_finegrained2_OKLFAH.pt,112,30,30,2,2,0.39234982
avgpool_finegrained2_TM3UCU.pt,112,36,36,2,2,0.4441770800000001
avgpool_finegrained2_84R5WI.pt,112,26,26,2,2,0.3489056800000001
avgpool_finegrained2_C08F5D.pt,112,33,33,2,2,0.4740010600000001
avgpool_finegrained2_XRDCFZ.pt,112,54,54,2,2,0.8140101999999999
avgpool_finegrained2_W58BJM.pt,14,44,44,3,1,0.1330058
avgpool_finegrained2_1XFFW5.pt,14,75,75,3,1,0.13246807999999996
avgpool_finegrained2_9MEO9R.pt,14,79,79,3,1,0.1369867
avgpool_finegrained2_N3IS3L.pt,14,38,38,3,1,0.14180733999999995
avgpool_finegrained2_COFS6O.pt,14,63,63,3,1,0.12038407999999996
avgpool_finegrained2_56U20F.pt,14,46,46,3,1,0.10597700000000002
avgpool_finegrained2_7I9B9V.pt,14,42,42,3,1,0.0688072
avgpool_finegrained2_0YU49L.pt,14,64,64,3,1,0.13660503999999998
avgpool_finegrained2_J4IBQR.pt,14,87,87,3,1,0.13755160000000002
avgpool_finegrained2_NTJTVY.pt,14,61,61,3,1,0.12553868000000004
avgpool_finegrained2_9HNRI5.pt,14,89,89,3,1,0.14030182
avgpool_finegrained2_PNV0MF.pt,14,40,40,3,1,0.10292018000000003
avgpool_finegrained2_UNTPEH.pt,14,85,85,3,1,0.16175930000000002
avgpool_finegrained2_7SH61Z.pt,14,58,58,3,1,0.12782456
avgpool_finegrained2_S3KVKV.pt,14,78,78,3,1,0.14532956000000002
avgpool_finegrained2_OBXNLL.pt,14,48,48,3,1,0.10210544000000002
avgpool_finegrained2_2LV7YO.pt,14,50,50,3,1,0.13401019999999997
avgpool_finegrained2_BB6299.pt,14,74,74,3,1,0.12968583999999997
avgpool_finegrained2_V3G1U1.pt,14,62,62,3,1,0.11769576000000001
avgpool_finegrained2_AL94G4.pt,14,71,71,3,1,0.14340159999999996
avgpool_finegrained2_2N7IGZ.pt,112,216,216,3,2,1.5179446600000006
avgpool_finegrained2_G8XZ31.pt,112,143,143,3,2,0.6775682599999999
avgpool_finegrained2_XB2R4V.pt,112,296,296,3,2,1.74301018
avgpool_finegrained2_E1W8N5.pt,112,219,219,3,2,1.55200908
avgpool_finegrained2_XRNUJU.pt,112,218,218,3,2,1.5724320399999998
avgpool_finegrained2_DTTCC1.pt,112,260,260,3,2,1.3481170799999997
avgpool_finegrained2_Z5PDK9.pt,112,127,127,3,2,1.1847300200000002
avgpool_finegrained2_OFDRTS.pt,112,214,214,3,2,1.37884192
avgpool_finegrained2_YXIEMI.pt,112,152,152,3,2,1.3562240000000003
avgpool_finegrained2_61JV43.pt,112,210,210,3,2,1.6231843000000001
avgpool_finegrained2_KOG635.pt,112,221,221,3,2,1.5117637599999998
avgpool_finegrained2_02HXHP.pt,112,201,201,3,2,1.2801085399999999
avgpool_finegrained2_0AZYU2.pt,112,244,244,3,2,1.5819297599999995
avgpool_finegrained2_Q1XIOY.pt,112,133,133,3,2,1.3357825599999997
avgpool_finegrained2_XOJMUE.pt,112,231,231,3,2,1.3517954399999998
avgpool_finegrained2_8V8PFJ.pt,112,215,215,3,2,1.3699589799999998
avgpool_finegrained2_YIW0BD.pt,112,267,267,3,2,1.4988748200000002
avgpool_finegrained2_WHW86O.pt,112,251,251,3,2,1.2949024
avgpool_finegrained2_8MFXLY.pt,112,253,253,3,2,1.3784777400000001
avgpool_finegrained2_88Y0MZ.pt,112,191,191,3,2,1.4532659799999996
avgpool_finegrained2_41TGDS.pt,28,291,291,3,2,0.29216702
avgpool_finegrained2_7W7ITW.pt,28,198,198,3,2,0.2245047
avgpool_finegrained2_FKQWWC.pt,28,171,171,3,2,0.20458012
avgpool_finegrained2_V3AN5Z.pt,28,269,269,3,2,0.31755642
avgpool_finegrained2_2J5R0G.pt,28,363,363,3,2,0.37816962000000004
avgpool_finegrained2_YKS76I.pt,28,181,181,3,2,0.23920106000000005
avgpool_finegrained2_GLL6E3.pt,28,404,404,3,2,0.4506773799999999
avgpool_finegrained2_QIJ9IG.pt,28,294,294,3,2,0.30225194
avgpool_finegrained2_ULYG4Y.pt,28,386,386,3,2,0.48884636000000015
avgpool_finegrained2_1SE6LT.pt,28,369,369,3,2,0.47288758000000003
avgpool_finegrained2_JJ3DW5.pt,28,241,241,3,2,0.30200754
avgpool_finegrained2_UF8RTX.pt,28,248,248,3,2,0.30799740000000003
avgpool_finegrained2_F31DE7.pt,28,284,284,3,2,0.37937618
avgpool_finegrained2_T58C9V.pt,28,402,402,3,2,0.40539361999999995
avgpool_finegrained2_R6Z0LZ.pt,28,345,345,3,2,0.33760241999999996
avgpool_finegrained2_N9BIG7.pt,28,196,196,3,2,0.2246484199999999
avgpool_finegrained2_T566HA.pt,28,372,372,3,2,0.47093654
avgpool_finegrained2_U4NUXV.pt,28,368,368,3,2,0.3592004399999999
avgpool_finegrained2_5MOZEY.pt,28,308,308,3,2,0.31867844000000006
avgpool_finegrained2_9BX788.pt,28,204,204,3,2,0.29041752
avgpool_finegrained2_7KQ6ER.pt,28,386,386,2,2,0.341482
avgpool_finegrained2_Q2SPCD.pt,28,594,594,2,2,0.50700398
avgpool_finegrained2_1IZPBU.pt,28,557,557,2,2,0.52608262
avgpool_finegrained2_K4HBSZ.pt,28,366,366,2,2,0.4019545999999999
avgpool_finegrained2_QKNZMX.pt,28,314,314,2,2,0.41797584
avgpool_finegrained2_QF4RZU.pt,28,380,380,2,2,0.41858038000000003
avgpool_finegrained2_KD4IKY.pt,28,420,420,2,2,0.3940761200000001
avgpool_finegrained2_ROEK99.pt,28,308,308,2,2,0.42547426
avgpool_finegrained2_74YLR1.pt,28,598,598,2,2,0.5938921199999998
avgpool_finegrained2_NILWX0.pt,28,453,453,2,2,0.38376393999999986
avgpool_finegrained2_JAMPO5.pt,28,459,459,2,2,0.4863189599999999
avgpool_finegrained2_0DROJN.pt,28,637,637,2,2,0.10159862
avgpool_finegrained2_5CZKMH.pt,28,608,608,2,2,0.48523337999999994
avgpool_finegrained2_YVWAVK.pt,28,415,415,2,2,0.37171620000000005
avgpool_finegrained2_L4W2LW.pt,28,539,539,2,2,0.4925188799999999
avgpool_finegrained2_HDFHBS.pt,28,328,328,2,2,0.29789494000000005
avgpool_finegrained2_V7LZID.pt,28,408,408,2,2,0.34586142000000003
avgpool_finegrained2_OSUPPS.pt,28,530,530,2,2,0.4972301200000001
avgpool_finegrained2_URA41G.pt,28,274,274,2,2,0.31785818000000005
avgpool_finegrained2_ZOGGQP.pt,28,426,426,2,2,0.42844661999999983
avgpool_finegrained2_ZM2RIS.pt,56,294,294,2,2,0.9142402600000002
avgpool_finegrained2_L9SKM7.pt,56,265,265,2,2,0.8257590399999998
avgpool_finegrained2_CV8K3V.pt,56,260,260,2,2,0.7697006800000002
avgpool_finegrained2_MFZP31.pt,56,210,210,2,2,0.7441105200000001
avgpool_finegrained2_SZ6KTA.pt,56,233,233,2,2,0.6932854000000002
avgpool_finegrained2_Y13W89.pt,56,287,287,2,2,0.9422862800000005
avgpool_finegrained2_V5FLBY.pt,56,166,166,2,2,0.5267985199999999
avgpool_finegrained2_0D8ERN.pt,56,163,163,2,2,0.5751441199999999
avgpool_finegrained2_3AHF9L.pt,56,247,247,2,2,0.74188796
avgpool_finegrained2_DKAZ5L.pt,56,313,313,2,2,0.9213098600000003
avgpool_finegrained2_1OCQCM.pt,56,270,270,2,2,0.8647864799999999
avgpool_finegrained2_VD44SC.pt,56,334,334,2,2,0.9869014399999999
avgpool_finegrained2_YKW981.pt,56,289,289,2,2,1.0352015800000003
avgpool_finegrained2_HV0IMG.pt,56,240,240,2,2,0.9101944800000003
avgpool_finegrained2_S4UCWO.pt,56,309,309,2,2,0.9298015399999998
avgpool_finegrained2_S2IHYU.pt,56,177,177,2,2,0.560276
avgpool_finegrained2_ZJ7NIX.pt,56,318,318,2,2,1.0033910399999997
avgpool_finegrained2_KB84JR.pt,56,230,230,2,2,0.6965847
avgpool_finegrained2_ZPBAMQ.pt,56,329,329,2,2,0.9598621600000001
avgpool_finegrained2_4PA61P.pt,56,249,249,2,2,0.92608178
avgpool_finegrained2_UZ99CU.pt,28,368,368,3,2,0.47493172000000006
avgpool_finegrained2_3OTVW6.pt,28,599,599,3,2,0.58968272
avgpool_finegrained2_4WNVW3.pt,28,404,404,3,2,0.45525105999999993
avgpool_finegrained2_S4TPUD.pt,28,674,674,3,2,0.93743934
avgpool_finegrained2_EWBWOJ.pt,28,715,715,3,2,0.7048368400000001
avgpool_finegrained2_0PUNF0.pt,28,701,701,3,2,0.6205450999999997
avgpool_finegrained2_ZUAXVH.pt,28,342,342,3,2,0.33315136
avgpool_finegrained2_NB5HAR.pt,28,700,700,3,2,0.6177576199999999
avgpool_finegrained2_0G4J5R.pt,28,660,660,3,2,0.5789117
avgpool_finegrained2_X9AOXF.pt,28,780,780,3,2,0.9621838199999999
avgpool_finegrained2_O436V7.pt,28,790,790,3,2,0.7337925399999999
avgpool_finegrained2_07QKHB.pt,28,542,542,3,2,0.4850469600000001
avgpool_finegrained2_P0SJR9.pt,28,540,540,3,2,0.4846734399999999
avgpool_finegrained2_R9LYHR.pt,28,469,469,3,2,0.44975965999999995
avgpool_finegrained2_JMJIXF.pt,28,397,397,3,2,0.37209008000000005
avgpool_finegrained2_UAWIES.pt,28,574,574,3,2,0.6554497400000001
avgpool_finegrained2_XF8U3M.pt,28,569,569,3,2,0.5974299
avgpool_finegrained2_CMZ5LE.pt,28,565,565,3,2,0.5037475
avgpool_finegrained2_QPJXKQ.pt,28,510,510,3,2,0.53972064
avgpool_finegrained2_W3DBZO.pt,28,743,743,3,2,0.6447805199999999
avgpool_finegrained2_P0G6NN.pt,28,78,78,2,2,0.13166619999999998
avgpool_finegrained2_J71ENK.pt,28,48,48,2,2,0.02300558
avgpool_finegrained2_T8EN3I.pt,28,37,37,2,2,0.10202079999999997
avgpool_finegrained2_33CCOP.pt,28,65,65,2,2,0.11809509999999995
avgpool_finegrained2_4C0Y9B.pt,28,59,59,2,2,0.11518166000000005
avgpool_finegrained2_C1HTVF.pt,28,52,52,2,2,0.11372391999999999
avgpool_finegrained2_UKGIVX.pt,28,53,53,2,2,0.1125162
avgpool_finegrained2_HYXZ3F.pt,28,74,74,2,2,0.12479765999999996
avgpool_finegrained2_Y5HK9H.pt,28,71,71,2,2,0.12384166
avgpool_finegrained2_SHY1B4.pt,28,40,40,2,2,0.10348273999999998
avgpool_finegrained2_XSVXB2.pt,28,84,84,2,2,0.13160096000000002
avgpool_finegrained2_KB4B4W.pt,28,70,70,2,2,0.13081446000000005
avgpool_finegrained2_X9H7W1.pt,28,46,46,2,2,0.12607468
avgpool_finegrained2_P2VQ8O.pt,28,80,80,2,2,0.18372264000000002
avgpool_finegrained2_XTQU99.pt,28,45,45,2,2,0.11910547999999999
avgpool_finegrained2_B7A0X2.pt,28,42,42,2,2,0.10302813999999999
avgpool_finegrained2_FFAJ8I.pt,28,57,57,2,2,0.11898601999999997
avgpool_finegrained2_P1Y2TW.pt,28,41,41,2,2,0.09979156
avgpool_finegrained2_N3F8NE.pt,28,75,75,2,2,0.13940916
avgpool_finegrained2_N805YJ.pt,28,44,44,2,2,0.10437883999999999
avgpool_finegrained2_A985DY.pt,28,183,183,3,1,0.7068904199999999
avgpool_finegrained2_WQP182.pt,28,190,190,3,1,0.8424987800000001
avgpool_finegrained2_IX8R6C.pt,28,203,203,3,1,0.9329283
avgpool_finegrained2_NVAJNF.pt,28,120,120,3,1,0.52125746
avgpool_finegrained2_VAEM1E.pt,28,234,234,3,1,0.94862358
avgpool_finegrained2_X9KYQW.pt,28,146,146,3,1,0.5006152199999998
avgpool_finegrained2_Z0BERX.pt,28,231,231,3,1,0.8740690799999998
avgpool_finegrained2_H3DX1W.pt,28,159,159,3,1,0.5404194200000001
avgpool_finegrained2_1L5ORO.pt,28,239,239,3,1,0.82497668
avgpool_finegrained2_96JYAD.pt,28,177,177,3,1,0.6797439199999998
avgpool_finegrained2_TB6VKG.pt,28,130,130,3,1,0.6116102999999999
avgpool_finegrained2_B53XIH.pt,28,127,127,3,1,0.49380087999999994
avgpool_finegrained2_3S24EZ.pt,28,161,161,3,1,0.67237282
avgpool_finegrained2_G74T8B.pt,28,271,271,3,1,0.8711917799999996
avgpool_finegrained2_1V3VXA.pt,28,272,272,3,1,0.8677763800000001
avgpool_finegrained2_HXAWJ7.pt,28,242,242,3,1,0.7961204800000001
avgpool_finegrained2_6832HZ.pt,28,216,216,3,1,0.7247380600000001
avgpool_finegrained2_A31DQ4.pt,28,258,258,3,1,0.8655223600000003
avgpool_finegrained2_N4YS47.pt,28,117,117,3,1,0.4552996000000002
avgpool_finegrained2_FNX1LH.pt,28,153,153,3,1,0.6565774600000002
avgpool_finegrained2_STAZ7K.pt,112,165,165,3,2,1.2985153199999997
avgpool_finegrained2_MLB7YM.pt,112,107,107,3,2,1.1379572199999999
avgpool_finegrained2_2F86SX.pt,112,173,173,3,2,1.3765338399999996
avgpool_finegrained2_EZ41PU.pt,112,181,181,3,2,1.454176
avgpool_finegrained2_YMWY9K.pt,112,166,166,3,2,1.40582638
avgpool_finegrained2_UV5DVW.pt,112,116,116,3,2,1.2426646600000002
avgpool_finegrained2_1FI97L.pt,112,94,94,3,2,1.1899085799999995
avgpool_finegrained2_LN4P9K.pt,112,150,150,3,2,1.3603168199999993
avgpool_finegrained2_43CKNF.pt,112,182,182,3,2,1.3260785
avgpool_finegrained2_GGNPAL.pt,112,79,79,3,2,1.0198152399999998
avgpool_finegrained2_0HVX32.pt,112,128,128,3,2,1.2524032200000002
avgpool_finegrained2_W01XCR.pt,112,92,92,3,2,0.28754396
avgpool_finegrained2_F4Y6J5.pt,112,85,85,3,2,1.1476905600000002
avgpool_finegrained2_R0PPYT.pt,112,96,96,3,2,1.2019210999999996
avgpool_finegrained2_K469UM.pt,112,138,138,3,2,1.3436824400000003
avgpool_finegrained2_VB0C9Y.pt,112,121,121,3,2,1.32414336
avgpool_finegrained2_8IJ61R.pt,112,90,90,3,2,1.1496463799999999
avgpool_finegrained2_P5CDN8.pt,112,99,99,3,2,1.2389538599999999
avgpool_finegrained2_C314DB.pt,112,132,132,3,2,1.4091662400000002
avgpool_finegrained2_WW12GH.pt,112,168,168,3,2,1.3387868399999996
avgpool_finegrained2_LMBUER.pt,28,46,46,2,2,0.10867273999999999
avgpool_finegrained2_4PB1XQ.pt,28,48,48,2,2,0.10815981999999998
avgpool_finegrained2_BESNDA.pt,28,73,73,2,2,0.12468615999999999
avgpool_finegrained2_KIKC5H.pt,28,63,63,2,2,0.11830003999999997
avgpool_finegrained2_1X22NX.pt,28,32,32,2,2,0.09626288000000001
avgpool_finegrained2_8VSWM7.pt,28,59,59,2,2,0.11590900000000001
avgpool_finegrained2_UOMJ99.pt,28,60,60,2,2,0.11602215999999999
avgpool_finegrained2_ZU5MIH.pt,28,38,38,2,2,0.10149220000000002
avgpool_finegrained2_IIQDO1.pt,28,56,56,2,2,0.11741192000000002
avgpool_finegrained2_ILYN6L.pt,28,57,57,2,2,0.11332365999999999
avgpool_finegrained2_KNDAQW.pt,28,65,65,2,2,0.11950314000000002
avgpool_finegrained2_TUJJ7S.pt,28,68,68,2,2,0.12171217999999998
avgpool_finegrained2_E7B72T.pt,28,47,47,2,2,0.10771526000000002
avgpool_finegrained2_XQHBWD.pt,28,54,54,2,2,0.10959684000000003
avgpool_finegrained2_QTZY09.pt,28,34,34,2,2,0.08632526
avgpool_finegrained2_6MFDQF.pt,28,43,43,2,2,0.09309008
avgpool_finegrained2_0UG1C8.pt,28,51,51,2,2,0.12138786
avgpool_finegrained2_YDPWLC.pt,28,71,71,2,2,0.09595811999999998
avgpool_finegrained2_FEOTAC.pt,28,66,66,2,2,0.11367057999999998
avgpool_finegrained2_PE8HST.pt,28,44,44,2,2,0.09948776000000002
avgpool_finegrained2_FJINFD.pt,112,59,59,3,1,1.45380642
avgpool_finegrained2_7TPOR9.pt,112,27,27,3,1,1.3007024199999997
avgpool_finegrained2_BNCPD0.pt,112,54,54,3,1,1.33767556
avgpool_finegrained2_2A66ET.pt,112,46,46,3,1,1.4192163400000002
avgpool_finegrained2_C1H117.pt,112,53,53,3,1,1.8390097400000003
avgpool_finegrained2_H212EY.pt,112,37,37,3,1,1.32547194
avgpool_finegrained2_APT9R8.pt,112,43,43,3,1,1.4036927200000002
avgpool_finegrained2_AJJJVU.pt,112,31,31,3,1,1.0491232000000004
avgpool_finegrained2_15GL7A.pt,112,40,40,3,1,1.2113783400000002
avgpool_finegrained2_PFK80V.pt,112,42,42,3,1,1.2614177800000004
avgpool_finegrained2_P8H6VD.pt,112,32,32,3,1,1.3413248999999998
avgpool_finegrained2_WTE7HW.pt,112,50,50,3,1,1.4763366199999997
avgpool_finegrained2_8PFT3Z.pt,112,51,51,3,1,1.3064587600000004
avgpool_finegrained2_NXDSRZ.pt,112,34,34,3,1,1.5099980800000004
avgpool_finegrained2_DIOVB4.pt,112,52,52,3,1,1.49162338
avgpool_finegrained2_7M12V7.pt,112,56,56,3,1,1.7553340200000005
avgpool_finegrained2_6UCXOW.pt,112,57,57,3,1,1.6267275199999995
avgpool_finegrained2_L5LOBM.pt,112,28,28,3,1,1.1103958400000002
avgpool_finegrained2_DHVCT6.pt,112,55,55,3,1,1.2658686800000003
avgpool_finegrained2_DSERV6.pt,112,45,45,3,1,1.5548744000000005
avgpool_finegrained2_SVI5XI.pt,28,42,42,2,2,0.13579456
avgpool_finegrained2_B8B80P.pt,28,47,47,2,2,0.02048498
avgpool_finegrained2_I6QFD8.pt,28,31,31,2,2,0.09921938000000001
avgpool_finegrained2_YGAPIF.pt,28,30,30,2,2,0.09691369999999999
avgpool_finegrained2_EI1FA3.pt,28,20,20,2,2,0.10322681999999997
avgpool_finegrained2_F9NVXP.pt,28,38,38,2,2,0.10090000000000005
avgpool_finegrained2_86IFMA.pt,28,29,29,2,2,0.09571570000000001
avgpool_finegrained2_J3YCJD.pt,28,22,22,2,2,0.08952811999999996
avgpool_finegrained2_2F71KI.pt,28,26,26,2,2,0.07106657999999999
avgpool_finegrained2_7LSOTY.pt,28,44,44,2,2,0.0982743
avgpool_finegrained2_55AJ19.pt,28,21,21,2,2,0.09046164
avgpool_finegrained2_H92LFP.pt,28,25,25,2,2,0.09278418000000002
avgpool_finegrained2_QYPZ59.pt,28,36,36,2,2,0.10141483999999998
avgpool_finegrained2_TTPYFS.pt,28,27,27,2,2,0.09731544000000002
avgpool_finegrained2_C84AQA.pt,28,28,28,2,2,0.09654712000000001
avgpool_finegrained2_E2YFV9.pt,28,34,34,2,2,0.09883886
avgpool_finegrained2_9P3XZE.pt,28,33,33,2,2,0.09818518
avgpool_finegrained2_QS1EYY.pt,28,32,32,2,2,0.09926910000000003
avgpool_finegrained2_ALPWOL.pt,28,40,40,2,2,0.10227318000000002
avgpool_finegrained2_I9I54L.pt,28,39,39,2,2,0.10192909999999998
avgpool_finegrained2_X4N96C.pt,56,233,233,2,1,1.3214161800000002
avgpool_finegrained2_40AP10.pt,56,193,193,2,1,1.1993278200000004
avgpool_finegrained2_W0RWUM.pt,56,143,143,2,1,1.21527052
avgpool_finegrained2_JBH9M1.pt,56,225,225,2,1,1.42244502
avgpool_finegrained2_3J3ALU.pt,56,163,163,2,1,1.1862400800000001
avgpool_finegrained2_NK5POE.pt,56,196,196,2,1,1.2778307799999997
avgpool_finegrained2_BZL8YZ.pt,56,198,198,2,1,1.3035365399999999
avgpool_finegrained2_Y7FBKH.pt,56,147,147,2,1,1.1769676400000002
avgpool_finegrained2_FF5KE0.pt,56,250,250,2,1,1.3286247600000005
avgpool_finegrained2_MI6M5B.pt,56,228,228,2,1,1.30007726
avgpool_finegrained2_S4JT4F.pt,56,134,134,2,1,1.19884894
avgpool_finegrained2_6V70ET.pt,56,287,287,2,1,1.3776179599999994
avgpool_finegrained2_U2922Z.pt,56,142,142,2,1,1.2805494000000002
avgpool_finegrained2_HXPZEX.pt,56,141,141,2,1,1.27059346
avgpool_finegrained2_MSK7F7.pt,56,227,227,2,1,1.4460624999999996
avgpool_finegrained2_NZEUQT.pt,56,239,239,2,1,1.2784208000000001
avgpool_finegrained2_6H043F.pt,56,262,262,2,1,1.3203230999999997
avgpool_finegrained2_HF044E.pt,56,238,238,2,1,1.4190835599999998
avgpool_finegrained2_Z5YATW.pt,56,153,153,2,1,1.1511765200000001
avgpool_finegrained2_MBUOTP.pt,56,204,204,2,1,1.57272962
avgpool_finegrained2_R4Y60H.pt,112,62,62,3,2,1.1142826399999999
avgpool_finegrained2_GH51RD.pt,112,42,42,3,2,0.60482118
avgpool_finegrained2_KACRHP.pt,112,68,68,3,2,1.1156186799999999
avgpool_finegrained2_ODIXSZ.pt,112,53,53,3,2,0.7375451199999999
avgpool_finegrained2_VX2G8J.pt,112,37,37,3,2,0.61201826
avgpool_finegrained2_U7UA56.pt,112,52,52,3,2,0.8658249999999998
avgpool_finegrained2_HEP75K.pt,112,33,33,3,2,0.64355628
avgpool_finegrained2_KEMVC2.pt,112,39,39,3,2,0.5702214000000001
avgpool_finegrained2_460717.pt,112,48,48,3,2,0.9720639000000001
avgpool_finegrained2_K0V8RU.pt,112,70,70,3,2,1.2876758999999995
avgpool_finegrained2_XZ95S9.pt,112,35,35,3,2,0.56279328
avgpool_finegrained2_GTXVRX.pt,112,73,73,3,2,0.26208336000000004
avgpool_finegrained2_MWONMJ.pt,112,38,38,3,2,0.5172596400000001
avgpool_finegrained2_9YQKS1.pt,112,54,54,3,2,1.0146435200000004
avgpool_finegrained2_HKC42V.pt,112,40,40,3,2,0.7181099399999996
avgpool_finegrained2_JG19YA.pt,112,65,65,3,2,0.85269292
avgpool_finegrained2_DKH7M2.pt,112,46,46,3,2,0.6874979
avgpool_finegrained2_9F57ZC.pt,112,47,47,3,2,0.6449992000000002
avgpool_finegrained2_U1MXTA.pt,112,69,69,3,2,0.9947489800000001
avgpool_finegrained2_WD664X.pt,112,74,74,3,2,1.0034806
avgpool_finegrained2_MZLH11.pt,28,348,348,2,2,0.3633381
avgpool_finegrained2_1OW4F5.pt,28,446,446,2,2,0.40410611999999996
avgpool_finegrained2_NI0L9U.pt,28,565,565,2,2,0.5126400400000001
avgpool_finegrained2_N0QRRW.pt,28,428,428,2,2,0.3609016000000001
avgpool_finegrained2_1UAWXN.pt,28,529,529,2,2,0.44000134
avgpool_finegrained2_BW239Q.pt,28,462,462,2,2,0.44216234
avgpool_finegrained2_OTZIK2.pt,28,569,569,2,2,0.5677783999999999
avgpool_finegrained2_IIE4O6.pt,28,270,270,2,2,0.37067449999999996
avgpool_finegrained2_61P2I2.pt,28,556,556,2,2,0.50593462
avgpool_finegrained2_GA9PL4.pt,28,340,340,2,2,0.3738969000000001
avgpool_finegrained2_2WSFZM.pt,28,419,419,2,2,0.36257638
avgpool_finegrained2_ECPL3C.pt,28,593,593,2,2,0.47449431999999986
avgpool_finegrained2_KLPVTE.pt,28,545,545,2,2,0.45557105999999997
avgpool_finegrained2_DAZE6I.pt,28,592,592,2,2,0.5398917999999999
avgpool_finegrained2_YXAF38.pt,28,568,568,2,2,0.46441030000000005
avgpool_finegrained2_PLZ99N.pt,28,523,523,2,2,0.4598554199999999
avgpool_finegrained2_V6HTJP.pt,28,469,469,2,2,0.45526955999999996
avgpool_finegrained2_BQTF6P.pt,28,444,444,2,2,0.4026986600000001
avgpool_finegrained2_H61TCP.pt,28,300,300,2,2,0.3442527400000001
avgpool_finegrained2_UBJD6G.pt,28,472,472,2,2,0.39689468000000006
avgpool_finegrained2_4XU543.pt,56,56,56,3,2,0.2420903
avgpool_finegrained2_3ZLF3Y.pt,56,77,77,3,2,0.30236436000000005
avgpool_finegrained2_SAE0LI.pt,56,62,62,3,2,0.26266436000000004
avgpool_finegrained2_MPPR8M.pt,56,57,57,3,2,0.24456618000000005
avgpool_finegrained2_78HYYE.pt,56,69,69,3,2,0.28246570000000004
avgpool_finegrained2_47C49U.pt,56,78,78,3,2,0.39631054
avgpool_finegrained2_J2V6T2.pt,56,73,73,3,2,0.33879644
avgpool_finegrained2_64P9KJ.pt,56,61,61,3,2,0.2955605
avgpool_finegrained2_1XX463.pt,56,46,46,3,2,0.22286988000000002
avgpool_finegrained2_Y4LDAC.pt,56,51,51,3,2,0.23305118000000002
avgpool_finegrained2_YHV351.pt,56,54,54,3,2,0.23610127999999997
avgpool_finegrained2_OICRCS.pt,56,36,36,3,2,0.19548635999999997
avgpool_finegrained2_X6EN2T.pt,56,74,74,3,2,0.30723520000000004
avgpool_finegrained2_QVBY2V.pt,56,55,55,3,2,0.24051297999999996
avgpool_finegrained2_OX0FM3.pt,56,76,76,3,2,0.30801797999999997
avgpool_finegrained2_BDYWW8.pt,56,66,66,3,2,0.27006594
avgpool_finegrained2_RFLVBB.pt,56,65,65,3,2,0.26712915999999987
avgpool_finegrained2_GG9WPU.pt,56,75,75,3,2,0.30148095999999996
avgpool_finegrained2_8Y1HR1.pt,56,42,42,3,2,0.20240604
avgpool_finegrained2_2W6KIW.pt,56,64,64,3,2,0.31019127999999996
avgpool_finegrained2_DPI9G0.pt,112,41,41,2,2,0.5062787799999999
avgpool_finegrained2_X5CSOZ.pt,112,48,48,2,2,0.11956531999999997
avgpool_finegrained2_URSFI5.pt,112,38,38,2,2,0.5650855799999999
avgpool_finegrained2_T5B0YZ.pt,112,54,54,2,2,0.7174988599999998
avgpool_finegrained2_YGY6HW.pt,112,35,35,2,2,0.5279166400000002
avgpool_finegrained2_LJVPSO.pt,112,23,23,2,2,0.3798026
avgpool_finegrained2_8EKUB1.pt,112,37,37,2,2,0.4658538
avgpool_finegrained2_LEKDUV.pt,112,52,52,2,2,0.73862488
avgpool_finegrained2_GMJSQV.pt,112,39,39,2,2,0.6802902800000001
avgpool_finegrained2_2B5ITJ.pt,112,49,49,2,2,0.6506542799999999
avgpool_finegrained2_CC6QE0.pt,112,55,55,2,2,0.6971940199999999
avgpool_finegrained2_K1WQB5.pt,112,43,43,2,2,0.6975727599999999
avgpool_finegrained2_C3W4JP.pt,112,44,44,2,2,0.5706251200000001
avgpool_finegrained2_UDOG4X.pt,112,27,27,2,2,0.36973886
avgpool_finegrained2_J4V7VQ.pt,112,32,32,2,2,0.418572
avgpool_finegrained2_IPD9JA.pt,112,30,30,2,2,0.40715634000000017
avgpool_finegrained2_CF2S1M.pt,112,28,28,2,2,0.4052702399999999
avgpool_finegrained2_KYUDUB.pt,112,24,24,2,2,0.37848626
avgpool_finegrained2_GV1B2A.pt,112,31,31,2,2,0.39290645999999996
avgpool_finegrained2_053Y18.pt,112,50,50,2,2,0.6870587199999999
avgpool_finegrained2_CB4JAK.pt,14,223,223,2,2,0.12539884000000004
avgpool_finegrained2_PA0LWT.pt,14,316,316,2,2,0.13856210000000002
avgpool_finegrained2_OFSYJC.pt,14,258,258,2,2,0.14446669999999995
avgpool_finegrained2_KE061D.pt,14,205,205,2,2,0.12195155999999999
avgpool_finegrained2_DO75E3.pt,14,213,213,2,2,0.12393647999999997
avgpool_finegrained2_82QYUP.pt,14,332,332,2,2,0.18978179999999997
avgpool_finegrained2_72XZOZ.pt,14,305,305,2,2,0.1300857
avgpool_finegrained2_SSCUS0.pt,14,428,428,2,2,0.14604769999999997
avgpool_finegrained2_7MTNBY.pt,14,362,362,2,2,0.14600781999999998
avgpool_finegrained2_UYC9GQ.pt,14,220,220,2,2,0.12574590000000002
avgpool_finegrained2_YKMKES.pt,14,290,290,2,2,0.12430278000000002
avgpool_finegrained2_QHN79L.pt,14,421,421,2,2,0.1455108
avgpool_finegrained2_08DH9O.pt,14,441,441,2,2,0.14987456
avgpool_finegrained2_SUGJIH.pt,14,461,461,2,2,0.2190896
avgpool_finegrained2_6YKISM.pt,14,409,409,2,2,0.14772066
avgpool_finegrained2_JB5OHM.pt,14,302,302,2,2,0.12670118000000002
avgpool_finegrained2_S0VNL0.pt,14,299,299,2,2,0.12676288000000002
avgpool_finegrained2_ITEKWL.pt,14,295,295,2,2,0.12344428000000002
avgpool_finegrained2_7FETDX.pt,14,326,326,2,2,0.18899356000000003
avgpool_finegrained2_A3LA21.pt,14,337,337,2,2,0.13916708000000003
avgpool_finegrained2_JXHFH4.pt,112,133,133,3,2,1.3915349200000002
avgpool_finegrained2_1XY3NH.pt,112,105,105,3,2,1.0967920400000004
avgpool_finegrained2_8ZW1J0.pt,112,187,187,3,2,1.4171278199999995
avgpool_finegrained2_BTPG8H.pt,112,97,97,3,2,0.9434899999999997
avgpool_finegrained2_X6X3NG.pt,112,206,206,3,2,1.5360636399999996
avgpool_finegrained2_99WT5B.pt,112,101,101,3,2,1.1485188799999997
avgpool_finegrained2_HUWQK0.pt,112,183,183,3,2,1.37849062
avgpool_finegrained2_E70905.pt,112,178,178,3,2,1.35278974
avgpool_finegrained2_LO7MAR.pt,112,163,163,3,2,1.34503414
avgpool_finegrained2_02AYLI.pt,112,199,199,3,2,1.4096563599999996
avgpool_finegrained2_KIQBMD.pt,112,115,115,3,2,1.2226246400000007
avgpool_finegrained2_OHYHZ9.pt,112,135,135,3,2,0.7528216799999999
avgpool_finegrained2_NLIIQB.pt,112,114,114,3,2,1.3415202600000002
avgpool_finegrained2_3SSVUF.pt,112,106,106,3,2,1.18415976
avgpool_finegrained2_2ZASU7.pt,112,230,230,3,2,1.39146722
avgpool_finegrained2_NKJEWO.pt,112,173,173,3,2,1.25244962
avgpool_finegrained2_EU58KO.pt,112,176,176,3,2,1.5028189
avgpool_finegrained2_J69ER2.pt,112,122,122,3,2,1.4001264
avgpool_finegrained2_K6DBN4.pt,112,136,136,3,2,1.09708366
avgpool_finegrained2_PYYKLF.pt,112,138,138,3,2,1.2970900000000003
avgpool_finegrained2_Y7XL3O.pt,14,122,122,3,2,0.10002880000000001
avgpool_finegrained2_N5KF5C.pt,14,68,68,3,2,0.11736564000000001
avgpool_finegrained2_EG7VSO.pt,14,81,81,3,2,0.0887604
avgpool_finegrained2_KUEA57.pt,14,118,118,3,2,0.12444520000000002
avgpool_finegrained2_OO49TM.pt,14,69,69,3,2,0.09069159999999998
avgpool_finegrained2_14T5EM.pt,14,99,99,3,2,0.09390682000000002
avgpool_finegrained2_ZFX5AF.pt,14,125,125,3,2,0.09762399999999999
avgpool_finegrained2_TTPGGC.pt,14,70,70,3,2,0.08700925999999999
avgpool_finegrained2_B9NEL4.pt,14,89,89,3,2,0.10325464000000002
avgpool_finegrained2_8QX5TM.pt,14,74,74,3,2,0.12258195999999998
avgpool_finegrained2_U7AR4M.pt,14,65,65,3,2,0.08006051999999998
avgpool_finegrained2_W4FHAW.pt,14,98,98,3,2,0.08965851999999998
avgpool_finegrained2_T2AR9S.pt,14,67,67,3,2,0.08484818000000002
avgpool_finegrained2_AHVN3Z.pt,14,86,86,3,2,0.10034568000000003
avgpool_finegrained2_59GV26.pt,14,106,106,3,2,0.09041470000000001
avgpool_finegrained2_JYZZ7T.pt,14,127,127,3,2,0.0939154
avgpool_finegrained2_C3TDEY.pt,14,94,94,3,2,0.09166509999999999
avgpool_finegrained2_UMQCU5.pt,14,117,117,3,2,0.11202698
avgpool_finegrained2_D9K7KN.pt,14,75,75,3,2,0.08326494000000001
avgpool_finegrained2_2HVHBP.pt,14,72,72,3,2,0.09180619999999998
avgpool_finegrained2_MPLHOQ.pt,112,202,202,2,2,1.4439234399999998
avgpool_finegrained2_O1T0J0.pt,112,161,161,2,2,1.1977810199999999
avgpool_finegrained2_UK4XFH.pt,112,249,249,2,2,1.3148179200000003
avgpool_finegrained2_ALM9UD.pt,112,243,243,2,2,1.3222696999999999
avgpool_finegrained2_XTGP8W.pt,112,206,206,2,2,1.31065288
avgpool_finegrained2_7Q9WG8.pt,112,169,169,2,2,1.2240934
avgpool_finegrained2_VFJ8PW.pt,112,146,146,2,2,0.5285403200000001
avgpool_finegrained2_J8K4WY.pt,112,121,121,2,2,0.57013834
avgpool_finegrained2_NWMKDA.pt,112,211,211,2,2,0.6037040399999998
avgpool_finegrained2_3J5P55.pt,112,273,273,2,2,1.4292674200000008
avgpool_finegrained2_UEN0IM.pt,112,237,237,2,2,1.25788672
avgpool_finegrained2_OHCOMG.pt,112,250,250,2,2,1.26250348
avgpool_finegrained2_F4OXJ8.pt,112,248,248,2,2,1.3748053799999997
avgpool_finegrained2_WGP7AB.pt,112,131,131,2,2,1.1993621399999999
avgpool_finegrained2_EWORTF.pt,112,221,221,2,2,1.1710736
avgpool_finegrained2_6UYPN5.pt,112,210,210,2,2,1.2564061799999997
avgpool_finegrained2_SFMALY.pt,112,219,219,2,2,1.3801448800000002
avgpool_finegrained2_S077M4.pt,112,174,174,2,2,1.2992885599999995
avgpool_finegrained2_2UR15Q.pt,112,193,193,2,2,1.1762168200000003
avgpool_finegrained2_VYIAQH.pt,112,257,257,2,2,1.2429764399999998
avgpool_finegrained2_WBHO9Q.pt,224,61,61,2,2,1.37174822
avgpool_finegrained2_EJZCZM.pt,224,42,42,2,2,0.48258137999999995
avgpool_finegrained2_HYW2GR.pt,224,53,53,2,2,1.3483358400000003
avgpool_finegrained2_UU7MTM.pt,224,56,56,2,2,1.1257417799999998
avgpool_finegrained2_MBXGJL.pt,224,48,48,2,2,1.09238544
avgpool_finegrained2_8OPZOF.pt,224,40,40,2,2,1.3177592600000005
avgpool_finegrained2_UDRP28.pt,224,39,39,2,2,1.1634296399999997
avgpool_finegrained2_D67RDS.pt,224,29,29,2,2,1.1411524999999996
avgpool_finegrained2_R1X10B.pt,224,50,50,2,2,1.3917088399999997
avgpool_finegrained2_D7VK5Z.pt,224,66,66,2,2,1.5225163799999997
avgpool_finegrained2_MMAE2B.pt,224,45,45,2,2,1.31582898
avgpool_finegrained2_FUN7E7.pt,224,34,34,2,2,1.1344581399999998
avgpool_finegrained2_2NLDJT.pt,224,43,43,2,2,1.4836654399999996
avgpool_finegrained2_CM17ZQ.pt,224,55,55,2,2,1.2843722999999998
avgpool_finegrained2_56A07T.pt,224,58,58,2,2,1.3572326799999999
avgpool_finegrained2_YCQ32P.pt,224,68,68,2,2,1.3240833599999997
avgpool_finegrained2_A9HLYE.pt,224,60,60,2,2,1.41423836
avgpool_finegrained2_UYI6G8.pt,224,36,36,2,2,1.2236252999999997
avgpool_finegrained2_ZYUITS.pt,224,35,35,2,2,1.1862916599999997
avgpool_finegrained2_MK2ALC.pt,224,44,44,2,2,1.2495786800000004
avgpool_finegrained2_Q15C5H.pt,14,114,114,2,2,0.10370660000000004
avgpool_finegrained2_YQ47AZ.pt,14,85,85,2,2,0.08934235999999998
avgpool_finegrained2_DPXZ75.pt,14,110,110,2,2,0.09222954
avgpool_finegrained2_V4HFT2.pt,14,122,122,2,2,0.11201067999999997
avgpool_finegrained2_YZDUTO.pt,14,93,93,2,2,0.08984566000000001
avgpool_finegrained2_DY6RAZ.pt,14,100,100,2,2,0.09261551999999998
avgpool_finegrained2_4GNKB5.pt,14,145,145,2,2,0.09800869999999996
avgpool_finegrained2_A372YI.pt,14,152,152,2,2,0.09901324000000003
avgpool_finegrained2_YTWC9P.pt,14,107,107,2,2,0.09281056000000001
avgpool_finegrained2_7OLOWI.pt,14,130,130,2,2,0.09907311999999997
avgpool_finegrained2_TPRGHV.pt,14,142,142,2,2,0.1130791
avgpool_finegrained2_XKTFSM.pt,14,155,155,2,2,0.13226665999999998
avgpool_finegrained2_R44ALK.pt,14,70,70,2,2,0.08798539999999999
avgpool_finegrained2_6LZIHN.pt,14,68,68,2,2,0.08899020000000002
avgpool_finegrained2_03YW1J.pt,14,134,134,2,2,0.10188842000000004
avgpool_finegrained2_8EW3SA.pt,14,138,138,2,2,0.10277188000000001
avgpool_finegrained2_AIWCAE.pt,14,126,126,2,2,0.09995485999999999
avgpool_finegrained2_DLEI0R.pt,14,123,123,2,2,0.09892469999999998
avgpool_finegrained2_IXDHUC.pt,14,118,118,2,2,0.10921824000000001
avgpool_finegrained2_LJ5B2G.pt,14,91,91,2,2,0.09123942000000003
avgpool_finegrained2_7SX3P0.pt,56,74,74,2,2,0.26737375999999996
avgpool_finegrained2_VZLJQX.pt,56,49,49,2,2,0.2288293
avgpool_finegrained2_RSASGZ.pt,56,33,33,2,2,0.25551209999999996
avgpool_finegrained2_Q73RE4.pt,56,58,58,2,2,0.22657624000000007
avgpool_finegrained2_LPPCOQ.pt,56,69,69,2,2,0.26212897999999996
avgpool_finegrained2_NGET5C.pt,56,36,36,2,2,0.16964105999999998
avgpool_finegrained2_CDYNYL.pt,56,59,59,2,2,0.3668764799999999
avgpool_finegrained2_NWYB7N.pt,56,53,53,2,2,0.28578432
avgpool_finegrained2_0ND1FB.pt,56,41,41,2,2,0.18172586
avgpool_finegrained2_JBGQN5.pt,56,73,73,2,2,0.26478751999999994
avgpool_finegrained2_QVWI10.pt,56,52,52,2,2,0.22668424
avgpool_finegrained2_KA5ZAA.pt,56,35,35,2,2,0.04949053999999999
avgpool_finegrained2_5N5MOI.pt,56,44,44,2,2,0.19336376000000005
avgpool_finegrained2_NOO97M.pt,56,48,48,2,2,0.20150520000000005
avgpool_finegrained2_50BGUJ.pt,56,38,38,2,2,0.1746056
avgpool_finegrained2_H82X2P.pt,56,67,67,2,2,0.25034453999999995
avgpool_finegrained2_UB15T4.pt,56,43,43,2,2,0.18755238000000002
avgpool_finegrained2_ZTGM7F.pt,56,56,56,2,2,0.21976832000000002
avgpool_finegrained2_8CDROX.pt,56,71,71,2,2,0.2582945
avgpool_finegrained2_RH3X4D.pt,56,45,45,2,2,0.20728608000000004
avgpool_finegrained2_45PPS4.pt,14,347,347,2,2,0.13465620000000003
avgpool_finegrained2_7G9PPO.pt,14,428,428,2,2,0.15117153999999997
avgpool_finegrained2_MN7GKY.pt,14,251,251,2,2,0.12026232
avgpool_finegrained2_YKSPUY.pt,14,348,348,2,2,0.15681642
avgpool_finegrained2_UL6GPO.pt,14,511,511,2,2,0.16074730000000004
avgpool_finegrained2_BSDGH8.pt,14,398,398,2,2,0.13635324000000001
avgpool_finegrained2_29EJG1.pt,14,261,261,2,2,0.11599769999999995
avgpool_finegrained2_LMOP78.pt,14,450,450,2,2,0.14772445999999997
avgpool_finegrained2_JEV4DQ.pt,14,430,430,2,2,0.1429792
avgpool_finegrained2_NDZMJI.pt,14,455,455,2,2,0.18558279999999996
avgpool_finegrained2_MM7UGQ.pt,14,504,504,2,2,0.17995481999999996
avgpool_finegrained2_8QE8CV.pt,14,392,392,2,2,0.14052366000000002
avgpool_finegrained2_X3NCRB.pt,14,282,282,2,2,0.13734384
avgpool_finegrained2_QKNIME.pt,14,465,465,2,2,0.15410862000000006
avgpool_finegrained2_MSMW7L.pt,14,491,491,2,2,0.15767998
avgpool_finegrained2_XFB3R5.pt,14,488,488,2,2,0.15765964000000002
avgpool_finegrained2_22E5IW.pt,14,237,237,2,2,0.11655788000000002
avgpool_finegrained2_P82DH5.pt,14,497,497,2,2,0.16027284000000003
avgpool_finegrained2_X0CJ54.pt,14,480,480,2,2,0.16650342000000007
avgpool_finegrained2_3K6BJK.pt,14,239,239,2,2,0.12375098000000002
avgpool_finegrained2_LD4B8J.pt,56,109,109,3,2,0.57747618
avgpool_finegrained2_OMDL3S.pt,56,85,85,3,2,0.36777634000000003
avgpool_finegrained2_WWG3DY.pt,56,74,74,3,2,0.33339808000000004
avgpool_finegrained2_JB81LC.pt,56,140,140,3,2,0.59598684
avgpool_finegrained2_A6M28Q.pt,56,161,161,3,2,0.57992274
avgpool_finegrained2_6Z2GZ0.pt,56,155,155,3,2,0.6968074999999998
avgpool_finegrained2_J817WD.pt,56,92,92,3,2,0.5094899
avgpool_finegrained2_YXYKMN.pt,56,159,159,3,2,0.6017716399999999
avgpool_finegrained2_1SZY6F.pt,56,136,136,3,2,0.5491071399999999
avgpool_finegrained2_VYZ10N.pt,56,78,78,3,2,0.31937168000000005
avgpool_finegrained2_KB0H3M.pt,56,145,145,3,2,0.5014569400000001
avgpool_finegrained2_KVIL6R.pt,56,115,115,3,2,0.6764762600000002
avgpool_finegrained2_X2L128.pt,56,168,168,3,2,0.74948972
avgpool_finegrained2_KPW3EQ.pt,56,156,156,3,2,0.8413052799999999
avgpool_finegrained2_PL49QK.pt,56,130,130,3,2,0.5409004199999998
avgpool_finegrained2_2NFY63.pt,56,116,116,3,2,0.42594732
avgpool_finegrained2_R9K02H.pt,56,131,131,3,2,0.55739142
avgpool_finegrained2_K6NBD5.pt,56,135,135,3,2,0.5086234199999999
avgpool_finegrained2_58S47G.pt,56,126,126,3,2,0.4781345999999998
avgpool_finegrained2_U5UTG7.pt,56,127,127,3,2,0.4761820999999999
avgpool_finegrained2_I2FCI8.pt,56,16,16,3,1,0.36084767999999995
avgpool_finegrained2_8RPQ5B.pt,56,21,21,3,1,0.11298075999999996
avgpool_finegrained2_MBPN93.pt,56,23,23,3,1,0.49315916000000004
avgpool_finegrained2_YSP3M7.pt,56,26,26,3,1,0.49196048
avgpool_finegrained2_8Q8AJB.pt,56,30,30,3,1,0.49448731999999984
avgpool_finegrained2_P7W0UX.pt,56,17,17,3,1,0.28013906
avgpool_finegrained2_6HQRLG.pt,56,28,28,3,1,0.44986155999999994
avgpool_finegrained2_UD9EHN.pt,56,32,32,3,1,0.49898861999999977
avgpool_finegrained2_ZVXWG5.pt,56,20,20,3,1,0.32525207999999994
avgpool_finegrained2_MYCOE1.pt,56,27,27,3,1,0.45035558000000003
avgpool_finegrained2_8OBL6A.pt,56,33,33,3,1,0.45584235999999995
avgpool_finegrained2_PJ14LJ.pt,56,31,31,3,1,0.45005310000000004
avgpool_finegrained2_CQW44H.pt,56,25,25,3,1,0.36364818
avgpool_finegrained2_E5RQJ9.pt,56,14,14,3,1,0.24209283999999992
avgpool_finegrained2_L4GRQQ.pt,56,29,29,3,1,0.41540101999999995
avgpool_finegrained2_NM5OOD.pt,56,19,19,3,1,0.29558864
avgpool_finegrained2_ACL9VC.pt,56,22,22,3,1,0.5654228199999999
avgpool_finegrained2_9CJCEO.pt,56,18,18,3,1,0.4078353399999998
avgpool_finegrained2_GKJ87K.pt,56,15,15,3,1,0.26827902000000003
avgpool_finegrained2_EE8JAL.pt,56,24,24,3,1,0.41407760000000005
avgpool_finegrained2_KP8WTN.pt,56,349,349,2,2,0.9765565
avgpool_finegrained2_LTKP5O.pt,56,424,424,2,2,1.13451392
avgpool_finegrained2_S520CI.pt,56,450,450,2,2,1.06431992
avgpool_finegrained2_46Q5D0.pt,56,375,375,2,2,1.06418782
avgpool_finegrained2_ODD8IT.pt,56,366,366,2,2,0.9503011600000002
avgpool_finegrained2_FIM653.pt,56,449,449,2,2,1.20020258
avgpool_finegrained2_P2WWJX.pt,56,332,332,2,2,0.9631635200000004
avgpool_finegrained2_2931NP.pt,56,435,435,2,2,1.04466618
avgpool_finegrained2_E1L2Y9.pt,56,488,488,2,2,1.1523689000000001
avgpool_finegrained2_YI2AXT.pt,56,409,409,2,2,1.0218144200000001
avgpool_finegrained2_IU1GOL.pt,56,227,227,2,2,0.8017266399999997
avgpool_finegrained2_0M0LVC.pt,56,215,215,2,2,0.8294182199999998
avgpool_finegrained2_X1OO27.pt,56,321,321,2,2,0.9197505999999999
avgpool_finegrained2_BIQCMQ.pt,56,508,508,2,2,1.18053424
avgpool_finegrained2_FU1L22.pt,56,293,293,2,2,0.8967174599999999
avgpool_finegrained2_NN7JB2.pt,56,301,301,2,2,0.9473977600000001
avgpool_finegrained2_38WR7S.pt,56,500,500,2,2,1.0327163799999999
avgpool_finegrained2_A3JCC5.pt,56,217,217,2,2,0.7014481999999999
avgpool_finegrained2_32ISZ8.pt,56,253,253,2,2,0.9676941199999999
avgpool_finegrained2_HXPGBT.pt,56,279,279,2,2,0.8803171999999999
avgpool_finegrained2_9PA0XM.pt,112,754,754,3,2,2.226971279999999
avgpool_finegrained2_82C3XK.pt,112,781,781,3,2,2.2772173400000004
avgpool_finegrained2_NHSVAL.pt,112,528,528,3,2,1.7352503199999998
avgpool_finegrained2_PNOECZ.pt,112,998,998,3,2,2.81643124
avgpool_finegrained2_G1K0J6.pt,112,860,860,3,2,2.7887691199999995
avgpool_finegrained2_ONMWB9.pt,112,1110,1110,3,2,3.320789199999999
avgpool_finegrained2_LNPV69.pt,112,634,634,3,2,1.9290916000000002
avgpool_finegrained2_HW8XS8.pt,112,724,724,3,2,2.1829829400000005
avgpool_finegrained2_ZB68VT.pt,112,804,804,3,2,2.2542787199999994
avgpool_finegrained2_QKC9ED.pt,112,1092,1092,3,2,3.0082356199999998
avgpool_finegrained2_7S7JOB.pt,112,542,542,3,2,1.8807214799999994
avgpool_finegrained2_JBJTYV.pt,112,834,834,3,2,2.69930136
avgpool_finegrained2_2KA6P0.pt,112,1091,1091,3,2,3.18160154
avgpool_finegrained2_AUFSCN.pt,112,1002,1002,3,2,2.92367912
avgpool_finegrained2_M7H5LJ.pt,112,674,674,3,2,1.9905440800000003
avgpool_finegrained2_8162FK.pt,112,964,964,3,2,2.7184206399999993
avgpool_finegrained2_76DKXG.pt,112,526,526,3,2,1.79854522
avgpool_finegrained2_9XEU40.pt,112,1197,1197,3,2,3.34098856
avgpool_finegrained2_V8QZNV.pt,112,537,537,3,2,1.960389500000001
avgpool_finegrained2_SRSVOY.pt,112,569,569,3,2,2.17115496
avgpool_finegrained2_YI61AO.pt,28,53,53,2,1,0.22008908
avgpool_finegrained2_ILZQ3Z.pt,28,38,38,2,1,0.18882555999999995
avgpool_finegrained2_0FK7VZ.pt,28,46,46,2,1,0.23387147999999996
avgpool_finegrained2_ANLDY4.pt,28,43,43,2,1,0.2084247
avgpool_finegrained2_KENPBD.pt,28,57,57,2,1,0.3669424399999999
avgpool_finegrained2_J2MKG9.pt,28,48,48,2,1,0.20394548000000007
avgpool_finegrained2_1UMZ9G.pt,28,24,24,2,1,0.21691104000000003
avgpool_finegrained2_YGN7KS.pt,28,41,41,2,1,0.18926873999999994
avgpool_finegrained2_PCYFBE.pt,28,26,26,2,1,0.14628855999999998
avgpool_finegrained2_8HSZJ7.pt,28,33,33,2,1,0.16501649999999995
avgpool_finegrained2_VICL5G.pt,28,55,55,2,1,0.22575995999999995
avgpool_finegrained2_XFJLV2.pt,28,45,45,2,1,0.20370713999999993
avgpool_finegrained2_Z58N1O.pt,28,49,49,2,1,0.22984380000000001
avgpool_finegrained2_Y0T2LY.pt,28,44,44,2,1,0.19813103999999995
avgpool_finegrained2_6V9A38.pt,28,34,34,2,1,0.17199066000000005
avgpool_finegrained2_P0GNGR.pt,28,54,54,2,1,0.30228610000000006
avgpool_finegrained2_0OT010.pt,28,25,25,2,1,0.14320126
avgpool_finegrained2_MKQIQT.pt,28,40,40,2,1,0.23101357999999994
avgpool_finegrained2_20QY5X.pt,28,50,50,2,1,0.2440241
avgpool_finegrained2_U3JTBM.pt,28,47,47,2,1,0.2832395800000001
avgpool_finegrained2_PJC4L6.pt,56,34,34,2,2,0.1665793
avgpool_finegrained2_EB60ED.pt,56,21,21,2,2,0.19490914000000004
avgpool_finegrained2_RZYIFB.pt,56,22,22,2,2,0.18606677999999996
avgpool_finegrained2_T99F6T.pt,56,20,20,2,2,0.12378013999999997
avgpool_finegrained2_ZTD7UR.pt,56,32,32,2,2,0.15926816
avgpool_finegrained2_902A0E.pt,56,29,29,2,2,0.14852932
avgpool_finegrained2_7V8XEI.pt,56,19,19,2,2,0.12385878000000002
avgpool_finegrained2_V3HGM6.pt,56,36,36,2,2,0.16659607999999998
avgpool_finegrained2_14I6W0.pt,56,35,35,2,2,0.16488708
avgpool_finegrained2_JCV01X.pt,56,24,24,2,2,0.13700971999999997
avgpool_finegrained2_09KAFL.pt,56,30,30,2,2,0.15727442
avgpool_finegrained2_Q7WDMX.pt,56,16,16,2,2,0.11586778
avgpool_finegrained2_QLSOAX.pt,56,26,26,2,2,0.14600977999999998
avgpool_finegrained2_ZONTV9.pt,56,33,33,2,2,0.16295545999999997
avgpool_finegrained2_NWUCXO.pt,56,15,15,2,2,0.11522482000000003
avgpool_finegrained2_LCKRMV.pt,56,31,31,2,2,0.16974827999999995
avgpool_finegrained2_NXNNI3.pt,56,18,18,2,2,0.12174342000000003
avgpool_finegrained2_GAUBEH.pt,56,28,28,2,2,0.15458172
avgpool_finegrained2_YR5YNH.pt,56,23,23,2,2,0.17889063999999993
avgpool_finegrained2_Q0YLX8.pt,56,17,17,2,2,0.11881103999999997
avgpool_finegrained2_XR1N68.pt,28,46,46,3,1,0.20880447999999993
avgpool_finegrained2_ZPIFEX.pt,28,55,55,3,1,0.07863359999999997
avgpool_finegrained2_W6TBDG.pt,28,47,47,3,1,0.2333154
avgpool_finegrained2_86WX3P.pt,28,80,80,3,1,0.30885429999999997
avgpool_finegrained2_GP50S4.pt,28,38,38,3,1,0.18609939999999997
avgpool_finegrained2_A2Z24W.pt,28,42,42,3,1,0.24946680000000002
avgpool_finegrained2_7BADB0.pt,28,81,81,3,1,0.31312936
avgpool_finegrained2_FHF5WN.pt,28,60,60,3,1,0.31769338
avgpool_finegrained2_VNEW7K.pt,28,73,73,3,1,0.3258997
avgpool_finegrained2_PVFQ7W.pt,28,85,85,3,1,0.4014545799999999
avgpool_finegrained2_95SA4W.pt,28,82,82,3,1,0.48006632000000005
avgpool_finegrained2_3BXYHX.pt,28,86,86,3,1,0.34386296
avgpool_finegrained2_UK41W8.pt,28,68,68,3,1,0.29865608
avgpool_finegrained2_5BOPX7.pt,28,41,41,3,1,0.19638264000000005
avgpool_finegrained2_KU4VD8.pt,28,56,56,3,1,0.2406093
avgpool_finegrained2_P92MNK.pt,28,61,61,3,1,0.28956277999999996
avgpool_finegrained2_JJS956.pt,28,78,78,3,1,0.31430962
avgpool_finegrained2_J90FZL.pt,28,54,54,3,1,0.39085169999999997
avgpool_finegrained2_87MZZT.pt,28,71,71,3,1,0.3391291200000001
avgpool_finegrained2_DHXWPB.pt,28,50,50,3,1,0.27875138
avgpool_finegrained2_MCXSH1.pt,56,103,103,3,2,0.4109837600000001
avgpool_finegrained2_Q990PM.pt,56,70,70,3,2,0.2883072
avgpool_finegrained2_DZTSVI.pt,56,94,94,3,2,0.49957231999999985
avgpool_finegrained2_TQZFYP.pt,56,54,54,3,2,0.29491910000000005
avgpool_finegrained2_5IHQSC.pt,56,97,97,3,2,0.3735637600000002
avgpool_finegrained2_W7V8NM.pt,56,100,100,3,2,0.37249273999999993
avgpool_finegrained2_H5NOXJ.pt,56,90,90,3,2,0.3922826200000001
avgpool_finegrained2_W84OGK.pt,56,113,113,3,2,0.42846705999999996
avgpool_finegrained2_C68PVE.pt,56,78,78,3,2,0.31005926
avgpool_finegrained2_VZ698D.pt,56,82,82,3,2,0.31898652
avgpool_finegrained2_PBB0W0.pt,56,59,59,3,2,0.25205774000000003
avgpool_finegrained2_2ZR9MS.pt,56,88,88,3,2,0.5179747199999999
avgpool_finegrained2_I9A98T.pt,56,76,76,3,2,0.29829247999999997
avgpool_finegrained2_E0YXOT.pt,56,80,80,3,2,0.3340683600000001
avgpool_finegrained2_AZZJ58.pt,56,85,85,3,2,0.32900578
avgpool_finegrained2_4T843Z.pt,56,49,49,3,2,0.22702095999999997
avgpool_finegrained2_AYUZYM.pt,56,72,72,3,2,0.3466942
avgpool_finegrained2_MG3FC9.pt,56,117,117,3,2,0.5817156400000002
avgpool_finegrained2_UTH7IT.pt,56,110,110,3,2,0.5581501
avgpool_finegrained2_5RNJPO.pt,56,108,108,3,2,0.5269422999999999
avgpool_finegrained2_ZTKDNB.pt,28,116,116,2,2,0.16623178000000002
avgpool_finegrained2_T053WN.pt,28,109,109,2,2,0.13494852000000004
avgpool_finegrained2_RCYA31.pt,28,115,115,2,2,0.16648515999999997
avgpool_finegrained2_5KFUHX.pt,28,194,194,2,2,0.20834614
avgpool_finegrained2_9PX8H8.pt,28,121,121,2,2,0.2768276799999999
avgpool_finegrained2_576JC2.pt,28,237,237,2,2,0.25637323999999995
avgpool_finegrained2_O4JGVW.pt,28,192,192,2,2,0.20676038
avgpool_finegrained2_F89LLP.pt,28,106,106,2,2,0.14781060000000001
avgpool_finegrained2_LIQI0M.pt,28,112,112,2,2,0.15060632000000002
avgpool_finegrained2_MAV4UZ.pt,28,120,120,2,2,0.18107605999999998
avgpool_finegrained2_VD3INX.pt,28,114,114,2,2,0.16870808000000004
avgpool_finegrained2_Y634NX.pt,28,241,241,2,2,0.05129752
avgpool_finegrained2_OALCVT.pt,28,230,230,2,2,0.22802399999999998
avgpool_finegrained2_L6QJRZ.pt,28,175,175,2,2,0.2959330200000001
avgpool_finegrained2_KJDDYJ.pt,28,158,158,2,2,0.21096664
avgpool_finegrained2_4Q0ZFA.pt,28,183,183,2,2,0.30646934000000003
avgpool_finegrained2_QW0S9P.pt,28,235,235,2,2,0.27512656
avgpool_finegrained2_VNEMD2.pt,28,218,218,2,2,0.21701914000000003
avgpool_finegrained2_ZXPK2A.pt,28,209,209,2,2,0.22011538000000005
avgpool_finegrained2_YXWUY5.pt,28,181,181,2,2,0.20083454000000003
avgpool_finegrained2_H2KZIL.pt,14,211,211,3,2,0.11323031999999995
avgpool_finegrained2_ZMJ5GS.pt,14,154,154,3,2,0.10342433999999999
avgpool_finegrained2_PQOUF0.pt,14,217,217,3,2,0.11909282000000003
avgpool_finegrained2_8U14C3.pt,14,199,199,3,2,0.10882860000000003
avgpool_finegrained2_C8HW8P.pt,14,135,135,3,2,0.10114132000000002
avgpool_finegrained2_BK53CN.pt,14,141,141,3,2,0.10202542
avgpool_finegrained2_NL1MO5.pt,14,198,198,3,2,0.10816966
avgpool_finegrained2_7PT47W.pt,14,216,216,3,2,0.11042778
avgpool_finegrained2_M1BR1P.pt,14,251,251,3,2,0.11573572000000003
avgpool_finegrained2_SYAMFW.pt,14,213,213,3,2,0.11468861999999998
avgpool_finegrained2_00BMU9.pt,14,228,228,3,2,0.11654822000000001
avgpool_finegrained2_STPA41.pt,14,151,151,3,2,0.12280814
avgpool_finegrained2_9FNQ7R.pt,14,139,139,3,2,0.08970370000000003
avgpool_finegrained2_6I6C4I.pt,14,238,238,3,2,0.11523300000000003
avgpool_finegrained2_IEZELL.pt,14,171,171,3,2,0.10113930000000002
avgpool_finegrained2_6BB4ML.pt,14,249,249,3,2,0.11822402
avgpool_finegrained2_WHFD7U.pt,14,254,254,3,2,0.11888079999999997
avgpool_finegrained2_FZR53W.pt,14,187,187,3,2,0.10577071999999996
avgpool_finegrained2_FKU6N0.pt,14,140,140,3,2,0.08963731999999998
avgpool_finegrained2_QQK2I5.pt,14,191,191,3,2,0.10741482000000001
avgpool_finegrained2_00RM8Y.pt,56,58,58,3,2,0.24478538000000005
avgpool_finegrained2_3P72LQ.pt,56,59,59,3,2,0.29952242
avgpool_finegrained2_XP9QKB.pt,56,40,40,3,2,0.19409887999999997
avgpool_finegrained2_TN3RFS.pt,56,61,61,3,2,0.2902151
avgpool_finegrained2_CX98UQ.pt,56,32,32,3,2,0.16902891999999997
avgpool_finegrained2_ERZNEL.pt,56,50,50,3,2,0.24841005999999996
avgpool_finegrained2_CF6FYV.pt,56,49,49,3,2,0.22292058
avgpool_finegrained2_E87YJD.pt,56,53,53,3,2,0.23831332000000002
avgpool_finegrained2_6S2OJF.pt,56,45,45,3,2,0.20872952000000008
avgpool_finegrained2_7QALMR.pt,56,39,39,3,2,0.2995773
avgpool_finegrained2_74MJ1S.pt,56,54,54,3,2,0.23486531999999996
avgpool_finegrained2_B391T7.pt,56,69,69,3,2,0.2774951599999999
avgpool_finegrained2_9DKV6S.pt,56,37,37,3,2,0.18598791999999997
avgpool_finegrained2_B51OY8.pt,56,55,55,3,2,0.25073661999999997
avgpool_finegrained2_EVF76J.pt,56,41,41,3,2,0.20184461999999997
avgpool_finegrained2_F039NX.pt,56,73,73,3,2,0.3112439400000001
avgpool_finegrained2_99J638.pt,56,63,63,3,2,0.36000681999999995
avgpool_finegrained2_RLUAIT.pt,56,35,35,3,2,0.18016528000000004
avgpool_finegrained2_VBCW01.pt,56,33,33,3,2,0.17310092000000002
avgpool_finegrained2_QK702P.pt,56,70,70,3,2,0.4210500199999999
avgpool_finegrained2_2POL2S.pt,56,123,123,3,2,0.464599
avgpool_finegrained2_3ORXGR.pt,56,113,113,3,2,0.11499569999999996
avgpool_finegrained2_150WMX.pt,56,68,68,3,2,0.34349922000000005
avgpool_finegrained2_Y3X6UZ.pt,56,77,77,3,2,0.34310809999999997
avgpool_finegrained2_DXWN8H.pt,56,78,78,3,2,0.30542497999999996
avgpool_finegrained2_8HGHU8.pt,56,59,59,3,2,0.3038766200000001
avgpool_finegrained2_PJFUC9.pt,56,110,110,3,2,0.41969947999999996
avgpool_finegrained2_A01F9M.pt,56,115,115,3,2,0.41267945999999994
avgpool_finegrained2_KQC2E6.pt,56,74,74,3,2,0.30006588
avgpool_finegrained2_URA2DX.pt,56,53,53,3,2,0.23018796000000008
avgpool_finegrained2_6RE8FI.pt,56,84,84,3,2,0.40683153999999994
avgpool_finegrained2_6TOJIN.pt,56,72,72,3,2,0.28577534000000004
avgpool_finegrained2_7MSHQ2.pt,56,93,93,3,2,0.34921664
avgpool_finegrained2_U4ECJV.pt,56,98,98,3,2,0.3643375599999999
avgpool_finegrained2_NFGTLK.pt,56,103,103,3,2,0.40065188000000007
avgpool_finegrained2_TM8COH.pt,56,90,90,3,2,0.36674604000000016
avgpool_finegrained2_OG6HP1.pt,56,65,65,3,2,0.26924442000000004
avgpool_finegrained2_7JG3N9.pt,56,97,97,3,2,0.3632731400000001
avgpool_finegrained2_V4ISP0.pt,56,87,87,3,2,0.4205610799999999
avgpool_finegrained2_VCXFLI.pt,56,69,69,3,2,0.29064509999999993
avgpool_finegrained2_XTBGY3.pt,14,53,53,3,1,0.13450246
avgpool_finegrained2_VWHL0N.pt,14,30,30,3,1,0.11174084000000001
avgpool_finegrained2_E2WPW8.pt,14,22,22,3,1,0.104887
avgpool_finegrained2_U2HK4P.pt,14,39,39,3,1,0.11835533999999999
avgpool_finegrained2_IZS73L.pt,14,44,44,3,1,0.12122554
avgpool_finegrained2_6X87RJ.pt,14,50,50,3,1,0.12476859999999994
avgpool_finegrained2_BCD45D.pt,14,38,38,3,1,0.1033164
avgpool_finegrained2_EVHCB5.pt,14,33,33,3,1,0.10014541999999999
avgpool_finegrained2_U4AHYY.pt,14,32,32,3,1,0.1000092
avgpool_finegrained2_9IEZ97.pt,14,29,29,3,1,0.09940101999999996
avgpool_finegrained2_NPBQBL.pt,14,47,47,3,1,0.11399097999999999
avgpool_finegrained2_SO25T9.pt,14,31,31,3,1,0.10011172
avgpool_finegrained2_KO98S4.pt,14,23,23,3,1,0.09759957999999998
avgpool_finegrained2_VHRDOL.pt,14,49,49,3,1,0.11378966000000001
avgpool_finegrained2_FA6DE5.pt,14,35,35,3,1,0.14350961999999995
avgpool_finegrained2_ZMZWZT.pt,14,45,45,3,1,0.11485312
avgpool_finegrained2_UGS2VM.pt,14,43,43,3,1,0.14526062000000003
avgpool_finegrained2_2KO7IY.pt,14,48,48,3,1,0.11335587999999999
avgpool_finegrained2_FLJ79O.pt,14,41,41,3,1,0.08173464
avgpool_finegrained2_OPCWPX.pt,14,52,52,3,1,0.11158116000000001
avgpool_finegrained2_6I9TO6.pt,14,67,67,2,2,0.08276750000000002
avgpool_finegrained2_PEQO2M.pt,14,74,74,2,2,0.08861135999999999
avgpool_finegrained2_S07NG7.pt,14,69,69,2,2,0.08818652
avgpool_finegrained2_RLPQ26.pt,14,71,71,2,2,0.09909298
avgpool_finegrained2_ZA8A0P.pt,14,113,113,2,2,0.09492936
avgpool_finegrained2_BVGU96.pt,14,104,104,2,2,0.09275590000000002
avgpool_finegrained2_LNBNRQ.pt,14,56,56,2,2,0.08601373999999998
avgpool_finegrained2_4I9RRV.pt,14,72,72,2,2,0.08883246000000003
avgpool_finegrained2_5TBZAH.pt,14,70,70,2,2,0.08590403999999997
avgpool_finegrained2_D8MPCA.pt,14,107,107,2,2,0.09313419999999997
avgpool_finegrained2_Y06IJB.pt,14,61,61,2,2,0.08629099999999999
avgpool_finegrained2_NU2FAJ.pt,14,97,97,2,2,0.01725408
avgpool_finegrained2_CVM768.pt,14,85,85,2,2,0.08833616
avgpool_finegrained2_EVAB4V.pt,14,114,114,2,2,0.08411408000000002
avgpool_finegrained2_LBTIKC.pt,14,96,96,2,2,0.09857792
avgpool_finegrained2_2Q1BGL.pt,14,54,54,2,2,0.08409414
avgpool_finegrained2_NYAGVD.pt,14,99,99,2,2,0.09141924
avgpool_finegrained2_8SSMGB.pt,14,55,55,2,2,0.08292296
avgpool_finegrained2_SKM7FC.pt,14,73,73,2,2,0.08973188
avgpool_finegrained2_2PV76A.pt,14,86,86,2,2,0.11317410000000003
avgpool_finegrained2_3WJA6G.pt,28,116,116,2,2,0.15342382000000004
avgpool_finegrained2_QPN7KO.pt,28,199,199,2,2,0.22556196000000006
avgpool_finegrained2_D2X4FY.pt,28,168,168,2,2,0.2371303
avgpool_finegrained2_HZ5R9Y.pt,28,151,151,2,2,0.24901217999999992
avgpool_finegrained2_K9RLQK.pt,28,141,141,2,2,0.17283408
avgpool_finegrained2_WY6OOX.pt,28,190,190,2,2,0.28932638000000005
avgpool_finegrained2_H9DS9V.pt,28,130,130,2,2,0.1635262
avgpool_finegrained2_OW3YPC.pt,28,96,96,2,2,0.13996592
avgpool_finegrained2_CMAQ7G.pt,28,124,124,2,2,0.15852374000000002
avgpool_finegrained2_J7BRVK.pt,28,172,172,2,2,0.22226433999999998
avgpool_finegrained2_R623TN.pt,28,144,144,2,2,0.16770278000000002
avgpool_finegrained2_KX54JA.pt,28,217,217,2,2,0.22167948000000004
avgpool_finegrained2_OGPHDT.pt,28,198,198,2,2,0.21233396
avgpool_finegrained2_K694XI.pt,28,156,156,2,2,0.18315442000000004
avgpool_finegrained2_K9AE6Y.pt,28,214,214,2,2,0.2545303999999998
avgpool_finegrained2_GIZHWR.pt,28,118,118,2,2,0.16053653999999998
avgpool_finegrained2_UEHND2.pt,28,171,171,2,2,0.19221649999999993
avgpool_finegrained2_YM71US.pt,28,166,166,2,2,0.20599994000000002
avgpool_finegrained2_WPEHA6.pt,28,150,150,2,2,0.17632615999999998
avgpool_finegrained2_1QEHXD.pt,28,132,132,2,2,0.17265176000000002
avgpool_finegrained2_69UP2M.pt,56,68,68,2,2,0.27436002000000004
avgpool_finegrained2_VTTP8C.pt,56,48,48,2,2,0.31845568
avgpool_finegrained2_W2VRN7.pt,56,60,60,2,2,0.2329781199999999
avgpool_finegrained2_XMFHRG.pt,56,59,59,2,2,0.2688363000000001
avgpool_finegrained2_22AK64.pt,56,53,53,2,2,0.25863106
avgpool_finegrained2_0WYIG8.pt,56,71,71,2,2,0.2582858
avgpool_finegrained2_6PY4P2.pt,56,84,84,2,2,0.3287449800000001
avgpool_finegrained2_M4NBOF.pt,56,74,74,2,2,0.3058516600000001
avgpool_finegrained2_NP2N06.pt,56,72,72,2,2,0.30161488
avgpool_finegrained2_O6JMVV.pt,56,93,93,2,2,0.36832445999999985
avgpool_finegrained2_61NRLE.pt,56,77,77,2,2,0.33729082000000005
avgpool_finegrained2_MKURZJ.pt,56,86,86,2,2,0.29750782
avgpool_finegrained2_ZSDG05.pt,56,52,52,2,2,0.20961648
avgpool_finegrained2_8D6VCG.pt,56,90,90,2,2,0.3257644400000001
avgpool_finegrained2_68SDEK.pt,56,88,88,2,2,0.3204540399999999
avgpool_finegrained2_AVUHFA.pt,56,49,49,2,2,0.27590364
avgpool_finegrained2_7SKB2T.pt,56,95,95,2,2,0.33101692000000005
avgpool_finegrained2_4QK5YN.pt,56,46,46,2,2,0.19705698
avgpool_finegrained2_9K6OMP.pt,56,64,64,2,2,0.24421009999999987
avgpool_finegrained2_86ZCRJ.pt,56,75,75,2,2,0.26896075999999997
avgpool_finegrained2_EBWK2O.pt,14,284,284,2,1,0.31904478000000014
avgpool_finegrained2_576LH8.pt,14,276,276,2,1,0.09225836000000001
avgpool_finegrained2_B3X7K4.pt,14,356,356,2,1,0.45175838
avgpool_finegrained2_GY8GCV.pt,14,265,265,2,1,0.4066536400000001
avgpool_finegrained2_6FMM3O.pt,14,394,394,2,1,0.36357448
avgpool_finegrained2_62WALF.pt,14,287,287,2,1,0.28493924000000004
avgpool_finegrained2_42UJNY.pt,14,270,270,2,1,0.35713441999999995
avgpool_finegrained2_FB7WJI.pt,14,427,427,2,1,0.5350758599999998
avgpool_finegrained2_A6S61W.pt,14,264,264,2,1,0.29818854000000006
avgpool_finegrained2_5036K7.pt,14,198,198,2,1,0.2960688800000001
avgpool_finegrained2_RALB8B.pt,14,426,426,2,1,0.54108614
avgpool_finegrained2_IOTYXF.pt,14,438,438,2,1,0.4026182799999999
avgpool_finegrained2_QMLR78.pt,14,208,208,2,1,0.29411122
avgpool_finegrained2_3OLZ8A.pt,14,236,236,2,1,0.28195936
avgpool_finegrained2_U8JCBL.pt,14,344,344,2,1,0.33610238000000003
avgpool_finegrained2_AM315M.pt,14,222,222,2,1,0.24631720000000001
avgpool_finegrained2_1AJFGB.pt,14,210,210,2,1,0.23958928000000004
avgpool_finegrained2_A82DIU.pt,14,404,404,2,1,0.4720236
avgpool_finegrained2_KOBCKV.pt,14,283,283,2,1,0.30541998
avgpool_finegrained2_3L3Q3I.pt,14,192,192,2,1,0.22921167999999997
avgpool_finegrained2_CUL0JH.pt,28,39,39,3,1,0.19444061999999995
avgpool_finegrained2_CXOANW.pt,28,44,44,3,1,0.20905476
avgpool_finegrained2_TTV39R.pt,28,24,24,3,1,0.14995092
avgpool_finegrained2_VZM5RU.pt,28,34,34,3,1,0.17889553999999996
avgpool_finegrained2_01VXP5.pt,28,23,23,3,1,0.14772838000000002
avgpool_finegrained2_4GQU9U.pt,28,27,27,3,1,0.15834198
avgpool_finegrained2_PMRQQ8.pt,28,31,31,3,1,0.1707154
avgpool_finegrained2_MM8KNH.pt,28,21,21,3,1,0.14255103999999996
avgpool_finegrained2_D9E9TG.pt,28,41,41,3,1,0.209669
avgpool_finegrained2_LTOKNG.pt,28,38,38,3,1,0.1818544
avgpool_finegrained2_WFMWQR.pt,28,28,28,3,1,0.18437396000000006
avgpool_finegrained2_FCIQ1C.pt,28,47,47,3,1,0.20922246000000005
avgpool_finegrained2_ORQ27R.pt,28,33,33,3,1,0.19936279999999995
avgpool_finegrained2_68JPNC.pt,28,30,30,3,1,0.18665098000000005
avgpool_finegrained2_TFUB3E.pt,28,29,29,3,1,0.25677746
avgpool_finegrained2_FDD4WB.pt,28,37,37,3,1,0.18625122000000002
avgpool_finegrained2_48QDIT.pt,28,48,48,3,1,0.21753265999999996
avgpool_finegrained2_4LW465.pt,28,36,36,3,1,0.18323672
avgpool_finegrained2_ILFCDX.pt,28,46,46,3,1,0.20923122
avgpool_finegrained2_OC0WOP.pt,28,22,22,3,1,0.16791380000000003
avgpool_finegrained2_G74NFC.pt,112,303,303,2,2,1.3954139999999997
avgpool_finegrained2_8GLFJN.pt,112,256,256,2,2,1.43484498
avgpool_finegrained2_L7HRMG.pt,112,378,378,2,2,1.8092438199999998
avgpool_finegrained2_E0KBMR.pt,112,308,308,2,2,1.5225095199999998
avgpool_finegrained2_EQT447.pt,112,419,419,2,2,1.3380437200000006
avgpool_finegrained2_5K85ZY.pt,112,548,548,2,2,1.6683646599999997
avgpool_finegrained2_8L91O2.pt,112,335,335,2,2,1.4270770000000002
avgpool_finegrained2_FHEWXK.pt,112,593,593,2,2,1.8359809600000003
avgpool_finegrained2_UQH23V.pt,112,314,314,2,2,1.4212903999999997
avgpool_finegrained2_2ZI6QP.pt,112,584,584,2,2,1.6953854199999998
avgpool_finegrained2_O7130X.pt,112,453,453,2,2,1.5215495799999998
avgpool_finegrained2_2D3WCI.pt,112,400,400,2,2,1.5350644800000006
avgpool_finegrained2_YV7FO1.pt,112,527,527,2,2,2.1407947200000006
avgpool_finegrained2_DV4BF8.pt,112,395,395,2,2,1.55452292
avgpool_finegrained2_U35AB4.pt,112,483,483,2,2,1.53899746
avgpool_finegrained2_493ZJI.pt,112,339,339,2,2,1.4275065800000004
avgpool_finegrained2_0YAT6F.pt,112,279,279,2,2,1.31774478
avgpool_finegrained2_T659XB.pt,112,602,602,2,2,1.7173193599999999
avgpool_finegrained2_GWKBL5.pt,112,597,597,2,2,1.8381794000000002
avgpool_finegrained2_4BWM9J.pt,112,603,603,2,2,1.8469543
avgpool_finegrained2_NY20AQ.pt,28,236,236,3,2,0.27528681999999993
avgpool_finegrained2_N0WB12.pt,28,229,229,3,2,0.28659436000000005
avgpool_finegrained2_WJ32QL.pt,28,205,205,3,2,0.26442518000000004
avgpool_finegrained2_4DMTS3.pt,28,129,129,3,2,0.17449675999999997
avgpool_finegrained2_PG8X3C.pt,28,104,104,3,2,0.15932658000000002
avgpool_finegrained2_U8PL2R.pt,28,231,231,3,2,0.2504429
avgpool_finegrained2_HLNMWI.pt,28,164,164,3,2,0.21368838000000004
avgpool_finegrained2_JJ6GCZ.pt,28,238,238,3,2,0.28276761999999994
avgpool_finegrained2_MN07YW.pt,28,182,182,3,2,0.21470278000000004
avgpool_finegrained2_1EQ2W1.pt,28,239,239,3,2,0.30020876
avgpool_finegrained2_UZ50VO.pt,28,106,106,3,2,0.16387496000000001
avgpool_finegrained2_WH6KPQ.pt,28,224,224,3,2,0.24369346
avgpool_finegrained2_5QTVBD.pt,28,184,184,3,2,0.21560750000000004
avgpool_finegrained2_W0FN1O.pt,28,221,221,3,2,0.27587362000000004
avgpool_finegrained2_ZQDKS8.pt,28,207,207,3,2,0.26634104000000003
avgpool_finegrained2_15RLOG.pt,28,154,154,3,2,0.2408623800000001
avgpool_finegrained2_X43D24.pt,28,128,128,3,2,0.17746274
avgpool_finegrained2_C5PT3W.pt,28,225,225,3,2,0.2448405
avgpool_finegrained2_Z8BQRL.pt,28,202,202,3,2,0.26383093999999996
avgpool_finegrained2_DBEV2S.pt,28,112,112,3,2,0.16575568000000002
avgpool_finegrained2_66PWOB.pt,56,108,108,3,2,0.5242881599999998
avgpool_finegrained2_KK7F13.pt,56,107,107,3,2,0.42065362
avgpool_finegrained2_RBV05B.pt,56,70,70,3,2,0.30913520000000005
avgpool_finegrained2_XEJI7J.pt,56,118,118,3,2,0.4267092000000001
avgpool_finegrained2_QM5YQ9.pt,56,105,105,3,2,0.4751257599999999
avgpool_finegrained2_6KX319.pt,56,129,129,3,2,0.5654022800000003
avgpool_finegrained2_5TGEE1.pt,56,120,120,3,2,0.43717349999999994
avgpool_finegrained2_LQI8OH.pt,56,121,121,3,2,0.5302331600000002
avgpool_finegrained2_DD67NJ.pt,56,131,131,3,2,0.71132022
avgpool_finegrained2_D3GBXC.pt,56,130,130,3,2,0.61444922
avgpool_finegrained2_L35BKD.pt,56,122,122,3,2,0.4385000799999999
avgpool_finegrained2_60JJNB.pt,56,161,161,3,2,0.5553536200000001
avgpool_finegrained2_ZBGIDG.pt,56,81,81,3,2,0.31673277999999994
avgpool_finegrained2_Z27VEQ.pt,56,71,71,3,2,0.2862546
avgpool_finegrained2_ESPZON.pt,56,69,69,3,2,0.28401094000000005
avgpool_finegrained2_LQ1ELX.pt,56,87,87,3,2,0.43829406000000015
avgpool_finegrained2_6AXMOE.pt,56,72,72,3,2,0.3910456600000001
avgpool_finegrained2_PKGV4C.pt,56,93,93,3,2,0.34939721999999995
avgpool_finegrained2_UITTGP.pt,56,76,76,3,2,0.3434866800000001
avgpool_finegrained2_EKV77L.pt,56,111,111,3,2,0.4625668999999999
avgpool_finegrained2_RWTONM.pt,14,27,27,2,1,0.09522598
avgpool_finegrained2_DLPSF2.pt,14,29,29,2,1,0.019182499999999998
avgpool_finegrained2_7DVZE0.pt,14,17,17,2,1,0.08872889999999999
avgpool_finegrained2_Q5OADI.pt,14,26,26,2,1,0.09378043999999999
avgpool_finegrained2_1CGQ32.pt,14,24,24,2,1,0.11615845999999999
avgpool_finegrained2_1SH2KW.pt,14,14,14,2,1,0.08589096000000002
avgpool_finegrained2_95NAZZ.pt,14,23,23,2,1,0.12463813999999995
avgpool_finegrained2_3HM2XA.pt,14,22,22,2,1,0.09259190000000002
avgpool_finegrained2_MH4NEV.pt,14,13,13,2,1,0.08779782000000001
avgpool_finegrained2_Z7SW5B.pt,14,31,31,2,1,0.09886495999999997
avgpool_finegrained2_XRKVSN.pt,14,20,20,2,1,0.09178870000000001
avgpool_finegrained2_H81FRX.pt,14,19,19,2,1,0.11436814000000001
avgpool_finegrained2_W8IYAH.pt,14,15,15,2,1,0.09490903999999997
avgpool_finegrained2_HRKWNF.pt,14,28,28,2,1,0.09624723999999997
avgpool_finegrained2_F5GWJR.pt,14,18,18,2,1,0.09136653999999998
avgpool_finegrained2_WKK9OT.pt,14,25,25,2,1,0.10129137999999999
avgpool_finegrained2_F7AJ5K.pt,14,16,16,2,1,0.08916364000000002
avgpool_finegrained2_M42AZI.pt,14,21,21,2,1,0.08960267999999999
avgpool_finegrained2_6TCDF8.pt,14,30,30,2,1,0.0986289
avgpool_finegrained2_5GMVK0.pt,14,199,199,3,2,0.11680059999999999
avgpool_finegrained2_LD5E2J.pt,14,179,179,3,2,0.10808625999999999
avgpool_finegrained2_ADDSD9.pt,14,224,224,3,2,0.12272604000000004
avgpool_finegrained2_FWA3EF.pt,14,177,177,3,2,0.10696447999999999
avgpool_finegrained2_JC2G2P.pt,14,151,151,3,2,0.10325727999999999
avgpool_finegrained2_Y4OUXZ.pt,14,187,187,3,2,0.10634820000000002
avgpool_finegrained2_QCJT78.pt,14,233,233,3,2,0.13569552
avgpool_finegrained2_T8G62C.pt,14,195,195,3,2,0.12088812000000003
avgpool_finegrained2_XMCSX7.pt,14,165,165,3,2,0.10400226
avgpool_finegrained2_QDJ25H.pt,14,216,216,3,2,0.12342618
avgpool_finegrained2_6U7WXG.pt,14,250,250,3,2,0.13113496000000002
avgpool_finegrained2_IW18DM.pt,14,146,146,3,2,0.12949448
avgpool_finegrained2_X83WJ1.pt,14,211,211,3,2,0.12744370000000002
avgpool_finegrained2_S2AXD2.pt,14,213,213,3,2,0.13768550000000002
avgpool_finegrained2_9DIG5G.pt,14,138,138,3,2,0.10058574000000002
avgpool_finegrained2_48V58A.pt,14,221,221,3,2,0.15543624
avgpool_finegrained2_S6E7AO.pt,14,190,190,3,2,0.10700437999999998
avgpool_finegrained2_0PAM3C.pt,14,232,232,3,2,0.11550059999999998
avgpool_finegrained2_0CV1IZ.pt,14,188,188,3,2,0.11534876000000002
avgpool_finegrained2_9005Z6.pt,14,120,120,3,2,0.09566973999999996
avgpool_finegrained2_7C1E1P.pt,14,218,218,2,2,0.11151448000000003
avgpool_finegrained2_GJZE65.pt,14,245,245,2,2,0.11656778000000005
avgpool_finegrained2_763K2B.pt,14,154,154,2,2,0.10550455999999998
avgpool_finegrained2_4EMUSK.pt,14,156,156,2,2,0.10509083999999998
avgpool_finegrained2_A7GX9Z.pt,14,219,219,2,2,0.12802954000000002
avgpool_finegrained2_4K4ONM.pt,14,270,270,2,2,0.11663332000000003
avgpool_finegrained2_ZHJR56.pt,14,185,185,2,2,0.10312801999999996
avgpool_finegrained2_LQCW0D.pt,14,244,244,2,2,0.11214901999999999
avgpool_finegrained2_IXCLSR.pt,14,255,255,2,2,0.11496886
avgpool_finegrained2_51Z86S.pt,14,305,305,2,2,0.17703220000000003
avgpool_finegrained2_HAJJEV.pt,14,309,309,2,2,0.12767100000000003
avgpool_finegrained2_6NWV3R.pt,14,140,140,2,2,0.09863083999999998
avgpool_finegrained2_E30VBQ.pt,14,186,186,2,2,0.02049353999999999
avgpool_finegrained2_AACW5M.pt,14,190,190,2,2,0.10702109999999998
avgpool_finegrained2_XW2TYV.pt,14,193,193,2,2,0.10772546
avgpool_finegrained2_JCT2EY.pt,14,214,214,2,2,0.11297380000000003
avgpool_finegrained2_A5PX2K.pt,14,239,239,2,2,0.11521136
avgpool_finegrained2_R4585S.pt,14,226,226,2,2,0.11296668000000003
avgpool_finegrained2_4N29PT.pt,14,150,150,2,2,0.09952416000000001
avgpool_finegrained2_PTT2Q1.pt,14,295,295,2,2,0.12317202000000002
avgpool_finegrained2_INFGFJ.pt,28,259,259,3,1,0.86537112
avgpool_finegrained2_1XOFXD.pt,28,214,214,3,1,0.7138215799999998
avgpool_finegrained2_PNYDDC.pt,28,215,215,3,1,0.9208207599999999
avgpool_finegrained2_XGFK04.pt,28,161,161,3,1,0.7140873999999999
avgpool_finegrained2_D5YD6Q.pt,28,121,121,3,1,0.42817112
avgpool_finegrained2_R76MPL.pt,28,206,206,3,1,0.8993224400000004
avgpool_finegrained2_XQ58BO.pt,28,194,194,3,1,0.6900628599999998
avgpool_finegrained2_IMZMDX.pt,28,119,119,3,1,0.42957497999999994
avgpool_finegrained2_2D5D3H.pt,28,135,135,3,1,0.47551355999999984
avgpool_finegrained2_3APG8K.pt,28,254,254,3,1,0.8483060800000001
avgpool_finegrained2_42JYHF.pt,28,126,126,3,1,0.5783259399999999
avgpool_finegrained2_T2D307.pt,28,163,163,3,1,0.71078938
avgpool_finegrained2_8IPVYT.pt,28,216,216,3,1,0.7226568599999998
avgpool_finegrained2_R10LUB.pt,28,171,171,3,1,0.6793846799999997
avgpool_finegrained2_DZYPIU.pt,28,187,187,3,1,0.6361294799999999
avgpool_finegrained2_QHTOVZ.pt,28,209,209,3,1,0.7958717199999998
avgpool_finegrained2_CZPIEG.pt,28,234,234,3,1,1.08049884
avgpool_finegrained2_NVCQUN.pt,28,169,169,3,1,0.7551641400000001
avgpool_finegrained2_868485.pt,28,162,162,3,1,0.6873884600000002
avgpool_finegrained2_0MO9FZ.pt,28,186,186,3,1,1.00723254
avgpool_finegrained2_LRMXO4.pt,28,47,47,2,1,0.23726270000000002
avgpool_finegrained2_3QRXLU.pt,28,77,77,2,1,0.32441614
avgpool_finegrained2_C6Y866.pt,28,85,85,2,1,0.31758900000000007
avgpool_finegrained2_XYQWG6.pt,28,80,80,2,1,0.33172332
avgpool_finegrained2_PUV3RE.pt,28,75,75,2,1,0.32141694
avgpool_finegrained2_GBI8XX.pt,28,74,74,2,1,0.32008751999999996
avgpool_finegrained2_ODXGFR.pt,28,69,69,2,1,0.29449232
avgpool_finegrained2_PY34WK.pt,28,79,79,2,1,0.2958149399999999
avgpool_finegrained2_VDKACH.pt,28,68,68,2,1,0.27562203999999996
avgpool_finegrained2_30LBI6.pt,28,66,66,2,1,0.25914267999999996
avgpool_finegrained2_9E5U0L.pt,28,67,67,2,1,0.25843254
avgpool_finegrained2_HXJ590.pt,28,51,51,2,1,0.21554966
avgpool_finegrained2_2MYQTU.pt,28,59,59,2,1,0.23991869999999998
avgpool_finegrained2_JG4C31.pt,28,81,81,2,1,0.3221227599999999
avgpool_finegrained2_39219T.pt,28,70,70,2,1,0.38205846
avgpool_finegrained2_OIO75D.pt,28,53,53,2,1,0.2149791799999999
avgpool_finegrained2_9XG2QH.pt,28,57,57,2,1,0.2354746
avgpool_finegrained2_PJE302.pt,28,61,61,2,1,0.28892823999999995
avgpool_finegrained2_332IZC.pt,28,37,37,2,1,0.17842887999999998
avgpool_finegrained2_IS3ZKM.pt,28,60,60,2,1,0.23945072
avgpool_finegrained2_694QVA.pt,28,473,473,2,2,0.44719687999999996
avgpool_finegrained2_5ERQZL.pt,28,416,416,2,2,0.35552385999999997
avgpool_finegrained2_ODG2Q0.pt,28,330,330,2,2,0.10489462000000001
avgpool_finegrained2_B34GXJ.pt,28,328,328,2,2,0.29372448000000007
avgpool_finegrained2_U95W10.pt,28,453,453,2,2,0.37737206
avgpool_finegrained2_UBF9R9.pt,28,356,356,2,2,0.3988037200000001
avgpool_finegrained2_VTGX52.pt,28,474,474,2,2,0.5187878599999999
avgpool_finegrained2_MKW7P8.pt,28,566,566,2,2,0.52081678
avgpool_finegrained2_2YHTZ9.pt,28,426,426,2,2,0.35931304000000003
avgpool_finegrained2_JAQ6N1.pt,28,317,317,2,2,0.28999273999999997
avgpool_finegrained2_Z516Y4.pt,28,564,564,2,2,0.49063545999999997
avgpool_finegrained2_7QTK7P.pt,28,595,595,2,2,0.6304089800000002
avgpool_finegrained2_80CBXT.pt,28,469,469,2,2,0.40997997999999997
avgpool_finegrained2_WRA028.pt,28,424,424,2,2,0.3818140399999999
avgpool_finegrained2_GJI56W.pt,28,303,303,2,2,0.39660899999999993
avgpool_finegrained2_PKL2Y1.pt,28,265,265,2,2,0.28456278000000007
avgpool_finegrained2_KK246N.pt,28,350,350,2,2,0.43302946
avgpool_finegrained2_IJ1RCY.pt,28,405,405,2,2,0.44798274
avgpool_finegrained2_5IES41.pt,28,570,570,2,2,0.6384936400000001
avgpool_finegrained2_TWN6G1.pt,28,502,502,2,2,0.40975434
avgpool_finegrained2_3B3YQ9.pt,56,40,40,3,2,0.25192878
avgpool_finegrained2_0KTLQC.pt,56,47,47,3,2,0.21477494000000008
avgpool_finegrained2_RMFY8L.pt,56,27,27,3,2,0.15811292
avgpool_finegrained2_MAK44S.pt,56,37,37,3,2,0.18785264000000002
avgpool_finegrained2_IDYRO5.pt,56,48,48,3,2,0.28716372
avgpool_finegrained2_DYPWA3.pt,56,33,33,3,2,0.17197699999999996
avgpool_finegrained2_REX4H2.pt,56,53,53,3,2,0.22855962000000007
avgpool_finegrained2_4GBEUZ.pt,56,35,35,3,2,0.19087884
avgpool_finegrained2_BR6NEB.pt,56,26,26,3,2,0.17116778
avgpool_finegrained2_J3UAFH.pt,56,39,39,3,2,0.18984461999999996
avgpool_finegrained2_4EFJIR.pt,56,57,57,3,2,0.0575304
avgpool_finegrained2_6FFH9L.pt,56,45,45,3,2,0.21560725999999997
avgpool_finegrained2_D5BHQG.pt,56,44,44,3,2,0.20329598000000004
avgpool_finegrained2_RDCYFR.pt,56,54,54,3,2,0.23413299999999995
avgpool_finegrained2_W3148Z.pt,56,42,42,3,2,0.19905843999999998
avgpool_finegrained2_P07E58.pt,56,46,46,3,2,0.3028928799999999
avgpool_finegrained2_X43YAN.pt,56,31,31,3,2,0.16611879999999998
avgpool_finegrained2_RJ1KVI.pt,56,59,59,3,2,0.32556892000000004
avgpool_finegrained2_YQVL8P.pt,56,29,29,3,2,0.16323743999999998
avgpool_finegrained2_ZKHLK9.pt,56,50,50,3,2,0.23399801999999995
avgpool_finegrained2_ZHRZON.pt,14,275,275,2,2,0.12643101999999998
avgpool_finegrained2_MO4UI8.pt,14,402,402,2,2,0.14221375999999997
avgpool_finegrained2_844GSF.pt,14,351,351,2,2,0.13985594
avgpool_finegrained2_A26MLN.pt,14,503,503,2,2,0.17313957999999996
avgpool_finegrained2_D7NFI0.pt,14,310,310,2,2,0.13555857999999998
avgpool_finegrained2_B5IKLL.pt,14,461,461,2,2,0.1737556
avgpool_finegrained2_VAK18F.pt,14,488,488,2,2,0.18975634
avgpool_finegrained2_91MPKN.pt,14,450,450,2,2,0.15731447999999998
avgpool_finegrained2_PH3KR4.pt,14,333,333,2,2,0.13647242
avgpool_finegrained2_DWQJ9J.pt,14,437,437,2,2,0.21321927999999996
avgpool_finegrained2_8F6X1O.pt,14,257,257,2,2,0.12283132000000004
avgpool_finegrained2_OIXJL9.pt,14,492,492,2,2,0.16133796
avgpool_finegrained2_LM4J40.pt,14,373,373,2,2,0.03299198
avgpool_finegrained2_5JBJXS.pt,14,312,312,2,2,0.13017182000000005
avgpool_finegrained2_IA618Y.pt,14,326,326,2,2,0.12679262
avgpool_finegrained2_ZXKIME.pt,14,247,247,2,2,0.12460016000000002
avgpool_finegrained2_ODZV9U.pt,14,436,436,2,2,0.17415884
avgpool_finegrained2_HR4FXJ.pt,14,485,485,2,2,0.16610406
avgpool_finegrained2_6KQV86.pt,14,381,381,2,2,0.13842054
avgpool_finegrained2_AKUF6G.pt,14,469,469,2,2,0.15771505999999996
avgpool_finegrained2_OFTX4G.pt,112,252,252,2,2,1.3763950999999996
avgpool_finegrained2_QYS7WC.pt,112,264,264,2,2,1.4721083400000003
avgpool_finegrained2_4EQ6WR.pt,112,222,222,2,2,1.3911603600000004
avgpool_finegrained2_TGQEJM.pt,112,279,279,2,2,1.3488059199999998
avgpool_finegrained2_76P71C.pt,112,309,309,2,2,1.5367923199999998
avgpool_finegrained2_B7I7EH.pt,112,162,162,2,2,1.3345619399999997
avgpool_finegrained2_OSCAMD.pt,112,270,270,2,2,1.3076334400000005
avgpool_finegrained2_IFNV1L.pt,112,228,228,2,2,1.2453067600000003
avgpool_finegrained2_37GKMM.pt,112,169,169,2,2,1.3146596199999998
avgpool_finegrained2_F864KA.pt,112,287,287,2,2,1.4761920400000001
avgpool_finegrained2_XNGYR9.pt,112,291,291,2,2,1.2371113599999999
avgpool_finegrained2_M8LG70.pt,112,253,253,2,2,1.1714829400000002
avgpool_finegrained2_E712CZ.pt,112,138,138,2,2,1.23536138
avgpool_finegrained2_5CH07F.pt,112,140,140,2,2,1.2080225599999996
avgpool_finegrained2_S5UMX1.pt,112,141,141,2,2,1.1672536800000002
avgpool_finegrained2_VTI4A2.pt,112,196,196,2,2,1.17017138
avgpool_finegrained2_GU7YU1.pt,112,268,268,2,2,1.28876284
avgpool_finegrained2_P37CGZ.pt,112,256,256,2,2,1.3962538999999996
avgpool_finegrained2_3HJDAJ.pt,112,288,288,2,2,1.46407122
avgpool_finegrained2_QNM60N.pt,112,223,223,2,2,1.2869320400000006
avgpool_finegrained2_LK5VQH.pt,56,83,83,3,2,0.38212877999999995
avgpool_finegrained2_OM9W66.pt,56,116,116,3,2,0.5603275000000001
avgpool_finegrained2_WB0EG9.pt,56,126,126,3,2,0.5298160399999998
avgpool_finegrained2_WQNFRI.pt,56,151,151,3,2,0.72355
avgpool_finegrained2_MNOR0C.pt,56,81,81,3,2,0.40783397999999993
avgpool_finegrained2_ZGEFOM.pt,56,114,114,3,2,0.40961192000000013
avgpool_finegrained2_FJKHJV.pt,56,150,150,3,2,0.6762449200000001
avgpool_finegrained2_RWMA1J.pt,56,133,133,3,2,0.4735945399999999
avgpool_finegrained2_C8PJ79.pt,56,106,106,3,2,0.5188933200000002
avgpool_finegrained2_OUL8FY.pt,56,165,165,3,2,0.5715906199999999
avgpool_finegrained2_MOK2BV.pt,56,77,77,3,2,0.3994203200000001
avgpool_finegrained2_C051GT.pt,56,103,103,3,2,0.40463874000000005
avgpool_finegrained2_Q95H5L.pt,56,76,76,3,2,0.34817594
avgpool_finegrained2_F7XXN2.pt,56,88,88,3,2,0.40606773999999995
avgpool_finegrained2_QT283C.pt,56,130,130,3,2,0.50330892
avgpool_finegrained2_FN66O5.pt,56,78,78,3,2,0.34899156
avgpool_finegrained2_Q7E951.pt,56,112,112,3,2,0.39645712000000005
avgpool_finegrained2_YSCLDH.pt,56,80,80,3,2,0.3062434600000001
avgpool_finegrained2_9JRYBC.pt,56,164,164,3,2,0.5575529799999999
avgpool_finegrained2_599RYS.pt,56,160,160,3,2,0.55877784
avgpool_finegrained2_QI1NQB.pt,56,65,65,2,2,0.27605762
avgpool_finegrained2_K79WH3.pt,56,30,30,2,2,0.16568162
avgpool_finegrained2_26GX3G.pt,56,55,55,2,2,0.06398868000000002
avgpool_finegrained2_2UOO81.pt,56,56,56,2,2,0.3495307200000001
avgpool_finegrained2_FYD0PB.pt,56,64,64,2,2,0.28567432
avgpool_finegrained2_8G91MZ.pt,56,50,50,2,2,0.20632122000000003
avgpool_finegrained2_PKAAY7.pt,56,38,38,2,2,0.22112194
avgpool_finegrained2_O8YUWR.pt,56,47,47,2,2,0.19893287999999995
avgpool_finegrained2_IYF9A2.pt,56,42,42,2,2,0.18785260000000004
avgpool_finegrained2_N7JNNQ.pt,56,28,28,2,2,0.14975036000000003
avgpool_finegrained2_6D02SJ.pt,56,58,58,2,2,0.23110924000000005
avgpool_finegrained2_CQ0CMR.pt,56,52,52,2,2,0.21350228000000002
avgpool_finegrained2_OQKLUQ.pt,56,49,49,2,2,0.20468532000000006
avgpool_finegrained2_O1V54C.pt,56,51,51,2,2,0.20664435999999992
avgpool_finegrained2_HOD28I.pt,56,34,34,2,2,0.16151958000000005
avgpool_finegrained2_1ET4O5.pt,56,39,39,2,2,0.18278612
avgpool_finegrained2_VQYUOB.pt,56,63,63,2,2,0.23740064000000005
avgpool_finegrained2_PL51D3.pt,56,54,54,2,2,0.34713402000000004
avgpool_finegrained2_GLLHN9.pt,56,45,45,2,2,0.19504252
avgpool_finegrained2_DAXMFM.pt,56,60,60,2,2,0.2336099
avgpool_finegrained2_MBRI06.pt,112,205,205,3,2,1.5970767600000002
avgpool_finegrained2_QAPDAX.pt,112,208,208,3,2,1.43845294
avgpool_finegrained2_7N02S7.pt,112,232,232,3,2,1.3179265399999998
avgpool_finegrained2_RXKY7I.pt,112,153,153,3,2,1.1487514199999997
avgpool_finegrained2_AORPSM.pt,112,274,274,3,2,1.2183093600000003
avgpool_finegrained2_6Z9EHO.pt,112,199,199,3,2,1.2951374999999998
avgpool_finegrained2_2Z6TMO.pt,112,170,170,3,2,1.30449176
avgpool_finegrained2_SUJW8C.pt,112,157,157,3,2,1.3935147600000009
avgpool_finegrained2_4ZCEXL.pt,112,194,194,3,2,1.33811238
avgpool_finegrained2_6B136F.pt,112,126,126,3,2,1.3215130199999998
avgpool_finegrained2_SW8AH1.pt,112,277,277,3,2,1.51006302
avgpool_finegrained2_2MPVU0.pt,112,142,142,3,2,1.4636367400000003
avgpool_finegrained2_8VVEOS.pt,112,119,119,3,2,1.3370443199999997
avgpool_finegrained2_QETFZA.pt,112,211,211,3,2,0.7948922600000001
avgpool_finegrained2_PSARPG.pt,112,133,133,3,2,1.3163571800000002
avgpool_finegrained2_8C2QYV.pt,112,193,193,3,2,1.40415968
avgpool_finegrained2_SS4PTV.pt,112,256,256,3,2,1.6326970399999996
avgpool_finegrained2_TFFE5R.pt,112,156,156,3,2,1.4665938399999996
avgpool_finegrained2_UMMZRU.pt,112,268,268,3,2,1.3673842000000003
avgpool_finegrained2_LLQ4A6.pt,112,189,189,3,2,1.3541199399999997
avgpool_finegrained2_HR9MB8.pt,14,31,31,2,2,0.08648805999999996
avgpool_finegrained2_X3BK1I.pt,14,26,26,2,2,0.08103792000000004
avgpool_finegrained2_9YKFPK.pt,14,50,50,2,2,0.08319254
avgpool_finegrained2_3PBXVR.pt,14,49,49,2,2,0.08554090000000002
avgpool_finegrained2_15WCA1.pt,14,25,25,2,2,0.07834344
avgpool_finegrained2_ZIBAB7.pt,14,30,30,2,2,0.08096848
avgpool_finegrained2_BY6XZ5.pt,14,43,43,2,2,0.08162675999999999
avgpool_finegrained2_5PL5HN.pt,14,48,48,2,2,0.0923561
avgpool_finegrained2_DYII5N.pt,14,45,45,2,2,0.08719946000000002
avgpool_finegrained2_XXS9ET.pt,14,35,35,2,2,0.08666506
avgpool_finegrained2_VFFH5M.pt,14,40,40,2,2,0.08980758000000001
avgpool_finegrained2_4HBVLC.pt,14,42,42,2,2,0.08726297999999998
avgpool_finegrained2_U6YFS1.pt,14,24,24,2,2,0.0169867
avgpool_finegrained2_3VQWUE.pt,14,37,37,2,2,0.09118570000000002
avgpool_finegrained2_PUZW54.pt,14,47,47,2,2,0.09012796
avgpool_finegrained2_VKH0NY.pt,14,36,36,2,2,0.07786382
avgpool_finegrained2_STX8PV.pt,14,44,44,2,2,0.07461604000000001
avgpool_finegrained2_0LUAXJ.pt,14,38,38,2,2,0.07646610000000001
avgpool_finegrained2_7PXK14.pt,14,27,27,2,2,0.08176151999999998
avgpool_finegrained2_X29A24.pt,14,34,34,2,2,0.08090448
avgpool_finegrained2_QP8XAV.pt,14,147,147,2,2,0.10426566000000002
avgpool_finegrained2_QV820Q.pt,14,181,181,2,2,0.13718162
avgpool_finegrained2_6M8045.pt,14,128,128,2,2,0.09681578
avgpool_finegrained2_34UB48.pt,14,82,82,2,2,0.08821462000000002
avgpool_finegrained2_9MO91S.pt,14,186,186,2,2,0.10711065999999998
avgpool_finegrained2_RBHEZ6.pt,14,151,151,2,2,0.10757476000000002
avgpool_finegrained2_CBOQXV.pt,14,99,99,2,2,0.09420056
avgpool_finegrained2_QYEY7V.pt,14,130,130,2,2,0.09873388
avgpool_finegrained2_3JVJL1.pt,14,148,148,2,2,0.09948016000000004
avgpool_finegrained2_CFYPP5.pt,14,85,85,2,2,0.09158178000000002
avgpool_finegrained2_2P623V.pt,14,136,136,2,2,0.10840194
avgpool_finegrained2_SAOQ5J.pt,14,178,178,2,2,0.10578620000000001
avgpool_finegrained2_LQV3WO.pt,14,137,137,2,2,0.09803376
avgpool_finegrained2_OYLAFJ.pt,14,111,111,2,2,0.09206232000000003
avgpool_finegrained2_J2YQA6.pt,14,104,104,2,2,0.089683
avgpool_finegrained2_EU34FF.pt,14,123,123,2,2,0.09575046000000001
avgpool_finegrained2_U1VW9G.pt,14,182,182,2,2,0.107122
avgpool_finegrained2_CI7WTC.pt,14,119,119,2,2,0.09528279999999999
avgpool_finegrained2_W8SL54.pt,14,125,125,2,2,0.10370736000000003
avgpool_finegrained2_6DTK4V.pt,14,190,190,2,2,0.1380835
avgpool_finegrained2_CGBFR6.pt,28,243,243,2,2,0.26316676
avgpool_finegrained2_XDU0OV.pt,28,367,367,2,2,0.32151082
avgpool_finegrained2_67B4HQ.pt,28,231,231,2,2,0.25157307999999995
avgpool_finegrained2_HF3WT0.pt,28,275,275,2,2,0.28894474000000003
avgpool_finegrained2_W9BQDO.pt,28,161,161,2,2,0.25068470000000004
avgpool_finegrained2_C6AL4T.pt,28,242,242,2,2,0.23733137999999993
avgpool_finegrained2_GSOMS4.pt,28,165,165,2,2,0.18787694
avgpool_finegrained2_HILAIN.pt,28,323,323,2,2,0.38390817999999993
avgpool_finegrained2_0GCAUE.pt,28,309,309,2,2,0.44614651999999994
avgpool_finegrained2_7OIUT2.pt,28,249,249,2,2,0.09962633999999998
avgpool_finegrained2_0RRYHT.pt,28,166,166,2,2,0.20078912
avgpool_finegrained2_UQ63FD.pt,28,322,322,2,2,0.2903244999999999
avgpool_finegrained2_SERJPO.pt,28,189,189,2,2,0.20237673999999997
avgpool_finegrained2_L877YW.pt,28,229,229,2,2,0.22927204
avgpool_finegrained2_XT4N11.pt,28,173,173,2,2,0.19122962000000004
avgpool_finegrained2_Y7IL1J.pt,28,373,373,2,2,0.3255969999999999
avgpool_finegrained2_KHLFSP.pt,28,366,366,2,2,0.36100742
avgpool_finegrained2_3HJWVI.pt,28,341,341,2,2,0.4156608400000002
avgpool_finegrained2_K7WKNN.pt,28,176,176,2,2,0.20113177999999998
avgpool_finegrained2_524QBO.pt,28,308,308,2,2,0.31528286
avgpool_finegrained2_2ZFD6S.pt,14,508,508,2,2,0.17032482
avgpool_finegrained2_2HD1A6.pt,14,661,661,2,2,0.20460702000000006
avgpool_finegrained2_F7ZFMA.pt,14,639,639,2,2,0.0593829
avgpool_finegrained2_F6L45Q.pt,14,665,665,2,2,0.19845510000000005
avgpool_finegrained2_JMH9TH.pt,14,660,660,2,2,0.21248521999999997
avgpool_finegrained2_ETH0L8.pt,14,542,542,2,2,0.16611526
avgpool_finegrained2_UALWLN.pt,14,553,553,2,2,0.16666047999999997
avgpool_finegrained2_GT6M3I.pt,14,470,470,2,2,0.15351054
avgpool_finegrained2_TX9KXC.pt,14,632,632,2,2,0.18099823999999998
avgpool_finegrained2_OB9H4K.pt,14,865,865,2,2,0.29646076
avgpool_finegrained2_DZPBVD.pt,14,845,845,2,2,0.23954695999999998
avgpool_finegrained2_9B8XFF.pt,14,669,669,2,2,0.19346428000000004
avgpool_finegrained2_JBZYDW.pt,14,717,717,2,2,0.18966167999999997
avgpool_finegrained2_V0EJZW.pt,14,612,612,2,2,0.18176376000000008
avgpool_finegrained2_MZD8M8.pt,14,680,680,2,2,0.18683486000000005
avgpool_finegrained2_ZRFEDV.pt,14,388,388,2,2,0.16269419999999996
avgpool_finegrained2_CLNTQN.pt,14,711,711,2,2,0.19358839999999997
avgpool_finegrained2_9J3ZI2.pt,14,501,501,2,2,0.15864421999999997
avgpool_finegrained2_1VWCXL.pt,14,815,815,2,2,0.21103119999999995
avgpool_finegrained2_33395W.pt,14,629,629,2,2,0.17834819999999993
avgpool_finegrained2_FH6K4X.pt,14,967,967,3,2,0.25383902
avgpool_finegrained2_GNGQVX.pt,14,523,523,3,2,0.17160857999999993
avgpool_finegrained2_ROGD26.pt,14,439,439,3,2,0.1567022
avgpool_finegrained2_RSYP6C.pt,14,446,446,3,2,0.16390964000000005
avgpool_finegrained2_QGTPJM.pt,14,655,655,3,2,0.2278391200000001
avgpool_finegrained2_3XGSFL.pt,14,826,826,3,2,0.23382414
avgpool_finegrained2_65HKQB.pt,14,674,674,3,2,0.21974463999999994
avgpool_finegrained2_BJWJYN.pt,14,735,735,3,2,0.2138624
avgpool_finegrained2_Z0IVNZ.pt,14,689,689,3,2,0.23043169999999996
avgpool_finegrained2_2SH53R.pt,14,509,509,3,2,0.16998907999999996
avgpool_finegrained2_EH50F8.pt,14,813,813,3,2,0.2651583
avgpool_finegrained2_S3BTKX.pt,14,907,907,3,2,0.24600212
avgpool_finegrained2_NAE01P.pt,14,856,856,3,2,0.27642525999999995
avgpool_finegrained2_VHSGJ5.pt,14,438,438,3,2,0.16042574
avgpool_finegrained2_4DPFV7.pt,14,923,923,3,2,0.24723643999999997
avgpool_finegrained2_M8CBUZ.pt,14,880,880,3,2,0.24378423999999996
avgpool_finegrained2_LLLCSU.pt,14,546,546,3,2,0.1816631599999999
avgpool_finegrained2_WS4Q0T.pt,14,777,777,3,2,0.24940808
avgpool_finegrained2_VRPMGV.pt,14,898,898,3,2,0.29541636
avgpool_finegrained2_V8ZDXB.pt,14,630,630,3,2,0.19217670000000006
avgpool_finegrained2_XKXSLT.pt,28,665,665,2,2,0.5169611599999999
avgpool_finegrained2_49FGVF.pt,28,552,552,2,2,0.4443694000000001
avgpool_finegrained2_ICVSFW.pt,28,413,413,2,2,0.4214813200000001
avgpool_finegrained2_406LJH.pt,28,574,574,2,2,0.47052983999999987
avgpool_finegrained2_M8V04G.pt,28,439,439,2,2,0.5551315
avgpool_finegrained2_ZGMC4M.pt,28,444,444,2,2,0.50887836
avgpool_finegrained2_FHTW2H.pt,28,537,537,2,2,0.5048236999999999
avgpool_finegrained2_XZFR33.pt,28,341,341,2,2,0.30922514000000006
avgpool_finegrained2_EQ7KBU.pt,28,636,636,2,2,0.7607385400000001
avgpool_finegrained2_B5014Y.pt,28,597,597,2,2,0.6324752400000001
avgpool_finegrained2_58YZ5I.pt,28,595,595,2,2,0.6582563399999998
avgpool_finegrained2_AUVN9T.pt,28,433,433,2,2,0.3647779
avgpool_finegrained2_VOQPL8.pt,28,556,556,2,2,0.09194633999999999
avgpool_finegrained2_7RTSW3.pt,28,331,331,2,2,0.2975956999999999
avgpool_finegrained2_CFHMG6.pt,28,547,547,2,2,0.48121733999999994
avgpool_finegrained2_ORTDSL.pt,28,430,430,2,2,0.36597320000000005
avgpool_finegrained2_GIOANM.pt,28,561,561,2,2,0.49825218000000004
avgpool_finegrained2_ZM68CV.pt,28,590,590,2,2,0.4679119200000001
avgpool_finegrained2_S3UC8M.pt,28,524,524,2,2,0.44251115999999996
avgpool_finegrained2_4L5DS1.pt,28,459,459,2,2,0.39863132
avgpool_finegrained2_PYOQXQ.pt,14,317,317,2,2,0.16820492000000006
avgpool_finegrained2_WSG9VU.pt,14,287,287,2,2,0.12727328
avgpool_finegrained2_M3ZFLO.pt,14,266,266,2,2,0.13292478
avgpool_finegrained2_HEDNKN.pt,14,470,470,2,2,0.20733659999999998
avgpool_finegrained2_OILYK0.pt,14,329,329,2,2,0.14130910000000002
avgpool_finegrained2_AR0UOY.pt,14,376,376,2,2,0.18039403999999995
avgpool_finegrained2_IQFQZP.pt,14,339,339,2,2,0.14035496
avgpool_finegrained2_KKV8UO.pt,14,328,328,2,2,0.13195782000000003
avgpool_finegrained2_5SW3HT.pt,14,356,356,2,2,0.14687245999999998
avgpool_finegrained2_X65WTG.pt,14,385,385,2,2,0.1493985
avgpool_finegrained2_693Y1F.pt,14,302,302,2,2,0.1462145
avgpool_finegrained2_FW5TLI.pt,14,264,264,2,2,0.16790813999999998
avgpool_finegrained2_KB73YG.pt,14,456,456,2,2,0.16574498
avgpool_finegrained2_77TBSP.pt,14,453,453,2,2,0.17425587999999997
avgpool_finegrained2_ZDXXYV.pt,14,323,323,2,2,0.12856225999999998
avgpool_finegrained2_XKHIJ1.pt,14,462,462,2,2,0.16380119999999998
avgpool_finegrained2_I3GFPY.pt,14,595,595,2,2,0.17146469999999997
avgpool_finegrained2_A6WALM.pt,14,509,509,2,2,0.15729100000000001
avgpool_finegrained2_G9CZGY.pt,14,474,474,2,2,0.23990276000000005
avgpool_finegrained2_VYSEE8.pt,14,506,506,2,2,0.16614616
avgpool_finegrained2_YZGIHG.pt,56,171,171,3,1,1.4697951199999997
avgpool_finegrained2_O61XX4.pt,56,84,84,3,1,1.0507774200000002
avgpool_finegrained2_ORYZT0.pt,56,127,127,3,1,1.3476136399999998
avgpool_finegrained2_LC7HZD.pt,56,176,176,3,1,1.5427373600000005
avgpool_finegrained2_JK58EY.pt,56,110,110,3,1,1.2076416200000002
avgpool_finegrained2_DO21AX.pt,56,89,89,3,1,1.1087545399999998
avgpool_finegrained2_M4PLJL.pt,56,193,193,3,1,1.4521622200000002
avgpool_finegrained2_MDF6U0.pt,56,174,174,3,1,1.70193782
avgpool_finegrained2_HQXTVJ.pt,56,182,182,3,1,1.60028556
avgpool_finegrained2_0LYRDB.pt,56,151,151,3,1,1.4398376399999997
avgpool_finegrained2_51X9IW.pt,56,173,173,3,1,1.4523085800000004
avgpool_finegrained2_TWXH4Q.pt,56,189,189,3,1,1.7378651999999999
avgpool_finegrained2_N60ONQ.pt,56,185,185,3,1,1.3683038600000004
avgpool_finegrained2_0WKTNT.pt,56,162,162,3,1,1.35053102
avgpool_finegrained2_7T4DL6.pt,56,179,179,3,1,1.4602428600000004
avgpool_finegrained2_4XRWQQ.pt,56,195,195,3,1,1.3627982800000005
avgpool_finegrained2_7N2PWR.pt,56,108,108,3,1,1.5076212800000002
avgpool_finegrained2_R3NPBP.pt,56,144,144,3,1,1.3883236199999995
avgpool_finegrained2_MWU568.pt,56,188,188,3,1,1.5627598199999997
avgpool_finegrained2_TD1NF6.pt,56,155,155,3,1,1.3247297599999999
avgpool_finegrained2_9Z9T5V.pt,28,187,187,3,2,0.2520749999999999
avgpool_finegrained2_GG4S7P.pt,28,275,275,3,2,0.28351353999999995
avgpool_finegrained2_QULIWS.pt,28,236,236,3,2,0.08209525999999999
avgpool_finegrained2_QZYW4L.pt,28,132,132,3,2,0.17088936
avgpool_finegrained2_VWDT25.pt,28,200,200,3,2,0.31688659999999996
avgpool_finegrained2_ZYMZFQ.pt,28,273,273,3,2,0.27483403999999995
avgpool_finegrained2_DGSEV7.pt,28,147,147,3,2,0.19434305999999998
avgpool_finegrained2_F8EUW3.pt,28,271,271,3,2,0.28436011999999994
avgpool_finegrained2_XXW507.pt,28,198,198,3,2,0.22483809999999996
avgpool_finegrained2_GT2EC1.pt,28,182,182,3,2,0.21455109999999994
avgpool_finegrained2_Q3A2DR.pt,28,192,192,3,2,0.22324081999999998
avgpool_finegrained2_CJWGR9.pt,28,197,197,3,2,0.2444687
avgpool_finegrained2_X8Z38O.pt,28,224,224,3,2,0.27795363999999995
avgpool_finegrained2_SN2U4V.pt,28,210,210,3,2,0.28712884000000005
avgpool_finegrained2_63K3KE.pt,28,240,240,3,2,0.28535351999999997
avgpool_finegrained2_LM6FZT.pt,28,176,176,3,2,0.27743824000000006
avgpool_finegrained2_VT2BTE.pt,28,148,148,3,2,0.23328229999999997
avgpool_finegrained2_LK6TU8.pt,28,174,174,3,2,0.21051426000000004
avgpool_finegrained2_A1YEEL.pt,28,203,203,3,2,0.23029014000000012
avgpool_finegrained2_5FTD2C.pt,28,206,206,3,2,0.29989994000000003
avgpool_finegrained2_SBHWNE.pt,56,21,21,3,2,0.14815745999999996
avgpool_finegrained2_TXH511.pt,56,27,27,3,2,0.16016298000000004
avgpool_finegrained2_RRM54M.pt,56,23,23,3,2,0.20372762000000003
avgpool_finegrained2_6RNJY7.pt,56,32,32,3,2,0.17687112
avgpool_finegrained2_JUBJ6W.pt,56,41,41,3,2,0.30759731999999995
avgpool_finegrained2_5BV6LN.pt,56,26,26,3,2,0.15257124
avgpool_finegrained2_BTE4LT.pt,56,19,19,3,2,0.12679872000000006
avgpool_finegrained2_E5XP7C.pt,56,28,28,3,2,0.2398453400000001
avgpool_finegrained2_E7W21J.pt,56,29,29,3,2,0.20448074
avgpool_finegrained2_VVOJQ5.pt,56,33,33,3,2,0.17379102
avgpool_finegrained2_0TMQEF.pt,56,40,40,3,2,0.31923199999999996
avgpool_finegrained2_WWG3L8.pt,56,37,37,3,2,0.19232512000000004
avgpool_finegrained2_CT8ROO.pt,56,43,43,3,2,0.20282962000000002
avgpool_finegrained2_KS08W8.pt,56,42,42,3,2,0.25244812000000005
avgpool_finegrained2_PKWA6Q.pt,56,24,24,3,2,0.15194418000000004
avgpool_finegrained2_OX7LKF.pt,56,18,18,3,2,0.12999256
avgpool_finegrained2_ZB0YWS.pt,56,38,38,3,2,0.22366166000000004
avgpool_finegrained2_A2GOTW.pt,56,34,34,3,2,0.20005888
avgpool_finegrained2_2ZB7TP.pt,56,36,36,3,2,0.1827172
avgpool_finegrained2_8H8B8P.pt,56,25,25,3,2,0.23063212
avgpool_finegrained2_B1L47U.pt,28,155,155,3,1,0.6973749000000001
avgpool_finegrained2_JQKKOZ.pt,28,195,195,3,1,0.9521998200000003
avgpool_finegrained2_7ENZHD.pt,28,115,115,3,1,0.43176594000000024
avgpool_finegrained2_4K5P0O.pt,28,189,189,3,1,0.8724675999999997
avgpool_finegrained2_3TNNDU.pt,28,157,157,3,1,0.7173065800000002
avgpool_finegrained2_V2WQCY.pt,28,217,217,3,1,0.7474481800000001
avgpool_finegrained2_MA08TS.pt,28,137,137,3,1,0.47522921999999995
avgpool_finegrained2_LHSPDY.pt,28,239,239,3,1,0.8131180199999999
avgpool_finegrained2_RV6HGJ.pt,28,214,214,3,1,0.75960308
avgpool_finegrained2_BNN2IO.pt,28,229,229,3,1,0.7851852799999999
avgpool_finegrained2_ZDPCBR.pt,28,150,150,3,1,0.6635465999999998
avgpool_finegrained2_DFQ1AF.pt,28,124,124,3,1,0.54755464
avgpool_finegrained2_ZD3UYJ.pt,28,102,102,3,1,0.20850871999999995
avgpool_finegrained2_BPNJCU.pt,28,122,122,3,1,0.5493863
avgpool_finegrained2_1G8VVV.pt,28,112,112,3,1,0.49374178
avgpool_finegrained2_NJ7UIX.pt,28,117,117,3,1,0.5295706400000001
avgpool_finegrained2_AABFJ4.pt,28,190,190,3,1,0.7325755
avgpool_finegrained2_30825Y.pt,28,159,159,3,1,0.7310714000000003
avgpool_finegrained2_G16B5W.pt,28,234,234,3,1,0.7787681800000001
avgpool_finegrained2_5XMA5R.pt,28,160,160,3,1,0.6245514999999999
avgpool_finegrained2_Z83SZY.pt,56,112,112,3,2,0.51253474
avgpool_finegrained2_AP6XKG.pt,56,167,167,3,2,0.5692667
avgpool_finegrained2_GHXZVX.pt,56,209,209,3,2,0.7027200599999998
avgpool_finegrained2_4IE732.pt,56,157,157,3,2,0.8560444999999999
avgpool_finegrained2_9NF1PN.pt,56,99,99,3,2,0.36869976
avgpool_finegrained2_SR51HX.pt,56,113,113,3,2,0.49883358
avgpool_finegrained2_8FT4ZL.pt,56,223,223,3,2,0.82632826
avgpool_finegrained2_Q0MZV2.pt,56,106,106,3,2,0.3862623600000001
avgpool_finegrained2_JIZBUZ.pt,56,198,198,3,2,0.7766026199999999
avgpool_finegrained2_3WX5FZ.pt,56,190,190,3,2,0.6982268399999999
avgpool_finegrained2_9AO5VX.pt,56,181,181,3,2,0.6208183200000001
avgpool_finegrained2_DS54DQ.pt,56,222,222,3,2,1.08449154
avgpool_finegrained2_D1GG4L.pt,56,161,161,3,2,0.5724589800000003
avgpool_finegrained2_3C51FW.pt,56,199,199,3,2,0.8895360600000001
avgpool_finegrained2_Y7NZXU.pt,56,104,104,3,2,0.42249619999999993
avgpool_finegrained2_J1FJHA.pt,56,194,194,3,2,0.6656337399999999
avgpool_finegrained2_K3ZRFB.pt,56,118,118,3,2,0.42064192
avgpool_finegrained2_8NJPY6.pt,56,211,211,3,2,0.8845150800000003
avgpool_finegrained2_EHTV3B.pt,56,186,186,3,2,0.64925864
avgpool_finegrained2_IZ6MIN.pt,56,95,95,3,2,0.4098899399999999
avgpool_finegrained2_NK6B6B.pt,14,535,535,3,2,0.19948462
avgpool_finegrained2_2JCUK7.pt,14,558,558,3,2,0.18004164
avgpool_finegrained2_VRE840.pt,14,307,307,3,2,0.20065494
avgpool_finegrained2_B7IN6P.pt,14,421,421,3,2,0.19545455999999997
avgpool_finegrained2_E5CA32.pt,14,445,445,3,2,0.1581281
avgpool_finegrained2_HL32LI.pt,14,511,511,3,2,0.16911134
avgpool_finegrained2_CWX4YC.pt,14,436,436,3,2,0.15294140000000003
avgpool_finegrained2_TDS34Z.pt,14,579,579,3,2,0.18452919999999998
avgpool_finegrained2_S7GC3T.pt,14,494,494,3,2,0.19472652000000007
avgpool_finegrained2_MNWDYJ.pt,14,348,348,3,2,0.18480304000000003
avgpool_finegrained2_2ZR8T4.pt,14,311,311,3,2,0.19661647999999998
avgpool_finegrained2_ZPWBIF.pt,14,566,566,3,2,0.19284417999999995
avgpool_finegrained2_LDO7I0.pt,14,472,472,3,2,0.16419154
avgpool_finegrained2_527B2B.pt,14,562,562,3,2,0.18577338
avgpool_finegrained2_QGNZIJ.pt,14,300,300,3,2,0.13144762
avgpool_finegrained2_NDUB8Z.pt,14,408,408,3,2,0.1494755
avgpool_finegrained2_HUQ6DU.pt,14,287,287,3,2,0.12666816
avgpool_finegrained2_VKA4JU.pt,14,588,588,3,2,0.28795118
avgpool_finegrained2_0EQ0C4.pt,14,398,398,3,2,0.23088168000000003
avgpool_finegrained2_AYO1ZS.pt,14,350,350,3,2,0.21462678000000004
avgpool_finegrained2_5SILDP.pt,56,204,204,2,2,0.88423416
avgpool_finegrained2_HCM5TW.pt,56,183,183,2,2,0.6799216199999999
avgpool_finegrained2_YS2NER.pt,56,147,147,2,2,0.17671065999999996
avgpool_finegrained2_ESJG2E.pt,56,211,211,2,2,0.8787543999999996
avgpool_finegrained2_EZPPOK.pt,56,108,108,2,2,0.5250820600000001
avgpool_finegrained2_MIJTT5.pt,56,155,155,2,2,0.5469799599999998
avgpool_finegrained2_O6C9ZB.pt,56,125,125,2,2,0.5443829800000001
avgpool_finegrained2_XED45R.pt,56,138,138,2,2,0.5001258000000002
avgpool_finegrained2_925QCJ.pt,56,217,217,2,2,0.7045150799999998
avgpool_finegrained2_I76NY3.pt,56,103,103,2,2,0.4864238599999999
avgpool_finegrained2_V7WKBE.pt,56,192,192,2,2,0.6092993399999999
avgpool_finegrained2_WNKE7J.pt,56,113,113,2,2,0.37229243999999995
avgpool_finegrained2_O1IPNP.pt,56,213,213,2,2,0.6498225999999999
avgpool_finegrained2_WIDXNT.pt,56,143,143,2,2,0.51599248
avgpool_finegrained2_498VCB.pt,56,152,152,2,2,0.4714438799999999
avgpool_finegrained2_9XDLDU.pt,56,193,193,2,2,0.8574031
avgpool_finegrained2_2VWKEO.pt,56,132,132,2,2,0.5021086399999999
avgpool_finegrained2_JSI50W.pt,56,120,120,2,2,0.48854248000000006
avgpool_finegrained2_C9QJDD.pt,56,159,159,2,2,0.57389364
avgpool_finegrained2_OIXX6U.pt,56,122,122,2,2,0.4602278599999998
avgpool_finegrained2_FN8J8B.pt,56,158,158,3,2,0.5383581599999999
avgpool_finegrained2_UTLDP5.pt,56,140,140,3,2,0.50112612
avgpool_finegrained2_Y8N9S6.pt,56,198,198,3,2,0.8551286
avgpool_finegrained2_KUBYZM.pt,56,196,196,3,2,0.84575338
avgpool_finegrained2_QZF9U6.pt,56,117,117,3,2,0.6098747
avgpool_finegrained2_US4QCJ.pt,56,199,199,3,2,0.9234162
avgpool_finegrained2_MK4DOU.pt,56,95,95,3,2,0.4443010200000001
avgpool_finegrained2_4DM6BY.pt,56,115,115,3,2,0.22170974000000002
avgpool_finegrained2_Z1CD6I.pt,56,93,93,3,2,0.367885
avgpool_finegrained2_2347WW.pt,56,169,169,3,2,0.69645932
avgpool_finegrained2_3OFM2X.pt,56,120,120,3,2,0.44160876000000004
avgpool_finegrained2_CFOUK8.pt,56,174,174,3,2,0.9478680599999996
avgpool_finegrained2_V7PZEV.pt,56,207,207,3,2,0.81047904
avgpool_finegrained2_Z8K86H.pt,56,103,103,3,2,0.50235042
avgpool_finegrained2_SDH55R.pt,56,187,187,3,2,0.6413329
avgpool_finegrained2_4PWP49.pt,56,184,184,3,2,0.7047094199999999
avgpool_finegrained2_8UJWJE.pt,56,170,170,3,2,0.8387296999999999
avgpool_finegrained2_63LWA7.pt,56,97,97,3,2,0.54885028
avgpool_finegrained2_FSKK8A.pt,56,146,146,3,2,0.7617882800000002
avgpool_finegrained2_JD559J.pt,56,130,130,3,2,0.4794668799999999
avgpool_finegrained2_U7A3TY.pt,112,409,409,3,2,1.66260016
avgpool_finegrained2_N9P9RR.pt,112,317,317,3,2,1.8205598000000007
avgpool_finegrained2_68EKZ1.pt,112,522,522,3,2,1.742621960000001
avgpool_finegrained2_HT1Q04.pt,112,388,388,3,2,1.5417543799999998
avgpool_finegrained2_RQ5BJX.pt,112,559,559,3,2,1.94928308
avgpool_finegrained2_2UC5A2.pt,112,334,334,3,2,1.8186729599999998
avgpool_finegrained2_3UF844.pt,112,353,353,3,2,1.7275525600000001
avgpool_finegrained2_R7E08K.pt,112,489,489,3,2,1.7735676000000005
avgpool_finegrained2_N7ZIWK.pt,112,271,271,3,2,1.5951887599999999
avgpool_finegrained2_IUHUFG.pt,112,376,376,3,2,1.5103895199999997
avgpool_finegrained2_RISQM8.pt,112,558,558,3,2,2.15427864
avgpool_finegrained2_K9I1YR.pt,112,472,472,3,2,1.8796695600000004
avgpool_finegrained2_6TM3SI.pt,112,506,506,3,2,1.6818388999999998
avgpool_finegrained2_UC8LW7.pt,112,420,420,3,2,1.8209056600000002
avgpool_finegrained2_1X9WTL.pt,112,261,261,3,2,1.5836678800000004
avgpool_finegrained2_6U3L6L.pt,112,408,408,3,2,1.5410654599999996
avgpool_finegrained2_RO81U3.pt,112,435,435,3,2,1.51093362
avgpool_finegrained2_HTRMCO.pt,112,542,542,3,2,1.8086900999999997
avgpool_finegrained2_43BU40.pt,112,311,311,3,2,1.5254255399999994
avgpool_finegrained2_X4C116.pt,112,391,391,3,2,1.65039716
avgpool_finegrained2_5XG8Q3.pt,14,53,53,3,1,0.11507551999999997
avgpool_finegrained2_Q3ZO6T.pt,14,54,54,3,1,0.11630814
avgpool_finegrained2_K327P9.pt,14,57,57,3,1,0.11971474000000003
avgpool_finegrained2_D10PNE.pt,14,50,50,3,1,0.11155073999999997
avgpool_finegrained2_692ZRU.pt,14,72,72,3,1,0.13028289999999998
avgpool_finegrained2_OUVY6H.pt,14,77,77,3,1,0.13712597999999995
avgpool_finegrained2_SW5EO1.pt,14,45,45,3,1,0.10900777999999998
avgpool_finegrained2_5ZLVJR.pt,14,49,49,3,1,0.11321852000000004
avgpool_finegrained2_H70ZOR.pt,14,79,79,3,1,0.1812643
avgpool_finegrained2_IFSYBP.pt,14,52,52,3,1,0.11129928
avgpool_finegrained2_80ZBYK.pt,14,37,37,3,1,0.10146837999999998
avgpool_finegrained2_R14ID1.pt,14,38,38,3,1,0.10869278000000003
avgpool_finegrained2_2YTTQO.pt,14,47,47,3,1,0.10925209999999998
avgpool_finegrained2_K9IDYP.pt,14,69,69,3,1,0.12758906
avgpool_finegrained2_VAYRJA.pt,14,71,71,3,1,0.16267662000000002
avgpool_finegrained2_X7FW98.pt,14,70,70,3,1,0.14747482
avgpool_finegrained2_0MBS1B.pt,14,51,51,3,1,0.13092566000000003
avgpool_finegrained2_V3AAGN.pt,14,63,63,3,1,0.13446121999999996
avgpool_finegrained2_7NH8DP.pt,14,40,40,3,1,0.10953788000000005
avgpool_finegrained2_S2N78M.pt,14,41,41,3,1,0.11178861999999999
avgpool_finegrained2_ZJYE9F.pt,112,201,201,2,2,1.24875764
avgpool_finegrained2_4WSWV7.pt,112,210,210,2,2,0.6920206400000001
avgpool_finegrained2_ZJXC8R.pt,112,111,111,2,2,1.0160931600000005
avgpool_finegrained2_TS4RMM.pt,112,188,188,2,2,1.2991393
avgpool_finegrained2_D177ZZ.pt,112,198,198,2,2,1.1824542400000002
avgpool_finegrained2_SBY3SG.pt,112,214,214,2,2,1.3772692199999996
avgpool_finegrained2_ESJ46X.pt,112,205,205,2,2,1.21933794
avgpool_finegrained2_O5BX8G.pt,112,108,108,2,2,1.2238989
avgpool_finegrained2_H9OG8B.pt,112,253,253,2,2,1.2916982199999996
avgpool_finegrained2_9RWQM4.pt,112,149,149,2,2,1.17034948
avgpool_finegrained2_QYIN6L.pt,112,208,208,2,2,1.2637213800000002
avgpool_finegrained2_24144Q.pt,112,180,180,2,2,0.8692165000000002
avgpool_finegrained2_V27ZIT.pt,112,202,202,2,2,1.3206072199999996
avgpool_finegrained2_STGC85.pt,112,215,215,2,2,1.4817599000000004
avgpool_finegrained2_698R4A.pt,112,221,221,2,2,1.1970387000000002
avgpool_finegrained2_2BBG12.pt,112,206,206,2,2,1.1241556799999997
avgpool_finegrained2_D4IOVF.pt,112,174,174,2,2,1.1742289800000003
avgpool_finegrained2_TTHYDR.pt,112,145,145,2,2,1.0958642200000002
avgpool_finegrained2_W957YF.pt,112,152,152,2,2,1.2637343399999998
avgpool_finegrained2_0VU244.pt,112,107,107,2,2,1.1103189400000004
avgpool_finegrained2_WSWAW2.pt,28,131,131,3,1,0.7002198799999999
avgpool_finegrained2_UU4PK1.pt,28,178,178,3,1,0.5191359799999998
avgpool_finegrained2_GPTBO7.pt,28,89,89,3,1,0.07715224000000002
avgpool_finegrained2_LDBBBM.pt,28,173,173,3,1,0.6400259000000001
avgpool_finegrained2_RCUPYK.pt,28,134,134,3,1,0.6109859
avgpool_finegrained2_1XN7ZQ.pt,28,143,143,3,1,0.5086516799999999
avgpool_finegrained2_6Z0C03.pt,28,102,102,3,1,0.38042326000000004
avgpool_finegrained2_1DATNI.pt,28,127,127,3,1,0.5456303599999999
avgpool_finegrained2_J60XCA.pt,28,162,162,3,1,0.5789617599999999
avgpool_finegrained2_43RNYB.pt,28,167,167,3,1,0.6125978
avgpool_finegrained2_ZJ77YE.pt,28,139,139,3,1,0.48692108000000006
avgpool_finegrained2_SA4HUW.pt,28,161,161,3,1,0.8654042
avgpool_finegrained2_VGVFJS.pt,28,130,130,3,1,0.5990202600000001
avgpool_finegrained2_PV6DCY.pt,28,99,99,3,1,0.4442506000000001
avgpool_finegrained2_C97XY1.pt,28,181,181,3,1,0.8856038400000001
avgpool_finegrained2_BBGQUQ.pt,28,100,100,3,1,0.46081102
avgpool_finegrained2_HGLN4X.pt,28,175,175,3,1,0.7128990200000002
avgpool_finegrained2_3VCK3A.pt,28,124,124,3,1,0.5822604599999999
avgpool_finegrained2_KMX54P.pt,28,79,79,3,1,0.34106612000000003
avgpool_finegrained2_HVXBBX.pt,28,114,114,3,1,0.42181598000000003
avgpool_finegrained2_QC6H0R.pt,28,110,110,3,2,0.1578808
avgpool_finegrained2_UXETVT.pt,28,101,101,3,2,0.03634184000000001
avgpool_finegrained2_KYBJVR.pt,28,186,186,3,2,0.25606378
avgpool_finegrained2_SHIR9X.pt,28,140,140,3,2,0.20774089999999998
avgpool_finegrained2_M256YV.pt,28,149,149,3,2,0.26143874000000006
avgpool_finegrained2_VFAJ6Y.pt,28,172,172,3,2,0.31508655999999996
avgpool_finegrained2_6HZZOV.pt,28,124,124,3,2,0.2000412
avgpool_finegrained2_NXBAFO.pt,28,152,152,3,2,0.19110553999999996
avgpool_finegrained2_E9L0EX.pt,28,159,159,3,2,0.19544720000000002
avgpool_finegrained2_H1BCI5.pt,28,167,167,3,2,0.23044158
avgpool_finegrained2_ER4EYS.pt,28,97,97,3,2,0.1642766
avgpool_finegrained2_Z7E6MM.pt,28,120,120,3,2,0.17015981999999996
avgpool_finegrained2_WG0OLV.pt,28,189,189,3,2,0.26513142
avgpool_finegrained2_Z1GBQN.pt,28,115,115,3,2,0.16624728
avgpool_finegrained2_45XZKQ.pt,28,107,107,3,2,0.15598844
avgpool_finegrained2_F0OLJ3.pt,28,103,103,3,2,0.15350558
avgpool_finegrained2_F54FNO.pt,28,157,157,3,2,0.19761153999999997
avgpool_finegrained2_PFUW27.pt,28,84,84,3,2,0.14830236000000002
avgpool_finegrained2_H3YKVW.pt,28,169,169,3,2,0.34256511999999995
avgpool_finegrained2_VYBT13.pt,28,82,82,3,2,0.14466565999999997
avgpool_finegrained2_CA6VHA.pt,224,41,41,2,2,1.2635049800000002
avgpool_finegrained2_WJVHDT.pt,224,33,33,2,2,1.13151714
avgpool_finegrained2_VSGWTA.pt,224,42,42,2,2,1.21820846
avgpool_finegrained2_J3WVYV.pt,224,54,54,2,2,1.3860334399999996
avgpool_finegrained2_7ICHZV.pt,224,58,58,2,2,1.3620055
avgpool_finegrained2_FJC9P0.pt,224,40,40,2,2,1.2316162799999997
avgpool_finegrained2_0XIIAB.pt,224,45,45,2,2,1.18276342
avgpool_finegrained2_NOJHEN.pt,224,39,39,2,2,1.0691273000000003
avgpool_finegrained2_LIQD9I.pt,224,60,60,2,2,1.2447073399999997
avgpool_finegrained2_P3D0D5.pt,224,52,52,2,2,1.2604472199999999
avgpool_finegrained2_5DITEZ.pt,224,26,26,2,2,1.03141372
avgpool_finegrained2_Z8Q3U0.pt,224,49,49,2,2,1.3368161800000002
avgpool_finegrained2_TR8CAZ.pt,224,56,56,2,2,0.6339096000000001
avgpool_finegrained2_DVPDBS.pt,224,37,37,2,2,1.1286944
avgpool_finegrained2_2EPP93.pt,224,48,48,2,2,1.2052815000000001
avgpool_finegrained2_JJ51UG.pt,224,32,32,2,2,1.1138575600000002
avgpool_finegrained2_1E0IFY.pt,224,30,30,2,2,1.1236474799999998
avgpool_finegrained2_4X6Y0A.pt,224,51,51,2,2,1.1634878399999995
avgpool_finegrained2_YPZ6K0.pt,224,46,46,2,2,1.28176696
avgpool_finegrained2_1HK76X.pt,224,36,36,2,2,1.1431893999999998
avgpool_finegrained2_FRUO90.pt,28,472,472,3,2,0.48831593999999995
avgpool_finegrained2_ES8UW7.pt,28,563,563,3,2,0.49862483999999996
avgpool_finegrained2_JYI311.pt,28,273,273,3,2,0.3125026
avgpool_finegrained2_VWR07X.pt,28,483,483,3,2,0.43782050000000017
avgpool_finegrained2_B35H9D.pt,28,533,533,3,2,0.50141668
avgpool_finegrained2_FTJLNY.pt,28,361,361,3,2,0.3476158600000001
avgpool_finegrained2_QU0AU2.pt,28,376,376,3,2,0.35912354
avgpool_finegrained2_8WCCL1.pt,28,434,434,3,2,0.50558994
avgpool_finegrained2_LS7QVT.pt,28,570,570,3,2,0.5297641599999999
avgpool_finegrained2_6H9YR8.pt,28,416,416,3,2,0.39108911999999996
avgpool_finegrained2_O3T7UZ.pt,28,276,276,3,2,0.28642357999999996
avgpool_finegrained2_YOOTXO.pt,28,323,323,3,2,0.33711982
avgpool_finegrained2_7BPAV6.pt,28,288,288,3,2,0.34081064
avgpool_finegrained2_J8JJ4G.pt,28,301,301,3,2,0.31819054
avgpool_finegrained2_DZ7NJK.pt,28,422,422,3,2,0.54900672
avgpool_finegrained2_D12KK2.pt,28,477,477,3,2,0.50540764
avgpool_finegrained2_71AZUZ.pt,28,355,355,3,2,0.35717914
avgpool_finegrained2_DTOVGC.pt,28,463,463,3,2,0.48294941999999996
avgpool_finegrained2_17868N.pt,28,316,316,3,2,0.31759193999999996
avgpool_finegrained2_S7HJKG.pt,28,559,559,3,2,0.4927374599999999
avgpool_finegrained2_PNRYBX.pt,224,53,53,2,2,1.1768338799999996
avgpool_finegrained2_96M0SM.pt,224,58,58,2,2,1.1303966600000002
avgpool_finegrained2_RINRUI.pt,224,92,92,2,2,1.5968666600000003
avgpool_finegrained2_TBXZ9N.pt,224,67,67,2,2,1.2645329199999997
avgpool_finegrained2_GWKASD.pt,224,59,59,2,2,1.5030586400000001
avgpool_finegrained2_N3MI4M.pt,224,51,51,2,2,1.3446717799999999
avgpool_finegrained2_5MMLRY.pt,224,61,61,2,2,1.3256936
avgpool_finegrained2_PJFXDV.pt,224,86,86,2,2,1.6297656999999999
avgpool_finegrained2_2LQ7IT.pt,224,77,77,2,2,1.2714439000000002
avgpool_finegrained2_HTSAA0.pt,224,96,96,2,2,1.6840447000000005
avgpool_finegrained2_1NAGU0.pt,224,65,65,2,2,1.3188969600000002
avgpool_finegrained2_1LHMQG.pt,224,84,84,2,2,1.5130315
avgpool_finegrained2_UX5R37.pt,224,94,94,2,2,1.43985426
avgpool_finegrained2_WF7UDQ.pt,224,93,93,2,2,1.4995686399999997
avgpool_finegrained2_QKZMVO.pt,224,48,48,2,2,1.30207786
avgpool_finegrained2_87FO63.pt,224,71,71,2,2,1.5295689799999994
avgpool_finegrained2_2MNQVX.pt,224,97,97,2,2,1.5261529400000007
avgpool_finegrained2_JEI6X4.pt,224,76,76,2,2,1.5494991200000003
avgpool_finegrained2_SJD1O1.pt,224,43,43,2,2,1.1569247400000002
avgpool_finegrained2_HISLRB.pt,224,89,89,2,2,1.63307786
avgpool_finegrained2_YI90AP.pt,14,213,213,3,2,0.1159718
avgpool_finegrained2_UH0YG7.pt,14,178,178,3,2,0.11987814000000002
avgpool_finegrained2_42K0JX.pt,14,238,238,3,2,0.024433940000000008
avgpool_finegrained2_9MCB2H.pt,14,263,263,3,2,0.12246705999999997
avgpool_finegrained2_GH8V88.pt,14,234,234,3,2,0.11787602000000001
avgpool_finegrained2_6DCSG1.pt,14,212,212,3,2,0.11972951999999999
avgpool_finegrained2_R7G6O8.pt,14,235,235,3,2,0.1141524
avgpool_finegrained2_J10AY1.pt,14,224,224,3,2,0.11711418000000001
avgpool_finegrained2_NGSHCJ.pt,14,195,195,3,2,0.11308349999999998
avgpool_finegrained2_B85I1M.pt,14,192,192,3,2,0.11314834000000001
avgpool_finegrained2_UKWE5G.pt,14,199,199,3,2,0.13634109999999997
avgpool_finegrained2_4G70NG.pt,14,116,116,3,2,0.09920667999999999
avgpool_finegrained2_RVGF9D.pt,14,258,258,3,2,0.13581013999999997
avgpool_finegrained2_N8WZ6M.pt,14,256,256,3,2,0.12575762000000001
avgpool_finegrained2_QE1UJM.pt,14,223,223,3,2,0.11351586000000001
avgpool_finegrained2_JAV3DH.pt,14,146,146,3,2,0.09604376000000006
avgpool_finegrained2_PNOLME.pt,14,144,144,3,2,0.10469200000000001
avgpool_finegrained2_RWX0TB.pt,14,128,128,3,2,0.10355533999999997
avgpool_finegrained2_EFTKA4.pt,14,157,157,3,2,0.10299054000000002
avgpool_finegrained2_YKCN6X.pt,14,265,265,3,2,0.13732993999999998
avgpool_finegrained2_EW52SU.pt,14,412,412,3,2,0.15079803999999997
avgpool_finegrained2_J3S5AR.pt,14,355,355,3,2,0.20015944000000002
avgpool_finegrained2_4YFF8N.pt,14,495,495,3,2,0.16770661999999997
avgpool_finegrained2_C8G6FF.pt,14,353,353,3,2,0.21016804000000003
avgpool_finegrained2_6IX346.pt,14,415,415,3,2,0.15264809999999998
avgpool_finegrained2_DOGHOV.pt,14,423,423,3,2,0.1538898999999999
avgpool_finegrained2_LAV6GE.pt,14,365,365,3,2,0.1687874
avgpool_finegrained2_C4FJ6V.pt,14,307,307,3,2,0.11696509999999996
avgpool_finegrained2_8SDBYM.pt,14,302,302,3,2,0.1389672
avgpool_finegrained2_68YCKO.pt,14,438,438,3,2,0.19829874000000003
avgpool_finegrained2_IRRR5B.pt,14,594,594,3,2,0.20457535999999993
avgpool_finegrained2_XVTXDH.pt,14,316,316,3,2,0.13673860000000002
avgpool_finegrained2_SA7P69.pt,14,527,527,3,2,0.17244810000000002
avgpool_finegrained2_VCM2FZ.pt,14,453,453,3,2,0.15928757999999998
avgpool_finegrained2_XD6M6C.pt,14,384,384,3,2,0.14653512000000005
avgpool_finegrained2_4H3469.pt,14,385,385,3,2,0.15882172
avgpool_finegrained2_YXCSYX.pt,14,348,348,3,2,0.15158993999999995
avgpool_finegrained2_M7K38V.pt,14,255,255,3,2,0.12190053999999996
avgpool_finegrained2_LN9JZR.pt,14,435,435,3,2,0.15957381999999998
avgpool_finegrained2_NTZMSE.pt,14,428,428,3,2,0.16308916
avgpool_finegrained2_ME3305.pt,14,39,39,3,1,0.11369397999999999
avgpool_finegrained2_7V2OQ7.pt,14,23,23,3,1,0.09969697999999998
avgpool_finegrained2_P549V7.pt,14,27,27,3,1,0.13013572
avgpool_finegrained2_V8YS79.pt,14,31,31,3,1,0.11649586
avgpool_finegrained2_8JB9V3.pt,14,30,30,3,1,0.10520795999999998
avgpool_finegrained2_GZUKEF.pt,14,32,32,3,1,0.13950450000000003
avgpool_finegrained2_11AEU9.pt,14,29,29,3,1,0.13698968
avgpool_finegrained2_3HA0JR.pt,14,26,26,3,1,0.11619581999999996
avgpool_finegrained2_O3A3W0.pt,14,35,35,3,1,0.10110652
avgpool_finegrained2_CBP3O3.pt,14,25,25,3,1,0.0866381
avgpool_finegrained2_CMDHTQ.pt,14,33,33,3,1,0.09474371999999999
avgpool_finegrained2_54GIHT.pt,14,34,34,3,1,0.09823098
avgpool_finegrained2_JVGSD6.pt,14,38,38,3,1,0.021018980000000003
avgpool_finegrained2_PW8CKK.pt,14,18,18,3,1,0.09033609999999997
avgpool_finegrained2_PG9O39.pt,14,37,37,3,1,0.11513256000000002
avgpool_finegrained2_EF30RX.pt,14,17,17,3,1,0.08850565999999999
avgpool_finegrained2_DYJX8G.pt,14,20,20,3,1,0.08987480000000002
avgpool_finegrained2_NFQHH4.pt,14,28,28,3,1,0.10233748000000001
avgpool_finegrained2_OE65A9.pt,14,19,19,3,1,0.09128849999999997
avgpool_finegrained2_4WO40A.pt,14,24,24,3,1,0.09220462000000004
avgpool_finegrained2_C0DSGS.pt,28,137,137,3,2,0.20553013999999997
avgpool_finegrained2_55V9YM.pt,28,110,110,3,2,0.17718728000000006
avgpool_finegrained2_RO9KRD.pt,28,144,144,3,2,0.254545
avgpool_finegrained2_2919H7.pt,28,169,169,3,2,0.20060427999999997
avgpool_finegrained2_MOSVRZ.pt,28,172,172,3,2,0.24998943999999998
avgpool_finegrained2_K5SUFP.pt,28,93,93,3,2,0.16072276000000002
avgpool_finegrained2_PQT5Z0.pt,28,145,145,3,2,0.20003936
avgpool_finegrained2_MWG1QR.pt,28,148,148,3,2,0.18360055999999994
avgpool_finegrained2_CBKBNP.pt,28,132,132,3,2,0.17244940000000006
avgpool_finegrained2_79H623.pt,28,139,139,3,2,0.17697866
avgpool_finegrained2_G4AH45.pt,28,103,103,3,2,0.15421797999999998
avgpool_finegrained2_4KND42.pt,28,160,160,3,2,0.2147135
avgpool_finegrained2_D0TWH9.pt,28,101,101,3,2,0.14899934000000004
avgpool_finegrained2_7FEA72.pt,28,79,79,3,2,0.1323329
avgpool_finegrained2_F0Y3BH.pt,28,135,135,3,2,0.17827650000000003
avgpool_finegrained2_9S0F22.pt,28,149,149,3,2,0.18698397999999997
avgpool_finegrained2_CEI55I.pt,28,120,120,3,2,0.16380416
avgpool_finegrained2_SMR2P6.pt,28,82,82,3,2,0.13261381999999997
avgpool_finegrained2_DX1WT8.pt,28,156,156,3,2,0.18986998000000008
avgpool_finegrained2_EW9PBY.pt,28,77,77,3,2,0.1339153
avgpool_finegrained2_TVFD7Q.pt,112,136,136,3,2,1.38159614
avgpool_finegrained2_GM3A44.pt,112,148,148,3,2,1.2581030200000003
avgpool_finegrained2_A4RML4.pt,112,126,126,3,2,1.2078324599999997
avgpool_finegrained2_C6J2KR.pt,112,153,153,3,2,0.8925447599999998
avgpool_finegrained2_0NG4CN.pt,112,90,90,3,2,1.0626555400000002
avgpool_finegrained2_ZE2TNU.pt,112,131,131,3,2,1.4201828399999996
avgpool_finegrained2_DIIGXH.pt,112,141,141,3,2,1.2726807
avgpool_finegrained2_4N53UI.pt,112,101,101,3,2,1.19682318
avgpool_finegrained2_XVOH2H.pt,112,164,164,3,2,1.4455912600000003
avgpool_finegrained2_QQ7OLR.pt,112,100,100,3,2,1.1194714999999997
avgpool_finegrained2_1EWH1W.pt,112,177,177,3,2,1.2592878199999997
avgpool_finegrained2_NBAMZM.pt,112,123,123,3,2,1.2222119999999999
avgpool_finegrained2_9YDONC.pt,112,82,82,3,2,1.24843248
avgpool_finegrained2_2LN3RZ.pt,112,140,140,3,2,1.30087876
avgpool_finegrained2_ALFTW3.pt,112,176,176,3,2,1.43355432
avgpool_finegrained2_4TVARD.pt,112,130,130,3,2,1.27987488
avgpool_finegrained2_KWMY9T.pt,112,77,77,3,2,1.08101906
avgpool_finegrained2_I6LDIP.pt,112,108,108,3,2,1.22595678
avgpool_finegrained2_NGH4CD.pt,112,158,158,3,2,1.5801310399999997
avgpool_finegrained2_T40LR3.pt,112,173,173,3,2,1.2378975199999998
avgpool_finegrained2_7OET4B.pt,28,370,370,2,2,0.46987954000000004
avgpool_finegrained2_C06KXK.pt,28,200,200,2,2,0.3357441200000001
avgpool_finegrained2_2ETP7Q.pt,28,349,349,2,2,0.12468234
avgpool_finegrained2_EXJHP5.pt,28,234,234,2,2,0.23098680000000002
avgpool_finegrained2_D80TBD.pt,28,167,167,2,2,0.19034435999999988
avgpool_finegrained2_3CFEW9.pt,28,198,198,2,2,0.20974524000000005
avgpool_finegrained2_7XI7FM.pt,28,170,170,2,2,0.18988276000000007
avgpool_finegrained2_EU4S3X.pt,28,180,180,2,2,0.19567095999999995
avgpool_finegrained2_ZD3A86.pt,28,220,220,2,2,0.23933192000000006
avgpool_finegrained2_2EU277.pt,28,246,246,2,2,0.2875327800000001
avgpool_finegrained2_DXD6FF.pt,28,264,264,2,2,0.40923052
avgpool_finegrained2_F1W3NZ.pt,28,163,163,2,2,0.18475840000000004
avgpool_finegrained2_9VQ7QW.pt,28,364,364,2,2,0.4381566599999999
avgpool_finegrained2_SWZFX6.pt,28,378,378,2,2,0.32998898000000004
avgpool_finegrained2_0D0A77.pt,28,231,231,2,2,0.23041074000000009
avgpool_finegrained2_E5GOVZ.pt,28,333,333,2,2,0.40313362
avgpool_finegrained2_GRXY4E.pt,28,168,168,2,2,0.20688432000000007
avgpool_finegrained2_8MZ7EX.pt,28,240,240,2,2,0.25418234
avgpool_finegrained2_1GBDVL.pt,28,229,229,2,2,0.22865095999999993
avgpool_finegrained2_XQ8PUC.pt,28,256,256,2,2,0.3010785400000001
avgpool_finegrained2_RMBC5I.pt,28,114,114,2,1,0.44011231999999995
avgpool_finegrained2_9NRZU5.pt,28,99,99,2,1,0.3580857399999999
avgpool_finegrained2_W7P3RX.pt,28,157,157,2,1,0.56069828
avgpool_finegrained2_I8VZB3.pt,28,229,229,2,1,0.7318118000000001
avgpool_finegrained2_77LXKW.pt,28,127,127,2,1,0.57267306
avgpool_finegrained2_0TW06J.pt,28,151,151,2,1,0.4996735400000001
avgpool_finegrained2_WPJQRR.pt,28,221,221,2,1,0.8012844999999998
avgpool_finegrained2_T9VK32.pt,28,162,162,2,1,0.56951814
avgpool_finegrained2_F9LIX2.pt,28,172,172,2,1,0.56293758
avgpool_finegrained2_5J6HKY.pt,28,207,207,2,1,0.6890886999999999
avgpool_finegrained2_BPLP2A.pt,28,219,219,2,1,0.8403222800000002
avgpool_finegrained2_F32DIG.pt,28,212,212,2,1,0.8279797200000002
avgpool_finegrained2_1B5Y69.pt,28,186,186,2,1,0.6038794800000001
avgpool_finegrained2_LAXYG5.pt,28,101,101,2,1,0.45606455999999995
avgpool_finegrained2_4W6P4J.pt,28,214,214,2,1,0.77427566
avgpool_finegrained2_VPQSY4.pt,28,98,98,2,1,0.3791256199999999
avgpool_finegrained2_OOQX2E.pt,28,224,224,2,1,0.9915676600000002
avgpool_finegrained2_QIX356.pt,28,105,105,2,1,0.5305704200000001
avgpool_finegrained2_TDOLU3.pt,28,197,197,2,1,0.8643379999999999
avgpool_finegrained2_58C5TE.pt,28,173,173,2,1,0.60987794
avgpool_finegrained2_53EGCV.pt,112,140,140,3,2,1.3176904399999998
avgpool_finegrained2_AXH5GH.pt,112,143,143,3,2,1.4754150399999997
avgpool_finegrained2_K1POV4.pt,112,241,241,3,2,1.8532924199999996
avgpool_finegrained2_ENFDAE.pt,112,160,160,3,2,1.5867510200000001
avgpool_finegrained2_LTVSPI.pt,112,280,280,3,2,1.3675727199999996
avgpool_finegrained2_LW0GYE.pt,112,206,206,3,2,1.4230755400000001
avgpool_finegrained2_WZI6D6.pt,112,129,129,3,2,1.3886616400000003
avgpool_finegrained2_1XLFV5.pt,112,260,260,3,2,1.4717691
avgpool_finegrained2_XR55LL.pt,112,223,223,3,2,1.4612563999999995
avgpool_finegrained2_MNZ044.pt,112,263,263,3,2,1.5271594200000005
avgpool_finegrained2_33QY1S.pt,112,276,276,3,2,1.5504594
avgpool_finegrained2_H29L1E.pt,112,156,156,3,2,1.27037032
avgpool_finegrained2_QBWR7M.pt,112,163,163,3,2,0.8323282000000002
avgpool_finegrained2_2BQUJ6.pt,112,244,244,3,2,1.3590991600000002
avgpool_finegrained2_J8ND77.pt,112,207,207,3,2,1.4628904599999997
avgpool_finegrained2_LZGIWF.pt,112,247,247,3,2,1.6090800799999996
avgpool_finegrained2_JTM0Q6.pt,112,215,215,3,2,1.5034960200000003
avgpool_finegrained2_9TW08B.pt,112,270,270,3,2,1.698315980000001
avgpool_finegrained2_KTHXSW.pt,112,205,205,3,2,1.32741368
avgpool_finegrained2_81CA0F.pt,112,259,259,3,2,1.5942882400000002
avgpool_finegrained2_D02DRM.pt,28,214,214,2,2,0.35569419999999996
avgpool_finegrained2_IUOAFJ.pt,28,175,175,2,2,0.19394932
avgpool_finegrained2_R7HHYT.pt,28,144,144,2,2,0.22058328000000008
avgpool_finegrained2_ANFHQ1.pt,28,142,142,2,2,0.19483273999999998
avgpool_finegrained2_K8BJUX.pt,28,137,137,2,2,0.16643393999999997
avgpool_finegrained2_WKCEBT.pt,28,185,185,2,2,0.19853808000000003
avgpool_finegrained2_K0EGLQ.pt,28,102,102,2,2,0.14048120000000003
avgpool_finegrained2_JXGAYC.pt,28,201,201,2,2,0.22312497999999997
avgpool_finegrained2_LQKKAC.pt,28,208,208,2,2,0.23271050000000001
avgpool_finegrained2_MGO3UW.pt,28,215,215,2,2,0.27797534
avgpool_finegrained2_J7Z9LP.pt,28,163,163,2,2,0.23456630000000003
avgpool_finegrained2_GV1CRA.pt,28,207,207,2,2,0.2096470399999999
avgpool_finegrained2_OF8WSX.pt,28,211,211,2,2,0.21901465999999994
avgpool_finegrained2_HQAXHB.pt,28,100,100,2,2,0.13938856000000002
avgpool_finegrained2_2DCTMJ.pt,28,236,236,2,2,0.23993208000000008
avgpool_finegrained2_4FPHQS.pt,28,161,161,2,2,0.1901255
avgpool_finegrained2_MQQXPS.pt,28,119,119,2,2,0.18014987999999998
avgpool_finegrained2_2Q0EQQ.pt,28,227,227,2,2,0.36281485999999996
avgpool_finegrained2_V8GG9L.pt,28,116,116,2,2,0.1484972599999999
avgpool_finegrained2_QA44H1.pt,28,171,171,2,2,0.24562340000000005
avgpool_finegrained2_04107H.pt,28,380,380,2,2,0.3311810399999999
avgpool_finegrained2_FT34AP.pt,28,298,298,2,2,0.28761570000000003
avgpool_finegrained2_TPPWWL.pt,28,434,434,2,2,0.45067409999999986
avgpool_finegrained2_1HW2QW.pt,28,402,402,2,2,0.3929979599999999
avgpool_finegrained2_LKRJA7.pt,28,355,355,2,2,0.31871647999999997
avgpool_finegrained2_X3IJZV.pt,28,442,442,2,2,0.48477419999999993
avgpool_finegrained2_SA03TC.pt,28,597,597,2,2,0.47182152000000016
avgpool_finegrained2_UVF4PC.pt,28,458,458,2,2,0.4386935999999999
avgpool_finegrained2_PSC0KP.pt,28,596,596,2,2,0.5268023000000001
avgpool_finegrained2_880TSJ.pt,28,283,283,2,2,0.27817825999999996
avgpool_finegrained2_8CHTRB.pt,28,362,362,2,2,0.3562374599999999
avgpool_finegrained2_APXLQ5.pt,28,560,560,2,2,0.5427796400000001
avgpool_finegrained2_G7E7H5.pt,28,471,471,2,2,0.3949136200000001
avgpool_finegrained2_O6RIXK.pt,28,354,354,2,2,0.31717638000000004
avgpool_finegrained2_DD9LLN.pt,28,484,484,2,2,0.6107710799999999
avgpool_finegrained2_3TIRJV.pt,28,370,370,2,2,0.35088516
avgpool_finegrained2_4IC81M.pt,28,421,421,2,2,0.40825187999999996
avgpool_finegrained2_DBD1XQ.pt,28,523,523,2,2,0.5047070399999999
avgpool_finegrained2_8ABA4X.pt,28,364,364,2,2,0.4081023999999999
avgpool_finegrained2_CHQU54.pt,28,445,445,2,2,0.4133028400000001
avgpool_finegrained2_0GJ42R.pt,28,351,351,2,1,1.0233398
avgpool_finegrained2_YA2NJ9.pt,28,377,377,2,1,0.9823271000000005
avgpool_finegrained2_3VJ8ED.pt,28,323,323,2,1,0.45784499999999995
avgpool_finegrained2_GOTVMI.pt,28,277,277,2,1,1.1467381999999997
avgpool_finegrained2_N2T4TG.pt,28,269,269,2,1,0.86640226
avgpool_finegrained2_RAO615.pt,28,251,251,2,1,0.7702139399999999
avgpool_finegrained2_HEVMP2.pt,28,398,398,2,1,1.1723381000000002
avgpool_finegrained2_14FXJW.pt,28,303,303,2,1,1.15765462
avgpool_finegrained2_JBRAHH.pt,28,430,430,2,1,1.1953329200000002
avgpool_finegrained2_SBBIKH.pt,28,249,249,2,1,0.77476906
avgpool_finegrained2_FGNNWR.pt,28,362,362,2,1,1.1942501199999997
avgpool_finegrained2_F5YQJO.pt,28,321,321,2,1,0.9617815800000002
avgpool_finegrained2_R7UB8X.pt,28,272,272,2,1,1.02184238
avgpool_finegrained2_ZDHRA0.pt,28,406,406,2,1,1.0397916200000004
avgpool_finegrained2_RFE3GI.pt,28,417,417,2,1,1.18522968
avgpool_finegrained2_VP5MBZ.pt,28,505,505,2,1,1.1994651000000003
avgpool_finegrained2_0QX1CM.pt,28,295,295,2,1,0.9066618999999997
avgpool_finegrained2_GR0BVW.pt,28,426,426,2,1,1.1741026800000003
avgpool_finegrained2_EMC9PV.pt,28,441,441,2,1,1.25570708
avgpool_finegrained2_T2RWV1.pt,28,465,465,2,1,1.2450604
avgpool_finegrained2_7U1FGE.pt,14,165,165,3,2,0.14439225999999997
avgpool_finegrained2_OUMNR8.pt,14,246,246,3,2,0.11840521999999998
avgpool_finegrained2_GAWT0S.pt,14,252,252,3,2,0.12660823999999998
avgpool_finegrained2_LC02CB.pt,14,270,270,3,2,0.13366464
avgpool_finegrained2_OLD97Y.pt,14,244,244,3,2,0.12110302
avgpool_finegrained2_96PVNK.pt,14,200,200,3,2,0.11210111999999998
avgpool_finegrained2_LPLMHE.pt,14,160,160,3,2,0.14322232000000004
avgpool_finegrained2_DRB101.pt,14,301,301,3,2,0.12310101999999996
avgpool_finegrained2_2RPB8V.pt,14,348,348,3,2,0.13955019999999999
avgpool_finegrained2_DXXPUE.pt,14,198,198,3,2,0.11191044
avgpool_finegrained2_YFA0QT.pt,14,154,154,3,2,0.10969067999999998
avgpool_finegrained2_32CGPA.pt,14,353,353,3,2,0.15191643999999996
avgpool_finegrained2_XS3GL6.pt,14,344,344,3,2,0.13899458000000003
avgpool_finegrained2_37OFJY.pt,14,264,264,3,2,0.12392820000000002
avgpool_finegrained2_ZTFYK5.pt,14,166,166,3,2,0.12156198
avgpool_finegrained2_32V8KC.pt,14,181,181,3,2,0.10443938000000003
avgpool_finegrained2_RQUY7J.pt,14,202,202,3,2,0.11398012000000002
avgpool_finegrained2_C79STI.pt,14,196,196,3,2,0.12377246
avgpool_finegrained2_4YX9FI.pt,14,267,267,3,2,0.15155396000000004
avgpool_finegrained2_9ME6ZE.pt,14,329,329,3,2,0.20518389999999997
avgpool_finegrained2_YEVJ19.pt,14,112,112,2,2,0.09793007999999997
avgpool_finegrained2_EHCTCC.pt,14,117,117,2,2,0.09567552000000001
avgpool_finegrained2_NIH6GJ.pt,14,129,129,2,2,0.11041991999999999
avgpool_finegrained2_8EJXY4.pt,14,121,121,2,2,0.09341498000000001
avgpool_finegrained2_TVPXVO.pt,14,116,116,2,2,0.09283427999999998
avgpool_finegrained2_CHZJJO.pt,14,80,80,2,2,0.08904711999999998
avgpool_finegrained2_PDBLAL.pt,14,89,89,2,2,0.09081758000000002
avgpool_finegrained2_0VVH5E.pt,14,70,70,2,2,0.08714076
avgpool_finegrained2_01RKZ5.pt,14,65,65,2,2,0.08594349999999999
avgpool_finegrained2_DMNKQ3.pt,14,137,137,2,2,0.10099726
avgpool_finegrained2_1NIRE4.pt,14,147,147,2,2,0.10420666
avgpool_finegrained2_AEVGL1.pt,14,115,115,2,2,0.09710379999999999
avgpool_finegrained2_AAY5H9.pt,14,77,77,2,2,0.015360440000000001
avgpool_finegrained2_V0BXM7.pt,14,71,71,2,2,0.08922044
avgpool_finegrained2_MUIH99.pt,14,107,107,2,2,0.09648411999999999
avgpool_finegrained2_0WCTY5.pt,14,103,103,2,2,0.1094318
avgpool_finegrained2_UHU1ID.pt,14,67,67,2,2,0.08844704000000002
avgpool_finegrained2_AMP85C.pt,14,144,144,2,2,0.10252281999999997
avgpool_finegrained2_4YOJXV.pt,14,66,66,2,2,0.10405499999999998
avgpool_finegrained2_PF7Z73.pt,14,150,150,2,2,0.11791257999999996
avgpool_finegrained2_LD3TQ5.pt,56,47,47,3,2,0.21674881999999995
avgpool_finegrained2_PHNSMQ.pt,56,45,45,3,2,0.21405249999999998
avgpool_finegrained2_59GT2W.pt,56,28,28,3,2,0.16455528
avgpool_finegrained2_RK27Q0.pt,56,60,60,3,2,0.26194868000000004
avgpool_finegrained2_MXBGEH.pt,56,32,32,3,2,0.1697595
avgpool_finegrained2_LT6DOO.pt,56,53,53,3,2,0.23113102000000005
avgpool_finegrained2_LQ4CUK.pt,56,29,29,3,2,0.15971286
avgpool_finegrained2_W00R2C.pt,56,55,55,3,2,0.26110688
avgpool_finegrained2_K2VE73.pt,56,38,38,3,2,0.21012525999999998
avgpool_finegrained2_R076KA.pt,56,58,58,3,2,0.26832284000000006
avgpool_finegrained2_85859K.pt,56,50,50,3,2,0.23867168000000005
avgpool_finegrained2_IM0JDI.pt,56,51,51,3,2,0.22672342
avgpool_finegrained2_U9OZH6.pt,56,49,49,3,2,0.22455277999999995
avgpool_finegrained2_5OR9P2.pt,56,36,36,3,2,0.20421694
avgpool_finegrained2_PYMQFY.pt,56,42,42,3,2,0.20749722
avgpool_finegrained2_85AHTS.pt,56,35,35,3,2,0.22729556000000004
avgpool_finegrained2_ZY4OZ3.pt,56,30,30,3,2,0.20465042000000003
avgpool_finegrained2_MUH6XT.pt,56,56,56,3,2,0.29172216
avgpool_finegrained2_81WUKL.pt,56,54,54,3,2,0.27701044
avgpool_finegrained2_TQO0JN.pt,56,59,59,3,2,0.24900076000000002
avgpool_finegrained2_8ZLAXR.pt,112,223,223,2,2,1.2650706
avgpool_finegrained2_KOQGAH.pt,112,131,131,2,2,1.1559924
avgpool_finegrained2_9PBBNN.pt,112,163,163,2,2,1.3195362800000001
avgpool_finegrained2_HI26DY.pt,112,172,172,2,2,1.2249255400000003
avgpool_finegrained2_Q934OF.pt,112,227,227,2,2,1.4542179400000002
avgpool_finegrained2_UXIN75.pt,112,233,233,2,2,1.32874846
avgpool_finegrained2_643X55.pt,112,260,260,2,2,1.1798460800000001
avgpool_finegrained2_0YSX7B.pt,112,175,175,2,2,1.3620941400000004
avgpool_finegrained2_8P0PCX.pt,112,144,144,2,2,1.0607707600000003
avgpool_finegrained2_RAJ6EB.pt,112,203,203,2,2,1.2230546000000002
avgpool_finegrained2_3QUCTZ.pt,112,252,252,2,2,1.3342896399999995
avgpool_finegrained2_PC0PVH.pt,112,154,154,2,2,1.1509314000000002
avgpool_finegrained2_5UXO6B.pt,112,134,134,2,2,1.1164185599999998
avgpool_finegrained2_6CCBME.pt,112,142,142,2,2,1.2604551000000004
avgpool_finegrained2_UAM0NK.pt,112,217,217,2,2,1.707219339999999
avgpool_finegrained2_9ZRY30.pt,112,117,117,2,2,1.1621826999999998
avgpool_finegrained2_MWB99M.pt,112,265,265,2,2,1.2835821199999997
avgpool_finegrained2_IFT1MJ.pt,112,178,178,2,2,1.2877604400000002
avgpool_finegrained2_PEC7I9.pt,112,245,245,2,2,1.3227490800000001
avgpool_finegrained2_V3PX86.pt,112,176,176,2,2,1.2413714800000002
avgpool_finegrained2_ENB95Y.pt,28,69,69,2,2,0.12177288000000001
avgpool_finegrained2_FU10PW.pt,28,49,49,2,2,0.10852978000000006
avgpool_finegrained2_WGIPS2.pt,28,74,74,2,2,0.02650552000000001
avgpool_finegrained2_QLOFHD.pt,28,32,32,2,2,0.09725792
avgpool_finegrained2_TCXKQ5.pt,28,35,35,2,2,0.13228984
avgpool_finegrained2_FUN20A.pt,28,57,57,2,2,0.11222196000000001
avgpool_finegrained2_6AHYVL.pt,28,48,48,2,2,0.10949432000000005
avgpool_finegrained2_K5FLSD.pt,28,45,45,2,2,0.10651680000000001
avgpool_finegrained2_BE5FBB.pt,28,54,54,2,2,0.10729738000000003
avgpool_finegrained2_ELG9PH.pt,28,38,38,2,2,0.10125867999999999
avgpool_finegrained2_0HGHPZ.pt,28,65,65,2,2,0.11581532000000003
avgpool_finegrained2_20SGYA.pt,28,67,67,2,2,0.11926158000000006
avgpool_finegrained2_JEM8X8.pt,28,58,58,2,2,0.12458661999999997
avgpool_finegrained2_SCA97A.pt,28,52,52,2,2,0.11626652000000001
avgpool_finegrained2_6KW3Y2.pt,28,37,37,2,2,0.10774274000000003
avgpool_finegrained2_2OXXCI.pt,28,61,61,2,2,0.12249201999999998
avgpool_finegrained2_Q3XVT6.pt,28,40,40,2,2,0.11985575999999996
avgpool_finegrained2_TUUHMP.pt,28,41,41,2,2,0.11625433999999998
avgpool_finegrained2_HOTE33.pt,28,39,39,2,2,0.10889008
avgpool_finegrained2_VVGSFQ.pt,28,42,42,2,2,0.10731464000000003
avgpool_finegrained2_9Y603Z.pt,56,316,316,3,2,1.22402912
avgpool_finegrained2_ICF33I.pt,56,235,235,3,2,1.0246583199999997
avgpool_finegrained2_060R3U.pt,56,295,295,3,2,1.13808124
avgpool_finegrained2_W2OT4O.pt,56,277,277,3,2,0.9082720600000002
avgpool_finegrained2_4XU6H9.pt,56,286,286,3,2,0.8994343599999999
avgpool_finegrained2_IHZDDR.pt,56,146,146,3,2,0.7778267199999997
avgpool_finegrained2_2ZE3E5.pt,56,203,203,3,2,0.6921336800000002
avgpool_finegrained2_AV5WZ4.pt,56,240,240,3,2,1.0425515800000005
avgpool_finegrained2_TBPM3E.pt,56,171,171,3,2,0.5924615799999999
avgpool_finegrained2_VC559H.pt,56,305,305,3,2,1.1338479799999996
avgpool_finegrained2_M16CWV.pt,56,211,211,3,2,0.7139113800000003
avgpool_finegrained2_7LM0JS.pt,56,268,268,3,2,1.1462606600000003
avgpool_finegrained2_6NA1KQ.pt,56,182,182,3,2,0.8215362999999999
avgpool_finegrained2_KSYR48.pt,56,156,156,3,2,0.65171402
avgpool_finegrained2_BLYA1R.pt,56,291,291,3,2,1.1008621199999997
avgpool_finegrained2_QSUG4E.pt,56,150,150,3,2,0.5294593600000002
avgpool_finegrained2_VWZ0ES.pt,56,259,259,3,2,1.02567478
avgpool_finegrained2_E993BS.pt,56,294,294,3,2,0.8916295
avgpool_finegrained2_L39V06.pt,56,272,272,3,2,0.9066183799999996
avgpool_finegrained2_9H4P64.pt,56,266,266,3,2,1.1418515599999999
avgpool_finegrained2_PHDSEY.pt,14,238,238,3,2,0.11977720000000003
avgpool_finegrained2_8J8H9F.pt,14,335,335,3,2,0.18516197999999995
avgpool_finegrained2_9DUS76.pt,14,435,435,3,2,0.15553141999999998
avgpool_finegrained2_1DIABG.pt,14,397,397,3,2,0.18659919999999997
avgpool_finegrained2_BIB946.pt,14,192,192,3,2,0.13448458
avgpool_finegrained2_BYA3TL.pt,14,381,381,3,2,0.18294032000000002
avgpool_finegrained2_YMISWB.pt,14,421,421,3,2,0.15425154
avgpool_finegrained2_E7KC0R.pt,14,236,236,3,2,0.12228264000000001
avgpool_finegrained2_FZCYRE.pt,14,362,362,3,2,0.14253786
avgpool_finegrained2_AMGI9Y.pt,14,312,312,3,2,0.16990412
avgpool_finegrained2_220VD7.pt,14,285,285,3,2,0.13148900000000002
avgpool_finegrained2_XJ8IDZ.pt,14,353,353,3,2,0.15795778000000005
avgpool_finegrained2_0R03J9.pt,14,320,320,3,2,0.0339031
avgpool_finegrained2_DFUMWF.pt,14,431,431,3,2,0.20269322000000004
avgpool_finegrained2_ENLT1Z.pt,14,451,451,3,2,0.17667650000000001
avgpool_finegrained2_9MJCBP.pt,14,205,205,3,2,0.11520100000000003
avgpool_finegrained2_6NAMJF.pt,14,436,436,3,2,0.17089951999999997
avgpool_finegrained2_IYQ16K.pt,14,318,318,3,2,0.14800660000000002
avgpool_finegrained2_LN8ND1.pt,14,225,225,3,2,0.12798372
avgpool_finegrained2_SRKTHD.pt,14,349,349,3,2,0.14586903999999998
avgpool_finegrained2_PLVHE2.pt,56,293,293,3,2,0.9485906399999999
avgpool_finegrained2_XB38HF.pt,56,271,271,3,2,1.0441153000000003
avgpool_finegrained2_BKOFZB.pt,56,210,210,3,2,1.0182870400000004
avgpool_finegrained2_OQ49SF.pt,56,253,253,3,2,0.9824483800000001
avgpool_finegrained2_X555L6.pt,56,275,275,3,2,1.1339692
avgpool_finegrained2_JMT92H.pt,56,296,296,3,2,0.9716527599999999
avgpool_finegrained2_UHDLHW.pt,56,240,240,3,2,0.9030325400000001
avgpool_finegrained2_RCW8T2.pt,56,226,226,3,2,0.7764523000000001
avgpool_finegrained2_6UAR9S.pt,56,258,258,3,2,0.85845502
avgpool_finegrained2_8SLGOU.pt,56,187,187,3,2,0.6350363000000001
avgpool_finegrained2_3AFWD5.pt,56,129,129,3,2,0.45373016000000005
avgpool_finegrained2_53P19X.pt,56,288,288,3,2,1.08077456
avgpool_finegrained2_X2HY6F.pt,56,191,191,3,2,0.88523972
avgpool_finegrained2_S8K3OD.pt,56,221,221,3,2,0.7400004999999997
avgpool_finegrained2_L5NCLN.pt,56,259,259,3,2,0.86776178
avgpool_finegrained2_930T6W.pt,56,227,227,3,2,0.82471404
avgpool_finegrained2_STM39Z.pt,56,192,192,3,2,0.9593515800000002
avgpool_finegrained2_KWPITU.pt,56,295,295,3,2,0.9596633000000001
avgpool_finegrained2_PVBQ1W.pt,56,297,297,3,2,1.00743368
avgpool_finegrained2_ATFFJL.pt,56,208,208,3,2,0.7174664399999999
avgpool_finegrained2_KGT990.pt,14,511,511,2,2,0.15750786
avgpool_finegrained2_ZA7J9K.pt,14,408,408,2,2,0.14203509999999997
avgpool_finegrained2_LD753U.pt,14,492,492,2,2,0.15646434000000006
avgpool_finegrained2_2WPE67.pt,14,249,249,2,2,0.11689806000000004
avgpool_finegrained2_SUVF2I.pt,14,458,458,2,2,0.19370620000000002
avgpool_finegrained2_DSERUV.pt,14,522,522,2,2,0.18620941999999993
avgpool_finegrained2_OVVNSP.pt,14,320,320,2,2,0.1433931
avgpool_finegrained2_BWS62R.pt,14,486,486,2,2,0.20317629999999998
avgpool_finegrained2_3G0U2W.pt,14,533,533,2,2,0.16953602
avgpool_finegrained2_Y1UVG3.pt,14,289,289,2,2,0.13219692
avgpool_finegrained2_HOFYI0.pt,14,318,318,2,2,0.13861305999999998
avgpool_finegrained2_QUBSMT.pt,14,376,376,2,2,0.18853672
avgpool_finegrained2_BB4PRN.pt,14,339,339,2,2,0.14341866
avgpool_finegrained2_1Y8XXZ.pt,14,268,268,2,2,0.18016978000000003
avgpool_finegrained2_KY5S07.pt,14,375,375,2,2,0.21212576
avgpool_finegrained2_D2QZ0D.pt,14,242,242,2,2,0.11366087999999999
avgpool_finegrained2_ZJC31L.pt,14,414,414,2,2,0.15182543999999998
avgpool_finegrained2_OT708W.pt,14,428,428,2,2,0.17232983999999996
avgpool_finegrained2_GX9HJ1.pt,14,502,502,2,2,0.14495386
avgpool_finegrained2_9QFBEB.pt,14,395,395,2,2,0.19297302000000002
avgpool_finegrained2_HXLE37.pt,56,24,24,3,1,0.42307132000000003
avgpool_finegrained2_B4NZFI.pt,56,19,19,3,1,0.4723091800000001
avgpool_finegrained2_6AFECT.pt,56,22,22,3,1,0.11742309999999996
avgpool_finegrained2_XE46Q8.pt,56,23,23,3,1,0.34261794
avgpool_finegrained2_0VK79S.pt,56,21,21,3,1,0.31677172000000003
avgpool_finegrained2_GQ2TMP.pt,56,16,16,3,1,0.41672128
avgpool_finegrained2_KXSFDR.pt,56,17,17,3,1,0.28009248000000003
avgpool_finegrained2_TJ7309.pt,56,14,14,3,1,0.23123787999999995
avgpool_finegrained2_DJNZBC.pt,56,26,26,3,1,0.5024657199999999
avgpool_finegrained2_RVUXNM.pt,56,31,31,3,1,0.5127676400000002
avgpool_finegrained2_VDKF02.pt,56,33,33,3,1,0.51552266
avgpool_finegrained2_FAFOJY.pt,56,20,20,3,1,0.3579100600000001
avgpool_finegrained2_J00XTR.pt,56,18,18,3,1,0.2938944600000001
avgpool_finegrained2_KHQ99M.pt,56,30,30,3,1,0.42454434000000013
avgpool_finegrained2_RVHXLO.pt,56,28,28,3,1,0.45355411999999995
avgpool_finegrained2_B2SNVO.pt,56,27,27,3,1,0.4804174800000001
avgpool_finegrained2_VTZK8W.pt,56,29,29,3,1,0.41229754
avgpool_finegrained2_TW9XVS.pt,56,32,32,3,1,0.46000067999999983
avgpool_finegrained2_RGS86I.pt,56,25,25,3,1,0.36266880000000007
avgpool_finegrained2_RMLM61.pt,56,15,15,3,1,0.26526399999999994
avgpool_finegrained2_G29EGI.pt,56,473,473,3,1,1.7568155399999998
avgpool_finegrained2_VCMB68.pt,56,586,586,3,1,1.75724158
avgpool_finegrained2_PVFHKL.pt,56,321,321,3,1,1.482262
avgpool_finegrained2_V0A4W3.pt,56,382,382,3,1,1.5297247200000001
avgpool_finegrained2_Q8001O.pt,56,458,458,3,1,1.5640281599999997
avgpool_finegrained2_P9OEQW.pt,56,516,516,3,1,1.7107720600000003
avgpool_finegrained2_W7W3JR.pt,56,451,451,3,1,1.40896176
avgpool_finegrained2_YY5NKB.pt,56,446,446,3,1,1.53400606
avgpool_finegrained2_966RPK.pt,56,553,553,3,1,1.6250611599999996
avgpool_finegrained2_VM3UGT.pt,56,540,540,3,1,1.6843423000000004
avgpool_finegrained2_JO80KG.pt,56,276,276,3,1,1.3799579800000001
avgpool_finegrained2_99RLPE.pt,56,535,535,3,1,1.6618908000000006
avgpool_finegrained2_XQ7H3F.pt,56,510,510,3,1,1.9531504999999998
avgpool_finegrained2_0LPOJG.pt,56,590,590,3,1,1.7116999400000004
avgpool_finegrained2_KGAH0A.pt,56,295,295,3,1,1.3376734999999997
avgpool_finegrained2_UYM551.pt,56,273,273,3,1,1.5970754000000003
avgpool_finegrained2_QZ2Q7S.pt,56,340,340,3,1,1.6342870800000002
avgpool_finegrained2_QOUZFH.pt,56,449,449,3,1,1.6755948800000002
avgpool_finegrained2_DGOMBQ.pt,56,546,546,3,1,1.6346512600000005
avgpool_finegrained2_JDL5UC.pt,56,593,593,3,1,1.8316126999999998
avgpool_finegrained2_LFKMRH.pt,28,128,128,3,2,0.17910073999999998
avgpool_finegrained2_84XJ3V.pt,28,96,96,3,2,0.14963154000000004
avgpool_finegrained2_WM9RL9.pt,28,216,216,3,2,0.2740264600000001
avgpool_finegrained2_MGODZK.pt,28,155,155,3,2,0.21541617999999998
avgpool_finegrained2_3O7OJX.pt,28,167,167,3,2,0.22895813999999987
avgpool_finegrained2_WEFC5P.pt,28,111,111,3,2,0.17233127999999995
avgpool_finegrained2_1FQNIF.pt,28,135,135,3,2,0.2868464399999999
avgpool_finegrained2_JO0JU6.pt,28,173,173,3,2,0.21172093999999997
avgpool_finegrained2_RBF1SW.pt,28,157,157,3,2,0.19497514000000002
avgpool_finegrained2_IH8GY8.pt,28,181,181,3,2,0.25985625999999995
avgpool_finegrained2_2N2ZKP.pt,28,149,149,3,2,0.19875998000000003
avgpool_finegrained2_J2SQJ5.pt,28,98,98,3,2,0.15129154
avgpool_finegrained2_VW85II.pt,28,150,150,3,2,0.06295871999999997
avgpool_finegrained2_YE1P7R.pt,28,123,123,3,2,0.17039443999999995
avgpool_finegrained2_1EYYHK.pt,28,162,162,3,2,0.19871830000000007
avgpool_finegrained2_B88MNG.pt,28,130,130,3,2,0.17657932000000007
avgpool_finegrained2_2X2KVN.pt,28,141,141,3,2,0.18220744
avgpool_finegrained2_2VLD2G.pt,28,127,127,3,2,0.17713882000000003
avgpool_finegrained2_ILQU6N.pt,28,169,169,3,2,0.22320078
avgpool_finegrained2_A8XI9F.pt,28,211,211,3,2,0.23342764
avgpool_finegrained2_CJLB2F.pt,28,572,572,2,2,0.4563388199999999
avgpool_finegrained2_IYDZ03.pt,28,557,557,2,2,0.44722944
avgpool_finegrained2_0CB8WS.pt,28,284,284,2,2,0.26522948000000013
avgpool_finegrained2_3YT7BJ.pt,28,503,503,2,2,0.42522542000000013
avgpool_finegrained2_SRVSAQ.pt,28,569,569,2,2,0.5094017999999999
avgpool_finegrained2_SXG1MR.pt,28,309,309,2,2,0.28818854
avgpool_finegrained2_FMFY2P.pt,28,360,360,2,2,0.38612814000000006
avgpool_finegrained2_OT724P.pt,28,460,460,2,2,0.44537570000000004
avgpool_finegrained2_8ER47Y.pt,28,504,504,2,2,0.46367442000000003
avgpool_finegrained2_EHUXDB.pt,28,431,431,2,2,0.36369794
avgpool_finegrained2_G4EQTR.pt,28,269,269,2,2,0.2577797600000001
avgpool_finegrained2_JDO1RJ.pt,28,325,325,2,2,0.29829868000000004
avgpool_finegrained2_4LYPE5.pt,28,409,409,2,2,0.46446554
avgpool_finegrained2_0BS6TE.pt,28,458,458,2,2,0.38257011999999996
avgpool_finegrained2_YRHSMB.pt,28,580,580,2,2,0.51070796
avgpool_finegrained2_VTDNEF.pt,28,528,528,2,2,0.4281595400000001
avgpool_finegrained2_R69MI7.pt,28,433,433,2,2,0.36211464
avgpool_finegrained2_PVXU9H.pt,28,502,502,2,2,0.4591922199999998
avgpool_finegrained2_ZHVA9F.pt,28,392,392,2,2,0.33641960000000004
avgpool_finegrained2_OS6PNV.pt,28,519,519,2,2,0.4234248399999999
avgpool_finegrained2_2007VH.pt,28,326,326,3,2,0.31821212
avgpool_finegrained2_GJI8XE.pt,28,299,299,3,2,0.44067436
avgpool_finegrained2_9PJVYX.pt,28,464,464,3,2,0.4844907599999999
avgpool_finegrained2_C6984W.pt,28,386,386,3,2,0.4711151799999999
avgpool_finegrained2_5A0NAD.pt,28,384,384,3,2,0.36889853999999994
avgpool_finegrained2_BYLVEV.pt,28,350,350,3,2,0.45729691999999994
avgpool_finegrained2_CAAQL0.pt,28,509,509,3,2,0.48903652000000003
avgpool_finegrained2_PPJMXE.pt,28,487,487,3,2,0.64715688
avgpool_finegrained2_VLW49L.pt,28,527,527,3,2,0.5189221200000002
avgpool_finegrained2_1SGGPS.pt,28,525,525,3,2,0.47017077999999984
avgpool_finegrained2_66Z6FD.pt,28,309,309,3,2,0.30821996
avgpool_finegrained2_HEFLEC.pt,28,407,407,3,2,0.49327964
avgpool_finegrained2_PPRH9N.pt,28,454,454,3,2,0.43350528000000005
avgpool_finegrained2_VK9PAG.pt,28,466,466,3,2,0.4966034400000002
avgpool_finegrained2_ML4OQ3.pt,28,584,584,3,2,0.5163883400000001
avgpool_finegrained2_90FLB6.pt,28,254,254,3,2,0.2650470999999999
avgpool_finegrained2_872QNI.pt,28,425,425,3,2,0.4673977199999999
avgpool_finegrained2_7QECS0.pt,28,297,297,3,2,0.3496815999999999
avgpool_finegrained2_U06AO0.pt,28,547,547,3,2,0.5840275599999999
avgpool_finegrained2_GDZRGV.pt,28,322,322,3,2,0.50229654
avgpool_finegrained2_8ZGFEJ.pt,14,326,326,2,2,0.12869818000000002
avgpool_finegrained2_57ZT22.pt,14,331,331,2,2,0.12971934
avgpool_finegrained2_RGY5UL.pt,14,351,351,2,2,0.031887820000000004
avgpool_finegrained2_1WL0K3.pt,14,201,201,2,2,0.11827284
avgpool_finegrained2_ZVCAW7.pt,14,361,361,2,2,0.13621258000000003
avgpool_finegrained2_1PNDM3.pt,14,175,175,2,2,0.10248824000000005
avgpool_finegrained2_VU3LSJ.pt,14,372,372,2,2,0.13867122000000004
avgpool_finegrained2_19B7I2.pt,14,269,269,2,2,0.12205497999999998
avgpool_finegrained2_7LJZ21.pt,14,357,357,2,2,0.13482992000000002
avgpool_finegrained2_ENVMS7.pt,14,162,162,2,2,0.10419945999999997
avgpool_finegrained2_4RUTSV.pt,14,198,198,2,2,0.10808021999999999
avgpool_finegrained2_R7679E.pt,14,323,323,2,2,0.12780797999999993
avgpool_finegrained2_1FJJMJ.pt,14,358,358,2,2,0.13593294000000003
avgpool_finegrained2_ZPE4TG.pt,14,335,335,2,2,0.12720028
avgpool_finegrained2_U4DNP6.pt,14,347,347,2,2,0.12881086000000003
avgpool_finegrained2_8N0BU8.pt,14,173,173,2,2,0.10399106
avgpool_finegrained2_019BDV.pt,14,229,229,2,2,0.11273087999999999
avgpool_finegrained2_BFIB9F.pt,14,282,282,2,2,0.12060067999999997
avgpool_finegrained2_E2F2VI.pt,14,234,234,2,2,0.11303552000000003
avgpool_finegrained2_H1GZHC.pt,14,332,332,2,2,0.12974024
avgpool_finegrained2_PK2JD3.pt,14,215,215,2,2,0.11076314
avgpool_finegrained2_L22SMQ.pt,14,246,246,2,2,0.11586816000000001
avgpool_finegrained2_B25I9O.pt,14,130,130,2,2,0.08114304000000003
avgpool_finegrained2_6H5TLT.pt,14,178,178,2,2,0.11852527999999996
avgpool_finegrained2_R583BU.pt,14,216,216,2,2,0.1243075
avgpool_finegrained2_01W5MO.pt,14,189,189,2,2,0.11702694000000001
avgpool_finegrained2_3ALBJZ.pt,14,251,251,2,2,0.11722567999999998
avgpool_finegrained2_AO99RB.pt,14,128,128,2,2,0.0946803
avgpool_finegrained2_WGGGCW.pt,14,237,237,2,2,0.11270846000000001
avgpool_finegrained2_FOGKEF.pt,14,176,176,2,2,0.10355786000000002
avgpool_finegrained2_NH1QE1.pt,14,241,241,2,2,0.11629441999999997
avgpool_finegrained2_9QA1WV.pt,14,240,240,2,2,0.11818502
avgpool_finegrained2_WSIDP3.pt,14,115,115,2,2,0.11044120000000004
avgpool_finegrained2_OIQJDB.pt,14,114,114,2,2,0.08863714
avgpool_finegrained2_O2JLMK.pt,14,173,173,2,2,0.11024626
avgpool_finegrained2_KOG73G.pt,14,199,199,2,2,0.11820646
avgpool_finegrained2_0VBSK9.pt,14,205,205,2,2,0.11434180000000001
avgpool_finegrained2_LFPERG.pt,14,196,196,2,2,0.10803786
avgpool_finegrained2_VV2ARF.pt,14,144,144,2,2,0.09782625999999998
avgpool_finegrained2_5I3F2G.pt,14,170,170,2,2,0.10405472000000003
avgpool_finegrained2_DFFZST.pt,112,34,34,3,2,0.5997978799999999
avgpool_finegrained2_E71SBW.pt,112,61,61,3,2,0.7880347000000001
avgpool_finegrained2_1Z6PZE.pt,112,31,31,3,2,0.58210814
avgpool_finegrained2_KCUHTK.pt,112,65,65,3,2,1.1003126800000003
avgpool_finegrained2_CP5H44.pt,112,49,49,3,2,0.7759014000000002
avgpool_finegrained2_QZCCR4.pt,112,60,60,3,2,0.9615493600000002
avgpool_finegrained2_6OGRID.pt,112,71,71,3,2,0.9733864599999998
avgpool_finegrained2_J8086O.pt,112,58,58,3,2,0.8841990199999998
avgpool_finegrained2_I23YEE.pt,112,43,43,3,2,0.9003303600000002
avgpool_finegrained2_DWNCGO.pt,112,38,38,3,2,0.53605724
avgpool_finegrained2_W8SAH4.pt,112,39,39,3,2,0.57555256
avgpool_finegrained2_1O92QP.pt,112,69,69,3,2,1.0457857400000001
avgpool_finegrained2_EZYDP2.pt,112,40,40,3,2,0.1941133
avgpool_finegrained2_Q8HWXH.pt,112,46,46,3,2,0.63310652
avgpool_finegrained2_TJY9IP.pt,112,36,36,3,2,0.4954524599999999
avgpool_finegrained2_3ET578.pt,112,68,68,3,2,1.0350599400000002
avgpool_finegrained2_8OWOK9.pt,112,55,55,3,2,0.9165901800000001
avgpool_finegrained2_MQ0RDC.pt,112,37,37,3,2,0.5134499799999999
avgpool_finegrained2_DRVPYG.pt,112,50,50,3,2,0.7733647399999998
avgpool_finegrained2_1FXMOG.pt,112,63,63,3,2,1.11565804
avgpool_finegrained2_NV5MBF.pt,28,596,596,3,2,0.55480346
avgpool_finegrained2_X2SCXQ.pt,28,580,580,3,2,0.5546921000000001
avgpool_finegrained2_GAVPKE.pt,28,355,355,3,2,0.3504888400000001
avgpool_finegrained2_SN33UY.pt,28,330,330,3,2,0.37484809999999996
avgpool_finegrained2_2TAG1E.pt,28,616,616,3,2,0.5885486600000001
avgpool_finegrained2_BESY8L.pt,28,451,451,3,2,0.46136984000000014
avgpool_finegrained2_X11KE5.pt,28,493,493,3,2,0.4907103
avgpool_finegrained2_RQZGVV.pt,28,587,587,3,2,0.52854852
avgpool_finegrained2_AKF2G3.pt,28,393,393,3,2,0.42268581999999993
avgpool_finegrained2_BPFAVM.pt,28,715,715,3,2,0.9795819000000001
avgpool_finegrained2_PFS9XB.pt,28,377,377,3,2,0.44032673999999994
avgpool_finegrained2_VN4NZL.pt,28,480,480,3,2,0.49270046000000006
avgpool_finegrained2_OEGLT7.pt,28,483,483,3,2,0.44315838
avgpool_finegrained2_JVJAO3.pt,28,374,374,3,2,0.3986236
avgpool_finegrained2_AC10QS.pt,28,437,437,3,2,0.4571425399999998
avgpool_finegrained2_OEGRNQ.pt,28,381,381,3,2,0.43811856000000005
avgpool_finegrained2_QPWFJK.pt,28,366,366,3,2,0.39380478000000013
avgpool_finegrained2_5JMOU5.pt,28,745,745,3,2,0.8496932800000002
avgpool_finegrained2_ZV0W5J.pt,28,518,518,3,2,0.55475838
avgpool_finegrained2_KNZ2RE.pt,28,427,427,3,2,0.41079778
avgpool_finegrained2_B49ZD4.pt,14,539,539,3,2,0.17757901999999995
avgpool_finegrained2_4EPUIF.pt,14,323,323,3,2,0.20132421999999994
avgpool_finegrained2_UVHI7Y.pt,14,253,253,3,2,0.11939275999999997
avgpool_finegrained2_ECZ2FA.pt,14,556,556,3,2,0.26248882
avgpool_finegrained2_LP13GN.pt,14,254,254,3,2,0.12961840000000002
avgpool_finegrained2_7J7GPI.pt,14,295,295,3,2,0.1386087
avgpool_finegrained2_3HGMT6.pt,14,459,459,3,2,0.15829640000000003
avgpool_finegrained2_RM29T4.pt,14,336,336,3,2,0.13730795999999998
avgpool_finegrained2_C6RGIW.pt,14,250,250,3,2,0.1188398
avgpool_finegrained2_38IB9N.pt,14,522,522,3,2,0.17489380000000004
avgpool_finegrained2_YVY45X.pt,14,428,428,3,2,0.16059854
avgpool_finegrained2_SIGX92.pt,14,570,570,3,2,0.18580022
avgpool_finegrained2_ISO8E1.pt,14,304,304,3,2,0.13642340000000006
avgpool_finegrained2_VJZ3NN.pt,14,312,312,3,2,0.13528222
avgpool_finegrained2_6SUSK4.pt,14,431,431,3,2,0.15736863999999998
avgpool_finegrained2_LE6JC4.pt,14,320,320,3,2,0.13748756000000004
avgpool_finegrained2_XZK7RK.pt,14,543,543,3,2,0.25234724
avgpool_finegrained2_57H8KM.pt,14,361,361,3,2,0.18062583999999998
avgpool_finegrained2_K1XYIU.pt,14,482,482,3,2,0.23650454000000004
avgpool_finegrained2_IA6RCB.pt,14,412,412,3,2,0.22406237999999998
avgpool_finegrained2_QIS2WE.pt,28,167,167,2,2,0.30426558
avgpool_finegrained2_O9LMGC.pt,28,169,169,2,2,0.19794098000000004
avgpool_finegrained2_O5IQZE.pt,28,140,140,2,2,0.03466196000000001
avgpool_finegrained2_RYFFHR.pt,28,215,215,2,2,0.21888033999999998
avgpool_finegrained2_L4QYUS.pt,28,177,177,2,2,0.20456678
avgpool_finegrained2_H7PNFJ.pt,28,185,185,2,2,0.27539286
avgpool_finegrained2_VQG6ZV.pt,28,216,216,2,2,0.29174564000000003
avgpool_finegrained2_ZX3A80.pt,28,200,200,2,2,0.21023064000000002
avgpool_finegrained2_QLZ5ZV.pt,28,165,165,2,2,0.29286752
avgpool_finegrained2_MEKQ1O.pt,28,95,95,2,2,0.13711118000000005
avgpool_finegrained2_X3R3AJ.pt,28,130,130,2,2,0.17481205999999994
avgpool_finegrained2_AI9FOM.pt,28,115,115,2,2,0.16543442000000003
avgpool_finegrained2_OND4FS.pt,28,183,183,2,2,0.20343603999999998
avgpool_finegrained2_B5UMZB.pt,28,120,120,2,2,0.15692198
avgpool_finegrained2_Z3BNBV.pt,28,135,135,2,2,0.16778727999999998
avgpool_finegrained2_QH5LM3.pt,28,178,178,2,2,0.19412396
avgpool_finegrained2_DGM7T8.pt,28,181,181,2,2,0.19646868
avgpool_finegrained2_VX0D33.pt,28,133,133,2,2,0.18691999999999992
avgpool_finegrained2_6KH4SK.pt,28,151,151,2,2,0.18596826000000002
avgpool_finegrained2_Y8UA91.pt,28,111,111,2,2,0.16779519999999998
avgpool_finegrained2_JCPHVD.pt,112,271,271,2,2,1.5527381200000006
avgpool_finegrained2_RK8BRL.pt,112,284,284,2,2,1.32152112
avgpool_finegrained2_ILD57K.pt,112,494,494,2,2,1.7718546599999994
avgpool_finegrained2_OO4EHE.pt,112,545,545,2,2,1.9026843599999999
avgpool_finegrained2_GLAS9A.pt,112,517,517,2,2,1.7039639200000003
avgpool_finegrained2_P5FWGW.pt,112,539,539,2,2,1.94744166
avgpool_finegrained2_A1P0DY.pt,112,407,407,2,2,1.5650055
avgpool_finegrained2_81CNPH.pt,112,300,300,2,2,1.30604102
avgpool_finegrained2_FQU11O.pt,112,268,268,2,2,1.5777614599999998
avgpool_finegrained2_7C7NXS.pt,112,442,442,2,2,1.4656718800000008
avgpool_finegrained2_U3872Q.pt,112,320,320,2,2,1.3990471799999997
avgpool_finegrained2_RGOOFJ.pt,112,357,357,2,2,1.4423644800000002
avgpool_finegrained2_8T1HLL.pt,112,505,505,2,2,1.6331335200000003
avgpool_finegrained2_L35NPV.pt,112,249,249,2,2,1.2085018800000005
avgpool_finegrained2_FSH7YA.pt,112,334,334,2,2,1.51664556
avgpool_finegrained2_MN3NQ3.pt,112,383,383,2,2,1.5522070800000003
avgpool_finegrained2_MYZ65X.pt,112,239,239,2,2,1.27128996
avgpool_finegrained2_U0AH2W.pt,112,265,265,2,2,1.34568226
avgpool_finegrained2_067XDM.pt,112,401,401,2,2,1.44567562
avgpool_finegrained2_C2XZ1Q.pt,112,369,369,2,2,1.6845146
avgpool_finegrained2_574PPJ.pt,56,93,93,3,2,0.35200595999999995
avgpool_finegrained2_3LFOEC.pt,56,166,166,3,2,0.5911836599999999
avgpool_finegrained2_OWU88I.pt,56,149,149,3,2,0.7640133
avgpool_finegrained2_HCPQQZ.pt,56,139,139,3,2,0.48565759999999997
avgpool_finegrained2_VG0VRW.pt,56,118,118,3,2,0.45613144
avgpool_finegrained2_EE3DTL.pt,56,110,110,3,2,0.45149787999999996
avgpool_finegrained2_WYB7FD.pt,56,96,96,3,2,0.38703017999999995
avgpool_finegrained2_4LTGTQ.pt,56,75,75,3,2,0.29538664000000003
avgpool_finegrained2_WSPSYZ.pt,56,94,94,3,2,0.42283934
avgpool_finegrained2_YY19I3.pt,56,141,141,3,2,0.4947126199999999
avgpool_finegrained2_C3M1YR.pt,56,114,114,3,2,0.4456227399999998
avgpool_finegrained2_AMA8UE.pt,56,85,85,3,2,0.3613803200000001
avgpool_finegrained2_V64WHL.pt,56,129,129,3,2,0.30078035999999997
avgpool_finegrained2_LNPWQK.pt,56,125,125,3,2,0.4597079599999999
avgpool_finegrained2_J8H6PF.pt,56,74,74,3,2,0.29257577999999995
avgpool_finegrained2_V5EW3A.pt,56,142,142,3,2,0.6532899800000002
avgpool_finegrained2_W89YGZ.pt,56,158,158,3,2,0.7880203
avgpool_finegrained2_PGQSVV.pt,56,145,145,3,2,0.50131462
avgpool_finegrained2_1JONOQ.pt,56,109,109,3,2,0.5428360200000002
avgpool_finegrained2_UBP9WT.pt,56,90,90,3,2,0.34292072000000007
avgpool_finegrained2_6NPNMF.pt,14,12,12,3,2,0.08270406
avgpool_finegrained2_0TC5S4.pt,14,15,15,3,2,0.07780047999999999
avgpool_finegrained2_OM3AZW.pt,14,10,10,3,2,0.06207822000000002
avgpool_finegrained2_84IB76.pt,14,19,19,3,2,0.07784952
avgpool_finegrained2_W8VG1D.pt,14,11,11,3,2,0.07651996000000001
avgpool_finegrained2_7S1GE6.pt,14,13,13,3,2,0.07874513999999999
avgpool_finegrained2_5BOWU8.pt,14,18,18,3,2,0.053139379999999986
avgpool_finegrained2_O2NJC5.pt,14,9,9,3,2,0.08104565999999998
avgpool_finegrained2_8P26TL.pt,14,20,20,3,2,0.08041654
avgpool_finegrained2_D603IH.pt,14,17,17,3,2,0.08324682
avgpool_finegrained2_G1WR7P.pt,14,16,16,3,2,0.07593173999999998
avgpool_finegrained2_0AIO96.pt,14,14,14,3,2,0.07414146
avgpool_finegrained2_WBNAHN.pt,224,65,65,2,2,1.3890975
avgpool_finegrained2_0Y2BPV.pt,224,41,41,2,2,1.3219223399999998
avgpool_finegrained2_D5I970.pt,224,87,87,2,2,1.5510098400000008
avgpool_finegrained2_CQPA4R.pt,224,80,80,2,2,1.26190432
avgpool_finegrained2_PIQ7J6.pt,224,83,83,2,2,1.5263838199999995
avgpool_finegrained2_LW6I9H.pt,224,55,55,2,2,1.3601254400000005
avgpool_finegrained2_T4P7OS.pt,224,53,53,2,2,1.25362534
avgpool_finegrained2_KZW3AP.pt,224,50,50,2,2,1.2421765399999998
avgpool_finegrained2_QW6Y8X.pt,224,79,79,2,2,1.50100972
avgpool_finegrained2_89Z8UU.pt,224,45,45,2,2,1.2540810599999999
avgpool_finegrained2_DE4BN8.pt,224,97,97,2,2,1.4699588
avgpool_finegrained2_OHO7ES.pt,224,60,60,2,2,1.1205398999999998
avgpool_finegrained2_S8V91O.pt,224,88,88,2,2,1.6128156999999999
avgpool_finegrained2_38S067.pt,224,82,82,2,2,1.4965111399999997
avgpool_finegrained2_00CHVR.pt,224,96,96,2,2,1.4159124399999998
avgpool_finegrained2_AK11VV.pt,224,93,93,2,2,1.3938749800000003
avgpool_finegrained2_ARSPG5.pt,224,78,78,2,2,1.3936726
avgpool_finegrained2_63XBWH.pt,224,90,90,2,2,1.5843188000000001
avgpool_finegrained2_0LPBY4.pt,224,70,70,2,2,1.37893406
avgpool_finegrained2_3ACI54.pt,224,54,54,2,2,1.3475246800000003
avgpool_finegrained2_Z7QM2N.pt,56,335,335,3,1,1.8649504599999995
avgpool_finegrained2_W12ZZB.pt,56,313,313,3,1,1.3881387199999997
avgpool_finegrained2_89G6FS.pt,56,144,144,3,1,1.35139274
avgpool_finegrained2_0KZLFK.pt,56,252,252,3,1,1.5226679800000005
avgpool_finegrained2_ITOFDJ.pt,56,189,189,3,1,1.5895178399999998
avgpool_finegrained2_L2KQYV.pt,56,260,260,3,1,1.5637527199999999
avgpool_finegrained2_ILOC7A.pt,56,322,322,3,1,1.5966899599999997
avgpool_finegrained2_0JP0YB.pt,56,283,283,3,1,1.68041832
avgpool_finegrained2_9OVZJG.pt,56,145,145,3,1,1.1957693999999996
avgpool_finegrained2_EY3T4T.pt,56,233,233,3,1,1.6998564399999996
avgpool_finegrained2_60Z2UA.pt,56,231,231,3,1,1.1974345400000004
avgpool_finegrained2_WGTYFG.pt,56,254,254,3,1,1.48476922
avgpool_finegrained2_P8IUMV.pt,56,183,183,3,1,1.4115858599999997
avgpool_finegrained2_4WY2L2.pt,56,333,333,3,1,1.75429302
avgpool_finegrained2_5USSD0.pt,56,272,272,3,1,1.9236155399999995
avgpool_finegrained2_GYMEBP.pt,56,154,154,3,1,1.4746760400000003
avgpool_finegrained2_7S6GGU.pt,56,205,205,3,1,1.42406284
avgpool_finegrained2_XYJZZP.pt,56,268,268,3,1,1.3149937399999998
avgpool_finegrained2_LM1M1L.pt,56,219,219,3,1,1.5982302200000005
avgpool_finegrained2_5FKR2U.pt,56,279,279,3,1,1.42528492
avgpool_finegrained2_RHUOXU.pt,28,40,40,3,1,0.24144879999999996
avgpool_finegrained2_5A0PXF.pt,28,47,47,3,1,0.22470032000000004
avgpool_finegrained2_C9HW1Z.pt,28,86,86,3,1,0.35135162000000003
avgpool_finegrained2_LST8ES.pt,28,68,68,3,1,0.27341898
avgpool_finegrained2_WT995E.pt,28,80,80,3,1,0.3723175400000001
avgpool_finegrained2_3ZGJW1.pt,28,60,60,3,1,0.30358248
avgpool_finegrained2_WMC2SZ.pt,28,56,56,3,1,0.23740682000000002
avgpool_finegrained2_YQHI6W.pt,28,63,63,3,1,0.25325390000000003
avgpool_finegrained2_OXIV0V.pt,28,41,41,3,1,0.22984158000000005
avgpool_finegrained2_UKZPPG.pt,28,48,48,3,1,0.20925552
avgpool_finegrained2_OY1NDC.pt,28,42,42,3,1,0.23381436000000005
avgpool_finegrained2_NKDS0J.pt,28,62,62,3,1,0.3224906
avgpool_finegrained2_VX2BZ8.pt,28,83,83,3,1,0.37348588
avgpool_finegrained2_Z12QMH.pt,28,59,59,3,1,0.29188324
avgpool_finegrained2_1YD1HO.pt,28,49,49,3,1,0.2330432199999999
avgpool_finegrained2_B4VJ4G.pt,28,79,79,3,1,0.37916162
avgpool_finegrained2_94M28B.pt,28,87,87,3,1,0.34213658
avgpool_finegrained2_T3WU9K.pt,28,52,52,3,1,0.26383783999999993
avgpool_finegrained2_81MGOY.pt,28,82,82,3,1,0.35415699999999994
avgpool_finegrained2_V8PQZT.pt,28,50,50,3,1,0.22064091999999996
avgpool_finegrained2_M8N8ZA.pt,112,133,133,2,2,1.2119164800000002
avgpool_finegrained2_YJBOG3.pt,112,98,98,2,2,0.9270098800000001
avgpool_finegrained2_5L2ZZE.pt,112,72,72,2,2,0.90606192
avgpool_finegrained2_FVFA42.pt,112,132,132,2,2,1.18000132
avgpool_finegrained2_NENS34.pt,112,76,76,2,2,1.0482953800000003
avgpool_finegrained2_NJRZDL.pt,112,86,86,2,2,0.97303664
avgpool_finegrained2_GAELDY.pt,112,89,89,2,2,0.9966803399999997
avgpool_finegrained2_N5V67H.pt,112,91,91,2,2,0.9617403000000003
avgpool_finegrained2_UGAG8L.pt,112,74,74,2,2,1.00240414
avgpool_finegrained2_ABJARS.pt,112,80,80,2,2,0.8967436199999999
avgpool_finegrained2_QW26XJ.pt,112,117,117,2,2,1.0538022599999999
avgpool_finegrained2_Z1DKPW.pt,112,123,123,2,2,1.1244487800000003
avgpool_finegrained2_CSDPLF.pt,112,92,92,2,2,1.0618022799999998
avgpool_finegrained2_CWLTYQ.pt,112,103,103,2,2,1.1389785599999993
avgpool_finegrained2_30TCZR.pt,112,68,68,2,2,0.8498224000000001
avgpool_finegrained2_YUG7PC.pt,112,78,78,2,2,1.0541586400000003
avgpool_finegrained2_8MZVV2.pt,112,138,138,2,2,1.16100092
avgpool_finegrained2_ONOD9G.pt,112,83,83,2,2,0.9674427399999999
avgpool_finegrained2_HE3X82.pt,112,104,104,2,2,1.1187279799999998
avgpool_finegrained2_86ZV0E.pt,112,99,99,2,2,1.0249840000000003
avgpool_finegrained2_UQQZGQ.pt,56,114,114,2,2,0.13488253999999997
avgpool_finegrained2_AQ121N.pt,56,134,134,2,2,0.46459966
avgpool_finegrained2_3SCUK0.pt,56,119,119,2,2,0.38884065999999984
avgpool_finegrained2_933LWK.pt,56,222,222,2,2,0.7074372200000002
avgpool_finegrained2_XEZERO.pt,56,236,236,2,2,0.7055030799999998
avgpool_finegrained2_IPNPI3.pt,56,199,199,2,2,0.64126964
avgpool_finegrained2_AJ2JPY.pt,56,234,234,2,2,0.9037689600000001
avgpool_finegrained2_KRQA3V.pt,56,235,235,2,2,0.7890867600000001
avgpool_finegrained2_M7S2QR.pt,56,154,154,2,2,0.53540948
avgpool_finegrained2_9EICLB.pt,56,193,193,2,2,0.5953179200000001
avgpool_finegrained2_OMHU1B.pt,56,201,201,2,2,0.8270874399999997
avgpool_finegrained2_MEZWG1.pt,56,167,167,2,2,0.6417800199999999
avgpool_finegrained2_9KDHCR.pt,56,147,147,2,2,0.5038140000000001
avgpool_finegrained2_AFFYYD.pt,56,184,184,2,2,0.6409032599999999
avgpool_finegrained2_1L1V5H.pt,56,130,130,2,2,0.6236548999999999
avgpool_finegrained2_AFSB23.pt,56,117,117,2,2,0.40972708000000013
avgpool_finegrained2_0EZEEP.pt,56,196,196,2,2,0.6574763600000001
avgpool_finegrained2_YJ79O1.pt,56,175,175,2,2,0.6166120800000001
avgpool_finegrained2_0EDH1Z.pt,56,182,182,2,2,0.8122889999999995
avgpool_finegrained2_LL1XSE.pt,56,227,227,2,2,0.8570605199999999
avgpool_finegrained2_ZWJFDY.pt,14,146,146,2,2,0.10758314000000004
avgpool_finegrained2_AX77SB.pt,14,287,287,2,2,0.12115391999999998
avgpool_finegrained2_8RSOA4.pt,14,186,186,2,2,0.10633830000000004
avgpool_finegrained2_A02SWM.pt,14,317,317,2,2,0.12528456
avgpool_finegrained2_NIAUHK.pt,14,185,185,2,2,0.10452686
avgpool_finegrained2_1Q8WSM.pt,14,180,180,2,2,0.12111249999999998
avgpool_finegrained2_HB53Q7.pt,14,197,197,2,2,0.11688951999999998
avgpool_finegrained2_KU85NU.pt,14,324,324,2,2,0.13669366000000002
avgpool_finegrained2_H2T0M9.pt,14,200,200,2,2,0.10606376
avgpool_finegrained2_XYO104.pt,14,278,278,2,2,0.13504199999999997
avgpool_finegrained2_E7ZJHQ.pt,14,236,236,2,2,0.13238736
avgpool_finegrained2_LW5Q4D.pt,14,235,235,2,2,0.13800314000000002
avgpool_finegrained2_Y02E23.pt,14,307,307,2,2,0.12339438000000001
avgpool_finegrained2_8XC9OU.pt,14,273,273,2,2,0.13937812000000002
avgpool_finegrained2_C5NYTL.pt,14,208,208,2,2,0.1071463
avgpool_finegrained2_2NRM5S.pt,14,179,179,2,2,0.10438117999999998
avgpool_finegrained2_5JNRNX.pt,14,181,181,2,2,0.10575926000000002
avgpool_finegrained2_B7IT2I.pt,14,341,341,2,2,0.13067846
avgpool_finegrained2_VGZ52O.pt,14,298,298,2,2,0.12259461999999999
avgpool_finegrained2_PO8611.pt,14,286,286,2,2,0.12678418
avgpool_finegrained2_WRVY31.pt,28,45,45,2,1,0.21892409999999987
avgpool_finegrained2_LSFNO8.pt,28,64,64,2,1,0.28558368
avgpool_finegrained2_RBNJJV.pt,28,60,60,2,1,0.25016076000000004
avgpool_finegrained2_Z0F9QN.pt,28,57,57,2,1,0.27531496
avgpool_finegrained2_3RHGTM.pt,28,29,29,2,1,0.15404664000000004
avgpool_finegrained2_MN5I5D.pt,28,48,48,2,1,0.20503797999999995
avgpool_finegrained2_8IQYAS.pt,28,39,39,2,1,0.23836226000000005
avgpool_finegrained2_VIMQLH.pt,28,59,59,2,1,0.23557844
avgpool_finegrained2_ISK6JX.pt,28,43,43,2,1,0.19072008000000001
avgpool_finegrained2_AI7KZA.pt,28,51,51,2,1,0.2780567
avgpool_finegrained2_C3ILQT.pt,28,47,47,2,1,0.06542184
avgpool_finegrained2_HT1OKT.pt,28,63,63,2,1,0.27638211999999995
avgpool_finegrained2_CK91HN.pt,28,55,55,2,1,0.26386936
avgpool_finegrained2_8W0K8Q.pt,28,33,33,2,1,0.16686369999999998
avgpool_finegrained2_RNESMV.pt,28,67,67,2,1,0.28822494
avgpool_finegrained2_2IY035.pt,28,44,44,2,1,0.20752482000000005
avgpool_finegrained2_NEVG0B.pt,28,42,42,2,1,0.21150822000000005
avgpool_finegrained2_0ST8J8.pt,28,32,32,2,1,0.17827134
avgpool_finegrained2_GN65IX.pt,28,38,38,2,1,0.20597202
avgpool_finegrained2_4EDV76.pt,28,53,53,2,1,0.24581608
avgpool_finegrained2_0N8LXQ.pt,14,503,503,2,2,0.21887599999999993
avgpool_finegrained2_J7KQM5.pt,14,454,454,2,2,0.15676768000000002
avgpool_finegrained2_PE3W8Q.pt,14,564,564,2,2,0.25700021999999995
avgpool_finegrained2_BSQKA4.pt,14,315,315,2,2,0.15825201999999997
avgpool_finegrained2_G95P8W.pt,14,590,590,2,2,0.17478634000000004
avgpool_finegrained2_O1FOSZ.pt,14,504,504,2,2,0.20666039999999997
avgpool_finegrained2_W8WL9W.pt,14,430,430,2,2,0.14492678
avgpool_finegrained2_RL18IC.pt,14,534,534,2,2,0.16107882
avgpool_finegrained2_N934VI.pt,14,341,341,2,2,0.13007896
avgpool_finegrained2_P34ODH.pt,14,591,591,2,2,0.17452348
avgpool_finegrained2_UJZC6H.pt,14,614,614,2,2,0.17494014
avgpool_finegrained2_WIIG5D.pt,14,653,653,2,2,0.18400095999999994
avgpool_finegrained2_477G1X.pt,14,279,279,2,2,0.13204006000000004
avgpool_finegrained2_HQU8J9.pt,14,380,380,2,2,0.15204938000000004
avgpool_finegrained2_FEY7ZG.pt,14,605,605,2,2,0.17566189999999995
avgpool_finegrained2_ZBSS29.pt,14,604,604,2,2,0.18983710000000006
avgpool_finegrained2_O5RDOW.pt,14,495,495,2,2,0.17194647999999998
avgpool_finegrained2_PVQ0RZ.pt,14,568,568,2,2,0.18677104000000008
avgpool_finegrained2_OHC9H3.pt,14,428,428,2,2,0.15152648
avgpool_finegrained2_QJYUAJ.pt,14,475,475,2,2,0.17123096000000004
avgpool_finegrained2_EH53WX.pt,14,60,60,2,1,0.11952116
avgpool_finegrained2_G4CE0I.pt,14,48,48,2,1,0.15226888
avgpool_finegrained2_EQU1CI.pt,14,50,50,2,1,0.11048088
avgpool_finegrained2_I67TA4.pt,14,66,66,2,1,0.12316097999999996
avgpool_finegrained2_CSG7CA.pt,14,83,83,2,1,0.16093024
avgpool_finegrained2_NMKG8E.pt,14,40,40,2,1,0.11857021999999998
avgpool_finegrained2_07ELBQ.pt,14,41,41,2,1,0.13323108
avgpool_finegrained2_BZBC7Z.pt,14,49,49,2,1,0.10940986000000003
avgpool_finegrained2_OW88P7.pt,14,56,56,2,1,0.11395936000000002
avgpool_finegrained2_PU1Z0P.pt,14,81,81,2,1,0.17237546
avgpool_finegrained2_601COH.pt,14,46,46,2,1,0.09905632
avgpool_finegrained2_5EM8IR.pt,14,37,37,2,1,0.10642313999999996
avgpool_finegrained2_EJZS1O.pt,14,55,55,2,1,0.15801422
avgpool_finegrained2_2MMW3C.pt,14,51,51,2,1,0.12362350000000001
avgpool_finegrained2_L3LZC8.pt,14,76,76,2,1,0.15210826
avgpool_finegrained2_6BUVA3.pt,14,53,53,2,1,0.11310551999999996
avgpool_finegrained2_H15AMM.pt,14,80,80,2,1,0.13476807999999996
avgpool_finegrained2_C4ENPF.pt,14,78,78,2,1,0.13037478
avgpool_finegrained2_CTVIWZ.pt,14,73,73,2,1,0.14017880000000002
avgpool_finegrained2_I8F02K.pt,14,74,74,2,1,0.16245184
avgpool_finegrained2_UVNQI2.pt,112,70,70,2,2,0.22165387999999997
avgpool_finegrained2_P4ZGMC.pt,112,75,75,2,2,1.07518082
avgpool_finegrained2_9Z99UX.pt,112,73,73,2,2,0.9918551999999998
avgpool_finegrained2_C55CKG.pt,112,51,51,2,2,0.6665579600000001
avgpool_finegrained2_AQK8LQ.pt,112,60,60,2,2,0.7700354800000001
avgpool_finegrained2_LVUG9Z.pt,112,36,36,2,2,0.48666226
avgpool_finegrained2_IC2CBD.pt,112,48,48,2,2,0.5985727200000001
avgpool_finegrained2_A4UY6P.pt,112,47,47,2,2,0.8609584000000002
avgpool_finegrained2_R6AZO4.pt,112,64,64,2,2,0.85181708
avgpool_finegrained2_KMR9ZP.pt,112,55,55,2,2,0.67130494
avgpool_finegrained2_YSA1CV.pt,112,35,35,2,2,0.44322955999999997
avgpool_finegrained2_3TBFNA.pt,112,41,41,2,2,0.51345922
avgpool_finegrained2_B8RBDJ.pt,112,45,45,2,2,0.5559113800000001
avgpool_finegrained2_S1FWP0.pt,112,69,69,2,2,1.0130390799999995
avgpool_finegrained2_1P4G5D.pt,112,44,44,2,2,0.47299499999999994
avgpool_finegrained2_NAAC0J.pt,112,59,59,2,2,1.0085165600000001
avgpool_finegrained2_PU8SB8.pt,112,63,63,2,2,0.7450547999999998
avgpool_finegrained2_2PFII0.pt,112,38,38,2,2,0.7754379000000001
avgpool_finegrained2_Z6ZI8V.pt,112,67,67,2,2,0.8027070599999998
avgpool_finegrained2_9HLXZF.pt,112,61,61,2,2,0.7212901
avgpool_finegrained2_4MBKBP.pt,112,178,178,3,2,1.5301795599999997
avgpool_finegrained2_IYIUEK.pt,112,145,145,3,2,1.1564306
avgpool_finegrained2_OY3HTU.pt,112,105,105,3,2,1.21626896
avgpool_finegrained2_PPR5IY.pt,112,151,151,3,2,1.2081583599999997
avgpool_finegrained2_BV6XQZ.pt,112,106,106,3,2,1.2100803800000002
avgpool_finegrained2_QEBFI7.pt,112,165,165,3,2,1.26042468
avgpool_finegrained2_G7FV2I.pt,112,146,146,3,2,1.46112028
avgpool_finegrained2_N88EVH.pt,112,89,89,3,2,0.8956177200000003
avgpool_finegrained2_RK7MYP.pt,112,99,99,3,2,1.29576748
avgpool_finegrained2_K5295S.pt,112,149,149,3,2,1.52639556
avgpool_finegrained2_P9J59M.pt,112,204,204,3,2,1.40328808
avgpool_finegrained2_J2C0ZB.pt,112,110,110,3,2,1.18075044
avgpool_finegrained2_W8RR8W.pt,112,152,152,3,2,1.4958914200000009
avgpool_finegrained2_I0DWHG.pt,112,159,159,3,2,1.5074192199999994
avgpool_finegrained2_BO8JGH.pt,112,98,98,3,2,1.23172248
avgpool_finegrained2_VFP4T3.pt,112,205,205,3,2,1.3309467600000005
avgpool_finegrained2_5ODS8K.pt,112,115,115,3,2,1.30914976
avgpool_finegrained2_GZ8ZA3.pt,112,200,200,3,2,1.5007354999999998
avgpool_finegrained2_L9FYWS.pt,112,173,173,3,2,1.3033679599999999
avgpool_finegrained2_0DOYFP.pt,112,195,195,3,2,1.49059788
avgpool_finegrained2_ZPTKSC.pt,28,582,582,3,2,0.6866135800000001
avgpool_finegrained2_V9XW8W.pt,28,694,694,3,2,0.6235011800000001
avgpool_finegrained2_1FOCSH.pt,28,587,587,3,2,0.5396701599999998
avgpool_finegrained2_RJOP2Y.pt,28,533,533,3,2,0.55861694
avgpool_finegrained2_MEGM0R.pt,28,607,607,3,2,0.5357648000000002
avgpool_finegrained2_367ROP.pt,28,378,378,3,2,0.47260988000000004
avgpool_finegrained2_PV4033.pt,28,842,842,3,2,0.9926657200000004
avgpool_finegrained2_EILHMF.pt,28,527,527,3,2,0.55732056
avgpool_finegrained2_YO0QVW.pt,28,486,486,3,2,0.48428894
avgpool_finegrained2_JMB2DK.pt,28,622,622,3,2,0.6549739200000002
avgpool_finegrained2_GOPBNB.pt,28,704,704,3,2,0.19641814
avgpool_finegrained2_P65NVS.pt,28,715,715,3,2,0.6427982599999998
avgpool_finegrained2_8BGPCR.pt,28,826,826,3,2,0.7333656600000001
avgpool_finegrained2_Z9Z7R3.pt,28,810,810,3,2,0.78543742
avgpool_finegrained2_H8Z8ZO.pt,28,531,531,3,2,0.6146051
avgpool_finegrained2_FJVMTL.pt,28,757,757,3,2,0.5997504599999999
avgpool_finegrained2_XMNA7O.pt,28,454,454,3,2,0.5204665799999999
avgpool_finegrained2_ZZMJ0X.pt,28,576,576,3,2,0.6667183999999999
avgpool_finegrained2_JM49Y1.pt,28,854,854,3,2,0.9389926200000001
avgpool_finegrained2_9HVPGR.pt,28,557,557,3,2,0.7283021400000002
avgpool_finegrained2_BFLVBH.pt,14,301,301,3,2,0.13571068
avgpool_finegrained2_87HMAK.pt,14,233,233,3,2,0.11796046000000004
avgpool_finegrained2_U0JKSZ.pt,14,228,228,3,2,0.11583659999999997
avgpool_finegrained2_XZY1XM.pt,14,312,312,3,2,0.13123575999999998
avgpool_finegrained2_F6OUAY.pt,14,197,197,3,2,0.11401779999999999
avgpool_finegrained2_2JE2LV.pt,14,177,177,3,2,0.10877624
avgpool_finegrained2_TVAVJY.pt,14,389,389,3,2,0.14518573999999995
avgpool_finegrained2_SU1A17.pt,14,382,382,3,2,0.14211865999999998
avgpool_finegrained2_YVUZ7K.pt,14,282,282,3,2,0.12636972
avgpool_finegrained2_ZN3C91.pt,14,340,340,3,2,0.13512326
avgpool_finegrained2_AGM81Y.pt,14,303,303,3,2,0.13011652000000004
avgpool_finegrained2_31MAS9.pt,14,377,377,3,2,0.16333176000000005
avgpool_finegrained2_7LFBAM.pt,14,237,237,3,2,0.13131668
avgpool_finegrained2_R8RAL4.pt,14,349,349,3,2,0.13965193999999997
avgpool_finegrained2_GQXKUJ.pt,14,171,171,3,2,0.10121308000000001
avgpool_finegrained2_FOHLZK.pt,14,165,165,3,2,0.08427432
avgpool_finegrained2_FLQXFB.pt,14,394,394,3,2,0.14444864
avgpool_finegrained2_7PAYKR.pt,14,339,339,3,2,0.20246204
avgpool_finegrained2_B78R6K.pt,14,201,201,3,2,0.11723464
avgpool_finegrained2_IR8OTK.pt,14,217,217,3,2,0.11499097999999998
avgpool_finegrained2_5Z8ID1.pt,14,349,349,2,2,0.13346129999999998
avgpool_finegrained2_EWDJ9H.pt,14,390,390,2,2,0.13946714
avgpool_finegrained2_DQ6UJO.pt,14,529,529,2,2,0.16497412000000003
avgpool_finegrained2_PX2SXF.pt,14,438,438,2,2,0.14691894
avgpool_finegrained2_TISL31.pt,14,500,500,2,2,0.15805756
avgpool_finegrained2_K3DBT8.pt,14,338,338,2,2,0.12980412000000002
avgpool_finegrained2_L7DRVB.pt,14,613,613,2,2,0.17632364000000003
avgpool_finegrained2_0KVXTE.pt,14,582,582,2,2,0.17215641999999995
avgpool_finegrained2_F70TUT.pt,14,505,505,2,2,0.15856920000000002
avgpool_finegrained2_C4I1GU.pt,14,520,520,2,2,0.16339937999999996
avgpool_finegrained2_EZJIKN.pt,14,313,313,2,2,0.12607841999999997
avgpool_finegrained2_I5Y1R4.pt,14,413,413,2,2,0.14250904
avgpool_finegrained2_SLO3A2.pt,14,286,286,2,2,0.17616146000000005
avgpool_finegrained2_GE4G5V.pt,14,315,315,2,2,0.12832101999999998
avgpool_finegrained2_Y1TPGM.pt,14,513,513,2,2,0.15923858000000007
avgpool_finegrained2_3E6DFZ.pt,14,264,264,2,2,0.11790320000000001
avgpool_finegrained2_EXWEQJ.pt,14,479,479,2,2,0.16316182
avgpool_finegrained2_TW0J36.pt,14,602,602,2,2,0.2790785200000001
avgpool_finegrained2_S934YL.pt,14,616,616,2,2,0.18129515999999998
avgpool_finegrained2_LG2WKN.pt,14,463,463,2,2,0.15160425999999996
avgpool_finegrained2_RFH3PU.pt,28,479,479,3,2,0.14097568000000002
avgpool_finegrained2_Y2O1YX.pt,28,368,368,3,2,0.37834424000000005
avgpool_finegrained2_HIE9TK.pt,28,262,262,3,2,0.28765312
avgpool_finegrained2_NWH6EP.pt,28,513,513,3,2,0.47112145999999994
avgpool_finegrained2_MUVWWM.pt,28,255,255,3,2,0.27012544000000005
avgpool_finegrained2_VWT26D.pt,28,481,481,3,2,0.24247084000000008
avgpool_finegrained2_NS1WPS.pt,28,588,588,3,2,0.5812534799999999
avgpool_finegrained2_RBN2Q0.pt,28,320,320,3,2,0.3250005600000001
avgpool_finegrained2_1EABMQ.pt,28,419,419,3,2,0.39219072
avgpool_finegrained2_LCW990.pt,28,285,285,3,2,0.32579437999999994
avgpool_finegrained2_X4FP56.pt,28,332,332,3,2,0.34662775999999995
avgpool_finegrained2_2UW3KN.pt,28,313,313,3,2,0.4044817400000001
avgpool_finegrained2_V3YEON.pt,28,263,263,3,2,0.35156015999999995
avgpool_finegrained2_J47EX9.pt,28,372,372,3,2,0.35601750000000004
avgpool_finegrained2_OEXHCF.pt,28,531,531,3,2,0.5633676599999999
avgpool_finegrained2_AJKI6J.pt,28,517,517,3,2,0.6615703400000001
avgpool_finegrained2_EU7EZW.pt,28,307,307,3,2,0.33398690000000003
avgpool_finegrained2_PKSGPU.pt,28,540,540,3,2,0.6126117400000001
avgpool_finegrained2_A4E42V.pt,28,379,379,3,2,0.36227322
avgpool_finegrained2_GX0NNJ.pt,28,571,571,3,2,0.5035656800000001
avgpool_finegrained2_PY2KMS.pt,28,202,202,3,2,0.25927817999999997
avgpool_finegrained2_HPGGDY.pt,28,133,133,3,2,0.22787620000000008
avgpool_finegrained2_ZJEZWH.pt,28,248,248,3,2,0.28923412000000004
avgpool_finegrained2_4V0UDV.pt,28,153,153,3,2,0.19067121999999997
avgpool_finegrained2_IGTBTS.pt,28,173,173,3,2,0.20439732000000002
avgpool_finegrained2_D8APX3.pt,28,250,250,3,2,0.26329962000000007
avgpool_finegrained2_ZM4FOW.pt,28,183,183,3,2,0.28571522
avgpool_finegrained2_Y1NTI3.pt,28,224,224,3,2,0.28224405999999996
avgpool_finegrained2_JRQ90Z.pt,28,215,215,3,2,0.23664288
avgpool_finegrained2_FJZUO4.pt,28,239,239,3,2,0.26142146
avgpool_finegrained2_Q3DAET.pt,28,235,235,3,2,0.2544058
avgpool_finegrained2_JPV6M3.pt,28,263,263,3,2,0.29243674
avgpool_finegrained2_B1HB4V.pt,28,138,138,3,2,0.18142996000000008
avgpool_finegrained2_VTUBU7.pt,28,121,121,3,2,0.16680788
avgpool_finegrained2_WQ6PCL.pt,28,217,217,3,2,0.2799655800000001
avgpool_finegrained2_TVX7B5.pt,28,255,255,3,2,0.3542039600000001
avgpool_finegrained2_SRB9LC.pt,28,128,128,3,2,0.19270485999999998
avgpool_finegrained2_IHEAC1.pt,28,232,232,3,2,0.24843068000000001
avgpool_finegrained2_IVVOPA.pt,28,284,284,3,2,0.28645217999999995
avgpool_finegrained2_MHNBL5.pt,28,279,279,3,2,0.28078494000000004
avgpool_finegrained2_CXZY7N.pt,112,30,30,3,2,0.52119886
avgpool_finegrained2_X3L2W1.pt,112,31,31,3,2,0.5044203199999999
avgpool_finegrained2_V0XHZO.pt,112,33,33,3,2,0.47129982000000004
avgpool_finegrained2_T6AFHZ.pt,112,60,60,3,2,0.7902870799999998
avgpool_finegrained2_ZVBDHY.pt,112,61,61,3,2,0.8107678800000001
avgpool_finegrained2_Q9YIMJ.pt,112,54,54,3,2,0.71909472
avgpool_finegrained2_9WFVO3.pt,112,29,29,3,2,0.62050932
avgpool_finegrained2_89O5RG.pt,112,49,49,3,2,0.9176448199999999
avgpool_finegrained2_9CLMUH.pt,112,48,48,3,2,0.66648646
avgpool_finegrained2_T9UY3H.pt,112,56,56,3,2,0.7450800599999997
avgpool_finegrained2_8IYCJP.pt,112,41,41,3,2,0.11454778000000002
avgpool_finegrained2_V97135.pt,112,47,47,3,2,0.7815660000000001
avgpool_finegrained2_E1ZELT.pt,112,50,50,3,2,0.6850963399999997
avgpool_finegrained2_1HM9LQ.pt,112,52,52,3,2,0.6984925799999999
avgpool_finegrained2_JS22ZQ.pt,112,37,37,3,2,0.56848808
avgpool_finegrained2_203SJ3.pt,112,32,32,3,2,0.45365874
avgpool_finegrained2_UWOLZN.pt,112,36,36,3,2,0.37614455999999996
avgpool_finegrained2_F6AOYR.pt,112,44,44,3,2,0.8619163800000004
avgpool_finegrained2_01SVEU.pt,112,59,59,3,2,1.0442374200000002
avgpool_finegrained2_Z82QH6.pt,112,35,35,3,2,0.5968082
avgpool_finegrained2_8KBKTA.pt,28,425,425,2,2,0.35935991999999994
avgpool_finegrained2_CW5E2A.pt,28,736,736,2,2,0.6101056400000001
avgpool_finegrained2_VK0RHF.pt,28,382,382,2,2,0.34335379999999993
avgpool_finegrained2_DNFPXT.pt,28,759,759,2,2,0.64922644
avgpool_finegrained2_N5F2RN.pt,28,506,506,2,2,0.4391420400000001
avgpool_finegrained2_BY9319.pt,28,660,660,2,2,0.7212809999999997
avgpool_finegrained2_64C512.pt,28,464,464,2,2,0.4447123799999998
avgpool_finegrained2_3GBAZX.pt,28,571,571,2,2,0.5036371599999999
avgpool_finegrained2_JMGMN1.pt,28,551,551,2,2,0.4442953600000001
avgpool_finegrained2_7QAFL3.pt,28,378,378,2,2,0.33595604000000007
avgpool_finegrained2_9QMOL5.pt,28,662,662,2,2,0.51541886
avgpool_finegrained2_YVOD2A.pt,28,527,527,2,2,0.42974828000000004
avgpool_finegrained2_JS08OM.pt,28,750,750,2,2,0.6316772
avgpool_finegrained2_XOGT11.pt,28,577,577,2,2,0.61795582
avgpool_finegrained2_IJ7UXV.pt,28,572,572,2,2,0.5321473199999999
avgpool_finegrained2_BWPBPZ.pt,28,711,711,2,2,0.6337934199999998
avgpool_finegrained2_UJQUF2.pt,28,658,658,2,2,0.52546368
avgpool_finegrained2_LDP0GA.pt,28,495,495,2,2,0.49587078000000007
avgpool_finegrained2_XJLY31.pt,28,675,675,2,2,0.6465792399999998
avgpool_finegrained2_GT39BF.pt,28,509,509,2,2,0.4343444000000001
avgpool_finegrained2_B39ATB.pt,112,341,341,2,2,1.4584832799999998
avgpool_finegrained2_OWZ4BK.pt,112,328,328,2,2,1.4559376200000003
avgpool_finegrained2_0OFSNK.pt,112,382,382,2,2,1.63272082
avgpool_finegrained2_KGD5V7.pt,112,246,246,2,2,1.25716764
avgpool_finegrained2_G5UEC4.pt,112,424,424,2,2,1.25973346
avgpool_finegrained2_QTLV83.pt,112,231,231,2,2,1.2930766000000005
avgpool_finegrained2_C4GZIA.pt,112,221,221,2,2,1.2769107400000004
avgpool_finegrained2_QRGRJA.pt,112,371,371,2,2,1.6244406400000004
avgpool_finegrained2_F037HC.pt,112,462,462,2,2,1.6180326400000005
avgpool_finegrained2_RU6YBO.pt,112,408,408,2,2,1.6008613399999998
avgpool_finegrained2_D50OZU.pt,112,235,235,2,2,1.3269048000000003
avgpool_finegrained2_VIHMK2.pt,112,203,203,2,2,1.3732714999999993
avgpool_finegrained2_UIGFGU.pt,112,228,228,2,2,1.25439954
avgpool_finegrained2_5IXVFQ.pt,112,271,271,2,2,1.52200408
avgpool_finegrained2_Y5KZ43.pt,112,240,240,2,2,1.3446860600000006
avgpool_finegrained2_SZ9JD6.pt,112,256,256,2,2,1.3959295800000004
avgpool_finegrained2_UBIRGP.pt,112,197,197,2,2,1.1994514000000003
avgpool_finegrained2_NUORRM.pt,112,451,451,2,2,1.4499819799999996
avgpool_finegrained2_UD5IOJ.pt,112,429,429,2,2,1.60589336
avgpool_finegrained2_7XYG56.pt,112,322,322,2,2,1.4255128600000004
avgpool_finegrained2_J39VQ4.pt,14,546,546,2,2,0.05464018000000001
avgpool_finegrained2_ALYPIS.pt,14,594,594,2,2,0.23407254000000008
avgpool_finegrained2_QJY0FE.pt,14,397,397,2,2,0.15029491999999997
avgpool_finegrained2_D2LE89.pt,14,667,667,2,2,0.20063379999999997
avgpool_finegrained2_NUQI1U.pt,14,433,433,2,2,0.21067822
avgpool_finegrained2_GYZSO9.pt,14,621,621,2,2,0.17714342
avgpool_finegrained2_UZOBTD.pt,14,437,437,2,2,0.15471044
avgpool_finegrained2_AC453O.pt,14,434,434,2,2,0.15756799999999999
avgpool_finegrained2_YPDLPV.pt,14,510,510,2,2,0.17441303999999996
avgpool_finegrained2_DSV8NJ.pt,14,393,393,2,2,0.14358046
avgpool_finegrained2_JP1LHO.pt,14,333,333,2,2,0.13902847999999995
avgpool_finegrained2_XTFSX4.pt,14,352,352,2,2,0.1328839
avgpool_finegrained2_1JJL1K.pt,14,371,371,2,2,0.13609639999999995
avgpool_finegrained2_DRKM9S.pt,14,545,545,2,2,0.16512989999999994
avgpool_finegrained2_L2X48R.pt,14,408,408,2,2,0.14090239999999998
avgpool_finegrained2_11IPP3.pt,14,349,349,2,2,0.16715201999999998
avgpool_finegrained2_621WCC.pt,14,427,427,2,2,0.16796584
avgpool_finegrained2_WSGN9R.pt,14,618,618,2,2,0.20681027999999999
avgpool_finegrained2_UJV2EN.pt,14,672,672,2,2,0.21340197999999994
avgpool_finegrained2_RWUJE5.pt,14,680,680,2,2,0.28827146
avgpool_finegrained2_9NRJER.pt,56,22,22,3,1,0.33157416000000006
avgpool_finegrained2_BWFUG8.pt,56,43,43,3,1,0.5993944599999999
avgpool_finegrained2_87S4OL.pt,56,37,37,3,1,0.5005485200000002
avgpool_finegrained2_CCCY43.pt,56,24,24,3,1,0.35190558000000005
avgpool_finegrained2_FWBT4B.pt,56,36,36,3,1,0.6912253799999999
avgpool_finegrained2_9TMMVP.pt,56,34,34,3,1,0.7045068800000002
avgpool_finegrained2_QW0CH8.pt,56,39,39,3,1,0.5468500599999998
avgpool_finegrained2_01LHS3.pt,56,53,53,3,1,0.7225641599999999
avgpool_finegrained2_SUG9N9.pt,56,41,41,3,1,0.57037136
avgpool_finegrained2_F0U0AS.pt,56,26,26,3,1,0.38439419999999996
avgpool_finegrained2_ZY7PZ3.pt,56,23,23,3,1,0.3528937800000002
avgpool_finegrained2_NQSVXI.pt,56,52,52,3,1,0.70909648
avgpool_finegrained2_PPEJO7.pt,56,30,30,3,1,0.62934496
avgpool_finegrained2_UXWOPE.pt,56,46,46,3,1,0.8883365399999996
avgpool_finegrained2_MDLJR0.pt,56,48,48,3,1,0.6743112199999999
avgpool_finegrained2_58MAOV.pt,56,27,27,3,1,0.41861388
avgpool_finegrained2_3WE59N.pt,56,45,45,3,1,0.7277544599999998
avgpool_finegrained2_64CN1O.pt,56,47,47,3,1,0.6344242800000001
avgpool_finegrained2_1V8CPT.pt,56,32,32,3,1,0.44228288
avgpool_finegrained2_FGR3WC.pt,56,38,38,3,1,0.5132306399999998
avgpool_finegrained2_TTCBI0.pt,14,162,162,3,2,0.10612806000000002
avgpool_finegrained2_8ZELSK.pt,14,204,204,3,2,0.11278688
avgpool_finegrained2_GORS1L.pt,14,290,290,3,2,0.1380759
avgpool_finegrained2_103GPA.pt,14,195,195,3,2,0.11429261999999998
avgpool_finegrained2_NT6WC0.pt,14,220,220,3,2,0.11805282
avgpool_finegrained2_WQ2SOQ.pt,14,234,234,3,2,0.11803996
avgpool_finegrained2_G0U0GW.pt,14,155,155,3,2,0.11541429999999998
avgpool_finegrained2_YA78UT.pt,14,250,250,3,2,0.13283941999999999
avgpool_finegrained2_EXSNZ5.pt,14,197,197,3,2,0.11903281999999998
avgpool_finegrained2_P21587.pt,14,306,306,3,2,0.20401242000000008
avgpool_finegrained2_Z9SBDA.pt,14,302,302,3,2,0.03615298
avgpool_finegrained2_DN92JK.pt,14,194,194,3,2,0.10863066
avgpool_finegrained2_X16E57.pt,14,297,297,3,2,0.12886688000000002
avgpool_finegrained2_XAV2D0.pt,14,304,304,3,2,0.13158530000000007
avgpool_finegrained2_WP3NXF.pt,14,148,148,3,2,0.09973808
avgpool_finegrained2_MHR6IS.pt,14,298,298,3,2,0.12981627999999998
avgpool_finegrained2_UKHAQY.pt,14,225,225,3,2,0.11625848000000005
avgpool_finegrained2_Z187VG.pt,14,271,271,3,2,0.12454423999999997
avgpool_finegrained2_8BVTOO.pt,14,211,211,3,2,0.11299919999999998
avgpool_finegrained2_CPUL0Y.pt,14,169,169,3,2,0.11789960000000001
avgpool_finegrained2_N3VZJ8.pt,14,74,74,2,2,0.0847363
avgpool_finegrained2_NGXM3V.pt,14,54,54,2,2,0.08118554000000001
avgpool_finegrained2_GUEPX0.pt,14,68,68,2,2,0.08314936
avgpool_finegrained2_2DJ15C.pt,14,89,89,2,2,0.08968338000000001
avgpool_finegrained2_0TH80Y.pt,14,81,81,2,2,0.09086127999999997
avgpool_finegrained2_KOF5AH.pt,14,110,110,2,2,0.08506733999999999
avgpool_finegrained2_O2S9TK.pt,14,66,66,2,2,0.08082373999999998
avgpool_finegrained2_EPRYOH.pt,14,97,97,2,2,0.08825223999999998
avgpool_finegrained2_MF6D27.pt,14,72,72,2,2,0.08286726000000001
avgpool_finegrained2_TSUVSD.pt,14,58,58,2,2,0.07871502
avgpool_finegrained2_E8NTUL.pt,14,73,73,2,2,0.08118722
avgpool_finegrained2_AJI0BJ.pt,14,50,50,2,2,0.09072874
avgpool_finegrained2_6BUR9D.pt,14,70,70,2,2,0.08645444
avgpool_finegrained2_ZU3H2M.pt,14,86,86,2,2,0.09007731999999999
avgpool_finegrained2_FB7D37.pt,14,82,82,2,2,0.08847916
avgpool_finegrained2_68XUO9.pt,14,98,98,2,2,0.10130962000000002
avgpool_finegrained2_63NJ55.pt,14,63,63,2,2,0.08732082000000001
avgpool_finegrained2_IERU8E.pt,14,65,65,2,2,0.08497956000000001
avgpool_finegrained2_DXG2P8.pt,14,52,52,2,2,0.08244893999999998
avgpool_finegrained2_HAKDG2.pt,14,95,95,2,2,0.11563558000000002
avgpool_finegrained2_W4AQ7U.pt,28,308,308,3,2,0.45455002
avgpool_finegrained2_5NBE63.pt,28,331,331,3,2,0.3756308000000002
avgpool_finegrained2_SHLPKN.pt,28,508,508,3,2,0.5382898999999999
avgpool_finegrained2_O8RK5Q.pt,28,490,490,3,2,0.5018681999999999
avgpool_finegrained2_WCBA3M.pt,28,288,288,3,2,0.29269666
avgpool_finegrained2_009ILU.pt,28,503,503,3,2,0.4609786
avgpool_finegrained2_6E296M.pt,28,305,305,3,2,0.4740667800000001
avgpool_finegrained2_KY27TV.pt,28,286,286,3,2,0.3397750200000001
avgpool_finegrained2_087TF8.pt,28,455,455,3,2,0.41802855999999994
avgpool_finegrained2_Q6O8X9.pt,28,337,337,3,2,0.33008025999999985
avgpool_finegrained2_P6ZQRT.pt,28,323,323,3,2,0.41569144
avgpool_finegrained2_WPIPAI.pt,28,310,310,3,2,0.40685255999999986
avgpool_finegrained2_N78C4I.pt,28,359,359,3,2,0.4033043800000001
avgpool_finegrained2_KW3UEI.pt,28,309,309,3,2,0.3267304
avgpool_finegrained2_41CZOD.pt,28,401,401,3,2,0.47234868000000013
avgpool_finegrained2_VB25V6.pt,28,228,228,3,2,0.2890454600000001
avgpool_finegrained2_AOPP4A.pt,28,335,335,3,2,0.37996543999999993
avgpool_finegrained2_BVEM27.pt,28,528,528,3,2,0.5054261800000001
avgpool_finegrained2_0SD3ND.pt,28,348,348,3,2,0.34131401999999994
avgpool_finegrained2_CWIBKT.pt,28,488,488,3,2,0.40139566000000004
avgpool_finegrained2_LZHJ40.pt,112,147,147,2,2,0.7347548200000001
avgpool_finegrained2_38B5RX.pt,112,179,179,2,2,1.0728837999999996
avgpool_finegrained2_Q3SVZC.pt,112,307,307,2,2,1.5150970000000001
avgpool_finegrained2_O3H1Q9.pt,112,328,328,2,2,1.7704095799999997
avgpool_finegrained2_E52ALZ.pt,112,160,160,2,2,1.2122027000000002
avgpool_finegrained2_SZJ96C.pt,112,285,285,2,2,1.4334665600000005
avgpool_finegrained2_KYZ98Q.pt,112,246,246,2,2,1.24214694
avgpool_finegrained2_JYQCGB.pt,112,181,181,2,2,1.2363781200000001
avgpool_finegrained2_TTTZOL.pt,112,231,231,2,2,1.2379821800000002
avgpool_finegrained2_DSB43F.pt,112,319,319,2,2,1.590574
avgpool_finegrained2_YRZBV9.pt,112,299,299,2,2,1.37497164
avgpool_finegrained2_XCNJ11.pt,112,237,237,2,2,1.44023702
avgpool_finegrained2_5QJRRP.pt,112,317,317,2,2,1.5086855999999997
avgpool_finegrained2_3DSQ0Z.pt,112,242,242,2,2,1.33311956
avgpool_finegrained2_PX1VCP.pt,112,158,158,2,2,1.1841815199999999
avgpool_finegrained2_7KBL2U.pt,112,243,243,2,2,1.3640271000000004
avgpool_finegrained2_CP5812.pt,112,224,224,2,2,1.21978614
avgpool_finegrained2_A7VSV2.pt,112,308,308,2,2,1.3292206800000006
avgpool_finegrained2_AB81IJ.pt,112,326,326,2,2,1.3854167000000002
avgpool_finegrained2_QB2U7C.pt,112,157,157,2,2,1.16462896
avgpool_finegrained2_ONIWYI.pt,14,530,530,2,2,0.16293322000000005
avgpool_finegrained2_2S8KA4.pt,14,476,476,2,2,0.15336896
avgpool_finegrained2_VULVOK.pt,14,571,571,2,2,0.16931701999999998
avgpool_finegrained2_CSQQP4.pt,14,879,879,2,2,0.26592354000000007
avgpool_finegrained2_M8EIWC.pt,14,493,493,2,2,0.16971530000000004
avgpool_finegrained2_0G8UG9.pt,14,504,504,2,2,0.1820927
avgpool_finegrained2_0AOZSW.pt,14,639,639,2,2,0.1817849400000001
avgpool_finegrained2_YK1AWC.pt,14,459,459,2,2,0.15243891999999998
avgpool_finegrained2_UJEVXF.pt,14,750,750,2,2,0.28436353999999997
avgpool_finegrained2_44FYD9.pt,14,437,437,2,2,0.1497012
avgpool_finegrained2_17B23A.pt,14,780,780,2,2,0.20576770000000003
avgpool_finegrained2_VJV8ZQ.pt,14,601,601,2,2,0.18425445999999993
avgpool_finegrained2_UDHILM.pt,14,798,798,2,2,0.20843440000000008
avgpool_finegrained2_MLO7DL.pt,14,637,637,2,2,0.18248530000000002
avgpool_finegrained2_DQF4GV.pt,14,702,702,2,2,0.20458658
avgpool_finegrained2_NFR2PA.pt,14,873,873,2,2,0.22193788
avgpool_finegrained2_CUF887.pt,14,698,698,2,2,0.27520972
avgpool_finegrained2_JHFU5B.pt,14,643,643,2,2,0.18987120000000005
avgpool_finegrained2_UUWIL8.pt,14,447,447,2,2,0.16232227999999996
avgpool_finegrained2_BBAKGW.pt,14,769,769,2,2,0.25851571999999995
avgpool_finegrained2_XORM0B.pt,28,214,214,3,1,0.8948058799999999
avgpool_finegrained2_H5WSNA.pt,28,285,285,3,1,0.9342905200000002
avgpool_finegrained2_MTKED2.pt,28,329,329,3,1,1.0912856799999995
avgpool_finegrained2_TD1HA1.pt,28,243,243,3,1,0.9224008199999999
avgpool_finegrained2_UGBBXF.pt,28,219,219,3,1,0.8722111599999997
avgpool_finegrained2_HLRAHH.pt,28,275,275,3,1,1.1072123800000002
avgpool_finegrained2_3YSZIG.pt,28,206,206,3,1,0.7616897800000001
avgpool_finegrained2_ZLIZDI.pt,28,278,278,3,1,0.9774295799999999
avgpool_finegrained2_445LU4.pt,28,256,256,3,1,1.13362858
avgpool_finegrained2_TZO5NO.pt,28,169,169,3,1,0.7431436600000001
avgpool_finegrained2_YU40PC.pt,28,321,321,3,1,0.5357304799999999
avgpool_finegrained2_A2VS8T.pt,28,255,255,3,1,1.1354573000000001
avgpool_finegrained2_EO8RKZ.pt,28,257,257,3,1,0.85324768
avgpool_finegrained2_XWJB0J.pt,28,242,242,3,1,0.79797488
avgpool_finegrained2_HZN3Q0.pt,28,315,315,3,1,0.9977722000000001
avgpool_finegrained2_IIZY7S.pt,28,277,277,3,1,0.9080287599999999
avgpool_finegrained2_NVTEZW.pt,28,238,238,3,1,0.82831884
avgpool_finegrained2_W2VG98.pt,28,293,293,3,1,1.0629731999999996
avgpool_finegrained2_75WKKK.pt,28,211,211,3,1,1.0535497999999999
avgpool_finegrained2_G9X5UZ.pt,28,267,267,3,1,0.8902834000000003
avgpool_finegrained2_JPUPHJ.pt,224,49,49,2,2,1.1870802799999998
avgpool_finegrained2_HQRWZU.pt,224,39,39,2,2,1.1562853400000004
avgpool_finegrained2_KU90TY.pt,224,44,44,2,2,1.2208392200000002
avgpool_finegrained2_EU9159.pt,224,52,52,2,2,1.2125910800000002
avgpool_finegrained2_2168JA.pt,224,53,53,2,2,1.27455872
avgpool_finegrained2_X2RANQ.pt,224,32,32,2,2,1.1200747999999998
avgpool_finegrained2_5AQSKR.pt,224,30,30,2,2,1.07868638
avgpool_finegrained2_L6FXO4.pt,224,40,40,2,2,1.2792490000000003
avgpool_finegrained2_M46XZX.pt,224,34,34,2,2,1.14744132
avgpool_finegrained2_5RDCDO.pt,224,66,66,2,2,1.4057119199999994
avgpool_finegrained2_49U1A4.pt,224,28,28,2,2,1.03839708
avgpool_finegrained2_OUNLH4.pt,224,36,36,2,2,1.2198025200000002
avgpool_finegrained2_HHM52M.pt,224,62,62,2,2,1.2581109199999998
avgpool_finegrained2_AW0W7T.pt,224,37,37,2,2,1.17372236
avgpool_finegrained2_8LV0IX.pt,224,65,65,2,2,1.33607592
avgpool_finegrained2_86DGWI.pt,224,41,41,2,2,1.1936164200000001
avgpool_finegrained2_JL5ROX.pt,224,35,35,2,2,1.2289241799999997
avgpool_finegrained2_0YE3GF.pt,224,48,48,2,2,1.4335669400000004
avgpool_finegrained2_JBOGGS.pt,224,42,42,2,2,1.3000441000000003
avgpool_finegrained2_T5XW9Y.pt,224,61,61,2,2,1.3800171
avgpool_finegrained2_LWXS8U.pt,56,110,110,2,2,0.36163853999999995
avgpool_finegrained2_7L6YW1.pt,56,86,86,2,2,0.30152967999999997
avgpool_finegrained2_N0WSF2.pt,56,93,93,2,2,0.31787808
avgpool_finegrained2_1MD1FU.pt,56,59,59,2,2,0.23390889999999998
avgpool_finegrained2_GEMTAA.pt,56,85,85,2,2,0.30825046000000006
avgpool_finegrained2_K4IOVB.pt,56,52,52,2,2,0.20972028
avgpool_finegrained2_O1W3JZ.pt,56,74,74,2,2,0.3195879199999999
avgpool_finegrained2_OYSDKP.pt,56,58,58,2,2,0.28401104000000005
avgpool_finegrained2_Q21MTJ.pt,56,83,83,2,2,0.30225408
avgpool_finegrained2_L3O4CH.pt,56,104,104,2,2,0.35067028000000006
avgpool_finegrained2_M93QW5.pt,56,88,88,2,2,0.30706942000000004
avgpool_finegrained2_F57GTU.pt,56,89,89,2,2,0.35628286
avgpool_finegrained2_33CHCY.pt,56,77,77,2,2,0.27720068
avgpool_finegrained2_8NILKO.pt,56,111,111,2,2,0.3656328599999999
avgpool_finegrained2_UE162J.pt,56,60,60,2,2,0.37101528
avgpool_finegrained2_CUZF94.pt,56,68,68,2,2,0.27886198
avgpool_finegrained2_FH2TMK.pt,56,105,105,2,2,0.34947566
avgpool_finegrained2_L5H1HC.pt,56,96,96,2,2,0.32549846000000004
avgpool_finegrained2_3RTKXJ.pt,56,87,87,2,2,0.32656240000000003
avgpool_finegrained2_1KTB0U.pt,56,75,75,2,2,0.27592849999999997
avgpool_finegrained2_JKMHD5.pt,28,903,903,3,2,0.19620779999999996
avgpool_finegrained2_OPQ7SN.pt,28,922,922,3,2,0.8254917600000001
avgpool_finegrained2_BSJ2C8.pt,28,723,723,3,2,0.90047154
avgpool_finegrained2_XCO7T9.pt,28,474,474,3,2,0.49753026
avgpool_finegrained2_AA1N9L.pt,28,877,877,3,2,0.7503088600000001
avgpool_finegrained2_QUTZXP.pt,28,789,789,3,2,0.6724148999999998
avgpool_finegrained2_XN1RAG.pt,28,686,686,3,2,0.61510958
avgpool_finegrained2_7PSSNC.pt,28,887,887,3,2,1.0112016600000002
avgpool_finegrained2_M44DGS.pt,28,595,595,3,2,0.52626712
avgpool_finegrained2_1IPSE7.pt,28,968,968,3,2,0.9328829599999997
avgpool_finegrained2_X0AALJ.pt,28,898,898,3,2,0.8017359599999998
avgpool_finegrained2_V64BG5.pt,28,484,484,3,2,0.4398730800000001
avgpool_finegrained2_4KCXPX.pt,28,842,842,3,2,0.71746582
avgpool_finegrained2_L24FFL.pt,28,758,758,3,2,0.6632167399999999
avgpool_finegrained2_N2D7S9.pt,28,857,857,3,2,0.7357891999999997
avgpool_finegrained2_KE3IY7.pt,28,599,599,3,2,0.58902358
avgpool_finegrained2_10YID4.pt,28,864,864,3,2,0.7743883400000001
avgpool_finegrained2_LO43Q3.pt,28,688,688,3,2,0.6896496200000002
avgpool_finegrained2_AOZW3B.pt,28,464,464,3,2,0.5523372
avgpool_finegrained2_T9Z1HC.pt,28,771,771,3,2,0.6852280000000002
avgpool_finegrained2_SRAP9W.pt,56,140,140,3,2,0.53976602
avgpool_finegrained2_MIKQDQ.pt,56,205,205,3,2,0.9600283399999999
avgpool_finegrained2_ISSINN.pt,56,168,168,3,2,0.37064522000000005
avgpool_finegrained2_BZVGQ3.pt,56,144,144,3,2,0.6025821200000001
avgpool_finegrained2_6JNU7F.pt,56,95,95,3,2,0.3612042600000001
avgpool_finegrained2_YM4VUF.pt,56,127,127,3,2,0.4497412999999999
avgpool_finegrained2_L289EI.pt,56,183,183,3,2,0.6296358
avgpool_finegrained2_5I4XT0.pt,56,107,107,3,2,0.3914816
avgpool_finegrained2_BU7RYI.pt,56,212,212,3,2,0.9499741399999998
avgpool_finegrained2_63EBG9.pt,56,104,104,3,2,0.4022337999999999
avgpool_finegrained2_ZNC5ZR.pt,56,160,160,3,2,0.55318624
avgpool_finegrained2_7QVT3S.pt,56,151,151,3,2,0.52032224
avgpool_finegrained2_H9BZB4.pt,56,114,114,3,2,0.41304389999999996
avgpool_finegrained2_K6GWEV.pt,56,189,189,3,2,0.6508741799999997
avgpool_finegrained2_FF1BDM.pt,56,116,116,3,2,0.5096606999999999
avgpool_finegrained2_5K7ID0.pt,56,119,119,3,2,0.14803190000000005
avgpool_finegrained2_MJETPJ.pt,56,175,175,3,2,0.6139439400000001
avgpool_finegrained2_E3W1D8.pt,56,142,142,3,2,0.57231718
avgpool_finegrained2_UKJNIC.pt,56,99,99,3,2,0.37194128000000004
avgpool_finegrained2_RM7BNH.pt,56,92,92,3,2,0.4248258199999999
avgpool_finegrained2_HKKNHY.pt,56,47,47,2,2,0.19863687999999996
avgpool_finegrained2_OFP1AI.pt,56,73,73,2,2,0.26617015999999993
avgpool_finegrained2_M09DYG.pt,56,53,53,2,2,0.21602618000000004
avgpool_finegrained2_BXKR9S.pt,56,85,85,2,2,0.29899099999999995
avgpool_finegrained2_VNSMPX.pt,56,64,64,2,2,0.34400334
avgpool_finegrained2_IJ0MPE.pt,56,48,48,2,2,0.24048822
avgpool_finegrained2_LUKW5T.pt,56,83,83,2,2,0.2914517200000001
avgpool_finegrained2_SS5V6I.pt,56,55,55,2,2,0.22032739999999998
avgpool_finegrained2_QH282B.pt,56,63,63,2,2,0.33825160000000004
avgpool_finegrained2_QI4KGV.pt,56,60,60,2,2,0.28811613999999997
avgpool_finegrained2_17WW6D.pt,56,76,76,2,2,0.06350173999999999
avgpool_finegrained2_ZW7TOU.pt,56,51,51,2,2,0.21577053999999996
avgpool_finegrained2_TLXS0K.pt,56,70,70,2,2,0.26635734
avgpool_finegrained2_2B4AVH.pt,56,80,80,2,2,0.32453064000000004
avgpool_finegrained2_P3RLDF.pt,56,69,69,2,2,0.27110702
avgpool_finegrained2_Y8FYDI.pt,56,59,59,2,2,0.23507218
avgpool_finegrained2_1QQU07.pt,56,58,58,2,2,0.2490360999999999
avgpool_finegrained2_G8NWKQ.pt,56,71,71,2,2,0.26891904000000005
avgpool_finegrained2_OX8OWR.pt,56,65,65,2,2,0.2886517800000001
avgpool_finegrained2_QRBWEA.pt,56,87,87,2,2,0.37860474000000005
avgpool_finegrained2_6QIN0D.pt,14,36,36,2,2,0.10766000000000002
avgpool_finegrained2_KX0W83.pt,14,23,23,2,2,0.07863902000000002
avgpool_finegrained2_OX4K3R.pt,14,44,44,2,2,0.08717498000000001
avgpool_finegrained2_LRKZO4.pt,14,46,46,2,2,0.08333163999999998
avgpool_finegrained2_WW470G.pt,14,32,32,2,2,0.082051
avgpool_finegrained2_SQRYMY.pt,14,27,27,2,2,0.08034386000000003
avgpool_finegrained2_H97TCP.pt,14,21,21,2,2,0.07930391999999997
avgpool_finegrained2_7USYBD.pt,14,34,34,2,2,0.0897252
avgpool_finegrained2_I36V18.pt,14,45,45,2,2,0.08911174000000001
avgpool_finegrained2_VN7JH5.pt,14,43,43,2,2,0.09457774000000002
avgpool_finegrained2_XJIE1U.pt,14,28,28,2,2,0.08255328
avgpool_finegrained2_JV1479.pt,14,40,40,2,2,0.08412703999999999
avgpool_finegrained2_AY9QCT.pt,14,37,37,2,2,0.0892553
avgpool_finegrained2_OX7MGR.pt,14,26,26,2,2,0.07328328000000002
avgpool_finegrained2_OI6OSJ.pt,14,48,48,2,2,0.09259626000000001
avgpool_finegrained2_B6AFXF.pt,14,30,30,2,2,0.09184125999999998
avgpool_finegrained2_WO01M7.pt,14,31,31,2,2,0.08718045999999996
avgpool_finegrained2_05N0RC.pt,14,38,38,2,2,0.08550324
avgpool_finegrained2_9XN5DA.pt,14,25,25,2,2,0.08261970000000002
avgpool_finegrained2_QFADAX.pt,14,47,47,2,2,0.08637954000000005
avgpool_finegrained2_IL5J8Y.pt,14,319,319,3,2,0.14454936
avgpool_finegrained2_XQE1Y0.pt,14,387,387,3,2,0.15816629999999998
avgpool_finegrained2_DCRP3J.pt,14,323,323,3,2,0.14292092000000006
avgpool_finegrained2_5KCNHE.pt,14,343,343,3,2,0.12558418
avgpool_finegrained2_6CN14K.pt,14,406,406,3,2,0.16747561999999994
avgpool_finegrained2_A7DTXY.pt,14,474,474,3,2,0.14638964000000002
avgpool_finegrained2_C9E36M.pt,14,444,444,3,2,0.16844858
avgpool_finegrained2_LTXN2J.pt,14,317,317,3,2,0.15366068
avgpool_finegrained2_SJ9GCY.pt,14,449,449,3,2,0.16046264000000002
avgpool_finegrained2_X21G77.pt,14,458,458,3,2,0.16370737999999996
avgpool_finegrained2_FT5Q79.pt,14,452,452,3,2,0.15815388
avgpool_finegrained2_V16ZS6.pt,14,383,383,3,2,0.16547144000000003
avgpool_finegrained2_H0LLIL.pt,14,404,404,3,2,0.23642564
avgpool_finegrained2_TXTL2P.pt,14,238,238,3,2,0.13461847999999998
avgpool_finegrained2_0YAJU1.pt,14,324,324,3,2,0.14644976000000004
avgpool_finegrained2_5N5UX4.pt,14,219,219,3,2,0.11728709999999998
avgpool_finegrained2_CKULVP.pt,14,407,407,3,2,0.15270466000000002
avgpool_finegrained2_LSJLU4.pt,14,218,218,3,2,0.12259391999999997
avgpool_finegrained2_466AHD.pt,14,260,260,3,2,0.14593835999999996
avgpool_finegrained2_UQLD8U.pt,14,346,346,3,2,0.15299704
avgpool_finegrained2_IDP8D8.pt,28,47,47,2,2,0.020162140000000002
avgpool_finegrained2_AIRJZO.pt,28,73,73,2,2,0.1334027
avgpool_finegrained2_S3H7CH.pt,28,62,62,2,2,0.15279601999999998
avgpool_finegrained2_0M8W3K.pt,28,46,46,2,2,0.10673024000000002
avgpool_finegrained2_U7MX8U.pt,28,52,52,2,2,0.11654849999999999
avgpool_finegrained2_138XSL.pt,28,65,65,2,2,0.11539618000000001
avgpool_finegrained2_2HV5JU.pt,28,72,72,2,2,0.12649153999999999
avgpool_finegrained2_97HC0R.pt,28,87,87,2,2,0.13413335999999995
avgpool_finegrained2_U6I1I7.pt,28,77,77,2,2,0.12942209999999998
avgpool_finegrained2_HJ5WSM.pt,28,37,37,2,2,0.13103569999999998
avgpool_finegrained2_777ZCP.pt,28,42,42,2,2,0.10127968000000001
avgpool_finegrained2_LINOU9.pt,28,63,63,2,2,0.12721682
avgpool_finegrained2_OKFLLW.pt,28,82,82,2,2,0.13931314
avgpool_finegrained2_5NCC5B.pt,28,79,79,2,2,0.14007340000000001
avgpool_finegrained2_6VCGSB.pt,28,89,89,2,2,0.13244180000000003
avgpool_finegrained2_JJIPDS.pt,28,45,45,2,2,0.11661604000000002
avgpool_finegrained2_JQ1KL9.pt,28,78,78,2,2,0.15046164
avgpool_finegrained2_J3Z5QF.pt,28,41,41,2,2,0.10822589999999999
avgpool_finegrained2_8EYL7T.pt,28,57,57,2,2,0.13166009999999997
avgpool_finegrained2_YTR3NB.pt,28,75,75,2,2,0.18174431999999996
avgpool_finegrained2_OL86LU.pt,224,151,151,3,2,1.92740578
avgpool_finegrained2_GQKL9E.pt,224,97,97,3,2,1.4994028400000001
avgpool_finegrained2_6IINX6.pt,224,79,79,3,2,1.5907350400000007
avgpool_finegrained2_99V03L.pt,224,124,124,3,2,1.8693447
avgpool_finegrained2_IWBNK8.pt,224,153,153,3,2,2.00926472
avgpool_finegrained2_P3W1JJ.pt,224,114,114,3,2,1.8976555999999993
avgpool_finegrained2_M5W987.pt,224,171,171,3,2,2.2487141399999997
avgpool_finegrained2_NS817L.pt,224,106,106,3,2,1.7925461800000002
avgpool_finegrained2_EQQGDS.pt,224,105,105,3,2,1.5952375399999996
avgpool_finegrained2_6L87Z6.pt,224,116,116,3,2,1.8249394599999993
avgpool_finegrained2_5GX9P1.pt,224,168,168,3,2,2.28525256
avgpool_finegrained2_71ANVT.pt,224,98,98,3,2,1.7320580400000003
avgpool_finegrained2_PB6P2Q.pt,224,101,101,3,2,1.748047639999999
avgpool_finegrained2_CKXYK1.pt,224,128,128,3,2,2.0255951400000005
avgpool_finegrained2_M0870J.pt,224,99,99,3,2,1.6325435400000003
avgpool_finegrained2_3TJW0U.pt,224,117,117,3,2,1.9003743199999996
avgpool_finegrained2_GGS0ZA.pt,224,104,104,3,2,1.5594971000000006
avgpool_finegrained2_0Z56KE.pt,224,86,86,3,2,1.41559556
avgpool_finegrained2_858DC6.pt,224,112,112,3,2,1.4595783200000003
avgpool_finegrained2_KB4AS4.pt,224,125,125,3,2,1.99565988
avgpool_finegrained2_HUU07J.pt,28,1079,1079,2,2,0.8197167199999995
avgpool_finegrained2_PKL5MV.pt,28,591,591,2,2,0.47117204
avgpool_finegrained2_TRL1H1.pt,28,981,981,2,2,0.8222187799999999
avgpool_finegrained2_0RT6L4.pt,28,648,648,2,2,0.56016304
avgpool_finegrained2_07X4DO.pt,28,1112,1112,2,2,0.9409870199999999
avgpool_finegrained2_FX0FDR.pt,28,1000,1000,2,2,0.7941930800000001
avgpool_finegrained2_ZHM7MD.pt,28,539,539,2,2,0.5457424399999999
avgpool_finegrained2_BVG2X5.pt,28,933,933,2,2,1.1426295200000003
avgpool_finegrained2_P37WP7.pt,28,1086,1086,2,2,0.9040665400000001
avgpool_finegrained2_PLEPHJ.pt,28,1157,1157,2,2,0.9855984600000004
avgpool_finegrained2_JHINLC.pt,28,977,977,2,2,0.15271996000000004
avgpool_finegrained2_PJSXZG.pt,28,553,553,2,2,0.53633
avgpool_finegrained2_B4C7K6.pt,28,712,712,2,2,0.7224203599999999
avgpool_finegrained2_0HYK37.pt,28,914,914,2,2,0.7056789000000001
avgpool_finegrained2_Z6JQTO.pt,28,528,528,2,2,0.5641495600000002
avgpool_finegrained2_HA3N7Z.pt,28,1067,1067,2,2,0.7934549399999998
avgpool_finegrained2_5PL6LL.pt,28,567,567,2,2,0.47112178000000016
avgpool_finegrained2_NALZZZ.pt,28,1144,1144,2,2,0.8564181400000004
avgpool_finegrained2_F20RY0.pt,28,721,721,2,2,0.6237224200000002
avgpool_finegrained2_07E6IJ.pt,28,582,582,2,2,0.53764026
avgpool_finegrained2_CUTJVA.pt,14,486,486,2,2,0.21339622000000008
avgpool_finegrained2_YSFLTS.pt,14,404,404,2,2,0.14495343999999996
avgpool_finegrained2_0R0KRP.pt,14,257,257,2,2,0.11894782000000005
avgpool_finegrained2_L0FEB0.pt,14,291,291,2,2,0.1253982
avgpool_finegrained2_6JXUKF.pt,14,250,250,2,2,0.11899454000000002
avgpool_finegrained2_2K28VE.pt,14,401,401,2,2,0.14888958000000005
avgpool_finegrained2_E5O0OL.pt,14,344,344,2,2,0.16951749999999996
avgpool_finegrained2_GZOE84.pt,14,499,499,2,2,0.16032216
avgpool_finegrained2_CAUZD6.pt,14,335,335,2,2,0.13109361999999997
avgpool_finegrained2_VU54PC.pt,14,396,396,2,2,0.14217452
avgpool_finegrained2_IJD10F.pt,14,572,572,2,2,0.16673624
avgpool_finegrained2_MMV0G3.pt,14,430,430,2,2,0.15522496000000002
avgpool_finegrained2_CVBL9T.pt,14,348,348,2,2,0.13303886000000004
avgpool_finegrained2_LCFNQG.pt,14,435,435,2,2,0.16253156000000002
avgpool_finegrained2_GNAQAE.pt,14,271,271,2,2,0.12810514
avgpool_finegrained2_Y03UQK.pt,14,537,537,2,2,0.17294836000000002
avgpool_finegrained2_752RTQ.pt,14,550,550,2,2,0.16671458
avgpool_finegrained2_78KKDH.pt,14,496,496,2,2,0.15967494000000002
avgpool_finegrained2_1TOGFQ.pt,14,417,417,2,2,0.15781208000000008
avgpool_finegrained2_25D0GZ.pt,14,540,540,2,2,0.17626748000000006
avgpool_finegrained2_74GGIC.pt,56,33,33,3,2,0.21782444
avgpool_finegrained2_OH9F0Q.pt,56,30,30,3,2,0.16922832000000004
avgpool_finegrained2_33M7WY.pt,56,27,27,3,2,0.1776835
avgpool_finegrained2_EC06FK.pt,56,18,18,3,2,0.10767602
avgpool_finegrained2_NHT5VR.pt,56,20,20,3,2,0.13543318000000001
avgpool_finegrained2_H69SWI.pt,56,36,36,3,2,0.24362505999999992
avgpool_finegrained2_YD6XAN.pt,56,16,16,3,2,0.11491612
avgpool_finegrained2_PMNZHA.pt,56,19,19,3,2,0.14263524000000002
avgpool_finegrained2_7BENAL.pt,56,25,25,3,2,0.19798827999999996
avgpool_finegrained2_3ZQG2P.pt,56,34,34,3,2,0.21008420000000005
avgpool_finegrained2_RDO1VV.pt,56,37,37,3,2,0.18580768000000006
avgpool_finegrained2_48OYB5.pt,56,35,35,3,2,0.20909606000000003
avgpool_finegrained2_4GQO12.pt,56,31,31,3,2,0.16742015999999998
avgpool_finegrained2_UXBDIY.pt,56,23,23,3,2,0.15074574
avgpool_finegrained2_EJ5G0W.pt,56,22,22,3,2,0.19008504
avgpool_finegrained2_BLIW2C.pt,56,17,17,3,2,0.13148074
avgpool_finegrained2_0TU1RR.pt,56,26,26,3,2,0.15247124
avgpool_finegrained2_0GZ0GG.pt,56,28,28,3,2,0.16106868000000002
avgpool_finegrained2_4BRGVO.pt,56,24,24,3,2,0.17295110000000002
avgpool_finegrained2_M1LDQC.pt,56,32,32,3,2,0.16731058000000001
avgpool_finegrained2_818W0J.pt,56,51,51,2,2,0.06942427999999999
avgpool_finegrained2_ARK8NX.pt,56,43,43,2,2,0.19849578
avgpool_finegrained2_XV85KA.pt,56,71,71,2,2,0.30075211999999996
avgpool_finegrained2_PH6UAY.pt,56,48,48,2,2,0.31213432000000013
avgpool_finegrained2_8B5N7I.pt,56,39,39,2,2,0.23940782000000005
avgpool_finegrained2_P8U9W7.pt,56,53,53,2,2,0.21814646
avgpool_finegrained2_J4U4WE.pt,56,63,63,2,2,0.24081728000000002
avgpool_finegrained2_GX2U3J.pt,56,55,55,2,2,0.22371986
avgpool_finegrained2_EY957Q.pt,56,44,44,2,2,0.19180776000000002
avgpool_finegrained2_0NBYR4.pt,56,33,33,2,2,0.16378488000000005
avgpool_finegrained2_EAZU7A.pt,56,70,70,2,2,0.25956906
avgpool_finegrained2_VNYA89.pt,56,64,64,2,2,0.25465428
avgpool_finegrained2_W2EPQY.pt,56,68,68,2,2,0.28528592
avgpool_finegrained2_MZPH2L.pt,56,67,67,2,2,0.2813052200000001
avgpool_finegrained2_XZEKAI.pt,56,42,42,2,2,0.20481781999999998
avgpool_finegrained2_TR6GA1.pt,56,38,38,2,2,0.17659430000000004
avgpool_finegrained2_K6RTHF.pt,56,35,35,2,2,0.1664620599999999
avgpool_finegrained2_GNAHMX.pt,56,36,36,2,2,0.16720012
avgpool_finegrained2_4P5QHN.pt,56,59,59,2,2,0.2313812
avgpool_finegrained2_9Z2WO7.pt,56,54,54,2,2,0.2190592399999999
avgpool_finegrained2_J06UAJ.pt,28,74,74,2,2,0.12545722
avgpool_finegrained2_8QD3O8.pt,28,109,109,2,2,0.14843914000000002
avgpool_finegrained2_QZGJFX.pt,28,150,150,2,2,0.17809632
avgpool_finegrained2_RRM3F2.pt,28,134,134,2,2,0.24690894000000005
avgpool_finegrained2_LFC8B5.pt,28,105,105,2,2,0.15992921999999998
avgpool_finegrained2_HZI7T8.pt,28,141,141,2,2,0.19104040000000005
avgpool_finegrained2_9ELZ0J.pt,28,79,79,2,2,0.13873621999999997
avgpool_finegrained2_FIDLUN.pt,28,136,136,2,2,0.16792881999999995
avgpool_finegrained2_WIP5GJ.pt,28,129,129,2,2,0.1639021
avgpool_finegrained2_8MBSG1.pt,28,100,100,2,2,0.15385955999999998
avgpool_finegrained2_Z7EOZM.pt,28,80,80,2,2,0.12696607999999995
avgpool_finegrained2_XAP36G.pt,28,122,122,2,2,0.15886344000000005
avgpool_finegrained2_755F4J.pt,28,72,72,2,2,0.17748896000000003
avgpool_finegrained2_5FYQKY.pt,28,161,161,2,2,0.18609
avgpool_finegrained2_3HCG5R.pt,28,123,123,2,2,0.15847644
avgpool_finegrained2_P5ZS8X.pt,28,69,69,2,2,0.12150254
avgpool_finegrained2_1BYV8E.pt,28,115,115,2,2,0.1533061
avgpool_finegrained2_6CZRYJ.pt,28,96,96,2,2,0.14100745999999995
avgpool_finegrained2_6YENIV.pt,28,86,86,2,2,0.13342387999999997
avgpool_finegrained2_01W2TC.pt,28,160,160,2,2,0.20731834000000002
avgpool_finegrained2_L72S1H.pt,28,201,201,3,2,0.25655110000000003
avgpool_finegrained2_4JZ7VF.pt,28,287,287,3,2,0.30402845999999994
avgpool_finegrained2_YQDV3P.pt,28,188,188,3,2,0.23740032000000003
avgpool_finegrained2_UC97P0.pt,28,250,250,3,2,0.30571938000000004
avgpool_finegrained2_H7JZLP.pt,28,158,158,3,2,0.19334147999999995
avgpool_finegrained2_KCR0I0.pt,28,167,167,3,2,0.20231662000000006
avgpool_finegrained2_4KRZ0M.pt,28,260,260,3,2,0.27664550000000004
avgpool_finegrained2_ZX2I1V.pt,28,160,160,3,2,0.19841764
avgpool_finegrained2_QTUPMD.pt,28,134,134,3,2,0.18346340000000005
avgpool_finegrained2_FK5YSY.pt,28,257,257,3,2,0.38559351999999997
avgpool_finegrained2_29CBKP.pt,28,235,235,3,2,0.07937700000000002
avgpool_finegrained2_D4A55F.pt,28,138,138,3,2,0.17254522000000005
avgpool_finegrained2_O0SMXX.pt,28,172,172,3,2,0.20486868000000003
avgpool_finegrained2_3LL9YX.pt,28,171,171,3,2,0.19918400000000003
avgpool_finegrained2_FK416C.pt,28,225,225,3,2,0.2818752199999999
avgpool_finegrained2_PRT96X.pt,28,200,200,3,2,0.2717196599999999
avgpool_finegrained2_1OCV63.pt,28,199,199,3,2,0.2611063600000001
avgpool_finegrained2_GHEWYR.pt,28,262,262,3,2,0.2836922
avgpool_finegrained2_KR4EHM.pt,28,206,206,3,2,0.23399233999999994
avgpool_finegrained2_HHVQ5X.pt,28,133,133,3,2,0.19296996000000008
avgpool_finegrained2_HMBIGR.pt,56,71,71,2,2,0.06437762
avgpool_finegrained2_H08PLY.pt,56,92,92,2,2,0.35104430000000003
avgpool_finegrained2_KUJRNI.pt,56,88,88,2,2,0.30589004
avgpool_finegrained2_3SYTDI.pt,56,87,87,2,2,0.36122289999999985
avgpool_finegrained2_Z7KWAF.pt,56,64,64,2,2,0.24507753999999998
avgpool_finegrained2_H0IFXN.pt,56,91,91,2,2,0.35784602000000004
avgpool_finegrained2_J465E3.pt,56,49,49,2,2,0.26078932
avgpool_finegrained2_1LYQLS.pt,56,51,51,2,2,0.3066283800000001
avgpool_finegrained2_NQZ8YU.pt,56,85,85,2,2,0.34568968000000005
avgpool_finegrained2_WPRX88.pt,56,60,60,2,2,0.2421568199999999
avgpool_finegrained2_L2SPPR.pt,56,75,75,2,2,0.2708856399999999
avgpool_finegrained2_Z09R1P.pt,56,89,89,2,2,0.3116878600000001
avgpool_finegrained2_DSBFAJ.pt,56,96,96,2,2,0.3913865000000002
avgpool_finegrained2_05FAR2.pt,56,68,68,2,2,0.25623460000000003
avgpool_finegrained2_HIKT3N.pt,56,66,66,2,2,0.2459637
avgpool_finegrained2_NPATQ2.pt,56,77,77,2,2,0.29360647999999995
avgpool_finegrained2_EK43PU.pt,56,94,94,2,2,0.32264494
avgpool_finegrained2_BI64LL.pt,56,50,50,2,2,0.25239666000000005
avgpool_finegrained2_P6R3YA.pt,56,81,81,2,2,0.28950805999999996
avgpool_finegrained2_55UZN4.pt,56,44,44,2,2,0.26795312
avgpool_finegrained2_IQMRE9.pt,14,42,42,3,2,0.08328323999999998
avgpool_finegrained2_R4CPCV.pt,14,31,31,3,2,0.08222765999999998
avgpool_finegrained2_X2FRO0.pt,14,40,40,3,2,0.09173576000000003
avgpool_finegrained2_84XS68.pt,14,49,49,3,2,0.09779325999999999
avgpool_finegrained2_G9E3MM.pt,14,69,69,3,2,0.08815988000000001
avgpool_finegrained2_YQ5P6L.pt,14,44,44,3,2,0.05508630000000001
avgpool_finegrained2_YAJCZV.pt,14,58,58,3,2,0.10865370000000002
avgpool_finegrained2_WHXROH.pt,14,54,54,3,2,0.09763546000000002
avgpool_finegrained2_3MRUNH.pt,14,53,53,3,2,0.08366552
avgpool_finegrained2_2IIXXS.pt,14,61,61,3,2,0.08137024
avgpool_finegrained2_IQR8B5.pt,14,48,48,3,2,0.08078866000000001
avgpool_finegrained2_QKZWVY.pt,14,35,35,3,2,0.07837632000000001
avgpool_finegrained2_NLBGCR.pt,14,46,46,3,2,0.08004371999999998
avgpool_finegrained2_E6G91J.pt,14,67,67,3,2,0.08462832
avgpool_finegrained2_64YIOT.pt,14,37,37,3,2,0.08251131999999999
avgpool_finegrained2_G4GV82.pt,14,34,34,3,2,0.07449615999999999
avgpool_finegrained2_I5JEEA.pt,14,50,50,3,2,0.08478265999999998
avgpool_finegrained2_GV8ZDK.pt,14,45,45,3,2,0.08170888000000001
avgpool_finegrained2_2L4105.pt,14,56,56,3,2,0.09837644
avgpool_finegrained2_PGGIW7.pt,14,65,65,3,2,0.10982383999999999
avgpool_finegrained2_CQQZCQ.pt,28,314,314,3,1,0.37148555999999994
avgpool_finegrained2_YEANOE.pt,28,342,342,3,1,1.1997908400000004
avgpool_finegrained2_O5L7E6.pt,28,538,538,3,1,1.4653146999999997
avgpool_finegrained2_VX8KUU.pt,28,551,551,3,1,1.2835102800000002
avgpool_finegrained2_AA926F.pt,28,580,580,3,1,1.4657117600000005
avgpool_finegrained2_GG01G5.pt,28,480,480,3,1,1.45194316
avgpool_finegrained2_8JTSOR.pt,28,294,294,3,1,1.10950162
avgpool_finegrained2_71MYAB.pt,28,484,484,3,1,1.4842372799999999
avgpool_finegrained2_PBZ3J6.pt,28,310,310,3,1,1.07395444
avgpool_finegrained2_A012EI.pt,28,339,339,3,1,1.1884666000000002
avgpool_finegrained2_C66TOP.pt,28,614,614,3,1,1.34153264
avgpool_finegrained2_RAY5PZ.pt,28,293,293,3,1,1.04185694
avgpool_finegrained2_PR1T8E.pt,28,575,575,3,1,1.4063965000000003
avgpool_finegrained2_QFGP1S.pt,28,418,418,3,1,1.2524639799999997
avgpool_finegrained2_ZMQIND.pt,28,464,464,3,1,1.22984284
avgpool_finegrained2_GQ309R.pt,28,486,486,3,1,1.1757671400000003
avgpool_finegrained2_BPJLTF.pt,28,576,576,3,1,1.5760399800000002
avgpool_finegrained2_1BQFLX.pt,28,510,510,3,1,1.36556896
avgpool_finegrained2_XS4K75.pt,28,321,321,3,1,1.0566098399999997
avgpool_finegrained2_VSF1Y2.pt,28,388,388,3,1,0.7208386
avgpool_finegrained2_PELQ1M.pt,56,420,420,3,2,1.2031577400000002
avgpool_finegrained2_6VDBV4.pt,56,301,301,3,2,1.1059790400000002
avgpool_finegrained2_MZ7UO8.pt,56,589,589,3,2,1.3248903399999998
avgpool_finegrained2_M4X1Q0.pt,56,370,370,3,2,1.20931072
avgpool_finegrained2_SMY3QC.pt,56,479,479,3,2,1.3312193799999994
avgpool_finegrained2_7OTKIO.pt,56,429,429,3,2,1.2029929400000003
avgpool_finegrained2_FM5A1O.pt,56,522,522,3,2,1.2661130200000001
avgpool_finegrained2_0P7U3X.pt,56,268,268,3,2,0.9064383399999998
avgpool_finegrained2_G2G9HP.pt,56,376,376,3,2,1.2794311000000003
avgpool_finegrained2_PULJ7J.pt,56,363,363,3,2,1.2236910399999998
avgpool_finegrained2_36S38P.pt,56,439,439,3,2,1.2377760799999995
avgpool_finegrained2_DYVEBQ.pt,56,403,403,3,2,1.2213630800000002
avgpool_finegrained2_4M8BNU.pt,56,455,455,3,2,1.3387244
avgpool_finegrained2_6PKC52.pt,56,276,276,3,2,0.9124925
avgpool_finegrained2_S085B5.pt,56,311,311,3,2,1.10362254
avgpool_finegrained2_TV8IFX.pt,56,407,407,3,2,1.3337188
avgpool_finegrained2_HC6SA2.pt,56,534,534,3,2,1.2713044
avgpool_finegrained2_MOMUF1.pt,56,562,562,3,2,1.3034078799999997
avgpool_finegrained2_QF9R3C.pt,56,402,402,3,2,1.06648146
avgpool_finegrained2_U0L8HF.pt,56,283,283,3,2,0.98088094
avgpool_finegrained2_20E8OQ.pt,28,152,152,3,2,0.19051940000000006
avgpool_finegrained2_LZI8F6.pt,28,124,124,3,2,0.16921892000000002
avgpool_finegrained2_V3VKYG.pt,28,142,142,3,2,0.2067492999999999
avgpool_finegrained2_7M28V4.pt,28,88,88,3,2,0.14279982
avgpool_finegrained2_01JPU8.pt,28,87,87,3,2,0.14309056
avgpool_finegrained2_0DS9ZL.pt,28,77,77,3,2,0.133521
avgpool_finegrained2_9OGCZO.pt,28,82,82,3,2,0.13948993999999998
avgpool_finegrained2_54PTXG.pt,28,151,151,3,2,0.19187366000000006
avgpool_finegrained2_9CMIGE.pt,28,98,98,3,2,0.14871368000000001
avgpool_finegrained2_BM9FK0.pt,28,84,84,3,2,0.18028702000000002
avgpool_finegrained2_WIOXQ1.pt,28,76,76,3,2,0.032007900000000006
avgpool_finegrained2_QTXJYL.pt,28,118,118,3,2,0.18461954000000005
avgpool_finegrained2_0W0X1E.pt,28,130,130,3,2,0.18901237999999995
avgpool_finegrained2_HKLSWR.pt,28,96,96,3,2,0.14926043999999997
avgpool_finegrained2_NYE2KM.pt,28,155,155,3,2,0.22587748000000007
avgpool_finegrained2_VWJEDN.pt,28,110,110,3,2,0.16010526000000005
avgpool_finegrained2_23YSOJ.pt,28,125,125,3,2,0.17203907999999998
avgpool_finegrained2_90NWMI.pt,28,71,71,3,2,0.13094661999999996
avgpool_finegrained2_1SKUB7.pt,28,115,115,3,2,0.20610275999999994
avgpool_finegrained2_M8SLL5.pt,28,143,143,3,2,0.20435759999999997
avgpool_finegrained2_0VY1WK.pt,28,90,90,2,1,0.3210448
avgpool_finegrained2_QPZQE6.pt,28,43,43,2,1,0.2893125999999999
avgpool_finegrained2_9BF43E.pt,28,42,42,2,1,0.21239856
avgpool_finegrained2_O1A4WT.pt,28,58,58,2,1,0.23754510000000006
avgpool_finegrained2_FK1OT3.pt,28,48,48,2,1,0.24475502
avgpool_finegrained2_Z5CK8L.pt,28,56,56,2,1,0.25888918
avgpool_finegrained2_GMYU1F.pt,28,85,85,2,1,0.32570606000000013
avgpool_finegrained2_KV3QAY.pt,28,80,80,2,1,0.29592068
avgpool_finegrained2_K51TF4.pt,28,45,45,2,1,0.33199662
avgpool_finegrained2_BYKK0M.pt,28,70,70,2,1,0.37565362
avgpool_finegrained2_WAVWFA.pt,28,87,87,2,1,0.3258898799999999
avgpool_finegrained2_Y1C4RX.pt,28,86,86,2,1,0.46579176000000005
avgpool_finegrained2_5RPAGY.pt,28,66,66,2,1,0.2552275
avgpool_finegrained2_26HIXW.pt,28,59,59,2,1,0.24044879999999988
avgpool_finegrained2_BQTUM4.pt,28,67,67,2,1,0.26095048
avgpool_finegrained2_9MEB0N.pt,28,89,89,2,1,0.3194038600000001
avgpool_finegrained2_U2CX1W.pt,28,83,83,2,1,0.34246834
avgpool_finegrained2_PJ2ZN8.pt,28,53,53,2,1,0.24722303999999995
avgpool_finegrained2_J0ROI2.pt,28,101,101,2,1,0.4371578399999999
avgpool_finegrained2_8BSELU.pt,28,77,77,2,1,0.40300420000000003
avgpool_finegrained2_1GXEVI.pt,56,460,460,3,2,1.1790072199999997
avgpool_finegrained2_BLHEI3.pt,56,539,539,3,2,1.2113909999999999
avgpool_finegrained2_4YFQMA.pt,56,318,318,3,2,1.2250226
avgpool_finegrained2_2E0BC7.pt,56,484,484,3,2,1.1276051
avgpool_finegrained2_9N64D5.pt,56,252,252,3,2,0.8880424599999996
avgpool_finegrained2_S2QN1J.pt,56,518,518,3,2,1.28216458
avgpool_finegrained2_Z5EKD4.pt,56,281,281,3,2,0.9648891799999997
avgpool_finegrained2_UJUR1P.pt,56,485,485,3,2,1.2554146000000002
avgpool_finegrained2_LJANUP.pt,56,492,492,3,2,1.3421262599999997
avgpool_finegrained2_V2H8JW.pt,56,446,446,3,2,1.3736278800000001
avgpool_finegrained2_ZEIXB2.pt,56,466,466,3,2,1.27972362
avgpool_finegrained2_TAPVLU.pt,56,508,508,3,2,1.3076597399999996
avgpool_finegrained2_JG5S2X.pt,56,383,383,3,2,1.132323
avgpool_finegrained2_JBKYSX.pt,56,321,321,3,2,1.01537476
avgpool_finegrained2_88KAVM.pt,56,532,532,3,2,1.3630224000000002
avgpool_finegrained2_NN1NS5.pt,56,280,280,3,2,0.9674484399999999
avgpool_finegrained2_33J8EK.pt,56,445,445,3,2,1.2676030399999996
avgpool_finegrained2_FF17N2.pt,56,590,590,3,2,1.32562516
avgpool_finegrained2_GHRQT1.pt,56,395,395,3,2,1.2054410800000002
avgpool_finegrained2_VJ9AUR.pt,56,430,430,3,2,1.1007961600000002
avgpool_finegrained2_INMYID.pt,14,159,159,2,2,0.019766519999999996
avgpool_finegrained2_HSI3OU.pt,14,209,209,2,2,0.10851240000000002
avgpool_finegrained2_Q2BXL9.pt,14,116,116,2,2,0.09202395999999996
avgpool_finegrained2_GRL93X.pt,14,132,132,2,2,0.09608424000000002
avgpool_finegrained2_MLW1AG.pt,14,272,272,2,2,0.11335556000000001
avgpool_finegrained2_B7TLYO.pt,14,143,143,2,2,0.09469614
avgpool_finegrained2_PAD4LS.pt,14,184,184,2,2,0.09768145999999998
avgpool_finegrained2_EAMYIJ.pt,14,203,203,2,2,0.10786347999999998
avgpool_finegrained2_34EGHI.pt,14,128,128,2,2,0.1109192
avgpool_finegrained2_7LIMDG.pt,14,211,211,2,2,0.11646026000000008
avgpool_finegrained2_HRS4EA.pt,14,258,258,2,2,0.12012483999999997
avgpool_finegrained2_X2F31U.pt,14,142,142,2,2,0.10045538000000002
avgpool_finegrained2_9M5Z90.pt,14,241,241,2,2,0.11997516000000001
avgpool_finegrained2_1O9FGN.pt,14,120,120,2,2,0.09340653999999998
avgpool_finegrained2_VZKHW4.pt,14,225,225,2,2,0.15767149999999996
avgpool_finegrained2_5Q0Q3W.pt,14,118,118,2,2,0.09120225999999995
avgpool_finegrained2_LURDR0.pt,14,169,169,2,2,0.10052904000000001
avgpool_finegrained2_SZP3AW.pt,14,178,178,2,2,0.11216068000000001
avgpool_finegrained2_27VG45.pt,14,156,156,2,2,0.10141457999999996
avgpool_finegrained2_C6WGE4.pt,14,119,119,2,2,0.09607875999999997
avgpool_finegrained2_4ZK2VH.pt,28,191,191,3,2,0.22055612
avgpool_finegrained2_AI3G9D.pt,28,181,181,3,2,0.23013340000000004
avgpool_finegrained2_NNLLNQ.pt,28,134,134,3,2,0.22022245999999998
avgpool_finegrained2_MYLCKO.pt,28,193,193,3,2,0.3006514599999999
avgpool_finegrained2_2O2M12.pt,28,232,232,3,2,0.25456133999999997
avgpool_finegrained2_HYSITQ.pt,28,158,158,3,2,0.19613048
avgpool_finegrained2_C1CUC3.pt,28,148,148,3,2,0.25273348000000007
avgpool_finegrained2_DI7WT1.pt,28,107,107,3,2,0.15535274000000002
avgpool_finegrained2_QLH7J1.pt,28,105,105,3,2,0.15589183999999995
avgpool_finegrained2_S1BADY.pt,28,174,174,3,2,0.25216030000000006
avgpool_finegrained2_3516DG.pt,28,159,159,3,2,0.27896747999999993
avgpool_finegrained2_BLXVSS.pt,28,142,142,3,2,0.24210044
avgpool_finegrained2_7HD6OX.pt,28,202,202,3,2,0.29713372000000005
avgpool_finegrained2_1TTIRA.pt,28,212,212,3,2,0.26930306000000004
avgpool_finegrained2_TKIV05.pt,28,198,198,3,2,0.24853271999999996
avgpool_finegrained2_H3XODX.pt,28,199,199,3,2,0.23110912
avgpool_finegrained2_1U608F.pt,28,201,201,3,2,0.23019976
avgpool_finegrained2_5GVPTM.pt,28,186,186,3,2,0.21644165999999998
avgpool_finegrained2_NC0XKT.pt,28,222,222,3,2,0.24439361999999992
avgpool_finegrained2_HGVL46.pt,28,155,155,3,2,0.19353082
avgpool_finegrained2_B06D6J.pt,56,141,141,3,1,1.5483678799999998
avgpool_finegrained2_CRFAJ5.pt,56,144,144,3,1,1.2961349999999998
avgpool_finegrained2_SFFKRN.pt,56,127,127,3,1,1.2681614399999999
avgpool_finegrained2_C1DCDE.pt,56,134,134,3,1,1.5430515599999999
avgpool_finegrained2_VMEXD7.pt,56,88,88,3,1,1.3426392199999997
avgpool_finegrained2_TA55LY.pt,56,108,108,3,1,1.1270180599999997
avgpool_finegrained2_W7W69M.pt,56,103,103,3,1,1.2589475399999996
avgpool_finegrained2_20NEWZ.pt,56,93,93,3,1,1.2144350000000004
avgpool_finegrained2_9SIXOH.pt,56,80,80,3,1,1.1756762000000005
avgpool_finegrained2_ZKYYID.pt,56,136,136,3,1,1.3196632400000001
avgpool_finegrained2_1J5VZQ.pt,56,62,62,3,1,0.5218959600000002
avgpool_finegrained2_BMS4PQ.pt,56,109,109,3,1,1.1707382600000005
avgpool_finegrained2_MMJKNR.pt,56,72,72,3,1,0.9759504199999998
avgpool_finegrained2_J5YMB0.pt,56,133,133,3,1,1.1848408999999998
avgpool_finegrained2_RJ8Q2N.pt,56,95,95,3,1,1.1994202200000001
avgpool_finegrained2_VESZFQ.pt,56,94,94,3,1,1.29373018
avgpool_finegrained2_MK9MQ3.pt,56,87,87,3,1,1.12810788
avgpool_finegrained2_37S4H6.pt,56,68,68,3,1,0.9446392000000001
avgpool_finegrained2_J1F24X.pt,56,112,112,3,1,1.2395811999999997
avgpool_finegrained2_EM3FXI.pt,56,131,131,3,1,1.5553652800000006
avgpool_finegrained2_9C5647.pt,28,51,51,2,1,0.25714492000000005
avgpool_finegrained2_6CYXSH.pt,28,38,38,2,1,0.23572343999999998
avgpool_finegrained2_SKWXW0.pt,28,73,73,2,1,0.27906702
avgpool_finegrained2_D0OGHF.pt,28,45,45,2,1,0.24166438000000007
avgpool_finegrained2_2QZ1D4.pt,28,62,62,2,1,0.30814314
avgpool_finegrained2_K4XDBR.pt,28,72,72,2,1,0.3148488
avgpool_finegrained2_UCJ4FQ.pt,28,59,59,2,1,0.24045176000000001
avgpool_finegrained2_JTC8ZL.pt,28,49,49,2,1,0.21313686
avgpool_finegrained2_AVOYGW.pt,28,63,63,2,1,0.253359
avgpool_finegrained2_VC65G5.pt,28,74,74,2,1,0.2832534999999999
avgpool_finegrained2_445IBU.pt,28,36,36,2,1,0.19108165999999996
avgpool_finegrained2_V8W74I.pt,28,42,42,2,1,0.29160565999999993
avgpool_finegrained2_91I5S4.pt,28,70,70,2,1,0.27028594
avgpool_finegrained2_2IKMQY.pt,28,54,54,2,1,0.2322708800000001
avgpool_finegrained2_ORYDM5.pt,28,44,44,2,1,0.21404072
avgpool_finegrained2_Y68MET.pt,28,33,33,2,1,0.18793419999999994
avgpool_finegrained2_LJ3L74.pt,28,50,50,2,1,0.2365386000000001
avgpool_finegrained2_CUJCAW.pt,28,67,67,2,1,0.2671778
avgpool_finegrained2_X99LQK.pt,28,41,41,2,1,0.19201838000000002
avgpool_finegrained2_ZDP4EZ.pt,28,31,31,2,1,0.1668961
avgpool_finegrained2_TZNDV1.pt,14,324,324,3,2,0.13848014
avgpool_finegrained2_KYULWZ.pt,14,167,167,3,2,0.1945207200000001
avgpool_finegrained2_9Q346D.pt,14,262,262,3,2,0.16147764000000003
avgpool_finegrained2_ZIB9VY.pt,14,301,301,3,2,0.12796788
avgpool_finegrained2_6AMZZK.pt,14,221,221,3,2,0.11207206000000002
avgpool_finegrained2_KAQ4T8.pt,14,321,321,3,2,0.13287226000000002
avgpool_finegrained2_CLVDAE.pt,14,151,151,3,2,0.11108577999999998
avgpool_finegrained2_XMGDNT.pt,14,184,184,3,2,0.11593346
avgpool_finegrained2_50E6G3.pt,14,247,247,3,2,0.1306419
avgpool_finegrained2_WKX2AV.pt,14,248,248,3,2,0.13012914000000003
avgpool_finegrained2_Q2ZHT0.pt,14,280,280,3,2,0.14417203999999997
avgpool_finegrained2_J74S4K.pt,14,326,326,3,2,0.13346206000000002
avgpool_finegrained2_0HTPNV.pt,14,287,287,3,2,0.13179040000000003
avgpool_finegrained2_OUPGLM.pt,14,268,268,3,2,0.12378819999999999
avgpool_finegrained2_OM9HSJ.pt,14,258,258,3,2,0.12261823999999999
avgpool_finegrained2_A10I16.pt,14,159,159,3,2,0.10545800000000004
avgpool_finegrained2_3KOD4N.pt,14,160,160,3,2,0.10573993999999999
avgpool_finegrained2_YCI23J.pt,14,198,198,3,2,0.11452051999999999
avgpool_finegrained2_X4EVX7.pt,14,173,173,3,2,0.11730426
avgpool_finegrained2_3L4J02.pt,14,237,237,3,2,0.12359197999999999
avgpool_finegrained2_PHVLKC.pt,14,133,133,3,1,0.04943724000000001
avgpool_finegrained2_HPX832.pt,14,140,140,3,1,0.19697846
avgpool_finegrained2_5G5G22.pt,14,213,213,3,1,0.24345155999999993
avgpool_finegrained2_JM46E0.pt,14,93,93,3,1,0.14670596
avgpool_finegrained2_EQAGUN.pt,14,124,124,3,1,0.1688328799999999
avgpool_finegrained2_K04MQ2.pt,14,160,160,3,1,0.197825
avgpool_finegrained2_8QEOP7.pt,14,211,211,3,1,0.25217822000000006
avgpool_finegrained2_OH8DM5.pt,14,197,197,3,1,0.22461293999999998
avgpool_finegrained2_R0SJGK.pt,14,202,202,3,1,0.27915611999999995
avgpool_finegrained2_P4NSNX.pt,14,170,170,3,1,0.2604443800000001
avgpool_finegrained2_Z7IAGA.pt,14,104,104,3,1,0.16818416
avgpool_finegrained2_S50WGQ.pt,14,134,134,3,1,0.20843618000000003
avgpool_finegrained2_5NL9OQ.pt,14,132,132,3,1,0.19286986000000006
avgpool_finegrained2_QWYYDZ.pt,14,177,177,3,1,0.23374494000000007
avgpool_finegrained2_UAR0NN.pt,14,217,217,3,1,0.28171044000000006
avgpool_finegrained2_ER5CJQ.pt,14,215,215,3,1,0.2945928
avgpool_finegrained2_06IOLL.pt,14,166,166,3,1,0.2014906
avgpool_finegrained2_1W0UHZ.pt,14,139,139,3,1,0.21810899999999994
avgpool_finegrained2_N0NICY.pt,14,186,186,3,1,0.21796634000000004
avgpool_finegrained2_T5UC8H.pt,14,120,120,3,1,0.16689616000000002
avgpool_finegrained2_I0YFVS.pt,28,187,187,3,2,0.21917216
avgpool_finegrained2_VTLKOP.pt,28,206,206,3,2,0.23189898000000006
avgpool_finegrained2_Q2TP2D.pt,28,242,242,3,2,0.37916241999999994
avgpool_finegrained2_V9ISYJ.pt,28,244,244,3,2,0.26207301999999993
avgpool_finegrained2_T30UIJ.pt,28,116,116,3,2,0.16418182000000006
avgpool_finegrained2_2LX3S4.pt,28,247,247,3,2,0.33056934000000004
avgpool_finegrained2_GAF1R9.pt,28,194,194,3,2,0.24955452
avgpool_finegrained2_S2XKKN.pt,28,173,173,3,2,0.2057334
avgpool_finegrained2_ASDR70.pt,28,227,227,3,2,0.24516855999999992
avgpool_finegrained2_JOHZT3.pt,28,170,170,3,2,0.20172307999999997
avgpool_finegrained2_3202FU.pt,28,152,152,3,2,0.30404924
avgpool_finegrained2_3XDNR1.pt,28,151,151,3,2,0.1882312
avgpool_finegrained2_Z0ZIXG.pt,28,140,140,3,2,0.18093981999999995
avgpool_finegrained2_8XV67R.pt,28,109,109,3,2,0.16279866
avgpool_finegrained2_WXTVZA.pt,28,232,232,3,2,0.24914719999999999
avgpool_finegrained2_BFXS1I.pt,28,119,119,3,2,0.16555231999999998
avgpool_finegrained2_AN9OZP.pt,28,156,156,3,2,0.23408615999999988
avgpool_finegrained2_XFV97B.pt,28,122,122,3,2,0.17722300000000005
avgpool_finegrained2_MKFXPJ.pt,28,181,181,3,2,0.21941565999999996
avgpool_finegrained2_HV5AK4.pt,28,184,184,3,2,0.21296975999999998
avgpool_finegrained2_UBQ09U.pt,112,29,29,3,2,0.4644526799999999
avgpool_finegrained2_9G59IA.pt,112,30,30,3,2,0.4971578399999999
avgpool_finegrained2_PJL11F.pt,112,14,14,3,2,0.28388542
avgpool_finegrained2_NZ51OC.pt,112,27,27,3,2,0.42164683999999986
avgpool_finegrained2_LUL1QG.pt,112,18,18,3,2,0.34153584000000003
avgpool_finegrained2_KIELQR.pt,112,19,19,3,2,0.30988094000000005
avgpool_finegrained2_XHZ536.pt,112,24,24,3,2,0.35513158000000006
avgpool_finegrained2_UF0A8I.pt,112,16,16,3,2,0.26223275999999995
avgpool_finegrained2_N0AJAY.pt,112,20,20,3,2,0.32587424
avgpool_finegrained2_67SGL9.pt,112,28,28,3,2,0.5138199199999999
avgpool_finegrained2_BR32Q1.pt,112,21,21,3,2,0.10288629999999997
avgpool_finegrained2_XJ0SV5.pt,112,17,17,3,2,0.3331169600000001
avgpool_finegrained2_G1REE4.pt,112,25,25,3,2,0.36357073999999995
avgpool_finegrained2_19R1ZD.pt,112,23,23,3,2,0.3451364999999999
avgpool_finegrained2_Z6VYB8.pt,112,26,26,3,2,0.38110090000000013
avgpool_finegrained2_6BAOMM.pt,112,13,13,3,2,0.23475676
avgpool_finegrained2_CBJ00Q.pt,112,22,22,3,2,0.3304468999999999
avgpool_finegrained2_1RNQW5.pt,112,31,31,3,2,0.4383168799999999
avgpool_finegrained2_638C62.pt,112,15,15,3,2,0.28576978000000003
avgpool_finegrained2_4OCQZB.pt,112,306,306,2,2,1.2617639200000001
avgpool_finegrained2_JWBHVP.pt,112,245,245,2,2,1.6255853600000005
avgpool_finegrained2_J19M29.pt,112,166,166,2,2,1.2141173800000002
avgpool_finegrained2_LFUEMM.pt,112,260,260,2,2,1.35239702
avgpool_finegrained2_XXW92C.pt,112,189,189,2,2,1.12791496
avgpool_finegrained2_PSULGZ.pt,112,175,175,2,2,1.25727342
avgpool_finegrained2_A5NVSK.pt,112,223,223,2,2,1.4463589200000004
avgpool_finegrained2_HJDHU8.pt,112,217,217,2,2,1.33932832
avgpool_finegrained2_I8X8XK.pt,112,279,279,2,2,1.58522764
avgpool_finegrained2_Q0QJ43.pt,112,192,192,2,2,1.3135552000000004
avgpool_finegrained2_KLBT52.pt,112,209,209,2,2,1.2593335200000002
avgpool_finegrained2_MSUA9U.pt,112,232,232,2,2,1.3483951200000002
avgpool_finegrained2_D5P45U.pt,112,169,169,2,2,1.1101153199999998
avgpool_finegrained2_BNTJHH.pt,112,190,190,2,2,1.31618482
avgpool_finegrained2_HJLP0F.pt,112,141,141,2,2,1.3311037399999994
avgpool_finegrained2_LQC19F.pt,112,297,297,2,2,1.5310634399999996
avgpool_finegrained2_GWYKPI.pt,112,212,212,2,2,1.2061661800000005
avgpool_finegrained2_CL2X11.pt,112,246,246,2,2,1.3685455599999998
avgpool_finegrained2_B4FB2S.pt,112,159,159,2,2,1.2339740800000003
avgpool_finegrained2_Y28UA7.pt,112,244,244,2,2,1.40574084
avgpool_finegrained2_NYYOW3.pt,14,482,482,3,2,0.17013392000000002
avgpool_finegrained2_0PDWU5.pt,14,589,589,3,2,0.24446288000000002
avgpool_finegrained2_8QK70G.pt,14,492,492,3,2,0.16610298
avgpool_finegrained2_GNSJFY.pt,14,487,487,3,2,0.17070372
avgpool_finegrained2_RNSDGG.pt,14,426,426,3,2,0.22250081999999996
avgpool_finegrained2_KJL98G.pt,14,477,477,3,2,0.22034420000000005
avgpool_finegrained2_WNQ6IE.pt,14,369,369,3,2,0.18397544000000007
avgpool_finegrained2_C7FEHW.pt,14,551,551,3,2,0.17958190000000002
avgpool_finegrained2_P1D4W9.pt,14,439,439,3,2,0.15713564000000005
avgpool_finegrained2_A1ZGEI.pt,14,572,572,3,2,0.21378975999999994
avgpool_finegrained2_SYLACQ.pt,14,490,490,3,2,0.2344327
avgpool_finegrained2_VBUT5V.pt,14,390,390,3,2,0.23001118
avgpool_finegrained2_UF78H1.pt,14,402,402,3,2,0.15146765999999995
avgpool_finegrained2_IV1GJV.pt,14,427,427,3,2,0.23043226000000006
avgpool_finegrained2_M44LWZ.pt,14,582,582,3,2,0.20633710000000005
avgpool_finegrained2_4JN9YJ.pt,14,258,258,3,2,0.12390604
avgpool_finegrained2_1OFL1G.pt,14,314,314,3,2,0.14620113999999998
avgpool_finegrained2_LWPK52.pt,14,488,488,3,2,0.16558891999999997
avgpool_finegrained2_803MFV.pt,14,282,282,3,2,0.13497218
avgpool_finegrained2_XOVCZI.pt,14,378,378,3,2,0.15929418
avgpool_finegrained2_G4THS0.pt,56,188,188,2,1,1.22635514
avgpool_finegrained2_G9R9YQ.pt,56,185,185,2,1,1.0982748999999996
avgpool_finegrained2_EYVDOW.pt,56,195,195,2,1,1.35008306
avgpool_finegrained2_TQB6NL.pt,56,211,211,2,1,1.3291422599999998
avgpool_finegrained2_DW5BB8.pt,56,254,254,2,1,1.2910644
avgpool_finegrained2_7JOZLG.pt,56,243,243,2,1,1.4433916400000002
avgpool_finegrained2_SDXPXJ.pt,56,148,148,2,1,1.16354146
avgpool_finegrained2_EGKHYX.pt,56,158,158,2,1,1.3186538399999999
avgpool_finegrained2_0I52Z8.pt,56,169,169,2,1,1.3918303999999995
avgpool_finegrained2_OR2EKC.pt,56,274,274,2,1,1.2706370200000001
avgpool_finegrained2_X99XM9.pt,56,224,224,2,1,0.5110042399999999
avgpool_finegrained2_XTV34V.pt,56,264,264,2,1,1.3368514399999998
avgpool_finegrained2_LYB1UF.pt,56,281,281,2,1,1.4864030999999998
avgpool_finegrained2_WU893I.pt,56,190,190,2,1,1.30950734
avgpool_finegrained2_90JDPN.pt,56,258,258,2,1,1.63759864
avgpool_finegrained2_3UGF88.pt,56,279,279,2,1,1.4513584599999998
avgpool_finegrained2_PHNWV2.pt,56,141,141,2,1,1.1822255600000002
avgpool_finegrained2_KL1X1U.pt,56,221,221,2,1,1.4816514199999997
avgpool_finegrained2_UQ4ME7.pt,56,191,191,2,1,1.2243662400000006
avgpool_finegrained2_YP6TJR.pt,56,196,196,2,1,1.4273509400000004
avgpool_finegrained2_7D7KY7.pt,56,252,252,2,2,0.7299578199999999
avgpool_finegrained2_36UWLU.pt,56,328,328,2,2,0.9259043
avgpool_finegrained2_PV61U0.pt,56,308,308,2,2,0.8734316200000002
avgpool_finegrained2_0XGRA4.pt,56,339,339,2,2,1.11264602
avgpool_finegrained2_XD957H.pt,56,167,167,2,2,0.6486181600000003
avgpool_finegrained2_HEAR5Q.pt,56,205,205,2,2,0.6533601400000001
avgpool_finegrained2_B47G59.pt,56,212,212,2,2,0.6639994600000001
avgpool_finegrained2_BVWNNJ.pt,56,282,282,2,2,0.9013094400000002
avgpool_finegrained2_JUNTXE.pt,56,223,223,2,2,1.1127235599999998
avgpool_finegrained2_ZID6WC.pt,56,236,236,2,2,0.7601721000000002
avgpool_finegrained2_5KDM5J.pt,56,317,317,2,2,0.8968809999999998
avgpool_finegrained2_9JNITI.pt,56,385,385,2,2,1.1124739
avgpool_finegrained2_B5H090.pt,56,299,299,2,2,1.0436018000000002
avgpool_finegrained2_5L8XVP.pt,56,168,168,2,2,0.5279740599999999
avgpool_finegrained2_3TMKYN.pt,56,313,313,2,2,0.9466270599999999
avgpool_finegrained2_5W04AV.pt,56,241,241,2,2,0.9317673999999999
avgpool_finegrained2_KRDFRP.pt,56,336,336,2,2,1.0560857600000007
avgpool_finegrained2_H8DLN2.pt,56,322,322,2,2,0.8995913600000002
avgpool_finegrained2_WQRX3I.pt,56,232,232,2,2,0.8798745799999999
avgpool_finegrained2_CA543K.pt,56,369,369,2,2,1.0835095
avgpool_finegrained2_3HKWYL.pt,56,50,50,3,2,0.25530622000000003
avgpool_finegrained2_Y9DYNY.pt,56,40,40,3,2,0.20558528000000006
avgpool_finegrained2_CFA816.pt,56,70,70,3,2,0.28113578
avgpool_finegrained2_RZCKMQ.pt,56,34,34,3,2,0.1795342999999999
avgpool_finegrained2_KUREUS.pt,56,32,32,3,2,0.17661926
avgpool_finegrained2_V4206R.pt,56,35,35,3,2,0.17981176000000001
avgpool_finegrained2_L0V8BI.pt,56,51,51,3,2,0.05913558000000001
avgpool_finegrained2_HA4YUC.pt,56,62,62,3,2,0.30577668
avgpool_finegrained2_CD7J1A.pt,56,37,37,3,2,0.19701681999999998
avgpool_finegrained2_PBEG72.pt,56,74,74,3,2,0.34859302
avgpool_finegrained2_ET5ERL.pt,56,39,39,3,2,0.3083151800000001
avgpool_finegrained2_Q8APEV.pt,56,73,73,3,2,0.1047084
avgpool_finegrained2_GFD1NQ.pt,56,36,36,3,2,0.18877084000000008
avgpool_finegrained2_EA59NA.pt,56,72,72,3,2,0.30447635999999995
avgpool_finegrained2_842A44.pt,56,61,61,3,2,0.3231498599999999
avgpool_finegrained2_8XNB4Z.pt,56,58,58,3,2,0.28594688000000007
avgpool_finegrained2_ICBC9F.pt,56,71,71,3,2,0.28332657999999994
avgpool_finegrained2_FH7DV5.pt,56,41,41,3,2,0.22774510000000003
avgpool_finegrained2_5BUA8V.pt,56,53,53,3,2,0.28210454000000007
avgpool_finegrained2_9CWI2R.pt,56,69,69,3,2,0.28072266
avgpool_finegrained2_6F6N25.pt,28,332,332,2,2,0.42789427999999985
avgpool_finegrained2_HF7VT2.pt,28,476,476,2,2,0.528722
avgpool_finegrained2_X48OAI.pt,28,335,335,2,2,0.34200794
avgpool_finegrained2_SAHJCJ.pt,28,381,381,2,2,0.39884204000000023
avgpool_finegrained2_GF5FTT.pt,28,302,302,2,2,0.32521880000000003
avgpool_finegrained2_B8OF61.pt,28,337,337,2,2,0.32887070000000007
avgpool_finegrained2_04TZMM.pt,28,395,395,2,2,0.39769268
avgpool_finegrained2_2CXTCU.pt,28,324,324,2,2,0.40195542
avgpool_finegrained2_MQKHFA.pt,28,522,522,2,2,0.3640539400000001
avgpool_finegrained2_B1T3EW.pt,28,415,415,2,2,0.37997074000000003
avgpool_finegrained2_PT5YZ7.pt,28,251,251,2,2,0.32480470000000006
avgpool_finegrained2_OP5TW9.pt,28,441,441,2,2,0.5121666799999999
avgpool_finegrained2_5NKFKV.pt,28,436,436,2,2,0.37707427999999993
avgpool_finegrained2_HFRYTD.pt,28,314,314,2,2,0.32660970000000006
avgpool_finegrained2_D0VCXF.pt,28,428,428,2,2,0.4126775600000001
avgpool_finegrained2_KQNK19.pt,28,311,311,2,2,0.30139822000000005
avgpool_finegrained2_1C8I68.pt,28,424,424,2,2,0.30312297999999993
avgpool_finegrained2_61UO2L.pt,28,278,278,2,2,0.36924465999999995
avgpool_finegrained2_N3IO7Z.pt,28,353,353,2,2,0.31536916000000004
avgpool_finegrained2_3ED808.pt,28,358,358,2,2,0.35846575999999997
avgpool_finegrained2_9PI97Y.pt,56,283,283,3,2,0.5386836600000001
avgpool_finegrained2_RWUUNL.pt,56,475,475,3,2,1.3120773999999997
avgpool_finegrained2_T1AY1W.pt,56,282,282,3,2,1.0929845599999999
avgpool_finegrained2_MYZLMG.pt,56,290,290,3,2,0.9483704000000002
avgpool_finegrained2_ZJV5YP.pt,56,391,391,3,2,1.2069866799999998
avgpool_finegrained2_G6Z3YR.pt,56,398,398,3,2,1.2011095000000005
avgpool_finegrained2_TI21W6.pt,56,333,333,3,2,1.0534758
avgpool_finegrained2_C3FYQD.pt,56,586,586,3,2,1.26819446
avgpool_finegrained2_DY1A1E.pt,56,494,494,3,2,1.25872404
avgpool_finegrained2_5MOBRC.pt,56,421,421,3,2,1.3212898999999996
avgpool_finegrained2_REDHVD.pt,56,501,501,3,2,1.24769032
avgpool_finegrained2_6VTPQQ.pt,56,331,331,3,2,1.0441208600000003
avgpool_finegrained2_W73FN4.pt,56,492,492,3,2,1.25999414
avgpool_finegrained2_JD5UXB.pt,56,264,264,3,2,0.8732794000000003
avgpool_finegrained2_PYSA60.pt,56,313,313,3,2,1.05304934
avgpool_finegrained2_GYWB33.pt,56,436,436,3,2,1.2237184799999996
avgpool_finegrained2_3UZVY1.pt,56,327,327,3,2,1.13784502
avgpool_finegrained2_3U3AQ0.pt,56,321,321,3,2,1.07589798
avgpool_finegrained2_SOF07H.pt,56,273,273,3,2,0.9115273599999996
avgpool_finegrained2_QFSVKF.pt,56,311,311,3,2,1.0184200799999998
avgpool_finegrained2_8PULAC.pt,28,384,384,3,2,0.36388052000000004
avgpool_finegrained2_DY6JL4.pt,28,399,399,3,2,0.14282584
avgpool_finegrained2_7A3PG0.pt,28,218,218,3,2,0.26790556
avgpool_finegrained2_HLH3DN.pt,28,457,457,3,2,0.55679824
avgpool_finegrained2_JCHZZR.pt,28,316,316,3,2,0.5080020000000001
avgpool_finegrained2_RDT9EY.pt,28,324,324,3,2,0.318357
avgpool_finegrained2_ZVW2HT.pt,28,342,342,3,2,0.33343330000000004
avgpool_finegrained2_4RQGXB.pt,28,314,314,3,2,0.31931133999999994
avgpool_finegrained2_3YU86B.pt,28,450,450,3,2,0.49839998
avgpool_finegrained2_6167FG.pt,28,203,203,3,2,0.23058844
avgpool_finegrained2_GLRE72.pt,28,397,397,3,2,0.37615366
avgpool_finegrained2_70FJ89.pt,28,403,403,3,2,0.5423792600000001
avgpool_finegrained2_0VCZD1.pt,28,326,326,3,2,0.3413324800000001
avgpool_finegrained2_JEDQN1.pt,28,378,378,3,2,0.40416438
avgpool_finegrained2_3NC3LJ.pt,28,436,436,3,2,0.4091459000000001
avgpool_finegrained2_AELDN8.pt,28,420,420,3,2,0.4838826000000002
avgpool_finegrained2_SNLZDP.pt,28,482,482,3,2,0.4528247999999998
avgpool_finegrained2_OFCR9S.pt,28,270,270,3,2,0.32909658
avgpool_finegrained2_YFZNHK.pt,28,297,297,3,2,0.35481964000000005
avgpool_finegrained2_QEESQW.pt,28,341,341,3,2,0.34424688000000003
avgpool_finegrained2_7WVKTU.pt,14,457,457,2,2,0.19488706000000003
avgpool_finegrained2_O12FDY.pt,14,492,492,2,2,0.23024944000000003
avgpool_finegrained2_YP3HHY.pt,14,789,789,2,2,0.249575
avgpool_finegrained2_FKNC3Q.pt,14,412,412,2,2,0.14442855999999996
avgpool_finegrained2_EKSNAT.pt,14,598,598,2,2,0.17472595999999996
avgpool_finegrained2_ABUPDV.pt,14,836,836,2,2,0.21723688000000002
avgpool_finegrained2_S0QLBP.pt,14,544,544,2,2,0.16892083999999996
avgpool_finegrained2_9YIHDY.pt,14,586,586,2,2,0.17428625999999994
avgpool_finegrained2_LWHEWW.pt,14,419,419,2,2,0.14962428000000005
avgpool_finegrained2_CVHJGC.pt,14,775,775,2,2,0.2078219200000001
avgpool_finegrained2_JOCYD1.pt,14,607,607,2,2,0.2024644
avgpool_finegrained2_Y6371I.pt,14,755,755,2,2,0.1986502
avgpool_finegrained2_C3V1QH.pt,14,860,860,2,2,0.21761710000000004
avgpool_finegrained2_Z6HV0V.pt,14,812,812,2,2,0.20840264
avgpool_finegrained2_Y1A7V3.pt,14,859,859,2,2,0.23656403999999998
avgpool_finegrained2_WICV56.pt,14,454,454,2,2,0.22803765999999995
avgpool_finegrained2_VCPMT3.pt,14,987,987,2,2,0.23568455999999993
avgpool_finegrained2_W6DLWM.pt,14,974,974,2,2,0.23653456000000003
avgpool_finegrained2_KD4KWT.pt,14,495,495,2,2,0.16834614000000003
avgpool_finegrained2_1UAUOG.pt,14,758,758,2,2,0.22338628
avgpool_finegrained2_B3U27Z.pt,56,142,142,3,2,0.6236785
avgpool_finegrained2_8OD6U3.pt,56,122,122,3,2,0.5583044799999999
avgpool_finegrained2_QQT073.pt,56,155,155,3,2,0.68698102
avgpool_finegrained2_SEF9M1.pt,56,136,136,3,2,0.6842762600000001
avgpool_finegrained2_Z2YMAZ.pt,56,78,78,3,2,0.30712006000000003
avgpool_finegrained2_UZTXVV.pt,56,112,112,3,2,0.41348710000000005
avgpool_finegrained2_QXFD6D.pt,56,92,92,3,2,0.4917527199999999
avgpool_finegrained2_AS9T7E.pt,56,144,144,3,2,0.578164
avgpool_finegrained2_3PB9BY.pt,56,101,101,3,2,0.45848075999999993
avgpool_finegrained2_1LSDXN.pt,56,89,89,3,2,0.4310823399999999
avgpool_finegrained2_JHS5F3.pt,56,128,128,3,2,0.45783754000000004
avgpool_finegrained2_4W361Q.pt,56,126,126,3,2,0.10069413999999999
avgpool_finegrained2_KYXPFC.pt,56,143,143,3,2,0.5341792000000003
avgpool_finegrained2_P6Y0GB.pt,56,162,162,3,2,0.6206813400000002
avgpool_finegrained2_QXV8M2.pt,56,133,133,3,2,0.5198707199999999
avgpool_finegrained2_QB30TY.pt,56,157,157,3,2,0.53745894
avgpool_finegrained2_Z3KALN.pt,56,121,121,3,2,0.6227196800000003
avgpool_finegrained2_B6C12S.pt,56,106,106,3,2,0.3870276400000001
avgpool_finegrained2_MR1IC1.pt,56,161,161,3,2,0.8681438799999996
avgpool_finegrained2_GM5AP1.pt,56,138,138,3,2,0.5899913000000001
avgpool_finegrained2_ILJH38.pt,56,57,57,2,2,0.26931586
avgpool_finegrained2_QTYWCD.pt,56,45,45,2,2,0.2435303199999999
avgpool_finegrained2_N09E0R.pt,56,26,26,2,2,0.14912664
avgpool_finegrained2_5AXHZ4.pt,56,31,31,2,2,0.2423199199999999
avgpool_finegrained2_334ZVC.pt,56,53,53,2,2,0.23207309999999992
avgpool_finegrained2_886ZEF.pt,56,35,35,2,2,0.18662956
avgpool_finegrained2_9XVFD6.pt,56,36,36,2,2,0.18433166
avgpool_finegrained2_MZ7551.pt,56,52,52,2,2,0.24440224
avgpool_finegrained2_VFJWXW.pt,56,37,37,2,2,0.19318720000000003
avgpool_finegrained2_LZNQL2.pt,56,41,41,2,2,0.26753111999999996
avgpool_finegrained2_ZWJ9HM.pt,56,34,34,2,2,0.17268295999999997
avgpool_finegrained2_1W76EA.pt,56,55,55,2,2,0.22191739999999993
avgpool_finegrained2_H87ZAL.pt,56,47,47,2,2,0.20206743999999996
avgpool_finegrained2_76LY5O.pt,56,61,61,2,2,0.23560833999999992
avgpool_finegrained2_EKEC2E.pt,56,58,58,2,2,0.3618196799999999
avgpool_finegrained2_TLN84H.pt,56,40,40,2,2,0.21314106000000002
avgpool_finegrained2_EC0A8O.pt,56,62,62,2,2,0.33792978000000007
avgpool_finegrained2_4T7TB0.pt,56,28,28,2,2,0.17592395999999996
avgpool_finegrained2_WA193N.pt,56,32,32,2,2,0.16346714
avgpool_finegrained2_KFSYT7.pt,56,50,50,2,2,0.20533459999999995
avgpool_finegrained2_WL02Y7.pt,224,149,149,3,2,2.06735698
avgpool_finegrained2_SHXQGZ.pt,224,127,127,3,2,1.7776246400000013
avgpool_finegrained2_OLCENI.pt,224,140,140,3,2,1.87898202
avgpool_finegrained2_VEQUEC.pt,224,97,97,3,2,1.7399645999999995
avgpool_finegrained2_RUJVH9.pt,224,99,99,3,2,1.6161666000000003
avgpool_finegrained2_98IHIC.pt,224,145,145,3,2,2.1346046599999995
avgpool_finegrained2_TWGP48.pt,224,152,152,3,2,2.0349516
avgpool_finegrained2_JF6LMR.pt,224,113,113,3,2,1.79211296
avgpool_finegrained2_5SIJQD.pt,224,93,93,3,2,1.5322672800000001
avgpool_finegrained2_F8NISL.pt,224,158,158,3,2,2.06934156
avgpool_finegrained2_DFWWT2.pt,224,156,156,3,2,2.05648852
avgpool_finegrained2_7S42NL.pt,224,101,101,3,2,1.72367684
avgpool_finegrained2_MGWRFQ.pt,224,136,136,3,2,1.8016836200000004
avgpool_finegrained2_4U07CK.pt,224,98,98,3,2,1.3926926199999996
avgpool_finegrained2_AJMMHY.pt,224,95,95,3,2,1.75255642
avgpool_finegrained2_QH7JNP.pt,224,71,71,3,2,1.6838644800000002
avgpool_finegrained2_JGYN1K.pt,224,143,143,3,2,2.1326395799999993
avgpool_finegrained2_GDR9Z5.pt,224,96,96,3,2,1.46092522
avgpool_finegrained2_QT0FMO.pt,224,112,112,3,2,1.5941560000000004
avgpool_finegrained2_8AP9LK.pt,224,129,129,3,2,2.2209073600000004
avgpool_finegrained2_39GXXU.pt,28,31,31,2,2,0.09474379999999996
avgpool_finegrained2_FMHQID.pt,28,28,28,2,2,0.017901119999999996
avgpool_finegrained2_UXD0HV.pt,28,26,26,2,2,0.10058278
avgpool_finegrained2_RBHO61.pt,28,30,30,2,2,0.09450237999999998
avgpool_finegrained2_8V3N87.pt,28,25,25,2,2,0.09395385999999999
avgpool_finegrained2_JX4B7W.pt,28,27,27,2,2,0.09226192000000001
avgpool_finegrained2_OM9EBH.pt,28,33,33,2,2,0.09647252
avgpool_finegrained2_EBQRYZ.pt,28,36,36,2,2,0.09782136000000001
avgpool_finegrained2_E1X6NQ.pt,28,35,35,2,2,0.12059674
avgpool_finegrained2_P14R7B.pt,28,19,19,2,2,0.08837766
avgpool_finegrained2_KJRKKJ.pt,28,32,32,2,2,0.09767053999999999
avgpool_finegrained2_O673BD.pt,28,38,38,2,2,0.09877742000000003
avgpool_finegrained2_I99PIA.pt,28,29,29,2,2,0.0960886
avgpool_finegrained2_MOAREM.pt,28,39,39,2,2,0.13378560000000006
avgpool_finegrained2_1VNOIO.pt,28,18,18,2,2,0.08719698
avgpool_finegrained2_J293OL.pt,28,34,34,2,2,0.09891568
avgpool_finegrained2_H5B1I2.pt,28,21,21,2,2,0.08800392000000003
avgpool_finegrained2_HKRFLC.pt,28,22,22,2,2,0.09406005999999996
avgpool_finegrained2_D00T6T.pt,28,23,23,2,2,0.09174837999999999
avgpool_finegrained2_TSZJ7J.pt,28,17,17,2,2,0.08599991999999998
avgpool_finegrained2_W5KZNH.pt,28,117,117,3,1,0.41807311999999996
avgpool_finegrained2_U9IQV1.pt,28,187,187,3,1,0.6390692000000001
avgpool_finegrained2_G6A4KQ.pt,28,251,251,3,1,0.8814297599999997
avgpool_finegrained2_LGTOMH.pt,28,170,170,3,1,0.5898775600000001
avgpool_finegrained2_N4CZ4K.pt,28,171,171,3,1,0.6513213999999999
avgpool_finegrained2_THWBFX.pt,28,150,150,3,1,0.8291482600000003
avgpool_finegrained2_66FOH7.pt,28,169,169,3,1,0.5886333999999998
avgpool_finegrained2_Q5YMP2.pt,28,235,235,3,1,0.78198284
avgpool_finegrained2_FFEID7.pt,28,208,208,3,1,0.70759962
avgpool_finegrained2_Z92GUA.pt,28,233,233,3,1,0.8145538600000001
avgpool_finegrained2_HRSUKY.pt,28,127,127,3,1,0.7330911800000002
avgpool_finegrained2_3O5A9W.pt,28,148,148,3,1,0.55746904
avgpool_finegrained2_T9TSI4.pt,28,112,112,3,1,0.5447104599999999
avgpool_finegrained2_AAHEAT.pt,28,194,194,3,1,0.7708460600000001
avgpool_finegrained2_MMUPJ2.pt,28,130,130,3,1,0.53219176
avgpool_finegrained2_SBR36W.pt,28,217,217,3,1,0.8448604800000002
avgpool_finegrained2_VE5RRQ.pt,28,223,223,3,1,0.8389718799999999
avgpool_finegrained2_LQ5BNP.pt,28,131,131,3,1,0.45965498
avgpool_finegrained2_D0CX6O.pt,28,250,250,3,1,0.79225496
avgpool_finegrained2_9E6AGH.pt,28,152,152,3,1,0.6506071199999998
avgpool_finegrained2_39MQ0M.pt,14,76,76,3,2,0.09041114
avgpool_finegrained2_DSZJ2R.pt,14,75,75,3,2,0.08999707999999998
avgpool_finegrained2_AFUV1D.pt,14,44,44,3,2,0.08277396000000001
avgpool_finegrained2_23P1G1.pt,14,68,68,3,2,0.08698971999999999
avgpool_finegrained2_U55EVJ.pt,14,46,46,3,2,0.08580035999999998
avgpool_finegrained2_7BYLD3.pt,14,80,80,3,2,0.08813114000000001
avgpool_finegrained2_XE9FID.pt,14,57,57,3,2,0.085101
avgpool_finegrained2_IQ5TUS.pt,14,43,43,3,2,0.08735567999999999
avgpool_finegrained2_U5TQDS.pt,14,66,66,3,2,0.06399998000000001
avgpool_finegrained2_HJP24Y.pt,14,55,55,3,2,0.08480186000000002
avgpool_finegrained2_BQTFW4.pt,14,72,72,3,2,0.08930837999999997
avgpool_finegrained2_8HCKI5.pt,14,83,83,3,2,0.0168127
avgpool_finegrained2_AYY7LU.pt,14,84,84,3,2,0.09352286
avgpool_finegrained2_ZHMIS2.pt,14,67,67,3,2,0.08718065999999998
avgpool_finegrained2_5XTQZD.pt,14,81,81,3,2,0.09901793999999998
avgpool_finegrained2_K8DIZJ.pt,14,37,37,3,2,0.08278455999999998
avgpool_finegrained2_WWI4EQ.pt,14,78,78,3,2,0.09524716000000001
avgpool_finegrained2_ZZKQ3D.pt,14,58,58,3,2,0.08646577999999999
avgpool_finegrained2_GL01NF.pt,14,69,69,3,2,0.08735138
avgpool_finegrained2_B0V7Y8.pt,14,48,48,3,2,0.09413679999999999
avgpool_finegrained2_Q3ZO8N.pt,14,136,136,3,2,0.13407620000000006
avgpool_finegrained2_SMZKUP.pt,14,172,172,3,2,0.10571387999999998
avgpool_finegrained2_46T4J9.pt,14,259,259,3,2,0.12343067999999999
avgpool_finegrained2_PPU5WD.pt,14,217,217,3,2,0.11542436000000002
avgpool_finegrained2_AWPM3L.pt,14,248,248,3,2,0.17234636000000003
avgpool_finegrained2_8DBOPP.pt,14,260,260,3,2,0.12784826000000002
avgpool_finegrained2_K7DOI3.pt,14,245,245,3,2,0.12284476000000001
avgpool_finegrained2_G8RIKB.pt,14,255,255,3,2,0.12547109999999997
avgpool_finegrained2_QGC0V0.pt,14,159,159,3,2,0.13221614000000004
avgpool_finegrained2_O2IXZB.pt,14,232,232,3,2,0.12435178000000006
avgpool_finegrained2_ERB1XM.pt,14,189,189,3,2,0.11629934
avgpool_finegrained2_MCGGAJ.pt,14,244,244,3,2,0.13788461999999996
avgpool_finegrained2_9REN60.pt,14,178,178,3,2,0.11368777999999996
avgpool_finegrained2_FLO7P2.pt,14,131,131,3,2,0.10413024
avgpool_finegrained2_F0ELP3.pt,14,243,243,3,2,0.13622952000000002
avgpool_finegrained2_KU7UVT.pt,14,122,122,3,2,0.10852160000000001
avgpool_finegrained2_PEGGMT.pt,14,214,214,3,2,0.12960972
avgpool_finegrained2_3STVA1.pt,14,118,118,3,2,0.13039668
avgpool_finegrained2_S7QR9R.pt,14,226,226,3,2,0.13137077999999996
avgpool_finegrained2_1WQMNK.pt,14,152,152,3,2,0.10563072
avgpool_finegrained2_IMUDON.pt,112,36,36,3,2,0.5104752800000002
avgpool_finegrained2_KY1TT1.pt,112,67,67,3,2,0.9197748800000004
avgpool_finegrained2_DUIVCH.pt,112,54,54,3,2,0.7234684800000002
avgpool_finegrained2_J2ML2S.pt,112,68,68,3,2,0.8893361200000001
avgpool_finegrained2_DBNRYE.pt,112,57,57,3,2,0.76066132
avgpool_finegrained2_BCX3Z0.pt,112,71,71,3,2,0.9423697400000002
avgpool_finegrained2_518FYI.pt,112,74,74,3,2,1.0339453000000005
avgpool_finegrained2_7R6TPU.pt,112,80,80,3,2,1.0212125600000002
avgpool_finegrained2_XY595D.pt,112,55,55,3,2,1.02187932
avgpool_finegrained2_KM9O16.pt,112,45,45,3,2,0.7457069399999997
avgpool_finegrained2_U1NOET.pt,112,58,58,3,2,1.0726281800000004
avgpool_finegrained2_OQB6IJ.pt,112,79,79,3,2,1.1543927800000005
avgpool_finegrained2_DEJET8.pt,112,60,60,3,2,1.1679763599999997
avgpool_finegrained2_SD9JV8.pt,112,64,64,3,2,1.0711619000000001
avgpool_finegrained2_U4LS56.pt,112,56,56,3,2,0.7693793999999998
avgpool_finegrained2_70DBQA.pt,112,75,75,3,2,1.1449015800000004
avgpool_finegrained2_FQQKJO.pt,112,76,76,3,2,1.0710526200000001
avgpool_finegrained2_BEXWCB.pt,112,44,44,3,2,0.61278382
avgpool_finegrained2_DRJSNT.pt,112,35,35,3,2,0.48240795999999997
avgpool_finegrained2_ZUEGCB.pt,112,62,62,3,2,0.8002176799999999
avgpool_finegrained2_DWNT03.pt,28,136,136,3,2,0.17815006
avgpool_finegrained2_X6KF9T.pt,28,153,153,3,2,0.0608359
avgpool_finegrained2_R19DO8.pt,28,109,109,3,2,0.15551954000000007
avgpool_finegrained2_8D5WUT.pt,28,91,91,3,2,0.14495527999999996
avgpool_finegrained2_HLF2EG.pt,28,166,166,3,2,0.19876250000000006
avgpool_finegrained2_XMH4SR.pt,28,128,128,3,2,0.17180510000000002
avgpool_finegrained2_IZV251.pt,28,205,205,3,2,0.22833849999999997
avgpool_finegrained2_KZZYXX.pt,28,102,102,3,2,0.15346414000000005
avgpool_finegrained2_DAA8J8.pt,28,132,132,3,2,0.27155836
avgpool_finegrained2_JTMWE1.pt,28,108,108,3,2,0.21649308
avgpool_finegrained2_P8PH9T.pt,28,122,122,3,2,0.18412740000000002
avgpool_finegrained2_M8BQQL.pt,28,141,141,3,2,0.20889385999999996
avgpool_finegrained2_11NCZL.pt,28,154,154,3,2,0.19787190000000002
avgpool_finegrained2_08JLPC.pt,28,200,200,3,2,0.22299096
avgpool_finegrained2_HR9B54.pt,28,139,139,3,2,0.21916618000000004
avgpool_finegrained2_4LOV9F.pt,28,213,213,3,2,0.23796277999999993
avgpool_finegrained2_LR5BQ4.pt,28,107,107,3,2,0.15504846000000003
avgpool_finegrained2_MZUTKF.pt,28,170,170,3,2,0.21635661999999997
avgpool_finegrained2_OHA8Q7.pt,28,209,209,3,2,0.24174408
avgpool_finegrained2_LUVPLU.pt,28,126,126,3,2,0.17244231999999995
avgpool_finegrained2_NYLZT7.pt,112,156,156,3,2,1.4111392
avgpool_finegrained2_DICG3P.pt,112,84,84,3,2,1.19477698
avgpool_finegrained2_KGTHFY.pt,112,98,98,3,2,1.16092934
avgpool_finegrained2_9FZ5Z1.pt,112,164,164,3,2,1.3432206200000005
avgpool_finegrained2_F8MJ63.pt,112,135,135,3,2,1.2814667200000005
avgpool_finegrained2_PAYOQ0.pt,112,112,112,3,2,1.1969328599999998
avgpool_finegrained2_NBS138.pt,112,153,153,3,2,1.33287854
avgpool_finegrained2_Q1GJNQ.pt,112,140,140,3,2,1.3132239799999998
avgpool_finegrained2_2DXUGX.pt,112,158,158,3,2,1.4076261999999997
avgpool_finegrained2_9G7NWI.pt,112,170,170,3,2,1.3423847200000003
avgpool_finegrained2_COCYWH.pt,112,77,77,3,2,1.0900158399999997
avgpool_finegrained2_2VMO3C.pt,112,87,87,3,2,1.1683274799999999
avgpool_finegrained2_VCCRRR.pt,112,161,161,3,2,1.2901100800000003
avgpool_finegrained2_HGXGYO.pt,112,165,165,3,2,1.3227623199999998
avgpool_finegrained2_2624BH.pt,112,99,99,3,2,1.32894812
avgpool_finegrained2_ENXT5K.pt,112,92,92,3,2,1.2806687199999995
avgpool_finegrained2_IRBJKT.pt,112,122,122,3,2,1.2910370999999996
avgpool_finegrained2_Q9QMER.pt,112,157,157,3,2,1.3779898199999996
avgpool_finegrained2_FJ0DMA.pt,112,159,159,3,2,1.2203630400000003
avgpool_finegrained2_NMQJ2H.pt,112,119,119,3,2,1.4563771799999996
avgpool_finegrained2_OZW7I7.pt,14,397,397,2,2,0.18896330000000008
avgpool_finegrained2_JLZ5UN.pt,14,542,542,2,2,0.20218525999999998
avgpool_finegrained2_XVFPJ9.pt,14,720,720,2,2,0.19422914000000005
avgpool_finegrained2_GPEIIA.pt,14,467,467,2,2,0.14866332000000004
avgpool_finegrained2_E7MYB3.pt,14,583,583,2,2,0.16705802000000003
avgpool_finegrained2_OOZK1I.pt,14,694,694,2,2,0.18911606
avgpool_finegrained2_LCEQ5L.pt,14,733,733,2,2,0.19500077999999996
avgpool_finegrained2_1SL3HK.pt,14,604,604,2,2,0.20592490000000002
avgpool_finegrained2_I98JGK.pt,14,568,568,2,2,0.18470946000000002
avgpool_finegrained2_Q1NK1S.pt,14,582,582,2,2,0.20240922000000006
avgpool_finegrained2_Z2XRPS.pt,14,493,493,2,2,0.1711807
avgpool_finegrained2_81KNRY.pt,14,662,662,2,2,0.05675229999999999
avgpool_finegrained2_I9E62F.pt,14,739,739,2,2,0.21823115999999998
avgpool_finegrained2_GV5M9W.pt,14,437,437,2,2,0.14849933999999998
avgpool_finegrained2_NDFVDZ.pt,14,764,764,2,2,0.2011589
avgpool_finegrained2_32KE9Y.pt,14,686,686,2,2,0.18919329999999998
avgpool_finegrained2_YO7G1Y.pt,14,581,581,2,2,0.17122504000000002
avgpool_finegrained2_QBB1OP.pt,14,468,468,2,2,0.153194
avgpool_finegrained2_4SMLX6.pt,14,851,851,2,2,0.25568615999999994
avgpool_finegrained2_E9T0P0.pt,14,854,854,2,2,0.23503246
avgpool_finegrained2_0RZH9F.pt,14,514,514,3,2,0.18198412
avgpool_finegrained2_9AHBKV.pt,14,498,498,3,2,0.16859591999999998
avgpool_finegrained2_TCIMNW.pt,14,400,400,3,2,0.16326258000000002
avgpool_finegrained2_LCK5NJ.pt,14,457,457,3,2,0.19626316000000002
avgpool_finegrained2_O6XNUU.pt,14,293,293,3,2,0.19325885999999992
avgpool_finegrained2_0E9P5U.pt,14,577,577,3,2,0.26759426000000003
avgpool_finegrained2_QT5UYD.pt,14,467,467,3,2,0.16239238
avgpool_finegrained2_DAHMGQ.pt,14,448,448,3,2,0.24069575999999998
avgpool_finegrained2_3YI0C3.pt,14,250,250,3,2,0.12036323999999998
avgpool_finegrained2_BMHU45.pt,14,311,311,3,2,0.179853
avgpool_finegrained2_BFOP4D.pt,14,488,488,3,2,0.17197007999999997
avgpool_finegrained2_Y2TERM.pt,14,566,566,3,2,0.1812379
avgpool_finegrained2_KXBRG5.pt,14,353,353,3,2,0.13908352
avgpool_finegrained2_H0IO1G.pt,14,573,573,3,2,0.17917548000000008
avgpool_finegrained2_JR2AVX.pt,14,256,256,3,2,0.1301461
avgpool_finegrained2_NQL09D.pt,14,526,526,3,2,0.22206085999999992
avgpool_finegrained2_DLL917.pt,14,413,413,3,2,0.19849826000000004
avgpool_finegrained2_VHBTYK.pt,14,553,553,3,2,0.18025584000000006
avgpool_finegrained2_ULJF2B.pt,14,545,545,3,2,0.19987838000000008
avgpool_finegrained2_Z0GVA1.pt,14,323,323,3,2,0.14288147999999998
avgpool_finegrained2_81GDB7.pt,56,407,407,3,2,1.30510456
avgpool_finegrained2_HQ5TGN.pt,56,464,464,3,2,1.40853496
avgpool_finegrained2_6XGF09.pt,56,474,474,3,2,1.2958450400000001
avgpool_finegrained2_KYYU5X.pt,56,287,287,3,2,0.8402402199999999
avgpool_finegrained2_R0VHCK.pt,56,608,608,3,2,1.5022626199999995
avgpool_finegrained2_B8TW9G.pt,56,580,580,3,2,1.6353535200000002
avgpool_finegrained2_S09X9H.pt,56,427,427,3,2,1.37396996
avgpool_finegrained2_O2EJ6O.pt,56,255,255,3,2,1.0406617599999999
avgpool_finegrained2_2SQ7I8.pt,56,401,401,3,2,1.2583776600000003
avgpool_finegrained2_BG7E41.pt,56,522,522,3,2,1.3080123799999999
avgpool_finegrained2_BB38HA.pt,56,257,257,3,2,0.8775159000000001
avgpool_finegrained2_FSRW8N.pt,56,336,336,3,2,1.0014311000000002
avgpool_finegrained2_FOQDMB.pt,56,300,300,3,2,0.9834787999999999
avgpool_finegrained2_WZRHM1.pt,56,361,361,3,2,1.1360126200000003
avgpool_finegrained2_WUXVM6.pt,56,291,291,3,2,1.0402548
avgpool_finegrained2_JT2HRR.pt,56,324,324,3,2,1.2009594599999998
avgpool_finegrained2_YFWFHP.pt,56,335,335,3,2,1.09569952
avgpool_finegrained2_ODW2QF.pt,56,381,381,3,2,1.13574866
avgpool_finegrained2_LPE1FE.pt,56,439,439,3,2,1.22488736
avgpool_finegrained2_CXS9KG.pt,56,452,452,3,2,1.3198381999999993
avgpool_finegrained2_EQD814.pt,28,821,821,2,1,1.2796875
avgpool_finegrained2_5XP20B.pt,28,957,957,2,1,0.9171018199999996
avgpool_finegrained2_WO0CRG.pt,28,453,453,2,1,1.22064422
avgpool_finegrained2_4YWFKW.pt,28,632,632,2,1,1.3422191799999998
avgpool_finegrained2_7268ZG.pt,28,993,993,2,1,1.4172264400000003
avgpool_finegrained2_TV2CQN.pt,28,578,578,2,1,1.2306205799999999
avgpool_finegrained2_M3NCZV.pt,28,987,987,2,1,1.3522821600000001
avgpool_finegrained2_5J5LQY.pt,28,1007,1007,2,1,1.2086677600000002
avgpool_finegrained2_9B38AH.pt,28,468,468,2,1,1.34054268
avgpool_finegrained2_MACTSQ.pt,28,1010,1010,2,1,1.4183285600000008
avgpool_finegrained2_Y3VZU4.pt,28,900,900,2,1,1.22883042
avgpool_finegrained2_0KXAFG.pt,28,649,649,2,1,1.30672438
avgpool_finegrained2_A6PHFY.pt,28,653,653,2,1,1.30680744
avgpool_finegrained2_K5UO9Y.pt,28,558,558,2,1,1.34233504
avgpool_finegrained2_GKIG2V.pt,28,1004,1004,2,1,1.4510679200000005
avgpool_finegrained2_1PIN61.pt,28,908,908,2,1,1.41284234
avgpool_finegrained2_1CU0BZ.pt,28,584,584,2,1,1.3209333200000004
avgpool_finegrained2_V4F3IJ.pt,28,738,738,2,1,1.2861363
avgpool_finegrained2_VX7O01.pt,28,973,973,2,1,1.3606531000000002
avgpool_finegrained2_B3TG92.pt,28,988,988,2,1,1.3976249799999994
avgpool_finegrained2_YY34VB.pt,28,78,78,2,2,0.1360373
avgpool_finegrained2_9QBCBU.pt,28,92,92,2,2,0.13918668
avgpool_finegrained2_LLFH1Q.pt,28,51,51,2,2,0.13542917999999993
avgpool_finegrained2_GHPUVZ.pt,28,60,60,2,2,0.12536408
avgpool_finegrained2_QLT89W.pt,28,80,80,2,2,0.13874730000000002
avgpool_finegrained2_FDPDHF.pt,28,96,96,2,2,0.1498747
avgpool_finegrained2_4ULLZ0.pt,28,76,76,2,2,0.1273409
avgpool_finegrained2_Q7HXSC.pt,28,87,87,2,2,0.13272700000000004
avgpool_finegrained2_0SQLMF.pt,28,57,57,2,2,0.11290142000000002
avgpool_finegrained2_UD9408.pt,28,46,46,2,2,0.1049358
avgpool_finegrained2_FUY89N.pt,28,43,43,2,2,0.10229088000000003
avgpool_finegrained2_ZKEDJP.pt,28,86,86,2,2,0.12762969999999998
avgpool_finegrained2_QBNDZB.pt,28,89,89,2,2,0.12905275999999996
avgpool_finegrained2_3SMJIM.pt,28,85,85,2,2,0.19032706000000005
avgpool_finegrained2_K84996.pt,28,81,81,2,2,0.12853392000000002
avgpool_finegrained2_5IC8UV.pt,28,52,52,2,2,0.10998546000000003
avgpool_finegrained2_PQHDJG.pt,28,99,99,2,2,0.14208055999999997
avgpool_finegrained2_XO6HLT.pt,28,84,84,2,2,0.12811252
avgpool_finegrained2_0BZSKT.pt,28,44,44,2,2,0.09619273999999998
avgpool_finegrained2_QL6GX8.pt,28,63,63,2,2,0.10650582
avgpool_finegrained2_8G46PF.pt,112,370,370,3,2,1.5529481799999996
avgpool_finegrained2_QM8N3A.pt,112,389,389,3,2,1.6049865000000003
avgpool_finegrained2_H7R9JR.pt,112,640,640,3,2,2.03131306
avgpool_finegrained2_RTDY75.pt,112,513,513,3,2,2.2307883000000004
avgpool_finegrained2_U4M21Z.pt,112,613,613,3,2,2.0415372200000004
avgpool_finegrained2_5C62HL.pt,112,765,765,3,2,2.3131895000000005
avgpool_finegrained2_00LA37.pt,112,605,605,3,2,1.9823691999999997
avgpool_finegrained2_M1S4NW.pt,112,530,530,3,2,1.86734744
avgpool_finegrained2_TO4LSW.pt,112,798,798,3,2,2.3638510200000002
avgpool_finegrained2_7RKUS4.pt,112,817,817,3,2,2.8864291799999995
avgpool_finegrained2_NHD4U1.pt,112,819,819,3,2,2.4516403399999995
avgpool_finegrained2_LY1H4K.pt,112,792,792,3,2,2.5480502800000004
avgpool_finegrained2_GL4B7U.pt,112,718,718,3,2,2.2414594199999995
avgpool_finegrained2_P9LN7J.pt,112,820,820,3,2,2.6255141400000004
avgpool_finegrained2_9PMXYX.pt,112,857,857,3,2,2.5066869599999997
avgpool_finegrained2_QLWFV3.pt,112,744,744,3,2,2.3125756800000006
avgpool_finegrained2_IPXCRU.pt,112,418,418,3,2,1.5203574000000006
avgpool_finegrained2_SQH33P.pt,112,633,633,3,2,2.1704320399999992
avgpool_finegrained2_85ZN9O.pt,112,372,372,3,2,1.7191426600000002
avgpool_finegrained2_IQN10S.pt,112,734,734,3,2,2.13919878
avgpool_finegrained2_BPQ4ZD.pt,56,47,47,3,1,0.8247106000000001
avgpool_finegrained2_AC5895.pt,56,49,49,3,1,0.7005028000000002
avgpool_finegrained2_W7SR8D.pt,56,48,48,3,1,0.6586900800000001
avgpool_finegrained2_S9JMFS.pt,56,29,29,3,1,0.41069228
avgpool_finegrained2_07DCXW.pt,56,45,45,3,1,0.61129328
avgpool_finegrained2_WPH8LO.pt,56,33,33,3,1,0.5984289400000002
avgpool_finegrained2_XW3JID.pt,56,66,66,3,1,0.8920796599999999
avgpool_finegrained2_VRWRIP.pt,56,37,37,3,1,0.6580421800000003
avgpool_finegrained2_T2WKJX.pt,56,62,62,3,1,0.9507748599999999
avgpool_finegrained2_F5AANC.pt,56,54,54,3,1,0.7396736999999995
avgpool_finegrained2_5WBHNH.pt,56,55,55,3,1,0.72695146
avgpool_finegrained2_88LDA1.pt,56,53,53,3,1,0.7021217200000001
avgpool_finegrained2_QU8BDO.pt,56,46,46,3,1,0.8998373399999998
avgpool_finegrained2_0PHIBA.pt,56,57,57,3,1,0.80328898
avgpool_finegrained2_M7WJLM.pt,56,43,43,3,1,0.67778552
avgpool_finegrained2_ZS62EF.pt,56,58,58,3,1,0.8821990800000001
avgpool_finegrained2_VM1Y1J.pt,56,44,44,3,1,0.5953907399999999
avgpool_finegrained2_17AGTW.pt,56,31,31,3,1,0.4816492799999999
avgpool_finegrained2_F7AIPZ.pt,56,42,42,3,1,0.5844776999999998
avgpool_finegrained2_NI27JP.pt,56,40,40,3,1,0.5663804199999999
avgpool_finegrained2_57JFE8.pt,56,53,53,3,2,0.24197721999999997
avgpool_finegrained2_CHQ46N.pt,56,65,65,3,2,0.26618146
avgpool_finegrained2_JHYMO0.pt,56,49,49,3,2,0.21962188000000007
avgpool_finegrained2_NLQ6BO.pt,56,30,30,3,2,0.16551599999999997
avgpool_finegrained2_23TJSD.pt,56,33,33,3,2,0.17276218
avgpool_finegrained2_57A6MM.pt,56,39,39,3,2,0.19066534000000007
avgpool_finegrained2_USSJ3D.pt,56,38,38,3,2,0.22710236000000003
avgpool_finegrained2_UX6DYI.pt,56,35,35,3,2,0.28789284000000004
avgpool_finegrained2_I09GQO.pt,56,48,48,3,2,0.21713512000000001
avgpool_finegrained2_PZU430.pt,56,57,57,3,2,0.3195733
avgpool_finegrained2_O7HE46.pt,56,37,37,3,2,0.18433218000000004
avgpool_finegrained2_9PTDAS.pt,56,34,34,3,2,0.17612058000000005
avgpool_finegrained2_EYV66B.pt,56,44,44,3,2,0.20529534000000005
avgpool_finegrained2_TU48SJ.pt,56,66,66,3,2,0.26896795999999995
avgpool_finegrained2_I7NG8E.pt,56,46,46,3,2,0.22364859999999992
avgpool_finegrained2_25JSW0.pt,56,59,59,3,2,0.24875182000000007
avgpool_finegrained2_4WK2KJ.pt,56,36,36,3,2,0.20603049999999992
avgpool_finegrained2_9T1Q4J.pt,56,45,45,3,2,0.30131149999999995
avgpool_finegrained2_Q90A3P.pt,56,54,54,3,2,0.23482478
avgpool_finegrained2_JBGIXF.pt,56,40,40,3,2,0.19260734000000002
avgpool_finegrained2_Y3CR8G.pt,56,162,162,2,2,0.5027005
avgpool_finegrained2_IU2BAI.pt,56,223,223,2,2,0.13854428
avgpool_finegrained2_7OMABP.pt,56,147,147,2,2,0.5423882200000001
avgpool_finegrained2_LZB53S.pt,56,136,136,2,2,0.4333636
avgpool_finegrained2_B2RNY7.pt,56,139,139,2,2,0.58962234
avgpool_finegrained2_1N39EL.pt,56,252,252,2,2,0.8017299399999999
avgpool_finegrained2_S0QI2R.pt,56,244,244,2,2,1.0064932199999999
avgpool_finegrained2_PG0WJW.pt,56,172,172,2,2,0.5459982400000001
avgpool_finegrained2_XNKOAQ.pt,56,151,151,2,2,0.5693870200000001
avgpool_finegrained2_KRM66X.pt,56,206,206,2,2,0.6808010999999999
avgpool_finegrained2_KAN1IB.pt,56,173,173,2,2,0.56477642
avgpool_finegrained2_IIYUKA.pt,56,212,212,2,2,0.7832439799999998
avgpool_finegrained2_VOU1U7.pt,56,141,141,2,2,0.5086361999999999
avgpool_finegrained2_QCEDI8.pt,56,214,214,2,2,0.6967158600000001
avgpool_finegrained2_Z8BDPY.pt,56,205,205,2,2,0.8273399399999997
avgpool_finegrained2_SO6MWF.pt,56,180,180,2,2,0.7914501600000001
avgpool_finegrained2_DSCP6M.pt,56,148,148,2,2,0.5167744400000001
avgpool_finegrained2_8HYUWF.pt,56,215,215,2,2,0.6719901200000001
avgpool_finegrained2_4JV9Y3.pt,56,189,189,2,2,0.58439346
avgpool_finegrained2_PQLJRD.pt,56,137,137,2,2,0.52135572
avgpool_finegrained2_G48GQU.pt,14,220,220,2,2,0.14462461999999998
avgpool_finegrained2_K2WQAU.pt,14,124,124,2,2,0.09933171999999998
avgpool_finegrained2_UO4U5F.pt,14,155,155,2,2,0.10225491999999999
avgpool_finegrained2_JE80Z0.pt,14,194,194,2,2,0.11412913999999998
avgpool_finegrained2_UGBRLQ.pt,14,223,223,2,2,0.11506753999999995
avgpool_finegrained2_WUCMHE.pt,14,145,145,2,2,0.09850744
avgpool_finegrained2_OXASN9.pt,14,164,164,2,2,0.10524381999999999
avgpool_finegrained2_O6N2FA.pt,14,269,269,2,2,0.12923916000000005
avgpool_finegrained2_S3QNA4.pt,14,234,234,2,2,0.12703057999999998
avgpool_finegrained2_04V94L.pt,14,262,262,2,2,0.1184698
avgpool_finegrained2_C6KDPC.pt,14,250,250,2,2,0.12704459999999998
avgpool_finegrained2_DJTN90.pt,14,177,177,2,2,0.10309822
avgpool_finegrained2_98183A.pt,14,163,163,2,2,0.11886313999999999
avgpool_finegrained2_9GKKG7.pt,14,171,171,2,2,0.10414534000000002
avgpool_finegrained2_ZBAB8B.pt,14,150,150,2,2,0.10136415999999998
avgpool_finegrained2_BWKK78.pt,14,162,162,2,2,0.10244836000000002
avgpool_finegrained2_YETDRH.pt,14,231,231,2,2,0.11487234
avgpool_finegrained2_CNKRAD.pt,14,170,170,2,2,0.10541267999999998
avgpool_finegrained2_L00Y0P.pt,14,213,213,2,2,0.11991007999999997
avgpool_finegrained2_NLHY79.pt,14,166,166,2,2,0.10542642
avgpool_finegrained2_QNL10S.pt,112,339,339,2,2,1.4416525199999999
avgpool_finegrained2_KJZILG.pt,112,257,257,2,2,1.4011585799999997
avgpool_finegrained2_JONWKW.pt,112,419,419,2,2,1.4905734399999997
avgpool_finegrained2_CX8T4R.pt,112,390,390,2,2,1.7709367200000004
avgpool_finegrained2_YO71U0.pt,112,250,250,2,2,1.4931674999999998
avgpool_finegrained2_R4VIHQ.pt,112,520,520,2,2,1.6441890199999998
avgpool_finegrained2_MTGBML.pt,112,303,303,2,2,1.5292188999999992
avgpool_finegrained2_K7GTLL.pt,112,308,308,2,2,1.3343194600000003
avgpool_finegrained2_1J6HS4.pt,112,446,446,2,2,1.48142102
avgpool_finegrained2_875CSK.pt,112,305,305,2,2,1.3690493399999997
avgpool_finegrained2_AUEHR3.pt,112,517,517,2,2,1.7205606000000007
avgpool_finegrained2_MRNXP1.pt,112,294,294,2,2,1.2109054800000003
avgpool_finegrained2_7DC63P.pt,112,516,516,2,2,1.7595840200000001
avgpool_finegrained2_N9XNVA.pt,112,397,397,2,2,1.5722718599999996
avgpool_finegrained2_15DNAX.pt,112,361,361,2,2,1.5088094799999998
avgpool_finegrained2_YUU07W.pt,112,330,330,2,2,1.5221489
avgpool_finegrained2_X48YN9.pt,112,412,412,2,2,1.4261872000000002
avgpool_finegrained2_OUTR5B.pt,112,242,242,2,2,0.85706538
avgpool_finegrained2_FUS0ZQ.pt,112,365,365,2,2,1.3182459599999998
avgpool_finegrained2_G6ZKQP.pt,112,490,490,2,2,1.6774799799999993
avgpool_finegrained2_27UMNU.pt,14,268,268,3,2,0.13761127999999995
avgpool_finegrained2_6V735B.pt,14,173,173,3,2,0.13333142000000003
avgpool_finegrained2_LHR0OY.pt,14,249,249,3,2,0.12862976000000004
avgpool_finegrained2_N3X3RP.pt,14,238,238,3,2,0.11924819999999997
avgpool_finegrained2_515KI2.pt,14,156,156,3,2,0.10606655999999996
avgpool_finegrained2_WL9QNF.pt,14,332,332,3,2,0.21250475999999996
avgpool_finegrained2_4G66ZD.pt,14,166,166,3,2,0.10896898000000001
avgpool_finegrained2_9HBY62.pt,14,297,297,3,2,0.12935312000000004
avgpool_finegrained2_J5XC4Q.pt,14,371,371,3,2,0.16390910000000006
avgpool_finegrained2_F27B5M.pt,14,181,181,3,2,0.10978948000000001
avgpool_finegrained2_AFAIP9.pt,14,267,267,3,2,0.12725875999999997
avgpool_finegrained2_8O4L58.pt,14,212,212,3,2,0.09519921999999999
avgpool_finegrained2_GWH4AC.pt,14,206,206,3,2,0.11470439999999998
avgpool_finegrained2_ERR3WH.pt,14,220,220,3,2,0.11835948000000003
avgpool_finegrained2_QOZ8N6.pt,14,339,339,3,2,0.13465467999999997
avgpool_finegrained2_O6XV95.pt,14,215,215,3,2,0.11305805999999999
avgpool_finegrained2_WM1TKM.pt,14,326,326,3,2,0.13671784
avgpool_finegrained2_UA24UW.pt,14,285,285,3,2,0.12689654
avgpool_finegrained2_VA4OXI.pt,14,241,241,3,2,0.11618887999999998
avgpool_finegrained2_NLYJ01.pt,14,227,227,3,2,0.12744493999999998
avgpool_finegrained2_WMYJEJ.pt,14,555,555,2,2,0.17944404
avgpool_finegrained2_B713N3.pt,14,275,275,2,2,0.12403036
avgpool_finegrained2_TWNIAX.pt,14,330,330,2,2,0.12684753999999998
avgpool_finegrained2_ALXHLP.pt,14,376,376,2,2,0.14451758
avgpool_finegrained2_TXCZI3.pt,14,374,374,2,2,0.14995376
avgpool_finegrained2_I61IO3.pt,14,476,476,2,2,0.17241582
avgpool_finegrained2_RKU8Z1.pt,14,457,457,2,2,0.16225030000000001
avgpool_finegrained2_JKNNV9.pt,14,471,471,2,2,0.17484856000000001
avgpool_finegrained2_4P9WUO.pt,14,427,427,2,2,0.16183563999999998
avgpool_finegrained2_BI6LJR.pt,14,571,571,2,2,0.17037376
avgpool_finegrained2_LUKDYS.pt,14,420,420,2,2,0.14483622000000002
avgpool_finegrained2_FLGVKE.pt,14,585,585,2,2,0.17459774000000003
avgpool_finegrained2_RE4J9Y.pt,14,455,455,2,2,0.15523332
avgpool_finegrained2_PANS8E.pt,14,499,499,2,2,0.17269397999999994
avgpool_finegrained2_OZDLQV.pt,14,332,332,2,2,0.1449266
avgpool_finegrained2_P4AOW2.pt,14,326,326,2,2,0.12612559999999998
avgpool_finegrained2_68H0P7.pt,14,598,598,2,2,0.17356725999999997
avgpool_finegrained2_V5NXCU.pt,14,253,253,2,2,0.11533866
avgpool_finegrained2_CBPIVB.pt,14,589,589,2,2,0.17385921999999998
avgpool_finegrained2_LDVIV9.pt,14,528,528,2,2,0.16270496
avgpool_finegrained2_XYFDTN.pt,14,381,381,3,2,0.15956668000000002
avgpool_finegrained2_2ZI5I0.pt,14,391,391,3,2,0.029624840000000003
avgpool_finegrained2_VM8O1V.pt,14,345,345,3,2,0.13363668
avgpool_finegrained2_TP8TF2.pt,14,467,467,3,2,0.20894367999999994
avgpool_finegrained2_6DKTBP.pt,14,286,286,3,2,0.12630850000000005
avgpool_finegrained2_ET4TJD.pt,14,623,623,3,2,0.22886221999999998
avgpool_finegrained2_JTRD9R.pt,14,547,547,3,2,0.20332911999999997
avgpool_finegrained2_RD9FL8.pt,14,582,582,3,2,0.21597509999999998
avgpool_finegrained2_H91P5O.pt,14,358,358,3,2,0.16451452
avgpool_finegrained2_ZFR5IB.pt,14,446,446,3,2,0.17261595999999998
avgpool_finegrained2_P4ZIT2.pt,14,430,430,3,2,0.16900698000000006
avgpool_finegrained2_HT190B.pt,14,451,451,3,2,0.17616042000000004
avgpool_finegrained2_3JYWDO.pt,14,578,578,3,2,0.20193546
avgpool_finegrained2_NF0QJA.pt,14,388,388,3,2,0.17747604000000006
avgpool_finegrained2_ZFYS0E.pt,14,377,377,3,2,0.1711932
avgpool_finegrained2_H88MZN.pt,14,285,285,3,2,0.14257441999999998
avgpool_finegrained2_JD683X.pt,14,401,401,3,2,0.19849344000000002
avgpool_finegrained2_Y9FTQ0.pt,14,509,509,3,2,0.187589
avgpool_finegrained2_9GT7Z0.pt,14,493,493,3,2,0.19074036000000005
avgpool_finegrained2_ZHB1QS.pt,14,352,352,3,2,0.14012286
avgpool_finegrained2_9E58I0.pt,14,266,266,2,2,0.13061218
avgpool_finegrained2_Y9A02L.pt,14,256,256,2,2,0.13090052000000005
avgpool_finegrained2_RC7NRB.pt,14,480,480,2,2,0.18167058
avgpool_finegrained2_ACSG7H.pt,14,518,518,2,2,0.16937834
avgpool_finegrained2_LVWGJY.pt,14,453,453,2,2,0.15499662
avgpool_finegrained2_RZ5C2K.pt,14,496,496,2,2,0.16038731999999997
avgpool_finegrained2_Y8H4QW.pt,14,360,360,2,2,0.19950301999999998
avgpool_finegrained2_VTH4E1.pt,14,343,343,2,2,0.13844112000000006
avgpool_finegrained2_PDQX1Q.pt,14,561,561,2,2,0.16878863999999993
avgpool_finegrained2_G6YW41.pt,14,260,260,2,2,0.11680874000000001
avgpool_finegrained2_KCQT0E.pt,14,325,325,2,2,0.17606952000000003
avgpool_finegrained2_Z5TM02.pt,14,443,443,2,2,0.11032155999999997
avgpool_finegrained2_NW0RC0.pt,14,395,395,2,2,0.14230718
avgpool_finegrained2_8B0I8C.pt,14,262,262,2,2,0.11711928
avgpool_finegrained2_TCNYOK.pt,14,300,300,2,2,0.12805852
avgpool_finegrained2_5OEU25.pt,14,466,466,2,2,0.15545029999999999
avgpool_finegrained2_0S4Q4U.pt,14,323,323,2,2,0.13073934000000004
avgpool_finegrained2_YG8EKI.pt,14,455,455,2,2,0.15549398
avgpool_finegrained2_FEGD77.pt,14,327,327,2,2,0.13528163999999998
avgpool_finegrained2_H4ZL9O.pt,14,365,365,2,2,0.14985734
avgpool_finegrained2_DH7KWK.pt,28,484,484,3,2,0.44147866
avgpool_finegrained2_L3AJ38.pt,28,518,518,3,2,0.48839030000000005
avgpool_finegrained2_T7TIK5.pt,28,547,547,3,2,0.7437226800000002
avgpool_finegrained2_ECSAO2.pt,28,485,485,3,2,0.5403416399999998
avgpool_finegrained2_HX1IXA.pt,28,538,538,3,2,0.5700432999999999
avgpool_finegrained2_4SB4ZX.pt,28,309,309,3,2,0.3652793
avgpool_finegrained2_JWV9EA.pt,28,396,396,3,2,0.3997702600000001
avgpool_finegrained2_PF1ZBM.pt,28,514,514,3,2,0.5321432000000001
avgpool_finegrained2_CZS2AA.pt,28,706,706,3,2,0.6377710400000003
avgpool_finegrained2_RN8FQP.pt,28,676,676,3,2,0.6892560799999998
avgpool_finegrained2_Q531KV.pt,28,698,698,3,2,0.8590029800000003
avgpool_finegrained2_GGXQOV.pt,28,654,654,3,2,0.2650322200000001
avgpool_finegrained2_GUHLMT.pt,28,576,576,3,2,0.5568025799999999
avgpool_finegrained2_ZZXSC6.pt,28,317,317,3,2,0.30311873999999994
avgpool_finegrained2_FHYDX9.pt,28,300,300,3,2,0.33787752000000004
avgpool_finegrained2_O9JM1G.pt,28,564,564,3,2,0.5072816000000002
avgpool_finegrained2_UJ4S0P.pt,28,583,583,3,2,0.53087674
avgpool_finegrained2_VIMLEZ.pt,28,451,451,3,2,0.48227619999999993
avgpool_finegrained2_RT2TNO.pt,28,495,495,3,2,0.5180081400000001
avgpool_finegrained2_519XI7.pt,28,368,368,3,2,0.38138602000000005
avgpool_finegrained2_1RRTR5.pt,56,155,155,3,2,0.65247766
avgpool_finegrained2_5TSB07.pt,56,126,126,3,2,0.49169648000000005
avgpool_finegrained2_ZHCGHV.pt,56,84,84,3,2,0.3234220599999999
avgpool_finegrained2_EC96Z5.pt,56,97,97,3,2,0.37063826000000005
avgpool_finegrained2_KH6HE7.pt,56,134,134,3,2,0.47329584
avgpool_finegrained2_PWH14W.pt,56,92,92,3,2,0.4679634999999999
avgpool_finegrained2_TBBEO4.pt,56,114,114,3,2,0.53845728
avgpool_finegrained2_CJTXOB.pt,56,169,169,3,2,0.91888752
avgpool_finegrained2_G034M3.pt,56,112,112,3,2,0.49354457999999995
avgpool_finegrained2_S4H339.pt,56,117,117,3,2,0.5370915199999998
avgpool_finegrained2_3NBNBA.pt,56,93,93,3,2,0.40718703999999994
avgpool_finegrained2_FMKEP5.pt,56,142,142,3,2,0.62120782
avgpool_finegrained2_1Q0YBZ.pt,56,154,154,3,2,0.6372986800000001
avgpool_finegrained2_P3DHP2.pt,56,165,165,3,2,0.8211918
avgpool_finegrained2_AJR79B.pt,56,80,80,3,2,0.41742921999999993
avgpool_finegrained2_OJYT1U.pt,56,95,95,3,2,0.48717817999999996
avgpool_finegrained2_Q0MJT5.pt,56,106,106,3,2,0.41158904000000013
avgpool_finegrained2_LQRXP9.pt,56,168,168,3,2,0.6610451800000001
avgpool_finegrained2_9PYX69.pt,56,76,76,3,2,0.3070969
avgpool_finegrained2_FZ7RWZ.pt,56,156,156,3,2,0.6508776599999997
avgpool_finegrained2_HWDHWC.pt,56,315,315,3,2,1.17285252
avgpool_finegrained2_IQDDLB.pt,56,354,354,3,2,1.11824338
avgpool_finegrained2_5E3V1X.pt,56,320,320,3,2,1.05361686
avgpool_finegrained2_ZZTX0N.pt,56,244,244,3,2,1.0372889399999998
avgpool_finegrained2_UR9VQ7.pt,56,226,226,3,2,0.7585274399999998
avgpool_finegrained2_MDJ65K.pt,56,304,304,3,2,1.1037157200000003
avgpool_finegrained2_59LCBW.pt,56,171,171,3,2,0.6051548800000001
avgpool_finegrained2_HASOON.pt,56,245,245,3,2,0.83367168
avgpool_finegrained2_R49E5H.pt,56,276,276,3,2,0.9794272199999996
avgpool_finegrained2_UW97JJ.pt,56,328,328,3,2,1.13280278
avgpool_finegrained2_3PQBS1.pt,56,160,160,3,2,0.79518086
avgpool_finegrained2_58RHDU.pt,56,330,330,3,2,1.0197780799999998
avgpool_finegrained2_YYH1HL.pt,56,338,338,3,2,1.0261727799999998
avgpool_finegrained2_SC39S0.pt,56,295,295,3,2,1.00776856
avgpool_finegrained2_Z2ARZY.pt,56,199,199,3,2,0.6798484200000001
avgpool_finegrained2_KVOSCD.pt,56,340,340,3,2,1.1575271199999997
avgpool_finegrained2_VUV7HC.pt,56,175,175,3,2,0.7097738
avgpool_finegrained2_JZ3QOW.pt,56,341,341,3,2,1.1818115999999999
avgpool_finegrained2_V7LP09.pt,56,234,234,3,2,0.8991819799999999
avgpool_finegrained2_Z8QO8S.pt,56,241,241,3,2,1.0577281399999996
avgpool_finegrained2_IMEW2L.pt,28,522,522,3,2,0.4730331400000001
avgpool_finegrained2_8FSTKJ.pt,28,325,325,3,2,0.10783784
avgpool_finegrained2_WT5JQ6.pt,28,582,582,3,2,0.6019391
avgpool_finegrained2_UOE4QF.pt,28,446,446,3,2,0.41311805999999995
avgpool_finegrained2_9WZA97.pt,28,479,479,3,2,0.43671207999999995
avgpool_finegrained2_ZGVOMJ.pt,28,588,588,3,2,0.51464746
avgpool_finegrained2_6Z2RJO.pt,28,425,425,3,2,0.3943957199999999
avgpool_finegrained2_ET9QWC.pt,28,640,640,3,2,0.6430335000000003
avgpool_finegrained2_IL0V2I.pt,28,609,609,3,2,0.5944159599999999
avgpool_finegrained2_AJUVOW.pt,28,427,427,3,2,0.4210649399999999
avgpool_finegrained2_4ASV5D.pt,28,662,662,3,2,0.5751293399999998
avgpool_finegrained2_35Z1I4.pt,28,443,443,3,2,0.5889189199999999
avgpool_finegrained2_ED05GS.pt,28,422,422,3,2,0.3954884800000001
avgpool_finegrained2_2ZGQ3H.pt,28,380,380,3,2,0.43774924
avgpool_finegrained2_TSF94M.pt,28,437,437,3,2,0.40935176000000006
avgpool_finegrained2_G8NPDX.pt,28,343,343,3,2,0.33520716000000006
avgpool_finegrained2_GCXNYP.pt,28,593,593,3,2,0.5225868200000001
avgpool_finegrained2_13RMML.pt,28,553,553,3,2,0.49611382
avgpool_finegrained2_H5E5IG.pt,28,534,534,3,2,0.59361598
avgpool_finegrained2_EG567X.pt,28,409,409,3,2,0.39769136000000005
avgpool_finegrained2_0O7T3P.pt,14,15,15,2,1,0.08512155999999999
avgpool_finegrained2_FDP8M5.pt,14,23,23,2,1,0.08985159999999999
avgpool_finegrained2_Z1REGN.pt,14,20,20,2,1,0.08610982000000002
avgpool_finegrained2_YHMMRH.pt,14,14,14,2,1,0.0932293
avgpool_finegrained2_ZBIB1G.pt,14,19,19,2,1,0.09790143999999999
avgpool_finegrained2_A9X05P.pt,14,24,24,2,1,0.0902434
avgpool_finegrained2_TR6R5F.pt,14,17,17,2,1,0.10748698000000001
avgpool_finegrained2_NOAW51.pt,14,21,21,2,1,0.11793024
avgpool_finegrained2_N5ZIH5.pt,14,12,12,2,1,0.08031536
avgpool_finegrained2_ZX8AT2.pt,14,22,22,2,1,0.08984138000000001
avgpool_finegrained2_8NN1LH.pt,14,10,10,2,1,0.10169128000000002
avgpool_finegrained2_13ECKZ.pt,14,11,11,2,1,0.07994414000000001
avgpool_finegrained2_RNK10M.pt,14,13,13,2,1,0.10305002
avgpool_finegrained2_VKP43V.pt,14,16,16,2,1,0.09552133999999998
avgpool_finegrained2_V1INZN.pt,14,18,18,2,1,0.09858211999999998
avgpool_finegrained2_62ALJ0.pt,56,226,226,3,2,0.9564222600000002
avgpool_finegrained2_0FOMPM.pt,56,219,219,3,2,0.89022356
avgpool_finegrained2_K1W3L1.pt,56,251,251,3,2,0.8341239400000003
avgpool_finegrained2_JCS3BN.pt,56,249,249,3,2,0.9137431200000004
avgpool_finegrained2_MZCHJQ.pt,56,263,263,3,2,0.8992081599999997
avgpool_finegrained2_VNONUD.pt,56,233,233,3,2,0.8609913600000002
avgpool_finegrained2_D3BGI8.pt,56,209,209,3,2,0.9656313399999997
avgpool_finegrained2_EX9K2L.pt,56,134,134,3,2,0.60407388
avgpool_finegrained2_9BPTJ2.pt,56,153,153,3,2,0.58706704
avgpool_finegrained2_MCTN71.pt,56,136,136,3,2,0.5798538399999998
avgpool_finegrained2_UYA3DU.pt,56,266,266,3,2,0.9774715199999997
avgpool_finegrained2_AHEFYT.pt,56,139,139,3,2,0.6743081199999998
avgpool_finegrained2_B8PI68.pt,56,205,205,3,2,0.8069747
avgpool_finegrained2_85JBEI.pt,56,166,166,3,2,0.56269962
avgpool_finegrained2_2D0UDQ.pt,56,160,160,3,2,0.6400271
avgpool_finegrained2_L8UXAB.pt,56,265,265,3,2,0.9503583200000001
avgpool_finegrained2_J4242G.pt,56,242,242,3,2,0.17097423999999994
avgpool_finegrained2_WYUV2P.pt,56,259,259,3,2,1.02077458
avgpool_finegrained2_ZN6LCO.pt,56,204,204,3,2,0.78095442
avgpool_finegrained2_UYNPTD.pt,56,211,211,3,2,0.85636954
avgpool_finegrained2_NM1IG2.pt,28,43,43,2,1,0.22425176
avgpool_finegrained2_KQ39RP.pt,28,58,58,2,1,0.23542183999999988
avgpool_finegrained2_KWH3UT.pt,28,36,36,2,1,0.26156906
avgpool_finegrained2_CDQWA8.pt,28,29,29,2,1,0.15368469999999998
avgpool_finegrained2_8G7YS9.pt,28,55,55,2,1,0.25811096
avgpool_finegrained2_B18L42.pt,28,47,47,2,1,0.20301800000000003
avgpool_finegrained2_Z20OGB.pt,28,53,53,2,1,0.26872636000000005
avgpool_finegrained2_9HHW38.pt,28,50,50,2,1,0.23008681999999994
avgpool_finegrained2_5BYHXN.pt,28,33,33,2,1,0.18145604000000007
avgpool_finegrained2_IDZMR4.pt,28,41,41,2,1,0.19585329999999995
avgpool_finegrained2_HSCKAO.pt,28,39,39,2,1,0.20350286
avgpool_finegrained2_8QMQDQ.pt,28,27,27,2,1,0.17486272000000003
avgpool_finegrained2_ZJ25FB.pt,28,59,59,2,1,0.26386434
avgpool_finegrained2_UQJDO6.pt,28,54,54,2,1,0.36363796
avgpool_finegrained2_9B7GI8.pt,28,49,49,2,1,0.25651928
avgpool_finegrained2_5OVHH0.pt,28,45,45,2,1,0.26022105999999995
avgpool_finegrained2_ARZQUJ.pt,28,37,37,2,1,0.24691632000000002
avgpool_finegrained2_Q1AUW6.pt,28,52,52,2,1,0.24161914000000004
avgpool_finegrained2_XG7HBF.pt,28,31,31,2,1,0.16090836
avgpool_finegrained2_AJ7AER.pt,28,40,40,2,1,0.25171506
avgpool_finegrained2_SL9U9C.pt,28,526,526,3,2,0.5726829999999999
avgpool_finegrained2_0ETK29.pt,28,523,523,3,2,0.5805510599999999
avgpool_finegrained2_LIL7U3.pt,28,411,411,3,2,0.38469814
avgpool_finegrained2_I4N4D0.pt,28,527,527,3,2,0.51391582
avgpool_finegrained2_6SMP8W.pt,28,264,264,3,2,0.29283088
avgpool_finegrained2_I0OVB3.pt,28,580,580,3,2,0.5882960599999998
avgpool_finegrained2_APDAMZ.pt,28,296,296,3,2,0.30495046000000003
avgpool_finegrained2_MUU5LT.pt,28,623,623,3,2,0.5450298200000001
avgpool_finegrained2_912A81.pt,28,574,574,3,2,0.5110831800000001
avgpool_finegrained2_STK3CD.pt,28,600,600,3,2,0.6300259799999999
avgpool_finegrained2_9VC5WZ.pt,28,322,322,3,2,0.3207929
avgpool_finegrained2_0QOJPV.pt,28,337,337,3,2,0.32928947999999997
avgpool_finegrained2_T2EKWV.pt,28,414,414,3,2,0.38689768
avgpool_finegrained2_6LZWVW.pt,28,521,521,3,2,0.79083374
avgpool_finegrained2_4V3SLA.pt,28,540,540,3,2,0.49447584000000006
avgpool_finegrained2_82FN18.pt,28,350,350,3,2,0.4919884400000001
avgpool_finegrained2_MTI1CG.pt,28,355,355,3,2,0.45913705999999993
avgpool_finegrained2_VLCOT3.pt,28,489,489,3,2,0.4434249800000001
avgpool_finegrained2_KZTPJX.pt,28,581,581,3,2,0.54538876
avgpool_finegrained2_N7NT2J.pt,28,594,594,3,2,0.61588636
avgpool_finegrained2_JS3RTZ.pt,56,42,42,2,1,0.65491018
avgpool_finegrained2_4FL35M.pt,56,34,34,2,1,0.4463533
avgpool_finegrained2_N2015D.pt,56,59,59,2,1,0.93235544
avgpool_finegrained2_K5JGJO.pt,56,48,48,2,1,0.67979904
avgpool_finegrained2_MPGUQQ.pt,56,33,33,2,1,0.51787174
avgpool_finegrained2_DKYSY9.pt,56,29,29,2,1,0.5434794400000001
avgpool_finegrained2_ZS68W6.pt,56,61,61,2,1,0.188294
avgpool_finegrained2_4RU1YN.pt,56,56,56,2,1,0.68461712
avgpool_finegrained2_E5AVRT.pt,56,32,32,2,1,0.4284246599999998
avgpool_finegrained2_XM12AD.pt,56,63,63,2,1,0.75708186
avgpool_finegrained2_ZCOTZR.pt,56,49,49,2,1,0.6891288999999999
avgpool_finegrained2_30IP94.pt,56,35,35,2,1,0.44014753999999995
avgpool_finegrained2_PZZJDE.pt,56,53,53,2,1,0.8195475000000001
avgpool_finegrained2_3ZWEFQ.pt,56,40,40,2,1,0.5078601400000001
avgpool_finegrained2_PL7P4M.pt,56,47,47,2,1,0.5989587799999999
avgpool_finegrained2_VCMPZ8.pt,56,57,57,2,1,0.68436982
avgpool_finegrained2_4AA56F.pt,56,30,30,2,1,0.44467313999999986
avgpool_finegrained2_8F5I1A.pt,56,41,41,2,1,0.52029094
avgpool_finegrained2_DISPF3.pt,56,44,44,2,1,0.7313499400000001
avgpool_finegrained2_XA7DZL.pt,56,54,54,2,1,0.8093162400000001
avgpool_finegrained2_KKSTOW.pt,28,142,142,2,1,0.52513916
avgpool_finegrained2_0ZOR6O.pt,28,130,130,2,1,0.7241242799999997
avgpool_finegrained2_OJWKV0.pt,28,102,102,2,1,0.40603878000000004
avgpool_finegrained2_1RH2L7.pt,28,109,109,2,1,0.57275444
avgpool_finegrained2_VN9MAV.pt,28,126,126,2,1,0.4969083999999999
avgpool_finegrained2_RBANMC.pt,28,83,83,2,1,0.3609495199999999
avgpool_finegrained2_EDC1H1.pt,28,92,92,2,1,0.32961714000000003
avgpool_finegrained2_5LHDVH.pt,28,118,118,2,1,0.4637154000000001
avgpool_finegrained2_TNAXOZ.pt,28,112,112,2,1,0.3879315400000001
avgpool_finegrained2_HN5UT6.pt,28,99,99,2,1,0.34994170000000013
avgpool_finegrained2_VSIIK6.pt,28,77,77,2,1,0.43361192000000004
avgpool_finegrained2_N5VCBO.pt,28,136,136,2,1,0.5846566000000002
avgpool_finegrained2_SBVPN0.pt,28,110,110,2,1,0.52009468
avgpool_finegrained2_S62SG3.pt,28,113,113,2,1,0.5218582399999999
avgpool_finegrained2_0VRBQ2.pt,28,111,111,2,1,0.39801886
avgpool_finegrained2_G3C6RV.pt,28,148,148,2,1,0.53556768
avgpool_finegrained2_0IBGLI.pt,28,74,74,2,1,0.27718494
avgpool_finegrained2_0AFK7P.pt,28,72,72,2,1,0.2834403400000001
avgpool_finegrained2_7S4AVW.pt,28,75,75,2,1,0.2897245400000001
avgpool_finegrained2_02BLIE.pt,28,107,107,2,1,0.3902484199999999
avgpool_finegrained2_FJTAOW.pt,28,357,357,3,2,0.48592275999999984
avgpool_finegrained2_B53VQR.pt,28,298,298,3,2,0.33870806000000003
avgpool_finegrained2_XAUTON.pt,28,499,499,3,2,0.5891253000000001
avgpool_finegrained2_O04U3V.pt,28,591,591,3,2,0.6166890399999999
avgpool_finegrained2_S6M869.pt,28,421,421,3,2,0.41695305999999993
avgpool_finegrained2_YEPDOT.pt,28,311,311,3,2,0.35145995999999996
avgpool_finegrained2_LA2YYA.pt,28,367,367,3,2,0.35288778
avgpool_finegrained2_4BWU7S.pt,28,477,477,3,2,0.4380626600000001
avgpool_finegrained2_7Z255L.pt,28,392,392,3,2,0.4253557599999999
avgpool_finegrained2_QXBNO6.pt,28,468,468,3,2,0.7385211799999999
avgpool_finegrained2_14JKY6.pt,28,270,270,3,2,0.34377952
avgpool_finegrained2_QEGDL8.pt,28,403,403,3,2,0.49528526000000006
avgpool_finegrained2_8CUTIT.pt,28,494,494,3,2,0.4693660400000001
avgpool_finegrained2_9KHGM1.pt,28,551,551,3,2,0.48900002000000015
avgpool_finegrained2_2F60NX.pt,28,383,383,3,2,0.38355427999999997
avgpool_finegrained2_WNUUKF.pt,28,363,363,3,2,0.5468475999999999
avgpool_finegrained2_WKZ005.pt,28,387,387,3,2,0.13323309999999997
avgpool_finegrained2_87QI21.pt,28,555,555,3,2,0.7920898799999999
avgpool_finegrained2_WB5D50.pt,28,297,297,3,2,0.3561550399999999
avgpool_finegrained2_EKYAV9.pt,28,317,317,3,2,0.33711121999999993
avgpool_finegrained2_M49VQM.pt,14,217,217,3,2,0.10104296
avgpool_finegrained2_0QTKUM.pt,14,252,252,3,2,0.12152248
avgpool_finegrained2_ZCIBB1.pt,14,167,167,3,2,0.10602006000000001
avgpool_finegrained2_2TWG8O.pt,14,227,227,3,2,0.11727885999999998
avgpool_finegrained2_93DO2F.pt,14,140,140,3,2,0.10144726000000003
avgpool_finegrained2_CSMVYH.pt,14,259,259,3,2,0.12063570000000003
avgpool_finegrained2_2ITBTR.pt,14,216,216,3,2,0.11547602
avgpool_finegrained2_I987GE.pt,14,205,205,3,2,0.11581870000000002
avgpool_finegrained2_QFN65Z.pt,14,235,235,3,2,0.11758958
avgpool_finegrained2_LCWKTW.pt,14,280,280,3,2,0.12688720000000003
avgpool_finegrained2_WTUEV8.pt,14,208,208,3,2,0.11178909999999999
avgpool_finegrained2_4D34UO.pt,14,243,243,3,2,0.12018634
avgpool_finegrained2_GYCPCV.pt,14,164,164,3,2,0.10732914
avgpool_finegrained2_84REEB.pt,14,180,180,3,2,0.11527164000000005
avgpool_finegrained2_ITZQOM.pt,14,183,183,3,2,0.1181156
avgpool_finegrained2_NQG97I.pt,14,258,258,3,2,0.13033540000000002
avgpool_finegrained2_LBNCQ2.pt,14,192,192,3,2,0.15450130000000004
avgpool_finegrained2_1T9W7E.pt,14,257,257,3,2,0.1346603
avgpool_finegrained2_UUC1UM.pt,14,279,279,3,2,0.21090636000000007
avgpool_finegrained2_57LE44.pt,14,179,179,3,2,0.11570592000000003
