model_path,HW,CIN,COUT,KERNEL_SIZE,STRIDES,feature_0,feature_1,latency
dwconv-bn-relu_prior_ZRU404.pt,7,15,15,3,2,0.0018375,0.00015,0.07504453999999998
dwconv-bn-relu_prior_G1D4NB.pt,7,21,21,3,2,0.0025725,0.00021,0.12977664000000003
dwconv-bn-relu_prior_BDOSPG.pt,7,11,11,5,2,0.0035035,0.000286,0.12448736
dwconv-bn-relu_prior_ARBH0F.pt,7,46,46,3,2,0.005635,0.00046,0.14002389999999998
dwconv-bn-relu_prior_4F45PD.pt,7,18,18,5,2,0.005733,0.000468,0.13375365999999997
dwconv-bn-relu_prior_JZB36O.pt,7,47,47,3,2,0.0057575,0.00047,0.12395615999999998
dwconv-bn-relu_prior_DHD9C8.pt,7,13,13,3,1,0.00637,0.00013,0.11578810000000002
dwconv-bn-relu_prior_XBV13U.pt,7,52,52,3,2,0.00637,0.00052,0.13370729999999997
dwconv-bn-relu_prior_STVR77.pt,7,65,65,3,2,0.0079625,0.00065,0.12990590000000002
dwconv-bn-relu_prior_C4S15V.pt,7,18,18,3,1,0.00882,0.00018,0.18629060000000003
dwconv-bn-relu_prior_0V45I0.pt,7,19,19,3,1,0.00931,0.00019,0.21334925999999996
dwconv-bn-relu_prior_MPHX34.pt,7,81,81,3,2,0.0099225,0.00081,0.11672462000000002
dwconv-bn-relu_prior_73MADS.pt,7,24,24,3,1,0.01176,0.00024,0.13810276000000002
dwconv-bn-relu_prior_CM3RVI.pt,7,106,106,3,2,0.012985,0.00106,0.12793698000000003
dwconv-bn-relu_prior_2OAGBV.pt,7,27,27,3,1,0.01323,0.00027,0.13687044
dwconv-bn-relu_prior_P0FTFF.pt,7,42,42,5,2,0.013377,0.001092,0.13446292000000004
dwconv-bn-relu_prior_79KU2O.pt,7,11,11,5,1,0.014014,0.000286,0.11368631999999998
dwconv-bn-relu_prior_72HTUQ.pt,7,29,29,3,1,0.01421,0.00029,0.12960310000000003
dwconv-bn-relu_prior_59DMK9.pt,7,118,118,3,2,0.014455,0.00118,0.13255213999999998
dwconv-bn-relu_prior_ZGAG2Y.pt,7,30,30,3,1,0.0147,0.0003,0.1314859
dwconv-bn-relu_prior_1IJUZB.pt,7,32,32,3,1,0.01568,0.00032,0.30611408
dwconv-bn-relu_prior_ZFNA4H.pt,7,13,13,5,1,0.016562,0.000338,0.11645916000000002
dwconv-bn-relu_prior_8CGCP0.pt,7,14,14,5,1,0.017836,0.000364,0.11737442
dwconv-bn-relu_prior_LXME3Z.pt,7,37,37,3,1,0.01813,0.00037,0.13292295999999995
dwconv-bn-relu_prior_YTD2JI.pt,7,57,57,5,2,0.0181545,0.001482,0.13780911999999998
dwconv-bn-relu_prior_8X5UQY.pt,7,39,39,3,1,0.01911,0.00039,0.13883531999999998
dwconv-bn-relu_prior_RJRQP7.pt,14,39,39,3,2,0.01911,0.00039,0.14019115999999998
dwconv-bn-relu_prior_NK25M2.pt,7,40,40,3,1,0.0196,0.0004,0.14945513999999996
dwconv-bn-relu_prior_UVOUXN.pt,7,63,63,5,2,0.0200655,0.001638,0.12067019999999996
dwconv-bn-relu_prior_L2MSOF.pt,7,41,41,3,1,0.02009,0.00041,0.12432144
dwconv-bn-relu_prior_ZYOEFI.pt,7,41,41,3,1,0.02009,0.00041,0.17811327999999996
dwconv-bn-relu_prior_6ZNZMR.pt,7,165,165,3,2,0.0202125,0.00165,0.13846756000000002
dwconv-bn-relu_prior_10O2RG.pt,7,169,169,3,2,0.0207025,0.00169,0.14395293999999997
dwconv-bn-relu_prior_UNVGCV.pt,7,43,43,3,1,0.02107,0.00043,0.13990386
dwconv-bn-relu_prior_7M95FD.pt,7,43,43,3,1,0.02107,0.00043,0.14382369999999997
dwconv-bn-relu_prior_VE0HZF.pt,14,43,43,3,2,0.02107,0.00043,0.15711258
dwconv-bn-relu_prior_B5XWT3.pt,14,44,44,3,2,0.02156,0.00044,0.1536395
dwconv-bn-relu_prior_99WR2C.pt,7,181,181,3,2,0.0221725,0.00181,0.33951286
dwconv-bn-relu_prior_4O48RI.pt,7,70,70,5,2,0.022295,0.00182,0.16260698
dwconv-bn-relu_prior_FZELPL.pt,7,46,46,3,1,0.02254,0.00046,0.14556729999999998
dwconv-bn-relu_prior_WMDTJI.pt,7,18,18,5,1,0.022932,0.000468,0.14403997999999993
dwconv-bn-relu_prior_KY5K5A.pt,7,47,47,3,1,0.02303,0.00047,0.14553048000000002
dwconv-bn-relu_prior_CLW6C5.pt,14,12,12,3,1,0.02352,0.00012,0.24258431999999996
dwconv-bn-relu_prior_SXKGLF.pt,7,48,48,3,1,0.02352,0.00048,0.18613301999999993
dwconv-bn-relu_prior_AGZCW8.pt,7,49,49,3,1,0.02401,0.00049,0.14734123999999998
dwconv-bn-relu_prior_M5NYIA.pt,7,41,41,7,2,0.0251125,0.00205,0.24557129999999996
dwconv-bn-relu_prior_NOVVG7.pt,7,41,41,7,2,0.0251125,0.00205,0.2555261200000001
dwconv-bn-relu_prior_KOLJMT.pt,28,13,13,3,2,0.02548,0.00013,0.13811688
dwconv-bn-relu_prior_KU3SCR.pt,7,54,54,3,1,0.02646,0.00054,0.13309239999999997
dwconv-bn-relu_prior_CLXAZD.pt,7,219,219,3,2,0.0268275,0.00219,0.38702606
dwconv-bn-relu_prior_G8UYOQ.pt,7,56,56,3,1,0.02744,0.00056,0.10572933999999996
dwconv-bn-relu_prior_3L87AF.pt,7,22,22,5,1,0.028028,0.000572,0.1296098
dwconv-bn-relu_prior_L0QEG8.pt,7,91,91,5,2,0.0289835,0.002366,0.13737818
dwconv-bn-relu_prior_0682ZM.pt,14,15,15,3,1,0.0294,0.00015,0.28204553999999993
dwconv-bn-relu_prior_SKIKQ7.pt,7,60,60,3,1,0.0294,0.0006,0.28886099999999987
dwconv-bn-relu_prior_XDCQ1U.pt,7,61,61,3,1,0.02989,0.00061,0.12292029999999998
dwconv-bn-relu_prior_OYIJ1E.pt,7,61,61,3,1,0.02989,0.00061,0.12340606000000003
dwconv-bn-relu_prior_E3OWE8.pt,7,94,94,5,2,0.029939,0.002444,0.12491968000000003
dwconv-bn-relu_prior_2LXDRJ.pt,7,62,62,3,1,0.03038,0.00062,0.4526781200000001
dwconv-bn-relu_prior_9HWAFS.pt,7,62,62,3,1,0.03038,0.00062,0.13456846
dwconv-bn-relu_prior_IV4F41.pt,7,65,65,3,1,0.03185,0.00065,0.12793096
dwconv-bn-relu_prior_2ZGJ4I.pt,7,68,68,3,1,0.03332,0.00068,0.12384330000000002
dwconv-bn-relu_prior_1FKFS2.pt,7,68,68,3,1,0.03332,0.00068,0.13189526
dwconv-bn-relu_prior_1WKPNV.pt,7,68,68,3,1,0.03332,0.00068,0.13068325999999994
dwconv-bn-relu_prior_8K632N.pt,7,68,68,3,1,0.03332,0.00068,0.4262775200000001
dwconv-bn-relu_prior_RIRH5W.pt,7,70,70,3,1,0.0343,0.0007,0.13662387999999995
dwconv-bn-relu_prior_FFFTWN.pt,7,70,70,3,1,0.0343,0.0007,0.13929321999999994
dwconv-bn-relu_prior_CUJUM3.pt,7,109,109,5,2,0.0347165,0.002834,0.12600579999999997
dwconv-bn-relu_prior_FPAP1Y.pt,7,110,110,5,2,0.035035,0.00286,0.12891512
dwconv-bn-relu_prior_A36HCR.pt,7,73,73,3,1,0.03577,0.00073,0.13686552000000005
dwconv-bn-relu_prior_FWPTR1.pt,7,73,73,3,1,0.03577,0.00073,0.13750582
dwconv-bn-relu_prior_RSDCJF.pt,7,74,74,3,1,0.03626,0.00074,0.29315075999999995
dwconv-bn-relu_prior_T7DELA.pt,14,74,74,3,2,0.03626,0.00074,0.23672356
dwconv-bn-relu_prior_KAH0OY.pt,7,75,75,3,1,0.03675,0.00075,0.13190626000000003
dwconv-bn-relu_prior_K4H4UY.pt,7,29,29,5,1,0.036946,0.000754,0.35740807999999996
dwconv-bn-relu_prior_RLMLJL.pt,14,76,76,3,2,0.03724,0.00076,0.3895683000000001
dwconv-bn-relu_prior_SESCJN.pt,7,77,77,3,1,0.03773,0.00077,0.14222039999999997
dwconv-bn-relu_prior_M9NC7O.pt,7,121,121,5,2,0.0385385,0.003146,0.44002340000000006
dwconv-bn-relu_prior_38W6XA.pt,14,20,20,3,1,0.0392,0.0002,0.1443874
dwconv-bn-relu_prior_QBW69X.pt,7,80,80,3,1,0.0392,0.0008,0.40060984
dwconv-bn-relu_prior_7709K4.pt,7,31,31,5,1,0.039494,0.000806,0.1492111
dwconv-bn-relu_prior_R809CJ.pt,14,31,31,5,2,0.039494,0.000806,0.13803542000000002
dwconv-bn-relu_prior_ZRKHAD.pt,7,81,81,3,1,0.03969,0.00081,0.14228565999999995
dwconv-bn-relu_prior_N70I20.pt,7,81,81,3,1,0.03969,0.00081,0.13942862
dwconv-bn-relu_prior_F6Z0D7.pt,14,81,81,3,2,0.03969,0.00081,0.14532154000000003
dwconv-bn-relu_prior_B8QLBU.pt,7,125,125,5,2,0.0398125,0.00325,0.1376627
dwconv-bn-relu_prior_PFIFY2.pt,7,82,82,3,1,0.04018,0.00082,0.13175247999999998
dwconv-bn-relu_prior_0ABY5A.pt,7,82,82,3,1,0.04018,0.00082,0.1406547
dwconv-bn-relu_prior_A86KEF.pt,14,84,84,3,2,0.04116,0.00084,0.13523197999999997
dwconv-bn-relu_prior_1RE7YX.pt,14,84,84,3,2,0.04116,0.00084,0.42776412
dwconv-bn-relu_prior_THI0G7.pt,7,87,87,3,1,0.04263,0.00087,0.14760006
dwconv-bn-relu_prior_MKICL2.pt,14,22,22,3,1,0.04312,0.00022,0.15567566
dwconv-bn-relu_prior_8TVZSR.pt,7,88,88,3,1,0.04312,0.00088,0.22721958
dwconv-bn-relu_prior_4DLUT0.pt,7,34,34,5,1,0.043316,0.000884,0.13801628
dwconv-bn-relu_prior_2I5TON.pt,7,89,89,3,1,0.04361,0.00089,0.12940648
dwconv-bn-relu_prior_ZJOZDW.pt,14,18,18,7,2,0.0441,0.0009,0.22754264
dwconv-bn-relu_prior_AUIAXY.pt,7,92,92,3,1,0.04508,0.00092,0.13234601999999998
dwconv-bn-relu_prior_0VHHSF.pt,7,92,92,3,1,0.04508,0.00092,0.14966162
dwconv-bn-relu_prior_76REH2.pt,7,92,92,3,1,0.04508,0.00092,0.13820955999999998
dwconv-bn-relu_prior_JXGCJL.pt,7,93,93,3,1,0.04557,0.00093,0.13437152
dwconv-bn-relu_prior_LBBIN7.pt,7,93,93,3,1,0.04557,0.00093,0.09200071999999998
dwconv-bn-relu_prior_1QK5HT.pt,7,93,93,3,1,0.04557,0.00093,0.13014911999999998
dwconv-bn-relu_prior_SYR48E.pt,7,95,95,3,1,0.04655,0.00095,0.12726438
dwconv-bn-relu_prior_52G1T9.pt,14,25,25,3,1,0.049,0.00025,0.1289457
dwconv-bn-relu_prior_MT3V93.pt,7,100,100,3,1,0.049,0.001,0.13043243999999998
dwconv-bn-relu_prior_47IM59.pt,7,154,154,5,2,0.049049,0.004004,0.13437858
dwconv-bn-relu_prior_K1UDAK.pt,7,101,101,3,1,0.04949,0.00101,0.13370405999999999
dwconv-bn-relu_prior_5W4OSG.pt,14,39,39,5,2,0.049686,0.001014,0.12742116
dwconv-bn-relu_prior_5E70BR.pt,14,39,39,5,2,0.049686,0.001014,0.13768875999999997
dwconv-bn-relu_prior_ZEXURA.pt,7,39,39,5,1,0.049686,0.001014,0.12773398000000002
dwconv-bn-relu_prior_H400U3.pt,7,103,103,3,1,0.05047,0.00103,0.12024750000000001
dwconv-bn-relu_prior_SFHSE9.pt,7,40,40,5,1,0.05096,0.00104,0.14177231999999998
dwconv-bn-relu_prior_HYGMJ8.pt,7,40,40,5,1,0.05096,0.00104,0.1409126
dwconv-bn-relu_prior_KKN39N.pt,7,40,40,5,1,0.05096,0.00104,0.13585493999999998
dwconv-bn-relu_prior_BJQHKL.pt,7,105,105,3,1,0.05145,0.00105,0.13979534000000002
dwconv-bn-relu_prior_ZTA7KJ.pt,7,163,163,5,2,0.0519155,0.004238,0.16603434
dwconv-bn-relu_prior_WMJ8CZ.pt,7,163,163,5,2,0.0519155,0.004238,0.14167680000000002
dwconv-bn-relu_prior_ET96S3.pt,14,106,106,3,2,0.05194,0.00106,0.13616675999999997
dwconv-bn-relu_prior_GNS55S.pt,7,109,109,3,1,0.05341,0.00109,0.31733227999999997
dwconv-bn-relu_prior_OL6NFR.pt,7,109,109,3,1,0.05341,0.00109,0.13606938000000002
dwconv-bn-relu_prior_VGRGX3.pt,7,42,42,5,1,0.053508,0.001092,0.12568556
dwconv-bn-relu_prior_Y9V270.pt,7,42,42,5,1,0.053508,0.001092,0.13132216000000008
dwconv-bn-relu_prior_52DG2A.pt,7,43,43,5,1,0.054782,0.001118,0.12439413999999997
dwconv-bn-relu_prior_4CO7QW.pt,7,175,175,5,2,0.0557375,0.00455,0.12739098000000001
dwconv-bn-relu_prior_FQM5GM.pt,14,11,11,5,1,0.056056,0.000286,0.13624843999999994
dwconv-bn-relu_prior_9U6JBH.pt,7,176,176,5,2,0.056056,0.004576,0.13690896
dwconv-bn-relu_prior_ZS78JC.pt,7,118,118,3,1,0.05782,0.00118,0.28433418
dwconv-bn-relu_prior_1W6G2C.pt,14,46,46,5,2,0.058604,0.001196,0.12830076
dwconv-bn-relu_prior_T2OAX5.pt,7,24,24,7,1,0.0588,0.0012,0.12900411999999997
dwconv-bn-relu_prior_753YKF.pt,7,488,488,3,2,0.05978,0.00488,0.13046902000000002
dwconv-bn-relu_prior_JJ1N0Q.pt,7,123,123,3,1,0.06027,0.00123,0.13251024
dwconv-bn-relu_prior_YCA4NP.pt,14,124,124,3,2,0.06076,0.00124,0.13356817999999998
dwconv-bn-relu_prior_RTIPAB.pt,14,12,12,5,1,0.061152,0.000312,0.13076126000000005
dwconv-bn-relu_prior_IEF0G1.pt,14,32,32,3,1,0.06272,0.00032,0.15108849999999996
dwconv-bn-relu_prior_KB2OMJ.pt,14,32,32,3,1,0.06272,0.00032,0.12754262
dwconv-bn-relu_prior_VPP9MF.pt,14,32,32,3,1,0.06272,0.00032,0.16198516000000002
dwconv-bn-relu_prior_WKHOPV.pt,7,128,128,3,1,0.06272,0.00128,0.12830966
dwconv-bn-relu_prior_C529VD.pt,14,13,13,5,1,0.066248,0.000338,0.15241320000000008
dwconv-bn-relu_prior_KEDQU5.pt,7,52,52,5,1,0.066248,0.001352,0.12561342000000003
dwconv-bn-relu_prior_1UQ0AZ.pt,7,52,52,5,1,0.066248,0.001352,0.13535458000000006
dwconv-bn-relu_prior_7AI4OG.pt,7,53,53,5,1,0.067522,0.001378,0.17223898000000004
dwconv-bn-relu_prior_3AEJXP.pt,14,35,35,3,1,0.0686,0.00035,0.12157330000000002
dwconv-bn-relu_prior_CQS61K.pt,14,35,35,3,1,0.0686,0.00035,0.10145212000000002
dwconv-bn-relu_prior_33RFMZ.pt,14,140,140,3,2,0.0686,0.0014,0.13731285999999998
dwconv-bn-relu_prior_9T462J.pt,7,116,116,7,2,0.07105,0.0058,0.1298862
dwconv-bn-relu_prior_71Q8TG.pt,14,14,14,5,1,0.071344,0.000364,0.12857758000000002
dwconv-bn-relu_prior_RV1ILW.pt,14,14,14,5,1,0.071344,0.000364,0.16568842000000006
dwconv-bn-relu_prior_N7WSN4.pt,7,56,56,5,1,0.071344,0.001456,0.13129212000000004
dwconv-bn-relu_prior_QTZP1G.pt,14,30,30,7,2,0.0735,0.0015,0.3299318
dwconv-bn-relu_prior_XH88TQ.pt,7,120,120,7,2,0.0735,0.006,0.34946756000000007
dwconv-bn-relu_prior_NDGWN7.pt,14,39,39,3,1,0.07644,0.00039,0.10140182000000002
dwconv-bn-relu_prior_MAGXTS.pt,14,15,15,5,1,0.07644,0.00039,0.15016039999999997
dwconv-bn-relu_prior_1V0U3H.pt,7,156,156,3,1,0.07644,0.00156,0.15837502
dwconv-bn-relu_prior_EXVQNJ.pt,14,157,157,3,2,0.07693,0.00157,0.14975582
dwconv-bn-relu_prior_MWEDT3.pt,7,61,61,5,1,0.077714,0.001586,0.1481019
dwconv-bn-relu_prior_SUGCIP.pt,7,159,159,3,1,0.07791,0.00159,0.14947100000000005
dwconv-bn-relu_prior_U8GKGA.pt,7,159,159,3,1,0.07791,0.00159,0.15857256000000003
dwconv-bn-relu_prior_FTT371.pt,14,161,161,3,2,0.07889,0.00161,0.1477074
dwconv-bn-relu_prior_FNQ5QS.pt,7,162,162,3,1,0.07938,0.00162,0.19256337999999995
dwconv-bn-relu_prior_BWL134.pt,7,162,162,3,1,0.07938,0.00162,0.12591169999999996
dwconv-bn-relu_prior_PZVM1K.pt,7,162,162,3,1,0.07938,0.00162,0.12155472000000003
dwconv-bn-relu_prior_OYJWBD.pt,7,163,163,3,1,0.07987,0.00163,0.13347030000000004
dwconv-bn-relu_prior_WP1HVH.pt,7,163,163,3,1,0.07987,0.00163,0.1420693
dwconv-bn-relu_prior_NS4ZAQ.pt,7,163,163,3,1,0.07987,0.00163,0.18536248
dwconv-bn-relu_prior_GA2XDB.pt,14,63,63,5,2,0.080262,0.001638,0.14406955999999999
dwconv-bn-relu_prior_EIQ57G.pt,14,41,41,3,1,0.08036,0.00041,0.13275934
dwconv-bn-relu_prior_ROY3WG.pt,7,164,164,3,1,0.08036,0.00164,0.14032646
dwconv-bn-relu_prior_LCA9CA.pt,7,165,165,3,1,0.08085,0.00165,0.14420297999999998
dwconv-bn-relu_prior_Q8TWN6.pt,7,165,165,3,1,0.08085,0.00165,0.14456491999999999
dwconv-bn-relu_prior_5JRXYH.pt,7,166,166,3,1,0.08134,0.00166,0.15790698000000003
dwconv-bn-relu_prior_3HOLJN.pt,14,166,166,3,2,0.08134,0.00166,0.13059582
dwconv-bn-relu_prior_8OQM3D.pt,7,166,166,3,1,0.08134,0.00166,0.13100612000000006
dwconv-bn-relu_prior_BU65RE.pt,14,16,16,5,1,0.081536,0.000416,0.16570042000000007
dwconv-bn-relu_prior_4YOISC.pt,7,167,167,3,1,0.08183,0.00167,0.16114185999999997
dwconv-bn-relu_prior_9REDRX.pt,14,42,42,3,1,0.08232,0.00042,0.11383658
dwconv-bn-relu_prior_KCET44.pt,7,168,168,3,1,0.08232,0.00168,0.11986512000000005
dwconv-bn-relu_prior_K3VXHZ.pt,14,168,168,3,2,0.08232,0.00168,0.12150169999999999
dwconv-bn-relu_prior_SVHQMQ.pt,7,169,169,3,1,0.08281,0.00169,0.12834100000000004
dwconv-bn-relu_prior_K0TWQG.pt,7,169,169,3,1,0.08281,0.00169,0.12628412
dwconv-bn-relu_prior_858NPZ.pt,14,170,170,3,2,0.0833,0.0017,0.12477127999999998
dwconv-bn-relu_prior_L7STF5.pt,7,34,34,7,1,0.0833,0.0017,0.24136053999999996
dwconv-bn-relu_prior_R3GM6G.pt,7,171,171,3,1,0.08379,0.00171,0.16766394
dwconv-bn-relu_prior_AEKI6P.pt,7,66,66,5,1,0.084084,0.001716,0.17797083999999994
dwconv-bn-relu_prior_VKRVQC.pt,7,172,172,3,1,0.08428,0.00172,0.1442465
dwconv-bn-relu_prior_O5Z07T.pt,7,173,173,3,1,0.08477,0.00173,0.27968652
dwconv-bn-relu_prior_XJQ2QG.pt,7,175,175,3,1,0.08575,0.00175,0.17900610000000008
dwconv-bn-relu_prior_AUVCTY.pt,28,11,11,3,1,0.08624,0.00011,0.12040714
dwconv-bn-relu_prior_XAA71O.pt,7,68,68,5,1,0.086632,0.001768,0.14241448000000004
dwconv-bn-relu_prior_LQNK3N.pt,7,177,177,3,1,0.08673,0.00177,0.15512052000000007
dwconv-bn-relu_prior_M9ICPQ.pt,7,177,177,3,1,0.08673,0.00177,0.12761570000000003
dwconv-bn-relu_prior_GPMQCB.pt,7,178,178,3,1,0.08722,0.00178,0.12651566
dwconv-bn-relu_prior_9TLPF1.pt,7,178,178,3,1,0.08722,0.00178,0.31050336
dwconv-bn-relu_prior_NO8TDY.pt,7,179,179,3,1,0.08771,0.00179,0.21239083999999997
dwconv-bn-relu_prior_FLESOE.pt,7,179,179,3,1,0.08771,0.00179,0.1617743
dwconv-bn-relu_prior_5DD62H.pt,7,179,179,3,1,0.08771,0.00179,0.12990722000000005
dwconv-bn-relu_prior_5X6PSE.pt,7,69,69,5,1,0.087906,0.001794,0.15331535999999998
dwconv-bn-relu_prior_FU7HJN.pt,7,69,69,5,1,0.087906,0.001794,0.17118007999999998
dwconv-bn-relu_prior_I1X3S4.pt,14,45,45,3,1,0.0882,0.00045,0.13765973999999997
dwconv-bn-relu_prior_4A0KRY.pt,14,45,45,3,1,0.0882,0.00045,0.13684108
dwconv-bn-relu_prior_XCZXAD.pt,7,180,180,3,1,0.0882,0.0018,0.15362334
dwconv-bn-relu_prior_953OZ0.pt,14,182,182,3,2,0.08918,0.00182,0.1173184
dwconv-bn-relu_prior_QBO3BL.pt,7,182,182,3,1,0.08918,0.00182,0.14718537999999998
dwconv-bn-relu_prior_NY6E29.pt,7,71,71,5,1,0.090454,0.001846,0.14137090000000002
dwconv-bn-relu_prior_OM9VEX.pt,7,185,185,3,1,0.09065,0.00185,0.5167661600000001
dwconv-bn-relu_prior_FPWZ36.pt,7,186,186,3,1,0.09114,0.00186,0.14691483999999996
dwconv-bn-relu_prior_KAXF8M.pt,7,187,187,3,1,0.09163,0.00187,0.14724056000000002
dwconv-bn-relu_prior_MFEB7L.pt,14,47,47,3,1,0.09212,0.00047,0.14081414
dwconv-bn-relu_prior_2ALIHX.pt,7,73,73,5,1,0.093002,0.001898,0.16374056
dwconv-bn-relu_prior_7B1ZCX.pt,14,48,48,3,1,0.09408,0.00048,0.15466572
dwconv-bn-relu_prior_ZVNYK1.pt,14,39,39,7,2,0.09555,0.00195,0.16841991999999997
dwconv-bn-relu_prior_XVB2FX.pt,14,49,49,3,1,0.09604,0.00049,0.11931763999999999
dwconv-bn-relu_prior_IZCDGF.pt,14,49,49,3,1,0.09604,0.00049,0.15171256000000002
dwconv-bn-relu_prior_N11ALE.pt,14,49,49,3,1,0.09604,0.00049,0.14822429999999998
dwconv-bn-relu_prior_XUUKGX.pt,14,19,19,5,1,0.096824,0.000494,0.13422148
dwconv-bn-relu_prior_FBOEWF.pt,14,50,50,3,1,0.098,0.0005,0.13908749999999998
dwconv-bn-relu_prior_AF0JWV.pt,14,50,50,3,1,0.098,0.0005,0.14503960000000002
dwconv-bn-relu_prior_5LJDDK.pt,7,77,77,5,1,0.098098,0.002002,0.14507267999999998
dwconv-bn-relu_prior_017T8S.pt,7,78,78,5,1,0.099372,0.002028,0.14877502
dwconv-bn-relu_prior_EJKXBX.pt,14,51,51,3,1,0.09996,0.00051,0.14490104000000004
dwconv-bn-relu_prior_99W1MM.pt,14,51,51,3,1,0.09996,0.00051,0.13914294
dwconv-bn-relu_prior_DLX9S9.pt,14,52,52,3,1,0.10192,0.00052,0.13751316000000002
dwconv-bn-relu_prior_Q3E7ZV.pt,28,20,20,5,2,0.10192,0.00052,0.12316974
dwconv-bn-relu_prior_1BUQUB.pt,14,52,52,3,1,0.10192,0.00052,0.12327608000000004
dwconv-bn-relu_prior_DELN8N.pt,14,81,81,5,2,0.103194,0.002106,0.2767425600000001
dwconv-bn-relu_prior_IXBJJR.pt,7,81,81,5,1,0.103194,0.002106,0.13899523999999996
dwconv-bn-relu_prior_26GESI.pt,7,81,81,5,1,0.103194,0.002106,0.14202346
dwconv-bn-relu_prior_FBIPTO.pt,7,81,81,5,1,0.103194,0.002106,0.14846516000000004
dwconv-bn-relu_prior_P3PWJ0.pt,7,81,81,5,1,0.103194,0.002106,0.14119241999999999
dwconv-bn-relu_prior_GAKE18.pt,14,53,53,3,1,0.10388,0.00053,0.13982690000000003
dwconv-bn-relu_prior_XTFQGX.pt,14,43,43,7,2,0.10535,0.00215,0.3157466
dwconv-bn-relu_prior_OFQ4O4.pt,14,83,83,5,2,0.105742,0.002158,0.3157264
dwconv-bn-relu_prior_1DUW0I.pt,14,21,21,5,1,0.107016,0.000546,0.13151478000000005
dwconv-bn-relu_prior_BO2PLE.pt,14,21,21,5,1,0.107016,0.000546,0.14640785999999997
dwconv-bn-relu_prior_6TIGUP.pt,14,55,55,3,1,0.1078,0.00055,0.13378183999999996
dwconv-bn-relu_prior_187IMK.pt,14,11,11,7,1,0.1078,0.00055,0.13469463999999992
dwconv-bn-relu_prior_PIEMFA.pt,7,220,220,3,1,0.1078,0.0022,0.14327938000000004
dwconv-bn-relu_prior_SDDQRT.pt,7,221,221,3,1,0.10829,0.00221,0.14781658
dwconv-bn-relu_prior_6I8SSX.pt,7,222,222,3,1,0.10878,0.00222,0.35829156000000006
dwconv-bn-relu_prior_ULFBUT.pt,7,86,86,5,1,0.109564,0.002236,0.13171896000000005
dwconv-bn-relu_prior_TWDNGV.pt,7,86,86,5,1,0.109564,0.002236,0.13015137999999998
dwconv-bn-relu_prior_9ZGG3C.pt,28,14,14,3,1,0.10976,0.00014,0.35945531999999986
dwconv-bn-relu_prior_53R3XV.pt,14,56,56,3,1,0.10976,0.00056,0.12898046000000002
dwconv-bn-relu_prior_O5V093.pt,14,56,56,3,1,0.10976,0.00056,0.13307918000000007
dwconv-bn-relu_prior_G0IS63.pt,14,57,57,3,1,0.11172,0.00057,0.1321412
dwconv-bn-relu_prior_I1N61K.pt,14,57,57,3,1,0.11172,0.00057,0.13468749999999996
dwconv-bn-relu_prior_2VXUP0.pt,14,22,22,5,1,0.112112,0.000572,0.13497126
dwconv-bn-relu_prior_EA3VIS.pt,14,22,22,5,1,0.112112,0.000572,0.13477452
dwconv-bn-relu_prior_EVWG6M.pt,7,88,88,5,1,0.112112,0.002288,0.13164315999999998
dwconv-bn-relu_prior_MHO6OX.pt,7,88,88,5,1,0.112112,0.002288,0.1372485
dwconv-bn-relu_prior_SLM9TR.pt,7,88,88,5,1,0.112112,0.002288,0.13639637999999998
dwconv-bn-relu_prior_849RXD.pt,7,229,229,3,1,0.11221,0.00229,0.10850127999999999
dwconv-bn-relu_prior_8TDN9E.pt,7,89,89,5,1,0.113386,0.002314,0.13820775999999999
dwconv-bn-relu_prior_1IKIIW.pt,14,58,58,3,1,0.11368,0.00058,0.33057936
dwconv-bn-relu_prior_U817UC.pt,14,58,58,3,1,0.11368,0.00058,0.1348769
dwconv-bn-relu_prior_J8Y7P1.pt,7,232,232,3,1,0.11368,0.00232,0.12909619999999994
dwconv-bn-relu_prior_T8OX3N.pt,14,59,59,3,1,0.11564,0.00059,0.13927714000000002
dwconv-bn-relu_prior_QJWDCP.pt,14,59,59,3,1,0.11564,0.00059,0.30030298
dwconv-bn-relu_prior_3UHUWE.pt,7,92,92,5,1,0.117208,0.002392,0.14998004
dwconv-bn-relu_prior_00XCY7.pt,56,15,15,3,2,0.1176,0.00015,0.14147504000000002
dwconv-bn-relu_prior_DA0DQR.pt,28,60,60,3,2,0.1176,0.0006,0.14803007999999998
dwconv-bn-relu_prior_5FVBER.pt,7,243,243,3,1,0.11907,0.00243,0.13268580000000005
dwconv-bn-relu_prior_HUZI9U.pt,14,61,61,3,1,0.11956,0.00061,0.13584746
dwconv-bn-relu_prior_1J3AXB.pt,7,94,94,5,1,0.119756,0.002444,0.33988026
dwconv-bn-relu_prior_TWA0IX.pt,7,245,245,3,1,0.12005,0.00245,0.14147339999999997
dwconv-bn-relu_prior_NH0JJL.pt,7,245,245,3,1,0.12005,0.00245,0.38118166
dwconv-bn-relu_prior_NEF46O.pt,14,62,62,3,1,0.12152,0.00062,0.13555802000000003
dwconv-bn-relu_prior_T8K1RB.pt,14,62,62,3,1,0.12152,0.00062,0.13594830000000008
dwconv-bn-relu_prior_PUAWST.pt,7,248,248,3,1,0.12152,0.00248,0.13779304
dwconv-bn-relu_prior_B9HZT6.pt,7,248,248,3,1,0.12152,0.00248,0.14318442000000003
dwconv-bn-relu_prior_2XQ1UI.pt,14,24,24,5,1,0.122304,0.000624,0.13080100000000003
dwconv-bn-relu_prior_5N0UG0.pt,14,24,24,5,1,0.122304,0.000624,0.14125247999999999
dwconv-bn-relu_prior_W8JOXU.pt,14,96,96,5,2,0.122304,0.002496,0.13932360000000002
dwconv-bn-relu_prior_MEB547.pt,14,63,63,3,1,0.12348,0.00063,0.1214979
dwconv-bn-relu_prior_BIVAU1.pt,14,63,63,3,1,0.12348,0.00063,0.12369463999999997
dwconv-bn-relu_prior_9CLHS3.pt,14,63,63,3,1,0.12348,0.00063,0.12128314000000001
dwconv-bn-relu_prior_8KEI3P.pt,56,16,16,3,2,0.12544,0.00016,0.12835338
dwconv-bn-relu_prior_HYUCEL.pt,14,64,64,3,1,0.12544,0.00064,0.12808212
dwconv-bn-relu_prior_XC55VA.pt,14,64,64,3,1,0.12544,0.00064,0.12941023999999998
dwconv-bn-relu_prior_A4YD0R.pt,14,64,64,3,1,0.12544,0.00064,0.11012851999999997
dwconv-bn-relu_prior_B53WH0.pt,7,207,207,7,2,0.1267875,0.01035,0.12488340000000003
dwconv-bn-relu_prior_GO08OU.pt,14,65,65,3,1,0.1274,0.00065,0.12122319999999995
dwconv-bn-relu_prior_2UTYQY.pt,14,65,65,3,1,0.1274,0.00065,0.12463051999999995
dwconv-bn-relu_prior_T2HU1H.pt,14,65,65,3,1,0.1274,0.00065,0.12658006
dwconv-bn-relu_prior_3NR36D.pt,7,100,100,5,1,0.1274,0.0026,0.12831456
dwconv-bn-relu_prior_S9M6FZ.pt,7,52,52,7,1,0.1274,0.0026,0.12031263999999998
dwconv-bn-relu_prior_DRWW8G.pt,7,101,101,5,1,0.128674,0.002626,0.13066044000000002
dwconv-bn-relu_prior_562UDW.pt,7,263,263,3,1,0.12887,0.00263,0.13575367999999996
dwconv-bn-relu_prior_HZLWX0.pt,14,66,66,3,1,0.12936,0.00066,0.14624271999999994
dwconv-bn-relu_prior_K0XPQA.pt,14,66,66,3,1,0.12936,0.00066,0.12260136000000005
dwconv-bn-relu_prior_H3PODC.pt,14,66,66,3,1,0.12936,0.00066,0.12091400000000001
dwconv-bn-relu_prior_0BCKFX.pt,14,66,66,3,1,0.12936,0.00066,0.11940221999999996
dwconv-bn-relu_prior_VL2QT7.pt,14,66,66,3,1,0.12936,0.00066,0.12164282000000004
dwconv-bn-relu_prior_IL9QMR.pt,7,264,264,3,1,0.12936,0.00264,0.12627668000000003
dwconv-bn-relu_prior_SDGQBP.pt,7,53,53,7,1,0.12985,0.00265,0.12874165999999998
dwconv-bn-relu_prior_C5BY7Z.pt,7,102,102,5,1,0.129948,0.002652,0.12776031999999998
dwconv-bn-relu_prior_BC0OIQ.pt,7,266,266,3,1,0.13034,0.00266,0.20322470000000004
dwconv-bn-relu_prior_GW8LXV.pt,7,54,54,7,1,0.1323,0.0027,0.12633442
dwconv-bn-relu_prior_6K8BY2.pt,7,54,54,7,1,0.1323,0.0027,0.18247169999999996
dwconv-bn-relu_prior_RP5SVK.pt,14,68,68,3,1,0.13328,0.00068,0.19273886
dwconv-bn-relu_prior_V9Q7YD.pt,7,55,55,7,1,0.13475,0.00275,0.12000349999999996
dwconv-bn-relu_prior_NN1DHA.pt,14,69,69,3,1,0.13524,0.00069,0.09951281999999997
dwconv-bn-relu_prior_US8K1M.pt,14,69,69,3,1,0.13524,0.00069,0.12358852
dwconv-bn-relu_prior_Q7QPO1.pt,14,70,70,3,1,0.1372,0.0007,0.11702095999999998
dwconv-bn-relu_prior_UDBOYV.pt,14,14,14,7,1,0.1372,0.0007,0.11147017999999996
dwconv-bn-relu_prior_YPKO09.pt,14,70,70,3,1,0.1372,0.0007,0.16559172
dwconv-bn-relu_prior_9PRLHU.pt,14,70,70,3,1,0.1372,0.0007,0.12188078
dwconv-bn-relu_prior_1EF8PS.pt,14,70,70,3,1,0.1372,0.0007,0.13774630000000004
dwconv-bn-relu_prior_G30POE.pt,14,71,71,3,1,0.13916,0.00071,0.11730473999999999
dwconv-bn-relu_prior_B3FODS.pt,14,71,71,3,1,0.13916,0.00071,0.11971093999999999
dwconv-bn-relu_prior_0A7CGI.pt,14,110,110,5,2,0.14014,0.00286,0.23230140000000005
dwconv-bn-relu_prior_L4I4A9.pt,14,72,72,3,1,0.14112,0.00072,0.15955821999999997
dwconv-bn-relu_prior_4RQI9L.pt,14,111,111,5,2,0.141414,0.002886,0.12268422
dwconv-bn-relu_prior_48Z5XI.pt,7,112,112,5,1,0.142688,0.002912,0.12232052000000002
dwconv-bn-relu_prior_AF9UF1.pt,28,73,73,3,2,0.14308,0.00073,0.12912452000000005
dwconv-bn-relu_prior_AFYVS9.pt,28,73,73,3,2,0.14308,0.00073,0.12892228000000003
dwconv-bn-relu_prior_NVIGUD.pt,14,73,73,3,1,0.14308,0.00073,0.12364805999999998
dwconv-bn-relu_prior_XDM798.pt,14,73,73,3,1,0.14308,0.00073,0.13687454
dwconv-bn-relu_prior_5IRVKP.pt,7,113,113,5,1,0.143962,0.002938,0.14231159999999998
dwconv-bn-relu_prior_7QXMKJ.pt,14,74,74,3,1,0.14504,0.00074,0.11718653999999999
dwconv-bn-relu_prior_S17G9S.pt,14,74,74,3,1,0.14504,0.00074,0.12260149999999996
dwconv-bn-relu_prior_5FTBGI.pt,7,116,116,5,1,0.147784,0.003016,0.14226482000000007
dwconv-bn-relu_prior_5JR78I.pt,14,76,76,3,1,0.14896,0.00076,0.13509201999999998
dwconv-bn-relu_prior_MFBX6A.pt,7,61,61,7,1,0.14945,0.00305,0.13195230000000002
dwconv-bn-relu_prior_0RJQ2M.pt,14,77,77,3,1,0.15092,0.00077,0.12327766000000004
dwconv-bn-relu_prior_9N60YG.pt,14,78,78,3,1,0.15288,0.00078,0.20081971999999998
dwconv-bn-relu_prior_1P7NWU.pt,14,78,78,3,1,0.15288,0.00078,0.12117499999999998
dwconv-bn-relu_prior_PAV8XD.pt,14,30,30,5,1,0.15288,0.00078,0.11489340000000006
dwconv-bn-relu_prior_W3V21C.pt,7,121,121,5,1,0.154154,0.003146,0.12198886000000002
dwconv-bn-relu_prior_5ZVM34.pt,14,79,79,3,1,0.15484,0.00079,0.11988622000000003
dwconv-bn-relu_prior_M751NL.pt,14,79,79,3,1,0.15484,0.00079,0.12632881999999998
dwconv-bn-relu_prior_VCJA0S.pt,7,123,123,5,1,0.156702,0.003198,0.12018565999999999
dwconv-bn-relu_prior_26WPWM.pt,14,80,80,3,1,0.1568,0.0008,0.12673224
dwconv-bn-relu_prior_5MKV2Z.pt,14,80,80,3,1,0.1568,0.0008,0.15119541999999994
dwconv-bn-relu_prior_DZR6R1.pt,14,80,80,3,1,0.1568,0.0008,0.12812173999999998
dwconv-bn-relu_prior_Z1UJR5.pt,7,124,124,5,1,0.157976,0.003224,0.13813954
dwconv-bn-relu_prior_O8V2PE.pt,14,81,81,3,1,0.15876,0.00081,0.13506553999999998
dwconv-bn-relu_prior_HLX1YR.pt,14,81,81,3,1,0.15876,0.00081,0.13260012000000002
dwconv-bn-relu_prior_ZEG8YX.pt,14,81,81,3,1,0.15876,0.00081,0.13893802000000005
dwconv-bn-relu_prior_KFJLWN.pt,14,81,81,3,1,0.15876,0.00081,0.14072237999999998
dwconv-bn-relu_prior_OLIO34.pt,14,81,81,3,1,0.15876,0.00081,0.20675636
dwconv-bn-relu_prior_KU7LXO.pt,7,65,65,7,1,0.15925,0.00325,0.3720145399999999
dwconv-bn-relu_prior_R2IXPW.pt,14,82,82,3,1,0.16072,0.00082,0.15277878
dwconv-bn-relu_prior_4U7WM9.pt,14,83,83,3,1,0.16268,0.00083,0.14344616
dwconv-bn-relu_prior_UGRAD1.pt,14,32,32,5,1,0.163072,0.000832,0.16166541999999992
dwconv-bn-relu_prior_A5XHBX.pt,56,21,21,3,2,0.16464,0.00021,0.1338592
dwconv-bn-relu_prior_ZRRE7V.pt,28,21,21,3,1,0.16464,0.00021,0.12339626
dwconv-bn-relu_prior_F4EWCY.pt,14,84,84,3,1,0.16464,0.00084,0.12567488000000007
dwconv-bn-relu_prior_KWKPZ7.pt,14,86,86,3,1,0.16856,0.00086,0.12954292
dwconv-bn-relu_prior_HXSU7F.pt,14,88,88,3,1,0.17248,0.00088,0.12899338
dwconv-bn-relu_prior_9XQWSX.pt,14,34,34,5,1,0.173264,0.000884,0.12387837999999998
dwconv-bn-relu_prior_VHVWGS.pt,7,136,136,5,1,0.173264,0.003536,0.09614117999999998
dwconv-bn-relu_prior_ZDIWD2.pt,14,90,90,3,1,0.1764,0.0009,0.12060994000000001
dwconv-bn-relu_prior_W0MGEC.pt,14,91,91,3,1,0.17836,0.00091,0.118701
dwconv-bn-relu_prior_OSVC1C.pt,14,91,91,3,1,0.17836,0.00091,0.12628998000000002
dwconv-bn-relu_prior_4GMO93.pt,14,35,35,5,1,0.17836,0.00091,0.11940471999999998
dwconv-bn-relu_prior_76SI03.pt,14,92,92,3,1,0.18032,0.00092,0.13252133999999993
dwconv-bn-relu_prior_KL2UXT.pt,14,92,92,3,1,0.18032,0.00092,0.28649594
dwconv-bn-relu_prior_T6D3RF.pt,14,92,92,3,1,0.18032,0.00092,0.14012482
dwconv-bn-relu_prior_SUTUPZ.pt,14,92,92,3,1,0.18032,0.00092,0.14012332000000002
dwconv-bn-relu_prior_GE6Z1A.pt,14,93,93,3,1,0.18228,0.00093,0.12412677999999996
dwconv-bn-relu_prior_IM569M.pt,28,93,93,3,2,0.18228,0.00093,0.14537624
dwconv-bn-relu_prior_N6LHNM.pt,14,36,36,5,1,0.183456,0.000936,0.13132428000000002
dwconv-bn-relu_prior_98O0GD.pt,14,95,95,3,1,0.1862,0.00095,0.14025539999999997
dwconv-bn-relu_prior_AJI0Q0.pt,14,95,95,3,1,0.1862,0.00095,0.14532540000000005
dwconv-bn-relu_prior_AK83ZI.pt,28,24,24,3,1,0.18816,0.00024,0.26677344000000003
dwconv-bn-relu_prior_QC11V5.pt,7,388,388,3,1,0.19012,0.00388,0.14753535999999998
dwconv-bn-relu_prior_HET3R7.pt,14,98,98,3,1,0.19208,0.00098,0.25859859999999996
dwconv-bn-relu_prior_HS5FEZ.pt,14,38,38,5,1,0.193648,0.000988,0.3330143399999999
dwconv-bn-relu_prior_S9NDR1.pt,14,99,99,3,1,0.19404,0.00099,0.13464815999999996
dwconv-bn-relu_prior_AVA6BK.pt,7,153,153,5,1,0.194922,0.003978,0.3030884799999999
dwconv-bn-relu_prior_WS87LF.pt,7,153,153,5,1,0.194922,0.003978,0.32446419999999987
dwconv-bn-relu_prior_VRY26X.pt,14,20,20,7,1,0.196,0.001,0.4151512800000001
dwconv-bn-relu_prior_GLNVSS.pt,7,155,155,5,1,0.19747,0.00403,0.14259466
dwconv-bn-relu_prior_V2R4EM.pt,7,155,155,5,1,0.19747,0.00403,0.5202265800000001
dwconv-bn-relu_prior_R82YLY.pt,7,156,156,5,1,0.198744,0.004056,0.14053158000000004
dwconv-bn-relu_prior_UB4YTQ.pt,7,156,156,5,1,0.198744,0.004056,0.13784702
dwconv-bn-relu_prior_K35SOY.pt,14,156,156,5,2,0.198744,0.004056,0.36761474000000005
dwconv-bn-relu_prior_R24055.pt,7,406,406,3,1,0.19894,0.00406,0.4163184599999999
dwconv-bn-relu_prior_G20I5D.pt,14,102,102,3,1,0.19992,0.00102,0.13933660000000003
dwconv-bn-relu_prior_HN5487.pt,14,159,159,5,2,0.202566,0.004134,0.14136311999999995
dwconv-bn-relu_prior_VLUN8G.pt,7,83,83,7,1,0.20335,0.00415,0.13733488
dwconv-bn-relu_prior_59B146.pt,14,40,40,5,1,0.20384,0.00104,0.12300576000000002
dwconv-bn-relu_prior_7V5BT5.pt,14,40,40,5,1,0.20384,0.00104,0.12983172
dwconv-bn-relu_prior_68WM2U.pt,14,104,104,3,1,0.20384,0.00104,0.17424854000000004
dwconv-bn-relu_prior_Q0GM0B.pt,7,163,163,5,1,0.207662,0.004238,0.13233739999999997
dwconv-bn-relu_prior_H6AX0D.pt,14,107,107,3,1,0.20972,0.00107,0.2523484600000001
dwconv-bn-relu_prior_0VM0G2.pt,7,165,165,5,1,0.21021,0.00429,0.36707768000000024
dwconv-bn-relu_prior_CNRI4C.pt,7,167,167,5,1,0.212758,0.004342,0.13211173999999995
dwconv-bn-relu_prior_I5B6YT.pt,7,167,167,5,1,0.212758,0.004342,0.12831388000000005
dwconv-bn-relu_prior_6KMT8H.pt,14,109,109,3,1,0.21364,0.00109,0.14190077999999998
dwconv-bn-relu_prior_URBINX.pt,14,42,42,5,1,0.214032,0.001092,0.11715111999999998
dwconv-bn-relu_prior_PQAQKQ.pt,14,42,42,5,1,0.214032,0.001092,0.32902003999999996
dwconv-bn-relu_prior_0S1GMH.pt,14,110,110,3,1,0.2156,0.0011,0.13392976000000006
dwconv-bn-relu_prior_P6T9I5.pt,7,170,170,5,1,0.21658,0.00442,0.33655567999999997
dwconv-bn-relu_prior_2YGYDX.pt,14,111,111,3,1,0.21756,0.00111,0.22877798000000002
dwconv-bn-relu_prior_8AV1PD.pt,14,111,111,3,1,0.21756,0.00111,0.14076497999999998
dwconv-bn-relu_prior_5SM1V2.pt,7,171,171,5,1,0.217854,0.004446,0.3480293400000001
dwconv-bn-relu_prior_XGOK4B.pt,14,43,43,5,1,0.219128,0.001118,0.1431522799999999
dwconv-bn-relu_prior_HF84OY.pt,14,173,173,5,2,0.220402,0.004498,0.14061053999999998
dwconv-bn-relu_prior_SLBWOV.pt,14,113,113,3,1,0.22148,0.00113,0.57659596
dwconv-bn-relu_prior_QJ0VHL.pt,7,174,174,5,1,0.221676,0.004524,0.10827900000000001
dwconv-bn-relu_prior_92AJG7.pt,7,91,91,7,1,0.22295,0.00455,0.13872932000000007
dwconv-bn-relu_prior_VN0N3U.pt,14,44,44,5,1,0.224224,0.001144,0.14934192
dwconv-bn-relu_prior_PHQNE8.pt,14,176,176,5,2,0.224224,0.004576,0.15022992000000002
dwconv-bn-relu_prior_4DRAGM.pt,14,177,177,5,2,0.225498,0.004602,0.14150674000000005
dwconv-bn-relu_prior_GAQZWV.pt,7,178,178,5,1,0.226772,0.004628,0.1390292
dwconv-bn-relu_prior_YOHOH5.pt,14,179,179,5,2,0.228046,0.004654,0.15278563999999994
dwconv-bn-relu_prior_AC25QI.pt,7,467,467,3,1,0.22883,0.00467,0.14261590000000002
dwconv-bn-relu_prior_2387TL.pt,14,45,45,5,1,0.22932,0.00117,0.13755504000000002
dwconv-bn-relu_prior_DS2WOV.pt,14,117,117,3,1,0.22932,0.00117,0.14759421999999997
dwconv-bn-relu_prior_HUQ9TX.pt,14,117,117,3,1,0.22932,0.00117,0.14289544
dwconv-bn-relu_prior_VGDKLG.pt,14,45,45,5,1,0.22932,0.00117,0.14403528000000002
dwconv-bn-relu_prior_NQJJRM.pt,7,180,180,5,1,0.22932,0.00468,0.12986654
dwconv-bn-relu_prior_4VLAI5.pt,14,468,468,3,2,0.22932,0.00468,0.1308241
dwconv-bn-relu_prior_73IO03.pt,7,94,94,7,1,0.2303,0.0047,0.14597286
dwconv-bn-relu_prior_FO965B.pt,14,118,118,3,1,0.23128,0.00118,0.14567308
dwconv-bn-relu_prior_C9LPI2.pt,7,95,95,7,1,0.23275,0.00475,0.13097480000000006
dwconv-bn-relu_prior_1FP8W1.pt,14,46,46,5,1,0.234416,0.001196,0.15285974000000005
dwconv-bn-relu_prior_90ONMI.pt,14,46,46,5,1,0.234416,0.001196,0.3605960800000001
dwconv-bn-relu_prior_MTIEDV.pt,14,120,120,3,1,0.2352,0.0012,0.13704342
dwconv-bn-relu_prior_UA8X82.pt,7,483,483,3,1,0.23667,0.00483,0.3846062800000001
dwconv-bn-relu_prior_4Y771V.pt,7,485,485,3,1,0.23765,0.00485,0.2813892599999999
dwconv-bn-relu_prior_DBRDI4.pt,14,47,47,5,1,0.239512,0.001222,0.14174356000000005
dwconv-bn-relu_prior_R95Z8Y.pt,14,490,490,3,2,0.2401,0.0049,0.14311582
dwconv-bn-relu_prior_2CAA9A.pt,14,123,123,3,1,0.24108,0.00123,0.14964381999999998
dwconv-bn-relu_prior_8RSSS8.pt,28,31,31,3,1,0.24304,0.00031,0.18919699999999995
dwconv-bn-relu_prior_ZZ82XL.pt,14,124,124,3,1,0.24304,0.00124,0.12807620000000003
dwconv-bn-relu_prior_L1HLL2.pt,7,497,497,3,1,0.24353,0.00497,0.4101631999999998
dwconv-bn-relu_prior_R22SXA.pt,28,12,12,5,1,0.244608,0.000312,0.2706622600000001
dwconv-bn-relu_prior_2W1HG2.pt,14,48,48,5,1,0.244608,0.001248,0.14526748
dwconv-bn-relu_prior_J3N5WP.pt,14,516,516,3,2,0.25284,0.00516,0.35587964000000016
dwconv-bn-relu_prior_NVY6GC.pt,7,516,516,3,1,0.25284,0.00516,0.13250182
dwconv-bn-relu_prior_VR66HW.pt,14,50,50,5,1,0.2548,0.0013,0.12148785999999998
dwconv-bn-relu_prior_AUCXZZ.pt,7,520,520,3,1,0.2548,0.0052,0.21575294
dwconv-bn-relu_prior_ZRV7AL.pt,14,27,27,7,1,0.2646,0.00135,0.15069352
dwconv-bn-relu_prior_XAA5P1.pt,28,52,52,5,2,0.264992,0.001352,0.16183698000000002
dwconv-bn-relu_prior_H3JMDV.pt,28,34,34,3,1,0.26656,0.00034,0.19389794000000005
dwconv-bn-relu_prior_Q0ZFKP.pt,14,53,53,5,1,0.270088,0.001378,0.27061689999999994
dwconv-bn-relu_prior_X8138H.pt,28,53,53,5,2,0.270088,0.001378,0.19426695999999996
dwconv-bn-relu_prior_CKD9HU.pt,7,553,553,3,1,0.27097,0.00553,0.15997301999999997
dwconv-bn-relu_prior_DNA4RU.pt,7,554,554,3,1,0.27146,0.00554,0.16402458
dwconv-bn-relu_prior_S7CQ69.pt,14,557,557,3,2,0.27293,0.00557,0.17397756
dwconv-bn-relu_prior_2PTD9G.pt,7,215,215,5,1,0.27391,0.00559,0.16033686000000003
dwconv-bn-relu_prior_RAJP0O.pt,7,565,565,3,1,0.27685,0.00565,0.17016845999999997
dwconv-bn-relu_prior_L3II8D.pt,14,566,566,3,2,0.27734,0.00566,0.14930919999999998
dwconv-bn-relu_prior_U22KQ7.pt,14,568,568,3,2,0.27832,0.00568,0.15102350000000006
dwconv-bn-relu_prior_S6USIQ.pt,7,570,570,3,1,0.2793,0.0057,0.14570866000000002
dwconv-bn-relu_prior_RLX7DI.pt,7,220,220,5,1,0.28028,0.00572,0.13678320000000005
dwconv-bn-relu_prior_HON70W.pt,28,14,14,5,1,0.285376,0.000364,0.13157624
dwconv-bn-relu_prior_EAEKK9.pt,28,14,14,5,1,0.285376,0.000364,0.13374468000000003
dwconv-bn-relu_prior_FSLS64.pt,14,56,56,5,1,0.285376,0.001456,0.11261256000000001
dwconv-bn-relu_prior_S5G66R.pt,7,224,224,5,1,0.285376,0.005824,0.5476852999999998
dwconv-bn-relu_prior_TBYA3B.pt,7,224,224,5,1,0.285376,0.005824,0.13876883999999995
dwconv-bn-relu_prior_A2JRRY.pt,14,57,57,5,1,0.290472,0.001482,0.23275717999999998
dwconv-bn-relu_prior_BVQV5Z.pt,14,57,57,5,1,0.290472,0.001482,0.1509675
dwconv-bn-relu_prior_TNEDVI.pt,14,150,150,3,1,0.294,0.0015,0.15225918
dwconv-bn-relu_prior_LX7LOX.pt,7,120,120,7,1,0.294,0.006,0.23062568
dwconv-bn-relu_prior_GWHLXJ.pt,14,58,58,5,1,0.295568,0.001508,0.2662972400000001
dwconv-bn-relu_prior_D2XYYM.pt,28,38,38,3,1,0.29792,0.00038,0.5307789999999999
dwconv-bn-relu_prior_CE3NB3.pt,28,38,38,3,1,0.29792,0.00038,0.14039410000000002
dwconv-bn-relu_prior_T43ARG.pt,28,38,38,3,1,0.29792,0.00038,0.13480433999999997
dwconv-bn-relu_prior_FNWW2X.pt,14,152,152,3,1,0.29792,0.00152,0.40061228000000004
dwconv-bn-relu_prior_1ATFL9.pt,14,153,153,3,1,0.29988,0.00153,0.33639898
dwconv-bn-relu_prior_U7HS64.pt,14,59,59,5,1,0.300664,0.001534,0.15195250000000005
dwconv-bn-relu_prior_P0Z5MO.pt,14,59,59,5,1,0.300664,0.001534,0.14249118
dwconv-bn-relu_prior_6L86HN.pt,14,59,59,5,1,0.300664,0.001534,0.14577946000000003
dwconv-bn-relu_prior_JKFY0N.pt,7,236,236,5,1,0.300664,0.006136,0.13852795999999992
dwconv-bn-relu_prior_ULGXLW.pt,14,154,154,3,1,0.30184,0.00154,0.15528351999999998
dwconv-bn-relu_prior_EN540W.pt,14,155,155,3,1,0.3038,0.00155,0.12506851999999996
dwconv-bn-relu_prior_B3X378.pt,14,155,155,3,1,0.3038,0.00155,0.13857672000000001
dwconv-bn-relu_prior_8ETCDT.pt,28,39,39,3,1,0.30576,0.00039,0.26155967999999996
dwconv-bn-relu_prior_0XVY7U.pt,14,60,60,5,1,0.30576,0.00156,0.12387638000000002
dwconv-bn-relu_prior_7X641T.pt,14,60,60,5,1,0.30576,0.00156,0.12000168
dwconv-bn-relu_prior_IH72I4.pt,14,156,156,3,1,0.30576,0.00156,0.13275668000000002
dwconv-bn-relu_prior_44XGZC.pt,14,60,60,5,1,0.30576,0.00156,0.12922075999999996
dwconv-bn-relu_prior_O2LPBT.pt,14,60,60,5,1,0.30576,0.00156,0.12080387999999996
dwconv-bn-relu_prior_GLM6Q5.pt,14,156,156,3,1,0.30576,0.00156,0.13176253999999998
dwconv-bn-relu_prior_PLZZZQ.pt,7,241,241,5,1,0.307034,0.006266,0.13106804000000002
dwconv-bn-relu_prior_083LXT.pt,14,61,61,5,1,0.310856,0.001586,0.12733753999999997
dwconv-bn-relu_prior_B2QWZU.pt,14,159,159,3,1,0.31164,0.00159,0.13384746
dwconv-bn-relu_prior_PFHXHF.pt,14,159,159,3,1,0.31164,0.00159,0.13210134000000007
dwconv-bn-relu_prior_J101X6.pt,14,159,159,3,1,0.31164,0.00159,0.13311930000000002
dwconv-bn-relu_prior_LXSDWL.pt,28,40,40,3,1,0.3136,0.0004,0.13084627999999995
dwconv-bn-relu_prior_XMMOQP.pt,14,160,160,3,1,0.3136,0.0016,0.13158136000000004
dwconv-bn-relu_prior_WW5YKI.pt,28,160,160,3,2,0.3136,0.0016,0.16264588
dwconv-bn-relu_prior_TXAY8H.pt,14,160,160,3,1,0.3136,0.0016,0.13184785999999998
dwconv-bn-relu_prior_EGUW4P.pt,14,161,161,3,1,0.31556,0.00161,0.13481512000000004
dwconv-bn-relu_prior_YWMLDO.pt,7,248,248,5,1,0.315952,0.006448,0.12284640000000001
dwconv-bn-relu_prior_X73SJV.pt,7,249,249,5,1,0.317226,0.006474,0.12875752
dwconv-bn-relu_prior_6AC0LY.pt,14,162,162,3,1,0.31752,0.00162,0.13310661999999998
dwconv-bn-relu_prior_CC2NIP.pt,7,250,250,5,1,0.3185,0.0065,0.13231014
dwconv-bn-relu_prior_NO7TNJ.pt,14,163,163,3,1,0.31948,0.00163,0.129601
dwconv-bn-relu_prior_QDIL6B.pt,14,163,163,3,1,0.31948,0.00163,0.13136928
dwconv-bn-relu_prior_0F4DOT.pt,14,163,163,3,1,0.31948,0.00163,0.14052276000000005
dwconv-bn-relu_prior_NV5FVP.pt,14,63,63,5,1,0.321048,0.001638,0.13274898
dwconv-bn-relu_prior_W2GY0H.pt,28,63,63,5,2,0.321048,0.001638,0.14228858
dwconv-bn-relu_prior_1LXG2G.pt,28,41,41,3,1,0.32144,0.00041,0.13376913999999995
dwconv-bn-relu_prior_ZNCR4L.pt,14,164,164,3,1,0.32144,0.00164,0.14141421999999995
dwconv-bn-relu_prior_4AGWI8.pt,14,166,166,3,1,0.32536,0.00166,0.14875287999999995
dwconv-bn-relu_prior_IAZ2HK.pt,14,166,166,3,1,0.32536,0.00166,0.14626365999999996
dwconv-bn-relu_prior_8Z4PIM.pt,14,166,166,3,1,0.32536,0.00166,0.11948764
dwconv-bn-relu_prior_DIHA57.pt,14,166,166,3,1,0.32536,0.00166,0.14134239999999995
dwconv-bn-relu_prior_H4P6MP.pt,14,64,64,5,1,0.326144,0.001664,0.12747873999999998
dwconv-bn-relu_prior_JTZELI.pt,14,64,64,5,1,0.326144,0.001664,0.13811328
dwconv-bn-relu_prior_MP70DP.pt,14,167,167,3,1,0.32732,0.00167,0.13831240000000006
dwconv-bn-relu_prior_AWXB7F.pt,7,257,257,5,1,0.327418,0.006682,0.2006820800000001
dwconv-bn-relu_prior_TWFLN6.pt,14,168,168,3,1,0.32928,0.00168,0.14690180000000003
dwconv-bn-relu_prior_XJ1WFY.pt,14,168,168,3,1,0.32928,0.00168,0.15195308
dwconv-bn-relu_prior_2U46C5.pt,7,675,675,3,1,0.33075,0.00675,0.1516547
dwconv-bn-relu_prior_ELKX18.pt,14,169,169,3,1,0.33124,0.00169,0.14678055999999998
dwconv-bn-relu_prior_CLWKYW.pt,14,169,169,3,1,0.33124,0.00169,0.13254914000000004
dwconv-bn-relu_prior_WNCEJW.pt,14,65,65,5,1,0.33124,0.00169,0.14151516
dwconv-bn-relu_prior_QA1XN5.pt,14,171,171,3,1,0.33516,0.00171,0.33564532
dwconv-bn-relu_prior_TS2S5S.pt,28,43,43,3,1,0.33712,0.00043,0.1396846
dwconv-bn-relu_prior_3MYW3Z.pt,28,43,43,3,1,0.33712,0.00043,0.31253250000000005
dwconv-bn-relu_prior_S7CNUD.pt,14,67,67,5,1,0.341432,0.001742,0.24257002
dwconv-bn-relu_prior_HZ09NT.pt,14,67,67,5,1,0.341432,0.001742,0.12741553999999997
dwconv-bn-relu_prior_K78N3U.pt,28,67,67,5,2,0.341432,0.001742,0.13741152
dwconv-bn-relu_prior_334BVA.pt,28,175,175,3,2,0.343,0.00175,0.15407702
dwconv-bn-relu_prior_RIZG9A.pt,14,175,175,3,1,0.343,0.00175,0.14825790000000003
dwconv-bn-relu_prior_ZR2K3S.pt,14,35,35,7,1,0.343,0.00175,0.12383201999999997
dwconv-bn-relu_prior_ZBQ90H.pt,56,11,11,3,1,0.34496,0.00011,0.14097943999999996
dwconv-bn-relu_prior_LDA61K.pt,14,68,68,5,1,0.346528,0.001768,0.46565556000000013
dwconv-bn-relu_prior_PTG4MI.pt,28,178,178,3,2,0.34888,0.00178,0.1499915
dwconv-bn-relu_prior_PZ5LW7.pt,14,179,179,3,1,0.35084,0.00179,0.13078088
dwconv-bn-relu_prior_UA0OE8.pt,14,179,179,3,1,0.35084,0.00179,0.13659107999999998
dwconv-bn-relu_prior_EPJKIR.pt,28,45,45,3,1,0.3528,0.00045,0.31207562
dwconv-bn-relu_prior_BY6PYG.pt,56,45,45,3,2,0.3528,0.00045,0.14976632
dwconv-bn-relu_prior_GM5YWG.pt,14,36,36,7,1,0.3528,0.0018,0.16800240000000002
dwconv-bn-relu_prior_AQFD9Z.pt,14,36,36,7,1,0.3528,0.0018,0.13558267999999996
dwconv-bn-relu_prior_18Q94Z.pt,14,180,180,3,1,0.3528,0.0018,0.16479286
dwconv-bn-relu_prior_VBRTU1.pt,28,180,180,3,2,0.3528,0.0018,0.17198359999999993
dwconv-bn-relu_prior_AE5PBO.pt,14,181,181,3,1,0.35476,0.00181,0.15077316000000002
dwconv-bn-relu_prior_Q6DNZB.pt,14,181,181,3,1,0.35476,0.00181,0.15025582
dwconv-bn-relu_prior_8LDF6U.pt,14,70,70,5,1,0.35672,0.00182,0.14000949999999998
dwconv-bn-relu_prior_YURL1E.pt,14,71,71,5,1,0.361816,0.001846,0.16143976000000004
dwconv-bn-relu_prior_O9EY4Q.pt,14,187,187,3,1,0.36652,0.00187,0.12849945999999993
dwconv-bn-relu_prior_I034UK.pt,14,72,72,5,1,0.366912,0.001872,0.12584612
dwconv-bn-relu_prior_10UZNE.pt,14,73,73,5,1,0.372008,0.001898,0.13193579999999996
dwconv-bn-relu_prior_JBHTJD.pt,14,191,191,3,1,0.37436,0.00191,0.13120312000000003
dwconv-bn-relu_prior_6ZRPMP.pt,28,48,48,3,1,0.37632,0.00048,0.15546204000000002
dwconv-bn-relu_prior_V7KG3X.pt,28,48,48,3,1,0.37632,0.00048,0.16563010000000003
dwconv-bn-relu_prior_NC8ALF.pt,14,74,74,5,1,0.377104,0.001924,0.16784648000000005
dwconv-bn-relu_prior_U63LNY.pt,14,74,74,5,1,0.377104,0.001924,0.15669676
dwconv-bn-relu_prior_M2Q2JW.pt,14,75,75,5,1,0.3822,0.00195,0.14892951999999998
dwconv-bn-relu_prior_U6JK3B.pt,14,76,76,5,1,0.387296,0.001976,0.15891816000000003
dwconv-bn-relu_prior_J6KC7X.pt,14,76,76,5,1,0.387296,0.001976,0.14391257999999996
dwconv-bn-relu_prior_WXK14L.pt,28,50,50,3,1,0.392,0.0005,0.13860666
dwconv-bn-relu_prior_K3CT4G.pt,14,77,77,5,1,0.392392,0.002002,0.14163066000000002
dwconv-bn-relu_prior_4XM437.pt,7,163,163,7,1,0.39935,0.00815,0.28083348
dwconv-bn-relu_prior_RT77O4.pt,14,79,79,5,1,0.402584,0.002054,0.12151446
dwconv-bn-relu_prior_EK8YS9.pt,14,79,79,5,1,0.402584,0.002054,0.14377450000000003
dwconv-bn-relu_prior_XX4IDT.pt,14,79,79,5,1,0.402584,0.002054,0.1376355
dwconv-bn-relu_prior_TGGJBQ.pt,14,79,79,5,1,0.402584,0.002054,0.1325559
dwconv-bn-relu_prior_A87D90.pt,14,206,206,3,1,0.40376,0.00206,0.16358418
dwconv-bn-relu_prior_2E7XIL.pt,56,13,13,3,1,0.40768,0.00013,0.13538561999999998
dwconv-bn-relu_prior_51RPSP.pt,28,52,52,3,1,0.40768,0.00052,0.13367976
dwconv-bn-relu_prior_0BL13Y.pt,14,80,80,5,1,0.40768,0.00208,0.33103143999999995
dwconv-bn-relu_prior_LYQTAF.pt,14,81,81,5,1,0.412776,0.002106,0.13558076
dwconv-bn-relu_prior_UZMYEF.pt,14,81,81,5,1,0.412776,0.002106,0.13252444000000002
dwconv-bn-relu_prior_8UFEZS.pt,14,81,81,5,1,0.412776,0.002106,0.12862479999999998
dwconv-bn-relu_prior_1JXLRA.pt,14,81,81,5,1,0.412776,0.002106,0.13593217999999999
dwconv-bn-relu_prior_25VY4C.pt,7,169,169,7,1,0.41405,0.00845,0.13631248000000004
dwconv-bn-relu_prior_MO6OMK.pt,7,169,169,7,1,0.41405,0.00845,0.34931166000000013
dwconv-bn-relu_prior_PZ8ZYU.pt,28,53,53,3,1,0.41552,0.00053,0.14081799999999997
dwconv-bn-relu_prior_91NFYC.pt,28,53,53,3,1,0.41552,0.00053,0.30178412000000004
dwconv-bn-relu_prior_1T310S.pt,14,82,82,5,1,0.417872,0.002132,0.17345420000000003
dwconv-bn-relu_prior_UAHP2X.pt,7,171,171,7,1,0.41895,0.00855,0.4097981600000001
dwconv-bn-relu_prior_EEJMEO.pt,14,43,43,7,1,0.4214,0.00215,0.16675984000000008
dwconv-bn-relu_prior_DKD5TJ.pt,14,215,215,3,1,0.4214,0.00215,0.24857813999999998
dwconv-bn-relu_prior_JVQNYC.pt,14,83,83,5,1,0.422968,0.002158,0.147173
dwconv-bn-relu_prior_4K76AX.pt,28,54,54,3,1,0.42336,0.00054,0.14463086
dwconv-bn-relu_prior_363SRL.pt,28,54,54,3,1,0.42336,0.00054,0.16928490000000004
dwconv-bn-relu_prior_EOZFI0.pt,28,21,21,5,1,0.428064,0.000546,0.15661862
dwconv-bn-relu_prior_OVI51J.pt,14,84,84,5,1,0.428064,0.002184,0.14410399999999998
dwconv-bn-relu_prior_O6A9TD.pt,28,55,55,3,1,0.4312,0.00055,0.13263404
dwconv-bn-relu_prior_NJUDAI.pt,28,55,55,3,1,0.4312,0.00055,0.13141006000000002
dwconv-bn-relu_prior_PFDVT4.pt,28,55,55,3,1,0.4312,0.00055,0.12931710000000002
dwconv-bn-relu_prior_B25HV2.pt,14,221,221,3,1,0.43316,0.00221,0.13281442
dwconv-bn-relu_prior_YZ8RXY.pt,14,85,85,5,1,0.43316,0.00221,0.12504594000000002
dwconv-bn-relu_prior_01AG5P.pt,14,85,85,5,1,0.43316,0.00221,0.12082599999999998
dwconv-bn-relu_prior_0HMB2M.pt,14,222,222,3,1,0.43512,0.00222,0.39567913999999993
dwconv-bn-relu_prior_FDT2XP.pt,14,222,222,3,1,0.43512,0.00222,0.15310256
dwconv-bn-relu_prior_ACG0B5.pt,14,86,86,5,1,0.438256,0.002236,0.14232544
dwconv-bn-relu_prior_3EPYCI.pt,56,14,14,3,1,0.43904,0.00014,0.14124124000000002
dwconv-bn-relu_prior_JBO2DC.pt,14,225,225,3,1,0.441,0.00225,0.21670767999999996
dwconv-bn-relu_prior_4T0HTL.pt,14,87,87,5,1,0.443352,0.002262,0.1427302
dwconv-bn-relu_prior_TPJU4F.pt,14,87,87,5,1,0.443352,0.002262,0.5181075400000001
dwconv-bn-relu_prior_FSGRC8.pt,28,57,57,3,1,0.44688,0.00057,0.19593932000000003
dwconv-bn-relu_prior_CQWQQ6.pt,14,88,88,5,1,0.448448,0.002288,0.13741621999999995
dwconv-bn-relu_prior_EDBRWE.pt,14,88,88,5,1,0.448448,0.002288,0.12874516000000003
dwconv-bn-relu_prior_XD082J.pt,14,231,231,3,1,0.45276,0.00231,0.26950510000000016
dwconv-bn-relu_prior_EKCAQX.pt,14,89,89,5,1,0.453544,0.002314,0.13452527999999997
dwconv-bn-relu_prior_9J3MO8.pt,28,58,58,3,1,0.45472,0.00058,0.19039178000000007
dwconv-bn-relu_prior_QRJ4V6.pt,14,90,90,5,1,0.45864,0.00234,0.14385634000000003
dwconv-bn-relu_prior_KDOE51.pt,14,234,234,3,1,0.45864,0.00234,0.14440172
dwconv-bn-relu_prior_79I3U0.pt,28,59,59,3,1,0.46256,0.00059,0.13780103999999996
dwconv-bn-relu_prior_OOH1QI.pt,28,59,59,3,1,0.46256,0.00059,0.13887697999999998
dwconv-bn-relu_prior_1S7VF3.pt,14,91,91,5,1,0.463736,0.002366,0.12925214000000002
dwconv-bn-relu_prior_VMVOHT.pt,28,23,23,5,1,0.468832,0.000598,0.10895634000000001
dwconv-bn-relu_prior_I7CS3I.pt,14,92,92,5,1,0.468832,0.002392,0.11918004000000003
dwconv-bn-relu_prior_HC6JGO.pt,14,92,92,5,1,0.468832,0.002392,0.12575663999999998
dwconv-bn-relu_prior_VUBZ5V.pt,28,60,60,3,1,0.4704,0.0006,0.14161439999999997
dwconv-bn-relu_prior_F2DFER.pt,28,60,60,3,1,0.4704,0.0006,0.14518326
dwconv-bn-relu_prior_GIM0F7.pt,14,240,240,3,1,0.4704,0.0024,0.19096887999999995
dwconv-bn-relu_prior_OFPDIX.pt,14,240,240,3,1,0.4704,0.0024,0.13647094000000004
dwconv-bn-relu_prior_C7VTQ0.pt,14,240,240,3,1,0.4704,0.0024,0.14672034
dwconv-bn-relu_prior_4HJAF0.pt,7,960,960,3,1,0.4704,0.0096,0.14759271999999996
dwconv-bn-relu_prior_RIBYAL.pt,7,968,968,3,1,0.47432,0.00968,0.14306296
dwconv-bn-relu_prior_UXPD8S.pt,7,970,970,3,1,0.4753,0.0097,0.14730267999999996
dwconv-bn-relu_prior_ESJITO.pt,28,61,61,3,1,0.47824,0.00061,0.14289722000000002
dwconv-bn-relu_prior_2ZMGCU.pt,14,244,244,3,1,0.47824,0.00244,0.14730706
dwconv-bn-relu_prior_1TRUHJ.pt,14,246,246,3,1,0.48216,0.00246,0.14965584
dwconv-bn-relu_prior_SOQIVQ.pt,14,246,246,3,1,0.48216,0.00246,0.27333168
dwconv-bn-relu_prior_79AWKS.pt,14,247,247,3,1,0.48412,0.00247,0.15062904000000002
dwconv-bn-relu_prior_N9CQKN.pt,28,62,62,3,1,0.48608,0.00062,0.15089858
dwconv-bn-relu_prior_3VSWLU.pt,28,62,62,3,1,0.48608,0.00062,0.1625389
dwconv-bn-relu_prior_4OUDJW.pt,14,249,249,3,1,0.48804,0.00249,0.21342666000000002
dwconv-bn-relu_prior_YHNISW.pt,14,250,250,3,1,0.49,0.0025,0.1510004000000001
dwconv-bn-relu_prior_YOJ2RS.pt,14,250,250,3,1,0.49,0.0025,0.15375123999999998
dwconv-bn-relu_prior_J8SVGI.pt,14,50,50,7,1,0.49,0.0025,0.19095103999999996
dwconv-bn-relu_prior_Q1K99W.pt,14,97,97,5,1,0.494312,0.002522,0.1281411
dwconv-bn-relu_prior_DI9JJF.pt,14,98,98,5,1,0.499408,0.002548,0.13595324
dwconv-bn-relu_prior_D20B8T.pt,7,1023,1023,3,1,0.50127,0.01023,0.14161434000000003
dwconv-bn-relu_prior_22MVBS.pt,28,64,64,3,1,0.50176,0.00064,0.14305996
dwconv-bn-relu_prior_MGQ6ML.pt,28,64,64,3,1,0.50176,0.00064,0.13868748000000003
dwconv-bn-relu_prior_DASB5G.pt,28,64,64,3,1,0.50176,0.00064,0.15531862
dwconv-bn-relu_prior_JIG8CH.pt,14,99,99,5,1,0.504504,0.002574,0.14636394000000003
dwconv-bn-relu_prior_B4VVJG.pt,28,65,65,3,1,0.5096,0.00065,0.15084454000000005
dwconv-bn-relu_prior_10TGE9.pt,28,65,65,3,1,0.5096,0.00065,0.1434589
dwconv-bn-relu_prior_7UUAC9.pt,14,100,100,5,1,0.5096,0.0026,0.12972766
dwconv-bn-relu_prior_CQ7D50.pt,14,100,100,5,1,0.5096,0.0026,0.12869176000000007
dwconv-bn-relu_prior_7QI16N.pt,7,403,403,5,1,0.513422,0.010478,0.12930375999999996
dwconv-bn-relu_prior_MEAW70.pt,14,101,101,5,1,0.514696,0.002626,0.12619645999999998
dwconv-bn-relu_prior_2NCLLA.pt,14,265,265,3,1,0.5194,0.00265,0.14555929999999997
dwconv-bn-relu_prior_LD80ZP.pt,7,410,410,5,1,0.52234,0.01066,0.21533614
dwconv-bn-relu_prior_ZLEKYK.pt,28,103,103,5,2,0.524888,0.002678,0.15192182
dwconv-bn-relu_prior_6G49X9.pt,28,26,26,5,1,0.529984,0.000676,0.14367676
dwconv-bn-relu_prior_NJCVXX.pt,28,26,26,5,1,0.529984,0.000676,0.14646732
dwconv-bn-relu_prior_IZWOOS.pt,28,68,68,3,1,0.53312,0.00068,0.12852053999999996
dwconv-bn-relu_prior_HJLCMI.pt,14,105,105,5,1,0.53508,0.00273,0.14538326000000001
dwconv-bn-relu_prior_2G9QMB.pt,7,219,219,7,1,0.53655,0.01095,0.30511284000000005
dwconv-bn-relu_prior_EQWROM.pt,28,69,69,3,1,0.54096,0.00069,0.15165965999999995
dwconv-bn-relu_prior_ET86ES.pt,14,107,107,5,1,0.545272,0.002782,0.14538598000000005
dwconv-bn-relu_prior_7V0LR6.pt,28,56,56,7,2,0.5488,0.0028,0.1401497
dwconv-bn-relu_prior_YQWJD8.pt,14,56,56,7,1,0.5488,0.0028,0.14579701999999997
dwconv-bn-relu_prior_U95DRA.pt,14,108,108,5,1,0.550368,0.002808,0.14461174
dwconv-bn-relu_prior_KQ85I9.pt,7,1129,1129,3,1,0.55321,0.01129,0.15402420000000003
dwconv-bn-relu_prior_RVK12Y.pt,14,109,109,5,1,0.555464,0.002834,0.15305942000000003
dwconv-bn-relu_prior_G83FFL.pt,28,71,71,3,1,0.55664,0.00071,0.22682697999999996
dwconv-bn-relu_prior_KI1MY1.pt,28,71,71,3,1,0.55664,0.00071,0.11504256000000003
dwconv-bn-relu_prior_RIK5L9.pt,28,71,71,3,1,0.55664,0.00071,0.14440384
dwconv-bn-relu_prior_U6C0CX.pt,7,1136,1136,3,1,0.55664,0.01136,0.29483509999999996
dwconv-bn-relu_prior_7TKIED.pt,7,1144,1144,3,1,0.56056,0.01144,0.14832547999999995
dwconv-bn-relu_prior_CBV4L3.pt,14,1145,1145,3,2,0.56105,0.01145,0.17029894
dwconv-bn-relu_prior_P67L5O.pt,56,18,18,3,1,0.56448,0.00018,0.14681552
dwconv-bn-relu_prior_KGEHQY.pt,28,72,72,3,1,0.56448,0.00072,0.15790588
dwconv-bn-relu_prior_VQWUSY.pt,14,111,111,5,1,0.565656,0.002886,0.14523402
dwconv-bn-relu_prior_GQL1YK.pt,28,73,73,3,1,0.57232,0.00073,0.15626781999999997
dwconv-bn-relu_prior_HUDKOQ.pt,28,74,74,3,1,0.58016,0.00074,0.15645678
dwconv-bn-relu_prior_J50Z4V.pt,28,74,74,3,1,0.58016,0.00074,0.15897276
dwconv-bn-relu_prior_F3IM8L.pt,56,74,74,3,2,0.58016,0.00074,0.17266546
dwconv-bn-relu_prior_M8TJWG.pt,14,114,114,5,1,0.580944,0.002964,0.1458614
dwconv-bn-relu_prior_150IC5.pt,14,60,60,7,1,0.588,0.003,0.14373038
dwconv-bn-relu_prior_0TB3DB.pt,14,116,116,5,1,0.591136,0.003016,0.14672037999999998
dwconv-bn-relu_prior_1JSDM7.pt,7,467,467,5,1,0.594958,0.012142,0.14281392
dwconv-bn-relu_prior_RZRCIB.pt,56,19,19,3,1,0.59584,0.00019,0.14941972
dwconv-bn-relu_prior_WGPTSD.pt,14,117,117,5,1,0.596232,0.003042,0.15370315999999998
dwconv-bn-relu_prior_QE9ZCD.pt,7,246,246,7,1,0.6027,0.0123,0.18763554000000002
dwconv-bn-relu_prior_EQ9FTQ.pt,28,77,77,3,1,0.60368,0.00077,0.28096064
dwconv-bn-relu_prior_32N6CO.pt,7,476,476,5,1,0.606424,0.012376,0.14399363999999998
dwconv-bn-relu_prior_F9B3PN.pt,7,485,485,5,1,0.61789,0.01261,0.13334446
dwconv-bn-relu_prior_2ZJ5YM.pt,28,80,80,3,1,0.6272,0.0008,0.16106332
dwconv-bn-relu_prior_8XGZI2.pt,7,256,256,7,1,0.6272,0.0128,0.12311906
dwconv-bn-relu_prior_2UME70.pt,7,496,496,5,1,0.631904,0.012896,0.13004558000000002
dwconv-bn-relu_prior_LMMP5I.pt,28,81,81,3,1,0.63504,0.00081,0.16618925999999998
dwconv-bn-relu_prior_CYMJ8Y.pt,28,81,81,3,1,0.63504,0.00081,0.15632284
dwconv-bn-relu_prior_6BWPIE.pt,14,65,65,7,1,0.637,0.00325,0.13986284
dwconv-bn-relu_prior_BVMC9Z.pt,14,126,126,5,1,0.642096,0.003276,0.14110364
dwconv-bn-relu_prior_QTTC7V.pt,14,66,66,7,1,0.6468,0.0033,0.14545049999999998
dwconv-bn-relu_prior_LMN6K3.pt,28,84,84,3,1,0.65856,0.00084,0.15080273999999996
dwconv-bn-relu_prior_UBLFQT.pt,28,85,85,3,1,0.6664,0.00085,0.15532754000000001
dwconv-bn-relu_prior_UN8ZOA.pt,14,68,68,7,1,0.6664,0.0034,0.14968706
dwconv-bn-relu_prior_LG7L1G.pt,14,68,68,7,1,0.6664,0.0034,0.13969816
dwconv-bn-relu_prior_1K4P7A.pt,28,86,86,3,1,0.67424,0.00086,0.15818693999999997
dwconv-bn-relu_prior_TUYF04.pt,28,86,86,3,1,0.67424,0.00086,0.15830376000000002
dwconv-bn-relu_prior_9ICREN.pt,28,88,88,3,1,0.68992,0.00088,0.33474397999999994
dwconv-bn-relu_prior_ICH16G.pt,14,71,71,7,1,0.6958,0.00355,0.14194492000000003
dwconv-bn-relu_prior_8YQWQ6.pt,28,89,89,3,1,0.69776,0.00089,0.37661888
dwconv-bn-relu_prior_2Z13HR.pt,28,90,90,3,1,0.7056,0.0009,0.16572504
dwconv-bn-relu_prior_BHWL8A.pt,28,18,18,7,1,0.7056,0.0009,0.32314996000000007
dwconv-bn-relu_prior_62UB2H.pt,28,35,35,5,1,0.71344,0.00091,0.13717587999999997
dwconv-bn-relu_prior_GHE73Z.pt,28,91,91,3,1,0.71344,0.00091,0.16430356000000004
dwconv-bn-relu_prior_OZ7EVU.pt,56,23,23,3,1,0.72128,0.00023,0.15948140000000002
dwconv-bn-relu_prior_6770XA.pt,112,23,23,3,2,0.72128,0.00023,0.19641298000000007
dwconv-bn-relu_prior_T11GIR.pt,56,23,23,3,1,0.72128,0.00023,0.30302400000000007
dwconv-bn-relu_prior_6JTGJZ.pt,14,143,143,5,1,0.728728,0.003718,0.13881818
dwconv-bn-relu_prior_X2T8PC.pt,28,93,93,3,1,0.72912,0.00093,0.15030091999999995
dwconv-bn-relu_prior_78RIN4.pt,28,93,93,3,1,0.72912,0.00093,0.15487094
dwconv-bn-relu_prior_1ESIU2.pt,28,94,94,3,1,0.73696,0.00094,0.15538962
dwconv-bn-relu_prior_CFGG6M.pt,28,94,94,3,1,0.73696,0.00094,0.13132499999999994
dwconv-bn-relu_prior_VHYWVJ.pt,28,19,19,7,1,0.7448,0.00095,0.13954088
dwconv-bn-relu_prior_LC0PH4.pt,14,147,147,5,1,0.749112,0.003822,0.18698013999999993
dwconv-bn-relu_prior_2YEACK.pt,28,96,96,3,1,0.75264,0.00096,0.22078024000000007
dwconv-bn-relu_prior_B3HZPB.pt,14,384,384,3,1,0.75264,0.00384,0.13052312
dwconv-bn-relu_prior_S86OTE.pt,28,37,37,5,1,0.754208,0.000962,0.13809938
dwconv-bn-relu_prior_6JSMIC.pt,14,148,148,5,1,0.754208,0.003848,0.15085849999999995
dwconv-bn-relu_prior_YKL0C0.pt,14,77,77,7,1,0.7546,0.00385,0.147898
dwconv-bn-relu_prior_1TTWRQ.pt,14,77,77,7,1,0.7546,0.00385,0.13990369999999996
dwconv-bn-relu_prior_5G9ZW6.pt,14,78,78,7,1,0.7644,0.0039,0.14298431999999997
dwconv-bn-relu_prior_HPHUUN.pt,14,78,78,7,1,0.7644,0.0039,0.13988472000000002
dwconv-bn-relu_prior_EMJHML.pt,14,78,78,7,1,0.7644,0.0039,0.35678906000000005
dwconv-bn-relu_prior_T1KO5R.pt,14,153,153,5,1,0.779688,0.003978,0.14496865999999994
dwconv-bn-relu_prior_P6Q8B3.pt,14,154,154,5,1,0.784784,0.004004,0.14550078
dwconv-bn-relu_prior_0UYKW2.pt,14,154,154,5,1,0.784784,0.004004,0.15933614000000004
dwconv-bn-relu_prior_KMP245.pt,14,155,155,5,1,0.78988,0.00403,0.14417600000000003
dwconv-bn-relu_prior_IHQQ60.pt,14,155,155,5,1,0.78988,0.00403,0.14487968000000004
dwconv-bn-relu_prior_ENHCYU.pt,14,155,155,5,1,0.78988,0.00403,0.1502859
dwconv-bn-relu_prior_X99853.pt,14,155,155,5,1,0.78988,0.00403,0.14405891999999995
dwconv-bn-relu_prior_PPTUXZ.pt,28,101,101,3,1,0.79184,0.00101,0.16056498000000005
dwconv-bn-relu_prior_MTK104.pt,14,81,81,7,1,0.7938,0.00405,0.38978626
dwconv-bn-relu_prior_X6691Y.pt,28,39,39,5,1,0.794976,0.001014,0.27851364000000006
dwconv-bn-relu_prior_KPO6O3.pt,14,156,156,5,1,0.794976,0.004056,0.14858328000000004
dwconv-bn-relu_prior_L5455M.pt,14,157,157,5,1,0.800072,0.004082,0.16992616
dwconv-bn-relu_prior_ZJ5MGS.pt,14,82,82,7,1,0.8036,0.0041,0.34454918
dwconv-bn-relu_prior_5VC9V6.pt,14,158,158,5,1,0.805168,0.004108,0.14930083999999996
dwconv-bn-relu_prior_UN3WYO.pt,28,103,103,3,1,0.80752,0.00103,0.3330513799999999
dwconv-bn-relu_prior_WFTBBJ.pt,14,159,159,5,1,0.810264,0.004134,0.15633996
dwconv-bn-relu_prior_OJNKWF.pt,112,26,26,3,2,0.81536,0.00026,0.20253685999999996
dwconv-bn-relu_prior_9FACGA.pt,56,26,26,3,1,0.81536,0.00026,0.18088963999999993
dwconv-bn-relu_prior_CQUFVQ.pt,112,26,26,3,2,0.81536,0.00026,0.21311239999999995
dwconv-bn-relu_prior_BV89LG.pt,28,104,104,3,1,0.81536,0.00104,0.1883755
dwconv-bn-relu_prior_1XMTW5.pt,14,161,161,5,1,0.820456,0.004186,0.17911739999999998
dwconv-bn-relu_prior_AZSBDR.pt,28,161,161,5,2,0.820456,0.004186,0.18547619999999998
dwconv-bn-relu_prior_YIWWYI.pt,28,161,161,5,2,0.820456,0.004186,0.18590498000000003
dwconv-bn-relu_prior_QVTG5K.pt,14,162,162,5,1,0.825552,0.004212,0.17525100000000002
dwconv-bn-relu_prior_Z97N7L.pt,14,162,162,5,1,0.825552,0.004212,0.17234494
dwconv-bn-relu_prior_N20M16.pt,14,85,85,7,1,0.833,0.00425,0.35535944
dwconv-bn-relu_prior_0IQTH7.pt,14,85,85,7,1,0.833,0.00425,0.14051964000000003
dwconv-bn-relu_prior_8JFHSA.pt,14,164,164,5,1,0.835744,0.004264,0.4961222999999999
dwconv-bn-relu_prior_CR3K2R.pt,14,164,164,5,1,0.835744,0.004264,0.15054704
dwconv-bn-relu_prior_J4FUN3.pt,28,107,107,3,1,0.83888,0.00107,0.16459052
dwconv-bn-relu_prior_YW85VT.pt,14,165,165,5,1,0.84084,0.00429,0.15275662
dwconv-bn-relu_prior_5Q6HVJ.pt,14,165,165,5,1,0.84084,0.00429,0.14967618000000005
dwconv-bn-relu_prior_72IY0F.pt,14,165,165,5,1,0.84084,0.00429,0.15738390000000002
dwconv-bn-relu_prior_OT42HU.pt,14,86,86,7,1,0.8428,0.0043,0.15110691999999998
dwconv-bn-relu_prior_V5WMUB.pt,112,27,27,3,2,0.84672,0.00027,0.20372515999999996
dwconv-bn-relu_prior_FT3OBT.pt,14,167,167,5,1,0.851032,0.004342,0.3844204
dwconv-bn-relu_prior_0IFFKN.pt,28,42,42,5,1,0.856128,0.001092,0.15831241999999998
dwconv-bn-relu_prior_TGFZMZ.pt,14,168,168,5,1,0.856128,0.004368,0.19155074
dwconv-bn-relu_prior_AXW3PU.pt,14,168,168,5,1,0.856128,0.004368,0.12050322
dwconv-bn-relu_prior_PGT1HJ.pt,14,168,168,5,1,0.856128,0.004368,0.17169579999999995
dwconv-bn-relu_prior_SQCS8K.pt,14,88,88,7,1,0.8624,0.0044,0.13832614
dwconv-bn-relu_prior_GVONF7.pt,7,678,678,5,1,0.863772,0.017628,0.1516316
dwconv-bn-relu_prior_4X66M0.pt,14,171,171,5,1,0.871416,0.004446,0.47849857999999995
dwconv-bn-relu_prior_XL6V1Q.pt,28,43,43,5,1,0.876512,0.001118,0.15426474
dwconv-bn-relu_prior_BNFAC7.pt,28,43,43,5,1,0.876512,0.001118,0.15605404
dwconv-bn-relu_prior_JW8XW1.pt,7,688,688,5,1,0.876512,0.017888,0.15139425999999997
dwconv-bn-relu_prior_U6H8DQ.pt,14,173,173,5,1,0.881608,0.004498,0.15708085999999996
dwconv-bn-relu_prior_1QDWXT.pt,14,173,173,5,1,0.881608,0.004498,0.20691446000000002
dwconv-bn-relu_prior_8FXESU.pt,14,174,174,5,1,0.886704,0.004524,0.14798936000000004
dwconv-bn-relu_prior_2V0W19.pt,14,176,176,5,1,0.896896,0.004576,0.1539935
dwconv-bn-relu_prior_F2W3TZ.pt,14,176,176,5,1,0.896896,0.004576,0.15380732
dwconv-bn-relu_prior_XCAS4J.pt,14,177,177,5,1,0.901992,0.004602,0.33322188
dwconv-bn-relu_prior_P3HXGJ.pt,14,178,178,5,1,0.907088,0.004628,0.15067099999999994
dwconv-bn-relu_prior_QTIWP8.pt,28,93,93,7,2,0.9114,0.00465,0.16093902000000004
dwconv-bn-relu_prior_6XNAMS.pt,14,179,179,5,1,0.912184,0.004654,0.15766771999999996
dwconv-bn-relu_prior_7I45V2.pt,14,179,179,5,1,0.912184,0.004654,0.15204962000000005
dwconv-bn-relu_prior_QGCGQZ.pt,14,181,181,5,1,0.922376,0.004706,0.14914258
dwconv-bn-relu_prior_O0S85P.pt,14,471,471,3,1,0.92316,0.00471,0.1679891
dwconv-bn-relu_prior_65F7SR.pt,14,473,473,3,1,0.92708,0.00473,0.16457298
dwconv-bn-relu_prior_F89J8K.pt,14,95,95,7,1,0.931,0.00475,0.15174154
dwconv-bn-relu_prior_CFL5PQ.pt,28,119,119,3,1,0.93296,0.00119,0.15819740000000002
dwconv-bn-relu_prior_S7LIP8.pt,14,477,477,3,1,0.93492,0.00477,0.15915412
dwconv-bn-relu_prior_1X0VWC.pt,56,30,30,3,1,0.9408,0.0003,0.16430814000000002
dwconv-bn-relu_prior_7U52QV.pt,14,96,96,7,1,0.9408,0.0048,0.13897788000000003
dwconv-bn-relu_prior_LHCNW0.pt,14,483,483,3,1,0.94668,0.00483,0.16405091999999996
dwconv-bn-relu_prior_74APFK.pt,14,487,487,3,1,0.95452,0.00487,0.36458102
dwconv-bn-relu_prior_L8CVJM.pt,28,122,122,3,1,0.95648,0.00122,0.16794244000000003
dwconv-bn-relu_prior_DDFHHG.pt,14,189,189,5,1,0.963144,0.004914,0.15025668
dwconv-bn-relu_prior_UMOO97.pt,14,190,190,5,1,0.96824,0.00494,0.15162895999999998
dwconv-bn-relu_prior_QFI1H6.pt,28,124,124,3,1,0.97216,0.00124,0.18461212
dwconv-bn-relu_prior_38XR4U.pt,14,100,100,7,1,0.98,0.005,0.14218828000000003
dwconv-bn-relu_prior_9MI5CB.pt,14,501,501,3,1,0.98196,0.00501,0.17115840000000002
dwconv-bn-relu_prior_2ORTI7.pt,14,509,509,3,1,0.99764,0.00509,0.16236389999999998
dwconv-bn-relu_prior_CHFGAQ.pt,28,49,49,5,1,0.998816,0.001274,0.3902649200000001
dwconv-bn-relu_prior_LL33ZE.pt,28,49,49,5,1,0.998816,0.001274,0.15833579999999997
dwconv-bn-relu_prior_XA3PLV.pt,28,50,50,5,1,1.0192,0.0013,0.16224467999999997
dwconv-bn-relu_prior_XN3LA4.pt,28,50,50,5,1,1.0192,0.0013,0.16930917999999995
dwconv-bn-relu_prior_8JDNZH.pt,14,521,521,3,1,1.02116,0.00521,0.17433984
dwconv-bn-relu_prior_YSIJ5G.pt,14,205,205,5,1,1.04468,0.00533,0.1575687
dwconv-bn-relu_prior_UMFXZ2.pt,28,134,134,3,1,1.05056,0.00134,0.1755354599999999
dwconv-bn-relu_prior_1U6RVH.pt,56,13,13,5,1,1.059968,0.000338,0.15663406000000002
dwconv-bn-relu_prior_MYAHSR.pt,28,53,53,5,1,1.080352,0.001378,0.15224484000000005
dwconv-bn-relu_prior_O6VNU5.pt,28,53,53,5,1,1.080352,0.001378,0.3928900999999999
dwconv-bn-relu_prior_O3HL0T.pt,14,557,557,3,1,1.09172,0.00557,0.8003996200000003
dwconv-bn-relu_prior_Z30T2M.pt,56,35,35,3,1,1.0976,0.00035,0.17444304000000002
dwconv-bn-relu_prior_MHCHAF.pt,28,54,54,5,1,1.100736,0.001404,0.14261803999999997
dwconv-bn-relu_prior_3718U0.pt,14,113,113,7,1,1.1074,0.00565,0.15123122000000003
dwconv-bn-relu_prior_RGTP7O.pt,14,565,565,3,1,1.1074,0.00565,0.15213246000000002
dwconv-bn-relu_prior_X5IZ2O.pt,14,566,566,3,1,1.10936,0.00566,0.14350304
dwconv-bn-relu_prior_N1A08H.pt,14,568,568,3,1,1.11328,0.00568,0.14941290000000002
dwconv-bn-relu_prior_GWWPS2.pt,14,219,219,5,1,1.116024,0.005694,0.13930922
dwconv-bn-relu_prior_B66A7O.pt,14,114,114,7,1,1.1172,0.0057,0.12721394000000003
dwconv-bn-relu_prior_F48TEV.pt,14,570,570,3,1,1.1172,0.0057,0.15383808000000002
dwconv-bn-relu_prior_GH4ELU.pt,14,574,574,3,1,1.12504,0.00574,0.18568546000000002
dwconv-bn-relu_prior_JL7XVO.pt,28,116,116,7,2,1.1368,0.0058,0.15494788
dwconv-bn-relu_prior_5Y9EW9.pt,56,14,14,5,1,1.141504,0.000364,0.14949906000000002
dwconv-bn-relu_prior_ZS2L85.pt,28,56,56,5,1,1.141504,0.001456,0.33510570000000006
dwconv-bn-relu_prior_GH8GNJ.pt,28,56,56,5,1,1.141504,0.001456,0.15628116000000003
dwconv-bn-relu_prior_NOVBVG.pt,14,226,226,5,1,1.151696,0.005876,0.15875796
dwconv-bn-relu_prior_45D59A.pt,28,57,57,5,1,1.161888,0.001482,0.16343014
dwconv-bn-relu_prior_L9H7FN.pt,7,475,475,7,1,1.16375,0.02375,0.14457557999999995
dwconv-bn-relu_prior_8NFNKN.pt,14,476,476,7,2,1.1662,0.0238,0.15528832000000004
dwconv-bn-relu_prior_8ENEPU.pt,28,58,58,5,1,1.182272,0.001508,0.16713230000000007
dwconv-bn-relu_prior_B4P0Q1.pt,14,233,233,5,1,1.187368,0.006058,0.16123866000000003
dwconv-bn-relu_prior_N9HJJT.pt,28,59,59,5,1,1.202656,0.001534,0.15389306
dwconv-bn-relu_prior_688Y0N.pt,28,123,123,7,2,1.2054,0.00615,0.15943334
dwconv-bn-relu_prior_YMFQNN.pt,28,154,154,3,1,1.20736,0.00154,0.17669468
dwconv-bn-relu_prior_2NQ1JG.pt,28,154,154,3,1,1.20736,0.00154,0.18644651999999998
dwconv-bn-relu_prior_32NFO8.pt,28,155,155,3,1,1.2152,0.00155,0.18135024000000005
dwconv-bn-relu_prior_AT42HG.pt,7,499,499,7,1,1.22255,0.02495,0.15006856000000002
dwconv-bn-relu_prior_JP3RG8.pt,112,39,39,3,2,1.22304,0.00039,0.21120171999999995
dwconv-bn-relu_prior_4JTAWU.pt,56,15,15,5,1,1.22304,0.00039,0.15723729999999994
dwconv-bn-relu_prior_C10X5M.pt,28,60,60,5,1,1.22304,0.00156,0.16809380000000002
dwconv-bn-relu_prior_1EKWOY.pt,28,60,60,5,1,1.22304,0.00156,0.21716865999999996
dwconv-bn-relu_prior_AR768P.pt,14,240,240,5,1,1.22304,0.00624,0.14453870000000005
dwconv-bn-relu_prior_DME700.pt,7,960,960,5,1,1.22304,0.02496,0.14376266
dwconv-bn-relu_prior_1FY97G.pt,28,157,157,3,1,1.23088,0.00157,0.18208158000000002
dwconv-bn-relu_prior_Z7NDKW.pt,28,158,158,3,1,1.23872,0.00158,0.29932998
dwconv-bn-relu_prior_AZ783S.pt,28,158,158,3,1,1.23872,0.00158,0.16401516000000002
dwconv-bn-relu_prior_G26CB5.pt,14,246,246,5,1,1.253616,0.006396,0.14615776
dwconv-bn-relu_prior_7YBC1G.pt,28,160,160,3,1,1.2544,0.0016,0.15683951999999998
dwconv-bn-relu_prior_HD4445.pt,28,161,161,3,1,1.26224,0.00161,0.18071782000000003
dwconv-bn-relu_prior_0A4HAW.pt,28,161,161,3,1,1.26224,0.00161,0.18090429999999993
dwconv-bn-relu_prior_N73GOK.pt,28,161,161,3,1,1.26224,0.00161,0.17763071999999996
dwconv-bn-relu_prior_NVIQZN.pt,28,161,161,3,1,1.26224,0.00161,0.17050766
dwconv-bn-relu_prior_KQEUIK.pt,28,62,62,5,1,1.263808,0.001612,0.13961353999999998
dwconv-bn-relu_prior_S38A6P.pt,28,62,62,5,1,1.263808,0.001612,0.14079482000000004
dwconv-bn-relu_prior_4GK53Y.pt,28,162,162,3,1,1.27008,0.00162,0.17475734000000004
dwconv-bn-relu_prior_4XFFN2.pt,28,63,63,5,1,1.284192,0.001638,0.14201774000000003
dwconv-bn-relu_prior_5YNCPF.pt,14,252,252,5,1,1.284192,0.006552,0.14258776000000004
dwconv-bn-relu_prior_Z77SNQ.pt,56,41,41,3,1,1.28576,0.00041,0.17849378000000002
dwconv-bn-relu_prior_8N9UIW.pt,28,164,164,3,1,1.28576,0.00164,0.16557481999999993
dwconv-bn-relu_prior_W5I45O.pt,28,164,164,3,1,1.28576,0.00164,0.2841757199999999
dwconv-bn-relu_prior_L4PK1P.pt,28,165,165,3,1,1.2936,0.00165,0.4327776
dwconv-bn-relu_prior_2KKGTX.pt,28,33,33,7,1,1.2936,0.00165,0.1460117
dwconv-bn-relu_prior_HV889F.pt,28,165,165,3,1,1.2936,0.00165,0.17598133999999999
dwconv-bn-relu_prior_72DGHJ.pt,14,255,255,5,1,1.29948,0.00663,0.15327566
dwconv-bn-relu_prior_CSOKJT.pt,28,167,167,3,1,1.30928,0.00167,0.17955096000000004
dwconv-bn-relu_prior_IG7E2C.pt,28,167,167,3,1,1.30928,0.00167,0.17346014
dwconv-bn-relu_prior_1FTYN1.pt,28,257,257,5,2,1.309672,0.006682,0.1735031
dwconv-bn-relu_prior_P3BNMF.pt,56,42,42,3,1,1.31712,0.00042,0.18158181999999992
dwconv-bn-relu_prior_6LFK3Y.pt,28,168,168,3,1,1.31712,0.00168,0.25985704000000004
dwconv-bn-relu_prior_PHZFKL.pt,28,168,168,3,1,1.31712,0.00168,0.16808968
dwconv-bn-relu_prior_38JL5U.pt,28,168,168,3,1,1.31712,0.00168,0.16952450000000002
dwconv-bn-relu_prior_DZ1IRR.pt,28,168,168,3,1,1.31712,0.00168,0.16685792
dwconv-bn-relu_prior_6TJHVK.pt,28,169,169,3,1,1.32496,0.00169,0.17515509999999998
dwconv-bn-relu_prior_JXR9N7.pt,14,260,260,5,1,1.32496,0.00676,0.1485761
dwconv-bn-relu_prior_YXI0EE.pt,28,170,170,3,1,1.3328,0.0017,0.18281632000000003
dwconv-bn-relu_prior_ARF8CR.pt,14,263,263,5,1,1.340248,0.006838,0.16266378000000004
dwconv-bn-relu_prior_RGMGN8.pt,28,171,171,3,1,1.34064,0.00171,0.18606322000000003
dwconv-bn-relu_prior_1RIRW8.pt,28,66,66,5,1,1.345344,0.001716,0.30666986000000007
dwconv-bn-relu_prior_WNGFFY.pt,14,687,687,3,1,1.34652,0.00687,0.17949948000000002
dwconv-bn-relu_prior_BOMNSV.pt,56,43,43,3,1,1.34848,0.00043,0.20418022
dwconv-bn-relu_prior_QC5NWH.pt,14,691,691,3,1,1.35436,0.00691,0.1837444
dwconv-bn-relu_prior_V06994.pt,7,555,555,7,1,1.35975,0.02775,0.1421558
dwconv-bn-relu_prior_2DJIME.pt,56,174,174,3,2,1.36416,0.00174,0.22956119999999994
dwconv-bn-relu_prior_0BO5DO.pt,28,175,175,3,1,1.372,0.00175,0.34201709999999996
dwconv-bn-relu_prior_J61WEP.pt,28,175,175,3,1,1.372,0.00175,0.18290977999999997
dwconv-bn-relu_prior_U68DP9.pt,7,562,562,7,1,1.3769,0.0281,0.15153732000000003
dwconv-bn-relu_prior_H8B8W3.pt,56,44,44,3,1,1.37984,0.00044,0.19433053999999994
dwconv-bn-relu_prior_F08IFD.pt,56,44,44,3,1,1.37984,0.00044,0.19614348
dwconv-bn-relu_prior_1HH29N.pt,56,44,44,3,1,1.37984,0.00044,0.20047737999999996
dwconv-bn-relu_prior_MHSUFJ.pt,28,176,176,3,1,1.37984,0.00176,0.17107211999999997
dwconv-bn-relu_prior_8HJ74Y.pt,28,176,176,3,1,1.37984,0.00176,0.17711671999999998
dwconv-bn-relu_prior_8ZIOAG.pt,56,68,68,5,2,1.386112,0.001768,0.19221852000000003
dwconv-bn-relu_prior_W4MW69.pt,28,68,68,5,1,1.386112,0.001768,0.16102908
dwconv-bn-relu_prior_10RXSG.pt,28,177,177,3,1,1.38768,0.00177,0.19386809999999996
dwconv-bn-relu_prior_PM69EX.pt,28,178,178,3,1,1.39552,0.00178,0.19574767999999998
dwconv-bn-relu_prior_1PDIJD.pt,28,178,178,3,1,1.39552,0.00178,0.20140611999999997
dwconv-bn-relu_prior_2IEG10.pt,28,179,179,3,1,1.40336,0.00179,0.18998695999999998
dwconv-bn-relu_prior_WGV4QW.pt,28,179,179,3,1,1.40336,0.00179,0.20542465999999998
dwconv-bn-relu_prior_8Q73JU.pt,28,69,69,5,1,1.406496,0.001794,0.16356789999999996
dwconv-bn-relu_prior_QLUFAW.pt,28,180,180,3,1,1.4112,0.0018,0.19815378
dwconv-bn-relu_prior_VX7OFU.pt,28,181,181,3,1,1.41904,0.00181,0.19092324000000002
dwconv-bn-relu_prior_NN54QW.pt,28,181,181,3,1,1.41904,0.00181,0.25393010000000005
dwconv-bn-relu_prior_3ZFS1L.pt,28,181,181,3,1,1.41904,0.00181,0.18932597999999992
dwconv-bn-relu_prior_ZXWZDP.pt,28,70,70,5,1,1.42688,0.00182,0.15808073999999997
dwconv-bn-relu_prior_604KN2.pt,28,70,70,5,1,1.42688,0.00182,0.14819094
dwconv-bn-relu_prior_AAD6QP.pt,28,70,70,5,1,1.42688,0.00182,0.1525974
dwconv-bn-relu_prior_PBFH6H.pt,28,182,182,3,1,1.42688,0.00182,0.191527
dwconv-bn-relu_prior_SEQ8Y1.pt,7,1127,1127,5,1,1.435798,0.029302,0.16605805999999998
dwconv-bn-relu_prior_FZHFSI.pt,56,46,46,3,1,1.44256,0.00046,0.21094794
dwconv-bn-relu_prior_ZW7F56.pt,56,71,71,5,2,1.447264,0.001846,0.18263054000000004
dwconv-bn-relu_prior_RZ6504.pt,7,1141,1141,5,1,1.453634,0.029666,0.15624555999999998
dwconv-bn-relu_prior_XNDOK5.pt,7,1146,1146,5,1,1.460004,0.029796,0.24706545999999996
dwconv-bn-relu_prior_G7MLCQ.pt,7,1147,1147,5,1,1.461278,0.029822,0.27157068
dwconv-bn-relu_prior_NF8Q9Q.pt,28,72,72,5,1,1.467648,0.001872,0.3449518199999999
dwconv-bn-relu_prior_ROXOJB.pt,28,72,72,5,1,1.467648,0.001872,0.16605392000000002
dwconv-bn-relu_prior_VPEQFS.pt,112,12,12,3,1,1.50528,0.00012,0.18116422
dwconv-bn-relu_prior_0T1BTL.pt,56,48,48,3,1,1.50528,0.00048,0.21273809999999999
dwconv-bn-relu_prior_YEDASO.pt,28,74,74,5,1,1.508416,0.001924,0.34433787999999993
dwconv-bn-relu_prior_14MJB7.pt,28,193,193,3,1,1.51312,0.00193,0.20132828
dwconv-bn-relu_prior_B6PG7P.pt,56,49,49,3,1,1.53664,0.00049,0.21652691999999998
dwconv-bn-relu_prior_4KAN04.pt,112,49,49,3,2,1.53664,0.00049,0.26001727999999996
dwconv-bn-relu_prior_8P1UOX.pt,28,198,198,3,1,1.55232,0.00198,0.4884568399999999
dwconv-bn-relu_prior_2U0WYW.pt,14,159,159,7,1,1.5582,0.00795,0.3722122400000001
dwconv-bn-relu_prior_JH1PKO.pt,56,50,50,3,1,1.568,0.0005,0.28023193999999996
dwconv-bn-relu_prior_0D22C6.pt,56,50,50,3,1,1.568,0.0005,0.2173755399999999
dwconv-bn-relu_prior_JVC98P.pt,56,50,50,3,1,1.568,0.0005,0.21817749999999997
dwconv-bn-relu_prior_RKD5O3.pt,112,50,50,3,2,1.568,0.0005,0.26141319999999996
dwconv-bn-relu_prior_NP53EC.pt,28,77,77,5,1,1.569568,0.002002,0.16514346
dwconv-bn-relu_prior_NI4YRS.pt,14,161,161,7,1,1.5778,0.00805,0.15979721999999996
dwconv-bn-relu_prior_9NQ1YI.pt,14,161,161,7,1,1.5778,0.00805,0.15696280000000007
dwconv-bn-relu_prior_87GP3V.pt,14,162,162,7,1,1.5876,0.0081,0.14906739999999996
dwconv-bn-relu_prior_AS8RYX.pt,28,78,78,5,1,1.589952,0.002028,0.16985671999999993
dwconv-bn-relu_prior_R1FVPD.pt,14,164,164,7,1,1.6072,0.0082,0.14780591999999995
dwconv-bn-relu_prior_XCM0B2.pt,28,79,79,5,1,1.610336,0.002054,0.16703548000000001
dwconv-bn-relu_prior_BB7EB1.pt,14,165,165,7,1,1.617,0.00825,0.15916782
dwconv-bn-relu_prior_XN0KMV.pt,112,52,52,3,2,1.63072,0.00052,0.25485864
dwconv-bn-relu_prior_5IO66B.pt,28,81,81,5,1,1.651104,0.002106,0.17641706000000001
dwconv-bn-relu_prior_O1N7WC.pt,56,53,53,3,1,1.66208,0.00053,0.35623071999999995
dwconv-bn-relu_prior_HJ0FUB.pt,14,172,172,7,1,1.6856,0.0086,0.15636721999999992
dwconv-bn-relu_prior_08SG6Z.pt,56,54,54,3,1,1.69344,0.00054,0.21449301999999995
dwconv-bn-relu_prior_OOYU9E.pt,14,174,174,7,1,1.7052,0.0087,0.16535712
dwconv-bn-relu_prior_EOC38M.pt,56,21,21,5,1,1.712256,0.000546,0.15893110000000002
dwconv-bn-relu_prior_17PE2U.pt,28,84,84,5,1,1.712256,0.002184,0.15503177999999998
dwconv-bn-relu_prior_UKO9TZ.pt,28,175,175,7,2,1.715,0.00875,0.16856706
dwconv-bn-relu_prior_21UC6W.pt,56,55,55,3,1,1.7248,0.00055,0.22851477999999997
dwconv-bn-relu_prior_00J1UU.pt,56,55,55,3,1,1.7248,0.00055,0.4206676199999999
dwconv-bn-relu_prior_5VUF1Q.pt,14,176,176,7,1,1.7248,0.0088,0.14590710000000004
dwconv-bn-relu_prior_TVYBNH.pt,28,86,86,5,1,1.753024,0.002236,0.15452423999999995
dwconv-bn-relu_prior_AJNTQQ.pt,14,179,179,7,1,1.7542,0.00895,0.13422282000000002
dwconv-bn-relu_prior_46TJ2P.pt,112,14,14,3,1,1.75616,0.00014,0.18930323999999998
dwconv-bn-relu_prior_R5YVRL.pt,112,14,14,3,1,1.75616,0.00014,0.19478938000000007
dwconv-bn-relu_prior_YOSOKZ.pt,56,56,56,3,1,1.75616,0.00056,0.18200796
dwconv-bn-relu_prior_SWFIDX.pt,28,87,87,5,1,1.773408,0.002262,0.16152576
dwconv-bn-relu_prior_C10DEX.pt,28,87,87,5,1,1.773408,0.002262,0.16421008
dwconv-bn-relu_prior_AZA2BR.pt,56,22,22,5,1,1.793792,0.000572,0.16589350000000003
dwconv-bn-relu_prior_A9H5OY.pt,28,88,88,5,1,1.793792,0.002288,0.14814109999999997
dwconv-bn-relu_prior_R7YW51.pt,28,88,88,5,1,1.793792,0.002288,0.16218644000000002
dwconv-bn-relu_prior_813JAI.pt,28,89,89,5,1,1.814176,0.002314,0.3557069200000002
dwconv-bn-relu_prior_PQ1F67.pt,28,89,89,5,1,1.814176,0.002314,0.16565022000000001
dwconv-bn-relu_prior_P2VLLX.pt,56,89,89,5,2,1.814176,0.002314,0.1865949
dwconv-bn-relu_prior_JPLDUU.pt,56,58,58,3,1,1.81888,0.00058,0.43200343999999985
dwconv-bn-relu_prior_COZHBV.pt,28,90,90,5,1,1.83456,0.00234,0.17370324
dwconv-bn-relu_prior_R5ODKM.pt,56,90,90,5,2,1.83456,0.00234,0.19248104000000002
dwconv-bn-relu_prior_QK3Q1L.pt,56,59,59,3,1,1.85024,0.00059,0.22849766000000002
dwconv-bn-relu_prior_T06S32.pt,28,91,91,5,1,1.854944,0.002366,0.16735224
dwconv-bn-relu_prior_JUB3A8.pt,28,91,91,5,1,1.854944,0.002366,0.14168948000000003
dwconv-bn-relu_prior_GTW9NK.pt,56,92,92,5,2,1.875328,0.002392,0.2024259999999999
dwconv-bn-relu_prior_OBLHQA.pt,28,92,92,5,1,1.875328,0.002392,0.17269182
dwconv-bn-relu_prior_TN67KI.pt,28,92,92,5,1,1.875328,0.002392,0.18031262
dwconv-bn-relu_prior_6C1SWI.pt,56,60,60,3,1,1.8816,0.0006,0.23308896000000004
dwconv-bn-relu_prior_CYZV2T.pt,28,240,240,3,1,1.8816,0.0024,0.19706463999999996
dwconv-bn-relu_prior_4FFD2M.pt,28,240,240,3,1,1.8816,0.0024,0.20341570000000003
dwconv-bn-relu_prior_XRXGBF.pt,28,93,93,5,1,1.895712,0.002418,0.18059932
dwconv-bn-relu_prior_7QZP9L.pt,28,242,242,3,1,1.89728,0.00242,0.21942582000000008
dwconv-bn-relu_prior_V3N0G1.pt,14,969,969,3,1,1.89924,0.00969,0.20661513999999997
dwconv-bn-relu_prior_AR5I44.pt,28,94,94,5,1,1.916096,0.002444,0.17483977999999997
dwconv-bn-relu_prior_BEMWG7.pt,28,249,249,3,1,1.95216,0.00249,0.21567469999999997
dwconv-bn-relu_prior_VSOITS.pt,28,389,389,5,2,1.982344,0.010114,0.18986348
dwconv-bn-relu_prior_61FDLH.pt,112,64,64,3,2,2.00704,0.00064,0.22136592
dwconv-bn-relu_prior_P66EU5.pt,28,256,256,3,1,2.00704,0.00256,0.19545268000000005
dwconv-bn-relu_prior_3MWO26.pt,28,257,257,3,1,2.01488,0.00257,0.21124745999999997
dwconv-bn-relu_prior_CFN5AE.pt,56,65,65,3,1,2.0384,0.00065,0.24025153999999996
dwconv-bn-relu_prior_0G49HD.pt,28,100,100,5,1,2.0384,0.0026,0.16465335999999997
dwconv-bn-relu_prior_CW0NYU.pt,28,260,260,3,1,2.0384,0.0026,0.21174584
dwconv-bn-relu_prior_EFNXUS.pt,28,101,101,5,1,2.058784,0.002626,0.16932552
dwconv-bn-relu_prior_OOGG29.pt,14,404,404,5,1,2.058784,0.010504,0.36265184
dwconv-bn-relu_prior_TS65LJ.pt,28,54,54,7,1,2.1168,0.0027,0.15487626000000002
dwconv-bn-relu_prior_Y3CKQZ.pt,28,54,54,7,1,2.1168,0.0027,0.1498694200000001
dwconv-bn-relu_prior_F8HV6R.pt,112,26,26,5,2,2.119936,0.000676,0.20190550000000002
dwconv-bn-relu_prior_W0FAS6.pt,112,17,17,3,1,2.13248,0.00017,0.21812984
dwconv-bn-relu_prior_YNE2C7.pt,28,105,105,5,1,2.14032,0.00273,0.15864264000000003
dwconv-bn-relu_prior_R4JJO3.pt,112,69,69,3,2,2.16384,0.00069,0.2740295000000001
dwconv-bn-relu_prior_THSWEB.pt,28,107,107,5,1,2.181088,0.002782,0.16231104
dwconv-bn-relu_prior_MEKXY1.pt,56,70,70,3,1,2.1952,0.0007,0.21963448000000002
dwconv-bn-relu_prior_ZQ9817.pt,14,1128,1128,3,1,2.21088,0.01128,0.18668081999999994
dwconv-bn-relu_prior_9LJH36.pt,14,1133,1133,3,1,2.22068,0.01133,0.19593201999999998
dwconv-bn-relu_prior_BQOGB6.pt,28,109,109,5,1,2.221856,0.002834,0.15752796000000002
dwconv-bn-relu_prior_BZP517.pt,56,71,71,3,1,2.22656,0.00071,0.21501238
dwconv-bn-relu_prior_CK81W1.pt,28,110,110,5,1,2.24224,0.00286,0.15563172
dwconv-bn-relu_prior_3JMYRN.pt,56,72,72,3,1,2.25792,0.00072,0.18937942
dwconv-bn-relu_prior_NT1VPB.pt,56,73,73,3,1,2.28928,0.00073,0.21656146000000004
dwconv-bn-relu_prior_WUGX8G.pt,14,234,234,7,1,2.2932,0.0117,0.14744051999999996
dwconv-bn-relu_prior_SYZQO4.pt,28,113,113,5,1,2.303392,0.002938,0.1572806400000001
dwconv-bn-relu_prior_H38MI6.pt,56,113,113,5,2,2.303392,0.002938,0.20139990000000002
dwconv-bn-relu_prior_7BU1NV.pt,56,115,115,5,2,2.34416,0.00299,0.20326249999999996
dwconv-bn-relu_prior_CQ9IA6.pt,28,60,60,7,1,2.352,0.003,0.31582528000000004
dwconv-bn-relu_prior_5MKXO0.pt,56,76,76,3,1,2.38336,0.00076,0.22700341999999993
dwconv-bn-relu_prior_8O27J0.pt,28,117,117,5,1,2.384928,0.003042,0.16364344000000003
dwconv-bn-relu_prior_IN4H36.pt,14,470,470,5,1,2.39512,0.01222,0.1530425
dwconv-bn-relu_prior_J90LFM.pt,14,472,472,5,1,2.405312,0.012272,0.15333119999999997
dwconv-bn-relu_prior_PPZQZH.pt,56,77,77,3,1,2.41472,0.00077,0.23210455999999996
dwconv-bn-relu_prior_YP7VN1.pt,14,249,249,7,1,2.4402,0.01245,0.15301364
dwconv-bn-relu_prior_MIWHUR.pt,56,30,30,5,1,2.44608,0.00078,0.17561779999999996
dwconv-bn-relu_prior_021MH8.pt,28,120,120,5,1,2.44608,0.00312,0.16206968
dwconv-bn-relu_prior_R5KYKE.pt,14,480,480,5,1,2.44608,0.01248,0.16345824
dwconv-bn-relu_prior_A6WNXE.pt,14,481,481,5,1,2.451176,0.012506,0.14287594
dwconv-bn-relu_prior_AFVKRD.pt,14,482,482,5,1,2.456272,0.012532,0.16593408
dwconv-bn-relu_prior_0SC3YV.pt,14,485,485,5,1,2.47156,0.01261,0.36114492
dwconv-bn-relu_prior_HE3KDT.pt,14,487,487,5,1,2.481752,0.012662,0.16646557999999995
dwconv-bn-relu_prior_4AN1NM.pt,14,488,488,5,1,2.486848,0.012688,0.16076128000000003
dwconv-bn-relu_prior_1E0O9Z.pt,28,123,123,5,1,2.507232,0.003198,0.16647275999999997
dwconv-bn-relu_prior_OU8EQX.pt,28,123,123,5,1,2.507232,0.003198,0.16795374000000007
dwconv-bn-relu_prior_YXXNOB.pt,112,20,20,3,1,2.5088,0.0002,0.21982275999999998
dwconv-bn-relu_prior_PW9C9O.pt,14,502,502,5,1,2.558192,0.013052,0.16274055999999998
dwconv-bn-relu_prior_UJEV50.pt,14,507,507,5,1,2.583672,0.013182,0.161081
dwconv-bn-relu_prior_RB0GD6.pt,28,66,66,7,1,2.5872,0.0033,0.16603662
dwconv-bn-relu_prior_Q8VQAN.pt,14,508,508,5,1,2.588768,0.013208,0.16755874
dwconv-bn-relu_prior_W6Y200.pt,56,83,83,3,1,2.60288,0.00083,0.24262905999999995
dwconv-bn-relu_prior_HJM0PW.pt,14,520,520,5,1,2.64992,0.01352,0.15160822000000002
dwconv-bn-relu_prior_KQANCU.pt,56,85,85,3,1,2.6656,0.00085,0.24299672
dwconv-bn-relu_prior_KLSU6D.pt,56,85,85,3,1,2.6656,0.00085,0.25259214
dwconv-bn-relu_prior_YSMIIM.pt,56,86,86,3,1,2.69696,0.00086,0.24219478
dwconv-bn-relu_prior_KRT3QD.pt,56,86,86,3,1,2.69696,0.00086,0.24056323999999996
dwconv-bn-relu_prior_469472.pt,56,86,86,3,1,2.69696,0.00086,0.246159
dwconv-bn-relu_prior_6TZ1CW.pt,56,86,86,3,1,2.69696,0.00086,0.25913867999999995
dwconv-bn-relu_prior_3CR0GO.pt,56,87,87,3,1,2.72832,0.00087,0.24860549999999992
dwconv-bn-relu_prior_K29IA4.pt,56,87,87,3,1,2.72832,0.00087,0.26048346
dwconv-bn-relu_prior_2E1KAQ.pt,112,22,22,3,1,2.75968,0.00022,0.24627654000000004
dwconv-bn-relu_prior_Z6THG2.pt,112,22,22,3,1,2.75968,0.00022,0.25335584000000005
dwconv-bn-relu_prior_F6COG4.pt,56,88,88,3,1,2.75968,0.00088,0.22242768
dwconv-bn-relu_prior_GOKML4.pt,14,561,561,5,1,2.858856,0.014586,0.17281547999999997
dwconv-bn-relu_prior_OZD76H.pt,28,73,73,7,1,2.8616,0.00365,0.1739656
dwconv-bn-relu_prior_4O082G.pt,112,23,23,3,1,2.88512,0.00023,0.24988278000000005
dwconv-bn-relu_prior_ENXGHE.pt,28,74,74,7,1,2.9008,0.0037,0.17171374
dwconv-bn-relu_prior_VYIMK5.pt,28,74,74,7,1,2.9008,0.0037,0.17430930000000003
dwconv-bn-relu_prior_LVKYKO.pt,56,93,93,3,1,2.91648,0.00093,0.24360237999999995
dwconv-bn-relu_prior_HLUO8Z.pt,28,75,75,7,1,2.94,0.00375,0.15825722000000003
dwconv-bn-relu_prior_K2W0JT.pt,28,580,580,5,2,2.95568,0.01508,0.19983650000000006
dwconv-bn-relu_prior_PB5RUI.pt,112,19,19,7,2,2.9792,0.00095,0.20559075999999998
dwconv-bn-relu_prior_R7ZT3J.pt,28,147,147,5,1,2.996448,0.003822,0.17783194000000002
dwconv-bn-relu_prior_EFFWPG.pt,28,389,389,3,1,3.04976,0.00389,0.21944497999999996
dwconv-bn-relu_prior_X4M8UX.pt,28,395,395,3,1,3.0968,0.00395,0.22967130000000005
dwconv-bn-relu_prior_9F8K1U.pt,28,79,79,7,1,3.0968,0.00395,0.17947601999999996
dwconv-bn-relu_prior_YKSQCS.pt,28,152,152,5,1,3.098368,0.003952,0.2180195
dwconv-bn-relu_prior_ULKXYN.pt,28,80,80,7,1,3.136,0.004,0.15810368
dwconv-bn-relu_prior_R0WJOP.pt,56,154,154,5,2,3.139136,0.004004,0.21533457999999991
dwconv-bn-relu_prior_YHB7BD.pt,28,402,402,3,1,3.15168,0.00402,0.21867281999999996
dwconv-bn-relu_prior_3RM6IE.pt,28,155,155,5,1,3.15952,0.00403,0.1687671
dwconv-bn-relu_prior_7CMX3H.pt,28,155,155,5,1,3.15952,0.00403,0.17086790000000002
dwconv-bn-relu_prior_601MNS.pt,56,101,101,3,1,3.16736,0.00101,0.24606213999999993
dwconv-bn-relu_prior_QG1B7Y.pt,56,39,39,5,1,3.179904,0.001014,0.45180048000000006
dwconv-bn-relu_prior_9JUJYS.pt,28,156,156,5,1,3.179904,0.004056,0.29902702
dwconv-bn-relu_prior_81JRJT.pt,28,157,157,5,1,3.200288,0.004082,0.46823896000000004
dwconv-bn-relu_prior_BAWBDF.pt,56,103,103,3,1,3.23008,0.00103,0.2540432200000001
dwconv-bn-relu_prior_HMONWC.pt,28,159,159,5,1,3.241056,0.004134,0.18453592
dwconv-bn-relu_prior_G8Q6H8.pt,56,40,40,5,1,3.26144,0.00104,0.14929359999999997
dwconv-bn-relu_prior_M1JD7B.pt,28,161,161,5,1,3.281824,0.004186,0.19109697999999997
dwconv-bn-relu_prior_3EHN0U.pt,28,161,161,5,1,3.281824,0.004186,0.19725952000000002
dwconv-bn-relu_prior_1JKM38.pt,28,163,163,5,1,3.322592,0.004238,0.48736376
dwconv-bn-relu_prior_937SVC.pt,28,164,164,5,1,3.342976,0.004264,0.19861184
dwconv-bn-relu_prior_BSVPK5.pt,112,107,107,3,2,3.35552,0.00107,0.64820126
dwconv-bn-relu_prior_3BF1R1.pt,28,165,165,5,1,3.36336,0.00429,0.20339317999999998
dwconv-bn-relu_prior_LRESNN.pt,28,86,86,7,1,3.3712,0.0043,0.26211204000000005
dwconv-bn-relu_prior_FUDCXC.pt,56,108,108,3,1,3.38688,0.00108,0.3099239200000001
dwconv-bn-relu_prior_VPK6MM.pt,28,167,167,5,1,3.404128,0.004342,0.19802092
dwconv-bn-relu_prior_11HJYB.pt,28,167,167,5,1,3.404128,0.004342,0.20097658
dwconv-bn-relu_prior_T19KHN.pt,56,42,42,5,1,3.424512,0.001092,0.2047786
dwconv-bn-relu_prior_LLP88H.pt,28,168,168,5,1,3.424512,0.004368,0.1786522
dwconv-bn-relu_prior_VJ6ZRV.pt,56,110,110,3,1,3.4496,0.0011,0.26155465999999994
dwconv-bn-relu_prior_NVRLV0.pt,56,110,110,3,1,3.4496,0.0011,0.2690398
dwconv-bn-relu_prior_WVR2LA.pt,56,22,22,7,1,3.4496,0.0011,0.19919970000000004
dwconv-bn-relu_prior_UXQ5QK.pt,28,88,88,7,1,3.4496,0.0044,0.1663702
dwconv-bn-relu_prior_2STSRL.pt,28,170,170,5,1,3.46528,0.00442,0.19461114000000002
dwconv-bn-relu_prior_BT49FH.pt,28,170,170,5,1,3.46528,0.00442,0.18719580000000005
dwconv-bn-relu_prior_0KASOY.pt,56,43,43,5,1,3.506048,0.001118,0.3712417999999999
dwconv-bn-relu_prior_8BBUHW.pt,56,43,43,5,1,3.506048,0.001118,0.24798521999999998
dwconv-bn-relu_prior_MYGZ30.pt,14,689,689,5,1,3.511144,0.017914,0.3361715199999999
dwconv-bn-relu_prior_QX4QQB.pt,28,173,173,5,1,3.526432,0.004498,0.28382076000000006
dwconv-bn-relu_prior_4WLOUO.pt,28,90,90,7,1,3.528,0.0045,0.15561069999999996
dwconv-bn-relu_prior_JVNBC5.pt,28,174,174,5,1,3.546816,0.004524,0.19503576000000006
dwconv-bn-relu_prior_5BMXNZ.pt,56,44,44,5,1,3.587584,0.001144,0.21117618
dwconv-bn-relu_prior_7MCZ7F.pt,28,177,177,5,1,3.607968,0.004602,0.18928283999999998
dwconv-bn-relu_prior_EYBUMJ.pt,56,178,178,5,2,3.628352,0.004628,0.2336624799999999
dwconv-bn-relu_prior_V60Q7F.pt,28,178,178,5,1,3.628352,0.004628,0.19691377999999993
dwconv-bn-relu_prior_9YHXHJ.pt,28,93,93,7,1,3.6456,0.00465,0.18052088000000002
dwconv-bn-relu_prior_V4A6W2.pt,56,179,179,5,2,3.648736,0.004654,0.23553893999999992
dwconv-bn-relu_prior_H93QIP.pt,28,469,469,3,1,3.67696,0.00469,0.26810781999999994
dwconv-bn-relu_prior_U11SLC.pt,28,469,469,3,1,3.67696,0.00469,0.26637292000000007
dwconv-bn-relu_prior_QXOC2L.pt,28,181,181,5,1,3.689504,0.004706,0.20391472
dwconv-bn-relu_prior_KVDG61.pt,28,181,181,5,1,3.689504,0.004706,0.20509274000000002
dwconv-bn-relu_prior_KBARIA.pt,28,471,471,3,1,3.69264,0.00471,0.26545327999999996
dwconv-bn-relu_prior_N04IBI.pt,28,472,472,3,1,3.70048,0.00472,0.23669628000000004
dwconv-bn-relu_prior_P5FIQR.pt,28,95,95,7,1,3.724,0.00475,0.21119893999999995
dwconv-bn-relu_prior_36754E.pt,56,477,477,3,2,3.73968,0.00477,1.1905779799999996
dwconv-bn-relu_prior_GSSCY0.pt,112,30,30,3,1,3.7632,0.0003,0.2556807199999999
dwconv-bn-relu_prior_MTWUEL.pt,56,120,120,3,1,3.7632,0.0012,0.24634868000000004
dwconv-bn-relu_prior_K48E5Z.pt,28,96,96,7,1,3.7632,0.0048,0.3606885199999999
dwconv-bn-relu_prior_V7RLJU.pt,56,484,484,3,2,3.79456,0.00484,0.33720654000000005
dwconv-bn-relu_prior_83TX59.pt,28,485,485,3,1,3.8024,0.00485,0.26138094000000006
dwconv-bn-relu_prior_QQBUC6.pt,28,494,494,3,1,3.87296,0.00494,0.47412688000000003
dwconv-bn-relu_prior_5PQTOY.pt,28,499,499,3,1,3.91216,0.00499,0.24669304
dwconv-bn-relu_prior_1C2WIF.pt,112,12,12,5,1,3.913728,0.000312,0.20666236000000004
dwconv-bn-relu_prior_4QM64R.pt,28,192,192,5,1,3.913728,0.004992,0.18470758000000004
dwconv-bn-relu_prior_BPFVFM.pt,28,506,506,3,1,3.96704,0.00506,0.2572789199999999
dwconv-bn-relu_prior_F5QIPR.pt,56,49,49,5,1,3.995264,0.001274,0.21727906
dwconv-bn-relu_prior_MV6YQK.pt,28,196,196,5,1,3.995264,0.005096,0.1958077
dwconv-bn-relu_prior_UEH5HR.pt,28,510,510,3,1,3.9984,0.0051,0.26204712
dwconv-bn-relu_prior_LPJ8JE.pt,28,517,517,3,1,4.05328,0.00517,0.25195330000000005
dwconv-bn-relu_prior_CPOBQ2.pt,28,519,519,3,1,4.06896,0.00519,0.244528
dwconv-bn-relu_prior_GY73X3.pt,28,202,202,5,1,4.117568,0.005252,0.19814002000000003
dwconv-bn-relu_prior_7NQD13.pt,28,108,108,7,1,4.2336,0.0054,0.17949255999999994
dwconv-bn-relu_prior_87LWNI.pt,28,211,211,5,1,4.301024,0.005486,0.20890526
dwconv-bn-relu_prior_ZRPKS0.pt,56,140,140,3,1,4.3904,0.0014,0.33305002
dwconv-bn-relu_prior_8ZX7VA.pt,28,560,560,3,1,4.3904,0.0056,0.24863599999999997
dwconv-bn-relu_prior_MGNDTD.pt,56,54,54,5,1,4.402944,0.001404,0.23923702000000002
dwconv-bn-relu_prior_4R0LLP.pt,56,564,564,3,2,4.42176,0.00564,0.4452255200000001
dwconv-bn-relu_prior_NS0HO7.pt,28,573,573,3,1,4.49232,0.00573,0.24900530000000004
dwconv-bn-relu_prior_KOMOVC.pt,28,579,579,3,1,4.53936,0.00579,0.26437136000000006
dwconv-bn-relu_prior_YNZG1B.pt,56,56,56,5,1,4.566016,0.001456,0.20884281999999998
dwconv-bn-relu_prior_P778II.pt,56,56,56,5,1,4.566016,0.001456,0.20351664
dwconv-bn-relu_prior_QN165P.pt,56,56,56,5,1,4.566016,0.001456,0.19528870000000004
dwconv-bn-relu_prior_S4IKV3.pt,28,470,470,7,2,4.606,0.0235,0.48108696
dwconv-bn-relu_prior_37YEI1.pt,14,470,470,7,1,4.606,0.0235,0.18521826
dwconv-bn-relu_prior_KGY7WU.pt,14,471,471,7,1,4.6158,0.02355,0.2555956199999999
dwconv-bn-relu_prior_P0KTE0.pt,14,472,472,7,1,4.6256,0.0236,0.17737007999999999
dwconv-bn-relu_prior_PMTPA8.pt,56,30,30,7,1,4.704,0.0015,0.20091584
dwconv-bn-relu_prior_5S6I6B.pt,56,150,150,3,1,4.704,0.0015,0.37943944
dwconv-bn-relu_prior_GF0IL1.pt,28,121,121,7,1,4.7432,0.00605,0.17354782000000005
dwconv-bn-relu_prior_3P457Z.pt,56,59,59,5,1,4.810624,0.001534,0.22765112
dwconv-bn-relu_prior_MYHDK8.pt,56,154,154,3,1,4.82944,0.00154,0.35312798
dwconv-bn-relu_prior_669Y01.pt,56,154,154,3,1,4.82944,0.00154,0.7513938200000001
dwconv-bn-relu_prior_7FXUIM.pt,56,154,154,3,1,4.82944,0.00154,0.3228670599999999
dwconv-bn-relu_prior_K0R7JH.pt,56,154,154,3,1,4.82944,0.00154,0.30602306
dwconv-bn-relu_prior_RG2HLL.pt,28,239,239,5,1,4.871776,0.006214,0.19929432
dwconv-bn-relu_prior_KXA181.pt,28,239,239,5,1,4.871776,0.006214,0.20811556000000003
dwconv-bn-relu_prior_DXHQ4K.pt,28,239,239,5,1,4.871776,0.006214,0.2096828
dwconv-bn-relu_prior_XT2DER.pt,14,956,956,5,1,4.871776,0.024856,0.19262769999999996
dwconv-bn-relu_prior_3WFQI8.pt,14,960,960,5,1,4.89216,0.02496,0.18284058000000006
dwconv-bn-relu_prior_O8UX6U.pt,14,963,963,5,1,4.907448,0.025038,0.19510049999999995
dwconv-bn-relu_prior_PT0MQR.pt,56,157,157,3,1,4.92352,0.00157,0.5203150600000002
dwconv-bn-relu_prior_HL7BJT.pt,56,157,157,3,1,4.92352,0.00157,0.28903242000000007
dwconv-bn-relu_prior_F57CQG.pt,56,157,157,3,1,4.92352,0.00157,0.3118433400000001
dwconv-bn-relu_prior_QYEDT1.pt,14,968,968,5,1,4.932928,0.025168,0.19417344000000003
dwconv-bn-relu_prior_JW1AS6.pt,14,505,505,7,1,4.949,0.02525,0.16442774
dwconv-bn-relu_prior_J8DC6L.pt,56,159,159,3,1,4.98624,0.00159,0.30564298
dwconv-bn-relu_prior_BGP5KJ.pt,56,161,161,3,1,5.04896,0.00161,0.31383132
dwconv-bn-relu_prior_4XE3LV.pt,56,62,62,5,1,5.055232,0.001612,0.22405095999999997
dwconv-bn-relu_prior_NSTOXP.pt,56,163,163,3,1,5.11168,0.00163,0.3255442
dwconv-bn-relu_prior_55FNYD.pt,56,163,163,3,1,5.11168,0.00163,0.32007404
dwconv-bn-relu_prior_CKQX2D.pt,56,63,63,5,1,5.136768,0.001638,0.2354531799999999
dwconv-bn-relu_prior_LWA4M6.pt,56,164,164,3,1,5.14304,0.00164,0.39078094
dwconv-bn-relu_prior_Q6R28D.pt,28,254,254,5,1,5.177536,0.006604,0.21704086000000003
dwconv-bn-relu_prior_E8VM49.pt,56,166,166,3,1,5.20576,0.00166,0.5153377799999999
dwconv-bn-relu_prior_A7XKPD.pt,56,166,166,3,1,5.20576,0.00166,0.36354312000000005
dwconv-bn-relu_prior_HPF6F9.pt,28,256,256,5,1,5.218304,0.006656,0.19393570000000007
dwconv-bn-relu_prior_AK29HZ.pt,28,256,256,5,1,5.218304,0.006656,0.19106620000000007
dwconv-bn-relu_prior_G147NK.pt,56,167,167,3,1,5.23712,0.00167,0.3064340400000001
dwconv-bn-relu_prior_PNW487.pt,112,42,42,3,1,5.26848,0.00042,0.30181870000000005
dwconv-bn-relu_prior_GMBETS.pt,56,168,168,3,1,5.26848,0.00168,0.26560079999999997
dwconv-bn-relu_prior_BOX6RM.pt,14,1034,1034,5,1,5.269264,0.026884,0.20796812000000006
dwconv-bn-relu_prior_4Y51RK.pt,56,65,65,5,1,5.29984,0.00169,0.23333697999999997
dwconv-bn-relu_prior_6DTF2X.pt,56,65,65,5,1,5.29984,0.00169,0.2384836
dwconv-bn-relu_prior_3DC8VQ.pt,28,677,677,3,1,5.30768,0.00677,0.27860688000000006
dwconv-bn-relu_prior_ILX72B.pt,28,262,262,5,1,5.340608,0.006812,0.21362272000000007
dwconv-bn-relu_prior_KGA72N.pt,28,262,262,5,1,5.340608,0.006812,0.20899917999999995
dwconv-bn-relu_prior_W965QK.pt,28,682,682,3,1,5.34688,0.00682,0.2827295399999999
dwconv-bn-relu_prior_KAYCR3.pt,28,263,263,5,1,5.360992,0.006838,0.20697793999999997
dwconv-bn-relu_prior_CXO192.pt,28,685,685,3,1,5.3704,0.00685,0.2832038199999999
dwconv-bn-relu_prior_ZLZNOA.pt,112,43,43,3,1,5.39392,0.00043,0.30939959999999994
dwconv-bn-relu_prior_A572IQ.pt,28,688,688,3,1,5.39392,0.00688,0.25776400000000005
dwconv-bn-relu_prior_YNG5DI.pt,56,174,174,3,1,5.45664,0.00174,0.7496441799999998
dwconv-bn-relu_prior_9NMDPT.pt,56,174,174,3,1,5.45664,0.00174,0.32568822000000003
dwconv-bn-relu_prior_8H749O.pt,14,559,559,7,1,5.4782,0.02795,0.16233978000000002
dwconv-bn-relu_prior_WY3B4G.pt,112,17,17,5,1,5.544448,0.000442,0.23215926000000006
dwconv-bn-relu_prior_6BXXSZ.pt,112,17,17,5,1,5.544448,0.000442,0.23826048
dwconv-bn-relu_prior_I8Q54S.pt,56,68,68,5,1,5.544448,0.001768,0.24612871999999997
dwconv-bn-relu_prior_JV8IZP.pt,112,177,177,3,2,5.55072,0.00177,0.9460201800000004
dwconv-bn-relu_prior_0NK2J6.pt,56,177,177,3,1,5.55072,0.00177,0.51412744
dwconv-bn-relu_prior_V6VBRQ.pt,28,142,142,7,1,5.5664,0.0071,0.17138150000000002
dwconv-bn-relu_prior_SWZSGC.pt,56,178,178,3,1,5.58208,0.00178,0.3519406599999999
dwconv-bn-relu_prior_V89LFQ.pt,56,179,179,3,1,5.61344,0.00179,0.31994621999999995
dwconv-bn-relu_prior_0IU50G.pt,56,69,69,5,1,5.625984,0.001794,0.23859086000000004
dwconv-bn-relu_prior_RIT3I7.pt,56,181,181,3,1,5.67616,0.00181,0.8857547199999998
dwconv-bn-relu_prior_S7DFGB.pt,56,183,183,3,1,5.73888,0.00183,0.47033137999999985
dwconv-bn-relu_prior_TYPJ33.pt,56,37,37,7,1,5.8016,0.00185,0.2243974
dwconv-bn-relu_prior_SM9URT.pt,14,1140,1140,5,1,5.80944,0.02964,0.2434924800000001
dwconv-bn-relu_prior_MTF582.pt,14,1146,1146,5,1,5.840016,0.029796,0.26024856
dwconv-bn-relu_prior_44CY96.pt,112,47,47,3,1,5.89568,0.00047,0.31359044
dwconv-bn-relu_prior_63CNFY.pt,56,189,189,3,1,5.92704,0.00189,0.33668662000000005
dwconv-bn-relu_prior_MZE679.pt,56,73,73,5,1,5.952128,0.001898,0.24700021999999994
dwconv-bn-relu_prior_5NQ29L.pt,112,48,48,3,1,6.02112,0.00048,0.29657457999999987
dwconv-bn-relu_prior_49BSNQ.pt,56,74,74,5,1,6.033664,0.001924,0.25179320000000005
dwconv-bn-relu_prior_FLQ7LW.pt,56,75,75,5,1,6.1152,0.00195,0.25419732
dwconv-bn-relu_prior_OGMREZ.pt,28,157,157,7,1,6.1544,0.00785,0.18705776
dwconv-bn-relu_prior_M35HDP.pt,28,158,158,7,1,6.1936,0.0079,0.18587376
dwconv-bn-relu_prior_3LLC2P.pt,28,158,158,7,1,6.1936,0.0079,0.18833714000000001
dwconv-bn-relu_prior_HXE7V6.pt,56,76,76,5,1,6.196736,0.001976,0.262573
dwconv-bn-relu_prior_E8I16F.pt,56,76,76,5,1,6.196736,0.001976,0.2692357000000001
dwconv-bn-relu_prior_UGCI9B.pt,56,78,78,5,1,6.359808,0.002028,0.2678434399999999
dwconv-bn-relu_prior_1ZYXWS.pt,56,203,203,3,1,6.36608,0.00203,1.3407302000000003
dwconv-bn-relu_prior_AMAPR1.pt,56,41,41,7,1,6.4288,0.00205,0.2341828
dwconv-bn-relu_prior_MAEGJC.pt,28,164,164,7,1,6.4288,0.0082,0.21447676000000002
dwconv-bn-relu_prior_6GUVAK.pt,56,79,79,5,1,6.441344,0.002054,0.27987196
dwconv-bn-relu_prior_OTOEL0.pt,56,79,79,5,1,6.441344,0.002054,0.2880125399999999
dwconv-bn-relu_prior_YOP2QQ.pt,112,52,52,3,1,6.52288,0.00052,0.6623100799999999
dwconv-bn-relu_prior_380YUL.pt,28,168,168,7,1,6.5856,0.0084,0.17730675999999998
dwconv-bn-relu_prior_071PZX.pt,14,672,672,7,1,6.5856,0.0336,0.19190794
dwconv-bn-relu_prior_YZPQ2W.pt,28,169,169,7,1,6.6248,0.00845,0.20768326
dwconv-bn-relu_prior_UUWDLA.pt,112,213,213,3,2,6.67968,0.00213,1.19377066
dwconv-bn-relu_prior_OXPLP1.pt,56,82,82,5,1,6.685952,0.002132,0.25031332
dwconv-bn-relu_prior_O6T33N.pt,56,43,43,7,1,6.7424,0.00215,0.22675894
dwconv-bn-relu_prior_FOH67R.pt,112,54,54,3,1,6.77376,0.00054,0.44823264000000007
dwconv-bn-relu_prior_OQS1QH.pt,56,217,217,3,1,6.80512,0.00217,0.70413482
dwconv-bn-relu_prior_EKAQVS.pt,112,21,21,5,1,6.849024,0.000546,0.26390676
dwconv-bn-relu_prior_VUODZV.pt,56,84,84,5,1,6.849024,0.002184,0.28433924
dwconv-bn-relu_prior_B6XB2X.pt,28,176,176,7,1,6.8992,0.0088,0.20259275999999996
dwconv-bn-relu_prior_X9VL7L.pt,56,85,85,5,1,6.93056,0.00221,0.28496652000000006
dwconv-bn-relu_prior_TV76E7.pt,56,87,87,5,1,7.093632,0.002262,0.39336082
dwconv-bn-relu_prior_KSGAVB.pt,56,228,228,3,1,7.15008,0.00228,0.7614676600000001
dwconv-bn-relu_prior_SCITW0.pt,28,183,183,7,1,7.1736,0.00915,0.20690166000000002
dwconv-bn-relu_prior_EB6W41.pt,56,89,89,5,1,7.256704,0.002314,0.2884944
dwconv-bn-relu_prior_WQEHVV.pt,56,89,89,5,1,7.256704,0.002314,0.27186666000000004
dwconv-bn-relu_prior_G503VT.pt,112,59,59,3,1,7.40096,0.00059,0.41398234000000017
dwconv-bn-relu_prior_4NNTPM.pt,56,953,953,3,2,7.47152,0.00953,1.0348251600000002
dwconv-bn-relu_prior_7FM4GW.pt,28,958,958,3,1,7.51072,0.00958,0.8108045999999998
dwconv-bn-relu_prior_E0O0HB.pt,56,198,198,7,2,7.7616,0.0099,0.26303104
dwconv-bn-relu_prior_JEV26W.pt,112,62,62,3,1,7.77728,0.00062,0.8038633000000002
dwconv-bn-relu_prior_IUVA8G.pt,112,63,63,3,1,7.90272,0.00063,0.4399155
dwconv-bn-relu_prior_4NTZJN.pt,56,97,97,5,1,7.908992,0.002522,0.29381711999999993
dwconv-bn-relu_prior_MW6RCH.pt,28,202,202,7,1,7.9184,0.0101,0.3548124400000001
dwconv-bn-relu_prior_EDLS2K.pt,112,64,64,3,1,8.02816,0.00064,0.37450874
dwconv-bn-relu_prior_3R374W.pt,112,64,64,3,1,8.02816,0.00064,0.35061470000000017
dwconv-bn-relu_prior_4PLKXJ.pt,56,256,256,3,1,8.02816,0.00256,0.29515885999999997
dwconv-bn-relu_prior_26TG4C.pt,56,99,99,5,1,8.072064,0.002574,0.26515978000000007
dwconv-bn-relu_prior_6FCZ93.pt,28,1032,1032,3,1,8.09088,0.01032,0.46681314000000007
dwconv-bn-relu_prior_04OQX1.pt,28,1033,1033,3,1,8.09872,0.01033,1.0808959599999999
dwconv-bn-relu_prior_GKBYAQ.pt,56,398,398,5,2,8.112832,0.010348,0.3648029999999999
dwconv-bn-relu_prior_MFUW27.pt,56,259,259,3,1,8.12224,0.00259,0.8287467599999997
dwconv-bn-relu_prior_P4SACJ.pt,112,25,25,5,1,8.1536,0.00065,0.32285623999999996
dwconv-bn-relu_prior_OD9EAV.pt,56,52,52,7,1,8.1536,0.0026,0.2683063399999999
dwconv-bn-relu_prior_T50VRP.pt,28,403,403,5,1,8.214752,0.010478,0.25737042000000004
dwconv-bn-relu_prior_O2P4NE.pt,56,263,263,3,1,8.24768,0.00263,0.9545085599999998
dwconv-bn-relu_prior_C6SVTI.pt,56,263,263,3,1,8.24768,0.00263,0.7729509200000002
dwconv-bn-relu_prior_9AMFJ0.pt,28,405,405,5,1,8.25552,0.01053,0.24940717999999998
dwconv-bn-relu_prior_BTQLZ5.pt,56,104,104,5,1,8.479744,0.002704,0.34215294
dwconv-bn-relu_prior_9JOAXS.pt,28,219,219,7,1,8.5848,0.01095,0.23265264000000002
dwconv-bn-relu_prior_BRQHUO.pt,112,69,69,3,1,8.65536,0.00069,0.9025233200000006
dwconv-bn-relu_prior_9UBEPU.pt,28,1125,1125,3,1,8.82,0.01125,0.3847973000000001
dwconv-bn-relu_prior_2EOO4T.pt,28,1132,1132,3,1,8.87488,0.01132,0.89973898
dwconv-bn-relu_prior_268YWQ.pt,28,1135,1135,3,1,8.8984,0.01135,0.3762547200000001
dwconv-bn-relu_prior_DWTFLA.pt,112,71,71,3,1,8.90624,0.00071,0.7888882599999999
dwconv-bn-relu_prior_F720E2.pt,28,1138,1138,3,1,8.92192,0.01138,0.66236306
dwconv-bn-relu_prior_8CUDQ3.pt,28,1140,1140,3,1,8.9376,0.0114,0.7415603000000003
dwconv-bn-relu_prior_LL85UQ.pt,56,110,110,5,1,8.96896,0.00286,0.7539788800000002
dwconv-bn-relu_prior_ZNCBHM.pt,56,113,113,5,1,9.213568,0.002938,0.5966762000000001
dwconv-bn-relu_prior_23XVL5.pt,56,115,115,5,1,9.37664,0.00299,0.29153956000000003
dwconv-bn-relu_prior_FERY0H.pt,112,75,75,3,1,9.408,0.00075,0.4902064599999999
dwconv-bn-relu_prior_F0V6RU.pt,28,469,469,5,1,9.560096,0.012194,0.27080228
dwconv-bn-relu_prior_1U746N.pt,14,976,976,7,1,9.5648,0.0488,0.20540048000000005
dwconv-bn-relu_prior_DJAPGY.pt,28,245,245,7,1,9.604,0.01225,0.5696771199999999
dwconv-bn-relu_prior_YAG697.pt,28,476,476,5,1,9.702784,0.012376,0.2488932599999999
dwconv-bn-relu_prior_O51JZX.pt,28,249,249,7,1,9.7608,0.01245,0.21892191999999994
dwconv-bn-relu_prior_KTREOT.pt,28,482,482,5,1,9.825088,0.012532,0.25909796
dwconv-bn-relu_prior_83CIZW.pt,28,484,484,5,1,9.865856,0.012584,0.29801195999999996
dwconv-bn-relu_prior_6ED40P.pt,112,79,79,3,1,9.90976,0.00079,1.2432488
dwconv-bn-relu_prior_DBAT3Z.pt,28,490,490,5,1,9.98816,0.01274,0.29804396
dwconv-bn-relu_prior_V3E4M9.pt,28,492,492,5,1,10.028928,0.012792,0.31476514
dwconv-bn-relu_prior_C93VQC.pt,112,80,80,3,1,10.0352,0.0008,0.4700040000000001
dwconv-bn-relu_prior_NMOALO.pt,112,32,32,5,1,10.436608,0.000832,0.38044966
dwconv-bn-relu_prior_JEDRKJ.pt,28,516,516,5,1,10.518144,0.013416,0.3887996199999998
dwconv-bn-relu_prior_9T4CKT.pt,112,85,85,3,1,10.6624,0.00085,0.5593941
dwconv-bn-relu_prior_I8K1S4.pt,112,33,33,5,1,10.762752,0.000858,0.43317107999999993
dwconv-bn-relu_prior_UKRUS9.pt,112,86,86,3,1,10.78784,0.00086,0.7677983800000002
dwconv-bn-relu_prior_E3X9AN.pt,56,69,69,7,1,10.8192,0.00345,0.4116216
dwconv-bn-relu_prior_3QE8T9.pt,56,70,70,7,1,10.976,0.0035,0.26693730000000004
dwconv-bn-relu_prior_KIV2LW.pt,56,136,136,5,1,11.088896,0.003536,0.62683006
dwconv-bn-relu_prior_ZDWY1Z.pt,112,89,89,3,1,11.16416,0.00089,0.7674974799999998
dwconv-bn-relu_prior_CIMJZ7.pt,28,1140,1140,7,2,11.172,0.057,0.2941994599999999
dwconv-bn-relu_prior_682BRT.pt,28,558,558,5,1,11.374272,0.014508,0.29515439999999993
dwconv-bn-relu_prior_XOAGRV.pt,112,91,91,3,1,11.41504,0.00091,1.0961562799999998
dwconv-bn-relu_prior_HTCGGV.pt,112,35,35,5,1,11.41504,0.00091,0.3300932399999999
dwconv-bn-relu_prior_BA9XBF.pt,112,91,91,3,1,11.41504,0.00091,0.54569414
dwconv-bn-relu_prior_XGTJQG.pt,56,73,73,7,1,11.4464,0.00365,0.27519646
dwconv-bn-relu_prior_XSV6IB.pt,56,73,73,7,1,11.4464,0.00365,0.3948664800000001
dwconv-bn-relu_prior_4OGGUX.pt,28,563,563,5,1,11.476192,0.014638,0.29259814
dwconv-bn-relu_prior_5IDW17.pt,28,563,563,5,1,11.476192,0.014638,0.2872942399999999
dwconv-bn-relu_prior_AEFY5J.pt,56,144,144,5,1,11.741184,0.003744,0.27813272000000006
dwconv-bn-relu_prior_5RB0OU.pt,112,98,98,3,1,12.29312,0.00098,0.77532598
dwconv-bn-relu_prior_1ZNZ53.pt,112,100,100,3,1,12.544,0.001,1.3350623399999997
dwconv-bn-relu_prior_IMN2HB.pt,56,154,154,5,1,12.556544,0.004004,0.4503091599999998
dwconv-bn-relu_prior_OUDRJX.pt,56,154,154,5,1,12.556544,0.004004,0.9774896399999997
dwconv-bn-relu_prior_7PBN6G.pt,56,156,156,5,1,12.719616,0.004056,0.48238996000000006
dwconv-bn-relu_prior_XGTZ26.pt,56,156,156,5,1,12.719616,0.004056,0.5687763799999999
dwconv-bn-relu_prior_JKP3ZG.pt,112,102,102,3,1,12.79488,0.00102,1.97159194
dwconv-bn-relu_prior_26V236.pt,56,158,158,5,1,12.882688,0.004108,0.33103466
dwconv-bn-relu_prior_C6J16K.pt,112,103,103,3,1,12.92032,0.00103,0.69948644
dwconv-bn-relu_prior_MOE82D.pt,56,159,159,5,1,12.964224,0.004134,0.3409430000000001
dwconv-bn-relu_prior_7QA5X6.pt,112,40,40,5,1,13.04576,0.00104,0.31112713999999997
dwconv-bn-relu_prior_F851WG.pt,56,160,160,5,1,13.04576,0.00416,0.34646714
dwconv-bn-relu_prior_K0L9GK.pt,112,21,21,7,1,13.1712,0.00105,0.31310606
dwconv-bn-relu_prior_29LX0T.pt,56,162,162,5,1,13.208832,0.004212,0.5524736400000001
dwconv-bn-relu_prior_CL07CK.pt,112,41,41,5,1,13.371904,0.001066,0.6746288600000001
dwconv-bn-relu_prior_ST9WBF.pt,56,164,164,5,1,13.371904,0.004264,0.7391255600000002
dwconv-bn-relu_prior_I60317.pt,112,166,166,5,2,13.534976,0.004316,1.3714275799999998
dwconv-bn-relu_prior_GVQL72.pt,112,108,108,3,1,13.54752,0.00108,0.7996052600000002
dwconv-bn-relu_prior_SN35RH.pt,56,87,87,7,1,13.6416,0.00435,0.2892755200000001
dwconv-bn-relu_prior_U8YHP9.pt,112,42,42,5,1,13.698048,0.001092,0.5994709799999999
dwconv-bn-relu_prior_OQHO58.pt,56,168,168,5,1,13.698048,0.004368,0.34026988
dwconv-bn-relu_prior_2NGP7L.pt,56,169,169,5,1,13.779584,0.004394,1.09043012
dwconv-bn-relu_prior_CPI19X.pt,56,169,169,5,1,13.779584,0.004394,0.8188976200000002
dwconv-bn-relu_prior_7OCTZ8.pt,28,676,676,5,1,13.779584,0.017576,0.49982758000000005
dwconv-bn-relu_prior_JRGE18.pt,56,170,170,5,1,13.86112,0.00442,0.49331326
dwconv-bn-relu_prior_MYD6OQ.pt,28,681,681,5,1,13.881504,0.017706,0.3479723
dwconv-bn-relu_prior_65LCCR.pt,56,89,89,7,1,13.9552,0.00445,0.30031027999999993
dwconv-bn-relu_prior_RODHTX.pt,56,172,172,5,1,14.024192,0.004472,0.38424137999999997
dwconv-bn-relu_prior_SJDETI.pt,56,174,174,5,1,14.187264,0.004524,0.6673201
dwconv-bn-relu_prior_AEGXQF.pt,112,114,114,3,1,14.30016,0.00114,1.1314552200000003
dwconv-bn-relu_prior_F2II1K.pt,56,178,178,5,1,14.513408,0.004628,0.46027749999999995
dwconv-bn-relu_prior_AHEW7P.pt,56,179,179,5,1,14.594944,0.004654,0.53971724
dwconv-bn-relu_prior_CZ0CY6.pt,56,180,180,5,1,14.67648,0.00468,0.8740306800000001
dwconv-bn-relu_prior_V3NZ0P.pt,56,469,469,3,1,14.70784,0.00469,1.00339678
dwconv-bn-relu_prior_IPCF65.pt,56,94,94,7,1,14.7392,0.0047,0.2874762600000001
dwconv-bn-relu_prior_XEO1F6.pt,56,181,181,5,1,14.758016,0.004706,0.5614495200000004
dwconv-bn-relu_prior_AQ03GL.pt,56,471,471,3,1,14.77056,0.00471,1.49027674
dwconv-bn-relu_prior_NPLAJT.pt,56,472,472,3,1,14.80192,0.00472,0.8680177199999997
dwconv-bn-relu_prior_L0C4XS.pt,56,182,182,5,1,14.839552,0.004732,0.74907336
dwconv-bn-relu_prior_QKK340.pt,56,182,182,5,1,14.839552,0.004732,0.4343905200000001
dwconv-bn-relu_prior_U976B2.pt,112,46,46,5,1,15.002624,0.001196,0.7535978000000003
dwconv-bn-relu_prior_EGGB4B.pt,112,121,121,3,1,15.17824,0.00121,1.7698060400000006
dwconv-bn-relu_prior_GPE9P3.pt,56,485,485,3,1,15.2096,0.00485,1.4060715399999992
dwconv-bn-relu_prior_49P9O9.pt,56,485,485,3,1,15.2096,0.00485,1.3973063400000003
dwconv-bn-relu_prior_B82ZCF.pt,56,488,488,3,1,15.30368,0.00488,1.0985055799999999
dwconv-bn-relu_prior_7B3DGI.pt,112,47,47,5,1,15.328768,0.001222,1.29873572
dwconv-bn-relu_prior_T6V2AT.pt,56,493,493,3,1,15.46048,0.00493,1.72632238
dwconv-bn-relu_prior_SXNBTZ.pt,56,495,495,3,1,15.5232,0.00495,1.8228203600000001
dwconv-bn-relu_prior_XLKCDY.pt,56,509,509,3,1,15.96224,0.00509,1.8448500800000005
dwconv-bn-relu_prior_OAE8JP.pt,112,128,128,3,1,16.05632,0.00128,0.7625985400000002
dwconv-bn-relu_prior_DJCV53.pt,56,197,197,5,1,16.062592,0.005122,1.0122731600000001
dwconv-bn-relu_prior_XS8IXU.pt,112,51,51,5,1,16.633344,0.001326,0.44729824
dwconv-bn-relu_prior_CLC9JU.pt,56,205,205,5,1,16.71488,0.00533,0.9201648399999999
dwconv-bn-relu_prior_9AMMTF.pt,112,135,135,3,1,16.9344,0.00135,1.3738942600000001
dwconv-bn-relu_prior_SREIE9.pt,56,570,570,3,1,17.8752,0.0057,1.1009520600000002
dwconv-bn-relu_prior_4IF0EM.pt,112,55,55,5,1,17.93792,0.00143,0.4112812599999999
dwconv-bn-relu_prior_0SZQWH.pt,56,224,224,5,1,18.264064,0.005824,0.31310207999999995
dwconv-bn-relu_prior_VRF6Q5.pt,28,472,472,7,1,18.5024,0.0236,0.25821187999999995
dwconv-bn-relu_prior_DCCWTW.pt,112,58,58,5,1,18.916352,0.001508,0.42532068
dwconv-bn-relu_prior_ANSV64.pt,112,153,153,3,1,19.19232,0.00153,1.7852300600000002
dwconv-bn-relu_prior_29OE45.pt,112,59,59,5,1,19.242496,0.001534,0.46509114
dwconv-bn-relu_prior_SE5SFR.pt,112,59,59,5,1,19.242496,0.001534,0.39849078000000004
dwconv-bn-relu_prior_1KHM3N.pt,112,154,154,3,1,19.31776,0.00154,2.9216486199999996
dwconv-bn-relu_prior_138ZV3.pt,112,156,156,3,1,19.56864,0.00156,1.8751257599999998
dwconv-bn-relu_prior_KY6OVQ.pt,28,970,970,5,1,19.77248,0.02522,0.39728736000000003
dwconv-bn-relu_prior_JOS8Z5.pt,112,158,158,3,1,19.81952,0.00158,2.8714554800000003
dwconv-bn-relu_prior_XNFU2F.pt,112,158,158,3,1,19.81952,0.00158,2.3686092800000003
dwconv-bn-relu_prior_3HKUY0.pt,112,158,158,3,1,19.81952,0.00158,2.1238075799999994
dwconv-bn-relu_prior_I9N9MN.pt,56,245,245,5,1,19.97632,0.00637,0.4006779399999999
dwconv-bn-relu_prior_7PFEBB.pt,56,246,246,5,1,20.057856,0.006396,0.5239352
dwconv-bn-relu_prior_FHWK09.pt,56,246,246,5,1,20.057856,0.006396,0.6648722800000002
dwconv-bn-relu_prior_P2JKSP.pt,112,160,160,3,1,20.0704,0.0016,1.58430648
dwconv-bn-relu_prior_C3IMTH.pt,112,160,160,3,1,20.0704,0.0016,1.4647015000000005
dwconv-bn-relu_prior_IUY5LV.pt,112,162,162,3,1,20.32128,0.00162,1.9573933600000004
dwconv-bn-relu_prior_9S0ZIS.pt,112,165,165,3,1,20.6976,0.00165,2.0942386200000005
dwconv-bn-relu_prior_SG2VED.pt,28,1020,1020,5,1,20.79168,0.02652,0.8201301000000002
dwconv-bn-relu_prior_84QHFL.pt,28,1024,1024,5,1,20.873216,0.026624,1.1176190000000001
dwconv-bn-relu_prior_7JLYTI.pt,28,1030,1030,5,1,20.99552,0.02678,0.5868772400000001
dwconv-bn-relu_prior_IRJFZO.pt,56,675,675,3,1,21.168,0.00675,2.5693384599999995
dwconv-bn-relu_prior_RS9R5W.pt,112,169,169,3,1,21.19936,0.00169,2.1342243799999996
dwconv-bn-relu_prior_OSDQJV.pt,112,169,169,3,1,21.19936,0.00169,2.1492294999999997
dwconv-bn-relu_prior_ZRVD3A.pt,112,65,65,5,1,21.19936,0.00169,1.0269295399999998
dwconv-bn-relu_prior_V9LVI3.pt,112,260,260,5,2,21.19936,0.00676,1.2112712799999998
dwconv-bn-relu_prior_KAZI68.pt,56,679,679,3,1,21.29344,0.00679,2.4651727800000005
dwconv-bn-relu_prior_NP96XA.pt,112,170,170,3,1,21.3248,0.0017,2.1792645000000004
dwconv-bn-relu_prior_ICSZZ1.pt,112,170,170,3,1,21.3248,0.0017,2.2995669600000004
dwconv-bn-relu_prior_CF7E2L.pt,112,170,170,3,1,21.3248,0.0017,3.3012097999999996
dwconv-bn-relu_prior_57RYWH.pt,112,171,171,3,1,21.45024,0.00171,2.128842779999999
dwconv-bn-relu_prior_1VVROU.pt,56,685,685,3,1,21.4816,0.00685,2.21221766
dwconv-bn-relu_prior_C61LC4.pt,112,66,66,5,1,21.525504,0.001716,1.04055084
dwconv-bn-relu_prior_OCWRT8.pt,112,66,66,5,1,21.525504,0.001716,0.8352758199999997
dwconv-bn-relu_prior_JW0OFA.pt,56,267,267,5,1,21.770112,0.006942,0.49010096
dwconv-bn-relu_prior_Z6TEWN.pt,56,267,267,5,1,21.770112,0.006942,0.7690736199999998
dwconv-bn-relu_prior_VPAKR2.pt,112,176,176,3,1,22.07744,0.00176,2.06210908
dwconv-bn-relu_prior_FRCU8V.pt,112,68,68,5,1,22.177792,0.001768,1.0923163399999998
dwconv-bn-relu_prior_FUPECP.pt,112,68,68,5,1,22.177792,0.001768,1.13954156
dwconv-bn-relu_prior_33XW8N.pt,28,566,566,7,1,22.1872,0.0283,0.37695164
dwconv-bn-relu_prior_2B63VR.pt,112,178,178,3,1,22.32832,0.00178,2.2703865
dwconv-bn-relu_prior_5Z3EJZ.pt,112,178,178,3,1,22.32832,0.00178,2.2423650999999993
dwconv-bn-relu_prior_72IW60.pt,112,69,69,5,1,22.503936,0.001794,0.8638592600000001
dwconv-bn-relu_prior_DOR0RR.pt,112,180,180,3,1,22.5792,0.0018,3.0622272800000006
dwconv-bn-relu_prior_VOBYDA.pt,112,180,180,3,1,22.5792,0.0018,2.6758914799999998
dwconv-bn-relu_prior_TCMONP.pt,56,1128,1128,5,2,22.993152,0.029328,1.0364716399999998
dwconv-bn-relu_prior_FGNDB4.pt,28,1129,1129,5,1,23.013536,0.029354,0.4415006199999999
dwconv-bn-relu_prior_VLWZXY.pt,28,1134,1134,5,1,23.115456,0.029484,0.73125286
dwconv-bn-relu_prior_WWTS07.pt,112,71,71,5,1,23.156224,0.001846,0.7647940600000002
dwconv-bn-relu_prior_AEWEYL.pt,28,1147,1147,5,1,23.380448,0.029822,0.9283603199999999
dwconv-bn-relu_prior_OTOW9X.pt,28,1151,1151,5,1,23.461984,0.029926,0.5886269
dwconv-bn-relu_prior_52HI4Q.pt,112,73,73,5,1,23.808512,0.001898,1.3197707600000002
dwconv-bn-relu_prior_I9S32Q.pt,56,153,153,7,1,23.9904,0.00765,0.96415166
dwconv-bn-relu_prior_JXWY6D.pt,56,154,154,7,1,24.1472,0.0077,0.8191652600000002
dwconv-bn-relu_prior_75HHZC.pt,112,75,75,5,1,24.4608,0.00195,0.5282363399999999
dwconv-bn-relu_prior_2GE4YH.pt,112,75,75,5,1,24.4608,0.00195,1.4730692200000002
dwconv-bn-relu_prior_TZOOZU.pt,112,196,196,3,1,24.58624,0.00196,2.5846313799999994
dwconv-bn-relu_prior_M4G4LU.pt,112,198,198,3,1,24.83712,0.00198,2.55586964
dwconv-bn-relu_prior_FTIO3V.pt,112,77,77,5,1,25.113088,0.002002,0.73108496
dwconv-bn-relu_prior_AOVN8Z.pt,112,78,78,5,1,25.439232,0.002028,1.0522935400000002
dwconv-bn-relu_prior_ASOS80.pt,112,210,210,3,1,26.3424,0.0021,3.410667140000001
dwconv-bn-relu_prior_ZXQPLX.pt,112,42,42,7,1,26.3424,0.0021,0.35482122
dwconv-bn-relu_prior_NLBYX8.pt,28,677,677,7,1,26.5384,0.03385,0.4456544199999999
dwconv-bn-relu_prior_8G74HT.pt,56,173,173,7,1,27.1264,0.00865,0.6618599799999998
dwconv-bn-relu_prior_9GEX79.pt,112,86,86,5,1,28.048384,0.002236,1.1414679399999996
dwconv-bn-relu_prior_LV5R0E.pt,112,86,86,5,1,28.048384,0.002236,0.64823298
dwconv-bn-relu_prior_R4D9LZ.pt,112,224,224,3,1,28.09856,0.00224,2.5007113600000004
dwconv-bn-relu_prior_IUXFMW.pt,112,45,45,7,1,28.224,0.00225,0.7913509400000003
dwconv-bn-relu_prior_CS7C4J.pt,112,233,233,3,1,29.22752,0.00233,3.3666889400000004
dwconv-bn-relu_prior_CX5XU3.pt,112,92,92,5,1,30.005248,0.002392,0.9437152599999996
dwconv-bn-relu_prior_I8XLV9.pt,112,241,241,3,1,30.23104,0.00241,2.9523897399999988
dwconv-bn-relu_prior_3IXXJ2.pt,56,979,979,3,1,30.70144,0.00979,3.7663165800000007
dwconv-bn-relu_prior_AYMG5H.pt,112,97,97,5,1,31.635968,0.002522,1.1916578799999997
dwconv-bn-relu_prior_Y27NX6.pt,112,97,97,5,1,31.635968,0.002522,1.14796568
dwconv-bn-relu_prior_WB8I3F.pt,112,54,54,7,1,33.8688,0.0027,0.48335801999999994
dwconv-bn-relu_prior_IAA3RY.pt,56,226,226,7,1,35.4368,0.0113,0.7796765800000003
dwconv-bn-relu_prior_DJSAOY.pt,56,226,226,7,1,35.4368,0.0113,0.7738682800000004
dwconv-bn-relu_prior_6ENNXU.pt,56,1142,1142,3,1,35.81312,0.01142,3.6054245399999996
dwconv-bn-relu_prior_J9C9QU.pt,56,1142,1142,3,1,35.81312,0.01142,3.591873559999999
dwconv-bn-relu_prior_0NKRPG.pt,56,1145,1145,3,1,35.9072,0.01145,4.19215192
dwconv-bn-relu_prior_JBH6KT.pt,28,953,953,7,1,37.3576,0.04765,0.9862339799999998
dwconv-bn-relu_prior_SCY2ZE.pt,56,243,243,7,1,38.1024,0.01215,1.10168198
dwconv-bn-relu_prior_F9CYJ0.pt,112,117,117,5,1,38.158848,0.003042,1.9192497199999996
dwconv-bn-relu_prior_MY6780.pt,112,118,118,5,1,38.484992,0.003068,2.07880976
dwconv-bn-relu_prior_9LYV45.pt,56,491,491,5,1,40.034176,0.012766,1.6577595999999999
dwconv-bn-relu_prior_YAQ2V4.pt,56,514,514,5,1,41.909504,0.013364,1.7610431000000002
dwconv-bn-relu_prior_QRATL7.pt,56,519,519,5,1,42.317184,0.013494,1.4536184999999997
dwconv-bn-relu_prior_1C8NV7.pt,112,68,68,7,1,42.6496,0.0034,1.3301742800000003
dwconv-bn-relu_prior_DM6RNI.pt,112,131,131,5,1,42.724864,0.003406,2.0463147999999993
dwconv-bn-relu_prior_RFK8AY.pt,112,69,69,7,1,43.2768,0.00345,1.48724918
dwconv-bn-relu_prior_VH30ZV.pt,112,70,70,7,1,43.904,0.0035,1.40483254
dwconv-bn-relu_prior_KNJBDJ.pt,56,553,553,5,1,45.089408,0.014378,2.0487430200000003
dwconv-bn-relu_prior_STG0P2.pt,56,559,559,5,1,45.578624,0.014534,1.8136857200000003
dwconv-bn-relu_prior_6AZ1MD.pt,112,74,74,7,1,46.4128,0.0037,0.7255797199999998
dwconv-bn-relu_prior_N0U13U.pt,56,573,573,5,1,46.720128,0.014898,0.9709336999999998
dwconv-bn-relu_prior_TTQAUW.pt,112,154,154,5,1,50.226176,0.004004,2.7871961799999996
dwconv-bn-relu_prior_TT9ZXU.pt,112,155,155,5,1,50.55232,0.00403,2.8471856599999996
dwconv-bn-relu_prior_VRUZ1A.pt,112,155,155,5,1,50.55232,0.00403,2.4512043400000003
dwconv-bn-relu_prior_U3RNQ9.pt,112,82,82,7,1,51.4304,0.0041,1.3123575599999997
dwconv-bn-relu_prior_V43UGG.pt,112,160,160,5,1,52.18304,0.00416,1.65615334
dwconv-bn-relu_prior_OLG1DB.pt,112,161,161,5,1,52.509184,0.004186,3.145877839999999
dwconv-bn-relu_prior_7VZDVO.pt,112,163,163,5,1,53.161472,0.004238,2.85586878
dwconv-bn-relu_prior_304SVA.pt,112,163,163,5,1,53.161472,0.004238,3.1477411399999995
dwconv-bn-relu_prior_YZP28C.pt,112,164,164,5,1,53.487616,0.004264,2.3962176999999993
dwconv-bn-relu_prior_6HXB0H.pt,112,170,170,5,1,55.44448,0.00442,2.735658619999999
dwconv-bn-relu_prior_3T77AV.pt,112,177,177,5,1,57.727488,0.004602,2.9168871000000003
dwconv-bn-relu_prior_PSHAL5.pt,112,179,179,5,1,58.379776,0.004654,2.9327843
dwconv-bn-relu_prior_4KW5SY.pt,112,469,469,3,1,58.83136,0.00469,7.968430999999999
dwconv-bn-relu_prior_C3N64H.pt,112,487,487,3,1,61.08928,0.00487,7.912772080000001
dwconv-bn-relu_prior_JCTISC.pt,112,188,188,5,1,61.315072,0.004888,2.73361758
dwconv-bn-relu_prior_IZ00EA.pt,112,492,492,3,1,61.71648,0.00492,8.1082296
dwconv-bn-relu_prior_E7HV2K.pt,112,496,496,3,1,62.21824,0.00496,7.153296300000002
dwconv-bn-relu_prior_VBYOTM.pt,112,192,192,5,1,62.619648,0.004992,1.8060103400000003
dwconv-bn-relu_prior_SMKGKR.pt,112,560,560,3,1,70.2464,0.0056,8.727644979999999
dwconv-bn-relu_prior_0YIT9S.pt,112,566,566,3,1,70.99904,0.00566,9.58210924
dwconv-bn-relu_prior_RTAFXR.pt,112,579,579,3,1,72.62976,0.00579,10.03736788
dwconv-bn-relu_prior_RNYXMD.pt,56,476,476,7,1,74.6368,0.0238,1.5606908999999995
dwconv-bn-relu_prior_F5Z9U6.pt,112,232,232,5,1,75.665408,0.006032,2.4757871599999994
dwconv-bn-relu_prior_ROOKX7.pt,112,121,121,7,1,75.8912,0.00605,1.5834960600000005
dwconv-bn-relu_prior_9K0AX7.pt,112,236,236,5,1,76.969984,0.006136,3.424910579999999
dwconv-bn-relu_prior_MRG1AC.pt,56,492,492,7,1,77.1456,0.0246,1.9939490400000002
dwconv-bn-relu_prior_0WXB4K.pt,56,493,493,7,1,77.3024,0.02465,1.46505096
dwconv-bn-relu_prior_VL20GX.pt,56,964,964,5,1,78.600704,0.025064,2.8634133200000007
dwconv-bn-relu_prior_4UMEQJ.pt,112,243,243,5,1,79.252992,0.006318,2.887059079999999
dwconv-bn-relu_prior_0T29VI.pt,112,246,246,5,1,80.231424,0.006396,2.7018813800000006
dwconv-bn-relu_prior_V5ENPC.pt,56,1021,1021,5,1,83.248256,0.026546,3.2034229200000004
dwconv-bn-relu_prior_J6314Y.pt,112,678,678,3,1,85.04832,0.00678,13.8333961
dwconv-bn-relu_prior_MUTMTK.pt,112,263,263,5,1,85.775872,0.006838,3.204328820000001
dwconv-bn-relu_prior_O75C39.pt,112,556,556,7,2,87.1808,0.0278,3.5564488599999997
dwconv-bn-relu_prior_04O8XN.pt,56,566,566,7,1,88.7488,0.0283,1.7116150599999997
dwconv-bn-relu_prior_CPT7GE.pt,56,1125,1125,5,1,91.728,0.02925,3.38142386
dwconv-bn-relu_prior_X83NRF.pt,56,1145,1145,5,1,93.35872,0.02977,4.2198984799999995
dwconv-bn-relu_prior_ZKORYH.pt,112,1145,1145,5,2,93.35872,0.02977,9.602157519999999
dwconv-bn-relu_prior_NQDQMA.pt,56,1148,1148,5,1,93.603328,0.029848,4.3293597
dwconv-bn-relu_prior_BJY3WT.pt,56,1151,1151,5,1,93.847936,0.029926,3.6405480600000018
dwconv-bn-relu_prior_9B3M7V.pt,112,157,157,7,1,98.4704,0.00785,2.51142894
dwconv-bn-relu_prior_RY5QB6.pt,112,162,162,7,1,101.6064,0.0081,2.5823359999999997
dwconv-bn-relu_prior_O4JX5J.pt,56,675,675,7,1,105.84,0.03375,2.69221774
dwconv-bn-relu_prior_NORLA9.pt,112,172,172,7,1,107.8784,0.0086,2.8319501000000002
dwconv-bn-relu_prior_YY1WY9.pt,112,172,172,7,1,107.8784,0.0086,2.746255520000001
dwconv-bn-relu_prior_CZ72XB.pt,112,967,967,3,1,121.30048,0.00967,27.41474403999999
dwconv-bn-relu_prior_GEVZAO.pt,112,968,968,3,1,121.42592,0.00968,20.54526944
dwconv-bn-relu_prior_4YQ600.pt,112,971,971,3,1,121.80224,0.00971,23.74662828
dwconv-bn-relu_prior_CAT74B.pt,112,1010,1010,3,1,126.6944,0.0101,22.19338198000001
dwconv-bn-relu_prior_UNVNAM.pt,56,956,956,7,1,149.9008,0.0478,3.6895891200000017
dwconv-bn-relu_prior_TXSCDM.pt,56,962,962,7,1,150.8416,0.0481,3.23969556
dwconv-bn-relu_prior_C6P2JX.pt,112,251,251,7,1,157.4272,0.01255,3.5612163799999994
dwconv-bn-relu_prior_RMFWMJ.pt,112,258,258,7,1,161.8176,0.0129,3.4784864399999997
dwconv-bn-relu_prior_M99AE8.pt,112,506,506,5,1,165.028864,0.013156,8.77343896
dwconv-bn-relu_prior_HJPNLG.pt,112,524,524,5,1,170.899456,0.013624,9.9347072
dwconv-bn-relu_prior_V7EPF7.pt,112,564,564,5,1,183.945216,0.014664,9.81436466
dwconv-bn-relu_prior_FCC794.pt,112,581,581,5,1,189.489664,0.015106,13.08022874
dwconv-bn-relu_prior_6H0ZE9.pt,112,397,397,7,1,248.9984,0.01985,5.157888880000002
dwconv-bn-relu_prior_UTH7DR.pt,112,472,472,7,1,296.0384,0.0236,6.70285116
dwconv-bn-relu_prior_1XYBXS.pt,112,479,479,7,1,300.4288,0.02395,8.298236540000001
dwconv-bn-relu_prior_06D1FZ.pt,112,956,956,5,1,311.793664,0.024856,25.72577053999999
dwconv-bn-relu_prior_VQZT9G.pt,112,974,974,5,1,317.664256,0.025324,25.203446699999994
dwconv-bn-relu_prior_TKBVZ6.pt,112,1124,1124,5,1,366.585856,0.029224,30.068618759999996
dwconv-bn-relu_prior_63YDFX.pt,112,1134,1134,5,1,369.847296,0.029484,27.525409640000003
dwconv-bn-relu_prior_LP9PB6.pt,112,1135,1135,5,1,370.17344,0.02951,28.72913614
dwconv-bn-relu_prior_598DKX.pt,112,1133,1133,7,1,710.6176,0.05665,32.04474048
dwconv-bn-relu_finegrained1_4JIGKX.pt,7,34,34,3,1,0.01666,0.00034,0.08873918
dwconv-bn-relu_finegrained1_0VD48M.pt,7,59,59,3,1,0.02891,0.00059,0.11886482000000001
dwconv-bn-relu_finegrained1_CA9MLC.pt,7,66,66,3,1,0.03234,0.00066,0.12276959999999999
dwconv-bn-relu_finegrained1_IE5WVU.pt,7,41,41,3,1,0.02009,0.00041,0.12148678000000002
dwconv-bn-relu_finegrained1_5HLKYO.pt,7,36,36,3,1,0.01764,0.00036,0.12722121999999997
dwconv-bn-relu_finegrained1_XDTR3P.pt,7,70,70,3,1,0.0343,0.0007,0.10447862
dwconv-bn-relu_finegrained1_VBUWEK.pt,7,40,40,3,1,0.0196,0.0004,0.13357703999999998
dwconv-bn-relu_finegrained1_981AHW.pt,7,67,67,3,1,0.03283,0.00067,0.11877952
dwconv-bn-relu_finegrained1_6EARM2.pt,7,60,60,3,1,0.0294,0.0006,0.12548842000000002
dwconv-bn-relu_finegrained1_58XPNY.pt,7,35,35,3,1,0.01715,0.00035,0.12446276
dwconv-bn-relu_finegrained1_80H8IY.pt,7,61,61,3,1,0.02989,0.00061,0.15505544000000002
dwconv-bn-relu_finegrained1_VWC8ST.pt,7,55,55,3,1,0.02695,0.00055,0.12359656
dwconv-bn-relu_finegrained1_QN8D0N.pt,7,57,57,3,1,0.02793,0.00057,0.14054919999999999
dwconv-bn-relu_finegrained1_K0V3D2.pt,7,30,30,3,1,0.0147,0.0003,0.12774974000000003
dwconv-bn-relu_finegrained1_5VK8BS.pt,7,56,56,3,1,0.02744,0.00056,0.14219884
dwconv-bn-relu_finegrained1_NQ8YP9.pt,7,49,49,3,1,0.02401,0.00049,0.13241408000000005
dwconv-bn-relu_finegrained1_5KYXJ8.pt,7,38,38,3,1,0.01862,0.00038,0.12853544
dwconv-bn-relu_finegrained1_EK37WP.pt,7,63,63,3,1,0.03087,0.00063,0.14191294000000004
dwconv-bn-relu_finegrained1_6C5T0F.pt,7,47,47,3,1,0.02303,0.00047,0.13933067999999996
dwconv-bn-relu_finegrained1_E8KUNX.pt,7,44,44,3,1,0.02156,0.00044,0.14033965999999995
dwconv-bn-relu_finegrained1_RKV7F1.pt,56,144,144,5,1,11.741184,0.003744,0.3347374799999999
dwconv-bn-relu_finegrained1_J2HIDQ.pt,56,112,112,5,1,9.132032,0.002912,0.29285729999999993
dwconv-bn-relu_finegrained1_6RTMFI.pt,56,99,99,5,1,8.072064,0.002574,0.6995581200000001
dwconv-bn-relu_finegrained1_W74Y6T.pt,56,164,164,5,1,13.371904,0.004264,1.0761784
dwconv-bn-relu_finegrained1_ZMCKAX.pt,56,137,137,5,1,11.170432,0.003562,0.60835686
dwconv-bn-relu_finegrained1_WB4F3L.pt,56,104,104,5,1,8.479744,0.002704,0.27339610000000003
dwconv-bn-relu_finegrained1_GFJORY.pt,56,163,163,5,1,13.290368,0.004238,0.73901596
dwconv-bn-relu_finegrained1_UIJWCM.pt,56,168,168,5,1,13.698048,0.004368,0.3382338000000001
dwconv-bn-relu_finegrained1_72H5U6.pt,56,191,191,5,1,15.573376,0.004966,0.9888873000000002
dwconv-bn-relu_finegrained1_RPD1TL.pt,56,101,101,5,1,8.235136,0.002626,0.31611239999999996
dwconv-bn-relu_finegrained1_48EPRI.pt,56,134,134,5,1,10.925824,0.003484,0.3923401199999999
dwconv-bn-relu_finegrained1_RU4X2B.pt,56,187,187,5,1,15.247232,0.004862,0.7893056400000001
dwconv-bn-relu_finegrained1_G6J5AI.pt,56,106,106,5,1,8.642816,0.002756,0.3472498199999999
dwconv-bn-relu_finegrained1_YMGN3M.pt,56,185,185,5,1,15.08416,0.00481,1.0939149999999997
dwconv-bn-relu_finegrained1_W81NML.pt,56,199,199,5,1,16.225664,0.005174,1.032332
dwconv-bn-relu_finegrained1_XBP8OW.pt,56,201,201,5,1,16.388736,0.005226,0.8982305799999998
dwconv-bn-relu_finegrained1_4KYYDG.pt,56,195,195,5,1,15.89952,0.00507,0.8053382799999997
dwconv-bn-relu_finegrained1_JAGGMR.pt,56,133,133,5,1,10.844288,0.003458,0.53566318
dwconv-bn-relu_finegrained1_1NFBQ4.pt,56,184,184,5,1,15.002624,0.004784,0.35232037999999993
dwconv-bn-relu_finegrained1_OPD0K7.pt,56,89,89,5,1,7.256704,0.002314,0.5041941999999999
dwconv-bn-relu_finegrained1_ZBJFQO.pt,28,64,64,7,1,2.5088,0.0032,0.16002282
dwconv-bn-relu_finegrained1_NV6A27.pt,28,63,63,7,1,2.4696,0.00315,0.16646283999999997
dwconv-bn-relu_finegrained1_N4RX6U.pt,28,61,61,7,1,2.3912,0.00305,0.16613847999999998
dwconv-bn-relu_finegrained1_VTE8DL.pt,28,40,40,7,1,1.568,0.002,0.29616640000000005
dwconv-bn-relu_finegrained1_320TXF.pt,28,42,42,7,1,1.6464,0.0021,0.16551284000000002
dwconv-bn-relu_finegrained1_0OSHUA.pt,28,69,69,7,1,2.7048,0.00345,0.16518003999999997
dwconv-bn-relu_finegrained1_0COFDD.pt,28,78,78,7,1,3.0576,0.0039,0.15568105999999995
dwconv-bn-relu_finegrained1_BF64BX.pt,28,74,74,7,1,2.9008,0.0037,0.17787503999999998
dwconv-bn-relu_finegrained1_OA6FH7.pt,28,68,68,7,1,2.6656,0.0034,0.16913137999999997
dwconv-bn-relu_finegrained1_HT11X8.pt,28,83,83,7,1,3.2536,0.00415,0.17438993999999997
dwconv-bn-relu_finegrained1_FCZALF.pt,28,54,54,7,1,2.1168,0.0027,0.12885113999999998
dwconv-bn-relu_finegrained1_DMB03J.pt,28,43,43,7,1,1.6856,0.00215,0.15040489999999995
dwconv-bn-relu_finegrained1_RREPEN.pt,28,77,77,7,1,3.0184,0.00385,0.17883178
dwconv-bn-relu_finegrained1_1DSLQ3.pt,28,41,41,7,1,1.6072,0.00205,0.1536495
dwconv-bn-relu_finegrained1_83B3CK.pt,28,75,75,7,1,2.94,0.00375,0.17857550000000003
dwconv-bn-relu_finegrained1_GLR2JS.pt,28,47,47,7,1,1.8424,0.00235,0.15968968
dwconv-bn-relu_finegrained1_T0OYHJ.pt,28,52,52,7,1,2.0384,0.0026,0.16732444000000002
dwconv-bn-relu_finegrained1_0D2R3R.pt,28,37,37,7,1,1.4504,0.00185,0.15452628000000002
dwconv-bn-relu_finegrained1_OVVQPF.pt,28,79,79,7,1,3.0968,0.00395,0.35456354000000007
dwconv-bn-relu_finegrained1_S8G8U8.pt,28,89,89,7,1,3.4888,0.00445,0.16053062
dwconv-bn-relu_finegrained1_ZXN4MF.pt,7,155,155,3,1,0.07595,0.00155,0.12546764000000002
dwconv-bn-relu_finegrained1_UODB25.pt,7,157,157,3,1,0.07693,0.00157,0.12376128000000002
dwconv-bn-relu_finegrained1_5618C4.pt,7,287,287,3,1,0.14063,0.00287,0.12658982000000005
dwconv-bn-relu_finegrained1_Y6N9G7.pt,7,269,269,3,1,0.13181,0.00269,0.12925724
dwconv-bn-relu_finegrained1_HDIR5S.pt,7,212,212,3,1,0.10388,0.00212,0.12954722000000002
dwconv-bn-relu_finegrained1_UAY7OM.pt,7,221,221,3,1,0.10829,0.00221,0.12787308
dwconv-bn-relu_finegrained1_UJ0X0B.pt,7,205,205,3,1,0.10045,0.00205,0.12555556
dwconv-bn-relu_finegrained1_O1WPTF.pt,7,140,140,3,1,0.0686,0.0014,0.12363617999999998
dwconv-bn-relu_finegrained1_JXJ351.pt,7,280,280,3,1,0.1372,0.0028,0.1264233
dwconv-bn-relu_finegrained1_FTL9TI.pt,7,236,236,3,1,0.11564,0.00236,0.12626154
dwconv-bn-relu_finegrained1_3QY9YC.pt,7,127,127,3,1,0.06223,0.00127,0.1348552
dwconv-bn-relu_finegrained1_0CNPCM.pt,7,182,182,3,1,0.08918,0.00182,0.13614816000000002
dwconv-bn-relu_finegrained1_7HK021.pt,7,152,152,3,1,0.07448,0.00152,0.12848257999999999
dwconv-bn-relu_finegrained1_MBXV4B.pt,7,172,172,3,1,0.08428,0.00172,0.13610933999999994
dwconv-bn-relu_finegrained1_QNHVHS.pt,7,220,220,3,1,0.1078,0.0022,0.12475798
dwconv-bn-relu_finegrained1_QD3S8H.pt,7,143,143,3,1,0.07007,0.00143,0.12460624000000003
dwconv-bn-relu_finegrained1_DAVFY6.pt,7,267,267,3,1,0.13083,0.00267,0.15857416000000002
dwconv-bn-relu_finegrained1_IHBECU.pt,7,162,162,3,1,0.07938,0.00162,0.13209800000000002
dwconv-bn-relu_finegrained1_2ZQG33.pt,7,265,265,3,1,0.12985,0.00265,0.13981798000000004
dwconv-bn-relu_finegrained1_Q982AA.pt,7,156,156,3,1,0.07644,0.00156,0.12962496
dwconv-bn-relu_finegrained1_8L9BZ6.pt,56,67,67,5,1,5.462912,0.001742,0.2301358399999999
dwconv-bn-relu_finegrained1_0NA6J8.pt,56,65,65,5,1,5.29984,0.00169,0.23079082000000004
dwconv-bn-relu_finegrained1_RLTBG0.pt,56,71,71,5,1,5.789056,0.001846,0.53994448
dwconv-bn-relu_finegrained1_4N3MWQ.pt,56,123,123,5,1,10.028928,0.003198,0.36833220000000005
dwconv-bn-relu_finegrained1_KV5B89.pt,56,125,125,5,1,10.192,0.00325,0.40699776
dwconv-bn-relu_finegrained1_BN2JNW.pt,56,128,128,5,1,10.436608,0.003328,0.6837153599999999
dwconv-bn-relu_finegrained1_6K2GBK.pt,56,107,107,5,1,8.724352,0.002782,0.3507319599999999
dwconv-bn-relu_finegrained1_ZMZZ38.pt,56,80,80,5,1,6.52288,0.00208,0.23232526000000003
dwconv-bn-relu_finegrained1_QQD9ZQ.pt,56,66,66,5,1,5.381376,0.001716,0.23973600000000006
dwconv-bn-relu_finegrained1_CN8I4Q.pt,56,81,81,5,1,6.604416,0.002106,0.2803523800000001
dwconv-bn-relu_finegrained1_8HJZGA.pt,56,117,117,5,1,9.539712,0.003042,0.4985560399999999
dwconv-bn-relu_finegrained1_LKN7YQ.pt,56,85,85,5,1,6.93056,0.00221,0.28383148
dwconv-bn-relu_finegrained1_UM2EFX.pt,56,73,73,5,1,5.952128,0.001898,0.28317027999999994
dwconv-bn-relu_finegrained1_X4X0DS.pt,56,61,61,5,1,4.973696,0.001586,0.34203687999999993
dwconv-bn-relu_finegrained1_5REWLP.pt,56,70,70,5,1,5.70752,0.00182,0.2601532599999999
dwconv-bn-relu_finegrained1_9OIZCS.pt,56,119,119,5,1,9.702784,0.003094,1.08518938
dwconv-bn-relu_finegrained1_Z1EZ75.pt,56,93,93,5,1,7.582848,0.002418,0.28043788
dwconv-bn-relu_finegrained1_LVO9VW.pt,56,96,96,5,1,7.827456,0.002496,0.26495688
dwconv-bn-relu_finegrained1_I0DZUL.pt,56,131,131,5,1,10.681216,0.003406,0.36474224
dwconv-bn-relu_finegrained1_GJ8ML1.pt,56,90,90,5,1,7.33824,0.00234,0.73678944
dwconv-bn-relu_finegrained1_G7N0PM.pt,56,114,114,5,1,9.295104,0.002964,0.26572554
dwconv-bn-relu_finegrained1_0JR61Q.pt,56,60,60,5,1,4.89216,0.00156,0.19762536000000006
dwconv-bn-relu_finegrained1_OF7GY3.pt,56,108,108,5,1,8.805888,0.002808,0.32159354000000007
dwconv-bn-relu_finegrained1_DQMEJ2.pt,56,118,118,5,1,9.621248,0.003068,0.5466697800000001
dwconv-bn-relu_finegrained1_J5YSY8.pt,56,117,117,5,1,9.539712,0.003042,0.52884908
dwconv-bn-relu_finegrained1_2EA6OI.pt,56,116,116,5,1,9.458176,0.003016,0.35329962000000004
dwconv-bn-relu_finegrained1_HPPXC8.pt,56,104,104,5,1,8.479744,0.002704,0.28416852000000004
dwconv-bn-relu_finegrained1_OHA4HP.pt,56,93,93,5,1,7.582848,0.002418,0.28309017999999997
dwconv-bn-relu_finegrained1_53OP1U.pt,56,90,90,5,1,7.33824,0.00234,0.26723238000000005
dwconv-bn-relu_finegrained1_LBQ04O.pt,56,67,67,5,1,5.462912,0.001742,0.2452409000000001
dwconv-bn-relu_finegrained1_2WMVM7.pt,56,53,53,5,1,4.321408,0.001378,0.22801364
dwconv-bn-relu_finegrained1_2G5TA5.pt,56,123,123,5,1,10.028928,0.003198,0.30908269999999993
dwconv-bn-relu_finegrained1_5V9E2B.pt,56,56,56,5,1,4.566016,0.001456,0.21447110000000003
dwconv-bn-relu_finegrained1_0CRVKI.pt,56,98,98,5,1,7.990528,0.002548,0.29296301999999996
dwconv-bn-relu_finegrained1_GPB7VZ.pt,56,99,99,5,1,8.072064,0.002574,0.30189176
dwconv-bn-relu_finegrained1_LUEYP7.pt,56,74,74,5,1,6.033664,0.001924,0.29629792000000005
dwconv-bn-relu_finegrained1_4GAGVO.pt,56,66,66,5,1,5.381376,0.001716,0.3961475399999999
dwconv-bn-relu_finegrained1_6GNPM6.pt,56,78,78,5,1,6.359808,0.002028,0.2509632999999999
dwconv-bn-relu_finegrained1_Q6CNC4.pt,56,63,63,5,1,5.136768,0.001638,0.22837990000000002
dwconv-bn-relu_finegrained1_3WG43O.pt,56,77,77,5,1,6.278272,0.002002,0.26055998
dwconv-bn-relu_finegrained1_PARM4V.pt,14,438,438,3,2,0.21462,0.00438,0.15336114
dwconv-bn-relu_finegrained1_ZGS05Y.pt,14,496,496,3,2,0.24304,0.00496,0.16542442000000002
dwconv-bn-relu_finegrained1_24K0TN.pt,14,271,271,3,2,0.13279,0.00271,0.14431412
dwconv-bn-relu_finegrained1_3LF0GN.pt,14,361,361,3,2,0.17689,0.00361,0.15458576
dwconv-bn-relu_finegrained1_0XAIR9.pt,14,358,358,3,2,0.17542,0.00358,0.2891901200000001
dwconv-bn-relu_finegrained1_22O4R6.pt,14,512,512,3,2,0.25088,0.00512,0.15314386000000002
dwconv-bn-relu_finegrained1_UCFIK0.pt,14,498,498,3,2,0.24402,0.00498,0.15990010000000004
dwconv-bn-relu_finegrained1_P3DMXD.pt,14,461,461,3,2,0.22589,0.00461,0.14302330000000002
dwconv-bn-relu_finegrained1_W1ELPT.pt,14,236,236,3,2,0.11564,0.00236,0.13846784
dwconv-bn-relu_finegrained1_LP71TP.pt,14,356,356,3,2,0.17444,0.00356,0.36856493999999995
dwconv-bn-relu_finegrained1_I8YP0U.pt,14,327,327,3,2,0.16023,0.00327,0.14877347999999999
dwconv-bn-relu_finegrained1_M4IIBK.pt,14,343,343,3,2,0.16807,0.00343,0.14972040000000003
dwconv-bn-relu_finegrained1_ZQMML5.pt,14,382,382,3,2,0.18718,0.00382,0.45644736
dwconv-bn-relu_finegrained1_SP4RXO.pt,14,372,372,3,2,0.18228,0.00372,0.26557298
dwconv-bn-relu_finegrained1_13BHOY.pt,14,428,428,3,2,0.20972,0.00428,0.18912151999999993
dwconv-bn-relu_finegrained1_E41R6Y.pt,14,420,420,3,2,0.2058,0.0042,0.14898312
dwconv-bn-relu_finegrained1_5W4MAD.pt,14,443,443,3,2,0.21707,0.00443,0.14960224000000003
dwconv-bn-relu_finegrained1_XSI98D.pt,14,444,444,3,2,0.21756,0.00444,0.14878224000000004
dwconv-bn-relu_finegrained1_I0QSLN.pt,14,285,285,3,2,0.13965,0.00285,0.14231202
dwconv-bn-relu_finegrained1_RYBDI8.pt,14,367,367,3,2,0.17983,0.00367,0.14293516
dwconv-bn-relu_finegrained1_8KC6VF.pt,28,1142,1142,3,1,8.95328,0.01142,0.86100778
dwconv-bn-relu_finegrained1_AYBA79.pt,28,677,677,3,1,5.30768,0.00677,0.6798718799999999
dwconv-bn-relu_finegrained1_AYIBPE.pt,28,912,912,3,1,7.15008,0.00912,0.35123360000000003
dwconv-bn-relu_finegrained1_DT933X.pt,28,517,517,3,1,4.05328,0.00517,0.5179500800000001
dwconv-bn-relu_finegrained1_VFHGSB.pt,28,667,667,3,1,5.22928,0.00667,0.33162682000000004
dwconv-bn-relu_finegrained1_XMX7UQ.pt,28,573,573,3,1,4.49232,0.00573,0.2758220600000001
dwconv-bn-relu_finegrained1_8XAEC8.pt,28,1068,1068,3,1,8.37312,0.01068,0.43001533999999997
dwconv-bn-relu_finegrained1_WMJQIH.pt,28,1047,1047,3,1,8.20848,0.01047,1.0710499599999999
dwconv-bn-relu_finegrained1_GIE0XF.pt,28,590,590,3,1,4.6256,0.0059,0.8116161200000002
dwconv-bn-relu_finegrained1_5I1ODW.pt,28,519,519,3,1,4.06896,0.00519,0.27758146000000006
dwconv-bn-relu_finegrained1_KC600X.pt,28,805,805,3,1,6.3112,0.00805,0.3994717200000001
dwconv-bn-relu_finegrained1_N2G9MT.pt,28,721,721,3,1,5.65264,0.00721,0.45643862000000013
dwconv-bn-relu_finegrained1_1ZR9WQ.pt,28,1057,1057,3,1,8.28688,0.01057,1.3001778599999998
dwconv-bn-relu_finegrained1_NV18O7.pt,28,758,758,3,1,5.94272,0.00758,0.7632884000000001
dwconv-bn-relu_finegrained1_FNTGQY.pt,28,553,553,3,1,4.33552,0.00553,0.25578394000000004
dwconv-bn-relu_finegrained1_UQ0406.pt,28,926,926,3,1,7.25984,0.00926,0.80624896
dwconv-bn-relu_finegrained1_FIXQ6Y.pt,28,738,738,3,1,5.78592,0.00738,1.1476237200000001
dwconv-bn-relu_finegrained1_5OPYKK.pt,28,942,942,3,1,7.38528,0.00942,0.8827086199999999
dwconv-bn-relu_finegrained1_0419W2.pt,28,1019,1019,3,1,7.98896,0.01019,0.49364492000000015
dwconv-bn-relu_finegrained1_WIOPIC.pt,28,1105,1105,3,1,8.6632,0.01105,0.46380611999999993
dwconv-bn-relu_finegrained1_9Y6J7M.pt,112,587,587,5,1,191.446528,0.015262,9.63459566
dwconv-bn-relu_finegrained1_59Q67C.pt,112,356,356,5,1,116.107264,0.009256,4.06610718
dwconv-bn-relu_finegrained1_2K2SS5.pt,112,374,374,5,1,121.977856,0.009724,4.517587440000001
dwconv-bn-relu_finegrained1_0930BS.pt,112,413,413,5,1,134.697472,0.010738,6.30329816
dwconv-bn-relu_finegrained1_6RY4KC.pt,112,371,371,5,1,120.999424,0.009646,5.580664259999997
dwconv-bn-relu_finegrained1_4S4CW8.pt,112,282,282,5,1,91.972608,0.007332,4.445748880000002
dwconv-bn-relu_finegrained1_TUMS09.pt,112,448,448,5,1,146.112512,0.011648,6.0065956400000005
dwconv-bn-relu_finegrained1_KQQJIA.pt,112,619,619,5,1,201.883136,0.016094,10.258317879999995
dwconv-bn-relu_finegrained1_ZSITGG.pt,112,291,291,5,1,94.907904,0.007566,3.27638312
dwconv-bn-relu_finegrained1_MO35GU.pt,112,382,382,5,1,124.587008,0.009932,4.644026380000001
dwconv-bn-relu_finegrained1_FN6UWW.pt,112,401,401,5,1,130.783744,0.010426,4.9976772799999996
dwconv-bn-relu_finegrained1_YK1POM.pt,112,516,516,5,1,168.290304,0.013416,8.7183829
dwconv-bn-relu_finegrained1_ZLLXNN.pt,112,626,626,5,1,204.166144,0.016276,14.264097759999997
dwconv-bn-relu_finegrained1_REOQCB.pt,112,446,446,5,1,145.460224,0.011596,7.1496727799999995
dwconv-bn-relu_finegrained1_MKXP3Q.pt,112,579,579,5,1,188.837376,0.015054,9.45887282
dwconv-bn-relu_finegrained1_ST6GFU.pt,112,297,297,5,1,96.864768,0.007722,4.04853396
dwconv-bn-relu_finegrained1_9ICEFZ.pt,112,490,490,5,1,159.81056,0.01274,8.18801298
dwconv-bn-relu_finegrained1_7ZPBI4.pt,112,286,286,5,1,93.277184,0.007436,3.78932138
dwconv-bn-relu_finegrained1_CDC166.pt,112,306,306,5,1,99.800064,0.007956,4.089782940000001
dwconv-bn-relu_finegrained1_POUDB4.pt,112,465,465,5,1,151.65696,0.01209,6.514148619999999
dwconv-bn-relu_finegrained1_WE76HS.pt,56,26,26,3,1,0.81536,0.00026,0.15520177999999998
dwconv-bn-relu_finegrained1_R29UHA.pt,56,27,27,3,1,0.84672,0.00027,0.16752190000000003
dwconv-bn-relu_finegrained1_81KF57.pt,56,49,49,3,1,1.53664,0.00049,0.19990271999999998
dwconv-bn-relu_finegrained1_7HDIXJ.pt,56,52,52,3,1,1.63072,0.00052,0.19461520000000004
dwconv-bn-relu_finegrained1_VLLI3W.pt,56,46,46,3,1,1.44256,0.00046,0.19046558000000002
dwconv-bn-relu_finegrained1_W7PNOI.pt,56,31,31,3,1,0.97216,0.00031,0.16106281999999997
dwconv-bn-relu_finegrained1_SG7173.pt,56,59,59,3,1,1.85024,0.00059,0.20565827999999997
dwconv-bn-relu_finegrained1_52XCOX.pt,56,41,41,3,1,1.28576,0.00041,0.18532578
dwconv-bn-relu_finegrained1_XBH7HL.pt,56,37,37,3,1,1.16032,0.00037,0.18818321999999998
dwconv-bn-relu_finegrained1_EU55TV.pt,56,38,38,3,1,1.19168,0.00038,0.1821038
dwconv-bn-relu_finegrained1_HLKDNR.pt,56,50,50,3,1,1.568,0.0005,0.19589195999999998
dwconv-bn-relu_finegrained1_IXXU3C.pt,56,56,56,3,1,1.75616,0.00056,0.4132399
dwconv-bn-relu_finegrained1_WJ5HAL.pt,56,54,54,3,1,1.69344,0.00054,0.25792648
dwconv-bn-relu_finegrained1_UR96VL.pt,56,32,32,3,1,1.00352,0.00032,0.22536775999999997
dwconv-bn-relu_finegrained1_WWAADH.pt,56,34,34,3,1,1.06624,0.00034,0.19253086
dwconv-bn-relu_finegrained1_2J4CK5.pt,56,35,35,3,1,1.0976,0.00035,0.19474668
dwconv-bn-relu_finegrained1_3GS5HT.pt,56,45,45,3,1,1.4112,0.00045,0.20686103999999997
dwconv-bn-relu_finegrained1_8JZHY8.pt,56,30,30,3,1,0.9408,0.0003,0.17551614000000004
dwconv-bn-relu_finegrained1_PNSGUP.pt,56,43,43,3,1,1.34848,0.00043,0.19727508000000007
dwconv-bn-relu_finegrained1_113F9O.pt,56,48,48,3,1,1.50528,0.00048,0.18451828000000003
dwconv-bn-relu_finegrained1_CR77W5.pt,7,153,153,5,1,0.194922,0.003978,0.10471376000000003
dwconv-bn-relu_finegrained1_IKY4UA.pt,7,127,127,5,1,0.161798,0.003302,0.12617131999999998
dwconv-bn-relu_finegrained1_F81MZ4.pt,7,143,143,5,1,0.182182,0.003718,0.30668816
dwconv-bn-relu_finegrained1_DWIKZE.pt,7,173,173,5,1,0.220402,0.004498,0.12987310000000002
dwconv-bn-relu_finegrained1_579MAL.pt,7,84,84,5,1,0.107016,0.002184,0.12807996
dwconv-bn-relu_finegrained1_3LBL18.pt,7,180,180,5,1,0.22932,0.00468,0.13190848
dwconv-bn-relu_finegrained1_4QS8V3.pt,7,124,124,5,1,0.157976,0.003224,0.12565093999999996
dwconv-bn-relu_finegrained1_F4DAFA.pt,7,118,118,5,1,0.150332,0.003068,0.29075158
dwconv-bn-relu_finegrained1_RJ87QH.pt,7,158,158,5,1,0.201292,0.004108,0.24880471999999998
dwconv-bn-relu_finegrained1_CM1ZQD.pt,7,116,116,5,1,0.147784,0.003016,0.12158610000000002
dwconv-bn-relu_finegrained1_G10GX8.pt,7,161,161,5,1,0.205114,0.004186,0.12310102000000002
dwconv-bn-relu_finegrained1_FI7U6D.pt,7,131,131,5,1,0.166894,0.003406,0.12235815999999997
dwconv-bn-relu_finegrained1_YY0FYL.pt,7,172,172,5,1,0.219128,0.004472,0.12416790000000004
dwconv-bn-relu_finegrained1_94B92D.pt,7,108,108,5,1,0.137592,0.002808,0.12018436000000003
dwconv-bn-relu_finegrained1_3767O9.pt,7,97,97,5,1,0.123578,0.002522,0.13314286000000006
dwconv-bn-relu_finegrained1_9YXNEG.pt,7,119,119,5,1,0.151606,0.003094,0.13961770000000004
dwconv-bn-relu_finegrained1_WUJX5F.pt,7,141,141,5,1,0.179634,0.003666,0.13983853999999998
dwconv-bn-relu_finegrained1_ML0NBP.pt,7,150,150,5,1,0.1911,0.0039,0.13780741999999996
dwconv-bn-relu_finegrained1_G26FGY.pt,7,91,91,5,1,0.115934,0.002366,0.13947388000000002
dwconv-bn-relu_finegrained1_AGDVCA.pt,7,101,101,5,1,0.128674,0.002626,0.17162432
dwconv-bn-relu_finegrained1_GRDKOQ.pt,7,165,165,3,2,0.0202125,0.00165,0.12894387999999998
dwconv-bn-relu_finegrained1_HQOZJB.pt,7,101,101,3,2,0.0123725,0.00101,0.12169505999999997
dwconv-bn-relu_finegrained1_H1FYRC.pt,7,151,151,3,2,0.0184975,0.00151,0.12435015999999996
dwconv-bn-relu_finegrained1_5SVB3S.pt,7,107,107,3,2,0.0131075,0.00107,0.11935088000000003
dwconv-bn-relu_finegrained1_Y5QF4Q.pt,7,177,177,3,2,0.0216825,0.00177,0.13157300000000002
dwconv-bn-relu_finegrained1_2QP7IL.pt,7,83,83,3,2,0.0101675,0.00083,0.12442831999999998
dwconv-bn-relu_finegrained1_IUGPB5.pt,7,144,144,3,2,0.01764,0.00144,0.14224804000000002
dwconv-bn-relu_finegrained1_0VM3A3.pt,7,192,192,3,2,0.02352,0.00192,0.12480206000000005
dwconv-bn-relu_finegrained1_F8JDR0.pt,7,95,95,3,2,0.0116375,0.00095,0.14847356000000003
dwconv-bn-relu_finegrained1_5D6N3R.pt,7,168,168,3,2,0.02058,0.00168,0.12945692
dwconv-bn-relu_finegrained1_RRAVSG.pt,7,116,116,3,2,0.01421,0.00116,0.12392456000000002
dwconv-bn-relu_finegrained1_BY2PDM.pt,7,179,179,3,2,0.0219275,0.00179,0.12451328
dwconv-bn-relu_finegrained1_PCMC5L.pt,7,180,180,3,2,0.02205,0.0018,0.12837756
dwconv-bn-relu_finegrained1_6EG70M.pt,7,193,193,3,2,0.0236425,0.00193,0.15667386
dwconv-bn-relu_finegrained1_O8RJNI.pt,7,186,186,3,2,0.022785,0.00186,0.11947371999999999
dwconv-bn-relu_finegrained1_27AEP0.pt,7,133,133,3,2,0.0162925,0.00133,0.11950352000000003
dwconv-bn-relu_finegrained1_C6M8QI.pt,7,175,175,3,2,0.0214375,0.00175,0.11844937999999995
dwconv-bn-relu_finegrained1_NSTZZO.pt,7,143,143,3,2,0.0175175,0.00143,0.12707926
dwconv-bn-relu_finegrained1_ORED63.pt,7,197,197,3,2,0.0241325,0.00197,0.15168804
dwconv-bn-relu_finegrained1_ZR28X7.pt,7,132,132,3,2,0.01617,0.00132,0.15207402
dwconv-bn-relu_finegrained1_5KJOPY.pt,7,156,156,5,2,0.049686,0.004056,0.15392361999999998
dwconv-bn-relu_finegrained1_0UU0N0.pt,7,147,147,5,2,0.0468195,0.003822,0.1370084
dwconv-bn-relu_finegrained1_0HNG47.pt,7,116,116,5,2,0.036946,0.003016,0.13509987999999998
dwconv-bn-relu_finegrained1_AA6D19.pt,7,102,102,5,2,0.032487,0.002652,0.13601995999999997
dwconv-bn-relu_finegrained1_WY1HIL.pt,7,140,140,5,2,0.04459,0.00364,0.33142308
dwconv-bn-relu_finegrained1_7YEXK7.pt,7,169,169,5,2,0.0538265,0.004394,0.2871691
dwconv-bn-relu_finegrained1_IAP9CA.pt,7,112,112,5,2,0.035672,0.002912,0.13281536000000002
dwconv-bn-relu_finegrained1_CXR3VF.pt,7,131,131,5,2,0.0417235,0.003406,0.13318763999999997
dwconv-bn-relu_finegrained1_BXG2P9.pt,7,175,175,5,2,0.0557375,0.00455,0.24762905999999993
dwconv-bn-relu_finegrained1_02ZMFI.pt,7,92,92,5,2,0.029302,0.002392,0.38993707999999994
dwconv-bn-relu_finegrained1_MHDDCG.pt,7,168,168,5,2,0.053508,0.004368,0.09389033999999999
dwconv-bn-relu_finegrained1_JDUEGL.pt,7,150,150,5,2,0.047775,0.0039,0.12514282
dwconv-bn-relu_finegrained1_DGV7FG.pt,7,98,98,5,2,0.031213,0.002548,0.18440626000000002
dwconv-bn-relu_finegrained1_90T9CY.pt,7,133,133,5,2,0.0423605,0.003458,0.1266731
dwconv-bn-relu_finegrained1_L6DECS.pt,7,90,90,5,2,0.028665,0.00234,0.12461523999999999
dwconv-bn-relu_finegrained1_6WLTS0.pt,7,182,182,5,2,0.057967,0.004732,0.18283964
dwconv-bn-relu_finegrained1_J5Y6YS.pt,7,153,153,5,2,0.0487305,0.003978,0.125335
dwconv-bn-relu_finegrained1_9GU9QM.pt,7,137,137,5,2,0.0436345,0.003562,0.12592914
dwconv-bn-relu_finegrained1_ZTB9AR.pt,7,101,101,5,2,0.0321685,0.002626,0.12030818000000006
dwconv-bn-relu_finegrained1_UF8824.pt,7,110,110,5,2,0.035035,0.00286,0.17691882
dwconv-bn-relu_finegrained1_M0N5KK.pt,7,273,273,7,1,0.66885,0.01365,0.13243272000000006
dwconv-bn-relu_finegrained1_25JHY0.pt,7,168,168,7,1,0.4116,0.0084,0.13117377999999996
dwconv-bn-relu_finegrained1_82P3LB.pt,7,130,130,7,1,0.3185,0.0065,0.1944019
dwconv-bn-relu_finegrained1_I2WG2N.pt,7,237,237,7,1,0.58065,0.01185,0.13834853999999996
dwconv-bn-relu_finegrained1_HJ3R3W.pt,7,239,239,7,1,0.58555,0.01195,0.13149392000000001
dwconv-bn-relu_finegrained1_UI48WU.pt,7,263,263,7,1,0.64435,0.01315,0.13966654
dwconv-bn-relu_finegrained1_OOKG2C.pt,7,211,211,7,1,0.51695,0.01055,0.24250011999999999
dwconv-bn-relu_finegrained1_1OVMIE.pt,7,226,226,7,1,0.5537,0.0113,0.13987358
dwconv-bn-relu_finegrained1_MCFY46.pt,7,292,292,7,1,0.7154,0.0146,0.22677428000000002
dwconv-bn-relu_finegrained1_AYYDB7.pt,7,190,190,7,1,0.4655,0.0095,0.14390534000000005
dwconv-bn-relu_finegrained1_AMS8CS.pt,7,143,143,7,1,0.35035,0.00715,0.14038934
dwconv-bn-relu_finegrained1_1QYXUA.pt,7,179,179,7,1,0.43855,0.00895,0.17827033999999997
dwconv-bn-relu_finegrained1_15BEWF.pt,7,252,252,7,1,0.6174,0.0126,0.12968321999999993
dwconv-bn-relu_finegrained1_U85KQE.pt,7,249,249,7,1,0.61005,0.01245,0.12897577999999998
dwconv-bn-relu_finegrained1_DETSYR.pt,7,240,240,7,1,0.588,0.012,0.12730413999999998
dwconv-bn-relu_finegrained1_WQYSDY.pt,7,131,131,7,1,0.32095,0.00655,0.12765616000000002
dwconv-bn-relu_finegrained1_OB8V26.pt,7,278,278,7,1,0.6811,0.0139,0.13670962
dwconv-bn-relu_finegrained1_WEHNKG.pt,7,182,182,7,1,0.4459,0.0091,0.1249971
dwconv-bn-relu_finegrained1_X8HLP2.pt,7,165,165,7,1,0.40425,0.00825,0.12500974000000004
dwconv-bn-relu_finegrained1_FU1LRZ.pt,7,145,145,7,1,0.35525,0.00725,0.13135294000000003
dwconv-bn-relu_finegrained1_HU504L.pt,7,102,102,7,1,0.2499,0.0051,0.13033203999999998
dwconv-bn-relu_finegrained1_X0A04Q.pt,7,122,122,7,1,0.2989,0.0061,0.13398292
dwconv-bn-relu_finegrained1_ACVVM3.pt,7,139,139,7,1,0.34055,0.00695,0.12884776
dwconv-bn-relu_finegrained1_S7TEMZ.pt,7,94,94,7,1,0.2303,0.0047,0.12750422000000003
dwconv-bn-relu_finegrained1_FRBQCG.pt,7,170,170,7,1,0.4165,0.0085,0.1291217
dwconv-bn-relu_finegrained1_VTKRGD.pt,7,194,194,7,1,0.4753,0.0097,0.13998403999999998
dwconv-bn-relu_finegrained1_X3HKOZ.pt,7,117,117,7,1,0.28665,0.00585,0.18197528000000002
dwconv-bn-relu_finegrained1_YWP4WJ.pt,7,134,134,7,1,0.3283,0.0067,0.13076956000000003
dwconv-bn-relu_finegrained1_U0QPMO.pt,7,143,143,7,1,0.35035,0.00715,0.13867587999999997
dwconv-bn-relu_finegrained1_NC0BWH.pt,7,197,197,7,1,0.48265,0.00985,0.31137804
dwconv-bn-relu_finegrained1_1SUVXT.pt,7,174,174,7,1,0.4263,0.0087,0.21627364
dwconv-bn-relu_finegrained1_V2WSK7.pt,7,131,131,7,1,0.32095,0.00655,0.14510684
dwconv-bn-relu_finegrained1_2YWUWN.pt,7,87,87,7,1,0.21315,0.00435,0.17847164
dwconv-bn-relu_finegrained1_WNVJBA.pt,7,90,90,7,1,0.2205,0.0045,0.1428358
dwconv-bn-relu_finegrained1_J9VJOY.pt,7,119,119,7,1,0.29155,0.00595,0.13222798
dwconv-bn-relu_finegrained1_XBKGGD.pt,7,173,173,7,1,0.42385,0.00865,0.14045272000000003
dwconv-bn-relu_finegrained1_VJ47YS.pt,7,155,155,7,1,0.37975,0.00775,0.13802756
dwconv-bn-relu_finegrained1_ETGYR0.pt,7,154,154,7,1,0.3773,0.0077,0.13487057999999993
dwconv-bn-relu_finegrained1_2GSXN1.pt,7,93,93,7,1,0.22785,0.00465,0.14209906
dwconv-bn-relu_finegrained1_03CCSI.pt,7,186,186,7,1,0.4557,0.0093,0.1575529
dwconv-bn-relu_finegrained1_8JYH4R.pt,28,131,131,7,1,5.1352,0.00655,0.16409484000000002
dwconv-bn-relu_finegrained1_3VS7A5.pt,28,124,124,7,1,4.8608,0.0062,0.18539617999999997
dwconv-bn-relu_finegrained1_EBOBBR.pt,28,84,84,7,1,3.2928,0.0042,0.17605086
dwconv-bn-relu_finegrained1_2OORXA.pt,28,166,166,7,1,6.5072,0.0083,0.5040644000000002
dwconv-bn-relu_finegrained1_2GWGKA.pt,28,94,94,7,1,3.6848,0.0047,0.17605722000000001
dwconv-bn-relu_finegrained1_NPCH1R.pt,28,136,136,7,1,5.3312,0.0068,0.19086089999999992
dwconv-bn-relu_finegrained1_6BHXZ5.pt,28,115,115,7,1,4.508,0.00575,0.19129559999999995
dwconv-bn-relu_finegrained1_JUTNDT.pt,28,113,113,7,1,4.4296,0.00565,0.29454216
dwconv-bn-relu_finegrained1_PQVNDU.pt,28,98,98,7,1,3.8416,0.0049,0.18351279999999995
dwconv-bn-relu_finegrained1_8LH2LL.pt,28,187,187,7,1,7.3304,0.00935,0.20912378
dwconv-bn-relu_finegrained1_2ISGYG.pt,28,169,169,7,1,6.6248,0.00845,0.20853156000000006
dwconv-bn-relu_finegrained1_KAETEU.pt,28,168,168,7,1,6.5856,0.0084,0.20716994000000002
dwconv-bn-relu_finegrained1_XZ173D.pt,28,171,171,7,1,6.7032,0.00855,0.20623047999999997
dwconv-bn-relu_finegrained1_MM0KEA.pt,28,122,122,7,1,4.7824,0.0061,0.18559714000000002
dwconv-bn-relu_finegrained1_JDXCF6.pt,28,150,150,7,1,5.88,0.0075,0.18120988000000005
dwconv-bn-relu_finegrained1_X72DNL.pt,28,157,157,7,1,6.1544,0.00785,0.17975832
dwconv-bn-relu_finegrained1_8DQ0CW.pt,28,80,80,7,1,3.136,0.004,0.20359806000000003
dwconv-bn-relu_finegrained1_AQ5EDM.pt,28,165,165,7,1,6.468,0.00825,0.19176473999999996
dwconv-bn-relu_finegrained1_UJSTDX.pt,28,163,163,7,1,6.3896,0.00815,0.37063854000000007
dwconv-bn-relu_finegrained1_RVBD97.pt,28,123,123,7,1,4.8216,0.00615,0.18495179999999997
dwconv-bn-relu_finegrained1_ZD7HC0.pt,112,106,106,5,1,34.571264,0.002756,1.3815356800000003
dwconv-bn-relu_finegrained1_HE7SXC.pt,112,103,103,5,1,33.592832,0.002678,1.0289346600000002
dwconv-bn-relu_finegrained1_RD98HY.pt,112,129,129,5,1,42.072576,0.003354,2.01671704
dwconv-bn-relu_finegrained1_EJF7BT.pt,112,89,89,5,1,29.026816,0.002314,1.4209894800000007
dwconv-bn-relu_finegrained1_6Z3CPN.pt,112,161,161,5,1,52.509184,0.004186,2.81325998
dwconv-bn-relu_finegrained1_SUZRXF.pt,112,123,123,5,1,40.115712,0.003198,1.87945656
dwconv-bn-relu_finegrained1_1SJYZO.pt,112,193,193,5,1,62.945792,0.005018,3.10528734
dwconv-bn-relu_finegrained1_LT4HSS.pt,112,180,180,5,1,58.70592,0.00468,2.7794922799999995
dwconv-bn-relu_finegrained1_JJHXH9.pt,112,102,102,5,1,33.266688,0.002652,1.3652120000000003
dwconv-bn-relu_finegrained1_JI1CF1.pt,112,154,154,5,1,50.226176,0.004004,2.38435758
dwconv-bn-relu_finegrained1_WJ8L76.pt,112,155,155,5,1,50.55232,0.00403,2.5395766399999995
dwconv-bn-relu_finegrained1_ZZ0IDZ.pt,112,136,136,5,1,44.355584,0.003536,0.9611758800000001
dwconv-bn-relu_finegrained1_LN5Q62.pt,112,119,119,5,1,38.811136,0.003094,1.22420148
dwconv-bn-relu_finegrained1_15TMZK.pt,112,124,124,5,1,40.441856,0.003224,1.7836194000000003
dwconv-bn-relu_finegrained1_6SAK3Q.pt,112,166,166,5,1,54.139904,0.004316,2.6240115200000007
dwconv-bn-relu_finegrained1_NGVI81.pt,112,151,151,5,1,49.247744,0.003926,2.3830321799999994
dwconv-bn-relu_finegrained1_K2XELQ.pt,112,122,122,5,1,39.789568,0.003172,1.8334069799999997
dwconv-bn-relu_finegrained1_CQL256.pt,112,130,130,5,1,42.39872,0.00338,1.99013258
dwconv-bn-relu_finegrained1_A1M6FN.pt,112,195,195,5,1,63.59808,0.00507,2.9285720599999996
dwconv-bn-relu_finegrained1_ZIWKJZ.pt,112,120,120,5,1,39.13728,0.00312,1.7940820200000003
dwconv-bn-relu_finegrained1_RUW76N.pt,112,173,173,3,1,21.70112,0.00173,2.4407899399999993
dwconv-bn-relu_finegrained1_AIHR2E.pt,112,114,114,3,1,14.30016,0.00114,2.0371061800000008
dwconv-bn-relu_finegrained1_ZM4IOH.pt,112,139,139,3,1,17.43616,0.00139,2.5342419400000002
dwconv-bn-relu_finegrained1_4J5X0I.pt,112,171,171,3,1,21.45024,0.00171,2.4576480599999995
dwconv-bn-relu_finegrained1_V3YU1P.pt,112,156,156,3,1,19.56864,0.00156,1.7648402599999997
dwconv-bn-relu_finegrained1_0ZIUYO.pt,112,80,80,3,1,10.0352,0.0008,0.6908940400000002
dwconv-bn-relu_finegrained1_R6S1WV.pt,112,186,186,3,1,23.33184,0.00186,2.2198730800000006
dwconv-bn-relu_finegrained1_6AA5R2.pt,112,96,96,3,1,12.04224,0.00096,0.9645951200000001
dwconv-bn-relu_finegrained1_88VMEF.pt,112,165,165,3,1,20.6976,0.00165,2.7195816799999992
dwconv-bn-relu_finegrained1_G8OL6M.pt,112,148,148,3,1,18.56512,0.00148,2.3189632999999996
dwconv-bn-relu_finegrained1_8TOZJP.pt,112,166,166,3,1,20.82304,0.00166,1.9298041999999997
dwconv-bn-relu_finegrained1_ALZI40.pt,112,91,91,3,1,11.41504,0.00091,1.01159908
dwconv-bn-relu_finegrained1_NM9L0I.pt,112,150,150,3,1,18.816,0.0015,1.8738672399999998
dwconv-bn-relu_finegrained1_GIIP08.pt,112,93,93,3,1,11.66592,0.00093,0.6517156599999998
dwconv-bn-relu_finegrained1_J0HQUF.pt,112,122,122,3,1,15.30368,0.00122,1.7489244800000001
dwconv-bn-relu_finegrained1_JHU26V.pt,112,100,100,3,1,12.544,0.001,1.44328046
dwconv-bn-relu_finegrained1_9CDNG3.pt,112,113,113,3,1,14.17472,0.00113,1.7086453599999996
dwconv-bn-relu_finegrained1_R13NP1.pt,112,81,81,3,1,10.16064,0.00081,0.7726435800000003
dwconv-bn-relu_finegrained1_W7K98K.pt,112,159,159,3,1,19.94496,0.00159,1.8355167199999998
dwconv-bn-relu_finegrained1_BHQMLL.pt,112,188,188,3,1,23.58272,0.00188,2.4236951600000003
dwconv-bn-relu_finegrained1_33UPMO.pt,7,1037,1037,5,1,1.321138,0.026962,0.1603098
dwconv-bn-relu_finegrained1_AYSVRU.pt,7,726,726,5,1,0.924924,0.018876,0.13215771999999998
dwconv-bn-relu_finegrained1_5F38DK.pt,7,1044,1044,5,1,1.330056,0.027144,0.13543008
dwconv-bn-relu_finegrained1_V4LTZG.pt,7,988,988,5,1,1.258712,0.025688,0.13164077999999999
dwconv-bn-relu_finegrained1_CPHMTT.pt,7,986,986,5,1,1.256164,0.025636,0.13523938
dwconv-bn-relu_finegrained1_RBNL7Q.pt,7,840,840,5,1,1.07016,0.02184,0.13011756
dwconv-bn-relu_finegrained1_UAIRAQ.pt,7,1066,1066,5,1,1.358084,0.027716,0.13443358000000002
dwconv-bn-relu_finegrained1_S1MJQQ.pt,7,912,912,5,1,1.161888,0.023712,0.13251237999999999
dwconv-bn-relu_finegrained1_EIYE59.pt,7,571,571,5,1,0.727454,0.014846,0.17232994000000001
dwconv-bn-relu_finegrained1_IGPW76.pt,7,638,638,5,1,0.812812,0.016588,0.14582029999999999
dwconv-bn-relu_finegrained1_L5R1GT.pt,7,805,805,5,1,1.02557,0.02093,0.14590858
dwconv-bn-relu_finegrained1_TU0HKM.pt,7,685,685,5,1,0.87269,0.01781,0.14792155999999998
dwconv-bn-relu_finegrained1_465ZEX.pt,7,952,952,5,1,1.212848,0.024752,0.14973408000000002
dwconv-bn-relu_finegrained1_P5QFNZ.pt,7,987,987,5,1,1.257438,0.025662,0.15356868000000007
dwconv-bn-relu_finegrained1_QPSCI0.pt,7,899,899,5,1,1.145326,0.023374,0.15657497999999997
dwconv-bn-relu_finegrained1_CVJKN4.pt,7,735,735,5,1,0.93639,0.01911,0.15340813999999997
dwconv-bn-relu_finegrained1_N2Z0LI.pt,7,1116,1116,5,1,1.421784,0.029016,0.15158562
dwconv-bn-relu_finegrained1_1VI040.pt,7,890,890,5,1,1.13386,0.02314,0.15226086
dwconv-bn-relu_finegrained1_IWENFV.pt,7,957,957,5,1,1.219218,0.024882,0.14986212
dwconv-bn-relu_finegrained1_AIPV64.pt,7,1074,1074,5,1,1.368276,0.027924,0.15126482000000005
dwconv-bn-relu_finegrained1_MP2CLO.pt,112,36,36,5,1,11.741184,0.000936,0.36358090000000004
dwconv-bn-relu_finegrained1_OR8E4T.pt,112,35,35,5,1,11.41504,0.00091,0.32583608
dwconv-bn-relu_finegrained1_DC3AYF.pt,112,27,27,5,1,8.805888,0.000702,0.28544504
dwconv-bn-relu_finegrained1_0DCS53.pt,112,28,28,5,1,9.132032,0.000728,0.28671251999999997
dwconv-bn-relu_finegrained1_DIHH9V.pt,112,21,21,5,1,6.849024,0.000546,0.23654106
dwconv-bn-relu_finegrained1_1PZ6O5.pt,112,33,33,5,1,10.762752,0.000858,0.32132682
dwconv-bn-relu_finegrained1_DD1TIO.pt,112,24,24,5,1,7.827456,0.000624,0.27977701999999993
dwconv-bn-relu_finegrained1_O1MVYV.pt,112,30,30,5,1,9.78432,0.00078,0.3394784800000001
dwconv-bn-relu_finegrained1_HDNV26.pt,112,17,17,5,1,5.544448,0.000442,0.52304086
dwconv-bn-relu_finegrained1_PGK4JA.pt,112,19,19,5,1,6.196736,0.000494,0.25495882000000003
dwconv-bn-relu_finegrained1_L0BR47.pt,112,26,26,5,1,8.479744,0.000676,0.3134532399999999
dwconv-bn-relu_finegrained1_EUJXJQ.pt,112,22,22,5,1,7.175168,0.000572,0.6458756999999999
dwconv-bn-relu_finegrained1_0N0Y35.pt,112,18,18,5,1,5.870592,0.000468,0.24418539999999997
dwconv-bn-relu_finegrained1_WI12H7.pt,112,32,32,5,1,10.436608,0.000832,0.3413644599999999
dwconv-bn-relu_finegrained1_L630IE.pt,112,31,31,5,1,10.110464,0.000806,0.37513662
dwconv-bn-relu_finegrained1_TR69PI.pt,112,20,20,5,1,6.52288,0.00052,0.5973045199999999
dwconv-bn-relu_finegrained1_R0QWI2.pt,112,38,38,5,1,12.393472,0.000988,0.35912177999999995
dwconv-bn-relu_finegrained1_FGYU0P.pt,112,34,34,5,1,11.088896,0.000884,0.41619671999999985
dwconv-bn-relu_finegrained1_BV7V8N.pt,112,29,29,5,1,9.458176,0.000754,0.5779671000000001
dwconv-bn-relu_finegrained1_1YW82O.pt,112,16,16,5,1,5.218304,0.000416,0.20007505999999997
dwconv-bn-relu_finegrained1_2ATXRP.pt,56,19,19,3,1,0.59584,0.00019,0.12953182000000002
dwconv-bn-relu_finegrained1_X86BPL.pt,56,16,16,3,1,0.50176,0.00016,0.1752339199999999
dwconv-bn-relu_finegrained1_LZ7KNN.pt,56,11,11,3,1,0.34496,0.00011,0.13401290000000002
dwconv-bn-relu_finegrained1_J9809X.pt,56,17,17,3,1,0.53312,0.00017,0.14276601999999997
dwconv-bn-relu_finegrained1_BWU9QV.pt,56,21,21,3,1,0.65856,0.00021,0.2989293199999999
dwconv-bn-relu_finegrained1_44EV4X.pt,56,15,15,3,1,0.4704,0.00015,0.13561898000000006
dwconv-bn-relu_finegrained1_9BBFBQ.pt,56,25,25,3,1,0.784,0.00025,0.15878445999999996
dwconv-bn-relu_finegrained1_05B9T4.pt,56,12,12,3,1,0.37632,0.00012,0.13471324
dwconv-bn-relu_finegrained1_3P1KPZ.pt,56,23,23,3,1,0.72128,0.00023,0.18562025999999998
dwconv-bn-relu_finegrained1_U7M7LA.pt,56,13,13,3,1,0.40768,0.00013,0.13886275999999997
dwconv-bn-relu_finegrained1_1NMONS.pt,56,14,14,3,1,0.43904,0.00014,0.13616694
dwconv-bn-relu_finegrained1_H4QTUY.pt,56,22,22,3,1,0.68992,0.00022,0.14951957999999999
dwconv-bn-relu_finegrained1_VYAB2Z.pt,56,24,24,3,1,0.75264,0.00024,0.14767407999999999
dwconv-bn-relu_finegrained1_S8DWLQ.pt,56,26,26,3,1,0.81536,0.00026,0.16871076000000002
dwconv-bn-relu_finegrained1_MQ8IPS.pt,56,18,18,3,1,0.56448,0.00018,0.16650457999999996
dwconv-bn-relu_finegrained1_6SFHOC.pt,56,20,20,3,1,0.6272,0.0002,0.16506691999999998
dwconv-bn-relu_finegrained1_IL7AOC.pt,14,524,524,3,1,1.02704,0.00524,0.17057487999999998
dwconv-bn-relu_finegrained1_A9CZXD.pt,14,307,307,3,1,0.60172,0.00307,0.40930432000000005
dwconv-bn-relu_finegrained1_ZA7DQX.pt,14,323,323,3,1,0.63308,0.00323,0.16423915999999994
dwconv-bn-relu_finegrained1_SBEGRH.pt,14,331,331,3,1,0.64876,0.00331,0.1660328
dwconv-bn-relu_finegrained1_I3T5K9.pt,14,250,250,3,1,0.49,0.0025,0.15442547999999998
dwconv-bn-relu_finegrained1_EJ1VAL.pt,14,415,415,3,1,0.8134,0.00415,0.18548402
dwconv-bn-relu_finegrained1_TJD0LZ.pt,14,513,513,3,1,1.00548,0.00513,0.42824685999999995
dwconv-bn-relu_finegrained1_JKF2AO.pt,14,301,301,3,1,0.58996,0.00301,0.15254246
dwconv-bn-relu_finegrained1_C88IVV.pt,14,450,450,3,1,0.882,0.0045,0.16118669999999993
dwconv-bn-relu_finegrained1_305BCO.pt,14,447,447,3,1,0.87612,0.00447,0.16695062000000005
dwconv-bn-relu_finegrained1_FTZL86.pt,14,243,243,3,1,0.47628,0.00243,0.15572724
dwconv-bn-relu_finegrained1_C22BJD.pt,14,532,532,3,1,1.04272,0.00532,0.17567444000000002
dwconv-bn-relu_finegrained1_866C6U.pt,14,529,529,3,1,1.03684,0.00529,0.16833841999999996
dwconv-bn-relu_finegrained1_QQSJ58.pt,14,330,330,3,1,0.6468,0.0033,0.16658334000000002
dwconv-bn-relu_finegrained1_EZS5HX.pt,14,322,322,3,1,0.63112,0.00322,0.15863618
dwconv-bn-relu_finegrained1_K7STWW.pt,14,530,530,3,1,1.0388,0.0053,0.30851954
dwconv-bn-relu_finegrained1_010G32.pt,14,437,437,3,1,0.85652,0.00437,0.1685747
dwconv-bn-relu_finegrained1_13POY9.pt,14,368,368,3,1,0.72128,0.00368,0.15308624
dwconv-bn-relu_finegrained1_21QBXA.pt,14,427,427,3,1,0.83692,0.00427,0.16061530000000002
dwconv-bn-relu_finegrained1_X7TZ7J.pt,14,421,421,3,1,0.82516,0.00421,0.6929522600000001
dwconv-bn-relu_finegrained1_DIK05C.pt,14,64,64,3,1,0.12544,0.00064,0.14076744000000002
dwconv-bn-relu_finegrained1_1B2545.pt,14,72,72,3,1,0.14112,0.00072,0.13473713999999995
dwconv-bn-relu_finegrained1_DT5CZ0.pt,14,57,57,3,1,0.11172,0.00057,0.12895389999999995
dwconv-bn-relu_finegrained1_801YK6.pt,14,71,71,3,1,0.13916,0.00071,0.1380862
dwconv-bn-relu_finegrained1_RYG68F.pt,14,88,88,3,1,0.17248,0.00088,0.13805118000000005
dwconv-bn-relu_finegrained1_M6QGHZ.pt,14,46,46,3,1,0.09016,0.00046,0.12506275999999997
dwconv-bn-relu_finegrained1_Q1DCJ4.pt,14,52,52,3,1,0.10192,0.00052,0.12929775999999998
dwconv-bn-relu_finegrained1_NZKJY4.pt,14,73,73,3,1,0.14308,0.00073,0.13819380000000003
dwconv-bn-relu_finegrained1_XFQQNV.pt,14,48,48,3,1,0.09408,0.00048,0.13301466
dwconv-bn-relu_finegrained1_OPCNI2.pt,14,45,45,3,1,0.0882,0.00045,0.12266392
dwconv-bn-relu_finegrained1_WTCA83.pt,14,91,91,3,1,0.17836,0.00091,0.13901006000000005
dwconv-bn-relu_finegrained1_6SZC89.pt,14,94,94,3,1,0.18424,0.00094,0.12331062000000002
dwconv-bn-relu_finegrained1_HO63W9.pt,14,92,92,3,1,0.18032,0.00092,0.11889034000000002
dwconv-bn-relu_finegrained1_32GQYG.pt,14,81,81,3,1,0.15876,0.00081,0.13659242
dwconv-bn-relu_finegrained1_D2RA1Y.pt,14,54,54,3,1,0.10584,0.00054,0.09246388
dwconv-bn-relu_finegrained1_9T5CJL.pt,14,79,79,3,1,0.15484,0.00079,0.11349444
dwconv-bn-relu_finegrained1_WUBT5O.pt,14,77,77,3,1,0.15092,0.00077,0.11802465999999998
dwconv-bn-relu_finegrained1_GG9VMN.pt,14,85,85,3,1,0.1666,0.00085,0.12068106
dwconv-bn-relu_finegrained1_74OHR1.pt,14,83,83,3,1,0.16268,0.00083,0.12205183999999995
dwconv-bn-relu_finegrained1_XYK62C.pt,14,51,51,3,1,0.09996,0.00051,0.11909526000000005
dwconv-bn-relu_finegrained1_1GDLTY.pt,7,120,120,3,1,0.0588,0.0012,0.11797900000000001
dwconv-bn-relu_finegrained1_Y9V3J4.pt,7,164,164,3,1,0.08036,0.00164,0.12102442000000002
dwconv-bn-relu_finegrained1_XHZ4WG.pt,7,93,93,3,1,0.04557,0.00093,0.11640794
dwconv-bn-relu_finegrained1_535C2T.pt,7,185,185,3,1,0.09065,0.00185,0.12290830000000001
dwconv-bn-relu_finegrained1_K1Q3X8.pt,7,165,165,3,1,0.08085,0.00165,0.12305975999999998
dwconv-bn-relu_finegrained1_N57GKX.pt,7,154,154,3,1,0.07546,0.00154,0.12138627999999999
dwconv-bn-relu_finegrained1_HZZATP.pt,7,195,195,3,1,0.09555,0.00195,0.12661849999999997
dwconv-bn-relu_finegrained1_Q3KOSR.pt,7,104,104,3,1,0.05096,0.00104,0.12232698000000003
dwconv-bn-relu_finegrained1_D17IT6.pt,7,103,103,3,1,0.05047,0.00103,0.12286198000000002
dwconv-bn-relu_finegrained1_X37CDD.pt,7,96,96,3,1,0.04704,0.00096,0.12512160000000003
dwconv-bn-relu_finegrained1_AVP9BQ.pt,7,135,135,3,1,0.06615,0.00135,0.12399231999999998
dwconv-bn-relu_finegrained1_6EA6E2.pt,7,163,163,3,1,0.07987,0.00163,0.12135940000000002
dwconv-bn-relu_finegrained1_28VU4U.pt,7,152,152,3,1,0.07448,0.00152,0.11840609999999994
dwconv-bn-relu_finegrained1_3JXMGT.pt,7,107,107,3,1,0.05243,0.00107,0.11361153999999994
dwconv-bn-relu_finegrained1_AE2F3P.pt,7,202,202,3,1,0.09898,0.00202,0.12415846000000003
dwconv-bn-relu_finegrained1_Y9SSN6.pt,7,157,157,3,1,0.07693,0.00157,0.13197785999999997
dwconv-bn-relu_finegrained1_AAV3UB.pt,7,151,151,3,1,0.07399,0.00151,0.11870409999999997
dwconv-bn-relu_finegrained1_K7EGVZ.pt,7,162,162,3,1,0.07938,0.00162,0.12103578000000001
dwconv-bn-relu_finegrained1_D23OTW.pt,7,116,116,3,1,0.05684,0.00116,0.13294510000000004
dwconv-bn-relu_finegrained1_H9XAS0.pt,7,179,179,3,1,0.08771,0.00179,0.1772515
dwconv-bn-relu_finegrained1_IQP1MV.pt,14,67,67,3,1,0.13132,0.00067,0.12138086000000003
dwconv-bn-relu_finegrained1_CLT5BM.pt,14,83,83,3,1,0.16268,0.00083,0.12558568
dwconv-bn-relu_finegrained1_L3D805.pt,14,95,95,3,1,0.1862,0.00095,0.17422548
dwconv-bn-relu_finegrained1_7MSWXE.pt,14,88,88,3,1,0.17248,0.00088,0.13544340000000002
dwconv-bn-relu_finegrained1_SJ1QP5.pt,14,74,74,3,1,0.14504,0.00074,0.12684950000000003
dwconv-bn-relu_finegrained1_Q0PIZS.pt,14,47,47,3,1,0.09212,0.00047,0.32933293999999996
dwconv-bn-relu_finegrained1_9V8IZR.pt,14,64,64,3,1,0.12544,0.00064,0.12700130000000004
dwconv-bn-relu_finegrained1_O40CTO.pt,14,40,40,3,1,0.0784,0.0004,0.13010252
dwconv-bn-relu_finegrained1_E71CL2.pt,14,77,77,3,1,0.15092,0.00077,0.13270291999999997
dwconv-bn-relu_finegrained1_14OYHO.pt,14,68,68,3,1,0.13328,0.00068,0.13653062000000005
dwconv-bn-relu_finegrained1_HWFMLO.pt,14,78,78,3,1,0.15288,0.00078,0.12857688000000003
dwconv-bn-relu_finegrained1_MYA54F.pt,14,82,82,3,1,0.16072,0.00082,0.13096164
dwconv-bn-relu_finegrained1_A0ZX6W.pt,14,65,65,3,1,0.1274,0.00065,0.10133062000000002
dwconv-bn-relu_finegrained1_0FGJSW.pt,14,89,89,3,1,0.17444,0.00089,0.13911008000000005
dwconv-bn-relu_finegrained1_XWBY1A.pt,14,86,86,3,1,0.16856,0.00086,0.13087966
dwconv-bn-relu_finegrained1_PBVV0D.pt,14,71,71,3,1,0.13916,0.00071,0.13575892000000006
dwconv-bn-relu_finegrained1_BWPMWT.pt,14,50,50,3,1,0.098,0.0005,0.14720645999999998
dwconv-bn-relu_finegrained1_TALD6G.pt,14,73,73,3,1,0.14308,0.00073,0.16095374000000004
dwconv-bn-relu_finegrained1_LXE3WA.pt,14,94,94,3,1,0.18424,0.00094,0.13383156000000002
dwconv-bn-relu_finegrained1_NBRFP9.pt,14,53,53,3,1,0.10388,0.00053,0.13477024000000004
dwconv-bn-relu_finegrained1_DNSGCG.pt,14,117,117,3,1,0.22932,0.00117,0.14115928000000005
dwconv-bn-relu_finegrained1_RU7A0O.pt,14,136,136,3,1,0.26656,0.00136,0.13952051999999995
dwconv-bn-relu_finegrained1_JF1G4X.pt,14,186,186,3,1,0.36456,0.00186,0.14212121999999996
dwconv-bn-relu_finegrained1_8PHZJI.pt,14,187,187,3,1,0.36652,0.00187,0.14588609999999996
dwconv-bn-relu_finegrained1_YV7XT5.pt,14,183,183,3,1,0.35868,0.00183,0.12150616000000003
dwconv-bn-relu_finegrained1_YLIURD.pt,14,111,111,3,1,0.21756,0.00111,0.13497976
dwconv-bn-relu_finegrained1_S4517C.pt,14,188,188,3,1,0.36848,0.00188,0.1514147
dwconv-bn-relu_finegrained1_JNVVJM.pt,14,164,164,3,1,0.32144,0.00164,0.14116969999999998
dwconv-bn-relu_finegrained1_VITO39.pt,14,202,202,3,1,0.39592,0.00202,0.14022247999999998
dwconv-bn-relu_finegrained1_YR3KGB.pt,14,180,180,3,1,0.3528,0.0018,0.5737407000000004
dwconv-bn-relu_finegrained1_X7OSVT.pt,14,155,155,3,1,0.3038,0.00155,0.13948276
dwconv-bn-relu_finegrained1_KZY05Z.pt,14,167,167,3,1,0.32732,0.00167,0.13787038000000001
dwconv-bn-relu_finegrained1_JOR35B.pt,14,99,99,3,1,0.19404,0.00099,0.12626914
dwconv-bn-relu_finegrained1_N3TQ8I.pt,14,169,169,3,1,0.33124,0.00169,0.24463373999999993
dwconv-bn-relu_finegrained1_WKX8SF.pt,14,207,207,3,1,0.40572,0.00207,0.13702840000000005
dwconv-bn-relu_finegrained1_22HU2Z.pt,14,114,114,3,1,0.22344,0.00114,0.14173558000000003
dwconv-bn-relu_finegrained1_ZV3JGV.pt,14,146,146,3,1,0.28616,0.00146,0.32830388
dwconv-bn-relu_finegrained1_LAHAGT.pt,14,95,95,3,1,0.1862,0.00095,0.16252726000000006
dwconv-bn-relu_finegrained1_LAEMUM.pt,14,116,116,3,1,0.22736,0.00116,0.5110133600000001
dwconv-bn-relu_finegrained1_KSFX52.pt,14,194,194,3,1,0.38024,0.00194,0.15206484000000006
dwconv-bn-relu_finegrained1_A06RWB.pt,14,25,25,5,1,0.1274,0.00065,0.1551763
dwconv-bn-relu_finegrained1_LXS4CJ.pt,14,46,46,5,1,0.234416,0.001196,0.178051
dwconv-bn-relu_finegrained1_ZW95CW.pt,14,42,42,5,1,0.214032,0.001092,0.13761649999999995
dwconv-bn-relu_finegrained1_LRREIW.pt,14,37,37,5,1,0.188552,0.000962,0.15657541999999997
dwconv-bn-relu_finegrained1_4KME4X.pt,14,32,32,5,1,0.163072,0.000832,0.12202466
dwconv-bn-relu_finegrained1_NR3O6N.pt,14,43,43,5,1,0.219128,0.001118,0.13737564000000002
dwconv-bn-relu_finegrained1_T5RYJK.pt,14,31,31,5,1,0.157976,0.000806,0.12667752
dwconv-bn-relu_finegrained1_NSIO4Z.pt,14,53,53,5,1,0.270088,0.001378,0.12990342000000005
dwconv-bn-relu_finegrained1_1ZT9DA.pt,14,48,48,5,1,0.244608,0.001248,0.16383289999999998
dwconv-bn-relu_finegrained1_8VRXKD.pt,14,47,47,5,1,0.239512,0.001222,0.21624348000000002
dwconv-bn-relu_finegrained1_33BQFV.pt,14,44,44,5,1,0.224224,0.001144,0.13472
dwconv-bn-relu_finegrained1_6ZC0NV.pt,14,28,28,5,1,0.142688,0.000728,0.15018618000000003
dwconv-bn-relu_finegrained1_5EQ6Z5.pt,14,45,45,5,1,0.22932,0.00117,0.13818294000000003
dwconv-bn-relu_finegrained1_9SUGBW.pt,14,23,23,5,1,0.117208,0.000598,0.12869667999999998
dwconv-bn-relu_finegrained1_ZGTBMP.pt,14,36,36,5,1,0.183456,0.000936,0.13993156000000004
dwconv-bn-relu_finegrained1_5DYX8U.pt,14,50,50,5,1,0.2548,0.0013,0.13777624000000002
dwconv-bn-relu_finegrained1_FO9STI.pt,14,29,29,5,1,0.147784,0.000754,0.13326929999999995
dwconv-bn-relu_finegrained1_FCDDDU.pt,14,34,34,5,1,0.173264,0.000884,0.13395675999999995
dwconv-bn-relu_finegrained1_Y6LKHO.pt,14,30,30,5,1,0.15288,0.00078,0.12976675999999995
dwconv-bn-relu_finegrained1_NVK6QA.pt,14,35,35,5,1,0.17836,0.00091,0.12998574000000002
dwconv-bn-relu_finegrained1_A8YHJB.pt,14,8,8,5,1,0.040768,0.000208,0.12275695999999998
dwconv-bn-relu_finegrained1_3LCQ0Q.pt,14,10,10,5,1,0.05096,0.00026,0.16044652000000004
dwconv-bn-relu_finegrained1_S6XQZT.pt,14,7,7,5,1,0.035672,0.000182,0.11774948
dwconv-bn-relu_finegrained1_LX7RP2.pt,14,14,14,5,1,0.071344,0.000364,0.12286357999999999
dwconv-bn-relu_finegrained1_HQ67ER.pt,14,9,9,5,1,0.045864,0.000234,0.40772732000000006
dwconv-bn-relu_finegrained1_NTG0A6.pt,14,15,15,5,1,0.07644,0.00039,0.2546311
dwconv-bn-relu_finegrained1_L8E44H.pt,14,11,11,5,1,0.056056,0.000286,0.11922933999999998
dwconv-bn-relu_finegrained1_3QOF3M.pt,14,13,13,5,1,0.066248,0.000338,0.13268699999999997
dwconv-bn-relu_finegrained1_HO9WKI.pt,14,12,12,5,1,0.061152,0.000312,0.12318718000000002
dwconv-bn-relu_finegrained1_MYV0UU.pt,14,56,56,5,1,0.285376,0.001456,0.13208746
dwconv-bn-relu_finegrained1_DI53FJ.pt,14,55,55,5,1,0.28028,0.00143,0.12772970000000003
dwconv-bn-relu_finegrained1_VRDFB1.pt,14,37,37,5,1,0.188552,0.000962,0.12484023999999996
dwconv-bn-relu_finegrained1_9B131T.pt,14,28,28,5,1,0.142688,0.000728,0.12280360000000005
dwconv-bn-relu_finegrained1_DVES9S.pt,14,52,52,5,1,0.264992,0.001352,0.12530048000000002
dwconv-bn-relu_finegrained1_JU40BB.pt,14,67,67,5,1,0.341432,0.001742,0.1466769
dwconv-bn-relu_finegrained1_PTACP1.pt,14,54,54,5,1,0.275184,0.001404,0.15184086
dwconv-bn-relu_finegrained1_QH4JF1.pt,14,57,57,5,1,0.290472,0.001482,0.15847466000000002
dwconv-bn-relu_finegrained1_FKQLH3.pt,14,63,63,5,1,0.321048,0.001638,0.15966000000000002
dwconv-bn-relu_finegrained1_34JY0G.pt,14,62,62,5,1,0.315952,0.001612,0.15407555999999997
dwconv-bn-relu_finegrained1_UZXF7D.pt,14,33,33,5,1,0.168168,0.000858,0.19666312000000002
dwconv-bn-relu_finegrained1_FBD0Z3.pt,14,48,48,5,1,0.244608,0.001248,0.33508920000000003
dwconv-bn-relu_finegrained1_CSLM7Q.pt,14,64,64,5,1,0.326144,0.001664,0.11424777999999998
dwconv-bn-relu_finegrained1_U4Z07T.pt,14,51,51,5,1,0.259896,0.001326,0.12999918
dwconv-bn-relu_finegrained1_OT5ZTM.pt,14,36,36,5,1,0.183456,0.000936,0.11423096000000003
dwconv-bn-relu_finegrained1_AO0NAX.pt,14,47,47,5,1,0.239512,0.001222,0.2585851
dwconv-bn-relu_finegrained1_Q318WL.pt,14,60,60,5,1,0.30576,0.00156,0.21469572
dwconv-bn-relu_finegrained1_1E6OCB.pt,14,32,32,5,1,0.163072,0.000832,0.25956222
dwconv-bn-relu_finegrained1_2UOI99.pt,14,59,59,5,1,0.300664,0.001534,0.13837904
dwconv-bn-relu_finegrained1_3EXTDQ.pt,14,29,29,5,1,0.147784,0.000754,0.1149678
dwconv-bn-relu_finegrained1_JURP1Y.pt,28,73,73,3,1,0.57232,0.00073,0.14728664
dwconv-bn-relu_finegrained1_2SPGKH.pt,28,115,115,3,1,0.9016,0.00115,0.17060823999999997
dwconv-bn-relu_finegrained1_HLUWGC.pt,28,100,100,3,1,0.784,0.001,0.16755752000000002
dwconv-bn-relu_finegrained1_15XXF5.pt,28,91,91,3,1,0.71344,0.00091,0.31317111999999997
dwconv-bn-relu_finegrained1_79LRPT.pt,28,62,62,3,1,0.48608,0.00062,0.18532153999999992
dwconv-bn-relu_finegrained1_CHGU5G.pt,28,77,77,3,1,0.60368,0.00077,0.18064286
dwconv-bn-relu_finegrained1_G7EMAJ.pt,28,71,71,3,1,0.55664,0.00071,0.1362003
dwconv-bn-relu_finegrained1_M7VWMB.pt,28,56,56,3,1,0.43904,0.00056,0.14018676000000002
dwconv-bn-relu_finegrained1_15Q44E.pt,28,57,57,3,1,0.44688,0.00057,0.15011584
dwconv-bn-relu_finegrained1_7MZN11.pt,28,61,61,3,1,0.47824,0.00061,0.15327472000000003
dwconv-bn-relu_finegrained1_MWJ4R7.pt,28,92,92,3,1,0.72128,0.00092,0.17768857999999998
dwconv-bn-relu_finegrained1_6GPVI9.pt,28,54,54,3,1,0.42336,0.00054,0.3541742999999999
dwconv-bn-relu_finegrained1_3WTY6X.pt,28,120,120,3,1,0.9408,0.0012,0.15987378000000002
dwconv-bn-relu_finegrained1_UUS7KF.pt,28,94,94,3,1,0.73696,0.00094,0.14760817999999998
dwconv-bn-relu_finegrained1_4GJ3QH.pt,28,107,107,3,1,0.83888,0.00107,0.15544114
dwconv-bn-relu_finegrained1_YZ1DWX.pt,28,111,111,3,1,0.87024,0.00111,0.16088760000000002
dwconv-bn-relu_finegrained1_C9IAKG.pt,28,64,64,3,1,0.50176,0.00064,0.28758834000000005
dwconv-bn-relu_finegrained1_2DT20I.pt,28,70,70,3,1,0.5488,0.0007,0.13924504000000007
dwconv-bn-relu_finegrained1_V801HH.pt,28,96,96,3,1,0.75264,0.00096,0.16166943999999994
dwconv-bn-relu_finegrained1_C7ZEYQ.pt,28,80,80,3,1,0.6272,0.0008,0.15006250000000004
dwconv-bn-relu_finegrained1_RD0PIX.pt,14,718,718,5,1,3.658928,0.018668,0.18522015999999994
dwconv-bn-relu_finegrained1_1GFXCA.pt,14,722,722,5,1,3.679312,0.018772,0.19208009999999998
dwconv-bn-relu_finegrained1_GYDP9O.pt,14,769,769,5,1,3.918824,0.019994,0.18639131999999997
dwconv-bn-relu_finegrained1_N57XA0.pt,14,909,909,5,1,4.632264,0.023634,0.19359377999999997
dwconv-bn-relu_finegrained1_2S8DCM.pt,14,987,987,5,1,5.029752,0.025662,0.20115821999999994
dwconv-bn-relu_finegrained1_I8NYY0.pt,14,1089,1089,5,1,5.549544,0.028314,0.21513593999999994
dwconv-bn-relu_finegrained1_1KR3UJ.pt,14,777,777,5,1,3.959592,0.020202,0.3263912599999999
dwconv-bn-relu_finegrained1_S0IA23.pt,14,825,825,5,1,4.2042,0.02145,0.19066158000000005
dwconv-bn-relu_finegrained1_EQH5UX.pt,14,1080,1080,5,1,5.50368,0.02808,0.1924489599999999
dwconv-bn-relu_finegrained1_D0KOQC.pt,14,1031,1031,5,1,5.253976,0.026806,0.20217101999999998
dwconv-bn-relu_finegrained1_60WZZ0.pt,14,853,853,5,1,4.346888,0.022178,0.20485482000000005
dwconv-bn-relu_finegrained1_CI8QGT.pt,14,583,583,5,1,2.970968,0.015158,0.3743461800000001
dwconv-bn-relu_finegrained1_EVP9OM.pt,14,950,950,5,1,4.8412,0.0247,0.20204794
dwconv-bn-relu_finegrained1_ATS1G8.pt,14,601,601,5,1,3.062696,0.015626,0.18446649999999998
dwconv-bn-relu_finegrained1_3Q7BJN.pt,14,1094,1094,5,1,5.575024,0.028444,0.21138105999999993
dwconv-bn-relu_finegrained1_5JF1SE.pt,14,551,551,5,1,2.807896,0.014326,0.15097782
dwconv-bn-relu_finegrained1_E5JCJB.pt,14,1125,1125,5,1,5.733,0.02925,0.22658234000000005
dwconv-bn-relu_finegrained1_5PILMZ.pt,14,1002,1002,5,1,5.106192,0.026052,0.20267454000000001
dwconv-bn-relu_finegrained1_AEJ0RW.pt,14,686,686,5,1,3.495856,0.017836,0.1887776
dwconv-bn-relu_finegrained1_AUOHSZ.pt,14,549,549,5,1,2.797704,0.014274,0.38237506000000004
dwconv-bn-relu_finegrained1_IQH1AZ.pt,28,54,54,3,1,0.42336,0.00054,0.19793302000000004
dwconv-bn-relu_finegrained1_KL3E2H.pt,28,35,35,3,1,0.2744,0.00035,0.15227044
dwconv-bn-relu_finegrained1_YE35JT.pt,28,39,39,3,1,0.30576,0.00039,0.14290367999999998
dwconv-bn-relu_finegrained1_2HCY0H.pt,28,45,45,3,1,0.3528,0.00045,0.15654886
dwconv-bn-relu_finegrained1_IVZD5P.pt,28,46,46,3,1,0.36064,0.00046,0.20528815999999994
dwconv-bn-relu_finegrained1_NHKEG1.pt,28,48,48,3,1,0.37632,0.00048,0.32423566000000004
dwconv-bn-relu_finegrained1_Y2MXAQ.pt,28,60,60,3,1,0.4704,0.0006,0.14512801999999994
dwconv-bn-relu_finegrained1_18F0A3.pt,28,43,43,3,1,0.33712,0.00043,0.14442597999999998
dwconv-bn-relu_finegrained1_ESTA8S.pt,28,53,53,3,1,0.41552,0.00053,0.14863195999999998
dwconv-bn-relu_finegrained1_I16PE6.pt,28,44,44,3,1,0.34496,0.00044,0.14786375999999998
dwconv-bn-relu_finegrained1_UMZ251.pt,28,59,59,3,1,0.46256,0.00059,0.14962108000000005
dwconv-bn-relu_finegrained1_QGNRK3.pt,28,32,32,3,1,0.25088,0.00032,0.14361610000000002
dwconv-bn-relu_finegrained1_YUUNU6.pt,28,33,33,3,1,0.25872,0.00033,0.14408724
dwconv-bn-relu_finegrained1_PXJLJS.pt,28,55,55,3,1,0.4312,0.00055,0.56342172
dwconv-bn-relu_finegrained1_2ILGDY.pt,28,38,38,3,1,0.29792,0.00038,0.13647904
dwconv-bn-relu_finegrained1_N6OWCO.pt,28,40,40,3,1,0.3136,0.0004,0.14852488000000003
dwconv-bn-relu_finegrained1_4POQYS.pt,28,42,42,3,1,0.32928,0.00042,0.13131562
dwconv-bn-relu_finegrained1_E399V3.pt,28,30,30,3,1,0.2352,0.0003,0.12166489999999996
dwconv-bn-relu_finegrained1_ILGT89.pt,28,28,28,3,1,0.21952,0.00028,0.12490799999999996
dwconv-bn-relu_finegrained1_5OBLYR.pt,28,27,27,3,1,0.21168,0.00027,0.12208128
dwconv-bn-relu_finegrained1_TXJWOO.pt,56,79,79,5,1,6.441344,0.002054,0.25028266000000005
dwconv-bn-relu_finegrained1_U729JO.pt,56,86,86,5,1,7.012096,0.002236,0.28205161999999995
dwconv-bn-relu_finegrained1_NOK7IG.pt,56,118,118,5,1,9.621248,0.003068,0.9040468999999999
dwconv-bn-relu_finegrained1_DVJOQG.pt,56,157,157,5,1,12.801152,0.004082,0.5005833799999999
dwconv-bn-relu_finegrained1_G6S2J3.pt,56,111,111,5,1,9.050496,0.002886,0.29079572
dwconv-bn-relu_finegrained1_Q3OO32.pt,56,154,154,5,1,12.556544,0.004004,0.32743037999999997
dwconv-bn-relu_finegrained1_3SXNY0.pt,56,98,98,5,1,7.990528,0.002548,0.6058608599999998
dwconv-bn-relu_finegrained1_UO7LHD.pt,56,132,132,5,1,10.762752,0.003432,0.4134114399999999
dwconv-bn-relu_finegrained1_F9NFBA.pt,56,181,181,5,1,14.758016,0.004706,1.00919466
dwconv-bn-relu_finegrained1_96TKOF.pt,56,173,173,5,1,14.105728,0.004498,0.5673451200000001
dwconv-bn-relu_finegrained1_K2SVE9.pt,56,134,134,5,1,10.925824,0.003484,0.46939433999999997
dwconv-bn-relu_finegrained1_DJEX2K.pt,56,90,90,5,1,7.33824,0.00234,0.27125676
dwconv-bn-relu_finegrained1_O2XRMA.pt,56,149,149,5,1,12.148864,0.003874,0.41126989999999997
dwconv-bn-relu_finegrained1_68W49Z.pt,56,169,169,5,1,13.779584,0.004394,0.9556977799999998
dwconv-bn-relu_finegrained1_OSBJ5P.pt,56,144,144,5,1,11.741184,0.003744,0.27792618
dwconv-bn-relu_finegrained1_V8SUZC.pt,56,77,77,5,1,6.278272,0.002002,0.25705622
dwconv-bn-relu_finegrained1_6ZZFSY.pt,56,89,89,5,1,7.256704,0.002314,0.26828969999999996
dwconv-bn-relu_finegrained1_YFLK6R.pt,56,102,102,5,1,8.316672,0.002652,0.56466018
dwconv-bn-relu_finegrained1_HBO4J5.pt,56,88,88,5,1,7.175168,0.002288,0.24931737999999992
dwconv-bn-relu_finegrained1_KRQ2CQ.pt,56,156,156,5,1,12.719616,0.004056,0.33554227999999986
dwconv-bn-relu_finegrained1_ZZZ7TT.pt,7,187,187,5,2,0.0595595,0.004862,0.36994696
dwconv-bn-relu_finegrained1_VPYH3Y.pt,7,95,95,5,2,0.0302575,0.00247,0.1360191
dwconv-bn-relu_finegrained1_TGZ98T.pt,7,92,92,5,2,0.029302,0.002392,0.13481408000000003
dwconv-bn-relu_finegrained1_TWKPPA.pt,7,121,121,5,2,0.0385385,0.003146,0.13768698
dwconv-bn-relu_finegrained1_156NWE.pt,7,129,129,5,2,0.0410865,0.003354,0.13127294
dwconv-bn-relu_finegrained1_K6OA5V.pt,7,98,98,5,2,0.031213,0.002548,0.09752701999999998
dwconv-bn-relu_finegrained1_NXCJST.pt,7,101,101,5,2,0.0321685,0.002626,0.12253214000000001
dwconv-bn-relu_finegrained1_U88JOU.pt,7,141,141,5,2,0.0449085,0.003666,0.13184514
dwconv-bn-relu_finegrained1_1CDM3L.pt,7,203,203,5,2,0.0646555,0.005278,0.12734943999999998
dwconv-bn-relu_finegrained1_CZXZO0.pt,7,172,172,5,2,0.054782,0.004472,0.43449342
dwconv-bn-relu_finegrained1_AZYBQA.pt,7,161,161,5,2,0.0512785,0.004186,0.15378528000000002
dwconv-bn-relu_finegrained1_X94IIC.pt,7,114,114,5,2,0.036309,0.002964,0.28710057999999994
dwconv-bn-relu_finegrained1_6IGA8I.pt,7,111,111,5,2,0.0353535,0.002886,0.12972668
dwconv-bn-relu_finegrained1_FTY7MI.pt,7,209,209,5,2,0.0665665,0.005434,0.12105711999999995
dwconv-bn-relu_finegrained1_QEXYJL.pt,7,148,148,5,2,0.047138,0.003848,0.12239501999999997
dwconv-bn-relu_finegrained1_ZN8DHP.pt,7,138,138,5,2,0.043953,0.003588,0.120403
dwconv-bn-relu_finegrained1_OY284A.pt,7,175,175,5,2,0.0557375,0.00455,0.12235674000000003
dwconv-bn-relu_finegrained1_3YB1WY.pt,7,202,202,5,2,0.064337,0.005252,0.11855734000000004
dwconv-bn-relu_finegrained1_CF7MAV.pt,7,123,123,5,2,0.0391755,0.003198,0.12357188000000001
dwconv-bn-relu_finegrained1_NZESSH.pt,7,140,140,5,2,0.04459,0.00364,0.11912847999999998
dwconv-bn-relu_finegrained1_NS6JZF.pt,14,69,69,7,1,0.6762,0.00345,0.3602567000000001
dwconv-bn-relu_finegrained1_I23J21.pt,14,68,68,7,1,0.6664,0.0034,0.14332738000000003
dwconv-bn-relu_finegrained1_0VBWKT.pt,14,99,99,7,1,0.9702,0.00495,0.14189526000000002
dwconv-bn-relu_finegrained1_VAZGTC.pt,14,64,64,7,1,0.6272,0.0032,0.13801106000000002
dwconv-bn-relu_finegrained1_OWJMHB.pt,14,57,57,7,1,0.5586,0.00285,0.13572806000000004
dwconv-bn-relu_finegrained1_R65095.pt,14,72,72,7,1,0.7056,0.0036,0.13450672
dwconv-bn-relu_finegrained1_GCY03K.pt,14,67,67,7,1,0.6566,0.00335,0.30715308000000013
dwconv-bn-relu_finegrained1_EALVD1.pt,14,97,97,7,1,0.9506,0.00485,0.38611051999999996
dwconv-bn-relu_finegrained1_BLOL87.pt,14,51,51,7,1,0.4998,0.00255,0.4590238000000001
dwconv-bn-relu_finegrained1_H39LPC.pt,14,100,100,7,1,0.98,0.005,0.15060131999999998
dwconv-bn-relu_finegrained1_8PMOG0.pt,14,56,56,7,1,0.5488,0.0028,0.1384798
dwconv-bn-relu_finegrained1_CXQSMU.pt,14,52,52,7,1,0.5096,0.0026,0.13779623999999996
dwconv-bn-relu_finegrained1_4L6N0G.pt,14,61,61,7,1,0.5978,0.00305,0.14553532
dwconv-bn-relu_finegrained1_EXIXE9.pt,14,101,101,7,1,0.9898,0.00505,0.15008960000000002
dwconv-bn-relu_finegrained1_0FA00O.pt,14,53,53,7,1,0.5194,0.00265,0.23771591999999994
dwconv-bn-relu_finegrained1_UATACW.pt,14,87,87,7,1,0.8526,0.00435,0.15028892
dwconv-bn-relu_finegrained1_B5KV74.pt,14,88,88,7,1,0.8624,0.0044,0.13825578
dwconv-bn-relu_finegrained1_JYR254.pt,14,48,48,7,1,0.4704,0.0024,0.13060954000000002
dwconv-bn-relu_finegrained1_19L2MQ.pt,14,83,83,7,1,0.8134,0.00415,0.11731816000000002
dwconv-bn-relu_finegrained1_XX6FJ9.pt,14,71,71,7,1,0.6958,0.00355,0.12712424
dwconv-bn-relu_finegrained1_ZGIGIC.pt,56,47,47,5,1,3.832192,0.001222,0.19803772000000003
dwconv-bn-relu_finegrained1_VBZ070.pt,56,21,21,5,1,1.712256,0.000546,0.15701608
dwconv-bn-relu_finegrained1_R47L8M.pt,56,44,44,5,1,3.587584,0.001144,0.5177841599999999
dwconv-bn-relu_finegrained1_KALKS3.pt,56,22,22,5,1,1.793792,0.000572,0.17096821999999995
dwconv-bn-relu_finegrained1_SVNX5H.pt,56,28,28,5,1,2.283008,0.000728,0.18645611999999998
dwconv-bn-relu_finegrained1_1J3QWG.pt,56,35,35,5,1,2.85376,0.00091,0.19626092000000003
dwconv-bn-relu_finegrained1_6K02OJ.pt,56,36,36,5,1,2.935296,0.000936,0.19775795999999995
dwconv-bn-relu_finegrained1_D4H7ZY.pt,56,49,49,5,1,3.995264,0.001274,0.23027444
dwconv-bn-relu_finegrained1_OBHQ0J.pt,56,45,45,5,1,3.66912,0.00117,0.21281898000000002
dwconv-bn-relu_finegrained1_2Q3F26.pt,56,43,43,5,1,3.506048,0.001118,0.21374470000000007
dwconv-bn-relu_finegrained1_ZRK2N9.pt,56,26,26,5,1,2.119936,0.000676,0.26272345999999996
dwconv-bn-relu_finegrained1_PRYSOT.pt,56,48,48,5,1,3.913728,0.001248,0.19805215999999995
dwconv-bn-relu_finegrained1_S7LB52.pt,56,30,30,5,1,2.44608,0.00078,0.18887967999999997
dwconv-bn-relu_finegrained1_ENR2R0.pt,56,34,34,5,1,2.772224,0.000884,0.3840308
dwconv-bn-relu_finegrained1_NQHV1Y.pt,56,32,32,5,1,2.609152,0.000832,0.15153514000000004
dwconv-bn-relu_finegrained1_A5W4GS.pt,56,24,24,5,1,1.956864,0.000624,0.13214472000000002
dwconv-bn-relu_finegrained1_OZ018H.pt,56,38,38,5,1,3.098368,0.000988,0.19781978000000003
dwconv-bn-relu_finegrained1_YN8Y88.pt,56,29,29,5,1,2.364544,0.000754,0.25109800000000015
dwconv-bn-relu_finegrained1_3QGLJO.pt,56,33,33,5,1,2.690688,0.000858,0.24891063999999996
dwconv-bn-relu_finegrained1_FA0A32.pt,56,41,41,5,1,3.342976,0.001066,0.2594520200000001
dwconv-bn-relu_finegrained1_GQ2FEU.pt,28,85,85,3,1,0.6664,0.00085,0.2986510599999999
dwconv-bn-relu_finegrained1_YHBFI9.pt,28,143,143,3,1,1.12112,0.00143,0.3746701599999998
dwconv-bn-relu_finegrained1_ZWW9P7.pt,28,184,184,3,1,1.44256,0.00184,0.16603025999999999
dwconv-bn-relu_finegrained1_JV0MDM.pt,28,189,189,3,1,1.48176,0.00189,0.18032579999999998
dwconv-bn-relu_finegrained1_5YH9R9.pt,28,92,92,3,1,0.72128,0.00092,0.15632494000000002
dwconv-bn-relu_finegrained1_FDXGDV.pt,28,155,155,3,1,1.2152,0.00155,0.17997466000000004
dwconv-bn-relu_finegrained1_YAU83M.pt,28,157,157,3,1,1.23088,0.00157,0.17774005999999998
dwconv-bn-relu_finegrained1_05KWE8.pt,28,190,190,3,1,1.4896,0.0019,0.20740539999999993
dwconv-bn-relu_finegrained1_UE2ZCK.pt,28,142,142,3,1,1.11328,0.00142,0.3733907799999997
dwconv-bn-relu_finegrained1_U952X6.pt,28,198,198,3,1,1.55232,0.00198,0.19179964
dwconv-bn-relu_finegrained1_PRWJ9D.pt,28,98,98,3,1,0.76832,0.00098,0.1564656
dwconv-bn-relu_finegrained1_EOW3F9.pt,28,123,123,3,1,0.96432,0.00123,0.17443462
dwconv-bn-relu_finegrained1_RRCEVG.pt,28,110,110,3,1,0.8624,0.0011,0.16492308
dwconv-bn-relu_finegrained1_JKMLJX.pt,28,130,130,3,1,1.0192,0.0013,0.17287445999999995
dwconv-bn-relu_finegrained1_5AXA96.pt,28,86,86,3,1,0.67424,0.00086,0.16032912
dwconv-bn-relu_finegrained1_FJ027E.pt,28,147,147,3,1,1.15248,0.00147,0.18448156000000002
dwconv-bn-relu_finegrained1_1GP1V9.pt,28,187,187,3,1,1.46608,0.00187,0.19101527999999995
dwconv-bn-relu_finegrained1_FV6ZGP.pt,28,199,199,3,1,1.56016,0.00199,0.19643510000000006
dwconv-bn-relu_finegrained1_MXQ253.pt,28,124,124,3,1,0.97216,0.00124,0.17235630000000002
dwconv-bn-relu_finegrained1_LSWGVB.pt,28,112,112,3,1,0.87808,0.00112,0.2702675799999999
dwconv-bn-relu_finegrained1_V5RJTN.pt,14,56,56,5,1,0.285376,0.001456,0.3300853
dwconv-bn-relu_finegrained1_Q5IDQW.pt,14,30,30,5,1,0.15288,0.00078,0.13093111999999998
dwconv-bn-relu_finegrained1_EP9WD0.pt,14,40,40,5,1,0.20384,0.00104,0.13328760000000003
dwconv-bn-relu_finegrained1_6N8VB7.pt,14,45,45,5,1,0.22932,0.00117,0.14002438
dwconv-bn-relu_finegrained1_83U5UM.pt,14,60,60,5,1,0.30576,0.00156,0.16182343999999993
dwconv-bn-relu_finegrained1_OXZGI6.pt,14,50,50,5,1,0.2548,0.0013,0.13245004
dwconv-bn-relu_finegrained1_K4BY1P.pt,14,38,38,5,1,0.193648,0.000988,0.12019149999999999
dwconv-bn-relu_finegrained1_MTCYIL.pt,14,34,34,5,1,0.173264,0.000884,0.14967973999999995
dwconv-bn-relu_finegrained1_YTOU6O.pt,14,29,29,5,1,0.147784,0.000754,0.12308011999999997
dwconv-bn-relu_finegrained1_K62GU6.pt,14,31,31,5,1,0.157976,0.000806,0.13194170000000002
dwconv-bn-relu_finegrained1_713V26.pt,14,55,55,5,1,0.28028,0.00143,0.13264324000000002
dwconv-bn-relu_finegrained1_FBO1TR.pt,14,41,41,5,1,0.208936,0.001066,0.18401200000000004
dwconv-bn-relu_finegrained1_9LP4M6.pt,14,64,64,5,1,0.326144,0.001664,0.31123378
dwconv-bn-relu_finegrained1_FJ13O9.pt,14,53,53,5,1,0.270088,0.001378,0.15589201999999996
dwconv-bn-relu_finegrained1_LFV7Y1.pt,14,66,66,5,1,0.336336,0.001716,0.27015904
dwconv-bn-relu_finegrained1_G25T82.pt,14,37,37,5,1,0.188552,0.000962,0.1089543
dwconv-bn-relu_finegrained1_OGM0TA.pt,14,47,47,5,1,0.239512,0.001222,0.21732194
dwconv-bn-relu_finegrained1_3J7NK4.pt,14,63,63,5,1,0.321048,0.001638,0.37802775999999993
dwconv-bn-relu_finegrained1_A237YC.pt,14,44,44,5,1,0.224224,0.001144,0.14375053999999998
dwconv-bn-relu_finegrained1_TU0J0T.pt,14,35,35,5,1,0.17836,0.00091,0.14416144000000006
dwconv-bn-relu_finegrained1_WMCMAK.pt,7,125,125,5,1,0.15925,0.00325,0.14284844000000002
dwconv-bn-relu_finegrained1_9P3BB1.pt,7,184,184,5,1,0.234416,0.004784,0.34555510000000017
dwconv-bn-relu_finegrained1_D040IH.pt,7,260,260,5,1,0.33124,0.00676,0.13758156000000002
dwconv-bn-relu_finegrained1_1COK8A.pt,7,186,186,5,1,0.236964,0.004836,0.19399748000000008
dwconv-bn-relu_finegrained1_N8QQHL.pt,7,157,157,5,1,0.200018,0.004082,0.13644852
dwconv-bn-relu_finegrained1_P1Y1DJ.pt,7,120,120,5,1,0.15288,0.00312,0.10741769999999999
dwconv-bn-relu_finegrained1_LMXWE2.pt,7,197,197,5,1,0.250978,0.005122,0.14293977999999996
dwconv-bn-relu_finegrained1_6KQYBJ.pt,7,220,220,5,1,0.28028,0.00572,0.16569234
dwconv-bn-relu_finegrained1_DX4HVY.pt,7,249,249,5,1,0.317226,0.006474,0.30622846
dwconv-bn-relu_finegrained1_Y070PG.pt,7,219,219,5,1,0.279006,0.005694,0.13915239999999995
dwconv-bn-relu_finegrained1_NJGPTH.pt,7,213,213,5,1,0.271362,0.005538,0.13886813999999997
dwconv-bn-relu_finegrained1_IXW18T.pt,7,132,132,5,1,0.168168,0.003432,0.15236316
dwconv-bn-relu_finegrained1_HXHIRQ.pt,7,183,183,5,1,0.233142,0.004758,0.13020337999999998
dwconv-bn-relu_finegrained1_NOWHD7.pt,7,224,224,5,1,0.285376,0.005824,0.38391343999999983
dwconv-bn-relu_finegrained1_DAAYXK.pt,7,215,215,5,1,0.27391,0.00559,0.12797734
dwconv-bn-relu_finegrained1_FFD05T.pt,7,147,147,5,1,0.187278,0.003822,0.13918877999999996
dwconv-bn-relu_finegrained1_DWPJL9.pt,7,209,209,5,1,0.266266,0.005434,0.13820757999999997
dwconv-bn-relu_finegrained1_GKJNU0.pt,7,241,241,5,1,0.307034,0.006266,0.16754366
dwconv-bn-relu_finegrained1_QAG1G7.pt,7,257,257,5,1,0.327418,0.006682,0.13250882000000003
dwconv-bn-relu_finegrained1_EYEDI7.pt,7,150,150,5,1,0.1911,0.0039,0.12427421999999996
dwconv-bn-relu_finegrained1_E7NZ9V.pt,14,185,185,3,1,0.3626,0.00185,0.14556185999999996
dwconv-bn-relu_finegrained1_PFHMDB.pt,14,129,129,3,1,0.25284,0.00129,0.13687446
dwconv-bn-relu_finegrained1_UXXJ6I.pt,14,178,178,3,1,0.34888,0.00178,0.14338374
dwconv-bn-relu_finegrained1_869JLI.pt,14,90,90,3,1,0.1764,0.0009,0.12408114000000003
dwconv-bn-relu_finegrained1_NQ0MWF.pt,14,85,85,3,1,0.1666,0.00085,0.12521249999999998
dwconv-bn-relu_finegrained1_9V7VJD.pt,14,197,197,3,1,0.38612,0.00197,0.1424702
dwconv-bn-relu_finegrained1_3BWYWB.pt,14,112,112,3,1,0.21952,0.00112,0.13155325999999998
dwconv-bn-relu_finegrained1_A02HJM.pt,14,87,87,3,1,0.17052,0.00087,0.13631151999999996
dwconv-bn-relu_finegrained1_H8DKV8.pt,14,117,117,3,1,0.22932,0.00117,0.14555123999999997
dwconv-bn-relu_finegrained1_1MCYOP.pt,14,183,183,3,1,0.35868,0.00183,0.1557389
dwconv-bn-relu_finegrained1_A8HMAK.pt,14,152,152,3,1,0.29792,0.00152,0.13881188
dwconv-bn-relu_finegrained1_PXZF8D.pt,14,166,166,3,1,0.32536,0.00166,0.13434205999999999
dwconv-bn-relu_finegrained1_6ZAQA9.pt,14,158,158,3,1,0.30968,0.00158,0.14314329999999997
dwconv-bn-relu_finegrained1_VQHGXM.pt,14,164,164,3,1,0.32144,0.00164,0.2059109
dwconv-bn-relu_finegrained1_XCQWRE.pt,14,188,188,3,1,0.36848,0.00188,0.15714702000000005
dwconv-bn-relu_finegrained1_VBNQUY.pt,14,127,127,3,1,0.24892,0.00127,0.5467664199999999
dwconv-bn-relu_finegrained1_HF8XV5.pt,14,157,157,3,1,0.30772,0.00157,0.1476773
dwconv-bn-relu_finegrained1_C8K85F.pt,14,176,176,3,1,0.34496,0.00176,0.14037329999999998
dwconv-bn-relu_finegrained1_QTDZE4.pt,14,138,138,3,1,0.27048,0.00138,0.14733143999999998
dwconv-bn-relu_finegrained1_2MFMR1.pt,14,149,149,3,1,0.29204,0.00149,0.16181013999999996
dwconv-bn-relu_finegrained1_8SHYTH.pt,56,126,126,5,1,10.273536,0.003276,0.85836704
dwconv-bn-relu_finegrained1_IX6696.pt,56,183,183,5,1,14.921088,0.004758,0.8707202799999996
dwconv-bn-relu_finegrained1_NSRLAZ.pt,56,90,90,5,1,7.33824,0.00234,0.25069264
dwconv-bn-relu_finegrained1_BPHYXQ.pt,56,109,109,5,1,8.887424,0.002834,0.26789436
dwconv-bn-relu_finegrained1_BLYXKX.pt,56,154,154,5,1,12.556544,0.004004,0.35375516000000023
dwconv-bn-relu_finegrained1_N6VH2C.pt,56,202,202,5,1,16.470272,0.005252,1.0522165600000002
dwconv-bn-relu_finegrained1_KU2XVH.pt,56,149,149,5,1,12.148864,0.003874,1.32639976
dwconv-bn-relu_finegrained1_MF61U7.pt,56,148,148,5,1,12.067328,0.003848,0.52203716
dwconv-bn-relu_finegrained1_8RSD7H.pt,56,182,182,5,1,14.839552,0.004732,0.43878915999999996
dwconv-bn-relu_finegrained1_GBRN3Q.pt,56,200,200,5,1,16.3072,0.0052,0.32066027999999996
dwconv-bn-relu_finegrained1_S15JMS.pt,56,207,207,5,1,16.877952,0.005382,0.5245919400000001
dwconv-bn-relu_finegrained1_5CFDFI.pt,56,146,146,5,1,11.904256,0.003796,0.48246896
dwconv-bn-relu_finegrained1_J1HU09.pt,56,173,173,5,1,14.105728,0.004498,0.30845796000000014
dwconv-bn-relu_finegrained1_HI5VED.pt,56,123,123,5,1,10.028928,0.003198,0.27577731999999994
dwconv-bn-relu_finegrained1_55P8YH.pt,56,180,180,5,1,14.67648,0.00468,0.39891476000000003
dwconv-bn-relu_finegrained1_CKYYMZ.pt,56,175,175,5,1,14.2688,0.00455,0.32424820000000004
dwconv-bn-relu_finegrained1_L3V472.pt,56,205,205,5,1,16.71488,0.00533,0.8735254799999999
dwconv-bn-relu_finegrained1_TV7Q8V.pt,56,95,95,5,1,7.74592,0.00247,0.5425624800000002
dwconv-bn-relu_finegrained1_OWDN8L.pt,56,93,93,5,1,7.582848,0.002418,0.25797532000000006
dwconv-bn-relu_finegrained1_4FPLA5.pt,56,158,158,5,1,12.882688,0.004108,0.34141203999999986
dwconv-bn-relu_finegrained1_KFJHAR.pt,14,106,106,3,1,0.20776,0.00106,0.12649362
dwconv-bn-relu_finegrained1_9OEWSX.pt,14,118,118,3,1,0.23128,0.00118,0.14210277999999998
dwconv-bn-relu_finegrained1_337RU0.pt,14,159,159,3,1,0.31164,0.00159,0.13940385999999996
dwconv-bn-relu_finegrained1_3A3INK.pt,14,83,83,3,1,0.16268,0.00083,0.12896327999999996
dwconv-bn-relu_finegrained1_GN7FPG.pt,14,148,148,3,1,0.29008,0.00148,0.13390515999999997
dwconv-bn-relu_finegrained1_JO7P4Y.pt,14,178,178,3,1,0.34888,0.00178,0.14410886
dwconv-bn-relu_finegrained1_RZJZGU.pt,14,87,87,3,1,0.17052,0.00087,0.13368750000000004
dwconv-bn-relu_finegrained1_O43E11.pt,14,115,115,3,1,0.2254,0.00115,0.13814824
dwconv-bn-relu_finegrained1_GFEY42.pt,14,160,160,3,1,0.3136,0.0016,0.13272733999999997
dwconv-bn-relu_finegrained1_3WFV09.pt,14,168,168,3,1,0.32928,0.00168,0.1362439
dwconv-bn-relu_finegrained1_L12TJ1.pt,14,114,114,3,1,0.22344,0.00114,0.13525232
dwconv-bn-relu_finegrained1_BY1OI5.pt,14,121,121,3,1,0.23716,0.00121,0.1360251
dwconv-bn-relu_finegrained1_7OU1JC.pt,14,177,177,3,1,0.34692,0.00177,0.13890598
dwconv-bn-relu_finegrained1_JSBPEW.pt,14,136,136,3,1,0.26656,0.00136,0.14223709999999998
dwconv-bn-relu_finegrained1_730G7B.pt,14,167,167,3,1,0.32732,0.00167,0.15237056000000004
dwconv-bn-relu_finegrained1_J2IWOO.pt,14,95,95,3,1,0.1862,0.00095,0.13157232
dwconv-bn-relu_finegrained1_K0NATD.pt,14,146,146,3,1,0.28616,0.00146,0.14089906
dwconv-bn-relu_finegrained1_96NXOW.pt,14,80,80,3,1,0.1568,0.0008,0.13538308
dwconv-bn-relu_finegrained1_3YSUJO.pt,14,123,123,3,1,0.24108,0.00123,0.13979619999999998
dwconv-bn-relu_finegrained1_0GDFFN.pt,14,120,120,3,1,0.2352,0.0012,0.13981974000000005
dwconv-bn-relu_finegrained1_D2IT5T.pt,56,115,115,5,1,9.37664,0.00299,0.3693198200000001
dwconv-bn-relu_finegrained1_WM5BBR.pt,56,156,156,5,1,12.719616,0.004056,0.5705396399999999
dwconv-bn-relu_finegrained1_KRRD1J.pt,56,118,118,5,1,9.621248,0.003068,0.33401839999999994
dwconv-bn-relu_finegrained1_VED7SK.pt,56,179,179,5,1,14.594944,0.004654,0.9608825800000003
dwconv-bn-relu_finegrained1_3435CZ.pt,56,92,92,5,1,7.501312,0.002392,0.26318954000000006
dwconv-bn-relu_finegrained1_LIEUXL.pt,56,101,101,5,1,8.235136,0.002626,0.30151530000000004
dwconv-bn-relu_finegrained1_ZP0ISD.pt,56,144,144,5,1,11.741184,0.003744,0.2835557800000001
dwconv-bn-relu_finegrained1_GK12HA.pt,56,199,199,5,1,16.225664,0.005174,1.0589253599999997
dwconv-bn-relu_finegrained1_7FJEUD.pt,56,104,104,5,1,8.479744,0.002704,0.24344419999999997
dwconv-bn-relu_finegrained1_W8XH4K.pt,56,105,105,5,1,8.56128,0.00273,0.3408393599999999
dwconv-bn-relu_finegrained1_65V13S.pt,56,175,175,5,1,14.2688,0.00455,1.2648301599999998
dwconv-bn-relu_finegrained1_13MV13.pt,56,178,178,5,1,14.513408,0.004628,0.5763098999999999
dwconv-bn-relu_finegrained1_LBKJ2O.pt,56,93,93,5,1,7.582848,0.002418,0.27304976
dwconv-bn-relu_finegrained1_2X1LUI.pt,56,159,159,5,1,12.964224,0.004134,0.9897413999999994
dwconv-bn-relu_finegrained1_TTU2JS.pt,56,127,127,5,1,10.355072,0.003302,0.28660048000000005
dwconv-bn-relu_finegrained1_MWC8MV.pt,56,89,89,5,1,7.256704,0.002314,0.25235436
dwconv-bn-relu_finegrained1_TMX1GJ.pt,56,91,91,5,1,7.419776,0.002366,0.27742214
dwconv-bn-relu_finegrained1_BP8K1C.pt,56,111,111,5,1,9.050496,0.002886,0.28949383999999995
dwconv-bn-relu_finegrained1_14CI61.pt,56,198,198,5,1,16.144128,0.005148,0.4445765400000001
dwconv-bn-relu_finegrained1_34UY20.pt,56,161,161,5,1,13.127296,0.004186,0.46828968000000004
dwconv-bn-relu_finegrained1_SF59H4.pt,56,170,170,5,1,13.86112,0.00442,0.39146445999999996
dwconv-bn-relu_finegrained1_O6FRVN.pt,56,169,169,5,1,13.779584,0.004394,0.5330148600000001
dwconv-bn-relu_finegrained1_IAXFTR.pt,56,146,146,5,1,11.904256,0.003796,0.62260558
dwconv-bn-relu_finegrained1_IYQA0Q.pt,56,100,100,5,1,8.1536,0.0026,0.30845266
dwconv-bn-relu_finegrained1_PDOJV8.pt,56,148,148,5,1,12.067328,0.003848,1.3193894999999995
dwconv-bn-relu_finegrained1_JEI9LJ.pt,56,114,114,5,1,9.295104,0.002964,0.36257821999999995
dwconv-bn-relu_finegrained1_NQGJNK.pt,56,206,206,5,1,16.796416,0.005356,0.83469516
dwconv-bn-relu_finegrained1_WWHDN2.pt,56,105,105,5,1,8.56128,0.00273,0.27744631999999997
dwconv-bn-relu_finegrained1_WDS0SI.pt,56,188,188,5,1,15.328768,0.004888,0.8081442399999998
dwconv-bn-relu_finegrained1_5QBHDD.pt,56,209,209,5,1,17.041024,0.005434,1.0642634199999998
dwconv-bn-relu_finegrained1_9YKDMY.pt,56,156,156,5,1,12.719616,0.004056,0.8625432
dwconv-bn-relu_finegrained1_BHGNI1.pt,56,212,212,5,1,17.285632,0.005512,0.46613406000000007
dwconv-bn-relu_finegrained1_NSMUXK.pt,56,186,186,5,1,15.165696,0.004836,0.41191635999999987
dwconv-bn-relu_finegrained1_BOB8AD.pt,56,161,161,5,1,13.127296,0.004186,0.6754565400000003
dwconv-bn-relu_finegrained1_OI4F8Y.pt,56,115,115,5,1,9.37664,0.00299,0.38253740000000014
dwconv-bn-relu_finegrained1_9J0UD8.pt,56,167,167,5,1,13.616512,0.004342,0.8938110199999997
dwconv-bn-relu_finegrained1_GO59YX.pt,56,155,155,5,1,12.63808,0.00403,0.6590824599999999
dwconv-bn-relu_finegrained1_LTXA65.pt,56,102,102,5,1,8.316672,0.002652,0.27711
dwconv-bn-relu_finegrained1_KZUMA0.pt,56,99,99,5,1,8.072064,0.002574,0.48717578000000006
dwconv-bn-relu_finegrained1_FKDZK1.pt,56,92,92,5,1,7.501312,0.002392,0.5842575399999999
dwconv-bn-relu_finegrained1_J3DBT8.pt,7,16,16,5,1,0.020384,0.000416,0.10805269999999996
dwconv-bn-relu_finegrained1_98Y4RC.pt,7,30,30,5,1,0.03822,0.00078,0.11022642
dwconv-bn-relu_finegrained1_OJW3EQ.pt,7,22,22,5,1,0.028028,0.000572,0.1118766
dwconv-bn-relu_finegrained1_YK31OX.pt,7,32,32,5,1,0.040768,0.000832,0.3174278
dwconv-bn-relu_finegrained1_EZGY03.pt,7,28,28,5,1,0.035672,0.000728,0.12185662000000001
dwconv-bn-relu_finegrained1_OO6AR3.pt,7,23,23,5,1,0.029302,0.000598,0.12433572
dwconv-bn-relu_finegrained1_Y05KDU.pt,7,25,25,5,1,0.03185,0.00065,0.12664508
dwconv-bn-relu_finegrained1_8IPDFW.pt,7,18,18,5,1,0.022932,0.000468,0.13573069999999998
dwconv-bn-relu_finegrained1_MZ3OTV.pt,7,33,33,5,1,0.042042,0.000858,0.12103888000000002
dwconv-bn-relu_finegrained1_28O62X.pt,7,19,19,5,1,0.024206,0.000494,0.11478031999999999
dwconv-bn-relu_finegrained1_H5FI7N.pt,7,15,15,5,1,0.01911,0.00039,0.11387318
dwconv-bn-relu_finegrained1_PNWG45.pt,7,17,17,5,1,0.021658,0.000442,0.11226448000000003
dwconv-bn-relu_finegrained1_FYCJKY.pt,7,27,27,5,1,0.034398,0.000702,0.15395950000000003
dwconv-bn-relu_finegrained1_DGQU2Y.pt,7,21,21,5,1,0.026754,0.000546,0.12592206
dwconv-bn-relu_finegrained1_6M20I6.pt,7,31,31,5,1,0.039494,0.000806,0.12767723999999997
dwconv-bn-relu_finegrained1_P5N214.pt,7,20,20,5,1,0.02548,0.00052,0.11969372000000002
dwconv-bn-relu_finegrained1_Y7Z2NU.pt,7,29,29,5,1,0.036946,0.000754,0.11709176000000003
dwconv-bn-relu_finegrained1_FHIVIW.pt,7,26,26,5,1,0.033124,0.000676,0.1179125
dwconv-bn-relu_finegrained1_R4OUP4.pt,7,14,14,5,1,0.017836,0.000364,0.10551159999999996
dwconv-bn-relu_finegrained1_2UGLIM.pt,7,24,24,5,1,0.030576,0.000624,0.12143194000000003
dwconv-bn-relu_finegrained1_6M6AXL.pt,28,107,107,3,1,0.83888,0.00107,0.13632323999999998
dwconv-bn-relu_finegrained1_QMEE8Y.pt,28,180,180,3,1,1.4112,0.0018,0.16265796
dwconv-bn-relu_finegrained1_Q55SK2.pt,28,151,151,3,1,1.18384,0.00151,0.15908662
dwconv-bn-relu_finegrained1_KMB5IV.pt,28,94,94,3,1,0.73696,0.00094,0.13548744000000007
dwconv-bn-relu_finegrained1_LG3JTH.pt,28,91,91,3,1,0.71344,0.00091,0.13737468000000005
dwconv-bn-relu_finegrained1_R02ZET.pt,28,162,162,3,1,1.27008,0.00162,0.17811886000000002
dwconv-bn-relu_finegrained1_DIJ5E2.pt,28,167,167,3,1,1.30928,0.00167,0.1555627
dwconv-bn-relu_finegrained1_D7A1CQ.pt,28,179,179,3,1,1.40336,0.00179,0.16316623999999996
dwconv-bn-relu_finegrained1_XAPKY2.pt,28,196,196,3,1,1.53664,0.00196,0.18816642000000006
dwconv-bn-relu_finegrained1_VHEXSC.pt,28,181,181,3,1,1.41904,0.00181,0.18048121999999997
dwconv-bn-relu_finegrained1_FR5AM7.pt,28,186,186,3,1,1.45824,0.00186,0.17448478000000006
dwconv-bn-relu_finegrained1_ZS7SL1.pt,28,117,117,3,1,0.91728,0.00117,0.18100594000000003
dwconv-bn-relu_finegrained1_KZH52K.pt,28,113,113,3,1,0.88592,0.00113,0.16989066
dwconv-bn-relu_finegrained1_4PQJUZ.pt,28,147,147,3,1,1.15248,0.00147,0.16834755999999995
dwconv-bn-relu_finegrained1_UNNNJ8.pt,28,92,92,3,1,0.72128,0.00092,0.21638448
dwconv-bn-relu_finegrained1_4HC9WN.pt,28,100,100,3,1,0.784,0.001,0.13576322000000002
dwconv-bn-relu_finegrained1_AGXTIH.pt,28,121,121,3,1,0.94864,0.00121,0.17619999999999997
dwconv-bn-relu_finegrained1_CSLJ4G.pt,28,137,137,3,1,1.07408,0.00137,0.1835555
dwconv-bn-relu_finegrained1_DPD84Q.pt,28,145,145,3,1,1.1368,0.00145,0.18518447999999998
dwconv-bn-relu_finegrained1_IZUK7L.pt,28,159,159,3,1,1.24656,0.00159,0.18149486
dwconv-bn-relu_finegrained1_K68GQI.pt,14,280,280,7,1,2.744,0.014,0.16290244
dwconv-bn-relu_finegrained1_WJPLA2.pt,14,548,548,7,1,5.3704,0.0274,0.19050394000000007
dwconv-bn-relu_finegrained1_83N29T.pt,14,301,301,7,1,2.9498,0.01505,0.16839600000000002
dwconv-bn-relu_finegrained1_BVGP0V.pt,14,385,385,7,1,3.773,0.01925,0.1660481
dwconv-bn-relu_finegrained1_46JIG0.pt,14,306,306,7,1,2.9988,0.0153,0.1691228
dwconv-bn-relu_finegrained1_QEQBFL.pt,14,375,375,7,1,3.675,0.01875,0.16996645999999999
dwconv-bn-relu_finegrained1_VUUBVC.pt,14,278,278,7,1,2.7244,0.0139,0.16475482
dwconv-bn-relu_finegrained1_W92XVB.pt,14,318,318,7,1,3.1164,0.0159,0.16917796
dwconv-bn-relu_finegrained1_CFCRZZ.pt,14,364,364,7,1,3.5672,0.0182,0.17231
dwconv-bn-relu_finegrained1_J0MXC5.pt,14,544,544,7,1,5.3312,0.0272,0.32985891999999983
dwconv-bn-relu_finegrained1_0CW259.pt,14,524,524,7,1,5.1352,0.0262,0.18186333999999996
dwconv-bn-relu_finegrained1_TIA8SQ.pt,14,402,402,7,1,3.9396,0.0201,0.4095779799999999
dwconv-bn-relu_finegrained1_BOF619.pt,14,367,367,7,1,3.5966,0.01835,0.29687971999999996
dwconv-bn-relu_finegrained1_G9BOXH.pt,14,349,349,7,1,3.4202,0.01745,0.17760789999999996
dwconv-bn-relu_finegrained1_3OC9BT.pt,14,342,342,7,1,3.3516,0.0171,0.17509487999999995
dwconv-bn-relu_finegrained1_TW8VDC.pt,14,340,340,7,1,3.332,0.017,0.16993748
dwconv-bn-relu_finegrained1_NCCQV5.pt,14,245,245,7,1,2.401,0.01225,0.1544235
dwconv-bn-relu_finegrained1_GW27IK.pt,14,357,357,7,1,3.4986,0.01785,0.15965302
dwconv-bn-relu_finegrained1_JBNPAS.pt,14,400,400,7,1,3.92,0.02,0.18519919999999995
dwconv-bn-relu_finegrained1_KFQT5U.pt,14,417,417,7,1,4.0866,0.02085,0.17325627999999996
dwconv-bn-relu_finegrained1_11EWBA.pt,56,85,85,3,1,2.6656,0.00085,0.2532092199999999
dwconv-bn-relu_finegrained1_VDQLWH.pt,56,139,139,3,1,4.35904,0.00139,0.29514038000000004
dwconv-bn-relu_finegrained1_SRPQWJ.pt,56,175,175,3,1,5.488,0.00175,0.36959776
dwconv-bn-relu_finegrained1_3NALDX.pt,56,115,115,3,1,3.6064,0.00115,0.2763722
dwconv-bn-relu_finegrained1_BY8YV8.pt,56,97,97,3,1,3.04192,0.00097,0.26524684
dwconv-bn-relu_finegrained1_NI5BOG.pt,56,91,91,3,1,2.85376,0.00091,0.2622392399999999
dwconv-bn-relu_finegrained1_5Y8WGP.pt,56,151,151,3,1,4.73536,0.00151,0.38079692000000015
dwconv-bn-relu_finegrained1_0S7NEW.pt,56,157,157,3,1,4.92352,0.00157,0.41301844000000004
dwconv-bn-relu_finegrained1_XXSKSW.pt,56,158,158,3,1,4.95488,0.00158,0.43551458
dwconv-bn-relu_finegrained1_RIFYHT.pt,56,197,197,3,1,6.17792,0.00197,0.66872938
dwconv-bn-relu_finegrained1_6A424N.pt,56,149,149,3,1,4.67264,0.00149,0.36419788000000025
dwconv-bn-relu_finegrained1_LVDBEX.pt,56,188,188,3,1,5.89568,0.00188,0.5023382799999999
dwconv-bn-relu_finegrained1_RXAPA6.pt,56,145,145,3,1,4.5472,0.00145,0.32241962
dwconv-bn-relu_finegrained1_AN50UI.pt,56,174,174,3,1,5.45664,0.00174,0.4424928600000002
dwconv-bn-relu_finegrained1_6K3DUW.pt,56,162,162,3,1,5.08032,0.00162,0.3143847000000001
dwconv-bn-relu_finegrained1_M4TCJF.pt,56,190,190,3,1,5.9584,0.0019,0.3467819399999999
dwconv-bn-relu_finegrained1_48W5KS.pt,56,137,137,3,1,4.29632,0.00137,1.1791284000000002
dwconv-bn-relu_finegrained1_XCF92X.pt,56,196,196,3,1,6.14656,0.00196,0.5954819200000001
dwconv-bn-relu_finegrained1_DASHEY.pt,56,167,167,3,1,5.23712,0.00167,0.5165815599999998
dwconv-bn-relu_finegrained1_H2IJAP.pt,56,105,105,3,1,3.2928,0.00105,0.28663124000000006
dwconv-bn-relu_finegrained1_ZGUAU2.pt,56,540,540,5,1,44.02944,0.01404,1.5073581800000002
dwconv-bn-relu_finegrained1_CRPDKK.pt,56,663,663,5,1,54.058368,0.017238,2.5857859999999993
dwconv-bn-relu_finegrained1_WHHR4S.pt,56,1121,1121,5,1,91.401856,0.029146,3.54645802
dwconv-bn-relu_finegrained1_N2TIJ8.pt,56,939,939,5,1,76.562304,0.024414,2.68291362
dwconv-bn-relu_finegrained1_VAP8WH.pt,56,608,608,5,1,49.573888,0.015808,1.2767562799999999
dwconv-bn-relu_finegrained1_TUG2BW.pt,56,655,655,5,1,53.40608,0.01703,1.8151538600000003
dwconv-bn-relu_finegrained1_WPUSK3.pt,56,646,646,5,1,52.672256,0.016796,1.95571006
dwconv-bn-relu_finegrained1_APZAHL.pt,56,749,749,5,1,61.070464,0.019474,2.475976379999999
dwconv-bn-relu_finegrained1_PEYMSL.pt,56,548,548,5,1,44.681728,0.014248,2.28562034
dwconv-bn-relu_finegrained1_AX56F2.pt,56,968,968,5,1,78.926848,0.025168,2.3148420599999993
dwconv-bn-relu_finegrained1_B4W5BY.pt,56,736,736,5,1,60.010496,0.019136,2.1636724400000005
dwconv-bn-relu_finegrained1_RALQFD.pt,56,785,785,5,1,64.00576,0.02041,2.44825904
dwconv-bn-relu_finegrained1_647XKS.pt,56,552,552,5,1,45.007872,0.014352,0.9844401999999995
dwconv-bn-relu_finegrained1_33TKSB.pt,56,742,742,5,1,60.499712,0.019292,2.7435756400000004
dwconv-bn-relu_finegrained1_LQMMKX.pt,56,936,936,5,1,76.317696,0.024336,2.50738954
dwconv-bn-relu_finegrained1_9U6XLY.pt,56,887,887,5,1,72.322432,0.023062,3.0578059200000007
dwconv-bn-relu_finegrained1_X4MTC3.pt,56,1188,1188,5,1,96.864768,0.030888,3.7113102999999996
dwconv-bn-relu_finegrained1_D2I8U4.pt,56,935,935,5,1,76.23616,0.02431,3.0132028799999997
dwconv-bn-relu_finegrained1_S3UU7M.pt,56,654,654,5,1,53.324544,0.017004,2.4676943
dwconv-bn-relu_finegrained1_2JAZ2G.pt,56,593,593,5,1,48.350848,0.015418,1.7465482000000006
dwconv-bn-relu_finegrained1_ULCOMF.pt,56,159,159,3,2,1.24656,0.00159,0.19766508000000008
dwconv-bn-relu_finegrained1_57Q5KK.pt,56,90,90,3,2,0.7056,0.0009,0.16951209999999997
dwconv-bn-relu_finegrained1_TGA1HF.pt,56,95,95,3,2,0.7448,0.00095,0.17069285999999995
dwconv-bn-relu_finegrained1_GOT1YE.pt,56,148,148,3,2,1.16032,0.00148,0.20099104000000004
dwconv-bn-relu_finegrained1_4L037P.pt,56,88,88,3,2,0.68992,0.00088,0.15930307999999999
dwconv-bn-relu_finegrained1_GK1XHE.pt,56,200,200,3,2,1.568,0.002,0.20275675999999992
dwconv-bn-relu_finegrained1_ICVH4I.pt,56,163,163,3,2,1.27792,0.00163,0.20383574000000004
dwconv-bn-relu_finegrained1_ILUV3M.pt,56,117,117,3,2,0.91728,0.00117,0.1839115
dwconv-bn-relu_finegrained1_1GJM7P.pt,56,140,140,3,2,1.0976,0.0014,0.19380251999999998
dwconv-bn-relu_finegrained1_UL35LX.pt,56,204,204,3,2,1.59936,0.00204,0.21972833999999997
dwconv-bn-relu_finegrained1_MQO1Y2.pt,56,156,156,3,2,1.22304,0.00156,0.19115280000000007
dwconv-bn-relu_finegrained1_HZ70KT.pt,56,189,189,3,2,1.48176,0.00189,0.28485750000000004
dwconv-bn-relu_finegrained1_SJH4RO.pt,56,196,196,3,2,1.53664,0.00196,0.23603648
dwconv-bn-relu_finegrained1_H7QT4I.pt,56,178,178,3,2,1.39552,0.00178,0.22088483999999997
dwconv-bn-relu_finegrained1_JO86P3.pt,56,119,119,3,2,0.93296,0.00119,0.18953604
dwconv-bn-relu_finegrained1_Y6XQ7X.pt,56,185,185,3,2,1.4504,0.00185,0.22089808000000002
dwconv-bn-relu_finegrained1_3V970G.pt,56,103,103,3,2,0.80752,0.00103,0.18525923999999996
dwconv-bn-relu_finegrained1_122FCU.pt,56,188,188,3,2,1.47392,0.00188,0.22384010000000007
dwconv-bn-relu_finegrained1_FNZGQU.pt,56,132,132,3,2,1.03488,0.00132,0.20241263999999987
dwconv-bn-relu_finegrained1_9WQ7QX.pt,56,187,187,3,2,1.46608,0.00187,0.5300456200000002
dwconv-bn-relu_finegrained1_BR8YEY.pt,14,179,179,5,1,0.912184,0.004654,0.14831583999999998
dwconv-bn-relu_finegrained1_LRWG8Q.pt,14,167,167,5,1,0.851032,0.004342,0.14750283999999994
dwconv-bn-relu_finegrained1_BCCJGX.pt,14,145,145,5,1,0.73892,0.00377,0.14429553999999997
dwconv-bn-relu_finegrained1_TOWX3W.pt,14,119,119,5,1,0.606424,0.003094,0.13908920000000002
dwconv-bn-relu_finegrained1_9AYHGG.pt,14,115,115,5,1,0.58604,0.00299,0.14918806
dwconv-bn-relu_finegrained1_VS9I0H.pt,14,109,109,5,1,0.555464,0.002834,0.15044440000000006
dwconv-bn-relu_finegrained1_MY2CE5.pt,14,127,127,5,1,0.647192,0.003302,0.14301004000000003
dwconv-bn-relu_finegrained1_K6Y1OY.pt,14,186,186,5,1,0.947856,0.004836,0.15043652000000005
dwconv-bn-relu_finegrained1_L6TS3Y.pt,14,147,147,5,1,0.749112,0.003822,0.14432660000000003
dwconv-bn-relu_finegrained1_G0BYLB.pt,14,168,168,5,1,0.856128,0.004368,0.14883112
dwconv-bn-relu_finegrained1_ECCM2F.pt,14,101,101,5,1,0.514696,0.002626,0.14513232000000006
dwconv-bn-relu_finegrained1_RDCBU5.pt,14,150,150,5,1,0.7644,0.0039,0.14939337999999996
dwconv-bn-relu_finegrained1_5UOY2X.pt,14,122,122,5,1,0.621712,0.003172,0.13128158
dwconv-bn-relu_finegrained1_IJUUGW.pt,14,144,144,5,1,0.733824,0.003744,0.13163098000000006
dwconv-bn-relu_finegrained1_N0PMRL.pt,14,148,148,5,1,0.754208,0.003848,0.13861546
dwconv-bn-relu_finegrained1_27XG6C.pt,14,133,133,5,1,0.677768,0.003458,0.11962588000000003
dwconv-bn-relu_finegrained1_1Y4DUX.pt,14,155,155,5,1,0.78988,0.00403,0.13894961999999997
dwconv-bn-relu_finegrained1_B9BNJI.pt,14,105,105,5,1,0.53508,0.00273,0.13786152
dwconv-bn-relu_finegrained1_NMJUIX.pt,14,132,132,5,1,0.672672,0.003432,0.13670922
dwconv-bn-relu_finegrained1_QBZL3C.pt,14,171,171,5,1,0.871416,0.004446,0.13781456
dwconv-bn-relu_finegrained1_ICJSBU.pt,28,99,99,3,1,0.77616,0.00099,0.15252387999999997
dwconv-bn-relu_finegrained1_MRF6N6.pt,28,184,184,3,1,1.44256,0.00184,0.18992994000000002
dwconv-bn-relu_finegrained1_XHL62V.pt,28,94,94,3,1,0.73696,0.00094,0.35367922
dwconv-bn-relu_finegrained1_W1ZHH3.pt,28,175,175,3,1,1.372,0.00175,0.19201385999999998
dwconv-bn-relu_finegrained1_OP43Z5.pt,28,81,81,3,1,0.63504,0.00081,0.3735510199999999
dwconv-bn-relu_finegrained1_JGUZ0Z.pt,28,141,141,3,1,1.10544,0.00141,0.17160857999999998
dwconv-bn-relu_finegrained1_Q8OFA6.pt,28,173,173,3,1,1.35632,0.00173,0.18805826000000003
dwconv-bn-relu_finegrained1_OP33RV.pt,28,130,130,3,1,1.0192,0.0013,0.18209454
dwconv-bn-relu_finegrained1_R6GHVR.pt,28,105,105,3,1,0.8232,0.00105,0.16118684000000003
dwconv-bn-relu_finegrained1_0803FL.pt,28,122,122,3,1,0.95648,0.00122,0.1688358
dwconv-bn-relu_finegrained1_TUVXH6.pt,28,149,149,3,1,1.16816,0.00149,0.16940315999999989
dwconv-bn-relu_finegrained1_SNNG62.pt,28,187,187,3,1,1.46608,0.00187,0.18949334000000004
dwconv-bn-relu_finegrained1_BD6P29.pt,28,183,183,3,1,1.43472,0.00183,0.18549183999999996
dwconv-bn-relu_finegrained1_0O8WTU.pt,28,165,165,3,1,1.2936,0.00165,0.17483217999999995
dwconv-bn-relu_finegrained1_ZQK3FJ.pt,28,115,115,3,1,0.9016,0.00115,0.16458766000000005
dwconv-bn-relu_finegrained1_FYMT5F.pt,28,86,86,3,1,0.67424,0.00086,0.1475569
dwconv-bn-relu_finegrained1_ELMFCZ.pt,28,161,161,3,1,1.26224,0.00161,0.20204827999999997
dwconv-bn-relu_finegrained1_Q07X2M.pt,28,181,181,3,1,1.41904,0.00181,0.18377816000000002
dwconv-bn-relu_finegrained1_UTV9I8.pt,28,117,117,3,1,0.91728,0.00117,0.17216474
dwconv-bn-relu_finegrained1_S54P1Q.pt,28,153,153,3,1,1.19952,0.00153,0.17769970000000002
dwconv-bn-relu_finegrained1_KVQBHX.pt,14,136,136,3,1,0.26656,0.00136,0.13781544
dwconv-bn-relu_finegrained1_M2FYUD.pt,14,240,240,3,1,0.4704,0.0024,0.15036097999999998
dwconv-bn-relu_finegrained1_LS8H3U.pt,14,126,126,3,1,0.24696,0.00126,0.13679402
dwconv-bn-relu_finegrained1_FIYDD6.pt,14,187,187,3,1,0.36652,0.00187,0.16245389999999996
dwconv-bn-relu_finegrained1_5KG7MF.pt,14,169,169,3,1,0.33124,0.00169,0.13509886000000002
dwconv-bn-relu_finegrained1_WIQD80.pt,14,132,132,3,1,0.25872,0.00132,0.12940506000000002
dwconv-bn-relu_finegrained1_O71OBR.pt,14,260,260,3,1,0.5096,0.0026,0.13604577999999998
dwconv-bn-relu_finegrained1_JQSZ2D.pt,14,236,236,3,1,0.46256,0.00236,0.13864389999999996
dwconv-bn-relu_finegrained1_B4HVHL.pt,14,217,217,3,1,0.42532,0.00217,0.14228408
dwconv-bn-relu_finegrained1_INOWDG.pt,14,241,241,3,1,0.47236,0.00241,0.13525108000000002
dwconv-bn-relu_finegrained1_IZFJ5N.pt,14,166,166,3,1,0.32536,0.00166,0.13126587999999997
dwconv-bn-relu_finegrained1_89FX5T.pt,14,186,186,3,1,0.36456,0.00186,0.16884609999999994
dwconv-bn-relu_finegrained1_AVPOTT.pt,14,292,292,3,1,0.57232,0.00292,0.14062348000000002
dwconv-bn-relu_finegrained1_JZXPLD.pt,14,214,214,3,1,0.41944,0.00214,0.14327862000000005
dwconv-bn-relu_finegrained1_RVQ6TF.pt,14,273,273,3,1,0.53508,0.00273,0.13902649999999997
dwconv-bn-relu_finegrained1_60AIBV.pt,14,163,163,3,1,0.31948,0.00163,0.13262325999999994
dwconv-bn-relu_finegrained1_7MF676.pt,14,232,232,3,1,0.45472,0.00232,0.14620477999999998
dwconv-bn-relu_finegrained1_LA2AYX.pt,14,139,139,3,1,0.27244,0.00139,0.11609652000000002
dwconv-bn-relu_finegrained1_WHVKAH.pt,14,153,153,3,1,0.29988,0.00153,0.14620883999999995
dwconv-bn-relu_finegrained1_LQ9HOO.pt,14,276,276,3,1,0.54096,0.00276,0.16559103999999994
dwconv-bn-relu_finegrained1_KDARQ6.pt,14,65,65,3,1,0.1274,0.00065,0.13414768
dwconv-bn-relu_finegrained1_Q0GAP3.pt,14,78,78,3,1,0.15288,0.00078,0.13471851999999995
dwconv-bn-relu_finegrained1_Z8VVCX.pt,14,85,85,3,1,0.1666,0.00085,0.13432248000000005
dwconv-bn-relu_finegrained1_GIJ6KA.pt,14,89,89,3,1,0.17444,0.00089,0.13851844000000002
dwconv-bn-relu_finegrained1_7U566N.pt,14,76,76,3,1,0.14896,0.00076,0.13283189999999997
dwconv-bn-relu_finegrained1_FPCSXQ.pt,14,67,67,3,1,0.13132,0.00067,0.10369710000000001
dwconv-bn-relu_finegrained1_OEX7A8.pt,14,146,146,3,1,0.28616,0.00146,0.15285780000000004
dwconv-bn-relu_finegrained1_OF7S4Y.pt,14,73,73,3,1,0.14308,0.00073,0.13962133999999998
dwconv-bn-relu_finegrained1_GHGB59.pt,14,143,143,3,1,0.28028,0.00143,0.14787219999999995
dwconv-bn-relu_finegrained1_HU5O0D.pt,14,111,111,3,1,0.21756,0.00111,0.13686088000000005
dwconv-bn-relu_finegrained1_UN5VKM.pt,14,101,101,3,1,0.19796,0.00101,0.14020559999999996
dwconv-bn-relu_finegrained1_7OWHPC.pt,14,125,125,3,1,0.245,0.00125,0.14051307999999996
dwconv-bn-relu_finegrained1_K085R6.pt,14,83,83,3,1,0.16268,0.00083,0.13978069999999998
dwconv-bn-relu_finegrained1_0JIACG.pt,14,93,93,3,1,0.18228,0.00093,0.14312573999999997
dwconv-bn-relu_finegrained1_2LYIRB.pt,14,117,117,3,1,0.22932,0.00117,0.14869665999999998
dwconv-bn-relu_finegrained1_WZ60ZG.pt,14,99,99,3,1,0.19404,0.00099,0.13450678
dwconv-bn-relu_finegrained1_X7T3TM.pt,14,113,113,3,1,0.22148,0.00113,0.31345085999999983
dwconv-bn-relu_finegrained1_B0N9BP.pt,14,144,144,3,1,0.28224,0.00144,0.15065686
dwconv-bn-relu_finegrained1_329MID.pt,14,105,105,3,1,0.2058,0.00105,0.14483336000000002
dwconv-bn-relu_finegrained1_K3H5L1.pt,14,64,64,3,1,0.12544,0.00064,0.13875516000000002
dwconv-bn-relu_finegrained1_2AHVJG.pt,28,795,795,5,1,16.20528,0.02067,0.35583359999999997
dwconv-bn-relu_finegrained1_3X1JZZ.pt,28,613,613,5,1,12.495392,0.015938,0.29283966
dwconv-bn-relu_finegrained1_7J4TS4.pt,28,402,402,5,1,8.194368,0.010452,0.24502484
dwconv-bn-relu_finegrained1_WW6M9M.pt,28,810,810,5,1,16.51104,0.02106,0.39343162
dwconv-bn-relu_finegrained1_CJFWUV.pt,28,514,514,5,1,10.477376,0.013364,0.62311946
dwconv-bn-relu_finegrained1_P0ZG0P.pt,28,679,679,5,1,13.840736,0.017654,0.3354036799999999
dwconv-bn-relu_finegrained1_BHZT29.pt,28,611,611,5,1,12.454624,0.015886,0.3666566199999999
dwconv-bn-relu_finegrained1_6P8PX9.pt,28,730,730,5,1,14.88032,0.01898,1.1990693000000001
dwconv-bn-relu_finegrained1_D4UFM0.pt,28,609,609,5,1,12.413856,0.015834,0.80375496
dwconv-bn-relu_finegrained1_M6OLV6.pt,28,488,488,5,1,9.947392,0.012688,0.26052107999999996
dwconv-bn-relu_finegrained1_8SY1K9.pt,28,763,763,5,1,15.552992,0.019838,0.4777538
dwconv-bn-relu_finegrained1_M4YE2F.pt,28,374,374,5,1,7.623616,0.009724,0.2141351
dwconv-bn-relu_finegrained1_1E7E3J.pt,28,601,601,5,1,12.250784,0.015626,0.35342784
dwconv-bn-relu_finegrained1_442936.pt,28,483,483,5,1,9.845472,0.012558,0.27632968
dwconv-bn-relu_finegrained1_SVF2TW.pt,28,487,487,5,1,9.927008,0.012662,0.26844758
dwconv-bn-relu_finegrained1_HOHJX8.pt,28,426,426,5,1,8.683584,0.011076,0.25688584
dwconv-bn-relu_finegrained1_9X0H8H.pt,28,736,736,5,1,15.002624,0.019136,0.31803687999999997
dwconv-bn-relu_finegrained1_LWVD1G.pt,28,347,347,5,1,7.073248,0.009022,0.2338349400000001
dwconv-bn-relu_finegrained1_LNOL6L.pt,28,380,380,5,1,7.74592,0.00988,0.23473371999999995
dwconv-bn-relu_finegrained1_JSZUNA.pt,28,352,352,5,1,7.175168,0.009152,0.21587974
dwconv-bn-relu_finegrained1_3DQPSV.pt,56,168,168,5,1,13.698048,0.004368,0.3069553000000001
dwconv-bn-relu_finegrained1_H649EL.pt,56,219,219,5,1,17.856384,0.005694,0.43988186
dwconv-bn-relu_finegrained1_ULZ3HJ.pt,56,233,233,5,1,18.997888,0.006058,0.5719696600000002
dwconv-bn-relu_finegrained1_99PQAH.pt,56,122,122,5,1,9.947392,0.003172,0.28423788000000005
dwconv-bn-relu_finegrained1_TOTI3R.pt,56,185,185,5,1,15.08416,0.00481,0.9581393200000001
dwconv-bn-relu_finegrained1_V1UJEZ.pt,56,217,217,5,1,17.693312,0.005642,1.1661459800000002
dwconv-bn-relu_finegrained1_UQYD79.pt,56,105,105,5,1,8.56128,0.00273,0.32727246
dwconv-bn-relu_finegrained1_F8H3JD.pt,56,152,152,5,1,12.393472,0.003952,0.2784462
dwconv-bn-relu_finegrained1_CNIBXI.pt,56,112,112,5,1,9.132032,0.002912,0.24050433999999998
dwconv-bn-relu_finegrained1_SPHP04.pt,56,134,134,5,1,10.925824,0.003484,0.31213093999999997
dwconv-bn-relu_finegrained1_5YA93X.pt,56,108,108,5,1,8.805888,0.002808,0.32802574000000007
dwconv-bn-relu_finegrained1_UN9FLJ.pt,56,179,179,5,1,14.594944,0.004654,0.6716533399999999
dwconv-bn-relu_finegrained1_7Q22Y7.pt,56,199,199,5,1,16.225664,0.005174,0.5973325599999999
dwconv-bn-relu_finegrained1_8UOQLR.pt,56,175,175,5,1,14.2688,0.00455,0.49988454
dwconv-bn-relu_finegrained1_GTFW02.pt,56,207,207,5,1,16.877952,0.005382,0.9108741599999997
dwconv-bn-relu_finegrained1_UPIYVG.pt,56,192,192,5,1,15.654912,0.004992,0.28423003999999996
dwconv-bn-relu_finegrained1_P61PR1.pt,56,195,195,5,1,15.89952,0.00507,1.0213693
dwconv-bn-relu_finegrained1_MTP8OK.pt,56,194,194,5,1,15.817984,0.005044,0.8709018000000002
dwconv-bn-relu_finegrained1_ZI2NA0.pt,56,160,160,5,1,13.04576,0.00416,0.5132082000000001
dwconv-bn-relu_finegrained1_T5W6EM.pt,56,136,136,5,1,11.088896,0.003536,0.5202982600000001
dwconv-bn-relu_finegrained1_2EBP2P.pt,7,395,395,3,1,0.19355,0.00395,0.15342382000000004
dwconv-bn-relu_finegrained1_UVCBP9.pt,7,468,468,3,1,0.22932,0.00468,0.13095790000000002
dwconv-bn-relu_finegrained1_4GZFN9.pt,7,518,518,3,1,0.25382,0.00518,0.16549647999999997
dwconv-bn-relu_finegrained1_4M0IHM.pt,7,527,527,3,1,0.25823,0.00527,0.36565810000000004
dwconv-bn-relu_finegrained1_68EZR5.pt,7,309,309,3,1,0.15141,0.00309,0.13113072000000003
dwconv-bn-relu_finegrained1_49GI76.pt,7,259,259,3,1,0.12691,0.00259,0.13386742000000004
dwconv-bn-relu_finegrained1_M0WHG2.pt,7,267,267,3,1,0.13083,0.00267,0.12954559999999996
dwconv-bn-relu_finegrained1_XFPII7.pt,7,356,356,3,1,0.17444,0.00356,0.13673542000000002
dwconv-bn-relu_finegrained1_2DQ3ET.pt,7,306,306,3,1,0.14994,0.00306,0.145057
dwconv-bn-relu_finegrained1_DOU6SY.pt,7,464,464,3,1,0.22736,0.00464,0.42869828
dwconv-bn-relu_finegrained1_1BC8X5.pt,7,418,418,3,1,0.20482,0.00418,0.13421534000000002
dwconv-bn-relu_finegrained1_IM12F3.pt,7,284,284,3,1,0.13916,0.00284,0.13241287999999998
dwconv-bn-relu_finegrained1_V39TD0.pt,7,451,451,3,1,0.22099,0.00451,0.12907158
dwconv-bn-relu_finegrained1_SFD79J.pt,7,391,391,3,1,0.19159,0.00391,0.13071876
dwconv-bn-relu_finegrained1_LNYK16.pt,7,347,347,3,1,0.17003,0.00347,0.13111090000000003
dwconv-bn-relu_finegrained1_WQH0JT.pt,7,354,354,3,1,0.17346,0.00354,0.13171565999999996
dwconv-bn-relu_finegrained1_CGML9Y.pt,7,295,295,3,1,0.14455,0.00295,0.13181129999999996
dwconv-bn-relu_finegrained1_JPK1LN.pt,7,531,531,3,1,0.26019,0.00531,0.1355668
dwconv-bn-relu_finegrained1_4JUKFJ.pt,7,519,519,3,1,0.25431,0.00519,0.14269282
dwconv-bn-relu_finegrained1_2ROYMI.pt,7,514,514,3,1,0.25186,0.00514,0.14392203999999997
dwconv-bn-relu_finegrained1_KICG0K.pt,28,1290,1290,5,1,26.29536,0.03354,1.2892855
dwconv-bn-relu_finegrained1_RTY7W8.pt,28,859,859,5,1,17.509856,0.022334,0.39319422000000004
dwconv-bn-relu_finegrained1_5RY591.pt,28,1155,1155,5,1,23.54352,0.03003,0.8395592399999999
dwconv-bn-relu_finegrained1_E4CCV6.pt,28,747,747,5,1,15.226848,0.019422,0.5923872199999998
dwconv-bn-relu_finegrained1_54ULGK.pt,28,1226,1226,5,1,24.990784,0.031876,1.04935594
dwconv-bn-relu_finegrained1_SB00O9.pt,28,600,600,5,1,12.2304,0.0156,0.2714563199999999
dwconv-bn-relu_finegrained1_LEF76H.pt,28,1289,1289,5,1,26.274976,0.033514,0.638413
dwconv-bn-relu_finegrained1_3P0OOE.pt,28,1270,1270,5,1,25.88768,0.03302,0.44746776000000005
dwconv-bn-relu_finegrained1_BH7GCD.pt,28,569,569,5,1,11.598496,0.014794,0.26897393999999997
dwconv-bn-relu_finegrained1_X0DBD3.pt,28,673,673,5,1,13.718432,0.017498,0.29135118
dwconv-bn-relu_finegrained1_YZ8IY7.pt,28,1134,1134,5,1,23.115456,0.029484,0.6664658399999999
dwconv-bn-relu_finegrained1_WCVJM8.pt,28,888,888,5,1,18.100992,0.023088,0.29143232
dwconv-bn-relu_finegrained1_E25IMM.pt,28,1090,1090,5,1,22.21856,0.02834,0.5437339000000001
dwconv-bn-relu_finegrained1_GEP3I0.pt,28,613,613,5,1,12.495392,0.015938,0.8487408200000002
dwconv-bn-relu_finegrained1_FO6ZFK.pt,28,775,775,5,1,15.7976,0.02015,1.1011345199999998
dwconv-bn-relu_finegrained1_V3JZPY.pt,28,1084,1084,5,1,22.096256,0.028184,0.9053806799999998
dwconv-bn-relu_finegrained1_F33YR3.pt,28,1152,1152,5,1,23.482368,0.029952,0.4359758999999998
dwconv-bn-relu_finegrained1_18MQ3A.pt,28,698,698,5,1,14.228032,0.018148,0.5086248199999998
dwconv-bn-relu_finegrained1_4T4RVK.pt,28,739,739,5,1,15.063776,0.019214,0.56028704
dwconv-bn-relu_finegrained1_GXGFZR.pt,28,878,878,5,1,17.897152,0.022828,0.9239833199999998
dwconv-bn-relu_finegrained1_YGD3NX.pt,14,66,66,5,1,0.336336,0.001716,0.13951496
dwconv-bn-relu_finegrained1_SCUQ5L.pt,14,62,62,5,1,0.315952,0.001612,0.13142584
dwconv-bn-relu_finegrained1_KDH376.pt,14,77,77,5,1,0.392392,0.002002,0.13531037999999998
dwconv-bn-relu_finegrained1_HFM8PX.pt,14,80,80,5,1,0.40768,0.00208,0.36999689999999985
dwconv-bn-relu_finegrained1_7SFUHO.pt,14,58,58,5,1,0.295568,0.001508,0.14356539999999998
dwconv-bn-relu_finegrained1_SLN6ES.pt,14,87,87,5,1,0.443352,0.002262,0.11513456
dwconv-bn-relu_finegrained1_LFE7BJ.pt,14,40,40,5,1,0.20384,0.00104,0.13476470000000002
dwconv-bn-relu_finegrained1_W2B56V.pt,14,68,68,5,1,0.346528,0.001768,0.14688557999999996
dwconv-bn-relu_finegrained1_DIWYQM.pt,14,88,88,5,1,0.448448,0.002288,0.14451999999999995
dwconv-bn-relu_finegrained1_ZG6WOT.pt,14,90,90,5,1,0.45864,0.00234,0.14880097999999997
dwconv-bn-relu_finegrained1_KK1UU7.pt,14,65,65,5,1,0.33124,0.00169,0.14508669999999999
dwconv-bn-relu_finegrained1_NE85DL.pt,14,42,42,5,1,0.214032,0.001092,0.14825646000000003
dwconv-bn-relu_finegrained1_5XEWXM.pt,14,44,44,5,1,0.224224,0.001144,0.12705435999999998
dwconv-bn-relu_finegrained1_KF62DG.pt,14,60,60,5,1,0.30576,0.00156,0.13006682000000003
dwconv-bn-relu_finegrained1_2VJ06R.pt,14,48,48,5,1,0.244608,0.001248,0.13601932
dwconv-bn-relu_finegrained1_NLNTPC.pt,14,73,73,5,1,0.372008,0.001898,0.13882333999999996
dwconv-bn-relu_finegrained1_0OU44F.pt,14,61,61,5,1,0.310856,0.001586,0.14287198
dwconv-bn-relu_finegrained1_07860N.pt,14,55,55,5,1,0.28028,0.00143,0.14278265999999992
dwconv-bn-relu_finegrained1_0071AX.pt,14,67,67,5,1,0.341432,0.001742,0.14653061999999997
dwconv-bn-relu_finegrained1_VVV7HU.pt,14,45,45,5,1,0.22932,0.00117,0.14022261999999996
dwconv-bn-relu_finegrained1_U37JS8.pt,7,189,189,3,1,0.09261,0.00189,0.13540298000000006
dwconv-bn-relu_finegrained1_STTOG6.pt,7,89,89,3,1,0.04361,0.00089,0.12209151999999995
dwconv-bn-relu_finegrained1_O1ITDG.pt,7,102,102,3,1,0.04998,0.00102,0.11674050000000001
dwconv-bn-relu_finegrained1_NISLMZ.pt,7,105,105,3,1,0.05145,0.00105,0.12053741999999996
dwconv-bn-relu_finegrained1_SBF4LG.pt,7,193,193,3,1,0.09457,0.00193,0.11988019999999995
dwconv-bn-relu_finegrained1_HQVE40.pt,7,167,167,3,1,0.08183,0.00167,0.13782758
dwconv-bn-relu_finegrained1_LLHV0O.pt,7,119,119,3,1,0.05831,0.00119,0.11684845999999997
dwconv-bn-relu_finegrained1_6UWCSI.pt,7,131,131,3,1,0.06419,0.00131,0.17307595999999997
dwconv-bn-relu_finegrained1_3QMFTS.pt,7,194,194,3,1,0.09506,0.00194,0.20582059999999994
dwconv-bn-relu_finegrained1_JVIWJA.pt,7,138,138,3,1,0.06762,0.00138,0.13058729999999996
dwconv-bn-relu_finegrained1_WLUFV0.pt,7,133,133,3,1,0.06517,0.00133,0.11700945999999997
dwconv-bn-relu_finegrained1_3QJW0W.pt,7,150,150,3,1,0.0735,0.0015,0.1299438
dwconv-bn-relu_finegrained1_7AM8PM.pt,7,173,173,3,1,0.08477,0.00173,0.13304084000000005
dwconv-bn-relu_finegrained1_EHA5SF.pt,7,103,103,3,1,0.05047,0.00103,0.12266398000000005
dwconv-bn-relu_finegrained1_35P3FC.pt,7,110,110,3,1,0.0539,0.0011,0.24913185999999996
dwconv-bn-relu_finegrained1_0H9I5A.pt,7,196,196,3,1,0.09604,0.00196,0.20757942
dwconv-bn-relu_finegrained1_1BLNGU.pt,7,142,142,3,1,0.06958,0.00142,0.14452132000000004
dwconv-bn-relu_finegrained1_IZ2QFG.pt,7,91,91,3,1,0.04459,0.00091,0.12151300000000002
dwconv-bn-relu_finegrained1_TSRPSA.pt,7,182,182,3,1,0.08918,0.00182,0.13341362000000004
dwconv-bn-relu_finegrained1_9179K7.pt,7,139,139,3,1,0.06811,0.00139,0.12648344
dwconv-bn-relu_finegrained1_PWWXXM.pt,14,11,11,5,1,0.056056,0.000286,0.29778663999999994
dwconv-bn-relu_finegrained1_MMHSR3.pt,14,12,12,5,1,0.061152,0.000312,0.13912798
dwconv-bn-relu_finegrained1_PGQ4DI.pt,14,14,14,5,1,0.071344,0.000364,0.13031014000000002
dwconv-bn-relu_finegrained1_ODMTFS.pt,14,15,15,5,1,0.07644,0.00039,0.13292694
dwconv-bn-relu_finegrained1_9QAYQB.pt,14,10,10,5,1,0.05096,0.00026,0.17887408000000005
dwconv-bn-relu_finegrained1_CQVJOJ.pt,14,8,8,5,1,0.040768,0.000208,0.12753232
dwconv-bn-relu_finegrained1_XCF85T.pt,14,7,7,5,1,0.035672,0.000182,0.12888122000000002
dwconv-bn-relu_finegrained1_IGIDJ7.pt,14,13,13,5,1,0.066248,0.000338,0.14489451999999997
dwconv-bn-relu_finegrained1_W3HK73.pt,14,9,9,5,1,0.045864,0.000234,0.14138752
dwconv-bn-relu_finegrained1_FRK7FI.pt,56,350,350,7,1,54.88,0.0175,0.9772825199999997
dwconv-bn-relu_finegrained1_IWH68M.pt,56,586,586,7,1,91.8848,0.0293,1.8397570599999993
dwconv-bn-relu_finegrained1_YA7ANG.pt,56,368,368,7,1,57.7024,0.0184,0.9832270399999997
dwconv-bn-relu_finegrained1_65HK44.pt,56,510,510,7,1,79.968,0.0255,1.5198485400000001
dwconv-bn-relu_finegrained1_QYN2DE.pt,56,599,599,7,1,93.9232,0.02995,2.0949466199999995
dwconv-bn-relu_finegrained1_KUES3K.pt,56,386,386,7,1,60.5248,0.0193,0.9072445599999999
dwconv-bn-relu_finegrained1_7DTWPU.pt,56,673,673,7,1,105.5264,0.03365,2.04240988
dwconv-bn-relu_finegrained1_JRFRL5.pt,56,545,545,7,1,85.456,0.02725,2.3450828
dwconv-bn-relu_finegrained1_6LR42Z.pt,56,613,613,7,1,96.1184,0.03065,1.8937112799999998
dwconv-bn-relu_finegrained1_L5514A.pt,56,443,443,7,1,69.4624,0.02215,1.88009924
dwconv-bn-relu_finegrained1_T31WIK.pt,56,380,380,7,1,59.584,0.019,1.71387694
dwconv-bn-relu_finegrained1_BTP9KS.pt,56,662,662,7,1,103.8016,0.0331,2.6002021600000003
dwconv-bn-relu_finegrained1_PRM48H.pt,56,303,303,7,1,47.5104,0.01515,1.2162303600000002
dwconv-bn-relu_finegrained1_ICZXXR.pt,56,347,347,7,1,54.4096,0.01735,1.23575586
dwconv-bn-relu_finegrained1_1GSSIM.pt,56,517,517,7,1,81.0656,0.02585,1.5696478799999998
dwconv-bn-relu_finegrained1_3APZQK.pt,56,379,379,7,1,59.4272,0.01895,0.9910333200000002
dwconv-bn-relu_finegrained1_MUEFZW.pt,56,506,506,7,1,79.3408,0.0253,2.0863781400000003
dwconv-bn-relu_finegrained1_Y3IYFJ.pt,56,588,588,7,1,92.1984,0.0294,1.8920987399999998
dwconv-bn-relu_finegrained1_MJOWF9.pt,56,293,293,7,1,45.9424,0.01465,1.35003912
dwconv-bn-relu_finegrained1_1JT3SJ.pt,56,415,415,7,1,65.072,0.02075,1.3741245
dwconv-bn-relu_finegrained1_2BHBKG.pt,56,511,511,3,1,16.02496,0.00511,1.6825586600000006
dwconv-bn-relu_finegrained1_IGC6LD.pt,56,408,408,3,1,12.79488,0.00408,0.66523618
dwconv-bn-relu_finegrained1_ODNXTA.pt,56,340,340,3,1,10.6624,0.0034,0.93197364
dwconv-bn-relu_finegrained1_RDT1J0.pt,56,569,569,3,1,17.84384,0.00569,1.9462785400000002
dwconv-bn-relu_finegrained1_R0HFPS.pt,56,486,486,3,1,15.24096,0.00486,1.1715060600000002
dwconv-bn-relu_finegrained1_4V7LCN.pt,56,576,576,3,1,18.06336,0.00576,1.717585899999999
dwconv-bn-relu_finegrained1_KCCJ9B.pt,56,398,398,3,1,12.48128,0.00398,0.6493616
dwconv-bn-relu_finegrained1_848RQW.pt,56,497,497,3,1,15.58592,0.00497,2.29998274
dwconv-bn-relu_finegrained1_1WND8Z.pt,56,335,335,3,1,10.5056,0.00335,1.52770372
dwconv-bn-relu_finegrained1_DHJ8EP.pt,56,411,411,3,1,12.88896,0.00411,1.8678842199999997
dwconv-bn-relu_finegrained1_QPUFF0.pt,56,301,301,3,1,9.43936,0.00301,0.65503644
dwconv-bn-relu_finegrained1_9JEGVE.pt,56,474,474,3,1,14.86464,0.00474,1.6014157200000005
dwconv-bn-relu_finegrained1_QUOWAP.pt,56,430,430,3,1,13.4848,0.0043,1.2400283800000003
dwconv-bn-relu_finegrained1_TIC8PB.pt,56,544,544,3,1,17.05984,0.00544,1.72317762
dwconv-bn-relu_finegrained1_RCV0QI.pt,56,543,543,3,1,17.02848,0.00543,2.1482727
dwconv-bn-relu_finegrained1_872EX2.pt,56,352,352,3,1,11.03872,0.00352,0.40000435999999995
dwconv-bn-relu_finegrained1_8SAQ45.pt,56,338,338,3,1,10.59968,0.00338,1.57912326
dwconv-bn-relu_finegrained1_KRIYY8.pt,56,461,461,3,1,14.45696,0.00461,1.2230697799999999
dwconv-bn-relu_finegrained1_8FUDJK.pt,56,513,513,3,1,16.08768,0.00513,0.7299698199999998
dwconv-bn-relu_finegrained1_6JAFRR.pt,56,248,248,3,1,7.77728,0.00248,0.3648653799999999
dwconv-bn-relu_finegrained1_SL6YPY.pt,28,167,167,5,1,3.404128,0.004342,0.19244406000000008
dwconv-bn-relu_finegrained1_X7Q8O5.pt,28,160,160,5,1,3.26144,0.00416,0.17981414000000004
dwconv-bn-relu_finegrained1_H3NK5M.pt,28,189,189,5,1,3.852576,0.004914,0.20598986000000008
dwconv-bn-relu_finegrained1_2J51VZ.pt,28,154,154,5,1,3.139136,0.004004,0.20207617999999997
dwconv-bn-relu_finegrained1_HQ6C6Z.pt,28,188,188,5,1,3.832192,0.004888,0.21144686000000004
dwconv-bn-relu_finegrained1_QKE7SY.pt,28,134,134,5,1,2.731456,0.003484,0.19618501999999996
dwconv-bn-relu_finegrained1_5GUZUD.pt,28,158,158,5,1,3.220672,0.004108,0.20097981999999998
dwconv-bn-relu_finegrained1_4T9A7D.pt,28,114,114,5,1,2.323776,0.002964,0.19187794
dwconv-bn-relu_finegrained1_DUY70D.pt,28,176,176,5,1,3.587584,0.004576,0.19313687999999998
dwconv-bn-relu_finegrained1_R2AI7P.pt,28,82,82,5,1,1.671488,0.002132,0.17048285999999993
dwconv-bn-relu_finegrained1_K77AKY.pt,28,183,183,5,1,3.730272,0.004758,0.20710031999999995
dwconv-bn-relu_finegrained1_SBZM92.pt,28,173,173,5,1,3.526432,0.004498,0.20307299999999995
dwconv-bn-relu_finegrained1_J5CY0Q.pt,28,159,159,5,1,3.241056,0.004134,0.18712876000000012
dwconv-bn-relu_finegrained1_TSO3YK.pt,28,93,93,5,1,1.895712,0.002418,0.17732064
dwconv-bn-relu_finegrained1_MHM3R6.pt,28,92,92,5,1,1.875328,0.002392,0.17670271999999998
dwconv-bn-relu_finegrained1_4SBAC8.pt,28,86,86,5,1,1.753024,0.002236,0.17687005999999997
dwconv-bn-relu_finegrained1_GZII3D.pt,28,165,165,5,1,3.36336,0.00429,0.17320140000000003
dwconv-bn-relu_finegrained1_L5YPJC.pt,28,139,139,5,1,2.833376,0.003614,0.18520852
dwconv-bn-relu_finegrained1_1E8QHI.pt,28,178,178,5,1,3.628352,0.004628,0.20428924
dwconv-bn-relu_finegrained1_1SJ2KJ.pt,28,174,174,5,1,3.546816,0.004524,0.25186262000000004
dwconv-bn-relu_finegrained1_568U4D.pt,14,8,8,7,1,0.0784,0.0004,0.12914316000000003
dwconv-bn-relu_finegrained1_7LU1R6.pt,14,9,9,7,1,0.0882,0.00045,0.13850356000000003
dwconv-bn-relu_finegrained1_QHU2LW.pt,14,5,5,7,1,0.049,0.00025,0.3898931199999999
dwconv-bn-relu_finegrained1_2IUVF6.pt,14,7,7,7,1,0.0686,0.00035,0.12011550000000001
dwconv-bn-relu_finegrained1_DHXMP8.pt,14,6,6,7,1,0.0588,0.0003,0.12535403999999997
dwconv-bn-relu_finegrained1_2V4E84.pt,14,12,12,7,1,0.1176,0.0006,0.13570084000000004
dwconv-bn-relu_finegrained1_9P1GH0.pt,14,11,11,7,1,0.1078,0.00055,0.1428614
dwconv-bn-relu_finegrained1_QYD2IQ.pt,14,10,10,7,1,0.098,0.0005,0.13419674000000004
dwconv-bn-relu_finegrained1_DKCRQO.pt,112,68,68,7,1,42.6496,0.0034,1.0751129000000004
dwconv-bn-relu_finegrained1_HNUT34.pt,112,87,87,7,1,54.5664,0.00435,1.2458558599999998
dwconv-bn-relu_finegrained1_WSO6WQ.pt,112,50,50,7,1,31.36,0.0025,0.46372182
dwconv-bn-relu_finegrained1_I3TBT5.pt,112,80,80,7,1,50.176,0.004,0.5438651400000001
dwconv-bn-relu_finegrained1_T4GYQB.pt,112,78,78,7,1,48.9216,0.0039,1.0881689400000003
dwconv-bn-relu_finegrained1_MD9P4T.pt,112,73,73,7,1,45.7856,0.00365,0.7623559599999997
dwconv-bn-relu_finegrained1_QFGHW9.pt,112,62,62,7,1,38.8864,0.0031,1.1019930999999996
dwconv-bn-relu_finegrained1_G3S3HL.pt,112,71,71,7,1,44.5312,0.00355,0.9937632600000004
dwconv-bn-relu_finegrained1_PU684M.pt,112,47,47,7,1,29.4784,0.00235,0.5169291199999999
dwconv-bn-relu_finegrained1_5KG5ID.pt,112,51,51,7,1,31.9872,0.00255,0.65233318
dwconv-bn-relu_finegrained1_STJHNA.pt,112,39,39,7,1,24.4608,0.00195,0.48964076000000006
dwconv-bn-relu_finegrained1_0ABTAX.pt,112,65,65,7,1,40.768,0.00325,1.1061233799999999
dwconv-bn-relu_finegrained1_7KIH29.pt,112,43,43,7,1,26.9696,0.00215,1.4553836000000002
dwconv-bn-relu_finegrained1_W7LZ4Q.pt,112,46,46,7,1,28.8512,0.0023,0.8652980999999997
dwconv-bn-relu_finegrained1_W5PL96.pt,112,63,63,7,1,39.5136,0.00315,1.35236368
dwconv-bn-relu_finegrained1_66IC1H.pt,112,75,75,7,1,47.04,0.00375,1.28987106
dwconv-bn-relu_finegrained1_3MRPGP.pt,112,44,44,7,1,27.5968,0.0022,0.9775371400000004
dwconv-bn-relu_finegrained1_YR99MT.pt,112,79,79,7,1,49.5488,0.00395,0.6661845000000001
dwconv-bn-relu_finegrained1_OI7W5Y.pt,112,76,76,7,1,47.6672,0.0038,0.5994194999999999
dwconv-bn-relu_finegrained1_HBG66U.pt,112,61,61,7,1,38.2592,0.00305,0.8376696800000001
dwconv-bn-relu_finegrained1_BOTM2T.pt,28,42,42,5,1,0.856128,0.001092,0.15301197999999996
dwconv-bn-relu_finegrained1_TY06A5.pt,28,35,35,5,1,0.71344,0.00091,0.1336173
dwconv-bn-relu_finegrained1_0LF6GL.pt,28,33,33,5,1,0.672672,0.000858,0.13828978
dwconv-bn-relu_finegrained1_1CQQ5J.pt,28,46,46,5,1,0.937664,0.001196,0.13262499999999997
dwconv-bn-relu_finegrained1_QTG2MS.pt,28,54,54,5,1,1.100736,0.001404,0.14161200000000002
dwconv-bn-relu_finegrained1_RAFTTH.pt,28,49,49,5,1,0.998816,0.001274,0.13697577999999996
dwconv-bn-relu_finegrained1_L117S8.pt,28,25,25,5,1,0.5096,0.00065,0.10287204
dwconv-bn-relu_finegrained1_2M3ZYJ.pt,28,24,24,5,1,0.489216,0.000624,0.12384748000000002
dwconv-bn-relu_finegrained1_28U74Q.pt,28,43,43,5,1,0.876512,0.001118,0.13205693999999998
dwconv-bn-relu_finegrained1_TPGD0N.pt,28,41,41,5,1,0.835744,0.001066,0.13714312
dwconv-bn-relu_finegrained1_S0952U.pt,28,32,32,5,1,0.652288,0.000832,0.13261182000000002
dwconv-bn-relu_finegrained1_BJQQWV.pt,28,55,55,5,1,1.12112,0.00143,0.15462616
dwconv-bn-relu_finegrained1_A2YYM3.pt,28,47,47,5,1,0.958048,0.001222,0.14209908000000004
dwconv-bn-relu_finegrained1_PT8FKS.pt,28,53,53,5,1,1.080352,0.001378,0.15373668000000004
dwconv-bn-relu_finegrained1_OM0BVP.pt,28,28,28,5,1,0.570752,0.000728,0.4091445799999998
dwconv-bn-relu_finegrained1_CYAZ2K.pt,28,36,36,5,1,0.733824,0.000936,0.14749630000000002
dwconv-bn-relu_finegrained1_4C9D39.pt,28,44,44,5,1,0.896896,0.001144,0.15571349999999998
dwconv-bn-relu_finegrained1_SIZG9A.pt,28,29,29,5,1,0.591136,0.000754,0.14299536
dwconv-bn-relu_finegrained1_EXQ2HT.pt,28,51,51,5,1,1.039584,0.001326,0.13365421999999996
dwconv-bn-relu_finegrained1_EKDQQW.pt,28,27,27,5,1,0.550368,0.000702,0.13880953999999998
dwconv-bn-relu_finegrained1_GAXUT6.pt,112,96,96,3,2,3.01056,0.00096,0.27586048
dwconv-bn-relu_finegrained1_RBHPM9.pt,112,82,82,3,2,2.57152,0.00082,0.49648932
dwconv-bn-relu_finegrained1_AIKWHE.pt,112,87,87,3,2,2.72832,0.00087,0.5624107199999999
dwconv-bn-relu_finegrained1_R1NHX1.pt,112,92,92,3,2,2.88512,0.00092,0.6146925799999998
dwconv-bn-relu_finegrained1_5HVSO7.pt,112,94,94,3,2,2.94784,0.00094,0.66041924
dwconv-bn-relu_finegrained1_K95QFN.pt,112,62,62,3,2,1.94432,0.00062,0.27758504
dwconv-bn-relu_finegrained1_I60LIB.pt,112,127,127,3,2,3.98272,0.00127,0.8038388799999998
dwconv-bn-relu_finegrained1_VGS5HH.pt,112,88,88,3,2,2.75968,0.00088,0.29529536000000006
dwconv-bn-relu_finegrained1_M77H47.pt,112,114,114,3,2,3.57504,0.00114,0.4232213999999999
dwconv-bn-relu_finegrained1_WDWEAX.pt,112,122,122,3,2,3.82592,0.00122,0.6121215400000001
dwconv-bn-relu_finegrained1_WP3A8G.pt,112,110,110,3,2,3.4496,0.0011,0.57450576
dwconv-bn-relu_finegrained1_C6OS1M.pt,112,103,103,3,2,3.23008,0.00103,0.8645705200000002
dwconv-bn-relu_finegrained1_YFGSNY.pt,112,68,68,3,2,2.13248,0.00068,0.3237633999999999
dwconv-bn-relu_finegrained1_TN8VD4.pt,112,69,69,3,2,2.16384,0.00069,0.26228712000000004
dwconv-bn-relu_finegrained1_RD70TQ.pt,112,108,108,3,2,3.38688,0.00108,0.3322251
dwconv-bn-relu_finegrained1_678SD7.pt,112,101,101,3,2,3.16736,0.00101,0.32494586
dwconv-bn-relu_finegrained1_R1YRO4.pt,112,111,111,3,2,3.48096,0.00111,0.5433747800000002
dwconv-bn-relu_finegrained1_SEHDJE.pt,112,78,78,3,2,2.44608,0.00078,0.6153454400000001
dwconv-bn-relu_finegrained1_IJ0EYW.pt,112,97,97,3,2,3.04192,0.00097,0.36741556000000003
dwconv-bn-relu_finegrained1_B0JPZE.pt,112,74,74,3,2,2.32064,0.00074,0.35933032
dwconv-bn-relu_finegrained1_J6RW4O.pt,14,35,35,5,1,0.17836,0.00091,0.12645701999999998
dwconv-bn-relu_finegrained1_SVDQTX.pt,14,23,23,5,1,0.117208,0.000598,0.12899723999999999
dwconv-bn-relu_finegrained1_4YQSYS.pt,14,33,33,5,1,0.168168,0.000858,0.12994525999999998
dwconv-bn-relu_finegrained1_JRU593.pt,14,38,38,5,1,0.193648,0.000988,0.19118237999999996
dwconv-bn-relu_finegrained1_IHGXHA.pt,14,22,22,5,1,0.112112,0.000572,0.12811565999999996
dwconv-bn-relu_finegrained1_QYSGPF.pt,14,41,41,5,1,0.208936,0.001066,0.12622962000000004
dwconv-bn-relu_finegrained1_ZLDKWM.pt,14,26,26,5,1,0.132496,0.000676,0.12218672000000001
dwconv-bn-relu_finegrained1_4NZCRF.pt,14,43,43,5,1,0.219128,0.001118,0.12109408
dwconv-bn-relu_finegrained1_1FFDQB.pt,14,39,39,5,1,0.198744,0.001014,0.11987492000000001
dwconv-bn-relu_finegrained1_7C4VIY.pt,14,42,42,5,1,0.214032,0.001092,0.19797111999999997
dwconv-bn-relu_finegrained1_FPF882.pt,14,28,28,5,1,0.142688,0.000728,0.11505837999999999
dwconv-bn-relu_finegrained1_4B4URF.pt,14,32,32,5,1,0.163072,0.000832,0.10259292000000002
dwconv-bn-relu_finegrained1_36ILO7.pt,14,20,20,5,1,0.10192,0.00052,0.11282264
dwconv-bn-relu_finegrained1_4EQQ6X.pt,14,29,29,5,1,0.147784,0.000754,0.09677007999999997
dwconv-bn-relu_finegrained1_B3WMUS.pt,14,37,37,5,1,0.188552,0.000962,0.14187637999999997
dwconv-bn-relu_finegrained1_9E5H3N.pt,14,25,25,5,1,0.1274,0.00065,0.13160734
dwconv-bn-relu_finegrained1_YD2MCY.pt,14,30,30,5,1,0.15288,0.00078,0.19906284000000002
dwconv-bn-relu_finegrained1_19HZ58.pt,14,21,21,5,1,0.107016,0.000546,0.12385720000000001
dwconv-bn-relu_finegrained1_HMF88T.pt,14,31,31,5,1,0.157976,0.000806,0.12843068000000002
dwconv-bn-relu_finegrained1_14NSGL.pt,14,34,34,5,1,0.173264,0.000884,0.12610803999999998
dwconv-bn-relu_finegrained1_VLTUAN.pt,28,188,188,3,1,1.47392,0.00188,0.18788918000000002
dwconv-bn-relu_finegrained1_C1XJQ3.pt,28,146,146,3,1,1.14464,0.00146,0.18208627999999996
dwconv-bn-relu_finegrained1_XW6CC1.pt,28,126,126,3,1,0.98784,0.00126,0.2014281800000001
dwconv-bn-relu_finegrained1_JIV049.pt,28,202,202,3,1,1.58368,0.00202,0.19871754000000003
dwconv-bn-relu_finegrained1_TCX6EL.pt,28,182,182,3,1,1.42688,0.00182,0.18203397999999996
dwconv-bn-relu_finegrained1_8Y43W2.pt,28,143,143,3,1,1.12112,0.00143,0.17556893999999995
dwconv-bn-relu_finegrained1_W1FFRK.pt,28,194,194,3,1,1.52096,0.00194,0.20740378000000004
dwconv-bn-relu_finegrained1_PD2CLN.pt,28,163,163,3,1,1.27792,0.00163,0.19740098
dwconv-bn-relu_finegrained1_QKCPC7.pt,28,165,165,3,1,1.2936,0.00165,0.16023325999999996
dwconv-bn-relu_finegrained1_HLBREQ.pt,28,159,159,3,1,1.24656,0.00159,0.18424598000000003
dwconv-bn-relu_finegrained1_LZEXWR.pt,28,155,155,3,1,1.2152,0.00155,0.17810402
dwconv-bn-relu_finegrained1_WCVSDA.pt,28,177,177,3,1,1.38768,0.00177,0.18940806000000002
dwconv-bn-relu_finegrained1_G7PDVR.pt,28,98,98,3,1,0.76832,0.00098,0.24902068
dwconv-bn-relu_finegrained1_5V5TJN.pt,28,199,199,3,1,1.56016,0.00199,0.19759180000000004
dwconv-bn-relu_finegrained1_L4FPTP.pt,28,144,144,3,1,1.12896,0.00144,0.16634210000000002
dwconv-bn-relu_finegrained1_UY85SU.pt,28,161,161,3,1,1.26224,0.00161,0.28094737999999997
dwconv-bn-relu_finegrained1_K4SEPM.pt,28,209,209,3,1,1.63856,0.00209,0.31605566
dwconv-bn-relu_finegrained1_9ZSXKX.pt,28,100,100,3,1,0.784,0.001,0.15910277999999997
dwconv-bn-relu_finegrained1_LQIFPP.pt,28,121,121,3,1,0.94864,0.00121,0.17003444
dwconv-bn-relu_finegrained1_JF9TI1.pt,28,164,164,3,1,1.28576,0.00164,0.18919911999999994
dwconv-bn-relu_finegrained1_FGVGM9.pt,56,89,89,5,1,7.256704,0.002314,0.27992968
dwconv-bn-relu_finegrained1_4GDJ3L.pt,56,102,102,5,1,8.316672,0.002652,0.28579686000000004
dwconv-bn-relu_finegrained1_42ACM7.pt,56,94,94,5,1,7.664384,0.002444,0.2615158800000001
dwconv-bn-relu_finegrained1_POUPNJ.pt,56,92,92,5,1,7.501312,0.002392,0.64031516
dwconv-bn-relu_finegrained1_4Y2CZK.pt,56,62,62,5,1,5.055232,0.001612,0.23816477999999994
dwconv-bn-relu_finegrained1_XB8LMP.pt,56,47,47,5,1,3.832192,0.001222,0.20519841999999996
dwconv-bn-relu_finegrained1_8R4UJD.pt,56,74,74,5,1,6.033664,0.001924,0.25124312
dwconv-bn-relu_finegrained1_S2W2AP.pt,56,44,44,5,1,3.587584,0.001144,0.3775581199999998
dwconv-bn-relu_finegrained1_XJ9WQC.pt,56,96,96,5,1,7.827456,0.002496,0.5763551600000001
dwconv-bn-relu_finegrained1_HEKLUU.pt,56,104,104,5,1,8.479744,0.002704,0.26656624000000007
dwconv-bn-relu_finegrained1_5RBVAT.pt,56,46,46,5,1,3.750656,0.001196,0.21527252
dwconv-bn-relu_finegrained1_PLUQTZ.pt,56,57,57,5,1,4.647552,0.001482,0.2439369200000001
dwconv-bn-relu_finegrained1_0S9JUO.pt,56,64,64,5,1,5.218304,0.001664,0.21491802000000007
dwconv-bn-relu_finegrained1_4M0SOS.pt,56,61,61,5,1,4.973696,0.001586,0.37240458
dwconv-bn-relu_finegrained1_28AXM6.pt,56,81,81,5,1,6.604416,0.002106,0.24099122
dwconv-bn-relu_finegrained1_JMBJOH.pt,56,51,51,5,1,4.158336,0.001326,0.21061921999999997
dwconv-bn-relu_finegrained1_WI2NA4.pt,56,58,58,5,1,4.729088,0.001508,0.2212585799999999
dwconv-bn-relu_finegrained1_Q5W56R.pt,56,80,80,5,1,6.52288,0.00208,0.2618702200000001
dwconv-bn-relu_finegrained1_TP4D98.pt,56,100,100,5,1,8.1536,0.0026,0.3208245
dwconv-bn-relu_finegrained1_B21ZAD.pt,56,88,88,5,1,7.175168,0.002288,0.25760318000000004
dwconv-bn-relu_finegrained1_1BSPTO.pt,56,104,104,3,1,3.26144,0.00104,0.24916870000000002
dwconv-bn-relu_finegrained1_EL3V4B.pt,56,108,108,3,1,3.38688,0.00108,0.30337014
dwconv-bn-relu_finegrained1_U69B1C.pt,56,74,74,3,1,2.32064,0.00074,0.24535376000000006
dwconv-bn-relu_finegrained1_56YQ0V.pt,56,84,84,3,1,2.63424,0.00084,0.24619212000000001
dwconv-bn-relu_finegrained1_EXXGYJ.pt,56,81,81,3,1,2.54016,0.00081,0.26017212
dwconv-bn-relu_finegrained1_4CCGFI.pt,56,124,124,3,1,3.88864,0.00124,0.29928400000000005
dwconv-bn-relu_finegrained1_SPI5DQ.pt,56,107,107,3,1,3.35552,0.00107,0.27768396
dwconv-bn-relu_finegrained1_3SHT7J.pt,56,101,101,3,1,3.16736,0.00101,0.26029860000000005
dwconv-bn-relu_finegrained1_JZY9P1.pt,56,78,78,3,1,2.44608,0.00078,0.23529554000000005
dwconv-bn-relu_finegrained1_NB64XS.pt,56,60,60,3,1,1.8816,0.0006,0.21678112
dwconv-bn-relu_finegrained1_E449UC.pt,56,67,67,3,1,2.10112,0.00067,0.23449609999999993
dwconv-bn-relu_finegrained1_W0MM01.pt,56,64,64,3,1,2.00704,0.00064,0.43775680000000017
dwconv-bn-relu_finegrained1_E0239E.pt,56,120,120,3,1,3.7632,0.0012,0.24084575999999994
dwconv-bn-relu_finegrained1_ZENU3E.pt,56,118,118,3,1,3.70048,0.00118,0.29474444
dwconv-bn-relu_finegrained1_S2K921.pt,56,58,58,3,1,1.81888,0.00058,0.42404101999999994
dwconv-bn-relu_finegrained1_VH4T4X.pt,56,100,100,3,1,3.136,0.001,0.34364030000000007
dwconv-bn-relu_finegrained1_3A6KDX.pt,56,92,92,3,1,2.88512,0.00092,0.2312055
dwconv-bn-relu_finegrained1_EPTFLK.pt,56,83,83,3,1,2.60288,0.00083,0.2305631400000001
dwconv-bn-relu_finegrained1_HM9RJK.pt,56,62,62,3,1,1.94432,0.00062,0.18532402000000003
dwconv-bn-relu_finegrained1_ONYWPU.pt,56,128,128,3,1,4.01408,0.00128,0.24054581999999994
dwconv-bn-relu_finegrained1_KOW31X.pt,7,127,127,3,1,0.06223,0.00127,0.1265093
dwconv-bn-relu_finegrained1_ANZ7K5.pt,7,130,130,3,1,0.0637,0.0013,0.14412396000000002
dwconv-bn-relu_finegrained1_1URREX.pt,7,174,174,3,1,0.08526,0.00174,0.14810681999999997
dwconv-bn-relu_finegrained1_XSPRKT.pt,7,168,168,3,1,0.08232,0.00168,0.14553241999999997
dwconv-bn-relu_finegrained1_RL5UAX.pt,7,103,103,3,1,0.05047,0.00103,0.12820592
dwconv-bn-relu_finegrained1_KYV2US.pt,7,188,188,3,1,0.09212,0.00188,0.142556
dwconv-bn-relu_finegrained1_YAFBHY.pt,7,197,197,3,1,0.09653,0.00197,0.14752339999999997
dwconv-bn-relu_finegrained1_4C8K71.pt,7,98,98,3,1,0.04802,0.00098,0.18573402000000003
dwconv-bn-relu_finegrained1_4SA6ZO.pt,7,214,214,3,1,0.10486,0.00214,0.13625765999999997
dwconv-bn-relu_finegrained1_7R5NEU.pt,7,93,93,3,1,0.04557,0.00093,0.12096273999999994
dwconv-bn-relu_finegrained1_Y8N959.pt,7,119,119,3,1,0.05831,0.00119,0.13052209999999995
dwconv-bn-relu_finegrained1_D2W68Q.pt,7,175,175,3,1,0.08575,0.00175,0.13104184
dwconv-bn-relu_finegrained1_5TD12L.pt,7,158,158,3,1,0.07742,0.00158,0.12415248
dwconv-bn-relu_finegrained1_U5NYOF.pt,7,96,96,3,1,0.04704,0.00096,0.14990591999999997
dwconv-bn-relu_finegrained1_Y8HP8Q.pt,7,136,136,3,1,0.06664,0.00136,0.12830218000000004
dwconv-bn-relu_finegrained1_4QO5XQ.pt,7,152,152,3,1,0.07448,0.00152,0.1258933
dwconv-bn-relu_finegrained1_UM7J1O.pt,7,146,146,3,1,0.07154,0.00146,0.13780928
dwconv-bn-relu_finegrained1_6VRLAJ.pt,7,132,132,3,1,0.06468,0.00132,0.12823942
dwconv-bn-relu_finegrained1_9NN3C4.pt,7,215,215,3,1,0.10535,0.00215,0.12766396
dwconv-bn-relu_finegrained1_ZUKYAW.pt,7,133,133,3,1,0.06517,0.00133,0.13134854
dwconv-bn-relu_finegrained1_W326ZE.pt,112,238,238,3,1,29.85472,0.00238,2.8039135000000006
dwconv-bn-relu_finegrained1_L05O7C.pt,112,266,266,3,1,33.36704,0.00266,3.966547600000001
dwconv-bn-relu_finegrained1_541WZS.pt,112,239,239,3,1,29.98016,0.00239,3.3334972400000016
dwconv-bn-relu_finegrained1_7VGTE2.pt,112,151,151,3,1,18.94144,0.00151,1.8817755800000002
dwconv-bn-relu_finegrained1_ONAWDH.pt,112,203,203,3,1,25.46432,0.00203,2.25223718
dwconv-bn-relu_finegrained1_UPT95H.pt,112,179,179,3,1,22.45376,0.00179,3.2918928799999994
dwconv-bn-relu_finegrained1_J2BCW9.pt,112,194,194,3,1,24.33536,0.00194,3.0544929600000006
dwconv-bn-relu_finegrained1_FISXI0.pt,112,223,223,3,1,27.97312,0.00223,2.86161726
dwconv-bn-relu_finegrained1_943DRU.pt,112,210,210,3,1,26.3424,0.0021,2.11154182
dwconv-bn-relu_finegrained1_F0XT3X.pt,112,161,161,3,1,20.19584,0.00161,2.89617118
dwconv-bn-relu_finegrained1_BQPE32.pt,112,177,177,3,1,22.20288,0.00177,2.2708341
dwconv-bn-relu_finegrained1_KN4OWQ.pt,112,133,133,3,1,16.68352,0.00133,2.08126192
dwconv-bn-relu_finegrained1_Z80GZS.pt,112,214,214,3,1,26.84416,0.00214,2.2821918
dwconv-bn-relu_finegrained1_XYUW8X.pt,112,189,189,3,1,23.70816,0.00189,2.2965109800000003
dwconv-bn-relu_finegrained1_A57EED.pt,112,147,147,3,1,18.43968,0.00147,1.9867174
dwconv-bn-relu_finegrained1_W0UI5H.pt,112,249,249,3,1,31.23456,0.00249,2.8781615
dwconv-bn-relu_finegrained1_A7D0N5.pt,112,250,250,3,1,31.36,0.0025,3.5057499
dwconv-bn-relu_finegrained1_SD8CK0.pt,112,220,220,3,1,27.5968,0.0022,2.49623256
dwconv-bn-relu_finegrained1_81ZWWT.pt,112,137,137,3,1,17.18528,0.00137,2.3992064200000005
dwconv-bn-relu_finegrained1_XXFGSO.pt,112,119,119,3,1,14.92736,0.00119,1.2854604400000003
dwconv-bn-relu_finegrained1_HXNJA3.pt,7,128,128,3,1,0.06272,0.00128,0.13123707999999998
dwconv-bn-relu_finegrained1_8ACSHT.pt,7,87,87,3,1,0.04263,0.00087,0.13290093999999997
dwconv-bn-relu_finegrained1_0T89TC.pt,7,134,134,3,1,0.06566,0.00134,0.13625854
dwconv-bn-relu_finegrained1_XE387T.pt,7,86,86,3,1,0.04214,0.00086,0.13701506
dwconv-bn-relu_finegrained1_IBHGTZ.pt,7,67,67,3,1,0.03283,0.00067,0.15445098
dwconv-bn-relu_finegrained1_HWO3X8.pt,7,130,130,3,1,0.0637,0.0013,0.14014934
dwconv-bn-relu_finegrained1_1PBPIT.pt,7,119,119,3,1,0.05831,0.00119,0.18280223999999992
dwconv-bn-relu_finegrained1_C5YE5T.pt,7,118,118,3,1,0.05782,0.00118,0.12946738000000002
dwconv-bn-relu_finegrained1_Y8RR91.pt,7,68,68,3,1,0.03332,0.00068,0.10485810000000001
dwconv-bn-relu_finegrained1_XXFNRW.pt,7,129,129,3,1,0.06321,0.00129,0.14400483999999994
dwconv-bn-relu_finegrained1_YPZSWV.pt,7,96,96,3,1,0.04704,0.00096,0.14228359999999995
dwconv-bn-relu_finegrained1_I4UCW5.pt,7,132,132,3,1,0.06468,0.00132,0.14684508000000002
dwconv-bn-relu_finegrained1_31HUZA.pt,7,139,139,3,1,0.06811,0.00139,0.14630436000000002
dwconv-bn-relu_finegrained1_N7XNFW.pt,7,78,78,3,1,0.03822,0.00078,0.34672019999999987
dwconv-bn-relu_finegrained1_UN0ORT.pt,7,71,71,3,1,0.03479,0.00071,0.13175130000000002
dwconv-bn-relu_finegrained1_DQW1NU.pt,7,121,121,3,1,0.05929,0.00121,0.13442496000000004
dwconv-bn-relu_finegrained1_SXWKPU.pt,7,126,126,3,1,0.06174,0.00126,0.3993007199999999
dwconv-bn-relu_finegrained1_BKIVYZ.pt,7,112,112,3,1,0.05488,0.00112,0.13977331999999998
dwconv-bn-relu_finegrained1_KWFHTO.pt,7,108,108,3,1,0.05292,0.00108,0.13056570000000006
dwconv-bn-relu_finegrained1_AOIU5I.pt,7,133,133,3,1,0.06517,0.00133,0.14652903999999997
dwconv-bn-relu_finegrained1_WKB0F6.pt,14,148,148,3,2,0.07252,0.00148,0.37350092
dwconv-bn-relu_finegrained1_W48LG2.pt,14,78,78,3,2,0.03822,0.00078,0.3311776
dwconv-bn-relu_finegrained1_MY6ECN.pt,14,79,79,3,2,0.03871,0.00079,0.13424651999999998
dwconv-bn-relu_finegrained1_5GTMRY.pt,14,123,123,3,2,0.06027,0.00123,0.12165214000000002
dwconv-bn-relu_finegrained1_WCJZZE.pt,14,96,96,3,2,0.04704,0.00096,0.12468258000000003
dwconv-bn-relu_finegrained1_4XLQ6E.pt,14,159,159,3,2,0.07791,0.00159,0.2180054
dwconv-bn-relu_finegrained1_DYUUDT.pt,14,89,89,3,2,0.04361,0.00089,0.13785956000000005
dwconv-bn-relu_finegrained1_HEQF0Y.pt,14,115,115,3,2,0.05635,0.00115,0.15411133999999996
dwconv-bn-relu_finegrained1_WLBKOE.pt,14,102,102,3,2,0.04998,0.00102,0.13658828
dwconv-bn-relu_finegrained1_ZQ79VY.pt,14,154,154,3,2,0.07546,0.00154,0.15627862
dwconv-bn-relu_finegrained1_4VCOZI.pt,14,99,99,3,2,0.04851,0.00099,0.12999925999999998
dwconv-bn-relu_finegrained1_VRLYKB.pt,14,144,144,3,2,0.07056,0.00144,0.12308657999999995
dwconv-bn-relu_finegrained1_R4TM0N.pt,14,101,101,3,2,0.04949,0.00101,0.1312407
dwconv-bn-relu_finegrained1_ATL2C4.pt,14,74,74,3,2,0.03626,0.00074,0.14416204000000002
dwconv-bn-relu_finegrained1_O9FSZR.pt,14,105,105,3,2,0.05145,0.00105,0.14453003999999997
dwconv-bn-relu_finegrained1_C9MGJG.pt,14,150,150,3,2,0.0735,0.0015,0.15568304000000002
dwconv-bn-relu_finegrained1_QQ0XFD.pt,14,114,114,3,2,0.05586,0.00114,0.37918396
dwconv-bn-relu_finegrained1_J7MT1C.pt,14,117,117,3,2,0.05733,0.00117,0.21806652000000004
dwconv-bn-relu_finegrained1_QMP133.pt,14,164,164,3,2,0.08036,0.00164,0.14418622000000003
dwconv-bn-relu_finegrained1_0QP2R3.pt,14,155,155,3,2,0.07595,0.00155,0.14746932000000001
dwconv-bn-relu_finegrained1_CJVTET.pt,28,74,74,3,1,0.58016,0.00074,0.17698792000000005
dwconv-bn-relu_finegrained1_HRZ8MU.pt,28,68,68,3,1,0.53312,0.00068,0.49514926000000004
dwconv-bn-relu_finegrained1_T4WZBD.pt,28,55,55,3,1,0.4312,0.00055,0.15119942
dwconv-bn-relu_finegrained1_8E9LDT.pt,28,63,63,3,1,0.49392,0.00063,0.14923184000000003
dwconv-bn-relu_finegrained1_EP0AF5.pt,28,76,76,3,1,0.59584,0.00076,0.39533087999999994
dwconv-bn-relu_finegrained1_5Q5SU5.pt,28,52,52,3,1,0.40768,0.00052,0.14394016
dwconv-bn-relu_finegrained1_FTZ1YP.pt,28,90,90,3,1,0.7056,0.0009,0.16036134000000002
dwconv-bn-relu_finegrained1_1VPZO6.pt,28,67,67,3,1,0.52528,0.00067,0.22577412
dwconv-bn-relu_finegrained1_BIAFCS.pt,28,44,44,3,1,0.34496,0.00044,0.13964734000000006
dwconv-bn-relu_finegrained1_I68UZQ.pt,28,71,71,3,1,0.55664,0.00071,0.15695928
dwconv-bn-relu_finegrained1_DW16NF.pt,28,80,80,3,1,0.6272,0.0008,0.13716686
dwconv-bn-relu_finegrained1_6N8RCO.pt,28,50,50,3,1,0.392,0.0005,0.21494546000000006
dwconv-bn-relu_finegrained1_W119I0.pt,28,46,46,3,1,0.36064,0.00046,0.13329412000000002
dwconv-bn-relu_finegrained1_396XUX.pt,28,93,93,3,1,0.72912,0.00093,0.33488808000000014
dwconv-bn-relu_finegrained1_F6W9EO.pt,28,62,62,3,1,0.48608,0.00062,0.14488727999999998
dwconv-bn-relu_finegrained1_ENLFB1.pt,28,57,57,3,1,0.44688,0.00057,0.1311016
dwconv-bn-relu_finegrained1_G41L5P.pt,28,87,87,3,1,0.68208,0.00087,0.13962078000000003
dwconv-bn-relu_finegrained1_1VKFRF.pt,28,81,81,3,1,0.63504,0.00081,0.14868876000000003
dwconv-bn-relu_finegrained1_0BYAND.pt,28,83,83,3,1,0.65072,0.00083,0.1278913
dwconv-bn-relu_finegrained1_SG4MNZ.pt,28,84,84,3,1,0.65856,0.00084,0.1472947
dwconv-bn-relu_finegrained1_Z1IXT4.pt,7,12,12,5,1,0.015288,0.000312,0.12138300000000005
dwconv-bn-relu_finegrained1_YTQTNQ.pt,7,8,8,5,1,0.010192,0.000208,0.13805362000000002
dwconv-bn-relu_finegrained1_DN3CE0.pt,7,11,11,5,1,0.014014,0.000286,0.12207032
dwconv-bn-relu_finegrained1_HXY4G5.pt,7,10,10,5,1,0.01274,0.00026,0.11571133999999995
dwconv-bn-relu_finegrained1_PVVKLO.pt,7,5,5,5,1,0.00637,0.00013,0.13225022
dwconv-bn-relu_finegrained1_V7MNYK.pt,7,7,7,5,1,0.008918,0.000182,0.13311441999999998
dwconv-bn-relu_finegrained1_ES88RK.pt,7,9,9,5,1,0.011466,0.000234,0.13212627999999998
dwconv-bn-relu_finegrained1_7JUO07.pt,7,6,6,5,1,0.007644,0.000156,0.11901706
dwconv-bn-relu_finegrained1_TDKB1O.pt,7,115,115,3,1,0.05635,0.00115,0.15047022
dwconv-bn-relu_finegrained1_Z78YY9.pt,7,172,172,3,1,0.08428,0.00172,0.16672479999999998
dwconv-bn-relu_finegrained1_ZR3LSS.pt,7,117,117,3,1,0.05733,0.00117,0.14831036
dwconv-bn-relu_finegrained1_1XKQ2R.pt,7,190,190,3,1,0.0931,0.0019,0.15834172000000005
dwconv-bn-relu_finegrained1_MHPZLX.pt,7,145,145,3,1,0.07105,0.00145,0.17270478
dwconv-bn-relu_finegrained1_TQFZKE.pt,7,140,140,3,1,0.0686,0.0014,0.15759321999999998
dwconv-bn-relu_finegrained1_NK6UA2.pt,7,89,89,3,1,0.04361,0.00089,0.13803816
dwconv-bn-relu_finegrained1_EJEQ5A.pt,7,107,107,3,1,0.05243,0.00107,0.14010743999999997
dwconv-bn-relu_finegrained1_LR17YY.pt,7,197,197,3,1,0.09653,0.00197,0.15322806000000003
dwconv-bn-relu_finegrained1_BL7NXK.pt,7,203,203,3,1,0.09947,0.00203,0.33142172000000003
dwconv-bn-relu_finegrained1_MFQDEP.pt,7,152,152,3,1,0.07448,0.00152,0.16239624000000003
dwconv-bn-relu_finegrained1_QNR4OQ.pt,7,118,118,3,1,0.05782,0.00118,0.14126556000000007
dwconv-bn-relu_finegrained1_CF3V0E.pt,7,121,121,3,1,0.05929,0.00121,0.14042158000000002
dwconv-bn-relu_finegrained1_IXQ49K.pt,7,185,185,3,1,0.09065,0.00185,0.1366718
dwconv-bn-relu_finegrained1_S4T6I4.pt,7,184,184,3,1,0.09016,0.00184,0.13341963999999998
dwconv-bn-relu_finegrained1_W5OX5F.pt,7,183,183,3,1,0.08967,0.00183,0.13700684
dwconv-bn-relu_finegrained1_I5FQHE.pt,7,103,103,3,1,0.05047,0.00103,0.13559778000000003
dwconv-bn-relu_finegrained1_6ZJYAX.pt,7,207,207,3,1,0.10143,0.00207,0.13660276
dwconv-bn-relu_finegrained1_SWDP2P.pt,7,132,132,3,1,0.06468,0.00132,0.14235544
dwconv-bn-relu_finegrained1_ASITJ0.pt,7,170,170,3,1,0.0833,0.0017,0.13658094
dwconv-bn-relu_finegrained1_TSJHZY.pt,14,67,67,3,1,0.13132,0.00067,0.12951619999999997
dwconv-bn-relu_finegrained1_52UBBB.pt,14,54,54,3,1,0.10584,0.00054,0.16826674
dwconv-bn-relu_finegrained1_KLHZXO.pt,14,65,65,3,1,0.1274,0.00065,0.12851054
dwconv-bn-relu_finegrained1_WTESUZ.pt,14,48,48,3,1,0.09408,0.00048,0.12061919999999997
dwconv-bn-relu_finegrained1_DCLGJ2.pt,14,96,96,3,1,0.18816,0.00096,0.12465209999999999
dwconv-bn-relu_finegrained1_6X32DF.pt,14,76,76,3,1,0.14896,0.00076,0.11635775999999998
dwconv-bn-relu_finegrained1_DGZQ5D.pt,14,81,81,3,1,0.15876,0.00081,0.12065568
dwconv-bn-relu_finegrained1_GGJD9U.pt,14,70,70,3,1,0.1372,0.0007,0.11515646
dwconv-bn-relu_finegrained1_W82LGI.pt,14,56,56,3,1,0.10976,0.00056,0.1223582
dwconv-bn-relu_finegrained1_CFHU25.pt,14,105,105,3,1,0.2058,0.00105,0.2820884000000001
dwconv-bn-relu_finegrained1_YDI19Z.pt,14,50,50,3,1,0.098,0.0005,0.11923888000000002
dwconv-bn-relu_finegrained1_QEIJGI.pt,14,85,85,3,1,0.1666,0.00085,0.11803115999999997
dwconv-bn-relu_finegrained1_XYAMDN.pt,14,72,72,3,1,0.14112,0.00072,0.3959303000000001
dwconv-bn-relu_finegrained1_O34T0B.pt,14,51,51,3,1,0.09996,0.00051,0.12547828
dwconv-bn-relu_finegrained1_KAF0SD.pt,14,73,73,3,1,0.14308,0.00073,0.13128170000000003
dwconv-bn-relu_finegrained1_055GPG.pt,14,87,87,3,1,0.17052,0.00087,0.3321714200000001
dwconv-bn-relu_finegrained1_6QQEK7.pt,14,64,64,3,1,0.12544,0.00064,0.15702323999999995
dwconv-bn-relu_finegrained1_057HSX.pt,14,68,68,3,1,0.13328,0.00068,0.12313226000000004
dwconv-bn-relu_finegrained1_JDJ88H.pt,14,80,80,3,1,0.1568,0.0008,0.12882497999999995
dwconv-bn-relu_finegrained1_3ILNPU.pt,14,88,88,3,1,0.17248,0.00088,0.13101184
dwconv-bn-relu_finegrained1_CXA0DL.pt,14,67,67,3,2,0.03283,0.00067,0.09137754
dwconv-bn-relu_finegrained1_2OJG7N.pt,14,60,60,3,2,0.0294,0.0006,0.11499971999999997
dwconv-bn-relu_finegrained1_03NUDK.pt,14,87,87,3,2,0.04263,0.00087,0.12844864
dwconv-bn-relu_finegrained1_FAAQJE.pt,14,48,48,3,2,0.02352,0.00048,0.12067519999999998
dwconv-bn-relu_finegrained1_RDW28G.pt,14,55,55,3,2,0.02695,0.00055,0.12255273999999998
dwconv-bn-relu_finegrained1_I3ZBFN.pt,14,42,42,3,2,0.02058,0.00042,0.1137167
dwconv-bn-relu_finegrained1_MZDJAC.pt,14,85,85,3,2,0.04165,0.00085,0.12019826000000002
dwconv-bn-relu_finegrained1_Q9AYPJ.pt,14,40,40,3,2,0.0196,0.0004,0.11784300000000003
dwconv-bn-relu_finegrained1_N43P64.pt,14,54,54,3,2,0.02646,0.00054,0.13604972
dwconv-bn-relu_finegrained1_6TMNY6.pt,14,78,78,3,2,0.03822,0.00078,0.11916043999999998
dwconv-bn-relu_finegrained1_2XIENL.pt,14,41,41,3,2,0.02009,0.00041,0.10922102
dwconv-bn-relu_finegrained1_8LKFEY.pt,14,81,81,3,2,0.03969,0.00081,0.11545192
dwconv-bn-relu_finegrained1_S64JFN.pt,14,69,69,3,2,0.03381,0.00069,0.12500237999999997
dwconv-bn-relu_finegrained1_VDXK20.pt,14,66,66,3,2,0.03234,0.00066,0.11594384000000002
dwconv-bn-relu_finegrained1_56T2GX.pt,14,73,73,3,2,0.03577,0.00073,0.12083492
dwconv-bn-relu_finegrained1_PDGV53.pt,14,61,61,3,2,0.02989,0.00061,0.11618386000000007
dwconv-bn-relu_finegrained1_9DXOK8.pt,14,56,56,3,2,0.02744,0.00056,0.23967196
dwconv-bn-relu_finegrained1_HW2X8Q.pt,14,45,45,3,2,0.02205,0.00045,0.12205835999999998
dwconv-bn-relu_finegrained1_7VGW1W.pt,14,83,83,3,2,0.04067,0.00083,0.11811483999999998
dwconv-bn-relu_finegrained1_5JU0C4.pt,14,76,76,3,2,0.03724,0.00076,0.12417041999999999
dwconv-bn-relu_finegrained1_5J4UVM.pt,56,858,858,5,1,69.957888,0.022308,2.949997360000001
dwconv-bn-relu_finegrained1_2Z9Q7D.pt,56,1091,1091,5,1,88.955776,0.028366,3.4119980599999993
dwconv-bn-relu_finegrained1_XXT15P.pt,56,1108,1108,5,1,90.341888,0.028808,3.9973099800000007
dwconv-bn-relu_finegrained1_9SNZX9.pt,56,659,659,5,1,53.732224,0.017134,2.6254077199999997
dwconv-bn-relu_finegrained1_YRF7IT.pt,56,934,934,5,1,76.154624,0.024284,2.7810587
dwconv-bn-relu_finegrained1_VJI8WR.pt,56,743,743,5,1,60.581248,0.019318,2.6469028199999993
dwconv-bn-relu_finegrained1_RQ7XJ8.pt,56,714,714,5,1,58.216704,0.018564,2.4056171600000003
dwconv-bn-relu_finegrained1_AL1OSF.pt,56,1077,1077,5,1,87.814272,0.028002,3.1280904000000005
dwconv-bn-relu_finegrained1_LYT80Y.pt,56,863,863,5,1,70.365568,0.022438,2.7377039399999994
dwconv-bn-relu_finegrained1_YX6H7D.pt,56,1037,1037,5,1,84.552832,0.026962,3.405915980000001
dwconv-bn-relu_finegrained1_HAUJRP.pt,56,887,887,5,1,72.322432,0.023062,2.5378628600000015
dwconv-bn-relu_finegrained1_1NF09I.pt,56,828,828,5,1,67.511808,0.021528,2.23305174
dwconv-bn-relu_finegrained1_F81UX2.pt,56,656,656,5,1,53.487616,0.017056,1.6099704599999998
dwconv-bn-relu_finegrained1_F8U296.pt,56,967,967,5,1,78.845312,0.025142,2.6367164999999995
dwconv-bn-relu_finegrained1_5292CU.pt,56,1001,1001,5,1,81.617536,0.026026,3.0629531800000005
dwconv-bn-relu_finegrained1_7G1ONW.pt,56,1058,1058,5,1,86.265088,0.027508,3.0942984199999994
dwconv-bn-relu_finegrained1_1B00TM.pt,56,930,930,5,1,75.82848,0.02418,2.981004339999999
dwconv-bn-relu_finegrained1_7A381K.pt,56,778,778,5,1,63.435008,0.020228,2.901087939999999
dwconv-bn-relu_finegrained1_3PWXMX.pt,56,870,870,5,1,70.93632,0.02262,2.3243422999999996
dwconv-bn-relu_finegrained1_XET31H.pt,56,1011,1011,5,1,82.432896,0.026286,3.0879968999999994
dwconv-bn-relu_finegrained1_TGENKN.pt,112,70,70,3,1,8.7808,0.0007,0.7329759200000001
dwconv-bn-relu_finegrained1_Q2V122.pt,112,121,121,3,1,15.17824,0.00121,1.5422700800000004
dwconv-bn-relu_finegrained1_LNR0KY.pt,112,63,63,3,1,7.90272,0.00063,0.5525602400000001
dwconv-bn-relu_finegrained1_YSTI8D.pt,112,136,136,3,1,17.05984,0.00136,0.6548589
dwconv-bn-relu_finegrained1_51D8ON.pt,112,98,98,3,1,12.29312,0.00098,0.7331806000000002
dwconv-bn-relu_finegrained1_D07WDK.pt,112,111,111,3,1,13.92384,0.00111,1.3748824399999997
dwconv-bn-relu_finegrained1_PC9EO8.pt,112,102,102,3,1,12.79488,0.00102,0.7647282599999998
dwconv-bn-relu_finegrained1_ESZ0XC.pt,112,78,78,3,1,9.78432,0.00078,0.4334566600000001
dwconv-bn-relu_finegrained1_JKK74J.pt,112,105,105,3,1,13.1712,0.00105,1.6967631600000004
dwconv-bn-relu_finegrained1_PBZ95O.pt,112,60,60,3,1,7.5264,0.0006,0.9615354199999999
dwconv-bn-relu_finegrained1_6TSTB6.pt,112,135,135,3,1,16.9344,0.00135,1.2044558200000002
dwconv-bn-relu_finegrained1_S95N9O.pt,112,131,131,3,1,16.43264,0.00131,2.26412864
dwconv-bn-relu_finegrained1_8HGRML.pt,112,122,122,3,1,15.30368,0.00122,2.100510700000001
dwconv-bn-relu_finegrained1_NURXNA.pt,112,71,71,3,1,8.90624,0.00071,0.7199824800000002
dwconv-bn-relu_finegrained1_94E0UO.pt,112,76,76,3,1,9.53344,0.00076,1.0936579399999997
dwconv-bn-relu_finegrained1_7BG8F4.pt,112,119,119,3,1,14.92736,0.00119,1.6912692199999997
dwconv-bn-relu_finegrained1_R208YM.pt,112,85,85,3,1,10.6624,0.00085,1.2662225999999999
dwconv-bn-relu_finegrained1_WFCC0J.pt,112,79,79,3,1,9.90976,0.00079,0.5815264800000001
dwconv-bn-relu_finegrained1_64ZOTR.pt,112,64,64,3,1,8.02816,0.00064,0.3514928999999999
dwconv-bn-relu_finegrained1_GR6OPB.pt,112,123,123,3,1,15.42912,0.00123,1.77009798
dwconv-bn-relu_finegrained1_D4CO1N.pt,7,58,58,3,1,0.02842,0.00058,0.12092835999999998
dwconv-bn-relu_finegrained1_4YUZ02.pt,7,53,53,3,1,0.02597,0.00053,0.12420292
dwconv-bn-relu_finegrained1_0MDORF.pt,7,45,45,3,1,0.02205,0.00045,0.12491754000000002
dwconv-bn-relu_finegrained1_2OQNC6.pt,7,46,46,3,1,0.02254,0.00046,0.41410292000000015
dwconv-bn-relu_finegrained1_L3P53Z.pt,7,64,64,3,1,0.03136,0.00064,0.15271889999999996
dwconv-bn-relu_finegrained1_09UYTU.pt,7,73,73,3,1,0.03577,0.00073,0.13445690000000002
dwconv-bn-relu_finegrained1_ZOX2CE.pt,7,59,59,3,1,0.02891,0.00059,0.13322907999999994
dwconv-bn-relu_finegrained1_3IFES0.pt,7,67,67,3,1,0.03283,0.00067,0.14669677999999994
dwconv-bn-relu_finegrained1_4JAX4Z.pt,7,51,51,3,1,0.02499,0.00051,0.14130699999999996
dwconv-bn-relu_finegrained1_YXHR6D.pt,7,82,82,3,1,0.04018,0.00082,0.13881675999999998
dwconv-bn-relu_finegrained1_JV8XJR.pt,7,49,49,3,1,0.02401,0.00049,0.13621481999999996
dwconv-bn-relu_finegrained1_1MA7O2.pt,7,40,40,3,1,0.0196,0.0004,0.13877914000000002
dwconv-bn-relu_finegrained1_XJ99KK.pt,7,75,75,3,1,0.03675,0.00075,0.13004836
dwconv-bn-relu_finegrained1_JRY8DC.pt,7,69,69,3,1,0.03381,0.00069,0.13488267999999995
dwconv-bn-relu_finegrained1_1ZCUXT.pt,7,52,52,3,1,0.02548,0.00052,0.12173590000000001
dwconv-bn-relu_finegrained1_48G9N1.pt,7,37,37,3,1,0.01813,0.00037,0.12852356
dwconv-bn-relu_finegrained1_0JW5V6.pt,7,42,42,3,1,0.02058,0.00042,0.3572000799999999
dwconv-bn-relu_finegrained1_SF9S3P.pt,7,78,78,3,1,0.03822,0.00078,0.14044578000000005
dwconv-bn-relu_finegrained1_2L5I2D.pt,7,70,70,3,1,0.0343,0.0007,0.15086703999999998
dwconv-bn-relu_finegrained1_YV9AQX.pt,7,77,77,3,1,0.03773,0.00077,0.15256953999999998
dwconv-bn-relu_finegrained1_QE17AI.pt,112,54,54,3,1,6.77376,0.00054,0.38267726
dwconv-bn-relu_finegrained1_55J606.pt,112,120,120,3,1,15.0528,0.0012,0.6923331399999998
dwconv-bn-relu_finegrained1_DS5YCQ.pt,112,112,112,3,1,14.04928,0.00112,0.9227452599999999
dwconv-bn-relu_finegrained1_8SYSEQ.pt,112,56,56,3,1,7.02464,0.00056,0.3997213400000001
dwconv-bn-relu_finegrained1_ANOTQR.pt,112,118,118,3,1,14.80192,0.00118,1.2922523000000001
dwconv-bn-relu_finegrained1_YYMCE8.pt,112,99,99,3,1,12.41856,0.00099,1.03123744
dwconv-bn-relu_finegrained1_T4C735.pt,112,55,55,3,1,6.8992,0.00055,0.3485000000000001
dwconv-bn-relu_finegrained1_K50CPC.pt,112,102,102,3,1,12.79488,0.00102,1.15130494
dwconv-bn-relu_finegrained1_H56768.pt,112,71,71,3,1,8.90624,0.00071,0.66219536
dwconv-bn-relu_finegrained1_IP5EEE.pt,112,92,92,3,1,11.54048,0.00092,0.5704923199999999
dwconv-bn-relu_finegrained1_AI6TQ5.pt,112,82,82,3,1,10.28608,0.00082,0.4914762800000001
dwconv-bn-relu_finegrained1_DZBM80.pt,112,97,97,3,1,12.16768,0.00097,1.2227219999999999
dwconv-bn-relu_finegrained1_2ZAGV2.pt,112,95,95,3,1,11.9168,0.00095,1.4362723800000001
dwconv-bn-relu_finegrained1_4V1V5X.pt,112,107,107,3,1,13.42208,0.00107,1.6207302599999998
dwconv-bn-relu_finegrained1_76XBEV.pt,112,98,98,3,1,12.29312,0.00098,1.2220764000000006
dwconv-bn-relu_finegrained1_FH6SHM.pt,112,51,51,3,1,6.39744,0.00051,0.4450601199999999
dwconv-bn-relu_finegrained1_56RRYQ.pt,112,89,89,3,1,11.16416,0.00089,1.1457996599999998
dwconv-bn-relu_finegrained1_AADCY1.pt,112,91,91,3,1,11.41504,0.00091,1.1650361199999997
dwconv-bn-relu_finegrained1_9M39U5.pt,112,62,62,3,1,7.77728,0.00062,0.48671702000000006
dwconv-bn-relu_finegrained1_9IT95Q.pt,112,70,70,3,1,8.7808,0.0007,0.7190818800000001
dwconv-bn-relu_finegrained1_3LJCCA.pt,28,480,480,3,1,3.7632,0.0048,0.2097964
dwconv-bn-relu_finegrained1_WCK69D.pt,28,320,320,3,1,2.5088,0.0032,0.37532962000000003
dwconv-bn-relu_finegrained1_AT18TH.pt,28,263,263,3,1,2.06192,0.00263,0.3391945399999999
dwconv-bn-relu_finegrained1_EYCMEM.pt,28,344,344,3,1,2.69696,0.00344,0.21711866000000005
dwconv-bn-relu_finegrained1_QBFDK1.pt,28,470,470,3,1,3.6848,0.0047,0.26877407999999997
dwconv-bn-relu_finegrained1_VNAX7M.pt,28,312,312,3,1,2.44608,0.00312,0.23780322
dwconv-bn-relu_finegrained1_1WP7SG.pt,28,273,273,3,1,2.14032,0.00273,0.2010263600000001
dwconv-bn-relu_finegrained1_X02KQQ.pt,28,293,293,3,1,2.29712,0.00293,0.19938114000000007
dwconv-bn-relu_finegrained1_F5ZAHC.pt,28,300,300,3,1,2.352,0.003,0.20773407999999996
dwconv-bn-relu_finegrained1_KWR8E8.pt,28,448,448,3,1,3.51232,0.00448,0.4661186599999999
dwconv-bn-relu_finegrained1_BFE59S.pt,28,515,515,3,1,4.0376,0.00515,0.24964512000000005
dwconv-bn-relu_finegrained1_HZW0JM.pt,28,419,419,3,1,3.28496,0.00419,0.20497541999999996
dwconv-bn-relu_finegrained1_UCB5ZZ.pt,28,378,378,3,1,2.96352,0.00378,0.22573152
dwconv-bn-relu_finegrained1_9NHD4H.pt,28,431,431,3,1,3.37904,0.00431,0.23957051999999998
dwconv-bn-relu_finegrained1_B46RWQ.pt,28,342,342,3,1,2.68128,0.00342,0.2144081
dwconv-bn-relu_finegrained1_4XPVGT.pt,28,411,411,3,1,3.22224,0.00411,0.23304587999999996
dwconv-bn-relu_finegrained1_9RCC1X.pt,28,457,457,3,1,3.58288,0.00457,0.25518432
dwconv-bn-relu_finegrained1_QNX5R7.pt,28,491,491,3,1,3.84944,0.00491,0.26521031999999983
dwconv-bn-relu_finegrained1_6XZ0AE.pt,28,310,310,3,1,2.4304,0.0031,0.21996399999999997
dwconv-bn-relu_finegrained1_1CGAU7.pt,28,289,289,3,1,2.26576,0.00289,0.21513574000000005
dwconv-bn-relu_finegrained1_XIH80P.pt,56,29,29,5,1,2.364544,0.000754,0.18384599999999995
dwconv-bn-relu_finegrained1_5WFGWC.pt,56,32,32,5,1,2.609152,0.000832,0.17689262000000003
dwconv-bn-relu_finegrained1_X56BB9.pt,56,39,39,5,1,3.179904,0.001014,0.20064517999999992
dwconv-bn-relu_finegrained1_2DT7C8.pt,56,59,59,5,1,4.810624,0.001534,0.41309970000000007
dwconv-bn-relu_finegrained1_3DUOLA.pt,56,42,42,5,1,3.424512,0.001092,0.20066565999999997
dwconv-bn-relu_finegrained1_FA38WN.pt,56,55,55,5,1,4.48448,0.00143,0.23601501999999996
dwconv-bn-relu_finegrained1_JY8HLJ.pt,56,35,35,5,1,2.85376,0.00091,0.17228392
dwconv-bn-relu_finegrained1_9X5BTP.pt,56,50,50,5,1,4.0768,0.0013,0.23148359999999996
dwconv-bn-relu_finegrained1_86O7LA.pt,56,46,46,5,1,3.750656,0.001196,0.20086208000000005
dwconv-bn-relu_finegrained1_4MQWNF.pt,56,54,54,5,1,4.402944,0.001404,0.23825939999999995
dwconv-bn-relu_finegrained1_GQEM2J.pt,56,40,40,5,1,3.26144,0.00104,0.18332082000000002
dwconv-bn-relu_finegrained1_ZQKNTS.pt,56,44,44,5,1,3.587584,0.001144,0.2105528600000001
dwconv-bn-relu_finegrained1_NFY55P.pt,56,64,64,5,1,5.218304,0.001664,0.21062659999999997
dwconv-bn-relu_finegrained1_TKQVR5.pt,56,36,36,5,1,2.935296,0.000936,0.20147638000000004
dwconv-bn-relu_finegrained1_69PW54.pt,56,43,43,5,1,3.506048,0.001118,0.20287065999999992
dwconv-bn-relu_finegrained1_05XWCL.pt,56,33,33,5,1,2.690688,0.000858,0.18964860000000006
dwconv-bn-relu_finegrained1_1DSBG0.pt,56,28,28,5,1,2.283008,0.000728,0.19529844000000002
dwconv-bn-relu_finegrained1_BGQB8U.pt,56,53,53,5,1,4.321408,0.001378,0.24845426
dwconv-bn-relu_finegrained1_NIX0Z2.pt,56,38,38,5,1,3.098368,0.000988,0.21535189999999993
dwconv-bn-relu_finegrained1_5QIEDI.pt,56,60,60,5,1,4.89216,0.00156,0.5123426600000001
dwconv-bn-relu_finegrained1_46OYND.pt,112,50,50,5,1,16.3072,0.0013,0.59540186
dwconv-bn-relu_finegrained1_F6U735.pt,112,72,72,5,1,23.482368,0.001872,0.4645496
dwconv-bn-relu_finegrained1_64HI0I.pt,112,77,77,5,1,25.113088,0.002002,0.5397441000000002
dwconv-bn-relu_finegrained1_QB41A8.pt,112,62,62,5,1,20.220928,0.001612,0.80573614
dwconv-bn-relu_finegrained1_RAS8UW.pt,112,37,37,5,1,12.067328,0.000962,0.3919615800000001
dwconv-bn-relu_finegrained1_25V6SO.pt,112,59,59,5,1,19.242496,0.001534,0.4875319999999998
dwconv-bn-relu_finegrained1_XHOKLJ.pt,112,61,61,5,1,19.894784,0.001586,0.4782325
dwconv-bn-relu_finegrained1_X7S685.pt,112,45,45,5,1,14.67648,0.00117,0.49472698000000004
dwconv-bn-relu_finegrained1_85XLBE.pt,112,47,47,5,1,15.328768,0.001222,0.5865074200000001
dwconv-bn-relu_finegrained1_A8NPKV.pt,112,56,56,5,1,18.264064,0.001456,0.45340876
dwconv-bn-relu_finegrained1_SG3K92.pt,112,38,38,5,1,12.393472,0.000988,0.30741952000000006
dwconv-bn-relu_finegrained1_JLGNTA.pt,112,52,52,5,1,16.959488,0.001352,0.6421011400000002
dwconv-bn-relu_finegrained1_VD5TVF.pt,112,48,48,5,1,15.654912,0.001248,0.6674981
dwconv-bn-relu_finegrained1_JHT1FW.pt,112,49,49,5,1,15.981056,0.001274,0.4347102199999998
dwconv-bn-relu_finegrained1_VXYX0K.pt,112,51,51,5,1,16.633344,0.001326,0.5569061399999999
dwconv-bn-relu_finegrained1_VPONOB.pt,112,78,78,5,1,25.439232,0.002028,0.5164887999999999
dwconv-bn-relu_finegrained1_P4PE1Y.pt,112,60,60,5,1,19.56864,0.00156,1.31224906
dwconv-bn-relu_finegrained1_KCMHK8.pt,112,42,42,5,1,13.698048,0.001092,0.6589134
dwconv-bn-relu_finegrained1_W1AZSJ.pt,112,53,53,5,1,17.285632,0.001378,0.4576643799999998
dwconv-bn-relu_finegrained1_2Z55D4.pt,112,69,69,5,1,22.503936,0.001794,0.49062695999999995
dwconv-bn-relu_finegrained1_F3LFUL.pt,28,1046,1046,5,1,21.321664,0.027196,0.5517404799999999
dwconv-bn-relu_finegrained1_D780YU.pt,28,889,889,5,1,18.121376,0.023114,0.4972005200000001
dwconv-bn-relu_finegrained1_L4FBYR.pt,28,550,550,5,1,11.2112,0.0143,0.33709649999999997
dwconv-bn-relu_finegrained1_0IPZT9.pt,28,663,663,5,1,13.514592,0.017238,0.4006496199999999
dwconv-bn-relu_finegrained1_KW2NKY.pt,28,662,662,5,1,13.494208,0.017212,0.29323161999999997
dwconv-bn-relu_finegrained1_DTJUAA.pt,28,1023,1023,5,1,20.852832,0.026598,0.39035518
dwconv-bn-relu_finegrained1_QE2HBX.pt,28,1168,1168,5,1,23.808512,0.030368,0.7299719600000003
dwconv-bn-relu_finegrained1_MPLQOU.pt,28,867,867,5,1,17.672928,0.022542,0.82734604
dwconv-bn-relu_finegrained1_NAHPLJ.pt,28,1045,1045,5,1,21.30128,0.02717,0.98560924
dwconv-bn-relu_finegrained1_F0KRO3.pt,28,1216,1216,5,1,24.786944,0.031616,0.67470384
dwconv-bn-relu_finegrained1_OSO8DA.pt,28,1146,1146,5,1,23.360064,0.029796,0.4485725
dwconv-bn-relu_finegrained1_TLQM7V.pt,28,674,674,5,1,13.738816,0.017524,0.32433319999999993
dwconv-bn-relu_finegrained1_KACQNG.pt,28,973,973,5,1,19.833632,0.025298,0.41113266000000004
dwconv-bn-relu_finegrained1_X87FDW.pt,28,924,924,5,1,18.834816,0.024024,0.39894625999999994
dwconv-bn-relu_finegrained1_AEDQXE.pt,28,1137,1137,5,1,23.176608,0.029562,0.4943240399999999
dwconv-bn-relu_finegrained1_K6K1CA.pt,28,586,586,5,1,11.945024,0.015236,0.54840974
dwconv-bn-relu_finegrained1_AS4TAU.pt,28,1009,1009,5,1,20.567456,0.026234,0.55834932
dwconv-bn-relu_finegrained1_7PM57H.pt,28,688,688,5,1,14.024192,0.017888,0.29020061999999996
dwconv-bn-relu_finegrained1_9IM7MF.pt,28,761,761,5,1,15.512224,0.019786,0.34758377999999984
dwconv-bn-relu_finegrained1_4YY3A9.pt,28,545,545,5,1,11.10928,0.01417,0.5542874400000001
dwconv-bn-relu_finegrained1_PPIRYQ.pt,112,123,123,3,1,15.42912,0.00123,1.55056688
dwconv-bn-relu_finegrained1_KE9PV6.pt,112,100,100,3,1,12.544,0.001,1.3004041800000004
dwconv-bn-relu_finegrained1_FOEMCR.pt,112,99,99,3,1,12.41856,0.00099,1.0737799600000002
dwconv-bn-relu_finegrained1_8HTL0Z.pt,112,89,89,3,1,11.16416,0.00089,1.4405630000000003
dwconv-bn-relu_finegrained1_3UICAU.pt,112,91,91,3,1,11.41504,0.00091,1.1486529
dwconv-bn-relu_finegrained1_NNR140.pt,112,92,92,3,1,11.54048,0.00092,1.30555228
dwconv-bn-relu_finegrained1_6C1OUW.pt,112,63,63,3,1,7.90272,0.00063,0.9570405799999997
dwconv-bn-relu_finegrained1_J6FGWD.pt,112,98,98,3,1,12.29312,0.00098,1.30908646
dwconv-bn-relu_finegrained1_SMQ8US.pt,112,118,118,3,1,14.80192,0.00118,1.24005814
dwconv-bn-relu_finegrained1_MEUAXM.pt,112,73,73,3,1,9.15712,0.00073,0.4617888
dwconv-bn-relu_finegrained1_1MAE0R.pt,112,111,111,3,1,13.92384,0.00111,0.8320811799999999
dwconv-bn-relu_finegrained1_0F8SED.pt,112,119,119,3,1,14.92736,0.00119,1.2324737400000003
dwconv-bn-relu_finegrained1_P1LPLG.pt,112,105,105,3,1,13.1712,0.00105,1.6931825799999998
dwconv-bn-relu_finegrained1_QKWH2J.pt,112,109,109,3,1,13.67296,0.00109,1.5419888800000001
dwconv-bn-relu_finegrained1_C50F8Z.pt,112,128,128,3,1,16.05632,0.00128,0.6669893200000001
dwconv-bn-relu_finegrained1_6BH1HC.pt,112,96,96,3,1,12.04224,0.00096,0.88795548
dwconv-bn-relu_finegrained1_OUAF0U.pt,112,120,120,3,1,15.0528,0.0012,0.8736367800000002
dwconv-bn-relu_finegrained1_CCSWRF.pt,112,124,124,3,1,15.55456,0.00124,1.91660484
dwconv-bn-relu_finegrained1_DLH26A.pt,112,102,102,3,1,12.79488,0.00102,1.6090378399999998
dwconv-bn-relu_finegrained1_KPF2RR.pt,112,82,82,3,1,10.28608,0.00082,1.4633175799999991
dwconv-bn-relu_finegrained1_7MSGVS.pt,112,528,528,7,1,331.1616,0.0264,7.953240480000001
dwconv-bn-relu_finegrained1_9ZQ9NY.pt,112,390,390,7,1,244.608,0.0195,5.753941440000001
dwconv-bn-relu_finegrained1_JP9GT4.pt,112,536,536,7,1,336.1792,0.0268,8.00699676
dwconv-bn-relu_finegrained1_LY20G0.pt,112,440,440,7,1,275.968,0.022,5.764953320000001
dwconv-bn-relu_finegrained1_7WQ61L.pt,112,339,339,7,1,212.6208,0.01695,5.52406502
dwconv-bn-relu_finegrained1_Z2AYBG.pt,112,270,270,7,1,169.344,0.0135,3.6384344
dwconv-bn-relu_finegrained1_TT70XC.pt,112,534,534,7,1,334.9248,0.0267,8.64275136
dwconv-bn-relu_finegrained1_FAB30S.pt,112,466,466,7,1,292.2752,0.0233,6.650419659999999
dwconv-bn-relu_finegrained1_WO9LVK.pt,112,302,302,7,1,189.4144,0.0151,3.4843260999999988
dwconv-bn-relu_finegrained1_DEG5MZ.pt,112,527,527,7,1,330.5344,0.02635,9.17722088
dwconv-bn-relu_finegrained1_VKR3W8.pt,112,523,523,7,1,328.0256,0.02615,9.12767742
dwconv-bn-relu_finegrained1_AUQU29.pt,112,451,451,7,1,282.8672,0.02255,7.4203087000000005
dwconv-bn-relu_finegrained1_W1DBC4.pt,112,453,453,7,1,284.1216,0.02265,7.539328419999999
dwconv-bn-relu_finegrained1_C5B1L2.pt,112,278,278,7,1,174.3616,0.0139,4.4717490600000005
dwconv-bn-relu_finegrained1_PVU5XM.pt,112,272,272,7,1,170.5984,0.0136,2.7272989400000007
dwconv-bn-relu_finegrained1_AYN8LA.pt,112,505,505,7,1,316.736,0.02525,7.69391174
dwconv-bn-relu_finegrained1_3LXG4V.pt,112,434,434,7,1,272.2048,0.0217,7.04533272
dwconv-bn-relu_finegrained1_BCZFKF.pt,112,308,308,7,1,193.1776,0.0154,3.463961159999999
dwconv-bn-relu_finegrained1_G5GWSO.pt,112,343,343,7,1,215.1296,0.01715,5.036934060000001
dwconv-bn-relu_finegrained1_IYZXRT.pt,112,275,275,7,1,172.48,0.01375,4.210493540000001
dwconv-bn-relu_finegrained1_GM2LFD.pt,28,631,631,7,1,24.7352,0.03155,0.31994692
dwconv-bn-relu_finegrained1_TDA6LE.pt,28,611,611,7,1,23.9512,0.03055,0.9017139800000001
dwconv-bn-relu_finegrained1_GM874R.pt,28,659,659,7,1,25.8328,0.03295,0.35449426
dwconv-bn-relu_finegrained1_VHK4BS.pt,28,376,376,7,1,14.7392,0.0188,0.2376329
dwconv-bn-relu_finegrained1_VKB80V.pt,28,478,478,7,1,18.7376,0.0239,0.3230429200000001
dwconv-bn-relu_finegrained1_MWBD6X.pt,28,537,537,7,1,21.0504,0.02685,0.44321609999999995
dwconv-bn-relu_finegrained1_K4YNNP.pt,28,350,350,7,1,13.72,0.0175,0.24527613999999998
dwconv-bn-relu_finegrained1_39TO8D.pt,28,709,709,7,1,27.7928,0.03545,0.4008855799999999
dwconv-bn-relu_finegrained1_S848KH.pt,28,551,551,7,1,21.5992,0.02755,0.32437772
dwconv-bn-relu_finegrained1_SR50AR.pt,28,555,555,7,1,21.756,0.02775,0.5245196400000002
dwconv-bn-relu_finegrained1_EMMXP8.pt,28,380,380,7,1,14.896,0.019,0.23547248000000007
dwconv-bn-relu_finegrained1_WF757F.pt,28,345,345,7,1,13.524,0.01725,0.34882950000000007
dwconv-bn-relu_finegrained1_6GZDWO.pt,28,364,364,7,1,14.2688,0.0182,0.25850966
dwconv-bn-relu_finegrained1_ASFUZQ.pt,28,577,577,7,1,22.6184,0.02885,0.33698619999999996
dwconv-bn-relu_finegrained1_PS6PLP.pt,28,644,644,7,1,25.2448,0.0322,0.34923052000000004
dwconv-bn-relu_finegrained1_BXJXF9.pt,28,512,512,7,1,20.0704,0.0256,1.00082808
dwconv-bn-relu_finegrained1_2DB22B.pt,28,385,385,7,1,15.092,0.01925,0.3429745400000001
dwconv-bn-relu_finegrained1_F36BKR.pt,28,382,382,7,1,14.9744,0.0191,0.2494873800000001
dwconv-bn-relu_finegrained1_BOW9AA.pt,28,592,592,7,1,23.2064,0.0296,0.307598
dwconv-bn-relu_finegrained1_IHOISX.pt,28,408,408,7,1,15.9936,0.0204,0.24397180000000002
dwconv-bn-relu_finegrained1_6T8AMI.pt,28,15,15,3,1,0.1176,0.00015,0.12692090000000003
dwconv-bn-relu_finegrained1_XESCNP.pt,28,12,12,3,1,0.09408,0.00012,0.27208077999999997
dwconv-bn-relu_finegrained1_PVHO38.pt,28,23,23,3,1,0.18032,0.00023,0.14209968000000006
dwconv-bn-relu_finegrained1_WGOBZ2.pt,28,19,19,3,1,0.14896,0.00019,0.13094619999999998
dwconv-bn-relu_finegrained1_ZV089B.pt,28,20,20,3,1,0.1568,0.0002,0.1346263
dwconv-bn-relu_finegrained1_ARFOMW.pt,28,13,13,3,1,0.10192,0.00013,0.12941884
dwconv-bn-relu_finegrained1_ETNIN6.pt,28,10,10,3,1,0.0784,0.0001,0.13520892
dwconv-bn-relu_finegrained1_DGNZ0J.pt,28,14,14,3,1,0.10976,0.00014,0.13005428
dwconv-bn-relu_finegrained1_NBAD46.pt,28,17,17,3,1,0.13328,0.00017,0.12867686
dwconv-bn-relu_finegrained1_LDPJX9.pt,28,24,24,3,1,0.18816,0.00024,0.14801272
dwconv-bn-relu_finegrained1_B51IQZ.pt,28,22,22,3,1,0.17248,0.00022,0.10723696
dwconv-bn-relu_finegrained1_QHZ8AN.pt,28,11,11,3,1,0.08624,0.00011,0.11922419999999999
dwconv-bn-relu_finegrained1_RQ2Z09.pt,28,16,16,3,1,0.12544,0.00016,0.12116859999999999
dwconv-bn-relu_finegrained1_Z0UVON.pt,28,18,18,3,1,0.14112,0.00018,0.12191329999999999
dwconv-bn-relu_finegrained1_8RYZPK.pt,28,21,21,3,1,0.16464,0.00021,0.12484396000000002
dwconv-bn-relu_finegrained1_1KC5BU.pt,7,151,151,5,1,0.192374,0.003926,0.12757076
dwconv-bn-relu_finegrained1_AQAI46.pt,7,94,94,5,1,0.119756,0.002444,0.1479259
dwconv-bn-relu_finegrained1_OZHZ0S.pt,7,171,171,5,1,0.217854,0.004446,0.35477626
dwconv-bn-relu_finegrained1_0CGMDH.pt,7,185,185,5,1,0.23569,0.00481,0.15278586
dwconv-bn-relu_finegrained1_39SWW3.pt,7,116,116,5,1,0.147784,0.003016,0.14613340000000002
dwconv-bn-relu_finegrained1_34YJVC.pt,7,136,136,5,1,0.173264,0.003536,0.14647755999999998
dwconv-bn-relu_finegrained1_5EBG3J.pt,7,119,119,5,1,0.151606,0.003094,0.3698986800000001
dwconv-bn-relu_finegrained1_XS2QKO.pt,7,118,118,5,1,0.150332,0.003068,0.14676767999999996
dwconv-bn-relu_finegrained1_736ITU.pt,7,181,181,5,1,0.230594,0.004706,0.2347977
dwconv-bn-relu_finegrained1_R73MPJ.pt,7,175,175,5,1,0.22295,0.00455,0.18273003999999993
dwconv-bn-relu_finegrained1_04MP42.pt,7,109,109,5,1,0.138866,0.002834,0.14534743999999997
dwconv-bn-relu_finegrained1_4TWIS2.pt,7,108,108,5,1,0.137592,0.002808,0.14215126
dwconv-bn-relu_finegrained1_LKCAWT.pt,7,114,114,5,1,0.145236,0.002964,0.14993646000000002
dwconv-bn-relu_finegrained1_Z5QL4X.pt,7,169,169,5,1,0.215306,0.004394,0.14744327999999995
dwconv-bn-relu_finegrained1_9P4YW6.pt,7,172,172,5,1,0.219128,0.004472,0.14619091999999995
dwconv-bn-relu_finegrained1_1T4Z8P.pt,7,78,78,5,1,0.099372,0.002028,0.15012040000000001
dwconv-bn-relu_finegrained1_S5GWF1.pt,7,154,154,5,1,0.196196,0.004004,0.14422732
dwconv-bn-relu_finegrained1_YL579J.pt,7,111,111,5,1,0.141414,0.002886,0.14412928000000003
dwconv-bn-relu_finegrained1_PENRU6.pt,7,105,105,5,1,0.13377,0.00273,0.14130979999999999
dwconv-bn-relu_finegrained1_8TQRQ2.pt,7,159,159,5,1,0.202566,0.004134,0.12194175999999997
dwconv-bn-relu_finegrained1_Z3M02R.pt,28,432,432,7,2,4.2336,0.0216,0.18284818000000003
dwconv-bn-relu_finegrained1_OS27IA.pt,28,543,543,7,2,5.3214,0.02715,0.20443839999999994
dwconv-bn-relu_finegrained1_QVIWUF.pt,28,261,261,7,2,2.5578,0.01305,0.18578925999999998
dwconv-bn-relu_finegrained1_S3197N.pt,28,467,467,7,2,4.5766,0.02335,0.21012875999999994
dwconv-bn-relu_finegrained1_NWR979.pt,28,517,517,7,2,5.0666,0.02585,0.21393401999999997
dwconv-bn-relu_finegrained1_AZOXSU.pt,28,381,381,7,2,3.7338,0.01905,0.3436842199999999
dwconv-bn-relu_finegrained1_ZL3R4Z.pt,28,331,331,7,2,3.2438,0.01655,0.18558238
dwconv-bn-relu_finegrained1_PY2T9S.pt,28,488,488,7,2,4.7824,0.0244,0.1870651
dwconv-bn-relu_finegrained1_X4SS9R.pt,28,290,290,7,2,2.842,0.0145,0.18514116000000005
dwconv-bn-relu_finegrained1_SS39K7.pt,28,486,486,7,2,4.7628,0.0243,0.21055817999999996
dwconv-bn-relu_finegrained1_JS0SAU.pt,28,518,518,7,2,5.0764,0.0259,0.21610680000000002
dwconv-bn-relu_finegrained1_NUXX24.pt,28,460,460,7,2,4.508,0.023,0.19292349999999991
dwconv-bn-relu_finegrained1_1OO6KT.pt,28,491,491,7,2,4.8118,0.02455,0.19763995999999995
dwconv-bn-relu_finegrained1_8I7DC6.pt,28,407,407,7,2,3.9886,0.02035,0.19664142
dwconv-bn-relu_finegrained1_RHUGGE.pt,28,338,338,7,2,3.3124,0.0169,0.19698996000000002
dwconv-bn-relu_finegrained1_FDZBIT.pt,28,440,440,7,2,4.312,0.022,0.19996281999999999
dwconv-bn-relu_finegrained1_S3KADP.pt,28,238,238,7,2,2.3324,0.0119,0.42652158
dwconv-bn-relu_finegrained1_SUA7GM.pt,28,541,541,7,2,5.3018,0.02705,0.2162523999999999
dwconv-bn-relu_finegrained1_OZWLAN.pt,28,236,236,7,2,2.3128,0.0118,0.18298411999999992
dwconv-bn-relu_finegrained1_TSAL59.pt,28,267,267,7,2,2.6166,0.01335,0.3856062800000001
dwconv-bn-relu_finegrained1_GQQOVN.pt,14,60,60,3,1,0.1176,0.0006,0.12818568000000005
dwconv-bn-relu_finegrained1_D0LSZI.pt,14,64,64,3,1,0.12544,0.00064,0.13317110000000001
dwconv-bn-relu_finegrained1_O4JPYO.pt,14,80,80,3,1,0.1568,0.0008,0.17167355999999998
dwconv-bn-relu_finegrained1_KD5NFO.pt,14,78,78,3,1,0.15288,0.00078,0.12140897999999999
dwconv-bn-relu_finegrained1_DVUY27.pt,14,58,58,3,1,0.11368,0.00058,0.23982969999999995
dwconv-bn-relu_finegrained1_3CNAAH.pt,14,79,79,3,1,0.15484,0.00079,0.10723193999999997
dwconv-bn-relu_finegrained1_TUQLDI.pt,14,43,43,3,1,0.08428,0.00043,0.13384382000000003
dwconv-bn-relu_finegrained1_7QST4C.pt,14,35,35,3,1,0.0686,0.00035,0.1375246
dwconv-bn-relu_finegrained1_NO95W1.pt,14,67,67,3,1,0.13132,0.00067,0.13523657999999997
dwconv-bn-relu_finegrained1_0UTFW9.pt,14,44,44,3,1,0.08624,0.00044,0.14410503999999993
dwconv-bn-relu_finegrained1_9S0BN8.pt,14,68,68,3,1,0.13328,0.00068,0.14218292
dwconv-bn-relu_finegrained1_795EBN.pt,14,52,52,3,1,0.10192,0.00052,0.14248005999999996
dwconv-bn-relu_finegrained1_NIGCGY.pt,14,48,48,3,1,0.09408,0.00048,0.14716596000000004
dwconv-bn-relu_finegrained1_1B2LGS.pt,14,34,34,3,1,0.06664,0.00034,0.14215168000000003
dwconv-bn-relu_finegrained1_L2CTZ3.pt,14,46,46,3,1,0.09016,0.00046,0.14885558
dwconv-bn-relu_finegrained1_N2X2K7.pt,14,69,69,3,1,0.13524,0.00069,0.14596201999999997
dwconv-bn-relu_finegrained1_9DWCMW.pt,14,59,59,3,1,0.11564,0.00059,0.14590327999999997
dwconv-bn-relu_finegrained1_OJMNWX.pt,14,73,73,3,1,0.14308,0.00073,0.14640824
dwconv-bn-relu_finegrained1_NJA7DU.pt,14,45,45,3,1,0.0882,0.00045,0.14358320000000005
dwconv-bn-relu_finegrained1_LLW65X.pt,14,66,66,3,1,0.12936,0.00066,0.14700340000000003
dwconv-bn-relu_finegrained1_1QAKKJ.pt,28,80,80,7,2,0.784,0.004,0.16091289999999997
dwconv-bn-relu_finegrained1_Z098CR.pt,28,72,72,7,2,0.7056,0.0036,0.26426316
dwconv-bn-relu_finegrained1_0SOKA5.pt,28,145,145,7,2,1.421,0.00725,0.17545946
dwconv-bn-relu_finegrained1_EFYRIH.pt,28,71,71,7,2,0.6958,0.00355,0.33647734000000007
dwconv-bn-relu_finegrained1_R83U0L.pt,28,139,139,7,2,1.3622,0.00695,0.15287605999999998
dwconv-bn-relu_finegrained1_Y5R1B8.pt,28,138,138,7,2,1.3524,0.0069,0.15958706
dwconv-bn-relu_finegrained1_VYRF9M.pt,28,136,136,7,2,1.3328,0.0068,0.14358836
dwconv-bn-relu_finegrained1_3V3LS2.pt,28,116,116,7,2,1.1368,0.0058,0.15012506000000006
dwconv-bn-relu_finegrained1_P8OADA.pt,28,103,103,7,2,1.0094,0.00515,0.14853666000000001
dwconv-bn-relu_finegrained1_H0P3YF.pt,28,87,87,7,2,0.8526,0.00435,0.14543085999999997
dwconv-bn-relu_finegrained1_NH0GSF.pt,28,109,109,7,2,1.0682,0.00545,0.15149556
dwconv-bn-relu_finegrained1_T1GYU1.pt,28,124,124,7,2,1.2152,0.0062,0.41997198000000013
dwconv-bn-relu_finegrained1_0ASY7B.pt,28,99,99,7,2,0.9702,0.00495,0.15333133999999998
dwconv-bn-relu_finegrained1_1FFB5Q.pt,28,112,112,7,2,1.0976,0.0056,0.26966694
dwconv-bn-relu_finegrained1_0250Q2.pt,28,64,64,7,2,0.6272,0.0032,0.13745198
dwconv-bn-relu_finegrained1_M09ZTJ.pt,28,121,121,7,2,1.1858,0.00605,0.15220315999999998
dwconv-bn-relu_finegrained1_RYIBDX.pt,28,88,88,7,2,0.8624,0.0044,0.14812663999999995
dwconv-bn-relu_finegrained1_QPQ377.pt,28,94,94,7,2,0.9212,0.0047,0.15355468000000003
dwconv-bn-relu_finegrained1_H9RWZ8.pt,28,114,114,7,2,1.1172,0.0057,0.1642802
dwconv-bn-relu_finegrained1_RJFTO8.pt,28,125,125,7,2,1.225,0.00625,0.15583416000000003
dwconv-bn-relu_finegrained1_UPHFCJ.pt,28,448,448,3,1,3.51232,0.00448,0.24057166000000002
dwconv-bn-relu_finegrained1_56XECK.pt,28,433,433,3,1,3.39472,0.00433,0.25764622000000004
dwconv-bn-relu_finegrained1_4LQM7L.pt,28,399,399,3,1,3.12816,0.00399,0.24490337999999998
dwconv-bn-relu_finegrained1_GUVALH.pt,28,533,533,3,1,4.17872,0.00533,0.27943694
dwconv-bn-relu_finegrained1_SXBJRN.pt,28,307,307,3,1,2.40688,0.00307,0.22258514000000001
dwconv-bn-relu_finegrained1_JGNV15.pt,28,532,532,3,1,4.17088,0.00532,0.26591763999999996
dwconv-bn-relu_finegrained1_28NBGZ.pt,28,488,488,3,1,3.82592,0.00488,0.23008747999999998
dwconv-bn-relu_finegrained1_YPSYFL.pt,28,287,287,3,1,2.25008,0.00287,0.38485887999999996
dwconv-bn-relu_finegrained1_NW5W8T.pt,28,666,666,3,1,5.22144,0.00666,0.31608202000000013
dwconv-bn-relu_finegrained1_HC6H7S.pt,28,305,305,3,1,2.3912,0.00305,0.21394455999999998
dwconv-bn-relu_finegrained1_BJFHBU.pt,28,482,482,3,1,3.77888,0.00482,0.26248254
dwconv-bn-relu_finegrained1_A5PX9O.pt,28,318,318,3,1,2.49312,0.00318,0.22300164
dwconv-bn-relu_finegrained1_XUC7WG.pt,28,588,588,3,1,4.60992,0.00588,0.29479416
dwconv-bn-relu_finegrained1_Q6K0A0.pt,28,293,293,3,1,2.29712,0.00293,0.21428292000000002
dwconv-bn-relu_finegrained1_IJYPDK.pt,28,598,598,3,1,4.68832,0.00598,0.2720705999999999
dwconv-bn-relu_finegrained1_YF6UDH.pt,28,458,458,3,1,3.59072,0.00458,0.22908309999999996
dwconv-bn-relu_finegrained1_TKIVLO.pt,28,573,573,3,1,4.49232,0.00573,0.2802566800000001
dwconv-bn-relu_finegrained1_GQIOV1.pt,28,499,499,3,1,3.91216,0.00499,0.24510583999999994
dwconv-bn-relu_finegrained1_VO36A2.pt,28,459,459,3,1,3.59856,0.00459,0.35423271999999995
dwconv-bn-relu_finegrained1_QHH6MJ.pt,28,360,360,3,1,2.8224,0.0036,0.29355760000000003
dwconv-bn-relu_finegrained1_20L80Y.pt,28,85,85,3,1,0.6664,0.00085,0.15394287999999995
dwconv-bn-relu_finegrained1_DDQRJM.pt,28,93,93,3,1,0.72912,0.00093,0.16083155999999998
dwconv-bn-relu_finegrained1_BC4CQD.pt,28,97,97,3,1,0.76048,0.00097,0.15880457999999997
dwconv-bn-relu_finegrained1_3BOK6T.pt,28,54,54,3,1,0.42336,0.00054,0.15247858
dwconv-bn-relu_finegrained1_0MA5CX.pt,28,68,68,3,1,0.53312,0.00068,0.15616371999999998
dwconv-bn-relu_finegrained1_VTFJ8P.pt,28,49,49,3,1,0.38416,0.00049,0.14434863999999994
dwconv-bn-relu_finegrained1_2MWPT8.pt,28,104,104,3,1,0.81536,0.00104,0.16044720000000004
dwconv-bn-relu_finegrained1_H2AKGE.pt,28,53,53,3,1,0.41552,0.00053,0.14979600000000004
dwconv-bn-relu_finegrained1_MR1VCV.pt,28,74,74,3,1,0.58016,0.00074,0.45748632000000006
dwconv-bn-relu_finegrained1_ELM38T.pt,28,57,57,3,1,0.44688,0.00057,0.1464413
dwconv-bn-relu_finegrained1_4PGX4D.pt,28,63,63,3,1,0.49392,0.00063,0.21212624
dwconv-bn-relu_finegrained1_JAKW1Q.pt,28,76,76,3,1,0.59584,0.00076,0.15149622000000004
dwconv-bn-relu_finegrained1_QGWVHH.pt,28,86,86,3,1,0.67424,0.00086,0.16346356
dwconv-bn-relu_finegrained1_6NPD9X.pt,28,92,92,3,1,0.72128,0.00092,0.15830182000000004
dwconv-bn-relu_finegrained1_LQ6ELX.pt,28,61,61,3,1,0.47824,0.00061,0.15495451999999998
dwconv-bn-relu_finegrained1_1XINA2.pt,28,105,105,3,1,0.8232,0.00105,0.16100742
dwconv-bn-relu_finegrained1_FUM6AR.pt,28,78,78,3,1,0.61152,0.00078,0.15574842
dwconv-bn-relu_finegrained1_1TYXJK.pt,28,80,80,3,1,0.6272,0.0008,0.41115890000000005
dwconv-bn-relu_finegrained1_I6Q6B2.pt,28,99,99,3,1,0.77616,0.00099,0.15511906
dwconv-bn-relu_finegrained1_UCC23T.pt,28,66,66,3,1,0.51744,0.00066,0.14816975999999998
dwconv-bn-relu_finegrained1_4YQB16.pt,7,35,35,3,1,0.01715,0.00035,0.12593387999999994
dwconv-bn-relu_finegrained1_9S0Z9E.pt,7,30,30,3,1,0.0147,0.0003,0.13110313999999998
dwconv-bn-relu_finegrained1_M0OE56.pt,7,27,27,3,1,0.01323,0.00027,0.2728755199999999
dwconv-bn-relu_finegrained1_FGB2KV.pt,7,38,38,3,1,0.01862,0.00038,0.3810886
dwconv-bn-relu_finegrained1_5B03N0.pt,7,28,28,3,1,0.01372,0.00028,0.14050038000000004
dwconv-bn-relu_finegrained1_WKQFNZ.pt,7,23,23,3,1,0.01127,0.00023,0.13849812
dwconv-bn-relu_finegrained1_1H4AKI.pt,7,39,39,3,1,0.01911,0.00039,0.1364237
dwconv-bn-relu_finegrained1_GXQMY4.pt,7,36,36,3,1,0.01764,0.00036,0.13395369999999998
dwconv-bn-relu_finegrained1_YSUA63.pt,7,40,40,3,1,0.0196,0.0004,0.1454469800000001
dwconv-bn-relu_finegrained1_SHFYO7.pt,7,22,22,3,1,0.01078,0.00022,0.27513862
dwconv-bn-relu_finegrained1_2PYJKV.pt,7,20,20,3,1,0.0098,0.0002,0.12599264
dwconv-bn-relu_finegrained1_VGFJ6V.pt,7,21,21,3,1,0.01029,0.00021,0.12844636000000004
dwconv-bn-relu_finegrained1_4QE2L0.pt,7,48,48,3,1,0.02352,0.00048,0.10681532
dwconv-bn-relu_finegrained1_WOMII1.pt,7,41,41,3,1,0.02009,0.00041,0.30715724
dwconv-bn-relu_finegrained1_CFA2LW.pt,7,32,32,3,1,0.01568,0.00032,0.13525884000000002
dwconv-bn-relu_finegrained1_TTWRD5.pt,7,29,29,3,1,0.01421,0.00029,0.29192014000000005
dwconv-bn-relu_finegrained1_0R819R.pt,7,33,33,3,1,0.01617,0.00033,0.13172714000000002
dwconv-bn-relu_finegrained1_CYDB3M.pt,7,31,31,3,1,0.01519,0.00031,0.12664024000000002
dwconv-bn-relu_finegrained1_TEQRX1.pt,7,46,46,3,1,0.02254,0.00046,0.12796118
dwconv-bn-relu_finegrained1_NWZ5Y3.pt,7,25,25,3,1,0.01225,0.00025,0.13346886
dwconv-bn-relu_finegrained1_4OTH0A.pt,56,102,102,5,1,8.316672,0.002652,0.34306014000000007
dwconv-bn-relu_finegrained1_D2JFX1.pt,56,103,103,5,1,8.398208,0.002678,0.2658311800000001
dwconv-bn-relu_finegrained1_H4ZQ6M.pt,56,87,87,5,1,7.093632,0.002262,0.25523694
dwconv-bn-relu_finegrained1_V2CRPD.pt,56,104,104,5,1,8.479744,0.002704,0.22961507999999992
dwconv-bn-relu_finegrained1_SKCDRW.pt,56,124,124,5,1,10.110464,0.003224,0.29458616000000004
dwconv-bn-relu_finegrained1_NR65BC.pt,56,123,123,5,1,10.028928,0.003198,0.27530958
dwconv-bn-relu_finegrained1_TR3CCP.pt,56,62,62,5,1,5.055232,0.001612,0.22967753999999999
dwconv-bn-relu_finegrained1_EEYORU.pt,56,89,89,5,1,7.256704,0.002314,0.26967080000000004
dwconv-bn-relu_finegrained1_0KVGR1.pt,56,73,73,5,1,5.952128,0.001898,0.25687506000000004
dwconv-bn-relu_finegrained1_19EWLG.pt,56,129,129,5,1,10.518144,0.003354,0.37917593999999993
dwconv-bn-relu_finegrained1_QKJIA3.pt,56,100,100,5,1,8.1536,0.0026,0.29681406
dwconv-bn-relu_finegrained1_D7QAOU.pt,56,127,127,5,1,10.355072,0.003302,0.35630281999999985
dwconv-bn-relu_finegrained1_SO6GYO.pt,56,117,117,5,1,9.539712,0.003042,0.3390922399999999
dwconv-bn-relu_finegrained1_SUKJO1.pt,56,90,90,5,1,7.33824,0.00234,0.27876228000000003
dwconv-bn-relu_finegrained1_1HIEF1.pt,56,93,93,5,1,7.582848,0.002418,0.28484894
dwconv-bn-relu_finegrained1_UQTZ3Z.pt,56,61,61,5,1,4.973696,0.001586,0.23645900000000006
dwconv-bn-relu_finegrained1_GI70BL.pt,56,65,65,5,1,5.29984,0.00169,0.24359283999999998
dwconv-bn-relu_finegrained1_U0NYRM.pt,56,77,77,5,1,6.278272,0.002002,0.25499438
dwconv-bn-relu_finegrained1_ICARF6.pt,56,70,70,5,1,5.70752,0.00182,0.25306954000000004
dwconv-bn-relu_finegrained1_OQM8HC.pt,56,119,119,5,1,9.702784,0.003094,0.46775437999999986
dwconv-bn-relu_finegrained1_3UCYDY.pt,14,1332,1332,5,1,6.787872,0.034632,0.5279109
dwconv-bn-relu_finegrained1_OL6P91.pt,14,1258,1258,5,1,6.410768,0.032708,0.21438446
dwconv-bn-relu_finegrained1_XPG4FF.pt,14,786,786,5,1,4.005456,0.020436,0.19706892000000006
dwconv-bn-relu_finegrained1_XJNKYM.pt,14,667,667,5,1,3.399032,0.017342,0.18552724000000004
dwconv-bn-relu_finegrained1_TEGRIM.pt,14,770,770,5,1,3.92392,0.02002,0.17617667999999997
dwconv-bn-relu_finegrained1_UM1F4Q.pt,14,973,973,5,1,4.958408,0.025298,0.20294226
dwconv-bn-relu_finegrained1_MPIVVR.pt,14,988,988,5,1,5.034848,0.025688,0.19337501999999998
dwconv-bn-relu_finegrained1_574QQD.pt,14,1175,1175,5,1,5.9878,0.03055,0.46751944
dwconv-bn-relu_finegrained1_KGZZIB.pt,14,1076,1076,5,1,5.483296,0.027976,0.20794948
dwconv-bn-relu_finegrained1_8W7SKT.pt,14,1240,1240,5,1,6.31904,0.03224,0.20682890000000007
dwconv-bn-relu_finegrained1_5QFJ89.pt,14,670,670,5,1,3.41432,0.01742,0.18621658000000008
dwconv-bn-relu_finegrained1_BBVWUG.pt,14,1119,1119,5,1,5.702424,0.029094,0.20301096000000002
dwconv-bn-relu_finegrained1_30ZVJ8.pt,14,1275,1275,5,1,6.4974,0.03315,0.21534528000000006
dwconv-bn-relu_finegrained1_XM6R9P.pt,14,948,948,5,1,4.831008,0.024648,0.20268377999999998
dwconv-bn-relu_finegrained1_UZM758.pt,14,715,715,5,1,3.64364,0.01859,0.1859347399999999
dwconv-bn-relu_finegrained1_7Z92XT.pt,14,693,693,5,1,3.531528,0.018018,0.18463414
dwconv-bn-relu_finegrained1_5JJOGE.pt,14,1182,1182,5,1,6.023472,0.030732,0.48192130000000005
dwconv-bn-relu_finegrained1_DN6DMP.pt,14,957,957,5,1,4.876872,0.024882,0.20503224000000003
dwconv-bn-relu_finegrained1_51MY7S.pt,14,762,762,5,1,3.883152,0.019812,0.19029289999999996
dwconv-bn-relu_finegrained1_BU8L2P.pt,14,950,950,5,1,4.8412,0.0247,0.20986141999999997
dwconv-bn-relu_finegrained1_DX0YEH.pt,14,60,60,3,1,0.1176,0.0006,0.28552226000000014
dwconv-bn-relu_finegrained1_4U1E7K.pt,14,53,53,3,1,0.10388,0.00053,0.13595600000000002
dwconv-bn-relu_finegrained1_ZJ80HZ.pt,14,51,51,3,1,0.09996,0.00051,0.12842308
dwconv-bn-relu_finegrained1_8CYH3M.pt,14,71,71,3,1,0.13916,0.00071,0.3158756000000001
dwconv-bn-relu_finegrained1_UEGE5Q.pt,14,59,59,3,1,0.11564,0.00059,0.13502922
dwconv-bn-relu_finegrained1_0BLZF8.pt,14,55,55,3,1,0.1078,0.00055,0.12217085999999996
dwconv-bn-relu_finegrained1_2Y0770.pt,14,57,57,3,1,0.11172,0.00057,0.13519190000000003
dwconv-bn-relu_finegrained1_UMJP92.pt,14,68,68,3,1,0.13328,0.00068,0.1325721
dwconv-bn-relu_finegrained1_ERHWVO.pt,14,63,63,3,1,0.12348,0.00063,0.13860796000000003
dwconv-bn-relu_finegrained1_XR4ZMQ.pt,14,44,44,3,1,0.08624,0.00044,0.1386637
dwconv-bn-relu_finegrained1_04QKJ4.pt,14,41,41,3,1,0.08036,0.00041,0.13672362
dwconv-bn-relu_finegrained1_UXORW1.pt,14,42,42,3,1,0.08232,0.00042,0.13659725999999994
dwconv-bn-relu_finegrained1_ROHI1O.pt,14,38,38,3,1,0.07448,0.00038,0.13824551999999993
dwconv-bn-relu_finegrained1_QMY4TA.pt,14,61,61,3,1,0.11956,0.00061,0.13187334000000003
dwconv-bn-relu_finegrained1_VO0JM0.pt,14,64,64,3,1,0.12544,0.00064,0.14030666
dwconv-bn-relu_finegrained1_YHR7UP.pt,14,67,67,3,1,0.13132,0.00067,0.10183651999999999
dwconv-bn-relu_finegrained1_4MDYIL.pt,14,40,40,3,1,0.0784,0.0004,0.13825479999999998
dwconv-bn-relu_finegrained1_DT0GUS.pt,14,35,35,3,1,0.0686,0.00035,0.13055342000000003
dwconv-bn-relu_finegrained1_D59QMC.pt,14,56,56,3,1,0.10976,0.00056,0.13575952
dwconv-bn-relu_finegrained1_JXT6YK.pt,14,46,46,3,1,0.09016,0.00046,0.13426103999999994
dwconv-bn-relu_finegrained1_ADJXB5.pt,56,108,108,5,1,8.805888,0.002808,0.2811229600000001
dwconv-bn-relu_finegrained1_DX0PP3.pt,56,165,165,5,1,13.45344,0.00429,0.3735156799999999
dwconv-bn-relu_finegrained1_P932RB.pt,56,123,123,5,1,10.028928,0.003198,0.46426038000000003
dwconv-bn-relu_finegrained1_AUVGG3.pt,56,132,132,5,1,10.762752,0.003432,0.8865086000000001
dwconv-bn-relu_finegrained1_6THX33.pt,56,187,187,5,1,15.247232,0.004862,0.36010948
dwconv-bn-relu_finegrained1_TYZL61.pt,56,168,168,5,1,13.698048,0.004368,0.2906273800000001
dwconv-bn-relu_finegrained1_3DKNLX.pt,56,215,215,5,1,17.53024,0.00559,0.38023542000000016
dwconv-bn-relu_finegrained1_QMY3HT.pt,56,106,106,5,1,8.642816,0.002756,0.28027183999999994
dwconv-bn-relu_finegrained1_R5DJ8W.pt,56,186,186,5,1,15.165696,0.004836,0.6460425199999998
dwconv-bn-relu_finegrained1_RCSZBN.pt,56,172,172,5,1,14.024192,0.004472,0.9146503799999999
dwconv-bn-relu_finegrained1_G4DFNR.pt,56,112,112,5,1,9.132032,0.002912,0.26034414
dwconv-bn-relu_finegrained1_LRJ3FP.pt,56,151,151,5,1,12.311936,0.003926,0.5448714199999999
dwconv-bn-relu_finegrained1_5VSN11.pt,56,160,160,5,1,13.04576,0.00416,0.27582202
dwconv-bn-relu_finegrained1_TYE0TJ.pt,56,124,124,5,1,10.110464,0.003224,0.2696163599999999
dwconv-bn-relu_finegrained1_CHWPIN.pt,56,177,177,5,1,14.431872,0.004602,0.4456972399999999
dwconv-bn-relu_finegrained1_C5BSRE.pt,56,212,212,5,1,17.285632,0.005512,0.65534622
dwconv-bn-relu_finegrained1_8XSR2P.pt,56,129,129,5,1,10.518144,0.003354,0.30907286
dwconv-bn-relu_finegrained1_7LMBIK.pt,56,152,152,5,1,12.393472,0.003952,0.29022574
dwconv-bn-relu_finegrained1_D90XZZ.pt,56,243,243,5,1,19.813248,0.006318,0.52827774
dwconv-bn-relu_finegrained1_B1GKB2.pt,56,232,232,5,1,18.916352,0.006032,0.35036096
dwconv-bn-relu_finegrained1_OC3QKG.pt,56,79,79,7,1,12.3872,0.00395,0.2781907799999999
dwconv-bn-relu_finegrained1_3B9CC8.pt,56,40,40,7,1,6.272,0.002,0.17572282000000009
dwconv-bn-relu_finegrained1_373RW7.pt,56,70,70,7,1,10.976,0.0035,0.2717676800000001
dwconv-bn-relu_finegrained1_9NXCKY.pt,56,55,55,7,1,8.624,0.00275,0.22665586000000007
dwconv-bn-relu_finegrained1_5W4RME.pt,56,76,76,7,1,11.9168,0.0038,0.28125429999999996
dwconv-bn-relu_finegrained1_ISQIMX.pt,56,51,51,7,1,7.9968,0.00255,0.23499066000000002
dwconv-bn-relu_finegrained1_I4WDVH.pt,56,41,41,7,1,6.4288,0.00205,0.23246010000000009
dwconv-bn-relu_finegrained1_ROS3FK.pt,56,83,83,7,1,13.0144,0.00415,0.29034038
dwconv-bn-relu_finegrained1_2HXHXM.pt,56,65,65,7,1,10.192,0.00325,0.2648627200000001
dwconv-bn-relu_finegrained1_FV92KN.pt,56,59,59,7,1,9.2512,0.00295,0.67095036
dwconv-bn-relu_finegrained1_SEQCIU.pt,56,47,47,7,1,7.3696,0.00235,0.2171442
dwconv-bn-relu_finegrained1_SB37VS.pt,56,62,62,7,1,9.7216,0.0031,0.24527608000000004
dwconv-bn-relu_finegrained1_4E6T8H.pt,56,74,74,7,1,11.6032,0.0037,0.6421024599999999
dwconv-bn-relu_finegrained1_XHOLJU.pt,56,71,71,7,1,11.1328,0.00355,0.35634167999999994
dwconv-bn-relu_finegrained1_RVIB2F.pt,56,38,38,7,1,5.9584,0.0019,0.19858866
dwconv-bn-relu_finegrained1_LD1IOY.pt,56,36,36,7,1,5.6448,0.0018,0.19896199999999997
dwconv-bn-relu_finegrained1_69M1YF.pt,56,66,66,7,1,10.3488,0.0033,0.25725831999999993
dwconv-bn-relu_finegrained1_06V10M.pt,56,60,60,7,1,9.408,0.003,0.3928246000000001
dwconv-bn-relu_finegrained1_VDDD1D.pt,56,39,39,7,1,6.1152,0.00195,0.193945
dwconv-bn-relu_finegrained1_XTRL24.pt,56,73,73,7,1,11.4464,0.00365,0.3206751
dwconv-bn-relu_finegrained1_B74KS1.pt,28,173,173,3,1,1.35632,0.00173,0.18187608
dwconv-bn-relu_finegrained1_I53NX5.pt,28,149,149,3,1,1.16816,0.00149,0.17814258000000002
dwconv-bn-relu_finegrained1_MUQU99.pt,28,133,133,3,1,1.04272,0.00133,0.16640293999999997
dwconv-bn-relu_finegrained1_HSYTDI.pt,28,135,135,3,1,1.0584,0.00135,0.17295212
dwconv-bn-relu_finegrained1_HPI3FD.pt,28,138,138,3,1,1.08192,0.00138,0.4083784
dwconv-bn-relu_finegrained1_I2XFIX.pt,28,204,204,3,1,1.59936,0.00204,0.18279073999999995
dwconv-bn-relu_finegrained1_PVNSET.pt,28,146,146,3,1,1.14464,0.00146,0.168609
dwconv-bn-relu_finegrained1_CLKNVS.pt,28,96,96,3,1,0.75264,0.00096,0.15418064000000004
dwconv-bn-relu_finegrained1_O2Q85A.pt,28,186,186,3,1,1.45824,0.00186,0.18687851999999996
dwconv-bn-relu_finegrained1_D7KWYV.pt,28,143,143,3,1,1.12112,0.00143,0.16766133999999996
dwconv-bn-relu_finegrained1_DIM3TM.pt,28,157,157,3,1,1.23088,0.00157,0.17150484000000002
dwconv-bn-relu_finegrained1_JIH0FI.pt,28,216,216,3,1,1.69344,0.00216,0.17010546
dwconv-bn-relu_finegrained1_L64BFJ.pt,28,141,141,3,1,1.10544,0.00141,0.16385534
dwconv-bn-relu_finegrained1_YYBELC.pt,28,111,111,3,1,0.87024,0.00111,0.16378437999999998
dwconv-bn-relu_finegrained1_S4DT8T.pt,28,182,182,3,1,1.42688,0.00182,0.20161733999999992
dwconv-bn-relu_finegrained1_9VYPP2.pt,28,95,95,3,1,0.7448,0.00095,0.14783996
dwconv-bn-relu_finegrained1_CZM6TU.pt,28,160,160,3,1,1.2544,0.0016,0.20458819999999997
dwconv-bn-relu_finegrained1_SVBN1J.pt,28,144,144,3,1,1.12896,0.00144,0.15100247999999997
dwconv-bn-relu_finegrained1_QD3CBA.pt,28,170,170,3,1,1.3328,0.0017,0.18855820000000004
dwconv-bn-relu_finegrained1_CEX0SV.pt,28,124,124,3,1,0.97216,0.00124,0.16502742
dwconv-bn-relu_finegrained1_TN2NBV.pt,28,93,93,5,1,1.895712,0.002418,0.16421120000000003
dwconv-bn-relu_finegrained1_0R1QP2.pt,28,173,173,5,1,3.526432,0.004498,0.19383316000000003
dwconv-bn-relu_finegrained1_V9HK8S.pt,28,86,86,5,1,1.753024,0.002236,0.16123862000000003
dwconv-bn-relu_finegrained1_1TTV2U.pt,28,185,185,5,1,3.77104,0.00481,0.18482384
dwconv-bn-relu_finegrained1_6I3DFX.pt,28,120,120,5,1,2.44608,0.00312,0.15138218000000003
dwconv-bn-relu_finegrained1_KEK177.pt,28,147,147,5,1,2.996448,0.003822,0.17740320000000004
dwconv-bn-relu_finegrained1_ATQ9AA.pt,28,111,111,5,1,2.262624,0.002886,0.16638530000000004
dwconv-bn-relu_finegrained1_5LX853.pt,28,137,137,5,1,2.792608,0.003562,0.17456950000000002
dwconv-bn-relu_finegrained1_PS67DR.pt,28,143,143,5,1,2.914912,0.003718,0.2001355599999999
dwconv-bn-relu_finegrained1_LY6E0V.pt,28,154,154,5,1,3.139136,0.004004,0.2192208600000001
dwconv-bn-relu_finegrained1_9YOCWK.pt,28,148,148,5,1,3.016832,0.003848,0.20129665999999996
dwconv-bn-relu_finegrained1_DOCXQ4.pt,28,179,179,5,1,3.648736,0.004654,0.20561373999999996
dwconv-bn-relu_finegrained1_DP424O.pt,28,156,156,5,1,3.179904,0.004056,0.19943102
dwconv-bn-relu_finegrained1_FJEO70.pt,28,150,150,5,1,3.0576,0.0039,0.19200108
dwconv-bn-relu_finegrained1_D63C7B.pt,28,184,184,5,1,3.750656,0.004784,0.17840836000000004
dwconv-bn-relu_finegrained1_YRH1MU.pt,28,98,98,5,1,1.997632,0.002548,0.35420152
dwconv-bn-relu_finegrained1_ZK9EO5.pt,28,105,105,5,1,2.14032,0.00273,0.16152207999999996
dwconv-bn-relu_finegrained1_JRKFVB.pt,28,170,170,5,1,3.46528,0.00442,0.17776226
dwconv-bn-relu_finegrained1_ISW3TH.pt,28,102,102,5,1,2.079168,0.002652,0.15475070000000002
dwconv-bn-relu_finegrained1_OHWSGG.pt,28,186,186,5,1,3.791424,0.004836,0.18382740000000003
dwconv-bn-relu_finegrained1_IX3GTL.pt,14,153,153,5,1,0.779688,0.003978,0.13248468000000002
dwconv-bn-relu_finegrained1_WZW3W1.pt,14,201,201,5,1,1.024296,0.005226,0.21482756000000003
dwconv-bn-relu_finegrained1_8JUKSN.pt,14,121,121,5,1,0.616616,0.003146,0.14115284000000003
dwconv-bn-relu_finegrained1_8GK4A8.pt,14,152,152,5,1,0.774592,0.003952,0.14377174000000004
dwconv-bn-relu_finegrained1_LZERKK.pt,14,209,209,5,1,1.065064,0.005434,0.14476023999999998
dwconv-bn-relu_finegrained1_ATY9SK.pt,14,184,184,5,1,0.937664,0.004784,0.14089746000000003
dwconv-bn-relu_finegrained1_83LJD2.pt,14,136,136,5,1,0.693056,0.003536,0.13900013999999997
dwconv-bn-relu_finegrained1_4ANL7U.pt,14,190,190,5,1,0.96824,0.00494,0.14900056
dwconv-bn-relu_finegrained1_SFWWQQ.pt,14,128,128,5,1,0.652288,0.003328,0.13744504000000005
dwconv-bn-relu_finegrained1_ACRTDZ.pt,14,151,151,5,1,0.769496,0.003926,0.31327123999999995
dwconv-bn-relu_finegrained1_3N2N8C.pt,14,204,204,5,1,1.039584,0.005304,0.14738082000000002
dwconv-bn-relu_finegrained1_M2NHTD.pt,14,143,143,5,1,0.728728,0.003718,0.15212318
dwconv-bn-relu_finegrained1_KNNSJW.pt,14,182,182,5,1,0.927472,0.004732,0.15105632
dwconv-bn-relu_finegrained1_43V6J5.pt,14,173,173,5,1,0.881608,0.004498,0.15452375999999998
dwconv-bn-relu_finegrained1_OPXRMZ.pt,14,155,155,5,1,0.78988,0.00403,0.16047460000000002
dwconv-bn-relu_finegrained1_AWTLQS.pt,14,91,91,5,1,0.463736,0.002366,0.12169241999999997
dwconv-bn-relu_finegrained1_UD8PI5.pt,14,116,116,5,1,0.591136,0.003016,0.14895694
dwconv-bn-relu_finegrained1_FMP3LC.pt,14,189,189,5,1,0.963144,0.004914,0.14901166000000002
dwconv-bn-relu_finegrained1_IXH4YL.pt,14,180,180,5,1,0.91728,0.00468,0.15189928000000003
dwconv-bn-relu_finegrained1_1ALN9X.pt,14,188,188,5,1,0.958048,0.004888,0.15293984
dwconv-bn-relu_finegrained1_7JMQ2E.pt,14,251,251,3,1,0.49196,0.00251,0.16110986
dwconv-bn-relu_finegrained1_R8YJ24.pt,14,268,268,3,1,0.52528,0.00268,0.14881196
dwconv-bn-relu_finegrained1_LMH5JG.pt,14,206,206,3,1,0.40376,0.00206,0.15063706000000004
dwconv-bn-relu_finegrained1_PTPZOP.pt,14,287,287,3,1,0.56252,0.00287,0.13788288000000004
dwconv-bn-relu_finegrained1_43F4TU.pt,14,165,165,3,1,0.3234,0.00165,0.13954183999999997
dwconv-bn-relu_finegrained1_W2OM8T.pt,14,224,224,3,1,0.43904,0.00224,0.13612764
dwconv-bn-relu_finegrained1_4QJBEZ.pt,14,193,193,3,1,0.37828,0.00193,0.13677956000000002
dwconv-bn-relu_finegrained1_Y86WCY.pt,14,269,269,3,1,0.52724,0.00269,0.30196202000000005
dwconv-bn-relu_finegrained1_ECLS46.pt,14,218,218,3,1,0.42728,0.00218,0.15264912000000003
dwconv-bn-relu_finegrained1_18MN1P.pt,14,267,267,3,1,0.52332,0.00267,0.15447864
dwconv-bn-relu_finegrained1_8DWKZT.pt,14,220,220,3,1,0.4312,0.0022,0.31610731999999997
dwconv-bn-relu_finegrained1_F9Z549.pt,14,152,152,3,1,0.29792,0.00152,0.13845804
dwconv-bn-relu_finegrained1_EC28SB.pt,14,207,207,3,1,0.40572,0.00207,0.14545937999999997
dwconv-bn-relu_finegrained1_WL2XS3.pt,14,127,127,3,1,0.24892,0.00127,0.14468529999999996
dwconv-bn-relu_finegrained1_S4U7O9.pt,14,164,164,3,1,0.32144,0.00164,0.14149086000000002
dwconv-bn-relu_finegrained1_FOQFHM.pt,14,212,212,3,1,0.41552,0.00212,0.14564649999999998
dwconv-bn-relu_finegrained1_17CXWP.pt,14,191,191,3,1,0.37436,0.00191,0.13948376
dwconv-bn-relu_finegrained1_LUWK6P.pt,14,146,146,3,1,0.28616,0.00146,0.13900514
dwconv-bn-relu_finegrained1_1LGA3N.pt,14,216,216,3,1,0.42336,0.00216,0.1476456
dwconv-bn-relu_finegrained1_X66AHO.pt,14,274,274,3,1,0.53704,0.00274,0.16491714
dwconv-bn-relu_finegrained1_CHHIBH.pt,7,1316,1316,3,1,0.64484,0.01316,0.15588818
dwconv-bn-relu_finegrained1_UYR9MB.pt,7,780,780,3,1,0.3822,0.0078,0.14651752
dwconv-bn-relu_finegrained1_9CB4GK.pt,7,917,917,3,1,0.44933,0.00917,0.14522022
dwconv-bn-relu_finegrained1_KMRGOK.pt,7,1174,1174,3,1,0.57526,0.01174,0.15716698000000004
dwconv-bn-relu_finegrained1_5BFGM5.pt,7,920,920,3,1,0.4508,0.0092,0.15378338000000003
dwconv-bn-relu_finegrained1_UWS2A0.pt,7,737,737,3,1,0.36113,0.00737,0.15191032000000004
dwconv-bn-relu_finegrained1_9T8LK2.pt,7,760,760,3,1,0.3724,0.0076,0.1438102
dwconv-bn-relu_finegrained1_CU61W9.pt,7,1014,1014,3,1,0.49686,0.01014,0.15373179999999997
dwconv-bn-relu_finegrained1_P94VYQ.pt,7,758,758,3,1,0.37142,0.00758,0.15040355999999996
dwconv-bn-relu_finegrained1_OWTP8U.pt,7,994,994,3,1,0.48706,0.00994,0.15450384
dwconv-bn-relu_finegrained1_JHRI8R.pt,7,1085,1085,3,1,0.53165,0.01085,0.1559309
dwconv-bn-relu_finegrained1_6FMG06.pt,7,646,646,3,1,0.31654,0.00646,0.15446788
dwconv-bn-relu_finegrained1_BZ75GM.pt,7,1047,1047,3,1,0.51303,0.01047,0.16405036000000006
dwconv-bn-relu_finegrained1_FKQE70.pt,7,806,806,3,1,0.39494,0.00806,0.15015945999999997
dwconv-bn-relu_finegrained1_VZFIYS.pt,7,643,643,3,1,0.31507,0.00643,0.14334707999999996
dwconv-bn-relu_finegrained1_0AXZYQ.pt,7,654,654,3,1,0.32046,0.00654,0.14816788
dwconv-bn-relu_finegrained1_F2C0S0.pt,7,1001,1001,3,1,0.49049,0.01001,0.15714752
dwconv-bn-relu_finegrained1_IPLH8H.pt,7,974,974,3,1,0.47726,0.00974,0.14442644000000004
dwconv-bn-relu_finegrained1_ECIF68.pt,7,852,852,3,1,0.41748,0.00852,0.1372759
dwconv-bn-relu_finegrained1_S78JHU.pt,7,1260,1260,3,1,0.6174,0.0126,0.14615363999999997
dwconv-bn-relu_finegrained1_5VI1Q3.pt,14,75,75,7,1,0.735,0.00375,0.12675708000000005
dwconv-bn-relu_finegrained1_MU1P5M.pt,14,95,95,7,1,0.931,0.00475,0.30082573999999995
dwconv-bn-relu_finegrained1_OCJU27.pt,14,58,58,7,1,0.5684,0.0029,0.12948982000000003
dwconv-bn-relu_finegrained1_JWUPVP.pt,14,64,64,7,1,0.6272,0.0032,0.12582882
dwconv-bn-relu_finegrained1_KFHXKC.pt,14,83,83,7,1,0.8134,0.00415,0.13337185999999998
dwconv-bn-relu_finegrained1_GWYEVW.pt,14,42,42,7,1,0.4116,0.0021,0.10275331999999998
dwconv-bn-relu_finegrained1_NUO5OD.pt,14,43,43,7,1,0.4214,0.00215,0.12307121999999998
dwconv-bn-relu_finegrained1_IUYZ6U.pt,14,97,97,7,1,0.9506,0.00485,0.13572804000000005
dwconv-bn-relu_finegrained1_3CWNDP.pt,14,45,45,7,1,0.441,0.00225,0.14592961999999995
dwconv-bn-relu_finegrained1_OUM15D.pt,14,70,70,7,1,0.686,0.0035,0.13122064
dwconv-bn-relu_finegrained1_OVJDGR.pt,14,49,49,7,1,0.4802,0.00245,0.13069053999999997
dwconv-bn-relu_finegrained1_TWDD85.pt,14,52,52,7,1,0.5096,0.0026,0.12960368
dwconv-bn-relu_finegrained1_NWCG3U.pt,14,67,67,7,1,0.6566,0.00335,0.13329254000000001
dwconv-bn-relu_finegrained1_25CMYM.pt,14,66,66,7,1,0.6468,0.0033,0.12982778
dwconv-bn-relu_finegrained1_RNJ0WT.pt,14,63,63,7,1,0.6174,0.00315,0.13952166000000002
dwconv-bn-relu_finegrained1_DCHB7E.pt,14,54,54,7,1,0.5292,0.0027,0.17003877999999997
dwconv-bn-relu_finegrained1_58ER94.pt,14,76,76,7,1,0.7448,0.0038,0.15644285999999996
dwconv-bn-relu_finegrained1_WG2B38.pt,14,46,46,7,1,0.4508,0.0023,0.25842450000000006
dwconv-bn-relu_finegrained1_Z80Q70.pt,14,87,87,7,1,0.8526,0.00435,0.13421277999999998
dwconv-bn-relu_finegrained1_1V5PUB.pt,14,47,47,7,1,0.4606,0.00235,0.14631585999999996
dwconv-bn-relu_finegrained1_P2ECUM.pt,28,40,40,3,1,0.3136,0.0004,0.14885101999999995
dwconv-bn-relu_finegrained1_01SOVB.pt,28,35,35,3,1,0.2744,0.00035,0.14282154
dwconv-bn-relu_finegrained1_KCKWGT.pt,28,23,23,3,1,0.18032,0.00023,0.14458688000000003
dwconv-bn-relu_finegrained1_WRB146.pt,28,31,31,3,1,0.24304,0.00031,0.12153054000000002
dwconv-bn-relu_finegrained1_BULYFH.pt,28,27,27,3,1,0.21168,0.00027,0.13780150000000002
dwconv-bn-relu_finegrained1_4CD7DI.pt,28,30,30,3,1,0.2352,0.0003,0.14079452
dwconv-bn-relu_finegrained1_CLBAMO.pt,28,34,34,3,1,0.26656,0.00034,0.13421834
dwconv-bn-relu_finegrained1_XWCH33.pt,28,22,22,3,1,0.17248,0.00022,0.14050138
dwconv-bn-relu_finegrained1_05JRO7.pt,28,50,50,3,1,0.392,0.0005,0.14443060000000002
dwconv-bn-relu_finegrained1_GPF0GM.pt,28,38,38,3,1,0.29792,0.00038,0.15428706000000003
dwconv-bn-relu_finegrained1_HFVD61.pt,28,32,32,3,1,0.25088,0.00032,0.16337958
dwconv-bn-relu_finegrained1_PELX9E.pt,28,41,41,3,1,0.32144,0.00041,0.1562327
dwconv-bn-relu_finegrained1_5OZCEY.pt,28,45,45,3,1,0.3528,0.00045,0.16615524000000004
dwconv-bn-relu_finegrained1_VM45LV.pt,28,36,36,3,1,0.28224,0.00036,0.15275796
dwconv-bn-relu_finegrained1_VWCR3C.pt,28,49,49,3,1,0.38416,0.00049,0.15322454
dwconv-bn-relu_finegrained1_AN09BZ.pt,28,48,48,3,1,0.37632,0.00048,0.15211743999999996
dwconv-bn-relu_finegrained1_BGCXI3.pt,28,24,24,3,1,0.18816,0.00024,0.17809742
dwconv-bn-relu_finegrained1_RI3P9F.pt,28,44,44,3,1,0.34496,0.00044,0.13592357999999996
dwconv-bn-relu_finegrained1_UE3T7B.pt,28,37,37,3,1,0.29008,0.00037,0.13336365999999994
dwconv-bn-relu_finegrained1_I7JQVY.pt,28,43,43,3,1,0.33712,0.00043,0.13778566000000003
dwconv-bn-relu_finegrained1_KLE3GW.pt,56,278,278,3,2,2.17952,0.00278,0.6100715
dwconv-bn-relu_finegrained1_N5OSBM.pt,56,488,488,3,2,3.82592,0.00488,0.7314419600000002
dwconv-bn-relu_finegrained1_6Q2MLZ.pt,56,249,249,3,2,1.95216,0.00249,0.42259495999999996
dwconv-bn-relu_finegrained1_D20XLU.pt,56,387,387,3,2,3.03408,0.00387,0.9173137199999997
dwconv-bn-relu_finegrained1_UFIG38.pt,56,257,257,3,2,2.01488,0.00257,0.24708177999999986
dwconv-bn-relu_finegrained1_HJIKXX.pt,56,409,409,3,2,3.20656,0.00409,0.3724259000000001
dwconv-bn-relu_finegrained1_81GRG4.pt,56,473,473,3,2,3.70832,0.00473,0.48639094000000005
dwconv-bn-relu_finegrained1_J53EA9.pt,56,425,425,3,2,3.332,0.00425,0.67028966
dwconv-bn-relu_finegrained1_FEXGHC.pt,56,336,336,3,2,2.63424,0.00336,0.25410846
dwconv-bn-relu_finegrained1_1USM0T.pt,56,540,540,3,2,4.2336,0.0054,0.4221035799999999
dwconv-bn-relu_finegrained1_PX9ROP.pt,56,323,323,3,2,2.53232,0.00323,0.39830092
dwconv-bn-relu_finegrained1_BS4IMV.pt,56,435,435,3,2,3.4104,0.00435,0.33071282
dwconv-bn-relu_finegrained1_GBPPMA.pt,56,242,242,3,2,1.89728,0.00242,0.24920414000000002
dwconv-bn-relu_finegrained1_526NF1.pt,56,300,300,3,2,2.352,0.003,0.50674612
dwconv-bn-relu_finegrained1_6T6L1V.pt,56,458,458,3,2,3.59072,0.00458,0.38182131999999996
dwconv-bn-relu_finegrained1_7XA445.pt,56,533,533,3,2,4.17872,0.00533,0.39844179999999985
dwconv-bn-relu_finegrained1_UY5FOZ.pt,56,433,433,3,2,3.39472,0.00433,0.4263217799999998
dwconv-bn-relu_finegrained1_ANJKYU.pt,56,545,545,3,2,4.2728,0.00545,0.6666529599999999
dwconv-bn-relu_finegrained1_5GQ57Y.pt,56,404,404,3,2,3.16736,0.00404,0.2975193999999999
dwconv-bn-relu_finegrained1_5V4Z0Q.pt,56,494,494,3,2,3.87296,0.00494,0.5274083
dwconv-bn-relu_finegrained1_EWWOHU.pt,14,9,9,7,1,0.0882,0.00045,0.11167119999999998
dwconv-bn-relu_finegrained1_8XLAK9.pt,14,8,8,7,1,0.0784,0.0004,0.1356075
dwconv-bn-relu_finegrained1_08AOMG.pt,14,10,10,7,1,0.098,0.0005,0.33092684
dwconv-bn-relu_finegrained1_2IFERH.pt,14,7,7,7,1,0.0686,0.00035,0.10799422000000002
dwconv-bn-relu_finegrained1_9HPC7P.pt,14,11,11,7,1,0.1078,0.00055,0.13287294
dwconv-bn-relu_finegrained1_KP6K63.pt,14,15,15,7,1,0.147,0.00075,0.13557602
dwconv-bn-relu_finegrained1_YHWU4S.pt,14,14,14,7,1,0.1372,0.0007,0.19382744
dwconv-bn-relu_finegrained1_LPFQYU.pt,14,12,12,7,1,0.1176,0.0006,0.12211840000000004
dwconv-bn-relu_finegrained1_88SUZA.pt,14,13,13,7,1,0.1274,0.00065,0.12504980000000002
dwconv-bn-relu_finegrained1_T5YO4B.pt,56,658,658,3,1,20.63488,0.00658,2.56655962
dwconv-bn-relu_finegrained1_UMVCJR.pt,56,1234,1234,3,1,38.69824,0.01234,3.7123943400000003
dwconv-bn-relu_finegrained1_4GH9RU.pt,56,1257,1257,3,1,39.41952,0.01257,4.26577272
dwconv-bn-relu_finegrained1_W32G5X.pt,56,648,648,3,1,20.32128,0.00648,1.6168506400000004
dwconv-bn-relu_finegrained1_TRDYXU.pt,56,972,972,3,1,30.48192,0.00972,4.470125980000001
dwconv-bn-relu_finegrained1_0ZOVDW.pt,56,1094,1094,3,1,34.30784,0.01094,3.4246306799999995
dwconv-bn-relu_finegrained1_QTQ3BS.pt,56,1198,1198,3,1,37.56928,0.01198,3.7844691400000006
dwconv-bn-relu_finegrained1_VB9HKY.pt,56,1012,1012,3,1,31.73632,0.01012,3.06157982
dwconv-bn-relu_finegrained1_457P5Q.pt,56,859,859,3,1,26.93824,0.00859,2.3971812200000002
dwconv-bn-relu_finegrained1_3KAB2H.pt,56,757,757,3,1,23.73952,0.00757,2.4576559199999997
dwconv-bn-relu_finegrained1_DAKP1C.pt,56,623,623,3,1,19.53728,0.00623,1.977098119999999
dwconv-bn-relu_finegrained1_3C8WR4.pt,56,1126,1126,3,1,35.31136,0.01126,3.24402508
dwconv-bn-relu_finegrained1_KRWXVZ.pt,56,588,588,3,1,18.43968,0.00588,1.3120698400000002
dwconv-bn-relu_finegrained1_YB2SB5.pt,56,873,873,3,1,27.37728,0.00873,3.0526900800000005
dwconv-bn-relu_finegrained1_PX48KH.pt,56,1138,1138,3,1,35.68768,0.01138,3.57031576
dwconv-bn-relu_finegrained1_M9G034.pt,56,969,969,3,1,30.38784,0.00969,3.6770216200000005
dwconv-bn-relu_finegrained1_CQ4QQ3.pt,56,815,815,3,1,25.5584,0.00815,2.10029192
dwconv-bn-relu_finegrained1_H3ANLT.pt,56,723,723,3,1,22.67328,0.00723,2.4976818399999994
dwconv-bn-relu_finegrained1_QTCVGR.pt,56,883,883,3,1,27.69088,0.00883,2.70090098
dwconv-bn-relu_finegrained1_U2X18Y.pt,56,1330,1330,3,1,41.7088,0.0133,4.61478036
dwconv-bn-relu_finegrained1_NYXWKU.pt,7,153,153,5,2,0.0487305,0.003978,0.30523577999999996
dwconv-bn-relu_finegrained1_196FIW.pt,7,177,177,5,2,0.0563745,0.004602,0.13271874000000003
dwconv-bn-relu_finegrained1_GHIH2D.pt,7,157,157,5,2,0.0500045,0.004082,0.14459362
dwconv-bn-relu_finegrained1_LHO2NE.pt,7,118,118,5,2,0.037583,0.003068,0.14530726000000005
dwconv-bn-relu_finegrained1_V5Y0BZ.pt,7,164,164,5,2,0.052234,0.004264,0.14867768000000003
dwconv-bn-relu_finegrained1_EE0YP5.pt,7,139,139,5,2,0.0442715,0.003614,0.14632514000000002
dwconv-bn-relu_finegrained1_J1C1N7.pt,7,142,142,5,2,0.045227,0.003692,0.15328622000000006
dwconv-bn-relu_finegrained1_FTC52H.pt,7,123,123,5,2,0.0391755,0.003198,0.14284512000000002
dwconv-bn-relu_finegrained1_Q22Y1K.pt,7,143,143,5,2,0.0455455,0.003718,0.14066498000000002
dwconv-bn-relu_finegrained1_TFQHHK.pt,7,122,122,5,2,0.038857,0.003172,0.14916625999999997
dwconv-bn-relu_finegrained1_9U2S6N.pt,7,87,87,5,2,0.0277095,0.002262,0.14255504000000002
dwconv-bn-relu_finegrained1_99W4VI.pt,7,109,109,5,2,0.0347165,0.002834,0.14182322000000003
dwconv-bn-relu_finegrained1_08OO0K.pt,7,176,176,5,2,0.056056,0.004576,0.14202706000000004
dwconv-bn-relu_finegrained1_GT21Z1.pt,7,181,181,5,2,0.0576485,0.004706,0.12871280000000004
dwconv-bn-relu_finegrained1_5AXYS2.pt,7,94,94,5,2,0.029939,0.002444,0.13088598
dwconv-bn-relu_finegrained1_USB6MU.pt,7,117,117,5,2,0.0372645,0.003042,0.14815581999999997
dwconv-bn-relu_finegrained1_VIY2QT.pt,7,138,138,5,2,0.043953,0.003588,0.10891687999999997
dwconv-bn-relu_finegrained1_9AGSM7.pt,7,111,111,5,2,0.0353535,0.002886,0.13421615999999997
dwconv-bn-relu_finegrained1_5D20SP.pt,7,170,170,5,2,0.054145,0.00442,0.14003346
dwconv-bn-relu_finegrained1_2JEV4X.pt,7,115,115,5,2,0.0366275,0.00299,0.15058597999999998
dwconv-bn-relu_finegrained1_YUMKZT.pt,112,76,76,5,1,24.786944,0.001976,0.5348754
dwconv-bn-relu_finegrained1_0SND8C.pt,112,36,36,5,1,11.741184,0.000936,0.29442892
dwconv-bn-relu_finegrained1_RAQH9O.pt,112,77,77,5,1,25.113088,0.002002,0.5650414800000001
dwconv-bn-relu_finegrained1_7HIMU4.pt,112,55,55,5,1,17.93792,0.00143,0.4397962199999999
dwconv-bn-relu_finegrained1_3HSVDQ.pt,112,41,41,5,1,13.371904,0.001066,0.40883768000000004
dwconv-bn-relu_finegrained1_F76W56.pt,112,61,61,5,1,19.894784,0.001586,1.2182620799999997
dwconv-bn-relu_finegrained1_4YE08S.pt,112,75,75,5,1,24.4608,0.00195,0.8827588999999999
dwconv-bn-relu_finegrained1_QXDU6X.pt,112,45,45,5,1,14.67648,0.00117,0.4742999600000001
dwconv-bn-relu_finegrained1_ANK1M6.pt,112,50,50,5,1,16.3072,0.0013,0.5247799400000001
dwconv-bn-relu_finegrained1_JGTV0B.pt,112,42,42,5,1,13.698048,0.001092,0.35070026
dwconv-bn-relu_finegrained1_X5TOZL.pt,112,51,51,5,1,16.633344,0.001326,0.42847083999999996
dwconv-bn-relu_finegrained1_TMAG8H.pt,112,39,39,5,1,12.719616,0.001014,0.36580811999999996
dwconv-bn-relu_finegrained1_7TZ7FP.pt,112,69,69,5,1,22.503936,0.001794,1.1085761999999997
dwconv-bn-relu_finegrained1_WBKTLD.pt,112,79,79,5,1,25.765376,0.002054,0.5381176399999998
dwconv-bn-relu_finegrained1_PYQWME.pt,112,80,80,5,1,26.09152,0.00208,0.5487484
dwconv-bn-relu_finegrained1_3K8FEN.pt,112,73,73,5,1,23.808512,0.001898,0.5561265
dwconv-bn-relu_finegrained1_T5QVUI.pt,112,46,46,5,1,15.002624,0.001196,0.40600492000000016
dwconv-bn-relu_finegrained1_C2YJX1.pt,112,49,49,5,1,15.981056,0.001274,0.40008787999999995
dwconv-bn-relu_finegrained1_ZHIM33.pt,112,40,40,5,1,13.04576,0.00104,0.3060267799999999
dwconv-bn-relu_finegrained1_TIY0YZ.pt,112,57,57,5,1,18.590208,0.001482,0.5883331600000001
dwconv-bn-relu_finegrained1_WTI4WB.pt,14,814,814,5,1,4.148144,0.021164,0.18737792000000003
dwconv-bn-relu_finegrained1_CWTHUP.pt,14,726,726,5,1,3.699696,0.018876,0.17975827999999996
dwconv-bn-relu_finegrained1_VFM0BQ.pt,14,1188,1188,5,1,6.054048,0.030888,0.20675044
dwconv-bn-relu_finegrained1_YT5GXK.pt,14,1050,1050,5,1,5.3508,0.0273,0.19926718000000002
dwconv-bn-relu_finegrained1_LF66S0.pt,14,764,764,5,1,3.893344,0.019864,0.17938953999999996
dwconv-bn-relu_finegrained1_113N3R.pt,14,1130,1130,5,1,5.75848,0.02938,0.20176173999999997
dwconv-bn-relu_finegrained1_V7L42L.pt,14,933,933,5,1,4.754568,0.024258,0.19374436000000003
dwconv-bn-relu_finegrained1_RE489X.pt,14,1115,1115,5,1,5.68204,0.02899,0.20339371999999994
dwconv-bn-relu_finegrained1_G3F6SL.pt,14,970,970,5,1,4.94312,0.02522,0.19536668000000001
dwconv-bn-relu_finegrained1_T13UKX.pt,14,1032,1032,5,1,5.259072,0.026832,0.19107068000000002
dwconv-bn-relu_finegrained1_53G8WX.pt,14,1183,1183,5,1,6.028568,0.030758,0.21965142000000004
dwconv-bn-relu_finegrained1_RYJDFZ.pt,14,639,639,5,1,3.256344,0.016614,0.17354156000000007
dwconv-bn-relu_finegrained1_ZUOTEO.pt,14,535,535,5,1,2.72636,0.01391,0.1598556
dwconv-bn-relu_finegrained1_YH35JQ.pt,14,1125,1125,5,1,5.733,0.02925,0.21880364
dwconv-bn-relu_finegrained1_CANZ3E.pt,14,1102,1102,5,1,5.615792,0.028652,0.21992300000000012
dwconv-bn-relu_finegrained1_H931MH.pt,14,903,903,5,1,4.601688,0.023478,0.20970824
dwconv-bn-relu_finegrained1_BY28XD.pt,14,990,990,5,1,5.04504,0.02574,0.22507751999999998
dwconv-bn-relu_finegrained1_P3V4WT.pt,14,887,887,5,1,4.520152,0.023062,0.20786430000000003
dwconv-bn-relu_finegrained1_PEL27N.pt,14,1052,1052,5,1,5.360992,0.027352,0.22103658000000004
dwconv-bn-relu_finegrained1_6VJXQ7.pt,14,853,853,5,1,4.346888,0.022178,0.1942438
dwconv-bn-relu_finegrained1_YB5360.pt,28,49,49,5,1,0.998816,0.001274,0.15034341999999998
dwconv-bn-relu_finegrained1_YWB2CD.pt,28,44,44,5,1,0.896896,0.001144,0.14847000000000002
dwconv-bn-relu_finegrained1_OSY2W3.pt,28,63,63,5,1,1.284192,0.001638,0.14996254000000003
dwconv-bn-relu_finegrained1_54ONKH.pt,28,59,59,5,1,1.202656,0.001534,0.15561298
dwconv-bn-relu_finegrained1_U1NEGH.pt,28,50,50,5,1,1.0192,0.0013,0.1474165
dwconv-bn-relu_finegrained1_PVWFK4.pt,28,39,39,5,1,0.794976,0.001014,0.13721058
dwconv-bn-relu_finegrained1_0EG4XR.pt,28,41,41,5,1,0.835744,0.001066,0.12572492
dwconv-bn-relu_finegrained1_M7S3JZ.pt,28,46,46,5,1,0.937664,0.001196,0.22777725999999998
dwconv-bn-relu_finegrained1_QQ1YSX.pt,28,47,47,5,1,0.958048,0.001222,0.14978418
dwconv-bn-relu_finegrained1_PAYNIM.pt,28,37,37,5,1,0.754208,0.000962,0.14655585999999995
dwconv-bn-relu_finegrained1_0HXB4B.pt,28,33,33,5,1,0.672672,0.000858,0.13040849999999996
dwconv-bn-relu_finegrained1_IR2ZJG.pt,28,34,34,5,1,0.693056,0.000884,0.13157907999999996
dwconv-bn-relu_finegrained1_7XFJ83.pt,28,35,35,5,1,0.71344,0.00091,0.13183574
dwconv-bn-relu_finegrained1_8MVF2E.pt,28,51,51,5,1,1.039584,0.001326,0.15236914000000001
dwconv-bn-relu_finegrained1_9FVP2H.pt,28,30,30,5,1,0.61152,0.00078,0.13091182000000004
dwconv-bn-relu_finegrained1_RSJRS2.pt,28,68,68,5,1,1.386112,0.001768,0.1465488
dwconv-bn-relu_finegrained1_SG9BYG.pt,28,55,55,5,1,1.12112,0.00143,0.15053160000000002
dwconv-bn-relu_finegrained1_I7USXE.pt,28,57,57,5,1,1.161888,0.001482,0.14825008000000003
dwconv-bn-relu_finegrained1_XPA7W1.pt,28,48,48,5,1,0.978432,0.001248,0.14263134
dwconv-bn-relu_finegrained1_INY2L8.pt,28,66,66,5,1,1.345344,0.001716,0.16586314
dwconv-bn-relu_finegrained1_EBWGFJ.pt,7,87,87,3,1,0.04263,0.00087,0.13245028000000003
dwconv-bn-relu_finegrained1_XLIE7M.pt,7,117,117,3,1,0.05733,0.00117,0.14531133999999998
dwconv-bn-relu_finegrained1_QV2389.pt,7,152,152,3,1,0.07448,0.00152,0.1372544
dwconv-bn-relu_finegrained1_EVZ79N.pt,7,140,140,3,1,0.0686,0.0014,0.11651169999999998
dwconv-bn-relu_finegrained1_WHVL8T.pt,7,114,114,3,1,0.05586,0.00114,0.11797010000000001
dwconv-bn-relu_finegrained1_836MAM.pt,7,94,94,3,1,0.04606,0.00094,0.11854628000000002
dwconv-bn-relu_finegrained1_KP0C02.pt,7,96,96,3,1,0.04704,0.00096,0.12983530000000001
dwconv-bn-relu_finegrained1_F9V2AP.pt,7,159,159,3,1,0.07791,0.00159,0.13235627999999994
dwconv-bn-relu_finegrained1_MZX00K.pt,7,144,144,3,1,0.07056,0.00144,0.12566412
dwconv-bn-relu_finegrained1_PC90SQ.pt,7,148,148,3,1,0.07252,0.00148,0.12917721999999998
dwconv-bn-relu_finegrained1_J131IN.pt,7,101,101,3,1,0.04949,0.00101,0.12134752000000003
dwconv-bn-relu_finegrained1_UR5IRD.pt,7,183,183,3,1,0.08967,0.00183,0.33542799999999995
dwconv-bn-relu_finegrained1_L88EAO.pt,7,165,165,3,1,0.08085,0.00165,0.17598442000000003
dwconv-bn-relu_finegrained1_RJDH62.pt,7,151,151,3,1,0.07399,0.00151,0.12708178
dwconv-bn-relu_finegrained1_BR3JXI.pt,7,107,107,3,1,0.05243,0.00107,0.267163
dwconv-bn-relu_finegrained1_BEKN2X.pt,7,84,84,3,1,0.04116,0.00084,0.13851828
dwconv-bn-relu_finegrained1_AFSHW3.pt,7,163,163,3,1,0.07987,0.00163,0.12419701999999999
dwconv-bn-relu_finegrained1_Q8XEXH.pt,7,188,188,3,1,0.09212,0.00188,0.29673646
dwconv-bn-relu_finegrained1_QB2X6B.pt,7,118,118,3,1,0.05782,0.00118,0.13069690000000003
dwconv-bn-relu_finegrained1_GFPTWN.pt,7,106,106,3,1,0.05194,0.00106,0.11729116000000003
dwconv-bn-relu_finegrained1_PSZ9YJ.pt,28,102,102,3,1,0.79968,0.00102,0.14960423999999997
dwconv-bn-relu_finegrained1_21EOLQ.pt,28,101,101,3,1,0.79184,0.00101,0.14596552000000002
dwconv-bn-relu_finegrained1_BXG3AB.pt,28,178,178,3,1,1.39552,0.00178,0.18070598000000002
dwconv-bn-relu_finegrained1_HHKJUZ.pt,28,99,99,3,1,0.77616,0.00099,0.15406099999999998
dwconv-bn-relu_finegrained1_T1CPSJ.pt,28,161,161,3,1,1.26224,0.00161,0.18641474000000002
dwconv-bn-relu_finegrained1_6VDZ4S.pt,28,113,113,3,1,0.88592,0.00113,0.16359453999999998
dwconv-bn-relu_finegrained1_4MJEZ3.pt,28,192,192,3,1,1.50528,0.00192,0.1840021799999999
dwconv-bn-relu_finegrained1_ORWL4T.pt,28,179,179,3,1,1.40336,0.00179,0.19282423999999995
dwconv-bn-relu_finegrained1_Y8ACDI.pt,28,108,108,3,1,0.84672,0.00108,0.16928419999999997
dwconv-bn-relu_finegrained1_4RIGV1.pt,28,105,105,3,1,0.8232,0.00105,0.17472250000000003
dwconv-bn-relu_finegrained1_VK4VHS.pt,28,180,180,3,1,1.4112,0.0018,0.19706704000000005
dwconv-bn-relu_finegrained1_38AE1S.pt,28,89,89,3,1,0.69776,0.00089,0.16450166
dwconv-bn-relu_finegrained1_FNKJJD.pt,28,100,100,3,1,0.784,0.001,0.15008520000000003
dwconv-bn-relu_finegrained1_Z1E1E9.pt,28,106,106,3,1,0.83104,0.00106,0.16581690000000004
dwconv-bn-relu_finegrained1_7UG5GA.pt,28,117,117,3,1,0.91728,0.00117,0.20445945999999998
dwconv-bn-relu_finegrained1_AIBGHJ.pt,28,197,197,3,1,1.54448,0.00197,0.18536615999999997
dwconv-bn-relu_finegrained1_M9SBQY.pt,28,137,137,3,1,1.07408,0.00137,0.15311904
dwconv-bn-relu_finegrained1_LCYSE1.pt,28,185,185,3,1,1.4504,0.00185,0.18805657999999997
dwconv-bn-relu_finegrained1_WVKYX7.pt,28,160,160,3,1,1.2544,0.0016,0.17170236000000003
dwconv-bn-relu_finegrained1_AJOU3B.pt,28,88,88,3,1,0.68992,0.00088,0.15351596000000003
dwconv-bn-relu_finegrained1_74XYXS.pt,7,79,79,5,2,0.0251615,0.002054,0.12492914000000002
dwconv-bn-relu_finegrained1_JDVC00.pt,7,75,75,5,2,0.0238875,0.00195,0.12726279999999998
dwconv-bn-relu_finegrained1_IQ83ZV.pt,7,112,112,5,2,0.035672,0.002912,0.12150383999999999
dwconv-bn-relu_finegrained1_2GC6YB.pt,7,91,91,5,2,0.0289835,0.002366,0.13997446
dwconv-bn-relu_finegrained1_15OY86.pt,7,129,129,5,2,0.0410865,0.003354,0.13196069999999996
dwconv-bn-relu_finegrained1_GCK1Y3.pt,7,68,68,5,2,0.021658,0.001768,0.1785183
dwconv-bn-relu_finegrained1_OBBZWP.pt,7,113,113,5,2,0.0359905,0.002938,0.12230849999999999
dwconv-bn-relu_finegrained1_61UTZT.pt,7,124,124,5,2,0.039494,0.003224,0.22852208000000002
dwconv-bn-relu_finegrained1_YSM3XM.pt,7,123,123,5,2,0.0391755,0.003198,0.12028458
dwconv-bn-relu_finegrained1_N2PZ3G.pt,7,126,126,5,2,0.040131,0.003276,0.12054965999999999
dwconv-bn-relu_finegrained1_FV5M4P.pt,7,74,74,5,2,0.023569,0.001924,0.11809268000000003
dwconv-bn-relu_finegrained1_K9C5US.pt,7,103,103,5,2,0.0328055,0.002678,0.13865089999999997
dwconv-bn-relu_finegrained1_2HQHP3.pt,7,58,58,5,2,0.018473,0.001508,0.11967694
dwconv-bn-relu_finegrained1_W7JKI7.pt,7,125,125,5,2,0.0398125,0.00325,0.1276248
dwconv-bn-relu_finegrained1_WDY5FL.pt,7,73,73,5,2,0.0232505,0.001898,0.13753524
dwconv-bn-relu_finegrained1_KXWF3H.pt,7,93,93,5,2,0.0296205,0.002418,0.12525777999999999
dwconv-bn-relu_finegrained1_TNGSWH.pt,7,127,127,5,2,0.0404495,0.003302,0.12284776000000003
dwconv-bn-relu_finegrained1_LP2KBD.pt,7,85,85,5,2,0.0270725,0.00221,0.12481157999999998
dwconv-bn-relu_finegrained1_QQPLUL.pt,7,84,84,5,2,0.026754,0.002184,0.12948710000000002
dwconv-bn-relu_finegrained1_9FDYSM.pt,7,72,72,5,2,0.022932,0.001872,0.13437887999999998
dwconv-bn-relu_finegrained1_SA91DM.pt,28,393,393,3,1,3.08112,0.00393,0.38047619999999993
dwconv-bn-relu_finegrained1_1CN1EQ.pt,28,691,691,3,1,5.41744,0.00691,0.5327952799999999
dwconv-bn-relu_finegrained1_KRJO57.pt,28,584,584,3,1,4.57856,0.00584,0.21811554
dwconv-bn-relu_finegrained1_CZ38O5.pt,28,638,638,3,1,5.00192,0.00638,0.39998824
dwconv-bn-relu_finegrained1_GZ6Q2E.pt,28,487,487,3,1,3.81808,0.00487,0.23608744000000004
dwconv-bn-relu_finegrained1_BJVN7E.pt,28,762,762,3,1,5.97408,0.00762,0.30415119999999995
dwconv-bn-relu_finegrained1_VTJS8O.pt,28,566,566,3,1,4.43744,0.00566,0.26060632
dwconv-bn-relu_finegrained1_FBDQ6C.pt,28,549,549,3,1,4.30416,0.00549,0.4263289799999999
dwconv-bn-relu_finegrained1_182L7U.pt,28,410,410,3,1,3.2144,0.0041,0.23445993999999998
dwconv-bn-relu_finegrained1_RW3R94.pt,28,767,767,3,1,6.01328,0.00767,0.30430295999999996
dwconv-bn-relu_finegrained1_YC23FP.pt,28,800,800,3,1,6.272,0.008,0.30567902
dwconv-bn-relu_finegrained1_RT9078.pt,28,694,694,3,1,5.44096,0.00694,0.30313323999999997
dwconv-bn-relu_finegrained1_AEJ7O8.pt,28,785,785,3,1,6.1544,0.00785,0.43220706
dwconv-bn-relu_finegrained1_DC8070.pt,28,737,737,3,1,5.77808,0.00737,0.2898751600000001
dwconv-bn-relu_finegrained1_OWV5XM.pt,28,373,373,3,1,2.92432,0.00373,0.22236872000000002
dwconv-bn-relu_finegrained1_LLC7M8.pt,28,773,773,3,1,6.06032,0.00773,0.3337900599999999
dwconv-bn-relu_finegrained1_AVVG12.pt,28,747,747,3,1,5.85648,0.00747,0.32590630000000004
dwconv-bn-relu_finegrained1_WQSXX6.pt,28,659,659,3,1,5.16656,0.00659,0.30116124
dwconv-bn-relu_finegrained1_KKS7NY.pt,28,366,366,3,1,2.86944,0.00366,0.22168425999999997
dwconv-bn-relu_finegrained1_P9B9YX.pt,28,623,623,3,1,4.88432,0.00623,0.5540939000000001
dwconv-bn-relu_finegrained1_CZ8P67.pt,14,59,59,3,1,0.11564,0.00059,0.12798249999999997
dwconv-bn-relu_finegrained1_VF1061.pt,14,79,79,3,1,0.15484,0.00079,0.16149333999999999
dwconv-bn-relu_finegrained1_HH1S5S.pt,14,74,74,3,1,0.14504,0.00074,0.12077661999999999
dwconv-bn-relu_finegrained1_EMB5Q2.pt,14,58,58,3,1,0.11368,0.00058,0.12254317999999996
dwconv-bn-relu_finegrained1_6GZOKE.pt,14,78,78,3,1,0.15288,0.00078,0.3243380799999999
dwconv-bn-relu_finegrained1_652XMO.pt,14,47,47,3,1,0.09212,0.00047,0.18393344
dwconv-bn-relu_finegrained1_4U0WQQ.pt,14,50,50,3,1,0.098,0.0005,0.09781697999999998
dwconv-bn-relu_finegrained1_YECQB5.pt,14,63,63,3,1,0.12348,0.00063,0.16932432000000003
dwconv-bn-relu_finegrained1_IMNNIW.pt,14,72,72,3,1,0.14112,0.00072,0.12439200000000002
dwconv-bn-relu_finegrained1_E6U4AI.pt,14,40,40,3,1,0.0784,0.0004,0.13378145999999996
dwconv-bn-relu_finegrained1_51M50N.pt,14,53,53,3,1,0.10388,0.00053,0.13553554000000004
dwconv-bn-relu_finegrained1_CWVDFI.pt,14,62,62,3,1,0.12152,0.00062,0.13366013999999998
dwconv-bn-relu_finegrained1_G3C49G.pt,14,54,54,3,1,0.10584,0.00054,0.13526666
dwconv-bn-relu_finegrained1_YZXT9K.pt,14,65,65,3,1,0.1274,0.00065,0.13534812
dwconv-bn-relu_finegrained1_TCATWZ.pt,14,82,82,3,1,0.16072,0.00082,0.13187423999999998
dwconv-bn-relu_finegrained1_2ZUFEQ.pt,14,43,43,3,1,0.08428,0.00043,0.13971566
dwconv-bn-relu_finegrained1_9BGNHQ.pt,14,77,77,3,1,0.15092,0.00077,0.18522720000000004
dwconv-bn-relu_finegrained1_Z4RPSD.pt,14,49,49,3,1,0.09604,0.00049,0.19980545999999996
dwconv-bn-relu_finegrained1_SVKG4P.pt,14,70,70,3,1,0.1372,0.0007,0.20226718
dwconv-bn-relu_finegrained1_08NG30.pt,14,57,57,3,1,0.11172,0.00057,0.12879034
dwconv-bn-relu_finegrained1_JRRRK6.pt,56,1268,1268,5,1,103.387648,0.032968,4.028212919999999
dwconv-bn-relu_finegrained1_IY8JJE.pt,56,1180,1180,5,1,96.21248,0.03068,3.83189
dwconv-bn-relu_finegrained1_9ZDWC9.pt,56,1354,1354,5,1,110.399744,0.035204,4.84842928
dwconv-bn-relu_finegrained1_FNZ8WP.pt,56,1347,1347,5,1,109.828992,0.035022,3.92512812
dwconv-bn-relu_finegrained1_G4BC6X.pt,56,1253,1253,5,1,102.164608,0.032578,4.558898800000001
dwconv-bn-relu_finegrained1_TIQCP3.pt,56,879,879,5,1,71.670144,0.022854,3.3413500199999997
dwconv-bn-relu_finegrained1_KOZXKM.pt,56,1248,1248,5,1,101.756928,0.032448,3.2682580800000007
dwconv-bn-relu_finegrained1_TUV57O.pt,56,875,875,5,1,71.344,0.02275,3.3941503000000015
dwconv-bn-relu_finegrained1_QO4MMS.pt,56,1037,1037,5,1,84.552832,0.026962,3.2688945400000007
dwconv-bn-relu_finegrained1_4EXHIS.pt,56,1094,1094,5,1,89.200384,0.028444,3.968375180000001
dwconv-bn-relu_finegrained1_086RD6.pt,56,853,853,5,1,69.550208,0.022178,2.3546446399999996
dwconv-bn-relu_finegrained1_YA2NZU.pt,56,1169,1169,5,1,95.315584,0.030394,3.268261860000001
dwconv-bn-relu_finegrained1_JQ0SDN.pt,56,838,838,5,1,68.327168,0.021788,2.7458076399999998
dwconv-bn-relu_finegrained1_M84GRL.pt,56,681,681,5,1,55.526016,0.017706,2.7819042600000006
dwconv-bn-relu_finegrained1_YSLW6X.pt,56,1128,1128,5,1,91.972608,0.029328,2.9592409399999995
dwconv-bn-relu_finegrained1_1WAJ62.pt,56,1338,1338,5,1,109.095168,0.034788,4.728514459999999
dwconv-bn-relu_finegrained1_W3YJST.pt,56,852,852,5,1,69.468672,0.022152,2.84109916
dwconv-bn-relu_finegrained1_T2SZLW.pt,56,943,943,5,1,76.888448,0.024518,2.7993122599999993
dwconv-bn-relu_finegrained1_XLFZ5C.pt,56,1328,1328,5,1,108.279808,0.034528,3.63428344
dwconv-bn-relu_finegrained1_HWLJOK.pt,56,1312,1312,5,1,106.975232,0.034112,3.8035370400000006
dwconv-bn-relu_finegrained1_1HTQH6.pt,56,25,25,5,1,2.0384,0.00065,0.17698164
dwconv-bn-relu_finegrained1_C88TZA.pt,56,18,18,5,1,1.467648,0.000468,0.17236198000000003
dwconv-bn-relu_finegrained1_RDT3HZ.pt,56,15,15,5,1,1.22304,0.00039,0.16045938000000004
dwconv-bn-relu_finegrained1_9988GY.pt,56,23,23,5,1,1.875328,0.000598,0.17844768000000003
dwconv-bn-relu_finegrained1_P8QW4G.pt,56,16,16,5,1,1.304576,0.000416,0.1955334
dwconv-bn-relu_finegrained1_D22YXK.pt,56,19,19,5,1,1.549184,0.000494,0.16424462
dwconv-bn-relu_finegrained1_0K3CK9.pt,56,13,13,5,1,1.059968,0.000338,0.14971597999999997
dwconv-bn-relu_finegrained1_U0K9K2.pt,56,21,21,5,1,1.712256,0.000546,0.17552656
dwconv-bn-relu_finegrained1_RKT3ZD.pt,56,12,12,5,1,0.978432,0.000312,0.13877371999999996
dwconv-bn-relu_finegrained1_XHGSXE.pt,56,14,14,5,1,1.141504,0.000364,0.294414
dwconv-bn-relu_finegrained1_DM04GR.pt,56,11,11,5,1,0.896896,0.000286,0.2716957
dwconv-bn-relu_finegrained1_Z2J53K.pt,56,17,17,5,1,1.386112,0.000442,0.16620393999999997
dwconv-bn-relu_finegrained1_SBBA97.pt,56,20,20,5,1,1.63072,0.00052,0.16328632
dwconv-bn-relu_finegrained1_0ZOHN1.pt,56,22,22,5,1,1.793792,0.000572,0.18681650000000005
dwconv-bn-relu_finegrained1_WVMTRI.pt,56,24,24,5,1,1.956864,0.000624,0.16489891999999998
dwconv-bn-relu_finegrained1_S73VOQ.pt,14,99,99,7,1,0.9702,0.00495,0.32001186000000004
dwconv-bn-relu_finegrained1_31I4UT.pt,14,93,93,7,1,0.9114,0.00465,0.12937216000000004
dwconv-bn-relu_finegrained1_R5D3K3.pt,14,131,131,7,1,1.2838,0.00655,0.15051968000000002
dwconv-bn-relu_finegrained1_4PQIAE.pt,14,80,80,7,1,0.784,0.004,0.14260512
dwconv-bn-relu_finegrained1_B7B1Y3.pt,14,110,110,7,1,1.078,0.0055,0.14292504
dwconv-bn-relu_finegrained1_CMAFSX.pt,14,132,132,7,1,1.2936,0.0066,0.14524781999999997
dwconv-bn-relu_finegrained1_9XUR0R.pt,14,125,125,7,1,1.225,0.00625,0.14210682
dwconv-bn-relu_finegrained1_ZWF0CN.pt,14,69,69,7,1,0.6762,0.00345,0.13504623999999998
dwconv-bn-relu_finegrained1_FFD2NA.pt,14,85,85,7,1,0.833,0.00425,0.14238469999999995
dwconv-bn-relu_finegrained1_E9Z19N.pt,14,66,66,7,1,0.6468,0.0033,0.13890954
dwconv-bn-relu_finegrained1_99SXGY.pt,14,116,116,7,1,1.1368,0.0058,0.14452186000000006
dwconv-bn-relu_finegrained1_U3ZX3U.pt,14,95,95,7,1,0.931,0.00475,0.13930262000000002
dwconv-bn-relu_finegrained1_VYI9Z0.pt,14,123,123,7,1,1.2054,0.00615,0.14429444
dwconv-bn-relu_finegrained1_TZFQ67.pt,14,107,107,7,1,1.0486,0.00535,0.13805620000000005
dwconv-bn-relu_finegrained1_Y4V3MV.pt,14,62,62,7,1,0.6076,0.0031,0.11535444
dwconv-bn-relu_finegrained1_JNEHGT.pt,14,79,79,7,1,0.7742,0.00395,0.12216324000000003
dwconv-bn-relu_finegrained1_LRBLQS.pt,14,87,87,7,1,0.8526,0.00435,0.12203068
dwconv-bn-relu_finegrained1_GWNLZQ.pt,14,126,126,7,1,1.2348,0.0063,0.1312309
dwconv-bn-relu_finegrained1_5K8KG0.pt,14,100,100,7,1,0.98,0.005,0.12643960000000004
dwconv-bn-relu_finegrained1_6NQM0Y.pt,14,65,65,7,1,0.637,0.00325,0.12576712
dwconv-bn-relu_finegrained1_O80YWP.pt,7,377,377,3,1,0.18473,0.00377,0.13717088
dwconv-bn-relu_finegrained1_XH4AHK.pt,7,495,495,3,1,0.24255,0.00495,0.13739108000000003
dwconv-bn-relu_finegrained1_4N3SFF.pt,7,340,340,3,1,0.1666,0.0034,0.12495237999999997
dwconv-bn-relu_finegrained1_X2XKA2.pt,7,358,358,3,1,0.17542,0.00358,0.12737032000000004
dwconv-bn-relu_finegrained1_S0NNMD.pt,7,514,514,3,1,0.25186,0.00514,0.13263277999999995
dwconv-bn-relu_finegrained1_D0M1LT.pt,7,554,554,3,1,0.27146,0.00554,0.13851522
dwconv-bn-relu_finegrained1_RYISDU.pt,7,301,301,3,1,0.14749,0.00301,0.14347398000000003
dwconv-bn-relu_finegrained1_43WFO1.pt,7,363,363,3,1,0.17787,0.00363,0.15382918
dwconv-bn-relu_finegrained1_KZ213L.pt,7,598,598,3,1,0.29302,0.00598,0.16028514000000002
dwconv-bn-relu_finegrained1_K22DEO.pt,7,430,430,3,1,0.2107,0.0043,0.14640876
dwconv-bn-relu_finegrained1_X7EKY0.pt,7,602,602,3,1,0.29498,0.00602,0.3833585
dwconv-bn-relu_finegrained1_8WTH4M.pt,7,638,638,3,1,0.31262,0.00638,0.3253911800000001
dwconv-bn-relu_finegrained1_A4DRAO.pt,7,299,299,3,1,0.14651,0.00299,0.14230112
dwconv-bn-relu_finegrained1_2GOXRB.pt,7,378,378,3,1,0.18522,0.00378,0.12645958000000004
dwconv-bn-relu_finegrained1_RMDPK1.pt,7,521,521,3,1,0.25529,0.00521,0.13799738
dwconv-bn-relu_finegrained1_8Z35ZM.pt,7,466,466,3,1,0.22834,0.00466,0.18441637999999996
dwconv-bn-relu_finegrained1_WRAN3X.pt,7,297,297,3,1,0.14553,0.00297,0.13402956
dwconv-bn-relu_finegrained1_6E2VE0.pt,7,553,553,3,1,0.27097,0.00553,0.2966822199999999
dwconv-bn-relu_finegrained1_NYG52L.pt,7,543,543,3,1,0.26607,0.00543,0.14805928000000002
dwconv-bn-relu_finegrained1_XH6YSS.pt,7,372,372,3,1,0.18228,0.00372,0.28668811999999994
dwconv-bn-relu_finegrained1_68MKF4.pt,14,64,64,5,1,0.326144,0.001664,0.13563838000000003
dwconv-bn-relu_finegrained1_CYXUD2.pt,14,55,55,5,1,0.28028,0.00143,0.22207003999999994
dwconv-bn-relu_finegrained1_8EY3EH.pt,14,57,57,5,1,0.290472,0.001482,0.24939229999999998
dwconv-bn-relu_finegrained1_NO98Y3.pt,14,74,74,5,1,0.377104,0.001924,0.14920812000000003
dwconv-bn-relu_finegrained1_LR8T3D.pt,14,51,51,5,1,0.259896,0.001326,0.14192454000000007
dwconv-bn-relu_finegrained1_MYBXLB.pt,14,66,66,5,1,0.336336,0.001716,0.15379398
dwconv-bn-relu_finegrained1_KLZP3L.pt,14,44,44,5,1,0.224224,0.001144,0.13883046
dwconv-bn-relu_finegrained1_2M6YUO.pt,14,78,78,5,1,0.397488,0.002028,0.14508800000000005
dwconv-bn-relu_finegrained1_XBDCOZ.pt,14,77,77,5,1,0.392392,0.002002,0.14554716000000004
dwconv-bn-relu_finegrained1_D6OXAM.pt,14,47,47,5,1,0.239512,0.001222,0.1382372
dwconv-bn-relu_finegrained1_5I4S96.pt,14,75,75,5,1,0.3822,0.00195,0.14854018000000002
dwconv-bn-relu_finegrained1_8T6SG0.pt,14,73,73,5,1,0.372008,0.001898,0.12513164000000002
dwconv-bn-relu_finegrained1_TJ06FJ.pt,14,37,37,5,1,0.188552,0.000962,0.12758338
dwconv-bn-relu_finegrained1_MUF49A.pt,14,71,71,5,1,0.361816,0.001846,0.1455615
dwconv-bn-relu_finegrained1_8D55HD.pt,14,54,54,5,1,0.275184,0.001404,0.14021838000000003
dwconv-bn-relu_finegrained1_89ZWB7.pt,14,38,38,5,1,0.193648,0.000988,0.13464162000000002
dwconv-bn-relu_finegrained1_EKOQS8.pt,14,49,49,5,1,0.249704,0.001274,0.13874727999999997
dwconv-bn-relu_finegrained1_SRB8UW.pt,14,36,36,5,1,0.183456,0.000936,0.13441216000000003
dwconv-bn-relu_finegrained1_QQHR9B.pt,14,68,68,5,1,0.346528,0.001768,0.17075958
dwconv-bn-relu_finegrained1_WZOWOR.pt,14,70,70,5,1,0.35672,0.00182,0.16360434
dwconv-bn-relu_finegrained1_DBUHDU.pt,14,73,73,7,1,0.7154,0.00365,0.15989351999999998
dwconv-bn-relu_finegrained1_0N5IIS.pt,14,39,39,7,1,0.3822,0.00195,0.16253716
dwconv-bn-relu_finegrained1_8S0XRL.pt,14,81,81,7,1,0.7938,0.00405,0.11887278
dwconv-bn-relu_finegrained1_QN7FDU.pt,14,52,52,7,1,0.5096,0.0026,0.14171286000000002
dwconv-bn-relu_finegrained1_RA6BXH.pt,14,87,87,7,1,0.8526,0.00435,0.14714724
dwconv-bn-relu_finegrained1_C4FA2W.pt,14,84,84,7,1,0.8232,0.0042,0.15097054
dwconv-bn-relu_finegrained1_DXVCJ0.pt,14,75,75,7,1,0.735,0.00375,0.14567898
dwconv-bn-relu_finegrained1_0SE4XR.pt,14,54,54,7,1,0.5292,0.0027,0.14413600000000004
dwconv-bn-relu_finegrained1_XG8FMM.pt,14,59,59,7,1,0.5782,0.00295,0.14551124
dwconv-bn-relu_finegrained1_EJUTQH.pt,14,72,72,7,1,0.7056,0.0036,0.3047342399999998
dwconv-bn-relu_finegrained1_P78OCO.pt,14,60,60,7,1,0.588,0.003,0.1364155
dwconv-bn-relu_finegrained1_DDLUVK.pt,14,50,50,7,1,0.49,0.0025,0.15654284000000002
dwconv-bn-relu_finegrained1_FXXXJG.pt,14,48,48,7,1,0.4704,0.0024,0.16007994000000003
dwconv-bn-relu_finegrained1_QUCYNU.pt,14,41,41,7,1,0.4018,0.00205,0.36300343999999996
dwconv-bn-relu_finegrained1_Z96P9A.pt,14,61,61,7,1,0.5978,0.00305,0.14960337999999995
dwconv-bn-relu_finegrained1_YLKXZX.pt,14,38,38,7,1,0.3724,0.0019,0.24258104000000003
dwconv-bn-relu_finegrained1_MJNCEO.pt,14,74,74,7,1,0.7252,0.0037,0.3255004600000001
dwconv-bn-relu_finegrained1_HE3MQE.pt,14,91,91,7,1,0.8918,0.00455,0.15365130000000005
dwconv-bn-relu_finegrained1_8JMVFL.pt,14,69,69,7,1,0.6762,0.00345,0.15051483999999996
dwconv-bn-relu_finegrained1_7MJESL.pt,14,43,43,7,1,0.4214,0.00215,0.15603741999999998
dwconv-bn-relu_finegrained1_FM1E0C.pt,7,32,32,3,1,0.01568,0.00032,0.29562094
dwconv-bn-relu_finegrained1_2319GO.pt,7,29,29,3,1,0.01421,0.00029,0.12470246000000001
dwconv-bn-relu_finegrained1_V0F9JP.pt,7,47,47,3,1,0.02303,0.00047,0.17833450000000003
dwconv-bn-relu_finegrained1_1U1N5Z.pt,7,41,41,3,1,0.02009,0.00041,0.12815242000000002
dwconv-bn-relu_finegrained1_EEGSJZ.pt,7,46,46,3,1,0.02254,0.00046,0.12411606000000001
dwconv-bn-relu_finegrained1_SAO0FO.pt,7,39,39,3,1,0.01911,0.00039,0.12277458
dwconv-bn-relu_finegrained1_G46WMU.pt,7,25,25,3,1,0.01225,0.00025,0.12260067999999999
dwconv-bn-relu_finegrained1_9FH2XH.pt,7,38,38,3,1,0.01862,0.00038,0.30841479999999993
dwconv-bn-relu_finegrained1_U7UWQM.pt,7,42,42,3,1,0.02058,0.00042,0.1480868
dwconv-bn-relu_finegrained1_37DF83.pt,7,33,33,3,1,0.01617,0.00033,0.1391808
dwconv-bn-relu_finegrained1_9DSMXO.pt,7,53,53,3,1,0.02597,0.00053,0.15108086000000004
dwconv-bn-relu_finegrained1_0V5436.pt,7,26,26,3,1,0.01274,0.00026,0.14096532
dwconv-bn-relu_finegrained1_6PKLT6.pt,7,34,34,3,1,0.01666,0.00034,0.13509560000000007
dwconv-bn-relu_finegrained1_T7KERK.pt,7,31,31,3,1,0.01519,0.00031,0.13661040000000002
dwconv-bn-relu_finegrained1_F4VJN8.pt,7,48,48,3,1,0.02352,0.00048,0.15434428
dwconv-bn-relu_finegrained1_6AHWG8.pt,7,27,27,3,1,0.01323,0.00027,0.20923228
dwconv-bn-relu_finegrained1_0E3M3E.pt,7,28,28,3,1,0.01372,0.00028,0.12929762
dwconv-bn-relu_finegrained1_CL1576.pt,7,24,24,3,1,0.01176,0.00024,0.5753386000000001
dwconv-bn-relu_finegrained1_V90P5C.pt,7,54,54,3,1,0.02646,0.00054,0.20154724000000004
dwconv-bn-relu_finegrained1_XJSC2X.pt,7,56,56,3,1,0.02744,0.00056,0.1599578
dwconv-bn-relu_finegrained1_W3DPQ5.pt,14,193,193,5,1,0.983528,0.005018,0.16130295999999997
dwconv-bn-relu_finegrained1_QTSZXD.pt,14,147,147,5,1,0.749112,0.003822,0.12466151999999997
dwconv-bn-relu_finegrained1_1ADWCW.pt,14,225,225,5,1,1.1466,0.00585,0.16069170000000002
dwconv-bn-relu_finegrained1_IP27T0.pt,14,267,267,5,1,1.360632,0.006942,0.16744573999999993
dwconv-bn-relu_finegrained1_CORCAU.pt,14,255,255,5,1,1.29948,0.00663,0.16322343999999997
dwconv-bn-relu_finegrained1_MN3V05.pt,14,174,174,5,1,0.886704,0.004524,0.1431111
dwconv-bn-relu_finegrained1_1KTMC1.pt,14,184,184,5,1,0.937664,0.004784,0.14784264
dwconv-bn-relu_finegrained1_M6FRJX.pt,14,215,215,5,1,1.09564,0.00559,0.15574364000000002
dwconv-bn-relu_finegrained1_592TLK.pt,14,169,169,5,1,0.861224,0.004394,0.14452368000000004
dwconv-bn-relu_finegrained1_0XD1I6.pt,14,200,200,5,1,1.0192,0.0052,0.15007764
dwconv-bn-relu_finegrained1_Q7Z3DE.pt,14,231,231,5,1,1.177176,0.006006,0.15426963999999999
dwconv-bn-relu_finegrained1_W4FYTJ.pt,14,129,129,5,1,0.657384,0.003354,0.14188142000000004
dwconv-bn-relu_finegrained1_9Z8RNE.pt,14,242,242,5,1,1.233232,0.006292,0.48341955999999997
dwconv-bn-relu_finegrained1_YM5FET.pt,14,265,265,5,1,1.35044,0.00689,0.14915818
dwconv-bn-relu_finegrained1_4B8LY8.pt,14,120,120,5,1,0.61152,0.00312,0.13219541999999998
dwconv-bn-relu_finegrained1_M4KL1H.pt,14,141,141,5,1,0.718536,0.003666,0.13284567999999994
dwconv-bn-relu_finegrained1_IJNLCY.pt,14,119,119,5,1,0.606424,0.003094,0.13164980000000004
dwconv-bn-relu_finegrained1_564541.pt,14,227,227,5,1,1.156792,0.005902,0.14780471999999997
dwconv-bn-relu_finegrained1_JLDJW9.pt,14,146,146,5,1,0.744016,0.003796,0.1342927
dwconv-bn-relu_finegrained1_9YD6CM.pt,14,197,197,5,1,1.003912,0.005122,0.14346039999999996
dwconv-bn-relu_finegrained1_J3V1G9.pt,56,61,61,3,1,1.91296,0.00061,0.20127015999999995
dwconv-bn-relu_finegrained1_L7IU85.pt,56,39,39,3,1,1.22304,0.00039,0.17762033999999996
dwconv-bn-relu_finegrained1_GS81WY.pt,56,45,45,3,1,1.4112,0.00045,0.19373871999999992
dwconv-bn-relu_finegrained1_JQFIAL.pt,56,60,60,3,1,1.8816,0.0006,0.20767305999999996
dwconv-bn-relu_finegrained1_Q1GULW.pt,56,44,44,3,1,1.37984,0.00044,0.19383734
dwconv-bn-relu_finegrained1_SAQIUH.pt,56,48,48,3,1,1.50528,0.00048,0.18649172000000003
dwconv-bn-relu_finegrained1_0IWKF7.pt,56,49,49,3,1,1.53664,0.00049,0.19972496000000003
dwconv-bn-relu_finegrained1_SAZO28.pt,56,28,28,3,1,0.87808,0.00028,0.15895454000000003
dwconv-bn-relu_finegrained1_S01Z8V.pt,56,41,41,3,1,1.28576,0.00041,0.1902297
dwconv-bn-relu_finegrained1_XXA97Z.pt,56,54,54,3,1,1.69344,0.00054,0.21284155999999999
dwconv-bn-relu_finegrained1_9YMXQQ.pt,56,62,62,3,1,1.94432,0.00062,0.20536991999999998
dwconv-bn-relu_finegrained1_Q6K7S7.pt,56,33,33,3,1,1.03488,0.00033,0.17182176000000002
dwconv-bn-relu_finegrained1_XG6A6W.pt,56,31,31,3,1,0.97216,0.00031,0.17662311999999994
dwconv-bn-relu_finegrained1_5WO2VA.pt,56,29,29,3,1,0.90944,0.00029,0.17204441999999998
dwconv-bn-relu_finegrained1_QASPU4.pt,56,32,32,3,1,1.00352,0.00032,0.16790704
dwconv-bn-relu_finegrained1_JGOAMK.pt,56,42,42,3,1,1.31712,0.00042,0.20302515999999993
dwconv-bn-relu_finegrained1_V2UMTA.pt,56,37,37,3,1,1.16032,0.00037,0.3912462600000001
dwconv-bn-relu_finegrained1_TBPBOO.pt,56,40,40,3,1,1.2544,0.0004,0.17716969999999996
dwconv-bn-relu_finegrained1_05CJYC.pt,56,57,57,3,1,1.78752,0.00057,0.21507075999999997
dwconv-bn-relu_finegrained1_N5J7SC.pt,56,46,46,3,1,1.44256,0.00046,0.20997751999999997
dwconv-bn-relu_finegrained1_QELYK8.pt,14,69,69,3,1,0.13524,0.00069,0.14496815999999998
dwconv-bn-relu_finegrained1_OW76UK.pt,14,51,51,3,1,0.09996,0.00051,0.12285049999999999
dwconv-bn-relu_finegrained1_C6B1TV.pt,14,82,82,3,1,0.16072,0.00082,0.13441509999999993
dwconv-bn-relu_finegrained1_7BTEHK.pt,14,85,85,3,1,0.1666,0.00085,0.1258259
dwconv-bn-relu_finegrained1_61HRNH.pt,14,54,54,3,1,0.10584,0.00054,0.13363254
dwconv-bn-relu_finegrained1_1KRGNE.pt,14,88,88,3,1,0.17248,0.00088,0.13176082
dwconv-bn-relu_finegrained1_2F099N.pt,14,91,91,3,1,0.17836,0.00091,0.1321932
dwconv-bn-relu_finegrained1_4HWFVY.pt,14,86,86,3,1,0.16856,0.00086,0.30963705999999996
dwconv-bn-relu_finegrained1_YNNUOT.pt,14,42,42,3,1,0.08232,0.00042,0.12248601999999995
dwconv-bn-relu_finegrained1_30P4N2.pt,14,62,62,3,1,0.12152,0.00062,0.12916634
dwconv-bn-relu_finegrained1_YNQ7V0.pt,14,66,66,3,1,0.12936,0.00066,0.12960152
dwconv-bn-relu_finegrained1_SN6HB6.pt,14,41,41,3,1,0.08036,0.00041,0.10475128000000006
dwconv-bn-relu_finegrained1_784RGR.pt,14,90,90,3,1,0.1764,0.0009,0.13444924
dwconv-bn-relu_finegrained1_CUKEMP.pt,14,49,49,3,1,0.09604,0.00049,0.12758332
dwconv-bn-relu_finegrained1_AHCO96.pt,14,71,71,3,1,0.13916,0.00071,0.12825340000000002
dwconv-bn-relu_finegrained1_VJQ0V2.pt,14,76,76,3,1,0.14896,0.00076,0.13400084000000004
dwconv-bn-relu_finegrained1_LU84QU.pt,14,50,50,3,1,0.098,0.0005,0.14692479999999997
dwconv-bn-relu_finegrained1_2RSY0W.pt,14,63,63,3,1,0.12348,0.00063,0.2576278999999999
dwconv-bn-relu_finegrained1_17ATFT.pt,14,46,46,3,1,0.09016,0.00046,0.12761010000000006
dwconv-bn-relu_finegrained1_KKZ037.pt,14,57,57,3,1,0.11172,0.00057,0.3489973399999999
dwconv-bn-relu_finegrained1_8SY35G.pt,28,46,46,3,1,0.36064,0.00046,0.14093065999999999
dwconv-bn-relu_finegrained1_RTHEDW.pt,28,94,94,3,1,0.73696,0.00094,0.1511252
dwconv-bn-relu_finegrained1_PBHC3K.pt,28,52,52,3,1,0.40768,0.00052,0.14109606000000002
dwconv-bn-relu_finegrained1_UX4R31.pt,28,61,61,3,1,0.47824,0.00061,0.14563956000000003
dwconv-bn-relu_finegrained1_R66N0S.pt,28,45,45,3,1,0.3528,0.00045,0.26753345999999995
dwconv-bn-relu_finegrained1_FZNCO2.pt,28,92,92,3,1,0.72128,0.00092,0.15402522000000002
dwconv-bn-relu_finegrained1_BFT2OK.pt,28,51,51,3,1,0.39984,0.00051,0.1375439
dwconv-bn-relu_finegrained1_6NRFWD.pt,28,91,91,3,1,0.71344,0.00091,0.15682156000000003
dwconv-bn-relu_finegrained1_HHLS5D.pt,28,58,58,3,1,0.45472,0.00058,0.1406295
dwconv-bn-relu_finegrained1_01FDIC.pt,28,89,89,3,1,0.69776,0.00089,0.15043314
dwconv-bn-relu_finegrained1_PBJJOW.pt,28,59,59,3,1,0.46256,0.00059,0.15272136
dwconv-bn-relu_finegrained1_Y52K06.pt,28,65,65,3,1,0.5096,0.00065,0.15011433999999999
dwconv-bn-relu_finegrained1_P4V1AB.pt,28,98,98,3,1,0.76832,0.00098,0.16982223999999999
dwconv-bn-relu_finegrained1_AMM4IA.pt,28,66,66,3,1,0.51744,0.00066,0.15228502
dwconv-bn-relu_finegrained1_7F85VP.pt,28,90,90,3,1,0.7056,0.0009,0.16165728000000004
dwconv-bn-relu_finegrained1_3Y1G3W.pt,28,44,44,3,1,0.34496,0.00044,0.14502487999999997
dwconv-bn-relu_finegrained1_PUSLQG.pt,28,49,49,3,1,0.38416,0.00049,0.14195865999999996
dwconv-bn-relu_finegrained1_ERE5OQ.pt,28,104,104,3,1,0.81536,0.00104,0.1615315
dwconv-bn-relu_finegrained1_MSCV87.pt,28,57,57,3,1,0.44688,0.00057,0.14852098000000005
dwconv-bn-relu_finegrained1_29KVCL.pt,28,60,60,3,1,0.4704,0.0006,0.14967686000000005
dwconv-bn-relu_finegrained1_GJZ1EA.pt,28,42,42,3,1,0.32928,0.00042,0.14204136
dwconv-bn-relu_finegrained1_0AXFR6.pt,28,26,26,3,1,0.20384,0.00026,0.13625436
dwconv-bn-relu_finegrained1_716G87.pt,28,30,30,3,1,0.2352,0.0003,0.14458832
dwconv-bn-relu_finegrained1_W2E1JU.pt,28,21,21,3,1,0.16464,0.00021,0.13539636
dwconv-bn-relu_finegrained1_57EF5I.pt,28,40,40,3,1,0.3136,0.0004,0.14371264000000003
dwconv-bn-relu_finegrained1_SU4BF8.pt,28,27,27,3,1,0.21168,0.00027,0.14005746000000002
dwconv-bn-relu_finegrained1_AUV4ZK.pt,28,24,24,3,1,0.18816,0.00024,0.16270940000000003
dwconv-bn-relu_finegrained1_WQKJB2.pt,28,39,39,3,1,0.30576,0.00039,0.13309364
dwconv-bn-relu_finegrained1_XZ1MLT.pt,28,22,22,3,1,0.17248,0.00022,0.12860648
dwconv-bn-relu_finegrained1_Z02NI3.pt,28,29,29,3,1,0.22736,0.00029,0.13539723999999997
dwconv-bn-relu_finegrained1_5RU1H3.pt,28,38,38,3,1,0.29792,0.00038,0.13372296
dwconv-bn-relu_finegrained1_SGCAL0.pt,28,28,28,3,1,0.21952,0.00028,0.13408316000000003
dwconv-bn-relu_finegrained1_WFPQQE.pt,28,36,36,3,1,0.28224,0.00036,0.13519615999999998
dwconv-bn-relu_finegrained1_HLZAWY.pt,28,23,23,3,1,0.18032,0.00023,0.12450089999999997
dwconv-bn-relu_finegrained1_1GJUYF.pt,28,32,32,3,1,0.25088,0.00032,0.14180209999999996
dwconv-bn-relu_finegrained1_7HA9Q4.pt,28,41,41,3,1,0.32144,0.00041,0.28776073999999996
dwconv-bn-relu_finegrained1_X5R4MG.pt,28,25,25,3,1,0.196,0.00025,0.13120655999999997
dwconv-bn-relu_finegrained1_PUWYXU.pt,28,31,31,3,1,0.24304,0.00031,0.1299256
dwconv-bn-relu_finegrained1_YILQUA.pt,28,45,45,3,1,0.3528,0.00045,0.13991257999999995
dwconv-bn-relu_finegrained1_ZGTNWH.pt,28,35,35,3,1,0.2744,0.00035,0.13064628000000003
dwconv-bn-relu_finegrained1_1FWC81.pt,56,297,297,3,1,9.31392,0.00297,0.8712710399999999
dwconv-bn-relu_finegrained1_3XQRIV.pt,56,348,348,3,1,10.91328,0.00348,0.50653474
dwconv-bn-relu_finegrained1_K3SGXA.pt,56,331,331,3,1,10.38016,0.00331,1.3019405600000002
dwconv-bn-relu_finegrained1_DF32Z6.pt,56,459,459,3,1,14.39424,0.00459,2.00964156
dwconv-bn-relu_finegrained1_7OZ8X9.pt,56,241,241,3,1,7.55776,0.00241,0.35064839999999997
dwconv-bn-relu_finegrained1_Z631MW.pt,56,410,410,3,1,12.8576,0.0041,1.0566599
dwconv-bn-relu_finegrained1_7QQU3I.pt,56,322,322,3,1,10.09792,0.00322,0.74342214
dwconv-bn-relu_finegrained1_85WP1S.pt,56,457,457,3,1,14.33152,0.00457,1.5233447999999998
dwconv-bn-relu_finegrained1_W480YR.pt,56,529,529,3,1,16.58944,0.00529,1.7349426
dwconv-bn-relu_finegrained1_3ZDLC6.pt,56,244,244,3,1,7.65184,0.00244,0.8241986599999995
dwconv-bn-relu_finegrained1_DLCJ66.pt,56,548,548,3,1,17.18528,0.00548,1.9963566799999999
dwconv-bn-relu_finegrained1_A3Y4NC.pt,56,327,327,3,1,10.25472,0.00327,0.46728486
dwconv-bn-relu_finegrained1_8CAN1Q.pt,56,330,330,3,1,10.3488,0.0033,0.5388279399999999
dwconv-bn-relu_finegrained1_I3XGKN.pt,56,493,493,3,1,15.46048,0.00493,1.33578668
dwconv-bn-relu_finegrained1_WXNBE0.pt,56,556,556,3,1,17.43616,0.00556,1.3950254800000002
dwconv-bn-relu_finegrained1_LVGMBP.pt,56,537,537,3,1,16.84032,0.00537,1.9984731399999993
dwconv-bn-relu_finegrained1_7SVFWH.pt,56,379,379,3,1,11.88544,0.00379,0.8335523599999997
dwconv-bn-relu_finegrained1_5KTBGG.pt,56,506,506,3,1,15.86816,0.00506,1.5442780800000002
dwconv-bn-relu_finegrained1_R0QBBZ.pt,56,269,269,3,1,8.43584,0.00269,0.4546358000000001
dwconv-bn-relu_finegrained1_77ZQD2.pt,56,344,344,3,1,10.78784,0.00344,0.45076270000000007
dwconv-bn-relu_finegrained1_MU718Z.pt,112,38,38,7,1,23.8336,0.0019,0.34973762
dwconv-bn-relu_finegrained1_9R703X.pt,112,62,62,7,1,38.8864,0.0031,1.15088658
dwconv-bn-relu_finegrained1_DPCS7Z.pt,112,56,56,7,1,35.1232,0.0028,0.7618119000000003
dwconv-bn-relu_finegrained1_OFEJYV.pt,112,37,37,7,1,23.2064,0.00185,0.7468822000000002
dwconv-bn-relu_finegrained1_NMTJCK.pt,112,31,31,7,1,19.4432,0.00155,0.6105840600000002
dwconv-bn-relu_finegrained1_KHN9EX.pt,112,47,47,7,1,29.4784,0.00235,1.4190590399999996
dwconv-bn-relu_finegrained1_06ZVNM.pt,112,29,29,7,1,18.1888,0.00145,0.34579671999999995
dwconv-bn-relu_finegrained1_61CLLN.pt,112,51,51,7,1,31.9872,0.00255,0.97430802
dwconv-bn-relu_finegrained1_9JWQY5.pt,112,52,52,7,1,32.6144,0.0026,0.6109083399999998
dwconv-bn-relu_finegrained1_JM24Q7.pt,112,54,54,7,1,33.8688,0.0027,0.69416828
dwconv-bn-relu_finegrained1_9T9TL5.pt,112,30,30,7,1,18.816,0.0015,0.35877234
dwconv-bn-relu_finegrained1_4YQHQB.pt,112,27,27,7,1,16.9344,0.00135,0.3726989599999998
dwconv-bn-relu_finegrained1_Q76E5D.pt,112,63,63,7,1,39.5136,0.00315,0.71171496
dwconv-bn-relu_finegrained1_YH9DYF.pt,112,35,35,7,1,21.952,0.00175,0.48684912
dwconv-bn-relu_finegrained1_BVVU86.pt,112,33,33,7,1,20.6976,0.00165,0.3923837399999998
dwconv-bn-relu_finegrained1_A8UXLQ.pt,112,59,59,7,1,37.0048,0.00295,1.05481512
dwconv-bn-relu_finegrained1_E5YTZN.pt,112,58,58,7,1,36.3776,0.0029,1.0416424599999998
dwconv-bn-relu_finegrained1_LK0NWV.pt,112,61,61,7,1,38.2592,0.00305,0.94379
dwconv-bn-relu_finegrained1_5XHEWJ.pt,112,42,42,7,1,26.3424,0.0021,0.8966049399999999
dwconv-bn-relu_finegrained1_Y7NFEM.pt,112,55,55,7,1,34.496,0.00275,0.47974816
dwconv-bn-relu_finegrained1_8HWTJI.pt,7,44,44,3,1,0.02156,0.00044,0.12384529999999999
dwconv-bn-relu_finegrained1_VRB365.pt,7,51,51,3,1,0.02499,0.00051,0.11749246
dwconv-bn-relu_finegrained1_B1H150.pt,7,72,72,3,1,0.03528,0.00072,0.13521660000000005
dwconv-bn-relu_finegrained1_9G26P5.pt,7,78,78,3,1,0.03822,0.00078,0.17909606
dwconv-bn-relu_finegrained1_KA0VG7.pt,7,38,38,3,1,0.01862,0.00038,0.12493462000000001
dwconv-bn-relu_finegrained1_CWNQ55.pt,7,34,34,3,1,0.01666,0.00034,0.27590172
dwconv-bn-relu_finegrained1_VIYQ9J.pt,7,58,58,3,1,0.02842,0.00058,0.12056744000000005
dwconv-bn-relu_finegrained1_1SJ8V3.pt,7,57,57,3,1,0.02793,0.00057,0.11923605999999998
dwconv-bn-relu_finegrained1_V3OFYY.pt,7,47,47,3,1,0.02303,0.00047,0.12571768
dwconv-bn-relu_finegrained1_LZDM90.pt,7,70,70,3,1,0.0343,0.0007,0.11828302
dwconv-bn-relu_finegrained1_SG78IJ.pt,7,54,54,3,1,0.02646,0.00054,0.12323496
dwconv-bn-relu_finegrained1_3JMD7J.pt,7,42,42,3,1,0.02058,0.00042,0.08893657999999999
dwconv-bn-relu_finegrained1_8H79HM.pt,7,35,35,3,1,0.01715,0.00035,0.15825745999999996
dwconv-bn-relu_finegrained1_EHBQN6.pt,7,62,62,3,1,0.03038,0.00062,0.11736218
dwconv-bn-relu_finegrained1_9M6WZG.pt,7,76,76,3,1,0.03724,0.00076,0.09914123999999999
dwconv-bn-relu_finegrained1_26289K.pt,7,65,65,3,1,0.03185,0.00065,0.12143314
dwconv-bn-relu_finegrained1_7OQAS8.pt,7,80,80,3,1,0.0392,0.0008,0.1455035
dwconv-bn-relu_finegrained1_O41RGF.pt,7,39,39,3,1,0.01911,0.00039,0.20093332000000003
dwconv-bn-relu_finegrained1_62HVQX.pt,7,49,49,3,1,0.02401,0.00049,0.12295565999999997
dwconv-bn-relu_finegrained1_PEE1NY.pt,7,43,43,3,1,0.02107,0.00043,0.23668958
dwconv-bn-relu_finegrained1_O821L9.pt,14,176,176,3,1,0.34496,0.00176,0.35533612000000003
dwconv-bn-relu_finegrained1_0E9G38.pt,14,260,260,3,1,0.5096,0.0026,0.15272646000000004
dwconv-bn-relu_finegrained1_3DEPGX.pt,14,277,277,3,1,0.54292,0.00277,0.23650504000000003
dwconv-bn-relu_finegrained1_YIIN85.pt,14,267,267,3,1,0.52332,0.00267,0.15706426
dwconv-bn-relu_finegrained1_VH3K3I.pt,14,250,250,3,1,0.49,0.0025,0.16349223999999998
dwconv-bn-relu_finegrained1_NZFZG4.pt,14,208,208,3,1,0.40768,0.00208,0.15210579999999996
dwconv-bn-relu_finegrained1_G32U6F.pt,14,210,210,3,1,0.4116,0.0021,0.14639370000000007
dwconv-bn-relu_finegrained1_9EZ4OB.pt,14,150,150,3,1,0.294,0.0015,0.14988792
dwconv-bn-relu_finegrained1_H53K9F.pt,14,128,128,3,1,0.25088,0.00128,0.14833069999999998
dwconv-bn-relu_finegrained1_DVBLSL.pt,14,242,242,3,1,0.47432,0.00242,0.15928154
dwconv-bn-relu_finegrained1_AAPCCX.pt,14,171,171,3,1,0.33516,0.00171,0.15287224
dwconv-bn-relu_finegrained1_0T0AZ1.pt,14,262,262,3,1,0.51352,0.00262,0.3788713800000002
dwconv-bn-relu_finegrained1_225LIJ.pt,14,253,253,3,1,0.49588,0.00253,0.15982029999999997
dwconv-bn-relu_finegrained1_602YZ0.pt,14,232,232,3,1,0.45472,0.00232,0.14717841999999998
dwconv-bn-relu_finegrained1_AOEX69.pt,14,144,144,3,1,0.28224,0.00144,0.16428925999999996
dwconv-bn-relu_finegrained1_GH115N.pt,14,271,271,3,1,0.53116,0.00271,0.137257
dwconv-bn-relu_finegrained1_P9HGVH.pt,14,129,129,3,1,0.25284,0.00129,0.12865561999999997
dwconv-bn-relu_finegrained1_I5IZPP.pt,14,278,278,3,1,0.54488,0.00278,0.13706519999999997
dwconv-bn-relu_finegrained1_TU0SXY.pt,14,162,162,3,1,0.31752,0.00162,0.13260499999999997
dwconv-bn-relu_finegrained1_QDP234.pt,14,157,157,3,1,0.30772,0.00157,0.36779792
dwconv-bn-relu_finegrained1_5KO833.pt,14,20,20,7,1,0.196,0.001,0.1389728
dwconv-bn-relu_finegrained1_6PJQAD.pt,14,32,32,7,1,0.3136,0.0016,0.13366443999999997
dwconv-bn-relu_finegrained1_5ZMVEZ.pt,14,22,22,7,1,0.2156,0.0011,0.13622871999999994
dwconv-bn-relu_finegrained1_DSG49I.pt,14,35,35,7,1,0.343,0.00175,0.16069856
dwconv-bn-relu_finegrained1_V3F0KR.pt,14,30,30,7,1,0.294,0.0015,0.3975372799999998
dwconv-bn-relu_finegrained1_QTSU9E.pt,14,28,28,7,1,0.2744,0.0014,0.13885823999999994
dwconv-bn-relu_finegrained1_NOB7DA.pt,14,40,40,7,1,0.392,0.002,0.19569594
dwconv-bn-relu_finegrained1_EBJEIV.pt,14,29,29,7,1,0.2842,0.00145,0.13711568
dwconv-bn-relu_finegrained1_0CLVV8.pt,14,27,27,7,1,0.2646,0.00135,0.14288310000000004
dwconv-bn-relu_finegrained1_LCG0C5.pt,14,21,21,7,1,0.2058,0.00105,0.12476116000000002
dwconv-bn-relu_finegrained1_05DX0L.pt,14,42,42,7,1,0.4116,0.0021,0.12436926
dwconv-bn-relu_finegrained1_QPAUI7.pt,14,26,26,7,1,0.2548,0.0013,0.11950282000000004
dwconv-bn-relu_finegrained1_TXGSRJ.pt,14,23,23,7,1,0.2254,0.00115,0.12109211999999997
dwconv-bn-relu_finegrained1_V14NTB.pt,14,34,34,7,1,0.3332,0.0017,0.12202430000000003
dwconv-bn-relu_finegrained1_HTEU6M.pt,14,33,33,7,1,0.3234,0.00165,0.12144867999999998
dwconv-bn-relu_finegrained1_I6I8H6.pt,14,39,39,7,1,0.3822,0.00195,0.11888179999999998
dwconv-bn-relu_finegrained1_6PN154.pt,14,36,36,7,1,0.3528,0.0018,0.12610702
dwconv-bn-relu_finegrained1_UERK5C.pt,14,41,41,7,1,0.4018,0.00205,0.12479486000000005
dwconv-bn-relu_finegrained1_56RRRK.pt,14,25,25,7,1,0.245,0.00125,0.36457408000000013
dwconv-bn-relu_finegrained1_2QNDN0.pt,14,38,38,7,1,0.3724,0.0019,0.1763491
dwconv-bn-relu_finegrained1_PXHWS6.pt,112,92,92,5,1,30.005248,0.002392,1.05113876
dwconv-bn-relu_finegrained1_2V8O0A.pt,112,71,71,5,1,23.156224,0.001846,0.5702432000000001
dwconv-bn-relu_finegrained1_MKXY6V.pt,112,50,50,5,1,16.3072,0.0013,0.5660654399999998
dwconv-bn-relu_finegrained1_EMGSR5.pt,112,59,59,5,1,19.242496,0.001534,1.2403361
dwconv-bn-relu_finegrained1_V46A9R.pt,112,58,58,5,1,18.916352,0.001508,0.5829522200000001
dwconv-bn-relu_finegrained1_8J64LL.pt,112,72,72,5,1,23.482368,0.001872,0.7557017800000003
dwconv-bn-relu_finegrained1_A0C55I.pt,112,52,52,5,1,16.959488,0.001352,0.4314373400000001
dwconv-bn-relu_finegrained1_E3UVGJ.pt,112,62,62,5,1,20.220928,0.001612,0.61214802
dwconv-bn-relu_finegrained1_RWGEDY.pt,112,67,67,5,1,21.851648,0.001742,1.0563140399999997
dwconv-bn-relu_finegrained1_HVLIFR.pt,112,88,88,5,1,28.700672,0.002288,1.0008025600000001
dwconv-bn-relu_finegrained1_7XINYI.pt,112,83,83,5,1,27.069952,0.002158,1.1593483
dwconv-bn-relu_finegrained1_UZMXW9.pt,112,79,79,5,1,25.765376,0.002054,0.6689500800000002
dwconv-bn-relu_finegrained1_VAP4UG.pt,112,44,44,5,1,14.350336,0.001144,1.2515129600000001
dwconv-bn-relu_finegrained1_EEYN0L.pt,112,64,64,5,1,20.873216,0.001664,0.6871380199999997
dwconv-bn-relu_finegrained1_C0IX9V.pt,112,77,77,5,1,25.113088,0.002002,0.8996831200000002
dwconv-bn-relu_finegrained1_PI0EC4.pt,112,87,87,5,1,28.374528,0.002262,0.94862686
dwconv-bn-relu_finegrained1_BUXKS8.pt,112,82,82,5,1,26.743808,0.002132,0.8483449000000001
dwconv-bn-relu_finegrained1_MHUU2D.pt,112,69,69,5,1,22.503936,0.001794,0.6572774999999998
dwconv-bn-relu_finegrained1_8A9UJT.pt,112,45,45,5,1,14.67648,0.00117,0.3576786199999999
dwconv-bn-relu_finegrained1_YOFZ8X.pt,112,51,51,5,1,16.633344,0.001326,0.4151627
dwconv-bn-relu_finegrained1_U3DZAH.pt,14,154,154,5,1,0.784784,0.004004,0.13747787999999997
dwconv-bn-relu_finegrained1_LYTE42.pt,14,172,172,5,1,0.876512,0.004472,0.15084172
dwconv-bn-relu_finegrained1_B1NF9U.pt,14,157,157,5,1,0.800072,0.004082,0.15799272
dwconv-bn-relu_finegrained1_UZ319A.pt,14,150,150,5,1,0.7644,0.0039,0.14312702
dwconv-bn-relu_finegrained1_0PY2WN.pt,14,105,105,5,1,0.53508,0.00273,0.14829315999999995
dwconv-bn-relu_finegrained1_WMQODQ.pt,14,128,128,5,1,0.652288,0.003328,0.14246879999999998
dwconv-bn-relu_finegrained1_FGDBC0.pt,14,133,133,5,1,0.677768,0.003458,0.18869239999999998
dwconv-bn-relu_finegrained1_DSWTQ5.pt,14,148,148,5,1,0.754208,0.003848,0.14960658000000002
dwconv-bn-relu_finegrained1_75HXHY.pt,14,117,117,5,1,0.596232,0.003042,0.14471466
dwconv-bn-relu_finegrained1_6D2HK9.pt,14,111,111,5,1,0.565656,0.002886,0.14215468000000006
dwconv-bn-relu_finegrained1_QS85ZN.pt,14,186,186,5,1,0.947856,0.004836,0.22804731999999994
dwconv-bn-relu_finegrained1_ZPV2NS.pt,14,91,91,5,1,0.463736,0.002366,0.14382605999999998
dwconv-bn-relu_finegrained1_E6M7BK.pt,14,158,158,5,1,0.805168,0.004108,0.15001859999999997
dwconv-bn-relu_finegrained1_SSGQL0.pt,14,153,153,5,1,0.779688,0.003978,0.15493775999999995
dwconv-bn-relu_finegrained1_S1VEX5.pt,14,96,96,5,1,0.489216,0.002496,0.13519837999999995
dwconv-bn-relu_finegrained1_N3WNMM.pt,14,141,141,5,1,0.718536,0.003666,0.21230589999999996
dwconv-bn-relu_finegrained1_AQ9WRW.pt,14,88,88,5,1,0.448448,0.002288,0.13637478
dwconv-bn-relu_finegrained1_9N2PSY.pt,14,152,152,5,1,0.774592,0.003952,0.23464186000000006
dwconv-bn-relu_finegrained1_5CD2S4.pt,14,181,181,5,1,0.922376,0.004706,0.21610037999999995
dwconv-bn-relu_finegrained1_YAVYMB.pt,14,188,188,5,1,0.958048,0.004888,0.16292218000000003
dwconv-bn-relu_finegrained1_Z0KNN6.pt,112,94,94,5,2,7.664384,0.002444,0.35605055999999996
dwconv-bn-relu_finegrained1_I7Q5HA.pt,112,124,124,5,2,10.110464,0.003224,0.59245854
dwconv-bn-relu_finegrained1_XXKGXR.pt,112,89,89,5,2,7.256704,0.002314,0.34014236000000003
dwconv-bn-relu_finegrained1_7O1WTO.pt,112,144,144,5,2,11.741184,0.003744,0.3823402000000001
dwconv-bn-relu_finegrained1_B418KE.pt,112,84,84,5,2,6.849024,0.002184,0.8596574400000001
dwconv-bn-relu_finegrained1_EIRNAW.pt,112,160,160,5,2,13.04576,0.00416,0.9869653400000002
dwconv-bn-relu_finegrained1_2LRO7I.pt,112,193,193,5,2,15.736448,0.005018,1.4553858400000002
dwconv-bn-relu_finegrained1_S6A30X.pt,112,148,148,5,2,12.067328,0.003848,0.46966478
dwconv-bn-relu_finegrained1_N5QKZC.pt,112,115,115,5,2,9.37664,0.00299,1.34812002
dwconv-bn-relu_finegrained1_GLDVYC.pt,112,113,113,5,2,9.213568,0.002938,0.41980612000000017
dwconv-bn-relu_finegrained1_2SOR3K.pt,112,183,183,5,2,14.921088,0.004758,1.0446932799999997
dwconv-bn-relu_finegrained1_DNAHKJ.pt,112,197,197,5,2,16.062592,0.005122,0.58173788
dwconv-bn-relu_finegrained1_QW3HCA.pt,112,140,140,5,2,11.41504,0.00364,1.06052736
dwconv-bn-relu_finegrained1_U6KIYD.pt,112,88,88,5,2,7.175168,0.002288,0.36995584000000004
dwconv-bn-relu_finegrained1_MPJSMP.pt,112,185,185,5,2,15.08416,0.00481,1.5072655999999998
dwconv-bn-relu_finegrained1_5PIEYE.pt,112,171,171,5,2,13.942656,0.004446,0.7953960600000003
dwconv-bn-relu_finegrained1_LH6TWU.pt,112,92,92,5,2,7.501312,0.002392,0.2973380000000001
dwconv-bn-relu_finegrained1_UY8TNZ.pt,112,157,157,5,2,12.801152,0.004082,0.42333997999999995
dwconv-bn-relu_finegrained1_14WQ99.pt,112,166,166,5,2,13.534976,0.004316,1.6223984599999997
dwconv-bn-relu_finegrained1_R9YKIZ.pt,112,135,135,5,2,11.00736,0.00351,1.5650638999999997
dwconv-bn-relu_finegrained1_FAX98X.pt,14,907,907,5,1,4.622072,0.023582,0.19349446
dwconv-bn-relu_finegrained1_7H3B0T.pt,14,1008,1008,5,1,5.136768,0.026208,0.19954502
dwconv-bn-relu_finegrained1_PXY9AT.pt,14,762,762,5,1,3.883152,0.019812,0.17785447999999998
dwconv-bn-relu_finegrained1_M5VWM1.pt,14,1089,1089,5,1,5.549544,0.028314,0.21661892000000005
dwconv-bn-relu_finegrained1_HX45XG.pt,14,966,966,5,1,4.922736,0.025116,0.20652676
dwconv-bn-relu_finegrained1_006JP4.pt,14,710,710,5,1,3.61816,0.01846,0.18306046
dwconv-bn-relu_finegrained1_V7MGFL.pt,14,557,557,5,1,2.838472,0.014482,0.16775225999999996
dwconv-bn-relu_finegrained1_YU8QXN.pt,14,820,820,5,1,4.17872,0.02132,0.19697398000000002
dwconv-bn-relu_finegrained1_0GE71O.pt,14,602,602,5,1,3.067792,0.015652,0.17536148000000004
dwconv-bn-relu_finegrained1_703FKC.pt,14,587,587,5,1,2.991352,0.015262,0.17748487999999996
dwconv-bn-relu_finegrained1_XFG5BV.pt,14,876,876,5,1,4.464096,0.022776,0.20933471999999995
dwconv-bn-relu_finegrained1_7EPTGF.pt,14,741,741,5,1,3.776136,0.019266,0.19574187999999995
dwconv-bn-relu_finegrained1_DZZF12.pt,14,1124,1124,5,1,5.727904,0.029224,0.22347229999999993
dwconv-bn-relu_finegrained1_6MBBVW.pt,14,631,631,5,1,3.215576,0.016406,0.17988514000000003
dwconv-bn-relu_finegrained1_4NZQPD.pt,14,803,803,5,1,4.092088,0.020878,0.19503643999999998
dwconv-bn-relu_finegrained1_BAY8EI.pt,14,649,649,5,1,3.307304,0.016874,0.18429141999999998
dwconv-bn-relu_finegrained1_PI9SGO.pt,14,679,679,5,1,3.460184,0.017654,0.36380444000000006
dwconv-bn-relu_finegrained1_BLM0O2.pt,14,784,784,5,1,3.995264,0.020384,0.1949532
dwconv-bn-relu_finegrained1_3UOUZ7.pt,14,729,729,5,1,3.714984,0.018954,0.18876618
dwconv-bn-relu_finegrained1_G6BUKO.pt,14,868,868,5,1,4.423328,0.022568,0.19195477999999994
dwconv-bn-relu_finegrained1_3CBS0B.pt,7,82,82,3,2,0.010045,0.00082,0.11930956000000004
dwconv-bn-relu_finegrained1_3LRW1U.pt,7,61,61,3,2,0.0074725,0.00061,0.11474711999999998
dwconv-bn-relu_finegrained1_DWW6OY.pt,7,49,49,3,2,0.0060025,0.00049,0.11157507999999998
dwconv-bn-relu_finegrained1_MRETG8.pt,7,58,58,3,2,0.007105,0.00058,0.10786149999999997
dwconv-bn-relu_finegrained1_QE4HUF.pt,7,96,96,3,2,0.01176,0.00096,0.1251214
dwconv-bn-relu_finegrained1_48MS9R.pt,7,68,68,3,2,0.00833,0.00068,0.11710198000000004
dwconv-bn-relu_finegrained1_EDGPNS.pt,7,48,48,3,2,0.00588,0.00048,0.10876800000000003
dwconv-bn-relu_finegrained1_51VOTF.pt,7,40,40,3,2,0.0049,0.0004,0.11864756000000004
dwconv-bn-relu_finegrained1_2D2K3V.pt,7,62,62,3,2,0.007595,0.00062,0.10997524000000002
dwconv-bn-relu_finegrained1_0NPKV5.pt,7,90,90,3,2,0.011025,0.0009,0.11499353999999999
dwconv-bn-relu_finegrained1_VA6UUX.pt,7,52,52,3,2,0.00637,0.00052,0.10818166
dwconv-bn-relu_finegrained1_BF8BDK.pt,7,74,74,3,2,0.009065,0.00074,0.11214199999999998
dwconv-bn-relu_finegrained1_3DP8Z3.pt,7,80,80,3,2,0.0098,0.0008,0.12209057999999998
dwconv-bn-relu_finegrained1_BDAHDT.pt,7,44,44,3,2,0.00539,0.00044,0.11026467999999999
dwconv-bn-relu_finegrained1_2693B9.pt,7,50,50,3,2,0.006125,0.0005,0.31574248
dwconv-bn-relu_finegrained1_GEUREI.pt,7,94,94,3,2,0.011515,0.00094,0.11777157999999996
dwconv-bn-relu_finegrained1_QMN245.pt,7,86,86,3,2,0.010535,0.00086,0.11955650000000001
dwconv-bn-relu_finegrained1_E1GJ0S.pt,7,41,41,3,2,0.0050225,0.00041,0.10986076
dwconv-bn-relu_finegrained1_KJV2G9.pt,7,93,93,3,2,0.0113925,0.00093,0.13665084
dwconv-bn-relu_finegrained1_4LPJII.pt,7,95,95,3,2,0.0116375,0.00095,0.14596684000000004
dwconv-bn-relu_finegrained1_L1U7E5.pt,7,44,44,3,1,0.02156,0.00044,0.13150212
dwconv-bn-relu_finegrained1_9SI5FZ.pt,7,68,68,3,1,0.03332,0.00068,0.09455382
dwconv-bn-relu_finegrained1_RUHIAT.pt,7,72,72,3,1,0.03528,0.00072,0.14042985999999996
dwconv-bn-relu_finegrained1_1XRDFN.pt,7,88,88,3,1,0.04312,0.00088,0.13496446
dwconv-bn-relu_finegrained1_H3WZVC.pt,7,75,75,3,1,0.03675,0.00075,0.12714731999999998
dwconv-bn-relu_finegrained1_TEQ8SC.pt,7,45,45,3,1,0.02205,0.00045,0.13433758000000004
dwconv-bn-relu_finegrained1_1GW8LZ.pt,7,74,74,3,1,0.03626,0.00074,0.13115330000000003
dwconv-bn-relu_finegrained1_9YJX56.pt,7,46,46,3,1,0.02254,0.00046,0.14613192000000008
dwconv-bn-relu_finegrained1_S8609X.pt,7,83,83,3,1,0.04067,0.00083,0.14008022
dwconv-bn-relu_finegrained1_R2DZE6.pt,7,86,86,3,1,0.04214,0.00086,0.12390079999999999
dwconv-bn-relu_finegrained1_GISBN7.pt,7,73,73,3,1,0.03577,0.00073,0.16860336
dwconv-bn-relu_finegrained1_PR4S7A.pt,7,63,63,3,1,0.03087,0.00063,0.11704386000000006
dwconv-bn-relu_finegrained1_LR5LIM.pt,7,78,78,3,1,0.03822,0.00078,0.12212560000000001
dwconv-bn-relu_finegrained1_1FICDX.pt,7,37,37,3,1,0.01813,0.00037,0.11733544
dwconv-bn-relu_finegrained1_ILMQ80.pt,7,42,42,3,1,0.02058,0.00042,0.11776228000000004
dwconv-bn-relu_finegrained1_FOONR8.pt,7,80,80,3,1,0.0392,0.0008,0.12585808
dwconv-bn-relu_finegrained1_S837AX.pt,7,48,48,3,1,0.02352,0.00048,0.13188886000000002
dwconv-bn-relu_finegrained1_6WE7PA.pt,7,62,62,3,1,0.03038,0.00062,0.11816875999999993
dwconv-bn-relu_finegrained1_NIOPPL.pt,7,54,54,3,1,0.02646,0.00054,0.12232248
dwconv-bn-relu_finegrained1_4X8UEY.pt,7,81,81,3,1,0.03969,0.00081,0.15062648000000003
dwconv-bn-relu_finegrained1_DP643M.pt,14,59,59,3,1,0.11564,0.00059,0.11785262000000003
dwconv-bn-relu_finegrained1_9EQ5MU.pt,14,56,56,3,1,0.10976,0.00056,0.1272123
dwconv-bn-relu_finegrained1_2QJJ8S.pt,14,55,55,3,1,0.1078,0.00055,0.12601598
dwconv-bn-relu_finegrained1_O2VROY.pt,14,61,61,3,1,0.11956,0.00061,0.12229965999999996
dwconv-bn-relu_finegrained1_UWLXO3.pt,14,70,70,3,1,0.1372,0.0007,0.13312694000000003
dwconv-bn-relu_finegrained1_B08HIU.pt,14,53,53,3,1,0.10388,0.00053,0.12255758
dwconv-bn-relu_finegrained1_GRY7IN.pt,14,34,34,3,1,0.06664,0.00034,0.12362084
dwconv-bn-relu_finegrained1_JWMDXJ.pt,14,39,39,3,1,0.07644,0.00039,0.12765433999999998
dwconv-bn-relu_finegrained1_9MU3P3.pt,14,65,65,3,1,0.1274,0.00065,0.13234221999999995
dwconv-bn-relu_finegrained1_7TN5ET.pt,14,58,58,3,1,0.11368,0.00058,0.12251116
dwconv-bn-relu_finegrained1_HH2TPI.pt,14,41,41,3,1,0.08036,0.00041,0.13074656000000004
dwconv-bn-relu_finegrained1_5YP40D.pt,14,40,40,3,1,0.0784,0.0004,0.16229538000000002
dwconv-bn-relu_finegrained1_X2AY6Z.pt,14,62,62,3,1,0.12152,0.00062,0.2544392399999999
dwconv-bn-relu_finegrained1_JKRTJ9.pt,14,51,51,3,1,0.09996,0.00051,0.26499581999999994
dwconv-bn-relu_finegrained1_9HXR6D.pt,14,43,43,3,1,0.08428,0.00043,0.12682548
dwconv-bn-relu_finegrained1_VS7W9R.pt,14,66,66,3,1,0.12936,0.00066,0.12619912
dwconv-bn-relu_finegrained1_TJXQNL.pt,14,63,63,3,1,0.12348,0.00063,0.12506356000000002
dwconv-bn-relu_finegrained1_LLLGAF.pt,14,36,36,3,1,0.07056,0.00036,0.15099182000000005
dwconv-bn-relu_finegrained1_2JGQTH.pt,14,30,30,3,1,0.0588,0.0003,0.12110472
dwconv-bn-relu_finegrained1_RI45LE.pt,14,60,60,3,1,0.1176,0.0006,0.13111976
dwconv-bn-relu_finegrained1_UTI4NI.pt,14,54,54,3,1,0.10584,0.00054,0.12351363999999997
dwconv-bn-relu_finegrained1_UN8SVO.pt,14,26,26,3,1,0.05096,0.00026,0.13717820000000003
dwconv-bn-relu_finegrained1_39PGU4.pt,14,51,51,3,1,0.09996,0.00051,0.12598685999999998
dwconv-bn-relu_finegrained1_1YQJBF.pt,14,29,29,3,1,0.05684,0.00029,0.11876284
dwconv-bn-relu_finegrained1_TPFYZ8.pt,14,28,28,3,1,0.05488,0.00028,0.28175042
dwconv-bn-relu_finegrained1_CVKSP7.pt,14,56,56,3,1,0.10976,0.00056,0.1281574
dwconv-bn-relu_finegrained1_83E0KO.pt,14,55,55,3,1,0.1078,0.00055,0.12911935999999996
dwconv-bn-relu_finegrained1_1E1YUU.pt,14,40,40,3,1,0.0784,0.0004,0.13480654
dwconv-bn-relu_finegrained1_58VNGD.pt,14,41,41,3,1,0.08036,0.00041,0.12316023999999998
dwconv-bn-relu_finegrained1_6U82N0.pt,14,48,48,3,1,0.09408,0.00048,0.12836502000000002
dwconv-bn-relu_finegrained1_SB0OF9.pt,14,53,53,3,1,0.10388,0.00053,0.12771664000000002
dwconv-bn-relu_finegrained1_89WDQQ.pt,14,61,61,3,1,0.11956,0.00061,0.09674910000000002
dwconv-bn-relu_finegrained1_E7IQHJ.pt,14,59,59,3,1,0.11564,0.00059,0.31363926000000003
dwconv-bn-relu_finegrained1_G5WWBB.pt,14,38,38,3,1,0.07448,0.00038,0.1244916
dwconv-bn-relu_finegrained1_A9AA7K.pt,14,27,27,3,1,0.05292,0.00027,0.12107642000000003
dwconv-bn-relu_finegrained1_TEXNTX.pt,14,46,46,3,1,0.09016,0.00046,0.12015631999999998
dwconv-bn-relu_finegrained1_PS7P17.pt,14,34,34,3,1,0.06664,0.00034,0.12174501999999993
dwconv-bn-relu_finegrained1_J7HPHJ.pt,14,49,49,3,1,0.09604,0.00049,0.17817010000000003
dwconv-bn-relu_finegrained1_WX5Z3T.pt,14,37,37,3,1,0.07252,0.00037,0.12910051999999997
dwconv-bn-relu_finegrained1_X238II.pt,14,35,35,3,1,0.0686,0.00035,0.13303626000000005
dwconv-bn-relu_finegrained1_E18OUA.pt,28,107,107,5,1,2.181088,0.002782,0.17251516
dwconv-bn-relu_finegrained1_9MX55C.pt,28,94,94,5,1,1.916096,0.002444,0.16301540000000003
dwconv-bn-relu_finegrained1_5AWHMI.pt,28,62,62,5,1,1.263808,0.001612,0.15692922
dwconv-bn-relu_finegrained1_Z6BH0L.pt,28,96,96,5,1,1.956864,0.002496,0.15970041999999998
dwconv-bn-relu_finegrained1_MRRXLF.pt,28,89,89,5,1,1.814176,0.002314,0.17017945999999998
dwconv-bn-relu_finegrained1_4VZUF5.pt,28,61,61,5,1,1.243424,0.001586,0.16129764000000002
dwconv-bn-relu_finegrained1_MD58M5.pt,28,104,104,5,1,2.119936,0.002704,0.16330154
dwconv-bn-relu_finegrained1_A3N5VR.pt,28,66,66,5,1,1.345344,0.001716,0.15734485999999995
dwconv-bn-relu_finegrained1_G3PEKC.pt,28,60,60,5,1,1.22304,0.00156,0.14889950000000002
dwconv-bn-relu_finegrained1_YCLD7W.pt,28,92,92,5,1,1.875328,0.002392,0.24114948000000003
dwconv-bn-relu_finegrained1_R98QIO.pt,28,93,93,5,1,1.895712,0.002418,0.14814709999999998
dwconv-bn-relu_finegrained1_J8INI2.pt,28,99,99,5,1,2.018016,0.002574,0.15235928000000004
dwconv-bn-relu_finegrained1_0H2UE8.pt,28,73,73,5,1,1.488032,0.001898,0.14560772000000002
dwconv-bn-relu_finegrained1_1P2K54.pt,28,103,103,5,1,2.099552,0.002678,0.16151996000000002
dwconv-bn-relu_finegrained1_83W9EM.pt,28,84,84,5,1,1.712256,0.002184,0.15554958
dwconv-bn-relu_finegrained1_JORB4W.pt,28,97,97,5,1,1.977248,0.002522,0.15682390000000004
dwconv-bn-relu_finegrained1_ZEMSGK.pt,28,81,81,5,1,1.651104,0.002106,0.15671164
dwconv-bn-relu_finegrained1_XQNN9M.pt,28,80,80,5,1,1.63072,0.00208,0.15140688000000002
dwconv-bn-relu_finegrained1_7PTIUY.pt,28,91,91,5,1,1.854944,0.002366,0.15950326000000004
dwconv-bn-relu_finegrained1_RZM9NQ.pt,28,45,45,5,1,0.91728,0.00117,0.14776312000000003
dwconv-bn-relu_finegrained1_BKE0YF.pt,112,236,236,5,1,76.969984,0.006136,2.7132072400000005
dwconv-bn-relu_finegrained1_GFCO6R.pt,112,259,259,5,1,84.471296,0.006734,3.8097216400000002
dwconv-bn-relu_finegrained1_LKY1EP.pt,112,205,205,5,1,66.85952,0.00533,2.6647205600000006
dwconv-bn-relu_finegrained1_K864B0.pt,112,184,184,5,1,60.010496,0.004784,1.8056265799999993
dwconv-bn-relu_finegrained1_VVCRE5.pt,112,228,228,5,1,74.360832,0.005928,2.8197901
dwconv-bn-relu_finegrained1_4TN1EL.pt,112,194,194,5,1,63.271936,0.005044,3.144641279999999
dwconv-bn-relu_finegrained1_3KC9CF.pt,112,145,145,5,1,47.29088,0.00377,2.3471885400000008
dwconv-bn-relu_finegrained1_BICZ1E.pt,112,186,186,5,1,60.662784,0.004836,2.4868961599999997
dwconv-bn-relu_finegrained1_1OP05J.pt,112,188,188,5,1,61.315072,0.004888,2.20289016
dwconv-bn-relu_finegrained1_O5BEYP.pt,112,155,155,5,1,50.55232,0.00403,2.7292079399999993
dwconv-bn-relu_finegrained1_RNMLKO.pt,112,246,246,5,1,80.231424,0.006396,3.9252061599999992
dwconv-bn-relu_finegrained1_4E7RPD.pt,112,219,219,5,1,71.425536,0.005694,4.15424174
dwconv-bn-relu_finegrained1_DHEYPZ.pt,112,158,158,5,1,51.530752,0.004108,2.75429044
dwconv-bn-relu_finegrained1_672Y9H.pt,112,224,224,5,1,73.056256,0.005824,2.0631859400000003
dwconv-bn-relu_finegrained1_FD493C.pt,112,220,220,5,1,71.75168,0.00572,2.9697981799999984
dwconv-bn-relu_finegrained1_OMK3GL.pt,112,166,166,5,1,54.139904,0.004316,2.602002060000001
dwconv-bn-relu_finegrained1_F1DVDO.pt,112,201,201,5,1,65.554944,0.005226,2.90327778
dwconv-bn-relu_finegrained1_RRCFF7.pt,112,209,209,5,1,68.164096,0.005434,2.759828080000001
dwconv-bn-relu_finegrained1_Y0IOG8.pt,112,147,147,5,1,47.943168,0.003822,1.9641595800000002
dwconv-bn-relu_finegrained1_16R9UJ.pt,112,277,277,5,1,90.341888,0.007202,4.195365039999998
dwconv-bn-relu_finegrained1_QHUCCD.pt,7,52,52,7,1,0.1274,0.0026,0.1088067
dwconv-bn-relu_finegrained1_82MCVJ.pt,7,60,60,7,1,0.147,0.003,0.09877016000000002
dwconv-bn-relu_finegrained1_CL708K.pt,7,30,30,7,1,0.0735,0.0015,0.11786871999999997
dwconv-bn-relu_finegrained1_ZKMUP6.pt,7,57,57,7,1,0.13965,0.00285,0.13255184000000003
dwconv-bn-relu_finegrained1_DHHES4.pt,7,44,44,7,1,0.1078,0.0022,0.12733828
dwconv-bn-relu_finegrained1_PNDJ7Y.pt,7,46,46,7,1,0.1127,0.0023,0.13429508
dwconv-bn-relu_finegrained1_GMBWWL.pt,7,47,47,7,1,0.11515,0.00235,0.12802796
dwconv-bn-relu_finegrained1_UHCEK3.pt,7,31,31,7,1,0.07595,0.00155,0.21203616
dwconv-bn-relu_finegrained1_MRV337.pt,7,32,32,7,1,0.0784,0.0016,0.325966
dwconv-bn-relu_finegrained1_RNL63A.pt,7,33,33,7,1,0.08085,0.00165,0.13411461999999996
dwconv-bn-relu_finegrained1_PZSO7J.pt,7,54,54,7,1,0.1323,0.0027,0.13164208000000002
dwconv-bn-relu_finegrained1_9LP7F5.pt,7,42,42,7,1,0.1029,0.0021,0.13431578
dwconv-bn-relu_finegrained1_HPA3M3.pt,7,29,29,7,1,0.07105,0.00145,0.1353427
dwconv-bn-relu_finegrained1_6544I0.pt,7,38,38,7,1,0.0931,0.0019,0.2813063599999999
dwconv-bn-relu_finegrained1_1TEIU6.pt,7,53,53,7,1,0.12985,0.00265,0.12833536000000004
dwconv-bn-relu_finegrained1_F1SNJV.pt,7,49,49,7,1,0.12005,0.00245,0.13088007999999998
dwconv-bn-relu_finegrained1_1K7861.pt,7,43,43,7,1,0.10535,0.00215,0.2925125000000002
dwconv-bn-relu_finegrained1_ZYXIH5.pt,7,65,65,7,1,0.15925,0.00325,0.1355131
dwconv-bn-relu_finegrained1_FJ2WGI.pt,7,34,34,7,1,0.0833,0.0017,0.13967162000000002
dwconv-bn-relu_finegrained1_ENR1Y7.pt,7,55,55,7,1,0.13475,0.00275,0.15350826
dwconv-bn-relu_finegrained1_LUTQPT.pt,112,87,87,3,1,10.91328,0.00087,0.6139878600000002
dwconv-bn-relu_finegrained1_JJAYHT.pt,112,55,55,3,1,6.8992,0.00055,0.36297942000000005
dwconv-bn-relu_finegrained1_T9SQZA.pt,112,114,114,3,1,14.30016,0.00114,1.2910217200000003
dwconv-bn-relu_finegrained1_46NTAV.pt,112,88,88,3,1,11.03872,0.00088,0.89265618
dwconv-bn-relu_finegrained1_CI7EZF.pt,112,78,78,3,1,9.78432,0.00078,0.7894065
dwconv-bn-relu_finegrained1_TD0MY7.pt,112,109,109,3,1,13.67296,0.00109,1.51218174
dwconv-bn-relu_finegrained1_CD1O2D.pt,112,119,119,3,1,14.92736,0.00119,1.5327554200000002
dwconv-bn-relu_finegrained1_PPJBW3.pt,112,106,106,3,1,13.29664,0.00106,1.4901398200000002
dwconv-bn-relu_finegrained1_K0MKFE.pt,112,96,96,3,1,12.04224,0.00096,0.7744338399999999
dwconv-bn-relu_finegrained1_5OHW4Y.pt,112,93,93,3,1,11.66592,0.00093,0.8450457800000001
dwconv-bn-relu_finegrained1_B47228.pt,112,56,56,3,1,7.02464,0.00056,0.56419796
dwconv-bn-relu_finegrained1_G382DD.pt,112,113,113,3,1,14.17472,0.00113,1.3911772800000006
dwconv-bn-relu_finegrained1_V9JYBL.pt,112,115,115,3,1,14.4256,0.00115,1.780374919999999
dwconv-bn-relu_finegrained1_F8M1LX.pt,112,81,81,3,1,10.16064,0.00081,0.49590808000000003
dwconv-bn-relu_finegrained1_ODLMLY.pt,112,63,63,3,1,7.90272,0.00063,0.3846499000000001
dwconv-bn-relu_finegrained1_5ZM5VI.pt,112,82,82,3,1,10.28608,0.00082,0.4859040199999999
dwconv-bn-relu_finegrained1_2FBP34.pt,112,77,77,3,1,9.65888,0.00077,0.51512404
dwconv-bn-relu_finegrained1_0VRU7J.pt,112,94,94,3,1,11.79136,0.00094,0.57965406
dwconv-bn-relu_finegrained1_8XVP8P.pt,112,86,86,3,1,10.78784,0.00086,0.50616614
dwconv-bn-relu_finegrained1_KGWDC6.pt,112,53,53,3,1,6.64832,0.00053,0.3325688400000001
dwconv-bn-relu_finegrained1_IIH3WW.pt,28,111,111,3,1,0.87024,0.00111,0.14959856
dwconv-bn-relu_finegrained1_ZGXW0T.pt,28,164,164,3,1,1.28576,0.00164,0.17678792
dwconv-bn-relu_finegrained1_MYDLY9.pt,28,212,212,3,1,1.66208,0.00212,0.24394898000000004
dwconv-bn-relu_finegrained1_79XO0I.pt,28,186,186,3,1,1.45824,0.00186,0.18575218000000007
dwconv-bn-relu_finegrained1_EJMX10.pt,28,183,183,3,1,1.43472,0.00183,0.17586482
dwconv-bn-relu_finegrained1_40F86V.pt,28,141,141,3,1,1.10544,0.00141,0.16337703999999997
dwconv-bn-relu_finegrained1_VU8YJD.pt,28,166,166,3,1,1.30144,0.00166,0.17461234000000012
dwconv-bn-relu_finegrained1_I7L0DU.pt,28,203,203,3,1,1.59152,0.00203,0.1837615000000001
dwconv-bn-relu_finegrained1_O2DNZQ.pt,28,201,201,3,1,1.57584,0.00201,0.18120914000000002
dwconv-bn-relu_finegrained1_HM3QMD.pt,28,168,168,3,1,1.31712,0.00168,0.16736342000000004
dwconv-bn-relu_finegrained1_DQJAP5.pt,28,126,126,3,1,0.98784,0.00126,0.15727898
dwconv-bn-relu_finegrained1_GE84TN.pt,28,214,214,3,1,1.67776,0.00214,0.1760642
dwconv-bn-relu_finegrained1_6A88C1.pt,28,129,129,3,1,1.01136,0.00129,0.15764566
dwconv-bn-relu_finegrained1_DGN3H8.pt,28,120,120,3,1,0.9408,0.0012,0.14630405999999996
dwconv-bn-relu_finegrained1_UMIFWP.pt,28,160,160,3,1,1.2544,0.0016,0.15636049999999993
dwconv-bn-relu_finegrained1_78UAIQ.pt,28,169,169,3,1,1.32496,0.00169,0.17042064
dwconv-bn-relu_finegrained1_VY7WUR.pt,28,233,233,3,1,1.82672,0.00233,0.19237406000000007
dwconv-bn-relu_finegrained1_IJRGX4.pt,28,149,149,3,1,1.16816,0.00149,0.16540356
dwconv-bn-relu_finegrained1_3LT4M5.pt,28,231,231,3,1,1.81104,0.00231,0.18516158000000005
dwconv-bn-relu_finegrained1_BZFENI.pt,28,217,217,3,1,1.70128,0.00217,0.23068107999999996
dwconv-bn-relu_finegrained1_W3727G.pt,28,121,121,3,1,0.94864,0.00121,0.15581366
dwconv-bn-relu_finegrained1_5YK4CA.pt,28,101,101,3,1,0.79184,0.00101,0.14447806
dwconv-bn-relu_finegrained1_XBRPDF.pt,28,141,141,3,1,1.10544,0.00141,0.15287468
dwconv-bn-relu_finegrained1_DKPZP5.pt,28,130,130,3,1,1.0192,0.0013,0.15371172
dwconv-bn-relu_finegrained1_4C4K51.pt,28,151,151,3,1,1.18384,0.00151,0.16454569999999996
dwconv-bn-relu_finegrained1_TEY8Y4.pt,28,150,150,3,1,1.176,0.0015,0.15864402
dwconv-bn-relu_finegrained1_3PIUD0.pt,28,188,188,3,1,1.47392,0.00188,0.18918122000000004
dwconv-bn-relu_finegrained1_0U5HOR.pt,28,190,190,3,1,1.4896,0.0019,0.17791992
dwconv-bn-relu_finegrained1_ZO41N1.pt,28,191,191,3,1,1.49744,0.00191,0.18042825999999995
dwconv-bn-relu_finegrained1_GH7G4L.pt,28,173,173,3,1,1.35632,0.00173,0.18405724000000004
dwconv-bn-relu_finegrained1_N953LP.pt,28,154,154,3,1,1.20736,0.00154,0.15794346000000004
dwconv-bn-relu_finegrained1_EE8012.pt,28,166,166,3,1,1.30144,0.00166,0.16772149999999997
dwconv-bn-relu_finegrained1_L75QOM.pt,28,108,108,3,1,0.84672,0.00108,0.14140246
dwconv-bn-relu_finegrained1_LTILM6.pt,28,86,86,3,1,0.67424,0.00086,0.16319673999999995
dwconv-bn-relu_finegrained1_J7NPT6.pt,28,124,124,3,1,0.97216,0.00124,0.15410308
dwconv-bn-relu_finegrained1_5X6AXB.pt,28,155,155,3,1,1.2152,0.00155,0.16011385999999997
dwconv-bn-relu_finegrained1_3Y8BAS.pt,28,196,196,3,1,1.53664,0.00196,0.22229738000000002
dwconv-bn-relu_finegrained1_DE7R82.pt,28,180,180,3,1,1.4112,0.0018,0.19391278
dwconv-bn-relu_finegrained1_WPLZC1.pt,28,137,137,3,1,1.07408,0.00137,0.18910078000000005
dwconv-bn-relu_finegrained1_GO22JT.pt,28,120,120,3,1,0.9408,0.0012,0.18401418000000005
dwconv-bn-relu_finegrained1_C6DI8E.pt,56,262,262,3,1,8.21632,0.00262,0.7410983800000001
dwconv-bn-relu_finegrained1_A3WQ2U.pt,56,177,177,3,1,5.55072,0.00177,0.38470064
dwconv-bn-relu_finegrained1_EX96U4.pt,56,219,219,3,1,6.86784,0.00219,0.6221629200000001
dwconv-bn-relu_finegrained1_B4F6A7.pt,56,236,236,3,1,7.40096,0.00236,0.5913147
dwconv-bn-relu_finegrained1_59EAQI.pt,56,197,197,3,1,6.17792,0.00197,0.34879857999999997
dwconv-bn-relu_finegrained1_0GX3IF.pt,56,157,157,3,1,4.92352,0.00157,0.30985386000000004
dwconv-bn-relu_finegrained1_GXORXP.pt,56,204,204,3,1,6.39744,0.00204,0.36095222000000005
dwconv-bn-relu_finegrained1_F1H6SO.pt,56,266,266,3,1,8.34176,0.00266,0.4314772000000001
dwconv-bn-relu_finegrained1_DDMY7U.pt,56,138,138,3,1,4.32768,0.00138,0.30295422000000005
dwconv-bn-relu_finegrained1_NZY5RV.pt,56,245,245,3,1,7.6832,0.00245,0.99581704
dwconv-bn-relu_finegrained1_ZIV78K.pt,56,297,297,3,1,9.31392,0.00297,1.15671122
dwconv-bn-relu_finegrained1_IV4QAY.pt,56,151,151,3,1,4.73536,0.00151,0.32782748
dwconv-bn-relu_finegrained1_5TX3I1.pt,56,238,238,3,1,7.46368,0.00238,0.9521783600000002
dwconv-bn-relu_finegrained1_3Z5DCU.pt,56,200,200,3,1,6.272,0.002,0.34375075999999993
dwconv-bn-relu_finegrained1_ZF6RRO.pt,56,303,303,3,1,9.50208,0.00303,1.0929141800000004
dwconv-bn-relu_finegrained1_WIZRME.pt,56,171,171,3,1,5.36256,0.00171,0.39235400000000004
dwconv-bn-relu_finegrained1_GRO720.pt,56,305,305,3,1,9.5648,0.00305,0.5405461400000001
dwconv-bn-relu_finegrained1_BHTLH4.pt,56,302,302,3,1,9.47072,0.00302,0.68439424
dwconv-bn-relu_finegrained1_HF85XE.pt,56,211,211,3,1,6.61696,0.00211,0.46097734
dwconv-bn-relu_finegrained1_INJ0TH.pt,56,310,310,3,1,9.7216,0.0031,0.8211199199999999
dwconv-bn-relu_finegrained1_VR08QQ.pt,14,233,233,3,1,0.45668,0.00233,0.14227305999999998
dwconv-bn-relu_finegrained1_DNDIWF.pt,14,136,136,3,1,0.26656,0.00136,0.11426693999999998
dwconv-bn-relu_finegrained1_E98IT0.pt,14,150,150,3,1,0.294,0.0015,0.1434896
dwconv-bn-relu_finegrained1_LWR4TY.pt,14,243,243,3,1,0.47628,0.00243,0.15854487999999997
dwconv-bn-relu_finegrained1_65IWUO.pt,14,122,122,3,1,0.23912,0.00122,0.14666462000000002
dwconv-bn-relu_finegrained1_EOMFHU.pt,14,276,276,3,1,0.54096,0.00276,0.16141268000000003
dwconv-bn-relu_finegrained1_J3YLK2.pt,14,135,135,3,1,0.2646,0.00135,0.14207505999999998
dwconv-bn-relu_finegrained1_GYWNV2.pt,14,217,217,3,1,0.42532,0.00217,0.15077238000000004
dwconv-bn-relu_finegrained1_ST10DS.pt,14,261,261,3,1,0.51156,0.00261,0.15680986
dwconv-bn-relu_finegrained1_X2CFG0.pt,14,222,222,3,1,0.43512,0.00222,0.15762011999999997
dwconv-bn-relu_finegrained1_6HMJQF.pt,14,137,137,3,1,0.26852,0.00137,0.14509736
dwconv-bn-relu_finegrained1_4GWB1P.pt,14,128,128,3,1,0.25088,0.00128,0.140103
dwconv-bn-relu_finegrained1_ZCCH4Z.pt,14,242,242,3,1,0.47432,0.00242,0.12915628
dwconv-bn-relu_finegrained1_Y8R9D0.pt,14,129,129,3,1,0.25284,0.00129,0.14554385999999997
dwconv-bn-relu_finegrained1_0FSCGI.pt,14,205,205,3,1,0.4018,0.00205,0.15712838
dwconv-bn-relu_finegrained1_TCOSR5.pt,14,246,246,3,1,0.48216,0.00246,0.15656381999999996
dwconv-bn-relu_finegrained1_50S4IR.pt,14,215,215,3,1,0.4214,0.00215,0.3675619800000001
dwconv-bn-relu_finegrained1_P5BOFA.pt,14,214,214,3,1,0.41944,0.00214,0.14551715999999998
dwconv-bn-relu_finegrained1_EKUM2F.pt,14,210,210,3,1,0.4116,0.0021,0.14812137999999997
dwconv-bn-relu_finegrained1_H3USSI.pt,14,230,230,3,1,0.4508,0.0023,0.15137290000000003
dwconv-bn-relu_finegrained1_LY057S.pt,112,78,78,3,1,9.78432,0.00078,1.0182210999999997
dwconv-bn-relu_finegrained1_D8Q6UF.pt,112,96,96,3,1,12.04224,0.00096,0.67017116
dwconv-bn-relu_finegrained1_RBXE55.pt,112,161,161,3,1,20.19584,0.00161,2.08808082
dwconv-bn-relu_finegrained1_ZUQMQ4.pt,112,91,91,3,1,11.41504,0.00091,1.3279289999999997
dwconv-bn-relu_finegrained1_ZY90TL.pt,112,116,116,3,1,14.55104,0.00116,1.6071730000000002
dwconv-bn-relu_finegrained1_SY7GV0.pt,112,152,152,3,1,19.06688,0.00152,1.55750012
dwconv-bn-relu_finegrained1_GD0SAR.pt,112,102,102,3,1,12.79488,0.00102,0.9538131600000004
dwconv-bn-relu_finegrained1_AQAMLC.pt,112,67,67,3,1,8.40448,0.00067,0.44425326
dwconv-bn-relu_finegrained1_27V3RZ.pt,112,130,130,3,1,16.3072,0.0013,1.9527864799999994
dwconv-bn-relu_finegrained1_BPXZJJ.pt,112,75,75,3,1,9.408,0.00075,1.05345126
dwconv-bn-relu_finegrained1_5B7VEU.pt,112,101,101,3,1,12.66944,0.00101,1.30841206
dwconv-bn-relu_finegrained1_JA0V6C.pt,112,115,115,3,1,14.4256,0.00115,1.4525880999999998
dwconv-bn-relu_finegrained1_U2EWNT.pt,112,125,125,3,1,15.68,0.00125,1.3714954599999998
dwconv-bn-relu_finegrained1_7OS8P1.pt,112,119,119,3,1,14.92736,0.00119,1.7213478599999996
dwconv-bn-relu_finegrained1_U12UEY.pt,112,94,94,3,1,11.79136,0.00094,1.6725179
dwconv-bn-relu_finegrained1_704U41.pt,112,144,144,3,1,18.06336,0.00144,0.9339715800000001
dwconv-bn-relu_finegrained1_DW5LVD.pt,112,154,154,3,1,19.31776,0.00154,2.9925799799999995
dwconv-bn-relu_finegrained1_11DIPQ.pt,112,121,121,3,1,15.17824,0.00121,2.32444302
dwconv-bn-relu_finegrained1_YFNBKK.pt,112,93,93,3,1,11.66592,0.00093,1.1524657800000002
dwconv-bn-relu_finegrained1_RZHN3A.pt,112,104,104,3,1,13.04576,0.00104,1.4506424399999995
dwconv-bn-relu_finegrained1_ALN6EW.pt,7,174,174,5,1,0.221676,0.004524,0.12130356000000003
dwconv-bn-relu_finegrained1_41RA2Y.pt,7,153,153,5,1,0.194922,0.003978,0.13542642
dwconv-bn-relu_finegrained1_F3ORN6.pt,7,166,166,5,1,0.211484,0.004316,0.17185338000000003
dwconv-bn-relu_finegrained1_WG7KS9.pt,7,128,128,5,1,0.163072,0.003328,0.14118586000000002
dwconv-bn-relu_finegrained1_X101GO.pt,7,97,97,5,1,0.123578,0.002522,0.27353262
dwconv-bn-relu_finegrained1_4ULQ78.pt,7,158,158,5,1,0.201292,0.004108,0.13102998000000002
dwconv-bn-relu_finegrained1_6H2DKI.pt,7,115,115,5,1,0.14651,0.00299,0.13485066000000004
dwconv-bn-relu_finegrained1_V9JQH6.pt,7,145,145,5,1,0.18473,0.00377,0.14209948
dwconv-bn-relu_finegrained1_POWO1M.pt,7,108,108,5,1,0.137592,0.002808,0.52871808
dwconv-bn-relu_finegrained1_7CSE8U.pt,7,144,144,5,1,0.183456,0.003744,0.13659134
dwconv-bn-relu_finegrained1_T1KJ6S.pt,7,116,116,5,1,0.147784,0.003016,0.13763678000000001
dwconv-bn-relu_finegrained1_70HWOL.pt,7,149,149,5,1,0.189826,0.003874,0.11720217999999999
dwconv-bn-relu_finegrained1_TMAHZN.pt,7,79,79,5,1,0.100646,0.002054,0.12557188000000002
dwconv-bn-relu_finegrained1_IZH3WR.pt,7,172,172,5,1,0.219128,0.004472,0.12845972
dwconv-bn-relu_finegrained1_EJ5S5G.pt,7,104,104,5,1,0.132496,0.002704,0.13439296000000003
dwconv-bn-relu_finegrained1_FSTKLI.pt,7,168,168,5,1,0.214032,0.004368,0.13187347999999993
dwconv-bn-relu_finegrained1_NWO44S.pt,7,146,146,5,1,0.186004,0.003796,0.12909982000000006
dwconv-bn-relu_finegrained1_UPJ18K.pt,7,179,179,5,1,0.228046,0.004654,0.13097002000000002
dwconv-bn-relu_finegrained1_3WG07M.pt,7,151,151,5,1,0.192374,0.003926,0.16355133999999996
dwconv-bn-relu_finegrained1_XYJ5MI.pt,7,140,140,5,1,0.17836,0.00364,0.41261768000000004
dwconv-bn-relu_finegrained1_TN5SF4.pt,14,63,63,5,1,0.321048,0.001638,0.19556794000000002
dwconv-bn-relu_finegrained1_JAOSHL.pt,14,66,66,5,1,0.336336,0.001716,0.12839924
dwconv-bn-relu_finegrained1_83SQUM.pt,14,52,52,5,1,0.264992,0.001352,0.13361008
dwconv-bn-relu_finegrained1_7VGHCU.pt,14,58,58,5,1,0.295568,0.001508,0.12070761999999999
dwconv-bn-relu_finegrained1_OD8HTG.pt,14,39,39,5,1,0.198744,0.001014,0.13849628000000005
dwconv-bn-relu_finegrained1_MC498S.pt,14,40,40,5,1,0.20384,0.00104,0.31485877999999995
dwconv-bn-relu_finegrained1_TVXG3U.pt,14,42,42,5,1,0.214032,0.001092,0.52116568
dwconv-bn-relu_finegrained1_05GGQF.pt,14,61,61,5,1,0.310856,0.001586,0.34035514000000006
dwconv-bn-relu_finegrained1_3JCAKB.pt,14,74,74,5,1,0.377104,0.001924,0.33168956
dwconv-bn-relu_finegrained1_H96VVO.pt,14,51,51,5,1,0.259896,0.001326,0.14095178
dwconv-bn-relu_finegrained1_QIB1JQ.pt,14,75,75,5,1,0.3822,0.00195,0.13782605999999997
dwconv-bn-relu_finegrained1_FNHONR.pt,14,46,46,5,1,0.234416,0.001196,0.13820661999999997
dwconv-bn-relu_finegrained1_4MA9B0.pt,14,47,47,5,1,0.239512,0.001222,0.15026347999999995
dwconv-bn-relu_finegrained1_B5ZXM0.pt,14,76,76,5,1,0.387296,0.001976,0.13792263999999999
dwconv-bn-relu_finegrained1_DRYULU.pt,14,84,84,5,1,0.428064,0.002184,0.14190744000000002
dwconv-bn-relu_finegrained1_RY442M.pt,14,45,45,5,1,0.22932,0.00117,0.13842729999999998
dwconv-bn-relu_finegrained1_GB8844.pt,14,59,59,5,1,0.300664,0.001534,0.14114042000000002
dwconv-bn-relu_finegrained1_A1YYFI.pt,14,53,53,5,1,0.270088,0.001378,0.2553707800000001
dwconv-bn-relu_finegrained1_T5FU0D.pt,14,60,60,5,1,0.30576,0.00156,0.14906334000000002
dwconv-bn-relu_finegrained1_ZFBDYL.pt,14,41,41,5,1,0.208936,0.001066,0.13652038
dwconv-bn-relu_finegrained1_20HESK.pt,14,84,84,3,1,0.16464,0.00084,0.14038424
dwconv-bn-relu_finegrained1_IHWLBN.pt,14,102,102,3,1,0.19992,0.00102,0.18135711999999998
dwconv-bn-relu_finegrained1_580XDX.pt,14,85,85,3,1,0.1666,0.00085,0.13205764000000003
dwconv-bn-relu_finegrained1_A31BJ3.pt,14,123,123,3,1,0.24108,0.00123,0.14216318000000003
dwconv-bn-relu_finegrained1_I74XSV.pt,14,64,64,3,1,0.12544,0.00064,0.13719977999999997
dwconv-bn-relu_finegrained1_IDLP9H.pt,14,59,59,3,1,0.11564,0.00059,0.18623282
dwconv-bn-relu_finegrained1_RCUCA3.pt,14,115,115,3,1,0.2254,0.00115,0.14037860000000005
dwconv-bn-relu_finegrained1_2AQVVJ.pt,14,91,91,3,1,0.17836,0.00091,0.14153659999999996
dwconv-bn-relu_finegrained1_UO4URN.pt,14,68,68,3,1,0.13328,0.00068,0.13668848000000003
dwconv-bn-relu_finegrained1_YAY83F.pt,14,114,114,3,1,0.22344,0.00114,0.14569932
dwconv-bn-relu_finegrained1_8TFMKB.pt,14,128,128,3,1,0.25088,0.00128,0.37723694
dwconv-bn-relu_finegrained1_ASVODN.pt,14,87,87,3,1,0.17052,0.00087,0.13615648000000002
dwconv-bn-relu_finegrained1_O2JMLZ.pt,14,80,80,3,1,0.1568,0.0008,0.14075996
dwconv-bn-relu_finegrained1_7L5O32.pt,14,98,98,3,1,0.19208,0.00098,0.16728683999999996
dwconv-bn-relu_finegrained1_GI5TWW.pt,14,55,55,3,1,0.1078,0.00055,0.14112528
dwconv-bn-relu_finegrained1_O4QINC.pt,14,76,76,3,1,0.14896,0.00076,0.12861036000000003
dwconv-bn-relu_finegrained1_VKP225.pt,14,90,90,3,1,0.1764,0.0009,0.33956048000000005
dwconv-bn-relu_finegrained1_9J7IVP.pt,14,86,86,3,1,0.16856,0.00086,0.13245786
dwconv-bn-relu_finegrained1_H8DLIM.pt,14,109,109,3,1,0.21364,0.00109,0.12254801999999998
dwconv-bn-relu_finegrained1_UHB66R.pt,14,72,72,3,1,0.14112,0.00072,0.13325024000000002
dwconv-bn-relu_finegrained1_48KT2D.pt,14,173,173,3,1,0.33908,0.00173,0.37366785999999996
dwconv-bn-relu_finegrained1_9DI3II.pt,14,142,142,3,1,0.27832,0.00142,0.10533932000000004
dwconv-bn-relu_finegrained1_XATW7E.pt,14,161,161,3,1,0.31556,0.00161,0.13120662
dwconv-bn-relu_finegrained1_X4MOCO.pt,14,273,273,3,1,0.53508,0.00273,0.15613820000000003
dwconv-bn-relu_finegrained1_Q2AIOM.pt,14,295,295,3,1,0.5782,0.00295,0.15701064000000003
dwconv-bn-relu_finegrained1_NNLYIO.pt,14,148,148,3,1,0.29008,0.00148,0.14842354000000005
dwconv-bn-relu_finegrained1_J0YR6R.pt,14,283,283,3,1,0.55468,0.00283,0.16635958000000003
dwconv-bn-relu_finegrained1_OX1E8J.pt,14,296,296,3,1,0.58016,0.00296,0.15603196
dwconv-bn-relu_finegrained1_APCI7H.pt,14,281,281,3,1,0.55076,0.00281,0.15926326000000002
dwconv-bn-relu_finegrained1_8RY9R3.pt,14,235,235,3,1,0.4606,0.00235,0.15232133999999997
dwconv-bn-relu_finegrained1_ZS4DMH.pt,14,256,256,3,1,0.50176,0.00256,0.14900636000000003
dwconv-bn-relu_finegrained1_SHBPWT.pt,14,127,127,3,1,0.24892,0.00127,0.14554274000000003
dwconv-bn-relu_finegrained1_HZBBSU.pt,14,224,224,3,1,0.43904,0.00224,0.15815013999999997
dwconv-bn-relu_finegrained1_VZDW7D.pt,14,202,202,3,1,0.39592,0.00202,0.15425541999999998
dwconv-bn-relu_finegrained1_QOWR0H.pt,14,231,231,3,1,0.45276,0.00231,0.1532245
dwconv-bn-relu_finegrained1_XN52FB.pt,14,152,152,3,1,0.29792,0.00152,0.14581738000000005
dwconv-bn-relu_finegrained1_AX2NXJ.pt,14,253,253,3,1,0.49588,0.00253,0.30873584
dwconv-bn-relu_finegrained1_JBF9Z3.pt,14,193,193,3,1,0.37828,0.00193,0.13139122000000003
dwconv-bn-relu_finegrained1_K6DR0E.pt,14,177,177,3,1,0.34692,0.00177,0.3634900999999999
dwconv-bn-relu_finegrained1_OUKIRZ.pt,14,229,229,3,1,0.44884,0.00229,0.16766305999999997
dwconv-bn-relu_finegrained1_644NZM.pt,112,247,247,3,1,30.98368,0.00247,2.7493197400000002
dwconv-bn-relu_finegrained1_V3RVOR.pt,112,456,456,3,1,57.20064,0.00456,6.054840820000001
dwconv-bn-relu_finegrained1_SR6HQ7.pt,112,577,577,3,1,72.37888,0.00577,9.2185523
dwconv-bn-relu_finegrained1_KGPE9J.pt,112,303,303,3,1,38.00832,0.00303,3.8397950000000005
dwconv-bn-relu_finegrained1_1N4G25.pt,112,450,450,3,1,56.448,0.0045,6.185702399999999
dwconv-bn-relu_finegrained1_XSDBVO.pt,112,393,393,3,1,49.29792,0.00393,4.889497939999999
dwconv-bn-relu_finegrained1_2RU3PR.pt,112,339,339,3,1,42.52416,0.00339,4.752483979999999
dwconv-bn-relu_finegrained1_RLO45Q.pt,112,487,487,3,1,61.08928,0.00487,7.039231999999998
dwconv-bn-relu_finegrained1_KPUFE1.pt,112,441,441,3,1,55.31904,0.00441,7.000154059999999
dwconv-bn-relu_finegrained1_UCOQB1.pt,112,553,553,3,1,69.36832,0.00553,9.201016639999997
dwconv-bn-relu_finegrained1_N3EA93.pt,112,278,278,3,1,34.87232,0.00278,4.189955760000001
dwconv-bn-relu_finegrained1_H1ZDF2.pt,112,329,329,3,1,41.26976,0.00329,4.882979559999998
dwconv-bn-relu_finegrained1_F1V7WU.pt,112,426,426,3,1,53.43744,0.00426,6.57393652
dwconv-bn-relu_finegrained1_TW8E6S.pt,112,520,520,3,1,65.2288,0.0052,7.622668540000002
dwconv-bn-relu_finegrained1_NGPKEC.pt,112,429,429,3,1,53.81376,0.00429,6.021261020000001
dwconv-bn-relu_finegrained1_F679W4.pt,112,531,531,3,1,66.60864,0.00531,8.39527674
dwconv-bn-relu_finegrained1_JGQA5L.pt,112,263,263,3,1,32.99072,0.00263,3.975713960000001
dwconv-bn-relu_finegrained1_I2BBP6.pt,112,378,378,3,1,47.41632,0.00378,4.656392540000001
dwconv-bn-relu_finegrained1_JOSEPD.pt,112,372,372,3,1,46.66368,0.00372,4.53030942
dwconv-bn-relu_finegrained1_S1NDRF.pt,112,530,530,3,1,66.4832,0.0053,8.41944292
dwconv-bn-relu_finegrained1_T6UFNO.pt,56,120,120,5,1,9.78432,0.00312,0.23966602000000006
dwconv-bn-relu_finegrained1_JOBQXR.pt,56,158,158,5,1,12.882688,0.004108,0.64882726
dwconv-bn-relu_finegrained1_UDZGJQ.pt,56,128,128,5,1,10.436608,0.003328,0.2587439599999999
dwconv-bn-relu_finegrained1_HS039V.pt,56,108,108,5,1,8.805888,0.002808,0.37609082
dwconv-bn-relu_finegrained1_UFY7B4.pt,56,150,150,5,1,12.2304,0.0039,0.5077561999999999
dwconv-bn-relu_finegrained1_1HZYKV.pt,56,82,82,5,1,6.685952,0.002132,0.47116462000000003
dwconv-bn-relu_finegrained1_USX2LD.pt,56,140,140,5,1,11.41504,0.00364,0.9339159000000001
dwconv-bn-relu_finegrained1_SQO6UF.pt,56,136,136,5,1,11.088896,0.003536,0.27234379999999997
dwconv-bn-relu_finegrained1_RS8E2P.pt,56,169,169,5,1,13.779584,0.004394,0.3792349200000002
dwconv-bn-relu_finegrained1_R33JBO.pt,56,118,118,5,1,9.621248,0.003068,0.36303428000000004
dwconv-bn-relu_finegrained1_KAPX04.pt,56,112,112,5,1,9.132032,0.002912,0.5201336200000001
dwconv-bn-relu_finegrained1_QJX6DI.pt,56,131,131,5,1,10.681216,0.003406,0.30026606
dwconv-bn-relu_finegrained1_9JC59R.pt,56,145,145,5,1,11.82272,0.00377,1.1356080400000002
dwconv-bn-relu_finegrained1_YJGP5M.pt,56,74,74,5,1,6.033664,0.001924,0.27423114000000004
dwconv-bn-relu_finegrained1_R6MB1B.pt,56,91,91,5,1,7.419776,0.002366,0.31818174
dwconv-bn-relu_finegrained1_TTXML2.pt,56,111,111,5,1,9.050496,0.002886,0.3267206199999999
dwconv-bn-relu_finegrained1_A3EYA7.pt,56,129,129,5,1,10.518144,0.003354,0.34736164000000014
dwconv-bn-relu_finegrained1_R6I3AA.pt,56,84,84,5,1,6.849024,0.002184,0.27031827999999997
dwconv-bn-relu_finegrained1_2N6LBM.pt,56,123,123,5,1,10.028928,0.003198,0.4740107600000001
dwconv-bn-relu_finegrained1_G0NSTN.pt,56,117,117,5,1,9.539712,0.003042,0.4159756199999998
dwconv-bn-relu_finegrained1_9IXV4O.pt,14,81,81,5,2,0.103194,0.002106,0.12909115999999998
dwconv-bn-relu_finegrained1_75HQQG.pt,14,96,96,5,2,0.122304,0.002496,0.12719302000000002
dwconv-bn-relu_finegrained1_F4YP5U.pt,14,78,78,5,2,0.099372,0.002028,0.1332893
dwconv-bn-relu_finegrained1_HVJZAC.pt,14,63,63,5,2,0.080262,0.001638,0.13633294000000004
dwconv-bn-relu_finegrained1_92FCWC.pt,14,50,50,5,2,0.0637,0.0013,0.31818173999999994
dwconv-bn-relu_finegrained1_0IWTNJ.pt,14,92,92,5,2,0.117208,0.002392,0.17091698
dwconv-bn-relu_finegrained1_WK0JXH.pt,14,53,53,5,2,0.067522,0.001378,0.13007726000000003
dwconv-bn-relu_finegrained1_2YM5DU.pt,14,89,89,5,2,0.113386,0.002314,0.13972679999999996
dwconv-bn-relu_finegrained1_3LPCN8.pt,14,88,88,5,2,0.112112,0.002288,0.13248858000000002
dwconv-bn-relu_finegrained1_I9X8OY.pt,14,40,40,5,2,0.05096,0.00104,0.34347333999999996
dwconv-bn-relu_finegrained1_1GH7LR.pt,14,46,46,5,2,0.058604,0.001196,0.13215644000000004
dwconv-bn-relu_finegrained1_V7IN2Z.pt,14,45,45,5,2,0.05733,0.00117,0.12595478
dwconv-bn-relu_finegrained1_O4LI08.pt,14,70,70,5,2,0.08918,0.00182,0.12693962000000003
dwconv-bn-relu_finegrained1_UO7RC7.pt,14,94,94,5,2,0.119756,0.002444,0.12859911999999998
dwconv-bn-relu_finegrained1_6XCOCO.pt,14,83,83,5,2,0.105742,0.002158,0.12655646
dwconv-bn-relu_finegrained1_B06ZCS.pt,14,65,65,5,2,0.08281,0.00169,0.12900802
dwconv-bn-relu_finegrained1_Z421MX.pt,14,80,80,5,2,0.10192,0.00208,0.13223410000000002
dwconv-bn-relu_finegrained1_7UO2BK.pt,14,47,47,5,2,0.059878,0.001222,0.12866934
dwconv-bn-relu_finegrained1_THVXD1.pt,14,42,42,5,2,0.053508,0.001092,0.18159998
dwconv-bn-relu_finegrained1_8OVX7B.pt,14,62,62,5,2,0.078988,0.001612,0.12460809999999994
dwconv-bn-relu_finegrained1_5X7PXY.pt,7,63,63,3,1,0.03087,0.00063,0.12073668000000003
dwconv-bn-relu_finegrained1_2S4R0W.pt,7,127,127,3,1,0.06223,0.00127,0.12298147999999998
dwconv-bn-relu_finegrained1_RJOEK8.pt,7,119,119,3,1,0.05831,0.00119,0.12469063999999998
dwconv-bn-relu_finegrained1_XU3Q0G.pt,7,75,75,3,1,0.03675,0.00075,0.11841528
dwconv-bn-relu_finegrained1_P6XO77.pt,7,102,102,3,1,0.04998,0.00102,0.12140637999999995
dwconv-bn-relu_finegrained1_J5ROZ6.pt,7,81,81,3,1,0.03969,0.00081,0.12427046000000003
dwconv-bn-relu_finegrained1_Z91DKX.pt,7,70,70,3,1,0.0343,0.0007,0.17069533999999995
dwconv-bn-relu_finegrained1_LNEV5M.pt,7,69,69,3,1,0.03381,0.00069,0.12144591999999997
dwconv-bn-relu_finegrained1_X82EIS.pt,7,72,72,3,1,0.03528,0.00072,0.12186616
dwconv-bn-relu_finegrained1_R05SA6.pt,7,65,65,3,1,0.03185,0.00065,0.11958051999999998
dwconv-bn-relu_finegrained1_S0PX9F.pt,7,54,54,3,1,0.02646,0.00054,0.2414864
dwconv-bn-relu_finegrained1_BI3P06.pt,7,107,107,3,1,0.05243,0.00107,0.13864216000000001
dwconv-bn-relu_finegrained1_ZFODMA.pt,7,112,112,3,1,0.05488,0.00112,0.13417514
dwconv-bn-relu_finegrained1_H9EUA8.pt,7,105,105,3,1,0.05145,0.00105,0.12846380000000004
dwconv-bn-relu_finegrained1_05OPH8.pt,7,96,96,3,1,0.04704,0.00096,0.14127716000000004
dwconv-bn-relu_finegrained1_77OH6W.pt,7,120,120,3,1,0.0588,0.0012,0.13084996000000002
dwconv-bn-relu_finegrained1_91AEPM.pt,7,61,61,3,1,0.02989,0.00061,0.15180432
dwconv-bn-relu_finegrained1_LWBHXK.pt,7,113,113,3,1,0.05537,0.00113,0.33126948
dwconv-bn-relu_finegrained1_8N823O.pt,7,99,99,3,1,0.04851,0.00099,0.13280002
dwconv-bn-relu_finegrained1_WO8C21.pt,7,84,84,3,1,0.04116,0.00084,0.13681674
dwconv-bn-relu_finegrained1_DEU1L9.pt,112,34,34,3,1,4.26496,0.00034,0.3097606400000001
dwconv-bn-relu_finegrained1_AH3CWU.pt,112,57,57,3,1,7.15008,0.00057,0.3220309
dwconv-bn-relu_finegrained1_4W1M45.pt,112,52,52,3,1,6.52288,0.00052,0.5408504599999999
dwconv-bn-relu_finegrained1_48JSOC.pt,112,68,68,3,1,8.52992,0.00068,0.3763206400000001
dwconv-bn-relu_finegrained1_AH1TO1.pt,112,37,37,3,1,4.64128,0.00037,0.27095058000000005
dwconv-bn-relu_finegrained1_4L7C1Y.pt,112,66,66,3,1,8.27904,0.00066,0.40316756000000004
dwconv-bn-relu_finegrained1_68KY99.pt,112,48,48,3,1,6.02112,0.00048,0.29909344000000004
dwconv-bn-relu_finegrained1_RASP4K.pt,112,36,36,3,1,4.51584,0.00036,0.32627252
dwconv-bn-relu_finegrained1_W5D3IG.pt,112,35,35,3,1,4.3904,0.00035,0.6954851000000004
dwconv-bn-relu_finegrained1_S2ZJDS.pt,112,45,45,3,1,5.6448,0.00045,0.32739358
dwconv-bn-relu_finegrained1_S4YYA9.pt,112,40,40,3,1,5.0176,0.0004,0.26766989999999996
dwconv-bn-relu_finegrained1_T9KR2G.pt,112,54,54,3,1,6.77376,0.00054,0.34214684
dwconv-bn-relu_finegrained1_DHZMVW.pt,112,46,46,3,1,5.77024,0.00046,0.32810754
dwconv-bn-relu_finegrained1_RN8R7O.pt,112,44,44,3,1,5.51936,0.00044,0.6157408799999997
dwconv-bn-relu_finegrained1_4KY4LL.pt,112,53,53,3,1,6.64832,0.00053,0.35018434
dwconv-bn-relu_finegrained1_RKGU39.pt,112,47,47,3,1,5.89568,0.00047,0.30791752
dwconv-bn-relu_finegrained1_QGS1EO.pt,112,56,56,3,1,7.02464,0.00056,0.63417294
dwconv-bn-relu_finegrained1_CZRXCT.pt,112,50,50,3,1,6.272,0.0005,0.4228476800000001
dwconv-bn-relu_finegrained1_0NNHB7.pt,112,60,60,3,1,7.5264,0.0006,0.4248751600000001
dwconv-bn-relu_finegrained1_BKCNJL.pt,112,58,58,3,1,7.27552,0.00058,0.35809286
dwconv-bn-relu_finegrained1_NQC236.pt,56,1119,1119,7,1,175.4592,0.05595,3.876402280000001
dwconv-bn-relu_finegrained1_8W1G57.pt,56,782,782,7,1,122.6176,0.0391,2.7032879800000007
dwconv-bn-relu_finegrained1_A6UVET.pt,56,815,815,7,1,127.792,0.04075,2.560248799999999
dwconv-bn-relu_finegrained1_R18PNQ.pt,56,723,723,7,1,113.3664,0.03615,2.25304246
dwconv-bn-relu_finegrained1_6SRGNG.pt,56,736,736,7,1,115.4048,0.0368,1.81933318
dwconv-bn-relu_finegrained1_0GJ7KR.pt,56,610,610,7,1,95.648,0.0305,1.9220198199999994
dwconv-bn-relu_finegrained1_4YAQZW.pt,56,687,687,7,1,107.7216,0.03435,2.1990057000000003
dwconv-bn-relu_finegrained1_JM5TXX.pt,56,582,582,7,1,91.2576,0.0291,2.14182698
dwconv-bn-relu_finegrained1_27KZAB.pt,56,1067,1067,7,1,167.3056,0.05335,3.6168259999999997
dwconv-bn-relu_finegrained1_B30812.pt,56,1117,1117,7,1,175.1456,0.05585,3.0701391399999993
dwconv-bn-relu_finegrained1_P5V22K.pt,56,735,735,7,1,115.248,0.03675,2.6911284999999996
dwconv-bn-relu_finegrained1_MXENN6.pt,56,634,634,7,1,99.4112,0.0317,2.5922657200000003
dwconv-bn-relu_finegrained1_ZH02WC.pt,56,922,922,7,1,144.5696,0.0461,2.6606817000000005
dwconv-bn-relu_finegrained1_FBDNSZ.pt,56,515,515,7,1,80.752,0.02575,1.70191972
dwconv-bn-relu_finegrained1_WAT86S.pt,56,1149,1149,7,1,180.1632,0.05745,3.20676042
dwconv-bn-relu_finegrained1_MJKG7A.pt,56,973,973,7,1,152.5664,0.04865,3.47333322
dwconv-bn-relu_finegrained1_LPNNDM.pt,56,505,505,7,1,79.184,0.02525,2.009291919999999
dwconv-bn-relu_finegrained1_WCEWHL.pt,56,666,666,7,1,104.4288,0.0333,2.05005288
dwconv-bn-relu_finegrained1_Y3OOBV.pt,56,681,681,7,1,106.7808,0.03405,2.9056652
dwconv-bn-relu_finegrained1_TD73OL.pt,56,485,485,7,1,76.048,0.02425,1.4320813000000001
dwconv-bn-relu_finegrained1_KWZ985.pt,56,363,363,7,1,56.9184,0.01815,1.0082076600000003
dwconv-bn-relu_finegrained1_PMD0VR.pt,56,471,471,7,1,73.8528,0.02355,1.00814622
dwconv-bn-relu_finegrained1_FRCZR0.pt,56,384,384,7,1,60.2112,0.0192,0.5752743800000001
dwconv-bn-relu_finegrained1_AN5Z96.pt,56,500,500,7,1,78.4,0.025,1.5471855799999998
dwconv-bn-relu_finegrained1_CT98K4.pt,56,354,354,7,1,55.5072,0.0177,1.4746800399999995
dwconv-bn-relu_finegrained1_7DMDVE.pt,56,551,551,7,1,86.3968,0.02755,1.8722745600000004
dwconv-bn-relu_finegrained1_GU0W70.pt,56,463,463,7,1,72.5984,0.02315,1.5906767199999998
dwconv-bn-relu_finegrained1_UOGO62.pt,56,317,317,7,1,49.7056,0.01585,1.4252120600000004
dwconv-bn-relu_finegrained1_8ARFA6.pt,56,239,239,7,1,37.4752,0.01195,1.1671591400000003
dwconv-bn-relu_finegrained1_ODEGVV.pt,56,277,277,7,1,43.4336,0.01385,1.39576628
dwconv-bn-relu_finegrained1_IH59U0.pt,56,298,298,7,1,46.7264,0.0149,1.0587516399999999
dwconv-bn-relu_finegrained1_492GGG.pt,56,259,259,7,1,40.6112,0.01295,0.49591080000000004
dwconv-bn-relu_finegrained1_XSLCIW.pt,56,509,509,7,1,79.8112,0.02545,1.6809196800000001
dwconv-bn-relu_finegrained1_UYDSP4.pt,56,322,322,7,1,50.4896,0.0161,0.7649874400000001
dwconv-bn-relu_finegrained1_IJSL4Z.pt,56,447,447,7,1,70.0896,0.02235,1.3985525799999996
dwconv-bn-relu_finegrained1_470NKQ.pt,56,245,245,7,1,38.416,0.01225,0.5493473600000001
dwconv-bn-relu_finegrained1_RH6DZF.pt,56,376,376,7,1,58.9568,0.0188,0.62212366
dwconv-bn-relu_finegrained1_ZXGX38.pt,56,460,460,7,1,72.128,0.023,1.4464925800000004
dwconv-bn-relu_finegrained1_3X5EKR.pt,56,425,425,7,1,66.64,0.02125,1.1855501800000001
dwconv-bn-relu_finegrained1_PQ3X2Y.pt,56,558,558,7,1,87.4944,0.0279,1.7338579399999994
dwconv-bn-relu_finegrained1_2W5AT4.pt,7,108,108,5,1,0.137592,0.002808,0.13721521999999997
dwconv-bn-relu_finegrained1_RKSASS.pt,7,143,143,5,1,0.182182,0.003718,0.12991843999999997
dwconv-bn-relu_finegrained1_JN7NOA.pt,7,146,146,5,1,0.186004,0.003796,0.13978989999999997
dwconv-bn-relu_finegrained1_68UEA9.pt,7,116,116,5,1,0.147784,0.003016,0.13452914000000005
dwconv-bn-relu_finegrained1_9IHSZB.pt,7,147,147,5,1,0.187278,0.003822,0.13856836
dwconv-bn-relu_finegrained1_QK1OGH.pt,7,169,169,5,1,0.215306,0.004394,0.14194655999999997
dwconv-bn-relu_finegrained1_MSETGB.pt,7,177,177,5,1,0.225498,0.004602,0.13197509999999993
dwconv-bn-relu_finegrained1_HSOGQO.pt,7,137,137,5,1,0.174538,0.003562,0.13159523999999997
dwconv-bn-relu_finegrained1_S1R1MJ.pt,7,130,130,5,1,0.16562,0.00338,0.1306449
dwconv-bn-relu_finegrained1_SHCX5H.pt,7,97,97,5,1,0.123578,0.002522,0.13216576
dwconv-bn-relu_finegrained1_4OB5BE.pt,7,88,88,5,1,0.112112,0.002288,0.13789490000000001
dwconv-bn-relu_finegrained1_Y98VK4.pt,7,118,118,5,1,0.150332,0.003068,0.14140296000000002
dwconv-bn-relu_finegrained1_EYTTLZ.pt,7,91,91,5,1,0.115934,0.002366,0.13379240000000003
dwconv-bn-relu_finegrained1_KNJGYP.pt,7,182,182,5,1,0.231868,0.004732,0.1475345
dwconv-bn-relu_finegrained1_SS72LA.pt,7,119,119,5,1,0.151606,0.003094,0.13749045999999998
dwconv-bn-relu_finegrained1_WG22FI.pt,7,83,83,5,1,0.105742,0.002158,0.12970981999999998
dwconv-bn-relu_finegrained1_BI0S5R.pt,7,87,87,5,1,0.110838,0.002262,0.1382622
dwconv-bn-relu_finegrained1_VV49YW.pt,7,123,123,5,1,0.156702,0.003198,0.13816525999999998
dwconv-bn-relu_finegrained1_LG69QL.pt,7,134,134,5,1,0.170716,0.003484,0.13122515999999998
dwconv-bn-relu_finegrained1_BHVK1E.pt,7,163,163,5,1,0.207662,0.004238,0.29931258
