model_path,HW,CIN,COUT,KERNEL_SIZE,POOL_STRIDES,latency
maxpool_prior_6ZMVFL.pt,28,180,180,3,1,0.3772303399999999
maxpool_prior_6NAHZ2.pt,28,68,68,3,2,0.28403336
maxpool_prior_FGBU5W.pt,56,136,136,3,2,1.4327661999999999
maxpool_prior_0XX73A.pt,14,53,53,3,1,0.16443696
maxpool_prior_X3W0AR.pt,14,383,383,3,2,0.23564374000000005
maxpool_prior_F4J86R.pt,224,501,501,3,2,20.293379979999994
maxpool_prior_2ERK4G.pt,112,242,242,3,2,2.23375066
maxpool_prior_38RMBH.pt,224,501,501,3,2,20.097588740000006
maxpool_prior_ZMBZIR.pt,28,130,130,2,2,0.21806556000000007
maxpool_prior_FSDYTY.pt,28,507,507,2,2,1.14093934
maxpool_prior_OQA8VW.pt,14,513,513,2,2,0.19425044
maxpool_prior_TF4F97.pt,14,494,494,3,2,0.3420233999999999
maxpool_prior_PPJNUX.pt,28,73,73,3,1,0.8975429999999999
maxpool_prior_96M71X.pt,14,236,236,2,2,0.13444948
maxpool_prior_RBQC4F.pt,28,480,480,2,2,1.3296918400000002
maxpool_prior_Y9UXS2.pt,14,60,60,3,1,0.14980713999999998
maxpool_prior_DEULST.pt,28,507,507,2,2,1.2707797600000001
maxpool_prior_35CCT8.pt,56,183,183,3,2,1.3423613999999995
maxpool_prior_SCQIAT.pt,112,128,128,2,2,2.5121850799999996
maxpool_prior_6Q2TOB.pt,224,71,71,2,2,1.94357986
maxpool_prior_3Y1DKN.pt,14,522,522,2,2,0.2533506800000001
maxpool_prior_UUPTU7.pt,28,201,201,3,2,0.50756254
maxpool_prior_4ZP7UH.pt,14,480,480,2,2,0.20823946000000004
maxpool_prior_HR4ESL.pt,112,61,61,3,2,1.4701802800000001
maxpool_prior_HDLRGF.pt,56,54,54,2,2,0.38967608000000015
maxpool_prior_E781WI.pt,224,36,36,3,1,5.550806240000001
maxpool_prior_CHYYUH.pt,112,362,362,2,2,2.1711007799999993
maxpool_prior_Q93DRR.pt,112,61,61,3,1,1.9132451000000001
maxpool_prior_KUBMDV.pt,112,235,235,2,2,2.4117192800000002
maxpool_prior_Y8J5TN.pt,28,62,62,2,2,0.18339892
maxpool_prior_336D11.pt,14,65,65,2,2,0.11459715999999996
maxpool_prior_FWVOEJ.pt,14,46,46,3,2,0.10672433999999996
maxpool_prior_LCZBUQ.pt,224,236,236,2,2,5.8705536600000015
maxpool_prior_HINX82.pt,28,486,486,3,2,1.2713833600000002
maxpool_prior_LO1TVC.pt,14,58,58,3,1,0.17593738000000003
maxpool_prior_ZH9KR3.pt,112,61,61,2,1,1.4156705200000004
maxpool_prior_GGN1G0.pt,112,130,130,3,2,1.4503267199999998
maxpool_prior_KHL2C0.pt,28,507,507,3,2,1.30866602
maxpool_prior_0IGJV6.pt,14,474,474,3,2,0.2870127
maxpool_prior_MYBAL3.pt,112,180,180,2,2,1.8976042600000005
maxpool_prior_AC4EFF.pt,14,499,499,3,2,0.33716376000000003
maxpool_prior_BWUMWQ.pt,112,129,129,2,2,1.2153648000000001
maxpool_prior_22C53S.pt,14,502,502,3,2,0.31554669999999985
maxpool_prior_SDI068.pt,14,62,62,2,1,0.13247896
maxpool_prior_CLTA20.pt,56,251,251,3,2,1.1628216999999998
maxpool_prior_GXY2UM.pt,224,131,131,2,2,3.52321268
maxpool_prior_HJBQK9.pt,14,248,248,3,1,0.49224057999999987
maxpool_prior_L5R1NX.pt,14,140,140,2,2,0.11820348000000003
maxpool_prior_9OHGEB.pt,14,240,240,3,2,0.26111324
maxpool_prior_937T0I.pt,28,54,54,2,2,0.16497124
maxpool_prior_2OJ47Q.pt,112,508,508,2,2,3.53171354
maxpool_prior_DNV7Q4.pt,112,138,138,2,2,1.3698454199999999
maxpool_prior_7I4F7I.pt,224,79,79,3,2,2.8774186599999996
maxpool_prior_N38SZM.pt,14,236,236,2,2,0.13062551999999997
maxpool_prior_H7G1SR.pt,14,234,234,2,2,0.14599642000000002
maxpool_prior_ZHN78W.pt,56,60,60,3,2,0.7808565800000001
maxpool_prior_XJT5WC.pt,28,495,495,2,2,0.8319270199999997
maxpool_prior_8YHD2H.pt,14,507,507,3,2,0.30145552
maxpool_prior_O838RZ.pt,28,509,509,2,2,0.84821544
maxpool_prior_VBP4IG.pt,224,130,130,3,2,5.16024666
maxpool_prior_N1W6PX.pt,56,499,499,2,2,1.3916369599999998
maxpool_prior_R7QV69.pt,56,140,140,3,2,1.21303336
maxpool_prior_YMOQKO.pt,28,95,95,2,2,0.16987232
maxpool_prior_394XWF.pt,112,57,57,2,2,1.15615466
maxpool_prior_BC421L.pt,28,148,148,2,2,0.23186983999999997
maxpool_prior_K5SJML.pt,56,496,496,3,2,1.7959471000000007
maxpool_prior_X2RM5R.pt,224,498,498,3,1,73.42745036
maxpool_prior_0HMQBH.pt,14,58,58,3,2,0.10416015999999999
maxpool_prior_WKQAAS.pt,112,65,65,2,1,1.6320238999999999
maxpool_prior_3N7NF5.pt,224,58,58,3,1,7.865009900000001
maxpool_prior_7C8Y40.pt,14,64,64,2,2,0.08891090000000001
maxpool_prior_4ZFKFV.pt,28,57,57,2,2,0.12540154
maxpool_prior_3NR2GD.pt,28,144,144,2,2,0.22058153999999994
maxpool_prior_2L1NFP.pt,112,73,73,3,2,1.1147050799999996
maxpool_prior_RAPIAV.pt,14,53,53,2,2,0.13985313999999996
maxpool_prior_ULLLQC.pt,112,64,64,2,2,1.3174783399999999
maxpool_prior_W0NCW7.pt,28,246,246,2,2,0.49176020000000004
maxpool_prior_PZSMB5.pt,14,128,128,2,2,0.021631020000000004
maxpool_prior_DFF871.pt,14,54,54,2,2,0.09333298000000001
maxpool_prior_8M2AU1.pt,56,838,838,2,2,2.0937243600000004
maxpool_prior_7F342C.pt,14,52,52,2,2,0.07664614000000002
maxpool_prior_BVAI4C.pt,112,64,64,2,2,1.3541315399999996
maxpool_prior_WBM827.pt,14,67,67,2,2,0.09339963999999998
maxpool_prior_DEY1D4.pt,56,54,54,2,2,0.39134339999999995
maxpool_prior_E5XZZA.pt,112,495,495,3,2,4.488738099999999
maxpool_prior_SXXN1D.pt,14,508,508,3,2,0.33347605999999996
maxpool_prior_V6CQ74.pt,112,253,253,3,2,2.271481020000001
maxpool_prior_0ZUST7.pt,112,65,65,2,2,0.9811582800000003
maxpool_prior_IDF0JM.pt,56,505,505,3,2,1.9815088599999993
maxpool_prior_ISYXMH.pt,56,52,52,3,2,0.59553312
maxpool_prior_W89RD5.pt,28,490,490,2,2,0.9901419199999998
maxpool_prior_2YP0YO.pt,14,492,492,2,2,0.24818640000000003
maxpool_prior_OEFZ97.pt,112,74,74,2,2,1.3843948599999996
maxpool_prior_KA1U0O.pt,112,58,58,2,2,1.3589069399999998
maxpool_prior_3EHOEB.pt,224,496,496,2,2,14.298345720000002
maxpool_prior_BW5BTV.pt,28,503,503,3,2,1.26282842
maxpool_prior_2G0FIK.pt,112,254,254,2,2,1.6797423800000002
maxpool_prior_09S65I.pt,224,836,836,2,1,92.38663543999999
maxpool_prior_GDK9WU.pt,28,242,242,3,2,0.61843928
maxpool_prior_FV2KWU.pt,112,252,252,2,1,5.11074276
maxpool_prior_NA5JTY.pt,112,148,148,2,2,1.44726068
maxpool_prior_QB3QMM.pt,28,495,495,3,2,1.0942428799999997
maxpool_prior_G0I3PE.pt,112,481,481,3,2,4.671172899999999
maxpool_prior_SLKYI2.pt,112,827,827,2,2,5.154317459999999
maxpool_prior_1LFPVB.pt,14,230,230,2,2,0.15057568
maxpool_prior_UZFZQ3.pt,14,67,67,2,2,0.09205479999999999
maxpool_prior_PRSLAD.pt,112,238,238,3,2,2.1697026799999994
maxpool_prior_W68SEH.pt,14,245,245,2,2,0.20003822
maxpool_prior_ZNNGHW.pt,112,502,502,3,2,4.67130768
maxpool_prior_VJF659.pt,14,511,511,3,2,0.34039593999999984
maxpool_prior_87K47A.pt,224,142,142,2,2,3.5144138399999996
maxpool_prior_GQT7HN.pt,14,503,503,3,1,1.1958455
maxpool_prior_GRT6MK.pt,14,255,255,2,2,0.12600266
maxpool_prior_O2SH14.pt,56,65,65,3,1,0.8299474000000001
maxpool_prior_6Z4807.pt,28,74,74,2,2,0.13921412
maxpool_prior_8UAC3E.pt,14,142,142,3,2,0.17061798
maxpool_prior_H3KGAN.pt,28,190,190,2,2,0.50045368
maxpool_prior_T18ZJ3.pt,28,495,495,3,1,1.7023826200000007
maxpool_prior_KF0VXR.pt,28,192,192,2,2,0.30549207999999994
maxpool_prior_28GFF2.pt,28,384,384,3,2,1.1584075799999995
maxpool_prior_WJYIVM.pt,56,514,514,2,2,2.0481684600000003
maxpool_prior_Z0YVM9.pt,14,51,51,2,2,0.08942292
maxpool_prior_TNDO86.pt,56,150,150,3,2,1.5661467399999995
maxpool_prior_0UBNFG.pt,28,41,41,3,2,0.13012823999999998
maxpool_prior_9FGAZ2.pt,56,367,367,3,1,3.0925766599999998
maxpool_prior_K266B9.pt,14,58,58,2,2,0.13133648
maxpool_prior_185DRZ.pt,112,29,29,3,2,1.11207172
maxpool_prior_FXA1TW.pt,14,492,492,3,2,0.3773729
maxpool_prior_HX25IJ.pt,112,50,50,3,2,0.9356248400000001
maxpool_prior_V37RCU.pt,224,75,75,2,2,2.2291823999999987
maxpool_prior_PHWRYK.pt,14,203,203,2,2,0.18278654
maxpool_prior_DXLYKR.pt,14,68,68,3,1,0.19648958
maxpool_prior_R8AJU8.pt,14,132,132,3,2,0.1520021
maxpool_prior_7407NA.pt,112,238,238,2,2,1.6650496799999996
maxpool_prior_9L81CP.pt,112,56,56,3,2,1.3662131799999995
maxpool_prior_8Z9FU6.pt,112,249,249,2,2,1.65503774
maxpool_prior_N6SSS7.pt,112,58,58,2,2,1.0539080399999998
maxpool_prior_573L7V.pt,28,253,253,2,2,0.67949526
maxpool_prior_X1ZXUJ.pt,56,234,234,2,2,1.1483702399999998
maxpool_prior_YN0W87.pt,56,506,506,2,2,1.8163834399999996
maxpool_prior_8XYSMB.pt,224,67,67,2,2,1.8972284999999998
maxpool_prior_L1EN8C.pt,56,199,199,3,2,1.22401236
maxpool_prior_PR20L3.pt,28,504,504,2,2,1.1306634600000003
maxpool_prior_WWWSXR.pt,112,127,127,2,2,1.4377720799999998
maxpool_prior_56Y2RN.pt,56,69,69,3,2,1.0198979599999998
maxpool_prior_2FUYTL.pt,14,60,60,3,2,0.09600721999999999
maxpool_prior_LZ2LQM.pt,56,240,240,3,2,1.4342316399999995
maxpool_prior_V2ZDFB.pt,112,841,841,2,2,4.852980719999998
maxpool_prior_7MDO4P.pt,224,152,152,3,2,5.779361039999999
maxpool_prior_AMIISP.pt,14,507,507,3,2,0.2632222600000001
maxpool_prior_3W5Q74.pt,112,493,493,3,2,4.39968652
maxpool_prior_YCP301.pt,28,231,231,2,2,0.34648892
maxpool_prior_FDY3F8.pt,224,136,136,3,2,5.131168159999999
maxpool_prior_TS47JJ.pt,224,136,136,2,2,3.6281856599999998
maxpool_prior_KCSFO4.pt,56,152,152,2,2,0.99696764
maxpool_prior_UYGE5Q.pt,56,839,839,2,2,1.6238515800000002
maxpool_prior_LVW3I5.pt,112,69,69,2,1,1.7045516600000001
maxpool_prior_DCT6XK.pt,28,149,149,2,2,0.33996656000000003
maxpool_prior_72C5UP.pt,14,49,49,3,2,0.09428646000000002
maxpool_prior_K73YMK.pt,28,506,506,2,2,1.03541116
maxpool_prior_KJK9DA.pt,112,239,239,3,2,2.2696542600000003
maxpool_prior_JYP6G7.pt,14,132,132,2,2,0.11102195999999999
maxpool_prior_TAY9JH.pt,224,233,233,3,2,8.584907800000002
maxpool_prior_3HC57I.pt,28,67,67,2,2,0.22550346
maxpool_prior_XF4NKR.pt,14,71,71,3,2,0.10424086
maxpool_prior_Z49TLE.pt,112,477,477,2,1,11.6372034
maxpool_prior_KF14YJ.pt,56,497,497,2,1,2.64469992
maxpool_prior_BV3KYW.pt,14,246,246,3,2,0.16498654000000004
maxpool_prior_D22MMV.pt,14,487,487,2,2,0.23788354
maxpool_prior_W39V19.pt,28,53,53,3,2,0.2658315600000001
maxpool_prior_GP06MD.pt,14,254,254,2,1,0.39481177999999995
maxpool_prior_AFO1OL.pt,112,249,249,3,2,2.2830771
maxpool_prior_X61W0M.pt,112,510,510,2,2,3.2353798199999995
maxpool_prior_9PXNVY.pt,14,836,836,2,1,1.17154568
maxpool_prior_X75BS3.pt,28,250,250,2,2,0.3663263600000001
maxpool_prior_YDX46J.pt,112,512,512,2,1,13.121298059999999
maxpool_prior_KOEKDU.pt,56,130,130,3,2,1.1450114800000002
maxpool_prior_NHQ9Z1.pt,14,50,50,3,2,0.10688235999999998
maxpool_prior_ZWQT2E.pt,28,32,32,2,2,0.11198332000000004
maxpool_prior_SHEWKG.pt,28,193,193,3,2,0.8031947399999999
maxpool_prior_412DUS.pt,14,247,247,3,2,0.19757144000000001
maxpool_prior_M8WAI5.pt,112,250,250,3,2,2.21534708
maxpool_prior_XGRGLV.pt,112,245,245,2,2,1.60662316
maxpool_prior_JWJLIS.pt,28,67,67,3,2,0.21886975999999997
maxpool_prior_FFT2NK.pt,28,56,56,3,2,0.16312933999999998
maxpool_prior_PE2JNT.pt,14,190,190,2,2,0.17092676
maxpool_prior_GHAB8Z.pt,56,194,194,3,2,1.27616904
maxpool_prior_GU3XSW.pt,28,40,40,2,2,0.11744767999999998
maxpool_prior_LNMH6M.pt,28,847,847,3,2,1.6440105599999995
maxpool_prior_1VP0EG.pt,112,845,845,3,2,7.408114600000004
maxpool_prior_IKMMZG.pt,112,511,511,2,2,3.125095179999999
maxpool_prior_0EJTL8.pt,14,503,503,2,1,0.8132316200000002
maxpool_prior_NQ7OBU.pt,56,140,140,3,2,1.2077008599999999
maxpool_prior_DQ7E86.pt,56,58,58,3,1,1.4834728199999998
maxpool_prior_OXKDXX.pt,14,129,129,2,2,0.10500593999999999
maxpool_prior_XNKBOM.pt,224,54,54,2,2,1.5214151799999995
maxpool_prior_F9SC3J.pt,14,201,201,3,2,0.14611668
maxpool_prior_DN67QD.pt,14,507,507,2,2,0.3062377399999999
maxpool_prior_PW4X07.pt,14,152,152,2,2,0.10644695999999998
maxpool_prior_YIUJRI.pt,224,509,509,2,2,14.229523860000004
maxpool_prior_9SLOMR.pt,14,235,235,2,2,0.02693842
maxpool_prior_RNO4G8.pt,14,255,255,2,2,0.18474355999999997
maxpool_prior_BZAMC7.pt,224,500,500,3,2,19.45138184
maxpool_prior_7QABXD.pt,112,59,59,2,1,1.3418055800000004
maxpool_prior_4KDTRE.pt,14,240,240,2,2,0.12877954
maxpool_prior_0C1TMW.pt,14,504,504,2,1,1.1160652200000003
maxpool_prior_9L83TZ.pt,14,256,256,2,2,0.12709611999999998
maxpool_prior_W4P276.pt,56,57,57,2,1,1.09426014
maxpool_prior_WUBC33.pt,56,496,496,2,2,1.4317026799999995
maxpool_prior_D3B0HW.pt,56,493,493,2,2,1.4660395400000001
maxpool_prior_ATYQA9.pt,28,362,362,3,2,1.1866930999999998
maxpool_prior_BKGU16.pt,28,243,243,3,2,0.85735648
maxpool_prior_BD6KFQ.pt,56,833,833,2,2,1.59205666
maxpool_prior_D9IBJ7.pt,112,240,240,2,1,5.065702380000002
maxpool_prior_IOX6RO.pt,28,82,82,3,1,1.00407808
maxpool_prior_9LDJEF.pt,14,192,192,2,2,0.11310528
maxpool_prior_2Z13W6.pt,112,142,142,3,2,1.5322575399999996
maxpool_prior_KN1S2S.pt,112,494,494,3,2,4.40893074
maxpool_prior_YPN2UH.pt,14,150,150,3,2,0.12203114000000001
maxpool_prior_YQ0AR0.pt,14,41,41,2,2,0.10550359999999999
maxpool_prior_T7J72V.pt,28,70,70,3,2,0.27169831999999994
maxpool_prior_KXKEK2.pt,112,54,54,3,2,1.0261857800000003
maxpool_prior_FR5OKT.pt,14,532,532,3,2,0.33327424000000005
maxpool_prior_JC0ZDK.pt,56,253,253,3,2,1.62080004
maxpool_prior_9CGMP0.pt,112,510,510,2,1,13.227145659999996
maxpool_prior_7BL6NA.pt,14,87,87,3,1,0.19908805999999996
maxpool_prior_85MTZ8.pt,224,247,247,2,2,6.2561984
maxpool_prior_TQWZ08.pt,112,59,59,2,2,1.39356504
maxpool_prior_63EVDD.pt,112,240,240,3,2,2.990481799999998
maxpool_prior_ID2AVX.pt,224,497,497,3,2,19.930816180000004
maxpool_prior_EX0QC0.pt,56,66,66,3,2,0.7097530599999997
maxpool_prior_D43GX2.pt,56,55,55,2,2,0.4230442
maxpool_prior_VDQXEI.pt,112,49,49,2,1,1.4034180799999996
maxpool_prior_6A3FOR.pt,56,500,500,3,2,1.4448339
maxpool_prior_OXUFUM.pt,14,139,139,3,2,0.11780036
maxpool_prior_KGREA0.pt,112,33,33,2,2,0.7231087399999996
maxpool_prior_ZKA62S.pt,224,489,489,3,2,18.803546539999996
maxpool_prior_AFK0OL.pt,14,250,250,3,2,0.15393181999999997
maxpool_prior_GDLVNW.pt,112,844,844,2,2,5.191961900000001
maxpool_prior_13BO3Q.pt,14,238,238,2,2,0.21053238000000005
maxpool_prior_424E71.pt,112,370,370,3,2,3.4768241400000006
maxpool_prior_7NIJA9.pt,112,193,193,3,2,1.88032614
maxpool_prior_EK9767.pt,224,71,71,3,2,3.022138020000001
maxpool_prior_6CCI0I.pt,112,180,180,3,2,1.7559272799999999
maxpool_prior_8Q5RVI.pt,14,53,53,3,2,0.09695356000000001
maxpool_prior_FGC0ST.pt,112,232,232,3,2,2.17276836
maxpool_prior_CF2OVP.pt,28,69,69,3,1,0.96925742
maxpool_prior_VN45ZG.pt,56,505,505,2,2,1.4053375600000004
maxpool_prior_AMN45H.pt,14,197,197,3,2,0.13851490000000002
maxpool_prior_BPREGW.pt,56,504,504,3,2,2.2913493599999994
maxpool_prior_1KM2E7.pt,28,93,93,2,2,0.046011880000000005
maxpool_prior_CG36QI.pt,112,504,504,3,2,4.625978200000001
maxpool_prior_FYF6FZ.pt,14,491,491,3,2,0.42746932
maxpool_prior_TR6APV.pt,28,519,519,3,2,1.13887608
maxpool_prior_OME086.pt,56,71,71,3,2,0.8559735400000003
maxpool_prior_JAU79L.pt,112,70,70,3,2,0.9901533799999999
maxpool_prior_6X609J.pt,14,494,494,2,2,0.25089545999999996
maxpool_prior_NHCIER.pt,28,63,63,2,2,0.12853073999999998
maxpool_prior_UPPTZ0.pt,14,54,54,3,1,0.173437
maxpool_prior_DJ3HK7.pt,112,143,143,3,2,1.9277499999999994
maxpool_prior_S9ECSC.pt,112,503,503,2,2,3.3379378799999997
maxpool_prior_Y6HNGO.pt,14,60,60,2,2,0.09504349999999998
maxpool_prior_FNIO3T.pt,28,135,135,2,2,0.2827227
maxpool_prior_2XLR8U.pt,28,231,231,3,2,0.5192808000000001
maxpool_prior_NH0OVU.pt,56,523,523,2,2,3.1284623799999998
maxpool_prior_6HRXR6.pt,56,144,144,2,2,1.2397482399999997
maxpool_prior_HM3WCZ.pt,28,237,237,2,1,1.3389928599999996
maxpool_prior_D45WAH.pt,14,244,244,3,1,0.5571795600000001
maxpool_prior_IKCU9B.pt,28,235,235,2,2,0.41269609999999995
maxpool_prior_OHUDV7.pt,112,74,74,3,2,1.0235223200000005
maxpool_prior_EQ4XXC.pt,14,64,64,3,2,0.10189542000000003
maxpool_prior_B8722C.pt,14,235,235,3,2,0.15597219999999998
maxpool_prior_GK4KAY.pt,56,73,73,2,1,1.1055929000000002
maxpool_prior_U5FB1F.pt,112,60,60,3,1,2.0862274199999993
maxpool_prior_1Q5QAE.pt,56,476,476,3,2,1.57275904
maxpool_prior_O2KDZS.pt,224,476,476,3,2,18.491647339999997
maxpool_prior_VT5ARN.pt,112,89,89,3,2,1.1140527
maxpool_prior_1YAOUS.pt,14,137,137,3,2,0.14535628000000003
maxpool_prior_E2WXCS.pt,112,489,489,2,2,2.9975221399999996
maxpool_prior_EI4EKJ.pt,56,65,65,3,2,0.7935253800000003
maxpool_prior_9QOJ1W.pt,14,128,128,3,2,0.11181047999999999
maxpool_prior_TBF4VV.pt,14,52,52,3,2,0.10387302000000002
maxpool_prior_3UI0YO.pt,112,152,152,3,2,1.4809014800000002
maxpool_prior_GQGZ9C.pt,56,491,491,2,2,1.5948875600000003
maxpool_prior_L2VZEW.pt,112,51,51,3,2,0.9216670799999997
maxpool_prior_7LMTFY.pt,28,242,242,2,2,0.3585838000000001
maxpool_prior_R0QWWF.pt,14,848,848,2,1,1.3437479
maxpool_prior_ZVPNL9.pt,112,235,235,2,2,1.5745782400000001
maxpool_prior_Z1HW51.pt,112,503,503,3,2,4.684432759999999
maxpool_prior_RU753H.pt,224,81,81,2,1,7.5367830399999995
maxpool_prior_I92XYM.pt,112,503,503,3,2,4.608684280000001
maxpool_prior_UKJ6YY.pt,28,492,492,2,2,0.8517501799999999
maxpool_prior_CVXU3E.pt,14,73,73,3,2,0.07597795999999998
maxpool_prior_CDGRDN.pt,14,75,75,3,2,0.10176797999999998
maxpool_prior_Y87ZW7.pt,112,91,91,3,2,1.5066430199999992
maxpool_prior_88UAIN.pt,28,469,469,2,1,1.4335872799999998
maxpool_prior_5GRUTB.pt,224,235,235,2,2,5.990934420000001
maxpool_prior_YHAPR6.pt,56,94,94,2,2,0.63182994
maxpool_prior_AHXEMK.pt,112,495,495,2,2,3.165365959999999
maxpool_prior_O92BFP.pt,56,137,137,2,1,1.4628152599999995
maxpool_prior_GDBBBA.pt,14,241,241,3,2,0.038602439999999995
maxpool_prior_F3CR9D.pt,14,237,237,2,2,0.12358496000000001
maxpool_prior_VE2EUV.pt,112,54,54,3,2,0.89902968
maxpool_prior_SF620P.pt,14,139,139,3,2,0.11669672
maxpool_prior_GBH2FW.pt,112,143,143,3,2,1.8083744399999995
maxpool_prior_A2CJAF.pt,56,69,69,2,2,0.5161963
maxpool_prior_1PRVFZ.pt,112,134,134,3,2,1.5733302799999997
maxpool_prior_UUQBDM.pt,14,492,492,3,1,1.1607599199999996
maxpool_prior_R72RAN.pt,14,70,70,3,2,0.11422851999999999
maxpool_prior_WZ71IL.pt,56,1044,1044,3,2,2.4158502
maxpool_prior_X0MANX.pt,112,481,481,2,2,3.0311568600000003
maxpool_prior_08272N.pt,14,72,72,2,2,0.09175138
maxpool_prior_0HTUGR.pt,56,508,508,3,2,1.5931331800000001
maxpool_prior_TWP1TG.pt,28,54,54,2,2,0.1283755
maxpool_prior_9RT1XZ.pt,56,844,844,3,2,2.4536837199999995
maxpool_prior_IZ4VHE.pt,14,131,131,2,2,0.10427844000000003
maxpool_prior_XTVQPE.pt,14,497,497,2,2,0.19324258000000005
maxpool_prior_WFK2VH.pt,14,494,494,3,2,0.36904482000000016
maxpool_prior_8ER3D8.pt,112,499,499,3,2,4.78051644
maxpool_prior_R604UT.pt,112,230,230,3,1,7.581761439999999
maxpool_prior_AJIBYW.pt,112,233,233,2,2,1.5853219199999997
maxpool_prior_X4CWJP.pt,14,145,145,3,1,0.3767630599999998
maxpool_prior_806NNO.pt,28,492,492,2,2,0.8833818
maxpool_prior_U4OZES.pt,112,237,237,3,2,2.1362921399999992
maxpool_prior_JH553M.pt,112,71,71,2,2,1.0081497800000003
maxpool_prior_WZJHS5.pt,14,244,244,2,2,0.12860166
maxpool_prior_PROKAQ.pt,14,367,367,2,2,0.21016531999999993
maxpool_prior_ZF0RPC.pt,56,360,360,3,2,1.3655330999999997
maxpool_prior_LDRDMW.pt,56,503,503,3,2,1.7435911400000004
maxpool_prior_XOF9AH.pt,14,84,84,2,2,0.12274214000000003
maxpool_prior_YRXP1O.pt,28,494,494,3,2,1.2313449600000004
maxpool_prior_7JER96.pt,28,492,492,3,2,1.3256226400000002
maxpool_prior_7PD3L1.pt,56,835,835,2,2,1.50512422
maxpool_prior_3D2S1G.pt,112,233,233,2,2,1.7841306800000003
maxpool_prior_KN1DUW.pt,14,502,502,3,2,0.32205458
maxpool_prior_W8EAXB.pt,14,495,495,2,2,0.2369904
maxpool_prior_C7GML2.pt,28,77,77,2,2,0.13956146
maxpool_prior_E5GU6B.pt,14,498,498,2,2,0.28057457999999996
maxpool_prior_YRWL4I.pt,14,135,135,3,2,0.16439510000000002
maxpool_prior_PLBYRJ.pt,14,489,489,2,2,0.24085278000000007
maxpool_prior_EPXDOJ.pt,14,46,46,3,2,0.08976450000000001
maxpool_prior_79YE12.pt,14,838,838,2,1,1.21231344
maxpool_prior_CM9NYT.pt,56,499,499,3,2,1.56803954
maxpool_prior_ZJMVHF.pt,14,201,201,3,2,0.14035002
maxpool_prior_4NVYNB.pt,14,839,839,3,2,0.5787852799999998
maxpool_prior_SPYLAA.pt,112,511,511,3,2,4.50322318
maxpool_prior_2OI2D4.pt,28,511,511,2,1,1.5136880400000003
maxpool_prior_BNCXVD.pt,112,535,535,3,1,19.331586
maxpool_prior_52VFBR.pt,56,512,512,3,2,1.7396272000000008
maxpool_prior_WAZFG4.pt,14,507,507,2,2,0.22818959999999996
maxpool_prior_3G3JQZ.pt,14,60,60,2,2,0.016269540000000002
maxpool_prior_LVLZ8C.pt,56,181,181,3,2,1.1842139600000003
maxpool_prior_3U9DEG.pt,14,52,52,2,2,0.08923061999999997
maxpool_prior_TWIJCT.pt,112,146,146,2,2,1.2585481600000001
maxpool_prior_2B6SIB.pt,112,534,534,2,2,3.3570035399999996
maxpool_prior_9YL2FO.pt,224,511,511,3,2,19.6286171
maxpool_prior_G06RJ6.pt,112,492,492,2,2,3.6820230000000005
maxpool_prior_1J6W1C.pt,28,511,511,2,1,2.30951576
maxpool_prior_SW6C1S.pt,28,70,70,3,2,0.17815331999999998
maxpool_prior_EEM6UX.pt,56,235,235,3,1,1.9311268199999996
maxpool_prior_QV3O6R.pt,14,504,504,2,2,0.27393708000000005
maxpool_prior_15NHSL.pt,224,504,504,3,2,19.542619719999994
maxpool_prior_MBIUO5.pt,224,509,509,2,1,55.12172168000001
maxpool_prior_ZUDLQ5.pt,28,499,499,3,2,1.2651988399999998
maxpool_prior_PR7QOB.pt,56,485,485,2,2,1.6080295000000004
maxpool_prior_WPVH1E.pt,14,838,838,3,2,0.7734090399999998
maxpool_prior_PGF3Z8.pt,28,240,240,2,1,1.31776508
maxpool_prior_F4XXK7.pt,28,141,141,2,2,0.20466762000000002
maxpool_prior_HG9N3A.pt,28,200,200,2,2,0.33187818
maxpool_prior_X827EY.pt,28,135,135,2,2,0.20805078
maxpool_prior_TZEFGN.pt,112,506,506,3,2,4.87463764
maxpool_prior_KQMCO1.pt,112,38,38,3,2,0.9705629599999998
maxpool_prior_CIO25P.pt,28,52,52,3,1,0.48342927999999985
maxpool_prior_PITS8V.pt,112,507,507,3,2,4.65895362
maxpool_prior_B3ZQWC.pt,56,86,86,3,2,0.9721353200000001
maxpool_prior_AXMHFD.pt,28,527,527,3,2,1.2822461
maxpool_prior_LNNN1I.pt,56,134,134,2,2,0.92265692
maxpool_prior_885MPL.pt,14,492,492,2,2,0.18490811999999995
maxpool_prior_7SO6NX.pt,56,488,488,3,2,1.8878016199999996
maxpool_prior_OKTLU2.pt,14,251,251,2,1,0.3674301200000001
maxpool_prior_U6MBFR.pt,112,846,846,3,2,7.6212819000000005
maxpool_prior_C1ZWG1.pt,28,235,235,3,2,0.5818191199999999
maxpool_prior_CHSCGA.pt,28,55,55,3,2,0.15462944
maxpool_prior_SB6DZG.pt,56,500,500,2,2,1.73639804
maxpool_prior_ZP7U4U.pt,28,182,182,2,1,1.0387013599999997
maxpool_prior_5PGVQL.pt,28,66,66,2,2,0.15189031999999997
maxpool_prior_MB96EB.pt,14,183,183,2,2,0.11498670000000001
maxpool_prior_1FUILF.pt,56,496,496,3,2,1.8378400999999998
maxpool_prior_ZDMTU0.pt,112,136,136,2,2,1.1764284200000001
maxpool_prior_JYN54Q.pt,28,495,495,2,2,0.7884493599999999
maxpool_prior_4CRF1G.pt,28,201,201,2,2,0.40994892000000005
maxpool_prior_QBYNHQ.pt,14,505,505,2,2,0.18959990000000004
maxpool_prior_RXGI8I.pt,28,491,491,3,2,1.0399094199999999
maxpool_prior_R5FHCT.pt,14,505,505,2,2,0.26813693999999993
maxpool_prior_JA390O.pt,224,1030,1030,3,2,42.51213617999999
maxpool_prior_PHKP0A.pt,112,70,70,2,2,0.9677688799999999
maxpool_prior_0DO21K.pt,112,829,829,3,2,7.419974200000002
maxpool_prior_7I5L4F.pt,112,249,249,3,1,8.01358764
maxpool_prior_5NNDIC.pt,112,54,54,2,2,0.9805965000000002
maxpool_prior_6C57X3.pt,56,844,844,3,2,1.9653770199999994
maxpool_prior_FQLLH5.pt,14,237,237,2,2,0.025242540000000004
maxpool_prior_U1JDKH.pt,56,366,366,2,2,1.4031347399999994
maxpool_prior_GZC60F.pt,14,152,152,3,2,0.12228705999999999
maxpool_prior_QJ02MX.pt,112,367,367,2,2,2.2060247199999994
maxpool_prior_ODAD8X.pt,112,493,493,2,2,3.1154373399999997
maxpool_prior_6JH2BR.pt,112,832,832,3,2,7.555313640000001
maxpool_prior_MH13WL.pt,28,504,504,3,2,1.3507544800000002
maxpool_prior_EEMFPZ.pt,14,468,468,3,1,1.1663919
maxpool_prior_24WRV3.pt,112,42,42,3,1,1.5333512799999993
maxpool_prior_1XEDFY.pt,112,70,70,3,2,1.1927071399999996
maxpool_prior_4RRYSP.pt,14,196,196,2,2,0.11959785999999997
maxpool_prior_WEU2DA.pt,112,1034,1034,3,2,9.125969859999996
maxpool_prior_W6O8R2.pt,112,382,382,2,2,2.5076792400000003
maxpool_prior_ZWCPQ9.pt,112,201,201,3,1,6.59724128
maxpool_prior_OQXRIR.pt,14,64,64,3,2,0.09442509999999998
maxpool_prior_C2KSHQ.pt,14,30,30,2,2,0.08341129999999998
maxpool_prior_VGH7BX.pt,56,53,53,3,2,0.7103873600000001
maxpool_prior_SHSDFI.pt,112,502,502,2,2,3.100151860000001
maxpool_prior_6OFFXN.pt,14,253,253,2,2,0.15140414
maxpool_prior_DLL2AG.pt,28,831,831,3,2,1.81312552
maxpool_prior_ZRG6JW.pt,14,68,68,2,2,0.09092278000000001
maxpool_prior_HDDOGE.pt,112,380,380,2,2,2.5846496799999996
maxpool_prior_O6DYA7.pt,112,479,479,3,2,4.43093908
maxpool_prior_MV0TJ3.pt,112,490,490,2,2,2.978497019999998
maxpool_prior_6QMKHL.pt,112,50,50,3,2,0.9525197400000001
maxpool_prior_983TIF.pt,56,62,62,3,2,0.73215994
maxpool_prior_H7VXCI.pt,28,494,494,2,2,1.15575956
maxpool_prior_VIIQ5S.pt,112,497,497,2,2,3.336073899999999
maxpool_prior_EVQ5LV.pt,112,538,538,2,1,13.154193779999998
maxpool_prior_TISH87.pt,112,129,129,3,2,1.37270882
maxpool_prior_N8Z8LF.pt,28,504,504,3,2,0.9966364000000002
maxpool_prior_Y7G3AD.pt,14,180,180,2,2,0.14232580000000003
maxpool_prior_QLEDEF.pt,224,63,63,2,1,5.283262980000001
maxpool_prior_BNETFM.pt,112,240,240,3,2,2.2845798800000003
maxpool_prior_J912KK.pt,56,511,511,3,2,2.6384633399999995
maxpool_prior_FMZVR3.pt,28,66,66,2,2,0.15004948
maxpool_prior_VKS8FE.pt,56,73,73,2,2,0.5743535
maxpool_prior_SEXIPC.pt,56,76,76,3,2,0.7789676599999998
maxpool_prior_7NAYAP.pt,56,127,127,2,2,0.9483919399999996
maxpool_prior_OAT1P6.pt,112,496,496,2,2,3.0459986800000007
maxpool_prior_7PFX69.pt,14,511,511,3,2,0.37507650000000003
maxpool_prior_57HX78.pt,112,24,24,3,2,0.7860780399999999
maxpool_prior_1D45Q0.pt,28,832,832,3,2,1.7377848400000002
maxpool_prior_Y4IPVK.pt,28,239,239,2,2,0.3462508799999999
maxpool_prior_QJSIP8.pt,28,52,52,2,1,0.39329103999999987
maxpool_prior_Y8FO0E.pt,28,484,484,2,2,0.9172756600000003
maxpool_prior_EGQC2F.pt,112,379,379,3,1,13.34154716
maxpool_prior_Y7RHTI.pt,28,140,140,2,1,0.8538150400000002
maxpool_prior_QGD2RM.pt,112,73,73,3,2,1.2035421599999998
maxpool_prior_4G988Y.pt,14,512,512,2,2,0.29478348000000004
maxpool_prior_JJU6WO.pt,56,134,134,2,2,0.47223496000000004
maxpool_prior_5S1IL1.pt,28,489,489,2,2,1.2944343799999998
maxpool_prior_TDAT2K.pt,28,142,142,2,2,0.36989629999999996
maxpool_prior_JZ22MQ.pt,28,56,56,3,2,0.15755506
maxpool_prior_L9EAK1.pt,112,136,136,2,2,1.68796448
maxpool_prior_SU6822.pt,14,133,133,2,2,0.16016497999999998
maxpool_prior_Z2DKWW.pt,112,250,250,2,2,1.8356670399999993
maxpool_prior_I1275Q.pt,56,53,53,2,2,0.512318
maxpool_prior_WF34J5.pt,14,59,59,2,2,0.08841937999999999
maxpool_prior_VNMXES.pt,14,71,71,2,2,0.09317433999999998
maxpool_prior_CV6USG.pt,14,492,492,3,2,0.40732964000000005
maxpool_prior_J3AU5W.pt,112,245,245,2,2,1.6112276399999998
maxpool_prior_7T77WC.pt,112,472,472,2,2,2.9651325400000004
maxpool_prior_X9U4OJ.pt,112,81,81,2,2,1.0021961400000001
maxpool_prior_PA68ZO.pt,112,377,377,2,1,9.534396880000001
maxpool_prior_PU7UAV.pt,112,242,242,3,2,2.3861542599999996
maxpool_prior_2E71XQ.pt,112,505,505,2,2,3.2472131399999995
maxpool_prior_G2M58U.pt,112,251,251,2,1,5.219105200000001
maxpool_prior_BRFVRT.pt,56,511,511,2,2,1.54040326
maxpool_prior_L7T41N.pt,28,508,508,2,2,0.9956987800000001
maxpool_prior_4VJ16S.pt,28,254,254,3,2,0.8369837200000001
maxpool_prior_KP4AEX.pt,112,70,70,3,2,1.1539889199999998
maxpool_prior_FOH0Z6.pt,14,499,499,3,1,1.27737938
maxpool_prior_UOBC89.pt,112,53,53,2,2,0.9066299400000001
maxpool_prior_1TU0NB.pt,14,26,26,3,2,0.08564179999999999
maxpool_prior_UUJK17.pt,56,180,180,3,2,1.1297145
maxpool_prior_P9J1Z0.pt,56,237,237,3,2,1.4867674799999997
maxpool_prior_BO9V4D.pt,56,837,837,2,2,1.62015758
maxpool_prior_5LM3WT.pt,112,231,231,3,1,7.493997
maxpool_prior_L4YH2Z.pt,56,506,506,3,2,1.7954592200000001
maxpool_prior_2Y7WCI.pt,56,94,94,2,2,0.75168098
maxpool_prior_PI00Z4.pt,28,489,489,3,2,1.2855346799999998
maxpool_prior_B2674M.pt,56,197,197,2,1,1.1563436600000003
maxpool_prior_07DAQS.pt,14,231,231,3,2,0.15570204
maxpool_prior_LWQ6YY.pt,224,64,64,3,2,2.4023127599999996
maxpool_prior_I8KSXT.pt,14,475,475,3,2,0.42076783999999995
maxpool_prior_H8QDEU.pt,28,496,496,2,2,1.1661050000000002
maxpool_prior_9G0KMG.pt,112,249,249,3,2,2.35225332
maxpool_prior_P5H77O.pt,224,513,513,3,2,20.22254868
maxpool_prior_BXQX7C.pt,112,495,495,2,2,3.021491
maxpool_prior_DTZOJA.pt,28,232,232,2,2,0.3830626000000001
maxpool_prior_0QLKQR.pt,28,500,500,3,2,1.6765765199999996
maxpool_prior_9TRAXW.pt,14,142,142,3,2,0.14775502000000004
maxpool_prior_V4CJGY.pt,14,511,511,2,2,0.18823196
maxpool_prior_OS3P86.pt,28,189,189,3,2,0.60777526
maxpool_prior_UG4YMO.pt,56,201,201,3,2,0.9893072800000003
maxpool_prior_A68HCA.pt,56,68,68,2,2,0.6859531400000001
maxpool_prior_O2WNIL.pt,14,133,133,2,2,0.10651940000000001
maxpool_prior_416SVN.pt,112,501,501,3,2,4.5275764
maxpool_prior_V3PFJR.pt,14,51,51,2,2,0.09704195999999995
maxpool_prior_RIOHMT.pt,112,55,55,2,1,2.16961918
maxpool_prior_0D7T5L.pt,56,827,827,2,2,1.9104408800000008
maxpool_prior_E50VQP.pt,56,492,492,2,2,1.2942147599999998
maxpool_prior_FG6DJJ.pt,14,463,463,2,2,0.2029551599999999
maxpool_prior_XG7DZG.pt,112,840,840,3,2,7.607838839999999
maxpool_prior_H62YRU.pt,224,508,508,2,2,14.044961979999998
maxpool_prior_HAM4Q6.pt,28,69,69,3,2,0.31444768
maxpool_prior_CN5FBA.pt,14,64,64,3,1,0.15142722
maxpool_prior_QMJ3MS.pt,14,478,478,3,2,0.4175671000000001
maxpool_prior_A00OS3.pt,112,202,202,3,2,1.9435605
maxpool_prior_46YFEI.pt,112,238,238,2,1,5.018108080000001
maxpool_prior_M8VTI5.pt,14,78,78,3,2,0.10284499999999999
maxpool_prior_D1AK3X.pt,56,143,143,2,2,0.9236464200000002
maxpool_prior_J8R44O.pt,14,50,50,2,1,0.12867071999999996
maxpool_prior_JF6C55.pt,28,825,825,2,2,1.5294520600000001
maxpool_prior_UVLLML.pt,14,826,826,2,2,0.4056269399999999
maxpool_prior_5HVE1T.pt,112,74,74,2,2,1.26263266
maxpool_prior_9P3XLH.pt,56,510,510,3,2,1.5372746399999997
maxpool_prior_O4TADJ.pt,14,245,245,2,2,0.12928544000000003
maxpool_prior_72APVN.pt,56,138,138,2,2,0.9055623400000008
maxpool_prior_QGU1IU.pt,14,72,72,3,2,0.10391581999999999
maxpool_prior_F7AOHQ.pt,112,498,498,2,2,3.397047800000001
maxpool_prior_PRKPGX.pt,112,254,254,2,2,2.1210585
maxpool_prior_ODRBTQ.pt,14,241,241,2,2,0.18544859999999996
maxpool_prior_VHCKLM.pt,56,57,57,2,2,0.3631854199999999
maxpool_prior_PJUJ1N.pt,56,180,180,2,2,1.1269480000000003
maxpool_prior_CK8P0H.pt,112,367,367,2,1,9.381548579999997
maxpool_prior_V8905D.pt,56,192,192,3,2,1.5048809399999996
maxpool_prior_DFQ1IL.pt,112,496,496,2,2,3.2829532399999994
maxpool_prior_DFWHDD.pt,14,54,54,2,2,0.11221717999999999
maxpool_prior_HPI4BK.pt,14,504,504,2,2,0.19154604000000003
maxpool_prior_DJ83Q6.pt,112,511,511,2,2,3.1019788399999997
maxpool_prior_136HGI.pt,56,100,100,2,1,1.13439748
maxpool_prior_02PCKA.pt,112,136,136,3,1,4.48875556
maxpool_prior_2E0UN9.pt,14,246,246,2,2,0.19300928000000003
maxpool_prior_RTOJDS.pt,224,464,464,3,2,18.001355759999996
maxpool_prior_4IAW8A.pt,14,233,233,2,1,0.44474929999999996
maxpool_prior_YL8ZF3.pt,14,55,55,2,2,0.09016201999999997
maxpool_prior_BRDSCN.pt,112,66,66,2,2,1.0093501599999999
maxpool_prior_L4AJAI.pt,112,230,230,3,2,2.1668898199999997
maxpool_prior_T9DIHG.pt,112,138,138,3,2,1.6018057599999997
maxpool_prior_ATDLDO.pt,112,186,186,3,2,2.0365640799999998
maxpool_prior_CUUNIT.pt,14,499,499,2,2,0.28138786000000005
maxpool_prior_VUTP3J.pt,56,513,513,3,2,1.50414922
maxpool_prior_4HFEEL.pt,112,1044,1044,3,2,9.534109460000003
maxpool_prior_M41V89.pt,112,54,54,3,2,1.0366407399999995
maxpool_prior_0DRS7D.pt,224,245,245,2,1,25.672225980000004
maxpool_prior_TH47S4.pt,112,68,68,3,1,2.4465589800000003
maxpool_prior_3NTN9B.pt,14,203,203,2,1,0.30477826
maxpool_prior_SJE9MV.pt,14,252,252,3,2,0.20097277999999996
maxpool_prior_ZSIYNX.pt,112,253,253,2,2,1.8592398599999997
maxpool_prior_Y05LSB.pt,112,494,494,2,2,3.30534814
maxpool_prior_SASRF9.pt,28,255,255,3,2,0.66338692
maxpool_prior_JQ5DWG.pt,28,59,59,2,2,0.12356779999999999
maxpool_prior_KTFQAO.pt,14,195,195,3,2,0.24641202000000006
maxpool_prior_0CB7C0.pt,28,67,67,3,1,0.7909006000000002
maxpool_prior_RVSN2O.pt,112,54,54,2,2,1.0612063599999995
maxpool_prior_YLC5H2.pt,112,141,141,2,1,3.087316999999999
maxpool_prior_EOAUIC.pt,112,55,55,2,2,1.0010546599999999
maxpool_prior_V38KJ4.pt,224,512,512,2,2,14.429707119999998
maxpool_prior_UGFTJ3.pt,112,492,492,2,1,12.979864480000002
maxpool_prior_NOEAH7.pt,112,508,508,2,1,13.531055859999999
maxpool_prior_RI2W4A.pt,112,59,59,2,2,1.2001610000000003
maxpool_prior_UM0RCM.pt,28,62,62,2,2,0.12281389999999998
maxpool_prior_PD88LQ.pt,28,136,136,3,2,0.3319868000000001
maxpool_prior_KC4ZMW.pt,14,246,246,3,2,0.15510034
maxpool_prior_7I7TKS.pt,28,498,498,3,2,1.2294333000000002
maxpool_prior_LE4TVM.pt,56,481,481,3,2,1.45066852
maxpool_prior_76KEIX.pt,28,472,472,3,1,1.6352797399999992
maxpool_prior_RJXVOW.pt,28,94,94,2,2,0.17935319999999996
maxpool_prior_O2FBS0.pt,56,511,511,2,2,1.9727239799999998
maxpool_prior_AET86F.pt,14,52,52,2,1,0.13019974
maxpool_prior_6G80M4.pt,112,55,55,2,2,1.1632171000000002
maxpool_prior_IENG06.pt,14,470,470,3,1,1.13557768
maxpool_prior_1V3LOS.pt,14,54,54,3,2,0.09610411999999999
maxpool_prior_5FO181.pt,14,826,826,2,2,0.6324849
maxpool_prior_0R8LNW.pt,28,248,248,3,2,0.8730938399999999
maxpool_prior_AP2M2M.pt,224,846,846,2,2,25.045542739999995
maxpool_prior_QW90CL.pt,14,200,200,2,2,0.16787653999999996
maxpool_prior_MD08XL.pt,14,237,237,2,2,0.1334639
maxpool_prior_2HSPR8.pt,112,518,518,2,2,3.11499282
maxpool_prior_PPEKHF.pt,56,74,74,3,2,1.0649476999999998
maxpool_prior_E6KDFD.pt,224,502,502,2,2,14.264243059999997
maxpool_prior_7NW3TB.pt,56,502,502,2,2,1.13247874
maxpool_prior_EXEC17.pt,224,509,509,2,2,14.532267560000001
maxpool_prior_08OXDB.pt,14,498,498,3,2,0.43347714000000004
maxpool_prior_XEMRP9.pt,112,492,492,2,2,3.015116379999999
maxpool_prior_YV5AD3.pt,224,255,255,3,2,9.11721538
maxpool_prior_6PMVAJ.pt,28,513,513,3,2,1.0812118400000001
maxpool_prior_PUTCSS.pt,112,48,48,2,2,1.3355610199999999
maxpool_prior_7N7KGQ.pt,28,52,52,3,2,0.15374616000000002
maxpool_prior_RYJSG0.pt,14,501,501,2,1,1.0276200199999999
maxpool_prior_KRPWF5.pt,28,140,140,2,2,0.21875664000000003
maxpool_prior_L43WBM.pt,14,495,495,2,1,1.04447034
maxpool_prior_IJJKFR.pt,112,488,488,2,1,9.98151906
maxpool_prior_BXRSJZ.pt,14,483,483,3,2,0.3621244199999999
maxpool_prior_XNY43P.pt,56,142,142,2,2,1.2740674199999997
maxpool_prior_DTDR0D.pt,56,141,141,3,2,1.2278524200000005
maxpool_prior_ZINUCV.pt,14,504,504,2,2,0.18892472000000005
maxpool_prior_J79FVB.pt,112,84,84,2,2,1.1580907399999996
maxpool_prior_92XU66.pt,56,187,187,3,2,0.8722657400000001
maxpool_prior_FSI01D.pt,14,46,46,2,2,0.08817578
maxpool_prior_BP1NHP.pt,28,497,497,3,2,1.2719803800000002
maxpool_prior_K3ZXB8.pt,14,493,493,2,1,0.9196961399999999
maxpool_prior_XN3Z6J.pt,224,506,506,3,2,20.24503538
maxpool_prior_HR51XR.pt,56,98,98,2,2,0.7259525399999996
maxpool_prior_KK9IJH.pt,112,250,250,3,2,2.5778568600000007
maxpool_prior_5T1BAJ.pt,14,497,497,3,2,0.39043676000000005
maxpool_prior_WI6ZNY.pt,14,135,135,3,1,0.26716646
maxpool_prior_4IPMG2.pt,112,91,91,2,2,1.29600694
maxpool_prior_QH1KCU.pt,224,509,509,3,2,19.364428899999997
maxpool_prior_75AU1R.pt,14,238,238,2,1,0.32619958000000004
maxpool_prior_ORWKEV.pt,28,493,493,3,1,2.2666392999999996
maxpool_prior_F3HU5Y.pt,14,507,507,2,2,0.2296734599999999
maxpool_prior_53LKHH.pt,56,50,50,3,2,0.56680356
maxpool_prior_GFO0V6.pt,28,247,247,2,2,0.5947861800000002
maxpool_prior_ILC54K.pt,112,253,253,2,1,5.1974589600000005
maxpool_prior_HQV503.pt,28,829,829,3,1,1.9535752799999997
maxpool_prior_DTTWHH.pt,28,826,826,3,1,2.06750296
maxpool_prior_4G2JGN.pt,56,140,140,3,2,1.21425614
maxpool_prior_MYAZGS.pt,56,128,128,3,2,1.2197320999999999
maxpool_prior_Z3KJ20.pt,14,63,63,2,2,0.10099572000000004
maxpool_prior_KMAFJJ.pt,112,75,75,3,2,1.0070333000000002
maxpool_prior_3LSDTN.pt,14,183,183,3,2,0.13740849999999996
maxpool_prior_U2R17W.pt,224,131,131,2,1,13.769875039999999
maxpool_prior_FHVWKX.pt,56,362,362,2,2,1.6329963
maxpool_prior_D1MGU1.pt,112,50,50,2,1,1.4241482000000003
maxpool_prior_E0UQVY.pt,14,501,501,2,2,0.26098940000000004
maxpool_prior_BHLGUP.pt,112,255,255,2,2,1.9117874999999998
maxpool_prior_A9THWL.pt,56,188,188,3,2,1.3073382599999996
maxpool_prior_TMQYLD.pt,14,497,497,2,1,1.12493812
maxpool_prior_V3675Y.pt,112,150,150,3,2,1.6056441399999999
maxpool_prior_F2MM0S.pt,28,199,199,3,2,0.596817
maxpool_prior_WQ4Q41.pt,112,50,50,3,2,1.025506
maxpool_prior_XLTRUT.pt,14,503,503,3,2,0.37232868
maxpool_prior_DNRMWK.pt,224,191,191,2,1,20.510415519999995
maxpool_prior_BGDTP5.pt,112,847,847,3,2,7.722077
maxpool_prior_PP6IV8.pt,56,245,245,3,2,1.1414353600000002
maxpool_prior_VKP91I.pt,112,53,53,2,2,0.89409202
maxpool_prior_SIPNRN.pt,224,506,506,2,1,53.21985905999999
maxpool_prior_1ZIR3K.pt,112,837,837,3,2,7.376172379999998
maxpool_prior_E092H5.pt,14,512,512,2,2,0.24352123999999997
maxpool_prior_KKX78I.pt,56,31,31,2,1,0.89208676
maxpool_prior_J8B2VL.pt,14,491,491,2,2,0.30002937999999996
maxpool_prior_OD0QH2.pt,28,490,490,3,2,1.19600396
maxpool_prior_88WH3Y.pt,112,474,474,3,2,4.37400788
maxpool_prior_60Q7VB.pt,112,501,501,2,1,12.587796619999999
maxpool_prior_3UJPEZ.pt,14,55,55,3,1,0.14962028
maxpool_prior_ZSPDST.pt,112,133,133,2,2,1.2823787399999997
maxpool_prior_3M8F7V.pt,14,70,70,2,2,0.0919739
maxpool_prior_13V9TV.pt,28,496,496,2,2,0.1893377599999999
maxpool_prior_BKQXFR.pt,28,60,60,3,2,0.16389636
maxpool_prior_Q2967V.pt,14,255,255,3,2,0.16420518
maxpool_prior_40NTDZ.pt,14,238,238,2,2,0.13725472
maxpool_prior_0SEYR2.pt,112,499,499,2,2,3.98989192
maxpool_prior_K3DOMT.pt,14,235,235,2,2,0.12113891999999997
maxpool_prior_G9NP4J.pt,14,255,255,2,2,0.19749096000000005
maxpool_prior_JTRFRG.pt,28,62,62,3,2,0.20328716
maxpool_prior_8JJTT8.pt,112,185,185,2,2,1.51623924
maxpool_prior_M839JX.pt,112,365,365,3,1,12.947586200000003
maxpool_prior_0YNI4K.pt,112,83,83,2,2,1.14414992
maxpool_prior_PMAAXP.pt,112,512,512,3,1,19.149611680000003
maxpool_prior_A9RTHB.pt,224,495,495,3,1,72.40181575999998
maxpool_prior_QDZGH7.pt,112,489,489,2,2,3.0420991400000004
maxpool_prior_2CSYBM.pt,112,71,71,2,2,1.1344669400000003
maxpool_prior_C5X7GQ.pt,28,66,66,2,2,0.14016188000000002
maxpool_prior_TZW28G.pt,224,56,56,2,2,1.5596706200000006
maxpool_prior_JIS48O.pt,112,501,501,3,2,4.53774984
maxpool_prior_MW88WA.pt,112,495,495,2,2,3.0303390000000014
maxpool_prior_H6UTRF.pt,112,74,74,3,2,1.1611888200000002
maxpool_prior_7FV5ZR.pt,56,54,54,3,2,0.6666225800000001
maxpool_prior_JSCPO0.pt,28,243,243,3,1,1.2192204
maxpool_prior_9MVIBS.pt,56,240,240,3,2,1.3530698800000005
maxpool_prior_9VHWIU.pt,56,57,57,3,2,0.59887388
maxpool_prior_IA4EH6.pt,112,507,507,2,2,3.2490985
maxpool_prior_1AO90E.pt,14,511,511,3,2,0.33707098
maxpool_prior_P8KZT9.pt,224,525,525,3,2,20.573405899999994
maxpool_prior_JMWL6L.pt,14,152,152,2,1,0.2559398
maxpool_prior_A2EXQ4.pt,28,131,131,3,2,0.4118263999999999
maxpool_prior_WIG3A3.pt,14,491,491,3,2,0.3549365199999999
maxpool_prior_TQQFU0.pt,14,30,30,2,2,0.08885681999999998
maxpool_prior_U99EQ4.pt,112,71,71,3,2,1.1851981800000002
maxpool_prior_LKDUJL.pt,224,198,198,2,1,22.237508519999995
maxpool_prior_P35PKF.pt,112,60,60,3,2,1.4080247000000004
maxpool_prior_0BN65Q.pt,112,841,841,2,2,5.065958939999998
maxpool_prior_S6AJCQ.pt,56,200,200,3,2,1.21638906
maxpool_prior_ZISI76.pt,14,497,497,2,1,1.0547377200000003
maxpool_prior_7QJCQT.pt,224,196,196,3,2,7.457914339999998
maxpool_prior_Y0AV18.pt,14,487,487,2,1,0.7269885400000001
maxpool_prior_1EVK6O.pt,56,246,246,3,2,1.5127270600000002
maxpool_prior_7SRNWT.pt,112,58,58,2,2,1.0841553000000004
maxpool_prior_B2ZTF5.pt,14,246,246,3,2,0.18188148
maxpool_prior_IMT8GC.pt,28,52,52,2,2,0.13256732000000004
maxpool_prior_44H3U9.pt,56,70,70,3,2,0.8187484200000001
maxpool_prior_IPAJPR.pt,112,138,138,3,2,1.4796215000000001
maxpool_prior_OLQK0A.pt,14,73,73,3,2,0.10079252000000004
maxpool_prior_NWEUDS.pt,28,55,55,3,2,0.14656064000000002
maxpool_prior_KUU5DT.pt,112,31,31,2,2,0.80838594
maxpool_prior_T1SSCN.pt,14,50,50,3,2,0.09045232
maxpool_prior_0RRALA.pt,112,500,500,3,2,4.538277460000001
maxpool_prior_HCJJKP.pt,14,61,61,2,2,0.01691076
maxpool_prior_L37FMX.pt,112,846,846,3,1,30.832044159999995
maxpool_prior_6534H1.pt,56,150,150,2,2,1.0641104999999995
maxpool_prior_ALITWZ.pt,112,73,73,2,1,1.69064244
maxpool_prior_KFJNAZ.pt,112,472,472,3,1,16.47913991999999
maxpool_prior_RFOEWC.pt,112,57,57,2,2,1.2516742800000003
maxpool_prior_5XR2DM.pt,56,71,71,3,1,1.02325858
maxpool_prior_DRW4Z8.pt,28,489,489,2,2,0.8424637599999998
maxpool_prior_2QFOK2.pt,14,51,51,2,2,0.08474803999999998
maxpool_prior_ZRL6QZ.pt,112,130,130,2,2,1.0800818800000003
maxpool_prior_Q56AII.pt,112,498,498,3,1,17.419833000000004
maxpool_prior_6X5248.pt,56,492,492,2,2,2.809286460000001
maxpool_prior_LDCRR9.pt,56,1044,1044,3,1,8.295294739999997
maxpool_prior_XV6RN5.pt,112,253,253,2,2,1.8148852399999997
maxpool_prior_PIQVEA.pt,56,93,93,2,2,0.74091024
maxpool_prior_02H45G.pt,112,201,201,3,2,2.0160454799999994
maxpool_prior_ST069M.pt,112,60,60,3,2,1.1637435399999994
maxpool_prior_VWOF4J.pt,112,507,507,2,2,3.16258862
maxpool_prior_EAHJOO.pt,56,1043,1043,3,2,2.4900193200000005
maxpool_prior_LB23RT.pt,224,137,137,2,2,3.5381560999999992
maxpool_prior_CJUX9A.pt,224,256,256,3,2,8.82521526
maxpool_prior_CRNYP3.pt,14,60,60,3,2,0.10099289999999997
maxpool_prior_U2K7OD.pt,56,234,234,2,2,1.46586712
maxpool_prior_SE9SVO.pt,224,52,52,2,2,1.5712193200000004
maxpool_prior_C6TO8Q.pt,14,502,502,3,2,0.40719558000000006
maxpool_prior_ICI3GV.pt,28,247,247,3,2,0.9244618599999996
maxpool_prior_I9DHLF.pt,28,73,73,3,2,0.26204947999999995
maxpool_prior_BND9Y5.pt,14,505,505,3,2,0.30463714000000003
maxpool_prior_1R3JYC.pt,56,498,498,3,2,2.2256691600000007
maxpool_prior_A20XRG.pt,14,199,199,2,2,0.11779855999999995
maxpool_prior_X6WDYU.pt,56,66,66,2,2,0.5204966799999998
maxpool_prior_7NO55M.pt,14,73,73,2,1,0.18300429999999995
maxpool_prior_O776EE.pt,28,508,508,3,2,1.1562932000000001
maxpool_prior_BHUCEJ.pt,112,44,44,3,2,1.2450983199999996
maxpool_prior_80WQ3S.pt,112,185,185,3,2,1.8431253000000003
maxpool_prior_IY641E.pt,56,495,495,2,2,1.6555674999999996
maxpool_prior_40LQSX.pt,56,55,55,3,1,1.06067992
maxpool_prior_GPJSMO.pt,112,505,505,2,2,3.2228266000000008
maxpool_prior_8285SF.pt,14,130,130,3,2,0.14863913999999998
maxpool_prior_WFQP0P.pt,28,834,834,2,2,1.62297914
maxpool_prior_PUUW4K.pt,14,505,505,2,2,0.23898282
maxpool_prior_HK6J7Z.pt,112,497,497,2,2,3.1331491400000004
maxpool_prior_8BKRL2.pt,14,516,516,2,2,0.21594132000000005
maxpool_prior_BWC4HE.pt,28,232,232,3,2,0.56752152
maxpool_prior_YTW8JN.pt,14,823,823,3,2,0.4509170199999999
maxpool_prior_3OWAK7.pt,56,77,77,2,2,0.53506472
maxpool_prior_XQOAGJ.pt,112,41,41,3,2,0.9559112800000001
maxpool_prior_6E8CVJ.pt,112,68,68,2,2,1.0677457199999998
maxpool_prior_QHJS0I.pt,224,87,87,2,2,2.3139689999999997
maxpool_prior_G2NKR2.pt,112,201,201,2,2,1.49440292
maxpool_prior_YNNMPB.pt,14,152,152,3,2,0.02385062000000001
maxpool_prior_NATQ8W.pt,112,250,250,2,2,1.9902517200000003
maxpool_prior_C7205S.pt,56,25,25,2,2,0.2136559
maxpool_prior_E0INA3.pt,28,149,149,3,1,1.1472837599999999
maxpool_prior_WVJVGL.pt,28,498,498,3,2,1.1197787399999994
maxpool_prior_ZOWGNL.pt,28,492,492,2,2,0.8432831199999997
maxpool_prior_UO2GU0.pt,14,500,500,2,2,0.23151741999999997
maxpool_prior_9MWWXY.pt,112,513,513,3,2,4.72757174
maxpool_prior_DVC6BH.pt,28,512,512,2,2,1.09835362
maxpool_prior_712DJA.pt,28,195,195,3,2,0.8950060399999997
maxpool_prior_IRXQXJ.pt,28,51,51,2,2,0.14415055999999996
maxpool_prior_QM03JK.pt,56,841,841,3,2,2.024893939999999
maxpool_prior_6NA58T.pt,56,502,502,2,1,2.719361199999999
maxpool_prior_YLE365.pt,14,201,201,3,2,0.14583136
maxpool_prior_IMRXSL.pt,224,498,498,3,2,20.036413579999994
maxpool_prior_0PFKOR.pt,56,520,520,3,2,1.45353398
maxpool_prior_T21ZT0.pt,112,470,470,3,1,16.951504599999996
maxpool_prior_Z973CQ.pt,28,536,536,3,2,1.22852136
maxpool_prior_8NEPVX.pt,14,1035,1035,3,2,0.8183790799999998
maxpool_prior_D16DIN.pt,28,60,60,3,2,0.15011449999999998
maxpool_prior_6I81CU.pt,56,1051,1051,3,1,8.254409080000002
maxpool_prior_O2163R.pt,56,51,51,3,2,0.7010857800000002
maxpool_prior_OTZTRT.pt,112,251,251,3,2,2.2951629999999996
maxpool_prior_8DOG8Z.pt,112,483,483,2,2,3.2837772199999993
maxpool_prior_IYX621.pt,224,488,488,2,2,13.671425219999998
maxpool_prior_IQEADV.pt,14,64,64,3,2,0.14289578000000003
maxpool_prior_S7XF58.pt,56,825,825,2,2,1.44330528
maxpool_prior_QD2GJ7.pt,28,493,493,2,2,0.7670807599999999
maxpool_prior_U3XD5Q.pt,112,1054,1054,2,2,6.396811480000001
maxpool_prior_VS2AXU.pt,28,524,524,3,1,1.6650216000000002
maxpool_prior_A3Z07B.pt,56,511,511,3,2,1.6517127999999994
maxpool_prior_OOWOV6.pt,14,499,499,3,2,0.34303201999999994
maxpool_prior_U62AKZ.pt,14,512,512,3,2,0.3326822199999999
maxpool_prior_EODDMI.pt,112,70,70,2,2,0.9356306000000002
maxpool_prior_86YC9C.pt,112,191,191,2,2,1.5501114399999998
maxpool_prior_2O8PQ4.pt,14,500,500,3,2,0.2896324800000001
maxpool_prior_KDP0H2.pt,56,247,247,2,2,1.1254605800000002
maxpool_prior_PT3EUZ.pt,28,72,72,3,2,0.21001744
maxpool_prior_HDPGYV.pt,28,373,373,3,2,0.9096723000000001
maxpool_prior_PN0CMF.pt,14,72,72,3,2,0.09680309999999999
maxpool_prior_F84A12.pt,112,379,379,2,2,2.360866
maxpool_prior_OXBBOG.pt,14,93,93,2,2,0.0963033
maxpool_prior_9FLRYY.pt,14,500,500,3,2,0.33461286
maxpool_prior_IS46MS.pt,224,490,490,3,2,18.86087274
maxpool_prior_3FDM3X.pt,14,251,251,2,2,0.12620033999999997
maxpool_prior_RA7TD9.pt,112,57,57,2,2,0.99299136
maxpool_prior_S0F33A.pt,14,500,500,2,2,0.19532447999999994
maxpool_prior_CTOIA0.pt,112,361,361,3,1,13.010137379999996
maxpool_prior_W7RVST.pt,56,504,504,2,2,1.66328786
maxpool_prior_GAM4S2.pt,14,199,199,2,2,0.11693931999999994
maxpool_prior_ML5TEJ.pt,14,512,512,2,2,0.06468072
maxpool_prior_HTRGA9.pt,112,237,237,3,2,2.2414116600000007
maxpool_prior_6VNOV3.pt,112,1042,1042,2,2,6.3410946599999995
maxpool_prior_K5A55M.pt,14,233,233,2,2,0.16732072000000003
maxpool_prior_SWJZ3U.pt,14,96,96,3,2,0.11016028000000004
maxpool_prior_XLSSQE.pt,224,132,132,3,2,5.198322039999999
maxpool_prior_TT1E6Q.pt,224,69,69,3,2,2.76303578
maxpool_prior_UUX0P2.pt,112,131,131,2,2,1.05215186
maxpool_prior_RTG0PM.pt,14,58,58,3,2,0.09552405999999998
maxpool_prior_A1XR79.pt,112,73,73,2,2,1.1802348799999998
maxpool_prior_IWATUJ.pt,14,499,499,3,2,0.27820071999999985
maxpool_prior_GONUX2.pt,112,38,38,2,1,1.0695639600000002
maxpool_prior_ETXWX8.pt,112,62,62,2,2,1.5872154600000001
maxpool_prior_FP5L1E.pt,14,849,849,3,2,0.5291373599999999
maxpool_prior_FSL3HR.pt,224,1041,1041,3,2,43.43319748
maxpool_prior_2X3MHA.pt,112,503,503,3,1,17.773454299999997
maxpool_prior_OPCTJZ.pt,14,77,77,3,2,0.12288408000000002
maxpool_prior_76E1DZ.pt,224,491,491,2,2,13.634370819999994
maxpool_prior_OQTG36.pt,28,236,236,3,2,0.6546238600000003
maxpool_prior_A8OYBV.pt,56,141,141,2,2,0.9984908400000001
maxpool_prior_DBKIJT.pt,112,513,513,2,2,3.2616085599999995
maxpool_prior_1UZP7A.pt,28,151,151,3,2,0.3785027200000001
maxpool_prior_M00O5A.pt,112,1051,1051,2,1,27.94624930000001
maxpool_prior_5LX8RY.pt,14,842,842,2,2,0.57003048
maxpool_prior_1NAFNA.pt,112,184,184,3,2,1.9056444000000006
maxpool_prior_XS6PS2.pt,56,65,65,3,2,0.8649654600000001
maxpool_prior_GLB1QA.pt,56,138,138,3,2,1.26484352
maxpool_prior_0L7CIW.pt,224,255,255,3,1,36.51236726
maxpool_prior_N5820O.pt,28,250,250,3,2,0.56169642
maxpool_prior_FWSLZZ.pt,14,517,517,2,2,0.23165750000000007
maxpool_prior_OTLNOO.pt,14,243,243,3,2,0.14633511999999999
maxpool_prior_1SGXJC.pt,28,510,510,2,2,0.8947195600000001
maxpool_prior_LWLS5A.pt,224,145,145,3,2,5.673390540000001
maxpool_prior_FNMPCD.pt,14,505,505,3,1,1.1345658199999997
maxpool_prior_1H0XHC.pt,14,65,65,3,2,0.12776589999999996
maxpool_prior_28XI7K.pt,14,30,30,2,2,0.08448578000000001
maxpool_prior_2YP4N9.pt,14,492,492,3,1,1.27464676
maxpool_prior_FQ7431.pt,14,841,841,3,2,0.92477332
maxpool_prior_YMQTMD.pt,224,67,67,3,2,2.912498999999999
maxpool_prior_G49SDU.pt,56,236,236,2,2,1.4550919000000002
maxpool_prior_HR2EWS.pt,112,44,44,2,2,1.01664708
maxpool_prior_7HMZQO.pt,28,59,59,3,2,0.23924186
maxpool_prior_LAIRKG.pt,112,501,501,2,2,3.0667265800000005
maxpool_prior_A72FP5.pt,112,477,477,2,2,2.9082122399999992
maxpool_prior_1B7JI1.pt,224,60,60,3,1,7.799783460000001
maxpool_prior_Z6I2K9.pt,14,496,496,2,2,0.20135956000000005
maxpool_prior_AQQZTL.pt,112,1036,1036,2,2,6.3045798
maxpool_prior_CEE2MZ.pt,28,513,513,2,2,0.5864386800000001
maxpool_prior_BYZRYS.pt,56,495,495,3,2,1.31377378
maxpool_prior_B09PZU.pt,112,193,193,3,2,1.9816316200000006
maxpool_prior_BMACN9.pt,28,825,825,2,2,0.60861126
maxpool_prior_YO20GR.pt,224,488,488,3,2,18.685195139999994
maxpool_prior_38K9VT.pt,56,511,511,2,1,2.8445210000000003
maxpool_prior_UVZ81W.pt,14,231,231,2,2,0.12637168000000001
maxpool_prior_O7Q5EQ.pt,28,64,64,2,2,0.12882707999999998
maxpool_prior_I8OINZ.pt,56,500,500,3,2,1.7452611799999997
maxpool_prior_IJ5KJQ.pt,56,252,252,3,2,1.6852981999999996
maxpool_prior_I5KP8T.pt,112,54,54,2,2,0.9408294999999997
maxpool_prior_Z1RCA1.pt,28,504,504,2,2,1.1392002200000002
maxpool_prior_BFKPNU.pt,14,500,500,3,2,0.3943798399999999
maxpool_prior_O1AGL5.pt,56,500,500,3,1,3.8791575599999986
maxpool_prior_D0SMA7.pt,112,491,491,2,2,3.242514179999999
maxpool_prior_QV7TCW.pt,14,54,54,3,2,0.094625
maxpool_prior_XQ9TQZ.pt,56,60,60,2,2,0.50559266
maxpool_prior_PLQAUK.pt,56,131,131,2,1,1.4788808200000003
maxpool_prior_6GO0P8.pt,56,38,38,3,2,0.66671038
maxpool_prior_SALGZR.pt,112,136,136,2,2,1.6701747199999997
maxpool_prior_IZHSKE.pt,112,70,70,2,2,1.35644338
maxpool_prior_BNQ47T.pt,14,504,504,2,2,0.19570340000000003
maxpool_prior_BVDLPN.pt,14,501,501,2,2,0.2055354999999999
maxpool_prior_RJQCK1.pt,14,249,249,2,2,0.12563307999999998
maxpool_prior_F3DZNC.pt,14,491,491,2,2,0.18692288
maxpool_prior_PV5WIQ.pt,14,60,60,3,2,0.09474168
maxpool_prior_GXYRAV.pt,112,506,506,2,2,3.12062254
maxpool_prior_TI1EHI.pt,14,493,493,2,2,0.18539086000000005
maxpool_prior_SMFE0Y.pt,28,510,510,2,1,2.0167549000000005
maxpool_prior_FFKK26.pt,14,200,200,2,2,0.11970405999999997
maxpool_prior_LF7QJC.pt,14,512,512,2,2,0.3705461399999999
maxpool_prior_G9QD67.pt,56,515,515,2,2,1.7437673200000003
maxpool_prior_S958XL.pt,14,494,494,3,2,0.25896695999999997
maxpool_prior_XJNZ2V.pt,112,1032,1032,3,2,9.08960234
maxpool_prior_DYXCOC.pt,56,140,140,2,2,0.9949727200000004
maxpool_prior_GPBH3K.pt,56,253,253,3,2,1.75365852
maxpool_prior_0N64ON.pt,112,238,238,2,1,4.9729810599999995
maxpool_prior_U6XAKW.pt,224,129,129,3,2,5.16864604
maxpool_prior_QQ53NK.pt,14,250,250,3,2,0.16845668000000008
maxpool_prior_78OO6N.pt,14,489,489,2,2,0.21059652
maxpool_prior_7MD917.pt,224,141,141,2,2,3.5440962800000007
maxpool_prior_VWDTIM.pt,112,502,502,2,2,3.144667479999999
maxpool_prior_JSEWOP.pt,28,491,491,3,2,1.1556182599999996
maxpool_prior_QVRQR8.pt,56,497,497,2,2,1.1966142800000001
maxpool_prior_0OJ7LN.pt,14,70,70,3,1,0.20330886000000004
maxpool_prior_MQIWS3.pt,28,57,57,2,2,0.13596162
maxpool_prior_DYGNN5.pt,14,187,187,3,2,0.14006810000000003
maxpool_prior_DZ7E5H.pt,28,502,502,3,2,1.3744136800000002
maxpool_prior_BY1M29.pt,14,70,70,2,2,0.09191487999999999
maxpool_prior_F9KEKQ.pt,56,150,150,3,1,1.5003268999999997
maxpool_prior_SNQMV5.pt,14,69,69,2,2,0.09188315999999999
maxpool_prior_YXIQMK.pt,56,247,247,2,2,1.1593582999999996
maxpool_prior_7BM5OB.pt,112,59,59,3,2,1.2738609600000004
maxpool_prior_7Z9EX1.pt,28,203,203,3,2,0.15838156
maxpool_prior_5GK6XN.pt,112,506,506,3,2,4.671022499999999
maxpool_prior_T37JID.pt,56,152,152,3,1,1.40802898
maxpool_prior_ZFCVWV.pt,14,72,72,2,2,0.09348164
maxpool_prior_AL87EX.pt,56,73,73,2,1,0.9758307400000004
maxpool_prior_3LJOCB.pt,28,501,501,2,2,1.27243646
maxpool_prior_RSEXCY.pt,28,829,829,3,2,1.4100628199999996
maxpool_prior_7V9HDG.pt,28,70,70,2,1,0.35457590000000005
maxpool_prior_GBJLVO.pt,56,531,531,2,2,1.3980209
maxpool_prior_79GUBU.pt,112,53,53,3,2,1.0395389
maxpool_prior_6RZEKD.pt,56,840,840,3,2,1.9123713400000002
maxpool_prior_MSXHQU.pt,14,246,246,2,1,0.43495156
maxpool_prior_QI070W.pt,14,512,512,2,1,0.8568849399999999
maxpool_prior_NZD0BO.pt,112,56,56,2,2,1.217943
maxpool_prior_UO5WV0.pt,56,509,509,2,2,2.060334540000001
maxpool_prior_9I166C.pt,112,71,71,3,2,1.04957662
maxpool_prior_IQDSGJ.pt,56,513,513,2,2,1.3110685200000003
maxpool_prior_8LWU1E.pt,14,507,507,2,1,0.86152962
maxpool_prior_PMT9EO.pt,224,496,496,2,1,52.79557776000001
maxpool_prior_LMFTBN.pt,28,1041,1041,3,2,1.38505032
maxpool_prior_NZR9F6.pt,112,252,252,3,2,2.3527096399999996
maxpool_prior_PSSVS0.pt,224,239,239,2,1,25.187111240000004
maxpool_prior_R34SI1.pt,14,190,190,3,2,0.19190304000000005
maxpool_prior_FASU97.pt,112,496,496,3,2,4.549935799999999
maxpool_prior_7238HJ.pt,56,65,65,2,2,0.5193893400000004
maxpool_prior_CZ547N.pt,56,56,56,2,2,0.3976244999999999
maxpool_prior_RG3T6X.pt,14,238,238,2,2,0.12979036
maxpool_prior_Q20FJI.pt,112,67,67,3,2,1.0871299199999997
maxpool_prior_WWVITR.pt,56,511,511,2,2,1.7134462800000003
maxpool_prior_D6778A.pt,224,72,72,3,2,2.7857994600000002
maxpool_prior_QRXXCR.pt,14,833,833,2,2,0.496491
maxpool_prior_KM5Y4X.pt,56,838,838,2,2,1.65978438
maxpool_prior_TCI8HW.pt,14,506,506,2,1,1.1432272200000004
maxpool_prior_A5PYE3.pt,112,513,513,2,2,3.16473916
maxpool_prior_4OKN6V.pt,28,74,74,3,2,0.24288474000000002
maxpool_prior_39Q6R3.pt,14,505,505,3,2,0.38138306000000005
maxpool_prior_FFJZ0U.pt,14,509,509,3,2,0.2955389200000001
maxpool_prior_USYOE8.pt,112,59,59,3,2,1.2391845
maxpool_prior_9FDQ7J.pt,14,181,181,3,2,0.21968289999999993
maxpool_prior_7T275E.pt,28,508,508,3,2,1.2570941800000004
maxpool_prior_6MZUD9.pt,56,506,506,3,2,1.5311151199999993
maxpool_prior_5LPAHA.pt,14,137,137,2,2,0.10084833999999997
maxpool_prior_RSX36W.pt,28,472,472,2,2,0.7464792800000004
maxpool_prior_2YDNDG.pt,14,187,187,3,2,0.2150943
maxpool_prior_KTZVR5.pt,28,832,832,3,2,1.46401306
maxpool_prior_TWNK5M.pt,112,499,499,3,2,4.74894868
maxpool_prior_08BL6D.pt,112,494,494,2,1,12.279514899999999
maxpool_prior_9FECTB.pt,112,185,185,2,1,3.9718004000000002
maxpool_prior_J67MT4.pt,112,469,469,2,2,2.89018848
maxpool_prior_VNYIPS.pt,28,829,829,2,2,1.1981903199999997
maxpool_prior_JHREFY.pt,112,62,62,3,2,1.1459671999999999
maxpool_prior_VHD0V2.pt,112,234,234,2,2,1.78475466
maxpool_prior_TLGEXN.pt,14,512,512,2,1,1.2017778599999998
maxpool_prior_LBDZ3X.pt,112,71,71,3,2,1.17335692
maxpool_prior_NYX2C4.pt,56,489,489,3,2,1.5533201600000002
maxpool_prior_JFTCOF.pt,28,247,247,3,2,0.6468510399999998
maxpool_prior_G7XQ1D.pt,56,143,143,2,2,0.8632807199999999
maxpool_prior_BF41FK.pt,112,843,843,2,2,5.231141279999999
maxpool_prior_Q5PVDQ.pt,112,140,140,3,2,1.7172347800000003
maxpool_prior_DF8C2K.pt,56,502,502,2,2,1.9159040800000002
maxpool_prior_PJNQS6.pt,112,66,66,3,2,0.9558991400000002
maxpool_prior_UIP37T.pt,14,63,63,2,1,0.12680286000000002
maxpool_prior_KXV8U2.pt,112,54,54,3,2,1.11757764
maxpool_prior_A0PO2N.pt,28,63,63,2,2,0.19145240000000005
maxpool_prior_6AZPUZ.pt,28,139,139,2,1,1.0665854799999999
maxpool_prior_0YG0G2.pt,112,493,493,2,2,2.96117908
maxpool_prior_9IQQO4.pt,112,61,61,3,2,1.6542176399999997
maxpool_prior_F878YB.pt,28,185,185,2,2,0.45539196
maxpool_prior_FCAKCC.pt,14,61,61,3,2,0.0943474
maxpool_prior_51S51D.pt,28,51,51,3,2,0.15427942000000003
maxpool_prior_VWC57M.pt,112,129,129,3,2,1.5554703800000005
maxpool_prior_XZME10.pt,28,511,511,2,2,1.0587096200000001
maxpool_prior_H51YEF.pt,14,492,492,2,2,0.22991630000000002
maxpool_prior_X3GHRN.pt,56,34,34,3,2,0.5073252
maxpool_prior_VO7QFE.pt,14,234,234,3,2,0.14203358
maxpool_prior_BGJY70.pt,28,240,240,2,2,0.4612409799999999
maxpool_prior_X7URJ0.pt,112,510,510,2,2,3.09232278
maxpool_prior_NHORAK.pt,112,483,483,3,2,4.591338280000002
maxpool_prior_G19RSD.pt,56,41,41,3,2,0.6407478800000003
maxpool_prior_PDZOKC.pt,28,45,45,2,2,0.1114671
maxpool_prior_FGRI9S.pt,14,87,87,2,2,0.08732046
maxpool_prior_1H2LA4.pt,14,57,57,3,2,0.08921214000000001
maxpool_prior_OE60L7.pt,112,26,26,2,2,0.75991486
maxpool_prior_6ROCR8.pt,56,150,150,2,1,1.1548096800000003
maxpool_prior_1UTE0P.pt,112,491,491,3,2,4.462954340000001
maxpool_prior_XPHO4C.pt,28,70,70,3,2,0.18641554000000013
maxpool_prior_SC92RF.pt,112,510,510,3,1,17.5731726
maxpool_prior_UH6FVR.pt,112,840,840,2,1,22.110038580000005
maxpool_prior_MQB1DF.pt,14,65,65,3,2,0.08284259999999997
maxpool_prior_701ZH8.pt,14,513,513,2,2,0.4059869600000002
maxpool_prior_0YCTPH.pt,14,52,52,3,2,0.09448481999999998
maxpool_prior_63Y9UT.pt,14,496,496,3,2,0.25472956
maxpool_prior_631Y9A.pt,112,237,237,2,2,1.7115858600000005
maxpool_prior_AJVJDF.pt,112,233,233,3,2,2.36090956
maxpool_prior_TFQ1H1.pt,224,490,490,3,2,19.53779388
maxpool_prior_2O0IML.pt,112,238,238,2,2,2.2017516
maxpool_prior_X8H5Z0.pt,112,192,192,3,2,1.7201048399999999
maxpool_prior_0QTQX2.pt,112,844,844,3,2,7.389233820000002
maxpool_prior_QYTA4R.pt,14,255,255,3,2,0.24372284000000008
maxpool_prior_TD0VPR.pt,112,490,490,2,2,3.1754182600000003
maxpool_prior_XTAMWD.pt,112,538,538,2,2,3.4139432400000005
maxpool_prior_TBVYNQ.pt,14,502,502,3,2,0.33897237999999985
maxpool_prior_NHWSEN.pt,28,235,235,3,1,1.2875715600000004
maxpool_prior_4NRTLC.pt,28,490,490,2,1,1.7938236600000004
maxpool_prior_MMNEXO.pt,28,501,501,3,2,1.3680612200000002
maxpool_prior_WTDWUH.pt,112,235,235,3,2,2.177889
maxpool_prior_C0XUJE.pt,28,60,60,2,2,0.12558514
maxpool_prior_KUAD1Z.pt,28,66,66,3,1,0.7756886000000002
maxpool_prior_Y4S3XA.pt,56,488,488,2,2,1.8128287400000003
maxpool_prior_DC1FUK.pt,14,185,185,3,1,0.5187325400000001
maxpool_prior_XPX2UJ.pt,112,200,200,3,1,6.52998474
maxpool_prior_CUEJEG.pt,14,53,53,3,2,0.09466486000000002
maxpool_prior_I6QZZB.pt,28,232,232,2,2,0.5451685599999999
maxpool_prior_OTXBHW.pt,56,189,189,2,2,1.5443497599999998
maxpool_prior_8MOP1S.pt,112,505,505,3,2,4.6547109
maxpool_prior_805YMH.pt,28,253,253,3,2,0.5745712000000002
maxpool_prior_OCGT1U.pt,14,848,848,2,2,0.3760554199999999
maxpool_prior_DV95HU.pt,28,1055,1055,2,2,1.5487013799999998
maxpool_prior_Z2XAOY.pt,14,489,489,3,2,0.2548697599999999
maxpool_prior_2VR3HM.pt,56,203,203,2,2,1.1988829
maxpool_prior_QTYCO5.pt,112,81,81,3,2,1.1426958000000003
maxpool_prior_DNHRPQ.pt,112,512,512,3,2,4.63599056
maxpool_prior_9QPMR0.pt,28,255,255,3,2,0.74499718
maxpool_prior_MIM0AJ.pt,14,841,841,2,2,0.3773668400000002
maxpool_prior_4BCZZS.pt,112,51,51,3,2,1.0372806199999998
maxpool_prior_555XHX.pt,14,513,513,2,2,0.32554402000000005
maxpool_prior_2E7IKT.pt,28,50,50,2,2,0.14465923999999997
maxpool_prior_SBIY2S.pt,14,490,490,3,2,0.25271842000000005
maxpool_prior_BDYKIO.pt,56,140,140,2,1,1.1922585799999998
maxpool_prior_ROAWIB.pt,28,133,133,2,1,0.88689788
maxpool_prior_PW74PP.pt,112,489,489,3,2,4.42835528
maxpool_prior_QT3VE7.pt,56,489,489,3,2,1.8557277999999997
maxpool_prior_SLRA7D.pt,112,845,845,2,2,5.187655699999999
maxpool_prior_0RZ6AY.pt,112,242,242,3,2,2.33060558
maxpool_prior_4VICMV.pt,28,181,181,3,2,0.45158236
maxpool_prior_RM5J77.pt,112,232,232,3,2,2.1313418800000012
maxpool_prior_3QDA9G.pt,56,493,493,3,2,1.6501198200000007
maxpool_prior_I8424E.pt,112,495,495,2,2,3.09963714
maxpool_prior_9AUQUO.pt,112,249,249,2,2,1.85965274
maxpool_prior_3EH1US.pt,28,46,46,2,2,0.17522526000000002
maxpool_prior_SJGXPZ.pt,56,507,507,2,2,3.60605166
maxpool_prior_UQ7LOC.pt,14,509,509,2,2,0.26744432
maxpool_prior_B2BL91.pt,14,489,489,3,2,0.4250180999999998
maxpool_prior_8X4LJK.pt,28,254,254,3,2,0.8362443799999997
maxpool_prior_YRRW1M.pt,112,190,190,3,2,1.8064811799999994
maxpool_prior_2PW77J.pt,56,40,40,2,1,0.8705988800000002
maxpool_prior_GKRTEL.pt,14,1039,1039,2,2,0.43335620000000014
maxpool_prior_7ZX3PQ.pt,28,244,244,2,2,0.5855308800000001
maxpool_prior_TV5NPL.pt,28,182,182,3,2,0.4823052200000001
maxpool_prior_BWLTZW.pt,112,148,148,3,2,1.41467614
maxpool_prior_QKQPMW.pt,112,245,245,2,2,1.7314654400000007
maxpool_prior_SZ3X7S.pt,112,497,497,2,2,3.058692099999999
maxpool_prior_BPJKH3.pt,56,837,837,3,2,1.93756384
maxpool_prior_W6V9KP.pt,112,484,484,3,2,4.329819399999998
maxpool_prior_J1S6FY.pt,56,840,840,2,2,2.1656110799999997
maxpool_prior_M5PVHS.pt,56,54,54,3,2,0.8207264600000002
maxpool_prior_27LQ8C.pt,112,53,53,2,1,1.3348083800000006
maxpool_prior_FK2LV4.pt,28,187,187,3,2,0.43188602
maxpool_prior_T11V3J.pt,112,509,509,2,1,12.486092459999998
maxpool_prior_543D6H.pt,224,502,502,2,1,54.99326617999999
maxpool_prior_P4ZU9J.pt,56,67,67,3,2,0.9047454
maxpool_prior_DDV6JM.pt,224,56,56,2,1,5.186315660000002
maxpool_prior_JH6RPY.pt,56,203,203,3,1,1.6819041800000003
maxpool_prior_BWIU49.pt,28,521,521,3,1,1.4180398999999995
maxpool_prior_Y20K0Z.pt,112,71,71,3,2,1.1450650599999999
maxpool_prior_K41VC9.pt,112,500,500,3,2,4.537147180000001
maxpool_prior_1EOUO0.pt,28,69,69,3,2,0.18685357999999996
maxpool_prior_9WZF63.pt,112,137,137,2,2,1.2180497199999998
maxpool_prior_HTX8YY.pt,14,248,248,2,2,0.12862264000000004
maxpool_prior_LKWQFV.pt,112,508,508,3,2,4.58394184
maxpool_prior_2QFQIV.pt,112,497,497,2,1,12.397253699999997
maxpool_prior_XFXEWH.pt,112,54,54,2,2,1.0628866600000002
maxpool_prior_DVLF79.pt,14,488,488,3,2,0.2972131599999999
maxpool_prior_GMZGMA.pt,112,138,138,2,2,1.3580542000000002
maxpool_prior_1BRDN0.pt,56,55,55,2,2,0.40410088
maxpool_prior_CWSKSQ.pt,14,53,53,3,2,0.09643114000000001
maxpool_prior_XV42J3.pt,224,132,132,3,2,5.21524038
maxpool_prior_6CG0SV.pt,14,489,489,2,1,1.15316304
maxpool_prior_XU1YBS.pt,14,67,67,3,2,0.09822165999999999
maxpool_prior_9HY576.pt,56,1030,1030,3,2,2.485743540000001
maxpool_prior_RHJ38Y.pt,56,235,235,3,1,1.9348275799999999
maxpool_prior_3ZPTSI.pt,14,523,523,2,2,0.35108614000000005
maxpool_prior_UHG8UM.pt,28,36,36,2,2,0.1347857
maxpool_prior_35PPXV.pt,56,76,76,3,2,0.8565105
maxpool_prior_AOOPQA.pt,224,486,486,3,2,19.221512640000004
maxpool_prior_69F4K5.pt,28,49,49,2,2,0.1206295
maxpool_prior_J2M6VG.pt,112,498,498,2,2,3.217238240000001
maxpool_prior_2WSHEW.pt,28,840,840,3,2,1.4694844599999999
maxpool_prior_L7S78K.pt,56,61,61,3,2,0.8810328000000002
maxpool_prior_VEKENW.pt,112,182,182,2,1,3.932696940000001
maxpool_prior_5IV0E1.pt,112,514,514,2,2,3.3492751000000003
maxpool_prior_OTRY51.pt,28,27,27,3,2,0.11157345999999999
maxpool_prior_W86G6D.pt,56,199,199,3,2,1.1732051800000003
maxpool_prior_W0F04O.pt,28,53,53,2,2,0.12661224000000004
maxpool_prior_8OV0FT.pt,224,56,56,3,1,7.85440224
maxpool_prior_33QJON.pt,28,521,521,3,2,1.21884606
maxpool_prior_366WX4.pt,14,238,238,3,2,0.16977748
maxpool_prior_LC9IDO.pt,28,72,72,2,2,0.23526735999999995
maxpool_prior_Q9MV66.pt,112,502,502,2,2,3.0753028999999996
maxpool_prior_9WNGC0.pt,14,494,494,2,2,0.29530514
maxpool_prior_ZLFC8F.pt,56,827,827,3,2,2.30895072
maxpool_prior_FBL6CM.pt,56,243,243,3,1,2.0255321399999997
maxpool_prior_N5ZV0H.pt,112,496,496,3,1,16.82927364
maxpool_prior_32K3V4.pt,112,501,501,2,2,3.1792791199999995
maxpool_prior_LD8JDM.pt,14,41,41,3,2,0.16300658
maxpool_prior_CP93NM.pt,28,67,67,2,2,0.16714084000000004
maxpool_prior_H6R96I.pt,14,75,75,2,1,0.14468648000000003
maxpool_prior_MFEZ1V.pt,56,1042,1042,2,2,1.7731332600000003
maxpool_prior_L11Q3H.pt,56,86,86,3,1,0.9854493400000003
maxpool_prior_RCR4LS.pt,56,142,142,2,2,0.8693375000000002
maxpool_prior_QLEQWS.pt,224,58,58,2,2,1.6425094799999997
maxpool_prior_U46TEC.pt,56,489,489,2,2,1.7947743599999995
maxpool_prior_TFWGK6.pt,28,504,504,3,2,1.1157305
maxpool_prior_G0FPDQ.pt,112,835,835,2,1,21.617555860000007
maxpool_prior_GYARZS.pt,14,491,491,3,2,0.25690051999999997
maxpool_prior_N7X237.pt,14,505,505,3,2,0.3843359799999999
maxpool_prior_40IK8Y.pt,14,146,146,2,2,0.10872028
maxpool_prior_S6O0JN.pt,14,144,144,2,2,0.10678242
maxpool_prior_VRF74O.pt,14,151,151,3,1,0.31986648
maxpool_prior_BD28TJ.pt,56,494,494,3,2,2.00553666
maxpool_prior_72VPS0.pt,112,36,36,2,2,0.7748493200000002
maxpool_prior_ABASDY.pt,28,504,504,3,2,1.2798225399999996
maxpool_prior_X5YWKY.pt,112,92,92,3,2,1.3171726999999998
maxpool_prior_ABRW8C.pt,28,506,506,3,2,1.1295958000000001
maxpool_prior_IXFVGB.pt,28,66,66,2,2,0.21539969999999994
maxpool_prior_MJY560.pt,56,65,65,3,2,0.75059452
maxpool_prior_3JBR9Q.pt,112,1046,1046,3,1,37.94725416
maxpool_prior_TFGPEV.pt,112,152,152,3,2,1.9388610799999997
maxpool_prior_D6OSFG.pt,224,98,98,2,2,2.7069366
maxpool_prior_0B1WS2.pt,112,498,498,3,1,17.407983540000004
maxpool_prior_FYEGRY.pt,112,240,240,2,2,2.4621562199999993
maxpool_prior_3MX4A4.pt,56,66,66,3,1,0.9296869
maxpool_prior_Z5YA4Q.pt,28,60,60,3,2,0.18330053999999993
maxpool_prior_PMDTDD.pt,224,49,49,2,2,1.5380229800000003
maxpool_prior_XRQG2E.pt,28,500,500,2,2,0.9676715999999999
maxpool_prior_HMSB83.pt,28,251,251,3,2,0.7491781799999998
maxpool_prior_J0FVAN.pt,112,504,504,2,2,3.2113180800000007
maxpool_prior_JWWLG9.pt,14,249,249,3,2,0.20333954
maxpool_prior_O38SMZ.pt,112,203,203,2,1,4.22862352
maxpool_prior_RYLVWD.pt,28,508,508,3,2,1.2875599999999998
maxpool_prior_64XFF7.pt,28,59,59,3,1,0.6065928
maxpool_prior_1ZGN7V.pt,14,63,63,2,2,0.09426791999999999
maxpool_prior_Q4DH2Y.pt,56,498,498,3,2,1.5258684800000006
maxpool_prior_R15954.pt,56,849,849,3,2,1.9591271999999988
maxpool_prior_P61KRR.pt,112,55,55,2,2,1.0087034400000001
maxpool_prior_S44H4S.pt,112,53,53,2,2,0.9021208199999999
maxpool_prior_WMZR1S.pt,28,66,66,3,2,0.17918268
maxpool_prior_E4ML04.pt,112,471,471,2,2,3.0527293800000006
maxpool_prior_5XY6BH.pt,14,58,58,3,2,0.09940195999999997
maxpool_prior_SZ5RR8.pt,112,494,494,3,2,4.38646294
maxpool_prior_H8DS41.pt,28,483,483,2,2,0.18190749999999997
maxpool_prior_0RQFKI.pt,224,65,65,3,2,2.82681684
maxpool_prior_2N3MO1.pt,112,513,513,2,2,3.2323949599999997
maxpool_prior_8KKMO8.pt,28,133,133,2,2,0.24418184
maxpool_prior_0VBJPJ.pt,56,511,511,3,2,1.7623081000000003
maxpool_prior_8BZ82M.pt,112,58,58,2,2,1.2288878799999998
maxpool_prior_45DK2K.pt,28,504,504,2,2,0.7860212400000001
maxpool_prior_S1KE6M.pt,56,497,497,2,2,1.2713572199999996
maxpool_prior_MCS4GK.pt,112,147,147,2,2,1.51873278
maxpool_prior_XLBZA6.pt,14,483,483,2,2,0.19990656000000004
maxpool_prior_GYRF1K.pt,14,230,230,3,2,0.15775957999999998
maxpool_prior_6W19T3.pt,14,507,507,2,2,0.18769847999999997
maxpool_prior_F7H8IG.pt,14,502,502,2,1,0.7424186599999999
maxpool_prior_A7FNLU.pt,56,833,833,2,2,1.9338770599999995
maxpool_prior_YPWLK8.pt,28,46,46,3,2,0.15881734
maxpool_prior_GP7D9E.pt,28,233,233,3,2,0.96666418
maxpool_prior_VC5NSA.pt,56,130,130,2,2,0.8726742999999999
maxpool_prior_U4U5HR.pt,112,234,234,2,2,1.76549108
maxpool_prior_R6NTD1.pt,56,60,60,3,2,1.07914506
maxpool_prior_DPRU97.pt,112,50,50,3,2,0.9688356199999998
maxpool_prior_MIQRIT.pt,56,231,231,2,2,1.15886552
maxpool_prior_2S85TT.pt,28,62,62,3,2,0.2645793000000001
maxpool_prior_N01GV4.pt,112,37,37,2,2,0.88481464
maxpool_prior_XURKLL.pt,28,41,41,2,1,0.32947419999999994
maxpool_prior_LNC71N.pt,28,499,499,3,1,1.4347999800000004
maxpool_prior_OZBJY8.pt,112,69,69,2,2,0.9763764799999999
maxpool_prior_YUQZX0.pt,56,494,494,2,2,2.1812665999999994
maxpool_prior_7U1EA7.pt,56,501,501,3,2,1.60611264
maxpool_prior_XC526I.pt,14,489,489,2,1,0.8905230600000003
maxpool_prior_HV6I8Q.pt,14,63,63,3,2,0.14445739999999996
maxpool_prior_56TSTE.pt,14,494,494,3,2,0.25548084000000004
maxpool_prior_3BRWGP.pt,14,50,50,3,2,0.0928826
maxpool_prior_NSA3AD.pt,14,508,508,3,2,0.42839892
maxpool_prior_DC2HXZ.pt,112,65,65,3,1,2.4265248800000006
maxpool_prior_24FXR7.pt,14,129,129,2,2,0.10495342
maxpool_prior_1BMVDU.pt,112,240,240,2,2,2.40648188
maxpool_prior_3ILO0D.pt,14,50,50,3,1,0.2289031
maxpool_prior_FRALUV.pt,14,508,508,2,2,0.23632846000000002
maxpool_prior_PV929Z.pt,14,57,57,3,2,0.11382189999999998
maxpool_prior_L7COGG.pt,14,244,244,2,2,0.15000146000000003
maxpool_prior_XPQYJI.pt,14,238,238,2,2,0.14445873999999997
maxpool_prior_GCKA3C.pt,14,465,465,2,2,0.18645040000000004
maxpool_prior_1BV8AB.pt,112,200,200,3,2,2.129099820000001
maxpool_prior_708N4F.pt,14,839,839,3,2,0.56379818
maxpool_prior_N44KEK.pt,14,510,510,3,2,0.2965111599999999
maxpool_prior_SXIFG3.pt,56,54,54,3,2,0.7474162200000001
maxpool_prior_5I5T7G.pt,14,55,55,2,1,0.12777571999999998
maxpool_prior_XPPZO9.pt,112,841,841,3,2,7.45990174
maxpool_prior_J04X2A.pt,14,65,65,3,2,0.09099164000000001
maxpool_prior_36JZPN.pt,14,61,61,3,2,0.08713808
maxpool_prior_SK2YC7.pt,28,188,188,3,2,0.14163794000000002
maxpool_prior_A1WLQW.pt,56,464,464,3,2,2.2965780999999996
maxpool_prior_7WSH4D.pt,14,502,502,3,1,1.1861649600000002
maxpool_prior_OYFU5V.pt,28,64,64,2,1,0.4162823000000001
maxpool_prior_OA3G57.pt,28,97,97,3,1,0.91955556
maxpool_prior_JQGEZQ.pt,112,137,137,2,2,1.26796144
maxpool_prior_PQCQGA.pt,14,57,57,2,2,0.09158847999999997
maxpool_prior_ZJI5YV.pt,112,192,192,3,1,6.02874796
maxpool_prior_GRIPH3.pt,28,56,56,3,1,0.7944944799999999
maxpool_prior_GSS1RE.pt,14,465,465,3,1,1.1679711799999999
maxpool_prior_GZ1II3.pt,112,151,151,2,1,3.1846917399999994
maxpool_prior_631F90.pt,112,130,130,3,1,4.449376780000001
maxpool_prior_YMQPQX.pt,28,825,825,3,1,2.03615472
maxpool_prior_MI68O9.pt,224,149,149,3,2,5.758180319999999
maxpool_prior_N63J0I.pt,28,249,249,2,2,0.39001382
maxpool_prior_QOGDDJ.pt,112,200,200,3,2,1.7919549000000001
maxpool_prior_YVMLZQ.pt,56,241,241,2,1,1.6501291399999998
maxpool_prior_F5ANSJ.pt,112,73,73,3,2,1.4010245000000001
maxpool_prior_NF2KUN.pt,14,51,51,3,1,0.15087012
maxpool_prior_8304KK.pt,28,60,60,2,2,0.1263386
maxpool_prior_6LRHLJ.pt,112,148,148,2,2,1.21048962
maxpool_prior_36TPHR.pt,14,494,494,2,1,0.7449051600000003
maxpool_prior_8AGB5O.pt,112,513,513,3,2,4.7693809599999994
maxpool_prior_LDJ43X.pt,56,498,498,3,2,1.43177608
maxpool_prior_NIN82O.pt,112,490,490,2,2,2.968565779999999
maxpool_prior_HPA36K.pt,56,61,61,2,2,0.53378924
maxpool_prior_45TSE8.pt,28,495,495,2,1,1.6612676200000005
maxpool_prior_IEY7FP.pt,28,60,60,2,1,0.4001142999999999
maxpool_prior_4DFQE7.pt,14,499,499,2,1,0.7913530799999999
maxpool_prior_UBAHOR.pt,112,378,378,3,2,3.382692780000001
maxpool_prior_HM5IB0.pt,28,75,75,3,2,0.17517890000000003
maxpool_prior_8BM1Q0.pt,14,232,232,3,2,0.14687578
maxpool_prior_3HYZND.pt,14,491,491,3,2,0.2556217800000001
maxpool_prior_Q6LJS9.pt,112,186,186,2,2,1.4032622200000007
maxpool_prior_DPP885.pt,14,507,507,3,2,0.33012234000000007
maxpool_prior_8HCNI6.pt,14,139,139,2,2,0.12540733999999998
maxpool_prior_HQFP61.pt,28,494,494,2,2,1.0949224800000001
maxpool_prior_PLJ18X.pt,14,151,151,3,2,0.1567059
maxpool_prior_Q4WVYB.pt,224,847,847,2,2,25.672992759999993
maxpool_prior_G5PD1H.pt,14,59,59,2,2,0.0901558
maxpool_prior_ACEQPS.pt,14,501,501,3,2,0.43756406
maxpool_prior_IABHQ7.pt,14,66,66,3,2,0.10210974
maxpool_prior_P4XXNZ.pt,112,481,481,3,2,4.37325418
maxpool_prior_3TFZHK.pt,112,254,254,2,2,1.6826826600000004
maxpool_prior_P2W473.pt,224,238,238,3,2,8.62357762
maxpool_prior_OHZAKN.pt,224,502,502,3,1,75.00312164
maxpool_prior_AQ75EC.pt,224,255,255,3,2,8.86144374
maxpool_prior_RRFAHJ.pt,224,65,65,2,1,6.3878540799999985
maxpool_prior_BR20LM.pt,14,493,493,3,2,0.38122797999999997
maxpool_prior_9FBKGL.pt,56,510,510,3,2,2.1513106000000004
maxpool_prior_NE95IO.pt,112,197,197,3,2,2.1217976200000006
maxpool_prior_NBSZ83.pt,14,26,26,3,2,0.08694502
maxpool_prior_TQ26AD.pt,56,255,255,2,2,1.1341115599999996
maxpool_prior_XEN9PG.pt,112,136,136,3,1,4.455587519999999
maxpool_prior_54U9M3.pt,14,69,69,3,1,0.18068258
maxpool_prior_9S7ELX.pt,14,201,201,3,1,0.5672687800000001
maxpool_prior_DO0KRJ.pt,112,238,238,3,2,2.2840769599999997
maxpool_prior_FXR3XQ.pt,14,482,482,3,2,0.3643486799999999
maxpool_prior_TL9W7X.pt,112,498,498,3,2,4.724176420000002
maxpool_prior_YATDIW.pt,14,492,492,3,2,0.3435637400000001
maxpool_prior_POXQ33.pt,112,249,249,2,1,5.357203200000002
maxpool_prior_NAI1S3.pt,112,846,846,2,2,5.243401999999999
maxpool_prior_PDLO21.pt,14,58,58,2,2,0.09683001999999996
maxpool_prior_LEIJ3I.pt,112,490,490,2,2,3.1053229599999996
maxpool_prior_DVS670.pt,14,59,59,2,1,0.14816183999999996
maxpool_prior_OJAA8P.pt,112,489,489,3,2,4.477864179999999
maxpool_prior_V5CY1P.pt,112,512,512,2,2,3.1127072399999984
maxpool_prior_RLDQZP.pt,56,196,196,2,2,1.24358796
maxpool_prior_FZ57FQ.pt,56,25,25,3,2,0.35288716000000003
maxpool_prior_KTRHXD.pt,112,66,66,2,2,0.9990827199999996
maxpool_prior_27OOAH.pt,14,144,144,2,2,0.10402526000000004
maxpool_prior_HI0SNR.pt,112,246,246,3,1,8.062824059999999
maxpool_prior_NXOWS1.pt,112,509,509,3,1,18.343077919999995
maxpool_prior_2AB4OV.pt,112,510,510,2,2,3.232963640000001
maxpool_prior_WSHUKQ.pt,14,462,462,2,1,0.74265966
maxpool_prior_QQ63H9.pt,14,501,501,3,2,0.46378264
maxpool_prior_V4ZM9P.pt,224,251,251,3,1,38.1514569
maxpool_prior_NOP3V9.pt,28,189,189,2,2,0.3420757200000001
maxpool_prior_S0W7H4.pt,28,501,501,3,2,1.4110179999999997
maxpool_prior_ULWY4Z.pt,224,825,825,2,2,24.396248959999998
maxpool_prior_0H7Z1J.pt,28,827,827,2,2,1.4562767200000009
maxpool_prior_WM8AGF.pt,112,495,495,2,2,3.41922574
maxpool_prior_X9I1LN.pt,28,245,245,2,2,0.4631513599999998
maxpool_prior_CCHG3K.pt,112,249,249,3,2,2.3728192999999997
maxpool_prior_3VGZCD.pt,28,69,69,3,2,0.17686537999999996
maxpool_prior_25ZZM7.pt,14,56,56,3,2,0.09630120000000002
maxpool_prior_M1DRS3.pt,224,240,240,3,2,8.640166880000002
maxpool_prior_ZAWBJE.pt,14,61,61,3,2,0.09615408000000002
maxpool_prior_O0OUON.pt,112,481,481,3,2,4.50275528
maxpool_prior_EG7QP2.pt,224,496,496,3,2,18.95493086
maxpool_prior_53STWG.pt,112,528,528,2,1,13.052716600000005
maxpool_prior_73BJA5.pt,112,246,246,3,2,2.5230458399999995
maxpool_prior_TC5RCI.pt,14,185,185,2,2,0.13199284
maxpool_prior_ZJWYF3.pt,112,510,510,3,2,4.683082759999999
maxpool_prior_CWB42V.pt,56,62,62,3,2,0.6635175999999998
maxpool_prior_6GJCKK.pt,14,511,511,2,2,0.21827904
maxpool_prior_KZ0ZXH.pt,14,231,231,3,2,0.2014724599999999
maxpool_prior_7ZE6IW.pt,112,152,152,2,2,1.3551342199999998
maxpool_prior_DET4IC.pt,112,494,494,2,2,3.01670642
maxpool_prior_GG4HX0.pt,14,55,55,3,2,0.11509825999999998
maxpool_prior_NZM17P.pt,112,135,135,3,1,4.527501680000001
maxpool_prior_12L3KV.pt,224,504,504,2,2,14.43355798
maxpool_prior_I2SNZU.pt,14,536,536,2,2,0.26440296
maxpool_prior_1GWVKG.pt,112,147,147,3,2,1.6754302200000006
maxpool_prior_O3GFRC.pt,14,1051,1051,2,2,0.45661830000000003
maxpool_prior_JUM98K.pt,224,59,59,3,2,2.2578629799999996
maxpool_prior_M89DNA.pt,56,71,71,3,2,0.8398239800000001
maxpool_prior_MPEHCG.pt,112,146,146,2,2,1.21995804
maxpool_prior_CFTY8Z.pt,28,231,231,2,2,0.63613266
maxpool_prior_CIXRWB.pt,14,1036,1036,2,2,0.6010911600000002
maxpool_prior_6XQ5VL.pt,112,60,60,2,2,1.34119304
maxpool_prior_1L5JGK.pt,56,63,63,3,1,1.5669859800000006
maxpool_prior_9SOAR4.pt,28,507,507,2,2,0.9372028
maxpool_prior_0IH1LV.pt,28,254,254,3,2,0.6292736999999999
maxpool_prior_ST1JNZ.pt,28,496,496,3,2,1.3492370799999995
maxpool_prior_WDACJ0.pt,28,510,510,3,1,1.8450017800000003
maxpool_prior_K1TSID.pt,28,230,230,3,2,0.8395007200000001
maxpool_prior_1IG1FI.pt,14,498,498,3,2,0.3418331
maxpool_prior_HSN27M.pt,14,1041,1041,2,2,0.38919002000000014
maxpool_prior_CDMWF4.pt,112,500,500,3,2,4.4905194999999996
maxpool_prior_ZBZW8O.pt,112,74,74,2,2,1.3782193800000002
maxpool_prior_BRT2UJ.pt,56,243,243,3,1,2.0519632399999996
maxpool_prior_ZG9UA2.pt,28,498,498,3,2,1.4085836399999996
maxpool_prior_UGX8JD.pt,28,200,200,3,2,0.5533575399999999
maxpool_prior_N2WR9U.pt,112,507,507,3,1,17.99635632
maxpool_prior_ONFEZW.pt,14,137,137,3,2,0.1304573
maxpool_prior_TF1JC4.pt,56,140,140,3,2,1.2674718599999997
maxpool_prior_BZGWYZ.pt,14,51,51,2,2,0.11894874
maxpool_prior_KWSW28.pt,112,232,232,2,2,1.5512995200000004
maxpool_prior_5M0XGQ.pt,28,243,243,2,1,1.3119712600000002
maxpool_prior_477DZ3.pt,56,56,56,2,2,0.61441078
maxpool_prior_HOG422.pt,56,40,40,2,2,0.33322132000000004
maxpool_prior_D40B22.pt,14,489,489,3,1,1.286535
maxpool_prior_2467G2.pt,28,67,67,2,2,0.1526317
maxpool_prior_EJEU5M.pt,28,149,149,2,2,0.31267133999999996
maxpool_prior_C9SZSN.pt,28,53,53,3,2,0.16037602
maxpool_prior_G0H6YH.pt,112,190,190,3,2,1.779147
maxpool_prior_153DPK.pt,112,194,194,3,2,2.11243464
maxpool_prior_GR6C1P.pt,14,842,842,2,2,0.34359769999999995
maxpool_prior_BJCEEV.pt,56,1031,1031,3,2,2.3968929400000003
maxpool_prior_JDICNK.pt,14,37,37,3,2,0.09091604
maxpool_prior_DRX1CM.pt,112,507,507,3,2,4.665008460000001
maxpool_prior_FMROLW.pt,14,147,147,3,2,0.1225599
maxpool_prior_ITPAEI.pt,224,49,49,2,2,1.5796808999999998
maxpool_prior_0IP780.pt,28,51,51,2,2,0.13267134000000003
maxpool_prior_O543Z8.pt,224,58,58,2,2,1.5389510800000006
maxpool_prior_6ML9DL.pt,14,523,523,3,2,0.36465162
maxpool_prior_G4WLX9.pt,14,67,67,2,2,0.09917174000000002
maxpool_prior_LNYF1G.pt,112,67,67,2,2,0.9681187000000001
maxpool_prior_XM78EV.pt,112,65,65,2,2,1.2088470199999999
maxpool_prior_MJUIFX.pt,112,237,237,3,2,2.3637131
maxpool_prior_JK2VP0.pt,14,73,73,2,1,0.15331833999999997
maxpool_prior_4PV43R.pt,28,462,462,3,2,1.1307878199999999
maxpool_prior_WLCLXQ.pt,14,54,54,3,2,0.11360832
maxpool_prior_6KNEFO.pt,28,201,201,3,2,0.58160792
maxpool_prior_QXB8F6.pt,14,499,499,3,2,0.26060891999999997
maxpool_prior_8ZAGG0.pt,56,69,69,3,2,0.8250421
maxpool_prior_QJSFXO.pt,28,496,496,3,2,1.11213968
maxpool_prior_OCUW3U.pt,28,67,67,2,2,0.13919318000000003
maxpool_prior_46046K.pt,28,496,496,2,2,0.83520676
maxpool_prior_YSTXHT.pt,14,185,185,3,1,0.43086847999999994
maxpool_prior_J0SYIK.pt,112,193,193,2,2,1.6399965800000005
maxpool_prior_LB38WO.pt,28,73,73,3,2,0.14450298
maxpool_prior_QVG0Y4.pt,14,65,65,3,2,0.11013007999999998
maxpool_prior_GNA8VK.pt,224,501,501,2,2,13.995963800000002
maxpool_prior_CHNPKE.pt,56,509,509,2,1,2.70633804
maxpool_prior_DWXWWG.pt,14,503,503,3,2,0.27115459999999997
maxpool_prior_VABBB0.pt,56,497,497,3,2,1.5413998599999998
maxpool_prior_HACJF6.pt,112,75,75,2,2,1.17669638
maxpool_prior_SZVD4Z.pt,224,237,237,3,2,8.374672639999998
maxpool_prior_LD1O9K.pt,112,56,56,3,2,1.04281008
maxpool_prior_5MTA7J.pt,14,518,518,2,2,0.25241594
maxpool_prior_DKAKGV.pt,112,63,63,2,2,1.3070750800000002
maxpool_prior_5IJSES.pt,112,511,511,2,2,3.1870437199999992
maxpool_prior_WQ05C1.pt,112,251,251,2,2,2.0514226399999993
maxpool_prior_6A8M48.pt,56,493,493,2,2,1.2808791799999995
maxpool_prior_N2VCNJ.pt,28,201,201,3,2,0.5497728599999999
maxpool_prior_UPMUQL.pt,224,246,246,2,2,6.558700400000001
maxpool_prior_8O8WUJ.pt,28,67,67,2,1,0.5004373599999999
maxpool_prior_GKN3PO.pt,56,49,49,3,1,0.8565757999999997
maxpool_prior_D06486.pt,112,501,501,3,2,4.5818815200000005
maxpool_prior_9EG1J5.pt,224,86,86,2,2,2.3865397199999996
maxpool_prior_3C7NMC.pt,28,383,383,3,2,1.1747728199999998
maxpool_prior_OFILE6.pt,112,98,98,2,2,1.0333365600000006
maxpool_prior_NY09ZW.pt,56,63,63,2,2,0.5663691000000002
maxpool_prior_2KF68U.pt,224,32,32,3,2,2.1427671000000004
maxpool_prior_XK0TQR.pt,56,24,24,2,2,0.24233286000000004
maxpool_prior_IQ8MY4.pt,14,479,479,2,2,0.23741848000000002
maxpool_prior_HKYA5B.pt,14,511,511,2,2,0.22609916
maxpool_prior_R6TW76.pt,224,238,238,2,2,6.04272798
maxpool_prior_CUTQ79.pt,112,92,92,3,2,1.5510798799999994
maxpool_prior_FUV9ZU.pt,224,504,504,2,2,14.542653320000001
maxpool_prior_5SNNHJ.pt,112,474,474,3,2,4.18268882
maxpool_prior_SWQJYR.pt,14,382,382,3,1,0.92604176
maxpool_prior_PN2KJZ.pt,112,97,97,3,1,3.4657941599999993
maxpool_prior_QL1F93.pt,112,501,501,3,2,4.68527228
maxpool_prior_5PFOFM.pt,14,849,849,2,2,0.4522581399999999
maxpool_prior_LU5OIN.pt,14,71,71,2,2,0.08976369999999997
maxpool_prior_H78C3I.pt,56,490,490,3,2,1.6820114399999992
maxpool_prior_NAMGAF.pt,112,28,28,3,2,1.2482949999999995
maxpool_prior_IOE3JF.pt,14,508,508,3,2,0.08456651999999998
maxpool_prior_WMA3MR.pt,56,79,79,2,2,0.5355245400000003
maxpool_prior_XTWUD1.pt,112,57,57,3,2,1.0382593800000004
maxpool_prior_R591NB.pt,14,33,33,2,1,0.11446508
maxpool_prior_97THTT.pt,14,509,509,2,2,0.27856348
maxpool_prior_KXQAUC.pt,56,146,146,3,2,1.1021759199999999
maxpool_prior_704602.pt,28,508,508,3,2,1.1790367800000008
maxpool_prior_7MTA79.pt,14,234,234,3,2,0.2021976
maxpool_prior_XQDTH1.pt,112,197,197,2,2,1.6153329000000003
maxpool_prior_O33T2S.pt,14,57,57,2,2,0.10282227999999999
maxpool_prior_G2VQNZ.pt,14,491,491,2,1,0.71588408
maxpool_prior_I33TDM.pt,14,61,61,2,2,0.10459014000000004
maxpool_prior_LNTDO2.pt,28,482,482,3,2,1.2501296199999998
maxpool_prior_XGTUSI.pt,224,128,128,2,2,3.3150306599999992
maxpool_prior_YLOHTC.pt,112,507,507,3,1,17.36296388
maxpool_prior_TQ9H8D.pt,14,49,49,2,2,0.09235068000000002
maxpool_prior_19RK7K.pt,112,201,201,3,2,1.8420715200000002
maxpool_prior_XN6F4A.pt,56,137,137,3,2,1.1653394200000002
maxpool_prior_V5VSZC.pt,28,253,253,3,2,0.60271642
maxpool_prior_CMYYCK.pt,28,61,61,3,2,0.14994385999999998
maxpool_prior_ZFV1C0.pt,28,494,494,2,2,0.8825235800000002
maxpool_prior_JMRCJ7.pt,56,1036,1036,2,2,2.1935534800000003
maxpool_prior_NHBU4C.pt,224,503,503,2,2,14.894325419999998
maxpool_prior_7ETX30.pt,28,507,507,2,2,0.98316474
maxpool_prior_9RW6FB.pt,14,247,247,3,2,0.18984271999999996
maxpool_prior_3IZ4FW.pt,28,498,498,3,2,1.2999168199999998
maxpool_prior_S98I4A.pt,112,500,500,2,2,3.010698099999999
maxpool_prior_G39U7X.pt,112,137,137,3,2,1.47297106
maxpool_prior_Y5BXYC.pt,14,237,237,2,2,0.18816757999999997
maxpool_prior_YZ27C4.pt,56,492,492,2,2,1.4426224399999998
maxpool_prior_R47LU7.pt,112,506,506,2,2,3.119997840000001
maxpool_prior_24XJ93.pt,112,240,240,3,2,2.2825128400000003
maxpool_prior_FAACQ6.pt,56,490,490,3,2,1.44456444
maxpool_prior_GJ1999.pt,56,62,62,3,2,0.8147309
maxpool_prior_W689IY.pt,112,486,486,3,1,17.095315620000004
maxpool_prior_M7EDI4.pt,14,237,237,3,2,0.14964767999999998
maxpool_prior_AZCW5I.pt,14,72,72,3,2,0.10176407999999997
maxpool_prior_3RBCY6.pt,56,509,509,2,2,1.9401586799999995
maxpool_prior_2I69XD.pt,56,137,137,2,2,1.08408198
maxpool_prior_80277R.pt,56,144,144,3,2,1.3258620200000002
maxpool_prior_TWOF9V.pt,56,194,194,2,2,1.2155463199999998
maxpool_prior_WURBOW.pt,28,69,69,3,2,0.2404883
maxpool_prior_66WTWJ.pt,14,78,78,3,2,0.10068067999999998
maxpool_prior_CW9890.pt,112,509,509,2,2,3.1990818000000005
maxpool_prior_A2TE6G.pt,224,832,832,2,2,25.630795380000006
maxpool_prior_7RT03Z.pt,112,245,245,3,2,2.4988857200000005
maxpool_prior_HX6MVZ.pt,112,236,236,3,2,2.2907396799999993
maxpool_prior_04PYPP.pt,112,254,254,3,2,2.41090076
maxpool_prior_7KRELJ.pt,28,179,179,3,2,0.64476728
maxpool_prior_TV7Q1B.pt,14,511,511,3,2,0.35493021999999996
maxpool_prior_WE3J44.pt,112,243,243,2,2,1.6107572000000001
maxpool_prior_3BAG7J.pt,14,55,55,2,1,0.14312648
maxpool_prior_LZIS97.pt,56,152,152,2,1,1.5082120199999998
maxpool_prior_K2IGLL.pt,14,825,825,3,2,0.5243308600000001
maxpool_prior_KSQLCA.pt,56,251,251,3,2,1.5423424200000004
maxpool_prior_5XEVE3.pt,224,141,141,2,2,3.4704783799999985
maxpool_prior_5VSZ35.pt,28,151,151,2,2,0.364742
maxpool_prior_JTXKI5.pt,112,195,195,2,2,1.7653322200000003
maxpool_prior_UE14XX.pt,224,27,27,3,2,1.1767837000000003
maxpool_prior_BN5RHQ.pt,56,1041,1041,3,2,2.42847934
maxpool_prior_DPMGK1.pt,224,185,185,3,2,7.040580739999999
maxpool_prior_9TVNER.pt,56,840,840,3,2,1.9528963200000005
maxpool_prior_45J41P.pt,28,490,490,3,2,1.1660025200000002
maxpool_prior_09CH4V.pt,112,493,493,2,2,2.9597919599999996
maxpool_prior_X7SGAM.pt,56,493,493,2,2,1.5598425599999999
maxpool_prior_GRP6AW.pt,56,484,484,3,2,1.43865134
maxpool_prior_MISIPM.pt,56,142,142,3,2,1.3958238199999995
maxpool_prior_9BUGDE.pt,56,492,492,2,2,2.1006499399999994
maxpool_prior_F5T9BE.pt,56,71,71,2,2,0.53583758
maxpool_prior_9NDOFW.pt,56,141,141,2,2,0.9019356
maxpool_prior_QQIFW1.pt,56,491,491,2,2,2.52786564
maxpool_prior_3WYAE6.pt,56,462,462,2,2,1.5344430200000005
maxpool_prior_XUBJWL.pt,56,507,507,2,2,2.035035099999999
maxpool_prior_HGVXA5.pt,224,81,81,3,2,3.386202640000001
maxpool_prior_LQBRGK.pt,112,494,494,3,2,4.449030799999999
maxpool_prior_GXNSET.pt,14,493,493,2,2,0.23693334000000005
maxpool_prior_WLJ4UW.pt,14,497,497,2,2,0.2522519
maxpool_prior_6VAAXO.pt,28,467,467,2,2,0.8329944200000001
maxpool_prior_6QM6VD.pt,112,200,200,3,2,2.05925224
maxpool_prior_O0HV4X.pt,112,847,847,3,2,7.7023364
maxpool_prior_GF6XT1.pt,14,237,237,2,1,0.49168068000000004
maxpool_prior_0G6PTR.pt,14,67,67,3,2,0.10179034000000002
maxpool_prior_S4JOLV.pt,56,69,69,3,2,1.03121778
maxpool_prior_N1HOL7.pt,112,837,837,2,1,22.9864276
maxpool_prior_1Y4GDE.pt,56,502,502,3,2,1.4758143000000001
maxpool_prior_Q1B4H6.pt,112,50,50,2,2,0.8642168199999999
maxpool_prior_0KQV3B.pt,112,191,191,2,1,4.052174700000002
maxpool_prior_881I6Q.pt,14,241,241,3,2,0.15245082
maxpool_prior_FAII8O.pt,56,476,476,2,2,2.3004010399999997
maxpool_prior_72CTS5.pt,112,31,31,3,2,0.9167664799999996
maxpool_prior_H20W1D.pt,112,76,76,3,2,1.1056579400000002
maxpool_prior_CTOXV5.pt,14,250,250,2,1,0.47256713999999994
maxpool_prior_Y3P96C.pt,112,62,62,2,2,1.5003610599999997
maxpool_prior_NIIG8W.pt,14,151,151,3,2,0.12551490000000004
maxpool_prior_YUQEE3.pt,112,255,255,2,2,2.687606140000001
maxpool_prior_2S2TT2.pt,112,135,135,3,2,1.3846485600000003
maxpool_prior_NKRKAT.pt,14,57,57,2,2,0.08405813999999999
maxpool_prior_A9SX8J.pt,14,95,95,3,2,0.10229034000000001
maxpool_prior_A1GSTD.pt,28,139,139,2,2,0.38091277999999995
maxpool_prior_47WMOU.pt,14,183,183,3,2,0.12632196
maxpool_finegrained1_FL8VHH.pt,224,303,303,3,1,45.09445056
maxpool_finegrained1_DYFLGQ.pt,224,371,371,3,1,55.30915455999999
maxpool_finegrained1_GP7S9P.pt,224,500,500,3,1,74.5102386
maxpool_finegrained1_F653FM.pt,224,504,504,3,1,74.38711199999997
maxpool_finegrained1_VAYNQ5.pt,224,449,449,3,1,67.83046424
maxpool_finegrained1_D1R8PV.pt,224,260,260,3,1,39.63527604
maxpool_finegrained1_MHOAOJ.pt,224,468,468,3,1,69.38207623999999
maxpool_finegrained1_4ZQRBX.pt,224,307,307,3,1,45.29966378
maxpool_finegrained1_CE5FPV.pt,224,301,301,3,1,45.01087662
maxpool_finegrained1_RXT2NA.pt,224,382,382,3,1,58.24161516000001
maxpool_finegrained1_YR4NXR.pt,224,499,499,3,1,73.46254449999999
maxpool_finegrained1_OE8E00.pt,224,288,288,3,1,41.947620959999995
maxpool_finegrained1_HD1V0E.pt,224,287,287,3,1,42.36433065999999
maxpool_finegrained1_6LUETV.pt,224,293,293,3,1,43.8033119
maxpool_finegrained1_0QDSEA.pt,224,587,587,3,1,87.01566348
maxpool_finegrained1_IV4R4X.pt,224,441,441,3,1,67.65139077999999
maxpool_finegrained1_2EQT8K.pt,224,397,397,3,1,58.473473239999976
maxpool_finegrained1_CZEE7E.pt,224,591,591,3,1,86.09153520000001
maxpool_finegrained1_PDZW2L.pt,224,364,364,3,1,55.52124048
maxpool_finegrained1_IKG6AF.pt,224,505,505,3,1,73.79464441999998
maxpool_finegrained1_ZC12GX.pt,56,508,508,3,2,2.1654321999999997
maxpool_finegrained1_3UO4LV.pt,56,548,548,3,2,1.8005641999999995
maxpool_finegrained1_0WAWHF.pt,56,563,563,3,2,1.6502609399999997
maxpool_finegrained1_3GU9XO.pt,56,281,281,3,2,1.2308087399999998
maxpool_finegrained1_PRC8IG.pt,56,269,269,3,2,1.6401558
maxpool_finegrained1_D7G5J8.pt,56,520,520,3,2,1.5253843199999997
maxpool_finegrained1_XD98UZ.pt,56,513,513,3,2,1.7471558399999998
maxpool_finegrained1_X4G059.pt,56,258,258,3,2,1.23669796
maxpool_finegrained1_KAFTU3.pt,56,283,283,3,2,1.5152892799999995
maxpool_finegrained1_KGHKI6.pt,56,357,357,3,2,1.26646418
maxpool_finegrained1_IEKT96.pt,56,247,247,3,2,1.12246538
maxpool_finegrained1_UDDXCC.pt,56,487,487,3,2,1.93774552
maxpool_finegrained1_1TMP3Z.pt,56,336,336,3,2,1.70619056
maxpool_finegrained1_Q6F82N.pt,56,427,427,3,2,1.4981680399999997
maxpool_finegrained1_GM1FG5.pt,56,284,284,3,2,1.37215934
maxpool_finegrained1_M5KBXB.pt,56,515,515,3,2,1.5355598199999998
maxpool_finegrained1_5IHPAZ.pt,56,424,424,3,2,1.49623832
maxpool_finegrained1_LX2RYF.pt,56,313,313,3,2,1.9460503800000006
maxpool_finegrained1_IR2WIK.pt,56,562,562,3,2,1.4636833000000005
maxpool_finegrained1_8XPHTD.pt,56,246,246,3,2,1.0521920600000003
maxpool_finegrained1_HC7TM7.pt,14,184,184,3,1,0.4376342199999999
maxpool_finegrained1_R4SI4W.pt,14,190,190,3,1,0.4323180400000001
maxpool_finegrained1_GLTBX4.pt,14,146,146,3,1,0.3545856
maxpool_finegrained1_R4N2Y9.pt,14,230,230,3,1,0.6270243400000001
maxpool_finegrained1_K2A8K0.pt,14,218,218,3,1,0.7121169200000002
maxpool_finegrained1_X699Z7.pt,14,123,123,3,1,0.32409170000000004
maxpool_finegrained1_MX7NOL.pt,14,256,256,3,1,0.6563966200000002
maxpool_finegrained1_0H0NDE.pt,14,195,195,3,1,0.3940388200000001
maxpool_finegrained1_EM5OQ2.pt,14,167,167,3,1,0.48968697999999994
maxpool_finegrained1_0A2X39.pt,14,287,287,3,1,0.8928505399999996
maxpool_finegrained1_6UT3IP.pt,14,185,185,3,1,0.09784059999999999
maxpool_finegrained1_QJL8AO.pt,14,228,228,3,1,0.5874394199999999
maxpool_finegrained1_1UDGST.pt,14,238,238,3,1,0.53909912
maxpool_finegrained1_XIYNBJ.pt,14,202,202,3,1,0.57196216
maxpool_finegrained1_XY9IVQ.pt,14,125,125,3,1,0.3516529
maxpool_finegrained1_UNULTJ.pt,14,219,219,3,1,0.5559285000000002
maxpool_finegrained1_L46XR7.pt,14,136,136,3,1,0.2696818
maxpool_finegrained1_UWU612.pt,14,244,244,3,1,0.79388224
maxpool_finegrained1_6JDMVL.pt,14,277,277,3,1,0.6536648600000002
maxpool_finegrained1_ZLCI9Z.pt,14,183,183,3,1,0.52552946
maxpool_finegrained1_HB6ENU.pt,56,470,470,3,2,1.4256734
maxpool_finegrained1_VRBJ11.pt,56,570,570,3,2,1.7207349399999998
maxpool_finegrained1_6YYWEB.pt,56,537,537,3,2,1.72184896
maxpool_finegrained1_LT1KUV.pt,56,588,588,3,2,2.32925752
maxpool_finegrained1_1C6PVN.pt,56,606,606,3,2,1.5721782200000007
maxpool_finegrained1_7J9YF9.pt,56,515,515,3,2,1.4971900799999998
maxpool_finegrained1_0X2O71.pt,56,495,495,3,2,1.37730038
maxpool_finegrained1_LO93AY.pt,56,316,316,3,2,1.6164753800000002
maxpool_finegrained1_DGX8MD.pt,56,428,428,3,2,1.7029902800000003
maxpool_finegrained1_P16EW5.pt,56,294,294,3,2,1.4600190999999998
maxpool_finegrained1_QPMIB2.pt,56,564,564,3,2,1.4335372199999998
maxpool_finegrained1_E8E43Z.pt,56,350,350,3,2,1.4226173000000002
maxpool_finegrained1_6BPWRK.pt,56,510,510,3,2,1.4294285799999997
maxpool_finegrained1_GE0BKJ.pt,56,578,578,3,2,1.4206600799999998
maxpool_finegrained1_IBBUK5.pt,56,265,265,3,2,1.3163680199999996
maxpool_finegrained1_2UPAT1.pt,56,398,398,3,2,1.4293336399999998
maxpool_finegrained1_G42BCX.pt,56,505,505,3,2,1.6041108000000002
maxpool_finegrained1_L098BJ.pt,56,280,280,3,2,1.57767248
maxpool_finegrained1_NUBNSQ.pt,56,314,314,3,2,1.7621322199999998
maxpool_finegrained1_BR87H3.pt,56,609,609,3,2,1.609926720000001
maxpool_finegrained1_UK1J7K.pt,56,534,534,2,2,1.7021029199999995
maxpool_finegrained1_3SLUEW.pt,56,482,482,2,2,1.4175055799999994
maxpool_finegrained1_AA19DL.pt,56,434,434,2,2,1.4723156599999996
maxpool_finegrained1_7ATN4Z.pt,56,296,296,2,2,1.3763827999999998
maxpool_finegrained1_KIJ9SL.pt,56,382,382,2,2,1.3115014400000005
maxpool_finegrained1_JHBMJD.pt,56,560,560,2,2,1.6990058799999996
maxpool_finegrained1_C2CXR2.pt,56,579,579,2,2,1.3427523199999996
maxpool_finegrained1_EET477.pt,56,471,471,2,2,1.504981919999999
maxpool_finegrained1_YRGJIY.pt,56,546,546,2,2,1.6612424000000003
maxpool_finegrained1_XBY25N.pt,56,492,492,2,2,1.59747246
maxpool_finegrained1_N748GQ.pt,56,472,472,2,2,2.00531472
maxpool_finegrained1_L0ZSIE.pt,56,350,350,2,2,1.35061586
maxpool_finegrained1_TKLMI9.pt,56,309,309,2,2,1.6447037800000002
maxpool_finegrained1_AH1AWB.pt,56,522,522,2,2,1.7246185000000003
maxpool_finegrained1_PCDMFK.pt,56,342,342,2,2,1.3554650199999998
maxpool_finegrained1_1GLM3U.pt,56,411,411,2,2,1.47746614
maxpool_finegrained1_MDUNL2.pt,56,277,277,2,2,1.20759166
maxpool_finegrained1_67FYAG.pt,56,361,361,2,2,1.7313935599999999
maxpool_finegrained1_VLJG6J.pt,56,338,338,2,2,1.75745214
maxpool_finegrained1_1K67L8.pt,56,461,461,2,2,1.5549219599999997
maxpool_finegrained1_H5Q9WE.pt,112,53,53,2,2,0.5252561600000001
maxpool_finegrained1_6EEH95.pt,112,61,61,2,2,1.1392326199999998
maxpool_finegrained1_QZLUL4.pt,112,73,73,2,2,1.21353516
maxpool_finegrained1_MCXBUP.pt,112,46,46,2,2,1.1002608600000003
maxpool_finegrained1_IOMOXV.pt,112,64,64,2,2,1.5633239
maxpool_finegrained1_JGE0SU.pt,112,33,33,2,2,0.7617842600000003
maxpool_finegrained1_AI1IXL.pt,112,50,50,2,2,0.9001935199999997
maxpool_finegrained1_7UUKVX.pt,112,69,69,2,2,1.2319097600000002
maxpool_finegrained1_B3PVYG.pt,112,71,71,2,2,0.74758976
maxpool_finegrained1_K8CXGW.pt,112,59,59,2,2,1.22228918
maxpool_finegrained1_I0ZPR9.pt,112,42,42,2,2,0.9836082600000001
maxpool_finegrained1_K13Y1B.pt,112,66,66,2,2,1.0920515400000004
maxpool_finegrained1_KYXOKV.pt,112,41,41,2,2,1.37481578
maxpool_finegrained1_P8Y1RV.pt,112,39,39,2,2,1.0291148200000002
maxpool_finegrained1_V2HVHL.pt,112,35,35,2,2,0.7211425600000001
maxpool_finegrained1_GSILOT.pt,112,67,67,2,2,1.21355914
maxpool_finegrained1_GCWJMJ.pt,112,62,62,2,2,1.2721307400000001
maxpool_finegrained1_QYJKFC.pt,112,34,34,2,2,0.64761174
maxpool_finegrained1_VFG4KJ.pt,112,49,49,2,2,0.8370842599999999
maxpool_finegrained1_YNKP6D.pt,112,68,68,2,2,0.8785636399999995
maxpool_finegrained1_U6IZ6R.pt,224,472,472,2,2,13.474542680000004
maxpool_finegrained1_NECPAB.pt,224,408,408,2,2,11.820053280000002
maxpool_finegrained1_24R2U0.pt,224,348,348,2,2,9.995477520000001
maxpool_finegrained1_HYJCJO.pt,224,414,414,2,2,11.537002059999999
maxpool_finegrained1_ENRKNL.pt,224,380,380,2,2,11.33644518
maxpool_finegrained1_RRPK5O.pt,224,447,447,2,2,12.870958120000003
maxpool_finegrained1_2HVZ91.pt,224,250,250,2,2,6.1730130800000005
maxpool_finegrained1_YRE019.pt,224,279,279,2,2,7.1047262
maxpool_finegrained1_QB229X.pt,224,513,513,2,2,15.506734119999999
maxpool_finegrained1_9XHBZS.pt,224,248,248,2,2,6.5633001800000015
maxpool_finegrained1_G7DRA8.pt,224,487,487,2,2,13.855103960000001
maxpool_finegrained1_T5LXD3.pt,224,413,413,2,2,12.507325600000007
maxpool_finegrained1_GEYWTK.pt,224,500,500,2,2,14.344643719999999
maxpool_finegrained1_UXZL1H.pt,224,533,533,2,2,15.223633280000001
maxpool_finegrained1_Y3KB50.pt,224,322,322,2,2,8.128053439999997
maxpool_finegrained1_YH3CYH.pt,224,317,317,2,2,7.658523620000002
maxpool_finegrained1_XQCT2Y.pt,224,264,264,2,2,6.926102159999998
maxpool_finegrained1_QZUK09.pt,224,473,473,2,2,13.9009452
maxpool_finegrained1_HG54UX.pt,224,437,437,2,2,12.864333960000003
maxpool_finegrained1_YOWC98.pt,224,328,328,2,2,8.10780754
maxpool_finegrained1_H5HC11.pt,56,110,110,2,2,0.6776899600000001
maxpool_finegrained1_0JGD59.pt,56,114,114,2,2,0.83044378
maxpool_finegrained1_OWXCS6.pt,56,134,134,2,2,0.9498888400000002
maxpool_finegrained1_DIKGKX.pt,56,126,126,2,2,1.1188966
maxpool_finegrained1_K76AWO.pt,56,91,91,2,2,0.7012209599999999
maxpool_finegrained1_2TYQZI.pt,56,88,88,2,2,0.8558087799999999
maxpool_finegrained1_45V69C.pt,56,106,106,2,2,0.9981371400000001
maxpool_finegrained1_F52FOD.pt,56,143,143,2,2,1.1647605999999997
maxpool_finegrained1_2WD5NY.pt,56,95,95,2,2,0.6464256600000001
maxpool_finegrained1_JDVJ79.pt,56,83,83,2,2,0.8793321600000003
maxpool_finegrained1_H0Y34W.pt,56,145,145,2,2,0.21191375999999995
maxpool_finegrained1_YU27OQ.pt,56,113,113,2,2,0.8512988199999998
maxpool_finegrained1_M1DO5H.pt,56,148,148,2,2,0.9985576799999998
maxpool_finegrained1_CQ0N8N.pt,56,100,100,2,2,0.7547581200000002
maxpool_finegrained1_W5O0OO.pt,56,169,169,2,2,1.0378716599999998
maxpool_finegrained1_JUZVBF.pt,56,94,94,2,2,0.63440752
maxpool_finegrained1_KVPNXN.pt,56,157,157,2,2,1.0435855200000002
maxpool_finegrained1_MDOR3Q.pt,56,140,140,2,2,0.9495540999999998
maxpool_finegrained1_XFQU8U.pt,56,80,80,2,2,0.64308882
maxpool_finegrained1_D4X3G7.pt,56,109,109,2,2,0.66906674
maxpool_finegrained1_HV420H.pt,56,395,395,2,2,2.1993856800000002
maxpool_finegrained1_0RU0ES.pt,56,347,347,2,2,1.6783254399999996
maxpool_finegrained1_1JXVUX.pt,56,264,264,2,2,1.2904791800000002
maxpool_finegrained1_OVH00A.pt,56,385,385,2,2,1.4673496200000002
maxpool_finegrained1_WQDHXG.pt,56,445,445,2,2,1.5754361599999995
maxpool_finegrained1_7Z17ML.pt,56,250,250,2,2,1.2916394400000004
maxpool_finegrained1_11M14T.pt,56,274,274,2,2,1.2727512799999998
maxpool_finegrained1_7XOCMA.pt,56,412,412,2,2,1.5415509799999996
maxpool_finegrained1_2OBMSM.pt,56,272,272,2,2,1.73167314
maxpool_finegrained1_2BDOA8.pt,56,348,348,2,2,2.3446157999999993
maxpool_finegrained1_PNXMC8.pt,56,310,310,2,2,1.1385323999999999
maxpool_finegrained1_JED22X.pt,56,475,475,2,2,1.7707859999999997
maxpool_finegrained1_831PNE.pt,56,447,447,2,2,1.5833166200000002
maxpool_finegrained1_T6DQ0V.pt,56,294,294,2,2,1.4376198999999996
maxpool_finegrained1_5D0VY6.pt,56,358,358,2,2,1.1937388999999998
maxpool_finegrained1_K2VKN5.pt,56,243,243,2,2,1.4603205599999995
maxpool_finegrained1_6LJ9T0.pt,56,346,346,2,2,1.43091474
maxpool_finegrained1_1QS8TD.pt,56,532,532,2,2,1.6204600399999995
maxpool_finegrained1_F6G7ED.pt,56,496,496,2,2,2.2424054
maxpool_finegrained1_AXVIP3.pt,56,278,278,2,2,0.7861589399999999
maxpool_finegrained1_XPZZ0C.pt,14,49,49,3,2,0.09286752
maxpool_finegrained1_E3WE9U.pt,14,43,43,3,2,0.09934267999999997
maxpool_finegrained1_OZP3SS.pt,14,30,30,3,2,0.08779008
maxpool_finegrained1_5SPDRH.pt,14,37,37,3,2,0.09252212
maxpool_finegrained1_79GMQP.pt,14,36,36,3,2,0.11217793999999998
maxpool_finegrained1_FTNI66.pt,14,54,54,3,2,0.11058028
maxpool_finegrained1_4OFR0Y.pt,14,42,42,3,2,0.0957622
maxpool_finegrained1_S2MXVV.pt,14,33,33,3,2,0.10852004000000001
maxpool_finegrained1_P0IGKD.pt,14,44,44,3,2,0.11223123999999995
maxpool_finegrained1_JMOBCQ.pt,14,29,29,3,2,0.1251603
maxpool_finegrained1_5DNJVE.pt,14,40,40,3,2,0.10134642
maxpool_finegrained1_TNNQVY.pt,14,35,35,3,2,0.09076262
maxpool_finegrained1_PYIEB8.pt,14,31,31,3,2,0.09219682000000004
maxpool_finegrained1_ZW4761.pt,14,48,48,3,2,0.10298456
maxpool_finegrained1_RNH7MX.pt,14,23,23,3,2,0.10241576000000001
maxpool_finegrained1_J7KBU4.pt,14,51,51,3,2,0.09611988
maxpool_finegrained1_Z8U1HR.pt,14,45,45,3,2,0.09560406000000002
maxpool_finegrained1_X7HOMQ.pt,14,28,28,3,2,0.08716724000000003
maxpool_finegrained1_XM6WA7.pt,14,46,46,3,2,0.10764918000000004
maxpool_finegrained1_UW5TBB.pt,14,50,50,3,2,0.09589699999999998
maxpool_finegrained1_6HRUQX.pt,56,71,71,3,2,0.14547253999999998
maxpool_finegrained1_EW3YP0.pt,56,77,77,3,2,1.0644691599999998
maxpool_finegrained1_AASUB4.pt,56,49,49,3,2,0.62793182
maxpool_finegrained1_WK9FHQ.pt,56,57,57,3,2,0.5674066600000002
maxpool_finegrained1_FF1X02.pt,56,69,69,3,2,0.8341110400000001
maxpool_finegrained1_TNXF4S.pt,56,70,70,3,2,0.92505722
maxpool_finegrained1_NWKSVW.pt,56,48,48,3,2,0.6881389200000004
maxpool_finegrained1_SJMZ6M.pt,56,59,59,3,2,0.6355781400000001
maxpool_finegrained1_F49D1X.pt,56,67,67,3,2,0.9539050000000002
maxpool_finegrained1_KHZC61.pt,56,54,54,3,2,0.5583466200000001
maxpool_finegrained1_S4GDGR.pt,56,34,34,3,2,0.4404263600000002
maxpool_finegrained1_BKEPPJ.pt,56,63,63,3,2,0.66004314
maxpool_finegrained1_P70VWZ.pt,56,60,60,3,2,0.8019401799999999
maxpool_finegrained1_02HBJ5.pt,56,79,79,3,2,1.0445164799999997
maxpool_finegrained1_IAZE41.pt,56,55,55,3,2,0.5882607999999999
maxpool_finegrained1_PMM59Z.pt,56,56,56,3,2,0.6002817000000001
maxpool_finegrained1_6XFIR5.pt,56,75,75,3,2,0.8363199399999997
maxpool_finegrained1_4YEO4H.pt,56,80,80,3,2,0.97050294
maxpool_finegrained1_NHL07X.pt,56,81,81,3,2,0.8502012999999999
maxpool_finegrained1_HF566R.pt,56,39,39,3,2,0.4520459400000001
maxpool_finegrained1_3FR29Q.pt,14,363,363,3,1,0.8334402
maxpool_finegrained1_YC9L4N.pt,14,323,323,3,1,0.70035272
maxpool_finegrained1_F15I5U.pt,14,311,311,3,1,0.7107128600000001
maxpool_finegrained1_V8MLM5.pt,14,488,488,3,1,1.39161142
maxpool_finegrained1_SNYW1A.pt,14,340,340,3,1,0.9079657800000003
maxpool_finegrained1_0STXD1.pt,14,316,316,3,1,0.9468709600000002
maxpool_finegrained1_OEBQ2I.pt,14,270,270,3,1,0.7055580399999998
maxpool_finegrained1_OF0WVZ.pt,14,434,434,3,1,1.0144813200000002
maxpool_finegrained1_JZRNGR.pt,14,435,435,3,1,0.8744617600000001
maxpool_finegrained1_M98U6N.pt,14,310,310,3,1,0.7220782800000002
maxpool_finegrained1_9XAAHC.pt,14,546,546,3,1,1.14491908
maxpool_finegrained1_X4DRIR.pt,14,295,295,3,1,0.70006908
maxpool_finegrained1_LU3M9V.pt,14,253,253,3,1,0.5237574399999998
maxpool_finegrained1_YCYIIW.pt,14,271,271,3,1,0.7338494999999999
maxpool_finegrained1_OP5LQ0.pt,14,493,493,3,1,1.1727612
maxpool_finegrained1_IPHQFR.pt,14,329,329,3,1,1.0791787400000001
maxpool_finegrained1_N8VNOQ.pt,14,547,547,3,1,1.1783913599999998
maxpool_finegrained1_MO183D.pt,14,302,302,3,1,0.6800891799999998
maxpool_finegrained1_KCJMME.pt,14,540,540,3,1,1.2869752999999995
maxpool_finegrained1_540VG7.pt,14,427,427,3,1,1.1021365200000006
maxpool_finegrained1_YZPFXJ.pt,112,58,58,2,1,1.3390572200000002
maxpool_finegrained1_XCLDXY.pt,112,39,39,2,1,1.10113402
maxpool_finegrained1_2YNRNT.pt,112,46,46,2,1,1.2438980800000001
maxpool_finegrained1_LV8I4C.pt,112,45,45,2,1,1.1878360800000005
maxpool_finegrained1_99G2DF.pt,112,59,59,2,1,1.43692918
maxpool_finegrained1_4O3MKC.pt,112,65,65,2,1,1.6263597200000004
maxpool_finegrained1_N824YD.pt,112,60,60,2,1,1.38423078
maxpool_finegrained1_3HC3Y8.pt,112,49,49,2,1,1.3893671200000002
maxpool_finegrained1_AJZ415.pt,112,50,50,2,1,1.36770126
maxpool_finegrained1_TBGJSO.pt,112,52,52,2,1,1.4174664000000001
maxpool_finegrained1_GEEC77.pt,112,70,70,2,1,1.5588638200000002
maxpool_finegrained1_VU2ETV.pt,112,64,64,2,1,1.7923125600000003
maxpool_finegrained1_KDDXM3.pt,112,47,47,2,1,1.6642937399999993
maxpool_finegrained1_X2TNXF.pt,112,40,40,2,1,0.9940174199999997
maxpool_finegrained1_7LYFNF.pt,112,38,38,2,1,1.0422249200000002
maxpool_finegrained1_5365NH.pt,112,71,71,2,1,1.7398334200000003
maxpool_finegrained1_LK0DS8.pt,112,54,54,2,1,1.3195890400000005
maxpool_finegrained1_Y8V7YY.pt,112,34,34,2,1,0.9940373
maxpool_finegrained1_IZCE2H.pt,112,68,68,2,1,1.6845771799999998
maxpool_finegrained1_IIY7AS.pt,112,43,43,2,1,1.1548628399999996
maxpool_finegrained1_7G38DG.pt,14,57,57,2,2,0.10901538000000001
maxpool_finegrained1_HMA860.pt,14,44,44,2,2,0.10941627999999999
maxpool_finegrained1_UMP23A.pt,14,36,36,2,2,0.09470611999999999
maxpool_finegrained1_06ZAVN.pt,14,54,54,2,2,0.09055300000000002
maxpool_finegrained1_5NKEYN.pt,14,33,33,2,2,0.08596277999999997
maxpool_finegrained1_WFYQHR.pt,14,63,63,2,2,0.09233664000000003
maxpool_finegrained1_HZDIA0.pt,14,64,64,2,2,0.0927631
maxpool_finegrained1_ZZR77H.pt,14,29,29,2,2,0.08591244000000002
maxpool_finegrained1_N7QXA5.pt,14,39,39,2,2,0.08526008000000004
maxpool_finegrained1_4PTKVC.pt,14,62,62,2,2,0.10642611999999999
maxpool_finegrained1_AAVOW3.pt,14,34,34,2,2,0.08589912
maxpool_finegrained1_WWPDWV.pt,14,30,30,2,2,0.13816632000000004
maxpool_finegrained1_CQF9XR.pt,14,43,43,2,2,0.10679260000000003
maxpool_finegrained1_X938K0.pt,14,46,46,2,2,0.10071517999999999
maxpool_finegrained1_CIXISF.pt,14,58,58,2,2,0.11209016000000002
maxpool_finegrained1_G6BH9X.pt,14,35,35,2,2,0.08218051999999998
maxpool_finegrained1_MIVNGL.pt,14,45,45,2,2,0.08219701999999998
maxpool_finegrained1_2UQ8FW.pt,14,59,59,2,2,0.09991477999999997
maxpool_finegrained1_3PFVG5.pt,14,61,61,2,2,0.08615288
maxpool_finegrained1_86CNH6.pt,14,49,49,2,2,0.0858311
maxpool_finegrained1_Q9DE7Z.pt,56,450,450,2,2,2.0947328599999993
maxpool_finegrained1_8LFC90.pt,56,877,877,2,2,1.9938611000000004
maxpool_finegrained1_OKA08P.pt,56,669,669,2,2,1.3075876
maxpool_finegrained1_64ZYFD.pt,56,586,586,2,2,1.7937040399999997
maxpool_finegrained1_ZI9D2U.pt,56,966,966,2,2,2.1342317200000007
maxpool_finegrained1_MGUTRT.pt,56,633,633,2,2,2.7735597200000006
maxpool_finegrained1_6E05Z0.pt,56,536,536,2,2,1.3739204599999997
maxpool_finegrained1_XKKSRC.pt,56,827,827,2,2,2.16003262
maxpool_finegrained1_3G1IZC.pt,56,615,615,2,2,1.5873691000000003
maxpool_finegrained1_3ENB1L.pt,56,865,865,2,2,1.7782115199999993
maxpool_finegrained1_XK0IY4.pt,56,927,927,2,2,1.57672436
maxpool_finegrained1_C49R0J.pt,56,788,788,2,2,1.5227528200000002
maxpool_finegrained1_QH8CQ8.pt,56,702,702,2,2,2.0173159399999996
maxpool_finegrained1_YT45LI.pt,56,813,813,2,2,2.0869507799999996
maxpool_finegrained1_081MIT.pt,56,624,624,2,2,2.5371099200000007
maxpool_finegrained1_02WE1F.pt,56,627,627,2,2,1.6613027000000005
maxpool_finegrained1_PQ0EZB.pt,56,904,904,2,2,2.46598274
maxpool_finegrained1_ZNC1Y6.pt,56,538,538,2,2,1.9041181000000003
maxpool_finegrained1_BE10GF.pt,56,557,557,2,2,3.136225820000001
maxpool_finegrained1_XRHLJG.pt,56,793,793,2,2,1.76727516
maxpool_finegrained1_Q0VIZ6.pt,14,56,56,3,2,0.017723759999999998
maxpool_finegrained1_OHKQUS.pt,14,55,55,3,2,0.09701848
maxpool_finegrained1_A0503V.pt,14,29,29,3,2,0.08616162
maxpool_finegrained1_R8H2QN.pt,14,47,47,3,2,0.09016883999999999
maxpool_finegrained1_ZW47R5.pt,14,59,59,3,2,0.09487394
maxpool_finegrained1_D82GCO.pt,14,65,65,3,2,0.13468774
maxpool_finegrained1_CKMUHB.pt,14,45,45,3,2,0.09022155999999999
maxpool_finegrained1_VBASV5.pt,14,50,50,3,2,0.09759832000000003
maxpool_finegrained1_L4G9UC.pt,14,35,35,3,2,0.08890156
maxpool_finegrained1_KMCWPT.pt,14,33,33,3,2,0.08788594000000001
maxpool_finegrained1_NPQJHM.pt,14,51,51,3,2,0.09494368
maxpool_finegrained1_6ZO86L.pt,14,54,54,3,2,0.10325223999999998
maxpool_finegrained1_3V1XP1.pt,14,43,43,3,2,0.09125891999999997
maxpool_finegrained1_18ZMXT.pt,14,57,57,3,2,0.09719094000000002
maxpool_finegrained1_G1SY5E.pt,14,48,48,3,2,0.09107992000000001
maxpool_finegrained1_UILWTV.pt,14,53,53,3,2,0.09127408
maxpool_finegrained1_VPR83V.pt,14,42,42,3,2,0.08596494
maxpool_finegrained1_V71GHH.pt,14,40,40,3,2,0.09026566000000001
maxpool_finegrained1_Z5EYPT.pt,14,38,38,3,2,0.08640524000000002
maxpool_finegrained1_FX7W0Q.pt,14,36,36,3,2,0.08933979999999998
maxpool_finegrained1_NFNO18.pt,224,213,213,3,1,33.478819599999994
maxpool_finegrained1_5WIH1L.pt,224,179,179,3,1,27.849662560000002
maxpool_finegrained1_DKQJPG.pt,224,134,134,3,1,20.07625884
maxpool_finegrained1_FQ2D6I.pt,224,219,219,3,1,31.998296879999995
maxpool_finegrained1_NRBX8N.pt,224,263,263,3,1,38.656724780000005
maxpool_finegrained1_AEZ8I3.pt,224,200,200,3,1,29.99939443999999
maxpool_finegrained1_Y7RZ4P.pt,224,156,156,3,1,22.453927759999996
maxpool_finegrained1_FZJ5NE.pt,224,246,246,3,1,37.40611280000002
maxpool_finegrained1_C4LDZF.pt,224,244,244,3,1,38.85895894
maxpool_finegrained1_OY87K4.pt,224,284,284,3,1,43.07639491999999
maxpool_finegrained1_5YAURZ.pt,224,207,207,3,1,30.23558253999998
maxpool_finegrained1_KAWB28.pt,224,195,195,3,1,29.61425014
maxpool_finegrained1_0A76B5.pt,224,158,158,3,1,21.8930463
maxpool_finegrained1_Z8LSK8.pt,224,277,277,3,1,43.08484443999999
maxpool_finegrained1_HFSXQI.pt,224,208,208,3,1,31.575806059999994
maxpool_finegrained1_062AEA.pt,224,216,216,3,1,33.196840159999994
maxpool_finegrained1_EESD00.pt,224,157,157,3,1,21.953014759999995
maxpool_finegrained1_1CF1MK.pt,224,186,186,3,1,28.224999580000002
maxpool_finegrained1_PTRPP2.pt,224,239,239,3,1,37.29838099999998
maxpool_finegrained1_5RJ4X2.pt,224,225,225,3,1,34.468847339999996
maxpool_finegrained1_NMIU4A.pt,14,81,81,3,2,0.12264812000000001
maxpool_finegrained1_KKQM4Y.pt,14,80,80,3,2,0.12867936
maxpool_finegrained1_JGIISA.pt,14,45,45,3,2,0.11219504000000001
maxpool_finegrained1_B8HTJI.pt,14,76,76,3,2,0.10022151999999998
maxpool_finegrained1_YYIWPL.pt,14,78,78,3,2,0.10697943999999998
maxpool_finegrained1_VW21JD.pt,14,72,72,3,2,0.10834400000000004
maxpool_finegrained1_DSPPRH.pt,14,58,58,3,2,0.10310805999999997
maxpool_finegrained1_MEBTRK.pt,14,62,62,3,2,0.10215116
maxpool_finegrained1_A6EECO.pt,14,86,86,3,2,0.10698308000000001
maxpool_finegrained1_C6EBPO.pt,14,48,48,3,2,0.10740958
maxpool_finegrained1_I4GWXZ.pt,14,74,74,3,2,0.032360999999999994
maxpool_finegrained1_W0H4SF.pt,14,63,63,3,2,0.09767308
maxpool_finegrained1_XJ3KVJ.pt,14,41,41,3,2,0.09134750000000003
maxpool_finegrained1_UCCD7S.pt,14,84,84,3,2,0.10593285999999999
maxpool_finegrained1_WZA57W.pt,14,55,55,3,2,0.09489114000000001
maxpool_finegrained1_GM7PY2.pt,14,79,79,3,2,0.12307139999999997
maxpool_finegrained1_EXPK55.pt,14,60,60,3,2,0.09587029999999999
maxpool_finegrained1_89F5D1.pt,14,46,46,3,2,0.09032970000000003
maxpool_finegrained1_WXVPAC.pt,14,61,61,3,2,0.11816970000000002
maxpool_finegrained1_Q26QCA.pt,14,69,69,3,2,0.10723304
maxpool_finegrained1_33CJHR.pt,14,393,393,2,1,0.7443570399999999
maxpool_finegrained1_QWXVOL.pt,14,434,434,2,1,0.6774809400000001
maxpool_finegrained1_S0XS3N.pt,14,568,568,2,1,1.05681014
maxpool_finegrained1_GCK0XP.pt,14,423,423,2,1,0.7640636399999998
maxpool_finegrained1_N8MZIM.pt,14,453,453,2,1,0.7530391399999999
maxpool_finegrained1_RAMG5K.pt,14,335,335,2,1,0.5314772399999999
maxpool_finegrained1_ENPKV0.pt,14,349,349,2,1,0.5715815000000002
maxpool_finegrained1_CPD06N.pt,14,360,360,2,1,0.60462846
maxpool_finegrained1_WV57C1.pt,14,571,571,2,1,0.8739355799999999
maxpool_finegrained1_41Q3FU.pt,14,579,579,2,1,0.9501994
maxpool_finegrained1_FGJ55T.pt,14,290,290,2,1,0.44568402
maxpool_finegrained1_CHB1KB.pt,14,314,314,2,1,0.4670162599999999
maxpool_finegrained1_W7M0WH.pt,14,485,485,2,1,0.7290046200000002
maxpool_finegrained1_GGVJ7Q.pt,14,420,420,2,1,1.04198054
maxpool_finegrained1_9Y6Z3J.pt,14,459,459,2,1,0.96866342
maxpool_finegrained1_WX9W73.pt,14,507,507,2,1,0.85562226
maxpool_finegrained1_KTJYHI.pt,14,369,369,2,1,0.6091495199999999
maxpool_finegrained1_JUVLQV.pt,14,289,289,2,1,0.6407646200000001
maxpool_finegrained1_5JB8EK.pt,14,259,259,2,1,0.3595193200000002
maxpool_finegrained1_LDPNWT.pt,14,373,373,2,1,0.6992015400000002
maxpool_finegrained1_Q9EWFB.pt,56,925,925,2,2,2.041359339999999
maxpool_finegrained1_SR1A3O.pt,56,758,758,2,2,1.77339992
maxpool_finegrained1_5G06BY.pt,56,701,701,2,2,1.4510714200000001
maxpool_finegrained1_ACA50K.pt,56,784,784,2,2,2.3968573399999995
maxpool_finegrained1_T24HWI.pt,56,867,867,2,2,1.8554131199999997
maxpool_finegrained1_1K6V9P.pt,56,801,801,2,2,1.76487694
maxpool_finegrained1_TMYY3N.pt,56,422,422,2,2,1.20755356
maxpool_finegrained1_9VYO1T.pt,56,477,477,2,2,1.5119258599999994
maxpool_finegrained1_94I6GM.pt,56,528,528,2,2,1.4465219399999996
maxpool_finegrained1_6YJ1DU.pt,56,811,811,2,2,1.75965944
maxpool_finegrained1_7IQWA9.pt,56,608,608,2,2,2.1434980600000006
maxpool_finegrained1_JFLO73.pt,56,798,798,2,2,1.82762146
maxpool_finegrained1_4UYZGF.pt,56,642,642,2,2,1.8158185000000007
maxpool_finegrained1_QWKWLW.pt,56,853,853,2,2,1.4981159000000002
maxpool_finegrained1_OFYNGT.pt,56,993,993,2,2,2.1093702000000003
maxpool_finegrained1_F05HWW.pt,56,575,575,2,2,1.7212018599999999
maxpool_finegrained1_18EIDK.pt,56,856,856,2,2,1.8553338999999998
maxpool_finegrained1_RC0V0W.pt,56,619,619,2,2,2.6789190800000005
maxpool_finegrained1_HEKPYK.pt,56,480,480,2,2,1.7942556999999995
maxpool_finegrained1_YWVH9W.pt,56,424,424,2,2,1.5776278199999996
maxpool_finegrained1_LT9AJA.pt,56,46,46,2,2,0.055645179999999995
maxpool_finegrained1_4FKVMB.pt,56,34,34,2,2,0.2831224
maxpool_finegrained1_QXWNG1.pt,56,31,31,2,2,0.19462844000000007
maxpool_finegrained1_OH2O94.pt,56,64,64,2,2,0.5242560199999999
maxpool_finegrained1_KJCPXZ.pt,56,29,29,2,2,0.26174123999999993
maxpool_finegrained1_9GLRGG.pt,56,33,33,2,2,0.2890862799999999
maxpool_finegrained1_25KFDY.pt,56,67,67,2,2,0.5379848799999999
maxpool_finegrained1_LMT12M.pt,56,55,55,2,2,0.3623661999999998
maxpool_finegrained1_O9H5MH.pt,56,61,61,2,2,0.36154305999999997
maxpool_finegrained1_I6EZNO.pt,56,44,44,2,2,0.2770949200000001
maxpool_finegrained1_DFR2GQ.pt,56,47,47,2,2,0.35655516
maxpool_finegrained1_2FS6ZY.pt,56,54,54,2,2,0.4117108
maxpool_finegrained1_F629DX.pt,56,56,56,2,2,0.35733385999999995
maxpool_finegrained1_23WBRL.pt,56,60,60,2,2,0.5846024399999998
maxpool_finegrained1_I1SNXQ.pt,56,28,28,2,2,0.2123384
maxpool_finegrained1_V1RBIY.pt,56,65,65,2,2,0.57652266
maxpool_finegrained1_6ZNJDV.pt,56,42,42,2,2,0.2675611
maxpool_finegrained1_91NPOQ.pt,56,49,49,2,2,0.4690091200000001
maxpool_finegrained1_XXIB8R.pt,56,57,57,2,2,0.36964564000000005
maxpool_finegrained1_ODGFK1.pt,56,36,36,2,2,0.34672392
maxpool_finegrained1_J4CP37.pt,56,528,528,2,2,1.7731641399999996
maxpool_finegrained1_TXQ60U.pt,56,437,437,2,2,1.4883952800000007
maxpool_finegrained1_9J880T.pt,56,495,495,2,2,1.8791848399999997
maxpool_finegrained1_Y6JORU.pt,56,514,514,2,2,1.81489792
maxpool_finegrained1_LDO96D.pt,56,464,464,2,2,1.6313649799999999
maxpool_finegrained1_9IYG8Z.pt,56,427,427,2,2,1.5038385399999998
maxpool_finegrained1_VVNHIT.pt,56,576,576,2,2,1.7170429200000006
maxpool_finegrained1_8Y5YS5.pt,56,381,381,2,2,1.5798377199999998
maxpool_finegrained1_9O0EES.pt,56,403,403,2,2,1.2575758200000002
maxpool_finegrained1_0945D8.pt,56,542,542,2,2,1.64224892
maxpool_finegrained1_W49J71.pt,56,531,531,2,2,1.3311986199999999
maxpool_finegrained1_HI3QSZ.pt,56,483,483,2,2,1.52011468
maxpool_finegrained1_PCDMIB.pt,56,351,351,2,2,1.3642484000000001
maxpool_finegrained1_G88ZKB.pt,56,477,477,2,2,3.0710150400000003
maxpool_finegrained1_TQ9UXS.pt,56,557,557,2,2,1.70652372
maxpool_finegrained1_PR57K3.pt,56,530,530,2,2,1.1697570199999996
maxpool_finegrained1_U2YL1M.pt,56,468,468,2,2,1.2949070799999998
maxpool_finegrained1_U40V2E.pt,56,496,496,2,2,1.4937796599999995
maxpool_finegrained1_O0CYQS.pt,56,410,410,2,2,1.6736180799999993
maxpool_finegrained1_C9IOGM.pt,56,376,376,2,2,1.5889281599999998
maxpool_finegrained1_WWJO91.pt,112,154,154,2,2,1.62779684
maxpool_finegrained1_KCVU72.pt,112,141,141,2,2,1.3699757
maxpool_finegrained1_W26AW2.pt,112,153,153,2,2,1.4125075200000001
maxpool_finegrained1_L4F2ZM.pt,112,128,128,2,2,1.43033322
maxpool_finegrained1_8OZXQF.pt,112,82,82,2,2,1.2623561600000002
maxpool_finegrained1_E61YUK.pt,112,156,156,2,2,1.9725917000000004
maxpool_finegrained1_8MZLXY.pt,112,138,138,2,2,1.57161598
maxpool_finegrained1_F0XUTG.pt,112,127,127,2,2,2.32417574
maxpool_finegrained1_UAJZ6C.pt,112,148,148,2,2,1.5070800200000003
maxpool_finegrained1_GO5UO4.pt,112,84,84,2,2,1.21600662
maxpool_finegrained1_B3NXZ4.pt,112,160,160,2,2,1.4346220000000005
maxpool_finegrained1_13V473.pt,112,79,79,2,2,1.42368072
maxpool_finegrained1_YNLFAD.pt,112,133,133,2,2,1.0689933600000001
maxpool_finegrained1_IWC4G8.pt,112,83,83,2,2,1.2431302599999998
maxpool_finegrained1_ZIHHGC.pt,112,146,146,2,2,1.1255300999999998
maxpool_finegrained1_T3FCZE.pt,112,101,101,2,2,1.3011684999999997
maxpool_finegrained1_KBI1SD.pt,112,93,93,2,2,1.1896776200000005
maxpool_finegrained1_AD58CS.pt,112,161,161,2,2,1.5766342599999996
maxpool_finegrained1_6KUOXG.pt,112,158,158,2,2,1.8368006600000002
maxpool_finegrained1_Z1Q63D.pt,112,105,105,2,2,1.55203686
maxpool_finegrained1_N3ZB5R.pt,14,39,39,2,1,0.11705298000000003
maxpool_finegrained1_VK1C7P.pt,14,59,59,2,1,0.13129845999999998
maxpool_finegrained1_RFWQV2.pt,14,68,68,2,1,0.23337036000000008
maxpool_finegrained1_6IEBOG.pt,14,37,37,2,1,0.12874244
maxpool_finegrained1_WPAZ04.pt,14,62,62,2,1,0.20161450000000003
maxpool_finegrained1_F86STT.pt,14,53,53,2,1,0.15418256000000002
maxpool_finegrained1_RG9VUQ.pt,14,60,60,2,1,0.1977096
maxpool_finegrained1_PGC2EZ.pt,14,46,46,2,1,0.16577626
maxpool_finegrained1_M2C0ID.pt,14,64,64,2,1,0.12917414000000002
maxpool_finegrained1_J0XXVI.pt,14,76,76,2,1,0.14447173999999996
maxpool_finegrained1_ET3QT5.pt,14,47,47,2,1,0.1265596
maxpool_finegrained1_7WWQII.pt,14,70,70,2,1,0.14467330000000003
maxpool_finegrained1_8YVJSG.pt,14,48,48,2,1,0.11661766000000001
maxpool_finegrained1_IRWH3O.pt,14,78,78,2,1,0.14071914000000005
maxpool_finegrained1_CJSKI7.pt,14,56,56,2,1,0.13040182
maxpool_finegrained1_79HOTF.pt,14,82,82,2,1,0.27478216000000005
maxpool_finegrained1_YGJU3E.pt,14,42,42,2,1,0.11805802
maxpool_finegrained1_2E8V6A.pt,14,43,43,2,1,0.11754486000000001
maxpool_finegrained1_1E66CI.pt,14,58,58,2,1,0.12834452000000002
maxpool_finegrained1_80HONR.pt,14,77,77,2,1,0.14648290000000003
maxpool_finegrained1_EXLZF1.pt,14,148,148,3,2,0.13383578000000002
maxpool_finegrained1_MJ70O0.pt,14,250,250,3,2,0.20358679999999998
maxpool_finegrained1_PCVBI1.pt,14,254,254,3,2,0.18648793999999996
maxpool_finegrained1_HUKWSW.pt,14,197,197,3,2,0.20473023999999998
maxpool_finegrained1_PGZLES.pt,14,179,179,3,2,0.13717146000000002
maxpool_finegrained1_5S8VNQ.pt,14,237,237,3,2,0.26657685999999997
maxpool_finegrained1_TR5AFQ.pt,14,259,259,3,2,0.18225234
maxpool_finegrained1_8RXR0B.pt,14,217,217,3,2,0.19430478
maxpool_finegrained1_RT0MT5.pt,14,152,152,3,2,0.14663911999999998
maxpool_finegrained1_WQTRIO.pt,14,194,194,3,2,0.1401017
maxpool_finegrained1_20DNPQ.pt,14,234,234,3,2,0.18584219999999999
maxpool_finegrained1_QJQCNE.pt,14,218,218,3,2,0.1577915
maxpool_finegrained1_3CK2UP.pt,14,240,240,3,2,0.15081484
maxpool_finegrained1_H3PDAK.pt,14,129,129,3,2,0.12466324000000001
maxpool_finegrained1_2RUQRJ.pt,14,236,236,3,2,0.14441954
maxpool_finegrained1_JZKBH3.pt,14,258,258,3,2,0.16345168000000002
maxpool_finegrained1_ZG11XX.pt,14,252,252,3,2,0.21827008000000003
maxpool_finegrained1_HKAL49.pt,14,260,260,3,2,0.15820792
maxpool_finegrained1_EYDHHU.pt,14,157,157,3,2,0.15837527999999998
maxpool_finegrained1_OUK4S4.pt,14,159,159,3,2,0.12349578
maxpool_finegrained1_OJXYVX.pt,28,41,41,3,2,0.026069419999999996
maxpool_finegrained1_JD1B0E.pt,28,78,78,3,2,0.25253920000000013
maxpool_finegrained1_YFR3M4.pt,28,36,36,3,2,0.13558476
maxpool_finegrained1_KLPT4L.pt,28,65,65,3,2,0.18097739999999998
maxpool_finegrained1_OXLX8L.pt,28,64,64,3,2,0.17194171999999994
maxpool_finegrained1_45HQW8.pt,28,50,50,3,2,0.17111186
maxpool_finegrained1_Z4YDEQ.pt,28,79,79,3,2,0.20065011999999996
maxpool_finegrained1_2ENWNI.pt,28,45,45,3,2,0.15607992000000004
maxpool_finegrained1_QNNMS3.pt,28,54,54,3,2,0.15018762
maxpool_finegrained1_ZZGX1U.pt,28,75,75,3,2,0.23694919999999992
maxpool_finegrained1_97D354.pt,28,35,35,3,2,0.14796821999999998
maxpool_finegrained1_SVIDWQ.pt,28,62,62,3,2,0.22129032000000012
maxpool_finegrained1_ST1RFW.pt,28,46,46,3,2,0.13452328
maxpool_finegrained1_C0HQ1N.pt,28,53,53,3,2,0.24767956
maxpool_finegrained1_UJDEQV.pt,28,52,52,3,2,0.26454464
maxpool_finegrained1_QKLBEZ.pt,28,51,51,3,2,0.16158091999999996
maxpool_finegrained1_WKG9O1.pt,28,49,49,3,2,0.17541888
maxpool_finegrained1_S6B22P.pt,28,70,70,3,2,0.1773033400000001
maxpool_finegrained1_RNHVOE.pt,28,44,44,3,2,0.13321136
maxpool_finegrained1_JFWZK4.pt,28,76,76,3,2,0.3372536400000001
maxpool_finegrained1_3W1OVC.pt,14,89,89,2,2,0.10130564
maxpool_finegrained1_YK37X2.pt,14,91,91,2,2,0.09113173999999997
maxpool_finegrained1_7K2EKL.pt,14,98,98,2,2,0.09965572
maxpool_finegrained1_D1D1CJ.pt,14,63,63,2,2,0.08433224
maxpool_finegrained1_4DA8SJ.pt,14,53,53,2,2,0.08564838
maxpool_finegrained1_8FDTCN.pt,14,93,93,2,2,0.1049875
maxpool_finegrained1_EJJMQM.pt,14,71,71,2,2,0.11858496000000004
maxpool_finegrained1_DJSV9E.pt,14,62,62,2,2,0.0834626
maxpool_finegrained1_TV1ZG3.pt,14,49,49,2,2,0.08604718
maxpool_finegrained1_F0PTFK.pt,14,67,67,2,2,0.09507773999999997
maxpool_finegrained1_6DVD7I.pt,14,47,47,2,2,0.08450654
maxpool_finegrained1_2JRN77.pt,14,55,55,2,2,0.08986956000000001
maxpool_finegrained1_7WT1BE.pt,14,84,84,2,2,0.11933411999999997
maxpool_finegrained1_XRP4A9.pt,14,99,99,2,2,0.09462504
maxpool_finegrained1_FKPB46.pt,14,83,83,2,2,0.10024287999999998
maxpool_finegrained1_BELBUS.pt,14,94,94,2,2,0.11333563999999997
maxpool_finegrained1_W3ZPFX.pt,14,52,52,2,2,0.09492276000000002
maxpool_finegrained1_HYBQT3.pt,14,48,48,2,2,0.08700669999999999
maxpool_finegrained1_L311EF.pt,14,58,58,2,2,0.0969749
maxpool_finegrained1_WLWS97.pt,14,45,45,2,2,0.08832206000000001
maxpool_finegrained1_S835I2.pt,28,35,35,3,2,0.15815984000000002
maxpool_finegrained1_3SH3KI.pt,28,22,22,3,2,0.10713107999999999
maxpool_finegrained1_5T6B3D.pt,28,31,31,3,2,0.14494488
maxpool_finegrained1_D8J1JZ.pt,28,21,21,3,2,0.12040322000000002
maxpool_finegrained1_YHAZB7.pt,28,30,30,3,2,0.11565520000000001
maxpool_finegrained1_AIYFW1.pt,28,36,36,3,2,0.13365216000000002
maxpool_finegrained1_3204VJ.pt,28,37,37,3,2,0.15790680000000004
maxpool_finegrained1_M8EU38.pt,28,44,44,3,2,0.1558325
maxpool_finegrained1_TM1TAB.pt,28,27,27,3,2,0.15748981999999997
maxpool_finegrained1_NC9Z9O.pt,28,41,41,3,2,0.15658242000000003
maxpool_finegrained1_YPLU4Z.pt,28,28,28,3,2,0.021561220000000006
maxpool_finegrained1_ERO6BJ.pt,28,25,25,3,2,0.14306819999999998
maxpool_finegrained1_RQ9JBW.pt,28,39,39,3,2,0.13446704
maxpool_finegrained1_0003WZ.pt,28,46,46,3,2,0.14405237999999995
maxpool_finegrained1_1T6MPZ.pt,28,34,34,3,2,0.15445086
maxpool_finegrained1_0ECCUD.pt,28,20,20,3,2,0.11456739999999999
maxpool_finegrained1_RMEPP0.pt,28,23,23,3,2,0.10668878
maxpool_finegrained1_HURUUR.pt,28,24,24,3,2,0.12819495999999997
maxpool_finegrained1_JC5M6K.pt,28,43,43,3,2,0.15498073999999998
maxpool_finegrained1_W5RZ5E.pt,28,32,32,3,2,0.11101002000000001
maxpool_finegrained1_V95LV0.pt,56,62,62,2,2,0.4015942400000001
maxpool_finegrained1_34U0H5.pt,56,58,58,2,2,0.5175704600000001
maxpool_finegrained1_2H6AJR.pt,56,68,68,2,2,0.5886422400000002
maxpool_finegrained1_KUDNW2.pt,56,72,72,2,2,0.50013072
maxpool_finegrained1_T0QWE1.pt,56,81,81,2,2,0.5602529799999999
maxpool_finegrained1_NVTJHN.pt,56,87,87,2,2,0.7120282599999999
maxpool_finegrained1_YV4POT.pt,56,75,75,2,2,0.6046815200000001
maxpool_finegrained1_TXS712.pt,56,78,78,2,2,0.57527116
maxpool_finegrained1_CE4SRF.pt,56,85,85,2,2,0.7177974999999998
maxpool_finegrained1_AE0MOJ.pt,56,69,69,2,2,0.63430324
maxpool_finegrained1_YLDIEO.pt,56,56,56,2,2,0.5148376
maxpool_finegrained1_9MZLPA.pt,56,74,74,2,2,0.49283457999999997
maxpool_finegrained1_7DX66K.pt,56,79,79,2,2,0.45217651999999986
maxpool_finegrained1_9ZW8CU.pt,56,50,50,2,2,0.42541358000000007
maxpool_finegrained1_LQL01R.pt,56,59,59,2,2,0.36027707999999997
maxpool_finegrained1_7IN4IU.pt,56,67,67,2,2,0.5061417599999999
maxpool_finegrained1_IHABQZ.pt,56,49,49,2,2,0.39419521999999985
maxpool_finegrained1_WTOZHY.pt,56,90,90,2,2,0.7419235399999999
maxpool_finegrained1_VSDPB6.pt,56,54,54,2,2,0.41441047999999997
maxpool_finegrained1_2U182X.pt,56,51,51,2,2,0.37120110000000006
maxpool_finegrained1_25LJTF.pt,14,252,252,2,1,0.3376079200000001
maxpool_finegrained1_B4XLHN.pt,14,561,561,2,1,0.8216914799999998
maxpool_finegrained1_L9KM8M.pt,14,359,359,2,1,0.5793983999999999
maxpool_finegrained1_9UXNFU.pt,14,580,580,2,1,0.88124674
maxpool_finegrained1_VA6W2X.pt,14,418,418,2,1,0.8982993800000003
maxpool_finegrained1_YZDWMB.pt,14,294,294,2,1,0.70991214
maxpool_finegrained1_9VJADH.pt,14,378,378,2,1,0.5621879799999999
maxpool_finegrained1_XFZIMG.pt,14,250,250,2,1,0.3461701399999999
maxpool_finegrained1_T9PILH.pt,14,344,344,2,1,0.4839337599999999
maxpool_finegrained1_HSH665.pt,14,373,373,2,1,1.02982212
maxpool_finegrained1_F2J5FM.pt,14,389,389,2,1,0.6742196200000001
maxpool_finegrained1_P8WF5E.pt,14,581,581,2,1,1.02361256
maxpool_finegrained1_9LQZX2.pt,14,298,298,2,1,0.4684421800000001
maxpool_finegrained1_G2MRWR.pt,14,513,513,2,1,0.8877706
maxpool_finegrained1_B6A5IP.pt,14,554,554,2,1,0.9979740799999999
maxpool_finegrained1_G4I8G1.pt,14,278,278,2,1,0.42715127999999986
maxpool_finegrained1_QA0DU2.pt,14,441,441,2,1,1.02064332
maxpool_finegrained1_AHUI13.pt,14,405,405,2,1,0.94013378
maxpool_finegrained1_DLO5PI.pt,14,437,437,2,1,0.7670128600000001
maxpool_finegrained1_5DXIGN.pt,14,474,474,2,1,0.7679938
maxpool_finegrained1_6FKWTX.pt,224,37,37,2,1,4.02993406
maxpool_finegrained1_C2ZUIE.pt,224,45,45,2,1,3.896578679999999
maxpool_finegrained1_Z0WOHQ.pt,224,40,40,2,1,3.8427941199999993
maxpool_finegrained1_HLI1WZ.pt,224,32,32,2,1,2.7061282000000006
maxpool_finegrained1_7E81KL.pt,224,42,42,2,1,3.9917271000000003
maxpool_finegrained1_CDGG5K.pt,224,63,63,2,1,5.256775399999999
maxpool_finegrained1_KD5FUG.pt,224,60,60,2,1,5.3276973
maxpool_finegrained1_8G19KD.pt,224,65,65,2,1,6.595488719999999
maxpool_finegrained1_633ZEP.pt,224,58,58,2,1,5.22282606
maxpool_finegrained1_9TJI38.pt,224,55,55,2,1,5.2494995200000005
maxpool_finegrained1_UH0T8Y.pt,224,28,28,2,1,2.6993409199999996
maxpool_finegrained1_3WEA33.pt,224,52,52,2,1,5.250054060000001
maxpool_finegrained1_QDV4O2.pt,224,39,39,2,1,3.816857199999999
maxpool_finegrained1_BR4N5F.pt,224,47,47,2,1,3.9702227200000006
maxpool_finegrained1_LH4ZI7.pt,224,59,59,2,1,5.21608938
maxpool_finegrained1_QYIG97.pt,224,57,57,2,1,5.3848310800000005
maxpool_finegrained1_HOBZSA.pt,224,64,64,2,1,5.28829472
maxpool_finegrained1_B5RAYT.pt,224,54,54,2,1,5.149071
maxpool_finegrained1_S3173U.pt,224,33,33,2,1,3.65328382
maxpool_finegrained1_714T3A.pt,224,53,53,2,1,5.167094560000001
maxpool_finegrained1_ZBT36X.pt,56,76,76,2,2,0.4503786
maxpool_finegrained1_HA7K7D.pt,56,145,145,2,2,1.0243697
maxpool_finegrained1_F13S93.pt,56,120,120,2,2,0.8453428000000004
maxpool_finegrained1_KSY309.pt,56,151,151,2,2,1.06390788
maxpool_finegrained1_9YA7NY.pt,56,103,103,2,2,0.7631156200000001
maxpool_finegrained1_XKWQR0.pt,56,113,113,2,2,1.0546410600000002
maxpool_finegrained1_N9RRXN.pt,56,104,104,2,2,0.6719313400000001
maxpool_finegrained1_BZJDSC.pt,56,86,86,2,2,0.59295714
maxpool_finegrained1_LZFA7O.pt,56,116,116,2,2,0.8438535600000001
maxpool_finegrained1_VB59XE.pt,56,143,143,2,2,0.9089789800000001
maxpool_finegrained1_57KB0S.pt,56,117,117,2,2,0.9899715799999995
maxpool_finegrained1_BJLDDI.pt,56,97,97,2,2,0.73949124
maxpool_finegrained1_KVA1TR.pt,56,140,140,2,2,1.06052122
maxpool_finegrained1_5K77C4.pt,56,80,80,2,2,0.6714210800000002
maxpool_finegrained1_X51L1W.pt,56,78,78,2,2,0.5207743600000001
maxpool_finegrained1_10R3UX.pt,56,93,93,2,2,0.7602502600000001
maxpool_finegrained1_XCLBMD.pt,56,73,73,2,2,0.6285713400000001
maxpool_finegrained1_MX5TNP.pt,56,69,69,2,2,0.6032904200000001
maxpool_finegrained1_4L6BAC.pt,56,119,119,2,2,1.06137006
maxpool_finegrained1_83R24L.pt,56,96,96,2,2,0.7271434600000001
maxpool_finegrained1_LVIR0Y.pt,28,154,154,2,1,0.8823961
maxpool_finegrained1_KLPMB1.pt,28,138,138,2,1,0.8068588800000001
maxpool_finegrained1_DJSLQ8.pt,28,129,129,2,1,0.8555076000000001
maxpool_finegrained1_EXGSG9.pt,28,86,86,2,1,0.57428464
maxpool_finegrained1_T0V7NV.pt,28,90,90,2,1,0.7751082199999996
maxpool_finegrained1_LBCQDV.pt,28,119,119,2,1,0.8777355800000002
maxpool_finegrained1_S9Y78H.pt,28,80,80,2,1,0.6059987
maxpool_finegrained1_P8GJO6.pt,28,117,117,2,1,0.78041646
maxpool_finegrained1_RERXZN.pt,28,94,94,2,1,0.6776146000000002
maxpool_finegrained1_ENFT8S.pt,28,77,77,2,1,0.6732734
maxpool_finegrained1_YF8Z75.pt,28,101,101,2,1,0.13160275999999996
maxpool_finegrained1_B0FFRM.pt,28,72,72,2,1,0.41509924000000004
maxpool_finegrained1_8ANXYF.pt,28,130,130,2,1,0.8582438599999999
maxpool_finegrained1_LRJYFW.pt,28,110,110,2,1,0.7306462599999999
maxpool_finegrained1_D59JLL.pt,28,162,162,2,1,1.09367954
maxpool_finegrained1_EF9Z30.pt,28,99,99,2,1,0.6928512600000002
maxpool_finegrained1_FWJYGU.pt,28,100,100,2,1,0.61679824
maxpool_finegrained1_TFHYTH.pt,28,111,111,2,1,0.7136558399999998
maxpool_finegrained1_MSW38T.pt,28,142,142,2,1,0.9375597999999999
maxpool_finegrained1_DDLOT4.pt,28,163,163,2,1,0.9966270799999997
maxpool_finegrained1_FVEU8E.pt,56,539,539,2,2,1.5623392799999996
maxpool_finegrained1_MYUQGK.pt,56,446,446,2,2,2.0110306200000014
maxpool_finegrained1_PB03DT.pt,56,336,336,2,2,1.22059606
maxpool_finegrained1_28963J.pt,56,491,491,2,2,1.6669778799999995
maxpool_finegrained1_GFA5SE.pt,56,346,346,2,2,1.7657499799999994
maxpool_finegrained1_V0LGX7.pt,56,593,593,2,2,1.35950828
maxpool_finegrained1_O1MVN6.pt,56,322,322,2,2,1.7702939599999996
maxpool_finegrained1_BGBGE4.pt,56,523,523,2,2,1.7055113800000001
maxpool_finegrained1_01OLTX.pt,56,417,417,2,2,1.21739678
maxpool_finegrained1_OP4BXJ.pt,56,354,354,2,2,1.2420730999999998
maxpool_finegrained1_XQQRUG.pt,56,301,301,2,2,1.67423536
maxpool_finegrained1_102UXV.pt,56,576,576,2,2,2.32989676
maxpool_finegrained1_2KZE40.pt,56,383,383,2,2,1.8555879599999998
maxpool_finegrained1_FCSP4U.pt,56,459,459,2,2,1.9239952399999998
maxpool_finegrained1_7PIKPN.pt,56,594,594,2,2,1.6581480199999996
maxpool_finegrained1_W4X0SH.pt,56,534,534,2,2,1.69209186
maxpool_finegrained1_6VSPS1.pt,56,498,498,2,2,1.7770022599999993
maxpool_finegrained1_POWW4H.pt,56,333,333,2,2,1.82133846
maxpool_finegrained1_57E9QJ.pt,56,519,519,2,2,1.2696818799999998
maxpool_finegrained1_JAUTV1.pt,56,467,467,2,2,1.2046208799999998
maxpool_finegrained1_DET07N.pt,28,527,527,2,2,1.04385116
maxpool_finegrained1_66WUJ3.pt,28,485,485,2,2,0.9938042199999999
maxpool_finegrained1_WF61LQ.pt,28,257,257,2,2,0.6700891600000002
maxpool_finegrained1_JR1CPP.pt,28,542,542,2,2,0.8883366600000002
maxpool_finegrained1_YOKA3A.pt,28,564,564,2,2,0.9218543800000001
maxpool_finegrained1_70VOUI.pt,28,261,261,2,2,0.6296032399999999
maxpool_finegrained1_UVH8IP.pt,28,321,321,2,2,0.5264569399999999
maxpool_finegrained1_FZMP8Z.pt,28,498,498,2,2,0.9464122399999997
maxpool_finegrained1_4NHW4S.pt,28,259,259,2,2,0.45736595999999996
maxpool_finegrained1_8P0CSU.pt,28,456,456,2,2,0.7195067800000001
maxpool_finegrained1_SJDEU7.pt,28,391,391,2,2,0.6493900199999998
maxpool_finegrained1_20YF20.pt,28,376,376,2,2,0.5998614800000002
maxpool_finegrained1_BW817Y.pt,28,254,254,2,2,0.41076296000000007
maxpool_finegrained1_55276T.pt,28,594,594,2,2,0.9824236999999999
maxpool_finegrained1_8AUA1T.pt,28,606,606,2,2,0.9775079800000002
maxpool_finegrained1_7SEZ8G.pt,28,263,263,2,2,0.51560784
maxpool_finegrained1_RCHIF6.pt,28,554,554,2,2,1.1847508599999999
maxpool_finegrained1_TEPVFX.pt,28,570,570,2,2,0.96606166
maxpool_finegrained1_5U5J40.pt,28,325,325,2,2,0.6054099199999999
maxpool_finegrained1_59D93Z.pt,28,309,309,2,2,0.6959825799999999
maxpool_finegrained1_0DCKRA.pt,14,320,320,2,2,0.031321339999999996
maxpool_finegrained1_CN51OZ.pt,14,504,504,2,2,0.22401578000000005
maxpool_finegrained1_5U5UK4.pt,14,276,276,2,2,0.1621801
maxpool_finegrained1_KCNHLZ.pt,14,427,427,2,2,0.31503658
maxpool_finegrained1_JBK33D.pt,14,289,289,2,2,0.14279774
maxpool_finegrained1_Z91F1U.pt,14,326,326,2,2,0.15959241999999998
maxpool_finegrained1_7TNL7V.pt,14,325,325,2,2,0.15327117999999998
maxpool_finegrained1_AOXBSY.pt,14,296,296,2,2,0.17066015999999998
maxpool_finegrained1_CLLKWF.pt,14,597,597,2,2,0.28965543999999993
maxpool_finegrained1_11J2EB.pt,14,399,399,2,2,0.18568918
maxpool_finegrained1_KW0U0P.pt,14,498,498,2,2,0.29424256000000004
maxpool_finegrained1_GN4S28.pt,14,270,270,2,2,0.13785048
maxpool_finegrained1_CP91NI.pt,14,347,347,2,2,0.15164918
maxpool_finegrained1_L2U04S.pt,14,575,575,2,2,0.2791657
maxpool_finegrained1_ETOZCP.pt,14,524,524,2,2,0.24770424
maxpool_finegrained1_QPFXJO.pt,14,549,549,2,2,0.24281154000000002
maxpool_finegrained1_CB3SSH.pt,14,257,257,2,2,0.13750706
maxpool_finegrained1_VJ0YT6.pt,14,423,423,2,2,0.2928789
maxpool_finegrained1_UTW8DT.pt,14,364,364,2,2,0.15554137999999998
maxpool_finegrained1_PO9362.pt,14,335,335,2,2,0.14726988
maxpool_finegrained1_T28Y5O.pt,14,56,56,2,1,0.12831322000000003
maxpool_finegrained1_OMKR80.pt,14,30,30,2,1,0.10383786000000002
maxpool_finegrained1_TR76DW.pt,14,36,36,2,1,0.11620030000000003
maxpool_finegrained1_6EVQVS.pt,14,41,41,2,1,0.11447054
maxpool_finegrained1_GZ4LF9.pt,14,61,61,2,1,0.12867876
maxpool_finegrained1_OTK43Q.pt,14,29,29,2,1,0.10235891999999999
maxpool_finegrained1_HVN521.pt,14,28,28,2,1,0.1036435
maxpool_finegrained1_3Y6MLN.pt,14,32,32,2,1,0.10253990000000002
maxpool_finegrained1_WB434A.pt,14,35,35,2,1,0.14229278000000004
maxpool_finegrained1_ZUH5PB.pt,14,65,65,2,1,0.18453326000000003
maxpool_finegrained1_TW8T6Z.pt,14,59,59,2,1,0.12635095999999998
maxpool_finegrained1_DGWSFS.pt,14,57,57,2,1,0.18619948000000006
maxpool_finegrained1_PTXXEN.pt,14,52,52,2,1,0.12791972000000004
maxpool_finegrained1_F28I6G.pt,14,39,39,2,1,0.14547145999999997
maxpool_finegrained1_S75SD5.pt,14,47,47,2,1,0.16946563999999995
maxpool_finegrained1_L63DAV.pt,14,44,44,2,1,0.11578245999999995
maxpool_finegrained1_GYKU1W.pt,14,34,34,2,1,0.11039840000000002
maxpool_finegrained1_M6R8P9.pt,14,37,37,2,1,0.11124790000000001
maxpool_finegrained1_OY0WG9.pt,14,60,60,2,1,0.1293875
maxpool_finegrained1_C9Q48G.pt,14,31,31,2,1,0.09919581999999999
maxpool_finegrained1_6RL4VC.pt,14,232,232,2,2,0.11963167999999999
maxpool_finegrained1_GLANL9.pt,14,179,179,2,2,0.12019659999999999
maxpool_finegrained1_GA825W.pt,14,187,187,2,2,0.11030675999999998
maxpool_finegrained1_2V8A4G.pt,14,229,229,2,2,0.12256559999999996
maxpool_finegrained1_Q4MQFC.pt,14,171,171,2,2,0.11350864
maxpool_finegrained1_VM60RS.pt,14,130,130,2,2,0.10468939999999999
maxpool_finegrained1_PKK9OC.pt,14,241,241,2,2,0.1303891
maxpool_finegrained1_9F566C.pt,14,139,139,2,2,0.10470238000000003
maxpool_finegrained1_8YCUUY.pt,14,147,147,2,2,0.10913678
maxpool_finegrained1_7BMKSQ.pt,14,200,200,2,2,0.11807850000000006
maxpool_finegrained1_C5QPP3.pt,14,124,124,2,2,0.019630639999999998
maxpool_finegrained1_3NLRTZ.pt,14,195,195,2,2,0.11766758000000004
maxpool_finegrained1_DNSUHD.pt,14,183,183,2,2,0.11861516
maxpool_finegrained1_GBCFSP.pt,14,110,110,2,2,0.10198384
maxpool_finegrained1_QE6FPG.pt,14,121,121,2,2,0.10079048
maxpool_finegrained1_PNBCG9.pt,14,172,172,2,2,0.10446032000000001
maxpool_finegrained1_7KDHZQ.pt,14,145,145,2,2,0.0930612
maxpool_finegrained1_FFJO1E.pt,14,119,119,2,2,0.10904883999999998
maxpool_finegrained1_6ENXC3.pt,14,103,103,2,2,0.11039448000000002
maxpool_finegrained1_G4G9KE.pt,14,170,170,2,2,0.11200304000000007
maxpool_finegrained1_X3GRZ6.pt,14,767,767,2,2,0.2829061200000001
maxpool_finegrained1_IFWD13.pt,14,731,731,2,2,0.26875818000000007
maxpool_finegrained1_LY9PPX.pt,14,653,653,2,2,0.3678522000000001
maxpool_finegrained1_RVN7N7.pt,14,894,894,2,2,0.3297366399999999
maxpool_finegrained1_S6ZYZ7.pt,14,563,563,2,2,0.23017732000000005
maxpool_finegrained1_WDUIK5.pt,14,841,841,2,2,0.44701108000000006
maxpool_finegrained1_ZDLI68.pt,14,472,472,2,2,0.26743302
maxpool_finegrained1_GKBH90.pt,14,605,605,2,2,0.22986927999999998
maxpool_finegrained1_LUGOTA.pt,14,979,979,2,2,0.46079383999999995
maxpool_finegrained1_XAYWRG.pt,14,717,717,2,2,0.34064132
maxpool_finegrained1_CMIVCZ.pt,14,612,612,2,2,0.2658100400000001
maxpool_finegrained1_LMWQ2N.pt,14,874,874,2,2,0.31912236000000005
maxpool_finegrained1_FXGNNJ.pt,14,708,708,2,2,0.3372457000000001
maxpool_finegrained1_1QIEEP.pt,14,1004,1004,2,2,0.5886165599999998
maxpool_finegrained1_BOQAPH.pt,14,783,783,2,2,0.30085088
maxpool_finegrained1_WRVWN7.pt,14,976,976,2,2,0.35923804
maxpool_finegrained1_PW1WMM.pt,14,608,608,2,2,0.29155508
maxpool_finegrained1_0EIZSD.pt,14,632,632,2,2,0.25837650000000006
maxpool_finegrained1_VQDATK.pt,14,978,978,2,2,0.3822123
maxpool_finegrained1_EGW0GT.pt,14,718,718,2,2,0.2662630200000001
maxpool_finegrained1_MJ7LEY.pt,14,366,366,3,2,0.20030668000000001
maxpool_finegrained1_1G2QW2.pt,14,330,330,3,2,0.2299483
maxpool_finegrained1_10A23A.pt,14,484,484,3,2,0.42601741999999987
maxpool_finegrained1_47J5VW.pt,14,395,395,3,2,0.29452560000000005
maxpool_finegrained1_D3EDIA.pt,14,301,301,3,2,0.3117342799999999
maxpool_finegrained1_J879EX.pt,14,442,442,3,2,0.29655914000000005
maxpool_finegrained1_09CZAL.pt,14,509,509,3,2,0.4372324999999999
maxpool_finegrained1_P5AZF7.pt,14,373,373,3,2,0.3773540000000001
maxpool_finegrained1_4RPGIQ.pt,14,289,289,3,2,0.2615282199999999
maxpool_finegrained1_04X6CK.pt,14,251,251,3,2,0.1508671
maxpool_finegrained1_HJNETG.pt,14,579,579,3,2,0.34692842
maxpool_finegrained1_2XBHPP.pt,14,581,581,3,2,0.37551804000000005
maxpool_finegrained1_B93VHQ.pt,14,424,424,3,2,0.31106454000000006
maxpool_finegrained1_PXZYSQ.pt,14,440,440,3,2,0.3398260799999999
maxpool_finegrained1_LMXMCN.pt,14,381,381,3,2,0.30061526
maxpool_finegrained1_DLW27E.pt,14,516,516,3,2,0.3834374200000001
maxpool_finegrained1_6GXDCF.pt,14,515,515,3,2,0.28005742000000006
maxpool_finegrained1_A3Q2QD.pt,14,343,343,3,2,0.19407004000000005
maxpool_finegrained1_V8YU9Y.pt,14,553,553,3,2,0.4370367800000001
maxpool_finegrained1_FT30MR.pt,14,520,520,3,2,0.3276681800000001
maxpool_finegrained1_RRVR45.pt,14,49,49,2,2,0.01528062
maxpool_finegrained1_CL4L5N.pt,14,33,33,2,2,0.08656911999999994
maxpool_finegrained1_EHKADJ.pt,14,56,56,2,2,0.11986483999999999
maxpool_finegrained1_G2200B.pt,14,35,35,2,2,0.08709861999999999
maxpool_finegrained1_AUMCEQ.pt,14,30,30,2,2,0.08381424000000001
maxpool_finegrained1_R3DYL7.pt,14,34,34,2,2,0.08634069999999999
maxpool_finegrained1_63IO5K.pt,14,39,39,2,2,0.08602490000000003
maxpool_finegrained1_GY93EQ.pt,14,58,58,2,2,0.08973086000000001
maxpool_finegrained1_FAEUIU.pt,14,37,37,2,2,0.08911136000000001
maxpool_finegrained1_LJRALY.pt,14,38,38,2,2,0.08706819999999998
maxpool_finegrained1_Q2ZGVY.pt,14,45,45,2,2,0.09124835999999999
maxpool_finegrained1_Q8N1AH.pt,14,51,51,2,2,0.09943575999999998
maxpool_finegrained1_VVFAH9.pt,14,60,60,2,2,0.10262956000000001
maxpool_finegrained1_8GWVPK.pt,14,57,57,2,2,0.11445308000000001
maxpool_finegrained1_9QLT48.pt,14,40,40,2,2,0.09124366
maxpool_finegrained1_YMOAZ3.pt,14,54,54,2,2,0.09225618000000002
maxpool_finegrained1_553KIN.pt,14,50,50,2,2,0.10652418000000002
maxpool_finegrained1_RMMJ6B.pt,14,55,55,2,2,0.08279721999999999
maxpool_finegrained1_RWGL8A.pt,14,29,29,2,2,0.09458231999999998
maxpool_finegrained1_9W7QXG.pt,14,31,31,2,2,0.08330198
maxpool_finegrained1_EBWLO9.pt,28,38,38,2,2,0.14441036000000002
maxpool_finegrained1_JQVQPT.pt,28,42,42,2,2,0.12870652000000005
maxpool_finegrained1_YYPPR7.pt,28,68,68,2,2,0.14008231999999995
maxpool_finegrained1_SV9RGZ.pt,28,32,32,2,2,0.10127444
maxpool_finegrained1_IQF2KI.pt,28,46,46,2,2,0.12126233999999997
maxpool_finegrained1_ZJ2RNX.pt,28,67,67,2,2,0.14026616000000003
maxpool_finegrained1_7GB6OU.pt,28,63,63,2,2,0.20049648
maxpool_finegrained1_3C3FKI.pt,28,62,62,2,2,0.12781083999999998
maxpool_finegrained1_QO82PQ.pt,28,34,34,2,2,0.14551989999999998
maxpool_finegrained1_SAQZVN.pt,28,33,33,2,2,0.11367327999999999
maxpool_finegrained1_WZ9IMB.pt,28,55,55,2,2,0.13219061999999998
maxpool_finegrained1_M8VRDR.pt,28,37,37,2,2,0.11391362000000001
maxpool_finegrained1_V06YIN.pt,28,66,66,2,2,0.21835856
maxpool_finegrained1_G6VRHM.pt,28,54,54,2,2,0.14095420000000003
maxpool_finegrained1_P32U2G.pt,28,39,39,2,2,0.12407349999999999
maxpool_finegrained1_5IZM3I.pt,28,57,57,2,2,0.18339685999999997
maxpool_finegrained1_EQK2UZ.pt,28,71,71,2,2,0.18365584000000001
maxpool_finegrained1_TQYICU.pt,28,50,50,2,2,0.14612584
maxpool_finegrained1_VS163N.pt,28,40,40,2,2,0.11368817999999997
maxpool_finegrained1_RVXO76.pt,28,70,70,2,2,0.1406577
maxpool_finegrained1_SQYB9L.pt,14,559,559,3,2,0.6018633599999998
maxpool_finegrained1_XU0JUG.pt,14,401,401,3,2,0.2601266000000001
maxpool_finegrained1_O410PC.pt,14,518,518,3,2,0.47660736
maxpool_finegrained1_HS2CO0.pt,14,345,345,3,2,0.27452550000000003
maxpool_finegrained1_RCVGOG.pt,14,454,454,3,2,0.42729730000000016
maxpool_finegrained1_CXPFJK.pt,14,258,258,3,2,0.20750639999999992
maxpool_finegrained1_76DXID.pt,14,448,448,3,2,0.23187316
maxpool_finegrained1_2MYJ8V.pt,14,563,563,3,2,0.43206557999999995
maxpool_finegrained1_PDMQ9T.pt,14,472,472,3,2,0.27262341999999995
maxpool_finegrained1_L0KID0.pt,14,385,385,3,2,0.24769955999999993
maxpool_finegrained1_ZC0U5X.pt,14,590,590,3,2,0.062162240000000014
maxpool_finegrained1_KNM96S.pt,14,578,578,3,2,0.33739128
maxpool_finegrained1_LIYBO1.pt,14,308,308,3,2,0.17469612
maxpool_finegrained1_PNXJM4.pt,14,311,311,3,2,0.18001026
maxpool_finegrained1_I98K7V.pt,14,366,366,3,2,0.19644202
maxpool_finegrained1_MPOFCA.pt,14,501,501,3,2,0.45233586000000003
maxpool_finegrained1_0DSAN2.pt,14,344,344,3,2,0.28826394
maxpool_finegrained1_RT675Z.pt,14,318,318,3,2,0.22804463999999997
maxpool_finegrained1_ODWYSC.pt,14,573,573,3,2,0.2979197599999999
maxpool_finegrained1_SUTR3E.pt,14,580,580,3,2,0.30678788000000007
maxpool_finegrained1_4LSL69.pt,112,65,65,2,2,0.9156321399999999
maxpool_finegrained1_QSOKJ7.pt,112,60,60,2,2,1.2430728200000003
maxpool_finegrained1_V9QC7H.pt,112,35,35,2,2,0.5640843199999999
maxpool_finegrained1_YARL9Y.pt,112,57,57,2,2,1.0940227200000003
maxpool_finegrained1_G891I1.pt,112,70,70,2,2,0.8866084599999999
maxpool_finegrained1_T1ZNLN.pt,112,81,81,2,2,1.05511178
maxpool_finegrained1_1MYV4C.pt,112,78,78,2,2,1.4655945200000002
maxpool_finegrained1_DRWW08.pt,112,71,71,2,2,0.8883762799999998
maxpool_finegrained1_DYBJTV.pt,112,67,67,2,2,0.9697529
maxpool_finegrained1_8YV3YX.pt,112,39,39,2,2,0.9918702
maxpool_finegrained1_8XFHX2.pt,112,75,75,2,2,1.3713430800000004
maxpool_finegrained1_S6SI0E.pt,112,72,72,2,2,1.0313202599999998
maxpool_finegrained1_4AJH3L.pt,112,40,40,2,2,1.0061328800000002
maxpool_finegrained1_0YCFTD.pt,112,53,53,2,2,0.96555078
maxpool_finegrained1_66QNNU.pt,112,59,59,2,2,1.0407811200000001
maxpool_finegrained1_M7WW3G.pt,112,41,41,2,2,1.20272244
maxpool_finegrained1_7SF2PA.pt,112,80,80,2,2,1.4583114000000001
maxpool_finegrained1_LCE7CD.pt,112,64,64,2,2,1.6541906800000004
maxpool_finegrained1_TE07F0.pt,112,74,74,2,2,1.37247746
maxpool_finegrained1_DPBLB1.pt,112,54,54,2,2,0.9747705200000003
maxpool_finegrained1_WFJ7L3.pt,14,880,880,3,2,0.9619943800000001
maxpool_finegrained1_UN1UTV.pt,14,684,684,3,2,0.53704966
maxpool_finegrained1_5SDF1G.pt,14,864,864,3,2,0.48766211999999987
maxpool_finegrained1_F2XUVZ.pt,14,747,747,3,2,0.4506982199999999
maxpool_finegrained1_8G64LT.pt,14,793,793,3,2,0.6211187800000001
maxpool_finegrained1_LQHE26.pt,14,914,914,3,2,0.6054612599999999
maxpool_finegrained1_MAO1CO.pt,14,648,648,3,2,0.3747154199999999
maxpool_finegrained1_I7R1GP.pt,14,434,434,3,2,0.31982232000000005
maxpool_finegrained1_3P5C66.pt,14,931,931,3,2,0.6136227000000001
maxpool_finegrained1_2YE1NL.pt,14,967,967,3,2,0.70709754
maxpool_finegrained1_QMNOJZ.pt,14,892,892,3,2,0.5196911399999999
maxpool_finegrained1_9RPW3X.pt,14,957,957,3,2,0.66622844
maxpool_finegrained1_KZAADU.pt,14,635,635,3,2,0.4607049600000001
maxpool_finegrained1_VIY1FR.pt,14,576,576,3,2,0.30066015999999995
maxpool_finegrained1_RNHB6F.pt,14,512,512,3,2,0.33031822000000005
maxpool_finegrained1_65Y8T5.pt,14,777,777,3,2,0.42287354000000016
maxpool_finegrained1_EBSOX5.pt,14,861,861,3,2,0.5075191599999999
maxpool_finegrained1_UCWMD7.pt,14,550,550,3,2,0.29045654000000004
maxpool_finegrained1_KOQ0EP.pt,14,958,958,3,2,0.5325033
maxpool_finegrained1_772QNW.pt,14,483,483,3,2,0.25919622000000003
maxpool_finegrained1_F3IK5Q.pt,28,523,523,3,1,1.76837146
maxpool_finegrained1_JVJ5OU.pt,28,354,354,3,1,1.0270581199999997
maxpool_finegrained1_ASZTHO.pt,28,581,581,3,1,2.3072537
maxpool_finegrained1_74NDXB.pt,28,413,413,3,1,2.0387501
maxpool_finegrained1_0CEEN0.pt,28,247,247,3,1,1.2841413200000003
maxpool_finegrained1_CIOEVK.pt,28,510,510,3,1,1.87001694
maxpool_finegrained1_BOEWV9.pt,28,378,378,3,1,1.6686700399999999
maxpool_finegrained1_D3MCAT.pt,28,439,439,3,1,1.7549681999999998
maxpool_finegrained1_ENAQRT.pt,28,303,303,3,1,1.2522757599999996
maxpool_finegrained1_HL36W3.pt,28,431,431,3,1,1.8521798799999991
maxpool_finegrained1_DOC611.pt,28,327,327,3,1,1.5632012000000004
maxpool_finegrained1_TBM9YL.pt,28,436,436,3,1,1.29073024
maxpool_finegrained1_MF0C8B.pt,28,586,586,3,1,1.4427442199999998
maxpool_finegrained1_2IQUZI.pt,28,387,387,3,1,1.9740921799999993
maxpool_finegrained1_4TAOQM.pt,28,527,527,3,1,1.7478001599999997
maxpool_finegrained1_2XY068.pt,28,452,452,3,1,1.64980358
maxpool_finegrained1_60I67E.pt,28,371,371,3,1,1.56540446
maxpool_finegrained1_0OVWWL.pt,28,435,435,3,1,1.31615534
maxpool_finegrained1_MEYXLJ.pt,28,468,468,3,1,1.3137799
maxpool_finegrained1_V7YNIN.pt,28,486,486,3,1,1.87033052
maxpool_finegrained1_ANLGIM.pt,28,473,473,2,2,0.8439075399999999
maxpool_finegrained1_RPNVFP.pt,28,342,342,2,2,0.58220996
maxpool_finegrained1_65OH9G.pt,28,303,303,2,2,0.52013436
maxpool_finegrained1_ZVWX9V.pt,28,485,485,2,2,0.8573778799999998
maxpool_finegrained1_JKQMVG.pt,28,558,558,2,2,0.9191145599999999
maxpool_finegrained1_O5MUT5.pt,28,255,255,2,2,0.44178569999999995
maxpool_finegrained1_Z3Z6CI.pt,28,576,576,2,2,1.0121413600000004
maxpool_finegrained1_2EGOMB.pt,28,442,442,2,2,0.9156616399999998
maxpool_finegrained1_4IEMP3.pt,28,545,545,2,2,0.9669561600000001
maxpool_finegrained1_1PRQ3R.pt,28,449,449,2,2,0.75898108
maxpool_finegrained1_Y25YR6.pt,28,577,577,2,2,0.9810150599999997
maxpool_finegrained1_SKVV0Q.pt,28,417,417,2,2,1.0277265800000002
maxpool_finegrained1_PXLZQH.pt,28,271,271,2,2,0.6337008199999999
maxpool_finegrained1_DN8Y4E.pt,28,588,588,2,2,1.0591583
maxpool_finegrained1_VF1SAC.pt,28,527,527,2,2,0.93142748
maxpool_finegrained1_WL8BZW.pt,28,308,308,2,2,0.7378041799999997
maxpool_finegrained1_FGBNGK.pt,28,520,520,2,2,0.9027212199999998
maxpool_finegrained1_YUMT3Q.pt,28,539,539,2,2,0.9931268999999996
maxpool_finegrained1_XSBKQZ.pt,28,310,310,2,2,0.8792434400000002
maxpool_finegrained1_GSM39V.pt,28,253,253,2,2,0.36240868000000004
maxpool_finegrained1_47B13H.pt,224,369,369,2,2,10.979969759999996
maxpool_finegrained1_JNFJW4.pt,224,513,513,2,2,14.131338459999997
maxpool_finegrained1_98PQIK.pt,224,444,444,2,2,13.19133018
maxpool_finegrained1_Z85Z1T.pt,224,471,471,2,2,13.014067120000002
maxpool_finegrained1_E1EXTU.pt,224,485,485,2,2,14.7676463
maxpool_finegrained1_R1HG8W.pt,224,375,375,2,2,11.088222920000003
maxpool_finegrained1_ICI28S.pt,224,545,545,2,2,16.376671959999996
maxpool_finegrained1_42CAHI.pt,224,445,445,2,2,12.591710060000002
maxpool_finegrained1_N6P7LT.pt,224,404,404,2,2,13.344576780000002
maxpool_finegrained1_A8DU2R.pt,224,396,396,2,2,11.642448160000004
maxpool_finegrained1_JW04WP.pt,224,579,579,2,2,16.200762199999996
maxpool_finegrained1_FRSW4H.pt,224,325,325,2,2,8.02905048
maxpool_finegrained1_L2JWAX.pt,224,431,431,2,2,11.952881500000004
maxpool_finegrained1_86T1EB.pt,224,318,318,2,2,7.639749340000001
maxpool_finegrained1_J0J3GV.pt,224,301,301,2,2,7.502418619999999
maxpool_finegrained1_DUM7PX.pt,224,342,342,2,2,9.733190720000003
maxpool_finegrained1_O978JP.pt,224,330,330,2,2,8.106242240000004
maxpool_finegrained1_0F2OT8.pt,224,287,287,2,2,6.981245400000001
maxpool_finegrained1_286GQV.pt,224,285,285,2,2,7.512476120000001
maxpool_finegrained1_RY3OML.pt,224,564,564,2,2,15.63642888
maxpool_finegrained1_GVSK9A.pt,14,533,533,2,2,0.22286664000000006
maxpool_finegrained1_95N1V8.pt,14,294,294,2,2,0.16027741999999998
maxpool_finegrained1_XAMVAT.pt,14,267,267,2,2,0.13267879999999999
maxpool_finegrained1_ATDHOS.pt,14,524,524,2,2,0.29973001999999993
maxpool_finegrained1_CJAC6C.pt,14,507,507,2,2,0.22752189999999994
maxpool_finegrained1_NFUCU2.pt,14,308,308,2,2,0.2052696
maxpool_finegrained1_1D7EGT.pt,14,576,576,2,2,0.31756382000000005
maxpool_finegrained1_O9INA7.pt,14,345,345,2,2,0.15780458
maxpool_finegrained1_PFC6OP.pt,14,278,278,2,2,0.13197841999999999
maxpool_finegrained1_5X5P8C.pt,14,485,485,2,2,0.19216173999999994
maxpool_finegrained1_L7DLTL.pt,14,359,359,2,2,0.2867052600000001
maxpool_finegrained1_BQJIA2.pt,14,618,618,2,2,0.25704711999999996
maxpool_finegrained1_8HLJ5N.pt,14,604,604,2,2,0.3017049599999999
maxpool_finegrained1_UYW5DU.pt,14,545,545,2,2,0.3724149000000001
maxpool_finegrained1_43SPTQ.pt,14,352,352,2,2,0.16922956
maxpool_finegrained1_T699AG.pt,14,323,323,2,2,0.14830268
maxpool_finegrained1_70ODAL.pt,14,434,434,2,2,0.18509469999999997
maxpool_finegrained1_NXEEH2.pt,14,475,475,2,2,0.25820470000000006
maxpool_finegrained1_FSL0TI.pt,14,399,399,2,2,0.16221284
maxpool_finegrained1_LNL39H.pt,14,298,298,2,2,0.18142736000000004
maxpool_finegrained1_HDMZ76.pt,56,518,518,3,2,1.3449527199999998
maxpool_finegrained1_7ZC16N.pt,56,287,287,3,2,1.9281302599999999
maxpool_finegrained1_LFUA3X.pt,56,436,436,3,2,1.3522876600000004
maxpool_finegrained1_ZZBOB4.pt,56,417,417,3,2,1.4610491400000003
maxpool_finegrained1_0TDXCA.pt,56,426,426,3,2,1.18946472
maxpool_finegrained1_DHUCB4.pt,56,294,294,3,2,1.22510454
maxpool_finegrained1_Z7VXO2.pt,56,432,432,3,2,1.6562877599999999
maxpool_finegrained1_EZ3YP0.pt,56,416,416,3,2,1.7491122199999996
maxpool_finegrained1_CKWU3A.pt,56,547,547,3,2,1.6342621000000002
maxpool_finegrained1_IO7BUO.pt,56,331,331,3,2,1.2944558599999996
maxpool_finegrained1_SF2RPM.pt,56,550,550,3,2,1.8366103400000002
maxpool_finegrained1_5DGB1N.pt,56,492,492,3,2,1.8544597800000004
maxpool_finegrained1_S2LOHZ.pt,56,389,389,3,2,1.4186374800000008
maxpool_finegrained1_2MLCNF.pt,56,335,335,3,2,2.1425222600000002
maxpool_finegrained1_JF92IE.pt,56,267,267,3,2,1.49207752
maxpool_finegrained1_WUMYXJ.pt,56,462,462,3,2,1.50950636
maxpool_finegrained1_CP7256.pt,56,338,338,3,2,1.0970753800000004
maxpool_finegrained1_B8ORHT.pt,56,344,344,3,2,1.8517115199999992
maxpool_finegrained1_KMWVZC.pt,56,439,439,3,2,2.16186046
maxpool_finegrained1_T8R6Q2.pt,56,505,505,3,2,1.6307002800000001
maxpool_finegrained1_DPOJ3I.pt,112,236,236,2,2,1.58027232
maxpool_finegrained1_PI54D1.pt,112,140,140,2,2,2.11871182
maxpool_finegrained1_CQFK74.pt,112,235,235,2,2,2.23717738
maxpool_finegrained1_QARYNF.pt,112,184,184,2,2,1.5883540600000001
maxpool_finegrained1_1D4SWR.pt,112,198,198,2,2,1.4520762800000007
maxpool_finegrained1_LCG1Q5.pt,112,176,176,2,2,1.4664392600000002
maxpool_finegrained1_VDDVP8.pt,112,231,231,2,2,1.5149262399999999
maxpool_finegrained1_X9RYA7.pt,112,208,208,2,2,2.2591660799999995
maxpool_finegrained1_O5WCTT.pt,112,222,222,2,2,1.6767790800000002
maxpool_finegrained1_THL5PX.pt,112,230,230,2,2,1.9321127200000001
maxpool_finegrained1_9HQCMM.pt,112,286,286,2,2,2.732376939999999
maxpool_finegrained1_06625H.pt,112,134,134,2,2,1.51400166
maxpool_finegrained1_KKFND4.pt,112,136,136,2,2,1.4454993399999996
maxpool_finegrained1_VP9NEZ.pt,112,207,207,2,2,2.38168718
maxpool_finegrained1_SG4A8L.pt,112,234,234,2,2,1.4970756999999995
maxpool_finegrained1_JWSEOS.pt,112,237,237,2,2,1.97139608
maxpool_finegrained1_47A8G4.pt,112,130,130,2,2,1.2461684800000001
maxpool_finegrained1_IPIR9S.pt,112,238,238,2,2,1.9625567200000007
maxpool_finegrained1_5C63EX.pt,112,284,284,2,2,2.5926791599999994
maxpool_finegrained1_LMGL0H.pt,112,246,246,2,2,1.9910834599999994
maxpool_finegrained1_ZSDLMS.pt,28,25,25,2,2,0.13931068
maxpool_finegrained1_0UF7GL.pt,28,26,26,2,2,0.10056730000000004
maxpool_finegrained1_C678EV.pt,28,35,35,2,2,0.10461496
maxpool_finegrained1_7D96K5.pt,28,49,49,2,2,0.13799914000000002
maxpool_finegrained1_9M26TW.pt,28,56,56,2,2,0.1337144
maxpool_finegrained1_7J5N61.pt,28,38,38,2,2,0.11164256
maxpool_finegrained1_6DDPZF.pt,28,45,45,2,2,0.11465582000000003
maxpool_finegrained1_QE1VR5.pt,28,44,44,2,2,0.11319794000000001
maxpool_finegrained1_T1D477.pt,28,30,30,2,2,0.10171290000000002
maxpool_finegrained1_CHTCT2.pt,28,24,24,2,2,0.0928191
maxpool_finegrained1_IK1Z7L.pt,28,41,41,2,2,0.11017850000000003
maxpool_finegrained1_H8U2VF.pt,28,36,36,2,2,0.10981378
maxpool_finegrained1_YJ5U45.pt,28,31,31,2,2,0.13137287999999997
maxpool_finegrained1_ET4VGX.pt,28,46,46,2,2,0.12514959999999997
maxpool_finegrained1_BY0SFH.pt,28,32,32,2,2,0.10003455999999998
maxpool_finegrained1_UTT9EB.pt,28,50,50,2,2,0.16765903999999995
maxpool_finegrained1_EEC5G3.pt,28,48,48,2,2,0.15668194
maxpool_finegrained1_E5X02V.pt,28,27,27,2,2,0.11501943999999999
maxpool_finegrained1_NCN0BN.pt,28,51,51,2,2,0.12659569999999998
maxpool_finegrained1_MEF7GW.pt,28,57,57,2,2,0.15992482000000005
maxpool_finegrained1_G5CWTQ.pt,14,580,580,3,2,0.35572607999999994
maxpool_finegrained1_L9CY8U.pt,14,471,471,3,2,0.26704664
maxpool_finegrained1_GJ8QE0.pt,14,581,581,3,2,0.3851252000000001
maxpool_finegrained1_HYKKS1.pt,14,332,332,3,2,0.24863645999999992
maxpool_finegrained1_3OG8ZN.pt,14,519,519,3,2,0.46720526000000007
maxpool_finegrained1_K9SCNY.pt,14,364,364,3,2,0.32170161999999997
maxpool_finegrained1_HULOYL.pt,14,433,433,3,2,0.34346812
maxpool_finegrained1_A60Y68.pt,14,333,333,3,2,0.23016578
maxpool_finegrained1_KL6FYJ.pt,14,425,425,3,2,0.23129288000000003
maxpool_finegrained1_F6M2I3.pt,14,494,494,3,2,0.25527922000000003
maxpool_finegrained1_DM5UYH.pt,14,384,384,3,2,0.05743033999999998
maxpool_finegrained1_VLMPDC.pt,14,443,443,3,2,0.23048084000000008
maxpool_finegrained1_WNZKUI.pt,14,416,416,3,2,0.21670660000000003
maxpool_finegrained1_WJ4YFP.pt,14,359,359,3,2,0.27733804
maxpool_finegrained1_T68BGD.pt,14,367,367,3,2,0.24932434
maxpool_finegrained1_AFXIS9.pt,14,597,597,3,2,0.39818696
maxpool_finegrained1_E6X1X0.pt,14,270,270,3,2,0.22298360000000006
maxpool_finegrained1_LB8KAT.pt,14,273,273,3,2,0.21985753999999996
maxpool_finegrained1_WTI1NM.pt,14,516,516,3,2,0.32372822
maxpool_finegrained1_S6CFPZ.pt,14,485,485,3,2,0.35294074000000003
maxpool_finegrained1_1YVEWD.pt,112,91,91,2,2,1.23131288
maxpool_finegrained1_XT4KQX.pt,112,63,63,2,2,1.4988405600000005
maxpool_finegrained1_ZL2MFO.pt,112,74,74,2,2,1.5388739200000003
maxpool_finegrained1_5TS44X.pt,112,60,60,2,2,1.1989024200000002
maxpool_finegrained1_8F71W7.pt,112,65,65,2,2,0.7827453000000001
maxpool_finegrained1_WZ11TC.pt,112,92,92,2,2,1.20875282
maxpool_finegrained1_IP7CIC.pt,112,54,54,2,2,1.0235436400000004
maxpool_finegrained1_TMUC2Z.pt,112,83,83,2,2,1.6602477399999997
maxpool_finegrained1_I06G95.pt,112,94,94,2,2,1.2682094
maxpool_finegrained1_YNENKC.pt,112,69,69,2,2,1.3677810199999998
maxpool_finegrained1_F0O0YF.pt,112,75,75,2,2,1.6028845999999999
maxpool_finegrained1_ZOUBIG.pt,112,62,62,2,2,1.2202900200000002
maxpool_finegrained1_1D0F0S.pt,112,70,70,2,2,1.0413887999999998
maxpool_finegrained1_KUOSBJ.pt,112,47,47,2,2,1.0927973600000005
maxpool_finegrained1_EO17V0.pt,112,56,56,2,2,1.0915873599999997
maxpool_finegrained1_FWCU6K.pt,112,87,87,2,2,1.0934375800000005
maxpool_finegrained1_ATMAA4.pt,112,67,67,2,2,0.89194612
maxpool_finegrained1_LCV1BD.pt,112,44,44,2,2,1.1687586
maxpool_finegrained1_0SWZS2.pt,112,45,45,2,2,1.0858310000000002
maxpool_finegrained1_TVSRNU.pt,112,66,66,2,2,0.9777798399999996
maxpool_finegrained1_YSCUKU.pt,14,152,152,2,2,0.11868531999999998
maxpool_finegrained1_MQUMZM.pt,14,272,272,2,2,0.03902556
maxpool_finegrained1_JAEB7P.pt,14,292,292,2,2,0.15480883999999998
maxpool_finegrained1_TMDZ5G.pt,14,261,261,2,2,0.13352360000000005
maxpool_finegrained1_3I7TMF.pt,14,245,245,2,2,0.13212751999999997
maxpool_finegrained1_J61EN0.pt,14,212,212,2,2,0.12359234000000002
maxpool_finegrained1_93FU2D.pt,14,258,258,2,2,0.1322488
maxpool_finegrained1_H5U2TK.pt,14,142,142,2,2,0.10669819999999998
maxpool_finegrained1_UMFJYT.pt,14,247,247,2,2,0.14051484000000003
maxpool_finegrained1_TLKB5I.pt,14,196,196,2,2,0.12481878
maxpool_finegrained1_CF57JA.pt,14,189,189,2,2,0.12212188000000002
maxpool_finegrained1_L1VMGO.pt,14,160,160,2,2,0.11471508
maxpool_finegrained1_7O1VVU.pt,14,191,191,2,2,0.14470923999999996
maxpool_finegrained1_B91O3Y.pt,14,139,139,2,2,0.11367256
maxpool_finegrained1_EFCCDO.pt,14,129,129,2,2,0.12345918000000002
maxpool_finegrained1_WCQPQZ.pt,14,284,284,2,2,0.14840467999999998
maxpool_finegrained1_42GB5J.pt,14,181,181,2,2,0.11692673999999999
maxpool_finegrained1_WS076X.pt,14,184,184,2,2,0.12926522
maxpool_finegrained1_OEO5YC.pt,14,290,290,2,2,0.144108
maxpool_finegrained1_72WE4J.pt,14,135,135,2,2,0.11079438
maxpool_finegrained1_OYD7ZG.pt,14,149,149,3,2,0.026348899999999998
maxpool_finegrained1_Q64CRW.pt,14,118,118,3,2,0.13659045999999997
maxpool_finegrained1_N4ORW0.pt,14,79,79,3,2,0.12407074
maxpool_finegrained1_XDVP9C.pt,14,125,125,3,2,0.12084171999999999
maxpool_finegrained1_JYJIXX.pt,14,162,162,3,2,0.13320116
maxpool_finegrained1_V9W6QB.pt,14,101,101,3,2,0.10906250000000002
maxpool_finegrained1_9TUYAE.pt,14,154,154,3,2,0.17364607999999998
maxpool_finegrained1_XK8BYS.pt,14,71,71,3,2,0.10056948
maxpool_finegrained1_FZ5N18.pt,14,130,130,3,2,0.119516
maxpool_finegrained1_CDJBW2.pt,14,164,164,3,2,0.12981442000000004
maxpool_finegrained1_F10Q8B.pt,14,147,147,3,2,0.12208799999999996
maxpool_finegrained1_8NRVWU.pt,14,74,74,3,2,0.10232967999999998
maxpool_finegrained1_N9OYXU.pt,14,145,145,3,2,0.12996934000000002
maxpool_finegrained1_QPM58U.pt,14,113,113,3,2,0.11255835999999998
maxpool_finegrained1_W3TICK.pt,14,110,110,3,2,0.13669498
maxpool_finegrained1_Q7K4UN.pt,14,89,89,3,2,0.10417235999999999
maxpool_finegrained1_XNG9JH.pt,14,107,107,3,2,0.15701956
maxpool_finegrained1_CKCV1S.pt,14,122,122,3,2,0.12185050000000003
maxpool_finegrained1_ECAH99.pt,14,148,148,3,2,0.12221208
maxpool_finegrained1_3C6YVJ.pt,14,78,78,3,2,0.10734376000000001
maxpool_finegrained1_2A25DV.pt,56,300,300,3,2,1.58973222
maxpool_finegrained1_NVCUNN.pt,56,335,335,3,2,2.19278928
maxpool_finegrained1_TERNQ8.pt,56,282,282,3,2,1.82740682
maxpool_finegrained1_LH0B4D.pt,56,488,488,3,2,1.5153858200000005
maxpool_finegrained1_TOKFRR.pt,56,298,298,3,2,1.5527645200000004
maxpool_finegrained1_V3UV0D.pt,56,514,514,3,2,1.3431572199999993
maxpool_finegrained1_4DY13H.pt,56,304,304,3,2,1.1802694999999999
maxpool_finegrained1_89D527.pt,56,470,470,3,2,1.5697131400000002
maxpool_finegrained1_2SWFZR.pt,56,418,418,3,2,1.6343953199999997
maxpool_finegrained1_VLQHDI.pt,56,399,399,3,2,2.070326660000001
maxpool_finegrained1_O7VKCX.pt,56,345,345,3,2,1.6181219000000004
maxpool_finegrained1_RONTC7.pt,56,520,520,3,2,1.5157853200000002
maxpool_finegrained1_TR2NCP.pt,56,380,380,3,2,1.9113816599999995
maxpool_finegrained1_HC7Z9R.pt,56,334,334,3,2,1.6776681600000003
maxpool_finegrained1_QDD3R7.pt,56,355,355,3,2,1.67567862
maxpool_finegrained1_OWTLF9.pt,56,360,360,3,2,1.5422601400000002
maxpool_finegrained1_VLU88C.pt,56,381,381,3,2,2.5447394
maxpool_finegrained1_ZJJUAM.pt,56,276,276,3,2,1.1572127399999999
maxpool_finegrained1_O2XG4R.pt,56,518,518,3,2,1.5180171399999995
maxpool_finegrained1_IK71HP.pt,56,374,374,3,2,1.1525999200000001
maxpool_finegrained1_7MMTAY.pt,112,49,49,3,1,1.937579759999999
maxpool_finegrained1_PAX09U.pt,112,45,45,3,1,1.57774042
maxpool_finegrained1_M11WTN.pt,112,70,70,3,1,2.588754760000001
maxpool_finegrained1_HB5B9B.pt,112,66,66,3,1,2.4432753
maxpool_finegrained1_G3Z0P8.pt,112,43,43,3,1,1.5116666600000002
maxpool_finegrained1_4A7UPZ.pt,112,64,64,3,1,2.22584132
maxpool_finegrained1_6OI56P.pt,112,67,67,3,1,2.46313578
maxpool_finegrained1_6IKM59.pt,112,39,39,3,1,1.5042410000000004
maxpool_finegrained1_J7J4OB.pt,112,63,63,3,1,2.1020279399999997
maxpool_finegrained1_NC3SBS.pt,112,48,48,3,1,1.9638368200000005
maxpool_finegrained1_2A73KU.pt,112,53,53,3,1,2.0282542400000008
maxpool_finegrained1_VMUPGC.pt,112,52,52,3,1,1.955139539999999
maxpool_finegrained1_3Q9CS2.pt,112,60,60,3,1,2.0168668799999994
maxpool_finegrained1_O5CK56.pt,112,68,68,3,1,2.51682746
maxpool_finegrained1_GOQC0Z.pt,112,36,36,3,1,1.44890424
maxpool_finegrained1_I5CEF9.pt,112,62,62,3,1,1.9944602399999996
maxpool_finegrained1_UWPKBW.pt,112,72,72,3,1,2.53434232
maxpool_finegrained1_O83VW0.pt,112,50,50,3,1,1.9333173999999993
maxpool_finegrained1_ED1199.pt,112,59,59,3,1,1.9399249999999997
maxpool_finegrained1_0QJ9VE.pt,112,47,47,3,1,1.63959844
maxpool_finegrained1_L8IQKR.pt,56,45,45,3,2,0.5469396799999999
maxpool_finegrained1_VQRE6B.pt,56,53,53,3,2,0.7283856199999998
maxpool_finegrained1_Q2GP89.pt,56,33,33,3,2,0.42926590000000003
maxpool_finegrained1_ZQGAYU.pt,56,50,50,3,2,0.7296859800000002
maxpool_finegrained1_YJQ66P.pt,56,29,29,3,2,0.2871855599999999
maxpool_finegrained1_P4QPZR.pt,56,28,28,3,2,0.33193096
maxpool_finegrained1_CHHJ41.pt,56,30,30,3,2,0.3591207000000001
maxpool_finegrained1_FX0KK7.pt,56,34,34,3,2,0.49316996000000024
maxpool_finegrained1_9E2X0T.pt,56,43,43,3,2,0.41423156
maxpool_finegrained1_GQEW45.pt,56,32,32,3,2,0.3468283000000001
maxpool_finegrained1_1LNW9Q.pt,56,41,41,3,2,0.48757209999999995
maxpool_finegrained1_JXJCYG.pt,56,44,44,3,2,0.6396248999999998
maxpool_finegrained1_CBVNKJ.pt,56,40,40,3,2,0.47236318
maxpool_finegrained1_3OCA4Y.pt,56,31,31,3,2,0.2789080200000001
maxpool_finegrained1_INP301.pt,56,57,57,3,2,0.7373752600000002
maxpool_finegrained1_TBV37N.pt,56,27,27,3,2,0.26895914
maxpool_finegrained1_KS7GTD.pt,56,47,47,3,2,0.5864203800000001
maxpool_finegrained1_L9JGZ7.pt,56,55,55,3,2,0.6108203199999999
maxpool_finegrained1_R0Y682.pt,56,48,48,3,2,0.49025940000000007
maxpool_finegrained1_G0CH9M.pt,56,60,60,3,2,0.6222989400000001
maxpool_finegrained1_FX77UM.pt,28,110,110,2,2,0.20788942000000002
maxpool_finegrained1_JM66OG.pt,28,167,167,2,2,0.30731656
maxpool_finegrained1_VUL2ZR.pt,28,147,147,2,2,0.44913291999999994
maxpool_finegrained1_JJQAKB.pt,28,113,113,2,2,0.27663084000000004
maxpool_finegrained1_UL87SW.pt,28,166,166,2,2,0.3399241
maxpool_finegrained1_HL16AW.pt,28,97,97,2,2,0.16684702
maxpool_finegrained1_F3DE7X.pt,28,111,111,2,2,0.18505220000000006
maxpool_finegrained1_U2DQIU.pt,28,145,145,2,2,0.23271924
maxpool_finegrained1_4HQSQ9.pt,28,102,102,2,2,0.21163406000000007
maxpool_finegrained1_3WWVNK.pt,28,93,93,2,2,0.29950656000000003
maxpool_finegrained1_YEAVIQ.pt,28,88,88,2,2,0.21532556
maxpool_finegrained1_ROKX4U.pt,28,105,105,2,2,0.21995118000000002
maxpool_finegrained1_OF61KM.pt,28,148,148,2,2,0.3022636800000001
maxpool_finegrained1_96CD8A.pt,28,75,75,2,2,0.14134264
maxpool_finegrained1_NY05DJ.pt,28,92,92,2,2,0.19652482
maxpool_finegrained1_4CLMHT.pt,28,137,137,2,2,0.18986090000000005
maxpool_finegrained1_EFGY57.pt,28,83,83,2,2,0.16151322000000004
maxpool_finegrained1_45UWAC.pt,28,151,151,2,2,0.30615490000000006
maxpool_finegrained1_N0BK4Y.pt,28,143,143,2,2,0.21197603999999998
maxpool_finegrained1_YATNXL.pt,28,157,157,2,2,0.22373556000000006
maxpool_finegrained1_6VQDQ4.pt,14,358,358,2,2,0.03170408
maxpool_finegrained1_JTKBDT.pt,14,424,424,2,2,0.28001541999999996
maxpool_finegrained1_53XN3I.pt,14,594,594,2,2,0.24674323999999997
maxpool_finegrained1_8LBDII.pt,14,435,435,2,2,0.2617735599999999
maxpool_finegrained1_3OCQF0.pt,14,473,473,2,2,0.2687182800000001
maxpool_finegrained1_7GCCJ9.pt,14,318,318,2,2,0.18951388000000002
maxpool_finegrained1_55NAW4.pt,14,384,384,2,2,0.08994802000000002
maxpool_finegrained1_5OWAD1.pt,14,389,389,2,2,0.24684689999999995
maxpool_finegrained1_176SV1.pt,14,440,440,2,2,0.22552994
maxpool_finegrained1_VIB39S.pt,14,370,370,2,2,0.17427809999999996
maxpool_finegrained1_BQVIG2.pt,14,303,303,2,2,0.14336171999999997
maxpool_finegrained1_G9UB33.pt,14,383,383,2,2,0.24113816
maxpool_finegrained1_H2HYNA.pt,14,591,591,2,2,0.22609481999999992
maxpool_finegrained1_SCTX0U.pt,14,342,342,2,2,0.23975052000000008
maxpool_finegrained1_6B5EJE.pt,14,431,431,2,2,0.19176168000000002
maxpool_finegrained1_JAON0B.pt,14,263,263,2,2,0.20203467999999994
maxpool_finegrained1_RD6U0A.pt,14,262,262,2,2,0.19026104000000008
maxpool_finegrained1_JISCVB.pt,14,420,420,2,2,0.25495686
maxpool_finegrained1_0XKD87.pt,14,496,496,2,2,0.18719313999999998
maxpool_finegrained1_H4CV5G.pt,14,488,488,2,2,0.18815616000000002
maxpool_finegrained1_M4IJTB.pt,56,140,140,2,1,1.0399345599999998
maxpool_finegrained1_MCZTJ0.pt,56,182,182,2,1,1.32190836
maxpool_finegrained1_ZGQW70.pt,56,236,236,2,1,1.5846242000000001
maxpool_finegrained1_7XWJ6Z.pt,56,148,148,2,1,1.12550026
maxpool_finegrained1_4IM8K2.pt,56,211,211,2,1,1.4413392600000003
maxpool_finegrained1_JZ9381.pt,56,213,213,2,1,1.6449056599999994
maxpool_finegrained1_70SKQJ.pt,56,128,128,2,1,1.3557911999999996
maxpool_finegrained1_ZZR98N.pt,56,139,139,2,1,1.2624012399999998
maxpool_finegrained1_AB4EFO.pt,56,270,270,2,1,1.78213358
maxpool_finegrained1_K8VCZH.pt,56,240,240,2,1,1.7688741
maxpool_finegrained1_DWYD24.pt,56,135,135,2,1,1.42427924
maxpool_finegrained1_JXXYQX.pt,56,181,181,2,1,1.3598038
maxpool_finegrained1_G3RP8N.pt,56,188,188,2,1,1.4498749599999998
maxpool_finegrained1_BT65C5.pt,56,206,206,2,1,1.8129666599999996
maxpool_finegrained1_3YSA30.pt,56,184,184,2,1,1.8011745
maxpool_finegrained1_1BS7F1.pt,56,280,280,2,1,1.5534513799999998
maxpool_finegrained1_DIUU8G.pt,56,195,195,2,1,1.0320659800000003
maxpool_finegrained1_PQ762Y.pt,56,233,233,2,1,1.8663707600000004
maxpool_finegrained1_FAXKS6.pt,56,239,239,2,1,1.8235486599999995
maxpool_finegrained1_2ZXH6B.pt,56,281,281,2,1,1.8071390999999999
maxpool_finegrained1_4TVK54.pt,112,64,64,2,1,1.7935489399999998
maxpool_finegrained1_UO5MJ8.pt,112,49,49,2,1,1.2367893799999998
maxpool_finegrained1_GC9RGP.pt,112,60,60,2,1,1.37336054
maxpool_finegrained1_QZFYZ3.pt,112,56,56,2,1,1.3417811799999995
maxpool_finegrained1_LZ6MHX.pt,112,32,32,2,1,1.4501076399999995
maxpool_finegrained1_77E6A1.pt,112,62,62,2,1,1.52810196
maxpool_finegrained1_D6AUYD.pt,112,59,59,2,1,1.3758212399999998
maxpool_finegrained1_VT25MD.pt,112,37,37,2,1,1.1686475800000005
maxpool_finegrained1_CCSI4H.pt,112,57,57,2,1,1.3308587399999998
maxpool_finegrained1_QYUWIQ.pt,112,52,52,2,1,1.3072251199999996
maxpool_finegrained1_MEI9SB.pt,112,48,48,2,1,1.57543682
maxpool_finegrained1_L6AQIZ.pt,112,69,69,2,1,1.6870648000000004
maxpool_finegrained1_3CZT9P.pt,112,36,36,2,1,1.0536421800000002
maxpool_finegrained1_OQY14Z.pt,112,31,31,2,1,1.3522126200000002
maxpool_finegrained1_71ATUW.pt,112,35,35,2,1,1.2103141400000004
maxpool_finegrained1_GVP2ET.pt,112,30,30,2,1,1.31884412
maxpool_finegrained1_VO5G4M.pt,112,42,42,2,1,1.1078207200000003
maxpool_finegrained1_Y0LWAW.pt,112,46,46,2,1,1.6284685399999999
maxpool_finegrained1_SHSVFN.pt,112,54,54,2,1,1.2929518200000003
maxpool_finegrained1_C33FOP.pt,112,66,66,2,1,1.6859249400000003
maxpool_finegrained1_V73AGF.pt,14,235,235,3,2,0.14818802000000006
maxpool_finegrained1_WSXXNP.pt,14,152,152,3,2,0.1236025
maxpool_finegrained1_W3YL10.pt,14,163,163,3,2,0.13080074
maxpool_finegrained1_R78VQA.pt,14,126,126,3,2,0.11785083999999997
maxpool_finegrained1_GCQ7EB.pt,14,168,168,3,2,0.12840186000000003
maxpool_finegrained1_ES9AO4.pt,14,149,149,3,2,0.12567868000000001
maxpool_finegrained1_D6XP0L.pt,14,202,202,3,2,0.14451650000000002
maxpool_finegrained1_HQ2FL0.pt,14,257,257,3,2,0.15572508000000002
maxpool_finegrained1_0BV0V0.pt,14,131,131,3,2,0.11571213999999999
maxpool_finegrained1_LOR46M.pt,14,209,209,3,2,0.14204582
maxpool_finegrained1_Z9R5PV.pt,14,264,264,3,2,0.1560885
maxpool_finegrained1_IPDJZZ.pt,14,172,172,3,2,0.13694109999999995
maxpool_finegrained1_A2QDC0.pt,14,222,222,3,2,0.15576426
maxpool_finegrained1_WYLWQ0.pt,14,117,117,3,2,0.14207430000000004
maxpool_finegrained1_7IDSTL.pt,14,174,174,3,2,0.12299670000000001
maxpool_finegrained1_IKZ164.pt,14,245,245,3,2,0.16915434
maxpool_finegrained1_BCY0R8.pt,14,277,277,3,2,0.20542288
maxpool_finegrained1_OBUH5R.pt,14,211,211,3,2,0.14391804
maxpool_finegrained1_CVBSFO.pt,14,158,158,3,2,0.13002044
maxpool_finegrained1_CNIGRK.pt,14,195,195,3,2,0.14475314000000003
maxpool_finegrained1_MP8GBD.pt,14,279,279,2,2,0.18932442
maxpool_finegrained1_1VVUV4.pt,14,489,489,2,2,0.20806169999999993
maxpool_finegrained1_DHRWF1.pt,14,449,449,2,2,0.22650470000000006
maxpool_finegrained1_3XTQZR.pt,14,266,266,2,2,0.1651975
maxpool_finegrained1_MC0CV2.pt,14,581,581,2,2,0.39224886000000003
maxpool_finegrained1_AM98IH.pt,14,577,577,2,2,0.29261484
maxpool_finegrained1_2IBT56.pt,14,573,573,2,2,0.2956729799999999
maxpool_finegrained1_H1CY9L.pt,14,352,352,2,2,0.1622681
maxpool_finegrained1_RC6T1O.pt,14,452,452,2,2,0.21091008
maxpool_finegrained1_ZMVC4O.pt,14,381,381,2,2,0.28345119999999996
maxpool_finegrained1_SIWAUK.pt,14,386,386,2,2,0.20466018000000002
maxpool_finegrained1_YFV5WO.pt,14,542,542,2,2,0.28217672000000005
maxpool_finegrained1_5P9UH7.pt,14,530,530,2,2,0.21224986
maxpool_finegrained1_R2MKR3.pt,14,443,443,2,2,0.17906885999999997
maxpool_finegrained1_DF3CMU.pt,14,591,591,2,2,0.22474339999999998
maxpool_finegrained1_XUVY2H.pt,14,408,408,2,2,0.18166833999999998
maxpool_finegrained1_SE4G26.pt,14,370,370,2,2,0.17605437999999995
maxpool_finegrained1_MN9PPM.pt,14,354,354,2,2,0.19313019999999995
maxpool_finegrained1_FHZMZ8.pt,14,592,592,2,2,0.29391477999999993
maxpool_finegrained1_OPB190.pt,14,271,271,2,2,0.13155342
maxpool_finegrained1_Q97H72.pt,112,147,147,2,2,1.3272355000000002
maxpool_finegrained1_IICPUL.pt,112,139,139,2,2,1.2773478600000003
maxpool_finegrained1_S04XT1.pt,112,100,100,2,2,1.0506097199999997
maxpool_finegrained1_FY2FBE.pt,112,116,116,2,2,1.19039676
maxpool_finegrained1_AX3Y0E.pt,112,150,150,2,2,1.6704674400000004
maxpool_finegrained1_G79450.pt,112,67,67,2,2,1.0853123000000005
maxpool_finegrained1_56JJPE.pt,112,82,82,2,2,1.0040656000000001
maxpool_finegrained1_MUTVKO.pt,112,98,98,2,2,0.9662133199999998
maxpool_finegrained1_LIMRAI.pt,112,102,102,2,2,0.9438841199999998
maxpool_finegrained1_VCKKKM.pt,112,119,119,2,2,1.2624176200000001
maxpool_finegrained1_M0U7P3.pt,112,92,92,2,2,1.2815883
maxpool_finegrained1_BVMK7I.pt,112,104,104,2,2,1.5566889199999998
maxpool_finegrained1_55K7E3.pt,112,137,137,2,2,1.3766538200000005
maxpool_finegrained1_S9CRJH.pt,112,85,85,2,2,1.0396957599999996
maxpool_finegrained1_L0GW59.pt,112,120,120,2,2,1.1910611400000004
maxpool_finegrained1_WDP7IA.pt,112,118,118,2,2,1.28891272
maxpool_finegrained1_L8CQFW.pt,112,71,71,2,2,1.06049316
maxpool_finegrained1_7FLLNA.pt,112,86,86,2,2,1.0644958399999997
maxpool_finegrained1_SHB7XE.pt,112,64,64,2,2,1.4883324199999999
maxpool_finegrained1_VGV7KC.pt,112,149,149,2,2,1.34188186
maxpool_finegrained1_CYOMMG.pt,14,38,38,2,2,0.08564369999999999
maxpool_finegrained1_83XOJ6.pt,14,49,49,2,2,0.08338136
maxpool_finegrained1_0OA13B.pt,14,34,34,2,2,0.09773456000000003
maxpool_finegrained1_NAN62V.pt,14,66,66,2,2,0.09182210000000002
maxpool_finegrained1_TJX76X.pt,14,62,62,2,2,0.09030204000000001
maxpool_finegrained1_YG19G1.pt,14,48,48,2,2,0.08723134000000003
maxpool_finegrained1_85HL6P.pt,14,53,53,2,2,0.08843720000000001
maxpool_finegrained1_0P8OTU.pt,14,39,39,2,2,0.08730384
maxpool_finegrained1_YVMPYN.pt,14,37,37,2,2,0.085491
maxpool_finegrained1_5VPQ0Z.pt,14,44,44,2,2,0.08525604000000002
maxpool_finegrained1_X4OS14.pt,14,57,57,2,2,0.09764131999999998
maxpool_finegrained1_8MHTW6.pt,14,32,32,2,2,0.08598520000000001
maxpool_finegrained1_4DD2WK.pt,14,40,40,2,2,0.09901394000000004
maxpool_finegrained1_K14MXS.pt,14,46,46,2,2,0.0814799
maxpool_finegrained1_S86KNP.pt,14,43,43,2,2,0.08085936
maxpool_finegrained1_OGYKYE.pt,14,42,42,2,2,0.0821602
maxpool_finegrained1_2GRY9C.pt,14,52,52,2,2,0.09998856000000003
maxpool_finegrained1_6MKLPU.pt,14,50,50,2,2,0.09162791999999997
maxpool_finegrained1_TFH3BM.pt,14,55,55,2,2,0.09042562000000004
maxpool_finegrained1_HRCJUM.pt,14,45,45,2,2,0.09313362000000001
maxpool_finegrained1_47ZMD7.pt,28,365,365,2,2,0.6877909600000001
maxpool_finegrained1_HYT4XR.pt,28,422,422,2,2,0.7000786599999997
maxpool_finegrained1_RW2MHA.pt,28,421,421,2,2,0.7835805200000001
maxpool_finegrained1_CQ1BAH.pt,28,590,590,2,2,0.9983631200000004
maxpool_finegrained1_OXPG8J.pt,28,444,444,2,2,1.0248176400000004
maxpool_finegrained1_EG3RRA.pt,28,356,356,2,2,0.8516204
maxpool_finegrained1_SNVY9B.pt,28,366,366,2,2,0.39824536
maxpool_finegrained1_9L73CV.pt,28,298,298,2,2,0.47980757999999996
maxpool_finegrained1_0J00BP.pt,28,399,399,2,2,0.8855838599999997
maxpool_finegrained1_L1PJH4.pt,28,538,538,2,2,0.8807726000000001
maxpool_finegrained1_9CWD97.pt,28,532,532,2,2,0.16879148
maxpool_finegrained1_FU8JAG.pt,28,265,265,2,2,0.4615436600000001
maxpool_finegrained1_TSGR9U.pt,28,289,289,2,2,0.44354960000000004
maxpool_finegrained1_R2B258.pt,28,285,285,2,2,0.47547237999999986
maxpool_finegrained1_M4KJFR.pt,28,570,570,2,2,1.10573446
maxpool_finegrained1_RHZ482.pt,28,464,464,2,2,0.85041646
maxpool_finegrained1_VSPAM8.pt,28,507,507,2,2,0.9025130399999999
maxpool_finegrained1_Y463FW.pt,28,360,360,2,2,0.5905069399999999
maxpool_finegrained1_EWM6PA.pt,28,380,380,2,2,0.6880670000000001
maxpool_finegrained1_5L4Q9T.pt,28,260,260,2,2,0.38335678000000006
maxpool_finegrained1_C07X0F.pt,14,240,240,3,2,0.14450894000000003
maxpool_finegrained1_DBKEZV.pt,14,143,143,3,2,0.11980528000000001
maxpool_finegrained1_NLZ42A.pt,14,144,144,3,2,0.15910466
maxpool_finegrained1_DUSCLR.pt,14,125,125,3,2,0.12300579999999998
maxpool_finegrained1_IC19E1.pt,14,214,214,3,2,0.13956367999999997
maxpool_finegrained1_QWOP92.pt,14,132,132,3,2,0.12633728
maxpool_finegrained1_3FKSKX.pt,14,183,183,3,2,0.13092432
maxpool_finegrained1_IQKRRX.pt,14,162,162,3,2,0.13273344
maxpool_finegrained1_JS0IZ5.pt,14,212,212,3,2,0.1446786
maxpool_finegrained1_D34KG2.pt,14,270,270,3,2,0.15947786000000005
maxpool_finegrained1_ZIZHJ6.pt,14,202,202,3,2,0.13743065999999998
maxpool_finegrained1_NJP88F.pt,14,246,246,3,2,0.15300242
maxpool_finegrained1_SE7IUT.pt,14,225,225,3,2,0.14927486
maxpool_finegrained1_MKYSCF.pt,14,190,190,3,2,0.13264792
maxpool_finegrained1_SRQ255.pt,14,150,150,3,2,0.12162976
maxpool_finegrained1_82T1B0.pt,14,264,264,3,2,0.16019366000000002
maxpool_finegrained1_90XJKW.pt,14,178,178,3,2,0.17092371999999997
maxpool_finegrained1_39R2WR.pt,14,223,223,3,2,0.14810811999999995
maxpool_finegrained1_K45UJ2.pt,14,256,256,3,2,0.15047321999999996
maxpool_finegrained1_PIKGYP.pt,14,257,257,3,2,0.15414289999999997
maxpool_finegrained1_3K8PVL.pt,112,54,54,3,2,0.9878575199999997
maxpool_finegrained1_STVNI2.pt,112,65,65,3,2,0.7866514799999997
maxpool_finegrained1_833E5A.pt,112,67,67,3,2,1.03054434
maxpool_finegrained1_S48I5G.pt,112,43,43,3,2,1.0793463599999997
maxpool_finegrained1_2FORZS.pt,112,40,40,3,2,1.0227788799999997
maxpool_finegrained1_T53AI7.pt,112,56,56,3,2,1.1120567199999996
maxpool_finegrained1_5WVA6M.pt,112,30,30,3,2,1.0977618200000003
maxpool_finegrained1_A096XQ.pt,112,71,71,3,2,1.0791342600000002
maxpool_finegrained1_U7FWGE.pt,112,52,52,3,2,1.20342928
maxpool_finegrained1_YHQG0P.pt,112,61,61,3,2,1.2198888000000003
maxpool_finegrained1_NIYFXO.pt,112,66,66,3,2,1.0509865599999995
maxpool_finegrained1_4AE6YV.pt,112,44,44,3,2,1.0303769799999998
maxpool_finegrained1_ODOIND.pt,112,38,38,3,2,1.1288555200000003
maxpool_finegrained1_T09327.pt,112,72,72,3,2,0.94714394
maxpool_finegrained1_CMWJZ9.pt,112,45,45,3,2,1.17566978
maxpool_finegrained1_3L9ZFL.pt,112,57,57,3,2,0.9843971199999999
maxpool_finegrained1_V7LBEU.pt,112,49,49,3,2,0.93699816
maxpool_finegrained1_S7U3A8.pt,112,60,60,3,2,1.2738295799999997
maxpool_finegrained1_8O5RLJ.pt,112,50,50,3,2,1.0106162799999998
maxpool_finegrained1_SQ0IOE.pt,112,59,59,3,2,1.2057033399999997
maxpool_finegrained1_FAL8NU.pt,28,39,39,2,2,0.03250931999999999
maxpool_finegrained1_UQDBMA.pt,28,43,43,2,2,0.1258361
maxpool_finegrained1_YYO6IA.pt,28,54,54,2,2,0.13814885999999993
maxpool_finegrained1_BQHCLZ.pt,28,38,38,2,2,0.11687768000000003
maxpool_finegrained1_AUUZPP.pt,28,75,75,2,2,0.16292691999999998
maxpool_finegrained1_Y93H41.pt,28,52,52,2,2,0.12544196000000002
maxpool_finegrained1_KR4QQH.pt,28,33,33,2,2,0.11854803999999998
maxpool_finegrained1_4QWH0K.pt,28,77,77,2,2,0.14009476000000004
maxpool_finegrained1_35GK4I.pt,28,63,63,2,2,0.20164900000000002
maxpool_finegrained1_ZJVDCH.pt,28,40,40,2,2,0.11752726
maxpool_finegrained1_U9UJ4S.pt,28,73,73,2,2,0.1395725
maxpool_finegrained1_VO6UAX.pt,28,62,62,2,2,0.12806094
maxpool_finegrained1_89R2HI.pt,28,56,56,2,2,0.13466357999999998
maxpool_finegrained1_F3Y5YO.pt,28,42,42,2,2,0.11205248000000002
maxpool_finegrained1_EOWZER.pt,28,72,72,2,2,0.15724275999999998
maxpool_finegrained1_6WTB0G.pt,28,48,48,2,2,0.11703670000000005
maxpool_finegrained1_JWF3D1.pt,28,67,67,2,2,0.14161303999999997
maxpool_finegrained1_427LWC.pt,28,49,49,2,2,0.17456222000000007
maxpool_finegrained1_9KYPVW.pt,28,78,78,2,2,0.1504016
maxpool_finegrained1_A9Q3U3.pt,28,51,51,2,2,0.1517114
maxpool_finegrained1_PD3TCX.pt,14,357,357,3,2,0.19488526
maxpool_finegrained1_NXWZEO.pt,14,477,477,3,2,0.24853153999999997
maxpool_finegrained1_2I45VR.pt,14,486,486,3,2,0.36286936
maxpool_finegrained1_497JFD.pt,14,596,596,3,2,0.4436448
maxpool_finegrained1_H1GZ28.pt,14,346,346,3,2,0.26400791999999995
maxpool_finegrained1_LVMX3Y.pt,14,541,541,3,2,0.27945790000000004
maxpool_finegrained1_2XN69R.pt,14,325,325,3,2,0.19023928
maxpool_finegrained1_SF6ERW.pt,14,412,412,3,2,0.2544511399999999
maxpool_finegrained1_3TAOWU.pt,14,554,554,3,2,0.4193878999999999
maxpool_finegrained1_1H0KS1.pt,14,316,316,3,2,0.2103186
maxpool_finegrained1_5VM49U.pt,14,400,400,3,2,0.22076798
maxpool_finegrained1_D1SEQB.pt,14,269,269,3,2,0.15805439999999998
maxpool_finegrained1_R6F254.pt,14,278,278,3,2,0.2540539
maxpool_finegrained1_NHEH98.pt,14,443,443,3,2,0.34153292
maxpool_finegrained1_QN4HQR.pt,14,593,593,3,2,0.34240532
maxpool_finegrained1_2JMYLH.pt,14,368,368,3,2,0.20830156000000002
maxpool_finegrained1_SO022V.pt,14,514,514,3,2,0.3566872800000001
maxpool_finegrained1_RMLQ9Z.pt,14,536,536,3,2,0.30703936000000004
maxpool_finegrained1_4FT986.pt,14,302,302,3,2,0.18141495999999996
maxpool_finegrained1_RO0UO7.pt,14,538,538,3,2,0.3903195999999998
maxpool_finegrained1_I945OR.pt,28,567,567,3,2,1.18984134
maxpool_finegrained1_S9E2SX.pt,28,460,460,3,2,1.1606728
maxpool_finegrained1_UIVS49.pt,28,406,406,3,2,1.0577047400000001
maxpool_finegrained1_O8NSGH.pt,28,478,478,3,2,1.2612216399999998
maxpool_finegrained1_2K9P35.pt,28,288,288,3,2,0.8029832400000001
maxpool_finegrained1_4YL1H8.pt,28,566,566,3,2,1.1479393199999999
maxpool_finegrained1_U6BN25.pt,28,452,452,3,2,1.17492574
maxpool_finegrained1_EZU97A.pt,28,524,524,3,2,1.2150402599999999
maxpool_finegrained1_MJV0GD.pt,28,339,339,3,2,1.0329031800000001
maxpool_finegrained1_RNELTG.pt,28,580,580,3,2,1.3405870000000004
maxpool_finegrained1_J8KDAU.pt,28,489,489,3,2,0.30019130000000005
maxpool_finegrained1_VRNXBJ.pt,28,390,390,3,2,1.12377132
maxpool_finegrained1_JUNL16.pt,28,498,498,3,2,1.1958233999999996
maxpool_finegrained1_FMMIUU.pt,28,371,371,3,2,1.1781018
maxpool_finegrained1_OJ7FWP.pt,28,423,423,3,2,1.1435595800000002
maxpool_finegrained1_13804R.pt,28,573,573,3,2,1.3352260400000002
maxpool_finegrained1_8RW6HT.pt,28,347,347,3,2,0.8757532599999999
maxpool_finegrained1_T7AIJ6.pt,28,346,346,3,2,0.8389182400000003
maxpool_finegrained1_6OUN29.pt,28,295,295,3,2,1.1371960799999998
maxpool_finegrained1_WQANFL.pt,28,424,424,3,2,1.1709291000000002
maxpool_finegrained1_WDJZO8.pt,56,32,32,3,1,1.2250185800000002
maxpool_finegrained1_PGZ84L.pt,56,40,40,3,1,0.96136818
maxpool_finegrained1_KHTJ94.pt,56,70,70,3,1,0.9105382
maxpool_finegrained1_R0JQ21.pt,56,43,43,3,1,1.1863423999999998
maxpool_finegrained1_RU29DL.pt,56,66,66,3,1,0.9319677399999999
maxpool_finegrained1_QJ2T26.pt,56,34,34,3,1,0.6451663199999998
maxpool_finegrained1_DIENRE.pt,56,72,72,3,1,1.06307562
maxpool_finegrained1_NIEYP5.pt,56,61,61,3,1,1.0395818000000003
maxpool_finegrained1_K323EI.pt,56,35,35,3,1,0.8721417200000002
maxpool_finegrained1_YNP0DM.pt,56,69,69,3,1,0.9024258000000002
maxpool_finegrained1_HSCASP.pt,56,38,38,3,1,0.9115610399999996
maxpool_finegrained1_7QVCCG.pt,56,74,74,3,1,1.0543355000000003
maxpool_finegrained1_QE3FZK.pt,56,42,42,3,1,1.1098120800000002
maxpool_finegrained1_OHWU3O.pt,56,68,68,3,1,1.12720058
maxpool_finegrained1_D9Z0MM.pt,56,36,36,3,1,0.6990988600000001
maxpool_finegrained1_AWPXM9.pt,56,41,41,3,1,0.99682062
maxpool_finegrained1_XR25L3.pt,56,45,45,3,1,1.2038618400000003
maxpool_finegrained1_70BXLT.pt,56,55,55,3,1,1.00109386
maxpool_finegrained1_WNR9ZZ.pt,56,63,63,3,1,1.48340722
maxpool_finegrained1_6M26IU.pt,56,60,60,3,1,1.1249189000000004
maxpool_finegrained1_MKIC4M.pt,28,111,111,3,2,0.34837632
maxpool_finegrained1_U4LB9O.pt,28,106,106,3,2,0.3094734600000001
maxpool_finegrained1_SI6WL5.pt,28,167,167,3,2,0.4596525799999999
maxpool_finegrained1_NV5ZSI.pt,28,170,170,3,2,0.3670973199999999
maxpool_finegrained1_HAZQCV.pt,28,121,121,3,2,0.258367
maxpool_finegrained1_P3J2KU.pt,28,165,165,3,2,0.4820591799999999
maxpool_finegrained1_FFTF8K.pt,28,158,158,3,2,0.5383280600000001
maxpool_finegrained1_QPNWPE.pt,28,157,157,3,2,0.5665009599999999
maxpool_finegrained1_SD1MW1.pt,28,149,149,3,2,0.39304298000000004
maxpool_finegrained1_TN7V1S.pt,28,156,156,3,2,0.44808746000000016
maxpool_finegrained1_B72S3R.pt,28,177,177,3,2,0.5211437
maxpool_finegrained1_LNXNL9.pt,28,224,224,3,2,0.49318942000000004
maxpool_finegrained1_Z9JDC7.pt,28,194,194,3,2,0.6594272400000001
maxpool_finegrained1_89KMOW.pt,28,237,237,3,2,0.8952349600000001
maxpool_finegrained1_LJB130.pt,28,175,175,3,2,0.49436251999999997
maxpool_finegrained1_G98UY1.pt,28,208,208,3,2,0.44521774000000003
maxpool_finegrained1_ODQ7YV.pt,28,148,148,3,2,0.3763052000000001
maxpool_finegrained1_GEBAVD.pt,28,133,133,3,2,0.50438414
maxpool_finegrained1_OSG5XB.pt,28,220,220,3,2,0.8572877
maxpool_finegrained1_OBDSCB.pt,28,192,192,3,2,0.7525961999999998
maxpool_finegrained1_S5541Z.pt,112,52,52,2,2,0.43693597999999995
maxpool_finegrained1_23N7H9.pt,112,32,32,2,2,0.86105512
maxpool_finegrained1_AHRSZ6.pt,112,43,43,2,2,1.0722876200000002
maxpool_finegrained1_DTKZAI.pt,112,40,40,2,2,0.9502897199999998
maxpool_finegrained1_5R4MFT.pt,112,53,53,2,2,1.1457950600000002
maxpool_finegrained1_DW5BXR.pt,112,67,67,2,2,0.9696627400000001
maxpool_finegrained1_IER71N.pt,112,57,57,2,2,1.1464343
maxpool_finegrained1_QS5MVA.pt,112,50,50,2,2,0.8880766999999997
maxpool_finegrained1_P4EMW6.pt,112,42,42,2,2,1.03109338
maxpool_finegrained1_STU018.pt,112,46,46,2,2,1.2763681399999998
maxpool_finegrained1_24J0V9.pt,112,37,37,2,2,0.94896692
maxpool_finegrained1_H5FI6Z.pt,112,48,48,2,2,1.2711567
maxpool_finegrained1_TML9RE.pt,112,73,73,2,2,1.1137152
maxpool_finegrained1_XHMWJB.pt,112,33,33,2,2,0.5981071400000001
maxpool_finegrained1_HANMJI.pt,112,70,70,2,2,1.0400118
maxpool_finegrained1_V1XWYK.pt,112,51,51,2,2,1.0414898799999994
maxpool_finegrained1_IVQH3Q.pt,112,66,66,2,2,1.02873796
maxpool_finegrained1_ESDD5Y.pt,112,47,47,2,2,1.12611608
maxpool_finegrained1_LYME8S.pt,112,35,35,2,2,0.7097904000000004
maxpool_finegrained1_N8N2J3.pt,112,54,54,2,2,0.8772265399999999
maxpool_finegrained1_GFID7T.pt,56,92,92,2,2,0.8047195399999998
maxpool_finegrained1_CQA3GD.pt,56,86,86,2,2,0.74744568
maxpool_finegrained1_GGDW3Z.pt,56,90,90,2,2,0.6986681
maxpool_finegrained1_I4VX89.pt,56,45,45,2,2,0.29926084
maxpool_finegrained1_NCSR59.pt,56,67,67,2,2,0.49629782
maxpool_finegrained1_IIV6SC.pt,56,85,85,2,2,0.7011306400000001
maxpool_finegrained1_D8QYWP.pt,56,91,91,2,2,0.689174
maxpool_finegrained1_B5YMDY.pt,56,78,78,2,2,0.9067905999999998
maxpool_finegrained1_DU9UCH.pt,56,88,88,2,2,0.8707171799999999
maxpool_finegrained1_WM0VN5.pt,56,79,79,2,2,0.5027433199999999
maxpool_finegrained1_SJQSN7.pt,56,71,71,2,2,0.51902904
maxpool_finegrained1_POZJT4.pt,56,57,57,2,2,0.6512619799999999
maxpool_finegrained1_2QQGQ3.pt,56,44,44,2,2,0.3681259200000001
maxpool_finegrained1_V9U5AL.pt,56,40,40,2,2,0.26981000000000005
maxpool_finegrained1_4HS5YV.pt,56,41,41,2,2,0.3972256199999999
maxpool_finegrained1_WF4775.pt,56,82,82,2,2,0.5836808
maxpool_finegrained1_EC1KRT.pt,56,61,61,2,2,0.5824942200000001
maxpool_finegrained1_BWEH3S.pt,56,53,53,2,2,0.44458654
maxpool_finegrained1_RPWKDT.pt,56,49,49,2,2,0.4796406600000001
maxpool_finegrained1_Q2CB8V.pt,56,73,73,2,2,0.4619579999999999
maxpool_finegrained1_KFHA1X.pt,14,377,377,3,2,0.2762666
maxpool_finegrained1_UPKILZ.pt,14,501,501,3,2,0.33987204000000004
maxpool_finegrained1_CFMDU5.pt,14,471,471,3,2,0.47590382000000003
maxpool_finegrained1_VH6Z6U.pt,14,539,539,3,2,0.4358914
maxpool_finegrained1_MGKA7E.pt,14,555,555,3,2,0.3259558000000001
maxpool_finegrained1_LWFJJ9.pt,14,365,365,3,2,0.20279617999999996
maxpool_finegrained1_WE8MNZ.pt,14,354,354,3,2,0.19712114
maxpool_finegrained1_XXNSVL.pt,14,347,347,3,2,0.23462094000000003
maxpool_finegrained1_EQVOO0.pt,14,477,477,3,2,0.29337552
maxpool_finegrained1_ZGXWJ1.pt,14,310,310,3,2,0.19480170000000002
maxpool_finegrained1_2QEYDO.pt,14,346,346,3,2,0.038465740000000005
maxpool_finegrained1_T1BW8D.pt,14,275,275,3,2,0.20022356
maxpool_finegrained1_LFWPWB.pt,14,490,490,3,2,0.3554337800000001
maxpool_finegrained1_X60YTF.pt,14,487,487,3,2,0.39933055999999995
maxpool_finegrained1_V8BE2O.pt,14,393,393,3,2,0.29854026
maxpool_finegrained1_QZ66O8.pt,14,280,280,3,2,0.30626414
maxpool_finegrained1_4ZL8FQ.pt,14,529,529,3,2,0.28696434000000004
maxpool_finegrained1_LLRBEH.pt,14,330,330,3,2,0.18523742
maxpool_finegrained1_GSSXSO.pt,14,504,504,3,2,0.34905225999999984
maxpool_finegrained1_7DTER8.pt,14,547,547,3,2,0.29134632
maxpool_finegrained1_2SL9DY.pt,28,26,26,3,1,0.24351637999999998
maxpool_finegrained1_XCCMNC.pt,28,29,29,3,1,0.3986682
maxpool_finegrained1_CZH4DR.pt,28,46,46,3,1,0.3676059399999999
maxpool_finegrained1_QMSPPA.pt,28,36,36,3,1,0.34790824
maxpool_finegrained1_MNQOQE.pt,28,37,37,3,1,0.46043444
maxpool_finegrained1_E0VT2B.pt,28,60,60,3,1,0.8085427199999999
maxpool_finegrained1_QDDU22.pt,28,47,47,3,1,0.5274255399999999
maxpool_finegrained1_7M7RTQ.pt,28,56,56,3,1,0.5389762400000001
maxpool_finegrained1_N3SEQK.pt,28,50,50,3,1,0.6767693999999999
maxpool_finegrained1_97I6QR.pt,28,41,41,3,1,0.4367201
maxpool_finegrained1_6H6G4H.pt,28,27,27,3,1,0.24238612
maxpool_finegrained1_SCEZ9C.pt,28,40,40,3,1,0.4843073400000001
maxpool_finegrained1_4OEM7H.pt,28,51,51,3,1,0.5606445
maxpool_finegrained1_7EHZ6N.pt,28,54,54,3,1,0.5621358799999999
maxpool_finegrained1_EL5O24.pt,28,52,52,3,1,0.4633837800000001
maxpool_finegrained1_GBTFFD.pt,28,43,43,3,1,0.42333338000000004
maxpool_finegrained1_UBSPDP.pt,28,38,38,3,1,0.40163198000000017
maxpool_finegrained1_HV2FRY.pt,28,42,42,3,1,0.3664928800000001
maxpool_finegrained1_4JRPZA.pt,28,35,35,3,1,0.45960551999999993
maxpool_finegrained1_E0ZZ8O.pt,28,33,33,3,1,0.3609181000000001
maxpool_finegrained1_NAWNT0.pt,28,171,171,3,2,0.5074053
maxpool_finegrained1_8C5SVE.pt,28,168,168,3,2,0.4394795600000002
maxpool_finegrained1_346S12.pt,28,136,136,3,2,0.35986179999999995
maxpool_finegrained1_V0MJ3V.pt,28,276,276,3,2,1.01251112
maxpool_finegrained1_8J5I2S.pt,28,126,126,3,2,0.3133358
maxpool_finegrained1_4FQ7Q9.pt,28,138,138,3,2,0.29594642000000004
maxpool_finegrained1_VAOFS0.pt,28,253,253,3,2,0.61768988
maxpool_finegrained1_PANO6F.pt,28,141,141,3,2,0.35066878
maxpool_finegrained1_7SOR20.pt,28,159,159,3,2,0.38762832
maxpool_finegrained1_PR447I.pt,28,131,131,3,2,0.42279325999999995
maxpool_finegrained1_EAG3EP.pt,28,280,280,3,2,0.8570215600000001
maxpool_finegrained1_BAOBWT.pt,28,155,155,3,2,0.5370155400000001
maxpool_finegrained1_EKCAHF.pt,28,194,194,3,2,0.44800551999999993
maxpool_finegrained1_XD24MA.pt,28,242,242,3,2,0.6073474799999999
maxpool_finegrained1_AFHZC4.pt,28,215,215,3,2,0.4898207
maxpool_finegrained1_9ZEF1U.pt,28,191,191,3,2,0.5881541200000001
maxpool_finegrained1_3W3W8Q.pt,28,199,199,3,2,0.45668224
maxpool_finegrained1_GLTFGX.pt,28,273,273,3,2,0.9939810399999999
maxpool_finegrained1_T7LK26.pt,28,235,235,3,2,0.5775322199999999
maxpool_finegrained1_0NG206.pt,28,218,218,3,2,0.6623754799999999
maxpool_finegrained1_K0FQBY.pt,224,471,471,2,2,13.522203
maxpool_finegrained1_IBXEKZ.pt,224,248,248,2,2,6.164872959999999
maxpool_finegrained1_GSPZ9Y.pt,224,531,531,2,2,14.8968458
maxpool_finegrained1_7OKACZ.pt,224,525,525,2,2,15.062755339999997
maxpool_finegrained1_SXK5DP.pt,224,501,501,2,2,13.988587480000003
maxpool_finegrained1_THPL89.pt,224,389,389,2,2,12.804465779999997
maxpool_finegrained1_D9AOJS.pt,224,323,323,2,2,8.09269164
maxpool_finegrained1_1LE05B.pt,224,295,295,2,2,7.3902306399999995
maxpool_finegrained1_XJFUSD.pt,224,496,496,2,2,14.73525686
maxpool_finegrained1_J84H68.pt,224,456,456,2,2,12.84608616
maxpool_finegrained1_LX0H8N.pt,224,494,494,2,2,11.693829039999999
maxpool_finegrained1_F3AX9N.pt,224,412,412,2,2,9.9522781
maxpool_finegrained1_GCPTOB.pt,224,344,344,2,2,10.129281039999997
maxpool_finegrained1_2V13FX.pt,224,459,459,2,2,12.913405079999997
maxpool_finegrained1_20A45K.pt,224,505,505,2,2,12.32058694
maxpool_finegrained1_5BMSS1.pt,224,334,334,2,2,8.172080600000001
maxpool_finegrained1_ZKN9AT.pt,224,545,545,2,2,15.386416520000001
maxpool_finegrained1_MU4MGQ.pt,224,313,313,2,2,7.603725079999999
maxpool_finegrained1_YZNLH8.pt,224,579,579,2,2,16.38408496
maxpool_finegrained1_XYH1X6.pt,224,529,529,2,2,15.329686440000005
maxpool_finegrained1_0JY05N.pt,14,118,118,3,2,0.16303283999999998
maxpool_finegrained1_MHW9G9.pt,14,134,134,3,2,0.12078296
maxpool_finegrained1_CDTQ3K.pt,14,171,171,3,2,0.12557826
maxpool_finegrained1_VE0TJ9.pt,14,168,168,3,2,0.22502011999999996
maxpool_finegrained1_9NPAAG.pt,14,263,263,3,2,0.17702832000000002
maxpool_finegrained1_XX8U0T.pt,14,274,274,3,2,0.31990912
maxpool_finegrained1_BC8YHA.pt,14,201,201,3,2,0.13777386
maxpool_finegrained1_8FO587.pt,14,223,223,3,2,0.16558643999999995
maxpool_finegrained1_2UBL57.pt,14,155,155,3,2,0.13731756000000003
maxpool_finegrained1_VO3PSY.pt,14,235,235,3,2,0.17475158000000002
maxpool_finegrained1_ILFCOL.pt,14,160,160,3,2,0.1240371
maxpool_finegrained1_BHIZZ7.pt,14,144,144,3,2,0.110911
maxpool_finegrained1_SDVW47.pt,14,152,152,3,2,0.12577587999999995
maxpool_finegrained1_GO5ZM3.pt,14,150,150,3,2,0.19389568000000001
maxpool_finegrained1_JGLU8X.pt,14,219,219,3,2,0.14229865999999997
maxpool_finegrained1_6AQ2LZ.pt,14,128,128,3,2,0.11222981999999997
maxpool_finegrained1_7I2SDQ.pt,14,159,159,3,2,0.12287018
maxpool_finegrained1_3BFN9Y.pt,14,210,210,3,2,0.14649539999999997
maxpool_finegrained1_M7GTYT.pt,14,133,133,3,2,0.11968411999999995
maxpool_finegrained1_WSIV6P.pt,14,221,221,3,2,0.16399139999999995
maxpool_finegrained1_HV2ERA.pt,28,69,69,2,2,0.13995075999999995
maxpool_finegrained1_4KQ28H.pt,28,68,68,2,2,0.13790342000000003
maxpool_finegrained1_Z7YU7G.pt,28,46,46,2,2,0.11436816
maxpool_finegrained1_KVD0AD.pt,28,60,60,2,2,0.12647136000000003
maxpool_finegrained1_0V50WH.pt,28,33,33,2,2,0.1609854
maxpool_finegrained1_O39GGB.pt,28,42,42,2,2,0.14464069999999998
maxpool_finegrained1_YCV0FS.pt,28,70,70,2,2,0.14088128000000003
maxpool_finegrained1_AWWEBR.pt,28,50,50,2,2,0.16144946000000002
maxpool_finegrained1_1BYHK3.pt,28,39,39,2,2,0.11567997999999999
maxpool_finegrained1_Z7A8N9.pt,28,66,66,2,2,0.14866046
maxpool_finegrained1_NE0OV3.pt,28,55,55,2,2,0.02898402
maxpool_finegrained1_NOOFKQ.pt,28,43,43,2,2,0.11082449999999996
maxpool_finegrained1_LTPLRC.pt,28,51,51,2,2,0.12201054000000001
maxpool_finegrained1_C6STWU.pt,28,58,58,2,2,0.12269376000000003
maxpool_finegrained1_PJI0YC.pt,28,38,38,2,2,0.10949822
maxpool_finegrained1_GT1DSY.pt,28,31,31,2,2,0.09772378000000001
maxpool_finegrained1_EFJ04X.pt,28,73,73,2,2,0.15761503999999998
maxpool_finegrained1_WVDICU.pt,28,49,49,2,2,0.14439156000000003
maxpool_finegrained1_EOGLGQ.pt,28,59,59,2,2,0.12413053999999994
maxpool_finegrained1_SLJVOP.pt,28,44,44,2,2,0.11675740000000005
maxpool_finegrained1_K0CSFX.pt,28,134,134,2,2,0.2617529999999999
maxpool_finegrained1_8L1MI2.pt,28,141,141,2,2,0.37290432
maxpool_finegrained1_COPNG1.pt,28,81,81,2,2,0.20551638000000005
maxpool_finegrained1_KSVV23.pt,28,119,119,2,2,0.2350625600000001
maxpool_finegrained1_DLRIUU.pt,28,115,115,2,2,0.23199342000000006
maxpool_finegrained1_C29TW8.pt,28,162,162,2,2,0.27735772
maxpool_finegrained1_CX6GO8.pt,28,150,150,2,2,0.23974080000000003
maxpool_finegrained1_MKIHTH.pt,28,140,140,2,2,0.22377303999999998
maxpool_finegrained1_9B0TQD.pt,28,132,132,2,2,0.23194128
maxpool_finegrained1_S26XO2.pt,28,95,95,2,2,0.2328668
maxpool_finegrained1_WG0LMB.pt,28,87,87,2,2,0.26867706
maxpool_finegrained1_9ZM20W.pt,28,164,164,2,2,0.24690125999999998
maxpool_finegrained1_R06XNC.pt,28,156,156,2,2,0.28180178000000006
maxpool_finegrained1_LE5YOQ.pt,28,173,173,2,2,0.33329088
maxpool_finegrained1_RS0V1I.pt,28,135,135,2,2,0.26269452
maxpool_finegrained1_EWAY1A.pt,28,83,83,2,2,0.15121650000000003
maxpool_finegrained1_60T7NE.pt,28,160,160,2,2,0.39916914000000003
maxpool_finegrained1_MTLDVW.pt,28,107,107,2,2,0.2443562
maxpool_finegrained1_S1QWYY.pt,28,86,86,2,2,0.21353860000000002
maxpool_finegrained1_LQ12IY.pt,28,161,161,2,2,0.37246478000000005
maxpool_finegrained1_TOB83Q.pt,112,80,80,2,2,1.4262701999999998
maxpool_finegrained1_0KL9P0.pt,112,79,79,2,2,1.4837864799999994
maxpool_finegrained1_PFOUP3.pt,112,123,123,2,2,1.74032524
maxpool_finegrained1_ZFTYIU.pt,112,101,101,2,2,1.37943646
maxpool_finegrained1_GYA0QH.pt,112,114,114,2,2,1.2044921199999996
maxpool_finegrained1_ZJVWHG.pt,112,143,143,2,2,1.88955962
maxpool_finegrained1_OPSGWR.pt,112,130,130,2,2,0.96529366
maxpool_finegrained1_DQ3FEM.pt,112,105,105,2,2,1.3625829600000003
maxpool_finegrained1_NG3J1G.pt,112,125,125,2,2,1.47176602
maxpool_finegrained1_9X63ZQ.pt,112,128,128,2,2,1.6309175400000004
maxpool_finegrained1_AJBZK7.pt,112,173,173,2,2,1.5854416200000003
maxpool_finegrained1_BETX9L.pt,112,142,142,2,2,1.6654106399999997
maxpool_finegrained1_CXZNIE.pt,112,154,154,2,2,1.3827927200000003
maxpool_finegrained1_YI5XCQ.pt,112,83,83,2,2,1.2726360799999998
maxpool_finegrained1_U4WPI8.pt,112,103,103,2,2,1.0132752000000003
maxpool_finegrained1_S01J3Y.pt,112,95,95,2,2,1.7006767599999997
maxpool_finegrained1_64MV3A.pt,112,141,141,2,2,1.6757933999999997
maxpool_finegrained1_Q2ACIC.pt,112,155,155,2,2,1.8773781999999999
maxpool_finegrained1_SWXTM8.pt,112,118,118,2,2,1.6604257600000003
maxpool_finegrained1_SSCWJH.pt,112,151,151,2,2,1.60583284
maxpool_finegrained1_0YAUD1.pt,224,195,195,2,1,22.302433159999996
maxpool_finegrained1_BX85NA.pt,224,131,131,2,1,11.639180559999998
maxpool_finegrained1_E9OZO5.pt,224,180,180,2,1,20.332879880000004
maxpool_finegrained1_J7N5JH.pt,224,153,153,2,1,16.18002322
maxpool_finegrained1_FH0H56.pt,224,160,160,2,1,15.766482560000004
maxpool_finegrained1_EQ7QVE.pt,224,202,202,2,1,22.512591099999998
maxpool_finegrained1_QQ4TUH.pt,224,126,126,2,1,10.09432722
maxpool_finegrained1_E5UFRU.pt,224,167,167,2,1,19.14808026
maxpool_finegrained1_SZP70B.pt,224,142,142,2,1,14.034380360000002
maxpool_finegrained1_GL4RIK.pt,224,203,203,2,1,21.628775580000003
maxpool_finegrained1_5TOL6Z.pt,224,156,156,2,1,15.638152620000007
maxpool_finegrained1_C9GBS3.pt,224,173,173,2,1,19.519107940000005
maxpool_finegrained1_8NQEXJ.pt,224,161,161,2,1,17.07905176
maxpool_finegrained1_K0DW5I.pt,224,128,128,2,1,13.242894779999999
maxpool_finegrained1_VGE2LZ.pt,224,218,218,2,1,24.131389539999997
maxpool_finegrained1_UK9VHD.pt,224,146,146,2,1,13.00216594
maxpool_finegrained1_89VNI6.pt,224,99,99,2,1,10.791018859999998
maxpool_finegrained1_E62IE7.pt,224,221,221,2,1,25.146709659999992
maxpool_finegrained1_R9961C.pt,224,232,232,2,1,27.279177659999995
maxpool_finegrained1_0RZKGZ.pt,224,212,212,2,1,22.965495680000004
maxpool_finegrained1_U5AWWT.pt,56,964,964,2,2,2.1099136400000003
maxpool_finegrained1_X5Q0JM.pt,56,540,540,2,2,2.81205246
maxpool_finegrained1_7SHXC4.pt,56,507,507,2,2,2.5585105400000003
maxpool_finegrained1_QFSFWL.pt,56,739,739,2,2,1.3865758999999998
maxpool_finegrained1_5BVDBP.pt,56,672,672,2,2,2.97041842
maxpool_finegrained1_NITDF2.pt,56,765,765,2,2,3.3121351800000003
maxpool_finegrained1_IC7617.pt,56,626,626,2,2,1.8884583599999996
maxpool_finegrained1_F6PM9C.pt,56,654,654,2,2,1.5792813800000007
maxpool_finegrained1_QZLQ58.pt,56,787,787,2,2,1.9608211800000002
maxpool_finegrained1_XXARUS.pt,56,850,850,2,2,1.6831251000000003
maxpool_finegrained1_Q4TAGU.pt,56,734,734,2,2,1.58626366
maxpool_finegrained1_X7LYF0.pt,56,563,563,2,2,1.5122523799999998
maxpool_finegrained1_CMME6C.pt,56,700,700,2,2,2.1396248000000004
maxpool_finegrained1_WSC0BE.pt,56,752,752,2,2,1.9669271999999998
maxpool_finegrained1_JMUHR3.pt,56,430,430,2,2,1.2502094
maxpool_finegrained1_FS16GW.pt,56,558,558,2,2,2.3967088199999993
maxpool_finegrained1_5G8LSA.pt,56,471,471,2,2,1.69592252
maxpool_finegrained1_37CM76.pt,56,845,845,2,2,2.820594179999999
maxpool_finegrained1_5D4WS1.pt,56,828,828,2,2,2.16321154
maxpool_finegrained1_IWEO9D.pt,56,771,771,2,2,1.6247014599999994
maxpool_finegrained1_6A6UHS.pt,28,173,173,3,2,0.41861034
maxpool_finegrained1_NXSFQM.pt,28,144,144,3,2,0.45212834000000013
maxpool_finegrained1_ULY46Z.pt,28,220,220,3,2,0.9951106999999998
maxpool_finegrained1_OWLJQ5.pt,28,279,279,3,2,0.74274626
maxpool_finegrained1_U4K1NU.pt,28,288,288,3,2,1.0708546799999998
maxpool_finegrained1_KZ072Q.pt,28,167,167,3,2,0.5068411800000002
maxpool_finegrained1_G8RP4E.pt,28,221,221,3,2,0.5214836199999998
maxpool_finegrained1_R0OASO.pt,28,139,139,3,2,0.4052715
maxpool_finegrained1_OWIQ77.pt,28,210,210,3,2,0.4846012000000001
maxpool_finegrained1_KZGK4E.pt,28,264,264,3,2,1.0816837199999998
maxpool_finegrained1_YPE9Q9.pt,28,160,160,3,2,0.09416555999999998
maxpool_finegrained1_YR6PGG.pt,28,152,152,3,2,0.4392589799999999
maxpool_finegrained1_JOTHBL.pt,28,287,287,3,2,1.0690504600000004
maxpool_finegrained1_OWUP25.pt,28,282,282,3,2,0.69863366
maxpool_finegrained1_BNH386.pt,28,138,138,3,2,0.2954765
maxpool_finegrained1_VP0XOM.pt,28,133,133,3,2,0.29293305999999997
maxpool_finegrained1_HJFMR8.pt,28,153,153,3,2,0.32928024
maxpool_finegrained1_Z1Z2CM.pt,28,233,233,3,2,0.6360241600000001
maxpool_finegrained1_Z83BGX.pt,28,135,135,3,2,0.32628522
maxpool_finegrained1_FNJBW8.pt,28,289,289,3,2,0.8789475200000002
maxpool_finegrained1_14GIZ4.pt,14,357,357,2,2,0.16084534
maxpool_finegrained1_B8KLY6.pt,14,287,287,2,2,0.13481674000000002
maxpool_finegrained1_S13BDB.pt,14,292,292,2,2,0.13733028
maxpool_finegrained1_HQXR6N.pt,14,477,477,2,2,0.18281435999999995
maxpool_finegrained1_86N2QD.pt,14,599,599,2,2,0.27137336
maxpool_finegrained1_TK7BGH.pt,14,366,366,2,2,0.19178888000000005
maxpool_finegrained1_O1GM2F.pt,14,336,336,2,2,0.24861408000000004
maxpool_finegrained1_EJVMO7.pt,14,414,414,2,2,0.18343758000000002
maxpool_finegrained1_IZJ5F0.pt,14,264,264,2,2,0.14427876
maxpool_finegrained1_2H30TV.pt,14,555,555,2,2,0.37077430000000006
maxpool_finegrained1_MO6J87.pt,14,539,539,2,2,0.20653234
maxpool_finegrained1_Q409DQ.pt,14,303,303,2,2,0.13816562
maxpool_finegrained1_GG2W8P.pt,14,582,582,2,2,0.26603048000000007
maxpool_finegrained1_769LII.pt,14,434,434,2,2,0.19014107999999993
maxpool_finegrained1_1BXOWU.pt,14,433,433,2,2,0.20003309999999996
maxpool_finegrained1_T2FJXZ.pt,14,497,497,2,2,0.32312233999999995
maxpool_finegrained1_A0I2SZ.pt,14,392,392,2,2,0.17991554
maxpool_finegrained1_G8TE69.pt,14,290,290,2,2,0.13997506
maxpool_finegrained1_LRAM8N.pt,14,379,379,2,2,0.15917555999999997
maxpool_finegrained1_98OKXY.pt,14,529,529,2,2,0.19909641999999997
maxpool_finegrained1_QKUYH7.pt,14,64,64,3,1,0.14573314000000004
maxpool_finegrained1_G37AVQ.pt,14,50,50,3,1,0.15454952
maxpool_finegrained1_1801YL.pt,14,29,29,3,1,0.16333603999999993
maxpool_finegrained1_QTSMQL.pt,14,41,41,3,1,0.13723171999999997
maxpool_finegrained1_SZU1AW.pt,14,61,61,3,1,0.15679506
maxpool_finegrained1_4CANPE.pt,14,62,62,3,1,0.18425490000000003
maxpool_finegrained1_1B3I2Y.pt,14,48,48,3,1,0.21905606000000005
maxpool_finegrained1_A56S83.pt,14,37,37,3,1,0.13466624
maxpool_finegrained1_3DK7YY.pt,14,52,52,3,1,0.23869913999999998
maxpool_finegrained1_ZYGQ5C.pt,14,36,36,3,1,0.20235118
maxpool_finegrained1_DSIGKU.pt,14,27,27,3,1,0.11323394
maxpool_finegrained1_OA8BNM.pt,14,58,58,3,1,0.17987944000000003
maxpool_finegrained1_SA2OOZ.pt,14,46,46,3,1,0.13112140000000003
maxpool_finegrained1_ZH7V22.pt,14,56,56,3,1,0.17715596
maxpool_finegrained1_V2FSVT.pt,14,30,30,3,1,0.11908436
maxpool_finegrained1_MNDKE5.pt,14,43,43,3,1,0.15974074
maxpool_finegrained1_T9WULI.pt,14,40,40,3,1,0.15085463999999996
maxpool_finegrained1_3YT1A4.pt,14,49,49,3,1,0.21773592
maxpool_finegrained1_6JZ6AW.pt,14,33,33,3,1,0.13877074000000003
maxpool_finegrained1_YWX5ZW.pt,14,59,59,3,1,0.15796322000000002
maxpool_finegrained1_VB5E7O.pt,14,66,66,3,2,0.021916820000000007
maxpool_finegrained1_Q8JWU6.pt,14,120,120,3,2,0.17760314000000002
maxpool_finegrained1_B51NXV.pt,14,96,96,3,2,0.11685417999999997
maxpool_finegrained1_GP7JXM.pt,14,97,97,3,2,0.11306918000000002
maxpool_finegrained1_P6GYJV.pt,14,77,77,3,2,0.07877413999999999
maxpool_finegrained1_09ONT7.pt,14,132,132,3,2,0.10022735999999999
maxpool_finegrained1_VCNZU5.pt,14,100,100,3,2,0.11598045999999995
maxpool_finegrained1_3B5M0A.pt,14,68,68,3,2,0.11105791999999998
maxpool_finegrained1_3UT5RY.pt,14,149,149,3,2,0.18031624000000002
maxpool_finegrained1_NQNR21.pt,14,76,76,3,2,0.12556988
maxpool_finegrained1_IEW57Q.pt,14,71,71,3,2,0.10721781999999996
maxpool_finegrained1_YFKNI1.pt,14,153,153,3,2,0.17840128000000002
maxpool_finegrained1_8P9W20.pt,14,108,108,3,2,0.12961566000000002
maxpool_finegrained1_HO4T9W.pt,14,81,81,3,2,0.09015965999999995
maxpool_finegrained1_GJWH6X.pt,14,93,93,3,2,0.10719661999999999
maxpool_finegrained1_4E7B4I.pt,14,69,69,3,2,0.12674952
maxpool_finegrained1_117G16.pt,14,78,78,3,2,0.09913844
maxpool_finegrained1_UGNWC0.pt,14,147,147,3,2,0.16666588000000002
maxpool_finegrained1_TUCZ8K.pt,14,115,115,3,2,0.11823960000000003
maxpool_finegrained1_QERC0L.pt,14,112,112,3,2,0.11118331999999995
maxpool_finegrained1_U9HMU5.pt,28,706,706,2,2,1.1690561000000002
maxpool_finegrained1_8H4QE3.pt,28,936,936,2,2,1.1089891799999998
maxpool_finegrained1_CIHV2F.pt,28,600,600,2,2,1.08979952
maxpool_finegrained1_QPS7SQ.pt,28,861,861,2,2,1.5102412200000002
maxpool_finegrained1_9W8F9W.pt,28,876,876,2,2,1.47589798
maxpool_finegrained1_OPF5YK.pt,28,711,711,2,2,1.2807828400000003
maxpool_finegrained1_9J3680.pt,28,662,662,2,2,1.1224415800000005
maxpool_finegrained1_BYU1N1.pt,28,929,929,2,2,1.2421543000000002
maxpool_finegrained1_8NOEYE.pt,28,802,802,2,2,1.3693015000000006
maxpool_finegrained1_JM7Q90.pt,28,675,675,2,2,1.2321444400000001
maxpool_finegrained1_P0T1T9.pt,28,767,767,2,2,1.3769872400000005
maxpool_finegrained1_9V1OSL.pt,28,981,981,2,2,1.3337294199999996
maxpool_finegrained1_27UD7I.pt,28,713,713,2,2,1.1210086399999997
maxpool_finegrained1_D4VI8B.pt,28,456,456,2,2,0.9642520599999999
maxpool_finegrained1_1TTD34.pt,28,438,438,2,2,1.0958246199999997
maxpool_finegrained1_FVWMIJ.pt,28,865,865,2,2,1.4072084999999996
maxpool_finegrained1_CL2HS4.pt,28,666,666,2,2,1.11108992
maxpool_finegrained1_N01MSI.pt,28,432,432,2,2,0.78234752
maxpool_finegrained1_724YQA.pt,28,808,808,2,2,1.3086833400000004
maxpool_finegrained1_YXGI1N.pt,28,854,854,2,2,1.35943332
maxpool_finegrained1_TMBZJ1.pt,56,470,470,3,2,1.9304912399999998
maxpool_finegrained1_BINGZN.pt,56,503,503,3,2,1.63824472
maxpool_finegrained1_MHIW9J.pt,56,364,364,3,2,1.55744004
maxpool_finegrained1_N56AZH.pt,56,330,330,3,2,1.2638346999999999
maxpool_finegrained1_FAI9O6.pt,56,585,585,3,2,1.70033988
maxpool_finegrained1_TEFD0G.pt,56,261,261,3,2,1.0884759800000001
maxpool_finegrained1_9370ZD.pt,56,394,394,3,2,1.5080117199999998
maxpool_finegrained1_W3RQGG.pt,56,455,455,3,2,1.7292420599999998
maxpool_finegrained1_03MV9C.pt,56,494,494,3,2,1.8565515800000005
maxpool_finegrained1_2TE98V.pt,56,324,324,3,2,1.7077502200000005
maxpool_finegrained1_E68UM8.pt,56,373,373,3,2,1.36912262
maxpool_finegrained1_AQPZ02.pt,56,544,544,3,2,1.7985878400000002
maxpool_finegrained1_JC7378.pt,56,336,336,3,2,1.3871954799999997
maxpool_finegrained1_2IIRQ3.pt,56,454,454,3,2,1.1621024000000002
maxpool_finegrained1_9GY82P.pt,56,577,577,3,2,2.2947858599999997
maxpool_finegrained1_HYM75N.pt,56,419,419,3,2,1.5210748
maxpool_finegrained1_AJSI2M.pt,56,401,401,3,2,1.4213192199999998
maxpool_finegrained1_BMAEIB.pt,56,562,562,3,2,1.6747748000000002
maxpool_finegrained1_GMUT2Y.pt,56,341,341,3,2,1.1110746000000002
maxpool_finegrained1_RYAEJK.pt,56,312,312,3,2,1.81458726
maxpool_finegrained1_E9YUND.pt,112,21,21,2,2,0.679735
maxpool_finegrained1_9MPOWX.pt,112,13,13,2,2,0.44617750000000006
maxpool_finegrained1_HSAUFR.pt,112,16,16,2,2,0.4180267600000001
maxpool_finegrained1_VQULXW.pt,112,15,15,2,2,0.37225347999999997
maxpool_finegrained1_UBBEB3.pt,112,19,19,2,2,0.67215484
maxpool_finegrained1_P8H3UG.pt,112,18,18,2,2,0.27087755999999996
maxpool_finegrained1_FEC8SA.pt,112,23,23,2,2,0.66806828
maxpool_finegrained1_F5QYLI.pt,112,27,27,2,2,0.8358970200000002
maxpool_finegrained1_M12JX0.pt,112,26,26,2,2,0.7282898800000001
maxpool_finegrained1_L609YW.pt,112,30,30,2,2,0.8423682199999999
maxpool_finegrained1_7VS29D.pt,112,24,24,2,2,0.7636504000000002
maxpool_finegrained1_OH7U24.pt,112,29,29,2,2,0.86018458
maxpool_finegrained1_U647XJ.pt,112,28,28,2,2,0.7864273399999999
maxpool_finegrained1_4EJYFI.pt,112,20,20,2,2,0.4919892799999998
maxpool_finegrained1_V583XU.pt,112,17,17,2,2,0.4060663200000001
maxpool_finegrained1_BZJKPR.pt,112,22,22,2,2,0.6255232400000001
maxpool_finegrained1_7Q9KPS.pt,112,14,14,2,2,0.35809785999999993
maxpool_finegrained1_54KRXL.pt,112,25,25,2,2,0.7152627799999999
maxpool_finegrained1_0IQHKW.pt,14,85,85,3,2,0.10573303999999999
maxpool_finegrained1_RVSLLX.pt,14,123,123,3,2,0.11315251999999999
maxpool_finegrained1_X62O17.pt,14,104,104,3,2,0.10979586
maxpool_finegrained1_VDQ1O9.pt,14,157,157,3,2,0.12262056000000003
maxpool_finegrained1_OZ8MV0.pt,14,115,115,3,2,0.10689792000000001
maxpool_finegrained1_NEK6C8.pt,14,86,86,3,2,0.10940734
maxpool_finegrained1_XOIE05.pt,14,148,148,3,2,0.13660911999999997
maxpool_finegrained1_9ZHJM2.pt,14,82,82,3,2,0.10904545999999998
maxpool_finegrained1_U2DEFU.pt,14,79,79,3,2,0.10348518000000001
maxpool_finegrained1_6IREYA.pt,14,111,111,3,2,0.11455316
maxpool_finegrained1_GCMA78.pt,14,103,103,3,2,0.12503368
maxpool_finegrained1_BGB6NK.pt,14,78,78,3,2,0.10391204
maxpool_finegrained1_JYXKFT.pt,14,70,70,3,2,0.10199913999999997
maxpool_finegrained1_BQNIDW.pt,14,125,125,3,2,0.11404004000000002
maxpool_finegrained1_WL6R7P.pt,14,80,80,3,2,0.09842638000000001
maxpool_finegrained1_S0QDA6.pt,14,96,96,3,2,0.11972683999999999
maxpool_finegrained1_5HO94Q.pt,14,89,89,3,2,0.10327452
maxpool_finegrained1_HA71V6.pt,14,165,165,3,2,0.12760166
maxpool_finegrained1_KO020B.pt,14,147,147,3,2,0.12358319999999999
maxpool_finegrained1_62OKX0.pt,14,105,105,3,2,0.10731687999999996
maxpool_finegrained1_17SN14.pt,28,302,302,3,2,0.7466994799999997
maxpool_finegrained1_8NAIJF.pt,28,178,178,3,2,0.5662697800000001
maxpool_finegrained1_RW298P.pt,28,193,193,3,2,0.10238754
maxpool_finegrained1_94WZUJ.pt,28,239,239,3,2,1.01178262
maxpool_finegrained1_L4KJK4.pt,28,293,293,3,2,1.06663368
maxpool_finegrained1_UZ4ECV.pt,28,272,272,3,2,0.9569819399999999
maxpool_finegrained1_0B24C1.pt,28,286,286,3,2,0.98897684
maxpool_finegrained1_GF7THY.pt,28,226,226,3,2,0.7643914200000004
maxpool_finegrained1_TM9EG4.pt,28,251,251,3,2,0.7293253799999998
maxpool_finegrained1_0TWYWR.pt,28,136,136,3,2,0.46009421999999994
maxpool_finegrained1_H90J11.pt,28,281,281,3,2,0.66564378
maxpool_finegrained1_G0RWXX.pt,28,245,245,3,2,0.8297958599999998
maxpool_finegrained1_TWHXMN.pt,28,159,159,3,2,0.5295068999999999
maxpool_finegrained1_FAX2E1.pt,28,185,185,3,2,0.44483901999999986
maxpool_finegrained1_UELCKF.pt,28,199,199,3,2,0.49358378
maxpool_finegrained1_ZE5MGZ.pt,28,168,168,3,2,0.4674172200000002
maxpool_finegrained1_T25V44.pt,28,208,208,3,2,0.58857588
maxpool_finegrained1_UTT7VJ.pt,28,219,219,3,2,0.5565607599999998
maxpool_finegrained1_595EQ9.pt,28,197,197,3,2,0.6630124199999998
maxpool_finegrained1_XXBINT.pt,28,165,165,3,2,0.5858454800000001
maxpool_finegrained1_UEGJCX.pt,56,393,393,2,2,1.5055856600000004
maxpool_finegrained1_J42R39.pt,56,212,212,2,2,1.29686276
maxpool_finegrained1_5233FG.pt,56,397,397,2,2,2.1827314799999997
maxpool_finegrained1_2ENWGP.pt,56,297,297,2,2,1.31389258
maxpool_finegrained1_BRKJXP.pt,56,343,343,2,2,1.4109505000000002
maxpool_finegrained1_33N4M2.pt,56,431,431,2,2,1.7753285399999994
maxpool_finegrained1_N7SI2R.pt,56,356,356,2,2,1.5557955799999996
maxpool_finegrained1_Y6YSIJ.pt,56,250,250,2,2,1.3624263200000002
maxpool_finegrained1_Q7QDDC.pt,56,404,404,2,2,1.8450314999999995
maxpool_finegrained1_GP468Z.pt,56,374,374,2,2,1.2983946600000003
maxpool_finegrained1_NP820L.pt,56,257,257,2,2,1.2432869400000002
maxpool_finegrained1_2ZM7BJ.pt,56,217,217,2,2,1.2161594000000002
maxpool_finegrained1_TT7JNJ.pt,56,331,331,2,2,2.05921902
maxpool_finegrained1_JZSITI.pt,56,425,425,2,2,1.4497656599999997
maxpool_finegrained1_OBNJCQ.pt,56,239,239,2,2,1.5410613
maxpool_finegrained1_4UGBUJ.pt,56,183,183,2,2,1.1509509999999998
maxpool_finegrained1_Y14H4Y.pt,56,346,346,2,2,1.7688969600000002
maxpool_finegrained1_5LEMUZ.pt,56,329,329,2,2,1.5683307
maxpool_finegrained1_7TNA3W.pt,56,358,358,2,2,1.21327606
maxpool_finegrained1_BTAPDQ.pt,56,303,303,2,2,1.4321092799999995
maxpool_finegrained1_5OCQTN.pt,14,133,133,3,2,0.13016524000000002
maxpool_finegrained1_LAPSHH.pt,14,148,148,3,2,0.17943672000000002
maxpool_finegrained1_IMVC5W.pt,14,85,85,3,2,0.09604352000000001
maxpool_finegrained1_VDSNPY.pt,14,99,99,3,2,0.15046612
maxpool_finegrained1_1F0EEQ.pt,14,139,139,3,2,0.18367082000000004
maxpool_finegrained1_4MZFVC.pt,14,136,136,3,2,0.12591096
maxpool_finegrained1_TFEU15.pt,14,158,158,3,2,0.1435628
maxpool_finegrained1_3P2D4E.pt,14,137,137,3,2,0.12167938000000002
maxpool_finegrained1_47RZMD.pt,14,86,86,3,2,0.10800127999999995
maxpool_finegrained1_G6L3IU.pt,14,87,87,3,2,0.1113773
maxpool_finegrained1_71J5ZF.pt,14,74,74,3,2,0.11233155999999996
maxpool_finegrained1_SL5TSV.pt,14,119,119,3,2,0.13285603999999995
maxpool_finegrained1_NXD2NU.pt,14,89,89,3,2,0.023179999999999996
maxpool_finegrained1_WCCHYT.pt,14,111,111,3,2,0.11097946000000004
maxpool_finegrained1_KK07EU.pt,14,124,124,3,2,0.11481558
maxpool_finegrained1_6UYZXG.pt,14,131,131,3,2,0.11728921999999999
maxpool_finegrained1_OUAE67.pt,14,127,127,3,2,0.12098413999999995
maxpool_finegrained1_UHCQYF.pt,14,162,162,3,2,0.12666681999999999
maxpool_finegrained1_AC4X5A.pt,14,167,167,3,2,0.20492926
maxpool_finegrained1_SNIO7L.pt,14,73,73,3,2,0.09805908
maxpool_finegrained1_C4ZTO3.pt,56,228,228,3,1,1.8827983599999998
maxpool_finegrained1_RWWGZC.pt,56,366,366,3,1,2.86186278
maxpool_finegrained1_TN3BQK.pt,56,189,189,3,1,1.5391232600000004
maxpool_finegrained1_GT0KWW.pt,56,406,406,3,1,3.1933516999999996
maxpool_finegrained1_74NSAF.pt,56,357,357,3,1,2.923301879999999
maxpool_finegrained1_NE7BKD.pt,56,201,201,3,1,1.7989148400000008
maxpool_finegrained1_BEUEN7.pt,56,232,232,3,1,1.9611178599999999
maxpool_finegrained1_7DXLGQ.pt,56,327,327,3,1,2.692752339999999
maxpool_finegrained1_HOO7MT.pt,56,262,262,3,1,2.240394799999999
maxpool_finegrained1_A32N0Y.pt,56,384,384,3,1,3.0813981000000013
maxpool_finegrained1_BDEM1G.pt,56,340,340,3,1,2.8535370999999996
maxpool_finegrained1_TUJ61O.pt,56,431,431,3,1,3.46054358
maxpool_finegrained1_VMN5TV.pt,56,264,264,3,1,2.2982052
maxpool_finegrained1_JJA8YY.pt,56,359,359,3,1,2.8551538999999995
maxpool_finegrained1_AGFJR7.pt,56,391,391,3,1,3.1193384
maxpool_finegrained1_R5V3OB.pt,56,259,259,3,1,2.0972751199999995
maxpool_finegrained1_OZXU1I.pt,56,405,405,3,1,3.2814438999999993
maxpool_finegrained1_HGEGFC.pt,56,254,254,3,1,2.32888602
maxpool_finegrained1_PNC5WN.pt,56,333,333,3,1,2.67124888
maxpool_finegrained1_EJ2USW.pt,56,287,287,3,1,2.4377910199999997
maxpool_finegrained1_RN1GZW.pt,14,421,421,2,1,0.9697672800000003
maxpool_finegrained1_8HZSV2.pt,14,340,340,2,1,0.6160035
maxpool_finegrained1_U9OYMM.pt,14,543,543,2,1,0.8782686999999999
maxpool_finegrained1_UJ7WFT.pt,14,474,474,2,1,0.8054289000000001
maxpool_finegrained1_LS99YZ.pt,14,295,295,2,1,0.52717416
maxpool_finegrained1_ZIM7Z1.pt,14,304,304,2,1,0.44341089999999994
maxpool_finegrained1_4OXJHD.pt,14,495,495,2,1,0.8731296
maxpool_finegrained1_ALK3PY.pt,14,249,249,2,1,0.6443906800000001
maxpool_finegrained1_JVH77D.pt,14,387,387,2,1,0.61713722
maxpool_finegrained1_AUXP9S.pt,14,332,332,2,1,0.52923798
maxpool_finegrained1_ZAPAN9.pt,14,270,270,2,1,0.36662609999999995
maxpool_finegrained1_7IEQRA.pt,14,337,337,2,1,0.5683080400000001
maxpool_finegrained1_VV1I00.pt,14,267,267,2,1,0.36701468
maxpool_finegrained1_9RBALQ.pt,14,488,488,2,1,0.7475625200000002
maxpool_finegrained1_3B78WM.pt,14,385,385,2,1,0.6813483199999998
maxpool_finegrained1_0EJ94Q.pt,14,373,373,2,1,0.75270232
maxpool_finegrained1_8MFUZY.pt,14,419,419,2,1,0.71133356
maxpool_finegrained1_69QCMA.pt,14,511,511,2,1,1.1273489799999998
maxpool_finegrained1_AF0SJ0.pt,14,430,430,2,1,0.67593988
maxpool_finegrained1_3W4ZG0.pt,14,406,406,2,1,0.61040402
maxpool_finegrained1_BCRPUT.pt,56,488,488,3,2,2.2182433399999995
maxpool_finegrained1_GP7EN3.pt,56,325,325,3,2,1.4020264200000006
maxpool_finegrained1_XLGFYI.pt,56,451,451,3,2,1.5378097199999994
maxpool_finegrained1_7KFH2S.pt,56,597,597,3,2,1.72757654
maxpool_finegrained1_CJ2R1P.pt,56,548,548,3,2,1.7096104399999994
maxpool_finegrained1_777JUS.pt,56,372,372,3,2,1.5547921
maxpool_finegrained1_MOHQIQ.pt,56,515,515,3,2,1.4228347000000001
maxpool_finegrained1_TSD07D.pt,56,530,530,3,2,1.4450731399999994
maxpool_finegrained1_P9EMM9.pt,56,404,404,3,2,1.4558954200000003
maxpool_finegrained1_E1EPS7.pt,56,426,426,3,2,1.5878069600000004
maxpool_finegrained1_ISKDU7.pt,56,264,264,3,2,1.4808356
maxpool_finegrained1_BZ8NM2.pt,56,504,504,3,2,1.3484582399999996
maxpool_finegrained1_FG6QK5.pt,56,358,358,3,2,2.0254195599999996
maxpool_finegrained1_KDSZSC.pt,56,559,559,3,2,2.53582898
maxpool_finegrained1_O5VU1F.pt,56,582,582,3,2,1.9679610399999998
maxpool_finegrained1_8Q55XH.pt,56,584,584,3,2,1.5923635200000001
maxpool_finegrained1_T26FC4.pt,56,435,435,3,2,1.7246963200000003
maxpool_finegrained1_S5EIRA.pt,56,354,354,3,2,1.0268482399999999
maxpool_finegrained1_ZVFOM4.pt,56,370,370,3,2,1.5817518000000004
maxpool_finegrained1_1RP199.pt,56,550,550,3,2,1.78288552
maxpool_finegrained1_LZVN5E.pt,14,85,85,3,2,0.10397151999999998
maxpool_finegrained1_3D3I1Z.pt,14,78,78,3,2,0.10078798000000003
maxpool_finegrained1_1DSTOO.pt,14,50,50,3,2,0.11292189999999999
maxpool_finegrained1_4F570O.pt,14,88,88,3,2,0.10694222
maxpool_finegrained1_TOBA12.pt,14,42,42,3,2,0.10781541999999994
maxpool_finegrained1_XYVEAZ.pt,14,60,60,3,2,0.11541693999999998
maxpool_finegrained1_4QXSRX.pt,14,61,61,3,2,0.09478506000000002
maxpool_finegrained1_08Z10B.pt,14,41,41,3,2,0.09092996000000002
maxpool_finegrained1_SOSOK5.pt,14,75,75,3,2,0.10019228
maxpool_finegrained1_CFX4NA.pt,14,56,56,3,2,0.09633594000000001
maxpool_finegrained1_GCLUVF.pt,14,54,54,3,2,0.09449811999999999
maxpool_finegrained1_FV7W53.pt,14,71,71,3,2,0.09946363999999995
maxpool_finegrained1_OICKWP.pt,14,86,86,3,2,0.10343381999999995
maxpool_finegrained1_U38ECX.pt,14,53,53,3,2,0.09687643999999997
maxpool_finegrained1_SAECM8.pt,14,40,40,3,2,0.08957595999999998
maxpool_finegrained1_LL3LPX.pt,14,69,69,3,2,0.09004374
maxpool_finegrained1_0WRAWX.pt,14,47,47,3,2,0.08972969999999998
maxpool_finegrained1_4X4MID.pt,14,89,89,3,2,0.09541174000000002
maxpool_finegrained1_MH9UT5.pt,14,45,45,3,2,0.10054873999999997
maxpool_finegrained1_LUTR3I.pt,14,58,58,3,2,0.09528308
maxpool_finegrained1_2LUTQY.pt,14,75,75,2,2,0.0911985
maxpool_finegrained1_KBQZEU.pt,14,96,96,2,2,0.09656101999999997
maxpool_finegrained1_3H2YUE.pt,14,142,142,2,2,0.10605386
maxpool_finegrained1_Z9BE82.pt,14,87,87,2,2,0.09815654000000001
maxpool_finegrained1_NZI30O.pt,14,89,89,2,2,0.09696648000000002
maxpool_finegrained1_6V1T3A.pt,14,108,108,2,2,0.1376104
maxpool_finegrained1_ANMVZ6.pt,14,85,85,2,2,0.09544142000000001
maxpool_finegrained1_2KX74M.pt,14,100,100,2,2,0.12581930000000002
maxpool_finegrained1_KNABPV.pt,14,93,93,2,2,0.0851604
maxpool_finegrained1_9XDFPK.pt,14,68,68,2,2,0.08454046000000001
maxpool_finegrained1_ZEPFWJ.pt,14,152,152,2,2,0.10446026
maxpool_finegrained1_VUGEC1.pt,14,106,106,2,2,0.1034782
maxpool_finegrained1_45XM8K.pt,14,70,70,2,2,0.016410139999999997
maxpool_finegrained1_7X5YRG.pt,14,124,124,2,2,0.10241509999999998
maxpool_finegrained1_52DIL0.pt,14,133,133,2,2,0.10434323999999999
maxpool_finegrained1_X7W4A2.pt,14,66,66,2,2,0.09275993999999999
maxpool_finegrained1_Y94UN5.pt,14,72,72,2,2,0.08621612000000001
maxpool_finegrained1_TLCT5P.pt,14,105,105,2,2,0.09172596000000001
maxpool_finegrained1_86DYQO.pt,14,122,122,2,2,0.10211398
maxpool_finegrained1_VD5T0A.pt,14,120,120,2,2,0.10343082000000002
maxpool_finegrained1_F5PE1S.pt,56,527,527,3,1,4.08702384
maxpool_finegrained1_5SBZ02.pt,56,375,375,3,1,3.0085852000000006
maxpool_finegrained1_3552WD.pt,56,377,377,3,1,2.943285600000001
maxpool_finegrained1_MURBBP.pt,56,310,310,3,1,2.50957142
maxpool_finegrained1_9BXR8J.pt,56,530,530,3,1,4.12618316
maxpool_finegrained1_RBPM26.pt,56,355,355,3,1,2.8700941
maxpool_finegrained1_3SFBAG.pt,56,267,267,3,1,2.0316572
maxpool_finegrained1_QVNV74.pt,56,509,509,3,1,3.9561016
maxpool_finegrained1_3SB1EK.pt,56,427,427,3,1,3.2801838399999985
maxpool_finegrained1_J78UEM.pt,56,263,263,3,1,2.1167878800000004
maxpool_finegrained1_9NN0DY.pt,56,369,369,3,1,3.089925620000001
maxpool_finegrained1_ZLRQEG.pt,56,390,390,3,1,3.1373773199999992
maxpool_finegrained1_P9RU9X.pt,56,553,553,3,1,4.281101959999998
maxpool_finegrained1_L8UXR8.pt,56,383,383,3,1,2.9767726
maxpool_finegrained1_HH3MQV.pt,56,441,441,3,1,3.5257733200000008
maxpool_finegrained1_I76CMU.pt,56,416,416,3,1,3.333582899999999
maxpool_finegrained1_DCWMQA.pt,56,588,588,3,1,4.63424756
maxpool_finegrained1_PI78WJ.pt,56,502,502,3,1,3.8997016199999996
maxpool_finegrained1_C645IZ.pt,56,510,510,3,1,3.94893556
maxpool_finegrained1_S1YSIY.pt,56,394,394,3,1,3.1812961399999993
maxpool_finegrained1_FDWX14.pt,14,208,208,2,2,0.11564652
maxpool_finegrained1_510DQA.pt,14,182,182,2,2,0.11178389999999999
maxpool_finegrained1_SJ0O4L.pt,14,265,265,2,2,0.20594788
maxpool_finegrained1_LSI9WT.pt,14,203,203,2,2,0.13060742000000006
maxpool_finegrained1_OD72OT.pt,14,243,243,2,2,0.12552753999999997
maxpool_finegrained1_3C4C4Q.pt,14,188,188,2,2,0.11400552000000004
maxpool_finegrained1_A85D5U.pt,14,142,142,2,2,0.09455876000000002
maxpool_finegrained1_SSBI59.pt,14,264,264,2,2,0.16501612
maxpool_finegrained1_PIWHYK.pt,14,119,119,2,2,0.09082324000000001
maxpool_finegrained1_T2GD4A.pt,14,234,234,2,2,0.12185965999999997
maxpool_finegrained1_D7KIAT.pt,14,144,144,2,2,0.09991314000000001
maxpool_finegrained1_BN8EI3.pt,14,177,177,2,2,0.11186286000000001
maxpool_finegrained1_A8Q4ZC.pt,14,187,187,2,2,0.11234958000000002
maxpool_finegrained1_XF2TKP.pt,14,186,186,2,2,0.11199208000000001
maxpool_finegrained1_SCGUH7.pt,14,262,262,2,2,0.13099396
maxpool_finegrained1_VK0GPP.pt,14,196,196,2,2,0.17884768000000004
maxpool_finegrained1_LA848I.pt,14,273,273,2,2,0.14796806000000004
maxpool_finegrained1_V5M2S5.pt,14,269,269,2,2,0.13410259999999996
maxpool_finegrained1_BGR5ND.pt,14,271,271,2,2,0.13124574
maxpool_finegrained1_QH6KIW.pt,14,138,138,2,2,0.11101941999999998
maxpool_finegrained1_N0LZUO.pt,28,55,55,2,2,0.17982212
maxpool_finegrained1_G89H4V.pt,28,48,48,2,2,0.11745812000000004
maxpool_finegrained1_GLGXMQ.pt,28,59,59,2,2,0.02699188
maxpool_finegrained1_R76DSB.pt,28,69,69,2,2,0.14338374
maxpool_finegrained1_B50QZV.pt,28,63,63,2,2,0.13256895999999999
maxpool_finegrained1_O31TB0.pt,28,76,76,2,2,0.14272841999999997
maxpool_finegrained1_MIXR9A.pt,28,57,57,2,2,0.14090808000000002
maxpool_finegrained1_IB8KMH.pt,28,45,45,2,2,0.15145776000000008
maxpool_finegrained1_ATAURC.pt,28,38,38,2,2,0.13168852
maxpool_finegrained1_RPA7S5.pt,28,75,75,2,2,0.15021522000000007
maxpool_finegrained1_H40UKB.pt,28,79,79,2,2,0.16874054000000002
maxpool_finegrained1_AOTGFX.pt,28,68,68,2,2,0.14864400000000005
maxpool_finegrained1_X98BWS.pt,28,82,82,2,2,0.1664317
maxpool_finegrained1_9E9D1M.pt,28,46,46,2,2,0.11851392000000002
maxpool_finegrained1_SQCSLI.pt,28,71,71,2,2,0.18111984
maxpool_finegrained1_YBJGKX.pt,28,81,81,2,2,0.1610362
maxpool_finegrained1_VCGLXR.pt,28,86,86,2,2,0.19482799999999997
maxpool_finegrained1_2928KG.pt,28,84,84,2,2,0.20065803999999995
maxpool_finegrained1_HGNNXS.pt,28,64,64,2,2,0.12657536
maxpool_finegrained1_8KVEMC.pt,28,42,42,2,2,0.11574128
maxpool_finegrained1_NNNXNA.pt,14,326,326,3,2,0.18772468000000006
maxpool_finegrained1_P5KTA1.pt,14,381,381,3,2,0.42851183999999987
maxpool_finegrained1_GQDTU1.pt,14,441,441,3,2,0.40094064
maxpool_finegrained1_AWJL56.pt,14,266,266,3,2,0.15886325999999998
maxpool_finegrained1_7Y9I8O.pt,14,425,425,3,2,0.22595298000000003
maxpool_finegrained1_85MCAL.pt,14,457,457,3,2,0.39826688
maxpool_finegrained1_0USL58.pt,14,562,562,3,2,0.39361981999999995
maxpool_finegrained1_4GI5U3.pt,14,264,264,3,2,0.15538965999999999
maxpool_finegrained1_MU6B5V.pt,14,333,333,3,2,0.2553924000000001
maxpool_finegrained1_HCJNKG.pt,14,574,574,3,2,0.37847902
maxpool_finegrained1_V2YNLW.pt,14,338,338,3,2,0.20806938
maxpool_finegrained1_9V216K.pt,14,347,347,3,2,0.21368764
maxpool_finegrained1_E09UJJ.pt,14,269,269,3,2,0.24325876000000002
maxpool_finegrained1_O41KVJ.pt,14,593,593,3,2,0.3335460399999999
maxpool_finegrained1_6KC4C0.pt,14,287,287,3,2,0.2351820999999999
maxpool_finegrained1_9N0JSQ.pt,14,430,430,3,2,0.27748738
maxpool_finegrained1_S059GT.pt,14,364,364,3,2,0.2316147
maxpool_finegrained1_S7NDVE.pt,14,484,484,3,2,0.2961558599999999
maxpool_finegrained1_0NWQMH.pt,14,543,543,3,2,0.27968106000000004
maxpool_finegrained1_PK3ACX.pt,14,540,540,3,2,0.28263281999999995
maxpool_finegrained1_5N77EU.pt,14,43,43,2,2,0.08841762000000003
maxpool_finegrained1_T7OGPD.pt,14,42,42,2,2,0.08884125999999998
maxpool_finegrained1_X8OW4H.pt,14,58,58,2,2,0.09649736000000003
maxpool_finegrained1_KHSJPY.pt,14,69,69,2,2,0.09852820000000001
maxpool_finegrained1_ZV1X1V.pt,14,62,62,2,2,0.11390735999999997
maxpool_finegrained1_ZXDLZ8.pt,14,30,30,2,2,0.08815262
maxpool_finegrained1_UR032A.pt,14,32,32,2,2,0.08172881999999998
maxpool_finegrained1_KHG46C.pt,14,51,51,2,2,0.08982848
maxpool_finegrained1_TK6MEK.pt,14,33,33,2,2,0.09139515999999998
maxpool_finegrained1_65RAQX.pt,14,59,59,2,2,0.09555188
maxpool_finegrained1_V2JLDB.pt,14,38,38,2,2,0.09177197999999999
maxpool_finegrained1_ZBMBVV.pt,14,64,64,2,2,0.09454352
maxpool_finegrained1_OVHZQ4.pt,14,47,47,2,2,0.018093279999999996
maxpool_finegrained1_9DUIO7.pt,14,67,67,2,2,0.09074002000000002
maxpool_finegrained1_C1PB33.pt,14,44,44,2,2,0.09433614
maxpool_finegrained1_UBNO5Z.pt,14,63,63,2,2,0.08224646000000002
maxpool_finegrained1_OM21Y6.pt,14,72,72,2,2,0.07962370000000002
maxpool_finegrained1_EWC1FB.pt,14,52,52,2,2,0.09065882000000004
maxpool_finegrained1_QMAPC0.pt,14,41,41,2,2,0.08791154000000001
maxpool_finegrained1_A7BSUO.pt,14,60,60,2,2,0.11410924
maxpool_finegrained1_TW2GVM.pt,28,100,100,2,1,0.64114386
maxpool_finegrained1_OX4AM1.pt,28,142,142,2,1,1.1653799999999999
maxpool_finegrained1_EGRF4O.pt,28,95,95,2,1,0.63942154
maxpool_finegrained1_B8YGYP.pt,28,92,92,2,1,0.62257886
maxpool_finegrained1_A57F4V.pt,28,157,157,2,1,1.0354048200000001
maxpool_finegrained1_UDWMWN.pt,28,155,155,2,1,0.9368259200000001
maxpool_finegrained1_EUWNBE.pt,28,140,140,2,1,0.8791049400000002
maxpool_finegrained1_HNX0TW.pt,28,77,77,2,1,0.46255204
maxpool_finegrained1_LXE8XX.pt,28,162,162,2,1,0.8989449399999999
maxpool_finegrained1_9BXNZR.pt,28,71,71,2,1,0.42549674000000004
maxpool_finegrained1_2Y39RC.pt,28,154,154,2,1,1.04372734
maxpool_finegrained1_73NZ8L.pt,28,88,88,2,1,0.5301777199999997
maxpool_finegrained1_70Z1AY.pt,28,115,115,2,1,0.9566428799999998
maxpool_finegrained1_IP1RYO.pt,28,94,94,2,1,0.6747349800000001
maxpool_finegrained1_M75VNM.pt,28,73,73,2,1,0.5321402400000003
maxpool_finegrained1_HBKU9S.pt,28,98,98,2,1,0.6136860799999999
maxpool_finegrained1_KEMDER.pt,28,102,102,2,1,0.7642606599999998
maxpool_finegrained1_25LRQ2.pt,28,135,135,2,1,0.9122148599999998
maxpool_finegrained1_QPCTKO.pt,28,109,109,2,1,0.6718881400000001
maxpool_finegrained1_0M4797.pt,28,76,76,2,1,0.45510580000000006
maxpool_finegrained1_AZMPGC.pt,14,25,25,2,2,0.07918974
maxpool_finegrained1_35FB88.pt,14,50,50,2,2,0.08256916
maxpool_finegrained1_2DX9ZJ.pt,14,54,54,2,2,0.08972001999999998
maxpool_finegrained1_THJAHM.pt,14,41,41,2,2,0.08840486
maxpool_finegrained1_HXE4IK.pt,14,59,59,2,2,0.09430739999999999
maxpool_finegrained1_J0EEOU.pt,14,56,56,2,2,0.08958654
maxpool_finegrained1_54E8F0.pt,14,60,60,2,2,0.09185702000000001
maxpool_finegrained1_XIMHY1.pt,14,52,52,2,2,0.11102758000000006
maxpool_finegrained1_7U75JH.pt,14,49,49,2,2,0.08629964
maxpool_finegrained1_6TVM2O.pt,14,44,44,2,2,0.08058515999999999
maxpool_finegrained1_KJBB5R.pt,14,51,51,2,2,0.08330314
maxpool_finegrained1_QD5USD.pt,14,48,48,2,2,0.08049410000000001
maxpool_finegrained1_00DXMS.pt,14,43,43,2,2,0.08137841999999999
maxpool_finegrained1_XM4LTV.pt,14,55,55,2,2,0.0834332
maxpool_finegrained1_SKL753.pt,14,35,35,2,2,0.08074244
maxpool_finegrained1_SIQKD0.pt,14,26,26,2,2,0.07968138000000002
maxpool_finegrained1_JG4GSJ.pt,14,28,28,2,2,0.07900357999999999
maxpool_finegrained1_ACR2HV.pt,14,31,31,2,2,0.07977272
maxpool_finegrained1_O05M4K.pt,14,58,58,2,2,0.08974798
maxpool_finegrained1_0HFIVS.pt,14,32,32,2,2,0.07787738
maxpool_finegrained1_C46GS2.pt,14,477,477,3,2,0.33709366
maxpool_finegrained1_1YTH10.pt,14,430,430,3,2,0.37524648
maxpool_finegrained1_IOM67Q.pt,14,549,549,3,2,0.05826122000000001
maxpool_finegrained1_HDRWEA.pt,14,414,414,3,2,0.22189508000000002
maxpool_finegrained1_5BV3KF.pt,14,270,270,3,2,0.1710512
maxpool_finegrained1_W0PSAX.pt,14,260,260,3,2,0.16171096
maxpool_finegrained1_NI3OJI.pt,14,282,282,3,2,0.2167983
maxpool_finegrained1_29GNWW.pt,14,321,321,3,2,0.2576310399999999
maxpool_finegrained1_M2MK59.pt,14,366,366,3,2,0.26384517999999996
maxpool_finegrained1_KAV4HR.pt,14,372,372,3,2,0.21627231999999996
maxpool_finegrained1_XC32BV.pt,14,478,478,3,2,0.2925728599999999
maxpool_finegrained1_ZN4TSR.pt,14,545,545,3,2,0.38203074000000004
maxpool_finegrained1_3YS825.pt,14,272,272,3,2,0.28770282
maxpool_finegrained1_K3TODK.pt,14,460,460,3,2,0.34998966
maxpool_finegrained1_Z5PM7X.pt,14,541,541,3,2,0.33331108
maxpool_finegrained1_1HUDD3.pt,14,510,510,3,2,0.26822542000000005
maxpool_finegrained1_S1VYI4.pt,14,581,581,3,2,0.30912288000000004
maxpool_finegrained1_HF45LE.pt,14,540,540,3,2,0.3467122599999999
maxpool_finegrained1_FBCOYA.pt,14,356,356,3,2,0.24212174
maxpool_finegrained1_N6YDB9.pt,14,584,584,3,2,0.42369756
maxpool_finegrained1_WR5X44.pt,112,283,283,3,2,2.53173584
maxpool_finegrained1_YOHXXJ.pt,112,170,170,3,2,1.8593159799999999
maxpool_finegrained1_R8ZAHM.pt,112,261,261,3,2,2.4409712200000007
maxpool_finegrained1_Z7QC00.pt,112,223,223,3,2,2.01294492
maxpool_finegrained1_LRXZPK.pt,112,125,125,3,2,1.4415830800000002
maxpool_finegrained1_6XD78Z.pt,112,176,176,3,2,2.21302708
maxpool_finegrained1_6T1V3J.pt,112,128,128,3,2,2.0909607799999996
maxpool_finegrained1_5UB0GJ.pt,112,236,236,3,2,2.14618552
maxpool_finegrained1_EDTOE0.pt,112,272,272,3,2,2.4032483599999996
maxpool_finegrained1_01QDUH.pt,112,148,148,3,2,1.4839264199999997
maxpool_finegrained1_LU3UT3.pt,112,241,241,3,2,2.31028476
maxpool_finegrained1_251T9M.pt,112,248,248,3,2,2.385099960000001
maxpool_finegrained1_M356SG.pt,112,133,133,3,2,1.3605160800000002
maxpool_finegrained1_3SZD23.pt,112,168,168,3,2,1.5821700200000004
maxpool_finegrained1_G0LCCX.pt,112,216,216,3,2,2.00526668
maxpool_finegrained1_A6VOTL.pt,112,161,161,3,2,1.6409985199999997
maxpool_finegrained1_GFNDU1.pt,112,164,164,3,2,1.64504734
maxpool_finegrained1_FQPIZQ.pt,112,156,156,3,2,1.54472568
maxpool_finegrained1_X6MBTP.pt,112,163,163,3,2,1.6223989200000006
maxpool_finegrained1_A6682V.pt,112,238,238,3,2,2.3286572600000004
maxpool_finegrained1_T3J4JE.pt,14,354,354,3,2,0.22321485999999996
maxpool_finegrained1_R17ESB.pt,14,361,361,3,2,0.19676996
maxpool_finegrained1_RH5J5R.pt,14,280,280,3,2,0.21350190000000002
maxpool_finegrained1_QEN2XH.pt,14,443,443,3,2,0.24897170000000002
maxpool_finegrained1_XBOYAT.pt,14,442,442,3,2,0.23360939999999997
maxpool_finegrained1_J87VX3.pt,14,324,324,3,2,0.18293662000000005
maxpool_finegrained1_EB4TAP.pt,14,356,356,3,2,0.19656944000000004
maxpool_finegrained1_GB499M.pt,14,499,499,3,2,0.2987254200000001
maxpool_finegrained1_MN6BPI.pt,14,396,396,3,2,0.20832994000000002
maxpool_finegrained1_UYN81L.pt,14,583,583,3,2,0.30651974000000004
maxpool_finegrained1_YW707B.pt,14,575,575,3,2,0.36054574
maxpool_finegrained1_I482LU.pt,14,548,548,3,2,0.30943136
maxpool_finegrained1_IUDIRN.pt,14,397,397,3,2,0.04279792
maxpool_finegrained1_4MWPPJ.pt,14,445,445,3,2,0.24202959999999993
maxpool_finegrained1_OWUM2R.pt,14,377,377,3,2,0.4230027599999999
maxpool_finegrained1_TWN3TI.pt,14,371,371,3,2,0.26015464
maxpool_finegrained1_B19PFE.pt,14,402,402,3,2,0.28197512
maxpool_finegrained1_J3RKQ8.pt,14,249,249,3,2,0.15226473999999998
maxpool_finegrained1_XW9RPA.pt,14,512,512,3,2,0.26543234000000004
maxpool_finegrained1_TOY8TO.pt,14,537,537,3,2,0.28188086
maxpool_finegrained1_SIH1JH.pt,28,131,131,2,2,0.3382368600000001
maxpool_finegrained1_LXBPTN.pt,28,154,154,2,2,0.4366393600000001
maxpool_finegrained1_SDP94P.pt,28,80,80,2,2,0.15751962
maxpool_finegrained1_4J348G.pt,28,118,118,2,2,0.19086669999999997
maxpool_finegrained1_7OMJ9D.pt,28,150,150,2,2,0.31790962
maxpool_finegrained1_TLY52B.pt,28,99,99,2,2,0.18550640000000002
maxpool_finegrained1_BJTXVT.pt,28,74,74,2,2,0.138447
maxpool_finegrained1_3U4QV8.pt,28,139,139,2,2,0.2416948
maxpool_finegrained1_NCWQ07.pt,28,67,67,2,2,0.13686566
maxpool_finegrained1_PHIO0O.pt,28,82,82,2,2,0.21279952
maxpool_finegrained1_DOIML3.pt,28,103,103,2,2,0.32141986
maxpool_finegrained1_F1NGR4.pt,28,124,124,2,2,0.3037717400000001
maxpool_finegrained1_FU7B5K.pt,28,141,141,2,2,0.221871
maxpool_finegrained1_N554DD.pt,28,120,120,2,2,0.20430701999999998
maxpool_finegrained1_0GGRVF.pt,28,121,121,2,2,0.18821264000000004
maxpool_finegrained1_PHDIQR.pt,28,100,100,2,2,0.17704292
maxpool_finegrained1_HMG30K.pt,28,160,160,2,2,0.24348812000000009
maxpool_finegrained1_RD4V6W.pt,28,110,110,2,2,0.17372485999999998
maxpool_finegrained1_FGZ0Z3.pt,28,135,135,2,2,0.21939711999999997
maxpool_finegrained1_LCOGAJ.pt,28,127,127,2,2,0.23741955999999992
maxpool_finegrained1_MOVHPL.pt,14,500,500,2,1,0.8502630600000002
maxpool_finegrained1_N9KE1M.pt,14,469,469,2,1,0.8162008200000002
maxpool_finegrained1_VBABAS.pt,14,432,432,2,1,0.6629708000000001
maxpool_finegrained1_Y72AFA.pt,14,415,415,2,1,0.7698579200000001
maxpool_finegrained1_B2YB5W.pt,14,538,538,2,1,0.8128674200000002
maxpool_finegrained1_9URRAW.pt,14,486,486,2,1,1.1069649799999999
maxpool_finegrained1_OIQ97V.pt,14,511,511,2,1,0.7670985400000001
maxpool_finegrained1_HBQVYH.pt,14,433,433,2,1,0.8542097200000001
maxpool_finegrained1_01W2B9.pt,14,531,531,2,1,1.05812242
maxpool_finegrained1_KYP9SN.pt,14,460,460,2,1,0.76562436
maxpool_finegrained1_1GN31F.pt,14,539,539,2,1,1.0112867799999996
maxpool_finegrained1_PGF278.pt,14,301,301,2,1,0.7124369600000001
maxpool_finegrained1_HQLLTZ.pt,14,579,579,2,1,1.0791189999999995
maxpool_finegrained1_22DUQW.pt,14,558,558,2,1,0.8933787600000003
maxpool_finegrained1_KG938K.pt,14,372,372,2,1,0.66467126
maxpool_finegrained1_MRMS9V.pt,14,540,540,2,1,1.2802980799999997
maxpool_finegrained1_PDNUZT.pt,14,335,335,2,1,0.5561083599999997
maxpool_finegrained1_24LIKW.pt,14,348,348,2,1,0.5691276200000001
maxpool_finegrained1_XRX45O.pt,14,581,581,2,1,0.9829057800000003
maxpool_finegrained1_19RYON.pt,14,325,325,2,1,0.6201133999999998
maxpool_finegrained1_27JVFW.pt,56,103,103,2,1,1.1236994799999998
maxpool_finegrained1_M4E4H0.pt,56,159,159,2,1,1.7071671000000002
maxpool_finegrained1_3SR9M3.pt,56,211,211,2,1,1.3832907000000003
maxpool_finegrained1_BX9TJB.pt,56,206,206,2,1,1.50120006
maxpool_finegrained1_WHNHD5.pt,56,181,181,2,1,1.1921162000000003
maxpool_finegrained1_07O0BV.pt,56,113,113,2,1,1.03833364
maxpool_finegrained1_KP5IQG.pt,56,110,110,2,1,1.3383306599999998
maxpool_finegrained1_7PNQUJ.pt,56,165,165,2,1,1.5157401000000001
maxpool_finegrained1_425V30.pt,56,155,155,2,1,1.1008683200000002
maxpool_finegrained1_QROZUX.pt,56,164,164,2,1,1.29287492
maxpool_finegrained1_JNHL0A.pt,56,108,108,2,1,1.26854418
maxpool_finegrained1_B1I20G.pt,56,228,228,2,1,1.3502633399999997
maxpool_finegrained1_RNTVCO.pt,56,127,127,2,1,2.3150632600000005
maxpool_finegrained1_HYPUB9.pt,56,98,98,2,1,1.03339844
maxpool_finegrained1_9IB9FS.pt,56,218,218,2,1,1.47132788
maxpool_finegrained1_LSIMEL.pt,56,170,170,2,1,1.4287100599999993
maxpool_finegrained1_M28U5H.pt,56,101,101,2,1,1.0263198400000002
maxpool_finegrained1_NU09CU.pt,56,100,100,2,1,1.0002802800000004
maxpool_finegrained1_MTJI4A.pt,56,195,195,2,1,1.3490691000000001
maxpool_finegrained1_7R2H5V.pt,56,153,153,2,1,1.1610266999999999
maxpool_finegrained1_NCNMAO.pt,224,109,109,2,2,2.7659342000000002
maxpool_finegrained1_O1MNFO.pt,224,77,77,2,2,2.0633497
maxpool_finegrained1_5QJS3Q.pt,224,144,144,2,2,3.5050307
maxpool_finegrained1_Z885DC.pt,224,140,140,2,2,3.74844038
maxpool_finegrained1_7YFFLC.pt,224,82,82,2,2,2.393277819999999
maxpool_finegrained1_5WKVZ6.pt,224,126,126,2,2,3.1507398199999987
maxpool_finegrained1_16GTIT.pt,224,142,142,2,2,3.6221065799999996
maxpool_finegrained1_AM6ZF1.pt,224,150,150,2,2,3.65099984
maxpool_finegrained1_VX71IG.pt,224,66,66,2,2,1.8749586400000005
maxpool_finegrained1_S0XWDS.pt,224,72,72,2,2,1.90817278
maxpool_finegrained1_EVT2YI.pt,224,98,98,2,2,2.6254486
maxpool_finegrained1_GDM3RT.pt,224,71,71,2,2,2.03576902
maxpool_finegrained1_YGVISD.pt,224,145,145,2,2,3.90983112
maxpool_finegrained1_PW6CEU.pt,224,70,70,2,2,1.98308518
maxpool_finegrained1_R777YQ.pt,224,69,69,2,2,2.01613856
maxpool_finegrained1_TKVOW2.pt,224,121,121,2,2,3.2739341599999983
maxpool_finegrained1_QKHCJ4.pt,224,68,68,2,2,2.5189283199999997
maxpool_finegrained1_MW7Z1S.pt,224,123,123,2,2,3.151531459999999
maxpool_finegrained1_MH3Z0M.pt,224,119,119,2,2,2.9983714199999993
maxpool_finegrained1_AMVYP9.pt,224,137,137,2,2,3.5451746400000004
maxpool_finegrained1_5GN9K9.pt,28,115,115,2,2,0.2068983
maxpool_finegrained1_ZPCX9S.pt,28,158,158,2,2,0.31285556
maxpool_finegrained1_RS51R3.pt,28,87,87,2,2,0.21298739999999994
maxpool_finegrained1_F15W61.pt,28,152,152,2,2,0.2303604200000001
maxpool_finegrained1_V15I3F.pt,28,85,85,2,2,0.15025886
maxpool_finegrained1_42GYII.pt,28,100,100,2,2,0.22565925999999997
maxpool_finegrained1_H8DPVJ.pt,28,145,145,2,2,0.22821669999999986
maxpool_finegrained1_7SL1DO.pt,28,134,134,2,2,0.22303154000000006
maxpool_finegrained1_8TDJ1N.pt,28,84,84,2,2,0.15639423999999993
maxpool_finegrained1_5ITM4H.pt,28,120,120,2,2,0.19032872
maxpool_finegrained1_706WRC.pt,28,124,124,2,2,0.19066177999999998
maxpool_finegrained1_SGN3QI.pt,28,160,160,2,2,0.24631142000000003
maxpool_finegrained1_BQ9HSR.pt,28,104,104,2,2,0.045950979999999995
maxpool_finegrained1_SWXDCB.pt,28,131,131,2,2,0.36399558000000004
maxpool_finegrained1_AKN180.pt,28,98,98,2,2,0.17458038
maxpool_finegrained1_G4IT06.pt,28,112,112,2,2,0.17237128000000004
maxpool_finegrained1_DEJQ3W.pt,28,168,168,2,2,0.37716900000000003
maxpool_finegrained1_XNLXXT.pt,28,122,122,2,2,0.18854369999999998
maxpool_finegrained1_EOLHZN.pt,28,147,147,2,2,0.32828068
maxpool_finegrained1_KFGXAX.pt,28,169,169,2,2,0.24940873999999993
maxpool_finegrained1_YILW3K.pt,14,48,48,2,2,0.09074834000000001
maxpool_finegrained1_6ZVJEN.pt,14,40,40,2,2,0.08643875999999999
maxpool_finegrained1_AC9RGB.pt,14,37,37,2,2,0.08919176000000001
maxpool_finegrained1_E5S8HU.pt,14,50,50,2,2,0.1037743
maxpool_finegrained1_T82PH0.pt,14,33,33,2,2,0.0798935
maxpool_finegrained1_RGXZSX.pt,14,29,29,2,2,0.09687625999999998
maxpool_finegrained1_Z200VG.pt,14,63,63,2,2,0.09102242000000002
maxpool_finegrained1_1FMDQI.pt,14,35,35,2,2,0.08578488000000001
maxpool_finegrained1_XX6S4G.pt,14,52,52,2,2,0.08882922
maxpool_finegrained1_CJSV2K.pt,14,53,53,2,2,0.0897924
maxpool_finegrained1_VBATU2.pt,14,58,58,2,2,0.09111059999999999
maxpool_finegrained1_O51Z7I.pt,14,55,55,2,2,0.09155292
maxpool_finegrained1_OAAFWK.pt,14,62,62,2,2,0.09110723999999999
maxpool_finegrained1_UBKJ1M.pt,14,32,32,2,2,0.08683320000000001
maxpool_finegrained1_RFHZJ5.pt,14,36,36,2,2,0.08599823999999998
maxpool_finegrained1_RA1ROB.pt,14,27,27,2,2,0.09611555999999999
maxpool_finegrained1_TWH4TP.pt,14,46,46,2,2,0.08763312
maxpool_finegrained1_ZPT7RH.pt,14,49,49,2,2,0.0914884
maxpool_finegrained1_WIYWNO.pt,14,57,57,2,2,0.11641932000000002
maxpool_finegrained1_VAP4R6.pt,14,59,59,2,2,0.08249134
maxpool_finegrained1_9YWV98.pt,224,782,782,2,2,23.073707000000002
maxpool_finegrained1_ZGQ4XO.pt,224,866,866,2,2,25.768711659999994
maxpool_finegrained1_PB8KFX.pt,224,513,513,2,2,14.2516973
maxpool_finegrained1_87S9N3.pt,224,840,840,2,2,25.83077956000001
maxpool_finegrained1_VL5LXS.pt,224,524,524,2,2,14.862738779999997
maxpool_finegrained1_DGNHJO.pt,224,647,647,2,2,18.954900480000003
maxpool_finegrained1_R5ILX3.pt,224,781,781,2,2,24.571580719999996
maxpool_finegrained1_IVAX9G.pt,224,636,636,2,2,18.858247899999995
maxpool_finegrained1_6U2N0Y.pt,224,609,609,2,2,17.26819442
maxpool_finegrained1_J6S4Z8.pt,224,927,927,2,2,27.22392316000001
maxpool_finegrained1_2FGC4L.pt,224,734,734,2,2,22.329197220000005
maxpool_finegrained1_OTMG0X.pt,224,449,449,2,2,11.2110953
maxpool_finegrained1_WL9TFU.pt,224,726,726,2,2,21.694381240000002
maxpool_finegrained1_SSUP9T.pt,224,554,554,2,2,15.44258468
maxpool_finegrained1_M7YJNC.pt,224,968,968,2,2,28.374073299999992
maxpool_finegrained1_OJCMMO.pt,224,812,812,2,2,25.841459559999997
maxpool_finegrained1_J82EC1.pt,224,994,994,2,2,30.33511036000001
maxpool_finegrained1_TVUFO9.pt,224,495,495,2,2,14.196254940000001
maxpool_finegrained1_GHH4E7.pt,224,577,577,2,2,14.177972199999994
maxpool_finegrained1_KRBXV9.pt,224,685,685,2,2,22.066154679999997
maxpool_finegrained1_87Q6NQ.pt,14,195,195,2,2,0.11918326000000003
maxpool_finegrained1_96RZHG.pt,14,134,134,2,2,0.1521632
maxpool_finegrained1_Z043S2.pt,14,160,160,2,2,0.021085480000000007
maxpool_finegrained1_04HD8I.pt,14,279,279,2,2,0.21803061999999998
maxpool_finegrained1_DFJBAC.pt,14,180,180,2,2,0.11145156000000002
maxpool_finegrained1_ZKU74M.pt,14,138,138,2,2,0.10438878000000001
maxpool_finegrained1_UYOZ7S.pt,14,135,135,2,2,0.11325492000000002
maxpool_finegrained1_5JX9TL.pt,14,261,261,2,2,0.1371602
maxpool_finegrained1_B6JAIZ.pt,14,231,231,2,2,0.13416307999999996
maxpool_finegrained1_60DVDC.pt,14,265,265,2,2,0.1287653
maxpool_finegrained1_OXM5AX.pt,14,200,200,2,2,0.13725098000000002
maxpool_finegrained1_UGMUT7.pt,14,281,281,2,2,0.15479190000000004
maxpool_finegrained1_AJ30OU.pt,14,301,301,2,2,0.22043112
maxpool_finegrained1_DKKV9T.pt,14,242,242,2,2,0.12786620000000004
maxpool_finegrained1_CS7EIL.pt,14,272,272,2,2,0.13103522
maxpool_finegrained1_5L1GH5.pt,14,276,276,2,2,0.13738090000000003
maxpool_finegrained1_4VOZG5.pt,14,172,172,2,2,0.11147483999999999
maxpool_finegrained1_TK5A9H.pt,14,190,190,2,2,0.11788492000000003
maxpool_finegrained1_GAA6UW.pt,14,285,285,2,2,0.17236680000000004
maxpool_finegrained1_Q2CZQG.pt,14,146,146,2,2,0.11419730000000002
maxpool_finegrained1_G0RF0T.pt,28,263,263,3,2,0.9320035600000003
maxpool_finegrained1_1OGR1T.pt,28,226,226,3,2,0.9584566800000003
maxpool_finegrained1_51P43L.pt,28,123,123,3,2,0.38619043999999997
maxpool_finegrained1_QTSBUE.pt,28,156,156,3,2,0.3317985
maxpool_finegrained1_R7BX7H.pt,28,189,189,3,2,0.62473404
maxpool_finegrained1_I0GA79.pt,28,129,129,3,2,0.3665949000000001
maxpool_finegrained1_01EPZI.pt,28,269,269,3,2,0.6723494999999998
maxpool_finegrained1_4W71VO.pt,28,239,239,3,2,0.63336754
maxpool_finegrained1_A7DTWS.pt,28,295,295,3,2,0.77290478
maxpool_finegrained1_HT5ZNX.pt,28,140,140,3,2,0.35553271999999986
maxpool_finegrained1_ACCU42.pt,28,172,172,3,2,0.40287464
maxpool_finegrained1_NOWNZT.pt,28,227,227,3,2,0.7066459199999998
maxpool_finegrained1_MYE5XW.pt,28,185,185,3,2,0.40675178
maxpool_finegrained1_M4XU98.pt,28,274,274,3,2,0.9196508200000001
maxpool_finegrained1_EAG48F.pt,28,153,153,3,2,0.44288200000000005
maxpool_finegrained1_DKTYWN.pt,28,253,253,3,2,0.7693399599999999
maxpool_finegrained1_1HZE0G.pt,28,194,194,3,2,0.85896548
maxpool_finegrained1_Z8Q1HT.pt,28,265,265,3,2,0.6375223000000002
maxpool_finegrained1_E9B2DZ.pt,28,178,178,3,2,0.49636839999999977
maxpool_finegrained1_W9CQ9G.pt,28,293,293,3,2,0.7461511199999998
maxpool_finegrained1_Q56TY1.pt,28,95,95,2,1,0.6629193000000002
maxpool_finegrained1_75ZSAF.pt,28,134,134,2,1,1.1438004599999996
maxpool_finegrained1_ARPZXZ.pt,28,105,105,2,1,0.6893885399999999
maxpool_finegrained1_5ODRYU.pt,28,120,120,2,1,0.7792670600000001
maxpool_finegrained1_6SZS66.pt,28,155,155,2,1,1.0992876599999994
maxpool_finegrained1_ZXKNDI.pt,28,89,89,2,1,0.7246903800000001
maxpool_finegrained1_YTWFEJ.pt,28,116,116,2,1,0.7534555199999999
maxpool_finegrained1_IUVLBN.pt,28,112,112,2,1,0.85712784
maxpool_finegrained1_UQPFED.pt,28,91,91,2,1,0.6777571400000001
maxpool_finegrained1_L7ID2C.pt,28,76,76,2,1,0.41677894000000004
maxpool_finegrained1_C3NKPI.pt,28,119,119,2,1,0.7380899399999999
maxpool_finegrained1_BCIWXQ.pt,28,79,79,2,1,0.56694476
maxpool_finegrained1_NA34FM.pt,28,109,109,2,1,0.16671938
maxpool_finegrained1_TRQRZR.pt,28,90,90,2,1,0.6561908600000002
maxpool_finegrained1_4UWL1P.pt,28,106,106,2,1,0.5923480000000001
maxpool_finegrained1_GBN4S4.pt,28,88,88,2,1,0.8541782800000003
maxpool_finegrained1_QYZYW1.pt,28,73,73,2,1,0.48107771999999976
maxpool_finegrained1_ZKFI85.pt,28,148,148,2,1,1.01275742
maxpool_finegrained1_CKL4SD.pt,28,143,143,2,1,0.8115223800000001
maxpool_finegrained1_8RRQV4.pt,28,146,146,2,1,0.9018092800000003
maxpool_finegrained1_1WRPYG.pt,14,464,464,3,2,0.3409974000000001
maxpool_finegrained1_JKF1AX.pt,14,478,478,3,2,0.3647393400000001
maxpool_finegrained1_5ZOS7K.pt,14,248,248,3,2,0.18501434
maxpool_finegrained1_8XJ9KU.pt,14,392,392,3,2,0.26113742000000006
maxpool_finegrained1_KMCD1J.pt,14,387,387,3,2,0.2796601399999999
maxpool_finegrained1_B8RFKO.pt,14,544,544,3,2,0.3784665799999999
maxpool_finegrained1_IB7WSV.pt,14,279,279,3,2,0.20730026000000001
maxpool_finegrained1_82C9F8.pt,14,342,342,3,2,0.1897203
maxpool_finegrained1_OTTFGV.pt,14,267,267,3,2,0.20893392000000005
maxpool_finegrained1_P7LYB0.pt,14,331,331,3,2,0.22463818
maxpool_finegrained1_5WWEQA.pt,14,462,462,3,2,0.29244117999999997
maxpool_finegrained1_0Q3P4J.pt,14,336,336,3,2,0.19913144000000002
maxpool_finegrained1_G48TDO.pt,14,259,259,3,2,0.15970598000000008
maxpool_finegrained1_VPBNCW.pt,14,374,374,3,2,0.20310345999999993
maxpool_finegrained1_FM8P4S.pt,14,314,314,3,2,0.23113036000000003
maxpool_finegrained1_62D5CY.pt,14,313,313,3,2,0.32031722
maxpool_finegrained1_NZJQ35.pt,14,378,378,3,2,0.20881655999999993
maxpool_finegrained1_4U64KB.pt,14,398,398,3,2,0.4077282999999998
maxpool_finegrained1_YQ33ZQ.pt,14,545,545,3,2,0.4039910999999999
maxpool_finegrained1_SCA177.pt,14,406,406,3,2,0.24913463999999994
maxpool_finegrained1_SV36GO.pt,14,34,34,3,2,0.08475619999999999
maxpool_finegrained1_BVUK2S.pt,14,51,51,3,2,0.09259674000000001
maxpool_finegrained1_0JM3ZV.pt,14,75,75,3,2,0.09924778000000002
maxpool_finegrained1_9ND59E.pt,14,69,69,3,2,0.11283812000000001
maxpool_finegrained1_CZ8OKS.pt,14,37,37,3,2,0.09875093999999997
maxpool_finegrained1_6QONSL.pt,14,65,65,3,2,0.10797642
maxpool_finegrained1_F75S19.pt,14,39,39,3,2,0.1028909
maxpool_finegrained1_RH0ZYO.pt,14,38,38,3,2,0.09167554000000001
maxpool_finegrained1_L3SOHO.pt,14,58,58,3,2,0.09469522000000001
maxpool_finegrained1_PPZHXK.pt,14,40,40,3,2,0.0939378
maxpool_finegrained1_BCF3A8.pt,14,50,50,3,2,0.09675157999999996
maxpool_finegrained1_VZNK2I.pt,14,33,33,3,2,0.09153058000000001
maxpool_finegrained1_XF394E.pt,14,47,47,3,2,0.09141879999999995
maxpool_finegrained1_A63QUZ.pt,14,66,66,3,2,0.10457836000000002
maxpool_finegrained1_874XC2.pt,14,48,48,3,2,0.09252640000000004
maxpool_finegrained1_37QY0B.pt,14,67,67,3,2,0.09925204000000001
maxpool_finegrained1_A4LIP2.pt,14,61,61,3,2,0.09682456
maxpool_finegrained1_TPPRHF.pt,14,36,36,3,2,0.09347603999999997
maxpool_finegrained1_7YY20V.pt,14,56,56,3,2,0.10034305999999998
maxpool_finegrained1_B2JITX.pt,14,43,43,3,2,0.096037
maxpool_finegrained1_6C8VOZ.pt,112,80,80,3,2,1.8615747599999994
maxpool_finegrained1_MKQ6DN.pt,112,58,58,3,2,1.0940184000000002
maxpool_finegrained1_Q9HOB1.pt,112,83,83,3,2,1.19001272
maxpool_finegrained1_S9G7YV.pt,112,47,47,3,2,1.4824920799999999
maxpool_finegrained1_Y0YRFX.pt,112,63,63,3,2,1.4489427800000003
maxpool_finegrained1_98JCUP.pt,112,52,52,3,2,0.9509346399999999
maxpool_finegrained1_D8BE1I.pt,112,39,39,3,2,0.9323401800000002
maxpool_finegrained1_9HP89M.pt,112,74,74,3,2,0.96471688
maxpool_finegrained1_KMQSQR.pt,112,43,43,3,2,1.0952963199999999
maxpool_finegrained1_KVF6QD.pt,112,41,41,3,2,0.9904392000000002
maxpool_finegrained1_A3YXQP.pt,112,56,56,3,2,1.0247205599999998
maxpool_finegrained1_JLFMCN.pt,112,64,64,3,2,1.8531036400000005
maxpool_finegrained1_BDOJGA.pt,112,36,36,3,2,0.90145268
maxpool_finegrained1_0B9RTT.pt,112,49,49,3,2,0.9263310000000001
maxpool_finegrained1_85I7NC.pt,112,60,60,3,2,1.1756725399999997
maxpool_finegrained1_TS4S7Y.pt,112,73,73,3,2,1.1702516
maxpool_finegrained1_2CCTOL.pt,112,44,44,3,2,1.1394943999999996
maxpool_finegrained1_LZYA3X.pt,112,62,62,3,2,1.42586754
maxpool_finegrained1_3G3LTM.pt,112,50,50,3,2,0.9136193600000001
maxpool_finegrained1_WTOFI3.pt,112,85,85,3,2,1.1782051999999998
maxpool_finegrained1_1M3QCF.pt,14,39,39,2,2,0.08047391999999999
maxpool_finegrained1_OV5DX8.pt,14,35,35,2,2,0.08037379999999997
maxpool_finegrained1_VCYRAG.pt,14,31,31,2,2,0.09054160000000001
maxpool_finegrained1_LJGIXO.pt,14,34,34,2,2,0.08646667999999998
maxpool_finegrained1_HU8WAW.pt,14,49,49,2,2,0.10241062000000001
maxpool_finegrained1_9CJ35G.pt,14,61,61,2,2,0.09102212000000004
maxpool_finegrained1_MLEFBR.pt,14,41,41,2,2,0.08981639999999996
maxpool_finegrained1_CLMJAM.pt,14,71,71,2,2,0.09631274
maxpool_finegrained1_027TZR.pt,14,52,52,2,2,0.08924217999999998
maxpool_finegrained1_VXQING.pt,14,68,68,2,2,0.09790261999999998
maxpool_finegrained1_JEE3TU.pt,14,59,59,2,2,0.09578725999999999
maxpool_finegrained1_753DA8.pt,14,37,37,2,2,0.08721858
maxpool_finegrained1_0U8Z0R.pt,14,44,44,2,2,0.07837898000000001
maxpool_finegrained1_MSCAY9.pt,14,58,58,2,2,0.09100374000000003
maxpool_finegrained1_OCJIVL.pt,14,32,32,2,2,0.08329206000000001
maxpool_finegrained1_4X1E1S.pt,14,63,63,2,2,0.10063378
maxpool_finegrained1_2VKUTA.pt,14,66,66,2,2,0.11147706000000003
maxpool_finegrained1_BE19D5.pt,14,64,64,2,2,0.09032822000000001
maxpool_finegrained1_MNP64C.pt,14,53,53,2,2,0.0930403
maxpool_finegrained1_S0C6FH.pt,14,45,45,2,2,0.08728337999999997
maxpool_finegrained1_UG9NDW.pt,224,24,24,3,2,1.31584504
maxpool_finegrained1_QG684H.pt,224,21,21,3,2,1.69272802
maxpool_finegrained1_KDNWI5.pt,224,19,19,3,2,1.0282335599999997
maxpool_finegrained1_QQ67NO.pt,224,20,20,3,2,0.9963643799999998
maxpool_finegrained1_ERWKBO.pt,224,29,29,3,2,1.3175368999999997
maxpool_finegrained1_GFGP8K.pt,224,22,22,3,2,1.2103546400000003
maxpool_finegrained1_YT0EQT.pt,224,31,31,3,2,1.5289729600000004
maxpool_finegrained1_20VGA8.pt,224,13,13,3,2,0.84128612
maxpool_finegrained1_UOAX8Y.pt,224,15,15,3,2,1.3050683400000003
maxpool_finegrained1_FQKBNZ.pt,224,23,23,3,2,1.1367304400000002
maxpool_finegrained1_HGODQ3.pt,224,27,27,3,2,1.2620874000000002
maxpool_finegrained1_UBTAGT.pt,224,18,18,3,2,1.079864
maxpool_finegrained1_7SGITT.pt,224,26,26,3,2,1.4020629200000005
maxpool_finegrained1_S3RWPB.pt,224,16,16,3,2,2.1609289399999994
maxpool_finegrained1_LE88FZ.pt,224,30,30,3,2,1.44823428
maxpool_finegrained1_PMVEH7.pt,224,14,14,3,2,0.933174
maxpool_finegrained1_LD7NDQ.pt,224,17,17,3,2,1.1228331599999999
maxpool_finegrained1_C76CAE.pt,224,25,25,3,2,1.3340030999999999
maxpool_finegrained1_NWFW24.pt,224,28,28,3,2,1.3448462400000003
maxpool_finegrained1_LL1FOB.pt,14,48,48,3,2,0.09159742000000001
maxpool_finegrained1_YUYHXR.pt,14,55,55,3,2,0.09551967999999997
maxpool_finegrained1_A27KPS.pt,14,45,45,3,2,0.09017515999999999
maxpool_finegrained1_CIN53F.pt,14,33,33,3,2,0.09356001999999997
maxpool_finegrained1_TIAVZL.pt,14,58,58,3,2,0.09506083999999998
maxpool_finegrained1_QZ1Y0Y.pt,14,56,56,3,2,0.09714647999999997
maxpool_finegrained1_L6FH7N.pt,14,43,43,3,2,0.09087947999999998
maxpool_finegrained1_QEZV36.pt,14,49,49,3,2,0.12099515999999999
maxpool_finegrained1_0UOVNX.pt,14,40,40,3,2,0.09090187999999999
maxpool_finegrained1_40UACP.pt,14,50,50,3,2,0.0978115
maxpool_finegrained1_CRKVO2.pt,14,41,41,3,2,0.09087830000000002
maxpool_finegrained1_Q0V93Y.pt,14,62,62,3,2,0.09546101999999998
maxpool_finegrained1_8GJKQF.pt,14,35,35,3,2,0.09120510000000001
maxpool_finegrained1_C6VPD6.pt,14,52,52,3,2,0.09503938000000002
maxpool_finegrained1_H2S83N.pt,14,44,44,3,2,0.09123761999999998
maxpool_finegrained1_FA5P1N.pt,14,61,61,3,2,0.0949827
maxpool_finegrained1_GZ4R1V.pt,14,73,73,3,2,0.10871126000000002
maxpool_finegrained1_UUK2B5.pt,14,57,57,3,2,0.11745085999999998
maxpool_finegrained1_7GCOER.pt,14,39,39,3,2,0.09386325999999999
maxpool_finegrained1_97J56B.pt,14,66,66,3,2,0.09924655999999997
maxpool_finegrained1_64JWUM.pt,56,73,73,2,1,1.0802399599999994
maxpool_finegrained1_I70AWN.pt,56,76,76,2,1,1.18667914
maxpool_finegrained1_ZUSI8X.pt,56,132,132,2,1,1.0668348199999997
maxpool_finegrained1_0OMYQT.pt,56,86,86,2,1,1.0649075999999997
maxpool_finegrained1_29UWSZ.pt,56,110,110,2,1,1.5007394600000006
maxpool_finegrained1_8UOQ94.pt,56,125,125,2,1,1.1212655400000002
maxpool_finegrained1_T13FMR.pt,56,79,79,2,1,1.3920693800000001
maxpool_finegrained1_Q0WBN7.pt,56,159,159,2,1,1.3300548600000002
maxpool_finegrained1_2DNZRY.pt,56,77,77,2,1,1.1849362399999996
maxpool_finegrained1_G11FB3.pt,56,83,83,2,1,1.2270816800000002
maxpool_finegrained1_MWOZUJ.pt,56,69,69,2,1,1.04416286
maxpool_finegrained1_SFTQ97.pt,56,153,153,2,1,0.9877615400000002
maxpool_finegrained1_Z5PP86.pt,56,147,147,2,1,1.25673488
maxpool_finegrained1_5GM501.pt,56,122,122,2,1,1.1302618000000002
maxpool_finegrained1_0LTAOR.pt,56,91,91,2,1,1.3095943599999997
maxpool_finegrained1_9RVNK4.pt,56,134,134,2,1,1.22972834
maxpool_finegrained1_LP61Y9.pt,56,162,162,2,1,1.4706781
maxpool_finegrained1_P4EVFM.pt,56,99,99,2,1,0.97043672
maxpool_finegrained1_T703D3.pt,56,89,89,2,1,1.1327306600000002
maxpool_finegrained1_DQ8EEO.pt,56,149,149,2,1,1.33834632
maxpool_finegrained1_VL9UJ1.pt,28,700,700,2,2,1.2666432799999996
maxpool_finegrained1_XBGRLI.pt,28,528,528,2,2,0.8873026399999998
maxpool_finegrained1_YF0SWO.pt,28,451,451,2,2,0.9963863799999997
maxpool_finegrained1_Z6YNOG.pt,28,674,674,2,2,0.22126342000000004
maxpool_finegrained1_ZB9WK7.pt,28,839,839,2,2,1.2502036999999997
maxpool_finegrained1_UA6RF6.pt,28,780,780,2,2,1.1525359599999998
maxpool_finegrained1_A3U9B9.pt,28,433,433,2,2,0.7449158199999996
maxpool_finegrained1_ON2W5D.pt,28,862,862,2,2,1.3081761399999998
maxpool_finegrained1_M54XA6.pt,28,447,447,2,2,0.8206253799999998
maxpool_finegrained1_EJWAIP.pt,28,703,703,2,2,1.2608004599999998
maxpool_finegrained1_LNG73I.pt,28,955,955,2,2,1.4833634
maxpool_finegrained1_VNNA90.pt,28,633,633,2,2,1.2161919999999995
maxpool_finegrained1_OC00SJ.pt,28,547,547,2,2,0.85046988
maxpool_finegrained1_WR6CGN.pt,28,721,721,2,2,1.14292986
maxpool_finegrained1_AMHO88.pt,28,863,863,2,2,1.18114142
maxpool_finegrained1_N50MRX.pt,28,938,938,2,2,1.6369256200000002
maxpool_finegrained1_DONBYU.pt,28,744,744,2,2,1.1269816999999998
maxpool_finegrained1_AMB364.pt,28,752,752,2,2,1.2246059
maxpool_finegrained1_510EHI.pt,28,904,904,2,2,1.3639090000000003
maxpool_finegrained1_HVOWNA.pt,28,827,827,2,2,1.3390997799999993
maxpool_finegrained1_YGIR48.pt,28,577,577,3,2,1.5296112200000005
maxpool_finegrained1_5QLSJ0.pt,28,776,776,3,2,1.5712515600000005
maxpool_finegrained1_3FMO0R.pt,28,420,420,3,2,1.1866690799999997
maxpool_finegrained1_UF0WRQ.pt,28,607,607,3,2,1.6696149200000006
maxpool_finegrained1_QHWTH5.pt,28,938,938,3,2,1.6870459199999996
maxpool_finegrained1_5EYJ0T.pt,28,973,973,3,2,1.8527722
maxpool_finegrained1_GOMBKT.pt,28,591,591,3,2,1.4967752600000004
maxpool_finegrained1_NO5TO1.pt,28,470,470,3,2,1.3136656000000002
maxpool_finegrained1_2D539H.pt,28,425,425,3,2,1.3143297800000004
maxpool_finegrained1_QRJCSS.pt,28,756,756,3,2,1.6102869800000001
maxpool_finegrained1_DGMZRO.pt,28,660,660,3,2,1.2629037400000005
maxpool_finegrained1_5KNM02.pt,28,426,426,3,2,1.1664033000000003
maxpool_finegrained1_CXIAO1.pt,28,450,450,3,2,1.04417604
maxpool_finegrained1_ZQBLUP.pt,28,746,746,3,2,1.5747037
maxpool_finegrained1_4HKHNK.pt,28,724,724,3,2,1.44364558
maxpool_finegrained1_AMFRS0.pt,28,487,487,3,2,1.2688540999999998
maxpool_finegrained1_SBCPZ7.pt,28,900,900,3,2,1.04752134
maxpool_finegrained1_LPQ9B7.pt,28,883,883,3,2,1.2888217400000004
maxpool_finegrained1_LMLK61.pt,28,819,819,3,2,1.3722686199999998
maxpool_finegrained1_TCRZ8F.pt,28,885,885,3,2,1.2333526200000002
maxpool_finegrained1_5KCL8I.pt,14,340,340,2,2,0.15066284
maxpool_finegrained1_CCFY6C.pt,14,594,594,2,2,0.21783133999999996
maxpool_finegrained1_PJBGVW.pt,14,579,579,2,2,0.21676108000000005
maxpool_finegrained1_2IS0HF.pt,14,400,400,2,2,0.18266461999999997
maxpool_finegrained1_P5T07S.pt,14,277,277,2,2,0.1376058
maxpool_finegrained1_L2N3ZB.pt,14,541,541,2,2,0.19934176
maxpool_finegrained1_W4LG9T.pt,14,288,288,2,2,0.18799539999999998
maxpool_finegrained1_VFMM7M.pt,14,366,366,2,2,0.15522992
maxpool_finegrained1_V8KROF.pt,14,511,511,2,2,0.239131
maxpool_finegrained1_9ZFQPQ.pt,14,458,458,2,2,0.23120658
maxpool_finegrained1_ICX9TM.pt,14,311,311,2,2,0.14740294
maxpool_finegrained1_TRRE4C.pt,14,469,469,2,2,0.19001111999999992
maxpool_finegrained1_KM89Y7.pt,14,444,444,2,2,0.17367576000000007
maxpool_finegrained1_XLDA6V.pt,14,352,352,2,2,0.03166928
maxpool_finegrained1_PS06OK.pt,14,429,429,2,2,0.17316222
maxpool_finegrained1_MFO7C4.pt,14,512,512,2,2,0.23810185999999997
maxpool_finegrained1_F09CMR.pt,14,572,572,2,2,0.24409884
maxpool_finegrained1_CA3BNX.pt,14,292,292,2,2,0.1444011
maxpool_finegrained1_0Y0CJ7.pt,14,496,496,2,2,0.25763717999999997
maxpool_finegrained1_ZVAG0J.pt,14,542,542,2,2,0.20289586000000004
maxpool_finegrained1_TH4XPG.pt,28,481,481,2,2,0.8324771399999998
maxpool_finegrained1_Y1MBSH.pt,28,549,549,2,2,1.2322122
maxpool_finegrained1_6MBQ3J.pt,28,384,384,2,2,0.6460651599999998
maxpool_finegrained1_QXVFZ3.pt,28,477,477,2,2,1.03747282
maxpool_finegrained1_NI3LX7.pt,28,444,444,2,2,0.7815697199999996
maxpool_finegrained1_BTLS82.pt,28,399,399,2,2,0.65126132
maxpool_finegrained1_5OTRUM.pt,28,548,548,2,2,0.90675128
maxpool_finegrained1_8CD43Z.pt,28,468,468,2,2,0.7351323599999999
maxpool_finegrained1_H1B4H4.pt,28,287,287,2,2,0.50222582
maxpool_finegrained1_8MBYB4.pt,28,525,525,2,2,0.9048118600000004
maxpool_finegrained1_X6YJ8S.pt,28,269,269,2,2,0.41043982
maxpool_finegrained1_SWBP7L.pt,28,423,423,2,2,0.7027224200000002
maxpool_finegrained1_S8ME21.pt,28,503,503,2,2,0.8531750399999999
maxpool_finegrained1_5S8P2Z.pt,28,333,333,2,2,0.8009841999999998
maxpool_finegrained1_P3YVA4.pt,28,387,387,2,2,0.8748231199999998
maxpool_finegrained1_QQGR91.pt,28,498,498,2,2,0.8802115799999997
maxpool_finegrained1_NQ6T5Y.pt,28,351,351,2,2,1.0619519999999998
maxpool_finegrained1_9XE4G8.pt,28,357,357,2,2,0.7557412799999998
maxpool_finegrained1_CCMTSS.pt,28,495,495,2,2,1.15634164
maxpool_finegrained1_FF6TPC.pt,28,378,378,2,2,1.0032831399999997
maxpool_finegrained1_LZDC5S.pt,28,49,49,3,2,0.2530364799999999
maxpool_finegrained1_IZVU1M.pt,28,61,61,3,2,0.16163738
maxpool_finegrained1_3OV03J.pt,28,42,42,3,2,0.13421694
maxpool_finegrained1_LL9TM1.pt,28,54,54,3,2,0.15664924000000002
maxpool_finegrained1_3MIKR8.pt,28,60,60,3,2,0.15294535999999997
maxpool_finegrained1_BHD2OU.pt,28,35,35,3,2,0.12915165999999997
maxpool_finegrained1_GBZ4LD.pt,28,57,57,3,2,0.2522492599999999
maxpool_finegrained1_NE6N0H.pt,28,33,33,3,2,0.12032974000000002
maxpool_finegrained1_7RMP3G.pt,28,39,39,3,2,0.14978574000000003
maxpool_finegrained1_UMLC3S.pt,28,43,43,3,2,0.1408822
maxpool_finegrained1_X651WF.pt,28,37,37,3,2,0.19764334000000003
maxpool_finegrained1_PXIQL1.pt,28,26,26,3,2,0.11165958
maxpool_finegrained1_GPNHZD.pt,28,40,40,3,2,0.13404316
maxpool_finegrained1_HS5EQ1.pt,28,50,50,3,2,0.15216935999999998
maxpool_finegrained1_5NWKGK.pt,28,51,51,3,2,0.15406205999999997
maxpool_finegrained1_VEHGUB.pt,28,38,38,3,2,0.13141318
maxpool_finegrained1_94LL7J.pt,28,56,56,3,2,0.15336476
maxpool_finegrained1_1H3NG1.pt,28,62,62,3,2,0.152933
maxpool_finegrained1_PUP0CY.pt,28,41,41,3,2,0.13254706000000002
maxpool_finegrained1_ZNGZQK.pt,28,46,46,3,2,0.13195692
maxpool_finegrained1_QVSIQP.pt,28,136,136,3,2,0.39825205999999996
maxpool_finegrained1_8I0Z17.pt,28,200,200,3,2,0.6244837
maxpool_finegrained1_SAOKHI.pt,28,222,222,3,2,0.6482490000000002
maxpool_finegrained1_8KGYLF.pt,28,203,203,3,2,0.09550202
maxpool_finegrained1_XJM6II.pt,28,196,196,3,2,0.7440843999999998
maxpool_finegrained1_I3XLX1.pt,28,166,166,3,2,0.40091471999999995
maxpool_finegrained1_D8TV4C.pt,28,153,153,3,2,0.38584545999999986
maxpool_finegrained1_53KEHY.pt,28,105,105,3,2,0.32294168
maxpool_finegrained1_KOVCJ8.pt,28,139,139,3,2,0.45826500000000003
maxpool_finegrained1_9KMUID.pt,28,95,95,3,2,0.20192437999999996
maxpool_finegrained1_B8AIM0.pt,28,112,112,3,2,0.26277116
maxpool_finegrained1_NZB1CE.pt,28,218,218,3,2,0.5213289000000001
maxpool_finegrained1_VV3XM3.pt,28,110,110,3,2,0.32053133999999983
maxpool_finegrained1_5ZQ83J.pt,28,140,140,3,2,0.36921025999999996
maxpool_finegrained1_QHQIDH.pt,28,216,216,3,2,0.47863945999999996
maxpool_finegrained1_4NKAWE.pt,28,128,128,3,2,0.29724515999999995
maxpool_finegrained1_Q9YB82.pt,28,211,211,3,2,0.6514625
maxpool_finegrained1_Z2JMAN.pt,28,111,111,3,2,0.3073318
maxpool_finegrained1_PHJNO9.pt,28,186,186,3,2,0.7396053999999999
maxpool_finegrained1_Y7CY5K.pt,28,118,118,3,2,0.25954955999999996
maxpool_finegrained1_PE73NM.pt,28,577,577,3,2,1.9526004599999995
maxpool_finegrained1_2MMSX5.pt,28,282,282,3,2,0.6696289800000003
maxpool_finegrained1_FLX3KK.pt,28,546,546,3,2,1.3200781600000002
maxpool_finegrained1_KJ57XP.pt,28,538,538,3,2,1.4461912200000002
maxpool_finegrained1_LTS1JC.pt,28,491,491,3,2,1.1760281
maxpool_finegrained1_RF36DY.pt,28,272,272,3,2,0.6499966800000001
maxpool_finegrained1_39CXOT.pt,28,368,368,3,2,1.0658191199999996
maxpool_finegrained1_8X8NGW.pt,28,433,433,3,2,1.12493226
maxpool_finegrained1_5G9RB6.pt,28,404,404,3,2,1.0226716999999999
maxpool_finegrained1_L54G1M.pt,28,477,477,3,2,1.10926248
maxpool_finegrained1_J1T1AT.pt,28,415,415,3,2,1.1794018800000001
maxpool_finegrained1_UB2QTO.pt,28,320,320,3,2,0.849424
maxpool_finegrained1_YOWJBO.pt,28,436,436,3,2,0.6996311199999999
maxpool_finegrained1_QLSXU7.pt,28,588,588,3,2,1.0881477199999998
maxpool_finegrained1_GQEZ4C.pt,28,576,576,3,2,1.5026442
maxpool_finegrained1_PNEJ32.pt,28,257,257,3,2,0.7600098
maxpool_finegrained1_FO9QOI.pt,28,519,519,3,2,1.13736882
maxpool_finegrained1_IA5QDN.pt,28,565,565,3,2,1.2595517800000002
maxpool_finegrained1_BK5OT2.pt,28,461,461,3,2,1.2210729599999999
maxpool_finegrained1_IHR7FY.pt,28,494,494,3,2,1.3183030200000005
maxpool_finegrained1_56QGGF.pt,112,57,57,2,2,1.4189634399999997
maxpool_finegrained1_TX0KB3.pt,112,47,47,2,2,1.1788510600000002
maxpool_finegrained1_9Y252I.pt,112,56,56,2,2,1.1371309000000005
maxpool_finegrained1_KG9QC0.pt,112,35,35,2,2,0.8280990199999999
maxpool_finegrained1_26K396.pt,112,54,54,2,2,0.97527366
maxpool_finegrained1_DEGEL2.pt,112,65,65,2,2,0.9980965199999997
maxpool_finegrained1_ZGDY3W.pt,112,40,40,2,2,0.9625164600000001
maxpool_finegrained1_N7FZX0.pt,112,63,63,2,2,1.2725767600000002
maxpool_finegrained1_0N3DA3.pt,112,68,68,2,2,1.0601722400000002
maxpool_finegrained1_6UMHW9.pt,112,64,64,2,2,1.3305746799999993
maxpool_finegrained1_H751BJ.pt,112,52,52,2,2,0.9797162800000001
maxpool_finegrained1_9AF2VI.pt,112,34,34,2,2,0.5738236199999999
maxpool_finegrained1_3MR3HJ.pt,112,45,45,2,2,1.1604997200000005
maxpool_finegrained1_0CS9J0.pt,112,67,67,2,2,0.6103991399999998
maxpool_finegrained1_JDON6F.pt,112,33,33,2,2,0.48723254000000005
maxpool_finegrained1_27VZBV.pt,112,44,44,2,2,1.0300348199999998
maxpool_finegrained1_CYE8NV.pt,112,32,32,2,2,0.7809811800000002
maxpool_finegrained1_JPAQDS.pt,112,71,71,2,2,1.0377114600000004
maxpool_finegrained1_FYN95R.pt,112,55,55,2,2,1.1532988799999995
maxpool_finegrained1_0XQN4L.pt,112,39,39,2,2,0.9902758799999998
maxpool_finegrained1_EVNWNO.pt,28,152,152,2,2,0.39956497999999996
maxpool_finegrained1_V0V8P8.pt,28,166,166,2,2,0.40249024000000005
maxpool_finegrained1_B41Q3F.pt,28,218,218,2,2,0.3156369599999999
maxpool_finegrained1_EL02KA.pt,28,131,131,2,2,0.20982914000000008
maxpool_finegrained1_3SFRLK.pt,28,228,228,2,2,0.33998217999999997
maxpool_finegrained1_H6O304.pt,28,154,154,2,2,0.27210164000000003
maxpool_finegrained1_KVO4U3.pt,28,147,147,2,2,0.28196834000000004
maxpool_finegrained1_G0ZKUJ.pt,28,153,153,2,2,0.37329542
maxpool_finegrained1_DA7RRU.pt,28,217,217,2,2,0.5211884999999999
maxpool_finegrained1_RW4XVJ.pt,28,121,121,2,2,0.3660177800000002
maxpool_finegrained1_3G3DGH.pt,28,107,107,2,2,0.18926135999999996
maxpool_finegrained1_8QUQD3.pt,28,184,184,2,2,0.3699314799999999
maxpool_finegrained1_99SAGP.pt,28,119,119,2,2,0.1913329
maxpool_finegrained1_UOC1P4.pt,28,210,210,2,2,0.45962926
maxpool_finegrained1_SDMS3N.pt,28,172,172,2,2,0.25008210000000003
maxpool_finegrained1_Q1BZ79.pt,28,185,185,2,2,0.33515568000000007
maxpool_finegrained1_I6XXIM.pt,28,206,206,2,2,0.3883643999999999
maxpool_finegrained1_SG938W.pt,28,133,133,2,2,0.2133123
maxpool_finegrained1_TSGM6U.pt,28,199,199,2,2,0.49154924
maxpool_finegrained1_KD1IR5.pt,28,140,140,2,2,0.3357189799999999
maxpool_finegrained1_BP5KG2.pt,56,566,566,3,2,1.5397028199999996
maxpool_finegrained1_DGLXT6.pt,56,506,506,3,2,1.5813514400000008
maxpool_finegrained1_YSEC4W.pt,56,326,326,3,2,1.2212059199999998
maxpool_finegrained1_3TUOGD.pt,56,565,565,3,2,1.7576178999999998
maxpool_finegrained1_UBI9OA.pt,56,555,555,3,2,1.4861855999999998
maxpool_finegrained1_VE1GQV.pt,56,418,418,3,2,1.7192500800000001
maxpool_finegrained1_5B55WJ.pt,56,274,274,3,2,1.2106501600000004
maxpool_finegrained1_NQKHUL.pt,56,293,293,3,2,2.06892722
maxpool_finegrained1_BUG7IX.pt,56,273,273,3,2,1.5040865599999995
maxpool_finegrained1_WMOH6Q.pt,56,475,475,3,2,1.7352907000000002
maxpool_finegrained1_3LJKFI.pt,56,552,552,3,2,2.0099036800000003
maxpool_finegrained1_EKIBS0.pt,56,515,515,3,2,1.4914761599999995
maxpool_finegrained1_N31H53.pt,56,407,407,3,2,1.8265890999999994
maxpool_finegrained1_112FQR.pt,56,370,370,3,2,1.4034108600000004
maxpool_finegrained1_B5U2HR.pt,56,404,404,3,2,1.7263226000000003
maxpool_finegrained1_8XEZK6.pt,56,575,575,3,2,2.10446902
maxpool_finegrained1_L6JYFT.pt,56,529,529,3,2,1.4512130200000004
maxpool_finegrained1_49MNII.pt,56,427,427,3,2,1.6765695799999998
maxpool_finegrained1_Z8F8ZO.pt,56,346,346,3,2,1.5585300199999994
maxpool_finegrained1_RVYYL6.pt,56,414,414,3,2,1.6395645600000006
maxpool_finegrained1_DZWTAL.pt,14,810,810,2,2,0.3721819999999998
maxpool_finegrained1_KY4X8W.pt,14,913,913,2,2,0.43601599999999996
maxpool_finegrained1_ZWKK6T.pt,14,698,698,2,2,0.31024739999999995
maxpool_finegrained1_9F7RY4.pt,14,534,534,2,2,0.04722046
maxpool_finegrained1_LAPQCZ.pt,14,827,827,2,2,0.30311102
maxpool_finegrained1_XMUUP1.pt,14,688,688,2,2,0.48323182000000026
maxpool_finegrained1_XBHRAS.pt,14,840,840,2,2,0.3324846000000001
maxpool_finegrained1_ZX81VX.pt,14,947,947,2,2,0.46251522000000006
maxpool_finegrained1_YJOEVD.pt,14,714,714,2,2,0.38228910000000005
maxpool_finegrained1_3S6U0K.pt,14,747,747,2,2,0.47172964000000006
maxpool_finegrained1_MAQTAO.pt,14,497,497,2,2,0.20676820000000004
maxpool_finegrained1_J5CWC4.pt,14,893,893,2,2,0.33284608000000004
maxpool_finegrained1_NX794I.pt,14,460,460,2,2,0.19579006000000007
maxpool_finegrained1_NLPSFH.pt,14,961,961,2,2,0.40465254
maxpool_finegrained1_V92VR6.pt,14,629,629,2,2,0.28416171999999995
maxpool_finegrained1_H0QL6E.pt,14,474,474,2,2,0.25955226
maxpool_finegrained1_TM2YB6.pt,14,652,652,2,2,0.32388465999999994
maxpool_finegrained1_DYCB84.pt,14,436,436,2,2,0.3004817999999999
maxpool_finegrained1_UF7ZJS.pt,14,694,694,2,2,0.25330758
maxpool_finegrained1_A64U6Q.pt,14,942,942,2,2,0.4794854599999999
maxpool_finegrained1_25XNP0.pt,56,852,852,3,2,2.0699310599999996
maxpool_finegrained1_ERM2BW.pt,56,831,831,3,2,1.9964373999999996
maxpool_finegrained1_CVCNXV.pt,56,457,457,3,2,1.6797122999999994
maxpool_finegrained1_MZ7YY8.pt,56,507,507,3,2,1.5623396799999998
maxpool_finegrained1_ZEVIA4.pt,56,948,948,3,2,2.6253469600000003
maxpool_finegrained1_HMTMPQ.pt,56,686,686,3,2,1.8435633200000001
maxpool_finegrained1_CUW1MU.pt,56,546,546,3,2,1.4270313800000005
maxpool_finegrained1_N3H41C.pt,56,618,618,3,2,2.3159796399999992
maxpool_finegrained1_PZVQ6G.pt,56,439,439,3,2,1.77158954
maxpool_finegrained1_GHCR91.pt,56,964,964,3,2,2.27252794
maxpool_finegrained1_40APBG.pt,56,769,769,3,2,2.01168734
maxpool_finegrained1_HR8I36.pt,56,578,578,3,2,1.55589482
maxpool_finegrained1_BXQO7L.pt,56,753,753,3,2,2.0379053600000003
maxpool_finegrained1_2OCGKS.pt,56,881,881,3,2,1.9924301000000002
maxpool_finegrained1_H6QQCU.pt,56,847,847,3,2,2.1115341000000005
maxpool_finegrained1_7618O0.pt,56,990,990,3,2,2.2846357800000003
maxpool_finegrained1_8Z3HO0.pt,56,875,875,3,2,2.0491192600000003
maxpool_finegrained1_YFF1BH.pt,56,671,671,3,2,1.9955879
maxpool_finegrained1_NZ3SKM.pt,56,916,916,3,2,2.4750111599999998
maxpool_finegrained1_6DQ5B4.pt,56,983,983,3,2,2.2113156
maxpool_finegrained1_BGH516.pt,28,93,93,2,1,0.7211612000000001
maxpool_finegrained1_H4QWRB.pt,28,163,163,2,1,1.03439934
maxpool_finegrained1_7N9K00.pt,28,208,208,2,1,1.34096946
maxpool_finegrained1_T5KZN0.pt,28,105,105,2,1,0.7192300799999998
maxpool_finegrained1_IM4AOV.pt,28,115,115,2,1,0.7214700200000002
maxpool_finegrained1_XOE3OS.pt,28,95,95,2,1,0.5845001199999998
maxpool_finegrained1_6ZTNMJ.pt,28,146,146,2,1,0.8469298599999999
maxpool_finegrained1_YD5KJD.pt,28,154,154,2,1,0.9257577599999999
maxpool_finegrained1_JWWA23.pt,28,188,188,2,1,1.0975111599999996
maxpool_finegrained1_W82H6N.pt,28,197,197,2,1,1.17216942
maxpool_finegrained1_496LUQ.pt,28,176,176,2,1,1.0375180199999996
maxpool_finegrained1_VPTTWU.pt,28,124,124,2,1,0.9125794400000002
maxpool_finegrained1_8SRZG3.pt,28,148,148,2,1,0.8634343799999997
maxpool_finegrained1_Q41P21.pt,28,92,92,2,1,0.12385627999999996
maxpool_finegrained1_IXF3PD.pt,28,120,120,2,1,0.7852775599999995
maxpool_finegrained1_LBD5V1.pt,28,173,173,2,1,0.9221520599999997
maxpool_finegrained1_YQ2HXS.pt,28,181,181,2,1,1.0955451799999998
maxpool_finegrained1_UPHY3Z.pt,28,143,143,2,1,1.09350316
maxpool_finegrained1_YGQDUH.pt,28,164,164,2,1,1.1322439999999998
maxpool_finegrained1_EKOAWW.pt,28,140,140,2,1,0.8684935800000001
maxpool_finegrained1_BTW6HI.pt,112,128,128,2,2,1.5584796399999998
maxpool_finegrained1_DRIJM9.pt,112,155,155,2,2,1.4601644399999998
maxpool_finegrained1_COTA2O.pt,112,105,105,2,2,1.5727579
maxpool_finegrained1_H3AWWJ.pt,112,142,142,2,2,1.2258561399999996
maxpool_finegrained1_9R6UFZ.pt,112,195,195,2,2,1.4155996199999998
maxpool_finegrained1_819MT4.pt,112,110,110,2,2,1.5637083400000007
maxpool_finegrained1_6KHRR2.pt,112,167,167,2,2,1.3984937800000004
maxpool_finegrained1_KCOL97.pt,112,119,119,2,2,1.3085968600000002
maxpool_finegrained1_YARXJX.pt,112,134,134,2,2,1.4006890599999997
maxpool_finegrained1_2PEYM5.pt,112,212,212,2,2,1.5498217599999997
maxpool_finegrained1_HNPLUG.pt,112,201,201,2,2,1.5676184400000002
maxpool_finegrained1_NLC7C3.pt,112,208,208,2,2,1.7342222599999997
maxpool_finegrained1_QCZW7U.pt,112,156,156,2,2,1.1610013000000001
maxpool_finegrained1_YHRZXL.pt,112,193,193,2,2,1.42961882
maxpool_finegrained1_LYNBM1.pt,112,115,115,2,2,1.17716164
maxpool_finegrained1_H64I46.pt,112,94,94,2,2,1.15431348
maxpool_finegrained1_2MF673.pt,112,153,153,2,2,1.196537
maxpool_finegrained1_52UHOU.pt,112,187,187,2,2,1.7450325799999995
maxpool_finegrained1_7U8WHO.pt,112,132,132,2,2,1.18725082
maxpool_finegrained1_6075GG.pt,112,192,192,2,2,1.77970316
