model_path,HW,CIN,latency
global-avgpool_prior_7WJPBX.pt,7,193,0.005195120000000001
global-avgpool_prior_W9JQTD.pt,7,228,0.0049276400000000005
global-avgpool_prior_EJI4AP.pt,3,102,0.00456974
global-avgpool_prior_O4YV5A.pt,7,155,0.00481288
global-avgpool_prior_NYKEXJ.pt,3,1075,0.004848760000000001
global-avgpool_prior_8EVJ8C.pt,7,1124,0.11466456000000001
global-avgpool_prior_4936AL.pt,3,175,0.004618540000000001
global-avgpool_prior_UH8Z9I.pt,7,234,0.00502042
global-avgpool_prior_1XAIEU.pt,7,931,0.08860124000000001
global-avgpool_prior_KMDM84.pt,7,64,0.0046744
global-avgpool_prior_4B06Q3.pt,7,164,0.004841560000000001
global-avgpool_prior_G2JVNT.pt,7,102,0.004774079999999999
global-avgpool_prior_MESEYU.pt,3,48,0.0045709800000000005
global-avgpool_prior_FRKTGG.pt,7,990,0.09861711999999997
global-avgpool_prior_I3J8XO.pt,7,227,0.00497906
global-avgpool_prior_FS4GW5.pt,7,948,0.09191803999999996
global-avgpool_prior_RNHI7B.pt,7,516,0.005267520000000001
global-avgpool_prior_1T48FW.pt,7,497,0.005360420000000001
global-avgpool_prior_8OL8ZV.pt,7,527,0.00540388
global-avgpool_prior_CNGAB1.pt,3,129,0.004588999999999999
global-avgpool_prior_I6PGLF.pt,3,541,0.00470326
global-avgpool_prior_B0352W.pt,3,177,0.004651560000000002
global-avgpool_prior_U10AE4.pt,7,81,0.004682239999999999
global-avgpool_prior_SECDY4.pt,7,17,0.004631059999999999
global-avgpool_prior_VDKFNE.pt,7,105,0.004786919999999999
global-avgpool_prior_TFCD5C.pt,7,528,0.005219299999999999
global-avgpool_prior_2D21AM.pt,7,169,0.004848659999999999
global-avgpool_prior_39BZYV.pt,7,17,0.030243919999999997
global-avgpool_prior_GLGAGS.pt,7,225,0.004943480000000001
global-avgpool_prior_U3F619.pt,3,70,0.004707339999999999
global-avgpool_prior_XNTJAQ.pt,7,728,0.09384051999999998
global-avgpool_prior_K11AIK.pt,7,144,0.004778
global-avgpool_prior_F1S286.pt,7,40,0.004640439999999999
global-avgpool_prior_CY9RQH.pt,7,91,0.004806200000000001
global-avgpool_prior_4J3UCY.pt,3,686,0.00474984
global-avgpool_prior_V7ISZE.pt,7,520,0.005174540000000001
global-avgpool_prior_FDZ8UF.pt,3,135,0.004611499999999999
global-avgpool_prior_VBRUIM.pt,3,215,0.00459856
global-avgpool_prior_MJLJGI.pt,3,1149,0.004951279999999999
global-avgpool_prior_5U72D4.pt,3,580,0.00472442
global-avgpool_prior_UP4BIL.pt,3,493,0.004709979999999999
global-avgpool_prior_ALHVAB.pt,7,171,0.00485116
global-avgpool_prior_DW1EMD.pt,7,55,0.00462012
global-avgpool_prior_E43IDR.pt,3,797,0.00478708
global-avgpool_prior_O5ER52.pt,3,150,0.004780820000000001
global-avgpool_prior_78P1OS.pt,7,676,0.09211800000000002
global-avgpool_prior_W5E6EL.pt,7,156,0.004836819999999999
global-avgpool_prior_STNOT7.pt,7,504,0.005115719999999999
global-avgpool_prior_2A57SY.pt,7,454,0.00525214
global-avgpool_prior_5DVPJ1.pt,3,2050,0.00518512
global-avgpool_prior_YYNYJI.pt,7,508,0.005251820000000001
global-avgpool_prior_7S3BTW.pt,7,232,0.0048798800000000005
global-avgpool_prior_ITKZFG.pt,3,504,0.00468382
global-avgpool_prior_NLTAD7.pt,3,179,0.0046358200000000006
global-avgpool_prior_YXJZTC.pt,3,160,0.0046362400000000015
global-avgpool_prior_CABL34.pt,7,114,0.004752220000000001
global-avgpool_prior_TVXSSX.pt,7,502,0.00533892
global-avgpool_prior_38SIGK.pt,3,193,0.004664639999999999
global-avgpool_prior_34RRI2.pt,3,50,0.004656220000000001
global-avgpool_prior_A5FHZZ.pt,7,214,0.00497122
global-avgpool_prior_X8PPQ5.pt,7,311,0.005177919999999999
global-avgpool_prior_8SOBS7.pt,3,70,0.004638000000000001
global-avgpool_prior_403O0S.pt,7,185,0.0049031000000000005
global-avgpool_prior_VQ59FR.pt,3,177,0.0046828
global-avgpool_prior_JU044Z.pt,3,431,0.004701159999999999
global-avgpool_prior_FRETW8.pt,7,163,0.004924879999999999
global-avgpool_prior_SQVKV5.pt,7,2142,0.09867586
global-avgpool_prior_LW0MWN.pt,7,47,0.004663560000000001
global-avgpool_prior_EMQW40.pt,7,758,0.09941092
global-avgpool_prior_EOD3UF.pt,3,47,0.004582159999999999
global-avgpool_prior_Y3JXTS.pt,3,31,0.004590999999999999
global-avgpool_prior_3XBX4V.pt,7,146,0.00486042
global-avgpool_prior_9C9YVS.pt,7,135,0.004965259999999998
global-avgpool_prior_OHR65C.pt,3,510,0.004738740000000001
global-avgpool_prior_64270F.pt,7,990,0.09288788000000002
global-avgpool_prior_F8V66S.pt,7,87,0.0047673
global-avgpool_prior_U6TOWV.pt,3,115,0.004583459999999999
global-avgpool_prior_WFX375.pt,7,386,0.005249960000000001
global-avgpool_prior_LZSA9E.pt,3,824,0.0047261
global-avgpool_prior_XWIE10.pt,7,37,0.00468506
global-avgpool_prior_MYRZZF.pt,7,110,0.004773119999999999
global-avgpool_prior_INVXTD.pt,7,144,0.004808740000000001
global-avgpool_prior_N8O3MH.pt,3,683,0.004733600000000001
global-avgpool_prior_151GSQ.pt,3,471,0.004707139999999999
global-avgpool_prior_D8DUWA.pt,3,195,0.004670720000000001
global-avgpool_prior_B0AEBV.pt,7,490,0.005352240000000001
global-avgpool_prior_9ZWKGY.pt,7,160,0.00475554
global-avgpool_prior_ND6C2S.pt,7,518,0.005388379999999999
global-avgpool_prior_8CZQ9U.pt,3,526,0.0047252399999999995
global-avgpool_prior_QLTC07.pt,3,132,0.004630960000000001
global-avgpool_prior_SO9Q4T.pt,7,133,0.004830899999999999
global-avgpool_prior_V5JU00.pt,3,121,0.0046586200000000005
global-avgpool_prior_6XBTU9.pt,7,87,0.004756539999999999
global-avgpool_prior_4Z0XWQ.pt,7,1659,0.0960701
global-avgpool_prior_BVFEFR.pt,7,75,0.00469046
global-avgpool_prior_E1X3X7.pt,7,312,0.004981320000000003
global-avgpool_prior_FSAM93.pt,7,1143,0.10019196000000004
global-avgpool_prior_M7VZ5A.pt,7,169,0.00490106
global-avgpool_prior_K45LZT.pt,3,174,0.004630399999999999
global-avgpool_prior_KN1T43.pt,3,1378,0.005050100000000001
global-avgpool_prior_DS5ICJ.pt,7,448,0.0050481
global-avgpool_prior_WKKB3J.pt,7,214,0.0049486800000000004
global-avgpool_prior_FWK9YI.pt,3,185,0.004578420000000001
global-avgpool_prior_KJVFTT.pt,7,81,0.004696739999999998
global-avgpool_prior_SS3CKY.pt,3,490,0.00477964
global-avgpool_prior_KEIW19.pt,7,264,0.0049054400000000005
global-avgpool_prior_ABLVVV.pt,7,75,0.00471172
global-avgpool_prior_UXYEYM.pt,3,184,0.004614879999999999
global-avgpool_prior_RDONR2.pt,7,227,0.00502728
global-avgpool_prior_WD8AG1.pt,7,61,0.0046619600000000015
global-avgpool_prior_6KHXG0.pt,3,264,0.0046200600000000005
global-avgpool_prior_ATRQIK.pt,3,112,0.00461144
global-avgpool_prior_87LWJ2.pt,3,162,0.00459354
global-avgpool_prior_MOMOVV.pt,7,237,0.0050243399999999995
global-avgpool_prior_002XWX.pt,3,771,0.0047964
global-avgpool_prior_5WDQA8.pt,7,466,0.00529982
global-avgpool_prior_8F2567.pt,3,113,0.004581340000000001
global-avgpool_prior_NEJV5K.pt,7,495,0.005333760000000002
global-avgpool_prior_4RHHQ3.pt,3,40,0.004589859999999999
global-avgpool_prior_PDX3J4.pt,3,510,0.00474306
global-avgpool_prior_0YS35B.pt,3,509,0.00475612
global-avgpool_prior_CH396A.pt,7,484,0.005276719999999998
global-avgpool_prior_9X6JZA.pt,3,517,0.004689639999999999
global-avgpool_prior_7557S1.pt,7,243,0.005005460000000001
global-avgpool_prior_K1B529.pt,3,113,0.00460196
global-avgpool_prior_YGIE2T.pt,7,88,0.004730620000000001
global-avgpool_prior_9J5L1H.pt,7,495,0.005411739999999998
global-avgpool_prior_B8XUQ2.pt,7,520,0.005742359999999999
global-avgpool_prior_RJH13V.pt,3,58,0.0045800400000000005
global-avgpool_prior_GZOYN3.pt,3,140,0.00459222
global-avgpool_prior_7625NS.pt,7,224,0.004825880000000001
global-avgpool_prior_NRSV4Z.pt,3,39,0.004554800000000001
global-avgpool_prior_NCV89Q.pt,3,1280,0.0048721
global-avgpool_prior_UCWV0Y.pt,7,115,0.00479612
global-avgpool_prior_4H2RQN.pt,7,2015,0.09586758000000001
global-avgpool_prior_GJC45W.pt,3,83,0.0045807600000000006
global-avgpool_prior_WP7WGN.pt,3,190,0.0047043599999999994
global-avgpool_prior_5ML78F.pt,7,187,0.00487452
global-avgpool_prior_VJPML3.pt,7,200,0.00482746
global-avgpool_prior_RKUSZA.pt,3,514,0.00470738
global-avgpool_prior_NVG6JB.pt,7,390,0.005281259999999999
global-avgpool_prior_13XIUK.pt,7,114,0.00476166
global-avgpool_prior_ODLZIH.pt,7,223,0.00498888
global-avgpool_prior_X0J3VA.pt,3,21,0.004560160000000001
global-avgpool_prior_OVWHXL.pt,7,125,0.0048103600000000005
global-avgpool_prior_6KSLKU.pt,7,258,0.004996240000000001
global-avgpool_prior_ERAK56.pt,7,530,0.005412799999999999
global-avgpool_prior_E29NZF.pt,7,183,0.0048916
global-avgpool_prior_AVI03J.pt,7,141,0.00490732
global-avgpool_prior_PPBWHF.pt,7,95,0.0047220000000000005
global-avgpool_prior_NBFCVQ.pt,7,118,0.004797899999999999
global-avgpool_prior_Y5ERW8.pt,7,232,0.0048411
global-avgpool_prior_K3PRDI.pt,3,225,0.0046258
global-avgpool_prior_SIU0PC.pt,3,176,0.00461084
global-avgpool_prior_6Z3SHD.pt,7,519,0.005541199999999999
global-avgpool_prior_X19Z9X.pt,3,134,0.004570059999999999
global-avgpool_prior_HI13YZ.pt,3,462,0.004715940000000002
global-avgpool_prior_0CYOKI.pt,3,122,0.00454404
global-avgpool_prior_W50UP8.pt,7,33,0.00459674
global-avgpool_prior_ED2ABZ.pt,7,52,0.004663460000000001
global-avgpool_prior_Q2IX73.pt,3,650,0.004840560000000001
global-avgpool_prior_SNFQGD.pt,3,89,0.004559439999999999
global-avgpool_prior_58P77S.pt,3,39,0.00456126
global-avgpool_prior_5F7I9W.pt,3,311,0.00473828
global-avgpool_prior_Z22P6J.pt,7,504,0.00535542
global-avgpool_prior_TVBZH7.pt,3,1146,0.0050290199999999995
global-avgpool_prior_ZXQLZA.pt,7,508,0.00529602
global-avgpool_prior_K1PARQ.pt,7,217,0.00496018
global-avgpool_prior_CMEQXZ.pt,7,134,0.004807699999999999
global-avgpool_prior_LKBKHO.pt,7,495,0.005392780000000001
global-avgpool_prior_2139ZS.pt,7,503,0.00543784
global-avgpool_prior_LSW5DR.pt,7,508,0.005339520000000001
global-avgpool_prior_HHRD9I.pt,3,416,0.004644100000000001
global-avgpool_prior_ROVPXZ.pt,3,172,0.004591199999999999
global-avgpool_prior_VLG22T.pt,3,44,0.00455288
global-avgpool_prior_6I8DUH.pt,7,53,0.0046743600000000015
global-avgpool_prior_ONBQEU.pt,7,263,0.0050638
global-avgpool_prior_VAVHVD.pt,7,223,0.004967120000000002
global-avgpool_prior_BTHOZL.pt,7,60,0.004672460000000001
global-avgpool_prior_5ZPC29.pt,7,233,0.0049778800000000005
global-avgpool_prior_7EJUUX.pt,3,436,0.00468932
global-avgpool_prior_OJ9UQ9.pt,7,252,0.00511012
global-avgpool_prior_1ECR0M.pt,7,120,0.00472918
global-avgpool_prior_JFOGFQ.pt,3,1017,0.004916520000000001
global-avgpool_prior_O4VYSP.pt,3,489,0.00469764
global-avgpool_prior_6XVX9P.pt,7,159,0.004897600000000002
global-avgpool_prior_PNQ11B.pt,3,79,0.004627899999999997
global-avgpool_prior_HALTSB.pt,3,3,0.0045609599999999985
global-avgpool_prior_W9VW0X.pt,3,159,0.004622599999999999
global-avgpool_prior_OQ5MVA.pt,7,257,0.0050727399999999975
global-avgpool_prior_TOH6PH.pt,7,1988,0.11441889999999999
global-avgpool_prior_7XNP13.pt,7,145,0.004863119999999999
global-avgpool_prior_WE08H8.pt,3,2041,0.00520484
global-avgpool_prior_TZRCUZ.pt,3,158,0.004607779999999999
global-avgpool_prior_SJWMQS.pt,7,511,0.00544296
global-avgpool_prior_B6520I.pt,7,4,0.004558019999999999
global-avgpool_prior_AYNOE5.pt,3,127,0.00470044
global-avgpool_prior_2AG1LS.pt,7,434,0.005268299999999999
global-avgpool_prior_7JAN1Y.pt,3,127,0.00461512
global-avgpool_prior_JZFNQD.pt,3,66,0.004611579999999999
global-avgpool_prior_Y6SHUO.pt,7,1010,0.01740452
global-avgpool_prior_41YCJI.pt,7,178,0.00508514
global-avgpool_prior_DRHTDT.pt,7,213,0.004955420000000001
global-avgpool_prior_2ST9JW.pt,3,12,0.004522339999999999
global-avgpool_prior_KWAG7Y.pt,3,257,0.0047344
global-avgpool_prior_OX4RD4.pt,7,230,0.00498898
global-avgpool_prior_1LE7OP.pt,3,297,0.00466106
global-avgpool_prior_5OALZK.pt,7,233,0.00499856
global-avgpool_prior_OSOB0D.pt,7,98,0.004691600000000001
global-avgpool_prior_7XAPX3.pt,3,32,0.00454824
global-avgpool_prior_HSVRQF.pt,3,510,0.004693180000000002
global-avgpool_prior_M6HF9D.pt,3,124,0.00457476
global-avgpool_prior_CD7NXA.pt,7,179,0.004909740000000001
global-avgpool_prior_Y6LASY.pt,3,493,0.004692579999999999
global-avgpool_prior_KA6IIC.pt,7,537,0.005534339999999999
global-avgpool_prior_INUZ83.pt,3,530,0.004702980000000001
global-avgpool_prior_EEZDB5.pt,3,162,0.004569879999999999
global-avgpool_prior_JVGEBE.pt,7,71,0.004653899999999999
global-avgpool_prior_JAJ84Q.pt,7,519,0.005482520000000001
global-avgpool_prior_EL8HCS.pt,7,1408,0.10688263999999999
global-avgpool_prior_9HH7IC.pt,7,25,0.00458336
global-avgpool_prior_WSBQER.pt,7,21,0.004600260000000001
global-avgpool_prior_KJUIOP.pt,3,203,0.0046302
global-avgpool_prior_1RQXZY.pt,7,440,0.00508854
global-avgpool_prior_KL2GBP.pt,3,110,0.0046006599999999995
global-avgpool_prior_EL0Z7F.pt,3,520,0.004681639999999999
global-avgpool_prior_TH3ECD.pt,3,137,0.00458906
global-avgpool_prior_B2FDLZ.pt,3,220,0.0046704999999999984
global-avgpool_prior_PTTIRT.pt,7,809,0.09802788000000003
global-avgpool_prior_ANMT88.pt,3,552,0.00468876
global-avgpool_prior_MDWQWO.pt,7,149,0.004828039999999999
global-avgpool_prior_CT8HXP.pt,7,148,0.004850619999999998
global-avgpool_prior_W8YBC1.pt,3,191,0.00469328
global-avgpool_prior_O60VU6.pt,3,1072,0.004903200000000001
global-avgpool_prior_PWCMGK.pt,7,273,0.00502638
global-avgpool_prior_Z3GTBJ.pt,3,518,0.00464076
global-avgpool_prior_124RFP.pt,7,334,0.005151880000000001
global-avgpool_prior_G6G9M1.pt,3,171,0.00458646
global-avgpool_prior_K4N5WC.pt,7,191,0.00495344
global-avgpool_prior_5W0RJH.pt,3,264,0.0046002
global-avgpool_prior_T8KCMI.pt,7,1499,0.13015862000000003
global-avgpool_prior_ZB6XEN.pt,3,9,0.004567379999999999
global-avgpool_prior_IM9KSM.pt,7,108,0.0047466999999999995
global-avgpool_prior_F15P72.pt,7,827,0.09316192000000001
global-avgpool_prior_SQJS85.pt,3,56,0.004574140000000001
global-avgpool_prior_MKWTW2.pt,3,492,0.004727039999999999
global-avgpool_prior_3NG8KO.pt,3,121,0.00462344
global-avgpool_prior_Y6IXIA.pt,7,50,0.00471876
global-avgpool_prior_F4FEZZ.pt,3,166,0.004612240000000001
global-avgpool_prior_KQNFG4.pt,3,152,0.00460876
global-avgpool_prior_H6QY2Y.pt,7,1623,0.03525992000000001
global-avgpool_prior_Y483TY.pt,7,2048,0.10900506000000001
global-avgpool_prior_SCB4VV.pt,7,127,0.0048004400000000004
global-avgpool_prior_OGA3PA.pt,7,947,0.09537764000000001
global-avgpool_prior_BED343.pt,7,18,0.00471756
global-avgpool_prior_LEC7RC.pt,3,166,0.0045876
global-avgpool_prior_VL2W2L.pt,3,692,0.004758439999999999
global-avgpool_prior_BRW25F.pt,7,14,0.004583739999999999
global-avgpool_prior_KH09W5.pt,7,512,0.0051733399999999985
global-avgpool_prior_9NIOVI.pt,3,14,0.004579799999999999
global-avgpool_prior_DI25DD.pt,7,130,0.004755359999999998
global-avgpool_prior_7XJ610.pt,3,203,0.00464194
global-avgpool_prior_0T9BOZ.pt,3,21,0.00459896
global-avgpool_prior_EC9B7E.pt,3,490,0.00475854
global-avgpool_prior_YBK33G.pt,3,145,0.0045539199999999995
global-avgpool_prior_ZYM1IO.pt,7,138,0.0048419000000000005
global-avgpool_prior_X5XTAA.pt,3,143,0.004596739999999999
global-avgpool_prior_43LOU3.pt,3,244,0.00461646
global-avgpool_prior_SZ7F8Q.pt,7,70,0.004667399999999999
global-avgpool_prior_EKD2X0.pt,7,201,0.0049032400000000005
global-avgpool_prior_C14GVM.pt,3,185,0.0046307200000000005
global-avgpool_prior_UZ2POW.pt,3,90,0.004964560000000001
global-avgpool_prior_OWEW42.pt,3,215,0.00477352
global-avgpool_prior_G4U07R.pt,3,118,0.00466558
global-avgpool_prior_R4OA07.pt,3,610,0.004810299999999998
global-avgpool_prior_XIWR09.pt,3,942,0.004954699999999999
global-avgpool_prior_BTU8TV.pt,3,939,0.0048289
global-avgpool_prior_EJ68XO.pt,3,128,0.004683220000000001
global-avgpool_prior_5GQBWK.pt,3,584,0.004723259999999999
global-avgpool_prior_ILUWNJ.pt,3,794,0.004771359999999999
global-avgpool_prior_FECEBS.pt,7,107,0.00476118
global-avgpool_prior_BDWJJ8.pt,7,2011,0.09849286000000002
global-avgpool_prior_GXEF0B.pt,7,413,0.005266539999999999
global-avgpool_prior_4W8ULB.pt,7,74,0.0046994
global-avgpool_prior_UUQPRP.pt,3,138,0.0046118
global-avgpool_prior_0IOX3S.pt,3,781,0.00485418
global-avgpool_prior_G2WFQZ.pt,7,173,0.0049707
global-avgpool_prior_MQB95B.pt,3,110,0.030398780000000004
global-avgpool_prior_HFLGMO.pt,7,218,0.004986460000000001
global-avgpool_prior_GG9PPY.pt,3,266,0.00465384
global-avgpool_prior_C12K74.pt,3,181,0.00460894
global-avgpool_prior_HCU0HG.pt,3,222,0.0046101399999999996
global-avgpool_prior_S6KEYU.pt,3,740,0.00474478
global-avgpool_prior_IZANN9.pt,3,128,0.00462532
global-avgpool_prior_2VJYZS.pt,7,146,0.004831680000000002
global-avgpool_prior_8YHL9V.pt,3,128,0.004495399999999999
global-avgpool_prior_BZX3PL.pt,3,975,0.0048562200000000005
global-avgpool_prior_Z8DB3D.pt,3,104,0.004642200000000003
global-avgpool_prior_Y21V6T.pt,7,496,0.005216280000000001
global-avgpool_prior_5HQ5Z9.pt,3,127,0.004616480000000001
global-avgpool_prior_557F8H.pt,3,180,0.0047021599999999995
global-avgpool_prior_AGXGVQ.pt,7,250,0.00506266
global-avgpool_prior_6MPZWW.pt,3,62,0.0045782800000000005
global-avgpool_prior_WA3WGU.pt,3,5,0.0045372200000000015
global-avgpool_prior_Q67262.pt,3,224,0.004600140000000001
global-avgpool_prior_FOSZFT.pt,3,46,0.004595079999999999
global-avgpool_prior_6HOP4I.pt,7,1045,0.08892034
global-avgpool_prior_UH0IB3.pt,3,56,0.0045766800000000005
global-avgpool_prior_NXPOWK.pt,3,266,0.0046566199999999985
global-avgpool_prior_0QE62E.pt,7,193,0.00494762
global-avgpool_prior_8E77XO.pt,3,702,0.00476398
global-avgpool_prior_NBT2QM.pt,7,213,0.004965300000000001
global-avgpool_prior_INF9E3.pt,7,169,0.0048983
global-avgpool_prior_OMDCKB.pt,3,166,0.004778860000000001
global-avgpool_prior_YIQ6L2.pt,3,252,0.004595039999999999
global-avgpool_prior_JS3YZ4.pt,7,271,0.005050960000000001
global-avgpool_prior_PHXXWW.pt,7,237,0.004997980000000001
global-avgpool_prior_OQVE14.pt,3,508,0.0046636
global-avgpool_prior_6KU7RY.pt,3,437,0.004661719999999999
global-avgpool_prior_ETZFPS.pt,3,58,0.004688040000000001
global-avgpool_prior_0UZUYH.pt,3,95,0.004584360000000001
global-avgpool_prior_7M76NO.pt,7,42,0.004668740000000001
global-avgpool_prior_5BMJTX.pt,3,188,0.00458622
global-avgpool_prior_YLTRUU.pt,7,200,0.004809720000000001
global-avgpool_prior_NSY2AO.pt,3,441,0.00472422
global-avgpool_prior_SQHKUK.pt,7,61,0.004684940000000001
global-avgpool_prior_JEY48H.pt,7,978,0.08839597999999999
global-avgpool_prior_0ZUN7K.pt,7,1720,0.09005652
global-avgpool_prior_25XT5F.pt,3,563,0.004755819999999999
global-avgpool_prior_X6AGQ7.pt,3,61,0.004574719999999999
global-avgpool_prior_Q0PO1F.pt,3,519,0.004692179999999999
global-avgpool_prior_I5Z0PN.pt,3,1142,0.004959879999999998
global-avgpool_prior_KVHMSS.pt,7,256,0.004900300000000001
global-avgpool_prior_NDRUTP.pt,3,49,0.004596459999999999
global-avgpool_prior_1XN2XV.pt,3,924,0.0047965199999999986
global-avgpool_prior_KGU3A6.pt,7,523,0.005443000000000001
global-avgpool_prior_1DHFZS.pt,3,158,0.00464466
global-avgpool_prior_AHH31Y.pt,3,489,0.004752220000000001
global-avgpool_prior_EDH4W7.pt,3,9,0.0045423
global-avgpool_prior_1HID6R.pt,3,249,0.004638
global-avgpool_prior_HOBNSX.pt,7,266,0.0050982399999999995
global-avgpool_prior_UZII0M.pt,3,247,0.0046583399999999995
global-avgpool_prior_XILWQ5.pt,3,503,0.00470858
global-avgpool_prior_XUDM8V.pt,7,934,0.10223668
global-avgpool_prior_0PXH9F.pt,3,1777,0.005090020000000001
global-avgpool_prior_7GHBIJ.pt,7,38,0.004685500000000001
global-avgpool_prior_LQH7C0.pt,3,182,0.00459222
global-avgpool_prior_4AT3W3.pt,7,130,0.004812920000000002
global-avgpool_prior_CR5POL.pt,3,247,0.004684259999999999
global-avgpool_prior_MA7JWA.pt,3,944,0.004789899999999999
global-avgpool_prior_N23S6R.pt,3,535,0.004676840000000001
global-avgpool_prior_VIM2CK.pt,7,1032,0.09729872
global-avgpool_prior_8BUCG2.pt,3,715,0.00474508
global-avgpool_prior_TR8TKU.pt,3,515,0.004750479999999999
global-avgpool_prior_8T2IM5.pt,3,90,0.004591100000000002
global-avgpool_prior_OFB3Q3.pt,7,60,0.004703519999999999
global-avgpool_prior_MGFS6W.pt,7,116,0.00470722
global-avgpool_prior_VKYQA6.pt,7,19,0.00461138
global-avgpool_prior_58F3BX.pt,7,502,0.005348040000000001
global-avgpool_prior_PFJKAW.pt,7,144,0.00478186
global-avgpool_prior_WTXCNG.pt,7,17,0.004543479999999999
global-avgpool_prior_OJYG7R.pt,3,112,0.004590759999999999
global-avgpool_prior_K4GIX9.pt,3,807,0.00477908
global-avgpool_prior_QHVX1G.pt,3,214,0.00458342
global-avgpool_prior_BVCCKZ.pt,7,124,0.0047611799999999985
global-avgpool_prior_KFAP3B.pt,3,201,0.004732559999999998
global-avgpool_prior_EG8VPT.pt,7,314,0.005121240000000002
global-avgpool_prior_4VL6XV.pt,3,483,0.004701419999999999
global-avgpool_prior_KIS13T.pt,3,664,0.0047195200000000005
global-avgpool_prior_K9HGYM.pt,3,1257,0.0049415399999999995
global-avgpool_prior_S1G9VO.pt,7,1758,0.09603067999999998
global-avgpool_prior_TNYECP.pt,3,24,0.004547659999999999
global-avgpool_prior_YQVAQE.pt,3,3,0.00467208
global-avgpool_prior_5T39ZU.pt,3,51,0.0045414
global-avgpool_prior_ELGAY1.pt,7,786,0.10004998000000004
global-avgpool_prior_QK25X7.pt,3,269,0.00476444
global-avgpool_prior_JLEJ6Q.pt,3,60,0.030267959999999997
global-avgpool_prior_ATUQ8L.pt,3,114,0.0045826600000000006
global-avgpool_prior_UR13F5.pt,3,136,0.004603559999999998
global-avgpool_prior_EIY7WH.pt,7,472,0.00512602
global-avgpool_prior_M5R867.pt,7,163,0.004856359999999999
global-avgpool_prior_0YE6SC.pt,3,138,0.00454388
global-avgpool_prior_X863I9.pt,3,416,0.00467056
global-avgpool_prior_3DPCOH.pt,3,581,0.0048324200000000005
global-avgpool_prior_GK4GWO.pt,3,14,0.00457284
global-avgpool_prior_Z85KRB.pt,3,941,0.00488062
global-avgpool_prior_BFK2BN.pt,3,208,0.004589759999999999
global-avgpool_prior_T0ZMH0.pt,7,90,0.00470672
global-avgpool_prior_M2ER66.pt,3,90,0.0045814
global-avgpool_prior_2WHKCL.pt,3,61,0.0046040000000000005
global-avgpool_prior_8W0Q1Y.pt,7,88,0.00472776
global-avgpool_prior_NUZ550.pt,3,236,0.004721120000000001
global-avgpool_prior_R2LCXL.pt,7,2028,0.09689719999999999
global-avgpool_prior_GP170N.pt,3,246,0.00460672
global-avgpool_prior_L7HMG0.pt,7,590,0.005547359999999999
global-avgpool_prior_68HGUN.pt,7,36,0.004626159999999999
global-avgpool_prior_ZJWKBJ.pt,7,1273,0.11332640000000005
global-avgpool_prior_K9DNQE.pt,3,265,0.004703659999999999
global-avgpool_prior_UKNCT6.pt,3,603,0.004759420000000001
global-avgpool_prior_FTEJQR.pt,7,486,0.0053703
global-avgpool_prior_1M2Z5F.pt,7,1039,0.01743672
global-avgpool_prior_IW3KFN.pt,3,77,0.004661500000000001
global-avgpool_prior_KFGK00.pt,7,153,0.004960920000000002
global-avgpool_prior_9CUBAL.pt,3,3,0.00463454
global-avgpool_prior_C4OB81.pt,3,4,0.0045705799999999994
global-avgpool_prior_0LHBZP.pt,7,55,0.00464408
global-avgpool_prior_MPVUF0.pt,7,477,0.005399480000000001
global-avgpool_prior_VVU432.pt,3,47,0.00464
global-avgpool_prior_FH18ON.pt,7,112,0.004686579999999999
global-avgpool_prior_KMTO0P.pt,3,3,0.00460476
global-avgpool_prior_ADOVK5.pt,3,521,0.004714800000000001
global-avgpool_prior_UGBJ85.pt,3,192,0.004611080000000001
global-avgpool_prior_4B9G70.pt,7,17,0.004579620000000001
global-avgpool_prior_XJLL7R.pt,3,75,0.00457842
global-avgpool_prior_NI8GUE.pt,3,242,0.0045981600000000004
global-avgpool_prior_M01SN1.pt,3,24,0.004596799999999999
global-avgpool_prior_XZZVIB.pt,3,100,0.004611079999999999
global-avgpool_prior_SBXV49.pt,3,491,0.00471028
global-avgpool_prior_DQ4V6I.pt,3,69,0.004580560000000001
global-avgpool_prior_IZWQCS.pt,3,233,0.004607099999999999
global-avgpool_prior_XM14C1.pt,7,102,0.004723299999999999
global-avgpool_prior_NONQ7T.pt,3,248,0.0046102
global-avgpool_prior_K83GTN.pt,7,214,0.004950620000000001
global-avgpool_prior_C5PAY0.pt,3,242,0.00465502
global-avgpool_prior_7I8BMM.pt,7,523,0.00553114
global-avgpool_prior_I9Q39P.pt,7,210,0.0049672000000000015
global-avgpool_prior_G0CMMO.pt,7,96,0.00466292
global-avgpool_prior_0QA5SR.pt,7,558,0.00546586
global-avgpool_prior_KNPYFU.pt,3,978,0.004851360000000001
global-avgpool_prior_ZZWGRW.pt,3,476,0.00469882
global-avgpool_prior_6FCH76.pt,3,35,0.004556899999999999
global-avgpool_prior_G1YY43.pt,3,143,0.004646
global-avgpool_prior_XXL3Z7.pt,7,1000,0.0921785
global-avgpool_prior_G2MN65.pt,3,272,0.004685880000000001
global-avgpool_prior_F6Q595.pt,7,39,0.004713479999999999
global-avgpool_prior_YJY2FR.pt,3,110,0.00467314
global-avgpool_prior_T57AKJ.pt,7,108,0.00474548
global-avgpool_prior_L41XPH.pt,7,231,0.004994100000000002
global-avgpool_prior_0XVV25.pt,3,154,0.004605959999999998
global-avgpool_prior_CTL73C.pt,3,74,0.0046295200000000016
global-avgpool_prior_EAOQ16.pt,3,766,0.004857259999999999
global-avgpool_prior_Z0TAU2.pt,3,1023,0.004902180000000001
global-avgpool_prior_H52IDV.pt,3,541,0.004721099999999999
global-avgpool_prior_K16IUZ.pt,3,796,0.004788879999999999
global-avgpool_prior_YJ5SGO.pt,7,43,0.0046386
global-avgpool_prior_8FPOX6.pt,3,271,0.00461886
global-avgpool_prior_H0N7Y8.pt,3,85,0.004610080000000002
global-avgpool_prior_ADZEVA.pt,7,42,0.00465082
global-avgpool_prior_V7F7W0.pt,3,206,0.00462294
global-avgpool_prior_S4HQPP.pt,3,3,0.00458568
global-avgpool_prior_ZN2PK3.pt,3,4,0.004562799999999999
global-avgpool_prior_TWQJHQ.pt,7,1067,0.09334630000000001
global-avgpool_prior_8GCK94.pt,3,526,0.00471128
global-avgpool_prior_DKWOWI.pt,7,912,0.0980271
global-avgpool_prior_MOHZXY.pt,7,240,0.004877419999999999
global-avgpool_prior_A74Z8A.pt,3,121,0.0046425
global-avgpool_prior_7BFWWN.pt,3,65,0.00459824
global-avgpool_prior_4KNIGP.pt,7,35,0.004828380000000002
global-avgpool_prior_43Y7W3.pt,3,363,0.004652060000000002
global-avgpool_prior_U1Y15U.pt,3,197,0.00466074
global-avgpool_prior_9TPMVZ.pt,3,185,0.00461174
global-avgpool_prior_RKLW4H.pt,3,51,0.004594079999999999
global-avgpool_prior_4XJCOC.pt,3,260,0.004626300000000001
global-avgpool_prior_B3FBCO.pt,7,225,0.004982159999999999
global-avgpool_prior_C4GBS1.pt,3,137,0.004585700000000001
global-avgpool_prior_UP32MB.pt,7,705,0.09228187999999998
global-avgpool_prior_QQPUY8.pt,3,940,0.004842879999999999
global-avgpool_prior_4G850E.pt,7,161,0.0048468800000000005
global-avgpool_prior_7JMF0X.pt,3,1268,0.004910720000000001
global-avgpool_prior_P96NHO.pt,3,166,0.004639920000000001
global-avgpool_prior_5NRKBM.pt,7,427,0.00531828
global-avgpool_prior_V043NE.pt,3,94,0.004629819999999999
global-avgpool_prior_6OB9HY.pt,3,234,0.004628940000000001
global-avgpool_prior_INMM3C.pt,3,947,0.0048202
global-avgpool_prior_A1C2QG.pt,7,515,0.005444039999999999
global-avgpool_prior_RJ1OP9.pt,3,56,0.00464706
global-avgpool_prior_VRXQOJ.pt,3,69,0.0045939
global-avgpool_prior_QWK4PQ.pt,7,1135,0.09442606000000002
global-avgpool_prior_PC9CR3.pt,3,129,0.004574439999999999
global-avgpool_prior_IVKI56.pt,3,5,0.004563060000000001
global-avgpool_prior_65GW4C.pt,3,132,0.0045692599999999995
global-avgpool_prior_M7EVWZ.pt,7,427,0.00531524
global-avgpool_prior_861IBI.pt,7,130,0.0048378200000000005
global-avgpool_prior_RA7OWA.pt,3,819,0.004840319999999999
global-avgpool_prior_OSQIA2.pt,3,13,0.004571819999999998
global-avgpool_prior_GNE6PJ.pt,3,472,0.004724519999999999
global-avgpool_prior_90IXIN.pt,3,122,0.0046546600000000014
global-avgpool_prior_IF08PL.pt,3,1019,0.00499438
global-avgpool_prior_0EAJUT.pt,3,242,0.004598559999999999
global-avgpool_prior_OZ1JAS.pt,3,42,0.00459712
global-avgpool_prior_HO7UCM.pt,3,139,0.0046102999999999995
global-avgpool_prior_JAB4W8.pt,7,43,0.027231699999999998
global-avgpool_prior_QTSK6H.pt,3,38,0.004563579999999998
global-avgpool_prior_L3G4W1.pt,7,132,0.004801639999999999
global-avgpool_prior_67A1IB.pt,7,798,0.08938279999999998
global-avgpool_prior_OA1W0L.pt,3,4,0.0045914
global-avgpool_prior_GN8ZIA.pt,3,220,0.004681059999999999
global-avgpool_prior_90NORR.pt,7,1757,0.087641
global-avgpool_prior_58J5U7.pt,7,802,0.08636537999999998
global-avgpool_prior_J2L42X.pt,7,69,0.0046532
global-avgpool_prior_6ITDC9.pt,3,8,0.0045745199999999995
global-avgpool_prior_3IJXU8.pt,7,212,0.005137440000000002
global-avgpool_prior_R7GSXT.pt,3,1137,0.004956639999999999
global-avgpool_prior_6U02BL.pt,7,2075,0.10825625999999999
global-avgpool_prior_LKDVCV.pt,7,55,0.0046286600000000015
global-avgpool_prior_0ZJ56P.pt,7,522,0.00532476
global-avgpool_prior_NY4FGA.pt,3,110,0.004561859999999998
global-avgpool_prior_RO2CHG.pt,3,683,0.03202351999999999
global-avgpool_prior_WNEFTA.pt,3,133,0.004609380000000001
global-avgpool_prior_QOSH4W.pt,3,472,0.00470606
global-avgpool_prior_H1U9UJ.pt,7,495,0.005381899999999999
global-avgpool_prior_KPBEBO.pt,7,114,0.004762600000000002
global-avgpool_prior_3KIPTY.pt,7,701,0.11323772000000006
global-avgpool_prior_P0X7W8.pt,3,394,0.004693360000000001
global-avgpool_prior_FJUWV0.pt,7,1003,0.08803682
global-avgpool_prior_5SN80M.pt,7,926,0.09550712
global-avgpool_prior_A96UQ2.pt,7,994,0.0812606
global-avgpool_prior_4AEFJ0.pt,3,2051,0.00519082
global-avgpool_prior_2WMYK9.pt,7,270,0.005092300000000001
global-avgpool_prior_BPS7UG.pt,7,140,0.00480506
global-avgpool_prior_O679BU.pt,7,71,0.0047308
global-avgpool_prior_ED54LH.pt,7,102,0.0047446200000000015
global-avgpool_prior_SLZKGC.pt,3,172,0.00460774
global-avgpool_prior_L2KTZJ.pt,3,174,0.004600399999999999
global-avgpool_prior_92INB2.pt,7,10,0.004649940000000002
global-avgpool_prior_T0TCPR.pt,7,241,0.005127780000000001
global-avgpool_prior_TUWKGP.pt,3,53,0.004586420000000001
global-avgpool_prior_VWLNAD.pt,3,105,0.00458262
global-avgpool_prior_ZWLYYQ.pt,3,152,0.004655580000000001
global-avgpool_prior_A7344Z.pt,3,114,0.0045917399999999995
global-avgpool_prior_DSW5FT.pt,3,131,0.0046050200000000005
global-avgpool_prior_ZOWC0V.pt,3,106,0.004646
global-avgpool_prior_8OCK2G.pt,7,63,0.00464994
global-avgpool_prior_IQCENK.pt,7,267,0.00507606
global-avgpool_prior_3GM36U.pt,7,1345,0.09103931999999997
global-avgpool_prior_LLVSPH.pt,7,429,0.005289920000000001
global-avgpool_prior_AX2HRX.pt,3,67,0.004602339999999999
global-avgpool_prior_VTKI37.pt,3,495,0.004733240000000001
global-avgpool_prior_F8V0GO.pt,3,2006,0.0051397000000000005
global-avgpool_prior_BTJ959.pt,3,1006,0.004897720000000001
global-avgpool_prior_F2Y4T7.pt,3,2021,0.005149900000000001
global-avgpool_prior_K8PYY4.pt,7,187,0.004902920000000001
global-avgpool_prior_4XATEK.pt,7,85,0.004713900000000001
global-avgpool_prior_IDMGIH.pt,7,200,0.004853059999999999
global-avgpool_prior_M9QQU8.pt,3,511,0.0047332
global-avgpool_prior_G3ZI14.pt,7,16,0.00457786
global-avgpool_prior_VH7FIY.pt,7,271,0.005033600000000002
global-avgpool_prior_FWCHY7.pt,7,196,0.0049495
global-avgpool_prior_YICZYK.pt,3,505,0.004800440000000001
global-avgpool_prior_9BCJHK.pt,3,255,0.004677359999999999
global-avgpool_prior_WTQ8IE.pt,7,1175,0.016032799999999996
global-avgpool_prior_SPQ90A.pt,3,98,0.004625560000000001
global-avgpool_prior_0FA6VH.pt,7,185,0.005103559999999999
global-avgpool_prior_E2BPQ5.pt,7,539,0.0056267
global-avgpool_prior_WS6K2P.pt,7,118,0.00480944
global-avgpool_prior_FN8RSG.pt,7,157,0.0049689400000000016
global-avgpool_prior_D8M35I.pt,3,492,0.004769660000000001
global-avgpool_prior_L32OTN.pt,3,11,0.00466302
global-avgpool_prior_GMT0E5.pt,3,1074,0.005016
global-avgpool_prior_9MWKR0.pt,7,477,0.005496980000000001
global-avgpool_prior_KHKJ43.pt,7,1582,0.08799077999999998
global-avgpool_prior_VFO8YI.pt,3,200,0.00458876
global-avgpool_prior_C65YJU.pt,3,83,0.00455888
global-avgpool_prior_7BMFMV.pt,7,114,0.004752559999999998
global-avgpool_prior_DGKK3Q.pt,7,209,0.00511156
global-avgpool_prior_U80639.pt,7,21,0.0045837199999999995
global-avgpool_prior_X2S6V2.pt,3,243,0.004676519999999998
global-avgpool_prior_1D62L9.pt,3,1144,0.0048680799999999995
global-avgpool_prior_GMB0IP.pt,3,192,0.004618239999999998
global-avgpool_prior_G21OU2.pt,7,118,0.00479876
global-avgpool_prior_C5DTO7.pt,3,252,0.004749680000000001
global-avgpool_prior_F18X22.pt,3,155,0.00478072
global-avgpool_prior_179CLB.pt,7,121,0.0048616200000000005
global-avgpool_prior_OWWR77.pt,3,179,0.0047280199999999994
global-avgpool_prior_DA7OMB.pt,7,493,0.0054876199999999995
global-avgpool_prior_9O9LJU.pt,3,9,0.0046710599999999994
global-avgpool_prior_JTIPRM.pt,7,54,0.00476652
global-avgpool_prior_H843C1.pt,7,596,0.005436460000000001
global-avgpool_prior_GHQ5L3.pt,3,426,0.00472074
global-avgpool_prior_9XDOMC.pt,3,36,0.00456274
global-avgpool_prior_DS7Q27.pt,3,181,0.004590160000000001
global-avgpool_prior_96YTOY.pt,7,257,0.005018640000000002
global-avgpool_prior_9AQNF8.pt,3,252,0.004642380000000001
global-avgpool_prior_55XKYQ.pt,3,503,0.00467312
global-avgpool_prior_ZQPHCR.pt,7,98,0.004762520000000001
global-avgpool_prior_AE469Z.pt,3,1071,0.004922139999999999
global-avgpool_prior_5S2OJR.pt,7,354,0.00548538
global-avgpool_prior_MFSG22.pt,7,950,0.08477039999999998
global-avgpool_prior_2E7QAJ.pt,7,248,0.00496566
global-avgpool_prior_QOJWQS.pt,3,166,0.00459246
global-avgpool_prior_B9HBN5.pt,3,178,0.004645279999999999
global-avgpool_prior_2BWHY7.pt,7,43,0.0046824399999999995
global-avgpool_prior_I6ZMPX.pt,7,8,0.004580220000000001
global-avgpool_prior_WI8FUY.pt,7,94,0.00472234
global-avgpool_prior_DPSOFJ.pt,3,87,0.0046513399999999995
global-avgpool_prior_BTMXQR.pt,3,465,0.00474108
global-avgpool_prior_NEHPZ9.pt,7,270,0.0050545600000000005
global-avgpool_prior_C31MGU.pt,7,268,0.00503414
global-avgpool_prior_Q859XM.pt,3,188,0.004610200000000001
global-avgpool_prior_Y5MOL4.pt,7,515,0.0054929199999999975
global-avgpool_prior_L1POEO.pt,7,225,0.00495444
global-avgpool_prior_TC5R59.pt,7,221,0.0049765
global-avgpool_prior_SDKX40.pt,7,196,0.00488848
global-avgpool_prior_8L7W69.pt,3,865,0.004822320000000001
global-avgpool_prior_ACZ83V.pt,7,243,0.005005079999999999
global-avgpool_prior_6MME6B.pt,3,1263,0.0049454799999999995
global-avgpool_prior_8GGYEE.pt,3,507,0.004710519999999999
global-avgpool_prior_G1W85U.pt,7,265,0.005060359999999999
global-avgpool_prior_OVFXP9.pt,3,45,0.004589220000000001
global-avgpool_prior_NRSS9D.pt,3,203,0.004578179999999999
global-avgpool_prior_J4EQGI.pt,3,229,0.004592680000000001
global-avgpool_prior_I6RGSR.pt,7,140,0.004831719999999999
global-avgpool_prior_LPG2Z5.pt,7,535,0.00547274
global-avgpool_prior_PGXQ58.pt,7,100,0.00472696
global-avgpool_prior_VZIW6X.pt,3,53,0.00455378
global-avgpool_prior_VYELZ4.pt,7,235,0.005006699999999999
global-avgpool_prior_8A8IIV.pt,7,213,0.00498718
global-avgpool_prior_30WQ3D.pt,7,207,0.004935879999999999
global-avgpool_prior_J0IVBZ.pt,3,250,0.00461782
global-avgpool_prior_R84WSP.pt,7,252,0.004980599999999999
global-avgpool_prior_3D41Q5.pt,3,1247,0.00499904
global-avgpool_prior_546EHT.pt,3,931,0.004859260000000001
global-avgpool_prior_YOWXE7.pt,3,981,0.0048622599999999985
global-avgpool_prior_3TCJLS.pt,7,2101,0.10003097999999999
global-avgpool_prior_4B8ZJL.pt,7,219,0.004985599999999999
global-avgpool_prior_KQ96GW.pt,7,1045,0.09521451999999998
global-avgpool_prior_GMF15L.pt,7,140,0.00487474
global-avgpool_prior_ODNWOV.pt,3,113,0.004584700000000001
global-avgpool_prior_IGV4D2.pt,7,111,0.004809540000000001
global-avgpool_prior_7J3S6T.pt,3,843,0.00488854
global-avgpool_prior_WQVAEA.pt,7,146,0.0048270000000000006
global-avgpool_prior_KFBMXM.pt,7,992,0.09088088000000002
global-avgpool_prior_1U3IUI.pt,7,153,0.00486458
global-avgpool_prior_LQRC3F.pt,7,32,0.004617900000000001
global-avgpool_prior_3APBGQ.pt,7,234,0.004939720000000001
global-avgpool_prior_XU1KFM.pt,7,52,0.00464252
global-avgpool_prior_VGCH9Y.pt,7,454,0.0054350599999999985
global-avgpool_prior_DTZH4C.pt,7,141,0.00489608
global-avgpool_prior_8QHXGL.pt,7,490,0.005368500000000001
global-avgpool_prior_Q5VX29.pt,3,231,0.00471334
global-avgpool_prior_DGWDTI.pt,7,12,0.004627899999999999
global-avgpool_prior_EZDI0P.pt,7,133,0.004845540000000001
global-avgpool_prior_0M6C71.pt,3,28,0.00455476
global-avgpool_prior_CY9EXZ.pt,3,159,0.00460754
global-avgpool_prior_PJYYH5.pt,7,30,0.004671460000000001
global-avgpool_prior_ZPELWO.pt,7,81,0.004718899999999999
global-avgpool_prior_N2TTSL.pt,3,358,0.004644760000000001
global-avgpool_prior_75SS4T.pt,3,505,0.0047209800000000005
global-avgpool_prior_9EKNH8.pt,3,126,0.0045839999999999995
global-avgpool_prior_Y9UKNH.pt,7,13,0.004632839999999999
global-avgpool_prior_UBUIF4.pt,7,107,0.0047398
global-avgpool_prior_1TYZW4.pt,3,529,0.0047230399999999995
global-avgpool_prior_IQQUR2.pt,7,67,0.004755579999999999
global-avgpool_prior_XJZRRJ.pt,7,113,0.004780080000000001
global-avgpool_prior_W5HY5S.pt,7,271,0.0051806000000000005
global-avgpool_prior_O9OOPA.pt,7,218,0.00496122
global-avgpool_prior_ZYNSDA.pt,3,147,0.004590599999999999
global-avgpool_prior_VW3Q34.pt,3,266,0.00467636
global-avgpool_prior_41DS87.pt,7,510,0.005377220000000001
global-avgpool_prior_I2W9HB.pt,7,331,0.00519706
global-avgpool_prior_JBDFEY.pt,7,222,0.004960540000000001
global-avgpool_prior_ECBT2H.pt,7,183,0.004869879999999998
global-avgpool_prior_MMEYRK.pt,7,206,0.0049593200000000014
global-avgpool_prior_ADQWU3.pt,3,100,0.00470342
global-avgpool_prior_4QLKM6.pt,3,77,0.004578259999999999
global-avgpool_prior_GG508I.pt,7,672,0.09301398
global-avgpool_prior_HTSF9M.pt,3,458,0.0047021400000000005
global-avgpool_prior_FEHTLC.pt,3,177,0.004570520000000001
global-avgpool_prior_T3Z6Y6.pt,3,2015,0.005193639999999999
global-avgpool_prior_99T1LF.pt,3,291,0.00466894
global-avgpool_prior_NGMM73.pt,3,47,0.00461646
global-avgpool_prior_RSRCFJ.pt,3,95,0.00458304
global-avgpool_prior_H8L1GI.pt,7,81,0.00468706
global-avgpool_prior_Z1UTNK.pt,3,211,0.004637080000000001
global-avgpool_prior_7NWSOH.pt,3,1602,0.005090500000000001
global-avgpool_prior_UNURSK.pt,3,475,0.00473132
global-avgpool_prior_BD0Z5L.pt,3,442,0.004762100000000001
global-avgpool_prior_YJN4SH.pt,7,254,0.0049743800000000005
global-avgpool_prior_0EI4NE.pt,7,466,0.005324840000000001
global-avgpool_prior_E7YVFA.pt,3,509,0.004743700000000001
global-avgpool_prior_INK010.pt,3,198,0.0046267800000000005
global-avgpool_prior_AVAXJU.pt,3,130,0.004591659999999999
global-avgpool_prior_7EC2WO.pt,3,250,0.004661439999999999
global-avgpool_prior_2R0KM2.pt,7,821,0.10170372000000003
global-avgpool_prior_W9L3HA.pt,3,138,0.004613419999999999
global-avgpool_prior_U1W9XX.pt,7,195,0.004937100000000001
global-avgpool_prior_ME8UQM.pt,3,417,0.004663
global-avgpool_prior_7LQCWQ.pt,7,111,0.004782879999999999
global-avgpool_prior_OD7DXS.pt,7,187,0.0049174
global-avgpool_prior_68BWWW.pt,7,47,0.004637840000000001
global-avgpool_prior_LYSSX0.pt,3,142,0.00464568
global-avgpool_prior_HU76SX.pt,3,263,0.00471018
global-avgpool_prior_IBUNZW.pt,7,244,0.005017639999999998
global-avgpool_prior_VCKHL5.pt,3,192,0.004641479999999999
global-avgpool_prior_5DLOVQ.pt,3,509,0.0047521199999999994
global-avgpool_prior_WP5DKX.pt,7,58,0.0048068
global-avgpool_prior_AUPVF3.pt,7,158,0.004840160000000001
global-avgpool_prior_X47LUR.pt,7,549,0.00561336
global-avgpool_prior_CQGWAF.pt,7,61,0.00467034
global-avgpool_prior_MW8085.pt,7,182,0.004901340000000001
global-avgpool_prior_XX45HZ.pt,7,95,0.0047420399999999995
global-avgpool_prior_ZYXR6Y.pt,7,94,0.00472158
global-avgpool_prior_K5B80S.pt,7,40,0.004609060000000001
global-avgpool_prior_VW265Z.pt,3,170,0.00465838
global-avgpool_prior_0NUMHW.pt,7,2004,0.10216217999999996
global-avgpool_prior_B5UFDX.pt,7,256,0.00505154
global-avgpool_prior_FGZ646.pt,3,136,0.0046829
global-avgpool_prior_3PST03.pt,7,190,0.005032140000000001
global-avgpool_prior_CP2X8U.pt,7,783,0.09916155999999997
global-avgpool_prior_P8FK5B.pt,3,2022,0.005264940000000001
global-avgpool_prior_XTTO9C.pt,3,71,0.004563300000000001
global-avgpool_prior_BT9QWY.pt,3,72,0.00459062
global-avgpool_prior_PNPA07.pt,3,128,0.004570079999999999
global-avgpool_prior_AZJQ82.pt,7,199,0.004893560000000001
global-avgpool_prior_IZ0Y5I.pt,3,641,0.0047510799999999995
global-avgpool_prior_0S6WRB.pt,3,30,0.004543979999999999
global-avgpool_prior_1KGDWM.pt,3,200,0.004619239999999999
global-avgpool_prior_CL8ZVO.pt,7,146,0.0048046799999999995
global-avgpool_prior_PQ6ZA3.pt,3,101,0.0045904399999999995
global-avgpool_prior_YOY5QN.pt,3,231,0.0047348200000000016
global-avgpool_prior_6KIJ0S.pt,7,137,0.004837340000000002
global-avgpool_prior_9F3IET.pt,7,2027,0.10016445999999998
global-avgpool_prior_9FA1NG.pt,3,29,0.00452004
global-avgpool_prior_MJQOMR.pt,3,120,0.004650960000000001
global-avgpool_prior_W1A4Y0.pt,7,25,0.031153799999999995
global-avgpool_prior_NEAI42.pt,3,258,0.004624920000000001
global-avgpool_prior_589SBZ.pt,7,73,0.0047065200000000005
global-avgpool_prior_NV4MJJ.pt,7,1721,0.09253700000000001
global-avgpool_prior_WQNCBP.pt,7,79,0.00472904
global-avgpool_prior_BVUZFE.pt,3,205,0.0045910399999999985
global-avgpool_prior_PA92RN.pt,3,223,0.0046048600000000005
global-avgpool_prior_381UCN.pt,7,526,0.0054299199999999995
global-avgpool_prior_HHOEE9.pt,7,1143,0.0894976
global-avgpool_prior_4DCUKM.pt,3,100,0.0045480799999999995
global-avgpool_prior_9Z1I8A.pt,3,135,0.00460496
global-avgpool_prior_87WSAG.pt,7,18,0.00469048
global-avgpool_prior_6D75B9.pt,7,239,0.005013119999999999
global-avgpool_prior_1ZK2BU.pt,3,188,0.004569760000000001
global-avgpool_prior_NQCC2V.pt,7,262,0.005053619999999998
global-avgpool_prior_ID8MWX.pt,3,689,0.004752939999999998
global-avgpool_prior_1UW1O7.pt,7,742,0.09361254000000002
global-avgpool_prior_918WCK.pt,3,135,0.004599779999999999
global-avgpool_prior_BSVRQD.pt,3,142,0.004637780000000001
global-avgpool_prior_MDUV4A.pt,3,208,0.00469896
global-avgpool_prior_NZLX5G.pt,3,141,0.004585840000000002
global-avgpool_prior_C9BJN7.pt,7,130,0.00473506
global-avgpool_prior_F6WJ8U.pt,7,264,0.00491736
global-avgpool_prior_2C2Q1I.pt,7,243,0.00501618
global-avgpool_prior_HBJ0KA.pt,3,95,0.010877420000000002
global-avgpool_prior_XLRVYF.pt,3,171,0.004604499999999998
global-avgpool_prior_FPHHDI.pt,3,530,0.004704240000000001
global-avgpool_prior_UQPFMD.pt,3,260,0.004639800000000002
global-avgpool_prior_4T9OBL.pt,7,227,0.005002459999999999
global-avgpool_prior_FVUX9N.pt,3,760,0.004802259999999999
global-avgpool_prior_L89U8O.pt,7,384,0.005152179999999999
global-avgpool_prior_6QFFC5.pt,3,156,0.00462386
global-avgpool_prior_MNFPWA.pt,3,40,0.004585400000000001
global-avgpool_prior_6GNYFX.pt,3,10,0.004654840000000001
global-avgpool_prior_1ZAX08.pt,7,39,0.0046897
global-avgpool_prior_2DFM1O.pt,3,484,0.00474138
global-avgpool_prior_VJCHTG.pt,3,435,0.004699619999999999
global-avgpool_prior_PHHGPY.pt,3,2043,0.005167139999999999
global-avgpool_prior_M9BV6H.pt,3,1024,0.004845980000000001
global-avgpool_prior_AMO6YW.pt,7,54,0.004654540000000001
global-avgpool_prior_8Y41EY.pt,7,4,0.0045818
global-avgpool_prior_C4D103.pt,3,860,0.0048658799999999995
global-avgpool_prior_CIYEZ8.pt,7,190,0.0049101
global-avgpool_prior_0WH771.pt,7,211,0.00493802
global-avgpool_prior_7WYC0O.pt,3,976,0.00485662
global-avgpool_prior_DBR566.pt,7,149,0.004949739999999999
global-avgpool_prior_WXJNPZ.pt,7,224,0.00489784
global-avgpool_prior_Y7GV3Z.pt,7,131,0.004813760000000001
global-avgpool_prior_UOONZ9.pt,7,1478,0.09387867999999999
global-avgpool_prior_RB0TU3.pt,3,95,0.004643040000000001
global-avgpool_prior_L8H5FH.pt,3,25,0.004523599999999999
global-avgpool_prior_2YFCBZ.pt,3,523,0.0047231999999999994
global-avgpool_prior_SNFWNJ.pt,7,633,0.0055698200000000005
global-avgpool_prior_9GMFMB.pt,7,442,0.00525226
global-avgpool_prior_BXDOWF.pt,3,229,0.0046043
global-avgpool_prior_U4P716.pt,7,678,0.08715029999999997
global-avgpool_prior_X2V2RR.pt,3,105,0.00458756
global-avgpool_prior_0PEMB7.pt,7,1294,0.10592239999999997
global-avgpool_prior_Z3HWY1.pt,7,329,0.0051272800000000006
global-avgpool_prior_QSHHWZ.pt,3,20,0.004566040000000001
global-avgpool_prior_IVULDP.pt,7,667,0.005689859999999999
global-avgpool_prior_XBPGVN.pt,3,71,0.00464616
global-avgpool_prior_7KTXES.pt,7,1617,0.10481129999999998
global-avgpool_prior_MY7HXL.pt,7,145,0.004886140000000001
global-avgpool_prior_5E1Z5W.pt,3,135,0.004591580000000001
global-avgpool_prior_84GNRV.pt,7,5,0.0045608
global-avgpool_prior_B5D6M7.pt,7,26,0.004608380000000001
global-avgpool_prior_LSMM61.pt,7,382,0.005265840000000001
global-avgpool_prior_1HP8EI.pt,7,174,0.009831439999999999
global-avgpool_prior_5JKQ1J.pt,3,75,0.004618040000000001
global-avgpool_prior_CRERK7.pt,7,265,0.00513026
global-avgpool_prior_94SO3C.pt,7,114,0.00482684
global-avgpool_prior_6XLE3V.pt,7,138,0.004765140000000002
global-avgpool_prior_UBI8H0.pt,7,525,0.005458340000000002
global-avgpool_prior_ZHKAVX.pt,3,278,0.004610199999999999
global-avgpool_prior_KIV54Q.pt,3,170,0.004731339999999997
global-avgpool_prior_LNIFHM.pt,7,207,0.00500734
global-avgpool_prior_6AKSGH.pt,7,128,0.004761000000000002
global-avgpool_prior_R65WYH.pt,7,50,0.00462794
global-avgpool_prior_ZZDJYN.pt,7,1018,0.09474666
global-avgpool_prior_AEDZLU.pt,3,169,0.004592340000000001
global-avgpool_prior_JU8K2L.pt,7,85,0.004727000000000002
global-avgpool_prior_ULIW13.pt,3,116,0.0045713
global-avgpool_prior_82O2RO.pt,3,140,0.00463594
global-avgpool_prior_FA41O3.pt,7,107,0.00477276
global-avgpool_prior_RFTEU6.pt,3,145,0.004597980000000001
global-avgpool_prior_EWSZZB.pt,3,1019,0.0048850199999999995
global-avgpool_prior_3O1B71.pt,7,458,0.0053380200000000015
global-avgpool_prior_0TXPZ6.pt,7,261,0.005076499999999999
global-avgpool_prior_O9ZYY5.pt,7,217,0.00499324
global-avgpool_prior_0CGF19.pt,7,13,0.004578599999999999
global-avgpool_prior_CDPCH8.pt,3,240,0.00461144
global-avgpool_prior_LW8TSV.pt,3,524,0.004724580000000001
global-avgpool_prior_8HJIN0.pt,3,180,0.0047531
global-avgpool_prior_70P9PN.pt,3,151,0.00462844
global-avgpool_prior_IO8MSB.pt,3,12,0.004556000000000001
global-avgpool_prior_5Z0JIR.pt,7,56,0.004643999999999999
global-avgpool_prior_PXW7XL.pt,3,72,0.00458748
global-avgpool_prior_XMZDZQ.pt,3,510,0.004748200000000001
global-avgpool_prior_E485N4.pt,3,201,0.0046274
global-avgpool_prior_KBLVYA.pt,7,120,0.004756960000000001
global-avgpool_prior_XT90RS.pt,7,427,0.005332260000000002
global-avgpool_prior_8K1A59.pt,7,391,0.0054211799999999985
global-avgpool_prior_P31YXH.pt,3,161,0.00471688
global-avgpool_prior_QFX8U3.pt,3,1214,0.005009500000000001
global-avgpool_prior_5SR1OY.pt,7,44,0.004750019999999999
global-avgpool_prior_VNOJYY.pt,3,124,0.0046925199999999995
global-avgpool_prior_P7Z453.pt,7,522,0.005429
global-avgpool_prior_BB0MH5.pt,3,85,0.00465644
global-avgpool_prior_T3XXR2.pt,3,137,0.00459224
global-avgpool_prior_62VXAX.pt,7,118,0.004772459999999999
global-avgpool_prior_U41GKL.pt,3,46,0.0045782999999999996
global-avgpool_prior_58BAZW.pt,7,51,0.004668039999999999
global-avgpool_prior_HWB84F.pt,7,200,0.004892219999999999
global-avgpool_prior_7DCX79.pt,3,39,0.00456216
global-avgpool_prior_WBAG58.pt,3,597,0.004730140000000002
global-avgpool_prior_U0HY69.pt,3,64,0.0045877
global-avgpool_prior_H1JGXL.pt,7,63,0.00480616
global-avgpool_prior_PIDVL0.pt,7,132,0.00486336
global-avgpool_prior_4AMQNS.pt,7,290,0.005119199999999999
global-avgpool_prior_1P1RZ4.pt,7,193,0.004945920000000002
global-avgpool_prior_9EAQID.pt,3,439,0.00470556
global-avgpool_prior_LUZHAT.pt,7,53,0.004649799999999999
global-avgpool_prior_92RJUS.pt,3,556,0.00468332
global-avgpool_prior_9JAJT2.pt,7,90,0.004786019999999999
global-avgpool_prior_ZX3N3B.pt,7,53,0.00465804
global-avgpool_prior_JIWKYV.pt,3,1072,0.004817059999999999
global-avgpool_prior_J6VIGQ.pt,7,12,0.00459824
global-avgpool_prior_UFWUJW.pt,7,213,0.004955360000000001
global-avgpool_prior_V1WXL4.pt,7,454,0.00528974
global-avgpool_prior_2OPXXQ.pt,3,221,0.004605400000000001
global-avgpool_prior_897CDG.pt,3,510,0.004720419999999998
global-avgpool_prior_SHBI2M.pt,3,84,0.00457572
global-avgpool_prior_Q1HNNV.pt,7,102,0.004786100000000001
global-avgpool_prior_MTY6QW.pt,3,37,0.004556360000000001
global-avgpool_prior_6QHWZK.pt,3,719,0.00481762
global-avgpool_prior_NNMA3W.pt,7,666,0.005608479999999999
global-avgpool_prior_9A19W2.pt,3,135,0.004538799999999999
global-avgpool_prior_RTJJTD.pt,3,864,0.004868760000000001
global-avgpool_prior_DTCDAF.pt,7,16,0.004641339999999999
global-avgpool_prior_Z3989L.pt,7,154,0.0048406
global-avgpool_prior_0JYJ19.pt,7,439,0.0052828
global-avgpool_prior_LHJ3JQ.pt,7,466,0.005336059999999998
global-avgpool_prior_PO8UKH.pt,3,225,0.004643839999999999
global-avgpool_prior_PEGC7H.pt,3,84,0.004628040000000001
global-avgpool_prior_G1B3WI.pt,3,504,0.004660000000000001
global-avgpool_prior_C1V2F9.pt,3,223,0.00463954
global-avgpool_prior_YJVXIC.pt,3,129,0.004591920000000002
global-avgpool_prior_K1CE0L.pt,7,854,0.09411401999999996
global-avgpool_prior_OASLUW.pt,7,185,0.0048933399999999995
global-avgpool_prior_1UJC46.pt,7,52,0.0046540999999999996
global-avgpool_prior_BTC6FG.pt,7,1978,0.09664584
global-avgpool_prior_P8676Y.pt,7,42,0.00464694
global-avgpool_prior_CQ26PC.pt,7,80,0.0046996799999999995
global-avgpool_prior_UANSDD.pt,3,217,0.004631239999999998
global-avgpool_prior_Z8104V.pt,7,128,0.004733899999999999
global-avgpool_prior_PZMXDH.pt,7,183,0.004883639999999998
global-avgpool_prior_QKYW3V.pt,7,524,0.00532516
global-avgpool_prior_H80MLO.pt,3,180,0.004613679999999999
global-avgpool_prior_LPJCI6.pt,3,98,0.0045763999999999996
global-avgpool_prior_I86QGV.pt,7,149,0.00509164
global-avgpool_prior_P455RU.pt,3,87,0.004634760000000001
global-avgpool_prior_0QZD5D.pt,7,503,0.005406480000000002
global-avgpool_prior_9WJFTE.pt,7,421,0.005295659999999999
global-avgpool_prior_GD0PWI.pt,7,165,0.00490506
global-avgpool_prior_MYR0Y5.pt,3,532,0.004701519999999999
global-avgpool_prior_ZWMYZ1.pt,3,249,0.00461148
global-avgpool_prior_WQS8IA.pt,3,1021,0.0048387
global-avgpool_prior_0LUJ4O.pt,7,180,0.00486776
global-avgpool_prior_4KKC1H.pt,3,119,0.004584680000000002
global-avgpool_prior_GVMBLV.pt,7,1188,0.09426926000000002
global-avgpool_prior_LN900T.pt,7,958,0.09443728
global-avgpool_prior_W5ESNN.pt,7,32,0.004669739999999999
global-avgpool_prior_V5X5PR.pt,7,500,0.005274279999999999
global-avgpool_prior_1X2DAS.pt,7,264,0.004931059999999998
global-avgpool_prior_691ELJ.pt,3,1010,0.00489846
global-avgpool_prior_30V003.pt,7,52,0.004673480000000001
global-avgpool_prior_29H8Q7.pt,7,10,0.00459976
global-avgpool_prior_GYALES.pt,7,148,0.0047907
global-avgpool_prior_3KT8DJ.pt,7,933,0.09401679999999998
global-avgpool_prior_U0OWIN.pt,7,67,0.004654620000000001
global-avgpool_prior_IO9TJF.pt,7,112,0.004705739999999999
global-avgpool_prior_ACIRL2.pt,3,446,0.004708120000000001
global-avgpool_prior_7SO3D7.pt,7,115,0.00477588
global-avgpool_prior_H2J9CP.pt,7,12,0.00465632
global-avgpool_prior_ZPUCWY.pt,7,235,0.00499896
global-avgpool_prior_2LOVVG.pt,7,87,0.004694280000000001
global-avgpool_prior_C7QR2K.pt,7,982,0.11191289999999998
global-avgpool_prior_IQ9XMD.pt,3,148,0.004664560000000001
global-avgpool_prior_MWRB0R.pt,7,39,0.0046238799999999995
global-avgpool_prior_SOQM79.pt,7,257,0.00508006
global-avgpool_prior_7QCAI9.pt,7,195,0.004903939999999999
global-avgpool_prior_R4RO9O.pt,3,211,0.004614999999999999
global-avgpool_prior_UQ2UFK.pt,3,513,0.004732179999999998
global-avgpool_prior_2YID0P.pt,3,455,0.0046288
global-avgpool_prior_93AVKI.pt,7,18,0.004624140000000001
global-avgpool_prior_DV01BG.pt,3,91,0.004584939999999999
global-avgpool_prior_HI7GJ2.pt,3,64,0.00459354
global-avgpool_prior_ZPLC0Z.pt,7,187,0.00491972
global-avgpool_prior_4FTMSD.pt,3,148,0.004602199999999999
global-avgpool_prior_2P234F.pt,7,138,0.00481212
global-avgpool_prior_PG83ZJ.pt,3,415,0.004667479999999997
global-avgpool_prior_KDBUQZ.pt,3,197,0.004669000000000001
global-avgpool_prior_UOMF7K.pt,7,985,0.10281922
global-avgpool_prior_BKGJ8D.pt,7,91,0.004743120000000001
global-avgpool_prior_PK4DOS.pt,3,177,0.0046001
global-avgpool_prior_X4PVP1.pt,3,150,0.004610379999999999
global-avgpool_prior_WITBLD.pt,7,922,0.09236464
global-avgpool_prior_DA2USS.pt,7,265,0.0050858399999999995
global-avgpool_prior_X6YYB1.pt,3,53,0.00460078
global-avgpool_prior_GVS8HD.pt,7,1885,0.09141444000000001
global-avgpool_prior_OEW66Z.pt,7,164,0.004961460000000001
global-avgpool_prior_M0N986.pt,7,931,0.10216006
global-avgpool_prior_SN94GJ.pt,7,189,0.0049516
global-avgpool_prior_06234U.pt,7,2048,0.0951484
global-avgpool_prior_ZAAP2H.pt,3,241,0.004738540000000002
global-avgpool_prior_FX3CFD.pt,7,219,0.0049942599999999995
global-avgpool_prior_J6ZQU5.pt,7,530,0.00542984
global-avgpool_prior_C62NG1.pt,3,527,0.00472404
global-avgpool_prior_U9I91I.pt,7,76,0.00470684
global-avgpool_prior_U106A1.pt,7,3,0.0046476799999999995
global-avgpool_prior_6WYZWE.pt,3,683,0.00480538
global-avgpool_prior_AE1QY9.pt,7,214,0.00499416
global-avgpool_prior_VCRUJG.pt,7,37,0.004763219999999999
global-avgpool_prior_TS3EPR.pt,3,759,0.00483678
global-avgpool_prior_NR79Q8.pt,7,7,0.00457304
global-avgpool_prior_W0GQ8U.pt,7,194,0.00491098
global-avgpool_prior_KW80NG.pt,7,76,0.00470162
global-avgpool_prior_V1O86F.pt,7,267,0.005083719999999998
global-avgpool_prior_P69IEQ.pt,7,51,0.004663980000000001
global-avgpool_prior_NAVNHX.pt,7,481,0.0053803800000000014
global-avgpool_prior_FOQZC4.pt,3,190,0.00462242
global-avgpool_prior_6NY0GI.pt,3,202,0.004608039999999999
global-avgpool_prior_8M0F1U.pt,7,17,0.004596579999999999
global-avgpool_prior_YOEVJJ.pt,7,165,0.004861660000000001
global-avgpool_prior_YPSDQR.pt,7,774,0.10104606000000001
global-avgpool_prior_H5E0XQ.pt,3,1054,0.00492522
global-avgpool_prior_BXWR4Q.pt,3,683,0.004777300000000001
global-avgpool_prior_YEZOG0.pt,3,170,0.004730600000000001
global-avgpool_prior_8BXOXP.pt,7,153,0.004871980000000001
global-avgpool_prior_YII41K.pt,7,184,0.00488512
global-avgpool_prior_HSEWVG.pt,7,131,0.004788120000000002
global-avgpool_prior_5645KP.pt,3,172,0.004603039999999999
global-avgpool_prior_FPEP2Q.pt,7,98,0.004739439999999998
global-avgpool_prior_PBLOGZ.pt,3,984,0.00481034
global-avgpool_prior_1CV4CI.pt,3,126,0.004602039999999999
global-avgpool_prior_3VKIKZ.pt,7,227,0.004971279999999999
global-avgpool_prior_WL3EJJ.pt,7,150,0.004861160000000001
global-avgpool_prior_FM4TCT.pt,7,2041,0.10447559999999999
global-avgpool_prior_OOIJ1R.pt,3,240,0.0045911599999999995
global-avgpool_prior_9A572H.pt,3,98,0.004587200000000001
global-avgpool_prior_O0OXJ1.pt,3,17,0.00461536
global-avgpool_prior_JGWUNK.pt,7,168,0.004810420000000001
global-avgpool_prior_TP6HCD.pt,7,513,0.005457820000000001
global-avgpool_prior_TS6P1S.pt,7,408,0.00509012
global-avgpool_prior_3I00V5.pt,7,230,0.004966719999999999
global-avgpool_prior_WJYDEX.pt,7,31,0.004677119999999998
global-avgpool_prior_MRVZTS.pt,3,219,0.004612580000000001
global-avgpool_prior_ZYH3JY.pt,7,165,0.00487148
global-avgpool_prior_V399CY.pt,3,2076,0.00515232
global-avgpool_prior_TNF7D3.pt,7,170,0.00485252
global-avgpool_prior_9A03FJ.pt,7,335,0.005229359999999999
global-avgpool_prior_DDJ69W.pt,7,5,0.0045839800000000005
global-avgpool_prior_TXPJMW.pt,7,67,0.00466108
global-avgpool_prior_DPDFHK.pt,3,833,0.004786099999999999
global-avgpool_prior_8DZ9KI.pt,7,132,0.00480328
global-avgpool_prior_6G52W4.pt,3,165,0.00460196
global-avgpool_prior_2V2K8V.pt,3,507,0.031192219999999996
global-avgpool_prior_8U5CUM.pt,7,32,0.004589860000000001
global-avgpool_prior_1AR6S8.pt,3,503,0.004721960000000001
global-avgpool_prior_FXMZZ2.pt,7,29,0.0046949
global-avgpool_prior_E8897I.pt,7,133,0.004832639999999998
global-avgpool_prior_5SE5OD.pt,3,171,0.0047012
global-avgpool_prior_BRQE2W.pt,7,173,0.004920060000000001
global-avgpool_prior_6WLVXA.pt,3,155,0.004589040000000001
global-avgpool_prior_WIHA74.pt,7,58,0.004677819999999999
global-avgpool_prior_VOAX9T.pt,7,109,0.00475918
global-avgpool_prior_KJ0CE1.pt,3,213,0.00480918
global-avgpool_prior_2I68MB.pt,3,49,0.004658600000000001
global-avgpool_prior_PLSZI5.pt,3,456,0.004765499999999999
global-avgpool_prior_90M2OB.pt,7,193,0.00510826
global-avgpool_prior_H57T10.pt,3,217,0.004593700000000001
global-avgpool_prior_5DO5LH.pt,7,31,0.00463464
global-avgpool_prior_3584HZ.pt,3,229,0.004638420000000001
global-avgpool_prior_9YEYFB.pt,3,430,0.004696060000000001
global-avgpool_prior_CFI1UW.pt,7,217,0.00496334
global-avgpool_prior_CJWVX4.pt,3,660,0.00476728
global-avgpool_prior_9VMWYC.pt,3,252,0.004657159999999999
global-avgpool_prior_DPR8SE.pt,7,189,0.00490458
global-avgpool_prior_X796P7.pt,3,236,0.0046465
global-avgpool_prior_0KLKYF.pt,3,198,0.0047164
global-avgpool_prior_IJZ6U4.pt,3,522,0.004708279999999999
global-avgpool_prior_4BH9DU.pt,7,73,0.00468518
global-avgpool_prior_ODX1ZL.pt,3,537,0.0047361799999999996
global-avgpool_prior_OZZ3WU.pt,3,521,0.00471556
global-avgpool_prior_9CIZ6D.pt,3,79,0.004558240000000002
global-avgpool_prior_ICB12C.pt,7,174,0.004845659999999999
global-avgpool_prior_EEF60Q.pt,7,57,0.004653519999999999
global-avgpool_prior_L7WLY7.pt,3,788,0.004781739999999999
global-avgpool_prior_C793R4.pt,3,1295,0.0050206999999999995
global-avgpool_prior_0C40JF.pt,3,189,0.004621000000000001
global-avgpool_prior_SD0GFY.pt,3,108,0.0045808
global-avgpool_prior_77H7BR.pt,3,504,0.004697220000000001
global-avgpool_prior_WBBI8U.pt,3,91,0.0045600599999999995
global-avgpool_prior_NGYOS0.pt,3,86,0.0045650000000000005
global-avgpool_prior_H702MD.pt,3,499,0.004742920000000001
global-avgpool_prior_N44AG8.pt,3,222,0.004603179999999999
global-avgpool_prior_BZD03H.pt,3,531,0.004692179999999999
global-avgpool_prior_WC601L.pt,3,58,0.004580860000000001
global-avgpool_prior_YR0GIS.pt,7,335,0.00519858
global-avgpool_prior_V2LRVO.pt,7,13,0.0045924
global-avgpool_prior_XNCXEC.pt,3,140,0.004596060000000001
global-avgpool_prior_P2P0VY.pt,3,96,0.004605760000000001
global-avgpool_prior_W0O3YH.pt,3,219,0.004605859999999999
global-avgpool_prior_1X2WYV.pt,3,268,0.0046049
global-avgpool_prior_AHR2JS.pt,3,186,0.004603880000000001
global-avgpool_prior_AZ1PWI.pt,3,493,0.00471964
global-avgpool_prior_BXLWNN.pt,3,213,0.0046456200000000005
global-avgpool_prior_X4DC6L.pt,7,959,0.09131874000000001
global-avgpool_prior_E25T9G.pt,7,132,0.00482592
global-avgpool_prior_FHAGP7.pt,7,248,0.004915659999999999
global-avgpool_prior_HV57GE.pt,7,75,0.00469536
global-avgpool_prior_Y5HF45.pt,7,50,0.00463952
global-avgpool_prior_D6OLOW.pt,3,32,0.03041642000000001
global-avgpool_prior_DGIWGV.pt,7,206,0.004991560000000001
global-avgpool_prior_O6GNYG.pt,7,68,0.00466454
global-avgpool_prior_V08E6H.pt,7,137,0.004861799999999999
global-avgpool_prior_WSG2VF.pt,7,1813,0.09252889999999998
global-avgpool_prior_35WSQI.pt,7,89,0.00468114
global-avgpool_prior_VS8PTO.pt,7,746,0.08682345999999999
global-avgpool_prior_6QYZ6L.pt,7,190,0.00492726
global-avgpool_prior_WNEYFS.pt,7,144,0.004762039999999999
global-avgpool_prior_SLLE8S.pt,3,187,0.004608799999999999
global-avgpool_prior_62L0AX.pt,3,109,0.0046521800000000006
global-avgpool_prior_8RMJ7F.pt,7,987,0.09262427999999998
global-avgpool_prior_1X99GC.pt,7,1019,0.08778961999999998
global-avgpool_prior_BVFZY9.pt,3,21,0.004572800000000001
global-avgpool_prior_WYYM81.pt,3,204,0.0046272
global-avgpool_prior_9HVICJ.pt,7,1161,0.08831098000000003
global-avgpool_prior_D6UIEZ.pt,3,113,0.004606959999999999
global-avgpool_prior_XY144R.pt,3,508,0.004699559999999999
global-avgpool_prior_6B3NP4.pt,3,20,0.004643940000000002
global-avgpool_prior_Q3T6HI.pt,3,215,0.0046094
global-avgpool_prior_MGJCFF.pt,7,161,0.004859940000000002
global-avgpool_prior_5T1ZFM.pt,7,216,0.00486928
global-avgpool_prior_17GEM3.pt,3,76,0.0045993
global-avgpool_prior_HCGPTT.pt,3,65,0.004723960000000001
global-avgpool_prior_P1VDTF.pt,3,478,0.0047207
global-avgpool_prior_L7QZH0.pt,7,207,0.004942420000000002
global-avgpool_prior_GEAVPR.pt,7,73,0.0046825799999999996
global-avgpool_prior_6N6T5U.pt,7,128,0.00471112
global-avgpool_prior_FKXLRA.pt,3,68,0.004656519999999999
global-avgpool_prior_EVHJ7D.pt,3,16,0.00453578
global-avgpool_prior_9DD1GO.pt,3,168,0.004641580000000001
global-avgpool_prior_MOB4MZ.pt,7,778,0.08720119999999999
global-avgpool_prior_332WGS.pt,3,1263,0.004971399999999999
global-avgpool_prior_N4Z5WC.pt,3,5,0.00454806
global-avgpool_prior_E1GS63.pt,3,515,0.004697560000000002
global-avgpool_prior_65J976.pt,7,137,0.004916840000000002
global-avgpool_prior_EX2OCJ.pt,7,240,0.004958720000000001
global-avgpool_prior_6O0GQC.pt,3,758,0.004792179999999998
global-avgpool_prior_9VWGCP.pt,7,262,0.00499854
global-avgpool_prior_2IWVSK.pt,3,92,0.004603000000000001
global-avgpool_prior_ONC40P.pt,7,36,0.00460636
global-avgpool_prior_S1EDJJ.pt,3,67,0.0045721600000000005
global-avgpool_prior_P1PKHO.pt,7,536,0.005602199999999999
global-avgpool_prior_8OF7QT.pt,7,12,0.004641780000000001
global-avgpool_prior_UE461E.pt,7,409,0.005365039999999999
global-avgpool_prior_FPRAGI.pt,3,235,0.00460534
global-avgpool_prior_9E8SRQ.pt,3,180,0.004606000000000002
global-avgpool_prior_O9ZV6Q.pt,7,192,0.004848979999999999
global-avgpool_prior_PM24HM.pt,7,139,0.004896720000000001
global-avgpool_prior_S854SI.pt,7,3,0.00459892
global-avgpool_prior_RQ69U9.pt,7,264,0.004933180000000001
global-avgpool_prior_CZ5C2O.pt,3,3,0.004536999999999999
global-avgpool_prior_2YE58H.pt,3,92,0.004579520000000002
global-avgpool_prior_R1G4P1.pt,7,119,0.00493008
global-avgpool_prior_JU3DXT.pt,7,141,0.004898239999999999
global-avgpool_prior_LYV6MB.pt,7,76,0.004753819999999999
global-avgpool_prior_5Y5DKN.pt,3,496,0.00466008
global-avgpool_prior_DJBWFG.pt,7,14,0.004598359999999999
global-avgpool_prior_924OCC.pt,7,230,0.005028640000000001
global-avgpool_prior_NRA1IW.pt,3,248,0.0046051
global-avgpool_prior_RBYYJ0.pt,3,232,0.004653660000000001
global-avgpool_prior_PCY79W.pt,3,122,0.004591219999999999
global-avgpool_prior_PVEH4G.pt,7,60,0.004682860000000001
global-avgpool_prior_YVWHWB.pt,7,529,0.035774419999999994
global-avgpool_prior_NOZJNV.pt,3,771,0.004798600000000001
global-avgpool_prior_HGL7DN.pt,3,526,0.00469226
global-avgpool_prior_KGU941.pt,7,152,0.004843480000000001
global-avgpool_prior_MHHZ5W.pt,3,1167,0.004944919999999999
global-avgpool_prior_TBAK5M.pt,7,230,0.0049381
global-avgpool_prior_2UBFTU.pt,3,46,0.00463982
global-avgpool_prior_892YDR.pt,3,150,0.004597260000000001
global-avgpool_prior_LIQ9AU.pt,7,663,0.005770760000000001
global-avgpool_prior_SIVD8L.pt,3,175,0.004692080000000001
global-avgpool_prior_RG3KNN.pt,7,13,0.00463646
global-avgpool_prior_CG854V.pt,3,813,0.00480002
global-avgpool_prior_D68L1L.pt,7,744,0.08636814
global-avgpool_prior_TSBA03.pt,7,85,0.00476778
global-avgpool_prior_RXFMBD.pt,3,521,0.0047424
global-avgpool_prior_9LNSRJ.pt,7,56,0.004650619999999999
global-avgpool_prior_0DA44H.pt,3,159,0.00462102
global-avgpool_prior_CEZID0.pt,7,382,0.00521614
global-avgpool_prior_LUJCHW.pt,3,131,0.004622559999999999
global-avgpool_prior_8V0FJE.pt,7,806,0.01612262
global-avgpool_prior_JK8Q7Q.pt,7,265,0.005027039999999999
global-avgpool_prior_38N3H2.pt,3,117,0.0045715800000000004
global-avgpool_prior_77WYG3.pt,3,51,0.004601259999999999
global-avgpool_prior_OUNQG9.pt,3,207,0.004626680000000001
global-avgpool_prior_G3MY38.pt,3,161,0.0046216799999999995
global-avgpool_prior_IJT958.pt,3,269,0.004660599999999998
global-avgpool_prior_GFI5CW.pt,7,262,0.00501386
global-avgpool_prior_IMIWVW.pt,3,92,0.00460626
global-avgpool_prior_8W2FG5.pt,3,521,0.0047554
global-avgpool_prior_M4KBH7.pt,7,125,0.004786660000000001
global-avgpool_prior_1Z42L3.pt,3,29,0.00457256
global-avgpool_prior_W6QP8F.pt,7,1585,0.10457370000000005
global-avgpool_prior_YLDZXG.pt,7,778,0.10672535999999998
global-avgpool_prior_TEZJC0.pt,3,935,0.00496796
global-avgpool_prior_RDCGIR.pt,3,137,0.00467434
global-avgpool_prior_GUE6N3.pt,3,105,0.00461454
global-avgpool_prior_4TLNKB.pt,3,1955,0.00512924
global-avgpool_prior_PCT7VF.pt,3,125,0.00459916
global-avgpool_prior_W6YOAN.pt,7,51,0.0047320800000000005
global-avgpool_prior_SW8DFQ.pt,7,196,0.004969819999999999
global-avgpool_prior_MI1TCB.pt,3,512,0.00468574
global-avgpool_prior_OLBUDZ.pt,3,304,0.004692040000000001
global-avgpool_prior_DDBV1R.pt,7,1262,0.09200438000000002
global-avgpool_prior_YXEOHL.pt,3,135,0.004602760000000001
global-avgpool_prior_CNVZ7C.pt,3,1012,0.004897059999999999
global-avgpool_prior_N2BUFC.pt,3,260,0.004611
global-avgpool_prior_7WA5OY.pt,7,493,0.0053690399999999985
global-avgpool_prior_5BO5GX.pt,7,147,0.004872579999999999
global-avgpool_prior_XXNR0Q.pt,3,48,0.004535539999999999
global-avgpool_prior_7RLI4H.pt,3,2048,0.005044820000000001
global-avgpool_prior_VONPD4.pt,3,5,0.004528699999999999
global-avgpool_prior_Q7G0EO.pt,3,52,0.004600099999999999
global-avgpool_prior_PHPQQR.pt,3,31,0.004530259999999998
global-avgpool_prior_E609WJ.pt,7,170,0.00492552
global-avgpool_prior_BG7UYZ.pt,7,5,0.004585479999999999
global-avgpool_prior_IECIOH.pt,7,56,0.004627060000000001
global-avgpool_prior_862KDM.pt,3,131,0.00468928
global-avgpool_prior_5COPW1.pt,3,1144,0.00488246
global-avgpool_prior_CE0OSH.pt,3,247,0.004604360000000001
global-avgpool_prior_IIDSPL.pt,7,663,0.005637079999999999
global-avgpool_prior_OMF11Y.pt,7,116,0.004730500000000002
global-avgpool_prior_290SGO.pt,7,10,0.0046882799999999995
global-avgpool_prior_VW2QNG.pt,3,36,0.004721459999999999
global-avgpool_prior_HIRKSR.pt,7,1643,0.10110322000000004
global-avgpool_prior_X6V8DZ.pt,3,211,0.0047537
global-avgpool_prior_HCK2ZC.pt,3,1137,0.005077580000000002
global-avgpool_prior_XVROVE.pt,7,2050,0.09372778
global-avgpool_prior_U80A04.pt,3,1655,0.0050697400000000005
global-avgpool_prior_JWZWI0.pt,7,190,0.00492746
global-avgpool_prior_A792CQ.pt,7,22,0.00455138
global-avgpool_prior_97EXWK.pt,7,510,0.005364560000000001
global-avgpool_prior_MZBMEO.pt,7,108,0.004720140000000001
global-avgpool_prior_55RL40.pt,3,118,0.004606440000000001
global-avgpool_prior_V7IIJQ.pt,7,16,0.0045961000000000005
global-avgpool_prior_DQ39UK.pt,3,1272,0.004910259999999998
global-avgpool_prior_P256IE.pt,3,657,0.004781100000000001
global-avgpool_prior_TYKDIE.pt,3,232,0.00470674
global-avgpool_prior_4GQTAP.pt,7,232,0.004836679999999999
global-avgpool_prior_R9ILO4.pt,7,37,0.00465478
global-avgpool_prior_LAKMOH.pt,7,2156,0.09785680000000002
global-avgpool_prior_4LFER8.pt,7,192,0.004816140000000002
global-avgpool_prior_J6NV9D.pt,3,2074,0.005221720000000001
global-avgpool_prior_VBI7EF.pt,7,96,0.004785840000000001
global-avgpool_prior_CMBKGM.pt,3,141,0.00464336
global-avgpool_prior_1YFNNA.pt,3,1966,0.0051443800000000005
global-avgpool_prior_BT761B.pt,7,126,0.004803760000000001
global-avgpool_prior_VYEM7I.pt,7,228,0.004945559999999999
global-avgpool_prior_LS20QE.pt,7,435,0.005446519999999999
global-avgpool_prior_UL7TMT.pt,3,25,0.004594679999999999
global-avgpool_prior_0VFJG1.pt,7,21,0.004554679999999999
global-avgpool_prior_SBK2ZI.pt,3,233,0.004587440000000001
global-avgpool_prior_20710K.pt,7,105,0.004733920000000001
global-avgpool_prior_7VY825.pt,7,521,0.00546626
global-avgpool_prior_8WYV6G.pt,7,146,0.004819319999999999
global-avgpool_prior_2IKGN4.pt,7,123,0.00478112
global-avgpool_prior_LPP80I.pt,3,506,0.004723180000000001
global-avgpool_prior_NE53OA.pt,7,110,0.00472754
global-avgpool_prior_C3VM5C.pt,7,77,0.004716079999999999
global-avgpool_prior_JIUMT5.pt,3,850,0.00483854
global-avgpool_prior_7J5UIN.pt,3,502,0.004684419999999999
global-avgpool_prior_YK1U3Z.pt,3,43,0.004565300000000001
global-avgpool_prior_VXOXX6.pt,3,46,0.004656539999999998
global-avgpool_prior_XITRY0.pt,7,63,0.004686400000000002
global-avgpool_prior_20DGFN.pt,3,528,0.00466022
global-avgpool_prior_35FV57.pt,7,234,0.005011040000000001
global-avgpool_prior_W0VBFL.pt,3,682,0.004717
global-avgpool_prior_BJFWMY.pt,3,823,0.004888220000000001
global-avgpool_prior_YJSX62.pt,3,816,0.00476696
global-avgpool_prior_6OV7HC.pt,7,57,0.004660139999999999
global-avgpool_prior_TDTMQV.pt,3,440,0.00475432
global-avgpool_prior_SBUN9D.pt,7,211,0.004964880000000001
global-avgpool_prior_FEWGUV.pt,7,2034,0.09523888000000001
global-avgpool_prior_KKOJPV.pt,3,218,0.00460984
global-avgpool_prior_3E2RY9.pt,3,401,0.004675640000000001
global-avgpool_prior_RTI5X8.pt,3,17,0.00453856
global-avgpool_prior_4F19RN.pt,7,201,0.004959539999999999
global-avgpool_prior_0ILYXJ.pt,7,81,0.004729099999999999
global-avgpool_prior_LYKCUO.pt,3,169,0.00462024
global-avgpool_prior_22FYGU.pt,3,118,0.00454594
global-avgpool_prior_89LZCO.pt,7,80,0.004648520000000001
global-avgpool_prior_PIL3K3.pt,7,1681,0.08915198
global-avgpool_prior_YKPF7N.pt,7,125,0.0048018
global-avgpool_prior_REQTEL.pt,7,122,0.00479428
global-avgpool_prior_LN0NPZ.pt,3,221,0.00468218
global-avgpool_prior_C6Y8U1.pt,3,529,0.004808660000000001
global-avgpool_prior_1EKU8J.pt,3,62,0.00459858
global-avgpool_prior_I0EZ2S.pt,7,194,0.00493766
global-avgpool_prior_O6NCAR.pt,7,67,0.00468222
global-avgpool_prior_N7D0CF.pt,7,1692,0.08956532
global-avgpool_prior_T0LPP2.pt,3,162,0.004662180000000002
global-avgpool_prior_KEZ43G.pt,3,202,0.0046821399999999996
global-avgpool_prior_8GMWZY.pt,7,177,0.0049231399999999995
global-avgpool_prior_3PGXP0.pt,3,527,0.004717240000000001
global-avgpool_prior_T92IZA.pt,3,477,0.00481166
global-avgpool_prior_QHNI6H.pt,7,280,0.0049158000000000006
global-avgpool_prior_HW6WRB.pt,3,480,0.00481196
global-avgpool_prior_9B31A4.pt,3,156,0.00474694
global-avgpool_prior_8PVWW9.pt,7,241,0.00501696
global-avgpool_prior_UPW93R.pt,7,85,0.00481066
global-avgpool_prior_D6U04T.pt,3,668,0.0047014
global-avgpool_prior_J1BVD4.pt,7,150,0.005057400000000002
global-avgpool_prior_MKSP96.pt,3,208,0.0045810799999999995
global-avgpool_prior_498CYZ.pt,7,73,0.0046807
global-avgpool_prior_KTDUNA.pt,7,159,0.0048829
global-avgpool_prior_URVUSM.pt,3,167,0.004589960000000001
global-avgpool_prior_UCEMM1.pt,3,269,0.00462502
global-avgpool_prior_L2QSXS.pt,7,858,0.08864410000000003
global-avgpool_prior_GXED6E.pt,3,62,0.0045372
global-avgpool_prior_3ALE1H.pt,3,443,0.004675300000000001
global-avgpool_prior_3K34LQ.pt,7,778,0.09218272
global-avgpool_prior_G9VMMO.pt,7,177,0.0049365799999999994
global-avgpool_prior_V632W6.pt,3,111,0.00458716
global-avgpool_prior_292F4Q.pt,7,112,0.004718520000000001
global-avgpool_prior_W01FL6.pt,3,450,0.0047294400000000006
global-avgpool_prior_HDD4EG.pt,3,2154,0.0052186
global-avgpool_prior_3CZOPM.pt,3,854,0.004826680000000001
global-avgpool_prior_PI7CXG.pt,7,1842,0.09722583999999998
global-avgpool_prior_GNOV20.pt,7,166,0.004890819999999998
global-avgpool_prior_BBTO8Q.pt,3,245,0.004619460000000001
global-avgpool_prior_HMFWQ7.pt,7,178,0.004929860000000001
global-avgpool_prior_KVZ1DX.pt,3,173,0.004609560000000001
global-avgpool_prior_FUKIWD.pt,7,142,0.004849159999999999
global-avgpool_prior_SM00SX.pt,3,178,0.004598379999999999
global-avgpool_prior_27LBI6.pt,7,52,0.004648380000000001
global-avgpool_prior_NWFLZG.pt,3,1252,0.004897460000000002
global-avgpool_prior_8OUJJ0.pt,3,566,0.004802000000000001
global-avgpool_prior_BNWS4U.pt,7,261,0.005040319999999999
global-avgpool_prior_0GKYX1.pt,7,126,0.004794199999999999
global-avgpool_prior_B1IZYT.pt,7,48,0.004720039999999998
global-avgpool_prior_AJ0CU3.pt,3,38,0.00458362
global-avgpool_prior_SC51K4.pt,7,63,0.004675340000000001
global-avgpool_prior_OOQA06.pt,3,156,0.0045915
global-avgpool_prior_WK922T.pt,7,147,0.0048553400000000005
global-avgpool_prior_QFPZLA.pt,7,56,0.00465234
global-avgpool_prior_I8YWNK.pt,7,252,0.00500602
global-avgpool_prior_R9FOM4.pt,3,6,0.0045733399999999995
global-avgpool_prior_YNHQLI.pt,7,108,0.00478056
global-avgpool_prior_1DLYK2.pt,7,524,0.0053024000000000005
global-avgpool_prior_YIVZDP.pt,7,213,0.004978099999999999
global-avgpool_prior_PW588B.pt,3,249,0.004659359999999998
global-avgpool_prior_Y79FG3.pt,3,1019,0.00484444
global-avgpool_prior_8VF0KU.pt,7,669,0.09276084000000001
global-avgpool_prior_J1C3BJ.pt,7,118,0.004787519999999999
global-avgpool_prior_IBCW2L.pt,3,132,0.004598300000000002
global-avgpool_prior_7NAHH5.pt,3,151,0.00464948
global-avgpool_prior_QDFIIQ.pt,3,82,0.00454416
global-avgpool_prior_W64PUN.pt,3,106,0.00460942
global-avgpool_prior_OXM7YM.pt,3,136,0.0047088799999999995
global-avgpool_prior_A2HDI7.pt,3,9,0.004567680000000001
global-avgpool_prior_6G0PY2.pt,7,499,0.00544714
global-avgpool_prior_TTGYRQ.pt,3,804,0.0048272
global-avgpool_prior_UQGB48.pt,7,83,0.004707879999999999
global-avgpool_prior_AIV2NB.pt,3,225,0.004615280000000001
global-avgpool_prior_KAS785.pt,3,197,0.004573219999999999
global-avgpool_prior_MESEH4.pt,3,156,0.004589059999999999
global-avgpool_prior_N0M79M.pt,3,1967,0.0053022999999999985
global-avgpool_prior_V8GG76.pt,3,844,0.004815460000000001
global-avgpool_prior_7WMQ8Y.pt,3,268,0.004725420000000001
global-avgpool_prior_PAAAOO.pt,3,116,0.0046064
global-avgpool_prior_GSXAAP.pt,3,147,0.00460096
global-avgpool_prior_INKQ13.pt,3,2042,0.005324079999999998
global-avgpool_prior_NTNCB9.pt,7,201,0.00496456
global-avgpool_prior_QUWTWI.pt,7,78,0.0048064200000000005
global-avgpool_prior_TD16WZ.pt,7,148,0.00482996
global-avgpool_prior_AW00X8.pt,3,122,0.00461522
global-avgpool_prior_9403QI.pt,7,140,0.004868659999999999
global-avgpool_prior_MEW2YW.pt,3,1139,0.004955659999999998
global-avgpool_prior_5671L6.pt,3,932,0.004831420000000001
global-avgpool_prior_Q30IP6.pt,3,16,0.00452758
global-avgpool_prior_XECWRS.pt,7,397,0.005265780000000001
global-avgpool_prior_3P2SWI.pt,3,382,0.004671320000000001
global-avgpool_prior_DR5HGN.pt,7,170,0.004882920000000002
global-avgpool_prior_1P4VE1.pt,3,120,0.0045701399999999994
global-avgpool_prior_5BN4U2.pt,7,193,0.005042339999999999
global-avgpool_prior_4Q8W10.pt,7,243,0.005006099999999999
global-avgpool_prior_K1BNAC.pt,3,242,0.0046029
global-avgpool_prior_A0Z2KH.pt,3,244,0.004674319999999999
global-avgpool_prior_CYWERJ.pt,3,855,0.004797700000000001
global-avgpool_prior_169CYL.pt,3,731,0.00486466
global-avgpool_prior_4XEZVK.pt,7,44,0.004625720000000001
global-avgpool_prior_W7X5O9.pt,3,69,0.00460488
global-avgpool_prior_7I6IZ1.pt,7,206,0.0049426
global-avgpool_prior_FTJS7R.pt,3,260,0.0046473600000000006
global-avgpool_prior_BWZCA3.pt,3,260,0.00463052
global-avgpool_prior_KH8SQP.pt,7,174,0.0050244
global-avgpool_prior_IAHJMW.pt,3,15,0.004590339999999999
global-avgpool_prior_1I148L.pt,3,577,0.004751679999999998
global-avgpool_prior_36J3H5.pt,7,210,0.0050215200000000015
global-avgpool_prior_ZY7F3F.pt,3,100,0.00484976
global-avgpool_prior_2VSBBQ.pt,3,139,0.00487046
global-avgpool_prior_E2LQSU.pt,7,58,0.0048357800000000005
global-avgpool_prior_V8QBDW.pt,7,33,0.0048135
global-avgpool_prior_4UAV05.pt,7,64,0.0047512
global-avgpool_prior_IO2R5F.pt,7,34,0.004686780000000001
global-avgpool_prior_7O67XA.pt,3,1577,0.00516316
global-avgpool_prior_E0F796.pt,3,535,0.0048218
global-avgpool_prior_AA75UW.pt,3,325,0.004654420000000001
global-avgpool_prior_ZUGGAW.pt,7,59,0.004724839999999999
global-avgpool_prior_GNKGZP.pt,7,258,0.005070680000000001
global-avgpool_prior_TBG3RR.pt,7,146,0.0048367
global-avgpool_prior_OW131D.pt,3,261,0.00460312
global-avgpool_prior_QZE2LS.pt,7,41,0.004662740000000001
global-avgpool_prior_UBM0VK.pt,3,452,0.004679000000000001
global-avgpool_prior_SCEL2F.pt,3,19,0.0045761199999999995
global-avgpool_prior_8B8PJ8.pt,3,272,0.004618200000000001
global-avgpool_prior_VC2GQ1.pt,7,444,0.00520932
global-avgpool_prior_IU9JZG.pt,3,210,0.00464736
global-avgpool_prior_A8ZUE2.pt,3,23,0.004563379999999999
global-avgpool_prior_G6W559.pt,3,116,0.0045889600000000004
global-avgpool_prior_9MTALZ.pt,3,28,0.0046627
global-avgpool_prior_X0KO39.pt,3,53,0.004558200000000001
global-avgpool_prior_A1XLG8.pt,7,928,0.09409081999999998
global-avgpool_prior_2AUKUO.pt,7,315,0.0051281
global-avgpool_prior_IQG949.pt,7,105,0.00474638
global-avgpool_prior_3UEW2P.pt,3,529,0.004783299999999999
global-avgpool_prior_R2IRKU.pt,7,1164,0.09351032
global-avgpool_prior_ST5CII.pt,3,806,0.004920460000000001
global-avgpool_prior_FO7D9L.pt,7,247,0.00504156
global-avgpool_prior_GVI5F4.pt,3,506,0.004701300000000001
global-avgpool_prior_8JISMU.pt,7,212,0.004932520000000001
global-avgpool_prior_TTTYK6.pt,3,38,0.00461142
global-avgpool_prior_Y5QS9J.pt,7,101,0.00471246
global-avgpool_prior_80084Q.pt,7,125,0.004822499999999999
global-avgpool_prior_UCCYKV.pt,7,996,0.09547329999999997
global-avgpool_prior_P6958N.pt,7,1020,0.09368786000000001
global-avgpool_prior_WMNEZL.pt,7,169,0.004879539999999999
global-avgpool_prior_9SLGY8.pt,3,265,0.00466184
global-avgpool_prior_9BQCXF.pt,3,117,0.004599240000000001
global-avgpool_prior_WQSBR5.pt,7,97,0.004753799999999999
global-avgpool_prior_237ZMM.pt,7,20,0.00460634
global-avgpool_prior_UW8WH1.pt,3,272,0.004638540000000001
global-avgpool_prior_6BR9BR.pt,3,131,0.00460334
global-avgpool_prior_SUNYIH.pt,3,185,0.004625260000000002
global-avgpool_prior_M8Y51A.pt,7,166,0.004895520000000001
global-avgpool_prior_LLPCSO.pt,7,174,0.0048993000000000005
global-avgpool_prior_L4CYDO.pt,7,35,0.004630259999999998
global-avgpool_prior_CUIWSM.pt,7,241,0.0050434799999999995
global-avgpool_prior_6TS6QX.pt,7,73,0.0047823
global-avgpool_prior_DXB0D3.pt,3,122,0.004585120000000001
global-avgpool_prior_8Z0811.pt,7,175,0.0048782999999999995
global-avgpool_prior_BSX27L.pt,3,16,0.004525120000000001
global-avgpool_prior_7A3462.pt,7,983,0.09267312000000003
global-avgpool_prior_64WBD3.pt,7,185,0.0049414800000000016
global-avgpool_prior_PTO70I.pt,3,14,0.004537979999999999
global-avgpool_prior_RAFY94.pt,7,250,0.005006220000000001
global-avgpool_prior_Y5QF2H.pt,3,496,0.00466206
global-avgpool_prior_SSU11H.pt,7,111,0.004736420000000002
global-avgpool_prior_WITZXM.pt,7,530,0.005441260000000001
global-avgpool_prior_GY48AF.pt,3,498,0.004698500000000001
global-avgpool_prior_FFHH0G.pt,7,125,0.004784579999999999
global-avgpool_prior_3E55O9.pt,7,9,0.0046010800000000004
global-avgpool_prior_K4H1NM.pt,7,537,0.005464280000000001
global-avgpool_prior_LX86PY.pt,7,213,0.0049838999999999994
global-avgpool_prior_5E68GP.pt,7,178,0.00498598
global-avgpool_prior_S23Z9X.pt,3,302,0.00471568
global-avgpool_prior_U906TY.pt,3,209,0.0047139799999999996
global-avgpool_prior_6HJJU4.pt,3,71,0.004561420000000001
global-avgpool_prior_BJWZV1.pt,7,1254,0.1021916
global-avgpool_prior_OLFYPM.pt,7,303,0.0051587
global-avgpool_prior_3GVWFX.pt,7,268,0.005039760000000001
global-avgpool_prior_3TEAVD.pt,3,87,0.00457864
global-avgpool_prior_TUKRVW.pt,7,154,0.0048628199999999995
global-avgpool_prior_6TPBWY.pt,3,170,0.004643599999999999
global-avgpool_prior_FXR813.pt,7,245,0.004980620000000001
global-avgpool_prior_55AYGE.pt,7,35,0.004624660000000001
global-avgpool_prior_WCC3DO.pt,7,267,0.00505586
global-avgpool_prior_HLNA38.pt,3,138,0.004630919999999999
global-avgpool_prior_0KCS6K.pt,3,172,0.00462958
global-avgpool_prior_6HITQ0.pt,3,132,0.004604980000000001
global-avgpool_prior_A8RZSK.pt,7,464,0.005232840000000001
global-avgpool_prior_QH8SPK.pt,7,15,0.0045844200000000005
global-avgpool_prior_I56T12.pt,3,167,0.0046018399999999985
global-avgpool_prior_5AGXKY.pt,3,156,0.004601579999999999
global-avgpool_prior_NNT8Y3.pt,7,87,0.004761739999999999
global-avgpool_prior_OJ3V72.pt,3,21,0.004654679999999999
global-avgpool_prior_XV8AY2.pt,3,185,0.00462292
global-avgpool_prior_EF3VAL.pt,3,142,0.004664340000000001
global-avgpool_prior_F4E159.pt,3,73,0.004567980000000001
global-avgpool_prior_HC766W.pt,7,33,0.004914120000000001
global-avgpool_prior_KGEJEG.pt,7,210,0.00503176
global-avgpool_prior_0P25ET.pt,7,529,0.00547508
global-avgpool_prior_LDJ9WB.pt,7,213,0.0049603
global-avgpool_prior_FP7CRT.pt,7,82,0.0047323
global-avgpool_prior_VIQGWQ.pt,7,175,0.004885980000000001
global-avgpool_prior_5DFJFU.pt,3,96,0.004542960000000001
global-avgpool_prior_4TDIY6.pt,7,211,0.00495344
global-avgpool_prior_YK8Q1T.pt,3,242,0.00461406
global-avgpool_prior_WG39U7.pt,7,169,0.004882
global-avgpool_prior_4J378B.pt,7,398,0.005279000000000001
global-avgpool_prior_WUIHZF.pt,7,240,0.0048926
global-avgpool_prior_0K0KL9.pt,3,160,0.00456466
global-avgpool_prior_LU2ZCY.pt,3,122,0.004605340000000001
global-avgpool_prior_MOQZHL.pt,3,143,0.004631399999999999
global-avgpool_prior_XV9RHI.pt,3,510,0.00470788
global-avgpool_prior_B83O3J.pt,7,130,0.0047823
global-avgpool_prior_UG7X0T.pt,3,522,0.0047360399999999995
global-avgpool_prior_SLE1XQ.pt,3,194,0.0046156999999999995
global-avgpool_prior_AB3ZEZ.pt,7,80,0.00466662
global-avgpool_prior_2J3HI3.pt,7,177,0.004918840000000001
global-avgpool_prior_0Q7NOZ.pt,7,481,0.005372800000000002
global-avgpool_prior_VAA6I6.pt,3,268,0.00469784
global-avgpool_prior_5EAIL5.pt,7,18,0.00458336
global-avgpool_prior_6VZOAR.pt,3,265,0.004767660000000002
global-avgpool_prior_3XCZKB.pt,7,158,0.004885739999999999
global-avgpool_prior_ST0EMB.pt,7,22,0.0045758
global-avgpool_prior_3VAWXP.pt,7,77,0.004710760000000001
global-avgpool_prior_6PT6UJ.pt,3,61,0.00458238
global-avgpool_prior_FSV966.pt,7,983,0.13280607999999997
global-avgpool_prior_95WU1P.pt,3,495,0.00477296
global-avgpool_prior_26TNV7.pt,7,582,0.00549448
global-avgpool_prior_TXKLJM.pt,7,988,0.09612464000000001
global-avgpool_prior_VQ8NOO.pt,3,450,0.004899800000000002
global-avgpool_prior_O8FM3Y.pt,3,923,0.005010739999999998
global-avgpool_prior_3FW3L1.pt,3,480,0.00490434
global-avgpool_prior_QPVI8X.pt,7,154,0.00504828
global-avgpool_prior_H9P7V6.pt,3,125,0.00476142
global-avgpool_prior_IKREM2.pt,7,192,0.005039439999999999
global-avgpool_prior_RK38FB.pt,3,235,0.004802740000000001
global-avgpool_prior_ALUQ7O.pt,7,133,0.004994019999999999
global-avgpool_prior_8EEX9E.pt,7,176,0.00499728
global-avgpool_prior_JPZXAA.pt,3,168,0.004704140000000001
global-avgpool_prior_3RTQ31.pt,7,508,0.0054193999999999996
global-avgpool_prior_52X9BT.pt,3,1827,0.005127639999999999
global-avgpool_prior_QLHO1E.pt,7,162,0.004914840000000001
global-avgpool_prior_P2DSZ3.pt,3,211,0.004606679999999999
global-avgpool_prior_RADBF1.pt,3,697,0.004798639999999999
global-avgpool_prior_IA9OHR.pt,3,237,0.00463348
global-avgpool_prior_Y5UA74.pt,3,271,0.004746139999999999
global-avgpool_prior_2ZIROB.pt,3,979,0.00490324
global-avgpool_prior_TKDUQG.pt,7,531,0.005475960000000001
global-avgpool_prior_XB0M98.pt,7,42,0.00464008
global-avgpool_prior_RC0NSV.pt,3,79,0.0045756799999999995
global-avgpool_prior_4PT571.pt,3,89,0.004576279999999999
global-avgpool_prior_XHSQXB.pt,3,680,0.004812640000000001
global-avgpool_prior_0ENPZ1.pt,7,488,0.005176839999999999
global-avgpool_prior_RCO8WD.pt,7,187,0.0049555400000000005
global-avgpool_prior_E6NKXQ.pt,3,49,0.004559939999999999
global-avgpool_prior_JYLCPV.pt,3,207,0.004594219999999999
global-avgpool_prior_JC7KXJ.pt,7,252,0.00499656
global-avgpool_prior_WLMJ4P.pt,3,492,0.004674540000000001
global-avgpool_prior_VPMLQH.pt,7,38,0.030890400000000002
global-avgpool_prior_DGR53T.pt,3,263,0.0046419799999999995
global-avgpool_prior_RKEC1O.pt,7,240,0.00486732
global-avgpool_prior_H9VLW8.pt,3,846,0.00482708
global-avgpool_prior_TXO7TN.pt,7,167,0.004876420000000001
global-avgpool_prior_6VJTEZ.pt,3,257,0.00467208
global-avgpool_prior_X5PS1G.pt,7,205,0.0049861800000000015
global-avgpool_prior_JPY2C8.pt,3,171,0.004629639999999999
global-avgpool_prior_JUO9DD.pt,3,942,0.00489598
global-avgpool_prior_D7YU5T.pt,7,205,0.00493418
global-avgpool_finegrained1_A3H5TX.pt,7,22,0.004849799999999999
global-avgpool_finegrained1_M7ZVDX.pt,7,31,0.0046010999999999995
global-avgpool_finegrained1_Q20YQU.pt,7,17,0.00462736
global-avgpool_finegrained1_SOJG87.pt,7,24,0.0046376
global-avgpool_finegrained1_DRVXAH.pt,7,35,0.0046004800000000005
global-avgpool_finegrained1_AEU9NQ.pt,7,37,0.004596880000000001
global-avgpool_finegrained1_NAXJUB.pt,7,34,0.0046198
global-avgpool_finegrained1_S7IDFQ.pt,7,28,0.00462186
global-avgpool_finegrained1_QX6904.pt,7,33,0.004578639999999999
global-avgpool_finegrained1_QDR5Y4.pt,7,30,0.004575719999999999
global-avgpool_finegrained1_NQ0LVR.pt,7,19,0.00470872
global-avgpool_finegrained1_VFMSUQ.pt,7,21,0.0051548
global-avgpool_finegrained1_ASMS1P.pt,7,18,0.004581059999999999
global-avgpool_finegrained1_1WA71R.pt,7,25,0.004619580000000001
global-avgpool_finegrained1_B523U2.pt,7,23,0.00458098
global-avgpool_finegrained1_3VFXUY.pt,7,20,0.004617520000000001
global-avgpool_finegrained1_U3H40S.pt,7,26,0.004574119999999998
global-avgpool_finegrained1_C71UD8.pt,7,16,0.004570620000000001
global-avgpool_finegrained1_F5MFGM.pt,7,27,0.00464122
global-avgpool_finegrained1_IBDNUE.pt,7,29,0.004593540000000001
global-avgpool_finegrained1_U535GV.pt,3,688,0.004748100000000001
global-avgpool_finegrained1_LQ65R9.pt,3,754,0.004890860000000001
global-avgpool_finegrained1_KFJFJO.pt,3,787,0.0047936
global-avgpool_finegrained1_KPIOKL.pt,3,714,0.00476962
global-avgpool_finegrained1_ULXYGK.pt,3,666,0.00475512
global-avgpool_finegrained1_M6Y7UK.pt,3,437,0.0046638800000000005
global-avgpool_finegrained1_4WTFZ9.pt,3,387,0.004673840000000001
global-avgpool_finegrained1_W6V77C.pt,3,400,0.004675459999999999
global-avgpool_finegrained1_XXJCU5.pt,3,457,0.004715540000000001
global-avgpool_finegrained1_B87330.pt,3,357,0.004657700000000001
global-avgpool_finegrained1_PZU40D.pt,3,411,0.00467458
global-avgpool_finegrained1_GY120O.pt,3,367,0.0046717600000000005
global-avgpool_finegrained1_DY5RQX.pt,3,741,0.00478556
global-avgpool_finegrained1_0VFIQY.pt,3,633,0.004852560000000001
global-avgpool_finegrained1_HK4OAW.pt,3,396,0.00463486
global-avgpool_finegrained1_K1JR5A.pt,3,575,0.004758899999999999
global-avgpool_finegrained1_WLNEGO.pt,3,358,0.00466366
global-avgpool_finegrained1_PB0N9K.pt,3,685,0.00475542
global-avgpool_finegrained1_LWN4RI.pt,3,551,0.0046832
global-avgpool_finegrained1_XRJN36.pt,3,718,0.00488602
global-avgpool_finegrained1_Z25XUG.pt,3,20,0.004565860000000001
global-avgpool_finegrained1_DACWA8.pt,3,18,0.004569499999999999
global-avgpool_finegrained1_CJ9FW2.pt,3,26,0.00457658
global-avgpool_finegrained1_Y00ZHV.pt,3,24,0.004577919999999998
global-avgpool_finegrained1_NGUAOF.pt,3,23,0.0046096
global-avgpool_finegrained1_5947XK.pt,3,21,0.004584699999999998
global-avgpool_finegrained1_VX31C9.pt,3,25,0.00459116
global-avgpool_finegrained1_NJVE32.pt,3,13,0.00456706
global-avgpool_finegrained1_IFTS7N.pt,3,17,0.0045473200000000005
global-avgpool_finegrained1_LBCTT4.pt,3,16,0.0045652
global-avgpool_finegrained1_5ZXTQY.pt,3,28,0.00460752
global-avgpool_finegrained1_QNSE9T.pt,3,14,0.0045831199999999996
global-avgpool_finegrained1_6GIA4V.pt,3,27,0.00459528
global-avgpool_finegrained1_UU2YOJ.pt,3,29,0.004577939999999999
global-avgpool_finegrained1_Q4B5VA.pt,3,12,0.00455736
global-avgpool_finegrained1_LL8JFX.pt,3,22,0.004562600000000001
global-avgpool_finegrained1_WCWAZS.pt,3,15,0.004581340000000001
global-avgpool_finegrained1_81WURV.pt,3,19,0.00476342
global-avgpool_finegrained1_WA8W00.pt,3,97,0.004615299999999998
global-avgpool_finegrained1_9DUDY1.pt,3,55,0.004594699999999999
global-avgpool_finegrained1_F5N1TP.pt,3,100,0.00461146
global-avgpool_finegrained1_JI9R5Z.pt,3,86,0.00465312
global-avgpool_finegrained1_7SS3WB.pt,3,85,0.00457976
global-avgpool_finegrained1_QX92S5.pt,3,107,0.004599080000000002
global-avgpool_finegrained1_WGPB3R.pt,3,80,0.004569580000000001
global-avgpool_finegrained1_4VZQSI.pt,3,98,0.004608920000000002
global-avgpool_finegrained1_QYQIK7.pt,3,87,0.00457004
global-avgpool_finegrained1_Z2S4OA.pt,3,59,0.004576940000000001
global-avgpool_finegrained1_BK5IZ9.pt,3,88,0.004599059999999999
global-avgpool_finegrained1_3CXY7M.pt,3,65,0.0045882000000000015
global-avgpool_finegrained1_1LL518.pt,3,95,0.004616140000000001
global-avgpool_finegrained1_MYLY6V.pt,3,93,0.0045857
global-avgpool_finegrained1_7T75QS.pt,3,63,0.0045838400000000005
global-avgpool_finegrained1_KSCPBY.pt,3,104,0.00463332
global-avgpool_finegrained1_WGI0J5.pt,3,101,0.004601900000000001
global-avgpool_finegrained1_G4II6U.pt,3,105,0.004582860000000002
global-avgpool_finegrained1_BUQUBJ.pt,3,103,0.004613519999999999
global-avgpool_finegrained1_6NUXYT.pt,3,49,0.004689220000000001
global-avgpool_finegrained1_6XCBNQ.pt,3,413,0.004715639999999999
global-avgpool_finegrained1_MASYZE.pt,3,524,0.004716860000000001
global-avgpool_finegrained1_CSG9BA.pt,3,774,0.00490022
global-avgpool_finegrained1_IQL53Q.pt,3,546,0.004788360000000001
global-avgpool_finegrained1_FUG6UT.pt,3,633,0.00478328
global-avgpool_finegrained1_7QVT94.pt,3,468,0.004711720000000001
global-avgpool_finegrained1_XL7IRR.pt,3,717,0.0047881600000000005
global-avgpool_finegrained1_GSMI4M.pt,3,493,0.0047122200000000005
global-avgpool_finegrained1_X8VWDQ.pt,3,491,0.004905059999999999
global-avgpool_finegrained1_52AVCX.pt,3,728,0.004771340000000001
global-avgpool_finegrained1_PTANDI.pt,3,786,0.00479994
global-avgpool_finegrained1_G3GQPQ.pt,3,380,0.00467688
global-avgpool_finegrained1_NPRG8E.pt,3,456,0.004699540000000001
global-avgpool_finegrained1_IZO4VF.pt,3,370,0.00467302
global-avgpool_finegrained1_IIE1J0.pt,3,348,0.00472642
global-avgpool_finegrained1_JBNJLZ.pt,3,610,0.004750719999999999
global-avgpool_finegrained1_0FA8T3.pt,3,679,0.00480824
global-avgpool_finegrained1_050QNN.pt,3,479,0.004751980000000001
global-avgpool_finegrained1_KBMWCS.pt,3,417,0.00469506
global-avgpool_finegrained1_DY71YP.pt,3,668,0.00480932
global-avgpool_finegrained1_1SYTSA.pt,3,59,0.0045839800000000005
global-avgpool_finegrained1_3VV2VW.pt,3,44,0.004583719999999999
global-avgpool_finegrained1_1Z3X6P.pt,3,65,0.004599
global-avgpool_finegrained1_7H4S3Z.pt,3,69,0.004581900000000001
global-avgpool_finegrained1_6IFJTO.pt,3,63,0.0045722
global-avgpool_finegrained1_ZX90E5.pt,3,49,0.00454356
global-avgpool_finegrained1_HVD1TN.pt,3,58,0.004688300000000001
global-avgpool_finegrained1_E1H07U.pt,3,30,0.0045716
global-avgpool_finegrained1_12V5XT.pt,3,60,0.00456652
global-avgpool_finegrained1_0BHL3T.pt,3,66,0.004610819999999999
global-avgpool_finegrained1_9S8UZR.pt,3,47,0.0045788999999999995
global-avgpool_finegrained1_PGUGI9.pt,3,61,0.0045816400000000005
global-avgpool_finegrained1_5RPCCE.pt,3,37,0.00462906
global-avgpool_finegrained1_E2VI89.pt,3,36,0.004599680000000002
global-avgpool_finegrained1_0JEYV9.pt,3,31,0.004590219999999999
global-avgpool_finegrained1_ZHSZWG.pt,3,43,0.00453894
global-avgpool_finegrained1_URQIJT.pt,3,68,0.004540320000000001
global-avgpool_finegrained1_A8ZWWU.pt,3,70,0.00457824
global-avgpool_finegrained1_FUOW6D.pt,3,50,0.00459006
global-avgpool_finegrained1_NAILA7.pt,3,33,0.004560459999999999
global-avgpool_finegrained1_X08076.pt,7,800,0.15729558
global-avgpool_finegrained1_XT08BQ.pt,7,1287,0.09918966000000003
global-avgpool_finegrained1_3FGKRZ.pt,7,1122,0.09213667999999998
global-avgpool_finegrained1_BE3TDZ.pt,7,661,0.0056657
global-avgpool_finegrained1_44WXPU.pt,7,685,0.09086809999999998
global-avgpool_finegrained1_NWF5IM.pt,7,1294,0.09280308
global-avgpool_finegrained1_X2NZ92.pt,7,792,0.09042423999999998
global-avgpool_finegrained1_92GVQ5.pt,7,818,0.0910255
global-avgpool_finegrained1_EVZ2W0.pt,7,639,0.005647300000000002
global-avgpool_finegrained1_5DEC99.pt,7,1133,0.08779533999999999
global-avgpool_finegrained1_D0BDT9.pt,7,925,0.12321805999999999
global-avgpool_finegrained1_S29QB4.pt,7,863,0.08807006000000003
global-avgpool_finegrained1_HCE0X0.pt,7,1263,0.09122762000000001
global-avgpool_finegrained1_K951ZX.pt,7,954,0.08633021999999999
global-avgpool_finegrained1_ISCZAI.pt,7,1306,0.09794839999999999
global-avgpool_finegrained1_YENT3F.pt,7,984,0.09680982000000002
global-avgpool_finegrained1_Z6T7AP.pt,7,968,0.11438127999999999
global-avgpool_finegrained1_BJCTB8.pt,7,716,0.09338348000000005
global-avgpool_finegrained1_0CR74I.pt,7,648,0.005774139999999999
global-avgpool_finegrained1_0ZFWDD.pt,7,1214,0.10758069999999999
global-avgpool_finegrained1_4JAEC3.pt,7,288,0.005029660000000002
global-avgpool_finegrained1_3F1OY7.pt,7,410,0.005259579999999999
global-avgpool_finegrained1_RLLUNM.pt,7,630,0.0055714399999999996
global-avgpool_finegrained1_HI3ES0.pt,7,482,0.005363720000000001
global-avgpool_finegrained1_S74Y5A.pt,7,271,0.0050608
global-avgpool_finegrained1_OHS1S8.pt,7,557,0.005538740000000001
global-avgpool_finegrained1_0AAM9F.pt,7,594,0.005500100000000001
global-avgpool_finegrained1_U4BA29.pt,7,355,0.00520466
global-avgpool_finegrained1_B1H4KP.pt,7,475,0.00536308
global-avgpool_finegrained1_K921NP.pt,7,519,0.005400899999999999
global-avgpool_finegrained1_3OYJFK.pt,7,349,0.0051410599999999985
global-avgpool_finegrained1_MU5DJC.pt,7,273,0.00512136
global-avgpool_finegrained1_V8UUR8.pt,7,514,0.0053324800000000006
global-avgpool_finegrained1_XKQS3P.pt,7,474,0.005462900000000001
global-avgpool_finegrained1_7X352H.pt,7,486,0.03615542
global-avgpool_finegrained1_XZ2D8Q.pt,7,290,0.00505332
global-avgpool_finegrained1_FB2S64.pt,7,610,0.00560294
global-avgpool_finegrained1_5UJ7NQ.pt,7,596,0.0053976200000000005
global-avgpool_finegrained1_W08GZR.pt,7,623,0.005569740000000001
global-avgpool_finegrained1_74NJ1T.pt,7,433,0.00532894
global-avgpool_finegrained1_Z8WECN.pt,7,37,0.004647020000000001
global-avgpool_finegrained1_SFZQZ4.pt,7,33,0.00462886
global-avgpool_finegrained1_5T4YR6.pt,7,36,0.00461936
global-avgpool_finegrained1_K1FNSE.pt,7,49,0.00468684
global-avgpool_finegrained1_38IBDS.pt,7,45,0.004648579999999999
global-avgpool_finegrained1_6NJENT.pt,7,23,0.004613519999999999
global-avgpool_finegrained1_V92BBY.pt,7,26,0.004722680000000001
global-avgpool_finegrained1_UKI5JB.pt,7,31,0.004771280000000002
global-avgpool_finegrained1_2E078L.pt,7,32,0.00463788
global-avgpool_finegrained1_OQEL4P.pt,7,42,0.004763340000000001
global-avgpool_finegrained1_PDLAZB.pt,7,48,0.004636500000000001
global-avgpool_finegrained1_FNILT8.pt,7,27,0.004645339999999998
global-avgpool_finegrained1_59WZ63.pt,7,46,0.004688939999999999
global-avgpool_finegrained1_WNEK4O.pt,7,35,0.004754479999999999
global-avgpool_finegrained1_64AMAQ.pt,7,29,0.004635200000000001
global-avgpool_finegrained1_PPGM0G.pt,7,28,0.004595160000000001
global-avgpool_finegrained1_JI5DA1.pt,7,24,0.004604699999999999
global-avgpool_finegrained1_TCWDJW.pt,7,34,0.00459164
global-avgpool_finegrained1_T3ARCO.pt,7,41,0.0046660999999999985
global-avgpool_finegrained1_4RKBEU.pt,7,39,0.00464826
global-avgpool_finegrained1_3M9QSB.pt,7,13,0.004585479999999999
global-avgpool_finegrained1_IVGSJT.pt,7,14,0.00464816
global-avgpool_finegrained1_ASI78Z.pt,7,12,0.0047004
global-avgpool_finegrained1_Q819WN.pt,7,16,0.004584499999999998
global-avgpool_finegrained1_A67NZM.pt,7,18,0.004614920000000001
global-avgpool_finegrained1_EBCT89.pt,7,15,0.004575579999999999
global-avgpool_finegrained1_LQ6SJN.pt,7,9,0.004585639999999999
global-avgpool_finegrained1_B53905.pt,7,17,0.004671860000000001
global-avgpool_finegrained1_3XYVEX.pt,7,8,0.0045501199999999995
global-avgpool_finegrained1_2NR6MP.pt,7,10,0.00460292
global-avgpool_finegrained1_J0M04R.pt,7,19,0.004617779999999999
global-avgpool_finegrained1_5OWIMD.pt,7,11,0.00459264
global-avgpool_finegrained1_VZ01BE.pt,7,1357,0.09490146
global-avgpool_finegrained1_RF4MPU.pt,7,810,0.11487310000000002
global-avgpool_finegrained1_6WB77R.pt,7,824,0.10003131999999999
global-avgpool_finegrained1_O2V5OD.pt,7,1678,0.10061396000000002
global-avgpool_finegrained1_8XWR24.pt,7,1670,0.09988794000000001
global-avgpool_finegrained1_SV1TBK.pt,7,1760,0.09941186000000002
global-avgpool_finegrained1_F75FDW.pt,7,1177,0.10415938000000002
global-avgpool_finegrained1_VVJZ0T.pt,7,1607,0.09416973999999996
global-avgpool_finegrained1_VDIAAN.pt,7,1298,0.10126835999999999
global-avgpool_finegrained1_PEIHSO.pt,7,1171,0.09471162000000001
global-avgpool_finegrained1_9KOP7H.pt,7,988,0.02404496
global-avgpool_finegrained1_YZS03J.pt,7,827,0.10644525999999999
global-avgpool_finegrained1_HT5JPO.pt,7,1011,0.09475011999999998
global-avgpool_finegrained1_47YV1V.pt,7,1041,0.10256456
global-avgpool_finegrained1_5KBBG0.pt,7,1071,0.10010050000000001
global-avgpool_finegrained1_6TUA59.pt,7,1306,0.11120227999999997
global-avgpool_finegrained1_OX714A.pt,7,1593,0.10009040000000001
global-avgpool_finegrained1_20HWUU.pt,7,1806,0.10103488000000001
global-avgpool_finegrained1_RWUEVF.pt,7,1553,0.09805048000000002
global-avgpool_finegrained1_O74DPW.pt,7,966,0.09764234
global-avgpool_finegrained1_L1BBR2.pt,7,1120,0.10391786000000001
global-avgpool_finegrained1_B3ZTQX.pt,7,2078,0.10768779999999996
global-avgpool_finegrained1_35C2OH.pt,7,1539,0.09398037999999996
global-avgpool_finegrained1_V5RAVL.pt,7,1735,0.09294505999999998
global-avgpool_finegrained1_OSWUX4.pt,7,1320,0.09705015999999998
global-avgpool_finegrained1_QEUX3K.pt,7,2345,0.09536333999999998
global-avgpool_finegrained1_STLMC7.pt,7,2166,0.10324252000000003
global-avgpool_finegrained1_8E6SBG.pt,7,1982,0.10111923999999999
global-avgpool_finegrained1_XV89ZR.pt,7,1123,0.10384456000000002
global-avgpool_finegrained1_ZSC8WO.pt,7,1825,0.10913093999999995
global-avgpool_finegrained1_2PQALH.pt,7,2045,0.09863146
global-avgpool_finegrained1_8OU1C3.pt,7,2298,0.1012779
global-avgpool_finegrained1_N1T7D1.pt,7,1124,0.09866928000000001
global-avgpool_finegrained1_NV1U0W.pt,7,1778,0.10484207999999999
global-avgpool_finegrained1_EWLVTG.pt,7,1276,0.09662600000000003
global-avgpool_finegrained1_KJSFF5.pt,7,1005,0.10421094
global-avgpool_finegrained1_P6Y5FZ.pt,7,1399,0.09609726
global-avgpool_finegrained1_O3GQ0E.pt,7,1149,0.09647060000000003
global-avgpool_finegrained1_7GXEDN.pt,7,1844,0.09571550000000002
global-avgpool_finegrained1_LU6QDL.pt,7,1582,0.09841664000000001
global-avgpool_finegrained1_9WI1IB.pt,7,499,0.0053505
global-avgpool_finegrained1_843F3W.pt,7,718,0.11383894
global-avgpool_finegrained1_5YBDTQ.pt,7,641,0.0055641000000000015
global-avgpool_finegrained1_QKUB9N.pt,7,502,0.005348679999999999
global-avgpool_finegrained1_C9MI4X.pt,7,887,0.10452953999999998
global-avgpool_finegrained1_724ZOY.pt,7,819,0.09923033999999996
global-avgpool_finegrained1_EYFZNP.pt,7,886,0.10478365999999997
global-avgpool_finegrained1_N3L332.pt,7,820,0.09494399999999999
global-avgpool_finegrained1_BK2IWW.pt,7,748,0.09427678
global-avgpool_finegrained1_BRRHZE.pt,7,629,0.005739779999999999
global-avgpool_finegrained1_KFU6MK.pt,7,773,0.09413895999999998
global-avgpool_finegrained1_Q5D60N.pt,7,561,0.00545408
global-avgpool_finegrained1_DR9K1X.pt,7,624,0.005702280000000001
global-avgpool_finegrained1_JU6XRY.pt,7,631,0.0056099999999999995
global-avgpool_finegrained1_6X5LVL.pt,7,458,0.005286559999999999
global-avgpool_finegrained1_2LOH88.pt,7,464,0.00515096
global-avgpool_finegrained1_HRF6JY.pt,7,650,0.005699579999999999
global-avgpool_finegrained1_Y0LZH9.pt,7,654,0.00565724
global-avgpool_finegrained1_CHYWYX.pt,7,413,0.005305360000000001
global-avgpool_finegrained1_3OXERT.pt,7,538,0.005499079999999997
global-avgpool_finegrained1_IPOZDS.pt,7,581,0.005724560000000001
global-avgpool_finegrained1_CS1APQ.pt,7,669,0.09151087999999998
global-avgpool_finegrained1_QE1D1N.pt,7,699,0.08982398
global-avgpool_finegrained1_ELF62Y.pt,7,594,0.005602700000000001
global-avgpool_finegrained1_CUSLYT.pt,7,376,0.005989340000000001
global-avgpool_finegrained1_URB2DI.pt,7,432,0.00507702
global-avgpool_finegrained1_GF79LP.pt,7,782,0.10592072000000004
global-avgpool_finegrained1_XKMDQ0.pt,7,343,0.00518682
global-avgpool_finegrained1_5V77I0.pt,7,689,0.10111319999999999
global-avgpool_finegrained1_D3JEZE.pt,7,667,0.00567482
global-avgpool_finegrained1_7J3SF6.pt,7,729,0.09576045999999998
global-avgpool_finegrained1_APYRDE.pt,7,349,0.005199820000000001
global-avgpool_finegrained1_JJHA37.pt,7,650,0.005716440000000001
global-avgpool_finegrained1_O111RO.pt,7,651,0.0057268399999999995
global-avgpool_finegrained1_FYOUI4.pt,7,496,0.005156700000000002
global-avgpool_finegrained1_5E4GYI.pt,7,452,0.00528404
global-avgpool_finegrained1_XCZDTG.pt,7,482,0.0053989599999999995
global-avgpool_finegrained1_MML2OM.pt,7,520,0.005535140000000002
global-avgpool_finegrained1_R3ADN2.pt,7,477,0.005417859999999999
global-avgpool_finegrained1_EBAU4B.pt,7,726,0.09331084000000002
global-avgpool_finegrained1_J5UFC1.pt,7,31,0.004676640000000001
global-avgpool_finegrained1_2ZA5X5.pt,7,33,0.004685740000000001
global-avgpool_finegrained1_AY06HH.pt,7,28,0.00464214
global-avgpool_finegrained1_FGT7US.pt,7,34,0.004650499999999998
global-avgpool_finegrained1_43UGWJ.pt,7,30,0.00462926
global-avgpool_finegrained1_FJ6KVM.pt,7,20,0.004624539999999998
global-avgpool_finegrained1_3E2J2I.pt,7,25,0.004624039999999999
global-avgpool_finegrained1_20XL68.pt,7,21,0.004574739999999999
global-avgpool_finegrained1_AMXNK0.pt,7,29,0.004625719999999999
global-avgpool_finegrained1_FNWQT5.pt,7,38,0.0046448800000000005
global-avgpool_finegrained1_POURTV.pt,7,32,0.00457656
global-avgpool_finegrained1_LUE61A.pt,7,36,0.004617360000000001
global-avgpool_finegrained1_Y57TUD.pt,7,23,0.004589039999999998
global-avgpool_finegrained1_B63SUL.pt,7,44,0.004682839999999999
global-avgpool_finegrained1_11BPKB.pt,7,41,0.0046894599999999995
global-avgpool_finegrained1_X5Q39V.pt,7,42,0.004639420000000002
global-avgpool_finegrained1_FOVY2E.pt,7,24,0.0046197
global-avgpool_finegrained1_SL7OPO.pt,7,40,0.00463066
global-avgpool_finegrained1_ZC8ZL7.pt,7,37,0.004643459999999999
global-avgpool_finegrained1_L8IQ3G.pt,7,27,0.00460608
global-avgpool_finegrained1_QN0K1N.pt,7,148,0.004848800000000001
global-avgpool_finegrained1_MO1INS.pt,7,188,0.0048766
global-avgpool_finegrained1_PWM935.pt,7,107,0.00475002
global-avgpool_finegrained1_O1EM5S.pt,7,109,0.0047353
global-avgpool_finegrained1_KXBZW6.pt,7,134,0.004838720000000001
global-avgpool_finegrained1_7NIUGM.pt,7,135,0.004818640000000001
global-avgpool_finegrained1_8ID4RX.pt,7,126,0.00481928
global-avgpool_finegrained1_ANUU3I.pt,7,111,0.00480294
global-avgpool_finegrained1_J7B3AI.pt,7,207,0.004949919999999998
global-avgpool_finegrained1_5ST8UO.pt,7,201,0.004957619999999999
global-avgpool_finegrained1_QY53N1.pt,7,180,0.0050605
global-avgpool_finegrained1_U9H42Z.pt,7,143,0.004871960000000001
global-avgpool_finegrained1_IR820I.pt,7,179,0.00491196
global-avgpool_finegrained1_3G1DLO.pt,7,95,0.004786360000000001
global-avgpool_finegrained1_VTE4EJ.pt,7,185,0.00495996
global-avgpool_finegrained1_7MCP5M.pt,7,124,0.004824600000000002
global-avgpool_finegrained1_C7FRZT.pt,7,122,0.004802339999999999
global-avgpool_finegrained1_WSU6X5.pt,7,149,0.00488386
global-avgpool_finegrained1_8ZDHI0.pt,7,99,0.0047776599999999995
global-avgpool_finegrained1_57SIQT.pt,7,144,0.0047933
global-avgpool_finegrained1_IN7J9H.pt,3,51,0.00458904
global-avgpool_finegrained1_I5EUM8.pt,3,110,0.004574180000000001
global-avgpool_finegrained1_3DBJ29.pt,3,62,0.004592519999999999
global-avgpool_finegrained1_JEZDH8.pt,3,100,0.004624839999999998
global-avgpool_finegrained1_82HBOH.pt,3,48,0.00461816
global-avgpool_finegrained1_TBHBUA.pt,3,70,0.004597940000000001
global-avgpool_finegrained1_159LHL.pt,3,94,0.00461696
global-avgpool_finegrained1_55SNGV.pt,3,64,0.004542419999999999
global-avgpool_finegrained1_5IMWW9.pt,3,56,0.004574999999999999
global-avgpool_finegrained1_P57B5U.pt,3,68,0.00458116
global-avgpool_finegrained1_Z4ZI1P.pt,3,78,0.0046065
global-avgpool_finegrained1_1LC696.pt,3,66,0.0045461999999999985
global-avgpool_finegrained1_YHI96R.pt,3,97,0.004602159999999999
global-avgpool_finegrained1_ZXJ8XS.pt,3,89,0.00459662
global-avgpool_finegrained1_TR701Y.pt,3,91,0.004681840000000001
global-avgpool_finegrained1_PI900N.pt,3,99,0.004557619999999999
global-avgpool_finegrained1_YD3GMX.pt,3,83,0.00457294
global-avgpool_finegrained1_SA72F7.pt,3,65,0.030344000000000006
global-avgpool_finegrained1_8ORKCV.pt,3,61,0.004576020000000001
global-avgpool_finegrained1_PGYRWU.pt,3,96,0.00460702
global-avgpool_finegrained1_BSGH3G.pt,3,65,0.0045838
global-avgpool_finegrained1_DYBNNM.pt,3,113,0.004585540000000001
global-avgpool_finegrained1_GWDGZ5.pt,3,82,0.004565700000000001
global-avgpool_finegrained1_I5PVOQ.pt,3,103,0.004579999999999999
global-avgpool_finegrained1_3URZYZ.pt,3,62,0.00460278
global-avgpool_finegrained1_QUMTLT.pt,3,76,0.00465344
global-avgpool_finegrained1_9HD8RU.pt,3,110,0.0045813799999999995
global-avgpool_finegrained1_MSGG2I.pt,3,114,0.004629179999999999
global-avgpool_finegrained1_BN2Z1G.pt,3,89,0.0046305600000000014
global-avgpool_finegrained1_74Z29Z.pt,3,105,0.004688739999999999
global-avgpool_finegrained1_RMRRTV.pt,3,87,0.00460708
global-avgpool_finegrained1_J9TX72.pt,3,81,0.00457138
global-avgpool_finegrained1_8QEVHU.pt,3,94,0.00458114
global-avgpool_finegrained1_AAOD1F.pt,3,80,0.004594700000000001
global-avgpool_finegrained1_RZ44O5.pt,3,54,0.0046070400000000015
global-avgpool_finegrained1_O90H1R.pt,3,61,0.0045858
global-avgpool_finegrained1_W6JDRX.pt,3,69,0.004578399999999999
global-avgpool_finegrained1_UA7GVC.pt,3,64,0.004661259999999998
global-avgpool_finegrained1_UNEDYL.pt,3,71,0.004593459999999999
global-avgpool_finegrained1_LJUW4H.pt,3,56,0.00458564
global-avgpool_finegrained1_OQFV0T.pt,7,577,0.005534679999999999
global-avgpool_finegrained1_SVOXR1.pt,7,1036,0.09295686
global-avgpool_finegrained1_TUHMZ9.pt,7,872,0.09604656000000002
global-avgpool_finegrained1_OXU9QM.pt,7,780,0.08788174
global-avgpool_finegrained1_VM64PN.pt,7,1104,0.08880962
global-avgpool_finegrained1_L0DLHR.pt,7,1074,0.08864804000000003
global-avgpool_finegrained1_RNUEGS.pt,7,1121,0.08848589999999998
global-avgpool_finegrained1_8GWR21.pt,7,1068,0.09406812000000002
global-avgpool_finegrained1_OS2E51.pt,7,984,0.11239892000000003
global-avgpool_finegrained1_NNFFTZ.pt,7,853,0.09351579999999997
global-avgpool_finegrained1_KFAOXA.pt,7,723,0.09412192
global-avgpool_finegrained1_O5Q0MS.pt,7,1013,0.08784711999999999
global-avgpool_finegrained1_Y0NA88.pt,7,1152,0.1043294
global-avgpool_finegrained1_I25UHQ.pt,7,612,0.005469840000000001
global-avgpool_finegrained1_JIN22X.pt,7,815,0.09215518000000002
global-avgpool_finegrained1_B3WJ05.pt,7,798,0.09421639999999998
global-avgpool_finegrained1_Y2ID9M.pt,7,826,0.09298825999999999
global-avgpool_finegrained1_MOJB1D.pt,7,933,0.09475689999999998
global-avgpool_finegrained1_UMZ9Y7.pt,7,737,0.09221797999999999
global-avgpool_finegrained1_CW9KB3.pt,7,827,0.10218416
global-avgpool_finegrained1_10OOSH.pt,7,845,0.09388838
global-avgpool_finegrained1_BXFOUW.pt,7,827,0.09120220000000001
global-avgpool_finegrained1_2BZYH1.pt,7,1216,0.09992317999999997
global-avgpool_finegrained1_UP0AWK.pt,7,626,0.005557060000000002
global-avgpool_finegrained1_VOVAQ0.pt,7,988,0.10296510000000002
global-avgpool_finegrained1_Q6F82M.pt,7,1068,0.09694206000000001
global-avgpool_finegrained1_EQG9PR.pt,7,1005,0.09659277999999998
global-avgpool_finegrained1_TH1H2L.pt,7,736,0.10655646
global-avgpool_finegrained1_EA3YSO.pt,7,601,0.0055626600000000005
global-avgpool_finegrained1_QX9HLV.pt,7,1043,0.10438520000000004
global-avgpool_finegrained1_SBE12N.pt,7,866,0.09699689999999996
global-avgpool_finegrained1_8MXNKL.pt,7,994,0.10024534000000004
global-avgpool_finegrained1_V86E0D.pt,7,884,0.12083363999999999
global-avgpool_finegrained1_C6COB1.pt,7,1178,0.09431982
global-avgpool_finegrained1_EVT4OO.pt,7,1020,0.09747186000000005
global-avgpool_finegrained1_GOP7BE.pt,7,1064,0.1115897
global-avgpool_finegrained1_TMTBHG.pt,7,733,0.09990036
global-avgpool_finegrained1_G0MG9B.pt,7,536,0.005601579999999999
global-avgpool_finegrained1_RK36LY.pt,7,551,0.00549348
global-avgpool_finegrained1_Q9GS28.pt,7,902,0.09391686000000002
global-avgpool_finegrained1_QFJOW1.pt,3,56,0.00461632
global-avgpool_finegrained1_HSY2YG.pt,3,57,0.004600160000000001
global-avgpool_finegrained1_538XQW.pt,3,86,0.004622500000000001
global-avgpool_finegrained1_EQYEW9.pt,3,113,0.00460814
global-avgpool_finegrained1_8LK5YJ.pt,3,97,0.004610059999999998
global-avgpool_finegrained1_THZM4Q.pt,3,110,0.0045977200000000005
global-avgpool_finegrained1_EMIEIW.pt,3,90,0.004740700000000001
global-avgpool_finegrained1_H51V3Y.pt,3,89,0.0046271
global-avgpool_finegrained1_Z33R3L.pt,3,105,0.004636219999999999
global-avgpool_finegrained1_CRQL8G.pt,3,54,0.0045611
global-avgpool_finegrained1_CU5RQ7.pt,3,109,0.004635020000000001
global-avgpool_finegrained1_C00SD1.pt,3,67,0.00462466
global-avgpool_finegrained1_L2SY53.pt,3,48,0.00463484
global-avgpool_finegrained1_OP5IQZ.pt,3,112,0.00458876
global-avgpool_finegrained1_UIV5QT.pt,3,59,0.0045553400000000015
global-avgpool_finegrained1_BCKHPX.pt,3,84,0.004617059999999998
global-avgpool_finegrained1_NUDBAN.pt,3,108,0.004606260000000002
global-avgpool_finegrained1_5RU1JP.pt,3,102,0.00463092
global-avgpool_finegrained1_IVNSEI.pt,3,93,0.004709239999999999
global-avgpool_finegrained1_8SP6RU.pt,3,83,0.0047531
global-avgpool_finegrained1_3GNZHP.pt,7,785,0.10610311999999997
global-avgpool_finegrained1_JM178O.pt,7,472,0.03409215999999998
global-avgpool_finegrained1_O6B252.pt,7,807,0.09913409999999999
global-avgpool_finegrained1_SQV3RT.pt,7,376,0.00502734
global-avgpool_finegrained1_OOOPXQ.pt,7,795,0.0948587
global-avgpool_finegrained1_UPSVEL.pt,7,479,0.0053443200000000005
global-avgpool_finegrained1_WKSXG2.pt,7,674,0.09919852000000003
global-avgpool_finegrained1_4PHGZR.pt,7,562,0.0054791000000000015
global-avgpool_finegrained1_RZPBIR.pt,7,729,0.09879357999999999
global-avgpool_finegrained1_LZYRW9.pt,7,393,0.00539304
global-avgpool_finegrained1_J8NVVI.pt,7,540,0.00547806
global-avgpool_finegrained1_7OX8FF.pt,7,771,0.10806724000000001
global-avgpool_finegrained1_REJA0H.pt,7,642,0.005539799999999999
global-avgpool_finegrained1_XLJYJ9.pt,7,742,0.12021672000000003
global-avgpool_finegrained1_BYWD8M.pt,7,725,0.12031366000000002
global-avgpool_finegrained1_W2CEA3.pt,7,501,0.005667959999999999
global-avgpool_finegrained1_B5ND9Y.pt,7,769,0.09621183999999998
global-avgpool_finegrained1_PC6NKC.pt,7,698,0.09202502000000003
global-avgpool_finegrained1_4PBIN7.pt,7,386,0.005203899999999999
global-avgpool_finegrained1_XF3WLQ.pt,7,530,0.005501920000000001
global-avgpool_finegrained1_JMOXP3.pt,7,773,0.13549052
global-avgpool_finegrained1_IANV6K.pt,7,706,0.09593468
global-avgpool_finegrained1_AF4CY6.pt,7,430,0.005257180000000001
global-avgpool_finegrained1_7MIINA.pt,7,666,0.029045499999999995
global-avgpool_finegrained1_E44NR9.pt,7,605,0.005592920000000001
global-avgpool_finegrained1_QGBCDZ.pt,7,352,0.00512966
global-avgpool_finegrained1_KP3MX8.pt,7,727,0.13736222
global-avgpool_finegrained1_2O5YEW.pt,7,774,0.09494589999999999
global-avgpool_finegrained1_MKVZ82.pt,7,458,0.005313899999999998
global-avgpool_finegrained1_P1RZNE.pt,7,712,0.09528679999999998
global-avgpool_finegrained1_LDTSH1.pt,7,760,0.09815698
global-avgpool_finegrained1_XRK23E.pt,7,580,0.00541648
global-avgpool_finegrained1_YXFJDK.pt,7,660,0.005511459999999999
global-avgpool_finegrained1_QA1U1R.pt,7,740,0.12729799999999997
global-avgpool_finegrained1_F2VX7V.pt,7,340,0.00508902
global-avgpool_finegrained1_XAHDMI.pt,7,694,0.09826754000000004
global-avgpool_finegrained1_4NWL91.pt,7,784,0.10304202
global-avgpool_finegrained1_O0UYL1.pt,7,620,0.005497399999999999
global-avgpool_finegrained1_8ILV4X.pt,7,516,0.005406039999999998
global-avgpool_finegrained1_MNGU3Q.pt,7,548,0.0054471400000000005
global-avgpool_finegrained1_VFRV56.pt,7,1060,0.018983299999999998
global-avgpool_finegrained1_KUGFMG.pt,7,926,0.09739396000000002
global-avgpool_finegrained1_9DIB1I.pt,7,773,0.09230356
global-avgpool_finegrained1_VGM6IX.pt,7,796,0.09307798000000003
global-avgpool_finegrained1_QQ4C24.pt,7,516,0.005258160000000001
global-avgpool_finegrained1_1CIUS0.pt,7,1041,0.10347303999999999
global-avgpool_finegrained1_OTCRA7.pt,7,1077,0.10337934
global-avgpool_finegrained1_IR5T4M.pt,7,1161,0.09413029999999997
global-avgpool_finegrained1_Q0RT67.pt,7,604,0.005448499999999999
global-avgpool_finegrained1_8OTV67.pt,7,901,0.09305383999999997
global-avgpool_finegrained1_RVUYDJ.pt,7,1015,0.09828083999999998
global-avgpool_finegrained1_OEYCYS.pt,7,737,0.09560386000000001
global-avgpool_finegrained1_52ATLH.pt,7,922,0.10505938000000004
global-avgpool_finegrained1_K5WMGL.pt,7,1094,0.09654642
global-avgpool_finegrained1_XU7HOZ.pt,7,640,0.00578204
global-avgpool_finegrained1_8EIS5A.pt,7,710,0.09303328000000002
global-avgpool_finegrained1_YNH3IS.pt,7,616,0.00556542
global-avgpool_finegrained1_8C8CLF.pt,7,1128,0.09783000000000003
global-avgpool_finegrained1_S1Z6HF.pt,7,875,0.09450118
global-avgpool_finegrained1_1BJE6H.pt,7,946,0.10541145999999996
global-avgpool_finegrained1_4LON3J.pt,3,265,0.004630099999999999
global-avgpool_finegrained1_3R2KX5.pt,3,406,0.0047339
global-avgpool_finegrained1_DLNCU1.pt,3,288,0.004635660000000001
global-avgpool_finegrained1_LJ2G0X.pt,3,558,0.004775380000000001
global-avgpool_finegrained1_9QARXQ.pt,3,573,0.004725100000000001
global-avgpool_finegrained1_LHXPF8.pt,3,259,0.00473204
global-avgpool_finegrained1_YOVJ59.pt,3,386,0.004693739999999999
global-avgpool_finegrained1_BQOJSH.pt,3,260,0.004632099999999998
global-avgpool_finegrained1_QH5AYR.pt,3,587,0.0047943
global-avgpool_finegrained1_C1YJWP.pt,3,487,0.00471112
global-avgpool_finegrained1_N7XEFA.pt,3,485,0.00471706
global-avgpool_finegrained1_O7ESGB.pt,3,509,0.004737859999999999
global-avgpool_finegrained1_45VEII.pt,3,397,0.0046865399999999995
global-avgpool_finegrained1_XC2CD7.pt,3,500,0.00471748
global-avgpool_finegrained1_VSRV4C.pt,3,581,0.004747740000000002
global-avgpool_finegrained1_TP3Q5O.pt,3,481,0.00474418
global-avgpool_finegrained1_WQCI15.pt,3,523,0.004823559999999999
global-avgpool_finegrained1_07TUKB.pt,3,286,0.004683799999999999
global-avgpool_finegrained1_MZ7EUF.pt,3,424,0.0046251999999999995
global-avgpool_finegrained1_F4RUHI.pt,3,309,0.00464456
global-avgpool_finegrained1_6G7BHJ.pt,7,661,0.005677260000000001
global-avgpool_finegrained1_8HH08K.pt,7,768,0.09029017999999998
global-avgpool_finegrained1_U9SRYU.pt,7,492,0.00526312
global-avgpool_finegrained1_UERUDX.pt,7,798,0.08823661999999999
global-avgpool_finegrained1_V0GRE8.pt,7,784,0.08470296
global-avgpool_finegrained1_EG7F32.pt,7,937,0.08877111999999998
global-avgpool_finegrained1_UT4T4F.pt,7,490,0.005383380000000001
global-avgpool_finegrained1_ZAS6Q4.pt,7,557,0.00547482
global-avgpool_finegrained1_QFZN8G.pt,7,733,0.08846454000000001
global-avgpool_finegrained1_NLT55X.pt,7,538,0.005486739999999999
global-avgpool_finegrained1_1SJWBV.pt,7,447,0.005350519999999998
global-avgpool_finegrained1_E1VCA2.pt,7,758,0.10563072
global-avgpool_finegrained1_ECIZZG.pt,7,693,0.08697345999999996
global-avgpool_finegrained1_Q88QVZ.pt,7,860,0.08670218
global-avgpool_finegrained1_1G0NXK.pt,7,915,0.08814248
global-avgpool_finegrained1_NEHUTM.pt,7,720,0.09074016000000001
global-avgpool_finegrained1_01LG0Z.pt,7,766,0.09158875999999999
global-avgpool_finegrained1_IQ7AO2.pt,7,412,0.005263519999999999
global-avgpool_finegrained1_GTT3RM.pt,7,551,0.00553982
global-avgpool_finegrained1_3J93OP.pt,7,809,0.09704636000000001
global-avgpool_finegrained1_GG3X2Y.pt,3,65,0.004609740000000001
global-avgpool_finegrained1_Q1WD9O.pt,3,34,0.004574719999999999
global-avgpool_finegrained1_1SBDFU.pt,3,51,0.00458862
global-avgpool_finegrained1_19DJLJ.pt,3,46,0.00459066
global-avgpool_finegrained1_RFELXB.pt,3,35,0.004612860000000002
global-avgpool_finegrained1_CZ21W6.pt,3,38,0.0046321600000000015
global-avgpool_finegrained1_G8NH2P.pt,3,31,0.004621620000000002
global-avgpool_finegrained1_PATZAY.pt,3,63,0.0046062
global-avgpool_finegrained1_Q91FE3.pt,3,43,0.0045872000000000005
global-avgpool_finegrained1_94VQEW.pt,3,66,0.00458974
global-avgpool_finegrained1_74527Z.pt,3,44,0.004586320000000001
global-avgpool_finegrained1_5OR5O7.pt,3,57,0.004610960000000001
global-avgpool_finegrained1_REWUEL.pt,3,67,0.00459264
global-avgpool_finegrained1_J466D9.pt,3,40,0.00459632
global-avgpool_finegrained1_M6YHF1.pt,3,55,0.00455766
global-avgpool_finegrained1_RBH3HR.pt,3,54,0.004612539999999999
global-avgpool_finegrained1_URWDB3.pt,3,39,0.00455754
global-avgpool_finegrained1_ZREGUK.pt,3,50,0.00460368
global-avgpool_finegrained1_7ZRIV1.pt,3,60,0.0045667400000000006
global-avgpool_finegrained1_MIPF7J.pt,3,59,0.00463154
global-avgpool_finegrained1_2WBHAQ.pt,7,782,0.0956999
global-avgpool_finegrained1_QMPMEB.pt,7,756,0.0932889
global-avgpool_finegrained1_73ZSU6.pt,7,687,0.09754274
global-avgpool_finegrained1_ZX1V3Q.pt,7,664,0.00558624
global-avgpool_finegrained1_BIG20A.pt,7,457,0.0053562
global-avgpool_finegrained1_GQH01S.pt,7,500,0.005313340000000001
global-avgpool_finegrained1_GIAFVH.pt,7,705,0.10046937999999997
global-avgpool_finegrained1_T2U806.pt,7,433,0.0054371
global-avgpool_finegrained1_IGT5AJ.pt,7,618,0.005519499999999999
global-avgpool_finegrained1_X808RC.pt,7,754,0.08790078000000001
global-avgpool_finegrained1_2SO4LD.pt,7,790,0.08885148000000001
global-avgpool_finegrained1_QNGXTI.pt,7,678,0.09395304000000002
global-avgpool_finegrained1_REXZF9.pt,7,485,0.00540508
global-avgpool_finegrained1_CSXX36.pt,7,615,0.0057027599999999986
global-avgpool_finegrained1_GGVEBX.pt,7,686,0.14853022
global-avgpool_finegrained1_F12QCN.pt,7,723,0.09696850000000003
global-avgpool_finegrained1_1P1GQD.pt,7,613,0.00562332
global-avgpool_finegrained1_OWIA18.pt,7,672,0.08683571999999998
global-avgpool_finegrained1_KFKDD8.pt,7,936,0.08733594000000004
global-avgpool_finegrained1_8TM0QG.pt,7,855,0.08794779999999999
global-avgpool_finegrained2_BNA272.pt,7,49,0.004800540000000001
global-avgpool_finegrained2_3S38AW.pt,7,31,0.00458936
global-avgpool_finegrained2_YTXTL1.pt,7,48,0.004614360000000001
global-avgpool_finegrained2_YW7JEJ.pt,7,43,0.004633039999999999
global-avgpool_finegrained2_VI770H.pt,7,42,0.00464992
global-avgpool_finegrained2_OACCXG.pt,7,22,0.00458274
global-avgpool_finegrained2_AUJ5OP.pt,7,35,0.004619260000000001
global-avgpool_finegrained2_IHH7W1.pt,7,46,0.00466144
global-avgpool_finegrained2_635O0B.pt,7,40,0.004682519999999998
global-avgpool_finegrained2_J90C12.pt,7,41,0.00463926
global-avgpool_finegrained2_QOADTW.pt,7,37,0.00487724
global-avgpool_finegrained2_UZ9BKC.pt,7,39,0.00483052
global-avgpool_finegrained2_7LZ393.pt,7,51,0.004745719999999998
global-avgpool_finegrained2_5J3A0R.pt,7,44,0.004794079999999999
global-avgpool_finegrained2_9W1UHL.pt,7,33,0.00468922
global-avgpool_finegrained2_WY7L5N.pt,7,34,0.00473302
global-avgpool_finegrained2_UVCDZV.pt,7,47,0.004749
global-avgpool_finegrained2_ELF7KK.pt,7,45,0.00469496
global-avgpool_finegrained2_L99GMJ.pt,7,26,0.004613559999999999
global-avgpool_finegrained2_MS9IWV.pt,7,38,0.004628480000000001
global-avgpool_finegrained2_6IIHAP.pt,7,725,0.10780693999999999
global-avgpool_finegrained2_HLS50T.pt,7,482,0.00530414
global-avgpool_finegrained2_QT5D8B.pt,7,744,0.08943391999999997
global-avgpool_finegrained2_A96P88.pt,7,587,0.005670680000000001
global-avgpool_finegrained2_KSQUP8.pt,7,653,0.005690159999999999
global-avgpool_finegrained2_EP73DW.pt,7,699,0.0901343
global-avgpool_finegrained2_Y5BKXL.pt,7,458,0.0052956999999999995
global-avgpool_finegrained2_2ASZFT.pt,7,683,0.09128706000000003
global-avgpool_finegrained2_HIDDBS.pt,7,722,0.07952593999999999
global-avgpool_finegrained2_AWF13P.pt,7,901,0.08245633999999999
global-avgpool_finegrained2_NLZUTX.pt,7,692,0.08309986
global-avgpool_finegrained2_2H0PNB.pt,7,649,0.005904200000000002
global-avgpool_finegrained2_CPPBGO.pt,7,873,0.09258682
global-avgpool_finegrained2_FZCEUP.pt,7,529,0.00544316
global-avgpool_finegrained2_MCTTJ2.pt,7,639,0.005620859999999998
global-avgpool_finegrained2_JXU2HQ.pt,7,850,0.10059953999999999
global-avgpool_finegrained2_6I9TLY.pt,7,911,0.09908618000000001
global-avgpool_finegrained2_BDFIB4.pt,7,520,0.005502999999999999
global-avgpool_finegrained2_57HSI0.pt,7,494,0.005337140000000001
global-avgpool_finegrained2_B5PJ27.pt,7,877,0.09156390000000002
global-avgpool_finegrained2_905LD2.pt,7,828,0.09165304
global-avgpool_finegrained2_I210OO.pt,7,493,0.005402720000000002
global-avgpool_finegrained2_QCCTTS.pt,7,557,0.005451620000000002
global-avgpool_finegrained2_2SRTV9.pt,7,670,0.08758888000000001
global-avgpool_finegrained2_D2VDSD.pt,7,475,0.0054229000000000005
global-avgpool_finegrained2_AWXH7W.pt,7,461,0.005382060000000001
global-avgpool_finegrained2_U0TL0J.pt,7,640,0.0057021599999999995
global-avgpool_finegrained2_GJFAP5.pt,7,691,0.09671422000000002
global-avgpool_finegrained2_MRBIZB.pt,7,583,0.005574979999999999
global-avgpool_finegrained2_LZS0WZ.pt,7,643,0.005586799999999999
global-avgpool_finegrained2_E7NIQO.pt,7,1071,0.017593180000000003
global-avgpool_finegrained2_CDMEUA.pt,7,646,0.005567560000000002
global-avgpool_finegrained2_B25YCU.pt,7,581,0.00551634
global-avgpool_finegrained2_PJ5H6O.pt,7,980,0.09554702000000001
global-avgpool_finegrained2_93UHGO.pt,7,667,0.005681819999999999
global-avgpool_finegrained2_N7XA5V.pt,7,913,0.10879252
global-avgpool_finegrained2_OENV4Y.pt,7,821,0.09799621999999998
global-avgpool_finegrained2_K5O7MV.pt,7,694,0.09558194000000002
global-avgpool_finegrained2_VDO3T0.pt,7,599,0.005548239999999999
global-avgpool_finegrained2_NNNQRZ.pt,7,619,0.005606819999999999
global-avgpool_finegrained2_A3YDKI.pt,3,641,0.004753999999999999
global-avgpool_finegrained2_SPJL9W.pt,3,749,0.004807819999999999
global-avgpool_finegrained2_4O162P.pt,3,717,0.004787479999999999
global-avgpool_finegrained2_ENHHW4.pt,3,744,0.00480126
global-avgpool_finegrained2_W3IONJ.pt,3,662,0.0048100999999999994
global-avgpool_finegrained2_VTP1LZ.pt,3,618,0.00478766
global-avgpool_finegrained2_HTR5PW.pt,3,446,0.004716620000000001
global-avgpool_finegrained2_YW05CK.pt,3,584,0.004782700000000001
global-avgpool_finegrained2_NQ1LDK.pt,3,553,0.00472888
global-avgpool_finegrained2_N29WNN.pt,3,680,0.004740839999999999
global-avgpool_finegrained2_OCDX98.pt,3,657,0.0047292
global-avgpool_finegrained2_5LW41W.pt,3,465,0.00469662
global-avgpool_finegrained2_9UN0FS.pt,3,589,0.004769079999999999
global-avgpool_finegrained2_43WN4M.pt,3,406,0.00467318
global-avgpool_finegrained2_UV1L07.pt,3,788,0.0048666000000000004
global-avgpool_finegrained2_TEDRGK.pt,3,454,0.00475308
global-avgpool_finegrained2_15BBBG.pt,3,339,0.004677200000000001
global-avgpool_finegrained2_3Q60UV.pt,3,691,0.0047693399999999995
global-avgpool_finegrained2_9KB942.pt,3,683,0.004772839999999999
global-avgpool_finegrained2_9HILI4.pt,3,715,0.004864280000000001
global-avgpool_finegrained2_RYG9TT.pt,7,389,0.00534086
global-avgpool_finegrained2_8Z46OI.pt,7,504,0.00518078
global-avgpool_finegrained2_3MJILG.pt,7,693,0.10029597999999998
global-avgpool_finegrained2_4BJ1JC.pt,7,644,0.005780399999999999
global-avgpool_finegrained2_DX6EAQ.pt,7,606,0.005548359999999999
global-avgpool_finegrained2_4XLR09.pt,7,722,0.10427484
global-avgpool_finegrained2_NH8YRN.pt,7,427,0.005294839999999999
global-avgpool_finegrained2_JK7MZY.pt,7,745,0.09327274
global-avgpool_finegrained2_1KQROJ.pt,7,507,0.00541364
global-avgpool_finegrained2_61QQY3.pt,7,455,0.0055242400000000014
global-avgpool_finegrained2_HX2THF.pt,7,670,0.09863205999999997
global-avgpool_finegrained2_4DVOV1.pt,7,529,0.0055331
global-avgpool_finegrained2_CLRBCC.pt,7,408,0.005089179999999999
global-avgpool_finegrained2_T2D4IT.pt,7,520,0.005460700000000001
global-avgpool_finegrained2_Z60076.pt,7,700,0.09588343999999999
global-avgpool_finegrained2_TIXFNY.pt,7,479,0.005362680000000002
global-avgpool_finegrained2_XHIA6D.pt,7,501,0.005379580000000003
global-avgpool_finegrained2_YP2LEH.pt,7,735,0.11170473999999997
global-avgpool_finegrained2_ZZ975E.pt,7,629,0.0055788400000000024
global-avgpool_finegrained2_4NIONF.pt,7,590,0.005498780000000001
global-avgpool_finegrained2_2Y6QHO.pt,7,568,0.005528399999999999
global-avgpool_finegrained2_8NGICT.pt,7,1243,0.08889848000000003
global-avgpool_finegrained2_N82EI3.pt,7,1260,0.09468527999999997
global-avgpool_finegrained2_NIJN0G.pt,7,971,0.09928714
global-avgpool_finegrained2_7SMOVC.pt,7,955,0.09415234
global-avgpool_finegrained2_JSFQEH.pt,7,770,0.09403976
global-avgpool_finegrained2_Q3NBY7.pt,7,1072,0.10632028000000002
global-avgpool_finegrained2_UJ2IZY.pt,7,977,0.08787968000000003
global-avgpool_finegrained2_N6UDPA.pt,7,668,0.005536079999999999
global-avgpool_finegrained2_WVOBRQ.pt,7,735,0.08788357999999999
global-avgpool_finegrained2_7A2SXY.pt,7,986,0.11116240000000001
global-avgpool_finegrained2_9D56FP.pt,7,635,0.005543260000000001
global-avgpool_finegrained2_EGKDZ8.pt,7,991,0.09588664000000001
global-avgpool_finegrained2_VYXFZ5.pt,7,960,0.09231850000000003
global-avgpool_finegrained2_5IJW4B.pt,7,1293,0.09431070000000003
global-avgpool_finegrained2_J4QYNX.pt,7,903,0.09322723999999999
global-avgpool_finegrained2_BDC9SL.pt,7,906,0.09223768
global-avgpool_finegrained2_9IUL8R.pt,7,911,0.09556812000000002
global-avgpool_finegrained2_IHRBDU.pt,7,885,0.09210066000000001
global-avgpool_finegrained2_JDI3DG.pt,7,860,0.09274826000000001
global-avgpool_finegrained2_NZYQJI.pt,7,814,0.09398482
global-avgpool_finegrained2_J3PUSR.pt,7,870,0.09377426
global-avgpool_finegrained2_1H6POT.pt,7,662,0.0055708
global-avgpool_finegrained2_5YLH0U.pt,7,381,0.005266319999999999
global-avgpool_finegrained2_QJ3GY7.pt,7,453,0.005350959999999999
global-avgpool_finegrained2_YVB7X9.pt,7,651,0.005618919999999999
global-avgpool_finegrained2_INAB5H.pt,7,741,0.09179667999999998
global-avgpool_finegrained2_3KGZ64.pt,7,602,0.00552
global-avgpool_finegrained2_T8PBEH.pt,7,680,0.11525136
global-avgpool_finegrained2_WHEOJI.pt,7,702,0.0928836
global-avgpool_finegrained2_HLUSP1.pt,7,373,0.0051985
global-avgpool_finegrained2_U1MHHA.pt,7,736,0.09588478000000004
global-avgpool_finegrained2_NLPQV2.pt,7,379,0.005185480000000001
global-avgpool_finegrained2_FUEP1W.pt,7,434,0.00525606
global-avgpool_finegrained2_PEZFCS.pt,7,554,0.005375679999999999
global-avgpool_finegrained2_V88I79.pt,7,828,0.09734627999999997
global-avgpool_finegrained2_OADQVB.pt,7,396,0.005159140000000001
global-avgpool_finegrained2_B7UREX.pt,7,603,0.005553260000000001
global-avgpool_finegrained2_N08PN3.pt,7,410,0.00523154
global-avgpool_finegrained2_IXWEGV.pt,7,729,0.08829366
global-avgpool_finegrained2_76JQC1.pt,7,15,0.004598020000000002
global-avgpool_finegrained2_IRJIBK.pt,7,13,0.00457206
global-avgpool_finegrained2_8Z80SZ.pt,7,19,0.004614759999999999
global-avgpool_finegrained2_BVM49T.pt,7,14,0.00458556
global-avgpool_finegrained2_X3SCIV.pt,7,11,0.004588180000000001
global-avgpool_finegrained2_YSW5LX.pt,7,12,0.00456446
global-avgpool_finegrained2_O0CX8M.pt,7,10,0.0045650199999999995
global-avgpool_finegrained2_8KFDQA.pt,7,18,0.004556899999999999
global-avgpool_finegrained2_OS05EK.pt,7,16,0.0047719200000000015
global-avgpool_finegrained2_0E4U2L.pt,7,8,0.0046050399999999995
global-avgpool_finegrained2_YVGBNB.pt,7,9,0.004612860000000002
global-avgpool_finegrained2_6DGVPI.pt,7,17,0.004587020000000001
global-avgpool_finegrained2_SZGGLL.pt,3,13,0.004527920000000001
global-avgpool_finegrained2_248TC3.pt,3,12,0.004553939999999999
global-avgpool_finegrained2_MSB4U5.pt,3,23,0.00455934
global-avgpool_finegrained2_BGGS4A.pt,3,24,0.0045253
global-avgpool_finegrained2_CJ2W5Y.pt,3,19,0.0045409000000000005
global-avgpool_finegrained2_AAH0BD.pt,3,25,0.00453412
global-avgpool_finegrained2_7CNWMU.pt,3,21,0.004519780000000001
global-avgpool_finegrained2_83QQ5Y.pt,3,29,0.004513019999999999
global-avgpool_finegrained2_JSB6NE.pt,3,28,0.00453526
global-avgpool_finegrained2_6CZ927.pt,3,15,0.0045477400000000015
global-avgpool_finegrained2_5R4UNM.pt,3,26,0.004559939999999999
global-avgpool_finegrained2_PZZAOV.pt,3,20,0.0045173
global-avgpool_finegrained2_08K8OW.pt,3,22,0.004556899999999999
global-avgpool_finegrained2_0ARJ6V.pt,3,14,0.00457672
global-avgpool_finegrained2_E7PTWP.pt,3,16,0.004589499999999998
global-avgpool_finegrained2_LP7PBW.pt,3,17,0.0045375599999999995
global-avgpool_finegrained2_E5BUO5.pt,3,18,0.004552680000000001
global-avgpool_finegrained2_PTB3F0.pt,3,27,0.004555140000000001
global-avgpool_finegrained2_A4CTAJ.pt,7,818,0.09174048000000003
global-avgpool_finegrained2_L45784.pt,7,593,0.005493180000000001
global-avgpool_finegrained2_47GAVB.pt,7,404,0.005145939999999999
global-avgpool_finegrained2_9RBSKT.pt,7,919,0.09048991999999999
global-avgpool_finegrained2_T9IP62.pt,7,895,0.09022988000000001
global-avgpool_finegrained2_HDDVYQ.pt,7,724,0.08943369999999998
global-avgpool_finegrained2_G6JFPH.pt,7,534,0.005403219999999999
global-avgpool_finegrained2_US6W6A.pt,7,623,0.005579040000000003
global-avgpool_finegrained2_8T1UUX.pt,7,487,0.005311200000000003
global-avgpool_finegrained2_KIAQ8T.pt,7,588,0.00587536
global-avgpool_finegrained2_U1G0SW.pt,7,676,0.09074244000000001
global-avgpool_finegrained2_KILU3G.pt,7,666,0.005617940000000001
global-avgpool_finegrained2_9BAHY2.pt,7,808,0.10974024000000003
global-avgpool_finegrained2_8B8YYC.pt,7,842,0.09237224000000001
global-avgpool_finegrained2_YDKF8J.pt,7,668,0.005462640000000001
global-avgpool_finegrained2_6TMBE6.pt,7,595,0.005508719999999999
global-avgpool_finegrained2_R555L0.pt,7,435,0.005295400000000001
global-avgpool_finegrained2_S7U0VV.pt,7,475,0.005439059999999999
global-avgpool_finegrained2_A9CVXG.pt,7,737,0.09903839999999998
global-avgpool_finegrained2_ZHD3RW.pt,7,523,0.005443799999999999
global-avgpool_finegrained2_825UHM.pt,7,827,0.09058055999999999
global-avgpool_finegrained2_SUHJSM.pt,7,913,0.09310114
global-avgpool_finegrained2_WQI8HX.pt,7,737,0.09093318000000002
global-avgpool_finegrained2_E8YW5T.pt,7,851,0.0934759
global-avgpool_finegrained2_DXD2F8.pt,7,558,0.005395640000000002
global-avgpool_finegrained2_N8HQUB.pt,7,761,0.09332206000000001
global-avgpool_finegrained2_1XISCD.pt,7,412,0.00513012
global-avgpool_finegrained2_3YLGEZ.pt,7,855,0.10826474000000001
global-avgpool_finegrained2_1IPHOG.pt,7,518,0.00544624
global-avgpool_finegrained2_1LHXPE.pt,7,544,0.0054790199999999985
global-avgpool_finegrained2_XTW195.pt,7,909,0.019737820000000003
global-avgpool_finegrained2_PCX3LW.pt,7,819,0.08926644
global-avgpool_finegrained2_8DDDN3.pt,7,687,0.08812182
global-avgpool_finegrained2_IP4LST.pt,7,386,0.005220739999999999
global-avgpool_finegrained2_TD1TN3.pt,7,562,0.005469459999999998
global-avgpool_finegrained2_8IB0FA.pt,7,856,0.08880106
global-avgpool_finegrained2_LKB7S8.pt,7,792,0.08794133999999999
global-avgpool_finegrained2_XZGVFB.pt,7,686,0.08908398000000002
global-avgpool_finegrained2_U3HNO3.pt,7,725,0.08840003999999997
global-avgpool_finegrained2_FHVCNO.pt,7,837,0.09370081999999998
global-avgpool_finegrained2_A0S1WN.pt,7,392,0.0051518799999999984
global-avgpool_finegrained2_0BDEWD.pt,7,535,0.0054590199999999985
global-avgpool_finegrained2_51N1OC.pt,7,690,0.08791938
global-avgpool_finegrained2_42RLGM.pt,7,522,0.005387079999999999
global-avgpool_finegrained2_HPPCEV.pt,7,525,0.005450159999999999
global-avgpool_finegrained2_PEPSJW.pt,7,592,0.00569366
global-avgpool_finegrained2_XLG31G.pt,7,836,0.09009091999999999
global-avgpool_finegrained2_0ABUP1.pt,7,669,0.08906628
global-avgpool_finegrained2_MME76K.pt,7,564,0.00536436
global-avgpool_finegrained2_EMKBWQ.pt,7,588,0.005395400000000002
global-avgpool_finegrained2_4UDDED.pt,7,515,0.005492059999999997
global-avgpool_finegrained2_T4Y599.pt,7,746,0.08863795999999999
global-avgpool_finegrained2_ZZRIEK.pt,7,521,0.00551882
global-avgpool_finegrained2_VEB5NP.pt,7,546,0.005458139999999999
global-avgpool_finegrained2_21TIUC.pt,7,603,0.005691320000000001
global-avgpool_finegrained2_ZWX89I.pt,7,616,0.005682760000000001
global-avgpool_finegrained2_Y70UKW.pt,7,520,0.00566814
global-avgpool_finegrained2_HJYON9.pt,7,783,0.08829012
global-avgpool_finegrained2_RIOLDX.pt,7,500,0.005398120000000001
global-avgpool_finegrained2_381UX3.pt,7,695,0.10100778
global-avgpool_finegrained2_6FN6I4.pt,3,496,0.0046846200000000005
global-avgpool_finegrained2_S4W89X.pt,3,531,0.004703059999999999
global-avgpool_finegrained2_1RRME8.pt,3,530,0.00471532
global-avgpool_finegrained2_3FGFJA.pt,3,569,0.004734140000000001
global-avgpool_finegrained2_8R237A.pt,3,448,0.004653460000000002
global-avgpool_finegrained2_7GFGR7.pt,3,295,0.004655959999999999
global-avgpool_finegrained2_SJ5WXW.pt,3,374,0.004689939999999998
global-avgpool_finegrained2_JVENZU.pt,3,509,0.00474738
global-avgpool_finegrained2_PVOB89.pt,3,598,0.0047482
global-avgpool_finegrained2_5SJUOK.pt,3,483,0.0047062
global-avgpool_finegrained2_1O5WT9.pt,3,297,0.0046265
global-avgpool_finegrained2_OP47E5.pt,3,348,0.0047964999999999995
global-avgpool_finegrained2_M6NSGX.pt,3,310,0.00464216
global-avgpool_finegrained2_HBCBUW.pt,3,605,0.004845099999999999
global-avgpool_finegrained2_1OOW1A.pt,3,485,0.004688939999999999
global-avgpool_finegrained2_FUXTPO.pt,3,546,0.004719499999999999
global-avgpool_finegrained2_B0IZFE.pt,3,258,0.0046432999999999995
global-avgpool_finegrained2_H4R3Z2.pt,3,561,0.00469184
global-avgpool_finegrained2_CLFO6M.pt,3,286,0.004631739999999999
global-avgpool_finegrained2_5U3GVO.pt,3,402,0.00470636
global-avgpool_finegrained2_L0PESY.pt,7,1217,0.01688312
global-avgpool_finegrained2_IYCIYO.pt,7,985,0.09661745999999997
global-avgpool_finegrained2_N2TC9S.pt,7,1179,0.09319152000000001
global-avgpool_finegrained2_G7EQ07.pt,7,778,0.09226035999999997
global-avgpool_finegrained2_AEXAUA.pt,7,1074,0.09806242
global-avgpool_finegrained2_9BB71R.pt,7,743,0.09983352000000002
global-avgpool_finegrained2_48S4C7.pt,7,946,0.10260078
global-avgpool_finegrained2_UKIRGC.pt,7,834,0.09543794
global-avgpool_finegrained2_SS9I27.pt,7,648,0.005810419999999999
global-avgpool_finegrained2_1DWVAH.pt,7,981,0.09999338000000002
global-avgpool_finegrained2_0AIC4L.pt,7,891,0.09497591999999998
global-avgpool_finegrained2_3X22WI.pt,7,1241,0.16294517999999997
global-avgpool_finegrained2_MAC6H4.pt,7,890,0.09044878
global-avgpool_finegrained2_953IGK.pt,7,1144,0.09873138000000001
global-avgpool_finegrained2_POFPLN.pt,7,1127,0.09109572000000002
global-avgpool_finegrained2_NSN08L.pt,7,708,0.0886311
global-avgpool_finegrained2_733LYC.pt,7,1268,0.09164016000000003
global-avgpool_finegrained2_9206AC.pt,7,1117,0.09207530000000003
global-avgpool_finegrained2_X7Y59W.pt,7,1274,0.09378797999999999
global-avgpool_finegrained2_DG8QH3.pt,7,882,0.08817380000000002
global-avgpool_finegrained2_FWQYEG.pt,7,285,0.00507232
global-avgpool_finegrained2_DA5R9M.pt,7,463,0.00538564
global-avgpool_finegrained2_YC00UI.pt,7,382,0.00519884
global-avgpool_finegrained2_EVVBNL.pt,7,327,0.0051187
global-avgpool_finegrained2_WDKRRE.pt,7,365,0.005192579999999999
global-avgpool_finegrained2_RRP9TN.pt,7,352,0.00507006
global-avgpool_finegrained2_CUHP54.pt,7,417,0.00524534
global-avgpool_finegrained2_34GNXH.pt,7,243,0.0050190400000000015
global-avgpool_finegrained2_V2S6ZZ.pt,7,454,0.005311800000000001
global-avgpool_finegrained2_BPH7I8.pt,7,513,0.0054106200000000005
global-avgpool_finegrained2_6WYUIY.pt,7,294,0.005079320000000001
global-avgpool_finegrained2_78UK11.pt,7,438,0.005266159999999999
global-avgpool_finegrained2_WQ3BM4.pt,7,525,0.005447880000000001
global-avgpool_finegrained2_M49CRG.pt,7,496,0.0056741199999999995
global-avgpool_finegrained2_4EB58D.pt,7,312,0.004949860000000001
global-avgpool_finegrained2_P5XGH9.pt,7,371,0.005265880000000001
global-avgpool_finegrained2_RLL6C8.pt,7,528,0.005693620000000002
global-avgpool_finegrained2_FZJKBL.pt,7,472,0.005091480000000001
global-avgpool_finegrained2_ZHM6RP.pt,7,280,0.0049840000000000014
global-avgpool_finegrained2_YDFPF8.pt,7,384,0.00501668
global-avgpool_finegrained2_AI3L3V.pt,7,750,0.10593650000000002
global-avgpool_finegrained2_QWW60A.pt,7,1114,0.09410824000000001
global-avgpool_finegrained2_SOBFRH.pt,7,1075,0.09063101999999999
global-avgpool_finegrained2_HV3QUP.pt,7,673,0.08981188000000001
global-avgpool_finegrained2_RFN3VN.pt,7,641,0.005547599999999997
global-avgpool_finegrained2_KSWARI.pt,7,1139,0.09139154000000001
global-avgpool_finegrained2_6TU7U5.pt,7,548,0.0053360000000000005
global-avgpool_finegrained2_EV1EJ8.pt,7,731,0.08975167999999996
global-avgpool_finegrained2_IZH7C3.pt,7,1236,0.09098354
global-avgpool_finegrained2_LT248J.pt,7,1014,0.09007576
global-avgpool_finegrained2_JRPBIA.pt,7,539,0.0056544
global-avgpool_finegrained2_S61BLY.pt,7,600,0.0056915
global-avgpool_finegrained2_1ZYZRL.pt,7,572,0.0053931399999999985
global-avgpool_finegrained2_HAO28X.pt,7,805,0.09956292000000001
global-avgpool_finegrained2_23F3EO.pt,7,1104,0.09047000000000001
global-avgpool_finegrained2_QTR0KI.pt,7,1065,0.10072513999999998
global-avgpool_finegrained2_35ASUI.pt,7,830,0.09267855999999997
global-avgpool_finegrained2_P55AOV.pt,7,563,0.00548386
global-avgpool_finegrained2_5LENBV.pt,7,1175,0.08326412
global-avgpool_finegrained2_ZO76BG.pt,7,826,0.09414144
global-avgpool_finegrained2_NXKZ4F.pt,7,519,0.0054138400000000005
global-avgpool_finegrained2_G1PDJD.pt,7,1192,0.09768840000000001
global-avgpool_finegrained2_4TMRNT.pt,7,814,0.09547289999999999
global-avgpool_finegrained2_EWTDIX.pt,7,531,0.00542424
global-avgpool_finegrained2_I8LH9Q.pt,7,604,0.00550672
global-avgpool_finegrained2_ZBSAHD.pt,7,670,0.09948858
global-avgpool_finegrained2_JCZPM4.pt,7,1221,0.0955782
global-avgpool_finegrained2_X7FLDO.pt,7,625,0.005574779999999999
global-avgpool_finegrained2_SNMR0Q.pt,7,717,0.09091956
global-avgpool_finegrained2_H1ZISP.pt,7,769,0.09117833999999998
global-avgpool_finegrained2_OH1RSL.pt,7,723,0.09006299999999996
global-avgpool_finegrained2_DW8Y7O.pt,7,1185,0.09333756000000001
global-avgpool_finegrained2_2R08GZ.pt,7,812,0.08910188000000002
global-avgpool_finegrained2_MTTOGQ.pt,7,689,0.1021557
global-avgpool_finegrained2_4OK0MB.pt,7,948,0.09249679999999999
global-avgpool_finegrained2_XKN6JA.pt,7,850,0.09310753999999997
global-avgpool_finegrained2_FUU256.pt,7,1182,0.09667540000000001
global-avgpool_finegrained2_51LANG.pt,7,826,0.10324771999999997
global-avgpool_finegrained2_M6PQ42.pt,7,679,0.08651094000000002
global-avgpool_finegrained2_5ER6RV.pt,7,765,0.09181477999999998
global-avgpool_finegrained2_GQE5GK.pt,7,985,0.09329659999999997
global-avgpool_finegrained2_YJYBUB.pt,7,704,0.10676974000000002
global-avgpool_finegrained2_PTUOP0.pt,7,1127,0.09236447999999997
global-avgpool_finegrained2_VZ2OBC.pt,7,946,0.09367628000000001
global-avgpool_finegrained2_E5L3LE.pt,7,629,0.005611259999999999
global-avgpool_finegrained2_XJY574.pt,7,713,0.09240035999999999
global-avgpool_finegrained2_UNM2X5.pt,7,1076,0.10233362000000001
global-avgpool_finegrained2_T3N21P.pt,7,796,0.09082330000000002
global-avgpool_finegrained2_EOU8OA.pt,7,1307,0.10011044
global-avgpool_finegrained2_T70K65.pt,7,765,0.09119334
global-avgpool_finegrained2_DERJOV.pt,7,1019,0.09083538
global-avgpool_finegrained2_UA9AGJ.pt,7,1091,0.09955687999999999
global-avgpool_finegrained2_PPFJXP.pt,7,679,0.09031859999999999
global-avgpool_finegrained2_5QOVIM.pt,7,1223,0.09124613999999999
global-avgpool_finegrained2_DWFJJ6.pt,7,620,0.0054390800000000015
global-avgpool_finegrained2_8NN63B.pt,7,1341,0.10120112
global-avgpool_finegrained2_6E0Z1W.pt,7,890,0.08962402000000003
global-avgpool_finegrained2_Q3GQN1.pt,7,800,0.08819918000000003
global-avgpool_finegrained2_I1E0HK.pt,7,1186,0.09460180000000001
global-avgpool_finegrained2_METQKJ.pt,7,759,0.09026316000000001
global-avgpool_finegrained2_ADAVXE.pt,7,354,0.0053478200000000005
global-avgpool_finegrained2_4VGHOX.pt,7,514,0.0054124199999999985
global-avgpool_finegrained2_84BZYL.pt,7,432,0.005085939999999999
global-avgpool_finegrained2_ZHISYW.pt,7,264,0.004973459999999999
global-avgpool_finegrained2_DBUZ6L.pt,7,384,0.00499334
global-avgpool_finegrained2_LC93KT.pt,7,481,0.005350320000000002
global-avgpool_finegrained2_YYX0AK.pt,7,376,0.005016499999999999
global-avgpool_finegrained2_6BFF8F.pt,7,325,0.00517024
global-avgpool_finegrained2_ERV6W1.pt,7,539,0.0054141400000000004
global-avgpool_finegrained2_JPINKD.pt,7,526,0.00540178
global-avgpool_finegrained2_LEVSKC.pt,7,266,0.004991119999999999
global-avgpool_finegrained2_FL23YF.pt,7,328,0.00498396
global-avgpool_finegrained2_8BL6IB.pt,7,489,0.0053956
global-avgpool_finegrained2_1SRD2E.pt,7,446,0.00523592
global-avgpool_finegrained2_YK2QM2.pt,7,541,0.00545136
global-avgpool_finegrained2_LAEV9T.pt,7,315,0.0052091199999999985
global-avgpool_finegrained2_4CF4VM.pt,7,374,0.005187139999999999
global-avgpool_finegrained2_N20JW5.pt,7,351,0.005135700000000001
global-avgpool_finegrained2_P30HR7.pt,7,258,0.0049754199999999995
global-avgpool_finegrained2_08U55X.pt,7,381,0.005229399999999999
global-avgpool_finegrained2_C02ZIO.pt,7,44,0.005193340000000001
global-avgpool_finegrained2_3XLYBY.pt,7,36,0.004883600000000001
global-avgpool_finegrained2_SCOF5D.pt,7,23,0.00462572
global-avgpool_finegrained2_RIZ47G.pt,7,19,0.004716780000000001
global-avgpool_finegrained2_CA4Y33.pt,7,22,0.004648060000000001
global-avgpool_finegrained2_LQT76P.pt,7,27,0.004713879999999998
global-avgpool_finegrained2_R96G0S.pt,7,25,0.004665460000000001
global-avgpool_finegrained2_SJD3HY.pt,7,41,0.004739280000000001
global-avgpool_finegrained2_WIJ0ZR.pt,7,38,0.004598999999999999
global-avgpool_finegrained2_UI3ESS.pt,7,32,0.004707820000000001
global-avgpool_finegrained2_5HOUPJ.pt,7,30,0.004591860000000002
global-avgpool_finegrained2_BICWC4.pt,7,39,0.00463684
global-avgpool_finegrained2_YNTL3K.pt,7,20,0.004582780000000001
global-avgpool_finegrained2_XW2ABT.pt,7,42,0.00461162
global-avgpool_finegrained2_BLLDNQ.pt,7,21,0.0045706
global-avgpool_finegrained2_8BTL9P.pt,7,28,0.004602240000000001
global-avgpool_finegrained2_S55B0M.pt,7,40,0.004693180000000001
global-avgpool_finegrained2_4B2W9L.pt,7,31,0.00458868
global-avgpool_finegrained2_MASWEX.pt,7,26,0.00460012
global-avgpool_finegrained2_ZN8MTZ.pt,7,34,0.004638299999999999
global-avgpool_finegrained2_1LR0YP.pt,3,31,0.004568359999999999
global-avgpool_finegrained2_U4HFHQ.pt,3,53,0.004545939999999999
global-avgpool_finegrained2_TLGFIB.pt,3,46,0.0045438
global-avgpool_finegrained2_YX3DLL.pt,3,40,0.00462128
global-avgpool_finegrained2_YZNQ3H.pt,3,54,0.00451112
global-avgpool_finegrained2_XJXFVY.pt,3,66,0.00465146
global-avgpool_finegrained2_1JHUOR.pt,3,62,0.004611380000000001
global-avgpool_finegrained2_SP554P.pt,3,58,0.00459178
global-avgpool_finegrained2_C2G684.pt,3,30,0.00461954
global-avgpool_finegrained2_004OKE.pt,3,51,0.00452242
global-avgpool_finegrained2_3QVKYM.pt,3,38,0.00477494
global-avgpool_finegrained2_MXYCEI.pt,3,41,0.00451444
global-avgpool_finegrained2_8KKXDT.pt,3,69,0.004561160000000001
global-avgpool_finegrained2_YLVCAF.pt,3,35,0.004716560000000001
global-avgpool_finegrained2_6LGTC9.pt,3,71,0.004570520000000001
global-avgpool_finegrained2_S4EL02.pt,3,42,0.0045422200000000005
global-avgpool_finegrained2_RBHS4L.pt,3,43,0.0045214
global-avgpool_finegrained2_7W4X5Z.pt,3,48,0.004528160000000001
global-avgpool_finegrained2_0MKFBD.pt,3,64,0.004562579999999999
global-avgpool_finegrained2_MQJDSS.pt,3,49,0.00455456
global-avgpool_finegrained2_DJ3C6C.pt,3,80,0.004656979999999998
global-avgpool_finegrained2_9XP28C.pt,3,120,0.00459516
global-avgpool_finegrained2_NTOGOC.pt,3,111,0.0045298
global-avgpool_finegrained2_4US0DX.pt,3,114,0.004544759999999999
global-avgpool_finegrained2_E3LI61.pt,3,85,0.004748779999999999
global-avgpool_finegrained2_VPA2L8.pt,3,64,0.0046251600000000006
global-avgpool_finegrained2_GVYL5T.pt,3,105,0.00469102
global-avgpool_finegrained2_9NRGLJ.pt,3,112,0.004663620000000002
global-avgpool_finegrained2_3C4NYB.pt,3,110,0.004655420000000001
global-avgpool_finegrained2_0FS5KS.pt,3,81,0.004576019999999999
global-avgpool_finegrained2_VX5FPJ.pt,3,62,0.0045322999999999995
global-avgpool_finegrained2_9O0BSX.pt,3,71,0.00452928
global-avgpool_finegrained2_YQ0A18.pt,3,123,0.004592779999999999
global-avgpool_finegrained2_6RFIUM.pt,3,83,0.004609060000000001
global-avgpool_finegrained2_IYJ2N9.pt,3,107,0.00460364
global-avgpool_finegrained2_ZSPJQ6.pt,3,102,0.004573740000000001
global-avgpool_finegrained2_RU9OSP.pt,3,92,0.00456944
global-avgpool_finegrained2_5T41LI.pt,3,78,0.0045766800000000005
global-avgpool_finegrained2_LVBMSE.pt,3,98,0.00459462
global-avgpool_finegrained2_N0N2TC.pt,3,84,0.00458174
global-avgpool_finegrained2_XR99CS.pt,7,428,0.005188079999999999
global-avgpool_finegrained2_OPNKDV.pt,7,537,0.005494720000000001
global-avgpool_finegrained2_GQS0AA.pt,7,433,0.005266560000000001
global-avgpool_finegrained2_TUJLAE.pt,7,953,0.08993409999999999
global-avgpool_finegrained2_LEIXZH.pt,7,871,0.09880949999999998
global-avgpool_finegrained2_TGKO1W.pt,7,473,0.00540394
global-avgpool_finegrained2_30C5Y7.pt,7,961,0.09074518
global-avgpool_finegrained2_AX7GXQ.pt,7,418,0.00524072
global-avgpool_finegrained2_Y673MR.pt,7,725,0.09740503999999998
global-avgpool_finegrained2_CLENEJ.pt,7,924,0.09097958
global-avgpool_finegrained2_RD61IA.pt,7,905,0.09829991999999996
global-avgpool_finegrained2_3QSCVH.pt,7,465,0.005369020000000001
global-avgpool_finegrained2_Y2S0Q9.pt,7,459,0.005336399999999999
global-avgpool_finegrained2_L4613E.pt,7,948,0.09022833999999998
global-avgpool_finegrained2_D9I34Z.pt,7,701,0.10704039999999998
global-avgpool_finegrained2_9G4ERH.pt,7,830,0.09173644000000002
global-avgpool_finegrained2_BVQYGV.pt,7,550,0.005338580000000001
global-avgpool_finegrained2_NKQDQK.pt,7,890,0.09381033999999999
global-avgpool_finegrained2_QBXQ25.pt,7,653,0.01042946
global-avgpool_finegrained2_AZAYBK.pt,7,758,0.09474686000000004
global-avgpool_finegrained2_AW90HI.pt,7,1025,0.016727279999999997
global-avgpool_finegrained2_13D81S.pt,7,466,0.005315520000000001
global-avgpool_finegrained2_VP8JNY.pt,7,1031,0.09350328000000001
global-avgpool_finegrained2_M4QSEG.pt,7,538,0.00540238
global-avgpool_finegrained2_JYJ02N.pt,7,1009,0.09945904000000004
global-avgpool_finegrained2_0C49NA.pt,7,980,0.10365372000000002
global-avgpool_finegrained2_E2U44M.pt,7,681,0.10341737999999999
global-avgpool_finegrained2_MM0LHC.pt,7,757,0.11151466000000002
global-avgpool_finegrained2_C9M25G.pt,7,496,0.0051092199999999985
global-avgpool_finegrained2_FHLZNY.pt,7,831,0.08755885999999999
global-avgpool_finegrained2_5PFTPY.pt,7,736,0.09697862
global-avgpool_finegrained2_DMKB0A.pt,7,483,0.0053663600000000014
global-avgpool_finegrained2_URGTCR.pt,7,553,0.005450720000000001
global-avgpool_finegrained2_PGT25A.pt,7,985,0.08798298
global-avgpool_finegrained2_EM88E9.pt,7,1107,0.08901781999999998
global-avgpool_finegrained2_CGNBDG.pt,7,598,0.005437659999999999
global-avgpool_finegrained2_V1F4TJ.pt,7,1083,0.08954116000000001
global-avgpool_finegrained2_74VHHT.pt,7,876,0.09404312
global-avgpool_finegrained2_30AW9C.pt,7,733,0.11123402000000002
global-avgpool_finegrained2_3PWVJ9.pt,7,1063,0.08912323999999999
global-avgpool_finegrained2_K64LMB.pt,3,60,0.004582720000000001
global-avgpool_finegrained2_UGIDK9.pt,3,36,0.00451726
global-avgpool_finegrained2_ZRMLX6.pt,3,68,0.00455324
global-avgpool_finegrained2_UR8HA6.pt,3,73,0.004578360000000001
global-avgpool_finegrained2_9GFPHC.pt,3,56,0.00455056
global-avgpool_finegrained2_N2LCOH.pt,3,77,0.0045707
global-avgpool_finegrained2_PL2UVM.pt,3,47,0.004536120000000001
global-avgpool_finegrained2_VF5N0J.pt,3,51,0.00454014
global-avgpool_finegrained2_1O5QNQ.pt,3,54,0.0045614
global-avgpool_finegrained2_4GU4IY.pt,3,34,0.00464826
global-avgpool_finegrained2_OLVMHN.pt,3,50,0.004557040000000001
global-avgpool_finegrained2_34XGTV.pt,3,69,0.004574239999999998
global-avgpool_finegrained2_5R5WFJ.pt,3,57,0.004557959999999999
global-avgpool_finegrained2_XNUNC3.pt,3,46,0.00462136
global-avgpool_finegrained2_VO1RH7.pt,3,76,0.004588
global-avgpool_finegrained2_7YAX7F.pt,3,71,0.0045990799999999984
global-avgpool_finegrained2_KTHIUT.pt,3,59,0.004574019999999999
global-avgpool_finegrained2_QFKEM3.pt,3,44,0.004545339999999999
global-avgpool_finegrained2_HPNEFY.pt,3,45,0.00458166
global-avgpool_finegrained2_IVTTK2.pt,3,58,0.00455324
global-avgpool_finegrained2_KYM84F.pt,3,674,0.004793619999999999
global-avgpool_finegrained2_3ZULD3.pt,3,765,0.00476758
global-avgpool_finegrained2_ADH7QR.pt,3,786,0.004794559999999999
global-avgpool_finegrained2_J6LA22.pt,3,658,0.004713179999999999
global-avgpool_finegrained2_VAKP9R.pt,3,574,0.0047081399999999995
global-avgpool_finegrained2_R1Y1KP.pt,3,560,0.004654740000000001
global-avgpool_finegrained2_FA777U.pt,3,389,0.00464348
global-avgpool_finegrained2_EFF0QS.pt,3,364,0.0046231
global-avgpool_finegrained2_BZO7QF.pt,3,419,0.00464938
global-avgpool_finegrained2_3PAC77.pt,3,717,0.0048426400000000005
global-avgpool_finegrained2_5H5FDD.pt,3,573,0.00474954
global-avgpool_finegrained2_F4HMQN.pt,3,360,0.00480566
global-avgpool_finegrained2_DVY9AJ.pt,3,471,0.00472454
global-avgpool_finegrained2_8PL7KR.pt,3,715,0.004805759999999999
global-avgpool_finegrained2_QEYROK.pt,3,553,0.004704
global-avgpool_finegrained2_99EF96.pt,3,779,0.004788999999999999
global-avgpool_finegrained2_H80S8C.pt,3,485,0.0046898400000000015
global-avgpool_finegrained2_ZZCO4S.pt,3,644,0.004858319999999999
global-avgpool_finegrained2_A1DSPU.pt,3,720,0.00477436
global-avgpool_finegrained2_FX8RIC.pt,3,769,0.00480038
global-avgpool_finegrained2_B68L8H.pt,7,514,0.00543606
global-avgpool_finegrained2_NU3JBJ.pt,7,786,0.09139159999999995
global-avgpool_finegrained2_AG3Z82.pt,7,646,0.005551979999999999
global-avgpool_finegrained2_P2B2HY.pt,7,808,0.09030583999999997
global-avgpool_finegrained2_GT0Y2J.pt,7,697,0.08997269999999999
global-avgpool_finegrained2_SHKELG.pt,7,454,0.00526466
global-avgpool_finegrained2_AAD7UK.pt,7,585,0.00553024
global-avgpool_finegrained2_HSZRZB.pt,7,402,0.005222739999999999
global-avgpool_finegrained2_DM1HNF.pt,7,817,0.08925551999999999
global-avgpool_finegrained2_G9SXV8.pt,7,368,0.005049840000000001
global-avgpool_finegrained2_U0R6Z9.pt,7,548,0.0053650600000000005
global-avgpool_finegrained2_STIJO1.pt,7,433,0.005430999999999999
global-avgpool_finegrained2_4D7WF2.pt,7,391,0.00536076
global-avgpool_finegrained2_YBZP34.pt,7,576,0.005284320000000001
global-avgpool_finegrained2_2P0YDJ.pt,7,478,0.005385279999999999
global-avgpool_finegrained2_BJKCXZ.pt,7,554,0.005387620000000001
global-avgpool_finegrained2_NHI07L.pt,7,829,0.09602614000000001
global-avgpool_finegrained2_7QCOTH.pt,7,831,0.0900991
global-avgpool_finegrained2_K1RZE5.pt,7,669,0.08947740000000003
global-avgpool_finegrained2_R7JDMA.pt,7,543,0.005492139999999998
global-avgpool_finegrained2_WC4JDN.pt,7,516,0.005260880000000001
global-avgpool_finegrained2_EZ758S.pt,7,419,0.005284099999999999
global-avgpool_finegrained2_GHVV76.pt,7,420,0.005187819999999999
global-avgpool_finegrained2_ID6C3C.pt,7,794,0.08959359999999998
global-avgpool_finegrained2_T9WSPS.pt,7,425,0.005315919999999999
global-avgpool_finegrained2_OIGXWM.pt,7,630,0.005557299999999999
global-avgpool_finegrained2_AKVJ8P.pt,7,413,0.005277540000000001
global-avgpool_finegrained2_MW9JME.pt,7,705,0.09074665999999999
global-avgpool_finegrained2_DBZA1Y.pt,7,650,0.005657580000000001
global-avgpool_finegrained2_TF8SFI.pt,7,401,0.0052045400000000006
global-avgpool_finegrained2_R847FB.pt,7,367,0.0051836799999999995
global-avgpool_finegrained2_Q2ZUBP.pt,7,746,0.08945538000000001
global-avgpool_finegrained2_EYZGPD.pt,7,769,0.09070929999999996
global-avgpool_finegrained2_QA79B0.pt,7,739,0.08981214
global-avgpool_finegrained2_R5SEJP.pt,7,555,0.00555968
global-avgpool_finegrained2_D2UMO3.pt,7,431,0.00525144
global-avgpool_finegrained2_KSJFTK.pt,7,825,0.09239628
global-avgpool_finegrained2_S1FSAZ.pt,7,679,0.09373858
global-avgpool_finegrained2_EEOATH.pt,7,729,0.09258509999999998
global-avgpool_finegrained2_JREFC8.pt,7,512,0.005510040000000001
global-avgpool_finegrained2_3ZKRYP.pt,7,746,0.01451106
global-avgpool_finegrained2_W1B6FG.pt,7,1017,0.09169004000000003
global-avgpool_finegrained2_8D1AUD.pt,7,1119,0.09504244
global-avgpool_finegrained2_WVMWUP.pt,7,839,0.09541503999999999
global-avgpool_finegrained2_4RK6U8.pt,7,982,0.1232476
global-avgpool_finegrained2_1DWA83.pt,7,830,0.09653213999999999
global-avgpool_finegrained2_1J9KKA.pt,7,1082,0.11020642
global-avgpool_finegrained2_UBXDFS.pt,7,884,0.09257191999999997
global-avgpool_finegrained2_FV33ME.pt,7,752,0.09218967999999997
global-avgpool_finegrained2_KD6FOL.pt,7,776,0.09368804000000001
global-avgpool_finegrained2_56M1XP.pt,7,728,0.11011025999999997
global-avgpool_finegrained2_R61KRQ.pt,7,1099,0.10765308000000001
global-avgpool_finegrained2_DFZXXB.pt,7,996,0.09241585999999997
global-avgpool_finegrained2_ZRX6CI.pt,7,593,0.005514559999999999
global-avgpool_finegrained2_SE6OUM.pt,7,983,0.09316626000000003
global-avgpool_finegrained2_KBY69N.pt,7,910,0.09360826000000003
global-avgpool_finegrained2_78JN65.pt,7,842,0.10949636000000003
global-avgpool_finegrained2_IX6319.pt,7,968,0.11991818
global-avgpool_finegrained2_WTPSSY.pt,7,1188,0.12843034
global-avgpool_finegrained2_XD0WCV.pt,7,866,0.10079253999999999
global-avgpool_finegrained2_S1TLHB.pt,3,355,0.004717540000000001
global-avgpool_finegrained2_FP9YX3.pt,3,493,0.004664420000000001
global-avgpool_finegrained2_XO6RVD.pt,3,678,0.004743960000000001
global-avgpool_finegrained2_X03LB4.pt,3,485,0.00468396
global-avgpool_finegrained2_REJ6AW.pt,3,758,0.004798899999999998
global-avgpool_finegrained2_FV2BBU.pt,3,675,0.004792560000000001
global-avgpool_finegrained2_HW8PTZ.pt,3,451,0.00467144
global-avgpool_finegrained2_5H5L01.pt,3,738,0.004772160000000001
global-avgpool_finegrained2_F3N6RB.pt,3,336,0.00463216
global-avgpool_finegrained2_2S3RKM.pt,3,389,0.0047925400000000005
global-avgpool_finegrained2_1BOSYU.pt,3,708,0.00473386
global-avgpool_finegrained2_EH7KWZ.pt,3,411,0.00470266
global-avgpool_finegrained2_U2UHHW.pt,3,381,0.0046840200000000005
global-avgpool_finegrained2_IVVAUZ.pt,3,575,0.00472166
global-avgpool_finegrained2_3RO6F3.pt,3,477,0.004706320000000001
global-avgpool_finegrained2_6OD4MP.pt,3,521,0.004741059999999999
global-avgpool_finegrained2_WBJGC9.pt,3,576,0.004933179999999998
global-avgpool_finegrained2_05VCGD.pt,3,397,0.004702919999999999
global-avgpool_finegrained2_ZO8GSF.pt,3,626,0.004771820000000001
global-avgpool_finegrained2_HO6B7G.pt,3,701,0.004834759999999999
global-avgpool_finegrained2_N14Q12.pt,3,52,0.00455894
global-avgpool_finegrained2_L2G3Y7.pt,3,60,0.004752859999999999
global-avgpool_finegrained2_QPMPGE.pt,3,87,0.004585760000000001
global-avgpool_finegrained2_5IRJ4A.pt,3,86,0.00463842
global-avgpool_finegrained2_F1MAQE.pt,3,91,0.0045841
global-avgpool_finegrained2_2O7AA4.pt,3,55,0.0046725199999999995
global-avgpool_finegrained2_806BPF.pt,3,50,0.004637860000000001
global-avgpool_finegrained2_20S7D3.pt,3,75,0.00493502
global-avgpool_finegrained2_IY2EV2.pt,3,98,0.004569820000000001
global-avgpool_finegrained2_BFHROJ.pt,3,104,0.004604059999999998
global-avgpool_finegrained2_JJQM8T.pt,3,84,0.0046329200000000004
global-avgpool_finegrained2_CVQSYH.pt,3,82,0.004556339999999999
global-avgpool_finegrained2_73RA3D.pt,3,83,0.004591399999999998
global-avgpool_finegrained2_IWR9YL.pt,3,76,0.00459388
global-avgpool_finegrained2_VPNE3Y.pt,3,78,0.03333837999999999
global-avgpool_finegrained2_DHDS0O.pt,3,105,0.0046251999999999995
global-avgpool_finegrained2_98T6W3.pt,3,57,0.0045707199999999995
global-avgpool_finegrained2_P576T6.pt,3,106,0.00461484
global-avgpool_finegrained2_SLOPL4.pt,3,65,0.004521219999999999
global-avgpool_finegrained2_OHORD4.pt,3,113,0.004548400000000001
global-avgpool_finegrained2_TAD6BG.pt,7,682,0.09853220000000001
global-avgpool_finegrained2_YCI1VN.pt,7,543,0.00548432
global-avgpool_finegrained2_EEUW4A.pt,7,433,0.0052788999999999996
global-avgpool_finegrained2_SLFT0W.pt,7,394,0.005193380000000002
global-avgpool_finegrained2_BSTSQD.pt,7,633,0.00566462
global-avgpool_finegrained2_T4PYWC.pt,7,876,0.10814537999999993
global-avgpool_finegrained2_LH16P0.pt,7,829,0.09946322000000002
global-avgpool_finegrained2_CZWAHT.pt,7,641,0.005617540000000001
global-avgpool_finegrained2_CO9CXV.pt,7,629,0.00557796
global-avgpool_finegrained2_3CZY8H.pt,7,407,0.0052565400000000005
global-avgpool_finegrained2_A611OY.pt,7,861,0.09859072
global-avgpool_finegrained2_KRMLRS.pt,7,463,0.005298119999999998
global-avgpool_finegrained2_WLMULE.pt,7,499,0.0053753800000000025
global-avgpool_finegrained2_4O1WAO.pt,7,826,0.09837987999999998
global-avgpool_finegrained2_WF2B1K.pt,7,664,0.005596279999999999
global-avgpool_finegrained2_39T1FS.pt,7,497,0.0054247800000000014
global-avgpool_finegrained2_Y784F8.pt,7,368,0.00503134
global-avgpool_finegrained2_AO1PDP.pt,7,391,0.005614740000000002
global-avgpool_finegrained2_BIA2B7.pt,7,392,0.00506508
global-avgpool_finegrained2_EKKA8C.pt,7,798,0.09931828
global-avgpool_finegrained2_PVX6S9.pt,7,22,0.004571959999999998
global-avgpool_finegrained2_1CL1LM.pt,7,13,0.00461804
global-avgpool_finegrained2_ZR1T14.pt,7,17,0.00456816
global-avgpool_finegrained2_7IL4PJ.pt,7,16,0.00457446
global-avgpool_finegrained2_SK7NY5.pt,7,26,0.004600440000000001
global-avgpool_finegrained2_70VWRL.pt,7,23,0.004654000000000002
global-avgpool_finegrained2_RG8U4Q.pt,7,25,0.0046015
global-avgpool_finegrained2_4KCO58.pt,7,21,0.00476642
global-avgpool_finegrained2_UR1VDQ.pt,7,27,0.00460878
global-avgpool_finegrained2_JCNHXU.pt,7,24,0.00458542
global-avgpool_finegrained2_MDIFK2.pt,7,28,0.004588520000000001
global-avgpool_finegrained2_KOK5UB.pt,7,12,0.00457318
global-avgpool_finegrained2_2PNUO4.pt,7,15,0.004587480000000001
global-avgpool_finegrained2_DT21UU.pt,7,14,0.0045768399999999996
global-avgpool_finegrained2_Y29HZX.pt,7,20,0.004603079999999999
global-avgpool_finegrained2_8KVI3V.pt,7,19,0.00460846
global-avgpool_finegrained2_HQ49ZW.pt,7,29,0.004609600000000002
global-avgpool_finegrained2_91DB03.pt,7,18,0.00459246
global-avgpool_finegrained2_4LTB6V.pt,7,881,0.10257919999999998
global-avgpool_finegrained2_VN2PZ0.pt,7,972,0.09843164
global-avgpool_finegrained2_Z8US2M.pt,7,1064,0.017187719999999997
global-avgpool_finegrained2_WCY1Y7.pt,7,635,0.005644780000000001
global-avgpool_finegrained2_7PDSAO.pt,7,646,0.005586079999999998
global-avgpool_finegrained2_5Q3CFP.pt,7,771,0.10187889999999998
global-avgpool_finegrained2_CD6OZC.pt,7,1138,0.09446931999999998
global-avgpool_finegrained2_1C1MYG.pt,7,862,0.09337308
global-avgpool_finegrained2_APZ83M.pt,7,929,0.10396686
global-avgpool_finegrained2_M3K2NN.pt,7,991,0.09330870000000002
global-avgpool_finegrained2_OTKYG1.pt,7,1118,0.09993076000000001
global-avgpool_finegrained2_83NEUX.pt,7,601,0.005575539999999999
global-avgpool_finegrained2_E9DLW2.pt,7,1151,0.10146715999999996
global-avgpool_finegrained2_MRKIFR.pt,7,779,0.09265032000000001
global-avgpool_finegrained2_83FJXJ.pt,7,1075,0.09375506000000002
global-avgpool_finegrained2_2908J8.pt,7,807,0.09526902
global-avgpool_finegrained2_C45215.pt,7,673,0.09495377999999999
global-avgpool_finegrained2_UXRQN6.pt,7,988,0.10236543999999997
global-avgpool_finegrained2_3JV2QD.pt,7,800,0.10120339999999999
global-avgpool_finegrained2_4WCZ9Q.pt,7,930,0.09478140000000003
global-avgpool_finegrained2_1TJ4SL.pt,7,47,0.004622040000000002
global-avgpool_finegrained2_8GHE0J.pt,7,67,0.00471834
global-avgpool_finegrained2_ZI5K6X.pt,7,71,0.0047097400000000005
global-avgpool_finegrained2_IMIJPM.pt,7,32,0.0046022400000000005
global-avgpool_finegrained2_X082FU.pt,7,64,0.0046294199999999995
global-avgpool_finegrained2_8R4J9V.pt,7,34,0.004656940000000001
global-avgpool_finegrained2_K1O7LZ.pt,7,33,0.0046420600000000025
global-avgpool_finegrained2_0Q1V7J.pt,7,44,0.0047713999999999986
global-avgpool_finegrained2_3JKQKC.pt,7,46,0.004611380000000001
global-avgpool_finegrained2_TPY1II.pt,7,42,0.004657779999999999
global-avgpool_finegrained2_8NOYAA.pt,7,54,0.004654560000000001
global-avgpool_finegrained2_WVAK1H.pt,7,57,0.004614559999999999
global-avgpool_finegrained2_T2N34C.pt,7,52,0.0046209400000000005
global-avgpool_finegrained2_Q8J4GT.pt,7,30,0.00458516
global-avgpool_finegrained2_GXM3OI.pt,7,58,0.004660300000000001
global-avgpool_finegrained2_KGJK24.pt,7,45,0.00481998
global-avgpool_finegrained2_2Z1KPB.pt,7,41,0.0048064399999999995
global-avgpool_finegrained2_23TBLM.pt,7,43,0.004835380000000001
global-avgpool_finegrained2_UKGG3X.pt,7,49,0.00462588
global-avgpool_finegrained2_9F4XHP.pt,7,39,0.004614879999999999
global-avgpool_finegrained2_ETUAL6.pt,7,762,0.09585918000000002
global-avgpool_finegrained2_IO7QI0.pt,7,751,0.09263668000000003
global-avgpool_finegrained2_P9SZ0K.pt,7,443,0.0053197800000000005
global-avgpool_finegrained2_8EZBWJ.pt,7,334,0.00507982
global-avgpool_finegrained2_H1W3X6.pt,7,476,0.005247699999999998
global-avgpool_finegrained2_PKC5NH.pt,7,753,0.08831254
global-avgpool_finegrained2_U780Y2.pt,7,625,0.0056668
global-avgpool_finegrained2_C4FD0W.pt,7,658,0.00554924
global-avgpool_finegrained2_LFO554.pt,7,708,0.09787099999999997
global-avgpool_finegrained2_BTQSAT.pt,7,722,0.10135728000000002
global-avgpool_finegrained2_88Z5KE.pt,7,654,0.005569139999999999
global-avgpool_finegrained2_35LBL1.pt,7,703,0.09297068000000003
global-avgpool_finegrained2_1ZQQHF.pt,7,621,0.00574464
global-avgpool_finegrained2_EJ86W4.pt,7,743,0.09329841999999998
global-avgpool_finegrained2_ZIG0FZ.pt,7,490,0.00532704
global-avgpool_finegrained2_465D4E.pt,7,530,0.005416199999999999
global-avgpool_finegrained2_VQ41G7.pt,7,423,0.005269560000000002
global-avgpool_finegrained2_I92OB5.pt,7,765,0.09985423999999997
global-avgpool_finegrained2_KOIC3M.pt,7,335,0.0052176
global-avgpool_finegrained2_4GAU8O.pt,7,341,0.005125739999999998
