model_path,HW,CIN,CIN,latency
addrelu_prior_SZ32F8.pt,112,213,213,0.004582040000000001
addrelu_prior_C2MCTM.pt,7,1010,1010,0.004587259999999999
addrelu_prior_OOQ2NY.pt,7,533,533,0.004614980000000001
addrelu_prior_ZMII34.pt,112,53,53,0.0046394800000000005
addrelu_prior_1W5EFJ.pt,3,489,489,0.00464154
addrelu_prior_IMI6TO.pt,14,836,836,0.0046212799999999984
addrelu_prior_2Q210W.pt,14,157,157,0.0046111400000000006
addrelu_prior_T3QDGN.pt,7,168,168,0.004807740000000001
addrelu_prior_Z62AAI.pt,112,262,262,0.004612220000000001
addrelu_prior_7YCNK6.pt,28,60,60,0.0045999000000000005
addrelu_prior_83MXDI.pt,14,993,993,0.00465898
addrelu_prior_KVU05B.pt,56,27,27,0.004584940000000001
addrelu_prior_C8U1G8.pt,14,73,73,0.0044959
addrelu_prior_6EYNHH.pt,14,104,104,0.004529080000000001
addrelu_prior_7576JW.pt,56,17,17,0.0046999799999999994
addrelu_prior_U900KH.pt,56,190,190,0.004655080000000001
addrelu_prior_C7R9Q0.pt,14,51,51,0.00460326
addrelu_prior_5XUG82.pt,112,152,152,0.004620660000000001
addrelu_prior_AMBGM9.pt,56,183,183,0.00459916
addrelu_prior_FSYXU6.pt,14,847,847,0.004663980000000001
addrelu_prior_WIK2DM.pt,56,81,81,0.004631780000000001
addrelu_prior_HB63X9.pt,14,139,139,0.004772339999999999
addrelu_prior_TIZELC.pt,1,164,164,0.00456364
addrelu_prior_TF3NS6.pt,28,497,497,0.00454678
addrelu_prior_BCOS1K.pt,7,148,148,0.004691
addrelu_prior_L1EEGV.pt,14,52,52,0.0045685199999999995
addrelu_prior_BRZ3T5.pt,14,59,59,0.004584919999999999
addrelu_prior_5XNFK7.pt,28,253,253,0.004802900000000001
addrelu_prior_FXY3F9.pt,28,491,491,0.0045945
addrelu_prior_P6PIR8.pt,14,1272,1272,0.0045923000000000005
addrelu_prior_N20OJT.pt,7,110,110,0.004583060000000002
addrelu_prior_X636BF.pt,56,209,209,0.004618400000000001
addrelu_prior_V0AAEU.pt,28,227,227,0.004664820000000001
addrelu_prior_72E7DA.pt,3,64,64,0.0046459399999999994
addrelu_prior_LNVZHO.pt,1,182,182,0.004615039999999999
addrelu_prior_4J8YKU.pt,112,18,18,0.0045673599999999995
addrelu_prior_D9MSQS.pt,14,431,431,0.00467876
addrelu_prior_UWC558.pt,56,244,244,0.0047167599999999995
addrelu_prior_CVJZZV.pt,3,272,272,0.00465022
addrelu_prior_ZC9GOI.pt,14,495,495,0.0047256799999999995
addrelu_prior_JHQZA9.pt,7,50,50,0.00465142
addrelu_prior_ON1ZX9.pt,28,88,88,0.0045634000000000004
addrelu_prior_351VUW.pt,28,1561,1561,0.004604
addrelu_prior_7DJCCO.pt,28,220,220,0.004669839999999999
addrelu_prior_ZQU6YX.pt,28,200,200,0.004639959999999999
addrelu_prior_VP7PPL.pt,14,97,97,0.004602480000000001
addrelu_prior_KNDQP1.pt,56,168,168,0.004700420000000001
addrelu_prior_6VS0SL.pt,28,137,137,0.00463028
addrelu_prior_7K5JZD.pt,56,931,931,0.004667880000000002
addrelu_prior_QV7DTB.pt,14,198,198,0.0045708599999999995
addrelu_prior_KMNKN8.pt,112,2061,2061,0.00453324
addrelu_prior_CV05LH.pt,7,132,132,0.0046102800000000005
addrelu_prior_2VVM9W.pt,56,184,184,0.004652580000000001
addrelu_prior_VGROWY.pt,14,124,124,0.00466994
addrelu_prior_NSO0CT.pt,28,255,255,0.004677100000000001
addrelu_prior_ID8KO4.pt,14,668,668,0.00457526
addrelu_prior_ZISSH0.pt,3,174,174,0.004612620000000001
addrelu_prior_T04SCI.pt,14,132,132,0.004686260000000002
addrelu_prior_B9TCHW.pt,7,49,49,0.004587420000000001
addrelu_prior_7ZAL2F.pt,7,212,212,0.004609600000000001
addrelu_prior_ZRTTZL.pt,14,44,44,0.004634439999999999
addrelu_prior_9UXL8D.pt,14,579,579,0.00458984
addrelu_prior_8DVKGJ.pt,14,63,63,0.004600620000000001
addrelu_prior_KS6KH5.pt,28,445,445,0.00453866
addrelu_prior_XK69IW.pt,1,529,529,0.0046165200000000016
addrelu_prior_510NPK.pt,224,136,136,0.00490252
addrelu_prior_5JJD5A.pt,56,224,224,0.0047966799999999985
addrelu_prior_70M83U.pt,112,1448,1448,0.004611459999999999
addrelu_prior_EN2VUO.pt,112,140,140,0.004589859999999999
addrelu_prior_PNSIJ7.pt,7,463,463,0.0046813600000000025
addrelu_prior_T67Q4P.pt,14,237,237,0.004594419999999999
addrelu_prior_EV6KN7.pt,14,257,257,0.0046892999999999995
addrelu_prior_IOZ1AE.pt,14,197,197,0.00459742
addrelu_prior_E7VTLJ.pt,7,133,133,0.00462026
addrelu_prior_HHN81F.pt,28,512,512,0.004572959999999998
addrelu_prior_JHNS7X.pt,56,253,253,0.004692239999999999
addrelu_prior_XDZKFN.pt,28,134,134,0.00459288
addrelu_prior_CHYPMM.pt,14,17,17,0.004571340000000002
addrelu_prior_Z7MEYU.pt,7,2115,2115,0.00461396
addrelu_prior_5W2BWA.pt,28,78,78,0.004602940000000001
addrelu_prior_ROF3Y3.pt,28,236,236,0.004609760000000001
addrelu_prior_74DXTZ.pt,56,207,207,0.00468408
addrelu_prior_YB84VH.pt,14,257,257,0.004692379999999999
addrelu_prior_N10P41.pt,28,80,80,0.004580960000000001
addrelu_prior_GDFMLK.pt,14,47,47,0.00466212
addrelu_prior_5SZRTH.pt,14,235,235,0.004595240000000001
addrelu_prior_WVNQFR.pt,112,129,129,0.004593240000000001
addrelu_prior_OX9PXH.pt,28,490,490,0.004581360000000001
addrelu_prior_W1YBNZ.pt,56,44,44,0.004599280000000001
addrelu_prior_9KAOS3.pt,14,763,763,0.004612859999999997
addrelu_prior_TS1IRL.pt,14,752,752,0.0046015000000000006
addrelu_prior_GEINSG.pt,56,1936,1936,0.0046850799999999995
addrelu_prior_F3DXSR.pt,14,141,141,0.004631499999999999
addrelu_prior_PYSQZ9.pt,14,116,116,0.004699759999999999
addrelu_prior_7E86X5.pt,28,112,112,0.00454554
addrelu_prior_0OYA7S.pt,28,2109,2109,0.004671239999999999
addrelu_prior_N2QWZ5.pt,56,173,173,0.0046078199999999995
addrelu_prior_QOP0T2.pt,28,1751,1751,0.004810319999999999
addrelu_prior_G2WVST.pt,56,539,539,0.004591700000000001
addrelu_prior_MQTG45.pt,14,542,542,0.004589839999999999
addrelu_prior_AX5457.pt,56,101,101,0.00455498
addrelu_prior_GGZJ8I.pt,14,93,93,0.004655219999999999
addrelu_prior_5W2J8V.pt,28,415,415,0.0047375
addrelu_prior_GSUB5H.pt,112,535,535,0.004599580000000001
addrelu_prior_0TZRCR.pt,14,203,203,0.004695120000000002
addrelu_prior_JDCN6M.pt,7,1069,1069,0.004700240000000002
addrelu_prior_IZIJS5.pt,7,41,41,0.004703060000000002
addrelu_prior_T8JDF5.pt,14,11,11,0.004587540000000002
addrelu_prior_3S35KI.pt,28,1697,1697,0.00462198
addrelu_prior_VM46JK.pt,14,199,199,0.004636860000000001
addrelu_prior_KTNACY.pt,14,1391,1391,0.00465406
addrelu_prior_B0SSN4.pt,56,26,26,0.00456994
addrelu_prior_4ZHONX.pt,112,75,75,0.004674180000000001
addrelu_prior_B4X9SZ.pt,28,1971,1971,0.0046675599999999986
addrelu_prior_SWUIQ2.pt,14,518,518,0.0046294
addrelu_prior_FSFSRU.pt,7,539,539,0.004680680000000001
addrelu_prior_0TFEIF.pt,112,222,222,0.0046738199999999995
addrelu_prior_9NTFZ0.pt,7,1022,1022,0.00462928
addrelu_prior_CZ0214.pt,112,66,66,0.004655700000000001
addrelu_prior_YOO44A.pt,7,1152,1152,0.004760940000000002
addrelu_prior_4ANKF5.pt,28,141,141,0.004605219999999999
addrelu_prior_XWRLIL.pt,7,99,99,0.0046675
addrelu_prior_5AFK1R.pt,7,254,254,0.004678259999999999
addrelu_prior_U7Y7IA.pt,56,1021,1021,0.004623779999999999
addrelu_prior_WHDUQA.pt,7,253,253,0.004536619999999998
addrelu_prior_AB7PCK.pt,112,80,80,0.004626319999999998
addrelu_prior_4PSJHC.pt,112,814,814,0.004643619999999999
addrelu_prior_8UJ3S5.pt,56,51,51,0.004705679999999998
addrelu_prior_JUSKN2.pt,56,240,240,0.004678739999999998
addrelu_prior_3GU9BN.pt,28,194,194,0.0046717999999999985
addrelu_prior_005Y6I.pt,7,489,489,0.004614420000000001
addrelu_prior_HSODLP.pt,56,10,10,0.0045946
addrelu_prior_C8LCHI.pt,14,161,161,0.004706120000000001
addrelu_prior_6KM4O1.pt,14,55,55,0.004619799999999999
addrelu_prior_09FHG0.pt,56,700,700,0.0047386600000000004
addrelu_prior_UV19U9.pt,224,581,581,0.00465604
addrelu_prior_FFQGIK.pt,7,104,104,0.004556279999999999
addrelu_prior_UDQQNV.pt,28,494,494,0.004587760000000001
addrelu_prior_UZW25G.pt,56,506,506,0.00474352
addrelu_prior_XYRK3L.pt,14,779,779,0.004694560000000001
addrelu_prior_0G6KWV.pt,7,138,138,0.004626540000000001
addrelu_prior_GABO0Z.pt,56,238,238,0.004639399999999999
addrelu_prior_Q5W2IP.pt,7,127,127,0.004609759999999999
addrelu_prior_CERAF0.pt,14,97,97,0.0046362
addrelu_prior_LGZFLK.pt,56,499,499,0.004633799999999999
addrelu_prior_WFC2BJ.pt,7,261,261,0.004577160000000001
addrelu_prior_JKNFJC.pt,14,10,10,0.00460234
addrelu_prior_JY7ICS.pt,7,1061,1061,0.0046001800000000015
addrelu_prior_U2RKMQ.pt,14,947,947,0.0047312199999999995
addrelu_prior_WL230H.pt,14,537,537,0.0045968599999999995
addrelu_prior_J41QU1.pt,14,781,781,0.004606519999999999
addrelu_prior_HLOZS8.pt,14,236,236,0.004642200000000001
addrelu_prior_DYHBH6.pt,28,255,255,0.00459828
addrelu_prior_JCR8KO.pt,56,208,208,0.004691320000000001
addrelu_prior_N7RQ4R.pt,7,261,261,0.004596479999999999
addrelu_prior_BVRSEL.pt,224,233,233,0.004612660000000001
addrelu_prior_5LS5YC.pt,112,58,58,0.00463126
addrelu_prior_J4EZ1J.pt,56,989,989,0.0046426
addrelu_prior_H1KP29.pt,14,826,826,0.004636059999999997
addrelu_prior_POBRL4.pt,14,135,135,0.004545819999999999
addrelu_prior_YK6763.pt,28,484,484,0.0045410200000000015
addrelu_prior_TK8M7H.pt,7,174,174,0.004702179999999999
addrelu_prior_QVBYH3.pt,56,107,107,0.00458372
addrelu_prior_A6XU3L.pt,3,1047,1047,0.00463762
addrelu_prior_80ILSI.pt,56,1708,1708,0.004646559999999998
addrelu_prior_H8I16A.pt,56,859,859,0.0046051
addrelu_prior_3G07BY.pt,14,257,257,0.00462886
addrelu_prior_S1I7Q8.pt,56,84,84,0.0047907
addrelu_prior_PRA4SJ.pt,28,255,255,0.0047060999999999995
addrelu_prior_QWBOMA.pt,14,89,89,0.00468162
addrelu_prior_2OCACE.pt,112,88,88,0.0045959400000000015
addrelu_prior_VP7Y50.pt,56,1683,1683,0.004567540000000001
addrelu_prior_HSVJ0Y.pt,28,104,104,0.004757619999999999
addrelu_prior_PRXSRA.pt,7,192,192,0.004547180000000001
addrelu_prior_AEEEM7.pt,28,510,510,0.0046300399999999985
addrelu_prior_J6UGFD.pt,56,87,87,0.00464618
addrelu_prior_I60CN7.pt,14,515,515,0.004652859999999998
addrelu_prior_HUSHLT.pt,14,6,6,0.004634860000000001
addrelu_prior_103580.pt,112,861,861,0.0046672400000000005
addrelu_prior_2T16MF.pt,7,534,534,0.00462116
addrelu_prior_2LUAN3.pt,7,106,106,0.004566520000000002
addrelu_prior_679J0Z.pt,56,301,301,0.004680999999999999
addrelu_prior_AFQIVA.pt,28,99,99,0.004692099999999999
addrelu_prior_GJVLBZ.pt,56,234,234,0.0046781800000000005
addrelu_prior_3PLSIQ.pt,112,175,175,0.004639119999999999
addrelu_prior_Y6NWGM.pt,56,216,216,0.004666820000000001
addrelu_prior_C8GMKW.pt,14,1138,1138,0.00466694
addrelu_prior_GGKNK1.pt,56,148,148,0.004717320000000001
addrelu_prior_ZFVJYS.pt,7,89,89,0.004555779999999999
addrelu_prior_07SAIJ.pt,14,32,32,0.00454462
addrelu_prior_WD3W3B.pt,28,143,143,0.004578300000000001
addrelu_prior_C4G2QV.pt,112,54,54,0.004647480000000001
addrelu_prior_CIGRE9.pt,14,222,222,0.004549900000000001
addrelu_prior_KEJAKF.pt,56,237,237,0.004654160000000002
addrelu_prior_TRB6BX.pt,28,171,171,0.00460862
addrelu_prior_7HHSBY.pt,56,117,117,0.00455686
addrelu_prior_9MRQMU.pt,14,64,64,0.00467184
addrelu_prior_1N4GFA.pt,3,156,156,0.00460762
addrelu_prior_R4COB5.pt,14,34,34,0.0045906800000000015
addrelu_prior_J8CD8I.pt,7,208,208,0.00462188
addrelu_prior_S6S7M5.pt,28,94,94,0.004604659999999999
addrelu_prior_IAL3PB.pt,14,613,613,0.004596340000000001
addrelu_prior_5SBCUL.pt,14,255,255,0.00470686
addrelu_prior_VTJ22Y.pt,14,233,233,0.00459904
addrelu_prior_S4WXH1.pt,112,273,273,0.00464716
addrelu_prior_JTGBI0.pt,14,1584,1584,0.004569060000000001
addrelu_prior_YCAMQC.pt,14,145,145,0.0047411
addrelu_prior_AYKXVS.pt,28,271,271,0.004696680000000001
addrelu_prior_6HVME9.pt,112,269,269,0.004648300000000002
addrelu_prior_ZLCG30.pt,14,50,50,0.004614820000000001
addrelu_prior_FSOFDF.pt,3,496,496,0.00462396
addrelu_prior_TN7GR6.pt,14,240,240,0.00467646
addrelu_prior_AFAUNE.pt,56,940,940,0.004706140000000001
addrelu_prior_H127GM.pt,14,249,249,0.004578419999999999
addrelu_prior_J6LF32.pt,56,185,185,0.004683240000000001
addrelu_prior_A4VBKQ.pt,7,46,46,0.0046392
addrelu_prior_XXYUO4.pt,28,232,232,0.00466028
addrelu_prior_R3OFH8.pt,14,956,956,0.004647480000000001
addrelu_prior_T7Z7QV.pt,14,145,145,0.004649780000000001
addrelu_prior_HTT3U2.pt,1,20,20,0.0046018
addrelu_prior_A0XY79.pt,14,505,505,0.004635659999999999
addrelu_prior_0GRKZS.pt,112,46,46,0.0047722400000000005
addrelu_prior_JON3BR.pt,56,75,75,0.00453782
addrelu_prior_210WWZ.pt,14,2067,2067,0.00454878
addrelu_prior_XH1DDI.pt,14,203,203,0.0046289400000000015
addrelu_prior_8ZZKIZ.pt,28,57,57,0.00460826
addrelu_prior_66OPXK.pt,14,242,242,0.00459728
addrelu_prior_933FMZ.pt,7,1531,1531,0.004603159999999999
addrelu_prior_83C4GA.pt,14,95,95,0.004633140000000001
addrelu_prior_HNE23S.pt,7,978,978,0.00462618
addrelu_prior_TVC4YJ.pt,7,110,110,0.004610139999999999
addrelu_prior_UU3VWP.pt,14,961,961,0.004731639999999999
addrelu_prior_4Z11U9.pt,28,492,492,0.004633939999999998
addrelu_prior_QVZ3QD.pt,14,64,64,0.004582420000000001
addrelu_prior_FAFMJB.pt,14,227,227,0.004556600000000001
addrelu_prior_BJ1W14.pt,28,58,58,0.004615799999999998
addrelu_prior_AVZVRS.pt,28,267,267,0.00466196
addrelu_prior_EIW8YX.pt,14,506,506,0.00458252
addrelu_prior_7UC2QI.pt,7,104,104,0.004707599999999999
addrelu_prior_TIJD4K.pt,28,172,172,0.004582639999999999
addrelu_prior_L3Z5W8.pt,56,231,231,0.00460514
addrelu_prior_U1WFP5.pt,224,510,510,0.004735919999999999
addrelu_prior_7N51BU.pt,1,590,590,0.004669780000000001
addrelu_prior_9M3H3V.pt,56,10,10,0.004636
addrelu_prior_F7ZEPT.pt,14,81,81,0.00460052
addrelu_prior_TYCACD.pt,3,188,188,0.004642880000000001
addrelu_prior_I4V3AQ.pt,56,52,52,0.004634279999999999
addrelu_prior_QDB8P2.pt,28,505,505,0.004706339999999999
addrelu_prior_H7661O.pt,28,102,102,0.004616679999999999
addrelu_prior_8915MV.pt,28,30,30,0.0046555000000000025
addrelu_prior_R71XRT.pt,14,73,73,0.004802
addrelu_prior_LJGTWR.pt,56,796,796,0.004550280000000001
addrelu_prior_I49NQU.pt,1,53,53,0.004594999999999999
addrelu_prior_O727QF.pt,14,841,841,0.004646679999999999
addrelu_prior_0S9SW4.pt,7,151,151,0.004589779999999999
addrelu_prior_88R6GC.pt,28,516,516,0.0045606
addrelu_prior_BK2LN7.pt,7,49,49,0.004642460000000001
addrelu_prior_EZYK4I.pt,7,162,162,0.0045832600000000005
addrelu_prior_IP9TAD.pt,3,497,497,0.004587519999999999
addrelu_prior_BCTEOW.pt,14,9,9,0.0046193799999999985
addrelu_prior_L65QV2.pt,112,238,238,0.004782039999999999
addrelu_prior_I2PXUU.pt,14,539,539,0.004682580000000002
addrelu_prior_Y9JW6F.pt,112,1161,1161,0.004723659999999999
addrelu_prior_G4V1A1.pt,7,75,75,0.00463964
addrelu_prior_8F5JDH.pt,28,113,113,0.004615739999999999
addrelu_prior_LV9UTF.pt,28,554,554,0.0045461
addrelu_prior_M3GAC6.pt,14,248,248,0.004619139999999999
addrelu_prior_CUHAGR.pt,112,1706,1706,0.004659160000000001
addrelu_prior_V3JWW3.pt,28,79,79,0.004599980000000001
addrelu_prior_Y367AW.pt,7,187,187,0.00459884
addrelu_prior_NLMT27.pt,7,270,270,0.004702420000000001
addrelu_prior_QWZCUD.pt,14,90,90,0.0046131800000000014
addrelu_prior_9RIBWM.pt,14,52,52,0.004629419999999999
addrelu_prior_06I7Y8.pt,28,63,63,0.004534479999999999
addrelu_prior_R4CL55.pt,28,983,983,0.004636899999999999
addrelu_prior_KOKWCK.pt,14,111,111,0.004627139999999999
addrelu_prior_GC9W2V.pt,56,460,460,0.0046183199999999995
addrelu_prior_AN0GXW.pt,28,173,173,0.00456418
addrelu_prior_WJMO90.pt,28,225,225,0.004666699999999999
addrelu_prior_GL9RVO.pt,28,1675,1675,0.004575360000000001
addrelu_prior_9A8XOB.pt,28,992,992,0.004700800000000001
addrelu_prior_24LB9B.pt,112,158,158,0.004661640000000001
addrelu_prior_SU9XXO.pt,14,118,118,0.004630679999999998
addrelu_prior_NSKYOQ.pt,14,188,188,0.004652940000000001
addrelu_prior_JL985X.pt,7,501,501,0.00454792
addrelu_prior_QXDKJY.pt,7,1938,1938,0.0045465
addrelu_prior_J0MNGV.pt,14,499,499,0.0046292999999999985
addrelu_prior_I4G64D.pt,56,132,132,0.004625800000000002
addrelu_prior_8IAQOB.pt,112,124,124,0.00462336
addrelu_prior_7XMHOH.pt,14,144,144,0.00461422
addrelu_prior_E7VWVM.pt,14,313,313,0.004735020000000001
addrelu_prior_2MWQ8Z.pt,28,259,259,0.0046640399999999995
addrelu_prior_T0TGN6.pt,28,1004,1004,0.00480706
addrelu_prior_4YW3CK.pt,56,815,815,0.004553799999999999
addrelu_prior_F9GV22.pt,56,415,415,0.004579759999999999
addrelu_prior_O1RDOM.pt,28,132,132,0.0046149
addrelu_prior_LZJPF2.pt,14,240,240,0.004606419999999999
addrelu_prior_JUON0H.pt,14,154,154,0.004572460000000001
addrelu_prior_DCQ1B6.pt,7,71,71,0.0046110199999999995
addrelu_prior_O7TDXS.pt,7,4,4,0.004660700000000001
addrelu_prior_YLGE3J.pt,112,887,887,0.0047265
addrelu_prior_3I6G80.pt,14,1014,1014,0.004764620000000001
addrelu_prior_MSQCSL.pt,28,1375,1375,0.0047262599999999995
addrelu_prior_8S7E9B.pt,7,826,826,0.00469606
addrelu_prior_E6GMJU.pt,28,108,108,0.004704020000000001
addrelu_prior_5RR8BK.pt,56,209,209,0.004778599999999999
addrelu_prior_POH9GD.pt,28,300,300,0.004685719999999999
addrelu_prior_F8JL4K.pt,14,513,513,0.0046773399999999994
addrelu_prior_U0BXTF.pt,14,250,250,0.00459542
addrelu_prior_KK5TBJ.pt,7,41,41,0.0047123
addrelu_prior_3P2FWO.pt,14,489,489,0.004684359999999999
addrelu_prior_BHDVY4.pt,14,197,197,0.004627639999999999
addrelu_prior_E95M0D.pt,28,803,803,0.004662739999999999
addrelu_prior_RE2ZEA.pt,56,538,538,0.00473498
addrelu_prior_QE094N.pt,14,213,213,0.004600400000000001
addrelu_prior_J3XL96.pt,7,64,64,0.004624619999999999
addrelu_prior_1NDSF8.pt,14,98,98,0.004665119999999999
addrelu_prior_3EDI3O.pt,14,823,823,0.00472288
addrelu_prior_NLIHF1.pt,56,218,218,0.00473194
addrelu_prior_YO3PNU.pt,56,182,182,0.004715180000000001
addrelu_prior_ATYQQC.pt,14,159,159,0.00464024
addrelu_prior_OWTNKY.pt,224,91,91,0.004877099999999999
addrelu_prior_7JYIE2.pt,1,530,530,0.004715439999999999
addrelu_prior_AZD40C.pt,28,30,30,0.00461702
addrelu_prior_HPZC1Q.pt,7,89,89,0.00474018
addrelu_prior_RUL3RO.pt,56,510,510,0.004687500000000001
addrelu_prior_R1YWCJ.pt,112,169,169,0.00464902
addrelu_prior_O2IFGK.pt,14,580,580,0.004645400000000001
addrelu_prior_CZ3Z1D.pt,14,132,132,0.00466404
addrelu_prior_0NMV03.pt,14,523,523,0.00464006
addrelu_prior_K6R8XH.pt,56,258,258,0.004634479999999999
addrelu_prior_R9YRKI.pt,14,210,210,0.0046128
addrelu_prior_3EQICS.pt,14,161,161,0.004608620000000001
addrelu_prior_9EYXFI.pt,7,1804,1804,0.00460262
addrelu_prior_3JWBXH.pt,28,174,174,0.0046114400000000005
addrelu_prior_YSHFYA.pt,7,268,268,0.004618420000000001
addrelu_prior_9A46HX.pt,56,57,57,0.004731579999999998
addrelu_prior_8CO72G.pt,56,525,525,0.0046750399999999975
addrelu_prior_LYF9NR.pt,56,659,659,0.0046568
addrelu_prior_0FYFGY.pt,28,205,205,0.004663959999999999
addrelu_prior_CC5S3D.pt,28,152,152,0.004568340000000001
addrelu_prior_AH1FCB.pt,56,191,191,0.00469496
addrelu_prior_4TYZIC.pt,28,1174,1174,0.00468262
addrelu_prior_79R2PF.pt,7,156,156,0.0046325199999999985
addrelu_prior_LULFZD.pt,28,179,179,0.004621140000000001
addrelu_prior_4KB12Y.pt,14,77,77,0.0046509
addrelu_prior_MUPVBO.pt,56,216,216,0.004711239999999999
addrelu_prior_UJJTBI.pt,28,173,173,0.004663240000000001
addrelu_prior_IFZ7I3.pt,14,54,54,0.004545499999999999
addrelu_prior_0MPR8J.pt,14,267,267,0.00458982
addrelu_prior_C03BUO.pt,56,512,512,0.004668739999999999
addrelu_prior_FPJXCC.pt,7,490,490,0.00462142
addrelu_prior_SO3DMO.pt,14,174,174,0.00458638
addrelu_prior_V13V13.pt,28,112,112,0.0046540999999999996
addrelu_prior_JBTA32.pt,7,426,426,0.004586379999999998
addrelu_prior_KUZNQI.pt,14,67,67,0.004616379999999999
addrelu_prior_0G8ZWG.pt,112,512,512,0.0047256799999999995
addrelu_prior_FPENAT.pt,56,253,253,0.004925060000000001
addrelu_prior_2OD3YR.pt,7,515,515,0.0048143199999999995
addrelu_prior_EKUYM3.pt,28,73,73,0.00463128
addrelu_prior_PKWR63.pt,14,1228,1228,0.00465034
addrelu_prior_C224PP.pt,14,201,201,0.00460324
addrelu_prior_WR1HNT.pt,14,537,537,0.004652139999999998
addrelu_prior_MP2G4Y.pt,7,173,173,0.004570140000000001
addrelu_prior_2L54D8.pt,1,193,193,0.004630080000000001
addrelu_prior_LBZUPM.pt,7,161,161,0.004619
addrelu_prior_HKMRSW.pt,224,985,985,0.004613240000000001
addrelu_prior_A2AUT0.pt,56,376,376,0.004621840000000001
addrelu_prior_GHCI1A.pt,7,1294,1294,0.00460002
addrelu_prior_LHAXLF.pt,112,102,102,0.004631520000000001
addrelu_prior_PUDQ83.pt,14,14,14,0.00459262
addrelu_prior_JCHRQM.pt,14,210,210,0.004601660000000001
addrelu_prior_80KD8B.pt,14,215,215,0.00463758
addrelu_prior_UUGEHU.pt,14,13,13,0.004635580000000001
addrelu_prior_4ZB8KG.pt,28,44,44,0.004585119999999999
addrelu_prior_A9LL3E.pt,112,71,71,0.004644800000000001
addrelu_prior_WPNAF6.pt,112,863,863,0.004619980000000001
addrelu_prior_7S95ED.pt,14,161,161,0.0046026
addrelu_prior_178UPE.pt,14,166,166,0.0045432400000000005
addrelu_prior_FHVRG2.pt,7,164,164,0.004683079999999999
addrelu_prior_1EPQCQ.pt,28,74,74,0.004619960000000001
addrelu_prior_XCC90K.pt,28,9,9,0.0046117400000000005
addrelu_prior_HT5DFP.pt,28,186,186,0.004614640000000001
addrelu_prior_GX3VZH.pt,56,93,93,0.004570060000000002
addrelu_prior_ZKU5V0.pt,28,124,124,0.004591080000000001
addrelu_prior_5NG16O.pt,28,971,971,0.0047773400000000014
addrelu_prior_G91PYM.pt,14,106,106,0.004582180000000001
addrelu_prior_214XIK.pt,14,11,11,0.00457836
addrelu_prior_ZB49QI.pt,14,27,27,0.004627059999999999
addrelu_prior_RVKE2L.pt,14,390,390,0.0046001
addrelu_prior_ZUPRJJ.pt,28,247,247,0.00468124
addrelu_prior_PS4RTO.pt,28,93,93,0.0045918800000000004
addrelu_prior_SDWKUA.pt,28,245,245,0.00466028
addrelu_prior_XYY4LB.pt,56,153,153,0.00465386
addrelu_prior_H3GLXB.pt,3,9,9,0.00462142
addrelu_prior_AQBQ04.pt,7,42,42,0.0046202
addrelu_prior_NNAWTL.pt,112,202,202,0.005035200000000001
addrelu_prior_QG67BY.pt,112,54,54,0.00470538
addrelu_prior_5ZGNTW.pt,14,505,505,0.00459014
addrelu_prior_PY39RS.pt,14,71,71,0.004589459999999999
addrelu_prior_KQ21Z2.pt,28,25,25,0.00462322
addrelu_prior_RWL4DG.pt,56,20,20,0.00464684
addrelu_prior_ZF03AO.pt,7,2066,2066,0.004606
addrelu_prior_GV0AY4.pt,56,501,501,0.0046774600000000005
addrelu_prior_DSNDUJ.pt,56,69,69,0.004689699999999999
addrelu_prior_0CXTVH.pt,14,34,34,0.004633560000000001
addrelu_prior_ZAYPKS.pt,28,986,986,0.004624260000000001
addrelu_prior_Y5D712.pt,14,86,86,0.004642599999999999
addrelu_prior_JQXFY5.pt,14,37,37,0.004632239999999999
addrelu_prior_9PMD91.pt,112,854,854,0.004747759999999999
addrelu_prior_ET3VSD.pt,56,811,811,0.004540139999999998
addrelu_prior_Y8URKK.pt,112,131,131,0.004644899999999999
addrelu_prior_2ROZNO.pt,112,29,29,0.004594040000000001
addrelu_prior_ZWQFU0.pt,112,451,451,0.00455076
addrelu_prior_0O02EC.pt,56,137,137,0.004557999999999998
addrelu_prior_K8VQLX.pt,56,90,90,0.004602419999999999
addrelu_prior_T62NL8.pt,7,33,33,0.00461532
addrelu_prior_CG3DED.pt,1,677,677,0.0047830799999999995
addrelu_prior_3NFUI2.pt,14,1455,1455,0.004642459999999999
addrelu_prior_WIZBIK.pt,14,16,16,0.0046803
addrelu_prior_4OJAKH.pt,112,193,193,0.004687660000000001
addrelu_prior_FL7EZQ.pt,14,16,16,0.004635799999999999
addrelu_prior_16Q2H9.pt,28,1162,1162,0.004689780000000001
addrelu_prior_S2P186.pt,56,40,40,0.0046983
addrelu_prior_9GVDLQ.pt,7,183,183,0.00463738
addrelu_prior_AEGTV5.pt,28,62,62,0.00466898
addrelu_prior_0BE424.pt,28,42,42,0.004622560000000001
addrelu_prior_FQVBGD.pt,14,9,9,0.00468594
addrelu_prior_CYKVEA.pt,112,772,772,0.004639399999999999
addrelu_prior_2BR17A.pt,28,82,82,0.004955300000000002
addrelu_prior_ETD7EO.pt,224,384,384,0.00470958
addrelu_prior_7OOB5X.pt,28,495,495,0.004630939999999999
addrelu_prior_DHAM7K.pt,56,123,123,0.004659599999999999
addrelu_prior_XVMZW8.pt,28,36,36,0.00464976
addrelu_prior_11XFM0.pt,3,337,337,0.0046858
addrelu_prior_UFBP89.pt,28,170,170,0.004612619999999999
addrelu_prior_9EKD3I.pt,112,478,478,0.004647579999999999
addrelu_prior_8RW91E.pt,7,263,263,0.004645699999999999
addrelu_prior_KJ6GSA.pt,56,191,191,0.004633160000000001
addrelu_prior_4TMBJO.pt,14,863,863,0.00465308
addrelu_prior_L53EL6.pt,14,145,145,0.00459746
addrelu_prior_VEJOYI.pt,14,177,177,0.004663000000000001
addrelu_prior_LYPQWC.pt,224,480,480,0.00466132
addrelu_prior_3BXWBC.pt,7,41,41,0.004657379999999999
addrelu_prior_WBQ7QC.pt,14,228,228,0.00463086
addrelu_prior_39K73X.pt,28,135,135,0.004669
addrelu_prior_6ZTO2J.pt,56,1284,1284,0.00462136
addrelu_prior_0RNQ67.pt,14,40,40,0.004640300000000002
addrelu_prior_8BES2D.pt,224,57,57,0.0046234399999999995
addrelu_prior_EXXI8P.pt,7,30,30,0.00457572
addrelu_prior_NOU4W7.pt,3,166,166,0.00469402
addrelu_prior_ZLRNCL.pt,14,941,941,0.004682379999999999
addrelu_prior_4UFGUS.pt,56,184,184,0.004674619999999999
addrelu_prior_FLGIX2.pt,28,1260,1260,0.004619980000000003
addrelu_prior_CY1A8C.pt,14,580,580,0.00460708
addrelu_prior_DAL1RO.pt,56,103,103,0.00456708
addrelu_prior_CRFFVA.pt,56,131,131,0.004566340000000001
addrelu_prior_DCLPXT.pt,56,516,516,0.004642620000000001
addrelu_prior_1A2DPY.pt,7,345,345,0.00463936
addrelu_prior_XVIZ67.pt,112,511,511,0.004597239999999999
addrelu_prior_1PAFR1.pt,14,402,402,0.00459012
addrelu_prior_G28W45.pt,14,560,560,0.0046023800000000005
addrelu_prior_SJU2MX.pt,1,245,245,0.004598700000000001
addrelu_prior_3LZR1M.pt,7,31,31,0.00459794
addrelu_prior_ZU3471.pt,112,844,844,0.00468052
addrelu_prior_W5HRR5.pt,112,75,75,0.004700879999999999
addrelu_prior_4U7ZD2.pt,14,236,236,0.00466994
addrelu_prior_UTLD24.pt,112,207,207,0.004581720000000002
addrelu_prior_KOEUKR.pt,28,493,493,0.004577759999999999
addrelu_prior_CM2GKS.pt,14,179,179,0.00461816
addrelu_prior_I2O6B4.pt,56,50,50,0.004684360000000001
addrelu_prior_VNNLGF.pt,56,265,265,0.0046672
addrelu_prior_YJMD8H.pt,56,215,215,0.004647059999999999
addrelu_prior_QJTVAJ.pt,56,50,50,0.004678079999999999
addrelu_prior_BC16KM.pt,28,204,204,0.004695020000000001
addrelu_prior_ILE6Z2.pt,14,129,129,0.00458914
addrelu_prior_CQDKE2.pt,28,106,106,0.004615480000000001
addrelu_prior_S3U88C.pt,28,149,149,0.004665520000000001
addrelu_prior_VTFH9M.pt,14,65,65,0.004644639999999999
addrelu_prior_KQ9253.pt,28,13,13,0.004594880000000001
addrelu_prior_C1SP28.pt,14,195,195,0.004695219999999999
addrelu_prior_95E1AP.pt,14,33,33,0.004607439999999999
addrelu_prior_D4WHXW.pt,28,6,6,0.004682720000000002
addrelu_prior_EBSLZ8.pt,14,225,225,0.004640719999999999
addrelu_prior_993CL8.pt,14,307,307,0.0046320799999999985
addrelu_prior_4IACD6.pt,28,268,268,0.004658799999999999
addrelu_prior_HPLWRU.pt,56,240,240,0.00469104
addrelu_prior_LKKPTT.pt,28,447,447,0.00461488
addrelu_prior_A3M9EQ.pt,112,126,126,0.00464878
addrelu_prior_JLHE3A.pt,224,20,20,0.00482296
addrelu_prior_NOKRH1.pt,14,507,507,0.004625880000000001
addrelu_prior_02CVSB.pt,7,148,148,0.00465462
addrelu_prior_QMT6P7.pt,28,266,266,0.00465084
addrelu_prior_TOMSV1.pt,14,2013,2013,0.0045803200000000014
addrelu_prior_B2GLV7.pt,14,499,499,0.004627580000000001
addrelu_prior_0R5XSZ.pt,14,575,575,0.0046322
addrelu_prior_FFF7TA.pt,56,76,76,0.004699259999999999
addrelu_prior_QD9FSF.pt,14,91,91,0.0046700199999999996
addrelu_prior_T72NOB.pt,7,180,180,0.004638120000000001
addrelu_prior_8PBWRD.pt,3,14,14,0.004580400000000001
addrelu_prior_AL21AA.pt,14,547,547,0.004621200000000001
addrelu_prior_KSY8M8.pt,7,784,784,0.004696540000000001
addrelu_prior_JJEV5E.pt,14,72,72,0.004593020000000001
addrelu_prior_T43UAH.pt,28,540,540,0.0046008
addrelu_prior_IYN4S3.pt,14,13,13,0.0046624
addrelu_prior_OKH9G0.pt,1,1013,1013,0.00458664
addrelu_prior_QC9RE5.pt,56,275,275,0.004618120000000001
addrelu_prior_4OFWVJ.pt,14,330,330,0.0046739
addrelu_prior_P2WH4L.pt,28,71,71,0.004713680000000001
addrelu_prior_16G5I5.pt,14,182,182,0.0046426800000000015
addrelu_prior_Q7VPWW.pt,28,163,163,0.00461422
addrelu_prior_48QJU1.pt,14,180,180,0.004520200000000001
addrelu_prior_VVQ2T9.pt,7,167,167,0.004661440000000001
addrelu_prior_Z8B948.pt,14,939,939,0.00471874
addrelu_prior_J2OAWI.pt,14,844,844,0.0046488
addrelu_prior_9E2YJF.pt,112,115,115,0.004644940000000001
addrelu_prior_N3T8WR.pt,56,700,700,0.004638140000000001
addrelu_prior_YSSZTS.pt,28,149,149,0.004624039999999999
addrelu_prior_28WJ49.pt,7,1765,1765,0.0045937999999999994
addrelu_prior_GOBUG4.pt,14,122,122,0.004623059999999999
addrelu_prior_LN2UFU.pt,14,140,140,0.0046132399999999985
addrelu_prior_RKWPFD.pt,14,20,20,0.00459988
addrelu_prior_3WUTWH.pt,56,251,251,0.00469958
addrelu_prior_7VR3EW.pt,56,194,194,0.004703400000000001
addrelu_prior_RKUBAH.pt,7,1754,1754,0.00461228
addrelu_prior_4PU3EY.pt,14,32,32,0.00466878
addrelu_prior_0T28X4.pt,112,503,503,0.004544359999999999
addrelu_prior_VKA8RZ.pt,56,1011,1011,0.004617939999999999
addrelu_prior_RKHS0M.pt,112,986,986,0.00464912
addrelu_prior_9BT382.pt,14,529,529,0.004705619999999999
addrelu_prior_4HKE09.pt,14,487,487,0.0046092400000000006
addrelu_prior_50LKBE.pt,7,129,129,0.00462532
addrelu_prior_R5NYOS.pt,14,1027,1027,0.004778940000000001
addrelu_prior_SSR0AV.pt,7,490,490,0.004737700000000001
addrelu_prior_U5S4TM.pt,7,8,8,0.004726200000000001
addrelu_prior_WD6CIK.pt,28,113,113,0.004705419999999999
addrelu_prior_NVOQ67.pt,14,160,160,0.004749800000000001
addrelu_prior_XIQDFT.pt,14,524,524,0.004697939999999999
addrelu_prior_AOQQRB.pt,7,226,226,0.004662440000000001
addrelu_prior_JXMNU5.pt,14,34,34,0.00472894
addrelu_prior_O3EC81.pt,14,218,218,0.0046402
addrelu_prior_UWMKOV.pt,28,181,181,0.0046596
addrelu_prior_O859OQ.pt,14,153,153,0.00468996
addrelu_prior_S840RT.pt,56,124,124,0.00457476
addrelu_prior_L9DTL9.pt,7,223,223,0.0046881399999999995
addrelu_prior_HNW9ZF.pt,14,5,5,0.00470326
addrelu_prior_VDKRS7.pt,28,126,126,0.0046054
addrelu_prior_NAJ830.pt,14,104,104,0.0046222
addrelu_prior_LBC9MI.pt,112,16,16,0.004705919999999999
addrelu_prior_SZGEDC.pt,112,13,13,0.0046781600000000015
addrelu_prior_EUFOR9.pt,14,1003,1003,0.004730380000000001
addrelu_prior_9F9DWM.pt,56,241,241,0.0046844600000000005
addrelu_prior_5DVTYZ.pt,14,131,131,0.0046383200000000005
addrelu_prior_9A9DVI.pt,28,457,457,0.0045827
addrelu_prior_O07RHY.pt,28,201,201,0.00474532
addrelu_prior_85AA1E.pt,14,975,975,0.004701999999999999
addrelu_prior_7K6PWW.pt,28,92,92,0.00461486
addrelu_prior_ABDSAR.pt,28,230,230,0.00467538
addrelu_prior_093LNK.pt,14,1277,1277,0.00471536
addrelu_prior_O6DNDN.pt,14,77,77,0.004772259999999999
addrelu_prior_4UM0NI.pt,28,229,229,0.00467118
addrelu_prior_ULCZU1.pt,7,535,535,0.004698580000000001
addrelu_prior_6KX4BB.pt,112,1253,1253,0.0045863599999999985
addrelu_prior_XLLXCU.pt,14,503,503,0.004672400000000001
addrelu_prior_TQNKPP.pt,7,143,143,0.00462478
addrelu_prior_29GZ1L.pt,224,173,173,0.004658500000000001
addrelu_prior_SJYMCK.pt,3,1967,1967,0.004679339999999999
addrelu_prior_CG0UMO.pt,28,116,116,0.004729539999999999
addrelu_prior_NOE1FC.pt,14,1066,1066,0.004645259999999999
addrelu_prior_N7MXQH.pt,7,590,590,0.004654239999999999
addrelu_prior_SHMAB4.pt,56,128,128,0.00459648
addrelu_prior_HLFW1B.pt,14,508,508,0.00458806
addrelu_prior_GU9DAY.pt,112,453,453,0.004575200000000001
addrelu_prior_BKKI2O.pt,3,2045,2045,0.0046268
addrelu_prior_RTW1O8.pt,28,386,386,0.0045857599999999995
addrelu_prior_H4XHR2.pt,224,674,674,0.00466574
addrelu_prior_2IURPO.pt,112,758,758,0.0046459
addrelu_prior_E5UY34.pt,112,289,289,0.0047171999999999995
addrelu_prior_87XPXP.pt,14,466,466,0.004656440000000001
addrelu_prior_6UP2X2.pt,7,103,103,0.00471622
addrelu_prior_1C3D24.pt,3,34,34,0.00469466
addrelu_prior_7855KA.pt,7,26,26,0.00465166
addrelu_prior_8V5EW5.pt,3,778,778,0.004637260000000001
addrelu_prior_BKGGU3.pt,56,1005,1005,0.004591919999999999
addrelu_prior_KNFK5U.pt,28,216,216,0.00465002
addrelu_prior_NZUBHM.pt,28,507,507,0.0045963
addrelu_prior_SQCKMF.pt,14,166,166,0.004661520000000001
addrelu_prior_F4PJBQ.pt,112,197,197,0.00464728
addrelu_prior_6NH59V.pt,14,536,536,0.00461986
addrelu_prior_XHBJ81.pt,28,507,507,0.004591760000000001
addrelu_prior_K73AVI.pt,56,133,133,0.004566299999999998
addrelu_prior_A5OE15.pt,7,542,542,0.004742060000000001
addrelu_prior_VQ8J99.pt,28,504,504,0.00458124
addrelu_prior_RCG4P5.pt,14,1266,1266,0.00470364
addrelu_prior_DVFMGU.pt,28,158,158,0.00466976
addrelu_prior_J6BA5F.pt,28,55,55,0.00458846
addrelu_prior_LQAIAM.pt,14,152,152,0.00461076
addrelu_prior_8YANFJ.pt,224,48,48,0.004658359999999999
addrelu_prior_AKTMMN.pt,7,1026,1026,0.0046688
addrelu_prior_O8XQ13.pt,7,549,549,0.004589580000000001
addrelu_prior_G75TNY.pt,7,163,163,0.0046446199999999995
addrelu_prior_0GPIHY.pt,7,8,8,0.00470386
addrelu_prior_8RCITS.pt,56,511,511,0.004646059999999999
addrelu_prior_4DGN8T.pt,28,172,172,0.004691000000000001
addrelu_prior_QE11K2.pt,7,218,218,0.0046478199999999996
addrelu_prior_EVRS9N.pt,56,99,99,0.00459574
addrelu_prior_T51S3O.pt,14,1011,1011,0.00464364
addrelu_prior_5TWW2I.pt,7,66,66,0.004579079999999999
addrelu_prior_CBZLML.pt,14,171,171,0.004572159999999999
addrelu_prior_Q0R52L.pt,112,223,223,0.004651159999999999
addrelu_prior_LAGUC8.pt,14,476,476,0.00468668
addrelu_prior_8349WF.pt,14,93,93,0.00458154
addrelu_prior_WOQ8W0.pt,14,402,402,0.00461192
addrelu_prior_DZ54MF.pt,14,206,206,0.004837339999999998
addrelu_prior_0G8KD7.pt,14,165,165,0.00477512
addrelu_prior_9RYZLT.pt,224,206,206,0.004525039999999999
addrelu_prior_GV5DFW.pt,28,589,589,0.00457876
addrelu_prior_PFH4HX.pt,7,540,540,0.004627219999999999
addrelu_prior_AEIY45.pt,56,250,250,0.0046276600000000005
addrelu_prior_QYKCB4.pt,224,1691,1691,0.004614380000000001
addrelu_prior_APLGIP.pt,28,62,62,0.004651239999999998
addrelu_prior_D925TL.pt,14,51,51,0.004673919999999999
addrelu_prior_P1ST3K.pt,14,249,249,0.004581659999999999
addrelu_prior_RZ4PPJ.pt,112,80,80,0.004657300000000002
addrelu_prior_M1T3OG.pt,112,83,83,0.004618999999999999
addrelu_prior_ZEAMWG.pt,112,21,21,0.004547819999999999
addrelu_prior_O80S5O.pt,28,93,93,0.00464014
addrelu_prior_PZIO4F.pt,14,47,47,0.0045971599999999994
addrelu_prior_D6A6RF.pt,14,61,61,0.00469502
addrelu_prior_TI3NH0.pt,112,79,79,0.004628100000000001
addrelu_prior_RORTIW.pt,14,12,12,0.0046497
addrelu_prior_RXU6CT.pt,7,192,192,0.0046400600000000005
addrelu_prior_F93DZ5.pt,7,133,133,0.004624699999999999
addrelu_prior_URNAY7.pt,7,50,50,0.004646539999999999
addrelu_prior_NTOYZW.pt,28,687,687,0.004761179999999999
addrelu_prior_W0WPX5.pt,28,145,145,0.004611539999999998
addrelu_prior_L1M6LF.pt,14,456,456,0.0045517599999999984
addrelu_prior_OHQYT4.pt,14,153,153,0.004694440000000001
addrelu_prior_FM1NOZ.pt,14,38,38,0.004631159999999999
addrelu_prior_REKJUG.pt,56,49,49,0.0046184
addrelu_prior_QYG27U.pt,28,238,238,0.004762260000000001
addrelu_prior_W2GQNF.pt,14,994,994,0.0046881
addrelu_prior_M0L2EM.pt,1,1244,1244,0.004619799999999999
addrelu_prior_QCQ59B.pt,7,212,212,0.00473314
addrelu_prior_SLNZVK.pt,56,243,243,0.004671019999999999
addrelu_prior_78RHAL.pt,56,47,47,0.00465498
addrelu_prior_5ICY8R.pt,28,130,130,0.0046486600000000015
addrelu_prior_CZUZ57.pt,28,197,197,0.004612779999999999
addrelu_prior_C5IH3N.pt,14,976,976,0.004761380000000001
addrelu_prior_KNCS6N.pt,112,95,95,0.004634200000000001
addrelu_prior_HXK34N.pt,14,138,138,0.00467228
addrelu_prior_IA7XGU.pt,14,226,226,0.004686900000000001
addrelu_prior_4FTZ7X.pt,14,1338,1338,0.0045955200000000005
addrelu_prior_733534.pt,14,372,372,0.004699279999999999
addrelu_prior_VYD8KV.pt,28,531,531,0.0046657
addrelu_prior_ZWP9TZ.pt,56,139,139,0.004576180000000001
addrelu_prior_F704TF.pt,28,50,50,0.00464748
addrelu_prior_Q3W006.pt,56,158,158,0.004625120000000002
addrelu_prior_F30NVU.pt,28,515,515,0.0046053599999999984
addrelu_prior_AI7ZWQ.pt,28,910,910,0.004701020000000001
addrelu_prior_5J1X7Y.pt,3,493,493,0.004567100000000001
addrelu_prior_YMO6JJ.pt,56,120,120,0.004612780000000001
addrelu_prior_TMSAP7.pt,112,176,176,0.00465516
addrelu_prior_QCNJ47.pt,14,170,170,0.00455708
addrelu_prior_0SRXJI.pt,14,530,530,0.00458954
addrelu_prior_SWABON.pt,28,38,38,0.00463292
addrelu_prior_8SXPCS.pt,14,10,10,0.004625959999999999
addrelu_prior_GG8D6A.pt,14,150,150,0.004716919999999999
addrelu_prior_EZ616V.pt,56,51,51,0.00468098
addrelu_prior_Z2301T.pt,14,9,9,0.0046188600000000015
addrelu_prior_T1G91M.pt,14,215,215,0.0045894199999999994
addrelu_prior_S2UZYY.pt,56,142,142,0.00453378
addrelu_prior_RDXZHR.pt,7,119,119,0.00459922
addrelu_prior_NBC9ZW.pt,7,41,41,0.004632859999999999
addrelu_prior_XBVV5I.pt,7,996,996,0.004634880000000001
addrelu_prior_D7GFWN.pt,28,1156,1156,0.004711419999999998
addrelu_prior_N17V0H.pt,1,143,143,0.004679400000000001
addrelu_prior_PVUVXH.pt,56,1247,1247,0.0049796400000000005
addrelu_prior_1U7YR1.pt,28,59,59,0.004659380000000001
addrelu_prior_QJLTYJ.pt,14,118,118,0.00459298
addrelu_prior_RN1P8C.pt,14,813,813,0.004668639999999999
addrelu_prior_HMRN6X.pt,28,516,516,0.004582039999999999
addrelu_prior_BLOE7Q.pt,14,161,161,0.004673620000000001
addrelu_prior_7KT56R.pt,112,21,21,0.004604760000000001
addrelu_prior_6RVFCK.pt,14,991,991,0.0047975399999999994
addrelu_prior_8INVVN.pt,7,186,186,0.004773620000000001
addrelu_prior_Y506U5.pt,28,161,161,0.004654159999999999
addrelu_prior_MTIO9N.pt,56,233,233,0.0047788200000000005
addrelu_prior_ZEK6NG.pt,112,163,163,0.004664980000000001
addrelu_prior_NR8KHP.pt,7,2037,2037,0.0045762
addrelu_prior_89U54S.pt,28,559,559,0.00453926
addrelu_prior_ZP0722.pt,28,669,669,0.004724479999999998
addrelu_prior_I3NJLV.pt,112,181,181,0.004650959999999999
addrelu_prior_H7FW6N.pt,1,40,40,0.004606959999999999
addrelu_prior_98T8MF.pt,28,195,195,0.004632780000000001
addrelu_prior_WKELRI.pt,56,546,546,0.004629640000000001
addrelu_prior_V0DO2X.pt,112,471,471,0.004670080000000001
addrelu_prior_AMOIOH.pt,28,497,497,0.004580879999999999
addrelu_prior_AS2YWA.pt,7,176,176,0.00462636
addrelu_prior_SDBQOU.pt,112,136,136,0.0047290000000000006
addrelu_prior_14LOK2.pt,14,196,196,0.004631
addrelu_prior_2YU5HO.pt,7,90,90,0.004611639999999999
addrelu_prior_3HYE3Z.pt,7,151,151,0.0046182
addrelu_prior_VLBQBR.pt,112,94,94,0.0046764
addrelu_prior_5T0M96.pt,28,682,682,0.00471944
addrelu_prior_Q4P6SD.pt,3,104,104,0.004685440000000001
addrelu_prior_XY2FZ7.pt,14,853,853,0.0046722199999999995
addrelu_prior_2UCSQ7.pt,56,8,8,0.00462594
addrelu_prior_YT3TRX.pt,56,497,497,0.00465448
addrelu_prior_IPPL2N.pt,7,132,132,0.0046191800000000005
addrelu_prior_SXZHKU.pt,3,294,294,0.00459608
addrelu_prior_9ECRQB.pt,28,928,928,0.004700759999999999
addrelu_prior_8HMF9H.pt,28,69,69,0.0046117
addrelu_prior_V68O0J.pt,28,215,215,0.0046447400000000005
addrelu_prior_0Q5GWL.pt,14,187,187,0.00465436
addrelu_prior_W9615V.pt,7,182,182,0.00458906
addrelu_prior_2KWQ04.pt,14,84,84,0.00460298
addrelu_prior_13IIE2.pt,56,542,542,0.0046485799999999985
addrelu_prior_G86AJR.pt,56,526,526,0.004647180000000001
addrelu_prior_U03A6W.pt,14,38,38,0.004676
addrelu_prior_1PXACL.pt,1,129,129,0.00460376
addrelu_prior_M81KON.pt,56,16,16,0.004777359999999999
addrelu_prior_J87ZL3.pt,1,539,539,0.004761860000000001
addrelu_prior_HO98HN.pt,28,255,255,0.0046976000000000006
addrelu_prior_0YQ9LJ.pt,14,122,122,0.00458058
addrelu_prior_H5ZI0Q.pt,7,1008,1008,0.004718900000000001
addrelu_prior_YBLN0R.pt,28,433,433,0.00457518
addrelu_prior_OJ5SPG.pt,14,174,174,0.00462174
addrelu_prior_LEOLDZ.pt,112,263,263,0.00473152
addrelu_prior_1FEO4C.pt,14,97,97,0.00463904
addrelu_prior_YT3BBF.pt,7,152,152,0.00461882
addrelu_prior_9ZW9NZ.pt,7,44,44,0.004691300000000001
addrelu_prior_O1RIDQ.pt,3,129,129,0.00464872
addrelu_prior_ESHWBY.pt,112,103,103,0.0045899
addrelu_prior_G5CLBM.pt,28,19,19,0.00467448
addrelu_prior_Q05VMF.pt,14,36,36,0.004565600000000001
addrelu_prior_7I6J3G.pt,56,11,11,0.00465074
addrelu_prior_JKAXHF.pt,56,98,98,0.004594939999999998
addrelu_prior_B66O73.pt,28,121,121,0.00459518
addrelu_prior_RV0O5O.pt,56,236,236,0.004598479999999999
addrelu_prior_ITAFJB.pt,28,20,20,0.004606419999999999
addrelu_prior_AY9SKF.pt,28,436,436,0.004677879999999998
addrelu_prior_4O6B1K.pt,112,147,147,0.004643459999999999
addrelu_prior_RHNPTX.pt,28,55,55,0.00460476
addrelu_prior_DWUDH5.pt,7,2019,2019,0.00462284
addrelu_prior_QXZY44.pt,7,151,151,0.00461264
addrelu_prior_ZD6XD1.pt,14,214,214,0.00460256
addrelu_prior_YJQVSF.pt,28,2104,2104,0.004620000000000001
addrelu_prior_MR9D44.pt,56,54,54,0.00464466
addrelu_prior_7WIIXU.pt,56,222,222,0.004659840000000001
addrelu_prior_6HBIUJ.pt,7,270,270,0.004624380000000001
addrelu_prior_IMOUFP.pt,14,491,491,0.005152059999999999
addrelu_prior_PZET0Q.pt,7,506,506,0.0047402799999999995
addrelu_prior_LBVK8X.pt,7,36,36,0.004649200000000001
addrelu_prior_HXV318.pt,14,523,523,0.004640099999999999
addrelu_prior_2YXPBE.pt,56,253,253,0.0046424199999999995
addrelu_prior_NXXH53.pt,14,207,207,0.004618979999999998
addrelu_prior_FXAWX4.pt,56,1243,1243,0.00484646
addrelu_prior_OAHEWS.pt,112,96,96,0.00487614
addrelu_prior_LKR91P.pt,14,196,196,0.004725900000000002
addrelu_prior_K9H1PT.pt,7,492,492,0.00456546
addrelu_prior_9D0ND2.pt,56,216,216,0.0046872599999999995
addrelu_prior_704N4K.pt,14,188,188,0.00461676
addrelu_prior_JIYMV6.pt,28,218,218,0.004691420000000002
addrelu_prior_D5V0KG.pt,14,1735,1735,0.004661719999999999
addrelu_prior_NS4ETA.pt,56,161,161,0.00481264
addrelu_prior_R45IWA.pt,14,496,496,0.00469288
addrelu_prior_9YV8PY.pt,28,228,228,0.0047568
addrelu_prior_CMMZ80.pt,112,149,149,0.00465552
addrelu_prior_4ZPIYR.pt,56,145,145,0.0045971599999999994
addrelu_prior_6O23HF.pt,14,142,142,0.004625220000000001
addrelu_prior_TK5UY0.pt,7,114,114,0.00462088
addrelu_prior_JCW1CU.pt,112,214,214,0.0046383000000000014
addrelu_prior_R7C97I.pt,112,2048,2048,0.004715499999999998
addrelu_prior_NGRK3C.pt,28,187,187,0.004640320000000001
addrelu_prior_QDIXIA.pt,28,490,490,0.004596459999999999
addrelu_prior_C8BEEI.pt,14,67,67,0.005222199999999999
addrelu_prior_W2FIFI.pt,56,26,26,0.0046478000000000005
addrelu_prior_1XEANR.pt,14,140,140,0.00464106
addrelu_prior_2XMKM3.pt,112,540,540,0.004699139999999999
addrelu_prior_BUS57V.pt,7,159,159,0.004617159999999999
addrelu_prior_X00DSY.pt,28,454,454,0.0045945399999999985
addrelu_prior_CF131S.pt,56,1501,1501,0.00463606
addrelu_prior_R5R4P1.pt,7,68,68,0.00464664
addrelu_prior_T45LBB.pt,28,48,48,0.0047541
addrelu_prior_5L7M5C.pt,7,68,68,0.0047601599999999985
addrelu_prior_EH14HZ.pt,56,271,271,0.004727059999999999
addrelu_prior_XCLNVR.pt,7,99,99,0.004708799999999999
addrelu_prior_52WZIA.pt,28,113,113,0.004706640000000001
addrelu_prior_U13TYC.pt,28,824,824,0.004743639999999999
addrelu_prior_L2WPCR.pt,112,53,53,0.004793119999999999
addrelu_prior_KJOASW.pt,14,116,116,0.004815120000000001
addrelu_prior_ZO9BU0.pt,28,101,101,0.00473872
addrelu_prior_5BFEA8.pt,14,205,205,0.004840479999999999
addrelu_prior_YSSROE.pt,14,135,135,0.00468596
addrelu_prior_B08GM0.pt,56,227,227,0.0047024400000000004
addrelu_prior_5FDDVA.pt,28,16,16,0.004610840000000001
addrelu_prior_PE1STU.pt,14,15,15,0.004641740000000001
addrelu_prior_BR9QT3.pt,56,124,124,0.004702779999999999
addrelu_prior_79UG10.pt,28,847,847,0.004696419999999998
addrelu_prior_2R304O.pt,56,536,536,0.00465234
addrelu_prior_SSU91M.pt,56,383,383,0.004589780000000001
addrelu_prior_HU950F.pt,56,8,8,0.00464028
addrelu_prior_K5TNSL.pt,14,59,59,0.0045927
addrelu_prior_UD3MQI.pt,56,123,123,0.00470178
addrelu_prior_CS8YK2.pt,7,130,130,0.00467254
addrelu_prior_RPN6VN.pt,1,11,11,0.00455268
addrelu_prior_121I6Q.pt,7,245,245,0.004644980000000001
addrelu_prior_LTAI7D.pt,56,158,158,0.004683800000000001
addrelu_prior_ZZ9QRN.pt,112,82,82,0.0046329399999999995
addrelu_prior_S05NXG.pt,112,400,400,0.004728039999999999
addrelu_prior_DNN2JE.pt,28,259,259,0.0046381600000000005
addrelu_prior_ZRB13V.pt,14,22,22,0.00458644
addrelu_prior_14RQ0K.pt,28,502,502,0.00459608
addrelu_prior_ESC42Z.pt,7,522,522,0.00467586
addrelu_prior_CFAHLT.pt,28,761,761,0.00468298
addrelu_prior_4IT8C8.pt,28,98,98,0.00458578
addrelu_prior_LTXZV2.pt,14,118,118,0.0046265
addrelu_prior_ZTHIST.pt,56,102,102,0.00458136
addrelu_prior_K0NX8T.pt,7,180,180,0.004598460000000002
addrelu_prior_2XGNDX.pt,112,79,79,0.0047154399999999996
addrelu_prior_S9J606.pt,112,38,38,0.004548920000000001
addrelu_prior_AGPPW6.pt,28,76,76,0.004607779999999999
addrelu_prior_8J0YUC.pt,14,173,173,0.0045663
addrelu_prior_TOYJ0R.pt,14,130,130,0.00460752
addrelu_prior_VZ5ZAZ.pt,14,249,249,0.004603759999999999
addrelu_prior_M8KDES.pt,56,169,169,0.0046374599999999995
addrelu_prior_J9CUMR.pt,7,523,523,0.004567239999999999
addrelu_prior_V8YPYA.pt,28,20,20,0.004628599999999998
addrelu_prior_FVWQGN.pt,56,499,499,0.00462892
addrelu_prior_Y4Z0RB.pt,14,161,161,0.00476322
addrelu_prior_DNNNCM.pt,56,1679,1679,0.004650840000000002
addrelu_prior_HARXH3.pt,28,614,614,0.004625460000000001
addrelu_prior_2EJT7W.pt,112,407,407,0.004644760000000001
addrelu_prior_2IP03E.pt,7,62,62,0.004572100000000001
addrelu_prior_VDZ9EF.pt,7,147,147,0.00463812
addrelu_prior_T7GLVC.pt,56,139,139,0.004752740000000001
addrelu_prior_QO3WGS.pt,14,266,266,0.004910319999999999
addrelu_prior_MAU5NA.pt,56,192,192,0.004910079999999998
addrelu_prior_PSLQPU.pt,14,188,188,0.00478644
addrelu_prior_V4BQII.pt,7,165,165,0.004635140000000001
addrelu_prior_I08R98.pt,112,27,27,0.0046639
addrelu_prior_65YIFB.pt,28,45,45,0.0046161399999999995
addrelu_prior_3D18L3.pt,14,33,33,0.0045860599999999994
addrelu_prior_ZCMEC9.pt,28,101,101,0.004632880000000001
addrelu_prior_IWNNQ2.pt,56,360,360,0.00467274
addrelu_prior_FCTSKY.pt,14,324,324,0.004570940000000001
addrelu_prior_BOYAV8.pt,56,236,236,0.0046518
addrelu_prior_983SCO.pt,14,726,726,0.004673599999999999
addrelu_prior_BH95QU.pt,28,59,59,0.004633159999999999
addrelu_prior_SS3OJK.pt,14,196,196,0.0046291200000000005
addrelu_prior_NP2Y2G.pt,14,234,234,0.00466168
addrelu_prior_3FLB8R.pt,28,63,63,0.0046262
addrelu_prior_3KQ1PJ.pt,14,1593,1593,0.0045999199999999995
addrelu_prior_JS8DA6.pt,14,184,184,0.0046606999999999985
addrelu_prior_NCOB4C.pt,14,1025,1025,0.004610880000000001
addrelu_prior_NZXSVC.pt,56,1154,1154,0.005142320000000001
addrelu_prior_SSBWCB.pt,14,497,497,0.004621639999999997
addrelu_prior_L005RH.pt,7,71,71,0.0046790999999999985
addrelu_prior_3F22RO.pt,14,106,106,0.0046295
addrelu_prior_OF7BLF.pt,28,167,167,0.004631919999999999
addrelu_prior_QUVH3V.pt,112,1678,1678,0.00468268
addrelu_prior_DPCBBL.pt,28,1675,1675,0.004602739999999999
addrelu_prior_1VHWXL.pt,56,530,530,0.00461636
addrelu_prior_M6684B.pt,14,524,524,0.00461646
addrelu_prior_E07GEW.pt,28,219,219,0.0048353400000000005
addrelu_prior_NW3FZW.pt,56,82,82,0.0047814599999999995
addrelu_prior_JU8X9X.pt,14,1296,1296,0.00466188
addrelu_prior_10VSME.pt,14,175,175,0.004596579999999999
addrelu_prior_CK68XE.pt,14,1727,1727,0.0045052799999999995
addrelu_prior_Y8ITDG.pt,28,22,22,0.004663160000000001
addrelu_prior_AP9P98.pt,56,222,222,0.00465808
addrelu_prior_I2K5KD.pt,28,123,123,0.00453364
addrelu_prior_QUL8E4.pt,7,104,104,0.004711260000000002
addrelu_prior_D20SG6.pt,14,153,153,0.0046377200000000006
addrelu_prior_DOJJB4.pt,14,196,196,0.0046266400000000004
addrelu_prior_D6MR9Z.pt,56,472,472,0.004586080000000001
addrelu_prior_6H7S0G.pt,28,215,215,0.004636940000000001
addrelu_prior_WE59GY.pt,7,198,198,0.00459576
addrelu_prior_FMKD1G.pt,56,95,95,0.0045724200000000015
addrelu_prior_YQCVTL.pt,28,975,975,0.004648220000000002
addrelu_prior_U3FYEO.pt,56,136,136,0.004610600000000001
addrelu_prior_FJYNZX.pt,56,1073,1073,0.0046172800000000005
addrelu_prior_SLXYWP.pt,112,144,144,0.004691780000000001
addrelu_prior_CY360A.pt,56,190,190,0.004688580000000001
addrelu_prior_L24M8Z.pt,112,540,540,0.0046332000000000005
addrelu_prior_AB4FGE.pt,28,541,541,0.004549280000000001
addrelu_prior_H03KBG.pt,14,169,169,0.004632699999999998
addrelu_prior_AILEE7.pt,1,114,114,0.004590159999999999
addrelu_prior_1ZKDXX.pt,14,35,35,0.0046085200000000005
addrelu_prior_V465OG.pt,7,111,111,0.004570060000000001
addrelu_prior_U79VFO.pt,112,67,67,0.0047098
addrelu_prior_J28IG9.pt,14,526,526,0.00464196
addrelu_prior_TQDJQ9.pt,14,239,239,0.00461136
addrelu_prior_CXUH8H.pt,3,1016,1016,0.004626519999999999
addrelu_prior_26NJS0.pt,112,190,190,0.004643320000000001
addrelu_prior_I2E370.pt,14,497,497,0.00458246
addrelu_prior_NCKLMJ.pt,112,15,15,0.0046596
addrelu_prior_0S871C.pt,28,185,185,0.00463298
addrelu_prior_K30NLK.pt,112,81,81,0.004844360000000001
addrelu_prior_AH97NN.pt,56,132,132,0.004644860000000001
addrelu_prior_HYWDZQ.pt,56,138,138,0.004838239999999999
addrelu_prior_V30WC1.pt,56,14,14,0.00456228
addrelu_prior_EPM6HF.pt,28,249,249,0.00462738
addrelu_prior_L1ZFXI.pt,28,46,46,0.004597219999999998
addrelu_prior_VDY115.pt,28,163,163,0.004672079999999998
addrelu_prior_C7UKGO.pt,112,32,32,0.004591780000000002
addrelu_prior_XLA1PW.pt,7,390,390,0.0046814399999999985
addrelu_prior_DILYLP.pt,28,530,530,0.004564599999999999
addrelu_prior_293I37.pt,14,264,264,0.004622939999999999
addrelu_prior_MGW8YM.pt,112,85,85,0.004660800000000001
addrelu_prior_ODK20H.pt,14,226,226,0.00466602
addrelu_prior_A2RQIY.pt,28,515,515,0.004587619999999999
addrelu_prior_03FY24.pt,56,3,3,0.00461306
addrelu_prior_AEOM5H.pt,28,431,431,0.0045686
addrelu_prior_OWCXR2.pt,28,199,199,0.00465158
addrelu_prior_0OWANH.pt,14,46,46,0.004602180000000001
addrelu_prior_2BJG5W.pt,28,119,119,0.00460798
addrelu_prior_YNFS9V.pt,112,267,267,0.004650299999999999
addrelu_prior_DTLWT5.pt,112,161,161,0.004627199999999999
addrelu_prior_YYNZJJ.pt,14,42,42,0.0046155200000000006
addrelu_prior_9V3IZ7.pt,56,524,524,0.00470958
addrelu_prior_8G33DM.pt,14,921,921,0.004664579999999999
addrelu_prior_PBOIEV.pt,14,175,175,0.004645999999999998
addrelu_prior_WSR85Y.pt,56,3,3,0.004611559999999998
addrelu_prior_7X90DK.pt,112,193,193,0.004649339999999999
addrelu_prior_WKEC5W.pt,14,176,176,0.0046317
addrelu_prior_SNAMDK.pt,14,516,516,0.004542240000000001
addrelu_prior_3FKO2S.pt,56,465,465,0.004684659999999999
addrelu_prior_Z79VF0.pt,7,502,502,0.00458892
addrelu_prior_41TIGK.pt,14,481,481,0.004651219999999999
addrelu_prior_1VRW6R.pt,56,202,202,0.004648740000000001
addrelu_prior_PHBYMI.pt,28,703,703,0.0047646599999999996
addrelu_prior_PNGUOQ.pt,28,973,973,0.004659839999999999
addrelu_prior_3FXD1T.pt,14,172,172,0.004581760000000001
addrelu_prior_R6G3XW.pt,14,996,996,0.00468162
addrelu_prior_YS3B8Y.pt,7,179,179,0.004636140000000001
addrelu_prior_6FX66K.pt,56,77,77,0.0046353
addrelu_prior_TOFVN8.pt,112,25,25,0.0045763
addrelu_prior_E1MC49.pt,28,146,146,0.00459564
addrelu_prior_ZKIOH5.pt,56,165,165,0.0046783400000000004
addrelu_prior_73EJPL.pt,14,654,654,0.00462386
addrelu_prior_77GIJX.pt,56,515,515,0.00467188
addrelu_prior_LF5SSI.pt,7,931,931,0.004597759999999999
addrelu_prior_61HZ8B.pt,14,56,56,0.004600659999999999
addrelu_prior_QFIWD5.pt,56,98,98,0.00456176
addrelu_prior_F45RGF.pt,56,1027,1027,0.0046029200000000025
addrelu_prior_R4L8AK.pt,28,973,973,0.0046464199999999975
addrelu_prior_6O4MZQ.pt,14,568,568,0.0045723
addrelu_prior_41ZKZY.pt,14,1981,1981,0.004481120000000002
addrelu_prior_A8BJLG.pt,14,217,217,0.00459698
addrelu_prior_8VI52A.pt,28,205,205,0.004661200000000002
addrelu_prior_GLW8RG.pt,56,2050,2050,0.004602120000000001
addrelu_prior_311DCT.pt,7,120,120,0.0046176
addrelu_prior_X3F6TW.pt,7,986,986,0.00458026
addrelu_prior_FNHENP.pt,56,531,531,0.004609440000000001
addrelu_prior_TG39IM.pt,56,147,147,0.00454584
addrelu_prior_CEOHVW.pt,56,176,176,0.0046732399999999995
addrelu_prior_OCR4N1.pt,7,177,177,0.00459206
addrelu_prior_F0A8D9.pt,112,193,193,0.0046804
addrelu_prior_EXJYM4.pt,14,507,507,0.004578779999999999
addrelu_prior_CJT9T6.pt,7,116,116,0.00460552
addrelu_prior_KGQIV3.pt,14,131,131,0.004586859999999999
addrelu_prior_E11JDJ.pt,28,157,157,0.004600719999999999
addrelu_prior_2MC34E.pt,14,40,40,0.004623759999999999
addrelu_prior_NTE7GS.pt,14,267,267,0.004688260000000001
addrelu_prior_R17IFB.pt,7,186,186,0.0052666
addrelu_prior_7M53T6.pt,7,155,155,0.00455664
addrelu_prior_14WLOL.pt,28,138,138,0.00459572
addrelu_prior_PB9U1Q.pt,7,209,209,0.004634620000000002
addrelu_prior_NKTB71.pt,14,30,30,0.004590020000000001
addrelu_prior_PXB1O9.pt,7,188,188,0.004631359999999998
addrelu_prior_OB5XCJ.pt,7,503,503,0.004607700000000001
addrelu_prior_ILULA1.pt,224,129,129,0.004906820000000002
addrelu_prior_NYYC3E.pt,7,504,504,0.004652439999999999
addrelu_prior_2FVF6T.pt,112,1172,1172,0.00471362
addrelu_prior_3E5BAM.pt,7,1005,1005,0.00453392
addrelu_prior_U8UA3L.pt,14,164,164,0.0046092
addrelu_prior_28M4OC.pt,7,740,740,0.00475122
addrelu_prior_ZR9UAT.pt,7,80,80,0.0046215200000000005
addrelu_prior_YN14HJ.pt,7,816,816,0.004588899999999999
addrelu_prior_67EVSU.pt,28,109,109,0.004597660000000001
addrelu_prior_2WLS5D.pt,56,20,20,0.00459518
addrelu_prior_FNJJCW.pt,14,243,243,0.004581559999999999
addrelu_prior_GED09I.pt,56,95,95,0.0046198
addrelu_prior_1UJ6KO.pt,112,114,114,0.004672440000000001
addrelu_prior_6GW8K8.pt,14,1685,1685,0.00450958
addrelu_prior_5CQXDI.pt,56,268,268,0.0047764600000000015
addrelu_prior_KWMM7Y.pt,14,113,113,0.00458464
addrelu_prior_AW4K0Z.pt,7,251,251,0.0045610200000000016
addrelu_prior_7T0JAN.pt,14,113,113,0.004600559999999999
addrelu_prior_IJSOXN.pt,112,228,228,0.004638920000000002
addrelu_prior_YLVO76.pt,56,20,20,0.004596860000000001
addrelu_prior_RZEK5S.pt,14,24,24,0.00457886
addrelu_prior_CHFRV7.pt,28,219,219,0.00470946
addrelu_prior_P46H8B.pt,28,261,261,0.00465554
addrelu_prior_ZQ1WC5.pt,28,109,109,0.004551320000000001
addrelu_prior_ALXB2P.pt,14,122,122,0.004662639999999999
addrelu_prior_XE6FCZ.pt,56,641,641,0.0046040000000000005
addrelu_prior_I25OZX.pt,7,1703,1703,0.004613399999999999
addrelu_prior_BET2XV.pt,28,61,61,0.00454734
addrelu_prior_I8M8EZ.pt,14,1033,1033,0.004662540000000001
addrelu_prior_G2SMHZ.pt,56,234,234,0.00466896
addrelu_prior_SEMDIP.pt,14,529,529,0.00462558
addrelu_prior_92R4LM.pt,14,1326,1326,0.004738599999999999
addrelu_prior_E02SLO.pt,7,196,196,0.004610100000000001
addrelu_prior_2T1DHA.pt,56,108,108,0.004616779999999999
addrelu_prior_D057TN.pt,7,72,72,0.00457842
addrelu_prior_AHJ36X.pt,14,212,212,0.00461192
addrelu_prior_6VGRIM.pt,7,99,99,0.004782839999999999
addrelu_prior_CW8ZEM.pt,7,124,124,0.00480146
addrelu_prior_R6LYRP.pt,14,51,51,0.004569459999999998
addrelu_prior_5KJL9L.pt,14,165,165,0.00470918
addrelu_prior_59LUR1.pt,14,185,185,0.00463682
addrelu_prior_NSXM9N.pt,112,29,29,0.00455618
addrelu_prior_DGUQEZ.pt,14,206,206,0.004657200000000001
addrelu_prior_IAV32G.pt,7,176,176,0.004648739999999999
addrelu_prior_JL7TCF.pt,7,502,502,0.004641660000000001
addrelu_prior_I5VW17.pt,14,252,252,0.00475534
addrelu_prior_MTGM8S.pt,56,495,495,0.004752459999999999
addrelu_prior_UBJNRG.pt,7,222,222,0.00467142
addrelu_prior_ZV17J6.pt,56,51,51,0.004741560000000002
addrelu_prior_Y9AWBE.pt,7,167,167,0.0046153600000000015
addrelu_prior_LURQ01.pt,56,215,215,0.004724859999999999
addrelu_prior_LO45AB.pt,14,150,150,0.0046501
addrelu_prior_WTQLC0.pt,28,525,525,0.0045749200000000005
addrelu_prior_GQZO0U.pt,14,52,52,0.004645800000000001
addrelu_prior_GFTMUY.pt,28,195,195,0.004628900000000001
addrelu_prior_NLILTA.pt,56,215,215,0.004764979999999999
addrelu_prior_OJ0KF7.pt,112,115,115,0.004737619999999999
addrelu_prior_9JNGSO.pt,14,260,260,0.004594279999999999
addrelu_prior_YKLHAL.pt,112,129,129,0.00469214
addrelu_prior_YJ93T0.pt,14,89,89,0.004584
addrelu_prior_KU78N8.pt,7,98,98,0.004674040000000001
addrelu_prior_6UT0PI.pt,28,33,33,0.004646760000000001
addrelu_prior_5ASG1T.pt,56,233,233,0.00470074
addrelu_prior_TXHMLI.pt,28,497,497,0.004605299999999998
addrelu_prior_2J626G.pt,112,571,571,0.00483428
addrelu_prior_0H7NNN.pt,28,33,33,0.00475416
addrelu_prior_HX6UR0.pt,112,235,235,0.00472278
addrelu_prior_HPCQGB.pt,112,493,493,0.004658160000000001
addrelu_prior_ADAE56.pt,56,183,183,0.004736820000000001
addrelu_prior_KLOMPU.pt,28,1021,1021,0.00466914
addrelu_prior_SM6TN0.pt,7,248,248,0.0046789
addrelu_prior_4ABELG.pt,56,457,457,0.00462966
addrelu_prior_8NIECX.pt,224,171,171,0.004926420000000002
addrelu_prior_G9PHKC.pt,14,1319,1319,0.0048344799999999995
addrelu_prior_FI79XO.pt,112,189,189,0.00464454
addrelu_prior_QOZGA4.pt,112,143,143,0.00463248
addrelu_prior_GSOLE6.pt,56,121,121,0.004582
addrelu_prior_IBT2HF.pt,7,164,164,0.004613959999999999
addrelu_prior_7SGQRW.pt,56,27,27,0.004580399999999999
addrelu_prior_ZZQE72.pt,56,196,196,0.0046197799999999995
addrelu_prior_08NF2T.pt,56,520,520,0.004628480000000001
addrelu_prior_8SOK5B.pt,7,47,47,0.00461572
addrelu_prior_BEH9TB.pt,7,156,156,0.00458258
addrelu_prior_UU112M.pt,14,532,532,0.00458548
addrelu_prior_3ZV0VR.pt,28,1285,1285,0.0046577
addrelu_prior_IV2FL7.pt,14,1478,1478,0.004584540000000001
addrelu_prior_PWQ3Z1.pt,112,825,825,0.004515760000000001
addrelu_prior_2I6A47.pt,56,101,101,0.004573959999999999
addrelu_prior_9C9WOI.pt,56,535,535,0.004594699999999999
addrelu_prior_1QCX13.pt,14,187,187,0.00457536
addrelu_prior_1H7DUU.pt,28,88,88,0.004573820000000001
addrelu_prior_OO9BNY.pt,14,169,169,0.00462628
addrelu_prior_GCRN6B.pt,28,180,180,0.004631800000000001
addrelu_prior_YQPXST.pt,14,151,151,0.004556019999999999
addrelu_prior_N4PBTK.pt,28,47,47,0.0045610600000000005
addrelu_prior_VEVJHU.pt,14,210,210,0.00460082
addrelu_prior_BC312D.pt,7,431,431,0.004648520000000001
addrelu_prior_EQVZ6G.pt,14,150,150,0.004599380000000001
addrelu_prior_607S4T.pt,14,215,215,0.00459018
addrelu_prior_KWHIQE.pt,14,809,809,0.004627859999999999
addrelu_prior_AC9SRR.pt,14,114,114,0.00462524
addrelu_prior_6QMNLE.pt,7,153,153,0.0046799599999999995
addrelu_prior_OZHP7I.pt,112,20,20,0.004672160000000002
addrelu_prior_0VRS3A.pt,224,84,84,0.0046212200000000005
addrelu_prior_JXHY3C.pt,14,515,515,0.00461078
addrelu_prior_EAVCN2.pt,14,528,528,0.004660380000000001
addrelu_prior_DCY7HS.pt,56,1024,1024,0.004656539999999999
addrelu_prior_VSP1RN.pt,56,503,503,0.004614759999999999
addrelu_prior_YYFSGA.pt,7,148,148,0.004644939999999998
addrelu_prior_7U4F21.pt,28,1255,1255,0.00460314
addrelu_prior_OMYPXP.pt,14,155,155,0.0045961199999999995
addrelu_prior_TRU8FD.pt,28,109,109,0.004590520000000002
addrelu_prior_KYDHHW.pt,14,309,309,0.004606619999999999
addrelu_prior_JMUOQL.pt,56,59,59,0.0046988
addrelu_prior_6ORKCI.pt,224,1722,1722,0.0046906000000000005
addrelu_prior_U00QJN.pt,56,28,28,0.00459536
addrelu_prior_XDLYUF.pt,28,541,541,0.0046016799999999995
addrelu_prior_EV08RE.pt,14,250,250,0.0045930799999999985
addrelu_prior_I6KEDU.pt,7,9,9,0.00455512
addrelu_prior_EB4XX0.pt,56,1521,1521,0.004650519999999999
addrelu_prior_Z90L44.pt,14,173,173,0.0046871000000000005
addrelu_prior_34G7JZ.pt,14,218,218,0.004629539999999999
addrelu_prior_YAG6LB.pt,14,474,474,0.0046126
addrelu_prior_MAM534.pt,14,51,51,0.004601040000000001
addrelu_prior_TAVZAU.pt,7,225,225,0.004633879999999999
addrelu_prior_MMK115.pt,14,216,216,0.0045867
addrelu_prior_ADZ2SG.pt,14,975,975,0.004736379999999999
addrelu_prior_SNHF8W.pt,7,267,267,0.004559819999999999
addrelu_prior_PRA5N6.pt,56,282,282,0.0046187599999999995
addrelu_prior_9WATMU.pt,14,559,559,0.004601760000000001
addrelu_prior_QDM1D6.pt,14,37,37,0.00463276
addrelu_prior_HVEXAL.pt,28,84,84,0.004596779999999998
addrelu_prior_MJRWUA.pt,14,246,246,0.004601380000000001
addrelu_prior_14K1PQ.pt,56,320,320,0.00466908
addrelu_prior_LKZA2Y.pt,7,134,134,0.0046335
addrelu_prior_W4V7CG.pt,112,2152,2152,0.004679359999999999
addrelu_prior_JT96D5.pt,14,502,502,0.004592480000000001
addrelu_prior_P5Q1KF.pt,14,41,41,0.0046109
addrelu_prior_JU4A22.pt,28,25,25,0.00461316
addrelu_prior_S8V9GO.pt,224,686,686,0.00471228
addrelu_prior_OXV11A.pt,14,523,523,0.004592500000000002
addrelu_prior_LAMRGM.pt,28,181,181,0.004645659999999999
addrelu_prior_HS766T.pt,28,208,208,0.004660319999999999
addrelu_prior_L3FRGU.pt,56,40,40,0.0046307399999999995
addrelu_prior_7T0KNH.pt,7,267,267,0.004647279999999998
addrelu_prior_LMYBHC.pt,28,58,58,0.004669659999999999
addrelu_prior_92GBDD.pt,28,68,68,0.0046399
addrelu_prior_3AN9TE.pt,7,202,202,0.00465718
addrelu_prior_ZLW2KU.pt,14,1000,1000,0.0047038
addrelu_prior_HOXNN9.pt,56,301,301,0.0046890199999999995
addrelu_prior_7ENVGV.pt,56,259,259,0.00462374
addrelu_prior_NNP73B.pt,56,485,485,0.0046339400000000005
addrelu_prior_RDS5RH.pt,28,130,130,0.0046388
addrelu_prior_XY2KF8.pt,14,66,66,0.004640820000000001
addrelu_prior_7GRJN7.pt,7,1026,1026,0.004602319999999998
addrelu_prior_Z1MTN0.pt,224,157,157,0.0047377800000000005
addrelu_prior_V5QRJ4.pt,28,58,58,0.004606919999999999
addrelu_prior_LTJN1P.pt,14,511,511,0.004615200000000001
addrelu_prior_M16DQ9.pt,112,17,17,0.0046618399999999996
addrelu_prior_D51ILW.pt,28,514,514,0.004578939999999999
addrelu_prior_IV12WH.pt,14,486,486,0.004597080000000001
addrelu_prior_4C1SOU.pt,3,858,858,0.00460632
addrelu_prior_DMI00T.pt,7,154,154,0.00459302
addrelu_prior_9IVYFG.pt,14,59,59,0.004639019999999999
addrelu_prior_GEIGSW.pt,14,203,203,0.0046035
addrelu_prior_22NR6D.pt,28,510,510,0.0045851600000000005
addrelu_prior_G1GE0U.pt,28,6,6,0.00459612
addrelu_prior_073JM3.pt,56,217,217,0.00470782
addrelu_prior_AKVLPQ.pt,14,95,95,0.004584899999999999
addrelu_prior_0W5N4G.pt,14,151,151,0.004552439999999998
addrelu_prior_07SP9Z.pt,7,64,64,0.00484086
addrelu_prior_Z9OW8F.pt,56,536,536,0.004646279999999999
addrelu_prior_DAKP12.pt,7,172,172,0.004609659999999998
addrelu_prior_B4ZJFL.pt,28,67,67,0.004618220000000001
addrelu_prior_54U05G.pt,14,515,515,0.0045893800000000005
addrelu_prior_U3227P.pt,7,16,16,0.00464036
addrelu_prior_TIJFYH.pt,1,514,514,0.004602980000000001
addrelu_prior_W7VYDA.pt,7,96,96,0.0046673999999999995
addrelu_prior_JO4P0Q.pt,14,217,217,0.004616940000000001
addrelu_prior_F8AGAG.pt,112,143,143,0.004755380000000001
addrelu_prior_LQAYRB.pt,28,484,484,0.004599419999999998
addrelu_prior_50X5ZZ.pt,28,42,42,0.004598439999999998
addrelu_prior_I5EHZW.pt,14,268,268,0.004627699999999998
addrelu_prior_HCK3ED.pt,56,765,765,0.004574240000000002
addrelu_prior_UEZFM8.pt,14,516,516,0.00462658
addrelu_prior_Y2FOZZ.pt,28,1116,1116,0.004648100000000001
addrelu_prior_040SHW.pt,14,197,197,0.00467762
addrelu_prior_0XO3C9.pt,14,207,207,0.00462482
addrelu_prior_BV5DG7.pt,28,215,215,0.004695899999999999
addrelu_prior_AH8BQZ.pt,28,201,201,0.00464704
addrelu_prior_TQ05W2.pt,28,539,539,0.004563960000000001
addrelu_prior_BFZCGJ.pt,112,123,123,0.0046207999999999996
addrelu_prior_C8QJX1.pt,7,984,984,0.0046178799999999996
addrelu_prior_MLYML4.pt,112,534,534,0.004661139999999999
addrelu_prior_AMGBG0.pt,56,11,11,0.004620559999999999
addrelu_prior_MXK1ZS.pt,28,504,504,0.00453792
addrelu_prior_ZGMYID.pt,7,309,309,0.004566400000000001
addrelu_prior_SJOAXE.pt,14,187,187,0.00460978
addrelu_prior_FE97V8.pt,56,511,511,0.0045984
addrelu_prior_TB2UDV.pt,14,496,496,0.004599179999999999
addrelu_prior_4G7WGR.pt,14,102,102,0.004570459999999999
addrelu_prior_I6DUB2.pt,28,49,49,0.0046116
addrelu_prior_7CLNCH.pt,28,35,35,0.004661939999999999
addrelu_prior_W6N406.pt,112,227,227,0.0045887
addrelu_prior_JN7J2H.pt,56,180,180,0.004647660000000001
addrelu_prior_KWDTD4.pt,7,208,208,0.0045709
addrelu_prior_E1ZL26.pt,14,102,102,0.0045619
addrelu_prior_LRS50F.pt,28,809,809,0.00464928
addrelu_prior_7WPNMC.pt,112,540,540,0.004659919999999999
addrelu_prior_DBW5FI.pt,28,233,233,0.00469572
addrelu_prior_01A9P8.pt,28,267,267,0.00465034
addrelu_prior_IFVXSJ.pt,112,140,140,0.004615200000000001
addrelu_prior_3KTOE8.pt,14,450,450,0.00457714
addrelu_prior_Q6L0C7.pt,14,101,101,0.00458704
addrelu_prior_1S82DB.pt,112,162,162,0.004638820000000001
addrelu_prior_ZQOUOG.pt,56,179,179,0.004755359999999999
addrelu_prior_WH48HY.pt,14,438,438,0.00462034
addrelu_prior_LXF0FL.pt,56,36,36,0.004559440000000001
addrelu_prior_3GY617.pt,28,121,121,0.00463226
addrelu_prior_EQXG63.pt,28,106,106,0.00475216
addrelu_prior_3LW8BZ.pt,56,209,209,0.004676139999999999
addrelu_prior_1M14K2.pt,14,110,110,0.004584779999999999
addrelu_prior_37F4K3.pt,224,161,161,0.00463988
addrelu_prior_6SUXEJ.pt,28,989,989,0.004651119999999999
addrelu_prior_JO7SST.pt,14,197,197,0.004648219999999998
addrelu_prior_42HR55.pt,56,243,243,0.00468442
addrelu_prior_6AACLJ.pt,112,196,196,0.00465928
addrelu_prior_OP76I7.pt,112,436,436,0.004673359999999999
addrelu_prior_5IZ2NN.pt,28,135,135,0.004655619999999999
addrelu_prior_4HEQAN.pt,56,107,107,0.004613860000000001
addrelu_prior_28FP8D.pt,28,103,103,0.004607880000000001
addrelu_prior_VM44A4.pt,56,223,223,0.004706699999999999
addrelu_prior_352WS8.pt,56,150,150,0.00456706
addrelu_prior_HT6D0N.pt,14,57,57,0.0045745000000000004
addrelu_prior_81KV50.pt,14,5,5,0.004626180000000001
addrelu_prior_VC4R9P.pt,7,180,180,0.004626139999999999
addrelu_prior_3CASZO.pt,56,167,167,0.004670080000000001
addrelu_prior_3CD9OK.pt,28,228,228,0.00467982
addrelu_prior_B2GP44.pt,14,517,517,0.00459022
addrelu_prior_GSNPL0.pt,112,256,256,0.0046256000000000005
addrelu_prior_ROFR4W.pt,3,8,8,0.004486940000000002
addrelu_prior_5393PL.pt,28,211,211,0.00473204
addrelu_prior_CCCOGK.pt,14,134,134,0.004698720000000001
addrelu_prior_5A6A7B.pt,28,820,820,0.004713559999999999
addrelu_prior_GPP4DM.pt,28,229,229,0.00466138
addrelu_prior_5PRCAX.pt,28,59,59,0.0046968
addrelu_prior_QVSQVM.pt,14,642,642,0.0046170199999999995
addrelu_prior_FPMIS8.pt,14,418,418,0.00461944
addrelu_prior_0TC28N.pt,56,133,133,0.00460446
addrelu_prior_KPEPFT.pt,28,535,535,0.0046155799999999985
addrelu_prior_XKUH6Z.pt,56,503,503,0.004615439999999999
addrelu_prior_1CLD8B.pt,112,128,128,0.004826220000000001
addrelu_prior_KEW7WH.pt,56,131,131,0.00460278
addrelu_prior_PHN5AZ.pt,28,201,201,0.00463128
addrelu_prior_P5IVLU.pt,7,1006,1006,0.004599119999999999
addrelu_prior_TD36C3.pt,14,6,6,0.004616660000000001
addrelu_prior_7KPBV4.pt,7,34,34,0.004593599999999999
addrelu_prior_5ZUSN3.pt,112,184,184,0.004651280000000001
addrelu_prior_ZKUAMB.pt,14,229,229,0.0045946
addrelu_prior_JAQEIB.pt,7,536,536,0.0047046399999999995
addrelu_prior_NKKHD4.pt,14,75,75,0.00454158
addrelu_prior_2WL1WB.pt,224,159,159,0.004672759999999999
addrelu_prior_6TJ7TM.pt,14,167,167,0.004629940000000001
addrelu_prior_DATKF2.pt,28,444,444,0.004675200000000001
addrelu_prior_OP9KB7.pt,14,522,522,0.004662940000000001
addrelu_prior_NFEJJY.pt,14,384,384,0.004613979999999998
addrelu_prior_OI6OFA.pt,7,91,91,0.00462326
addrelu_prior_Y1OUU3.pt,28,86,86,0.0046056199999999995
addrelu_prior_S5CTCU.pt,7,18,18,0.00463954
addrelu_prior_UIXCGX.pt,56,5,5,0.004649540000000001
addrelu_prior_H1157V.pt,3,43,43,0.0047475400000000015
addrelu_prior_56WRCV.pt,28,42,42,0.004606619999999999
addrelu_prior_W9EVGL.pt,28,252,252,0.004673239999999999
addrelu_prior_1E80WK.pt,14,188,188,0.0046707400000000005
addrelu_prior_CM4SUB.pt,28,220,220,0.004670359999999998
addrelu_prior_MXJTVH.pt,14,176,176,0.004632480000000001
addrelu_prior_N1YVDK.pt,14,479,479,0.004616559999999999
addrelu_prior_M5KNW1.pt,28,223,223,0.00468982
addrelu_prior_XXXV4T.pt,28,214,214,0.00462506
addrelu_prior_CZWNGL.pt,7,37,37,0.004608300000000001
addrelu_prior_YGRD6Z.pt,14,202,202,0.004585720000000001
addrelu_prior_55LTFP.pt,56,518,518,0.00468084
addrelu_prior_6J4O5P.pt,28,63,63,0.0046307399999999995
addrelu_prior_6UMHZM.pt,7,588,588,0.00461154
addrelu_prior_C9HZ9Z.pt,14,118,118,0.00464302
addrelu_prior_6PENAU.pt,14,249,249,0.004611479999999999
addrelu_prior_I72MXN.pt,28,499,499,0.00458704
addrelu_prior_E09SAP.pt,7,210,210,0.004635799999999999
addrelu_prior_MWYGXS.pt,28,2015,2015,0.00461126
addrelu_prior_HC3GPJ.pt,14,193,193,0.00457072
addrelu_prior_8KR92E.pt,28,201,201,0.004668120000000001
addrelu_prior_M2G8EG.pt,14,109,109,0.0046485799999999985
addrelu_prior_V973Y3.pt,28,74,74,0.004598560000000001
addrelu_prior_ZK5MVJ.pt,28,129,129,0.004595380000000001
addrelu_prior_GMJGV9.pt,7,434,434,0.00453914
addrelu_prior_KIEPD3.pt,56,95,95,0.004564500000000001
addrelu_prior_RTMQ8X.pt,3,458,458,0.004573640000000001
addrelu_prior_55JBXV.pt,14,94,94,0.0045486599999999995
addrelu_prior_JKPGRQ.pt,28,538,538,0.00466086
addrelu_prior_WFYH71.pt,7,90,90,0.0046362999999999994
addrelu_prior_J4NKQX.pt,7,36,36,0.00462722
addrelu_prior_PWS754.pt,28,201,201,0.004703439999999999
addrelu_prior_JSW8X1.pt,14,218,218,0.00470968
addrelu_prior_IU3EU8.pt,7,259,259,0.00459808
addrelu_prior_YS70QV.pt,28,192,192,0.004668339999999999
addrelu_prior_08IW4W.pt,112,87,87,0.004646060000000002
addrelu_prior_VQQ5U7.pt,112,502,502,0.004635779999999999
addrelu_prior_IYN93M.pt,28,48,48,0.00458748
addrelu_prior_RG5ZP6.pt,14,1018,1018,0.0047028
addrelu_prior_S9YXK9.pt,14,193,193,0.0046952
addrelu_prior_EL7XA2.pt,28,691,691,0.00462122
addrelu_prior_YV9DJ0.pt,28,111,111,0.004558640000000001
addrelu_prior_P7HFPL.pt,28,262,262,0.004685680000000001
addrelu_prior_PPBFFS.pt,28,830,830,0.004681140000000001
addrelu_prior_7EEHIZ.pt,7,626,626,0.004578620000000001
addrelu_prior_P1KBAQ.pt,7,57,57,0.004587159999999999
addrelu_prior_EUUJ48.pt,56,144,144,0.00524926
addrelu_prior_ORUF7K.pt,14,126,126,0.0046007
addrelu_prior_4BR840.pt,14,1075,1075,0.004727580000000001
addrelu_prior_R50FTS.pt,112,29,29,0.00454844
addrelu_prior_A5CIET.pt,112,76,76,0.004630980000000001
addrelu_prior_QPP5DC.pt,14,655,655,0.00463618
addrelu_prior_MUB10G.pt,28,144,144,0.00462278
addrelu_prior_XW8FYQ.pt,7,159,159,0.004638420000000001
addrelu_prior_CDA9DD.pt,56,71,71,0.004600319999999998
addrelu_prior_G2CRHF.pt,14,187,187,0.004610860000000001
addrelu_prior_HVLIOS.pt,14,229,229,0.004644219999999999
addrelu_prior_ZIQN7C.pt,7,210,210,0.00460974
addrelu_prior_AIEARR.pt,14,956,956,0.00471546
addrelu_prior_1UAQX6.pt,14,284,284,0.004744259999999999
addrelu_prior_ROB0B2.pt,14,382,382,0.004722679999999998
addrelu_prior_OH43VH.pt,14,963,963,0.0046356999999999995
addrelu_prior_5ID5BS.pt,28,554,554,0.004623899999999999
addrelu_prior_8DN3PV.pt,14,781,781,0.00468504
addrelu_prior_PCF51N.pt,224,20,20,0.0045896999999999995
addrelu_prior_IAWPU1.pt,224,39,39,0.004712759999999998
addrelu_prior_ABS33D.pt,7,142,142,0.004595919999999998
addrelu_prior_4E7D54.pt,7,100,100,0.0045621
addrelu_prior_813V9R.pt,14,56,56,0.004630420000000001
addrelu_prior_T0UV4T.pt,7,142,142,0.00462316
addrelu_prior_AZXX5Y.pt,56,38,38,0.004601200000000001
addrelu_prior_KZ7J7L.pt,14,1675,1675,0.004589039999999999
addrelu_prior_T62DJM.pt,224,174,174,0.00463798
addrelu_prior_9UISMJ.pt,28,25,25,0.004707379999999999
addrelu_prior_NTDDLK.pt,28,109,109,0.004600959999999999
addrelu_prior_UHJOUL.pt,56,544,544,0.004669520000000002
addrelu_prior_QY03KT.pt,7,984,984,0.0046292600000000005
addrelu_prior_YWESFS.pt,14,85,85,0.004624520000000001
addrelu_prior_AIW5HT.pt,112,39,39,0.004641919999999999
addrelu_prior_BMU539.pt,7,859,859,0.00464228
addrelu_prior_X3EDCF.pt,56,778,778,0.004646139999999999
addrelu_prior_C0AJPN.pt,14,534,534,0.00463152
addrelu_prior_RF26D3.pt,7,195,195,0.004663959999999999
addrelu_prior_52H7DZ.pt,3,685,685,0.0047316599999999995
addrelu_prior_TPGD1P.pt,56,248,248,0.004655340000000001
addrelu_prior_BRG8LO.pt,14,272,272,0.004671360000000001
addrelu_prior_7LT8YL.pt,28,21,21,0.004669620000000001
addrelu_prior_504A5L.pt,28,858,858,0.00466564
addrelu_prior_N3NO0J.pt,28,1150,1150,0.0047261199999999995
addrelu_prior_WARD53.pt,14,519,519,0.00464718
addrelu_prior_2IT02P.pt,14,191,191,0.004657900000000001
addrelu_prior_C6WXV4.pt,14,1758,1758,0.004581999999999999
addrelu_prior_GO2CO1.pt,14,145,145,0.0046466400000000005
addrelu_prior_N93LUL.pt,28,512,512,0.004561379999999999
addrelu_prior_FN6XNA.pt,7,155,155,0.0047278599999999995
addrelu_prior_ZRYXLQ.pt,28,156,156,0.00518872
addrelu_prior_M0JIGY.pt,14,904,904,0.004649800000000001
addrelu_prior_05GVHJ.pt,28,930,930,0.004685859999999999
addrelu_prior_4JPYU4.pt,7,569,569,0.004646899999999999
addrelu_prior_6BQXG9.pt,56,471,471,0.004705999999999999
addrelu_prior_FXKN0E.pt,14,31,31,0.00462158
addrelu_prior_M391WK.pt,14,135,135,0.004623040000000001
addrelu_prior_L6RO72.pt,7,481,481,0.00465758
addrelu_prior_88FZ18.pt,28,530,530,0.004581179999999999
addrelu_prior_G497L1.pt,14,163,163,0.0046099
addrelu_prior_3BUH4S.pt,7,127,127,0.004809280000000002
addrelu_prior_ENSAF9.pt,14,512,512,0.004660900000000002
addrelu_prior_ZP16OH.pt,14,523,523,0.004716259999999999
addrelu_prior_ISJ8ON.pt,1,1275,1275,0.004590360000000001
addrelu_prior_ABHFTI.pt,28,2010,2010,0.0046377599999999995
addrelu_prior_WI1TV2.pt,56,104,104,0.004682120000000001
addrelu_prior_RC7F1K.pt,14,2038,2038,0.00456694
addrelu_prior_D1TTYQ.pt,14,108,108,0.004640939999999999
addrelu_prior_YUXJZI.pt,7,199,199,0.00457086
addrelu_prior_33LEJT.pt,112,30,30,0.004580859999999999
addrelu_prior_48MHHS.pt,7,518,518,0.004627500000000001
addrelu_prior_YHL45I.pt,56,134,134,0.00457514
addrelu_prior_9674CN.pt,7,215,215,0.00462128
addrelu_prior_COP6JS.pt,14,6,6,0.004655320000000001
addrelu_prior_SJ06OM.pt,56,1025,1025,0.004637240000000001
addrelu_prior_32MFXA.pt,14,42,42,0.004604680000000001
addrelu_prior_UZYCIY.pt,7,251,251,0.0046484399999999985
addrelu_prior_3KNKDR.pt,112,960,960,0.00468612
addrelu_prior_8FNSMQ.pt,112,243,243,0.00463776
addrelu_prior_XSQX29.pt,14,193,193,0.004603319999999999
addrelu_prior_2FJVC7.pt,56,484,484,0.0046034000000000005
addrelu_prior_U81N1A.pt,14,155,155,0.00464936
addrelu_prior_U6L78E.pt,28,112,112,0.004630659999999998
addrelu_prior_NM6EOP.pt,56,149,149,0.004698019999999999
addrelu_prior_8ZY3EW.pt,56,618,618,0.0046368799999999995
addrelu_prior_78J08B.pt,112,129,129,0.004623599999999999
addrelu_prior_LU1QB0.pt,3,78,78,0.00462344
addrelu_prior_ZL24MR.pt,14,974,974,0.00468584
addrelu_prior_KCG78B.pt,28,72,72,0.0046797
addrelu_prior_SXK1A1.pt,28,538,538,0.00462376
addrelu_prior_3TS02L.pt,112,48,48,0.004686180000000001
addrelu_prior_GM7MTD.pt,14,489,489,0.004636440000000001
addrelu_prior_W5JUVY.pt,56,437,437,0.004597420000000001
addrelu_prior_8379CU.pt,56,49,49,0.0046897599999999985
addrelu_prior_8UR22K.pt,28,296,296,0.004633299999999999
addrelu_prior_XMOCXA.pt,7,117,117,0.004630819999999999
addrelu_prior_WXWQHC.pt,7,540,540,0.004655080000000001
addrelu_prior_6CGVBM.pt,56,527,527,0.00465794
addrelu_prior_17GRC4.pt,28,39,39,0.004625280000000001
addrelu_prior_GEDIOF.pt,56,148,148,0.004580279999999999
addrelu_prior_ZYIPS0.pt,1,500,500,0.0046199200000000004
addrelu_prior_N0UCL1.pt,28,806,806,0.004670820000000001
addrelu_prior_V2Z7QV.pt,14,490,490,0.0046083999999999995
addrelu_prior_HB0ZO1.pt,56,271,271,0.00465106
addrelu_prior_Y5HV32.pt,7,131,131,0.004639080000000001
addrelu_prior_OG0SJX.pt,14,456,456,0.00516374
addrelu_prior_9U402C.pt,14,141,141,0.004653299999999999
addrelu_prior_REPRH1.pt,7,28,28,0.0046015000000000006
addrelu_prior_H04GSJ.pt,7,109,109,0.00462302
addrelu_prior_BKYPY8.pt,56,12,12,0.004748839999999999
addrelu_prior_XUAI2H.pt,28,209,209,0.00468662
addrelu_prior_6X6GDY.pt,56,390,390,0.00465014
addrelu_prior_PW18RU.pt,14,760,760,0.004588760000000002
addrelu_prior_XPGQAM.pt,14,41,41,0.0046717
addrelu_prior_SD0VPZ.pt,56,87,87,0.004587260000000001
addrelu_prior_W93JHJ.pt,28,490,490,0.004587399999999999
addrelu_prior_WJQZ6H.pt,56,146,146,0.004636380000000002
addrelu_prior_C574TP.pt,28,114,114,0.004702420000000001
addrelu_prior_SR9TWM.pt,28,39,39,0.004501179999999999
addrelu_prior_N7YK3U.pt,7,209,209,0.004631
addrelu_prior_8NDCUJ.pt,14,165,165,0.0046476799999999995
addrelu_prior_CU79D1.pt,28,1950,1950,0.004897299999999999
addrelu_prior_64IXR5.pt,7,85,85,0.004855639999999998
addrelu_prior_3FOPPC.pt,3,257,257,0.004699480000000001
addrelu_prior_USIFYO.pt,28,139,139,0.004568340000000001
addrelu_prior_IC476A.pt,14,15,15,0.0045905600000000005
addrelu_prior_NPYPPD.pt,14,120,120,0.0045582
addrelu_prior_FO5P6W.pt,28,62,62,0.0045778
addrelu_prior_ECBZCV.pt,14,493,493,0.004665740000000001
addrelu_prior_MPI9CG.pt,7,58,58,0.00470922
addrelu_prior_R7GPHH.pt,7,77,77,0.00470534
addrelu_prior_JPAW5K.pt,28,1281,1281,0.004730799999999998
addrelu_prior_BM9TO7.pt,28,208,208,0.0046856599999999995
addrelu_prior_8BR2L2.pt,56,191,191,0.004868319999999999
addrelu_prior_401KVE.pt,14,79,79,0.004596940000000001
addrelu_prior_HET7O5.pt,14,136,136,0.004634180000000001
addrelu_prior_2OAH99.pt,7,187,187,0.00465038
addrelu_prior_BTWWFZ.pt,56,1027,1027,0.004636339999999999
addrelu_prior_WG2NZQ.pt,14,1008,1008,0.0046924
addrelu_prior_8XI3W3.pt,112,251,251,0.0046194400000000016
addrelu_prior_0MLV3B.pt,28,27,27,0.004556820000000002
addrelu_prior_Q7XPID.pt,7,125,125,0.00465844
addrelu_prior_Q2Q9Q3.pt,28,38,38,0.004584660000000001
addrelu_prior_K7VI3P.pt,7,977,977,0.004540499999999999
addrelu_prior_QODOP2.pt,14,96,96,0.004609599999999998
addrelu_prior_U2M2TM.pt,3,192,192,0.0045796199999999995
addrelu_prior_E5I1WX.pt,56,100,100,0.004583199999999999
addrelu_prior_SRLDUA.pt,28,66,66,0.0046005
addrelu_prior_Y5QN7I.pt,56,130,130,0.004693119999999999
addrelu_prior_0WZB89.pt,3,513,513,0.00458482
addrelu_prior_W6D1SC.pt,3,40,40,0.00462212
addrelu_prior_PLDQI9.pt,14,110,110,0.004608939999999999
addrelu_prior_3PLMSJ.pt,56,230,230,0.004660040000000001
addrelu_prior_FDTDA8.pt,14,1015,1015,0.004703279999999999
addrelu_prior_IQQPS5.pt,28,158,158,0.004607220000000001
addrelu_prior_LPU65T.pt,56,480,480,0.004662339999999999
addrelu_prior_OTSF2C.pt,56,160,160,0.004625559999999999
addrelu_prior_9P7M13.pt,7,184,184,0.0046996
addrelu_prior_QJ7LFR.pt,7,1170,1170,0.00458752
addrelu_prior_3RCU5D.pt,28,272,272,0.004763000000000001
addrelu_prior_I4I5ET.pt,28,253,253,0.00476888
addrelu_prior_123ZP3.pt,7,510,510,0.004501559999999999
addrelu_prior_FVA84T.pt,14,156,156,0.004613559999999999
addrelu_prior_91UTTX.pt,56,98,98,0.0046037000000000005
addrelu_prior_62VQ3W.pt,28,253,253,0.004642799999999999
addrelu_prior_6857YY.pt,14,228,228,0.004592780000000001
addrelu_prior_TYAOC8.pt,28,75,75,0.004592499999999999
addrelu_prior_PVZ7L2.pt,7,49,49,0.00463932
addrelu_prior_J0BFKK.pt,28,501,501,0.004572859999999999
addrelu_prior_TI7UHH.pt,14,40,40,0.004626959999999999
addrelu_prior_XXPSEA.pt,28,314,314,0.004603019999999999
addrelu_prior_YMNQ83.pt,28,459,459,0.004583199999999999
addrelu_prior_Q92S3N.pt,56,1818,1818,0.004561020000000001
addrelu_prior_MMTUDG.pt,112,30,30,0.004606679999999999
addrelu_prior_7O9G3V.pt,56,27,27,0.00459712
addrelu_prior_7C9K70.pt,14,221,221,0.004634040000000001
addrelu_prior_A3HWWH.pt,28,203,203,0.0047219
addrelu_prior_M825B1.pt,14,121,121,0.0046036
addrelu_prior_S3JQPY.pt,14,151,151,0.0047066
addrelu_prior_4V0U7Y.pt,28,982,982,0.00465344
addrelu_prior_BFURTD.pt,7,542,542,0.004666359999999999
addrelu_prior_URYYKK.pt,14,1017,1017,0.0046901400000000015
addrelu_prior_R3DNCV.pt,56,597,597,0.00463942
addrelu_prior_ZAW045.pt,14,86,86,0.00453692
addrelu_prior_0RGMHW.pt,56,210,210,0.0047106399999999994
addrelu_prior_MNYJD2.pt,28,62,62,0.00461426
addrelu_prior_XH1BO2.pt,56,148,148,0.00466408
addrelu_prior_HNDIUT.pt,28,60,60,0.00465668
addrelu_prior_NI41R3.pt,112,210,210,0.004659179999999999
addrelu_prior_2I4NWT.pt,56,795,795,0.004528899999999998
addrelu_prior_21B9QJ.pt,3,178,178,0.00461388
addrelu_prior_94MROD.pt,14,29,29,0.004591059999999999
addrelu_prior_C1XX6M.pt,7,221,221,0.004574099999999999
addrelu_prior_QB095L.pt,14,209,209,0.00461516
addrelu_prior_5129WB.pt,28,800,800,0.0048149199999999994
addrelu_prior_2ZS5AI.pt,28,536,536,0.004618359999999999
addrelu_prior_TMMH36.pt,7,515,515,0.004669340000000001
addrelu_prior_I8P6RE.pt,112,218,218,0.00462278
addrelu_prior_3KIB48.pt,28,249,249,0.004666199999999999
addrelu_prior_OA49KA.pt,7,205,205,0.00472664
addrelu_prior_C0L7TG.pt,28,140,140,0.0046448800000000005
addrelu_prior_78LAO6.pt,112,435,435,0.004695359999999998
addrelu_prior_N1N8UK.pt,56,1667,1667,0.00472004
addrelu_prior_AWO3T6.pt,28,500,500,0.004731160000000001
addrelu_prior_0RUOSX.pt,14,3,3,0.004602
addrelu_prior_94BYUG.pt,14,525,525,0.004625819999999999
addrelu_prior_9HK4QV.pt,112,209,209,0.004628919999999999
addrelu_prior_N0VQVV.pt,14,986,986,0.0046757000000000005
addrelu_prior_YSVE42.pt,28,666,666,0.0046546600000000014
addrelu_prior_COYCQE.pt,14,29,29,0.0046442
addrelu_prior_7AEPW1.pt,56,213,213,0.0046789399999999995
addrelu_prior_7YUNNO.pt,14,30,30,0.0046514
addrelu_prior_STZ4UW.pt,7,118,118,0.004639560000000002
addrelu_prior_NPYH49.pt,28,206,206,0.0046422
addrelu_prior_U6LD36.pt,14,206,206,0.004608219999999999
addrelu_prior_93DS46.pt,14,243,243,0.0046176
addrelu_prior_E6OA52.pt,1,64,64,0.00459986
addrelu_prior_ENWYAI.pt,28,117,117,0.00468754
addrelu_prior_4N6EE9.pt,14,184,184,0.004656499999999999
addrelu_prior_LP6FSM.pt,7,1153,1153,0.00455794
addrelu_prior_L1SLYZ.pt,56,251,251,0.004632959999999999
addrelu_prior_14GNQU.pt,7,510,510,0.00474958
addrelu_prior_JQ7MLG.pt,28,127,127,0.004606800000000001
addrelu_prior_LL00I9.pt,14,97,97,0.00460866
addrelu_prior_QPRP33.pt,7,35,35,0.004562020000000001
addrelu_prior_Y47HDP.pt,56,122,122,0.004578700000000001
addrelu_prior_UD0R47.pt,112,1286,1286,0.00464498
addrelu_prior_PNZ5L9.pt,14,76,76,0.004548859999999999
addrelu_prior_Y75NDN.pt,14,89,89,0.00463594
addrelu_prior_7CHXNR.pt,56,105,105,0.0046695
addrelu_prior_NM5F18.pt,112,969,969,0.0047931599999999994
addrelu_prior_P50SBS.pt,14,436,436,0.0046191600000000015
addrelu_prior_6QNJTY.pt,7,91,91,0.00478558
addrelu_prior_5N8WL3.pt,7,163,163,0.004640420000000001
addrelu_prior_ZU6C02.pt,28,220,220,0.0046781
addrelu_prior_JVZEQ8.pt,14,988,988,0.00467504
addrelu_prior_LX6XS1.pt,56,192,192,0.004742279999999999
addrelu_prior_XW9FEW.pt,14,227,227,0.0046565999999999995
addrelu_prior_0OSYD7.pt,28,1816,1816,0.00463634
addrelu_prior_53LTVO.pt,3,81,81,0.004592980000000001
addrelu_prior_AAWKP4.pt,28,293,293,0.00468318
addrelu_prior_8I2N90.pt,7,523,523,0.004631279999999999
addrelu_prior_C1HC6Y.pt,14,28,28,0.004651760000000002
addrelu_prior_88ZQ6B.pt,14,183,183,0.004646839999999999
addrelu_prior_5RWGKY.pt,14,298,298,0.0045496
addrelu_prior_833VC4.pt,14,499,499,0.00455736
addrelu_prior_CNNHJ0.pt,28,255,255,0.00462978
addrelu_prior_E02YCO.pt,28,129,129,0.004624940000000001
addrelu_prior_QEYK77.pt,14,84,84,0.00466236
addrelu_prior_QZHGWZ.pt,14,263,263,0.00455632
addrelu_prior_3LWQUU.pt,28,81,81,0.004685139999999999
addrelu_prior_92VL28.pt,28,98,98,0.00465842
addrelu_prior_UVMRQC.pt,14,821,821,0.00466478
addrelu_prior_67J3TC.pt,14,27,27,0.00464684
addrelu_prior_BVEGG3.pt,7,16,16,0.0047369
addrelu_prior_IRW9H5.pt,14,23,23,0.00456326
addrelu_prior_LOVG80.pt,112,184,184,0.004695339999999998
addrelu_prior_EZEY6L.pt,14,126,126,0.00459484
addrelu_prior_D4O240.pt,56,87,87,0.004531780000000001
addrelu_prior_PQ3W5G.pt,56,490,490,0.00470822
addrelu_prior_LUPP72.pt,14,437,437,0.00460514
addrelu_prior_01HAJQ.pt,28,992,992,0.0046628600000000004
addrelu_prior_R7J1IF.pt,14,209,209,0.004568459999999999
addrelu_prior_7VF6S6.pt,112,184,184,0.004615320000000001
addrelu_prior_9MK5Z5.pt,14,180,180,0.00466178
addrelu_prior_UT7CXL.pt,14,235,235,0.00486008
addrelu_prior_KS9D08.pt,28,239,239,0.0047608799999999995
addrelu_prior_252DQQ.pt,28,36,36,0.004747159999999999
addrelu_prior_4CP8BN.pt,3,12,12,0.004568800000000001
addrelu_prior_9D6LTQ.pt,7,62,62,0.0045915
addrelu_prior_MPVP16.pt,28,254,254,0.0047125399999999994
addrelu_prior_7ULFXJ.pt,7,1448,1448,0.004541399999999999
addrelu_prior_464Y9B.pt,28,31,31,0.0046237399999999994
addrelu_prior_1U3ULU.pt,28,83,83,0.004540639999999999
addrelu_prior_S9OE0F.pt,112,539,539,0.0046177
addrelu_prior_PF1JCE.pt,56,6,6,0.00460312
addrelu_prior_F6DY6M.pt,56,275,275,0.004637779999999999
addrelu_prior_HY6Y6S.pt,3,179,179,0.004713320000000002
addrelu_prior_AEJJ44.pt,112,79,79,0.004598419999999999
addrelu_prior_1BF8CT.pt,7,38,38,0.004614999999999999
addrelu_prior_M5HP7W.pt,14,138,138,0.00461112
addrelu_prior_Y6A3G5.pt,14,504,504,0.0045616
addrelu_prior_QX3U2T.pt,56,227,227,0.004652440000000001
addrelu_prior_K7DFD6.pt,14,267,267,0.00461264
addrelu_prior_A6MT8U.pt,56,20,20,0.004642920000000002
addrelu_prior_05CH57.pt,14,515,515,0.00465756
addrelu_prior_AZIM3I.pt,14,100,100,0.004602700000000001
addrelu_prior_LNJ7CP.pt,3,471,471,0.0046107000000000006
addrelu_prior_DQCPSX.pt,7,176,176,0.004665319999999997
addrelu_prior_MBBMRZ.pt,56,108,108,0.004550819999999999
addrelu_prior_WX1MGC.pt,7,78,78,0.00469788
addrelu_prior_M9TQNE.pt,112,46,46,0.004858740000000001
addrelu_prior_4OT2MI.pt,14,540,540,0.0047049
addrelu_prior_DBUOMS.pt,112,177,177,0.00468794
addrelu_prior_NZG6GS.pt,7,72,72,0.00472126
addrelu_prior_B5R8OG.pt,28,15,15,0.004665839999999999
addrelu_prior_QIWIJH.pt,56,40,40,0.00463884
addrelu_prior_3K5TX0.pt,56,92,92,0.004561180000000001
addrelu_prior_TRDMBM.pt,56,216,216,0.00466074
addrelu_prior_PN1T7C.pt,14,923,923,0.0046522199999999994
addrelu_prior_C2HTX4.pt,7,124,124,0.0045905
addrelu_prior_DFBM2Z.pt,7,16,16,0.004720440000000001
addrelu_prior_SBJWEJ.pt,7,471,471,0.00464848
addrelu_prior_V2NK5K.pt,28,138,138,0.004614699999999999
addrelu_prior_B0ECRU.pt,28,113,113,0.00472694
addrelu_prior_I85G60.pt,56,69,69,0.00466504
addrelu_prior_VLGS2Z.pt,14,193,193,0.0046235600000000005
addrelu_prior_MV2YJS.pt,56,50,50,0.0046485599999999995
addrelu_prior_DY8IE7.pt,28,236,236,0.00474002
addrelu_prior_08QXFZ.pt,14,512,512,0.0046127600000000005
addrelu_prior_M8GXOT.pt,7,140,140,0.004606840000000001
addrelu_prior_52EOJG.pt,7,2106,2106,0.004605799999999999
addrelu_prior_3BTM0O.pt,7,1690,1690,0.004586360000000001
addrelu_prior_KH6PIY.pt,14,106,106,0.0046309800000000016
addrelu_prior_FN6NCL.pt,56,16,16,0.0046133200000000015
addrelu_prior_6F56W1.pt,112,932,932,0.0046205000000000005
addrelu_prior_ZYLOS7.pt,112,605,605,0.004586840000000001
addrelu_prior_39IOWN.pt,28,27,27,0.00460496
addrelu_prior_7M7M37.pt,56,498,498,0.00457516
addrelu_prior_IC5FZU.pt,56,2047,2047,0.00472088
addrelu_prior_3F84OA.pt,112,171,171,0.00464432
addrelu_prior_2RCZ1S.pt,56,139,139,0.004613919999999998
addrelu_prior_GPY6PK.pt,14,67,67,0.00460142
addrelu_prior_3X8XQZ.pt,28,489,489,0.004525719999999999
addrelu_prior_TK7X2O.pt,56,129,129,0.004532759999999999
addrelu_prior_B450XB.pt,28,129,129,0.004605520000000001
addrelu_prior_5MZZCT.pt,56,999,999,0.0046370399999999985
addrelu_prior_ZDA93U.pt,28,64,64,0.004688139999999999
addrelu_prior_84O09D.pt,14,240,240,0.004631840000000001
addrelu_prior_SW2S7K.pt,14,181,181,0.004605340000000001
addrelu_prior_WC5F7O.pt,14,195,195,0.004618860000000001
addrelu_prior_1RC1WM.pt,7,212,212,0.004735079999999999
addrelu_prior_F8EC3T.pt,28,171,171,0.004667559999999999
addrelu_prior_73WEIK.pt,56,7,7,0.004692679999999999
addrelu_prior_HJ8S2E.pt,112,823,823,0.0045080400000000005
addrelu_prior_003H9P.pt,112,242,242,0.0046653
addrelu_prior_BT57KF.pt,56,87,87,0.00460504
addrelu_prior_BLOXGR.pt,14,116,116,0.004660159999999999
addrelu_prior_5IYVSE.pt,14,506,506,0.004772179999999999
addrelu_prior_5FLUBU.pt,56,29,29,0.00482482
addrelu_prior_N2TYAR.pt,14,488,488,0.004608180000000001
addrelu_prior_N5GB1K.pt,14,67,67,0.004645739999999999
addrelu_prior_YESK72.pt,28,129,129,0.0046161000000000015
addrelu_prior_V0TNDI.pt,14,2042,2042,0.004595639999999999
addrelu_prior_UU7ORV.pt,14,516,516,0.004628580000000002
addrelu_prior_V11YSN.pt,14,79,79,0.0045853
addrelu_prior_ZZIRO2.pt,14,123,123,0.004568139999999999
addrelu_prior_4JKGIX.pt,28,1033,1033,0.004640279999999999
addrelu_prior_TUNDGI.pt,14,19,19,0.004609940000000001
addrelu_prior_OLJO32.pt,28,558,558,0.004588260000000001
addrelu_prior_4N9YXM.pt,56,911,911,0.00461292
addrelu_prior_LV4R70.pt,28,237,237,0.0046942600000000004
addrelu_prior_8SEZXB.pt,14,126,126,0.004655719999999999
addrelu_prior_4GQRZ3.pt,14,1018,1018,0.0047324199999999985
addrelu_prior_M1ABVH.pt,7,660,660,0.0046205000000000005
addrelu_prior_A5LO1X.pt,14,99,99,0.004593159999999999
addrelu_prior_ICG1IE.pt,56,23,23,0.004637
addrelu_prior_B6A052.pt,14,179,179,0.004550600000000001
addrelu_prior_NKONDK.pt,28,73,73,0.0046448
addrelu_prior_HXFHSX.pt,112,160,160,0.004648579999999999
addrelu_prior_CUT22C.pt,14,105,105,0.00474232
addrelu_prior_9CTETE.pt,7,170,170,0.004613839999999998
addrelu_prior_7I9AU6.pt,7,126,126,0.00460282
addrelu_prior_SQKFH0.pt,3,176,176,0.004633140000000001
addrelu_prior_OGZ5FX.pt,14,852,852,0.004650780000000001
addrelu_prior_Q218UR.pt,112,210,210,0.004684099999999999
addrelu_prior_36YA2I.pt,14,3,3,0.004656660000000002
addrelu_prior_DLGLPR.pt,28,75,75,0.00459424
addrelu_prior_XOUU0J.pt,56,864,864,0.00465144
addrelu_prior_9XIGUE.pt,28,211,211,0.004679120000000001
addrelu_prior_C4GHFI.pt,14,791,791,0.00462672
addrelu_prior_JY4YSM.pt,14,166,166,0.0046275
addrelu_prior_A2F097.pt,14,2027,2027,0.004550020000000001
addrelu_prior_NSW2TZ.pt,7,209,209,0.004623399999999999
addrelu_prior_UVITEW.pt,56,250,250,0.004603339999999999
addrelu_prior_XTMAXA.pt,56,153,153,0.004568960000000001
addrelu_prior_J4VM8G.pt,14,3,3,0.00469512
addrelu_prior_5AXPQT.pt,112,147,147,0.0046505800000000005
addrelu_prior_6Z7T3I.pt,112,228,228,0.00466396
addrelu_prior_YA9Q99.pt,28,993,993,0.004660079999999999
addrelu_prior_XRT00E.pt,7,259,259,0.004602339999999999
addrelu_prior_504Y06.pt,112,499,499,0.00471956
addrelu_prior_9YI8IG.pt,7,161,161,0.0046054
addrelu_prior_94NW23.pt,112,157,157,0.004568539999999999
addrelu_prior_GOAWA0.pt,14,179,179,0.00459192
addrelu_prior_7BHW7O.pt,14,224,224,0.00466298
addrelu_prior_VDAISE.pt,7,16,16,0.004662179999999999
addrelu_prior_XKTAMT.pt,14,524,524,0.004615419999999999
addrelu_prior_JQVT99.pt,7,183,183,0.004611800000000001
addrelu_prior_PEWOYQ.pt,28,154,154,0.0045625399999999995
addrelu_prior_LUW1KI.pt,7,148,148,0.00461086
addrelu_prior_7160DV.pt,14,49,49,0.004637660000000001
addrelu_prior_ZMCB0Y.pt,7,142,142,0.004609559999999999
addrelu_prior_PAHKJO.pt,7,261,261,0.004579659999999998
addrelu_prior_5I87F9.pt,7,38,38,0.00460338
addrelu_prior_TEV84G.pt,28,145,145,0.004593300000000001
addrelu_prior_GJLZP4.pt,56,528,528,0.00459072
addrelu_prior_43UUQL.pt,7,2051,2051,0.004569939999999999
addrelu_prior_ANVWK5.pt,28,487,487,0.0046000599999999996
addrelu_prior_N58WFD.pt,14,229,229,0.00468214
addrelu_prior_FE1OQW.pt,28,34,34,0.004560520000000001
addrelu_prior_EQXMMU.pt,14,17,17,0.0046164399999999986
addrelu_prior_92M6UM.pt,14,204,204,0.00459748
addrelu_prior_0OPS1V.pt,56,987,987,0.00460602
addrelu_prior_2VWXL3.pt,56,85,85,0.004658599999999999
addrelu_prior_CNJZGU.pt,14,30,30,0.004605639999999999
addrelu_prior_KEKGXM.pt,14,179,179,0.004593959999999999
addrelu_prior_5PU0ZW.pt,7,91,91,0.004673040000000001
addrelu_prior_D06XCM.pt,14,141,141,0.00463484
addrelu_prior_QFW7VK.pt,28,217,217,0.004695700000000001
addrelu_prior_SZF3AM.pt,14,164,164,0.004641540000000002
addrelu_prior_ISKA1J.pt,1,1022,1022,0.004778739999999999
addrelu_prior_XUW5ZK.pt,14,217,217,0.0046942
addrelu_prior_TWKU7B.pt,56,265,265,0.0046413
addrelu_prior_QK01CJ.pt,28,213,213,0.00465746
addrelu_prior_8J7AYP.pt,14,2107,2107,0.00458704
addrelu_prior_O2DCVS.pt,14,141,141,0.0045934999999999995
addrelu_prior_GK1D8M.pt,14,111,111,0.004624940000000001
addrelu_prior_MDIIXJ.pt,56,85,85,0.00463004
addrelu_prior_7J67V1.pt,112,177,177,0.004622560000000001
addrelu_prior_328JFP.pt,56,147,147,0.00464564
addrelu_prior_Y705HU.pt,56,1008,1008,0.004737540000000001
addrelu_prior_1DXTFO.pt,3,1000,1000,0.004645119999999999
addrelu_prior_FTVE1N.pt,14,133,133,0.00463266
addrelu_prior_T16MJL.pt,7,64,64,0.00464974
addrelu_prior_NDTCSU.pt,28,524,524,0.00455388
addrelu_prior_1HXMML.pt,14,228,228,0.0046460799999999995
addrelu_prior_AXVLK1.pt,1,503,503,0.004613580000000001
addrelu_prior_2HJX60.pt,28,265,265,0.004631940000000001
addrelu_prior_FGE1Z8.pt,56,1081,1081,0.00463022
addrelu_prior_8LIOS6.pt,56,168,168,0.00467696
addrelu_prior_WKPJWQ.pt,28,152,152,0.004598779999999999
addrelu_prior_18N8U1.pt,56,472,472,0.0046448
addrelu_prior_2M32RH.pt,112,256,256,0.004608460000000001
addrelu_prior_JM72JH.pt,56,432,432,0.00477358
addrelu_prior_2SZGSZ.pt,7,291,291,0.00464966
addrelu_prior_DPYACE.pt,14,135,135,0.004650539999999999
addrelu_prior_IYRT7E.pt,14,512,512,0.0046172
addrelu_prior_YX3060.pt,28,79,79,0.004586520000000002
addrelu_prior_TGIDCL.pt,14,1531,1531,0.0046523400000000005
addrelu_prior_DQ3QUF.pt,14,215,215,0.004605880000000001
addrelu_prior_EU5JY9.pt,28,3,3,0.00465718
addrelu_prior_RZI8PH.pt,112,113,113,0.0046101200000000005
addrelu_prior_M8VKN4.pt,7,47,47,0.004654439999999999
addrelu_prior_JQW6I2.pt,28,252,252,0.004730399999999998
addrelu_prior_ZIT865.pt,14,188,188,0.0045829799999999995
addrelu_prior_UJRM1C.pt,3,172,172,0.004603340000000001
addrelu_prior_HU42LM.pt,28,204,204,0.004634000000000001
addrelu_prior_YD7AMP.pt,14,777,777,0.00465426
addrelu_prior_CN9SYH.pt,28,118,118,0.00458322
addrelu_prior_YQV0WI.pt,56,214,214,0.004672299999999999
addrelu_prior_QSG4UD.pt,7,208,208,0.004710420000000002
addrelu_prior_0IPUJC.pt,224,50,50,0.0046862200000000005
addrelu_prior_XQL1V0.pt,112,94,94,0.00473128
addrelu_prior_T5KTLH.pt,14,265,265,0.00462034
addrelu_prior_6BWCGZ.pt,28,77,77,0.0045747
addrelu_prior_O7RWV3.pt,28,173,173,0.004675240000000001
addrelu_prior_X9GGJ5.pt,14,144,144,0.004629420000000001
addrelu_prior_N27B5C.pt,28,522,522,0.004590599999999999
addrelu_prior_S0MT8S.pt,224,265,265,0.0047351
addrelu_prior_JJ733J.pt,14,46,46,0.004722220000000002
addrelu_prior_F15W9G.pt,56,1431,1431,0.00472966
addrelu_prior_LCMOO0.pt,7,239,239,0.00458886
addrelu_prior_M5O6CX.pt,7,467,467,0.004574780000000002
addrelu_prior_XC0MZS.pt,56,45,45,0.004583940000000002
addrelu_prior_VJUVW3.pt,7,135,135,0.0045865800000000016
addrelu_prior_JPX496.pt,56,72,72,0.004654120000000001
addrelu_prior_0K30VR.pt,28,84,84,0.004598779999999998
addrelu_prior_VSBJ7M.pt,224,1437,1437,0.0046644
addrelu_prior_932VR4.pt,7,255,255,0.00457928
addrelu_prior_8A44UU.pt,56,158,158,0.0046825999999999994
addrelu_prior_ULYNRC.pt,56,120,120,0.004592940000000001
addrelu_prior_OR5OHK.pt,56,30,30,0.00457526
addrelu_prior_3FT2PK.pt,224,198,198,0.00464458
addrelu_prior_MZC6IX.pt,56,110,110,0.0045753
addrelu_prior_HCD5KQ.pt,28,56,56,0.00457108
addrelu_prior_P7FB14.pt,14,220,220,0.00451794
addrelu_prior_BUVV75.pt,224,126,126,0.00472696
addrelu_prior_XPEMWW.pt,14,98,98,0.00462694
addrelu_prior_4T4B04.pt,14,112,112,0.00457908
addrelu_prior_IXZM1Z.pt,28,15,15,0.0045929000000000005
addrelu_prior_ZYZ70Y.pt,28,96,96,0.00458816
addrelu_prior_RN3KOQ.pt,7,525,525,0.004579680000000001
addrelu_prior_7EL5EN.pt,56,428,428,0.00461828
addrelu_prior_6YNETZ.pt,56,523,523,0.004692320000000001
addrelu_prior_2NC6AL.pt,7,519,519,0.00485104
addrelu_prior_P9NSU2.pt,112,125,125,0.00473024
addrelu_prior_GQP1QH.pt,14,244,244,0.00457688
addrelu_prior_75B0X6.pt,28,14,14,0.00472334
addrelu_prior_VX3WZ0.pt,28,54,54,0.004552560000000001
addrelu_prior_BBA82M.pt,14,166,166,0.0045871
addrelu_prior_3E2JG5.pt,7,192,192,0.00465342
addrelu_prior_WAAVW2.pt,7,262,262,0.004646160000000001
addrelu_prior_09EKLQ.pt,28,137,137,0.0046606
addrelu_prior_TXO8PS.pt,56,393,393,0.004609659999999999
addrelu_prior_KEPDA5.pt,112,461,461,0.004623919999999999
addrelu_prior_QZFW0N.pt,7,168,168,0.00463066
addrelu_prior_CDAVNE.pt,56,54,54,0.00466692
addrelu_prior_55ALJC.pt,7,451,451,0.004561539999999999
addrelu_prior_OD4LE9.pt,14,515,515,0.00460652
addrelu_prior_CXMJUO.pt,3,511,511,0.004582819999999999
addrelu_prior_LUFZBR.pt,112,1021,1021,0.00463256
addrelu_prior_EUMTEF.pt,28,221,221,0.0046660400000000015
addrelu_prior_FXZ35I.pt,14,497,497,0.004691279999999999
addrelu_prior_JV665D.pt,14,217,217,0.0046234
addrelu_prior_87R85U.pt,112,239,239,0.00459482
addrelu_prior_9F57BL.pt,14,30,30,0.0046603999999999994
addrelu_prior_O1C3VD.pt,28,224,224,0.004652659999999999
addrelu_prior_I3KHKO.pt,7,91,91,0.00466054
addrelu_prior_SNI8JG.pt,56,1004,1004,0.004694019999999998
addrelu_prior_7BMXXC.pt,14,34,34,0.004607
addrelu_prior_CEX7VY.pt,7,240,240,0.00459526
addrelu_prior_ZGG6MK.pt,14,164,164,0.00462252
addrelu_prior_9TXAAF.pt,7,456,456,0.004602079999999998
addrelu_prior_VD345C.pt,112,1183,1183,0.004666100000000001
addrelu_prior_K0LSE4.pt,28,2045,2045,0.004599780000000001
addrelu_prior_TC9G7C.pt,28,227,227,0.00461738
addrelu_prior_X7D7ON.pt,56,991,991,0.004610520000000002
addrelu_prior_DBGG71.pt,56,58,58,0.004716140000000001
addrelu_prior_69S1KV.pt,28,142,142,0.004620560000000001
addrelu_prior_KWIQ2B.pt,7,486,486,0.0045913399999999984
addrelu_prior_8ZM77X.pt,28,203,203,0.004772059999999999
addrelu_prior_JGL0VP.pt,14,240,240,0.0047215799999999995
addrelu_prior_9AMQZV.pt,7,195,195,0.00463666
addrelu_prior_5W9G87.pt,14,600,600,0.00455042
addrelu_prior_8RO9OO.pt,14,121,121,0.004652
addrelu_prior_25RLIR.pt,14,139,139,0.004660159999999999
addrelu_prior_KVJTYN.pt,56,265,265,0.004648139999999999
addrelu_prior_7Y55KB.pt,56,147,147,0.004690399999999999
addrelu_prior_SDAV0N.pt,28,5,5,0.004654
addrelu_prior_3SN9QK.pt,28,241,241,0.004649260000000001
addrelu_prior_5FQY54.pt,28,119,119,0.004598219999999999
addrelu_prior_PP2D02.pt,28,1863,1863,0.004621019999999999
addrelu_prior_5ZGUAO.pt,7,132,132,0.004666059999999998
addrelu_prior_438285.pt,56,216,216,0.00473472
addrelu_prior_BTGFDK.pt,28,27,27,0.004616939999999999
addrelu_prior_5B7Q4D.pt,56,208,208,0.00467518
addrelu_prior_N9LY9O.pt,28,39,39,0.00468352
addrelu_prior_Y2AI54.pt,112,136,136,0.00472024
addrelu_prior_5Z1TQE.pt,112,108,108,0.0046708
addrelu_prior_NF9KM9.pt,28,159,159,0.00458974
addrelu_prior_DKLL0X.pt,3,280,280,0.004556900000000001
addrelu_prior_JG3LV6.pt,14,161,161,0.0047694
addrelu_prior_F6TNQZ.pt,14,217,217,0.004597320000000001
addrelu_prior_26F9M8.pt,7,178,178,0.0045910000000000005
addrelu_prior_VP5QV5.pt,14,129,129,0.00460068
addrelu_prior_ZGJM9V.pt,112,45,45,0.0046946
addrelu_prior_9RR8XM.pt,56,260,260,0.004631599999999999
addrelu_prior_EJNS3Y.pt,14,223,223,0.0046352200000000015
addrelu_prior_OD2A9W.pt,28,191,191,0.00457258
addrelu_prior_8TFWCG.pt,56,173,173,0.0046009799999999984
addrelu_prior_VODCPG.pt,14,284,284,0.004594580000000001
addrelu_prior_ZRHFJY.pt,3,180,180,0.004646279999999999
addrelu_prior_LP2LVL.pt,7,26,26,0.004641620000000001
addrelu_prior_K9NL7H.pt,14,32,32,0.004816180000000001
addrelu_prior_CFCXTI.pt,7,1002,1002,0.0046463999999999984
addrelu_prior_OPO8AS.pt,56,417,417,0.00465442
addrelu_prior_ZV0TFU.pt,112,79,79,0.00462076
addrelu_prior_XB7TBM.pt,28,93,93,0.004584600000000003
addrelu_prior_7MRUAO.pt,56,893,893,0.0046972
addrelu_prior_Z1JIZH.pt,28,1169,1169,0.00466602
addrelu_prior_RBPNG9.pt,14,164,164,0.004640919999999998
addrelu_prior_07M7AD.pt,56,393,393,0.00469428
addrelu_prior_79FF1Y.pt,14,168,168,0.004624059999999999
addrelu_prior_ACTT5E.pt,28,245,245,0.00471122
addrelu_prior_SPVBIS.pt,7,127,127,0.004602340000000002
addrelu_prior_J5YWCA.pt,14,74,74,0.0046314400000000006
addrelu_prior_P0Y8FM.pt,14,205,205,0.0047112199999999995
addrelu_prior_NN13CS.pt,7,45,45,0.004557640000000001
addrelu_prior_DH1JPQ.pt,14,200,200,0.004592719999999999
addrelu_prior_S14XVD.pt,112,652,652,0.004670820000000001
addrelu_prior_19GFGA.pt,28,213,213,0.00464022
addrelu_prior_ZZ1URI.pt,28,16,16,0.0045685799999999974
addrelu_prior_6FPL80.pt,56,86,86,0.004575039999999999
addrelu_prior_RSSH2I.pt,14,795,795,0.004638079999999999
addrelu_prior_CA6LNA.pt,56,57,57,0.004662699999999998
addrelu_prior_Q6JUVR.pt,56,215,215,0.004681879999999999
addrelu_prior_9WMYXS.pt,7,23,23,0.00470974
addrelu_prior_J4GR7P.pt,14,145,145,0.0045875199999999994
addrelu_prior_FERJMU.pt,14,151,151,0.004638300000000001
addrelu_prior_5S5SWE.pt,28,230,230,0.00468274
addrelu_prior_W5OLCK.pt,14,787,787,0.004644079999999999
addrelu_prior_YJZ10L.pt,7,204,204,0.004700379999999999
addrelu_prior_1ZJ9ZE.pt,28,484,484,0.0045724599999999995
addrelu_prior_1DLMQ9.pt,14,532,532,0.00457068
addrelu_prior_KKRDJL.pt,56,1277,1277,0.00467528
addrelu_prior_VYXJ68.pt,14,71,71,0.004613400000000001
addrelu_prior_YRJD97.pt,14,384,384,0.00460346
addrelu_prior_QSZCA9.pt,7,1051,1051,0.004613919999999998
addrelu_prior_VHJKOO.pt,28,42,42,0.004625139999999999
addrelu_prior_IISF95.pt,14,104,104,0.00463514
addrelu_prior_610JXM.pt,56,239,239,0.004630680000000001
addrelu_prior_PQVAPK.pt,14,47,47,0.004653539999999999
addrelu_prior_RB8EWB.pt,7,204,204,0.004622079999999999
addrelu_prior_WG9I9C.pt,14,515,515,0.00466716
addrelu_prior_4YTGN6.pt,1,5,5,0.00477766
addrelu_prior_GVILGS.pt,112,236,236,0.004668760000000001
addrelu_prior_SVVSUC.pt,28,771,771,0.004746460000000001
addrelu_prior_IT8G6I.pt,28,135,135,0.004624080000000001
addrelu_prior_QOVWN6.pt,28,544,544,0.004642639999999998
addrelu_prior_6P9WLI.pt,7,195,195,0.00464396
addrelu_prior_O73NC7.pt,28,153,153,0.00458658
addrelu_prior_S2JMY2.pt,14,74,74,0.0047474399999999995
addrelu_prior_0ZGMPE.pt,14,193,193,0.004606039999999999
addrelu_prior_RNGHQT.pt,14,963,963,0.0047033000000000005
addrelu_prior_F495H1.pt,112,178,178,0.00468402
addrelu_prior_EEBHLU.pt,14,130,130,0.00461286
addrelu_prior_G9C0JK.pt,28,7,7,0.0046272200000000005
addrelu_prior_C3VSSJ.pt,7,224,224,0.00465852
addrelu_prior_5IH6Z3.pt,112,503,503,0.00466604
addrelu_prior_AVVDM7.pt,28,244,244,0.004708540000000001
addrelu_prior_1TIY52.pt,7,160,160,0.004685000000000002
addrelu_prior_8XBXN9.pt,56,526,526,0.00457516
addrelu_prior_TYNRSK.pt,7,115,115,0.004604100000000001
addrelu_prior_8R6E5Q.pt,14,470,470,0.00461142
addrelu_prior_4AUVDK.pt,14,226,226,0.004650880000000001
addrelu_prior_QAX46V.pt,7,256,256,0.004582159999999999
addrelu_prior_4E5Q2J.pt,14,46,46,0.004599120000000001
addrelu_prior_TW9M2R.pt,7,540,540,0.004551059999999999
addrelu_prior_C8KVUD.pt,14,192,192,0.004585260000000001
addrelu_prior_M580E8.pt,56,158,158,0.00465872
addrelu_prior_KLFMO7.pt,7,264,264,0.004656820000000001
addrelu_prior_48E1MQ.pt,14,152,152,0.00474698
addrelu_prior_NFO3LR.pt,1,136,136,0.004671
addrelu_prior_MF302Q.pt,14,248,248,0.004669639999999998
addrelu_prior_0RCF68.pt,14,520,520,0.0045701399999999994
addrelu_prior_I8ZERV.pt,224,44,44,0.004627500000000001
addrelu_prior_9KTXWG.pt,28,88,88,0.00464306
addrelu_prior_66U8JG.pt,14,179,179,0.0046192
addrelu_prior_3FEXKM.pt,14,499,499,0.004652159999999999
addrelu_prior_O2WNPV.pt,7,187,187,0.0047171
addrelu_prior_EXWG1O.pt,56,190,190,0.0047675999999999994
addrelu_prior_UEQJVN.pt,7,513,513,0.0045918999999999995
addrelu_prior_F06GC2.pt,14,255,255,0.0045993200000000005
addrelu_prior_1V8JBR.pt,14,498,498,0.00457576
addrelu_prior_JUNAYZ.pt,28,796,796,0.004741819999999999
addrelu_prior_5KO0RI.pt,14,824,824,0.00464682
addrelu_prior_YPDLIS.pt,28,255,255,0.004595059999999999
addrelu_prior_RWQCZQ.pt,7,5,5,0.004592400000000001
addrelu_prior_K7CGNN.pt,14,97,97,0.00463666
addrelu_prior_56RE7M.pt,28,151,151,0.004545120000000001
addrelu_prior_FJ49ET.pt,7,217,217,0.004586299999999999
addrelu_prior_UZ03QA.pt,112,503,503,0.00460624
addrelu_prior_O7FEUM.pt,14,184,184,0.004678819999999999
addrelu_prior_LQYO56.pt,56,53,53,0.004667939999999999
addrelu_prior_6E9A8O.pt,7,1025,1025,0.0045697199999999985
addrelu_prior_REL7C0.pt,1,210,210,0.0045458600000000005
addrelu_prior_G3M6U7.pt,112,90,90,0.004769599999999999
addrelu_prior_EJ64J7.pt,56,135,135,0.00456902
addrelu_prior_73JE0A.pt,56,118,118,0.004559499999999999
addrelu_prior_FT6MMW.pt,56,491,491,0.0046042999999999995
addrelu_prior_CL3TPF.pt,14,179,179,0.0046373
addrelu_prior_XECO5C.pt,14,638,638,0.004551439999999999
addrelu_prior_METECZ.pt,7,257,257,0.00458686
addrelu_prior_A7HDTX.pt,14,521,521,0.004629799999999998
addrelu_prior_WTAX09.pt,56,220,220,0.00459066
addrelu_prior_3XRK9X.pt,7,174,174,0.004627799999999999
addrelu_prior_T345PP.pt,14,142,142,0.00462054
addrelu_prior_0O8DPS.pt,14,222,222,0.004592220000000002
addrelu_prior_KPAVV2.pt,3,990,990,0.004551960000000001
addrelu_prior_MTXUMK.pt,28,99,99,0.004604800000000002
addrelu_prior_31F3QJ.pt,28,182,182,0.00454382
addrelu_prior_UNFKDJ.pt,14,52,52,0.004627640000000002
addrelu_prior_0B2S3W.pt,7,116,116,0.004669199999999999
addrelu_prior_31KPQF.pt,28,152,152,0.0046057599999999995
addrelu_prior_YXGSX3.pt,56,936,936,0.004653180000000001
addrelu_prior_9RIOFL.pt,14,225,225,0.004626140000000001
addrelu_prior_2AM7D4.pt,112,786,786,0.00459908
addrelu_prior_WBUFQ4.pt,112,948,948,0.00466282
addrelu_prior_AAMQMH.pt,28,578,578,0.00467052
addrelu_prior_1NGLHO.pt,28,587,587,0.0045416399999999996
addrelu_prior_5BXKZ2.pt,14,114,114,0.004643379999999999
addrelu_prior_C5F8WW.pt,14,1341,1341,0.00457792
addrelu_prior_9W8FTO.pt,28,89,89,0.004622699999999999
addrelu_prior_Q050WQ.pt,7,98,98,0.0047179
addrelu_prior_PHZ8R9.pt,14,994,994,0.004682980000000001
addrelu_prior_T6O8P8.pt,56,148,148,0.00457244
addrelu_prior_88XH7R.pt,56,45,45,0.0046723400000000005
addrelu_prior_A4WCA4.pt,28,199,199,0.004709680000000001
addrelu_prior_BDJ68C.pt,28,526,526,0.004554020000000001
addrelu_prior_GSX1Z1.pt,28,225,225,0.004674960000000001
addrelu_prior_34JHBY.pt,14,211,211,0.004570220000000001
addrelu_prior_3JC1IB.pt,28,197,197,0.0046478399999999994
addrelu_prior_JGAIRS.pt,112,267,267,0.00464954
addrelu_prior_JCHJUD.pt,7,245,245,0.004608879999999998
addrelu_prior_0KIIC6.pt,224,68,68,0.00464674
addrelu_prior_UBYF9O.pt,28,188,188,0.004626639999999998
addrelu_prior_SWNUT2.pt,14,247,247,0.0046164199999999996
addrelu_prior_OPAOND.pt,14,81,81,0.004599840000000001
addrelu_prior_IYX96T.pt,56,229,229,0.004648500000000001
addrelu_prior_DEFR55.pt,28,184,184,0.0046507200000000005
addrelu_prior_28HR0I.pt,14,137,137,0.004593899999999998
addrelu_prior_SVA9PM.pt,7,496,496,0.004653200000000001
addrelu_prior_D4FND7.pt,14,199,199,0.00479972
addrelu_prior_C1INTU.pt,7,180,180,0.0045724599999999995
addrelu_prior_SZKUZB.pt,28,145,145,0.004708519999999999
addrelu_prior_CBKL5V.pt,7,1922,1922,0.00460982
addrelu_prior_P7QXRI.pt,14,1268,1268,0.00459302
addrelu_prior_3SNZHI.pt,28,202,202,0.004676360000000001
addrelu_prior_8VOYJW.pt,112,1013,1013,0.00465744
addrelu_prior_0ELRNM.pt,7,12,12,0.004649980000000001
addrelu_prior_EK31ML.pt,112,380,380,0.004666199999999999
addrelu_prior_U1LA1Z.pt,7,270,270,0.00471328
addrelu_prior_AO5J45.pt,56,54,54,0.00471634
addrelu_prior_WD30GE.pt,28,148,148,0.00463176
addrelu_prior_O0Y7JG.pt,14,148,148,0.0045914599999999995
addrelu_prior_KBL1OI.pt,14,1017,1017,0.0047024
addrelu_prior_6WQD6H.pt,28,1936,1936,0.0046695799999999996
addrelu_prior_3P6STI.pt,112,562,562,0.00466238
addrelu_prior_UWYJND.pt,28,85,85,0.004569159999999999
addrelu_prior_YRSH6N.pt,14,53,53,0.0046175999999999995
addrelu_prior_ORNA8O.pt,56,143,143,0.004605280000000001
addrelu_finegrained1_J0T2H3.pt,7,112,112,0.00468982
addrelu_finegrained1_IX6LNB.pt,7,130,130,0.00458638
addrelu_finegrained1_Y79YG8.pt,7,157,157,0.0046074
addrelu_finegrained1_KGRJDM.pt,7,213,213,0.004605659999999999
addrelu_finegrained1_K6Y4V6.pt,7,111,111,0.004623619999999999
addrelu_finegrained1_KC11C6.pt,7,121,121,0.00461966
addrelu_finegrained1_JFJCFS.pt,7,189,189,0.004594399999999999
addrelu_finegrained1_7D8ULB.pt,7,174,174,0.0047048
addrelu_finegrained1_WQBEPY.pt,7,177,177,0.004870760000000002
addrelu_finegrained1_ONKD26.pt,7,198,198,0.00466674
addrelu_finegrained1_BQLFNA.pt,7,195,195,0.004684379999999999
addrelu_finegrained1_KMJN39.pt,7,193,193,0.004568080000000001
addrelu_finegrained1_EK7OH6.pt,7,190,190,0.004678960000000001
addrelu_finegrained1_Q8SI33.pt,7,217,217,0.00463434
addrelu_finegrained1_YMOKZP.pt,7,209,209,0.0046352
addrelu_finegrained1_Y0ZT4V.pt,7,214,214,0.004612659999999999
addrelu_finegrained1_NYHWEN.pt,7,173,173,0.004601300000000003
addrelu_finegrained1_TVOVZ5.pt,7,207,207,0.00467542
addrelu_finegrained1_I0KCJ8.pt,7,210,210,0.0045749
addrelu_finegrained1_L9ZQR1.pt,7,113,113,0.004670459999999999
addrelu_finegrained2_6V11P6.pt,7,122,122,0.0046451
addrelu_finegrained2_5RFAXH.pt,7,143,143,0.004591059999999999
addrelu_finegrained2_38I3F4.pt,7,107,107,0.004582780000000002
addrelu_finegrained2_BC1B66.pt,7,222,222,0.004576500000000001
addrelu_finegrained2_YGR9VG.pt,7,115,115,0.004665739999999999
addrelu_finegrained2_0LUFW2.pt,7,111,111,0.0046376
addrelu_finegrained2_L4G7EM.pt,7,199,199,0.004598999999999999
addrelu_finegrained2_O58O5A.pt,7,128,128,0.005156999999999999
addrelu_finegrained2_2IIEJL.pt,7,150,150,0.004673319999999999
addrelu_finegrained2_75O3VS.pt,7,161,161,0.0046034000000000005
addrelu_finegrained2_7LX213.pt,7,153,153,0.004600560000000001
addrelu_finegrained2_56BWJ3.pt,7,198,198,0.0046104200000000005
addrelu_finegrained2_JSBTFL.pt,7,131,131,0.004589440000000001
addrelu_finegrained2_I9QISR.pt,7,121,121,0.00466596
addrelu_finegrained2_NDWRQ4.pt,7,129,129,0.00465368
addrelu_finegrained2_B2KJ1R.pt,7,209,209,0.00458754
addrelu_finegrained2_TLWZFT.pt,7,215,215,0.004607180000000001
addrelu_finegrained2_NEXS3T.pt,7,159,159,0.00468734
addrelu_finegrained2_9NEICA.pt,7,113,113,0.004638419999999999
addrelu_finegrained2_ZYM691.pt,7,187,187,0.00457984
