model_path,HW,CIN,COUT,KERNEL_SIZE,POOL_STRIDES,latency
avgpool_prior_RM1M45.pt,112,47,47,3,2,0.004489960000000002
avgpool_prior_ZHW31H.pt,112,478,478,2,2,0.004443600000000001
avgpool_prior_B463EU.pt,224,140,140,3,2,0.004370979999999999
avgpool_prior_E5M090.pt,14,56,56,3,2,0.004577760000000001
avgpool_prior_0PP2LI.pt,14,74,74,3,2,0.004399719999999999
avgpool_prior_946MW5.pt,56,72,72,2,2,0.00456642
avgpool_prior_0XFJ9L.pt,28,498,498,2,2,0.004475380000000001
avgpool_prior_3XA0N0.pt,112,47,47,2,2,0.0044786800000000005
avgpool_prior_ZL0TER.pt,224,238,238,3,2,0.00429326
avgpool_prior_VG123I.pt,112,68,68,3,2,0.004461280000000001
avgpool_prior_3FPCOE.pt,14,366,366,2,2,0.004460940000000001
avgpool_prior_NKFGUV.pt,14,248,248,2,2,0.004452620000000001
avgpool_prior_73N7WU.pt,112,62,62,2,2,0.004537500000000001
avgpool_prior_7NNRUE.pt,28,52,52,2,2,0.0045009
avgpool_prior_3IY0T0.pt,224,234,234,3,2,0.004948780000000001
avgpool_prior_L1IRCZ.pt,14,186,186,2,2,0.004443979999999999
avgpool_prior_3VIN8L.pt,112,180,180,2,2,0.0044640800000000005
avgpool_prior_94F85B.pt,112,490,490,2,1,0.00438382
avgpool_prior_6QJA2B.pt,14,513,513,3,2,0.00453642
avgpool_prior_KN2FZ7.pt,28,74,74,2,2,0.00445894
avgpool_prior_MJ9U7D.pt,28,238,238,2,1,0.004553
avgpool_prior_AUBN2X.pt,112,464,464,3,1,0.00449456
avgpool_prior_PNA4P1.pt,28,245,245,2,2,0.004599440000000001
avgpool_prior_KWN53Q.pt,28,54,54,3,2,0.00450336
avgpool_prior_EVWPWC.pt,14,74,74,2,2,0.004528859999999999
avgpool_prior_S50ZF3.pt,56,496,496,3,2,0.004476480000000001
avgpool_prior_VSOAC2.pt,14,500,500,2,1,0.0044136800000000006
avgpool_prior_GU3QC0.pt,28,41,41,3,2,0.004484319999999999
avgpool_prior_4VR9I3.pt,56,845,845,2,2,0.004460880000000001
avgpool_prior_S2I7A7.pt,56,471,471,3,2,0.0044284
avgpool_prior_RNGEE0.pt,56,253,253,3,2,0.0044217
avgpool_prior_FA65NW.pt,112,55,55,3,2,0.00434876
avgpool_prior_SPNOGQ.pt,14,836,836,2,1,0.0045086599999999985
avgpool_prior_WSP5W0.pt,14,53,53,2,2,0.004433779999999999
avgpool_prior_2O9SHS.pt,14,188,188,3,2,0.0044239200000000005
avgpool_prior_1JPCOC.pt,56,74,74,3,2,0.00441218
avgpool_prior_H3TY3U.pt,112,492,492,2,2,0.00444208
avgpool_prior_4W6L6Y.pt,14,1040,1040,3,2,0.004565359999999999
avgpool_prior_3SLJF2.pt,14,510,510,3,2,0.00450036
avgpool_prior_POOPBI.pt,28,509,509,2,2,0.004474499999999999
avgpool_prior_27SYWJ.pt,14,463,463,2,2,0.00445498
avgpool_prior_3K3HDJ.pt,56,495,495,2,2,0.0044214599999999995
avgpool_prior_265RP4.pt,14,235,235,3,2,0.00453992
avgpool_prior_KNIDNT.pt,14,66,66,2,2,0.004458780000000001
avgpool_prior_TM62MU.pt,14,50,50,3,2,0.004520060000000001
avgpool_prior_HM0GNG.pt,56,525,525,3,2,0.0044532999999999994
avgpool_prior_PHVVPO.pt,14,68,68,2,2,0.0044903
avgpool_prior_L2BIBL.pt,14,188,188,3,1,0.0044635199999999995
avgpool_prior_9KT9R0.pt,28,79,79,2,2,0.004477680000000001
avgpool_prior_4EMV0G.pt,28,186,186,3,2,0.00447188
avgpool_prior_XR0YDY.pt,14,66,66,2,2,0.004452279999999999
avgpool_prior_OJZNMK.pt,28,142,142,2,2,0.0044188000000000005
avgpool_prior_A4Q0PD.pt,112,99,99,3,2,0.004431760000000001
avgpool_prior_4GTY7L.pt,112,64,64,3,2,0.005066479999999999
avgpool_prior_0QMWNB.pt,28,508,508,3,2,0.00450206
avgpool_prior_OSJWKB.pt,112,463,463,3,2,0.00444264
avgpool_prior_TV8FK9.pt,56,62,62,3,2,0.004460519999999999
avgpool_prior_GKU52R.pt,112,144,144,3,2,0.0046288
avgpool_prior_9G59WW.pt,112,148,148,3,2,0.0044594199999999995
avgpool_prior_T7JRUZ.pt,28,502,502,2,2,0.004388740000000001
avgpool_prior_R5GRH7.pt,28,495,495,3,2,0.0045089200000000005
avgpool_prior_XG2FSG.pt,14,56,56,3,2,0.004352500000000001
avgpool_prior_MN05RX.pt,28,64,64,2,2,0.004467820000000001
avgpool_prior_SH4MOL.pt,112,67,67,2,2,0.004539959999999999
avgpool_prior_OMWY7T.pt,56,65,65,2,2,0.004437720000000002
avgpool_prior_NHUT4H.pt,112,45,45,3,1,0.004513219999999999
avgpool_prior_Q0426G.pt,112,497,497,2,2,0.004443520000000001
avgpool_prior_DAHDFB.pt,14,132,132,3,2,0.00450042
avgpool_prior_VIW7MZ.pt,28,201,201,3,1,0.00445146
avgpool_prior_2W67BG.pt,224,376,376,3,1,0.00450096
avgpool_prior_DKBC77.pt,56,847,847,2,1,0.0044255000000000015
avgpool_prior_KH0K2Y.pt,14,61,61,3,2,0.0046281000000000004
avgpool_prior_9SFVER.pt,14,507,507,2,2,0.00443304
avgpool_prior_4BJB56.pt,28,509,509,2,2,0.021350820000000003
avgpool_prior_44Z9Z1.pt,28,64,64,3,2,0.004491660000000001
avgpool_prior_A5RN84.pt,112,182,182,2,2,0.0044615800000000014
avgpool_prior_YK15TF.pt,14,231,231,3,2,0.0044370799999999995
avgpool_prior_IVQC48.pt,14,53,53,3,2,0.00445526
avgpool_prior_S1O746.pt,56,149,149,3,2,0.0044288
avgpool_prior_DZHVJR.pt,112,490,490,3,2,0.00450732
avgpool_prior_236HLY.pt,14,72,72,3,1,0.0044551999999999994
avgpool_prior_XV3HJD.pt,28,64,64,3,2,0.004560540000000001
avgpool_prior_JN0ZEH.pt,112,509,509,3,2,0.00445298
avgpool_prior_M84FJH.pt,28,58,58,3,2,0.004496900000000001
avgpool_prior_8Y1PZE.pt,14,48,48,3,1,0.0044139800000000005
avgpool_prior_H2DE49.pt,224,492,492,3,2,0.00442056
avgpool_prior_AJ75OR.pt,14,487,487,2,2,0.004536600000000002
avgpool_prior_5Y1CJV.pt,112,478,478,2,2,0.0044579599999999995
avgpool_prior_A5EYM0.pt,56,65,65,3,2,0.004474180000000001
avgpool_prior_OWFPXD.pt,112,140,140,2,1,0.00440984
avgpool_prior_2NE2VH.pt,14,382,382,3,2,0.004448799999999999
avgpool_prior_D1PE21.pt,112,88,88,2,2,0.004506200000000001
avgpool_prior_3VVYRA.pt,14,498,498,2,2,0.004553159999999999
avgpool_prior_ELNCJ2.pt,28,492,492,3,2,0.0044999
avgpool_prior_8X50R8.pt,224,235,235,2,2,0.0043684799999999975
avgpool_prior_8CQ55D.pt,56,57,57,2,2,0.00442636
avgpool_prior_6LTH18.pt,112,64,64,3,1,0.00447484
avgpool_prior_F49PPN.pt,14,149,149,2,2,0.004472439999999999
avgpool_prior_2E0TRS.pt,56,67,67,3,2,0.00445334
avgpool_prior_ON76QM.pt,224,238,238,2,2,0.00437886
avgpool_prior_DMN0EK.pt,112,69,69,3,2,0.00446818
avgpool_prior_GZK37O.pt,56,234,234,3,2,0.004458439999999999
avgpool_prior_ZIDPD5.pt,14,247,247,3,2,0.0044157799999999985
avgpool_prior_7HGA39.pt,112,52,52,3,2,0.004445860000000001
avgpool_prior_5IC2D3.pt,112,489,489,2,1,0.00444506
avgpool_prior_TU7W08.pt,56,510,510,2,2,0.004445599999999999
avgpool_prior_5IF6DB.pt,28,73,73,2,1,0.00446212
avgpool_prior_9Q68ID.pt,56,129,129,3,1,0.004491760000000002
avgpool_prior_9MDTSJ.pt,14,500,500,3,2,0.0044670000000000005
avgpool_prior_ENS6F2.pt,112,181,181,3,2,0.00506742
avgpool_prior_6BURIM.pt,112,133,133,2,2,0.004417940000000001
avgpool_prior_3HJTFN.pt,112,185,185,3,2,0.004403519999999999
avgpool_prior_4HU5AC.pt,14,51,51,3,1,0.004524820000000001
avgpool_prior_8ZSMC2.pt,14,1038,1038,2,2,0.004490640000000001
avgpool_prior_S24P5H.pt,112,840,840,2,2,0.00495512
avgpool_prior_7Q1VCZ.pt,56,511,511,3,1,0.004569340000000001
avgpool_prior_9BQZLJ.pt,28,61,61,2,1,0.00455606
avgpool_prior_C21O6M.pt,14,73,73,3,2,0.004491720000000001
avgpool_prior_TPEG8J.pt,14,509,509,3,1,0.004416899999999999
avgpool_prior_9DMJTV.pt,56,249,249,2,2,0.004416819999999999
avgpool_prior_QC7CKV.pt,112,513,513,3,1,0.00451784
avgpool_prior_AV0V43.pt,14,244,244,3,2,0.00455556
avgpool_prior_C4WI8O.pt,14,200,200,2,2,0.00453302
avgpool_prior_F8JPNZ.pt,14,195,195,2,2,0.00445382
avgpool_prior_BJKQGU.pt,112,197,197,2,2,0.00433022
avgpool_prior_SOS4BO.pt,112,490,490,2,2,0.00446362
avgpool_prior_KJ3BV5.pt,56,513,513,3,1,0.00437642
avgpool_prior_4Z53AJ.pt,14,489,489,2,2,0.004444459999999998
avgpool_prior_59LPIY.pt,112,58,58,2,2,0.004512479999999999
avgpool_prior_SX2GGI.pt,28,55,55,3,2,0.004475160000000001
avgpool_prior_1HCYGG.pt,112,199,199,3,2,0.00439996
avgpool_prior_ZTXRE8.pt,56,508,508,3,2,0.004514220000000001
avgpool_prior_8LP96P.pt,28,135,135,3,2,0.004512619999999999
avgpool_prior_I1LKAW.pt,224,492,492,2,2,0.0045220799999999995
avgpool_prior_YECYM4.pt,28,54,54,2,2,0.004407479999999999
avgpool_prior_S44OT4.pt,224,495,495,2,2,0.004401979999999997
avgpool_prior_S47TRJ.pt,14,537,537,3,2,0.0045103
avgpool_prior_XJ4V9Z.pt,112,492,492,3,2,0.004471600000000001
avgpool_prior_PK4GZL.pt,28,50,50,3,1,0.004431920000000001
avgpool_prior_AP8584.pt,28,140,140,2,2,0.00444766
avgpool_prior_EOV1DI.pt,56,381,381,3,2,0.004981900000000001
avgpool_prior_XS9RM6.pt,112,237,237,3,1,0.004595519999999999
avgpool_prior_CRXCM8.pt,56,503,503,3,2,0.005003780000000002
avgpool_prior_0TZOMT.pt,28,145,145,3,2,0.00443988
avgpool_prior_5BOW02.pt,224,477,477,3,1,0.00450466
avgpool_prior_18O7MN.pt,28,504,504,3,2,0.00446126
avgpool_prior_BQHZC5.pt,56,529,529,3,1,0.005017100000000001
avgpool_prior_50QX2D.pt,28,1038,1038,2,2,0.004496700000000001
avgpool_prior_BEETSF.pt,14,243,243,3,2,0.00446206
avgpool_prior_5XB29O.pt,112,68,68,3,1,0.00447614
avgpool_prior_G84040.pt,28,198,198,3,2,0.004443019999999999
avgpool_prior_9QZ35J.pt,14,842,842,2,2,0.004449740000000001
avgpool_prior_47VY5I.pt,14,490,490,3,2,0.004405819999999998
avgpool_prior_C530WV.pt,56,48,48,3,2,0.0044739
avgpool_prior_AMXGA6.pt,14,839,839,2,1,0.02411354
avgpool_prior_T3T28G.pt,14,85,85,2,2,0.004433779999999999
avgpool_prior_3UEN15.pt,14,843,843,2,2,0.004506659999999999
avgpool_prior_JZM6P3.pt,14,368,368,3,2,0.0046028
avgpool_prior_S7DMSQ.pt,14,62,62,2,2,0.0044684
avgpool_prior_PJJ9MD.pt,56,179,179,3,1,0.00448024
avgpool_prior_ASQGPI.pt,14,511,511,3,2,0.00443814
avgpool_prior_E6DFAF.pt,56,182,182,2,2,0.00454154
avgpool_prior_KZ54RP.pt,28,44,44,3,2,0.00432092
avgpool_prior_MWZ3O4.pt,28,231,231,2,2,0.004440059999999999
avgpool_prior_WO1PDX.pt,112,130,130,2,2,0.004956199999999999
avgpool_prior_UFMGPU.pt,56,73,73,3,2,0.00446988
avgpool_prior_IW6YIB.pt,224,28,28,2,2,0.004529240000000001
avgpool_prior_YSW4RA.pt,112,830,830,3,1,0.00440278
avgpool_prior_YK4V9P.pt,112,185,185,2,2,0.004387199999999998
avgpool_prior_S6C8CS.pt,14,492,492,2,2,0.00444278
avgpool_prior_NTLKHS.pt,224,232,232,3,2,0.004327999999999999
avgpool_prior_TI1LNX.pt,112,506,506,3,2,0.00445846
avgpool_prior_NDN97U.pt,28,833,833,2,2,0.004383639999999999
avgpool_prior_FI65OT.pt,224,56,56,3,1,0.004420259999999999
avgpool_prior_F2XN8G.pt,14,471,471,3,2,0.004537160000000001
avgpool_prior_O049LU.pt,112,65,65,2,2,0.004493199999999999
avgpool_prior_SUYDZX.pt,14,251,251,3,2,0.00444732
avgpool_prior_KUTU6F.pt,14,72,72,2,2,0.004423160000000001
avgpool_prior_3HLDL9.pt,224,501,501,3,2,0.00447998
avgpool_prior_WDO94I.pt,14,498,498,3,2,0.00454912
avgpool_prior_L5NTY1.pt,112,133,133,3,2,0.00445504
avgpool_prior_TX4IYK.pt,224,56,56,3,2,0.0044214200000000006
avgpool_prior_BT22B8.pt,14,497,497,2,2,0.004529599999999998
avgpool_prior_PFSDAD.pt,14,831,831,3,1,0.0044686000000000005
avgpool_prior_AN1J8O.pt,56,45,45,3,2,0.004471000000000001
avgpool_prior_V2QUZI.pt,56,252,252,2,1,0.0044932999999999996
avgpool_prior_DSWHJQ.pt,56,194,194,2,2,0.004478940000000001
avgpool_prior_2JLVMQ.pt,28,198,198,3,2,0.004502239999999999
avgpool_prior_70MSIE.pt,112,497,497,2,2,0.00442824
avgpool_prior_YMCXPK.pt,112,61,61,2,2,0.004467480000000001
avgpool_prior_IHLYC1.pt,14,502,502,2,2,0.00448732
avgpool_prior_AETQJ1.pt,112,495,495,2,2,0.00442928
avgpool_prior_S1AL09.pt,28,510,510,2,1,0.004503179999999999
avgpool_prior_CGNSC3.pt,224,241,241,2,1,0.0043916599999999995
avgpool_prior_Z5KFQN.pt,224,94,94,3,2,0.00444528
avgpool_prior_3PXLJ6.pt,56,250,250,2,2,0.00444452
avgpool_prior_GSQW6J.pt,112,58,58,2,2,0.004402679999999999
avgpool_prior_CO7KQQ.pt,112,63,63,2,2,0.004410719999999999
avgpool_prior_MF7EBB.pt,112,251,251,3,1,0.004439660000000001
avgpool_prior_LYENQK.pt,14,58,58,2,2,0.004506639999999999
avgpool_prior_ND3W5V.pt,14,489,489,2,2,0.004464060000000002
avgpool_prior_BR6ULL.pt,112,54,54,2,2,0.00439082
avgpool_prior_4GNXK2.pt,112,186,186,2,2,0.004365560000000001
avgpool_prior_3913TZ.pt,112,72,72,3,1,0.00451292
avgpool_prior_3FRT1Y.pt,112,192,192,3,2,0.00439998
avgpool_prior_FNWJFV.pt,14,499,499,2,2,0.0044973
avgpool_prior_ORZVGU.pt,112,61,61,2,2,0.004442360000000001
avgpool_prior_8DSYFZ.pt,112,58,58,2,1,0.00447546
avgpool_prior_CGL7ZF.pt,112,535,535,3,2,0.00445364
avgpool_prior_MAY3FV.pt,112,376,376,2,2,0.00501242
avgpool_prior_7JQBIN.pt,28,69,69,2,2,0.0044099
avgpool_prior_OVWARB.pt,112,67,67,2,2,0.00448196
avgpool_prior_LC1UNW.pt,14,180,180,3,1,0.00442668
avgpool_prior_N8GWE6.pt,56,147,147,3,1,0.0044636599999999995
avgpool_prior_8XAL0W.pt,14,481,481,2,1,0.004513679999999999
avgpool_prior_JY4TNE.pt,112,492,492,2,2,0.00440398
avgpool_prior_YN0IPG.pt,28,128,128,2,2,0.00440622
avgpool_prior_GZWSI5.pt,14,372,372,3,1,0.0045177
avgpool_prior_5H96P0.pt,112,73,73,2,2,0.004444220000000001
avgpool_prior_ZEDD82.pt,112,383,383,3,1,0.0044153
avgpool_prior_GV5FL3.pt,14,494,494,2,2,0.004452059999999998
avgpool_prior_H1O7DN.pt,112,54,54,3,2,0.0048631
avgpool_prior_XX8WNN.pt,14,60,60,3,2,0.00448324
avgpool_prior_71FIGK.pt,224,246,246,2,2,0.0043952800000000005
avgpool_prior_36L536.pt,112,473,473,2,2,0.004440740000000001
avgpool_prior_Q35HGL.pt,112,90,90,2,2,0.004511900000000001
avgpool_prior_5NGXCP.pt,28,67,67,3,2,0.004473259999999999
avgpool_prior_33TRZ7.pt,28,78,78,3,2,0.0044740599999999985
avgpool_prior_M9T8T7.pt,112,495,495,3,2,0.005010159999999999
avgpool_prior_Z2GFVS.pt,28,246,246,3,2,0.00442178
avgpool_prior_E4P68S.pt,112,502,502,3,2,0.0044525599999999995
avgpool_prior_ILISDY.pt,14,57,57,3,2,0.0044704
avgpool_prior_9VELV0.pt,56,61,61,3,1,0.00439982
avgpool_prior_TUJ0TF.pt,14,510,510,3,2,0.00445938
avgpool_prior_1U613A.pt,14,251,251,2,2,0.004926580000000001
avgpool_prior_NXYOKQ.pt,28,841,841,3,1,0.0044962199999999996
avgpool_prior_A3QA60.pt,28,74,74,3,1,0.0044464000000000005
avgpool_prior_X1LISM.pt,28,469,469,2,2,0.00451766
avgpool_prior_XDHIKZ.pt,14,59,59,3,2,0.004511619999999999
avgpool_prior_UA5ULR.pt,56,60,60,2,2,0.0045184000000000005
avgpool_prior_CT0NXI.pt,14,59,59,2,2,0.0044999
avgpool_prior_81MNBA.pt,112,484,484,3,2,0.004842979999999999
avgpool_prior_ENUBL8.pt,14,845,845,3,2,0.00446668
avgpool_prior_EV3CM2.pt,28,503,503,2,2,0.004403840000000001
avgpool_prior_P8ZBBG.pt,28,50,50,3,2,0.00445798
avgpool_prior_X2MZM7.pt,56,72,72,2,2,0.0044602
avgpool_prior_R6PVXX.pt,112,495,495,3,1,0.0044183600000000005
avgpool_prior_ZNFD2C.pt,112,147,147,2,2,0.0044487599999999995
avgpool_prior_XAAPDZ.pt,28,80,80,2,1,0.00451764
avgpool_prior_CCIV1H.pt,112,99,99,2,2,0.0044221999999999985
avgpool_prior_ULCZEZ.pt,28,253,253,2,2,0.004425940000000001
avgpool_prior_DJ3X09.pt,14,508,508,3,2,0.0044871799999999995
avgpool_prior_RJIF7Z.pt,112,485,485,2,2,0.0046122
avgpool_prior_OVR3IN.pt,224,238,238,3,2,0.00438606
avgpool_prior_354DOF.pt,112,52,52,2,2,0.004482380000000002
avgpool_prior_VLDCCG.pt,56,483,483,2,2,0.0045276199999999996
avgpool_prior_K8Z9PJ.pt,28,150,150,2,2,0.0044499
avgpool_prior_M8YIIR.pt,112,499,499,3,2,0.0044166
avgpool_prior_11KAZ0.pt,112,193,193,2,2,0.00435082
avgpool_prior_IXJ36T.pt,56,525,525,2,2,0.004449659999999999
avgpool_prior_0Y3JK3.pt,56,179,179,3,1,0.00444688
avgpool_prior_34OLUA.pt,112,503,503,3,2,0.00440752
avgpool_prior_9Z6ACG.pt,14,234,234,2,2,0.00439964
avgpool_prior_W0BUAB.pt,56,824,824,3,2,0.004389220000000001
avgpool_prior_JD8N8T.pt,112,382,382,3,2,0.0044196999999999995
avgpool_prior_UBCC8X.pt,28,248,248,3,2,0.004538060000000001
avgpool_prior_63LLG4.pt,14,241,241,2,2,0.00446266
avgpool_prior_09F8PU.pt,112,57,57,3,2,0.00441426
avgpool_prior_NU81FU.pt,28,68,68,2,2,0.004410900000000001
avgpool_prior_NJYXN2.pt,56,237,237,2,1,0.004438520000000001
avgpool_prior_TVWAXE.pt,112,81,81,3,2,0.004440820000000001
avgpool_prior_0TYFOD.pt,112,512,512,2,2,0.0044524
avgpool_prior_XFQG2F.pt,14,63,63,2,2,0.004587099999999999
avgpool_prior_8SKYFH.pt,14,44,44,2,2,0.0044243400000000006
avgpool_prior_2WLC02.pt,28,238,238,2,1,0.004394719999999999
avgpool_prior_M67EFR.pt,112,520,520,3,2,0.004426299999999999
avgpool_prior_AMNM6D.pt,14,133,133,3,2,0.00446574
avgpool_prior_PMY6EM.pt,56,504,504,3,2,0.004419920000000001
avgpool_prior_66G8M1.pt,28,245,245,2,2,0.004437679999999999
avgpool_prior_WU8BAU.pt,14,836,836,2,1,0.00444278
avgpool_prior_BRSWYG.pt,28,50,50,2,1,0.0044122
avgpool_prior_2REOH2.pt,14,498,498,2,2,0.00445874
avgpool_prior_MGK4VY.pt,14,69,69,2,2,0.00442526
avgpool_prior_TYBI14.pt,112,240,240,3,2,0.00439264
avgpool_prior_R04F0J.pt,14,513,513,2,1,0.0044867200000000005
avgpool_prior_A0KB7U.pt,14,72,72,2,2,0.00441602
avgpool_prior_RW69CH.pt,56,508,508,2,2,0.004428180000000001
avgpool_prior_0FNOYZ.pt,28,50,50,3,2,0.004455219999999999
avgpool_prior_JHD8UO.pt,112,242,242,3,2,0.00441952
avgpool_prior_HBYFKN.pt,112,481,481,3,1,0.0044548999999999995
avgpool_prior_WPUNN9.pt,14,232,232,2,2,0.004458780000000001
avgpool_prior_4TCAV1.pt,56,499,499,3,2,0.004428339999999999
avgpool_prior_QZ2DD6.pt,28,494,494,2,2,0.00444564
avgpool_prior_K8MWXE.pt,28,498,498,2,2,0.0044905
avgpool_prior_JQNJOH.pt,14,241,241,2,1,0.004402679999999999
avgpool_prior_H6E7HW.pt,112,496,496,2,1,0.0043587
avgpool_prior_NP0NXA.pt,112,192,192,2,2,0.0043777
avgpool_prior_S74EL7.pt,56,497,497,3,2,0.004451539999999999
avgpool_prior_JECTZ3.pt,112,508,508,3,2,0.004393840000000001
avgpool_prior_SOYAMO.pt,56,52,52,3,2,0.004438339999999998
avgpool_prior_WF39TS.pt,14,62,62,2,2,0.004469879999999999
avgpool_prior_9C8YL4.pt,56,238,238,2,2,0.00450566
avgpool_prior_ODG1HF.pt,56,145,145,3,2,0.00445486
avgpool_prior_B1STTZ.pt,224,1030,1030,3,2,0.004334219999999999
avgpool_prior_O7F7YJ.pt,112,250,250,2,2,0.004409619999999999
avgpool_prior_6QE18T.pt,14,492,492,2,2,0.00446388
avgpool_prior_BO642Y.pt,112,1050,1050,3,2,0.004514239999999999
avgpool_prior_EC3LB3.pt,112,483,483,2,2,0.00441878
avgpool_prior_715H1A.pt,112,504,504,2,2,0.004392260000000001
avgpool_prior_R2Q86V.pt,56,187,187,2,2,0.004432759999999999
avgpool_prior_YKPZB8.pt,112,230,230,2,2,0.004554600000000001
avgpool_prior_SICPFJ.pt,28,69,69,3,2,0.004464340000000001
avgpool_prior_UBGIR6.pt,28,143,143,3,2,0.004420180000000001
avgpool_prior_YTJXN7.pt,14,489,489,3,2,0.00451822
avgpool_prior_JFG70G.pt,14,251,251,3,2,0.004483979999999999
avgpool_prior_LGG5PB.pt,112,471,471,2,2,0.0044329
avgpool_prior_PHLTOF.pt,28,55,55,3,2,0.004555
avgpool_prior_RR6VEL.pt,28,241,241,2,2,0.004462559999999999
avgpool_prior_D684GD.pt,56,50,50,3,2,0.00451492
avgpool_prior_KRUJ1I.pt,112,513,513,2,2,0.004427180000000002
avgpool_prior_Z1PW3I.pt,112,826,826,2,2,0.00474582
avgpool_prior_DTZGDO.pt,14,502,502,3,2,0.00490408
avgpool_prior_KQ3H38.pt,112,62,62,3,2,0.00448518
avgpool_prior_NXUNIN.pt,28,187,187,3,2,0.0044827600000000006
avgpool_prior_M52KP6.pt,14,204,204,2,2,0.0044824999999999995
avgpool_prior_QYJGSY.pt,28,51,51,3,2,0.00444806
avgpool_prior_87YJ8S.pt,224,236,236,3,1,0.0046156800000000005
avgpool_prior_X2B791.pt,14,70,70,2,2,0.0044881600000000015
avgpool_prior_EFHFTN.pt,28,137,137,3,2,0.0044513
avgpool_prior_MSDS3S.pt,14,183,183,3,2,0.0045227
avgpool_prior_UK27RU.pt,112,497,497,2,2,0.00444726
avgpool_prior_CA92TW.pt,28,64,64,2,1,0.0045586199999999985
avgpool_prior_ERU8O1.pt,14,512,512,3,2,0.00445926
avgpool_prior_OFN2QY.pt,14,512,512,3,2,0.00445008
avgpool_prior_3NB5HF.pt,112,75,75,3,2,0.004435979999999999
avgpool_prior_1MAC33.pt,14,30,30,2,2,0.00444516
avgpool_prior_QVEGIH.pt,14,490,490,2,2,0.0045051399999999995
avgpool_prior_JBDE6E.pt,14,50,50,3,2,0.0045236600000000005
avgpool_prior_QIROQ1.pt,14,69,69,2,2,0.004554000000000001
avgpool_prior_G5U31C.pt,14,74,74,3,2,0.004493560000000001
avgpool_prior_THMSRL.pt,112,150,150,2,1,0.004414279999999999
avgpool_prior_1PDUO2.pt,112,504,504,3,1,0.004468860000000002
avgpool_prior_CTUOUY.pt,112,843,843,2,2,0.004512259999999999
avgpool_prior_FBH998.pt,14,232,232,3,2,0.004518659999999999
avgpool_prior_M508BJ.pt,112,489,489,2,2,0.0044361600000000015
avgpool_prior_LHEON6.pt,112,135,135,3,1,0.0044135400000000005
avgpool_prior_75E68K.pt,14,56,56,3,2,0.00440754
avgpool_prior_HF74R0.pt,14,64,64,3,1,0.004558660000000001
avgpool_prior_MIKNJR.pt,28,833,833,3,2,0.00442414
avgpool_prior_K4UCBN.pt,56,496,496,3,2,0.00441966
avgpool_prior_T2OEGR.pt,56,136,136,2,2,0.004568119999999999
avgpool_prior_TOD7B1.pt,14,500,500,2,2,0.0044502199999999995
avgpool_prior_E35ZKV.pt,14,500,500,2,2,0.00450762
avgpool_prior_P77K5D.pt,14,496,496,3,2,0.004554959999999999
avgpool_prior_EC9GSX.pt,56,57,57,2,2,0.00439246
avgpool_prior_0IA5L4.pt,56,90,90,3,1,0.00448202
avgpool_prior_EDO86H.pt,14,485,485,2,1,0.004403280000000001
avgpool_prior_QUQ6FV.pt,56,500,500,3,2,0.00441768
avgpool_prior_BDC3X6.pt,112,62,62,2,2,0.004449159999999997
avgpool_prior_9KRR3P.pt,112,188,188,2,2,0.00429742
avgpool_prior_ZWZZNT.pt,28,33,33,3,2,0.004461939999999999
avgpool_prior_53BI2K.pt,112,471,471,2,2,0.004444299999999999
avgpool_prior_74GFOM.pt,14,201,201,2,2,0.004437520000000001
avgpool_prior_Q2988Q.pt,112,1053,1053,2,2,0.004481880000000001
avgpool_prior_XE0WDQ.pt,14,146,146,2,2,0.00440678
avgpool_prior_KP078A.pt,224,66,66,2,1,0.004440540000000001
avgpool_prior_BRUNQN.pt,112,483,483,3,2,0.0043697999999999975
avgpool_prior_3MDQPH.pt,56,834,834,2,2,0.004418119999999999
avgpool_prior_65HEHG.pt,14,849,849,2,2,0.004483
avgpool_prior_8BAIIH.pt,14,54,54,2,2,0.00447342
avgpool_prior_2JFRY0.pt,14,502,502,2,2,0.004435699999999999
avgpool_prior_JLVOGU.pt,14,183,183,3,2,0.0044250999999999995
avgpool_prior_156E1O.pt,56,480,480,3,2,0.0045026400000000005
avgpool_prior_VUAAH5.pt,112,71,71,2,2,0.00444324
avgpool_prior_KIIAI4.pt,56,238,238,3,2,0.0043608200000000005
avgpool_prior_Y0Z1I0.pt,14,493,493,3,1,0.004427479999999999
avgpool_prior_CZXSM7.pt,112,231,231,3,2,0.004442379999999998
avgpool_prior_4HTVHY.pt,28,509,509,2,2,0.004462559999999997
avgpool_prior_JKUCOE.pt,14,59,59,2,1,0.0044538400000000014
avgpool_prior_RAS80C.pt,14,512,512,2,2,0.004454840000000001
avgpool_prior_V1WFLV.pt,112,178,178,3,2,0.00443068
avgpool_prior_QF5J2T.pt,112,491,491,3,2,0.004416799999999999
avgpool_prior_O2EZS1.pt,112,75,75,2,2,0.0044567800000000005
avgpool_prior_PC34VW.pt,14,73,73,2,2,0.00445426
avgpool_prior_YLS0PH.pt,14,503,503,2,2,0.00443384
avgpool_prior_UW68VV.pt,14,513,513,2,2,0.00445512
avgpool_prior_JZDPHH.pt,56,80,80,3,2,0.004478
avgpool_prior_00B0Z5.pt,28,505,505,2,2,0.0045514399999999995
avgpool_prior_4Q6R0M.pt,112,826,826,2,2,0.0044297
avgpool_prior_RL8SC0.pt,14,91,91,3,1,0.00454394
avgpool_prior_D5ZN6F.pt,28,137,137,2,2,0.004940320000000001
avgpool_prior_X1GRO7.pt,56,55,55,2,2,0.00445774
avgpool_prior_MQ722X.pt,112,89,89,3,2,0.00442898
avgpool_prior_TQ2E3N.pt,28,531,531,3,2,0.0044750799999999985
avgpool_prior_2KH5G8.pt,112,524,524,2,2,0.004355440000000001
avgpool_prior_NMY2KC.pt,28,241,241,2,2,0.00442018
avgpool_prior_FJ8DJE.pt,112,494,494,3,2,0.00440408
avgpool_prior_H9PB3Z.pt,14,38,38,3,2,0.00445202
avgpool_prior_CBA7L6.pt,56,65,65,2,2,0.004428540000000002
avgpool_prior_OTRLFW.pt,224,99,99,2,2,0.004407760000000002
avgpool_prior_21FG74.pt,112,100,100,3,2,0.0045357
avgpool_prior_EIKJKH.pt,224,522,522,3,2,0.004481360000000001
avgpool_prior_8YCLAG.pt,14,147,147,3,2,0.004950380000000001
avgpool_prior_U27LK7.pt,112,246,246,3,2,0.004439580000000001
avgpool_prior_QJ50RO.pt,112,824,824,2,2,0.004468539999999999
avgpool_prior_8BT3P0.pt,28,493,493,3,2,0.00442374
avgpool_prior_724GTF.pt,28,232,232,3,1,0.004561779999999998
avgpool_prior_JTI0Y3.pt,14,833,833,3,2,0.0044212999999999995
avgpool_prior_9M3XC0.pt,14,501,501,3,1,0.004447059999999998
avgpool_prior_O07OZT.pt,14,507,507,2,2,0.004499059999999999
avgpool_prior_K91FXJ.pt,56,60,60,2,2,0.004489540000000001
avgpool_prior_FUUSSB.pt,112,509,509,2,2,0.00452874
avgpool_prior_IRA2WR.pt,14,501,501,2,1,0.00451404
avgpool_prior_8DGEQ9.pt,224,470,470,2,2,0.0044503599999999996
avgpool_prior_YMVPOR.pt,28,1052,1052,3,2,0.00445004
avgpool_prior_JRD3ZH.pt,56,74,74,2,1,0.0044905200000000004
avgpool_prior_H3G3SV.pt,28,72,72,3,1,0.004529260000000001
avgpool_prior_J1FATU.pt,28,488,488,2,2,0.004408359999999998
avgpool_prior_WYB04H.pt,112,50,50,3,2,0.004453520000000001
avgpool_prior_ZOGCJL.pt,14,504,504,2,2,0.00461116
avgpool_prior_JA9AKP.pt,14,189,189,3,1,0.00452146
avgpool_prior_6H8F41.pt,112,500,500,3,2,0.004415720000000001
avgpool_prior_61ZIVS.pt,14,60,60,3,2,0.004520139999999999
avgpool_prior_GROQ0R.pt,112,477,477,3,2,0.0044386
avgpool_prior_X5LDNU.pt,14,495,495,3,2,0.00446182
avgpool_prior_KQZDLI.pt,28,30,30,2,2,0.00454848
avgpool_prior_LCT0IT.pt,28,34,34,2,1,0.00451784
avgpool_prior_RKN95P.pt,28,499,499,2,2,0.004521859999999998
avgpool_prior_XO6L7U.pt,14,232,232,2,2,0.0045258
avgpool_prior_5WTPDM.pt,28,51,51,3,2,0.004470620000000001
avgpool_prior_0BJXSU.pt,112,235,235,2,2,0.004458039999999999
avgpool_prior_UAPG5C.pt,14,142,142,3,2,0.004501939999999999
avgpool_prior_OWGIVN.pt,112,1048,1048,2,2,0.004507460000000001
avgpool_prior_C9E950.pt,56,492,492,3,1,0.00433978
avgpool_prior_MEI3GD.pt,112,64,64,3,2,0.00452332
avgpool_prior_0SYVRE.pt,112,138,138,2,2,0.0044318199999999995
avgpool_prior_GF6DZ8.pt,28,249,249,3,2,0.00449146
avgpool_prior_U8XTBP.pt,112,51,51,3,2,0.0051927
avgpool_prior_IWP5UN.pt,14,54,54,3,2,0.004979000000000001
avgpool_prior_3F3997.pt,28,62,62,3,2,0.0050696000000000005
avgpool_prior_AFZ9B0.pt,28,61,61,3,1,0.0044961
avgpool_prior_IGAWO5.pt,28,67,67,3,2,0.004490180000000002
avgpool_prior_JP1GSS.pt,14,61,61,3,2,0.00448558
avgpool_prior_WLXBP7.pt,14,512,512,2,2,0.004416379999999998
avgpool_prior_3S0ATW.pt,112,502,502,2,2,0.004448699999999999
avgpool_prior_1MSSRA.pt,14,100,100,3,1,0.004493340000000001
avgpool_prior_I04FDV.pt,56,254,254,3,1,0.00447706
avgpool_prior_T71TKK.pt,112,255,255,2,2,0.0044410199999999995
avgpool_prior_ISYAXF.pt,112,233,233,2,2,0.004437740000000001
avgpool_prior_OSJ2PW.pt,28,185,185,3,2,0.0044748400000000025
avgpool_prior_ED6UPL.pt,112,509,509,2,2,0.00440952
avgpool_prior_1USV25.pt,28,73,73,3,2,0.0044931400000000005
avgpool_prior_W6EQ67.pt,56,89,89,3,2,0.00440328
avgpool_prior_TRHIKQ.pt,112,494,494,3,1,0.004368899999999999
avgpool_prior_LVBVJ4.pt,14,484,484,3,1,0.00441254
avgpool_prior_WASX96.pt,56,59,59,2,2,0.0044966599999999995
avgpool_prior_T9HOND.pt,112,67,67,3,2,0.00442106
avgpool_prior_8T2FB3.pt,56,73,73,3,1,0.00441612
avgpool_prior_LUAJ4Z.pt,28,499,499,2,1,0.004541160000000001
avgpool_prior_1MZPTD.pt,28,489,489,3,2,0.004432600000000002
avgpool_prior_H7OJ2P.pt,56,500,500,3,2,0.0045073
avgpool_prior_B708P2.pt,112,490,490,2,2,0.004420339999999999
avgpool_prior_WEVB38.pt,14,68,68,3,2,0.004457600000000002
avgpool_prior_8VK3RZ.pt,112,494,494,2,2,0.004392480000000001
avgpool_prior_6DWQ16.pt,56,491,491,2,2,0.00444512
avgpool_prior_S18NCA.pt,28,54,54,3,2,0.004500980000000002
avgpool_prior_43UV4V.pt,56,835,835,3,2,0.004441779999999999
avgpool_prior_OO4CE3.pt,14,73,73,3,2,0.004453899999999999
avgpool_prior_QI1EYB.pt,56,59,59,3,2,0.004487980000000002
avgpool_prior_3YUNG8.pt,28,232,232,3,2,0.00454408
avgpool_prior_06W2RP.pt,28,64,64,2,2,0.004441779999999999
avgpool_prior_2RJNJ9.pt,112,490,490,3,2,0.0044335600000000005
avgpool_prior_9V7EC6.pt,112,233,233,3,2,0.004419079999999999
avgpool_prior_WJ2T8G.pt,28,374,374,3,2,0.004464419999999999
avgpool_prior_K6DTN1.pt,14,95,95,2,2,0.004449359999999999
avgpool_prior_VBWFIP.pt,28,844,844,2,1,0.00451214
avgpool_prior_9GCYD7.pt,14,50,50,3,2,0.004440239999999999
avgpool_prior_SL1SMB.pt,224,504,504,2,1,0.004377160000000001
avgpool_prior_2BJ4KD.pt,14,64,64,2,2,0.004561099999999999
avgpool_prior_Y22Z7O.pt,224,835,835,3,2,0.00429604
avgpool_prior_WM54I3.pt,112,145,145,3,2,0.00466418
avgpool_prior_0YPM7A.pt,224,255,255,3,1,0.0044318000000000005
avgpool_prior_BCFQKO.pt,14,511,511,2,2,0.00444258
avgpool_prior_GXWTMT.pt,28,72,72,3,2,0.004459000000000002
avgpool_prior_9RNDPZ.pt,112,25,25,2,2,0.00439304
avgpool_prior_23QHWL.pt,14,69,69,2,2,0.004489979999999999
avgpool_prior_UH82I2.pt,14,62,62,2,2,0.004433340000000001
avgpool_prior_7TGZ8U.pt,112,235,235,3,2,0.0049309
avgpool_prior_L7CJK8.pt,224,244,244,3,2,0.004369139999999999
avgpool_prior_RZ5M2P.pt,28,505,505,3,2,0.004456820000000001
avgpool_prior_MC9D8Y.pt,14,94,94,2,2,0.004389259999999999
avgpool_prior_YNM8CL.pt,56,149,149,3,2,0.0043965
avgpool_prior_TSME8V.pt,14,63,63,3,1,0.004497840000000001
avgpool_prior_5PEB72.pt,14,194,194,3,2,0.00436436
avgpool_prior_SOUW34.pt,112,248,248,3,1,0.00439316
avgpool_prior_J7ME5O.pt,28,503,503,2,2,0.0044334199999999995
avgpool_prior_CRRNXX.pt,56,505,505,3,2,0.00440822
avgpool_prior_WFQC2M.pt,28,79,79,3,2,0.004483559999999998
avgpool_prior_WJ36CQ.pt,112,1042,1042,3,2,0.00444578
avgpool_prior_3JZC1F.pt,14,829,829,3,2,0.00443362
avgpool_prior_QOPPBQ.pt,56,134,134,3,2,0.004480139999999999
avgpool_prior_LWTONQ.pt,112,846,846,2,2,0.0044135
avgpool_prior_ANKGB4.pt,112,1047,1047,3,2,0.0043992200000000006
avgpool_prior_P21MB9.pt,224,466,466,2,2,0.004436979999999999
avgpool_prior_8RON0A.pt,28,73,73,2,1,0.004446080000000001
avgpool_prior_259GWB.pt,14,68,68,2,2,0.004430320000000001
avgpool_prior_1GYZ1A.pt,56,508,508,2,2,0.0044719799999999995
avgpool_prior_W0HPJ0.pt,112,71,71,2,2,0.004424979999999999
avgpool_prior_3QB9DX.pt,28,512,512,3,2,0.004479919999999999
avgpool_prior_8Y0YOU.pt,28,74,74,3,2,0.0044122399999999996
avgpool_prior_9U5GCU.pt,112,59,59,2,2,0.004507800000000001
avgpool_prior_98R8C9.pt,112,83,83,3,1,0.004438520000000001
avgpool_prior_HJ37YO.pt,28,504,504,2,2,0.004531599999999999
avgpool_prior_H3E2U1.pt,14,501,501,3,2,0.00447262
avgpool_prior_KR88S7.pt,112,835,835,2,2,0.0044107999999999994
avgpool_prior_MYSNXC.pt,112,231,231,3,1,0.00450212
avgpool_prior_07W49Q.pt,112,502,502,2,2,0.0044946199999999995
avgpool_prior_TCX21O.pt,112,134,134,3,2,0.0043863999999999995
avgpool_prior_0EKDIV.pt,28,504,504,2,2,0.00443514
avgpool_prior_BU4BWH.pt,112,491,491,2,2,0.004437819999999999
avgpool_prior_W3FURI.pt,56,70,70,2,2,0.004981179999999999
avgpool_prior_OSDJUJ.pt,112,199,199,2,2,0.004390219999999999
avgpool_prior_U6EAWF.pt,56,513,513,2,2,0.00446958
avgpool_prior_5QDZFR.pt,56,232,232,2,2,0.004461200000000001
avgpool_prior_8CZWFW.pt,112,152,152,2,2,0.0045141
avgpool_prior_52ZNQ3.pt,112,510,510,3,2,0.00437426
avgpool_prior_Z8AIYJ.pt,56,502,502,3,1,0.004449979999999999
avgpool_prior_BAOPX2.pt,28,479,479,3,2,0.004467340000000001
avgpool_prior_M9MAE8.pt,14,245,245,3,2,0.004447
avgpool_prior_88FWS9.pt,224,511,511,2,2,0.00441244
avgpool_prior_K9NZ41.pt,14,128,128,3,2,0.00456604
avgpool_prior_1ANOOF.pt,112,465,465,2,2,0.00440374
avgpool_prior_APQ3AH.pt,14,1034,1034,2,1,0.0044135
avgpool_prior_N9AH5B.pt,112,491,491,2,2,0.0044284400000000005
avgpool_prior_QCB1Q6.pt,28,75,75,2,2,0.004450760000000001
avgpool_prior_IJPIZB.pt,28,243,243,3,2,0.00441974
avgpool_prior_SH2SVJ.pt,14,51,51,3,2,0.004410920000000001
avgpool_prior_DO4SAQ.pt,14,128,128,3,2,0.004483320000000001
avgpool_prior_K2FK8I.pt,14,130,130,3,1,0.0044772599999999985
avgpool_prior_KMPAZ6.pt,112,468,468,2,2,0.004457
avgpool_prior_X4AZR8.pt,112,510,510,3,2,0.004390439999999999
avgpool_prior_0E3LM2.pt,28,1037,1037,2,2,0.004382079999999999
avgpool_prior_G5BL51.pt,28,492,492,2,2,0.00443852
avgpool_prior_99S0JG.pt,14,69,69,2,2,0.0045008800000000005
avgpool_prior_KJ4T2H.pt,112,250,250,3,2,0.004580279999999999
avgpool_prior_RQ8QMJ.pt,28,56,56,3,2,0.004433860000000001
avgpool_prior_LHAIQQ.pt,112,504,504,3,2,0.004558300000000002
avgpool_prior_J2A4MS.pt,14,51,51,2,1,0.004428539999999999
avgpool_prior_NHKPJF.pt,112,53,53,3,2,0.00451352
avgpool_prior_YBYVQL.pt,14,495,495,3,2,0.00449674
avgpool_prior_8G7HLL.pt,28,188,188,2,2,0.004490320000000001
avgpool_prior_44X5F9.pt,14,66,66,2,2,0.004543780000000001
avgpool_prior_Z2MRBU.pt,112,64,64,2,1,0.004452379999999999
avgpool_prior_YDCG7U.pt,14,507,507,3,2,0.004487020000000001
avgpool_prior_G7ELT3.pt,28,491,491,3,2,0.00440166
avgpool_prior_GUBOQO.pt,14,130,130,3,2,0.004611080000000001
avgpool_prior_POTVUP.pt,28,506,506,2,2,0.004428439999999999
avgpool_prior_QGH8NU.pt,28,185,185,2,2,0.004441879999999999
avgpool_prior_THHBCP.pt,28,474,474,2,1,0.0045177
avgpool_prior_JY8K0Q.pt,56,500,500,3,2,0.0045139
avgpool_prior_9QT1JO.pt,14,233,233,2,2,0.00446706
avgpool_prior_L3SAWP.pt,112,843,843,3,2,0.0045378599999999995
avgpool_prior_K5Z75Q.pt,56,64,64,3,1,0.004371839999999999
avgpool_prior_18PEHZ.pt,112,251,251,2,2,0.00438612
avgpool_prior_1B2KOS.pt,28,249,249,2,2,0.004427079999999999
avgpool_prior_8NONF8.pt,112,201,201,3,2,0.00439032
avgpool_prior_5WQKDN.pt,28,200,200,2,2,0.004442959999999998
avgpool_prior_34A2LN.pt,28,247,247,3,2,0.00447904
avgpool_prior_WHVKE1.pt,28,191,191,2,2,0.004821019999999999
avgpool_prior_EHDG06.pt,112,507,507,2,2,0.0043891600000000005
avgpool_prior_3YF4EP.pt,56,1042,1042,3,2,0.004418740000000001
avgpool_prior_9FCU5X.pt,112,30,30,2,2,0.004421660000000001
avgpool_prior_79XZX7.pt,112,75,75,2,2,0.0044771199999999985
avgpool_prior_ITVV2W.pt,56,494,494,3,2,0.0044679
avgpool_prior_GE4XMT.pt,56,24,24,3,2,0.004488039999999999
avgpool_prior_NGLLYU.pt,28,63,63,2,2,0.00441178
avgpool_prior_1JSYO2.pt,56,245,245,2,1,0.0044088800000000004
avgpool_prior_Y4QW7G.pt,56,71,71,2,2,0.004482259999999999
avgpool_prior_THX5GG.pt,56,35,35,2,2,0.00443268
avgpool_prior_AEZ5ZE.pt,112,197,197,2,2,0.0044082
avgpool_prior_U7TQE0.pt,224,255,255,2,2,0.004452759999999999
avgpool_prior_0OA8EB.pt,56,502,502,2,2,0.00441842
avgpool_prior_ZWPPIS.pt,28,1052,1052,3,2,0.004596179999999999
avgpool_prior_UC92JA.pt,56,488,488,3,2,0.004436400000000001
avgpool_prior_GT4Z1F.pt,112,61,61,2,2,0.00440744
avgpool_prior_76VLUR.pt,28,843,843,3,2,0.014031060000000001
avgpool_prior_0G6488.pt,28,97,97,3,2,0.004457960000000002
avgpool_prior_6RKP5S.pt,224,254,254,3,2,0.00441942
avgpool_prior_IZFKSC.pt,112,193,193,3,2,0.00434042
avgpool_prior_14TSPW.pt,112,248,248,3,2,0.0044981199999999995
avgpool_prior_624INP.pt,112,251,251,3,2,0.00447028
avgpool_prior_O9SZ5M.pt,56,181,181,2,2,0.004437619999999998
avgpool_prior_F0QL3K.pt,224,509,509,3,2,0.004448840000000001
avgpool_prior_6PGS1T.pt,14,250,250,2,2,0.00449976
avgpool_prior_IK7N42.pt,112,42,42,3,2,0.004463899999999999
avgpool_prior_3T4VVK.pt,14,51,51,2,2,0.0045794
avgpool_prior_I946RA.pt,28,1050,1050,3,2,0.00443326
avgpool_prior_0GURLY.pt,14,235,235,2,2,0.0048854599999999995
avgpool_prior_OM3DTX.pt,14,59,59,2,1,0.00446092
avgpool_prior_8TZR74.pt,28,132,132,2,2,0.0045268
avgpool_prior_NBSSSB.pt,14,200,200,2,2,0.00445504
avgpool_prior_M8PH9Z.pt,56,200,200,3,2,0.004434179999999999
avgpool_prior_DSAJ37.pt,28,139,139,2,2,0.004406859999999999
avgpool_prior_RHY2KN.pt,112,71,71,3,1,0.004410420000000001
avgpool_prior_CX2EU2.pt,14,52,52,2,2,0.028590760000000007
avgpool_prior_QRLU7Z.pt,14,52,52,3,2,0.0046373000000000004
avgpool_prior_AWD6HY.pt,56,69,69,3,2,0.00435838
avgpool_prior_JLFXDU.pt,112,511,511,3,2,0.004555539999999999
avgpool_prior_SU1VFD.pt,56,183,183,2,2,0.004432640000000001
avgpool_prior_K94C5A.pt,14,497,497,2,2,0.004491160000000001
avgpool_prior_LR8QZ7.pt,28,83,83,2,2,0.00450442
avgpool_prior_WQY75L.pt,28,74,74,2,2,0.00447158
avgpool_prior_FP7WT9.pt,14,233,233,3,2,0.0043998399999999995
avgpool_prior_902MFC.pt,14,495,495,2,2,0.00445854
avgpool_prior_CH3KND.pt,14,251,251,2,2,0.0045116800000000006
avgpool_prior_YPTOVZ.pt,14,78,78,3,2,0.004459079999999999
avgpool_prior_QYXVJ0.pt,56,62,62,3,2,0.00444644
avgpool_prior_I5SHFX.pt,28,196,196,2,2,0.004427519999999999
avgpool_prior_CFRMSH.pt,28,494,494,2,2,0.004482959999999999
avgpool_prior_L5T1T6.pt,14,243,243,3,1,0.0044392599999999996
avgpool_prior_IAT6NK.pt,14,73,73,2,2,0.0044486
avgpool_prior_JMNQQI.pt,112,847,847,3,2,0.004411580000000002
avgpool_prior_Q0T9JV.pt,28,846,846,3,2,0.00445382
avgpool_prior_V1AFRG.pt,56,500,500,2,2,0.00451002
avgpool_prior_JHMIIG.pt,14,58,58,2,1,0.004493100000000001
avgpool_prior_ODIZEC.pt,56,66,66,2,2,0.004479819999999999
avgpool_prior_ZPJAXK.pt,28,72,72,3,2,0.004556020000000001
avgpool_prior_L63K9K.pt,112,138,138,2,2,0.004467800000000001
avgpool_prior_5864UF.pt,112,480,480,3,2,0.0044151600000000004
avgpool_prior_GCHP59.pt,14,247,247,2,2,0.004501499999999999
avgpool_prior_FYA53Q.pt,56,250,250,3,2,0.00441964
avgpool_prior_BM0QMQ.pt,56,508,508,2,2,0.004455600000000001
avgpool_prior_CUNQN2.pt,112,242,242,3,2,0.004448320000000001
avgpool_prior_6AA32T.pt,112,500,500,3,2,0.00441562
avgpool_prior_1E5YL4.pt,56,249,249,2,2,0.00436964
avgpool_prior_IISKMP.pt,112,841,841,3,2,0.00438206
avgpool_prior_J6I5P1.pt,224,235,235,2,1,0.004437520000000001
avgpool_prior_IPTCYD.pt,112,509,509,2,2,0.004460980000000001
avgpool_prior_HP2ZGR.pt,28,491,491,3,2,0.004433020000000001
avgpool_prior_0GQBCN.pt,14,235,235,3,2,0.00444772
avgpool_prior_QX8DYF.pt,14,64,64,3,2,0.004400060000000001
avgpool_prior_E1YV89.pt,14,848,848,3,2,0.004487140000000001
avgpool_prior_E2Z3KP.pt,28,187,187,3,2,0.004441
avgpool_prior_0EXV4E.pt,14,152,152,3,2,0.0044481799999999995
avgpool_prior_F72JFJ.pt,28,72,72,3,2,0.004459219999999996
avgpool_prior_MLXVR3.pt,56,250,250,3,1,0.0044248399999999985
avgpool_prior_ED5DJ1.pt,28,845,845,3,1,0.00445424
avgpool_prior_N1IJIP.pt,224,495,495,2,2,0.0043913599999999995
avgpool_prior_LCL9HY.pt,14,132,132,3,2,0.004454839999999999
avgpool_prior_6K5QH4.pt,28,832,832,2,2,0.0045102399999999996
avgpool_prior_7QWCBU.pt,14,531,531,3,2,0.0051400000000000005
avgpool_prior_4LUKE7.pt,14,839,839,3,2,0.00449428
avgpool_prior_IPQALT.pt,112,151,151,3,1,0.004428279999999998
avgpool_prior_LYZ7WC.pt,28,513,513,2,2,0.004465340000000001
avgpool_prior_X5AU8Z.pt,56,482,482,2,2,0.0044614400000000005
avgpool_prior_ITROW3.pt,14,136,136,3,1,0.0044899599999999994
avgpool_prior_K5J7CL.pt,112,51,51,2,2,0.00443832
avgpool_prior_ASVLKG.pt,112,496,496,2,2,0.004518619999999999
avgpool_prior_089DQU.pt,14,56,56,3,1,0.0044450800000000006
avgpool_prior_UCQEA9.pt,224,67,67,3,2,0.004475
avgpool_prior_FNJ2DC.pt,14,510,510,2,2,0.004453379999999999
avgpool_prior_APE80L.pt,112,509,509,2,2,0.004406659999999999
avgpool_prior_ILBO18.pt,14,497,497,2,2,0.004493600000000001
avgpool_prior_7PNVQ6.pt,56,130,130,3,2,0.00442572
avgpool_prior_2TW7UA.pt,56,503,503,2,2,0.00451044
avgpool_prior_8J7AJS.pt,28,66,66,2,2,0.00443672
avgpool_prior_J8U7UR.pt,112,192,192,2,2,0.004347600000000001
avgpool_prior_0HFGX8.pt,112,503,503,2,2,0.00451028
avgpool_prior_C1S3YA.pt,28,26,26,2,2,0.004471800000000001
avgpool_prior_M9GO83.pt,56,61,61,2,1,0.004431580000000002
avgpool_prior_RHHMNP.pt,56,148,148,3,2,0.00440188
avgpool_prior_WB12CM.pt,112,239,239,2,2,0.0044617599999999995
avgpool_prior_C8D1RS.pt,224,492,492,2,2,0.004415060000000001
avgpool_prior_CSV5JF.pt,56,62,62,3,2,0.004484800000000001
avgpool_prior_US18Z7.pt,14,56,56,3,2,0.004473040000000001
avgpool_prior_0342PL.pt,28,237,237,2,2,0.0044602800000000005
avgpool_prior_AO0WWG.pt,14,194,194,3,2,0.0044851000000000005
avgpool_prior_8QDO9X.pt,112,252,252,3,2,0.00457714
avgpool_prior_BX3OM3.pt,224,59,59,2,2,0.00445216
avgpool_prior_8YQ3RG.pt,224,247,247,2,2,0.004349839999999999
avgpool_prior_FPJ17B.pt,14,127,127,2,2,0.004444119999999999
avgpool_prior_Y577II.pt,28,362,362,3,2,0.00448978
avgpool_prior_SY03PV.pt,14,238,238,2,2,0.00446578
avgpool_prior_SA11O5.pt,224,63,63,3,2,0.004380479999999999
avgpool_prior_SEYEBQ.pt,56,520,520,2,2,0.00445178
avgpool_prior_BMD3UG.pt,112,511,511,2,2,0.004469699999999999
avgpool_prior_CSP6NW.pt,56,233,233,2,2,0.004457100000000001
avgpool_prior_0CHZ4E.pt,28,502,502,2,2,0.0044072
avgpool_prior_IHF1WA.pt,14,840,840,2,2,0.0044588
avgpool_prior_6X5URD.pt,112,50,50,3,2,0.004466980000000001
avgpool_prior_0CAJOF.pt,112,138,138,3,1,0.00442558
avgpool_prior_TY95XO.pt,56,57,57,3,2,0.0044615
avgpool_prior_AO9QLC.pt,14,180,180,3,2,0.004565280000000001
avgpool_prior_D8BWLQ.pt,14,127,127,2,2,0.00448608
avgpool_prior_2C5MGF.pt,112,134,134,2,2,0.004464920000000001
avgpool_prior_4UIE72.pt,112,56,56,2,2,0.004446879999999999
avgpool_prior_LHWZPS.pt,112,67,67,3,2,0.004402200000000001
avgpool_prior_287N4C.pt,14,235,235,3,2,0.0044204599999999985
avgpool_prior_MYN8I2.pt,112,506,506,2,2,0.00445008
avgpool_prior_52QEW8.pt,112,484,484,2,2,0.004396000000000001
avgpool_prior_UEEXK9.pt,56,179,179,3,2,0.004491099999999999
avgpool_prior_4OBV0P.pt,28,53,53,2,2,0.004453799999999998
avgpool_prior_UGMGL0.pt,14,65,65,2,1,0.004496040000000001
avgpool_prior_5ZH9KT.pt,112,825,825,2,1,0.004466200000000001
avgpool_prior_8S8H4A.pt,224,24,24,3,2,0.004475240000000001
avgpool_prior_GRDOYH.pt,112,244,244,2,2,0.00448396
avgpool_prior_0K1A0R.pt,112,41,41,3,2,0.004481640000000002
avgpool_prior_W6ULW1.pt,112,74,74,2,1,0.00447492
avgpool_prior_0E0NI2.pt,14,52,52,3,2,0.004563819999999999
avgpool_prior_WQ5IGV.pt,224,50,50,2,2,0.00490918
avgpool_prior_FKCJLH.pt,28,183,183,2,2,0.00451936
avgpool_prior_J8JGQD.pt,14,512,512,2,2,0.00442136
avgpool_prior_TVS8OC.pt,112,68,68,2,2,0.0044186799999999995
avgpool_prior_SH79IX.pt,112,825,825,2,2,0.00442436
avgpool_prior_2DFTXV.pt,14,53,53,2,2,0.004647559999999999
avgpool_prior_APA1YS.pt,14,72,72,2,2,0.004502260000000003
avgpool_prior_OXJI1K.pt,14,500,500,3,2,0.004418640000000001
avgpool_prior_VH8IQY.pt,56,494,494,3,2,0.004439959999999999
avgpool_prior_JIAO1R.pt,28,59,59,2,2,0.004456580000000001
avgpool_prior_81CZN4.pt,14,507,507,2,2,0.00440334
avgpool_prior_2B2B1F.pt,28,1040,1040,2,1,0.0044588599999999985
avgpool_prior_T8UWD6.pt,28,52,52,3,1,0.00444368
avgpool_prior_2CTVL6.pt,56,63,63,2,2,0.0044566
avgpool_prior_3V79X9.pt,14,142,142,2,2,0.00449284
avgpool_prior_H8AXMQ.pt,14,39,39,2,2,0.0044358999999999996
avgpool_prior_IVR6Z7.pt,14,61,61,2,2,0.004485220000000002
avgpool_prior_OICCW8.pt,112,51,51,3,2,0.004419820000000001
avgpool_prior_2TNG2I.pt,14,495,495,2,2,0.0044873000000000005
avgpool_prior_U49K5Q.pt,56,241,241,2,2,0.004401759999999999
avgpool_prior_LJI3O6.pt,14,61,61,3,2,0.0044335
avgpool_prior_5M1OPS.pt,56,238,238,3,2,0.011854860000000002
avgpool_prior_BU3XJ2.pt,14,249,249,2,2,0.0044324
avgpool_prior_7M0HYS.pt,112,838,838,2,2,0.00440946
avgpool_prior_9RMCB8.pt,14,65,65,2,2,0.0044631800000000015
avgpool_prior_QORBIK.pt,56,503,503,2,2,0.0044766400000000005
avgpool_prior_FA6EYA.pt,112,508,508,2,1,0.004412579999999998
avgpool_prior_6UBSEK.pt,112,183,183,2,1,0.004437279999999999
avgpool_prior_086V1C.pt,56,509,509,2,2,0.0043972199999999986
avgpool_prior_UCFR14.pt,14,1037,1037,3,2,0.004556979999999999
avgpool_prior_9NXOV5.pt,56,841,841,3,2,0.00444892
avgpool_prior_CA3J16.pt,112,54,54,3,2,0.00448758
avgpool_prior_P7Y86Z.pt,56,70,70,3,2,0.004409
avgpool_prior_X12S0V.pt,28,150,150,2,2,0.0044189
avgpool_prior_LW4KXK.pt,14,245,245,3,1,0.004542140000000001
avgpool_prior_UHA7MQ.pt,112,509,509,2,2,0.00451534
avgpool_prior_KGEB95.pt,224,254,254,3,2,0.0044195400000000004
avgpool_prior_BT0AYL.pt,112,46,46,2,2,0.00441926
avgpool_prior_U665WU.pt,112,844,844,2,1,0.0044161800000000005
avgpool_prior_NGVGVA.pt,112,50,50,2,2,0.004474499999999999
avgpool_prior_TV866G.pt,14,67,67,3,1,0.0044882199999999985
avgpool_prior_ILNO2I.pt,56,495,495,2,1,0.0044434800000000005
avgpool_prior_DY27WS.pt,14,234,234,3,2,0.004421319999999999
avgpool_prior_MG5DJ4.pt,56,507,507,3,2,0.004416359999999999
avgpool_prior_5ZKCV8.pt,112,128,128,3,1,0.004388639999999999
avgpool_prior_PRGH9T.pt,14,37,37,2,1,0.0044137
avgpool_prior_PEUWPW.pt,14,71,71,3,2,0.004545819999999999
avgpool_prior_2BUYHC.pt,112,245,245,3,2,0.0044068200000000005
avgpool_prior_R5XM67.pt,112,75,75,3,2,0.004435820000000001
avgpool_prior_6YASSO.pt,112,832,832,3,2,0.00439348
avgpool_prior_P7LG18.pt,112,68,68,3,2,0.004438620000000001
avgpool_prior_27S5FB.pt,28,849,849,3,2,0.004563059999999999
avgpool_prior_USL2EN.pt,14,47,47,2,2,0.004521499999999999
avgpool_prior_UI5J9B.pt,28,247,247,3,2,0.00437172
avgpool_prior_YZA6PR.pt,14,475,475,2,2,0.004463780000000001
avgpool_prior_56FH8B.pt,14,188,188,2,1,0.004495560000000001
avgpool_prior_3WYCLY.pt,28,133,133,3,2,0.0045002199999999975
avgpool_prior_X4WC15.pt,56,57,57,2,2,0.00443186
avgpool_prior_11ZMIX.pt,56,58,58,3,2,0.004483139999999999
avgpool_prior_32ZL7I.pt,28,1047,1047,2,2,0.00439478
avgpool_prior_1U056Z.pt,14,484,484,2,2,0.0044069800000000004
avgpool_prior_GH7AHO.pt,112,27,27,3,2,0.004459619999999999
avgpool_prior_N11H9J.pt,28,135,135,2,2,0.004514160000000001
avgpool_prior_LYWSC0.pt,28,66,66,3,2,0.0044284200000000015
avgpool_prior_RQ8ETE.pt,28,72,72,3,2,0.00444694
avgpool_prior_RP8ZUF.pt,28,39,39,3,1,0.004448419999999999
avgpool_prior_BBITCT.pt,56,504,504,3,2,0.0044962
avgpool_prior_N8RKXH.pt,14,488,488,2,1,0.004398140000000001
avgpool_prior_GLXYXG.pt,28,475,475,2,1,0.0044734
avgpool_prior_6AM6Q8.pt,112,92,92,2,1,0.004514019999999999
avgpool_prior_T59IVW.pt,112,497,497,3,2,0.00441862
avgpool_prior_ZTFSNJ.pt,14,525,525,3,2,0.00441074
avgpool_prior_CUXELO.pt,14,58,58,3,1,0.004469300000000001
avgpool_prior_AZNPIU.pt,28,52,52,2,2,0.00443524
avgpool_prior_AU9Z4M.pt,112,233,233,3,2,0.004392600000000003
avgpool_prior_7ZGNLJ.pt,112,138,138,2,2,0.00462562
avgpool_prior_0KAVQZ.pt,28,512,512,2,2,0.004425739999999998
avgpool_prior_6R1NKZ.pt,28,536,536,2,2,0.00441908
avgpool_prior_N63H9Z.pt,56,247,247,3,2,0.0044088800000000004
avgpool_prior_Q0GBF8.pt,112,53,53,2,2,0.004917220000000001
avgpool_prior_SIGA5Y.pt,112,64,64,3,1,0.00451412
avgpool_prior_UON64P.pt,28,72,72,3,2,0.004506999999999999
avgpool_prior_D06WEK.pt,112,200,200,2,2,0.00435436
avgpool_prior_BAF658.pt,56,255,255,3,1,0.004558539999999999
avgpool_prior_5TCFO1.pt,14,38,38,2,1,0.0044973600000000015
avgpool_prior_QI0N49.pt,28,502,502,3,2,0.004489960000000002
avgpool_prior_56Q2J4.pt,14,496,496,2,2,0.004415959999999999
avgpool_prior_8R3F3O.pt,112,504,504,2,1,0.00438014
avgpool_prior_NDF5KX.pt,112,495,495,3,2,0.004467059999999999
avgpool_prior_Q0N146.pt,112,508,508,2,2,0.004454379999999999
avgpool_prior_M3STHZ.pt,112,32,32,2,2,0.0044482
avgpool_prior_9VTKJ1.pt,14,72,72,3,2,0.00487484
avgpool_prior_RO5BOC.pt,14,841,841,2,2,0.004422580000000001
avgpool_prior_5CE8JM.pt,56,254,254,2,2,0.00440012
avgpool_prior_N2SDE4.pt,14,244,244,3,2,0.0045296
avgpool_prior_T5SYJU.pt,112,137,137,3,1,0.00449822
avgpool_prior_F5BX8Y.pt,112,513,513,2,2,0.00442354
avgpool_prior_43UQAZ.pt,56,467,467,3,2,0.00440588
avgpool_prior_FP3N0N.pt,28,137,137,2,2,0.004480480000000001
avgpool_prior_0Z0HRO.pt,224,236,236,3,2,0.0048898200000000005
avgpool_prior_NHHU7F.pt,14,60,60,3,1,0.00496608
avgpool_prior_S1IFV3.pt,112,133,133,2,2,0.004429639999999998
avgpool_prior_3YKZ45.pt,14,151,151,2,2,0.00445838
avgpool_prior_2S9LXQ.pt,112,375,375,2,2,0.004446380000000001
avgpool_prior_3Z6WC8.pt,14,848,848,3,2,0.004409519999999999
avgpool_prior_5KHP0S.pt,14,255,255,3,2,0.0045159399999999995
avgpool_prior_8ONP9M.pt,14,136,136,3,2,0.004450040000000001
avgpool_prior_NELWXY.pt,224,64,64,2,2,0.004454820000000001
avgpool_prior_PFESWJ.pt,14,73,73,2,2,0.004449880000000001
avgpool_prior_1JB1GC.pt,112,513,513,2,2,0.0044322400000000005
avgpool_prior_WU7AN2.pt,56,142,142,3,2,0.00444136
avgpool_prior_04WYFU.pt,224,504,504,3,2,0.004442659999999999
avgpool_prior_CXH9OH.pt,56,1046,1046,2,2,0.00442426
avgpool_prior_2YCRNJ.pt,112,137,137,3,2,0.0044728599999999995
avgpool_prior_U4WJ3H.pt,14,62,62,2,2,0.00445298
avgpool_prior_MXJQ4W.pt,28,383,383,3,2,0.0044798
avgpool_prior_OO6LXA.pt,14,51,51,3,2,0.00439756
avgpool_prior_M2TUSR.pt,112,248,248,3,2,0.00441168
avgpool_prior_0HYAAB.pt,14,531,531,3,2,0.004445100000000002
avgpool_prior_5CV0PK.pt,14,510,510,3,1,0.004467319999999999
avgpool_prior_13QQ1Q.pt,28,495,495,3,2,0.004458299999999999
avgpool_prior_S136J1.pt,112,500,500,3,2,0.004445940000000001
avgpool_prior_WTD5VM.pt,112,247,247,3,1,0.004451159999999999
avgpool_prior_3F5YG3.pt,28,47,47,3,2,0.004642179999999999
avgpool_prior_SWZ9SS.pt,28,62,62,2,2,0.004551399999999999
avgpool_prior_69K16V.pt,112,55,55,3,2,0.00445452
avgpool_prior_5IN6KI.pt,14,490,490,2,2,0.004450139999999999
avgpool_prior_LIG14A.pt,56,71,71,2,2,0.004482000000000001
avgpool_prior_LZ9FZT.pt,56,496,496,2,2,0.0044459799999999996
avgpool_prior_A6NRB3.pt,112,256,256,2,2,0.00445504
avgpool_prior_A4Z6XQ.pt,112,66,66,2,1,0.0044404399999999995
avgpool_prior_Q32SFT.pt,224,250,250,2,1,0.004473200000000002
avgpool_prior_JJ7QTS.pt,112,91,91,2,2,0.00448094
avgpool_prior_TKKJEI.pt,56,50,50,2,2,0.004480279999999999
avgpool_prior_PQBA4Y.pt,112,71,71,3,2,0.004490920000000001
avgpool_prior_5M4GAW.pt,112,501,501,2,2,0.0043802599999999995
avgpool_prior_5PUG1I.pt,56,233,233,2,2,0.004467480000000001
avgpool_prior_8O01QM.pt,112,501,501,3,2,0.004457200000000001
avgpool_prior_HKPKKQ.pt,14,195,195,2,2,0.004425499999999999
avgpool_prior_0DATUS.pt,112,61,61,3,1,0.00453818
avgpool_prior_JJDVIQ.pt,112,251,251,2,2,0.004462459999999998
avgpool_prior_XFOGW8.pt,56,71,71,3,1,0.0045378599999999995
avgpool_prior_B6MJ29.pt,112,148,148,2,2,0.0044120800000000005
avgpool_prior_NNTO8D.pt,14,238,238,2,2,0.0044516
avgpool_prior_2FFC5F.pt,56,71,71,2,1,0.004436500000000001
avgpool_prior_CAP090.pt,14,73,73,2,2,0.004505220000000002
avgpool_prior_XJP03X.pt,14,496,496,2,2,0.00439624
avgpool_prior_DJ1AKU.pt,14,251,251,3,2,0.004457020000000001
avgpool_prior_W3Q53I.pt,112,58,58,3,2,0.004425759999999998
avgpool_prior_RUBO1A.pt,112,254,254,3,1,0.004399480000000001
avgpool_prior_6PWQ63.pt,224,491,491,2,2,0.00442196
avgpool_prior_YQWFEN.pt,14,508,508,2,1,0.00443
avgpool_prior_T93ZKG.pt,224,58,58,2,1,0.0044731
avgpool_prior_47I4NW.pt,112,463,463,3,2,0.004467500000000001
avgpool_prior_I1CVMG.pt,112,66,66,3,1,0.004427019999999999
avgpool_prior_FPRIXD.pt,112,513,513,2,2,0.0045750800000000005
avgpool_prior_BVE833.pt,14,49,49,2,2,0.004517660000000001
avgpool_prior_SME732.pt,14,57,57,3,2,0.004469819999999999
avgpool_prior_79YFL5.pt,14,62,62,2,2,0.004397959999999999
avgpool_prior_VYZMTB.pt,112,75,75,2,2,0.004416699999999998
avgpool_prior_3ADA7R.pt,28,68,68,3,2,0.004420300000000001
avgpool_prior_2DTQ5P.pt,14,241,241,2,1,0.0044562399999999985
avgpool_prior_T1YG2A.pt,14,237,237,3,2,0.00438858
avgpool_prior_PPU0B1.pt,224,68,68,2,2,0.004463620000000001
avgpool_prior_ZYMVDD.pt,112,501,501,3,2,0.004520079999999998
avgpool_prior_GWH1OS.pt,112,60,60,2,2,0.004522059999999998
avgpool_prior_SR45OZ.pt,14,136,136,3,2,0.0045374
avgpool_prior_G4OP99.pt,112,510,510,3,2,0.0044195599999999995
avgpool_prior_RDQV39.pt,14,68,68,3,2,0.004390919999999999
avgpool_prior_L2QJ9A.pt,112,841,841,2,2,0.004417279999999999
avgpool_prior_20APNZ.pt,14,253,253,2,2,0.0044024599999999995
avgpool_prior_458YT1.pt,56,78,78,2,1,0.00442294
avgpool_prior_V0Y1Q0.pt,224,72,72,3,2,0.0044418800000000005
avgpool_prior_VVGFNQ.pt,28,246,246,3,2,0.004467539999999999
avgpool_prior_QPRN69.pt,28,504,504,2,2,0.00441076
avgpool_prior_8JM43Y.pt,56,828,828,2,2,0.0044115199999999995
avgpool_prior_EKCCMP.pt,112,507,507,2,2,0.00442854
avgpool_prior_DUKVWN.pt,14,133,133,3,2,0.004558720000000001
avgpool_prior_H2QMFO.pt,14,505,505,2,2,0.00456724
avgpool_prior_ZD52PP.pt,28,241,241,3,2,0.004454239999999999
avgpool_prior_FJEUG4.pt,56,498,498,3,2,0.004586620000000001
avgpool_prior_4CVFXA.pt,112,496,496,3,2,0.004596260000000002
avgpool_prior_HRYDK2.pt,14,384,384,3,2,0.004487980000000001
avgpool_prior_22ZDPD.pt,28,508,508,3,2,0.0044689
avgpool_prior_QD0NI3.pt,14,243,243,2,2,0.00448856
avgpool_prior_Q06L7C.pt,14,503,503,2,2,0.004665740000000001
avgpool_prior_CDZPF3.pt,28,143,143,2,2,0.004416219999999999
avgpool_prior_735J51.pt,14,249,249,3,1,0.0044018799999999995
avgpool_prior_ESPPU2.pt,14,371,371,3,2,0.004603740000000001
avgpool_prior_K64HK9.pt,56,56,56,3,2,0.004443079999999999
avgpool_prior_PYIMML.pt,112,191,191,2,2,0.00441496
avgpool_prior_KXQ31A.pt,14,498,498,2,2,0.00443444
avgpool_prior_MM6YQ5.pt,56,250,250,2,2,0.00440296
avgpool_prior_OF0OA1.pt,28,46,46,3,2,0.004590820000000001
avgpool_prior_MSS6IX.pt,14,255,255,2,1,0.00446914
avgpool_prior_PTSVOH.pt,56,470,470,2,2,0.004499800000000001
avgpool_prior_KC7HXR.pt,56,505,505,2,2,0.004414900000000001
avgpool_prior_8NC78A.pt,112,192,192,2,2,0.004332799999999999
avgpool_prior_4QU58J.pt,112,247,247,3,2,0.0044448
avgpool_prior_X04Y1P.pt,112,204,204,2,1,0.00442432
avgpool_prior_85ROOR.pt,14,183,183,3,2,0.0044142
avgpool_prior_HLEJ6I.pt,112,189,189,2,2,0.0043235800000000005
avgpool_prior_KAPU2E.pt,28,50,50,3,2,0.004449459999999999
avgpool_prior_EWS29W.pt,28,232,232,3,2,0.004568680000000002
avgpool_prior_7P34MK.pt,224,87,87,2,1,0.00440504
avgpool_prior_WCERJ8.pt,224,499,499,2,2,0.00444774
avgpool_prior_VLCC1N.pt,112,50,50,3,2,0.00444414
avgpool_prior_Z0ZURH.pt,14,495,495,3,2,0.004445719999999999
avgpool_prior_7DKTYF.pt,56,254,254,3,2,0.004411840000000001
avgpool_prior_NQJG9C.pt,56,59,59,3,2,0.0046533
avgpool_prior_50YP8M.pt,224,503,503,2,2,0.0044056400000000015
avgpool_prior_PVUP6K.pt,56,101,101,2,2,0.0044601400000000005
avgpool_prior_635JDY.pt,28,51,51,3,1,0.00444254
avgpool_prior_BUL63H.pt,28,146,146,3,1,0.004429239999999999
avgpool_prior_FC81UX.pt,28,49,49,2,1,0.0045455800000000005
avgpool_prior_WE83J5.pt,56,62,62,3,2,0.0044407000000000005
avgpool_prior_54M8PS.pt,56,247,247,2,2,0.004470599999999999
avgpool_prior_ENR2D2.pt,56,237,237,3,2,0.004408980000000001
avgpool_prior_RA54QM.pt,14,197,197,3,2,0.0045750800000000005
avgpool_prior_ZX7SDC.pt,112,238,238,2,2,0.004425059999999999
avgpool_prior_X9XUVD.pt,14,85,85,2,2,0.004534600000000001
avgpool_prior_OOUIVJ.pt,112,132,132,2,2,0.004435960000000002
avgpool_prior_VC2UH7.pt,28,62,62,3,2,0.004452899999999999
avgpool_prior_SOC9QL.pt,28,77,77,3,2,0.004478960000000001
avgpool_prior_37GOWG.pt,112,239,239,3,2,0.00446572
avgpool_prior_GKIVQK.pt,112,830,830,3,2,0.004443540000000001
avgpool_prior_UHUEX0.pt,112,185,185,3,2,0.00433246
avgpool_prior_5EDKTE.pt,28,373,373,2,2,0.00446732
avgpool_prior_5RTQ43.pt,28,830,830,3,2,0.0044781199999999995
avgpool_prior_A489N3.pt,14,59,59,2,2,0.00449104
avgpool_prior_EOO1N5.pt,224,497,497,3,2,0.0044129
avgpool_prior_3MPDZV.pt,14,150,150,3,2,0.004441999999999998
avgpool_prior_GU3Y3Q.pt,112,147,147,3,2,0.0045097
avgpool_prior_LY72HN.pt,28,152,152,3,2,0.00445752
avgpool_prior_89R8P7.pt,28,71,71,3,2,0.0045149000000000005
avgpool_prior_W3A7LX.pt,14,74,74,3,2,0.004398179999999999
avgpool_prior_7Q9IY9.pt,14,148,148,3,2,0.0044686000000000005
avgpool_prior_ILPUY1.pt,14,236,236,2,2,0.00443678
avgpool_prior_M3DXMR.pt,112,187,187,3,2,0.00448776
avgpool_prior_PGX04N.pt,112,73,73,3,2,0.004437459999999999
avgpool_prior_LSSSRC.pt,14,251,251,2,2,0.0044310800000000004
avgpool_prior_OREYAK.pt,28,830,830,2,1,0.00442596
avgpool_prior_JLTL1Q.pt,14,491,491,3,2,0.004558019999999999
avgpool_prior_3BARYE.pt,112,500,500,2,2,0.004395359999999999
avgpool_prior_W6ZO8H.pt,56,234,234,2,2,0.0044005599999999995
avgpool_prior_ZSN3N2.pt,14,55,55,3,2,0.004468580000000001
avgpool_prior_F3998I.pt,28,77,77,3,2,0.004443079999999999
avgpool_prior_SN0H5A.pt,56,203,203,3,2,0.00443442
avgpool_prior_Z4XC55.pt,14,502,502,2,2,0.0044486
avgpool_prior_5V7YXM.pt,28,492,492,3,1,0.0044125200000000005
avgpool_prior_X5EAL3.pt,28,64,64,3,2,0.00446926
avgpool_prior_M1VZ07.pt,224,194,194,3,2,0.004442140000000001
avgpool_prior_5K5SKP.pt,14,246,246,3,2,0.00451596
avgpool_prior_KM95RX.pt,56,41,41,2,2,0.004397380000000001
avgpool_prior_I9JPES.pt,14,491,491,2,2,0.004434119999999999
avgpool_prior_EC0AZR.pt,14,56,56,2,1,0.004419539999999999
avgpool_prior_LV6ONH.pt,14,478,478,2,2,0.004507020000000001
avgpool_prior_15TXKO.pt,14,72,72,3,2,0.004450060000000001
avgpool_prior_1GNQBS.pt,56,180,180,3,2,0.004412619999999999
avgpool_prior_GLB9V0.pt,14,32,32,2,2,0.004419339999999999
avgpool_prior_I03897.pt,112,136,136,2,2,0.004502900000000001
avgpool_prior_XFHZUF.pt,112,57,57,3,2,0.00440808
avgpool_prior_BEIAV2.pt,14,197,197,3,2,0.004422100000000001
avgpool_prior_UO6L4S.pt,28,64,64,3,2,0.00450624
avgpool_prior_OHYTW4.pt,112,508,508,3,2,0.0044358
avgpool_prior_RLW6EH.pt,56,58,58,2,2,0.00445186
avgpool_prior_WWH1QK.pt,56,511,511,3,2,0.0044268400000000005
avgpool_prior_GBSH1T.pt,14,496,496,2,2,0.004442080000000001
avgpool_prior_GUEKBH.pt,56,98,98,3,2,0.00442064
avgpool_prior_RIXG1S.pt,56,512,512,3,1,0.004475179999999999
avgpool_prior_7IN3N5.pt,224,74,74,2,2,0.0045159
avgpool_prior_ZXL451.pt,56,187,187,3,2,0.0044166200000000004
avgpool_prior_5B89ND.pt,28,531,531,3,2,0.00438072
avgpool_prior_WUIGKE.pt,56,1033,1033,2,1,0.004418160000000001
avgpool_prior_A5QPTF.pt,112,530,530,2,2,0.004416539999999999
avgpool_prior_2L64F1.pt,112,383,383,2,2,0.004368599999999999
avgpool_prior_CB4XEB.pt,112,248,248,2,2,0.0044704800000000015
avgpool_prior_DYTMYJ.pt,28,72,72,3,2,0.00445306
avgpool_prior_DV7353.pt,112,502,502,3,1,0.004404420000000001
avgpool_prior_3512RK.pt,14,505,505,2,1,0.004427660000000001
avgpool_prior_RHK7XU.pt,112,240,240,2,1,0.00440994
avgpool_prior_SXSI5M.pt,14,99,99,3,1,0.00455074
avgpool_prior_X9TM3N.pt,28,62,62,2,1,0.0043631
avgpool_prior_1XELU5.pt,112,511,511,2,2,0.004412159999999998
avgpool_prior_4A480Z.pt,224,59,59,3,2,0.004416579999999999
avgpool_prior_JYV3VQ.pt,14,1046,1046,3,1,0.00444288
avgpool_prior_TTGEVD.pt,112,56,56,3,2,0.004406
avgpool_prior_70B5S0.pt,14,133,133,3,1,0.0044640999999999995
avgpool_prior_Q2MTGB.pt,28,63,63,3,2,0.0045486599999999995
avgpool_prior_OK3XDB.pt,56,67,67,3,1,0.004428499999999999
avgpool_prior_0FWU6X.pt,14,382,382,3,2,0.004479760000000001
avgpool_prior_YNM1HU.pt,112,136,136,3,2,0.004527480000000001
avgpool_prior_G95MB1.pt,112,54,54,3,2,0.00444134
avgpool_prior_13JWZ2.pt,28,127,127,2,2,0.00449662
avgpool_prior_31SFFA.pt,224,489,489,2,2,0.004429
avgpool_prior_2Y36S9.pt,56,1043,1043,3,2,0.004465720000000001
avgpool_prior_SOCEQ7.pt,56,253,253,2,1,0.004573259999999999
avgpool_prior_2EK91Z.pt,14,65,65,2,2,0.0045693999999999995
avgpool_prior_OQF1UD.pt,56,1037,1037,2,1,0.004428119999999999
avgpool_prior_BFLFFO.pt,14,58,58,3,2,0.00446794
avgpool_prior_DEB61O.pt,112,492,492,3,2,0.00450498
avgpool_prior_19IJO3.pt,14,239,239,2,2,0.004379579999999999
avgpool_prior_Y39IAL.pt,112,61,61,2,2,0.00451056
avgpool_prior_BOZ86N.pt,112,24,24,2,2,0.004476879999999999
avgpool_prior_7GZHAO.pt,112,1031,1031,2,2,0.00446262
avgpool_prior_UDS0WU.pt,14,375,375,3,2,0.00442704
avgpool_prior_R4988E.pt,112,843,843,3,2,0.004450020000000001
avgpool_prior_79HD3F.pt,112,146,146,2,2,0.004464399999999999
avgpool_prior_XMBAKV.pt,112,254,254,3,2,0.004367280000000001
avgpool_prior_339W3M.pt,112,36,36,3,2,0.004460020000000001
avgpool_prior_5ZVH50.pt,28,479,479,2,2,0.004524000000000001
avgpool_prior_IM20BC.pt,14,464,464,2,2,0.004669459999999998
avgpool_prior_YRS9OT.pt,14,254,254,2,2,0.0044767800000000005
avgpool_prior_4ANP5F.pt,14,496,496,3,2,0.004445180000000001
avgpool_prior_6QZ8DY.pt,28,91,91,3,1,0.004565220000000001
avgpool_prior_T8DMDO.pt,28,179,179,3,2,0.004477400000000001
avgpool_prior_G113C7.pt,56,511,511,3,2,0.004411319999999999
avgpool_prior_SXIGHC.pt,14,70,70,3,2,0.00447738
avgpool_prior_ZEVHNZ.pt,56,489,489,3,2,0.004439280000000001
avgpool_prior_8GRDJ4.pt,14,509,509,2,1,0.00444124
avgpool_prior_XO3X8O.pt,224,497,497,3,2,0.0044134000000000005
avgpool_prior_C7ZTKH.pt,14,242,242,3,2,0.00453696
avgpool_prior_OIQLSU.pt,224,497,497,3,2,0.004430340000000001
avgpool_prior_3CD7E1.pt,112,491,491,2,2,0.0044943399999999994
avgpool_prior_E1281H.pt,112,47,47,2,2,0.00446284
avgpool_prior_RPQUMW.pt,28,489,489,2,2,0.004432879999999999
avgpool_prior_3R6MM7.pt,112,495,495,2,1,0.004363280000000001
avgpool_prior_Z83FRW.pt,14,128,128,3,2,0.0044333800000000015
avgpool_prior_Q2MEJQ.pt,28,96,96,2,1,0.0045174
avgpool_prior_4HKWIU.pt,28,240,240,3,2,0.010753919999999998
avgpool_prior_A2RPV2.pt,56,29,29,2,2,0.00447708
avgpool_prior_0SDZK2.pt,14,363,363,3,2,0.0045425000000000005
avgpool_prior_5LLB6O.pt,28,498,498,3,2,0.00442158
avgpool_prior_XN6SIS.pt,56,55,55,2,2,0.00449192
avgpool_prior_5OB8RD.pt,112,65,65,3,2,0.00444686
avgpool_prior_TJN0T8.pt,112,236,236,2,2,0.00437454
avgpool_prior_BDHT42.pt,56,506,506,3,2,0.004441459999999999
avgpool_prior_EU34YI.pt,28,376,376,2,2,0.004476699999999999
avgpool_prior_1N2XMJ.pt,28,93,93,2,2,0.0044873000000000005
avgpool_prior_SD9PX7.pt,112,511,511,2,2,0.00455508
avgpool_prior_XQC9HC.pt,14,489,489,3,2,0.004470019999999998
avgpool_prior_DY7A2B.pt,224,75,75,3,2,0.004454179999999999
avgpool_prior_OYNFE8.pt,56,508,508,3,2,0.00443808
avgpool_prior_CH7VT0.pt,112,148,148,2,2,0.004461639999999999
avgpool_prior_YWAMLK.pt,112,489,489,2,1,0.004414039999999999
avgpool_prior_4GPJK9.pt,112,508,508,2,2,0.00447618
avgpool_prior_4804KG.pt,56,835,835,3,2,0.00453568
avgpool_prior_A599JC.pt,28,231,231,3,2,0.004463280000000001
avgpool_prior_L0HIZX.pt,112,1044,1044,2,2,0.004481720000000001
avgpool_prior_K3PKIO.pt,112,250,250,2,2,0.004401819999999999
avgpool_prior_5Q1S5U.pt,56,151,151,2,2,0.004474180000000001
avgpool_prior_UAYWAT.pt,56,840,840,2,2,0.004395699999999999
avgpool_prior_7XHNBS.pt,28,95,95,3,2,0.004432160000000001
avgpool_prior_RIZVUH.pt,14,72,72,3,2,0.004475940000000001
avgpool_prior_IRXEJX.pt,112,98,98,3,2,0.00442738
avgpool_prior_U3H8BX.pt,14,134,134,3,2,0.004622419999999999
avgpool_prior_USLGYR.pt,28,62,62,3,2,0.004395699999999999
avgpool_prior_6CUFDN.pt,112,70,70,2,2,0.004365160000000001
avgpool_prior_VY6WG4.pt,56,69,69,3,2,0.004466300000000001
avgpool_prior_3RMF3B.pt,28,64,64,2,2,0.0044023
avgpool_prior_5S6IJ9.pt,112,236,236,2,2,0.00442458
avgpool_prior_4JCPKQ.pt,56,513,513,3,2,0.0044821999999999996
avgpool_prior_IFM5TI.pt,14,147,147,3,2,0.00459666
avgpool_prior_LEE6Q1.pt,112,835,835,3,2,0.00442764
avgpool_prior_AJAF6U.pt,14,96,96,3,2,0.004515940000000001
avgpool_prior_LODJBI.pt,14,136,136,3,2,0.00447528
avgpool_prior_Z9IEYO.pt,112,55,55,3,2,0.004386599999999999
avgpool_prior_NEBJHM.pt,14,48,48,2,2,0.004448819999999998
avgpool_prior_U7U7BE.pt,14,478,478,2,2,0.004457039999999999
avgpool_prior_F5Y6BF.pt,14,249,249,3,2,0.00442284
avgpool_prior_FKWPY9.pt,14,74,74,2,2,0.00440408
avgpool_prior_9MMBN7.pt,14,65,65,3,2,0.00456416
avgpool_prior_7J1DKX.pt,28,253,253,3,2,0.004446760000000001
avgpool_prior_ZWSTPF.pt,112,202,202,3,2,0.004434380000000001
avgpool_prior_49Y2RE.pt,14,248,248,3,2,0.00444828
avgpool_prior_ZV0S8V.pt,28,135,135,2,2,0.004513259999999998
avgpool_prior_B6RZU5.pt,28,51,51,2,2,0.00440124
avgpool_prior_1N9R2B.pt,112,247,247,2,1,0.00446022
avgpool_prior_UNCLR0.pt,112,53,53,3,2,0.004433600000000001
avgpool_prior_JD70JY.pt,224,503,503,2,2,0.004419339999999999
avgpool_prior_SBCLXN.pt,14,473,473,3,2,0.004452780000000001
avgpool_prior_XW5ME3.pt,56,539,539,2,2,0.004446
avgpool_prior_FDRE9I.pt,112,509,509,3,2,0.004428040000000001
avgpool_prior_JCO74M.pt,56,238,238,3,2,0.004512200000000001
avgpool_prior_4JKVEE.pt,28,42,42,3,2,0.004476399999999999
avgpool_prior_AO6SKT.pt,14,128,128,2,1,0.00444392
avgpool_prior_NTJA3X.pt,14,236,236,3,1,0.004443960000000002
avgpool_prior_APTS8Q.pt,112,364,364,2,2,0.00439356
avgpool_prior_XS3Q8S.pt,224,194,194,2,1,0.00444252
avgpool_prior_0B94J2.pt,28,132,132,2,2,0.004512899999999999
avgpool_prior_VATUL0.pt,224,491,491,2,2,0.005088640000000001
avgpool_prior_VIE7SJ.pt,112,234,234,2,2,0.004502299999999998
avgpool_prior_YAIJ52.pt,56,496,496,2,2,0.004382640000000002
avgpool_prior_CK2P0I.pt,112,500,500,2,2,0.004441560000000001
avgpool_prior_EERQU4.pt,112,233,233,3,2,0.00435396
avgpool_prior_LEK3BA.pt,14,252,252,3,2,0.004431040000000001
avgpool_prior_8TTK7H.pt,56,61,61,2,2,0.00462618
avgpool_prior_3XTR0B.pt,112,239,239,3,1,0.004389759999999999
avgpool_prior_6LRURR.pt,56,488,488,3,2,0.00441212
avgpool_prior_TCNOXI.pt,112,71,71,3,2,0.004439079999999999
avgpool_prior_7TXUU7.pt,112,512,512,3,2,0.00443122
avgpool_prior_XB3WH8.pt,14,501,501,2,2,0.004442379999999999
avgpool_prior_E93VVU.pt,14,371,371,3,2,0.004411999999999999
avgpool_prior_TF1QLK.pt,28,180,180,3,2,0.0045544800000000005
avgpool_prior_I2H7IH.pt,28,472,472,3,2,0.004437259999999999
avgpool_prior_URSTES.pt,28,508,508,2,1,0.004461419999999999
avgpool_prior_BZQ5N3.pt,56,488,488,2,2,0.00451108
avgpool_prior_POQHZ8.pt,28,242,242,3,2,0.004507760000000001
avgpool_prior_B4JRR0.pt,28,250,250,3,2,0.004359419999999999
avgpool_prior_5YNKX2.pt,112,233,233,2,2,0.004401020000000001
avgpool_prior_SPODPF.pt,56,181,181,3,2,0.004455739999999999
avgpool_prior_T943TI.pt,14,499,499,3,1,0.0044412
avgpool_prior_MHZ52S.pt,112,504,504,3,2,0.004425200000000001
avgpool_prior_VPSGJF.pt,56,60,60,2,1,0.004563340000000001
avgpool_prior_STSW3U.pt,14,496,496,2,2,0.004451820000000002
avgpool_prior_GN8MPZ.pt,14,493,493,2,2,0.00446276
avgpool_prior_EXWUOU.pt,56,497,497,2,2,0.00443486
avgpool_prior_RW9GKU.pt,14,135,135,2,2,0.0044054
avgpool_prior_10RB03.pt,28,490,490,2,2,0.004400039999999999
avgpool_prior_O8IA0T.pt,28,499,499,2,2,0.0044543199999999995
avgpool_prior_0BUSUW.pt,56,845,845,2,2,0.004385720000000001
avgpool_prior_ZSN51T.pt,14,150,150,2,2,0.0044356
avgpool_prior_UDEABV.pt,56,849,849,3,2,0.00443688
avgpool_prior_ZKK667.pt,28,138,138,2,2,0.00441218
avgpool_prior_5EC88J.pt,14,501,501,2,2,0.004535059999999999
avgpool_prior_RLTDFP.pt,112,59,59,2,2,0.004485040000000001
avgpool_prior_GUK4E0.pt,14,90,90,2,2,0.0043830399999999995
avgpool_prior_6WK15U.pt,14,1035,1035,2,2,0.004456419999999998
avgpool_prior_L5RLOP.pt,14,148,148,3,2,0.00445862
avgpool_prior_YNHB7E.pt,14,238,238,2,2,0.004495160000000001
avgpool_prior_6RIL3F.pt,14,497,497,2,2,0.0044533199999999985
avgpool_prior_G28VAW.pt,14,199,199,3,2,0.00445652
avgpool_prior_4R96ZB.pt,28,246,246,3,2,0.00446414
avgpool_prior_T2TWHL.pt,224,499,499,3,2,0.004405340000000001
avgpool_prior_PUZDJX.pt,56,53,53,2,2,0.00444718
avgpool_prior_4OS7O6.pt,28,510,510,2,1,0.004483660000000001
avgpool_prior_AAYTFX.pt,224,182,182,3,2,0.004407459999999999
avgpool_prior_7IO4VN.pt,28,498,498,3,2,0.004437979999999999
avgpool_prior_8ME5NH.pt,56,370,370,3,2,0.0044570799999999995
avgpool_prior_Y6977L.pt,112,135,135,2,2,0.00448268
avgpool_prior_UQI514.pt,28,74,74,3,2,0.004453939999999999
avgpool_prior_TU4B3Q.pt,56,514,514,3,2,0.004435720000000001
avgpool_prior_S4TGK1.pt,56,254,254,2,1,0.00449256
avgpool_prior_CHZVKD.pt,224,72,72,2,2,0.0044948
avgpool_prior_J48KJ2.pt,28,504,504,3,2,0.004424679999999999
avgpool_prior_O6XXDV.pt,56,836,836,3,2,0.004567399999999999
avgpool_prior_APR29X.pt,28,57,57,3,1,0.004444280000000002
avgpool_prior_W5ICGF.pt,14,32,32,3,2,0.00449188
avgpool_prior_VUX7FN.pt,28,464,464,2,1,0.004454859999999998
avgpool_prior_2CVRPK.pt,224,249,249,2,2,0.004362179999999999
avgpool_prior_3UMLSB.pt,14,494,494,3,2,0.00446354
avgpool_prior_JDZW00.pt,112,73,73,3,2,0.0044214400000000004
avgpool_prior_Z9Q07F.pt,112,186,186,2,1,0.004387639999999999
avgpool_prior_QK7VNH.pt,112,49,49,3,2,0.00438954
avgpool_prior_BVX8WF.pt,28,538,538,2,2,0.004513319999999999
avgpool_prior_K1FYUR.pt,14,81,81,3,1,0.004437099999999999
avgpool_prior_A2L4UY.pt,56,51,51,2,2,0.00456094
avgpool_prior_5PJVH9.pt,56,51,51,2,2,0.004452159999999999
avgpool_prior_YCZ8OP.pt,14,482,482,3,2,0.004431160000000001
avgpool_prior_4LK24I.pt,14,61,61,3,2,0.0044402600000000006
avgpool_prior_EI0NZR.pt,112,54,54,3,2,0.004477999999999999
avgpool_prior_ISJ3MB.pt,56,539,539,3,1,0.004504059999999997
avgpool_prior_VJP8V5.pt,112,492,492,2,2,0.004399019999999999
avgpool_prior_R4VCCG.pt,28,150,150,3,1,0.004412940000000001
avgpool_prior_E9OOFG.pt,28,505,505,2,2,0.00440204
avgpool_prior_VPMM53.pt,14,179,179,2,2,0.004419339999999999
avgpool_prior_BZ2SGF.pt,56,464,464,3,2,0.00443308
avgpool_prior_TSKUSQ.pt,112,1053,1053,2,2,0.0044275600000000005
avgpool_prior_EF2NIC.pt,14,85,85,2,2,0.0044522
avgpool_prior_C67XNE.pt,14,65,65,2,2,0.004560739999999999
avgpool_prior_80T43O.pt,224,63,63,3,2,0.004415059999999999
avgpool_prior_UHB99Y.pt,224,146,146,2,2,0.004426839999999999
avgpool_prior_1GISU4.pt,224,25,25,3,1,0.004477819999999999
avgpool_prior_99RY0W.pt,112,476,476,3,2,0.004648160000000001
avgpool_prior_SFZ3SX.pt,112,498,498,2,1,0.004438719999999999
avgpool_prior_DOWSBN.pt,28,100,100,3,2,0.00454146
avgpool_prior_XTX5JH.pt,112,56,56,2,2,0.004455860000000001
avgpool_prior_TZNKYE.pt,112,52,52,3,1,0.004440300000000001
avgpool_prior_5TYGGE.pt,28,503,503,3,2,0.00437796
avgpool_prior_UIJYJU.pt,14,492,492,3,2,0.004466780000000001
avgpool_prior_80JMW3.pt,112,495,495,3,2,0.004418620000000001
avgpool_prior_AVVCQG.pt,14,181,181,3,2,0.004528119999999999
avgpool_prior_S9WRVV.pt,224,55,55,3,1,0.0044316600000000005
avgpool_prior_IQLIC6.pt,112,57,57,3,2,0.00462756
avgpool_prior_GW8L38.pt,14,233,233,3,2,0.0044680399999999995
avgpool_prior_NRXYXX.pt,224,498,498,3,2,0.00443694
avgpool_prior_GDDLPH.pt,14,136,136,3,2,0.0045007400000000005
avgpool_prior_0FW3DW.pt,28,844,844,2,1,0.0044372199999999995
avgpool_prior_WF23I4.pt,112,98,98,3,2,0.004483240000000001
avgpool_prior_R896VW.pt,28,506,506,2,2,0.00449858
avgpool_prior_VR467H.pt,28,498,498,3,2,0.004444779999999999
avgpool_prior_D56P6N.pt,112,510,510,3,2,0.004946140000000001
avgpool_prior_KF08LG.pt,28,58,58,2,2,0.004585900000000001
avgpool_prior_F3KHSW.pt,56,40,40,2,2,0.004482240000000001
avgpool_prior_4B8GEU.pt,28,72,72,3,2,0.0044242599999999984
avgpool_prior_J53XKF.pt,112,55,55,3,1,0.004474039999999999
avgpool_prior_9T3JRZ.pt,112,501,501,2,2,0.0044380600000000015
avgpool_prior_4V02AL.pt,14,56,56,2,2,0.00447342
avgpool_prior_SVYGMR.pt,112,509,509,3,2,0.00448584
avgpool_prior_HHRK7W.pt,112,511,511,2,2,0.00448242
avgpool_prior_PBBUDR.pt,14,148,148,3,2,0.004425379999999999
avgpool_prior_WHERH4.pt,28,472,472,2,2,0.0044260800000000015
avgpool_prior_Z162KM.pt,112,96,96,3,2,0.00439978
avgpool_prior_56O0C8.pt,14,502,502,2,2,0.0045039400000000005
avgpool_prior_XK8F45.pt,56,146,146,2,2,0.004555499999999999
avgpool_prior_E9JDTT.pt,224,188,188,2,2,0.0044313600000000005
avgpool_prior_SLDYNH.pt,28,514,514,2,2,0.00445898
avgpool_prior_ZSGRRG.pt,14,73,73,3,2,0.00449972
avgpool_prior_TFR0ZB.pt,14,481,481,2,2,0.004466500000000001
avgpool_prior_8KW23K.pt,14,90,90,2,1,0.0044674
avgpool_prior_8EE56M.pt,224,491,491,3,2,0.004456759999999999
avgpool_prior_8Q4CPX.pt,112,508,508,2,2,0.004460179999999999
avgpool_prior_QNXY9P.pt,14,233,233,3,2,0.00458902
avgpool_prior_YDXE8S.pt,112,493,493,3,2,0.004555099999999999
avgpool_prior_UR5MOF.pt,112,250,250,2,2,0.004492240000000001
avgpool_prior_Z6Y71E.pt,28,383,383,2,2,0.00449696
avgpool_prior_K7D5PI.pt,224,68,68,3,2,0.00450918
avgpool_prior_29VC33.pt,28,58,58,2,2,0.00450294
avgpool_prior_XQYZDC.pt,14,72,72,2,2,0.004443139999999999
avgpool_prior_5N1LHH.pt,14,131,131,3,2,0.0044194
avgpool_prior_0PTLYR.pt,56,243,243,3,2,0.0044741999999999985
avgpool_prior_5LFQ64.pt,28,508,508,2,1,0.00448982
avgpool_prior_G7XJ5D.pt,112,238,238,3,2,0.00442354
avgpool_prior_UN5XEK.pt,14,512,512,3,2,0.004518740000000001
avgpool_prior_9LKCX7.pt,28,241,241,3,2,0.004404899999999999
avgpool_prior_K2JYKR.pt,14,508,508,2,2,0.0045669199999999995
avgpool_prior_H28FMS.pt,14,59,59,3,2,0.00449434
avgpool_prior_KFNEM7.pt,14,489,489,2,1,0.004454259999999999
avgpool_prior_8D51PY.pt,28,245,245,2,2,0.004454540000000002
avgpool_prior_E6XZ9U.pt,224,490,490,3,2,0.004399439999999999
avgpool_prior_04RQFM.pt,28,511,511,2,2,0.00449366
avgpool_prior_L3TP5U.pt,14,231,231,2,2,0.004555760000000001
avgpool_prior_NB4FX5.pt,14,142,142,2,2,0.004468419999999999
avgpool_prior_URYT8M.pt,14,490,490,2,2,0.0044572200000000005
avgpool_prior_K7S44C.pt,14,1055,1055,3,2,0.004556760000000001
avgpool_prior_RO9138.pt,56,84,84,3,2,0.004462359999999999
avgpool_prior_BR8NRK.pt,28,135,135,2,2,0.0044366599999999985
avgpool_prior_RC6AQV.pt,14,247,247,3,1,0.004503479999999999
avgpool_prior_LEEI1H.pt,112,246,246,2,2,0.0044911199999999995
avgpool_prior_4KL94U.pt,14,509,509,3,2,0.0044176
avgpool_prior_QF4UTT.pt,112,492,492,2,2,0.004437719999999999
avgpool_prior_3V8QV4.pt,28,503,503,3,2,0.004495739999999999
avgpool_prior_Y1NFZA.pt,56,248,248,3,1,0.00444784
avgpool_prior_SCBATH.pt,224,132,132,3,1,0.004495700000000001
avgpool_prior_PGFQEK.pt,56,249,249,2,2,0.00442578
avgpool_prior_PS5QMP.pt,28,250,250,2,1,0.004515439999999998
avgpool_prior_WYELGP.pt,28,58,58,3,2,0.00446914
avgpool_prior_26402O.pt,28,507,507,3,2,0.004460559999999999
avgpool_prior_QQUSC8.pt,28,49,49,2,2,0.004513559999999999
avgpool_prior_ZORTG1.pt,14,463,463,3,2,0.004463640000000001
avgpool_prior_PLZQG4.pt,112,58,58,3,2,0.00449028
avgpool_prior_CL71TK.pt,56,836,836,2,2,0.004488860000000001
avgpool_prior_J2TSP5.pt,14,244,244,3,2,0.004514280000000001
avgpool_prior_KZVHTY.pt,224,56,56,2,2,0.004543260000000002
avgpool_prior_G1FAO7.pt,224,841,841,3,2,0.004504760000000001
avgpool_prior_IEAB70.pt,112,88,88,2,2,0.004453660000000001
avgpool_prior_97DAXE.pt,14,70,70,3,2,0.00446542
avgpool_prior_S5GGWU.pt,28,99,99,3,2,0.00454058
avgpool_prior_PEDNA2.pt,28,70,70,2,2,0.004527419999999999
avgpool_prior_HT1L18.pt,112,249,249,3,2,0.004420500000000001
avgpool_prior_HEK67I.pt,224,129,129,3,1,0.004488100000000002
avgpool_prior_T49M0O.pt,56,512,512,2,2,0.00452642
avgpool_prior_60I6X0.pt,224,64,64,2,2,0.004470719999999999
avgpool_prior_TUN86M.pt,28,496,496,2,2,0.00450108
avgpool_prior_QQ6OVY.pt,112,233,233,3,2,0.004455980000000001
avgpool_prior_EPCDJJ.pt,224,83,83,3,2,0.0043631799999999995
avgpool_prior_SGK787.pt,112,838,838,3,2,0.0044150399999999985
avgpool_prior_D08LJB.pt,14,510,510,2,2,0.004469980000000002
avgpool_prior_6PHS19.pt,14,517,517,2,2,0.004423000000000001
avgpool_prior_5SA5VH.pt,28,52,52,2,2,0.004532660000000001
avgpool_prior_1EZKOJ.pt,224,237,237,3,1,0.0044453
avgpool_prior_XR802L.pt,112,72,72,3,2,0.0043780999999999985
avgpool_prior_O0V04V.pt,14,53,53,3,2,0.004507440000000001
avgpool_prior_ARQ5XK.pt,14,254,254,3,1,0.004438880000000001
avgpool_prior_W64MOA.pt,112,73,73,3,2,0.00443318
avgpool_prior_9X0CYC.pt,28,846,846,3,2,0.004458759999999999
avgpool_prior_S1R2TW.pt,56,363,363,3,2,0.00442944
avgpool_prior_8S0KU8.pt,112,252,252,3,2,0.004451180000000001
avgpool_prior_T21Y00.pt,112,57,57,2,2,0.00445082
avgpool_prior_LSV5BZ.pt,112,241,241,2,2,0.0044488
avgpool_prior_57M6UX.pt,112,29,29,3,2,0.00439534
avgpool_prior_DHTC9L.pt,56,54,54,2,2,0.0044595400000000006
avgpool_prior_O4NG3V.pt,14,493,493,2,2,0.004460379999999999
avgpool_prior_W0E3FN.pt,28,50,50,2,2,0.004460979999999998
avgpool_prior_QF1K4B.pt,14,524,524,3,1,0.004513860000000001
avgpool_prior_2VMULT.pt,56,184,184,3,2,0.004463279999999999
avgpool_prior_BIT6RS.pt,28,501,501,3,2,0.004456759999999999
avgpool_prior_6HHJCE.pt,28,67,67,3,2,0.004538160000000002
avgpool_prior_0UJG3G.pt,56,50,50,3,1,0.004474099999999998
avgpool_prior_HKGK0V.pt,112,68,68,2,2,0.00445472
avgpool_prior_0UYOOC.pt,112,249,249,2,2,0.004427000000000001
avgpool_prior_ZRTLSX.pt,224,831,831,2,2,0.004458320000000001
avgpool_prior_1ZVWS6.pt,56,56,56,2,2,0.00453288
avgpool_prior_7XO3KE.pt,56,30,30,2,2,0.0044411400000000005
avgpool_prior_DGN5JZ.pt,14,524,524,3,2,0.0044857000000000005
avgpool_prior_AY7FCM.pt,14,146,146,2,2,0.0044722799999999995
avgpool_prior_UMOP0F.pt,14,494,494,3,2,0.0044413000000000005
avgpool_prior_3JAQ3A.pt,14,241,241,3,1,0.00445116
avgpool_prior_FN1V3Q.pt,14,495,495,3,2,0.004464699999999999
avgpool_prior_VD64R1.pt,56,25,25,3,2,0.00451304
avgpool_prior_E01PL9.pt,14,1039,1039,2,2,0.00448764
avgpool_prior_KMNSC4.pt,56,494,494,2,2,0.00442604
avgpool_prior_8C7BV7.pt,56,501,501,2,2,0.004487840000000002
avgpool_prior_9ASOLY.pt,112,57,57,2,2,0.004409980000000001
avgpool_prior_QZL5T3.pt,14,148,148,3,2,0.004504280000000001
avgpool_prior_APXSIG.pt,28,835,835,3,2,0.004512979999999999
avgpool_prior_0FVMWB.pt,224,75,75,3,2,0.004511880000000001
avgpool_prior_LDV0T2.pt,56,149,149,2,2,0.00444862
avgpool_prior_4E2XSH.pt,14,90,90,2,2,0.004486120000000001
avgpool_prior_O4JO80.pt,56,234,234,2,1,0.0044912400000000005
avgpool_prior_JPGYZ6.pt,14,838,838,2,2,0.004337080000000001
avgpool_prior_4O5BE1.pt,14,190,190,2,2,0.004503519999999999
avgpool_prior_RDLVO6.pt,28,539,539,3,2,0.00444486
avgpool_prior_3M714S.pt,14,183,183,3,2,0.004472179999999999
avgpool_prior_RSNZ2R.pt,14,512,512,3,2,0.004475860000000001
avgpool_prior_8Y550H.pt,112,241,241,2,2,0.00456184
avgpool_prior_8OG7CE.pt,224,147,147,2,2,0.004441959999999998
avgpool_prior_3NUHZB.pt,56,70,70,2,2,0.00444236
avgpool_prior_4GNAMT.pt,14,510,510,2,2,0.00445768
avgpool_prior_KF0Q4H.pt,112,60,60,2,2,0.00442564
avgpool_prior_PAFTB2.pt,14,61,61,2,1,0.0044065599999999995
avgpool_prior_WE47BI.pt,14,53,53,3,2,0.00443396
avgpool_prior_RURT6Z.pt,112,462,462,3,2,0.004449480000000001
avgpool_prior_B20YPN.pt,112,529,529,3,2,0.004450499999999999
avgpool_prior_VU85OY.pt,14,376,376,3,2,0.00443224
avgpool_prior_ZO0UC8.pt,14,138,138,2,2,0.004440079999999998
avgpool_prior_MAHZX5.pt,224,136,136,2,2,0.0044953
avgpool_prior_6ZRZMX.pt,112,64,64,3,2,0.004417299999999999
avgpool_prior_567B2P.pt,14,136,136,2,2,0.004480920000000001
avgpool_prior_5S0LOQ.pt,14,63,63,3,1,0.00455488
avgpool_prior_7AU72V.pt,112,63,63,3,2,0.0044597399999999985
avgpool_prior_TZHPIO.pt,112,494,494,3,2,0.0044563400000000005
avgpool_prior_ADIQ38.pt,112,497,497,2,2,0.00453614
avgpool_prior_QHV1MQ.pt,28,255,255,2,2,0.00506704
avgpool_prior_XC1CVD.pt,28,56,56,2,2,0.004924479999999999
avgpool_prior_ON50E5.pt,14,501,501,2,2,0.004593679999999999
avgpool_prior_1ZB0S9.pt,14,232,232,3,2,0.004578319999999999
avgpool_prior_6W1TFU.pt,112,183,183,3,2,0.0044595799999999994
avgpool_prior_EDEYKD.pt,112,54,54,2,2,0.004501920000000001
avgpool_prior_Y9ALK9.pt,14,234,234,3,2,0.004452499999999999
avgpool_prior_L10P0Y.pt,56,504,504,3,2,0.004556200000000001
avgpool_prior_WZTO9V.pt,28,497,497,3,2,0.00443256
avgpool_prior_JZH9MY.pt,14,184,184,2,2,0.00446264
avgpool_prior_2RM5CJ.pt,224,230,230,2,2,0.004362959999999999
avgpool_prior_489GI5.pt,28,1041,1041,3,1,0.004447779999999999
avgpool_prior_A8H12S.pt,112,247,247,3,2,0.004421520000000001
avgpool_prior_1YPRAU.pt,224,502,502,2,2,0.004405679999999999
avgpool_prior_EZOFFT.pt,112,490,490,3,2,0.004408619999999999
avgpool_prior_2STDT8.pt,56,503,503,2,2,0.00445292
avgpool_prior_1E2KY6.pt,14,130,130,2,2,0.004468260000000001
avgpool_prior_VL0N6Z.pt,14,31,31,2,2,0.0045092000000000005
avgpool_prior_OYYYCR.pt,14,62,62,3,2,0.0044286199999999986
avgpool_prior_AAGANH.pt,28,242,242,2,2,0.004397440000000002
avgpool_prior_N7FECY.pt,28,74,74,3,2,0.004461420000000001
avgpool_prior_IT8WAA.pt,112,145,145,3,2,0.004479979999999998
avgpool_prior_MU6RPB.pt,14,500,500,2,1,0.00443958
avgpool_prior_TJSPEG.pt,28,256,256,2,2,0.00445136
avgpool_prior_0XNPA0.pt,14,186,186,3,1,0.00442584
avgpool_prior_578IEJ.pt,56,49,49,2,1,0.004479519999999998
avgpool_prior_K6IYK2.pt,14,38,38,3,2,0.0044541999999999984
avgpool_prior_KKWYIK.pt,28,67,67,3,2,0.004376759999999999
avgpool_prior_8P4R01.pt,14,509,509,2,2,0.0044516
avgpool_prior_MF5QIQ.pt,14,35,35,3,1,0.0045661999999999986
avgpool_prior_L9O190.pt,14,185,185,3,2,0.004455219999999999
avgpool_prior_40WT2M.pt,224,499,499,2,2,0.004436999999999999
avgpool_prior_2CIQX7.pt,112,145,145,2,2,0.004446319999999999
avgpool_prior_CLCVYO.pt,112,236,236,3,2,0.004454620000000001
avgpool_prior_XTPIW1.pt,56,51,51,2,2,0.00448164
avgpool_prior_XK76M1.pt,14,199,199,3,2,0.00481404
avgpool_prior_F8SMJD.pt,14,509,509,3,2,0.005013239999999999
avgpool_prior_WRHTUN.pt,224,234,234,3,2,0.004365119999999999
avgpool_prior_HQBDO7.pt,112,63,63,2,2,0.0044233
avgpool_prior_NOXHVR.pt,14,134,134,2,1,0.00445416
avgpool_prior_MC58LN.pt,224,513,513,2,1,0.0044432399999999985
avgpool_prior_FMFLDC.pt,224,127,127,3,2,0.0051639
avgpool_prior_JJBD4T.pt,112,40,40,3,2,0.004435940000000001
avgpool_prior_F4CH48.pt,56,136,136,3,2,0.004425480000000001
avgpool_prior_QTW3Y1.pt,112,491,491,2,2,0.0045636800000000005
avgpool_prior_PXJCXQ.pt,112,55,55,2,2,0.00457668
avgpool_prior_FKQ3N4.pt,28,66,66,2,2,0.0044404
avgpool_prior_IDF799.pt,112,182,182,3,2,0.004411500000000001
avgpool_prior_QUAOQQ.pt,28,501,501,3,2,0.00447766
avgpool_prior_OWWCEG.pt,224,373,373,3,1,0.0043985000000000005
avgpool_prior_EKI9ZD.pt,56,57,57,3,2,0.0043691400000000005
avgpool_prior_7H64ZG.pt,112,131,131,3,2,0.004452899999999999
avgpool_prior_EIRGWL.pt,14,481,481,2,2,0.004477640000000001
avgpool_prior_V1HE0I.pt,56,56,56,3,2,0.004432619999999999
avgpool_prior_LRVAJM.pt,112,58,58,2,2,0.004429640000000001
avgpool_prior_TLSQGO.pt,224,528,528,2,2,0.00438876
avgpool_prior_TV05YS.pt,14,73,73,2,2,0.004427860000000001
avgpool_prior_R7YU1J.pt,224,201,201,3,2,0.004381439999999998
avgpool_prior_BZR9XL.pt,14,238,238,2,2,0.004405320000000001
avgpool_prior_UKH8HN.pt,224,520,520,3,2,0.00440912
avgpool_prior_QEPYOO.pt,28,250,250,2,2,0.004450460000000001
avgpool_prior_GMTS7Y.pt,56,1039,1039,3,2,0.004455299999999999
avgpool_prior_NVN5ZM.pt,14,237,237,2,2,0.00449762
avgpool_prior_7X4YP9.pt,56,536,536,3,2,0.00442554
avgpool_prior_44WNFL.pt,112,510,510,2,2,0.004516780000000001
avgpool_prior_YOD8OZ.pt,14,199,199,2,1,0.004431359999999999
avgpool_prior_S2HMW6.pt,112,64,64,3,2,0.0044328
avgpool_prior_25ZA92.pt,14,529,529,2,2,0.004464879999999998
avgpool_prior_HWWPMT.pt,28,848,848,2,2,0.00444454
avgpool_prior_TVT5ZG.pt,112,249,249,2,2,0.004407380000000001
avgpool_prior_9JWCAF.pt,56,73,73,2,2,0.004568860000000001
avgpool_prior_J2T157.pt,56,145,145,2,2,0.0044524199999999995
avgpool_prior_NM1KV1.pt,28,483,483,2,2,0.004645579999999999
avgpool_prior_8WQN9Z.pt,14,495,495,3,2,0.004503279999999999
avgpool_prior_XG7326.pt,28,245,245,2,2,0.004455120000000002
avgpool_prior_O5HLDZ.pt,112,183,183,2,2,0.00456474
avgpool_prior_E0TH4X.pt,224,62,62,2,2,0.0045124399999999995
avgpool_prior_Q0PU5C.pt,14,848,848,3,2,0.004426940000000001
avgpool_prior_TMUR7U.pt,112,505,505,3,2,0.004411559999999999
avgpool_prior_FV3OXD.pt,112,249,249,3,2,0.004410220000000002
avgpool_prior_L8I089.pt,56,73,73,3,2,0.004499379999999998
avgpool_prior_S7QZHE.pt,14,54,54,3,2,0.00448592
avgpool_prior_1GE6WF.pt,224,242,242,2,2,0.004398179999999999
avgpool_prior_XDFDR9.pt,14,847,847,3,1,0.004434679999999999
avgpool_prior_4XEVVC.pt,28,496,496,2,2,0.004469299999999999
avgpool_prior_451GLW.pt,112,238,238,2,2,0.0044741
avgpool_prior_ZF37YJ.pt,28,190,190,2,2,0.004458660000000001
avgpool_prior_1WESSL.pt,14,66,66,3,2,0.004411840000000001
avgpool_prior_X20S8U.pt,112,72,72,2,1,0.004485240000000001
avgpool_prior_QMJ77D.pt,28,238,238,3,1,0.004416199999999999
avgpool_prior_95ZWHK.pt,14,68,68,2,2,0.004429399999999999
avgpool_prior_AIAPX8.pt,14,495,495,2,2,0.004502639999999999
avgpool_prior_LFRVNX.pt,112,383,383,3,2,0.004395859999999999
avgpool_prior_KBYKQ8.pt,112,75,75,2,2,0.004405099999999999
avgpool_prior_WZKA96.pt,112,508,508,3,2,0.004454919999999999
avgpool_prior_LJYH97.pt,224,63,63,3,2,0.004412640000000001
avgpool_prior_J0V0HK.pt,56,199,199,2,2,0.004568760000000001
avgpool_prior_EKT08I.pt,28,51,51,2,2,0.004412419999999999
avgpool_prior_F71CQQ.pt,14,523,523,2,2,0.004444640000000001
avgpool_prior_VXS85C.pt,14,511,511,3,2,0.0044589400000000015
avgpool_prior_5885Q5.pt,14,529,529,2,1,0.00445742
avgpool_prior_CUEIXU.pt,14,242,242,2,2,0.004469300000000002
avgpool_prior_8IPZT1.pt,14,245,245,2,2,0.00442938
avgpool_prior_JVA5B9.pt,56,838,838,2,2,0.00452022
avgpool_prior_TIUWJH.pt,56,98,98,2,2,0.004434160000000002
avgpool_prior_I7VWTQ.pt,28,501,501,3,2,0.0044369399999999995
avgpool_prior_XC8R20.pt,14,63,63,3,2,0.00449426
avgpool_prior_BKY1FP.pt,28,492,492,3,2,0.004398080000000001
avgpool_prior_ETXO51.pt,28,253,253,3,1,0.004459600000000001
avgpool_prior_VH2T9H.pt,28,47,47,2,2,0.005069400000000001
avgpool_prior_QAIEDE.pt,224,499,499,2,2,0.004493299999999998
avgpool_prior_ENL1ZE.pt,112,68,68,2,2,0.00437404
avgpool_prior_4NPLM7.pt,14,134,134,3,2,0.004405179999999999
avgpool_prior_SGTK43.pt,28,513,513,2,2,0.004492059999999998
avgpool_prior_B6UC3Q.pt,14,44,44,2,1,0.00445978
avgpool_prior_869VTJ.pt,14,476,476,3,2,0.00450166
avgpool_prior_NYL6Z8.pt,112,491,491,2,2,0.00444656
avgpool_prior_VWURSA.pt,14,501,501,3,2,0.00451616
avgpool_prior_CD8753.pt,14,849,849,3,2,0.00445216
avgpool_prior_MK2JJ9.pt,14,250,250,2,2,0.0044455599999999994
avgpool_prior_DK2F2U.pt,112,831,831,2,2,0.004450259999999999
avgpool_prior_SPVF6Y.pt,56,63,63,3,2,0.00443668
avgpool_prior_LC411G.pt,56,84,84,2,2,0.00452856
avgpool_prior_V674TI.pt,112,53,53,2,1,0.004573960000000001
avgpool_prior_4PBJQ4.pt,14,82,82,3,2,0.004502279999999999
avgpool_prior_SAA97Y.pt,14,488,488,3,1,0.00440518
avgpool_prior_TZLHZF.pt,112,488,488,2,1,0.004428120000000001
avgpool_prior_DZ62F6.pt,112,498,498,3,2,0.004386860000000001
avgpool_prior_FD90V8.pt,112,56,56,2,2,0.0044144
avgpool_prior_2MIGEE.pt,112,38,38,3,2,0.004612440000000001
avgpool_prior_3S76MX.pt,14,1041,1041,3,2,0.004412839999999999
avgpool_prior_L4TKJG.pt,56,59,59,3,2,0.004476420000000001
avgpool_prior_AL1CWU.pt,14,498,498,3,2,0.00447494
avgpool_prior_8K01XN.pt,14,60,60,2,2,0.02722845999999999
avgpool_prior_AFVL7F.pt,224,182,182,2,1,0.004361560000000002
avgpool_prior_J4GX9J.pt,14,525,525,3,2,0.004491140000000001
avgpool_prior_1YN4Y5.pt,28,62,62,3,2,0.0045141800000000004
avgpool_prior_IXY8L8.pt,28,53,53,2,2,0.0045014799999999995
avgpool_prior_FA1Y6M.pt,112,39,39,2,2,0.0044818800000000015
avgpool_prior_2SUS7V.pt,28,60,60,2,2,0.0045249800000000005
avgpool_prior_RZMDY8.pt,28,74,74,3,2,0.00456212
avgpool_prior_XMF5OT.pt,28,64,64,2,2,0.004408619999999999
avgpool_prior_SQQNVV.pt,224,237,237,3,2,0.004331100000000001
avgpool_prior_G0OLFM.pt,28,246,246,2,2,0.0044672800000000006
avgpool_prior_YA3VJ7.pt,28,145,145,3,2,0.004454619999999998
avgpool_prior_19581K.pt,14,88,88,3,2,0.004644059999999999
avgpool_prior_VIZ560.pt,56,49,49,3,2,0.0044849400000000015
avgpool_prior_6MBQWN.pt,56,250,250,2,2,0.0045479
avgpool_prior_LG3N4L.pt,112,501,501,3,2,0.004484740000000001
avgpool_prior_H2IZMX.pt,14,251,251,3,2,0.004407320000000001
avgpool_prior_ACUNHU.pt,14,54,54,3,2,0.0044830600000000005
avgpool_prior_I4C7JK.pt,112,468,468,2,2,0.00439898
avgpool_prior_2QYKGX.pt,14,68,68,3,2,0.004449239999999999
avgpool_prior_BEOV4H.pt,14,485,485,2,2,0.00467924
avgpool_prior_4BSTM2.pt,28,69,69,3,2,0.0045215
avgpool_prior_BFO4MP.pt,28,839,839,3,1,0.00446368
avgpool_prior_YGH4A5.pt,14,1049,1049,2,2,0.00445284
avgpool_prior_OKGHHA.pt,56,70,70,3,2,0.004472260000000001
avgpool_prior_PJG5GJ.pt,14,61,61,3,1,0.004451620000000002
avgpool_prior_Y9ENWZ.pt,14,513,513,2,2,0.004537200000000002
avgpool_prior_C0LEZ7.pt,14,61,61,2,2,0.004545419999999999
avgpool_prior_BODEK0.pt,14,371,371,3,2,0.0044512200000000005
avgpool_prior_J9ARUQ.pt,28,235,235,2,2,0.004479680000000001
avgpool_prior_346YEE.pt,112,47,47,2,2,0.004444660000000001
avgpool_prior_U53XQ0.pt,14,54,54,3,2,0.004488060000000001
avgpool_prior_KREFON.pt,224,830,830,3,2,0.00430014
avgpool_prior_OOQ4V2.pt,56,178,178,2,2,0.004429400000000001
avgpool_prior_OJMEFF.pt,28,839,839,3,2,0.00442564
avgpool_prior_1FLUVN.pt,28,384,384,2,2,0.00444618
avgpool_prior_U42ATG.pt,28,497,497,3,2,0.00448752
avgpool_prior_AB97GG.pt,14,233,233,3,2,0.004438059999999999
avgpool_prior_NKH07C.pt,14,62,62,3,2,0.00448056
avgpool_prior_30OB46.pt,112,32,32,3,2,0.004451479999999999
avgpool_prior_3EAVTC.pt,56,495,495,3,2,0.004439440000000001
avgpool_prior_5DU0YX.pt,14,246,246,3,2,0.004467160000000001
avgpool_prior_34WPB2.pt,56,505,505,3,1,0.004476620000000001
avgpool_prior_X9KXZF.pt,56,501,501,2,2,0.0044201
avgpool_prior_CYH4IG.pt,14,488,488,2,2,0.00446636
avgpool_prior_XNW9A7.pt,112,842,842,3,2,0.00446104
avgpool_prior_6N8CPU.pt,224,52,52,3,2,0.0045415
avgpool_prior_QZOX1Z.pt,56,510,510,2,1,0.00445236
avgpool_prior_VKZTZR.pt,28,150,150,3,2,0.004491099999999999
avgpool_prior_EDT8BQ.pt,14,489,489,3,2,0.00442884
avgpool_prior_FYGRTS.pt,28,490,490,3,1,0.00450682
avgpool_prior_UOW10U.pt,14,366,366,2,2,0.004444760000000001
avgpool_prior_5FVE7C.pt,112,831,831,3,2,0.00445144
avgpool_prior_IJMX0I.pt,112,510,510,2,2,0.0044836799999999994
avgpool_prior_PEBJXF.pt,28,63,63,3,1,0.00450682
avgpool_prior_6P7PF2.pt,14,251,251,2,1,0.004540600000000001
avgpool_prior_ZUK8PD.pt,112,1041,1041,3,1,0.004543540000000001
avgpool_prior_9ODRMA.pt,14,55,55,3,1,0.0044665
avgpool_prior_2THGFZ.pt,112,247,247,3,2,0.004479099999999999
avgpool_prior_1XO4V2.pt,112,72,72,3,2,0.004468060000000001
avgpool_prior_J1H8AE.pt,56,236,236,2,2,0.0044436200000000006
avgpool_prior_GM56HX.pt,112,374,374,2,2,0.004508839999999999
avgpool_prior_RZ81YS.pt,28,500,500,2,2,0.0044017200000000005
avgpool_prior_0A0KO6.pt,112,91,91,3,2,0.0043802400000000005
avgpool_prior_FFP1XD.pt,112,467,467,2,2,0.00447968
avgpool_prior_SH1UGW.pt,14,62,62,2,2,0.004542900000000002
avgpool_prior_EPZ50X.pt,112,58,58,2,2,0.004474379999999999
avgpool_prior_T1LPT7.pt,14,251,251,3,2,0.004438300000000001
avgpool_prior_UNSZL0.pt,28,468,468,3,2,0.004393580000000001
avgpool_prior_4RFQ1S.pt,28,131,131,2,2,0.004499179999999999
avgpool_prior_M42ADQ.pt,112,65,65,2,2,0.004465640000000002
avgpool_prior_XBY9GH.pt,112,54,54,3,2,0.004471879999999999
avgpool_prior_KOG97C.pt,112,840,840,2,2,0.0044075
avgpool_prior_3HV0S9.pt,14,364,364,3,1,0.004564479999999999
avgpool_prior_NOPTVH.pt,112,202,202,3,2,0.0045052
avgpool_prior_Z5MY7I.pt,14,81,81,3,2,0.0049993400000000006
avgpool_prior_RYLFRK.pt,112,62,62,2,1,0.004437259999999998
avgpool_prior_TF91LP.pt,28,237,237,2,2,0.00443628
avgpool_prior_N7G7LJ.pt,14,493,493,3,1,0.00443054
avgpool_prior_2IFGZA.pt,112,30,30,3,2,0.004406900000000001
avgpool_prior_741IK1.pt,112,489,489,2,2,0.00440076
avgpool_prior_CUNBL6.pt,14,503,503,2,2,0.00446256
avgpool_prior_9YAUE2.pt,112,130,130,3,2,0.004437759999999998
avgpool_prior_X4TNVQ.pt,28,508,508,2,2,0.00443742
avgpool_prior_W2O2GR.pt,28,144,144,3,1,0.004397900000000001
avgpool_prior_DKWGEV.pt,56,57,57,2,2,0.004434700000000001
avgpool_prior_8EP9IQ.pt,14,61,61,3,1,0.004529439999999999
avgpool_prior_1YUWJ3.pt,28,239,239,2,2,0.004427600000000001
avgpool_prior_49WYPB.pt,56,365,365,3,2,0.004487679999999999
avgpool_prior_O8VWKV.pt,28,1035,1035,2,2,0.004449599999999999
avgpool_prior_VAG905.pt,28,845,845,2,2,0.00443
avgpool_prior_MW8412.pt,56,477,477,3,2,0.004451639999999999
avgpool_prior_E3YUH0.pt,112,70,70,3,2,0.0045200200000000005
avgpool_prior_IKV2EV.pt,112,143,143,2,2,0.004455639999999999
avgpool_prior_CZLIJV.pt,56,377,377,2,2,0.004504600000000001
avgpool_prior_88ACO7.pt,14,830,830,2,2,0.004438320000000001
avgpool_prior_SS7CS1.pt,112,147,147,3,1,0.004421919999999999
avgpool_prior_8BD9EY.pt,112,232,232,2,2,0.004534479999999999
avgpool_prior_POUQF2.pt,28,56,56,3,1,0.004520259999999999
avgpool_prior_IT0QYW.pt,14,132,132,2,2,0.004491480000000001
avgpool_prior_W7QNG3.pt,224,829,829,3,2,0.004342680000000001
avgpool_prior_S6ASCZ.pt,56,247,247,2,2,0.0044389400000000015
avgpool_prior_IA818C.pt,28,69,69,3,2,0.004456419999999998
avgpool_prior_2X7K7C.pt,112,56,56,3,2,0.004404760000000001
avgpool_prior_EHII9A.pt,112,833,833,3,2,0.00447336
avgpool_prior_EO0M8J.pt,112,250,250,3,2,0.004491040000000001
avgpool_prior_BIBBQT.pt,28,68,68,2,2,0.0045447
avgpool_prior_X4AIQ3.pt,112,498,498,3,2,0.004459599999999999
avgpool_prior_ZD0GCI.pt,112,96,96,3,1,0.0044526999999999995
avgpool_prior_6CIA1X.pt,14,80,80,2,2,0.00443154
avgpool_prior_7WI6XW.pt,112,496,496,2,2,0.004379439999999999
avgpool_prior_2O0J0H.pt,14,50,50,2,2,0.004460240000000001
avgpool_prior_WUK3MO.pt,56,254,254,2,2,0.004505639999999999
avgpool_prior_GLNM8Y.pt,14,509,509,2,2,0.00454844
avgpool_prior_LLL2U1.pt,28,193,193,3,2,0.0043723600000000005
avgpool_prior_T1BOXM.pt,56,183,183,3,2,0.004452
avgpool_prior_7A1M6T.pt,112,73,73,2,2,0.004440100000000001
avgpool_prior_A4TM0J.pt,224,501,501,3,2,0.00441704
avgpool_prior_DIFSKO.pt,56,65,65,3,1,0.0044170599999999996
avgpool_prior_KUOV6J.pt,28,503,503,2,2,0.004493279999999999
avgpool_prior_OANFHW.pt,112,845,845,3,1,0.004395680000000001
avgpool_prior_UPNFPL.pt,56,241,241,2,2,0.0045072
avgpool_prior_P9D0HF.pt,112,138,138,3,2,0.004526839999999999
avgpool_prior_VHOT52.pt,224,128,128,3,2,0.0044640800000000005
avgpool_prior_26NN52.pt,28,85,85,2,1,0.004448580000000001
avgpool_prior_9JGFW0.pt,112,44,44,3,2,0.0044626
avgpool_prior_KAG6ID.pt,56,501,501,2,2,0.005041880000000001
avgpool_prior_THO0T8.pt,112,517,517,2,2,0.00448932
avgpool_prior_XNILAD.pt,14,133,133,3,2,0.00508132
avgpool_prior_7NFOTP.pt,112,499,499,2,1,0.004483880000000003
avgpool_prior_QQ7GGL.pt,14,502,502,2,2,0.004591
avgpool_prior_8MX8B8.pt,14,149,149,2,2,0.0044676199999999985
avgpool_prior_BTQ9TF.pt,28,1054,1054,3,2,0.0044323800000000005
avgpool_prior_IZEEXV.pt,14,73,73,2,2,0.004516279999999999
avgpool_prior_L34AWZ.pt,14,831,831,3,2,0.004517440000000001
avgpool_prior_NNGHUT.pt,14,235,235,2,2,0.0044817799999999994
avgpool_prior_YF41PM.pt,28,844,844,3,2,0.00439924
avgpool_prior_YXHJ4D.pt,14,151,151,2,2,0.0045238000000000006
avgpool_prior_5U542B.pt,112,195,195,3,1,0.004422999999999999
avgpool_prior_64BGMK.pt,112,204,204,2,2,0.004405819999999999
avgpool_prior_V04DPJ.pt,28,827,827,3,2,0.00442058
avgpool_prior_X782EZ.pt,14,95,95,3,2,0.01343238
avgpool_prior_OH6TZN.pt,28,75,75,2,2,0.0044836599999999996
avgpool_prior_RZWKSZ.pt,224,83,83,3,2,0.00436656
avgpool_prior_J68YE7.pt,28,186,186,2,2,0.004511759999999998
avgpool_prior_QWJCYF.pt,224,238,238,2,2,0.00434226
avgpool_prior_ATHK7F.pt,14,505,505,3,1,0.004641720000000003
avgpool_prior_PEDGLX.pt,14,1032,1032,3,1,0.0044074000000000006
avgpool_prior_OYLUX6.pt,28,68,68,2,2,0.00444118
avgpool_prior_D7CKEH.pt,112,186,186,2,2,0.004383979999999999
avgpool_prior_2EEWCY.pt,112,197,197,2,2,0.00440098
avgpool_prior_CTU26S.pt,224,830,830,2,2,0.00435092
avgpool_prior_QOSMT4.pt,14,142,142,2,2,0.004478480000000001
avgpool_prior_YZAM50.pt,14,138,138,2,2,0.00443476
avgpool_prior_YYTVJH.pt,14,245,245,3,2,0.004429519999999999
avgpool_prior_EQQHB1.pt,14,68,68,2,2,0.00444832
avgpool_prior_632T8Y.pt,28,246,246,2,1,0.004500180000000001
avgpool_prior_C78BAX.pt,28,512,512,2,2,0.00438886
avgpool_prior_U96J9V.pt,14,132,132,2,2,0.00447672
avgpool_prior_475LW7.pt,56,500,500,2,1,0.0045689400000000005
avgpool_prior_MJ137N.pt,14,538,538,2,2,0.004413039999999999
avgpool_prior_S5VGH7.pt,112,78,78,3,2,0.004444819999999999
avgpool_prior_I64M71.pt,224,149,149,3,1,0.004423740000000001
avgpool_prior_UDS6AC.pt,112,248,248,2,2,0.00441176
avgpool_prior_NCQSJS.pt,56,236,236,2,1,0.004492020000000001
avgpool_prior_6368L2.pt,56,497,497,3,2,0.0044227599999999995
avgpool_prior_Z1WOUU.pt,56,510,510,2,2,0.004463260000000001
avgpool_prior_TFUV2O.pt,112,244,244,3,2,0.004433600000000001
avgpool_prior_AAGDQI.pt,28,191,191,3,2,0.004480399999999999
avgpool_prior_5I62CC.pt,14,56,56,3,1,0.004436560000000001
avgpool_prior_OXKUSM.pt,56,463,463,3,2,0.004404139999999999
avgpool_prior_N0UKVA.pt,14,152,152,3,1,0.004482119999999999
avgpool_prior_EQQAL4.pt,28,72,72,2,2,0.00447576
avgpool_prior_ADQM1W.pt,28,528,528,2,2,0.004568339999999999
avgpool_prior_TY10LH.pt,28,517,517,3,2,0.004401440000000001
avgpool_prior_3P0NCF.pt,14,84,84,3,1,0.00445506
avgpool_prior_7KODUY.pt,14,244,244,2,2,0.004408780000000002
avgpool_prior_GMHGA3.pt,112,508,508,3,2,0.00462692
avgpool_prior_CA47N5.pt,56,54,54,2,2,0.0044620400000000005
avgpool_prior_4PBJJJ.pt,56,510,510,3,1,0.004480479999999999
avgpool_prior_G09U88.pt,112,506,506,2,2,0.004428380000000001
avgpool_prior_F3Z6IX.pt,112,149,149,3,2,0.0044455200000000005
avgpool_prior_FUQ4TY.pt,224,475,475,2,1,0.004405199999999999
avgpool_prior_7INAGG.pt,28,183,183,2,2,0.004443039999999999
avgpool_prior_2IR92R.pt,14,376,376,3,2,0.004430839999999999
avgpool_prior_NZNGNR.pt,14,467,467,2,2,0.004452120000000001
avgpool_prior_XGHJF5.pt,56,72,72,2,2,0.004552019999999999
avgpool_prior_OI3JK7.pt,28,234,234,3,1,0.0044398799999999985
avgpool_prior_BMFNK7.pt,112,500,500,3,2,0.00440808
avgpool_prior_V2HHQ3.pt,28,503,503,2,2,0.004406880000000001
avgpool_prior_VFZ3JP.pt,112,513,513,2,2,0.004406839999999999
avgpool_prior_P0XTVT.pt,56,190,190,2,2,0.00447616
avgpool_prior_7Q9V7Z.pt,56,467,467,3,2,0.00448266
avgpool_prior_3PYA9G.pt,56,233,233,2,2,0.004450320000000002
avgpool_prior_SACXFD.pt,28,246,246,3,2,0.004421640000000001
avgpool_prior_CR78WI.pt,112,135,135,2,2,0.00445622
avgpool_prior_T8LY7M.pt,224,83,83,2,2,0.004359900000000001
avgpool_prior_06MLNX.pt,14,463,463,3,2,0.00445934
avgpool_prior_ZHVCKH.pt,224,244,244,2,2,0.00434484
avgpool_prior_1NBF74.pt,14,367,367,3,1,0.004598699999999999
avgpool_prior_R5A0YB.pt,28,511,511,2,1,0.004426179999999999
avgpool_prior_41JMEG.pt,112,502,502,3,2,0.00448702
avgpool_prior_QQH7T2.pt,112,67,67,3,2,0.00445612
avgpool_prior_0M9K68.pt,56,64,64,2,2,0.0044687999999999985
avgpool_prior_1WCFA4.pt,14,503,503,3,2,0.0044633200000000015
avgpool_prior_BFTH9E.pt,56,497,497,2,2,0.00446128
avgpool_prior_LVHB9J.pt,56,824,824,2,2,0.00458748
avgpool_prior_D8OTPZ.pt,224,69,69,2,2,0.004457640000000001
avgpool_prior_22MO2P.pt,28,144,144,3,2,0.004449159999999999
avgpool_prior_4Z7G7U.pt,28,95,95,3,1,0.004442620000000001
avgpool_prior_36H955.pt,14,54,54,3,2,0.00445526
avgpool_prior_3RVEHF.pt,28,83,83,3,1,0.0045985999999999996
avgpool_prior_KTQC37.pt,112,193,193,2,2,0.00441376
avgpool_prior_UZPJBI.pt,56,84,84,2,2,0.0044252599999999994
avgpool_prior_5NA8TJ.pt,28,494,494,3,2,0.004427879999999999
avgpool_prior_6GCFLJ.pt,28,509,509,2,1,0.0044735800000000004
avgpool_prior_L7OZY1.pt,28,81,81,3,1,0.004493319999999999
avgpool_prior_8BVOFZ.pt,112,492,492,3,2,0.0044493399999999995
avgpool_prior_738BVC.pt,28,142,142,2,2,0.0045509
avgpool_prior_5J5WGK.pt,14,842,842,3,2,0.004425760000000002
avgpool_prior_VOOGR1.pt,224,512,512,3,2,0.004520400000000001
avgpool_prior_FC9I7Z.pt,224,140,140,2,1,0.00503464
avgpool_prior_JM21WR.pt,112,184,184,2,2,0.004476020000000001
avgpool_prior_G8ZWFE.pt,112,243,243,2,2,0.004493240000000002
avgpool_prior_N1DQZ1.pt,56,137,137,3,1,0.00445738
avgpool_prior_MFGVCW.pt,56,510,510,2,2,0.00447966
avgpool_prior_CMMF7Z.pt,112,1038,1038,2,2,0.004407039999999999
avgpool_prior_XDS13J.pt,56,508,508,3,2,0.00506132
avgpool_prior_ITQR30.pt,28,27,27,3,2,0.004487539999999999
avgpool_prior_54Z07R.pt,224,488,488,3,2,0.00441436
avgpool_prior_A9B2E8.pt,14,513,513,2,2,0.004514059999999999
avgpool_prior_381EMX.pt,56,250,250,3,2,0.0044177600000000015
avgpool_prior_78RN39.pt,28,60,60,2,2,0.004525519999999998
avgpool_prior_ZLSW0D.pt,14,489,489,3,2,0.004489779999999999
avgpool_prior_YRS7M9.pt,28,34,34,3,2,0.00443968
avgpool_prior_XXAKQP.pt,14,80,80,3,2,0.00450196
avgpool_prior_TBX8MM.pt,56,492,492,3,1,0.0043777
avgpool_prior_OUASTC.pt,28,203,203,2,2,0.0044490599999999995
avgpool_prior_UUXI9U.pt,14,71,71,2,1,0.00443364
avgpool_prior_W3TY6C.pt,112,197,197,2,2,0.004371440000000001
avgpool_prior_HWSZD4.pt,28,59,59,3,1,0.0044874400000000005
avgpool_prior_RQOP4A.pt,14,527,527,3,2,0.0051844199999999995
avgpool_prior_Q3AOM0.pt,28,239,239,3,2,0.004582859999999999
avgpool_prior_IIABVO.pt,56,494,494,3,1,0.004321539999999998
avgpool_prior_Y9IVYP.pt,112,506,506,2,1,0.00442702
avgpool_prior_9DRYSR.pt,56,254,254,3,2,0.004463900000000001
avgpool_prior_X77H5F.pt,14,244,244,2,2,0.00447752
avgpool_prior_TOSD0D.pt,112,73,73,2,2,0.004414539999999998
avgpool_prior_XJMS9W.pt,14,511,511,3,2,0.0044792
avgpool_prior_2CZ3H1.pt,14,74,74,2,2,0.02795972
avgpool_prior_HJDL7C.pt,28,494,494,2,2,0.004562720000000001
avgpool_prior_G0Y4Q6.pt,28,135,135,3,2,0.004439020000000001
avgpool_prior_X85LXX.pt,28,55,55,3,2,0.00448322
avgpool_prior_N90UXD.pt,28,84,84,2,2,0.004439539999999999
avgpool_prior_W587AJ.pt,112,247,247,2,1,0.00449308
avgpool_prior_7ORVOZ.pt,14,148,148,3,2,0.00444692
avgpool_prior_B63TQK.pt,28,235,235,2,2,0.02462574000000001
avgpool_prior_EBFWTW.pt,14,493,493,2,2,0.004522039999999999
avgpool_prior_4J0X0X.pt,14,49,49,2,2,0.004467659999999999
avgpool_prior_YIVT68.pt,56,57,57,3,1,0.004423
avgpool_prior_DWNN74.pt,28,504,504,2,2,0.00444404
avgpool_prior_2WJ2ON.pt,14,145,145,3,2,0.028309720000000003
avgpool_prior_Y1JFGB.pt,14,57,57,2,2,0.0043727800000000015
avgpool_prior_BUX0AJ.pt,112,493,493,2,2,0.00445576
avgpool_prior_J9UJ0B.pt,112,475,475,2,1,0.0046809
avgpool_prior_TB518Y.pt,112,132,132,2,2,0.00440358
avgpool_prior_THZOKU.pt,112,144,144,3,2,0.00442774
avgpool_prior_O52LDL.pt,224,252,252,3,2,0.00495276
avgpool_prior_GAFTC2.pt,112,136,136,3,2,0.0044258599999999985
avgpool_prior_HAMS9U.pt,112,236,236,2,2,0.004467500000000002
avgpool_prior_MCOOBR.pt,112,365,365,2,2,0.004502520000000001
avgpool_prior_EJB41Z.pt,14,510,510,3,2,0.004447199999999999
avgpool_prior_9FRJVO.pt,224,251,251,2,1,0.00450248
avgpool_prior_QVW0YW.pt,14,369,369,3,1,0.004383540000000002
avgpool_prior_GFQ2VK.pt,56,509,509,2,2,0.004438919999999999
avgpool_prior_8AD1OY.pt,14,364,364,2,2,0.00443462
avgpool_prior_N5EG7R.pt,56,35,35,2,2,0.00448738
avgpool_prior_FBWY6A.pt,224,472,472,2,1,0.0043914800000000006
avgpool_prior_4CA8ZB.pt,14,232,232,3,2,0.004467739999999999
avgpool_prior_TRVP6B.pt,224,51,51,2,2,0.00447388
avgpool_prior_HRQMAN.pt,224,1055,1055,2,2,0.00440578
avgpool_prior_D0RXPW.pt,14,237,237,3,2,0.00450512
avgpool_prior_0BKK73.pt,224,73,73,2,1,0.0048868800000000006
avgpool_prior_2JU074.pt,14,70,70,2,2,0.004496579999999999
avgpool_prior_Q27MSX.pt,56,75,75,2,2,0.00449598
avgpool_prior_FGNAP7.pt,28,65,65,3,2,0.004439300000000001
avgpool_prior_6ZT507.pt,56,517,517,2,2,0.004450919999999999
avgpool_prior_GVNOL9.pt,112,238,238,2,2,0.0044507600000000015
avgpool_prior_ZDL8CB.pt,14,232,232,3,2,0.0045469199999999994
avgpool_prior_SO9FG1.pt,14,246,246,2,2,0.004424020000000001
avgpool_prior_3PS0XU.pt,14,127,127,3,1,0.004372619999999999
avgpool_prior_OBXAGV.pt,112,468,468,3,1,0.004668800000000001
avgpool_prior_FM0XYJ.pt,112,61,61,2,2,0.004414939999999999
avgpool_prior_W3N1PS.pt,28,203,203,2,2,0.004489740000000001
avgpool_prior_09EG1Z.pt,112,236,236,3,1,0.0044833999999999985
avgpool_prior_490M8Q.pt,28,247,247,3,2,0.004487540000000002
avgpool_prior_CJ0YBJ.pt,112,187,187,2,1,0.004471520000000001
avgpool_prior_XZWSZJ.pt,14,510,510,3,2,0.00445466
avgpool_prior_YIRSW6.pt,112,232,232,2,2,0.004432119999999999
avgpool_prior_ZJ1IK4.pt,56,148,148,3,2,0.004462939999999998
avgpool_prior_ER2OUK.pt,56,238,238,2,2,0.004471600000000001
avgpool_prior_L6BENG.pt,56,489,489,3,2,0.004408
avgpool_prior_X627VG.pt,112,61,61,2,2,0.004483259999999999
avgpool_prior_UV7H2V.pt,56,50,50,2,2,0.004464039999999998
avgpool_prior_CK4295.pt,14,482,482,3,2,0.004567700000000001
avgpool_prior_LGGKRU.pt,14,145,145,3,2,0.0044819199999999995
avgpool_prior_DKCZGN.pt,56,63,63,3,2,0.004435639999999999
avgpool_prior_QH0G9Q.pt,56,61,61,2,2,0.004498100000000001
avgpool_prior_FIZ8FF.pt,112,513,513,2,1,0.004496579999999999
avgpool_prior_Q6MRMX.pt,14,238,238,3,2,0.004479540000000001
avgpool_prior_1UY5B0.pt,14,243,243,3,2,0.004374359999999999
avgpool_prior_GOES4V.pt,14,494,494,2,2,0.004465819999999999
avgpool_prior_TBLDHJ.pt,14,500,500,2,2,0.0044687799999999995
avgpool_prior_QZUDLA.pt,224,55,55,2,2,0.0044767800000000005
avgpool_prior_5P53JU.pt,112,128,128,3,1,0.00443736
avgpool_prior_DM9QZM.pt,14,52,52,2,2,0.00455392
avgpool_prior_A9ZLEQ.pt,112,1054,1054,3,2,0.004460520000000001
avgpool_prior_SBRNMP.pt,112,508,508,3,2,0.004432200000000002
avgpool_prior_4WJ3OK.pt,112,835,835,3,2,0.004428659999999999
avgpool_prior_5EHQ21.pt,14,250,250,2,2,0.004442579999999999
avgpool_prior_88LW7P.pt,112,58,58,3,2,0.00440776
avgpool_prior_DYP5M6.pt,14,474,474,3,1,0.004470720000000001
avgpool_prior_IF072O.pt,14,61,61,2,1,0.00456558
avgpool_prior_5PU0X2.pt,14,52,52,2,2,0.0044795
avgpool_prior_REMO0Z.pt,28,231,231,2,2,0.00445166
avgpool_prior_DH2XC6.pt,28,499,499,3,2,0.0044738999999999985
avgpool_prior_BGTNSY.pt,28,1050,1050,3,2,0.004441779999999999
avgpool_prior_ZRXHXF.pt,28,248,248,3,2,0.004476479999999999
avgpool_prior_3RZ1ZH.pt,28,152,152,3,2,0.004429119999999998
avgpool_prior_B28S25.pt,112,247,247,3,2,0.004651499999999999
avgpool_prior_I8RP22.pt,28,50,50,2,2,0.004450819999999999
avgpool_prior_YXUVB2.pt,56,508,508,2,2,0.0044690400000000005
avgpool_prior_HTXH2B.pt,14,513,513,3,2,0.0044583600000000015
avgpool_prior_Z0HUQJ.pt,112,496,496,2,2,0.004425100000000001
avgpool_prior_UOC3MX.pt,14,233,233,3,2,0.00446812
avgpool_prior_DOKJYL.pt,14,52,52,2,1,0.004535980000000001
avgpool_prior_U0LOJ9.pt,112,490,490,2,2,0.004563039999999999
avgpool_prior_HT8IJ5.pt,112,500,500,3,2,0.00447748
avgpool_prior_JM93W9.pt,14,70,70,2,2,0.004461980000000002
avgpool_prior_6TRC3P.pt,28,65,65,3,2,0.004422219999999999
avgpool_prior_NOA2Q6.pt,28,139,139,3,2,0.00447826
avgpool_prior_OTQSN8.pt,14,146,146,2,1,0.004486859999999999
avgpool_prior_MK1334.pt,224,181,181,2,2,0.0043984
avgpool_prior_71QAY2.pt,224,1042,1042,3,2,0.0043444400000000015
avgpool_prior_2CXUGW.pt,224,70,70,3,2,0.0044534399999999995
avgpool_prior_RKM478.pt,224,496,496,3,2,0.0044513
avgpool_prior_OY8UTI.pt,14,148,148,3,2,0.004453499999999999
avgpool_prior_HNUOZ6.pt,56,490,490,2,2,0.00463054
avgpool_prior_55CCZT.pt,56,827,827,2,2,0.004407460000000001
avgpool_prior_2PY2X7.pt,56,231,231,3,2,0.004501840000000002
avgpool_prior_GOD6SI.pt,112,69,69,2,2,0.004497239999999999
avgpool_prior_8CSWV4.pt,224,240,240,3,2,0.004490939999999999
avgpool_prior_BXWQE4.pt,56,238,238,2,2,0.004377959999999999
avgpool_prior_IH982J.pt,112,64,64,3,2,0.004425160000000001
avgpool_prior_246GU0.pt,224,512,512,3,2,0.00495024
avgpool_prior_DXIW3F.pt,112,52,52,3,1,0.00442358
avgpool_prior_VFTJCR.pt,14,490,490,2,2,0.004613819999999999
avgpool_prior_0K0310.pt,56,72,72,2,2,0.004483519999999999
avgpool_prior_QNH14J.pt,56,58,58,3,2,0.00494976
avgpool_prior_CZB6JD.pt,14,247,247,2,2,0.00440374
avgpool_prior_D10T3X.pt,112,147,147,3,2,0.004490559999999999
avgpool_prior_QTKO08.pt,112,55,55,2,2,0.004494259999999999
avgpool_prior_D9UPTP.pt,112,146,146,3,2,0.00442748
avgpool_prior_EHI63S.pt,112,66,66,2,1,0.0046615599999999995
avgpool_prior_YPU3BC.pt,224,510,510,2,2,0.00447026
avgpool_prior_84IPPV.pt,14,55,55,2,2,0.004486259999999999
avgpool_prior_LJ1F8H.pt,112,828,828,3,2,0.004436059999999999
avgpool_prior_Y25TQ4.pt,56,250,250,2,1,0.004459359999999999
avgpool_prior_O0UA57.pt,56,68,68,2,1,0.0044426599999999985
avgpool_prior_LJXMSE.pt,14,497,497,2,1,0.00465186
avgpool_prior_OFYW2G.pt,28,148,148,3,1,0.0045147600000000005
avgpool_prior_SO9SX7.pt,112,71,71,3,1,0.00455754
avgpool_prior_INLBA3.pt,14,41,41,2,2,0.00441364
avgpool_prior_PDSNFW.pt,14,149,149,2,2,0.0050237599999999995
avgpool_prior_760X1N.pt,112,196,196,3,2,0.004321920000000001
avgpool_prior_TYBPVQ.pt,56,230,230,3,2,0.00443696
avgpool_prior_I9MYE7.pt,14,502,502,3,2,0.004412460000000002
avgpool_prior_E13NIA.pt,14,193,193,2,1,0.004456320000000001
avgpool_prior_LFLW4G.pt,112,508,508,2,2,0.00444436
avgpool_prior_PS1R7B.pt,28,504,504,2,2,0.0045280599999999996
avgpool_prior_8OTDPM.pt,112,500,500,2,2,0.00438722
avgpool_prior_F2F6JO.pt,56,490,490,2,2,0.0045363
avgpool_prior_1B6MPZ.pt,224,463,463,2,1,0.004520699999999998
avgpool_prior_PCCAZC.pt,14,187,187,3,2,0.00445612
avgpool_prior_SALTRL.pt,56,50,50,2,2,0.004448400000000001
avgpool_prior_IGPYLC.pt,56,139,139,2,2,0.004408280000000001
avgpool_prior_59QOPM.pt,28,72,72,2,2,0.0045112999999999985
avgpool_prior_JHG8U8.pt,28,491,491,3,2,0.004495559999999999
avgpool_prior_U84LSO.pt,112,497,497,3,1,0.004459519999999999
avgpool_prior_S2UBUE.pt,56,150,150,3,2,0.0044344
avgpool_prior_IWYP7S.pt,112,496,496,2,2,0.004445599999999999
avgpool_prior_KJY243.pt,14,252,252,3,1,0.004456120000000001
avgpool_prior_JSMBQI.pt,28,495,495,3,2,0.00449776
avgpool_prior_EBXUKA.pt,112,196,196,3,2,0.004347480000000002
avgpool_prior_NSK8HQ.pt,224,72,72,3,2,0.004402999999999999
avgpool_prior_B8PIEX.pt,28,497,497,3,2,0.0044386799999999995
avgpool_prior_R1Y858.pt,14,62,62,2,2,0.00444002
avgpool_prior_Y9O30U.pt,14,480,480,3,2,0.004435339999999999
avgpool_prior_NVHDSL.pt,14,56,56,2,2,0.00443676
avgpool_prior_S8OG5I.pt,28,46,46,2,1,0.00451464
avgpool_prior_JAAGMQ.pt,28,150,150,3,2,0.00438778
avgpool_prior_A1YZLQ.pt,56,146,146,2,2,0.00500052
avgpool_prior_PY3FJH.pt,112,71,71,2,2,0.00447874
avgpool_prior_WN2XMW.pt,14,493,493,3,1,0.004421039999999998
avgpool_prior_85WI7B.pt,224,476,476,3,2,0.004656520000000001
avgpool_prior_2N8CTU.pt,28,498,498,3,2,0.00448044
avgpool_prior_QEACNB.pt,14,253,253,3,1,0.004449899999999999
avgpool_prior_ELCJEO.pt,56,510,510,2,2,0.004456259999999999
avgpool_prior_RXJ9E7.pt,28,95,95,3,2,0.00440794
avgpool_prior_SKJMV4.pt,112,509,509,2,2,0.0044417
avgpool_prior_DA995I.pt,14,62,62,3,2,0.004417079999999999
avgpool_prior_0EO1EY.pt,14,240,240,3,2,0.004475300000000001
avgpool_prior_OMPU1G.pt,112,49,49,3,1,0.004497040000000001
avgpool_prior_S5LRBV.pt,112,494,494,2,1,0.004636600000000001
avgpool_prior_WFXJY7.pt,14,497,497,2,2,0.005012920000000001
avgpool_prior_8NI4E8.pt,14,141,141,3,2,0.00444738
avgpool_prior_5OZ59Q.pt,28,249,249,2,2,0.004441280000000002
avgpool_prior_IWR09L.pt,112,255,255,3,2,0.004976320000000001
avgpool_prior_4VOBYD.pt,112,841,841,3,2,0.004481100000000001
avgpool_prior_6W2EQZ.pt,14,74,74,3,2,0.0044126999999999994
avgpool_prior_MS3D0Y.pt,112,507,507,2,2,0.0045042400000000005
avgpool_prior_BKIRNC.pt,14,184,184,2,2,0.00445886
avgpool_prior_GXLHJK.pt,112,236,236,3,2,0.0044039
avgpool_prior_KKRF9H.pt,14,70,70,2,2,0.00442934
avgpool_prior_12ZYWA.pt,56,189,189,2,2,0.004444659999999999
avgpool_prior_NFCLDZ.pt,112,72,72,2,2,0.00445668
avgpool_prior_V7E2GI.pt,56,511,511,3,2,0.004400320000000001
avgpool_prior_OWAZKR.pt,56,182,182,2,2,0.00471228
avgpool_prior_QN4OVM.pt,28,100,100,3,2,0.004475220000000001
avgpool_prior_L15FSA.pt,112,183,183,3,2,0.004437840000000001
avgpool_prior_667UGE.pt,14,494,494,3,2,0.0046076599999999995
avgpool_prior_ZMKIAL.pt,14,241,241,2,2,0.004431819999999999
avgpool_prior_COGK3P.pt,112,511,511,3,2,0.004409959999999999
avgpool_prior_5OW0F2.pt,112,498,498,3,2,0.00445188
avgpool_prior_9C0LK6.pt,56,253,253,3,2,0.004480219999999998
avgpool_prior_HYUTHP.pt,224,64,64,2,1,0.004395640000000003
avgpool_prior_DKCBVN.pt,112,832,832,3,2,0.004428439999999999
avgpool_prior_0FI9CK.pt,14,495,495,3,2,0.00444824
avgpool_prior_WRFI5P.pt,14,51,51,3,2,0.00444894
avgpool_prior_ZSBRE5.pt,14,72,72,3,2,0.0044307999999999995
avgpool_prior_QQS3GF.pt,112,198,198,2,2,0.004332940000000001
avgpool_prior_K4WTP3.pt,28,52,52,2,2,0.0044624600000000006
avgpool_prior_GL3NBV.pt,56,502,502,2,2,0.00440032
avgpool_prior_7RHLK3.pt,28,381,381,3,2,0.004458719999999999
avgpool_prior_0YBE1W.pt,28,71,71,3,2,0.004438700000000001
avgpool_prior_1NEODN.pt,28,67,67,2,2,0.004505740000000001
avgpool_prior_605B1G.pt,28,150,150,2,2,0.004477359999999997
avgpool_prior_IZQFDQ.pt,28,511,511,3,2,0.004457959999999999
avgpool_prior_WLPEAD.pt,224,475,475,2,2,0.004438179999999999
avgpool_prior_S5SZZF.pt,224,233,233,2,2,0.004345940000000001
avgpool_prior_W3MI8J.pt,112,65,65,2,2,0.004465220000000001
avgpool_prior_2Q4S0Y.pt,14,475,475,2,2,0.0044509000000000016
avgpool_prior_94N46X.pt,56,198,198,2,2,0.004457280000000002
avgpool_prior_UHL4TL.pt,112,66,66,2,1,0.00460628
avgpool_prior_I4EI30.pt,14,57,57,2,2,0.004455379999999999
avgpool_prior_OKS55T.pt,14,67,67,3,2,0.004406559999999999
avgpool_prior_C7BHV3.pt,56,24,24,3,1,0.004482539999999998
avgpool_prior_4LM07Q.pt,28,489,489,3,2,0.004466420000000001
avgpool_prior_SEOB1M.pt,224,504,504,2,2,0.00439718
avgpool_prior_63I0UE.pt,28,85,85,3,2,0.004467099999999999
avgpool_prior_3GNVUO.pt,28,495,495,3,2,0.00446774
avgpool_prior_9DPMZR.pt,14,41,41,3,1,0.0045928
avgpool_prior_D3PVVK.pt,14,70,70,3,2,0.004484120000000001
avgpool_prior_2J1H6L.pt,112,503,503,2,2,0.0043942600000000005
avgpool_prior_6CW0PX.pt,112,66,66,2,2,0.0044920399999999975
avgpool_prior_ZRF4CK.pt,224,490,490,3,2,0.004423039999999999
avgpool_prior_NE6CGI.pt,112,522,522,2,2,0.00428694
avgpool_prior_UM7CJP.pt,56,139,139,3,2,0.004519639999999998
avgpool_prior_TW62QM.pt,112,143,143,3,2,0.00435372
avgpool_prior_J2WX1K.pt,28,236,236,2,1,0.004425159999999999
avgpool_prior_HN0VQL.pt,14,248,248,3,2,0.004467359999999999
avgpool_prior_YT2MG7.pt,14,513,513,2,2,0.0044797000000000005
avgpool_prior_EF5VF0.pt,14,847,847,2,2,0.00445126
avgpool_prior_DFE8E2.pt,14,53,53,3,1,0.00446304
avgpool_prior_LFILR0.pt,56,849,849,3,2,0.004569119999999999
avgpool_prior_22SZ17.pt,14,489,489,2,2,0.0044564999999999995
avgpool_prior_IWYZ3A.pt,112,54,54,3,2,0.0045555000000000005
avgpool_prior_I35HOS.pt,14,491,491,2,2,0.004452300000000001
avgpool_prior_MX62C4.pt,112,513,513,2,1,0.0044053999999999986
avgpool_prior_5STCAI.pt,56,513,513,2,2,0.0044109200000000005
avgpool_prior_UQ7M73.pt,28,89,89,2,1,0.004392879999999999
avgpool_prior_BK82CK.pt,56,510,510,2,2,0.004370680000000001
avgpool_prior_40GSE5.pt,56,510,510,3,2,0.004430000000000001
avgpool_prior_LMSZ8M.pt,112,59,59,3,2,0.00444648
avgpool_prior_BHDH66.pt,112,86,86,2,2,0.004478379999999999
avgpool_prior_9LRYDA.pt,14,68,68,3,2,0.004497579999999999
avgpool_prior_A06M8B.pt,112,128,128,3,1,0.004469280000000001
avgpool_prior_8V6FYD.pt,28,136,136,2,2,0.004550339999999999
avgpool_prior_ORBBLA.pt,56,248,248,3,1,0.00444376
avgpool_prior_28LY8V.pt,56,473,473,3,2,0.00443088
avgpool_prior_61DMT6.pt,56,68,68,2,2,0.0044962399999999994
avgpool_prior_6ICXKK.pt,14,234,234,3,1,0.004489679999999999
avgpool_prior_1EIOVA.pt,28,509,509,2,2,0.0044489
avgpool_prior_3UFN4O.pt,112,477,477,2,2,0.00446774
avgpool_prior_ZQ2TON.pt,224,129,129,2,2,0.0044511
avgpool_prior_8RO44Y.pt,224,255,255,3,1,0.00439254
avgpool_prior_FF1VAU.pt,112,89,89,2,1,0.004630859999999999
avgpool_prior_S1TA6W.pt,112,50,50,2,2,0.00447328
avgpool_prior_9NCANS.pt,14,503,503,3,2,0.0045385799999999995
avgpool_prior_EOCH0Y.pt,28,824,824,2,2,0.004488239999999999
avgpool_prior_JA1IM0.pt,14,145,145,2,2,0.0044496200000000005
avgpool_prior_NMKC9P.pt,224,60,60,3,2,0.0043986
avgpool_prior_G9K3EY.pt,112,513,513,2,2,0.00443608
avgpool_prior_CXKIG1.pt,112,181,181,2,2,0.004408799999999999
avgpool_prior_1DMXQQ.pt,56,500,500,2,2,0.004410220000000001
avgpool_prior_17HYJL.pt,56,55,55,2,2,0.004480400000000001
avgpool_prior_6URF4D.pt,14,65,65,2,2,0.004606840000000002
avgpool_prior_D5ONBA.pt,112,188,188,3,2,0.0044080199999999995
avgpool_prior_LT9WOE.pt,14,502,502,2,2,0.0044327
avgpool_prior_2A9VB2.pt,14,506,506,2,2,0.0044556
avgpool_prior_EE9VMN.pt,14,149,149,3,2,0.00442574
avgpool_prior_9CU958.pt,224,498,498,3,1,0.004910500000000001
avgpool_prior_EVZNFK.pt,112,362,362,2,2,0.004439980000000001
avgpool_prior_S18VN6.pt,112,49,49,3,2,0.004430999999999999
avgpool_prior_ZT8TGH.pt,28,50,50,2,2,0.00449328
avgpool_prior_4KIAG0.pt,14,376,376,2,1,0.005010520000000001
avgpool_prior_IDO4CL.pt,112,70,70,2,2,0.00448638
avgpool_prior_9D68MR.pt,112,248,248,3,2,0.004415079999999999
avgpool_prior_HKWDN6.pt,28,62,62,2,2,0.00446436
avgpool_prior_4NHKDD.pt,28,487,487,3,1,0.005294640000000001
avgpool_prior_53ZHDF.pt,28,188,188,3,1,0.0045000399999999986
avgpool_prior_RS78VF.pt,14,48,48,2,2,0.0044726
avgpool_prior_MHJS1R.pt,14,181,181,2,2,0.00453064
avgpool_prior_9X8063.pt,112,66,66,2,2,0.00437536
avgpool_prior_34YQ1U.pt,112,500,500,2,2,0.0044142
avgpool_finegrained1_IJZ7JJ.pt,14,277,277,3,2,0.004578240000000001
avgpool_finegrained1_6CMS4S.pt,14,569,569,3,2,0.00440856
avgpool_finegrained1_QEK14B.pt,14,606,606,3,2,0.004461940000000001
avgpool_finegrained1_OE4PYK.pt,14,462,462,3,2,0.00455198
avgpool_finegrained1_Q6WXW2.pt,14,513,513,3,2,0.004440300000000001
avgpool_finegrained1_WREZAZ.pt,14,586,586,3,2,0.0044689599999999975
avgpool_finegrained1_BZLVEL.pt,14,459,459,3,2,0.004435080000000002
avgpool_finegrained1_12WVA1.pt,14,542,542,3,2,0.004515320000000001
avgpool_finegrained1_GJOFQ6.pt,14,437,437,3,2,0.00450724
avgpool_finegrained1_4WGPBX.pt,14,350,350,3,2,0.004548559999999999
avgpool_finegrained1_NBE2V8.pt,14,340,340,3,2,0.004418380000000001
avgpool_finegrained1_4LBV7E.pt,14,276,276,3,2,0.004497280000000001
avgpool_finegrained1_333WZB.pt,14,422,422,3,2,0.00445946
avgpool_finegrained1_VR4AYQ.pt,14,581,581,3,2,0.004477779999999999
avgpool_finegrained1_DI8V0P.pt,14,328,328,3,2,0.0044389400000000015
avgpool_finegrained1_S8PW7W.pt,14,361,361,3,2,0.0044816599999999976
avgpool_finegrained1_T7IFAT.pt,14,440,440,3,2,0.0044495
avgpool_finegrained1_VYRTWE.pt,14,566,566,3,2,0.004462860000000002
avgpool_finegrained1_3XTFTH.pt,14,490,490,3,2,0.00453844
avgpool_finegrained1_61WDDK.pt,14,389,389,3,2,0.004474880000000001
avgpool_finegrained1_L5JUT1.pt,14,279,279,3,2,0.004439459999999999
avgpool_finegrained1_QLZY59.pt,14,231,231,3,2,0.004474140000000001
avgpool_finegrained1_SRVJXI.pt,14,133,133,3,2,0.004451640000000001
avgpool_finegrained1_2NTU14.pt,14,128,128,3,2,0.004468639999999999
avgpool_finegrained1_EBDOEG.pt,14,144,144,3,2,0.004464339999999999
avgpool_finegrained1_7FW1YR.pt,14,196,196,3,2,0.024928580000000006
avgpool_finegrained1_SINOO4.pt,14,158,158,3,2,0.00470792
avgpool_finegrained1_WRKA4F.pt,14,120,120,3,2,0.00445346
avgpool_finegrained1_CXYTJB.pt,14,220,220,3,2,0.00453442
avgpool_finegrained1_GZTHXT.pt,14,125,125,3,2,0.00441856
avgpool_finegrained1_XNFT45.pt,14,241,241,3,2,0.00443248
avgpool_finegrained1_ENMRVS.pt,14,206,206,3,2,0.004472240000000001
avgpool_finegrained1_VUN1LW.pt,14,190,190,3,2,0.004432180000000001
avgpool_finegrained1_HYDV03.pt,14,145,145,3,2,0.004463280000000001
avgpool_finegrained1_N9PDY6.pt,14,147,147,3,2,0.004477620000000001
avgpool_finegrained1_R7NHZ9.pt,14,131,131,3,2,0.004420099999999999
avgpool_finegrained1_1B32SB.pt,14,179,179,3,2,0.004428539999999998
avgpool_finegrained1_EC5MOM.pt,14,283,283,3,2,0.0045368000000000006
avgpool_finegrained1_EJABO1.pt,14,122,122,3,2,0.004504979999999999
avgpool_finegrained1_KN9EQ0.pt,14,142,142,3,2,0.004476679999999999
avgpool_finegrained1_4JXY24.pt,224,219,219,2,2,0.00443722
avgpool_finegrained1_QD0NGZ.pt,224,268,268,2,2,0.00440726
avgpool_finegrained1_EU120H.pt,224,176,176,2,2,0.00439452
avgpool_finegrained1_NZWIEA.pt,224,149,149,2,2,0.0044258599999999985
avgpool_finegrained1_A1CP2N.pt,224,213,213,2,2,0.004422359999999999
avgpool_finegrained1_WWR3AH.pt,224,201,201,2,2,0.004421479999999999
avgpool_finegrained1_6NLP80.pt,224,119,119,2,2,0.0044587
avgpool_finegrained1_FJDBY7.pt,224,175,175,2,2,0.00446838
avgpool_finegrained1_K9DULT.pt,224,141,141,2,2,0.00440576
avgpool_finegrained1_3AUHCH.pt,224,232,232,2,2,0.00433282
avgpool_finegrained1_Z8R3K9.pt,224,151,151,2,2,0.004406499999999999
avgpool_finegrained1_SWNM3K.pt,224,251,251,2,2,0.00444784
avgpool_finegrained1_WQFNY7.pt,224,173,173,2,2,0.00442398
avgpool_finegrained1_16Y0XP.pt,224,165,165,2,2,0.004416260000000001
avgpool_finegrained1_CSX8C8.pt,224,245,245,2,2,0.0043257999999999994
avgpool_finegrained1_Y8UDJV.pt,224,156,156,2,2,0.0044814999999999985
avgpool_finegrained1_8NUWIV.pt,224,143,143,2,2,0.0045125799999999995
avgpool_finegrained1_2P86FW.pt,224,226,226,2,2,0.00443434
avgpool_finegrained1_KFOURV.pt,224,274,274,2,2,0.00447886
avgpool_finegrained1_OL2IV4.pt,224,260,260,2,2,0.004429120000000002
avgpool_finegrained1_L32YHT.pt,14,45,45,3,2,0.00443434
avgpool_finegrained1_KVMXOR.pt,14,38,38,3,2,0.00440942
avgpool_finegrained1_VTNNQG.pt,14,47,47,3,2,0.004490459999999999
avgpool_finegrained1_MB08BM.pt,14,29,29,3,2,0.00442866
avgpool_finegrained1_LWUZMF.pt,14,55,55,3,2,0.004453620000000001
avgpool_finegrained1_NOQE6J.pt,14,40,40,3,2,0.00442644
avgpool_finegrained1_VQASHP.pt,14,48,48,3,2,0.004459940000000002
avgpool_finegrained1_KZVLHJ.pt,14,34,34,3,2,0.004484419999999999
avgpool_finegrained1_9CW8IK.pt,14,28,28,3,2,0.004505459999999999
avgpool_finegrained1_S87VZC.pt,14,59,59,3,2,0.00447652
avgpool_finegrained1_VKFOOZ.pt,14,50,50,3,2,0.0044379400000000005
avgpool_finegrained1_HGEWRZ.pt,14,26,26,3,2,0.004458060000000001
avgpool_finegrained1_10V4M8.pt,14,33,33,3,2,0.00448892
avgpool_finegrained1_YD03GU.pt,14,43,43,3,2,0.00446982
avgpool_finegrained1_19X7UF.pt,14,39,39,3,2,0.00444932
avgpool_finegrained1_X2GBP5.pt,14,60,60,3,2,0.00442684
avgpool_finegrained1_D7WB18.pt,14,46,46,3,2,0.0044205200000000016
avgpool_finegrained1_Y285MV.pt,14,56,56,3,2,0.004511779999999999
avgpool_finegrained1_0K1OWA.pt,14,53,53,3,2,0.00446266
avgpool_finegrained1_L8ZDV0.pt,14,49,49,3,2,0.0044528400000000004
avgpool_finegrained1_WHBF60.pt,56,30,30,3,2,0.00443012
avgpool_finegrained1_WECPX5.pt,56,46,46,3,2,0.004538719999999999
avgpool_finegrained1_SCHT5O.pt,56,47,47,3,2,0.004452520000000001
avgpool_finegrained1_8QMOXT.pt,56,60,60,3,2,0.00444812
avgpool_finegrained1_L50YQ0.pt,56,59,59,3,2,0.00448822
avgpool_finegrained1_6Q1RW9.pt,56,41,41,3,2,0.00456984
avgpool_finegrained1_U91DGV.pt,56,61,61,3,2,0.004498400000000001
avgpool_finegrained1_AKKLWL.pt,56,45,45,3,2,0.004458759999999999
avgpool_finegrained1_4TRT0Q.pt,56,29,29,3,2,0.0044415
avgpool_finegrained1_LJ2JE6.pt,56,63,63,3,2,0.004444259999999999
avgpool_finegrained1_ETZB1M.pt,56,36,36,3,2,0.004434940000000001
avgpool_finegrained1_0R8E0W.pt,56,32,32,3,2,0.0044709400000000005
avgpool_finegrained1_FK1SCY.pt,56,54,54,3,2,0.004486460000000001
avgpool_finegrained1_0Q94KX.pt,56,34,34,3,2,0.00457356
avgpool_finegrained1_UAUML6.pt,56,56,56,3,2,0.004436260000000001
avgpool_finegrained1_9F1U1L.pt,56,58,58,3,2,0.00443634
avgpool_finegrained1_QOA8V7.pt,56,31,31,3,2,0.00440814
avgpool_finegrained1_0S7IKB.pt,56,40,40,3,2,0.004540579999999999
avgpool_finegrained1_5852XU.pt,56,42,42,3,2,0.00444044
avgpool_finegrained1_U5TACV.pt,56,55,55,3,2,0.0044336
avgpool_finegrained1_7O6WOB.pt,28,186,186,2,1,0.004449520000000001
avgpool_finegrained1_FD4CS4.pt,28,127,127,2,1,0.004447899999999999
avgpool_finegrained1_NC7UJV.pt,28,156,156,2,1,0.00440568
avgpool_finegrained1_F0FHW6.pt,28,200,200,2,1,0.004461779999999999
avgpool_finegrained1_08MS6X.pt,28,196,196,2,1,0.004497299999999999
avgpool_finegrained1_M5IQWT.pt,28,180,180,2,1,0.004475580000000001
avgpool_finegrained1_1NZSBH.pt,28,173,173,2,1,0.004426520000000001
avgpool_finegrained1_XK2ZW2.pt,28,203,203,2,1,0.0043986599999999995
avgpool_finegrained1_P5A4WK.pt,28,209,209,2,1,0.004519059999999998
avgpool_finegrained1_1B9GN3.pt,28,119,119,2,1,0.00452644
avgpool_finegrained1_6JNEZB.pt,28,239,239,2,1,0.00440484
avgpool_finegrained1_E6OU6D.pt,28,152,152,2,1,0.004431340000000001
avgpool_finegrained1_YIZKYH.pt,28,267,267,2,1,0.00441696
avgpool_finegrained1_ZSAV9Q.pt,28,266,266,2,1,0.00443204
avgpool_finegrained1_DJ97HT.pt,28,142,142,2,1,0.004450160000000001
avgpool_finegrained1_L4JJMR.pt,28,245,245,2,1,0.0044913999999999996
avgpool_finegrained1_SO9KJV.pt,28,243,243,2,1,0.004374819999999998
avgpool_finegrained1_QMQ8HN.pt,28,261,261,2,1,0.00451032
avgpool_finegrained1_Q999SA.pt,28,171,171,2,1,0.00443938
avgpool_finegrained1_S434X8.pt,28,257,257,2,1,0.004387320000000001
avgpool_finegrained1_WK69K7.pt,14,78,78,3,2,0.00442712
avgpool_finegrained1_OMLFOK.pt,14,60,60,3,2,0.0045819599999999995
avgpool_finegrained1_D8KIHG.pt,14,90,90,3,2,0.00445266
avgpool_finegrained1_TRVB8U.pt,14,82,82,3,2,0.004460639999999999
avgpool_finegrained1_EZ6RB5.pt,14,77,77,3,2,0.004446540000000001
avgpool_finegrained1_WZ06XA.pt,14,71,71,3,2,0.004490579999999999
avgpool_finegrained1_ZSDZJY.pt,14,105,105,3,2,0.0045251
avgpool_finegrained1_9RQFO3.pt,14,98,98,3,2,0.004483039999999999
avgpool_finegrained1_YT3T7C.pt,14,57,57,3,2,0.004452020000000001
avgpool_finegrained1_TCGS9K.pt,14,88,88,3,2,0.004445979999999999
avgpool_finegrained1_U5ZP11.pt,14,66,66,3,2,0.004508119999999999
avgpool_finegrained1_R1A5G0.pt,14,108,108,3,2,0.00444944
avgpool_finegrained1_B82DGJ.pt,14,96,96,3,2,0.004426920000000001
avgpool_finegrained1_BZLE6U.pt,14,103,103,3,2,0.0046027
avgpool_finegrained1_E7QODN.pt,14,58,58,3,2,0.0045184199999999996
avgpool_finegrained1_5GHCTN.pt,14,75,75,3,2,0.00438548
avgpool_finegrained1_5MZOLZ.pt,14,51,51,3,2,0.004517700000000002
avgpool_finegrained1_IFSB47.pt,14,54,54,3,2,0.004459799999999999
avgpool_finegrained1_330DX3.pt,14,106,106,3,2,0.004420319999999998
avgpool_finegrained1_0T84UT.pt,14,104,104,3,2,0.0050748799999999995
avgpool_finegrained1_N7PSCF.pt,14,83,83,2,2,0.0044792799999999995
avgpool_finegrained1_JLQVOO.pt,14,64,64,2,2,0.0044600199999999994
avgpool_finegrained1_744JL4.pt,14,37,37,2,2,0.004504299999999998
avgpool_finegrained1_LDWCE6.pt,14,60,60,2,2,0.004472180000000001
avgpool_finegrained1_H49BUV.pt,14,74,74,2,2,0.004451519999999999
avgpool_finegrained1_PKH7CE.pt,14,65,65,2,2,0.0044342
avgpool_finegrained1_C5T8RF.pt,14,80,80,2,2,0.00443246
avgpool_finegrained1_SRGJO7.pt,14,69,69,2,2,0.004414599999999999
avgpool_finegrained1_W4LCFC.pt,14,42,42,2,2,0.0044943
avgpool_finegrained1_U3KH9D.pt,14,39,39,2,2,0.0044857
avgpool_finegrained1_HSIZU5.pt,14,76,76,2,2,0.00450558
avgpool_finegrained1_MFNIY3.pt,14,71,71,2,2,0.00448054
avgpool_finegrained1_MU22WJ.pt,14,75,75,2,2,0.004432139999999999
avgpool_finegrained1_7LIEUB.pt,14,54,54,2,2,0.004467259999999998
avgpool_finegrained1_KZIM1E.pt,14,84,84,2,2,0.004531299999999999
avgpool_finegrained1_DIUM6M.pt,14,78,78,2,2,0.004497580000000001
avgpool_finegrained1_3I1F3O.pt,14,86,86,2,2,0.004411879999999998
avgpool_finegrained1_TMLCZX.pt,14,40,40,2,2,0.0043982
avgpool_finegrained1_3CDAIB.pt,14,73,73,2,2,0.00454174
avgpool_finegrained1_C1GGYV.pt,14,55,55,2,2,0.00448066
avgpool_finegrained1_LH4TKX.pt,56,239,239,3,2,0.004511740000000001
avgpool_finegrained1_HAYTLW.pt,56,280,280,3,2,0.00439368
avgpool_finegrained1_40HVWA.pt,56,177,177,3,2,0.004400239999999999
avgpool_finegrained1_CASDJG.pt,56,278,278,3,2,0.004452520000000001
avgpool_finegrained1_YMNEHP.pt,56,196,196,3,2,0.0045559400000000005
avgpool_finegrained1_NNK9P2.pt,56,137,137,3,2,0.00441674
avgpool_finegrained1_TW1EV9.pt,56,227,227,3,2,0.00444192
avgpool_finegrained1_CNEC61.pt,56,132,132,3,2,0.0043948599999999996
avgpool_finegrained1_IDVA2D.pt,56,236,236,3,2,0.0044505199999999995
avgpool_finegrained1_8RN00H.pt,56,203,203,3,2,0.0044979600000000005
avgpool_finegrained1_ILPS15.pt,56,190,190,3,2,0.0043929400000000006
avgpool_finegrained1_OS1PZK.pt,56,204,204,3,2,0.004433800000000001
avgpool_finegrained1_8O6E45.pt,56,265,265,3,2,0.0044281599999999996
avgpool_finegrained1_3G9V3R.pt,56,184,184,3,2,0.004412459999999999
avgpool_finegrained1_H1IV04.pt,56,185,185,3,2,0.00442766
avgpool_finegrained1_ZOYEBV.pt,56,202,202,3,2,0.004839019999999999
avgpool_finegrained1_6TQIZE.pt,56,153,153,3,2,0.0044313799999999995
avgpool_finegrained1_18LCZP.pt,56,276,276,3,2,0.004395800000000002
avgpool_finegrained1_7HCWY9.pt,56,257,257,3,2,0.00437876
avgpool_finegrained1_25T8AP.pt,56,143,143,3,2,0.0043840400000000005
avgpool_finegrained1_6X4EB0.pt,14,31,31,2,2,0.0044631
avgpool_finegrained1_XUK9EZ.pt,14,50,50,2,2,0.004425319999999999
avgpool_finegrained1_112MZL.pt,14,27,27,2,2,0.0046741
avgpool_finegrained1_UWRJZ1.pt,14,40,40,2,2,0.004469140000000002
avgpool_finegrained1_99KW49.pt,14,34,34,2,2,0.004466420000000002
avgpool_finegrained1_AY1YN1.pt,14,29,29,2,2,0.00442772
avgpool_finegrained1_0WKQD0.pt,14,35,35,2,2,0.004487439999999999
avgpool_finegrained1_U7TYX9.pt,14,53,53,2,2,0.0044411
avgpool_finegrained1_0D9XS8.pt,14,57,57,2,2,0.00448112
avgpool_finegrained1_707REY.pt,14,47,47,2,2,0.00446104
avgpool_finegrained1_KOM9QG.pt,14,42,42,2,2,0.00450208
avgpool_finegrained1_E4IE9E.pt,14,56,56,2,2,0.0044306599999999995
avgpool_finegrained1_JSCRVI.pt,14,48,48,2,2,0.00450484
avgpool_finegrained1_K85QHM.pt,14,58,58,2,2,0.004449860000000001
avgpool_finegrained1_QS6CWZ.pt,14,60,60,2,2,0.004508640000000001
avgpool_finegrained1_THCVBR.pt,14,32,32,2,2,0.004550400000000001
avgpool_finegrained1_5PRCVM.pt,14,45,45,2,2,0.00443052
avgpool_finegrained1_TRL80Z.pt,14,44,44,2,2,0.004512499999999999
avgpool_finegrained1_IX48JR.pt,14,54,54,2,2,0.00444856
avgpool_finegrained1_7H7UNL.pt,14,30,30,2,2,0.00446548
avgpool_finegrained1_W51YL3.pt,14,169,169,3,2,0.004445540000000001
avgpool_finegrained1_7HXNY0.pt,14,103,103,3,2,0.004484700000000001
avgpool_finegrained1_2UPX79.pt,14,145,145,3,2,0.00460536
avgpool_finegrained1_XHN9FG.pt,14,162,162,3,2,0.0043583799999999985
avgpool_finegrained1_8KH92J.pt,14,138,138,3,2,0.00440898
avgpool_finegrained1_9O23ET.pt,14,80,80,3,2,0.004471780000000002
avgpool_finegrained1_NRUT48.pt,14,150,150,3,2,0.0044407399999999994
avgpool_finegrained1_9DNPZJ.pt,14,154,154,3,2,0.004582039999999999
avgpool_finegrained1_81LLQP.pt,14,118,118,3,2,0.004378160000000001
avgpool_finegrained1_SPYMWH.pt,14,88,88,3,2,0.004496820000000002
avgpool_finegrained1_2KG5N5.pt,14,123,123,3,2,0.004495740000000002
avgpool_finegrained1_2PVI4P.pt,14,121,121,3,2,0.004572420000000001
avgpool_finegrained1_OHDC5H.pt,14,106,106,3,2,0.00445556
avgpool_finegrained1_HMEH8W.pt,14,146,146,3,2,0.00446618
avgpool_finegrained1_8UP9PG.pt,14,130,130,3,2,0.004435679999999998
avgpool_finegrained1_4B0LOX.pt,14,144,144,3,2,0.004433519999999999
avgpool_finegrained1_8VYI1C.pt,14,104,104,3,2,0.004549880000000001
avgpool_finegrained1_XGMTFX.pt,14,77,77,3,2,0.00443308
avgpool_finegrained1_U2K72I.pt,14,133,133,3,2,0.004454919999999999
avgpool_finegrained1_U3AC9C.pt,14,94,94,3,2,0.026678659999999996
avgpool_finegrained1_CU9WPT.pt,14,176,176,2,2,0.0044250800000000005
avgpool_finegrained1_G4WDQQ.pt,14,190,190,2,2,0.00446112
avgpool_finegrained1_APST9O.pt,14,232,232,2,2,0.004449900000000001
avgpool_finegrained1_9FZDQ0.pt,14,160,160,2,2,0.0045193
avgpool_finegrained1_M8H3EF.pt,14,204,204,2,2,0.004402679999999999
avgpool_finegrained1_YQL9QQ.pt,14,271,271,2,2,0.00447718
avgpool_finegrained1_0XCZ3W.pt,14,239,239,2,2,0.004510480000000001
avgpool_finegrained1_GAWHFU.pt,14,274,274,2,2,0.004503979999999998
avgpool_finegrained1_9BBK9W.pt,14,209,209,2,2,0.004443539999999999
avgpool_finegrained1_K2NO7C.pt,14,273,273,2,2,0.004402659999999998
avgpool_finegrained1_NYAOCE.pt,14,179,179,2,2,0.004415520000000001
avgpool_finegrained1_E6RBUG.pt,14,264,264,2,2,0.004475459999999999
avgpool_finegrained1_LJXYDF.pt,14,148,148,2,2,0.004500039999999999
avgpool_finegrained1_85XD9B.pt,14,122,122,2,2,0.00451242
avgpool_finegrained1_HVXHNQ.pt,14,275,275,2,2,0.004425679999999999
avgpool_finegrained1_ILDBGA.pt,14,253,253,2,2,0.004456760000000001
avgpool_finegrained1_7SG1BK.pt,14,126,126,2,2,0.0044543
avgpool_finegrained1_S30U6H.pt,14,151,151,2,2,0.00447932
avgpool_finegrained1_LQLFP0.pt,14,174,174,2,2,0.00453432
avgpool_finegrained1_5W2LB9.pt,14,191,191,2,2,0.004474699999999999
avgpool_finegrained1_O56CRR.pt,28,586,586,3,1,0.004435919999999999
avgpool_finegrained1_WVAW1O.pt,28,919,919,3,1,0.004590179999999998
avgpool_finegrained1_MSHXUX.pt,28,677,677,3,1,0.00451032
avgpool_finegrained1_TLUV5P.pt,28,453,453,3,1,0.00456768
avgpool_finegrained1_YULQ28.pt,28,750,750,3,1,0.004470639999999999
avgpool_finegrained1_Q8I3H9.pt,28,896,896,3,1,0.00442822
avgpool_finegrained1_LQDL4S.pt,28,603,603,3,1,0.004460939999999999
avgpool_finegrained1_GUJ4A4.pt,28,475,475,3,1,0.00442994
avgpool_finegrained1_JD21A2.pt,28,889,889,3,1,0.0043779199999999996
avgpool_finegrained1_XEX13L.pt,28,972,972,3,1,0.00441422
avgpool_finegrained1_SR203W.pt,28,800,800,3,1,0.00441158
avgpool_finegrained1_7VKVEI.pt,28,824,824,3,1,0.00446542
avgpool_finegrained1_CN1AXA.pt,28,673,673,3,1,0.007234419999999998
avgpool_finegrained1_F7V1DH.pt,28,711,711,3,1,0.00443334
avgpool_finegrained1_7IMG9R.pt,28,550,550,3,1,0.004448339999999999
avgpool_finegrained1_K36THI.pt,28,911,911,3,1,0.00443506
avgpool_finegrained1_NZ3AXT.pt,28,446,446,3,1,0.00449572
avgpool_finegrained1_E8GATC.pt,28,754,754,3,1,0.00442222
avgpool_finegrained1_WQ5IK1.pt,28,429,429,3,1,0.00440832
avgpool_finegrained1_TS88FS.pt,28,431,431,3,1,0.0045435
avgpool_finegrained1_JHI7IO.pt,14,33,33,2,2,0.00450146
avgpool_finegrained1_L25PJS.pt,14,63,63,2,2,0.004495720000000001
avgpool_finegrained1_CZHDKT.pt,14,43,43,2,2,0.004455639999999999
avgpool_finegrained1_HYPK7B.pt,14,48,48,2,2,0.004436199999999999
avgpool_finegrained1_VRQF6P.pt,14,56,56,2,2,0.00438736
avgpool_finegrained1_JR56KN.pt,14,50,50,2,2,0.00446356
avgpool_finegrained1_55T6BA.pt,14,55,55,2,2,0.004513220000000001
avgpool_finegrained1_AV1JG4.pt,14,52,52,2,2,0.00459562
avgpool_finegrained1_TIPN68.pt,14,49,49,2,2,0.004561520000000002
avgpool_finegrained1_BO8RLC.pt,14,51,51,2,2,0.00444698
avgpool_finegrained1_E9EKMV.pt,14,29,29,2,2,0.004445860000000001
avgpool_finegrained1_IQTAQU.pt,14,46,46,2,2,0.004490780000000001
avgpool_finegrained1_CKJHDR.pt,14,37,37,2,2,0.004440880000000001
avgpool_finegrained1_RZH3L1.pt,14,36,36,2,2,0.00441268
avgpool_finegrained1_M1YZH3.pt,14,28,28,2,2,0.00449668
avgpool_finegrained1_VP4IMV.pt,14,42,42,2,2,0.004535299999999999
avgpool_finegrained1_O96X06.pt,14,30,30,2,2,0.0044881600000000015
avgpool_finegrained1_M9RT3R.pt,14,47,47,2,2,0.004506759999999999
avgpool_finegrained1_LCD473.pt,14,39,39,2,2,0.004477640000000001
avgpool_finegrained1_BBDBY8.pt,14,45,45,2,2,0.004462320000000002
avgpool_finegrained1_R8QQWY.pt,14,154,154,3,2,0.004444040000000001
avgpool_finegrained1_THM8Q2.pt,14,146,146,3,2,0.0044354
avgpool_finegrained1_3HFHIE.pt,14,104,104,3,2,0.00443222
avgpool_finegrained1_B24HLN.pt,14,97,97,3,2,0.004451600000000001
avgpool_finegrained1_KNJC91.pt,14,85,85,3,2,0.004515299999999999
avgpool_finegrained1_4445S4.pt,14,108,108,3,2,0.004540059999999999
avgpool_finegrained1_1BIFFY.pt,14,66,66,3,2,0.004451499999999999
avgpool_finegrained1_4ZE2SX.pt,14,105,105,3,2,0.00450302
avgpool_finegrained1_R54SVD.pt,14,139,139,3,2,0.004491160000000001
avgpool_finegrained1_GQKJPT.pt,14,112,112,3,2,0.004477879999999999
avgpool_finegrained1_RU328C.pt,14,117,117,3,2,0.00443894
avgpool_finegrained1_RFSXP1.pt,14,71,71,3,2,0.00449714
avgpool_finegrained1_LMKY2Z.pt,14,77,77,3,2,0.004411519999999998
avgpool_finegrained1_8Z1RVR.pt,14,90,90,3,2,0.00447352
avgpool_finegrained1_LAVR2Y.pt,14,111,111,3,2,0.004394459999999998
avgpool_finegrained1_U4ZJEP.pt,14,113,113,3,2,0.004457339999999999
avgpool_finegrained1_KLYRB4.pt,14,153,153,3,2,0.004435259999999999
avgpool_finegrained1_H1ACFF.pt,14,69,69,3,2,0.0044817400000000005
avgpool_finegrained1_H2GB43.pt,14,93,93,3,2,0.004429079999999999
avgpool_finegrained1_GCOGNN.pt,14,136,136,3,2,0.0044708399999999985
avgpool_finegrained1_H9MXVX.pt,56,542,542,3,2,0.004434800000000002
avgpool_finegrained1_6PDXHG.pt,56,429,429,3,2,0.004470300000000001
avgpool_finegrained1_RNA2Y2.pt,56,537,537,3,2,0.004489339999999998
avgpool_finegrained1_142GFR.pt,56,472,472,3,2,0.004422519999999999
avgpool_finegrained1_RVYNE5.pt,56,426,426,3,2,0.0044659800000000005
avgpool_finegrained1_TH8Z5C.pt,56,365,365,3,2,0.004488819999999999
avgpool_finegrained1_C9PCVS.pt,56,543,543,3,2,0.00446556
avgpool_finegrained1_VWDROT.pt,56,385,385,3,2,0.00450476
avgpool_finegrained1_OOSQCC.pt,56,516,516,3,2,0.004482500000000001
avgpool_finegrained1_SHIFVP.pt,56,563,563,3,2,0.004433619999999999
avgpool_finegrained1_SYARXK.pt,56,592,592,3,2,0.004454960000000001
avgpool_finegrained1_F2IEPV.pt,56,476,476,3,2,0.00442648
avgpool_finegrained1_II5LKZ.pt,56,487,487,3,2,0.0045607799999999995
avgpool_finegrained1_7IUCKW.pt,56,401,401,3,2,0.004460559999999999
avgpool_finegrained1_S5O5YG.pt,56,527,527,3,2,0.004468440000000001
avgpool_finegrained1_I500WW.pt,56,293,293,3,2,0.00440942
avgpool_finegrained1_I4LR78.pt,56,444,444,3,2,0.004476379999999999
avgpool_finegrained1_6FPCPM.pt,56,538,538,3,2,0.0043945600000000005
avgpool_finegrained1_37YD2P.pt,56,562,562,3,2,0.004473179999999998
avgpool_finegrained1_QX5Q7W.pt,56,292,292,3,2,0.00449796
avgpool_finegrained1_3X4009.pt,224,138,138,2,1,0.004478899999999999
avgpool_finegrained1_R85SAR.pt,224,173,173,2,1,0.0044461
avgpool_finegrained1_IE4U9G.pt,224,234,234,2,1,0.004426759999999999
avgpool_finegrained1_9GJI9A.pt,224,240,240,2,1,0.004437480000000001
avgpool_finegrained1_84WG1P.pt,224,265,265,2,1,0.004361919999999999
avgpool_finegrained1_PPRC6V.pt,224,164,164,2,1,0.00443686
avgpool_finegrained1_PEDFV8.pt,224,146,146,2,1,0.0044096199999999995
avgpool_finegrained1_QFS50A.pt,224,205,205,2,1,0.00432934
avgpool_finegrained1_1EHZVO.pt,224,218,218,2,1,0.0044998600000000005
avgpool_finegrained1_RLWQCB.pt,224,247,247,2,1,0.0045004
avgpool_finegrained1_MHA2JI.pt,224,159,159,2,1,0.004537060000000001
avgpool_finegrained1_EIOFZY.pt,224,190,190,2,1,0.00448796
avgpool_finegrained1_U2YNPK.pt,224,272,272,2,1,0.0044245000000000005
avgpool_finegrained1_S1KJGB.pt,224,249,249,2,1,0.0044068200000000005
avgpool_finegrained1_U0IUE9.pt,224,237,237,2,1,0.004400860000000001
avgpool_finegrained1_NX9H1F.pt,224,140,140,2,1,0.004438759999999998
avgpool_finegrained1_X9201Q.pt,224,175,175,2,1,0.004378479999999999
avgpool_finegrained1_URN098.pt,224,125,125,2,1,0.004473540000000001
avgpool_finegrained1_F15JUK.pt,224,273,273,2,1,0.004483899999999998
avgpool_finegrained1_1UY0G2.pt,224,215,215,2,1,0.004407499999999999
avgpool_finegrained2_U7155G.pt,14,64,64,2,2,0.00473064
avgpool_finegrained2_T2Z0XQ.pt,14,43,43,2,2,0.004485179999999999
avgpool_finegrained2_4VFBPO.pt,14,63,63,2,2,0.024598600000000005
avgpool_finegrained2_J6T252.pt,14,61,61,2,2,0.004428199999999999
avgpool_finegrained2_JZPSTJ.pt,14,44,44,2,2,0.00445918
avgpool_finegrained2_YZRXA5.pt,14,55,55,2,2,0.00445512
avgpool_finegrained2_EQ80Z9.pt,14,57,57,2,2,0.00439744
avgpool_finegrained2_Y4PZUW.pt,14,85,85,2,2,0.0279542
avgpool_finegrained2_MYTKE1.pt,14,83,83,2,2,0.004414619999999999
avgpool_finegrained2_OJP13G.pt,14,73,73,2,2,0.004583159999999999
avgpool_finegrained2_LERMWU.pt,14,59,59,2,2,0.004475300000000001
avgpool_finegrained2_D0A1YP.pt,14,49,49,2,2,0.004416720000000002
avgpool_finegrained2_7NZLI7.pt,14,66,66,2,2,0.028108340000000006
avgpool_finegrained2_B3EJNR.pt,14,67,67,2,2,0.004498579999999999
avgpool_finegrained2_6K924Q.pt,14,87,87,2,2,0.004425639999999999
avgpool_finegrained2_TPCPX7.pt,14,80,80,2,2,0.004426820000000001
avgpool_finegrained2_BMMUV2.pt,14,78,78,2,2,0.00454208
avgpool_finegrained2_MNB0ME.pt,14,79,79,2,2,0.004470160000000001
avgpool_finegrained2_SYA9FE.pt,14,65,65,2,2,0.004452599999999999
avgpool_finegrained2_IVEEPQ.pt,14,84,84,2,2,0.00441188
avgpool_finegrained2_ZQZL27.pt,14,510,510,3,2,0.0044605600000000006
avgpool_finegrained2_NWK74T.pt,14,584,584,3,2,0.00447958
avgpool_finegrained2_HX45EZ.pt,14,301,301,3,2,0.00448764
avgpool_finegrained2_6W3H5E.pt,14,284,284,3,2,0.004467019999999999
avgpool_finegrained2_RVU0FP.pt,14,543,543,3,2,0.0049720599999999995
avgpool_finegrained2_7YBGU7.pt,14,526,526,3,2,0.00450762
avgpool_finegrained2_OISYAK.pt,14,407,407,3,2,0.00444342
avgpool_finegrained2_6HAV37.pt,14,370,370,3,2,0.00447078
avgpool_finegrained2_XW9YIT.pt,14,582,582,3,2,0.0045620999999999995
avgpool_finegrained2_DD3T3Q.pt,14,448,448,3,2,0.00446358
avgpool_finegrained2_HMLV7C.pt,14,416,416,3,2,0.028018699999999994
avgpool_finegrained2_UU8CJ8.pt,14,297,297,3,2,0.00450276
avgpool_finegrained2_S096IZ.pt,14,553,553,3,2,0.00447918
avgpool_finegrained2_PEY509.pt,14,335,335,3,2,0.0044193800000000005
avgpool_finegrained2_9GKTQG.pt,14,588,588,3,2,0.004432379999999999
avgpool_finegrained2_TLU70T.pt,14,539,539,3,2,0.004456580000000001
avgpool_finegrained2_LHFFPU.pt,14,303,303,3,2,0.00445626
avgpool_finegrained2_RWP7BD.pt,14,351,351,3,2,0.004430919999999999
avgpool_finegrained2_37INMH.pt,14,419,419,3,2,0.0043993
avgpool_finegrained2_6J0YVV.pt,14,271,271,3,2,0.004531299999999999
avgpool_finegrained2_U67V7C.pt,14,426,426,2,2,0.0044422
avgpool_finegrained2_XQYGBY.pt,14,387,387,2,2,0.004464500000000001
avgpool_finegrained2_8CDKJ9.pt,14,405,405,2,2,0.004510560000000002
avgpool_finegrained2_X1YEJA.pt,14,390,390,2,2,0.0044382399999999995
avgpool_finegrained2_VPCQ3U.pt,14,313,313,2,2,0.004429519999999999
avgpool_finegrained2_A5NV5K.pt,14,291,291,2,2,0.004554079999999999
avgpool_finegrained2_91GIYF.pt,14,279,279,2,2,0.00440692
avgpool_finegrained2_U4UTZP.pt,14,553,553,2,2,0.00440716
avgpool_finegrained2_M0Q3AV.pt,14,262,262,2,2,0.004553300000000001
avgpool_finegrained2_7Z53TK.pt,14,602,602,2,2,0.00446588
avgpool_finegrained2_N0W7FM.pt,14,474,474,2,2,0.004475100000000001
avgpool_finegrained2_D5G65D.pt,14,338,338,2,2,0.00444326
avgpool_finegrained2_4RGR0V.pt,14,466,466,2,2,0.004522980000000001
avgpool_finegrained2_ACEMTE.pt,14,560,560,2,2,0.004539539999999999
avgpool_finegrained2_2VU6FY.pt,14,264,264,2,2,0.0049949799999999996
avgpool_finegrained2_6CGFPB.pt,14,307,307,2,2,0.0044899
avgpool_finegrained2_6JO2ZV.pt,14,488,488,2,2,0.004941140000000001
avgpool_finegrained2_TTSMBZ.pt,14,382,382,2,2,0.00446056
avgpool_finegrained2_YFLOFS.pt,14,525,525,2,2,0.00446918
avgpool_finegrained2_B11V4O.pt,14,557,557,2,2,0.00453118
avgpool_finegrained2_94PEP2.pt,14,66,66,2,2,0.00446354
avgpool_finegrained2_4L2EQ9.pt,14,39,39,2,2,0.00444504
avgpool_finegrained2_7F2JMM.pt,14,43,43,2,2,0.0045967000000000004
avgpool_finegrained2_RF9NCG.pt,14,54,54,2,2,0.00451248
avgpool_finegrained2_63XS84.pt,14,41,41,2,2,0.004424439999999998
avgpool_finegrained2_ULVI11.pt,14,90,90,2,2,0.004450580000000001
avgpool_finegrained2_3EN6N5.pt,14,51,51,2,2,0.00456366
avgpool_finegrained2_OYQGDH.pt,14,53,53,2,2,0.004563800000000001
avgpool_finegrained2_WYAWJG.pt,14,69,69,2,2,0.004438
avgpool_finegrained2_SB8TNH.pt,14,87,87,2,2,0.004458600000000001
avgpool_finegrained2_JOR2SN.pt,14,40,40,2,2,0.026766420000000006
avgpool_finegrained2_93NLQU.pt,14,45,45,2,2,0.004471399999999998
avgpool_finegrained2_V3OXFP.pt,14,79,79,2,2,0.00451378
avgpool_finegrained2_1AUIW8.pt,14,73,73,2,2,0.004422579999999999
avgpool_finegrained2_1L27YF.pt,14,61,61,2,2,0.00451372
avgpool_finegrained2_INOP1E.pt,14,83,83,2,2,0.004457180000000001
avgpool_finegrained2_779LAT.pt,14,72,72,2,2,0.00458576
avgpool_finegrained2_LWWW70.pt,14,58,58,2,2,0.00445084
avgpool_finegrained2_8RV8OC.pt,14,74,74,2,2,0.0044529800000000005
avgpool_finegrained2_66MU5G.pt,14,65,65,2,2,0.004490960000000001
avgpool_finegrained2_43L1WG.pt,112,711,711,2,2,0.004409359999999999
avgpool_finegrained2_KS305W.pt,112,937,937,2,2,0.004337
avgpool_finegrained2_Y9NIJI.pt,112,828,828,2,2,0.0044239
avgpool_finegrained2_Z9FBVD.pt,112,888,888,2,2,0.00442256
avgpool_finegrained2_VLEXCI.pt,112,732,732,2,2,0.004386879999999999
avgpool_finegrained2_JYFKWX.pt,112,493,493,2,2,0.004838600000000001
avgpool_finegrained2_KZOP0Y.pt,112,967,967,2,2,0.004387459999999999
avgpool_finegrained2_7ATL5N.pt,112,514,514,2,2,0.00443362
avgpool_finegrained2_8TQFFP.pt,112,603,603,2,2,0.0043904
avgpool_finegrained2_9OLOA6.pt,112,539,539,2,2,0.0044655
avgpool_finegrained2_AUFZ87.pt,112,422,422,2,2,0.004410079999999999
avgpool_finegrained2_G6UXXU.pt,112,566,566,2,2,0.0044511
avgpool_finegrained2_2LFCMY.pt,112,609,609,2,2,0.004476400000000001
avgpool_finegrained2_QTIRHN.pt,112,954,954,2,2,0.004336180000000002
avgpool_finegrained2_DDBLU0.pt,112,819,819,2,2,0.00438678
avgpool_finegrained2_26HHU8.pt,112,569,569,2,2,0.0044062400000000005
avgpool_finegrained2_QWUZ9Z.pt,112,694,694,2,2,0.004378040000000001
avgpool_finegrained2_XOJ9NC.pt,112,553,553,2,2,0.0044461200000000005
avgpool_finegrained2_P4ZBK6.pt,112,696,696,2,2,0.005010720000000001
avgpool_finegrained2_BJRUO2.pt,112,993,993,2,2,0.0043662200000000005
avgpool_finegrained2_KWVI2E.pt,28,284,284,3,1,0.004436260000000001
avgpool_finegrained2_GNA93L.pt,28,200,200,3,1,0.004437679999999999
avgpool_finegrained2_PQCMLM.pt,28,217,217,3,1,0.004461460000000001
avgpool_finegrained2_EWKY0N.pt,28,282,282,3,1,0.004502659999999999
avgpool_finegrained2_SCRC0Y.pt,28,257,257,3,1,0.00449212
avgpool_finegrained2_Q57O7M.pt,28,131,131,3,1,0.004461499999999999
avgpool_finegrained2_HANZYX.pt,28,214,214,3,1,0.004620299999999998
avgpool_finegrained2_T708UC.pt,28,279,279,3,1,0.00439436
avgpool_finegrained2_ZY0N96.pt,28,148,148,3,1,0.004526479999999999
avgpool_finegrained2_655JPH.pt,28,159,159,3,1,0.004546860000000001
avgpool_finegrained2_BNTAQ6.pt,28,262,262,3,1,0.004615519999999999
avgpool_finegrained2_FNCVCK.pt,28,273,273,3,1,0.0046365799999999995
avgpool_finegrained2_X0CI4C.pt,28,264,264,3,1,0.00456978
avgpool_finegrained2_EOLCBS.pt,28,132,132,3,1,0.004503659999999999
avgpool_finegrained2_VB4SEX.pt,28,156,156,3,1,0.00446738
avgpool_finegrained2_BR3QCF.pt,28,165,165,3,1,0.004452120000000001
avgpool_finegrained2_RQ8SA2.pt,28,130,130,3,1,0.0044465999999999985
avgpool_finegrained2_IM3CY8.pt,28,210,210,3,1,0.004444280000000001
avgpool_finegrained2_8LRVZD.pt,28,123,123,3,1,0.00442848
avgpool_finegrained2_YSHBC8.pt,28,192,192,3,1,0.004546519999999998
avgpool_finegrained2_J27QH8.pt,112,302,302,3,2,0.0044113600000000005
avgpool_finegrained2_M2P258.pt,112,353,353,3,2,0.004450099999999999
avgpool_finegrained2_UTEHBR.pt,112,369,369,3,2,0.00442354
avgpool_finegrained2_SWTFA2.pt,112,463,463,3,2,0.004450459999999999
avgpool_finegrained2_CPCWFH.pt,112,380,380,3,2,0.0044711
avgpool_finegrained2_ACZN23.pt,112,247,247,3,2,0.00439824
avgpool_finegrained2_3YLOPI.pt,112,562,562,3,2,0.004567320000000001
avgpool_finegrained2_FIEJKZ.pt,112,445,445,3,2,0.004455279999999999
avgpool_finegrained2_1LHHUO.pt,112,364,364,3,2,0.004401240000000002
avgpool_finegrained2_EESA5S.pt,112,425,425,3,2,0.0044868600000000005
avgpool_finegrained2_1JX6MO.pt,112,521,521,3,2,0.00438508
avgpool_finegrained2_6J2KVQ.pt,112,508,508,3,2,0.004408020000000002
avgpool_finegrained2_FR0UZS.pt,112,306,306,3,2,0.004495700000000001
avgpool_finegrained2_IMSO4U.pt,112,407,407,3,2,0.004446500000000001
avgpool_finegrained2_72WW4L.pt,112,494,494,3,2,0.004433560000000004
avgpool_finegrained2_WZ669W.pt,112,377,377,3,2,0.00443724
avgpool_finegrained2_MIVABJ.pt,112,551,551,3,2,0.00449018
avgpool_finegrained2_HMRJ3G.pt,112,393,393,3,2,0.004420500000000001
avgpool_finegrained2_UXJFPV.pt,112,485,485,3,2,0.004479379999999997
avgpool_finegrained2_CA047V.pt,112,397,397,3,2,0.004461560000000001
avgpool_finegrained2_SZ947Z.pt,112,216,216,3,2,0.00439374
avgpool_finegrained2_1XEQIY.pt,112,134,134,3,2,0.004399940000000001
avgpool_finegrained2_EGTBVS.pt,112,160,160,3,2,0.004501639999999999
avgpool_finegrained2_72KBW2.pt,112,199,199,3,2,0.004488940000000001
avgpool_finegrained2_ZHCNRM.pt,112,142,142,3,2,0.004479060000000001
avgpool_finegrained2_KLUH4B.pt,112,273,273,3,2,0.00486476
avgpool_finegrained2_X625EA.pt,112,135,135,3,2,0.004530859999999999
avgpool_finegrained2_V5MVKF.pt,112,249,249,3,2,0.00445302
avgpool_finegrained2_532L33.pt,112,130,130,3,2,0.00445146
avgpool_finegrained2_JOC71M.pt,112,252,252,3,2,0.004457200000000001
avgpool_finegrained2_6SHYLA.pt,112,256,256,3,2,0.004430880000000002
avgpool_finegrained2_AY9C9K.pt,112,280,280,3,2,0.004488959999999999
avgpool_finegrained2_7KBMHJ.pt,112,123,123,3,2,0.0044563599999999995
avgpool_finegrained2_TDASDN.pt,112,278,278,3,2,0.00443232
avgpool_finegrained2_8P7VGJ.pt,112,141,141,3,2,0.00457008
avgpool_finegrained2_HHLOSJ.pt,112,214,214,3,2,0.004415219999999999
avgpool_finegrained2_9Y9HKC.pt,112,203,203,3,2,0.00446
avgpool_finegrained2_5WOBMB.pt,112,124,124,3,2,0.00443826
avgpool_finegrained2_W240HE.pt,112,282,282,3,2,0.004388319999999998
avgpool_finegrained2_OTQ3UD.pt,112,272,272,3,2,0.004432900000000001
avgpool_finegrained2_OECT0N.pt,28,685,685,2,1,0.004587880000000001
avgpool_finegrained2_Y975S0.pt,28,746,746,2,1,0.004459179999999999
avgpool_finegrained2_L74RIZ.pt,28,1008,1008,2,1,0.00444488
avgpool_finegrained2_VTBHSD.pt,28,670,670,2,1,0.004469520000000001
avgpool_finegrained2_Z0AJ6A.pt,28,980,980,2,1,0.004440179999999999
avgpool_finegrained2_Y0DT9X.pt,28,610,610,2,1,0.004508239999999999
avgpool_finegrained2_7ZVVOL.pt,28,481,481,2,1,0.00439848
avgpool_finegrained2_KQP4YY.pt,28,528,528,2,1,0.00446936
avgpool_finegrained2_QKAGKJ.pt,28,865,865,2,1,0.0044696
avgpool_finegrained2_WSSD4M.pt,28,986,986,2,1,0.00450154
avgpool_finegrained2_EAVM46.pt,28,743,743,2,1,0.004443040000000001
avgpool_finegrained2_OOKJ6T.pt,28,681,681,2,1,0.00448036
avgpool_finegrained2_FP6P3S.pt,28,551,551,2,1,0.00442958
avgpool_finegrained2_ZY53FZ.pt,28,595,595,2,1,0.004501819999999999
avgpool_finegrained2_CL923O.pt,28,725,725,2,1,0.0044584
avgpool_finegrained2_XX6PHL.pt,28,652,652,2,1,0.004652420000000001
avgpool_finegrained2_G8KJT2.pt,28,930,930,2,1,0.004406840000000001
avgpool_finegrained2_DSFLIE.pt,28,525,525,2,1,0.004506479999999999
avgpool_finegrained2_64JKNE.pt,28,666,666,2,1,0.004455920000000001
avgpool_finegrained2_H3HZV3.pt,28,773,773,2,1,0.004481959999999998
avgpool_finegrained2_0QXD36.pt,14,74,74,2,2,0.0044661
avgpool_finegrained2_IQEBWS.pt,14,55,55,2,2,0.004463999999999999
avgpool_finegrained2_KHRSHC.pt,14,71,71,2,2,0.004439220000000002
avgpool_finegrained2_MHRK10.pt,14,52,52,2,2,0.00439774
avgpool_finegrained2_SJ15KH.pt,14,80,80,2,2,0.004455019999999999
avgpool_finegrained2_RCBBE6.pt,14,67,67,2,2,0.00446998
avgpool_finegrained2_24J98P.pt,14,61,61,2,2,0.00441416
avgpool_finegrained2_M1RTDK.pt,14,65,65,2,2,0.0043828800000000005
avgpool_finegrained2_2P1T8B.pt,14,50,50,2,2,0.0045160800000000004
avgpool_finegrained2_XBYFUB.pt,14,56,56,2,2,0.004444740000000001
avgpool_finegrained2_B9K8UK.pt,14,83,83,2,2,0.004581539999999999
avgpool_finegrained2_6CTQCG.pt,14,68,68,2,2,0.004418760000000001
avgpool_finegrained2_Q4VNDI.pt,14,62,62,2,2,0.00445904
avgpool_finegrained2_ONLOS0.pt,14,89,89,2,2,0.00438916
avgpool_finegrained2_BNFOV3.pt,14,85,85,2,2,0.00442664
avgpool_finegrained2_0YWYAL.pt,14,45,45,2,2,0.004431560000000001
avgpool_finegrained2_8J2IP8.pt,14,40,40,2,2,0.0045613
avgpool_finegrained2_4VLXMT.pt,14,82,82,2,2,0.004886880000000001
avgpool_finegrained2_22V4AG.pt,14,37,37,2,2,0.004482239999999999
avgpool_finegrained2_GE9OA5.pt,14,63,63,2,2,0.0044518
avgpool_finegrained2_1FRAJW.pt,14,86,86,3,2,0.00495138
avgpool_finegrained2_52UN1S.pt,14,84,84,3,2,0.025180779999999996
avgpool_finegrained2_3Y8E18.pt,14,37,37,3,2,0.004454420000000001
avgpool_finegrained2_4YQO8F.pt,14,57,57,3,2,0.0044506599999999995
avgpool_finegrained2_WFK2H7.pt,14,51,51,3,2,0.00453986
avgpool_finegrained2_H8WUGX.pt,14,47,47,3,2,0.004451460000000001
avgpool_finegrained2_PE5T80.pt,14,72,72,3,2,0.00446082
avgpool_finegrained2_9LOOCT.pt,14,48,48,3,2,0.004432740000000001
avgpool_finegrained2_2NJ9CL.pt,14,71,71,3,2,0.004406939999999999
avgpool_finegrained2_U590DN.pt,14,82,82,3,2,0.004520279999999999
avgpool_finegrained2_GCC7BK.pt,14,81,81,3,2,0.004416439999999999
avgpool_finegrained2_O2AU4F.pt,14,59,59,3,2,0.00445672
avgpool_finegrained2_3U5UUN.pt,14,54,54,3,2,0.004464320000000002
avgpool_finegrained2_VN7H9H.pt,14,79,79,3,2,0.004435539999999999
avgpool_finegrained2_QRZBV0.pt,14,66,66,3,2,0.004448580000000001
avgpool_finegrained2_ZRVS8B.pt,14,50,50,3,2,0.00447762
avgpool_finegrained2_2CWWUC.pt,14,78,78,3,2,0.004433799999999999
avgpool_finegrained2_6FNI17.pt,14,64,64,3,2,0.004446879999999999
avgpool_finegrained2_1F18KV.pt,14,83,83,3,2,0.00446046
avgpool_finegrained2_QR2X8H.pt,14,65,65,3,2,0.0044794
avgpool_finegrained2_9KIWHL.pt,56,53,53,2,2,0.004451920000000001
avgpool_finegrained2_7X5ADU.pt,56,76,76,2,2,0.0044995600000000005
avgpool_finegrained2_W0GKJR.pt,56,54,54,2,2,0.00448156
avgpool_finegrained2_3PL22P.pt,56,77,77,2,2,0.00446834
avgpool_finegrained2_GMFTBZ.pt,56,58,58,2,2,0.0045342199999999985
avgpool_finegrained2_0F05QO.pt,56,57,57,2,2,0.00445696
avgpool_finegrained2_P55F11.pt,56,51,51,2,2,0.00494618
avgpool_finegrained2_AN3QLL.pt,56,48,48,2,2,0.004411839999999999
avgpool_finegrained2_TRLMW2.pt,56,71,71,2,2,0.004489620000000001
avgpool_finegrained2_GZNQNT.pt,56,44,44,2,2,0.004436879999999999
avgpool_finegrained2_4CH6SV.pt,56,69,69,2,2,0.00450144
avgpool_finegrained2_8M6XZS.pt,56,50,50,2,2,0.00444436
avgpool_finegrained2_0ZPUSV.pt,56,39,39,2,2,0.004524200000000002
avgpool_finegrained2_LXYUG6.pt,56,46,46,2,2,0.004458120000000001
avgpool_finegrained2_57O3PZ.pt,56,47,47,2,2,0.0044762000000000005
avgpool_finegrained2_CK49XY.pt,56,74,74,2,2,0.00495276
avgpool_finegrained2_9U67F3.pt,56,73,73,2,2,0.004537499999999999
avgpool_finegrained2_Q9HC5B.pt,56,35,35,2,2,0.004456459999999999
avgpool_finegrained2_ZBGIOH.pt,56,55,55,2,2,0.004472319999999999
avgpool_finegrained2_XYKVG2.pt,56,45,45,2,2,0.004506
avgpool_finegrained2_2FOQG7.pt,28,148,148,2,2,0.00456384
avgpool_finegrained2_8MQMZO.pt,28,184,184,2,2,0.004443720000000001
avgpool_finegrained2_CSLRG6.pt,28,248,248,2,2,0.00442264
avgpool_finegrained2_7BR1L6.pt,28,213,213,2,2,0.004473620000000001
avgpool_finegrained2_VF41IT.pt,28,190,190,2,2,0.00446096
avgpool_finegrained2_EK99G5.pt,28,137,137,2,2,0.0044713800000000005
avgpool_finegrained2_IR5NOG.pt,28,302,302,2,2,0.00440964
avgpool_finegrained2_9SX6XB.pt,28,256,256,2,2,0.004529900000000001
avgpool_finegrained2_B7PVV4.pt,28,291,291,2,2,0.00444382
avgpool_finegrained2_K8BHFT.pt,28,217,217,2,2,0.00444898
avgpool_finegrained2_S9QLOX.pt,28,219,219,2,2,0.004433260000000001
avgpool_finegrained2_YNUX4B.pt,28,174,174,2,2,0.00444736
avgpool_finegrained2_7FGSKU.pt,28,223,223,2,2,0.00455564
avgpool_finegrained2_CR72I2.pt,28,286,286,2,2,0.0045065999999999995
avgpool_finegrained2_RN174C.pt,28,231,231,2,2,0.00442356
avgpool_finegrained2_7AQB3G.pt,28,271,271,2,2,0.00451756
avgpool_finegrained2_PU3BQ4.pt,28,265,265,2,2,0.004550879999999999
avgpool_finegrained2_EBD7GQ.pt,28,303,303,2,2,0.004540640000000001
avgpool_finegrained2_P3F60C.pt,28,151,151,2,2,0.00449624
avgpool_finegrained2_YBTA0N.pt,28,207,207,2,2,0.0044459
avgpool_finegrained2_VHK3A4.pt,14,46,46,3,2,0.0044344
avgpool_finegrained2_PHY3LN.pt,14,39,39,3,2,0.0044851
avgpool_finegrained2_N6H4N9.pt,14,47,47,3,2,0.004448559999999999
avgpool_finegrained2_J8YWHE.pt,14,38,38,3,2,0.00449526
avgpool_finegrained2_672ULV.pt,14,34,34,3,2,0.0045375799999999985
avgpool_finegrained2_AD76VR.pt,14,50,50,3,2,0.00448302
avgpool_finegrained2_676LIC.pt,14,58,58,3,2,0.004445619999999998
avgpool_finegrained2_3ZTYU8.pt,14,43,43,3,2,0.0044382599999999986
avgpool_finegrained2_Q8F2TE.pt,14,59,59,3,2,0.0044821999999999996
avgpool_finegrained2_M9WXWX.pt,14,51,51,3,2,0.004505159999999999
avgpool_finegrained2_W8OUMI.pt,14,52,52,3,2,0.00445386
avgpool_finegrained2_YHW5XG.pt,14,60,60,3,2,0.004412600000000002
avgpool_finegrained2_PFQHM5.pt,14,44,44,3,2,0.004437260000000001
avgpool_finegrained2_9FOQB3.pt,14,61,61,3,2,0.0045112600000000004
avgpool_finegrained2_IPVGUJ.pt,14,54,54,3,2,0.00445866
avgpool_finegrained2_A3XGIF.pt,14,29,29,3,2,0.00442578
avgpool_finegrained2_GIPEOG.pt,14,48,48,3,2,0.004435199999999999
avgpool_finegrained2_X6YLC1.pt,14,53,53,3,2,0.004508079999999999
avgpool_finegrained2_2GIXU6.pt,14,36,36,3,2,0.004425760000000001
avgpool_finegrained2_RQCJ2K.pt,14,40,40,3,2,0.004414560000000001
avgpool_finegrained2_M7VZE2.pt,14,135,135,3,2,0.004465860000000001
avgpool_finegrained2_YFZWZB.pt,14,120,120,3,2,0.00449792
avgpool_finegrained2_7HUE2F.pt,14,110,110,3,2,0.0043959199999999985
avgpool_finegrained2_DTKH4O.pt,14,113,113,3,2,0.004472020000000001
avgpool_finegrained2_V28YGY.pt,14,123,123,3,2,0.0044382399999999995
avgpool_finegrained2_3YPRHS.pt,14,94,94,3,2,0.004470319999999999
avgpool_finegrained2_S091N2.pt,14,86,86,3,2,0.00450978
avgpool_finegrained2_DSMQKF.pt,14,136,136,3,2,0.00446294
avgpool_finegrained2_QS57XF.pt,14,139,139,3,2,0.004446220000000001
avgpool_finegrained2_0GDHG9.pt,14,165,165,3,2,0.004445620000000001
avgpool_finegrained2_6A93RB.pt,14,134,134,3,2,0.00441154
avgpool_finegrained2_XIA8NG.pt,14,145,145,3,2,0.004426440000000001
avgpool_finegrained2_1KP42N.pt,14,161,161,3,2,0.00450706
avgpool_finegrained2_CSJ961.pt,14,75,75,3,2,0.00447866
avgpool_finegrained2_XDFED9.pt,14,93,93,3,2,0.004545340000000001
avgpool_finegrained2_F8AGO3.pt,14,137,137,3,2,0.004500239999999999
avgpool_finegrained2_NHHAUN.pt,14,156,156,3,2,0.004500500000000001
avgpool_finegrained2_LN6RTU.pt,14,102,102,3,2,0.004453919999999999
avgpool_finegrained2_BGH2P2.pt,14,95,95,3,2,0.014693839999999998
avgpool_finegrained2_TB479K.pt,14,146,146,3,2,0.004452500000000002
avgpool_finegrained2_XC8AH2.pt,56,561,561,2,2,0.0044801400000000005
avgpool_finegrained2_IJ1HCT.pt,56,350,350,2,2,0.004513820000000001
avgpool_finegrained2_ZPNRL5.pt,56,572,572,2,2,0.00444004
avgpool_finegrained2_1TWL4Y.pt,56,521,521,2,2,0.0044743399999999985
avgpool_finegrained2_RMHYY1.pt,56,441,441,2,2,0.00449002
avgpool_finegrained2_POPSZO.pt,56,380,380,2,2,0.004478619999999999
avgpool_finegrained2_TUH4JC.pt,56,570,570,2,2,0.00449498
avgpool_finegrained2_NILIHL.pt,56,284,284,2,2,0.00459484
avgpool_finegrained2_51KMK3.pt,56,541,541,2,2,0.0044969599999999995
avgpool_finegrained2_LOSLZO.pt,56,483,483,2,2,0.00443834
avgpool_finegrained2_EULN1L.pt,56,315,315,2,2,0.00439338
avgpool_finegrained2_WIY4BG.pt,56,575,575,2,2,0.00445282
avgpool_finegrained2_RS4AUJ.pt,56,490,490,2,2,0.00446994
avgpool_finegrained2_2EAC2L.pt,56,345,345,2,2,0.004498979999999999
avgpool_finegrained2_GA9V6N.pt,56,418,418,2,2,0.0044772599999999985
avgpool_finegrained2_M5FNCZ.pt,56,291,291,2,2,0.004456379999999999
avgpool_finegrained2_VYJID5.pt,56,576,576,2,2,0.004482460000000001
avgpool_finegrained2_R5CLMD.pt,56,440,440,2,2,0.00440446
avgpool_finegrained2_YB3X5Y.pt,56,537,537,2,2,0.004525240000000001
avgpool_finegrained2_8V3ILU.pt,56,491,491,2,2,0.00448474
avgpool_finegrained2_BHH4GN.pt,14,403,403,2,2,0.005092740000000001
avgpool_finegrained2_V91LUJ.pt,14,455,455,2,2,0.004496900000000001
avgpool_finegrained2_NESQZR.pt,14,524,524,2,2,0.004376500000000002
avgpool_finegrained2_E1OKWX.pt,14,329,329,2,2,0.00440168
avgpool_finegrained2_PC9PRU.pt,14,261,261,2,2,0.004459339999999998
avgpool_finegrained2_R1WP0F.pt,14,285,285,2,2,0.01608142
avgpool_finegrained2_5D32WX.pt,14,587,587,2,2,0.004435820000000001
avgpool_finegrained2_AQT9ST.pt,14,567,567,2,2,0.00443422
avgpool_finegrained2_VERI9V.pt,14,568,568,2,2,0.0044640999999999995
avgpool_finegrained2_E7MXU8.pt,14,373,373,2,2,0.00444066
avgpool_finegrained2_EQ5CWD.pt,14,301,301,2,2,0.0044561800000000006
avgpool_finegrained2_8SOHPX.pt,14,442,442,2,2,0.004524720000000001
avgpool_finegrained2_5OKZUI.pt,14,424,424,2,2,0.0045211800000000005
avgpool_finegrained2_F3YDXQ.pt,14,597,597,2,2,0.004468839999999999
avgpool_finegrained2_0WED61.pt,14,369,369,2,2,0.004398740000000001
avgpool_finegrained2_BTKF14.pt,14,451,451,2,2,0.00449126
avgpool_finegrained2_I222JW.pt,14,313,313,2,2,0.004440759999999999
avgpool_finegrained2_U8RJX3.pt,14,468,468,2,2,0.004496900000000001
avgpool_finegrained2_QTT8SG.pt,14,364,364,2,2,0.004479739999999999
avgpool_finegrained2_O44KV4.pt,14,428,428,2,2,0.0044963799999999995
avgpool_finegrained2_SCIHIM.pt,14,53,53,2,2,0.004480619999999999
avgpool_finegrained2_LT0RUG.pt,14,42,42,2,2,0.00444702
avgpool_finegrained2_ZN8OIN.pt,14,50,50,2,2,0.0044424
avgpool_finegrained2_7GWEGU.pt,14,38,38,2,2,0.0044725200000000015
avgpool_finegrained2_B33000.pt,14,70,70,2,2,0.028000260000000003
avgpool_finegrained2_TH5MPB.pt,14,63,63,2,2,0.004482600000000001
avgpool_finegrained2_X84Q3X.pt,14,37,37,2,2,0.0045060000000000005
avgpool_finegrained2_GNJPMG.pt,14,34,34,2,2,0.004490540000000001
avgpool_finegrained2_O6H9CD.pt,14,39,39,2,2,0.004445900000000002
avgpool_finegrained2_7S4IV9.pt,14,52,52,2,2,0.00442184
avgpool_finegrained2_BWFSK8.pt,14,64,64,2,2,0.00447388
avgpool_finegrained2_4IYB2Q.pt,14,45,45,2,2,0.004498200000000001
avgpool_finegrained2_AE6UWI.pt,14,44,44,2,2,0.004439820000000001
avgpool_finegrained2_IG2KOQ.pt,14,71,71,2,2,0.004555599999999998
avgpool_finegrained2_AMF81V.pt,14,49,49,2,2,0.004613400000000001
avgpool_finegrained2_3HVNH7.pt,14,51,51,2,2,0.004442760000000001
avgpool_finegrained2_WQKQ04.pt,14,56,56,2,2,0.004518560000000001
avgpool_finegrained2_A4Y2UR.pt,14,46,46,2,2,0.004449980000000001
avgpool_finegrained2_N7VFJN.pt,14,59,59,2,2,0.004475959999999999
avgpool_finegrained2_EXZZU2.pt,14,47,47,2,2,0.004469600000000001
avgpool_finegrained2_88YUN4.pt,28,96,96,3,2,0.005003580000000002
avgpool_finegrained2_IV5JEJ.pt,28,86,86,3,2,0.005055019999999999
avgpool_finegrained2_X92GU9.pt,28,104,104,3,2,0.00446408
avgpool_finegrained2_NWTNAZ.pt,28,74,74,3,2,0.0044693
avgpool_finegrained2_XIP316.pt,28,59,59,3,2,0.004531819999999999
avgpool_finegrained2_4ONSKL.pt,28,109,109,3,2,0.004405120000000001
avgpool_finegrained2_O5IQYY.pt,28,54,54,3,2,0.00445982
avgpool_finegrained2_3HA47W.pt,28,87,87,3,2,0.00458146
avgpool_finegrained2_W2UKOR.pt,28,62,62,3,2,0.004522480000000001
avgpool_finegrained2_CB56MH.pt,28,70,70,3,2,0.0044699200000000005
avgpool_finegrained2_46P274.pt,28,79,79,3,2,0.004446980000000001
avgpool_finegrained2_1I7PV3.pt,28,68,68,3,2,0.004444839999999999
avgpool_finegrained2_FYFBHL.pt,28,71,71,3,2,0.004477719999999999
avgpool_finegrained2_FNHJ2G.pt,28,93,93,3,2,0.004433179999999999
avgpool_finegrained2_ZXXDMD.pt,28,64,64,3,2,0.004560000000000001
avgpool_finegrained2_N36NGP.pt,28,108,108,3,2,0.004478660000000001
avgpool_finegrained2_FFPRG5.pt,28,75,75,3,2,0.004627019999999998
avgpool_finegrained2_B9GV5X.pt,28,88,88,3,2,0.004515299999999999
avgpool_finegrained2_UTMXU8.pt,28,111,111,3,2,0.006888059999999999
avgpool_finegrained2_7KMDJQ.pt,28,76,76,3,2,0.00458538
avgpool_finegrained2_E07375.pt,224,99,99,3,2,0.0044351600000000005
avgpool_finegrained2_V0M5VX.pt,224,74,74,3,2,0.004395059999999999
avgpool_finegrained2_596M1N.pt,224,100,100,3,2,0.00445898
avgpool_finegrained2_6T2M35.pt,224,75,75,3,2,0.004447879999999999
avgpool_finegrained2_0KGO8G.pt,224,109,109,3,2,0.004422779999999999
avgpool_finegrained2_0RL5IB.pt,224,91,91,3,2,0.0044466
avgpool_finegrained2_FFPPOH.pt,224,56,56,3,2,0.0044423399999999995
avgpool_finegrained2_JPSSI5.pt,224,49,49,3,2,0.004369360000000001
avgpool_finegrained2_YNJPEE.pt,224,90,90,3,2,0.00442992
avgpool_finegrained2_IRUZ9S.pt,224,79,79,3,2,0.0043846200000000005
avgpool_finegrained2_JIQ7G3.pt,224,52,52,3,2,0.00448502
avgpool_finegrained2_YN032P.pt,224,88,88,3,2,0.004480520000000001
avgpool_finegrained2_PJRCH7.pt,224,72,72,3,2,0.00441232
avgpool_finegrained2_N3RMB4.pt,224,59,59,3,2,0.00449154
avgpool_finegrained2_2R5BYI.pt,224,48,48,3,2,0.004383539999999998
avgpool_finegrained2_KKOYR9.pt,224,65,65,3,2,0.004431139999999999
avgpool_finegrained2_1FCAD4.pt,224,97,97,3,2,0.004416819999999999
avgpool_finegrained2_J8LWXP.pt,224,54,54,3,2,0.004469120000000001
avgpool_finegrained2_QZ6E8W.pt,224,108,108,3,2,0.004516
avgpool_finegrained2_33OZAR.pt,224,92,92,3,2,0.004418519999999999
avgpool_finegrained2_OWEKRL.pt,14,126,126,3,2,0.004545659999999999
avgpool_finegrained2_TT0BY7.pt,14,182,182,3,2,0.004453339999999999
avgpool_finegrained2_N9V5LG.pt,14,189,189,3,2,0.0044592600000000005
avgpool_finegrained2_26M7O4.pt,14,117,117,3,2,0.004445340000000001
avgpool_finegrained2_1DD4HH.pt,14,111,111,3,2,0.004510939999999999
avgpool_finegrained2_SKW0ER.pt,14,205,205,3,2,0.00445078
avgpool_finegrained2_UMQZCO.pt,14,197,197,3,2,0.004453639999999999
avgpool_finegrained2_PVQGHC.pt,14,213,213,3,2,0.0044247
avgpool_finegrained2_QJ3TCA.pt,14,155,155,3,2,0.004506199999999999
avgpool_finegrained2_BGIFLK.pt,14,208,208,3,2,0.004429800000000001
avgpool_finegrained2_8GVV7C.pt,14,176,176,3,2,0.004490479999999999
avgpool_finegrained2_Y1B4CO.pt,14,139,139,3,2,0.00442102
avgpool_finegrained2_QDDEA6.pt,14,119,119,3,2,0.004444780000000001
avgpool_finegrained2_I3HYRG.pt,14,226,226,3,2,0.004518920000000001
avgpool_finegrained2_LM6ZKF.pt,14,190,190,3,2,0.004487519999999999
avgpool_finegrained2_WOXZ89.pt,14,150,150,3,2,0.00443998
avgpool_finegrained2_HISC9E.pt,14,149,149,3,2,0.0044358600000000015
avgpool_finegrained2_R09OO2.pt,14,179,179,3,2,0.004408939999999999
avgpool_finegrained2_593L8R.pt,14,209,209,3,2,0.004459200000000001
avgpool_finegrained2_L26EKW.pt,14,224,224,3,2,0.004502560000000001
avgpool_finegrained2_JPT30N.pt,28,179,179,2,2,0.0044505000000000005
avgpool_finegrained2_KOJNSA.pt,28,223,223,2,2,0.004463020000000001
avgpool_finegrained2_3KPFN8.pt,28,138,138,2,2,0.00447172
avgpool_finegrained2_EKWSQ1.pt,28,253,253,2,2,0.0044392999999999985
avgpool_finegrained2_OSDIBL.pt,28,245,245,2,2,0.004455519999999999
avgpool_finegrained2_43FNNB.pt,28,225,225,2,2,0.00444808
avgpool_finegrained2_S0ZKN0.pt,28,163,163,2,2,0.021974480000000008
avgpool_finegrained2_KGME1Q.pt,28,255,255,2,2,0.00445512
avgpool_finegrained2_BMEEBG.pt,28,208,208,2,2,0.004517600000000001
avgpool_finegrained2_5TN5GU.pt,28,207,207,2,2,0.0043840400000000005
avgpool_finegrained2_X873RD.pt,28,240,240,2,2,0.004529479999999999
avgpool_finegrained2_F71CD7.pt,28,239,239,2,2,0.004467940000000001
avgpool_finegrained2_R74R0D.pt,28,127,127,2,2,0.00444272
avgpool_finegrained2_E4WK5J.pt,28,152,152,2,2,0.004457580000000001
avgpool_finegrained2_WT7UQY.pt,28,124,124,2,2,0.0044689000000000005
avgpool_finegrained2_MOMA7F.pt,28,219,219,2,2,0.004442459999999999
avgpool_finegrained2_HT0KD0.pt,28,267,267,2,2,0.0044359199999999994
avgpool_finegrained2_MD1JIY.pt,28,230,230,2,2,0.004442959999999999
avgpool_finegrained2_3FDX6C.pt,28,222,222,2,2,0.00450558
avgpool_finegrained2_2Q4PT7.pt,28,280,280,2,2,0.004514799999999999
avgpool_finegrained2_3SRLPG.pt,14,40,40,3,2,0.00443364
avgpool_finegrained2_R9C2YZ.pt,14,61,61,3,2,0.00465652
avgpool_finegrained2_RQXW8L.pt,14,87,87,3,2,0.004478139999999999
avgpool_finegrained2_IU8KJT.pt,14,72,72,3,2,0.0043812799999999995
avgpool_finegrained2_2M5W6Q.pt,14,37,37,3,2,0.004474479999999999
avgpool_finegrained2_OKJSCQ.pt,14,71,71,3,2,0.00450302
avgpool_finegrained2_DWWS2I.pt,14,62,62,3,2,0.004482979999999999
avgpool_finegrained2_2U12X0.pt,14,83,83,3,2,0.004419040000000001
avgpool_finegrained2_ZJTOGV.pt,14,67,67,3,2,0.0044750400000000004
avgpool_finegrained2_EE7NSX.pt,14,63,63,3,2,0.00437446
avgpool_finegrained2_01GQXW.pt,14,66,66,3,2,0.00441766
avgpool_finegrained2_NVDP7C.pt,14,70,70,3,2,0.00450192
avgpool_finegrained2_2NS13S.pt,14,53,53,3,2,0.004466539999999998
avgpool_finegrained2_FBA6JU.pt,14,39,39,3,2,0.0044446
avgpool_finegrained2_8N875L.pt,14,57,57,3,2,0.004518979999999997
avgpool_finegrained2_ZHPV7R.pt,14,85,85,3,2,0.00444092
avgpool_finegrained2_RXDJV9.pt,14,42,42,3,2,0.004392620000000001
avgpool_finegrained2_D0VYE1.pt,14,48,48,3,2,0.028142700000000007
avgpool_finegrained2_4VPMDJ.pt,14,76,76,3,2,0.004390000000000002
avgpool_finegrained2_JTD2JM.pt,14,49,49,3,2,0.00444762
avgpool_finegrained2_E5EOZ3.pt,14,59,59,3,2,0.00441694
avgpool_finegrained2_97S7IA.pt,14,56,56,3,2,0.00436296
avgpool_finegrained2_E93YFF.pt,14,55,55,3,2,0.004469000000000002
avgpool_finegrained2_UEEZS2.pt,14,82,82,3,2,0.004404760000000001
avgpool_finegrained2_UE8WBK.pt,14,45,45,3,2,0.004508879999999999
avgpool_finegrained2_KEI7TI.pt,14,57,57,3,2,0.00446782
avgpool_finegrained2_4TN1SC.pt,14,66,66,3,2,0.004471020000000001
avgpool_finegrained2_U2QBGX.pt,14,68,68,3,2,0.004414939999999999
avgpool_finegrained2_QESG5C.pt,14,72,72,3,2,0.0044394
avgpool_finegrained2_JLUTHH.pt,14,39,39,3,2,0.004544840000000001
avgpool_finegrained2_ICQJDK.pt,14,85,85,3,2,0.004425880000000001
avgpool_finegrained2_Z841W1.pt,14,42,42,3,2,0.0044912
avgpool_finegrained2_8LVHBU.pt,14,52,52,3,2,0.004503280000000001
avgpool_finegrained2_GV0WPL.pt,14,41,41,3,2,0.0044729999999999995
avgpool_finegrained2_BP0W1S.pt,14,77,77,3,2,0.00444704
avgpool_finegrained2_UK6Y46.pt,14,63,63,3,2,0.00495448
avgpool_finegrained2_SWHKR7.pt,14,83,83,3,2,0.026625740000000016
avgpool_finegrained2_9FAXEB.pt,14,87,87,3,2,0.00445688
avgpool_finegrained2_PSS1TI.pt,14,49,49,3,2,0.0045125799999999995
avgpool_finegrained2_JC8IXP.pt,14,64,64,3,2,0.0044386
avgpool_finegrained2_VDPTPT.pt,28,405,405,2,2,0.00445984
avgpool_finegrained2_P790GD.pt,28,390,390,2,2,0.0044449400000000005
avgpool_finegrained2_UTXX50.pt,28,451,451,2,2,0.00437276
avgpool_finegrained2_UOFZTV.pt,28,523,523,2,2,0.00451306
avgpool_finegrained2_5JRPXP.pt,28,538,538,2,2,0.004459079999999999
avgpool_finegrained2_PX1NIG.pt,28,560,560,2,2,0.004581120000000002
avgpool_finegrained2_SJEFYD.pt,28,256,256,2,2,0.0044492
avgpool_finegrained2_9J98C3.pt,28,363,363,2,2,0.00457006
avgpool_finegrained2_RL570V.pt,28,449,449,2,2,0.00446506
avgpool_finegrained2_JF8RCZ.pt,28,495,495,2,2,0.004432620000000002
avgpool_finegrained2_IZQ92M.pt,28,446,446,2,2,0.00441716
avgpool_finegrained2_N1BQOA.pt,28,454,454,2,2,0.00448854
avgpool_finegrained2_L49ZAS.pt,28,588,588,2,2,0.0044697999999999995
avgpool_finegrained2_P9G0SA.pt,28,593,593,2,2,0.004495340000000001
avgpool_finegrained2_99R76P.pt,28,267,267,2,2,0.004565379999999999
avgpool_finegrained2_B8LKWY.pt,28,499,499,2,2,0.004385399999999999
avgpool_finegrained2_TO9QHK.pt,28,302,302,2,2,0.00444756
avgpool_finegrained2_XPZIWI.pt,28,303,303,2,2,0.004478259999999999
avgpool_finegrained2_4PO9JR.pt,28,472,472,2,2,0.00443682
avgpool_finegrained2_4WU26O.pt,28,568,568,2,2,0.0044345
avgpool_finegrained2_PZ8OUE.pt,56,172,172,3,2,0.00453824
avgpool_finegrained2_J5WLLY.pt,56,212,212,3,2,0.0124381
avgpool_finegrained2_L013LU.pt,56,200,200,3,2,0.00450856
avgpool_finegrained2_FL9LOC.pt,56,161,161,3,2,0.0044034600000000005
avgpool_finegrained2_RGVC3F.pt,56,275,275,3,2,0.004393180000000001
avgpool_finegrained2_8Y8IAW.pt,56,255,255,3,2,0.004430100000000002
avgpool_finegrained2_ULP7LR.pt,56,157,157,3,2,0.004420539999999999
avgpool_finegrained2_MQ5B4J.pt,56,239,239,3,2,0.004538239999999999
avgpool_finegrained2_W66UO2.pt,56,267,267,3,2,0.0044436599999999995
avgpool_finegrained2_IKPTJK.pt,56,256,256,3,2,0.0043714800000000005
avgpool_finegrained2_XMYWFO.pt,56,147,147,3,2,0.0043705600000000025
avgpool_finegrained2_VJT7TM.pt,56,234,234,3,2,0.004437959999999999
avgpool_finegrained2_TWHTLP.pt,56,120,120,3,2,0.0044576400000000006
avgpool_finegrained2_YWVJMH.pt,56,122,122,3,2,0.0044637
avgpool_finegrained2_V6KX5Q.pt,56,128,128,3,2,0.004376079999999999
avgpool_finegrained2_TVCY16.pt,56,242,242,3,2,0.004443539999999999
avgpool_finegrained2_LE67E7.pt,56,265,265,3,2,0.004438439999999998
avgpool_finegrained2_WGJBOK.pt,56,146,146,3,2,0.00442608
avgpool_finegrained2_XEY81M.pt,56,170,170,3,2,0.00440684
avgpool_finegrained2_LEJL7V.pt,56,169,169,3,2,0.0044182399999999995
avgpool_finegrained2_2X6UMM.pt,56,290,290,3,2,0.004532260000000001
avgpool_finegrained2_OLZG7X.pt,56,263,263,3,2,0.004420899999999999
avgpool_finegrained2_VHSRFR.pt,56,314,314,3,2,0.004435979999999999
avgpool_finegrained2_XSF2WU.pt,56,578,578,3,2,0.0044357599999999995
avgpool_finegrained2_5LEPT8.pt,56,532,532,3,2,0.004476600000000001
avgpool_finegrained2_ETIMNK.pt,56,365,365,3,2,0.00443554
avgpool_finegrained2_SYEBEG.pt,56,443,443,3,2,0.004482559999999999
avgpool_finegrained2_8R2D7D.pt,56,445,445,3,2,0.004425540000000001
avgpool_finegrained2_0AFU6R.pt,56,460,460,3,2,0.004412200000000001
avgpool_finegrained2_R76UU8.pt,56,269,269,3,2,0.004467220000000002
avgpool_finegrained2_Y6EDGX.pt,56,409,409,3,2,0.0046035
avgpool_finegrained2_AQFUU7.pt,56,524,524,3,2,0.0045418
avgpool_finegrained2_BNW2ZI.pt,56,336,336,3,2,0.004451359999999999
avgpool_finegrained2_ZAG3GJ.pt,56,498,498,3,2,0.00446444
avgpool_finegrained2_IFWZ2N.pt,56,419,419,3,2,0.004498639999999999
avgpool_finegrained2_XSDAQX.pt,56,417,417,3,2,0.00441766
avgpool_finegrained2_Y9JDPV.pt,56,440,440,3,2,0.004437460000000002
avgpool_finegrained2_U2I2H0.pt,56,457,457,3,2,0.004455959999999998
avgpool_finegrained2_SC70W1.pt,56,597,597,3,2,0.00440752
avgpool_finegrained2_A7QB5M.pt,56,354,354,3,2,0.004424179999999999
avgpool_finegrained2_PRKNVO.pt,28,30,30,2,2,0.004389660000000001
avgpool_finegrained2_CZHTJ9.pt,28,37,37,2,2,0.00443704
avgpool_finegrained2_YFJ7EE.pt,28,47,47,2,2,0.00448246
avgpool_finegrained2_4ROK0O.pt,28,29,29,2,2,0.00442274
avgpool_finegrained2_Y87XKA.pt,28,26,26,2,2,0.004462140000000001
avgpool_finegrained2_WMJZUW.pt,28,38,38,2,2,0.00445172
avgpool_finegrained2_LXQ3NG.pt,28,33,33,2,2,0.00445042
avgpool_finegrained2_U00D5V.pt,28,54,54,2,2,0.004446259999999998
avgpool_finegrained2_G9C1ZV.pt,28,52,52,2,2,0.0046169800000000006
avgpool_finegrained2_C8OT15.pt,28,44,44,2,2,0.0044351600000000005
avgpool_finegrained2_R4GCD6.pt,28,23,23,2,2,0.004450599999999999
avgpool_finegrained2_ILSTWZ.pt,28,24,24,2,2,0.004458400000000002
avgpool_finegrained2_6DUZU5.pt,28,46,46,2,2,0.004556580000000001
avgpool_finegrained2_DWFTO3.pt,28,27,27,2,2,0.0044174800000000005
avgpool_finegrained2_HRV4AT.pt,28,31,31,2,2,0.00446404
avgpool_finegrained2_RRJB68.pt,28,41,41,2,2,0.004529399999999999
avgpool_finegrained2_2ES75U.pt,28,51,51,2,2,0.004451260000000001
avgpool_finegrained2_9DO2PX.pt,28,35,35,2,2,0.004489879999999999
avgpool_finegrained2_7NDZR0.pt,28,45,45,2,2,0.00445442
avgpool_finegrained2_JMW9RU.pt,28,40,40,2,2,0.004477539999999999
avgpool_finegrained2_RLLBB5.pt,56,294,294,2,2,0.00445508
avgpool_finegrained2_G0EI71.pt,56,491,491,2,2,0.004429079999999999
avgpool_finegrained2_8IJFWW.pt,56,443,443,2,2,0.0044846600000000006
avgpool_finegrained2_2X0B9D.pt,56,258,258,2,2,0.004487240000000001
avgpool_finegrained2_2NF5SL.pt,56,482,482,2,2,0.004503179999999999
avgpool_finegrained2_HOGTKM.pt,56,598,598,2,2,0.00445208
avgpool_finegrained2_RRG9SE.pt,56,582,582,2,2,0.004475999999999999
avgpool_finegrained2_C1YUHJ.pt,56,410,410,2,2,0.0044781000000000005
avgpool_finegrained2_0RG69L.pt,56,349,349,2,2,0.004476799999999998
avgpool_finegrained2_7NVOG7.pt,56,375,375,2,2,0.00447014
avgpool_finegrained2_YA55CI.pt,56,542,542,2,2,0.00457496
avgpool_finegrained2_GEES0O.pt,56,544,544,2,2,0.0044927399999999985
avgpool_finegrained2_76R4LX.pt,56,602,602,2,2,0.00448346
avgpool_finegrained2_PJ52VQ.pt,56,590,590,2,2,0.004431659999999999
avgpool_finegrained2_P5XV2W.pt,56,440,440,2,2,0.004397020000000001
avgpool_finegrained2_QFHQCU.pt,56,588,588,2,2,0.004470539999999999
avgpool_finegrained2_20BOJT.pt,56,563,563,2,2,0.0044395200000000015
avgpool_finegrained2_DD855F.pt,56,605,605,2,2,0.004509979999999999
avgpool_finegrained2_GK3ME4.pt,56,325,325,2,2,0.00459666
avgpool_finegrained2_4FRDRQ.pt,56,312,312,2,2,0.00442066
