model_path,HW,CIN,latency
split_prior_9CTBK8.pt,56,1026,0.003334779999999999
split_prior_NF1X8W.pt,14,44,0.003447679999999999
split_prior_E0PVK2.pt,28,1178,0.00342304
split_prior_7Z5V8R.pt,56,506,0.0034581000000000004
split_prior_RK3HV8.pt,28,226,0.003443519999999999
split_prior_B1UZOO.pt,56,52,0.0034275599999999996
split_prior_X5OSN3.pt,28,24,0.02273287999999999
split_prior_AWE9A3.pt,112,144,0.0034640599999999997
split_prior_NEY4U0.pt,112,760,0.00345996
split_prior_E5RLKI.pt,14,1026,0.0034592800000000008
split_prior_Q3ERGB.pt,14,490,0.0034890200000000007
split_prior_I9RX1K.pt,14,20,0.010973459999999999
split_prior_R4NJTE.pt,14,508,0.0034425400000000004
split_prior_94XHSK.pt,112,500,0.003489300000000002
split_prior_K2TYDX.pt,28,354,0.0034643200000000008
split_prior_SZ54ME.pt,7,532,0.00350422
split_prior_2B2KQF.pt,14,74,0.0034924400000000007
split_prior_IJ4TML.pt,28,496,0.00350396
split_prior_3AECMZ.pt,14,150,0.003326879999999999
split_prior_UDPFEZ.pt,28,132,0.003444700000000001
split_prior_9MRKIF.pt,1,136,0.0034982999999999998
split_prior_KHD1IB.pt,224,340,0.003439900000000001
split_prior_PAPHSB.pt,14,540,0.0034784399999999997
split_prior_9OJJ6P.pt,28,28,0.0034813199999999996
split_prior_SDJ2CO.pt,28,64,0.0034455200000000014
split_prior_GUFVI9.pt,7,60,0.004609080000000001
split_prior_MLTM76.pt,3,176,0.0034468199999999997
split_prior_5EL71K.pt,28,56,0.0034334799999999987
split_prior_YDFBS0.pt,28,242,0.0035357399999999995
split_prior_1RW6DE.pt,7,236,0.0034427600000000004
split_prior_TYY075.pt,14,1266,0.003472260000000001
split_prior_ML4FMP.pt,3,82,0.0034261800000000005
split_prior_D2TEJ2.pt,7,412,0.0034865799999999995
split_prior_IMOGDG.pt,112,204,0.00346294
split_prior_G26S3S.pt,56,214,0.0034432200000000003
split_prior_34SB5Y.pt,1,106,0.0034232
split_prior_XBO69S.pt,14,52,0.0035032799999999997
split_prior_RYF2KT.pt,56,16,0.003471340000000001
split_prior_N0BW7H.pt,7,254,0.0034939199999999998
split_prior_D53GYR.pt,56,132,0.00345762
split_prior_6SZQXN.pt,7,104,0.00344602
split_prior_OPRH6K.pt,28,1158,0.0034347000000000006
split_prior_GSVUYM.pt,224,72,0.00346178
split_prior_YLJYHD.pt,1,148,0.022303959999999998
split_prior_2DHDBQ.pt,1,86,0.0034519
split_prior_YYXZI0.pt,7,46,0.012811419999999995
split_prior_J7ZONM.pt,112,214,0.0034517999999999992
split_prior_CS00U6.pt,56,156,0.0034687799999999986
split_prior_E7BUTI.pt,14,198,0.00349728
split_prior_1ZI8RA.pt,112,14,0.0035634800000000004
split_prior_WG9P3X.pt,112,196,0.0034921000000000006
split_prior_N9SR0A.pt,14,24,0.0034722399999999997
split_prior_TXFC07.pt,14,8,0.003423320000000001
split_prior_3DE1QL.pt,14,272,0.00348446
split_prior_IBJCWJ.pt,7,254,0.003555760000000001
split_prior_FKEW3G.pt,112,158,0.0034749800000000003
split_prior_GJPGO5.pt,56,78,0.00349256
split_prior_49RG48.pt,7,10,0.0034193399999999994
split_prior_VT46CQ.pt,14,112,0.003464080000000001
split_prior_7CFDTY.pt,28,162,0.00344406
split_prior_P685SG.pt,14,196,0.0034364400000000007
split_prior_4KI1BJ.pt,56,272,0.0034748599999999998
split_prior_8PFN4G.pt,7,500,0.00346524
split_prior_VUUO2L.pt,56,188,0.00343526
split_prior_B0SZ8Q.pt,14,516,0.003351959999999999
split_prior_Y647C4.pt,14,2024,0.003427380000000001
split_prior_TAGHO4.pt,112,540,0.0034498000000000007
split_prior_LQUK1H.pt,14,462,0.00342976
split_prior_3ISDUP.pt,224,262,0.003536
split_prior_3FU6U2.pt,3,34,0.0047247
split_prior_NZ6H4N.pt,1,1270,0.00494778
split_prior_VOJZML.pt,56,540,0.0034293600000000007
split_prior_IX0B9N.pt,28,452,0.0034751600000000006
split_prior_PZG5AN.pt,28,158,0.0035092
split_prior_80TOV5.pt,28,186,0.00344408
split_prior_NGHMK1.pt,14,48,0.007041040000000002
split_prior_MA89RZ.pt,7,30,0.017186419999999997
split_prior_24RO9V.pt,14,458,0.00348132
split_prior_2L2XAQ.pt,28,540,0.003445340000000001
split_prior_LULWGF.pt,56,1700,0.0034828000000000007
split_prior_T11XLQ.pt,14,530,0.0035242599999999987
split_prior_QYBU6X.pt,28,80,0.0034350599999999998
split_prior_0B8IFQ.pt,56,132,0.003457260000000001
split_prior_OSGNQT.pt,14,122,0.0034527600000000005
split_prior_50SN8D.pt,3,88,0.005732300000000001
split_prior_1B164A.pt,14,42,0.0035558000000000013
split_prior_Q3DXSB.pt,56,1174,0.0034635400000000006
split_prior_DT3IEY.pt,14,140,0.003475239999999999
split_prior_2S9XS0.pt,56,38,0.00348564
split_prior_IBG84A.pt,7,18,0.00345028
split_prior_XK879W.pt,224,24,0.0034840599999999998
split_prior_NUHP3J.pt,14,1154,0.0035020800000000003
split_prior_VYGTTI.pt,14,108,0.0036331799999999997
split_prior_C23B3M.pt,112,518,0.0034773999999999994
split_prior_5PG2ID.pt,112,128,0.0034856200000000005
split_prior_29WNK1.pt,56,96,0.003437260000000001
split_prior_K1S22F.pt,14,516,0.00343714
split_prior_EU3LOE.pt,28,510,0.0034714199999999994
split_prior_DJ69FR.pt,28,94,0.00351602
split_prior_0G7TCR.pt,14,84,0.004309740000000001
split_prior_F20NU5.pt,56,2036,0.00342362
split_prior_140DG3.pt,28,70,0.00345714
split_prior_XPU6V8.pt,56,62,0.0034722599999999987
split_prior_6ZSWTD.pt,14,226,0.003442899999999999
split_prior_ULIL5J.pt,14,536,0.0034960200000000003
split_prior_37SAQQ.pt,28,512,0.003537839999999999
split_prior_2X8YGA.pt,56,172,0.0034620399999999996
split_prior_G19BLI.pt,28,928,0.0034682800000000015
split_prior_1WZK8N.pt,14,144,0.0035610200000000002
split_prior_854MYF.pt,3,982,0.00769952
split_prior_RNUBXK.pt,1,202,0.008545339999999998
split_prior_652C1V.pt,112,1510,0.003535600000000001
split_prior_9D5R1O.pt,28,1252,0.00353436
split_prior_FHMFIX.pt,56,46,0.0034901600000000004
split_prior_B2IGG9.pt,1,248,0.00413136
split_prior_W4ZKL7.pt,28,214,0.00346632
split_prior_EMWVG6.pt,56,500,0.0034614400000000005
split_prior_6KCL4R.pt,14,214,0.003605240000000001
split_prior_Y7SAKS.pt,3,128,0.00430432
split_prior_RAEFIS.pt,56,450,0.0036328200000000006
split_prior_Q5L83N.pt,28,170,0.00348068
split_prior_KNQEKX.pt,14,808,0.003465980000000001
split_prior_H4ENZ1.pt,1,150,0.003421300000000001
split_prior_L94CN2.pt,28,140,0.003424360000000001
split_prior_80V8YH.pt,56,236,0.003476500000000001
split_prior_L32DEB.pt,112,88,0.0034752399999999992
split_prior_TY0H5H.pt,112,182,0.0035045199999999993
split_prior_SR1834.pt,28,484,0.0034826600000000003
split_prior_MKTXH9.pt,112,214,0.0034371400000000013
split_prior_QC7NIR.pt,112,44,0.0035028400000000006
split_prior_RAFB8J.pt,14,110,0.00350142
split_prior_OX0QW0.pt,56,1170,0.0034656400000000003
split_prior_NLTQ3Z.pt,14,28,0.01049816
split_prior_DQATLW.pt,14,832,0.0034815600000000003
split_prior_TBP954.pt,28,496,0.003436360000000001
split_prior_01T4SB.pt,1,48,0.003503359999999999
split_prior_0262T3.pt,7,156,0.004657920000000001
split_prior_361NMS.pt,28,204,0.003476120000000001
split_prior_8ZP8AB.pt,7,116,0.0035223999999999993
split_prior_BEM1IF.pt,14,846,0.0034962600000000006
split_prior_FQ5L6G.pt,112,850,0.0034701799999999994
split_prior_ELZSRJ.pt,28,42,0.0035947999999999996
split_prior_DI2NGR.pt,14,370,0.0034951000000000006
split_prior_76MFIS.pt,7,118,0.0033332000000000006
split_prior_TPW1J4.pt,7,48,0.00647562
split_prior_FIVPZP.pt,28,826,0.0033962999999999992
split_prior_7CXA0J.pt,224,136,0.003403580000000001
split_prior_FZSINB.pt,14,160,0.003464679999999999
split_prior_TTD6SX.pt,56,70,0.0034616800000000004
split_prior_V5JV4M.pt,28,126,0.0035548599999999995
split_prior_RI80KN.pt,56,242,0.0034695399999999993
split_prior_C1JGC6.pt,56,8,0.003972079999999999
split_prior_Y9GRMR.pt,28,970,0.0034401199999999988
split_prior_QSLVLT.pt,112,506,0.0034658399999999995
split_prior_6SD8JW.pt,7,132,0.009476059999999998
split_prior_61EDNC.pt,56,240,0.0035644000000000006
split_prior_CZ4GHW.pt,7,62,0.0034389800000000003
split_prior_IDIYHQ.pt,56,468,0.003510500000000001
split_prior_PLL1N6.pt,14,1296,0.0035107999999999997
split_prior_H2KIEJ.pt,3,10,0.0062785199999999975
split_prior_3MG1UP.pt,14,18,0.005887000000000003
split_prior_UPN8H4.pt,28,134,0.0034463799999999993
split_prior_0Q7446.pt,14,542,0.0035164999999999992
split_prior_U79RX3.pt,14,60,0.0034552999999999997
split_prior_I9HYHQ.pt,28,96,0.0036297799999999996
split_prior_6QTQUI.pt,7,516,0.00353714
split_prior_J1CCV3.pt,14,682,0.0035144399999999998
split_prior_BQYJ94.pt,28,40,0.00347292
split_prior_9BOHRX.pt,14,422,0.0035109599999999996
split_prior_GC7D5D.pt,112,184,0.0034850000000000007
split_prior_A7CCMM.pt,7,72,0.005714199999999998
split_prior_WUTJL6.pt,56,960,0.00346866
split_prior_6JXETX.pt,7,110,0.00672552
split_prior_C81F76.pt,56,272,0.0034231000000000005
split_prior_7APRO8.pt,14,1186,0.003479299999999999
split_prior_C2QAAF.pt,7,848,0.0034599
split_prior_QZ4PUQ.pt,14,238,0.0034382000000000006
split_prior_DYR40B.pt,112,184,0.0035843600000000004
split_prior_KMVS7Z.pt,56,228,0.00345878
split_prior_TFI7TX.pt,14,270,0.00344214
split_prior_ZVMNX6.pt,112,664,0.00346604
split_prior_R58WXD.pt,112,302,0.0034719200000000007
split_prior_Y2RN4I.pt,28,250,0.0034830200000000007
split_prior_YMGO9Z.pt,14,176,0.003535360000000001
split_prior_00POMG.pt,7,240,0.00461038
split_prior_LBJK8H.pt,28,222,0.0034518599999999993
split_prior_3PRNC1.pt,224,522,0.0035184199999999995
split_prior_V51CX0.pt,112,244,0.0034533000000000007
split_prior_FIK1X1.pt,56,992,0.00351198
split_prior_1D8QVZ.pt,56,388,0.0035043000000000006
split_prior_2SFLLJ.pt,7,246,0.0034719000000000013
split_prior_ORM7GC.pt,14,160,0.00344446
split_prior_7Z5O5I.pt,28,210,0.00346614
split_prior_S2KO7I.pt,14,1430,0.003571419999999999
split_prior_F38Q4N.pt,56,270,0.0035081600000000015
split_prior_NSODKC.pt,56,82,0.0034749200000000007
split_prior_2D71WJ.pt,28,1000,0.0034818600000000007
split_prior_QFSBUM.pt,56,166,0.0034369400000000007
split_prior_3TNG7W.pt,28,88,0.0034524399999999998
split_prior_CZY7NF.pt,56,174,0.00345876
split_prior_2324OX.pt,56,978,0.0034479
split_prior_YDKXG3.pt,28,6,0.006490899999999999
split_prior_VV8QVY.pt,112,56,0.0034868800000000004
split_prior_SSB45G.pt,56,454,0.0035002200000000005
split_prior_32DDWY.pt,28,532,0.0035294000000000015
split_prior_X2008P.pt,14,930,0.0034612400000000017
split_prior_Z8JOYH.pt,14,96,0.003435060000000001
split_prior_P5ILEP.pt,7,1288,0.003496199999999999
split_prior_U537FZ.pt,28,524,0.0034257999999999992
split_prior_S6MTMG.pt,7,1004,0.003474820000000001
split_prior_FIPASF.pt,14,32,0.00698652
split_prior_QPW6RN.pt,7,62,0.0034644199999999993
split_prior_CBI5GE.pt,56,386,0.00344308
split_prior_WEX1JU.pt,1,670,0.01054042
split_prior_TYFQLU.pt,28,146,0.0034791399999999995
split_prior_UIN978.pt,56,522,0.003478380000000001
split_prior_BRKNOT.pt,7,528,0.0045134599999999995
split_prior_EHJ25O.pt,28,182,0.0034137
split_prior_HHQRZV.pt,56,58,0.0034267000000000004
split_prior_1M7WJ7.pt,7,22,0.0034704799999999997
split_prior_TDVLH3.pt,56,500,0.0034763
split_prior_1W5M9A.pt,112,1370,0.003504019999999999
split_prior_6VGUOM.pt,56,490,0.00347732
split_prior_TTP7VS.pt,7,1136,0.00345586
split_prior_YJHJBI.pt,14,514,0.0034674000000000007
split_prior_UY564B.pt,28,200,0.0034683200000000004
split_prior_VEO8EE.pt,56,88,0.003643760000000001
split_prior_4MHZGP.pt,14,164,0.0034457000000000003
split_prior_DAKWRC.pt,112,492,0.0034282400000000004
split_prior_SCKYW1.pt,28,152,0.0034775600000000006
split_prior_8P300U.pt,3,4,0.012475420000000004
split_prior_N6TOYQ.pt,112,38,0.0035026
split_prior_QU6ZRM.pt,56,138,0.003477020000000001
split_prior_QZ17TE.pt,14,552,0.0034654800000000004
split_prior_SJT20U.pt,7,12,0.0034635800000000004
split_prior_SN31PE.pt,28,178,0.00346694
split_prior_E1NI94.pt,112,538,0.0034623600000000003
split_prior_EQZR3G.pt,56,134,0.0034581199999999994
split_prior_EZVR0Y.pt,3,522,0.003424959999999999
split_prior_78LWBT.pt,7,142,0.0034772600000000015
split_prior_DPKB47.pt,56,532,0.0034118399999999993
split_prior_GM6CMG.pt,56,220,0.0034698000000000003
split_prior_T6JI14.pt,112,1072,0.0034945200000000014
split_prior_SPR7R2.pt,14,112,0.0035421199999999993
split_prior_JWO5CF.pt,7,200,0.006348939999999998
split_prior_YVJCS1.pt,14,512,0.00343362
split_prior_L817XB.pt,7,212,0.013814100000000001
split_prior_B17OE1.pt,14,582,0.00348416
split_prior_UVVOGN.pt,14,1042,0.0034736999999999997
split_prior_W9N9B6.pt,14,514,0.0034555799999999998
split_prior_JKKIYY.pt,7,506,0.00345302
split_prior_9R0QWV.pt,28,66,0.00355158
split_prior_EOYBE0.pt,7,16,0.0092714
split_prior_0KU69H.pt,28,174,0.003464699999999999
split_prior_8I6JR9.pt,14,100,0.00571504
split_prior_HPVJBD.pt,28,70,0.0034758999999999996
split_prior_33VBVW.pt,56,204,0.003430059999999999
split_prior_19FLKP.pt,56,84,0.0036024
split_prior_8NQ1IW.pt,14,196,0.00344132
split_prior_3KWZWG.pt,3,230,0.0036097399999999997
split_prior_5MHVK7.pt,14,34,0.003538339999999999
split_prior_CVDC4X.pt,224,28,0.0035392799999999997
split_prior_O1EBLA.pt,7,852,0.003539319999999999
split_prior_2G0I32.pt,14,228,0.0034459999999999994
split_prior_O2LKJT.pt,7,92,0.0043855
split_prior_G10TK3.pt,56,160,0.003453040000000001
split_prior_7PBK3H.pt,112,50,0.003444979999999999
split_prior_XD4D4I.pt,14,2054,0.0034352
split_prior_XSO3MC.pt,7,56,0.003427539999999999
split_prior_5D02YG.pt,14,90,0.00343042
split_prior_XZGV24.pt,14,258,0.0034261200000000004
split_prior_BIQ6UC.pt,7,468,0.0034149000000000007
split_prior_5P471C.pt,56,172,0.00341096
split_prior_OYUF5K.pt,14,448,0.00346292
split_prior_7ZAZST.pt,7,194,0.003537
split_prior_P0KEJH.pt,28,242,0.003452420000000001
split_prior_8J7GWQ.pt,28,462,0.0034935000000000005
split_prior_ES4EHN.pt,7,134,0.00883694
split_prior_SKVK6W.pt,112,310,0.0037048600000000004
split_prior_IB20DZ.pt,28,6,0.00516752
split_prior_Q3JK2U.pt,14,1160,0.00344144
split_prior_SAI2Z8.pt,7,224,0.0034577799999999997
split_prior_EXCB7L.pt,28,518,0.0034922399999999998
split_prior_I6PKWH.pt,28,212,0.0034864600000000007
split_prior_21YCDL.pt,1,88,0.00345342
split_prior_I3KG8Z.pt,14,524,0.0034987399999999997
split_prior_RR0XF6.pt,28,1018,0.0035063799999999995
split_prior_4CGTAQ.pt,28,528,0.0034764200000000018
split_prior_BHOP1C.pt,14,16,0.0034796
split_prior_YRZKKX.pt,7,986,0.00343698
split_prior_2A1F7Q.pt,112,454,0.00348192
split_prior_LO8VQ6.pt,28,246,0.003508080000000001
split_prior_7PYVMR.pt,28,700,0.00343378
split_prior_2E8MW6.pt,14,516,0.0034782999999999993
split_prior_AHF0JZ.pt,7,160,0.0034241799999999993
split_prior_B4MSDD.pt,14,102,0.008369519999999998
split_prior_VJFZ7N.pt,112,540,0.003474339999999999
split_prior_B71DEJ.pt,28,52,0.00342302
split_prior_CXDSVT.pt,14,410,0.0035287599999999997
split_prior_OTLZU7.pt,7,60,0.005153159999999998
split_prior_DF3L27.pt,7,848,0.00351796
split_prior_QN26NK.pt,14,176,0.0034814199999999994
split_prior_IW4QZK.pt,14,244,0.003468179999999999
split_prior_PY1P4S.pt,112,226,0.0034797799999999996
split_prior_PSKHFU.pt,28,264,0.0035009600000000013
split_prior_2PY268.pt,14,76,0.00344912
split_prior_VA2S3I.pt,56,392,0.0034580399999999995
split_prior_BUGNDO.pt,112,182,0.0034615
split_prior_EDMWFO.pt,7,280,0.003465120000000001
split_prior_ZGBD94.pt,112,494,0.0034928400000000005
split_prior_VQ3B3W.pt,14,452,0.0034218399999999993
split_prior_FX3OQ7.pt,7,200,0.003459219999999999
split_prior_HPS802.pt,14,174,0.0035058199999999993
split_prior_P3E1XT.pt,28,14,0.01342722
split_prior_MCQWHG.pt,28,172,0.00348804
split_prior_PNF5E2.pt,112,60,0.00353888
split_prior_3E9F70.pt,28,28,0.004302459999999999
split_prior_J0439I.pt,14,82,0.005835020000000001
split_prior_NAM87Q.pt,14,92,0.0034721
split_prior_S9278G.pt,14,166,0.0034335800000000003
split_prior_XD1Y6B.pt,56,532,0.0035348200000000006
split_prior_VU1IRR.pt,28,204,0.0034886800000000005
split_prior_0TBHND.pt,14,208,0.003457139999999999
split_prior_W9TNRJ.pt,14,452,0.0034556799999999987
split_prior_WXBLST.pt,28,532,0.0034669400000000013
split_prior_3VDYTZ.pt,14,510,0.003446200000000001
split_prior_4MSC95.pt,7,538,0.0034178999999999993
split_prior_0SRJV1.pt,56,80,0.0034124399999999992
split_prior_R18YA6.pt,7,168,0.0034951000000000006
split_prior_JSVDCG.pt,56,250,0.00345672
split_prior_D0YT8W.pt,56,172,0.003477919999999999
split_prior_BF6HDT.pt,1,806,0.0093714
split_prior_A3REKK.pt,56,436,0.0034627200000000007
split_prior_B75ZB0.pt,28,244,0.0034547999999999996
split_prior_WB71FO.pt,14,76,0.0034168799999999997
split_prior_RYOIP1.pt,28,570,0.003433739999999999
split_prior_Y4P7KD.pt,28,98,0.0034632800000000004
split_prior_7M3XZY.pt,14,184,0.003542480000000001
split_prior_CWTBM2.pt,28,1030,0.003472959999999999
split_prior_H2PC8G.pt,14,190,0.0034606999999999993
split_prior_P18BUU.pt,7,338,0.0034656999999999995
split_prior_CHP3R9.pt,7,1152,0.0034546800000000016
split_prior_E8TXGZ.pt,14,92,0.0035346799999999997
split_prior_KRTFCA.pt,56,1084,0.0034375600000000005
split_prior_YCN0OL.pt,56,1272,0.0034632
split_prior_UOC8HE.pt,28,244,0.0034669799999999997
split_prior_GELYD7.pt,14,498,0.0034521600000000014
split_prior_RT1HL8.pt,56,536,0.0034720800000000007
split_prior_Z6LWXJ.pt,14,138,0.0035074000000000012
split_prior_L9WI4E.pt,7,140,0.011509240000000007
split_prior_LOX8SM.pt,28,214,0.00350986
split_prior_O57AB0.pt,28,128,0.003440519999999999
split_prior_GJXFTG.pt,14,152,0.0034785999999999997
split_prior_JODP6D.pt,14,508,0.0034827800000000004
split_prior_7QQVOL.pt,14,498,0.0034625599999999995
split_prior_7KL3KI.pt,56,142,0.00347244
split_prior_0QL33C.pt,56,190,0.0035227000000000014
split_prior_30855L.pt,7,1160,0.0035926199999999986
split_prior_PGDCIL.pt,56,846,0.003510960000000001
split_prior_5IFHA8.pt,14,264,0.0035293800000000004
split_prior_GBQCGG.pt,14,142,0.0034280799999999996
split_prior_DZRSMR.pt,56,824,0.00347794
split_prior_C5PUHD.pt,28,1972,0.0034519400000000006
split_prior_7WXLZX.pt,28,94,0.00344064
split_prior_R69IVU.pt,7,24,0.0033982799999999996
split_prior_MT62N1.pt,28,1134,0.0035153199999999997
split_prior_IQMGKZ.pt,7,196,0.0034495800000000003
split_prior_STJS78.pt,7,64,0.00936758
split_prior_86IXDF.pt,28,78,0.0034839599999999986
split_prior_WUBLB5.pt,56,216,0.0034797
split_prior_DPDVT4.pt,56,200,0.0035567799999999994
split_prior_C4TBO9.pt,14,542,0.0035451800000000006
split_prior_HD42V1.pt,56,220,0.0034553800000000005
split_prior_2TK3RE.pt,14,34,0.007760280000000005
split_prior_Z7V6YB.pt,14,98,0.00436436
split_prior_LQA98F.pt,28,202,0.00352316
split_prior_3X08L4.pt,28,430,0.00346188
split_prior_M9ODW0.pt,56,254,0.003455980000000001
split_prior_NH0WYH.pt,56,510,0.003430420000000001
split_prior_GGAX3Z.pt,14,180,0.00367356
split_prior_KBRP59.pt,56,786,0.0034571800000000002
split_prior_UE5CTC.pt,56,1788,0.0035013400000000012
split_prior_MR7HO7.pt,14,496,0.0035063999999999994
split_prior_DEVL7N.pt,14,186,0.005362699999999999
split_prior_JNTJCC.pt,14,438,0.0034630999999999993
split_prior_X6B28N.pt,28,1282,0.0034517599999999995
split_prior_9I6773.pt,28,178,0.0035161400000000005
split_prior_WOR9ZS.pt,14,124,0.0044087599999999985
split_prior_AG9T49.pt,28,20,0.0034284199999999997
split_prior_2787R3.pt,7,2024,0.0034601200000000006
split_prior_R6V0KU.pt,14,474,0.0034377200000000013
split_prior_G0ZHCC.pt,224,78,0.0034587400000000014
split_prior_QP3EFT.pt,7,252,0.00439746
split_prior_4ZJNHM.pt,14,192,0.003464299999999999
split_prior_HEFF4E.pt,56,184,0.00344636
split_prior_48P91L.pt,1,138,0.004112
split_prior_Z54CMA.pt,1,24,0.006207820000000002
split_prior_DM7GIA.pt,28,1188,0.0034573
split_prior_MXWBCJ.pt,7,142,0.0034543199999999994
split_prior_JI6JO2.pt,7,146,0.012349760000000003
split_prior_J6J09R.pt,56,240,0.00344794
split_prior_Y5I0L8.pt,28,62,0.0034767799999999983
split_prior_WIWBZD.pt,14,256,0.0034499199999999995
split_prior_ZRFDMG.pt,7,226,0.004600639999999998
split_prior_O03EBC.pt,112,1624,0.003453000000000001
split_prior_J2TUTK.pt,112,146,0.0034591600000000006
split_prior_GXQNYA.pt,7,988,0.0034596999999999996
split_prior_CYX3D1.pt,56,112,0.0035348600000000008
split_prior_S1W1SK.pt,7,198,0.0034999999999999996
split_prior_TZKJIN.pt,28,102,0.0034405000000000004
split_prior_WC2JUI.pt,7,940,0.0033975199999999994
split_prior_MINBU6.pt,7,32,0.00476482
split_prior_NZVC1B.pt,14,94,0.003464299999999999
split_prior_TR8QJM.pt,28,1182,0.0034206600000000003
split_prior_TS74FK.pt,56,62,0.0034768999999999993
split_prior_QG0EZG.pt,28,44,0.0034504000000000006
split_prior_RKXDYH.pt,28,1936,0.0035462799999999993
split_prior_73E4EB.pt,28,152,0.0034629600000000006
split_prior_BET74G.pt,112,1138,0.003438780000000001
split_prior_5EHF2M.pt,14,54,0.011626219999999998
split_prior_RR89BG.pt,7,90,0.009140059999999997
split_prior_QO91OA.pt,7,1040,0.00347474
split_prior_ODP39Y.pt,7,144,0.003950560000000002
split_prior_OFNZGF.pt,7,954,0.0034495799999999994
split_prior_OZ5OSN.pt,14,86,0.0035065400000000007
split_prior_TX9O2O.pt,14,534,0.0035004600000000004
split_prior_INO0VH.pt,112,14,0.0034410800000000004
split_prior_YE4YT4.pt,14,562,0.003471760000000001
split_prior_YNKSDJ.pt,112,220,0.0035420400000000015
split_prior_MIJ3GJ.pt,28,20,0.0035225999999999994
split_prior_T2FO1E.pt,14,170,0.005912360000000001
split_prior_9IIS5L.pt,7,206,0.007046019999999999
split_prior_EO8E2U.pt,14,98,0.0034634800000000006
split_prior_TIEBHA.pt,224,136,0.003533220000000001
split_prior_HUZAT6.pt,3,2068,0.0035014799999999995
split_prior_KOAVW0.pt,7,202,0.011812540000000005
split_prior_TY69HC.pt,56,42,0.003578459999999999
split_prior_ZP3XS0.pt,14,778,0.003463660000000001
split_prior_0O43ZW.pt,14,74,0.003424799999999999
split_prior_CENTPN.pt,14,1706,0.0035189400000000008
split_prior_HBTWTY.pt,7,1924,0.003531380000000001
split_prior_KEGQPO.pt,7,58,0.00349184
split_prior_ZR00ML.pt,14,44,0.0037801799999999993
split_prior_YAHCF2.pt,28,34,0.0034630999999999993
split_prior_XAVAER.pt,112,408,0.0034782399999999996
split_prior_4734AH.pt,7,6,0.0127192
split_prior_OM694X.pt,28,268,0.0034580400000000008
split_prior_V4XDTO.pt,14,514,0.003470579999999999
split_prior_MT3HSI.pt,14,102,0.003477600000000001
split_prior_FCN20H.pt,28,852,0.0034271400000000004
split_prior_OQ3NQ9.pt,56,148,0.0034824200000000013
split_prior_TKNSWB.pt,28,974,0.0034837
split_prior_Z4VVYR.pt,28,164,0.0034887200000000007
split_prior_G232VC.pt,28,470,0.0034657999999999993
split_prior_ZLYUR6.pt,7,514,0.0034791200000000005
split_prior_33N8OJ.pt,56,524,0.0036407000000000006
split_prior_RDIM4U.pt,7,628,0.0034648399999999994
split_prior_L2UJBK.pt,56,180,0.0034482399999999996
split_prior_I3XPBQ.pt,56,202,0.003449159999999999
split_prior_CPDW1R.pt,1,28,0.013779640000000006
split_prior_VIISF7.pt,56,82,0.0034360200000000006
split_prior_E289YI.pt,14,86,0.0034216999999999997
split_prior_H2HVQX.pt,28,98,0.003509340000000001
split_prior_A1HRQ3.pt,14,1464,0.0034668600000000004
split_prior_KBQHYE.pt,14,152,0.0035124999999999996
split_prior_VXPBZK.pt,7,998,0.0034446800000000003
split_prior_11H4A9.pt,28,518,0.0034644999999999993
split_prior_JJYJFQ.pt,28,168,0.0034785799999999993
split_prior_VEFD53.pt,14,830,0.00342158
split_prior_YDZU0S.pt,112,494,0.0034507799999999988
split_prior_RIHFD3.pt,14,184,0.0039045
split_prior_20Y7D0.pt,7,174,0.004819479999999999
split_prior_CK4U2Q.pt,7,100,0.00342954
split_prior_15AQUG.pt,14,422,0.00342582
split_prior_B088XO.pt,14,168,0.003507539999999999
split_prior_6S7RSV.pt,14,494,0.003449739999999999
split_prior_KI2G4I.pt,112,590,0.0034893999999999997
split_prior_TORT6H.pt,56,20,0.003427640000000001
split_prior_QJFVBE.pt,7,176,0.00344448
split_prior_6EXEXX.pt,14,988,0.0034663199999999993
split_prior_OQ3NQW.pt,14,1822,0.00346476
split_prior_AM9UR6.pt,28,34,0.003450720000000001
split_prior_YON2N0.pt,56,984,0.0034547
split_prior_JYN2CN.pt,56,124,0.0034596000000000015
split_prior_NCPEDO.pt,14,10,0.00408606
split_prior_N38DMS.pt,56,120,0.0034726799999999997
split_prior_YGIRPV.pt,14,152,0.00343856
split_prior_6YDTRA.pt,14,130,0.00344848
split_prior_2N5KJA.pt,28,48,0.0034757400000000006
split_prior_7NJGKV.pt,14,352,0.0034552800000000007
split_prior_238Y4K.pt,7,206,0.0034874600000000004
split_prior_GJ1ZRT.pt,56,264,0.0034578999999999994
split_prior_3HN5AJ.pt,28,1372,0.00346024
split_prior_3CJWA2.pt,56,138,0.0034438200000000006
split_prior_G8DC68.pt,7,194,0.0034947399999999997
split_prior_41T3LL.pt,14,504,0.0034721400000000003
split_prior_DXLOC9.pt,112,300,0.00346708
split_prior_ZI17ZT.pt,56,522,0.00345968
split_prior_ITJGM2.pt,112,542,0.003457360000000001
split_prior_K7ZFDP.pt,1,826,0.00697586
split_prior_GFO486.pt,56,270,0.0034514200000000006
split_prior_782YX0.pt,56,182,0.0034479199999999997
split_prior_1EGL6B.pt,28,260,0.00348166
split_prior_5G284J.pt,7,128,0.0034861000000000002
split_prior_2B81EC.pt,14,512,0.00351276
split_prior_MNMM2S.pt,112,200,0.0034877399999999996
split_prior_1GV9U4.pt,7,2012,0.0034762399999999994
split_prior_HOX9LK.pt,112,522,0.0034625399999999996
split_prior_8VE1D2.pt,112,46,0.0034988399999999996
split_prior_O47AJP.pt,28,140,0.003453500000000001
split_prior_VPLWLS.pt,14,250,0.0035011000000000005
split_prior_GMDHVC.pt,14,220,0.0034435399999999993
split_prior_YY7WXC.pt,7,1160,0.0035075
split_prior_ICRSC1.pt,14,488,0.0034461599999999998
split_prior_0DEBGT.pt,56,218,0.00343454
split_prior_CT6ZYQ.pt,14,84,0.0034402200000000003
split_prior_K1QYFK.pt,14,2012,0.0034822399999999993
split_prior_I7272B.pt,112,86,0.00345162
split_prior_KGGSFC.pt,56,120,0.0034532799999999987
split_prior_P7SBAI.pt,56,144,0.00344474
split_prior_1M2346.pt,14,228,0.0034267799999999986
split_prior_9WOQ8K.pt,14,168,0.0036772199999999993
split_prior_JNAEWG.pt,28,176,0.0034953799999999998
split_prior_ZGXISH.pt,56,1036,0.00359974
split_prior_UTAFS0.pt,14,522,0.0034984000000000005
split_prior_OPQMDW.pt,28,192,0.0035136799999999995
split_prior_LZYH2Q.pt,14,224,0.003624739999999999
split_prior_B6OIVD.pt,28,410,0.0035333400000000016
split_prior_BQOJTV.pt,14,254,0.0034229800000000004
split_prior_MHZW9Q.pt,56,170,0.0035134600000000012
split_prior_CIZUNU.pt,28,238,0.0034233799999999997
split_prior_QUL4BM.pt,14,504,0.0035034000000000003
split_prior_93SYLA.pt,56,230,0.0034454
split_prior_7NTLAB.pt,7,858,0.00343208
split_prior_OM3ZMJ.pt,28,766,0.00344486
split_prior_210E4L.pt,112,168,0.0034406
split_prior_HYTMXY.pt,7,452,0.004199479999999998
split_prior_Q6XTK4.pt,7,200,0.0034813200000000004
split_prior_7MGM50.pt,7,1510,0.003459100000000001
split_prior_DB5ENE.pt,14,204,0.00344118
split_prior_WPEHDD.pt,28,176,0.0034335400000000005
split_prior_AEISFR.pt,7,224,0.0034780800000000006
split_prior_6ESN11.pt,14,1378,0.0034706199999999993
split_prior_K5F459.pt,28,30,0.00345858
split_prior_YKDOOG.pt,14,250,0.0034886
split_prior_RG01SY.pt,14,156,0.004415659999999999
split_prior_AS3WMI.pt,56,246,0.0035236200000000007
split_prior_QW6F53.pt,7,76,0.0035117200000000003
split_prior_0HB10L.pt,56,84,0.003445820000000001
split_prior_U91YN3.pt,14,6,0.003479340000000001
split_prior_FEH8H1.pt,7,260,0.003442039999999999
split_prior_2RDWYP.pt,56,536,0.0034856800000000005
split_prior_9ZNT2I.pt,224,48,0.0034930200000000008
split_prior_OUPF0K.pt,28,188,0.0034514000000000007
split_prior_N73UJ2.pt,14,522,0.00343162
split_prior_KRH7VQ.pt,28,944,0.003473140000000001
split_prior_8K56KP.pt,28,114,0.0034846600000000005
split_prior_S26BSH.pt,28,64,0.003453479999999999
split_prior_ZH0AJM.pt,14,92,0.003431400000000001
split_prior_KB2HWW.pt,28,94,0.0034249800000000006
split_prior_3GOZ0V.pt,56,188,0.003424879999999999
split_prior_TC2OYS.pt,14,226,0.003442460000000001
split_prior_TBCP5G.pt,14,68,0.00851014
split_prior_7SITAD.pt,56,128,0.0034366799999999997
split_prior_KBPQ2Z.pt,112,146,0.0034722000000000004
split_prior_TVC289.pt,56,112,0.00350236
split_prior_4TW8GT.pt,56,974,0.0035126599999999995
split_prior_PFLJLI.pt,14,534,0.0034993399999999997
split_prior_CVGCVM.pt,28,478,0.00347138
split_prior_TMCL0Z.pt,14,202,0.0034549399999999997
split_prior_SBA7Q5.pt,14,268,0.0034504
split_prior_UFH8JL.pt,14,244,0.00346346
split_prior_H7JH27.pt,56,760,0.0034872799999999993
split_prior_F8YF0N.pt,56,38,0.0035150199999999998
split_prior_GEHHTY.pt,56,190,0.0034573599999999987
split_prior_D6ZJ8K.pt,28,56,0.00345174
split_prior_TF264T.pt,14,208,0.00344776
split_prior_2Z2JFZ.pt,56,530,0.00348172
split_prior_SW8DB1.pt,7,490,0.003438380000000001
split_prior_SUAGZK.pt,56,140,0.0035225399999999994
split_prior_6614IX.pt,56,96,0.0034279800000000006
split_prior_GE96DD.pt,56,550,0.003510800000000002
split_prior_GXNFJU.pt,56,260,0.00355466
split_prior_78WJWC.pt,56,424,0.003458780000000001
split_prior_DPUM2T.pt,56,524,0.0034489599999999987
split_prior_PEJB35.pt,56,74,0.003478319999999999
split_prior_JCD2I2.pt,3,758,0.0034987200000000007
split_prior_K3BSF5.pt,112,184,0.003440700000000001
split_prior_LVJJ2W.pt,14,262,0.0034267599999999996
split_prior_AN8PRQ.pt,112,228,0.0034377599999999993
split_prior_4ULUBR.pt,56,206,0.0034237799999999995
split_prior_G8PD7D.pt,56,44,0.00354604
split_prior_1C2932.pt,56,264,0.0035182599999999987
split_prior_NB0F36.pt,7,1542,0.003416000000000001
split_prior_SEB46E.pt,7,520,0.00344526
split_prior_C3OMGP.pt,112,170,0.0034902999999999996
split_prior_0GIV73.pt,28,2130,0.0035925
split_prior_486ZS4.pt,14,506,0.0034666600000000003
split_prior_29QUFN.pt,1,500,0.005231760000000001
split_prior_LGZE7N.pt,56,174,0.0034760999999999998
split_prior_7FV4BF.pt,28,214,0.0034830600000000014
split_prior_6W6SU5.pt,56,148,0.0034301400000000004
split_prior_R9DT5E.pt,28,206,0.00346546
split_prior_MN19EZ.pt,14,18,0.00345894
split_prior_OYW4ZB.pt,3,78,0.01477836
split_prior_CO3RL1.pt,7,656,0.00350644
split_prior_GY0HBS.pt,28,1018,0.0034866399999999996
split_prior_4BEIUZ.pt,7,766,0.0034824400000000016
split_prior_IIX9N4.pt,14,80,0.0035718600000000014
split_prior_VHNITS.pt,3,244,0.010873540000000001
split_prior_A617WM.pt,28,842,0.0034951599999999993
split_prior_NZZRAL.pt,14,1906,0.0034460399999999996
split_prior_D2J5ZE.pt,56,528,0.0034474199999999992
split_prior_LATH5P.pt,56,186,0.003476260000000001
split_prior_TDYNIY.pt,14,498,0.0034517600000000003
split_prior_62S6AF.pt,14,250,0.0034190600000000002
split_prior_5P53D4.pt,7,1294,0.0034615000000000006
split_prior_O3LFM0.pt,14,242,0.0034541399999999996
split_prior_J418UX.pt,224,494,0.0035166999999999998
split_prior_NY36RL.pt,112,980,0.0034571199999999997
split_prior_9BAXDI.pt,14,234,0.003479220000000001
split_prior_T8V92L.pt,14,480,0.003423299999999999
split_prior_EIBLDI.pt,112,520,0.00346978
split_prior_QZS375.pt,7,16,0.005783579999999999
split_prior_4MY0WJ.pt,7,88,0.01300394
split_prior_D496DT.pt,224,1144,0.00340574
split_prior_J7OWA0.pt,56,786,0.0035123000000000003
split_prior_0JGF5V.pt,14,224,0.0034856999999999996
split_prior_37V27C.pt,56,212,0.0034303599999999995
split_prior_YW5E6V.pt,7,210,0.0034311199999999997
split_prior_IYCX10.pt,7,132,0.007825260000000004
split_prior_RKWJTO.pt,14,256,0.0035274000000000004
split_prior_H2L0SX.pt,28,212,0.00346308
split_prior_SHOGRI.pt,7,164,0.0035067799999999993
split_prior_JMBQL2.pt,28,184,0.003558080000000001
split_prior_0MGYRR.pt,56,642,0.00344608
split_prior_97UNOW.pt,56,1638,0.0034830399999999993
split_prior_8YQC5E.pt,112,2150,0.0034794400000000007
split_prior_6SKPVL.pt,14,112,0.0034541799999999994
split_prior_EUVQNJ.pt,7,200,0.0034552799999999994
split_prior_ICJPGW.pt,28,200,0.00347808
split_prior_OJN7DJ.pt,7,922,0.0034329200000000008
split_prior_PZNEZF.pt,14,8,0.00345962
split_prior_8897L7.pt,28,846,0.0034252999999999996
split_prior_LC8O6T.pt,1,26,0.007786479999999996
split_prior_BVA7ON.pt,28,580,0.00344608
split_prior_B5IN7R.pt,28,44,0.003427540000000001
split_prior_APYTKP.pt,56,522,0.003436320000000001
split_prior_411XB4.pt,14,234,0.00343894
split_prior_G29U0M.pt,14,264,0.00345848
split_prior_B7E9FT.pt,14,32,0.0034336599999999994
split_prior_07Q7E5.pt,56,66,0.0034581000000000013
split_prior_5O5LRS.pt,28,764,0.0034642799999999997
split_prior_4NQ5PL.pt,28,54,0.0034596199999999988
split_prior_RI6UKR.pt,28,510,0.0035055800000000016
split_prior_0RG9J9.pt,7,518,0.00340936
split_prior_SVZ6KT.pt,112,1260,0.003566140000000001
split_prior_524N7K.pt,14,1052,0.0034832799999999996
split_prior_2KBNP2.pt,7,110,0.003483800000000001
split_prior_LWTDIP.pt,28,276,0.0035288399999999997
split_prior_7G4E2I.pt,7,220,0.0046647
split_prior_K4IE0C.pt,14,538,0.003426780000000001
split_prior_BTRZAU.pt,14,498,0.0034285999999999995
split_prior_25IDHK.pt,56,130,0.0034841600000000005
split_prior_4EF0D8.pt,14,484,0.0034491799999999996
split_prior_A391GK.pt,7,198,0.00931956
split_prior_I0UDTG.pt,7,132,0.004966120000000001
split_prior_6NF3EU.pt,14,180,0.00344602
split_prior_86S6T5.pt,7,2142,0.00354758
split_prior_0EHV1T.pt,56,12,0.0035100999999999986
split_prior_QGN4Y3.pt,7,156,0.006566340000000001
split_prior_FN4HQY.pt,7,260,0.005955700000000001
split_prior_TRBND3.pt,28,1278,0.0034509000000000002
split_prior_MKTXPH.pt,14,398,0.00344382
split_prior_PM2D9R.pt,28,178,0.00345002
split_prior_CTZEM0.pt,7,1036,0.0034490599999999995
split_prior_VNK1GN.pt,56,1244,0.0033917800000000005
split_prior_7HZM42.pt,112,176,0.0034657800000000003
split_prior_YK8VJV.pt,14,236,0.0034431399999999986
split_prior_TMG5N1.pt,28,514,0.003463119999999999
split_prior_NXD7SZ.pt,28,66,0.00349596
split_prior_URJIRI.pt,7,484,0.0034632400000000002
split_prior_D64RZT.pt,112,534,0.0034615
split_prior_OP63KB.pt,28,146,0.00357168
split_prior_10VR2X.pt,112,8,0.0034619000000000004
split_prior_14TWJ4.pt,14,84,0.0034216999999999997
split_prior_ONCPOV.pt,14,48,0.02269308
split_prior_7NIJPJ.pt,14,130,0.00492828
split_prior_AL9345.pt,28,634,0.003482900000000001
split_prior_PZ4BBT.pt,14,448,0.0034691200000000004
split_prior_2NT7PD.pt,14,104,0.007696539999999997
split_prior_P742GW.pt,1,920,0.00428042
split_prior_8MCUEN.pt,14,934,0.0034580599999999993
split_prior_7X5UC7.pt,56,18,0.00354728
split_prior_RTQP75.pt,56,154,0.0034064799999999995
split_prior_36SNQE.pt,56,246,0.003462760000000001
split_prior_IIQMRI.pt,56,186,0.003457179999999999
split_prior_E7QWTC.pt,56,80,0.0034583199999999995
split_prior_CBOTE3.pt,14,1170,0.0034820800000000007
split_prior_XKERXQ.pt,56,536,0.0034406399999999987
split_prior_2ISKMX.pt,28,396,0.003544179999999999
split_prior_ZDM7IZ.pt,14,98,0.0034535599999999996
split_prior_JNX16P.pt,28,524,0.0034719800000000012
split_prior_4Y3Y41.pt,112,248,0.0034788400000000004
split_prior_O7XT8T.pt,28,976,0.00348974
split_prior_N02VY9.pt,112,1030,0.0034792399999999998
split_prior_A4SOIF.pt,112,504,0.00346244
split_prior_1Z649T.pt,28,170,0.003501280000000001
split_prior_VKXH3U.pt,56,1022,0.003461400000000001
split_prior_YOHD05.pt,56,40,0.003545580000000001
split_prior_Q6WXMF.pt,7,170,0.010888700000000003
split_prior_79PS7N.pt,112,1024,0.0034602200000000004
split_prior_4IEKMW.pt,28,8,0.003486959999999999
split_prior_O67XGV.pt,14,10,0.0034311199999999997
split_prior_1HM1Z9.pt,56,250,0.00349764
split_prior_0PKNZJ.pt,7,90,0.008357939999999996
split_prior_OASZ04.pt,7,102,0.006549620000000001
split_prior_SM7VIE.pt,14,206,0.0034745
split_prior_R4S470.pt,56,100,0.0035009399999999997
split_prior_JJWWTW.pt,7,112,0.003532860000000001
split_prior_M8WQXQ.pt,56,266,0.0035120599999999996
split_prior_8R4AK2.pt,224,158,0.00343318
split_prior_LGAS3J.pt,28,262,0.0035265600000000015
split_prior_RRCH9Q.pt,7,140,0.0034949800000000004
split_prior_3FEC3V.pt,56,980,0.0034595800000000003
split_prior_6W0QF4.pt,28,520,0.0034917399999999997
split_prior_N2HHNB.pt,112,848,0.00345636
split_prior_1DF3TV.pt,14,56,0.00343342
split_prior_Z86CZ5.pt,28,152,0.0035204599999999996
split_prior_HAFHBA.pt,7,260,0.011880100000000003
split_prior_JZXIF9.pt,28,2160,0.003478099999999999
split_prior_5FC23Y.pt,56,32,0.0035755800000000005
split_prior_0KJI4P.pt,112,128,0.0034130600000000007
split_prior_H2OMMQ.pt,56,848,0.0034639799999999998
split_prior_0BKG9G.pt,14,258,0.0034451599999999983
split_prior_HQYHWY.pt,14,518,0.0034659400000000007
split_prior_L0T8D5.pt,14,760,0.0034836
split_prior_4MVHZM.pt,14,82,0.0035058999999999997
split_prior_WC4JBB.pt,14,174,0.0034965
split_prior_0SKYJK.pt,14,762,0.00349238
split_prior_H7CQI9.pt,28,518,0.0034765200000000003
split_prior_COLWWY.pt,56,172,0.003470139999999999
split_prior_M27GPJ.pt,28,54,0.00342654
split_prior_NDTXP6.pt,14,1918,0.0034743399999999985
split_prior_5QZQ3N.pt,56,672,0.0035030400000000007
split_prior_LN524G.pt,56,142,0.0034851000000000005
split_prior_PWI4D0.pt,28,506,0.0034531800000000006
split_prior_IXQFWQ.pt,112,112,0.0034286
split_prior_6UG57I.pt,14,976,0.0034992400000000002
split_prior_EKNDYZ.pt,56,212,0.0034423000000000006
split_prior_DMAKXG.pt,1,80,0.0034236199999999987
split_prior_I1EI4B.pt,7,1062,0.00346626
split_prior_OWE3XG.pt,7,540,0.0034431
split_prior_OX4IHC.pt,56,668,0.0035545000000000017
split_prior_Y06SYV.pt,3,162,0.003516060000000001
split_prior_RLJC2T.pt,7,74,0.0035107600000000012
split_prior_6118Y6.pt,28,182,0.00348384
split_prior_8WM59R.pt,56,234,0.0034401799999999997
split_prior_Q5TOZQ.pt,14,76,0.00341968
split_prior_OMF0NS.pt,14,8,0.01468968
split_prior_1EITZV.pt,56,790,0.003503600000000001
split_prior_XJTZ4G.pt,28,456,0.0034665800000000004
split_prior_0DETEU.pt,14,200,0.003541039999999999
split_prior_BBXM10.pt,14,20,0.00343756
split_prior_L6FCOC.pt,28,254,0.0035017000000000004
split_prior_ZD8QAK.pt,28,46,0.0034555000000000002
split_prior_ER8T6F.pt,14,48,0.006049119999999999
split_prior_CYXO1S.pt,28,50,0.0034499000000000005
split_prior_5Z69GW.pt,14,20,0.00347586
split_prior_14CNSK.pt,28,204,0.003435240000000001
split_prior_V6Z5OD.pt,224,176,0.0035440200000000006
split_prior_DT1YRR.pt,56,272,0.0034436799999999993
split_prior_ILGG41.pt,7,238,0.00444662
split_prior_57YA79.pt,14,162,0.003420179999999999
split_prior_O8G5K9.pt,56,204,0.00348576
split_prior_VC1TEO.pt,112,192,0.003431619999999999
split_prior_KOT7PC.pt,28,228,0.0034527999999999994
split_prior_EAV66N.pt,56,186,0.0034639199999999997
split_prior_EXVWWH.pt,14,126,0.0034646000000000004
split_prior_DG6MFG.pt,28,138,0.0034239400000000003
split_prior_4I3FYY.pt,7,540,0.00796942
split_prior_OQMVER.pt,28,182,0.0034509600000000007
split_prior_4GFDX5.pt,14,24,0.010462719999999998
split_prior_J3M5SR.pt,112,200,0.003464819999999999
split_prior_LAXYDQ.pt,7,32,0.009720220000000002
split_prior_AKZQF9.pt,28,244,0.0034578599999999997
split_prior_R69RAP.pt,14,468,0.0034732
split_prior_AEGX2O.pt,1,218,0.0034721600000000006
split_prior_EYWT8Y.pt,28,540,0.003526319999999999
split_prior_5OY6QQ.pt,56,168,0.0034427999999999998
split_prior_SGVEX5.pt,14,216,0.003544399999999999
split_prior_UN1LEH.pt,7,240,0.003684399999999999
split_prior_DUMI8X.pt,14,454,0.00341642
split_prior_9PTD11.pt,14,994,0.0034752600000000004
split_prior_6RMR2U.pt,28,92,0.0034230799999999994
split_prior_WHDVBB.pt,28,490,0.0035093999999999993
split_prior_H7S4R3.pt,28,180,0.0034672600000000015
split_prior_8T6HGI.pt,7,526,0.0034655000000000007
split_prior_C9ASRG.pt,14,238,0.00350268
split_prior_H3RLUT.pt,14,1266,0.00341788
split_prior_1QLV8B.pt,112,164,0.0034616399999999985
split_prior_Z3WR12.pt,7,1002,0.00348186
split_prior_1WIYIV.pt,14,180,0.00342744
split_prior_75D98A.pt,3,154,0.0034638800000000008
split_prior_J1WXDI.pt,14,30,0.00356082
split_prior_47RO7P.pt,14,12,0.00346318
split_prior_AXD5JR.pt,14,110,0.003457920000000001
split_prior_YYNENY.pt,112,784,0.0034519000000000012
split_prior_0ADJE8.pt,7,214,0.005508579999999998
split_prior_YQEKHM.pt,14,578,0.0034469200000000005
split_prior_CEAZEA.pt,14,124,0.0097792
split_prior_FRIGAA.pt,14,268,0.003492919999999999
split_prior_I10MOG.pt,28,38,0.003458699999999999
split_prior_ZIMN6J.pt,28,480,0.003461979999999998
split_prior_94RX2M.pt,56,364,0.0034940000000000006
split_prior_RSHTXT.pt,56,504,0.0034812
split_prior_R7RQQU.pt,14,66,0.0037543199999999994
split_prior_JM400A.pt,28,268,0.00344254
split_prior_0O1JC9.pt,56,808,0.0034738799999999986
split_prior_F53P0D.pt,14,148,0.003459499999999998
split_prior_NNPESN.pt,56,180,0.0034809400000000005
split_prior_REUQHU.pt,14,200,0.0035142599999999995
split_prior_ALB4TT.pt,14,1934,0.003461039999999999
split_prior_CQ88XZ.pt,28,156,0.0034638000000000004
split_prior_UAKRRJ.pt,7,60,0.013323019999999996
split_prior_825BVD.pt,56,228,0.0034425399999999996
split_prior_988OZY.pt,14,106,0.0034508000000000013
split_prior_VW50GK.pt,7,14,0.0034538399999999997
split_prior_Q6VKJ1.pt,56,126,0.0034606
split_prior_GBHS5Z.pt,7,500,0.0034912800000000007
split_prior_VYQW2X.pt,56,534,0.003649939999999999
split_prior_OW98V4.pt,112,986,0.0034716399999999994
split_prior_LCYTW1.pt,14,244,0.0034573
split_prior_CU76XO.pt,28,790,0.0034233599999999986
split_prior_V4XT5U.pt,7,16,0.0034979800000000004
split_prior_DOGCE3.pt,7,514,0.0034739599999999986
split_prior_VDKP3G.pt,7,270,0.00346524
split_prior_EERC9F.pt,14,256,0.003438979999999998
split_prior_AWOLWN.pt,56,70,0.003463339999999999
split_prior_X8I62C.pt,224,540,0.0034897
split_prior_W0S62C.pt,112,188,0.0034420400000000017
split_prior_975QYN.pt,28,156,0.0034821599999999998
split_prior_4NUD1I.pt,14,58,0.008961140000000001
split_prior_MU3PH3.pt,56,472,0.00350124
split_prior_BVIU79.pt,28,70,0.003491019999999999
split_prior_LW2WTA.pt,14,1730,0.0035126600000000008
split_prior_QETH3V.pt,112,796,0.003567839999999999
split_prior_WAEHXS.pt,112,148,0.0035096600000000004
split_prior_O3UJQF.pt,14,54,0.00352314
split_prior_MJFTJZ.pt,14,1518,0.0034988600000000008
split_prior_U242JY.pt,14,226,0.0034567800000000004
split_prior_U3WJJB.pt,112,52,0.0034615800000000006
split_prior_OZA74W.pt,7,500,0.0034985600000000004
split_prior_MAK20G.pt,56,510,0.0035399
split_prior_48N54Y.pt,14,246,0.0035978399999999997
split_prior_MHI8JG.pt,28,36,0.003481099999999999
split_prior_KVAX1F.pt,28,252,0.0034832199999999995
split_prior_YIWOF4.pt,56,1012,0.0034425600000000008
split_prior_VFE7PI.pt,14,144,0.003539580000000001
split_prior_EQXZRQ.pt,14,120,0.0034364999999999995
split_prior_9ZUK5A.pt,7,672,0.004684699999999998
split_prior_LIDNFI.pt,56,494,0.00353424
split_prior_BMJSZT.pt,14,18,0.007985960000000002
split_prior_0YR2YK.pt,1,1136,0.003493059999999999
split_prior_MCZLBO.pt,14,270,0.0034339800000000014
split_prior_K6F34Y.pt,112,54,0.0033960799999999997
split_prior_WVAE6J.pt,56,12,0.0034662600000000005
split_prior_P5B9T9.pt,14,1944,0.0034644399999999996
split_prior_845TCU.pt,56,222,0.0034642599999999994
split_prior_MOQYYG.pt,7,514,0.003532860000000001
split_prior_USLEUQ.pt,14,246,0.003501420000000001
split_prior_QQT9HH.pt,7,120,0.004440099999999999
split_prior_IEPC2J.pt,28,156,0.0034501800000000006
split_prior_NN7NKA.pt,7,1964,0.0034841
split_prior_RBS0A0.pt,14,448,0.003532900000000001
split_prior_2KPRCK.pt,56,530,0.003437740000000001
split_prior_RYBQ1X.pt,28,212,0.0034741
split_prior_WHBHJ3.pt,3,102,0.0034582200000000014
split_prior_MSDTP7.pt,56,896,0.00352264
split_prior_MUMBQI.pt,56,1262,0.0034833800000000008
split_prior_JS0JLU.pt,14,98,0.0034480200000000017
split_prior_SP44BD.pt,14,6,0.00351462
split_prior_7U3Z97.pt,112,138,0.00348668
split_prior_AC6IT5.pt,7,1034,0.0035520400000000002
split_prior_FL46LP.pt,7,558,0.0034664
split_prior_SJ6QVJ.pt,28,450,0.0034389200000000003
split_prior_3YQ1Q6.pt,56,60,0.0034820600000000004
split_prior_WUIYQ0.pt,28,1450,0.0034388600000000006
split_prior_QY73L2.pt,14,524,0.0035049599999999992
split_prior_TSV6YB.pt,14,230,0.0035429200000000006
split_prior_1JAYGG.pt,28,258,0.0035039999999999997
split_prior_3OTBFI.pt,56,462,0.00349256
split_prior_PS4JMM.pt,14,840,0.0034919599999999997
split_prior_22SJ5Y.pt,14,186,0.00345574
split_prior_ARY8KB.pt,14,6,0.00348214
split_prior_YODCM0.pt,56,2002,0.0034449399999999996
split_prior_7R2EED.pt,14,832,0.0034808000000000018
split_prior_8M7NLG.pt,28,260,0.0034907599999999994
split_prior_6M0PIB.pt,14,232,0.0034744599999999982
split_prior_9D25O9.pt,14,246,0.003412420000000001
split_prior_LF6JZF.pt,112,6,0.003472040000000001
split_prior_00QFMX.pt,3,596,0.008477800000000004
split_prior_DA4DUO.pt,7,2018,0.003451940000000001
split_prior_R08ZS1.pt,56,506,0.0034865200000000008
split_prior_SLISM3.pt,14,160,0.003473199999999999
split_prior_7NC2WA.pt,28,1248,0.003544499999999998
split_prior_FPQXKN.pt,14,70,0.0035076599999999997
split_prior_UXJD7Y.pt,14,178,0.0036996200000000003
split_prior_JHA3LU.pt,28,120,0.0034705400000000016
split_prior_YMTF9R.pt,56,18,0.00343182
split_prior_MWAGNQ.pt,28,1186,0.0034615400000000004
split_prior_LG73CR.pt,56,8,0.00352622
split_prior_P2ADQ7.pt,56,504,0.0034684000000000004
split_prior_U29A93.pt,14,148,0.003481200000000001
split_prior_191VJC.pt,28,156,0.0034904599999999986
split_prior_X5FJED.pt,28,72,0.00353316
split_prior_1Q5B9R.pt,56,20,0.003471979999999999
split_prior_CFNNGT.pt,112,1136,0.00347026
split_prior_V1XNCJ.pt,28,540,0.003501760000000001
split_prior_0JV6ZK.pt,28,136,0.0034090400000000008
split_prior_GANG4L.pt,28,36,0.0066939999999999986
split_prior_QTM3X8.pt,7,1436,0.003497779999999998
split_prior_8I3ZX0.pt,7,176,0.003512899999999999
split_prior_N8J7PP.pt,28,132,0.0035065199999999995
split_prior_ANP11M.pt,14,218,0.003438380000000001
split_prior_FKABYG.pt,28,192,0.0034735399999999994
split_prior_EIKUL7.pt,112,494,0.00343092
split_prior_3TOO9E.pt,7,512,0.0034573200000000003
split_prior_HEKG89.pt,14,36,0.0035504200000000003
split_prior_EBIAJN.pt,7,88,0.003479119999999998
split_prior_6OURS5.pt,28,1392,0.003446459999999999
split_prior_8SNMSS.pt,14,106,0.0034392199999999993
split_prior_BZNV9T.pt,1,108,0.010270339999999998
split_prior_OBB5L6.pt,28,64,0.003436779999999999
split_prior_JG1G2N.pt,28,122,0.0034514
split_prior_TMTVTB.pt,28,252,0.0034494200000000012
split_prior_B5DPAU.pt,7,1684,0.0034392800000000007
split_prior_HAAVMH.pt,112,98,0.003477720000000001
split_prior_2MJ4I5.pt,56,122,0.0034477399999999995
split_prior_29B7IC.pt,14,26,0.0034936800000000007
split_prior_NH2TV6.pt,14,146,0.003408679999999999
split_prior_GKEXGA.pt,14,540,0.003430119999999999
split_prior_EWE6IE.pt,3,516,0.01105936
split_prior_UH9T50.pt,28,860,0.0034168199999999992
split_prior_GQRTWQ.pt,14,494,0.0035991799999999996
split_prior_KT5ABE.pt,56,114,0.0034359000000000004
split_prior_NKZOA9.pt,56,118,0.0034409199999999997
split_prior_ZA4FU6.pt,14,50,0.0034305399999999997
split_prior_977MBG.pt,7,56,0.003494940000000002
split_prior_79J2QV.pt,56,676,0.0034364199999999995
split_prior_I27937.pt,28,1144,0.0034585399999999995
split_prior_19KRCW.pt,14,256,0.0034487199999999997
split_prior_9EVT7W.pt,14,72,0.003527019999999999
split_prior_RVK90I.pt,14,336,0.0034771399999999997
split_prior_HXVWLU.pt,14,1136,0.00353502
split_prior_0E3XRU.pt,14,22,0.008542399999999999
split_prior_XSM4SO.pt,28,262,0.0034576
split_prior_H9RP85.pt,7,982,0.00342228
split_prior_X3JD3I.pt,7,230,0.00342674
split_prior_EGXKF3.pt,3,188,0.0034306000000000002
split_prior_BUW09P.pt,7,112,0.0044592999999999985
split_prior_XN0WQK.pt,56,446,0.003519939999999999
split_prior_PO83F9.pt,7,500,0.003356400000000001
split_prior_7ASM2G.pt,56,30,0.0034764400000000008
split_prior_GXHWAG.pt,14,1278,0.00349618
split_prior_7BB35T.pt,112,508,0.003452260000000001
split_prior_CSXPR0.pt,28,210,0.0034720400000000013
split_prior_UHMVEJ.pt,56,478,0.00355168
split_prior_010LG5.pt,14,610,0.0034748399999999994
split_prior_TT88U1.pt,28,446,0.00349776
split_prior_JXLU3F.pt,7,694,0.0034304600000000006
split_prior_WHIPQ1.pt,14,160,0.0034421799999999995
split_prior_H12PJJ.pt,7,492,0.003538359999999999
split_prior_WGBX08.pt,7,230,0.0034581600000000005
split_prior_WHFBD0.pt,28,200,0.0035136399999999997
split_prior_CSPK9Q.pt,56,74,0.0035105
split_prior_4RNPCY.pt,14,132,0.00343384
split_prior_D5EACQ.pt,28,24,0.00342916
split_prior_M4QGN0.pt,7,506,0.0034580800000000005
split_prior_HQTGEN.pt,112,200,0.00349208
split_prior_LY9060.pt,56,264,0.00351978
split_prior_L8ZVCH.pt,56,96,0.003480680000000001
split_prior_2SCA93.pt,14,652,0.0034243
split_prior_SA7ZFJ.pt,112,536,0.0034732799999999996
split_prior_5ADNUJ.pt,14,242,0.00342348
split_prior_78X8NH.pt,56,70,0.0034179399999999995
split_prior_ZX9JV4.pt,56,200,0.00344672
split_prior_D13GUZ.pt,56,254,0.0034429999999999994
split_prior_AZK9X6.pt,28,688,0.0033905600000000004
split_prior_N6Y6XG.pt,224,194,0.00343716
split_prior_G0LNOC.pt,28,504,0.00350066
split_prior_SNFDPT.pt,56,208,0.003498559999999999
split_prior_ZP6PPC.pt,112,534,0.00354664
split_prior_47O7K0.pt,1,262,0.00749042
split_prior_9FHK63.pt,28,206,0.00346596
split_prior_NI7K1P.pt,7,194,0.003501600000000001
split_prior_HMJ4DL.pt,14,2008,0.0034528799999999993
split_prior_IGH0NM.pt,7,20,0.010713780000000004
split_prior_7HKBE3.pt,28,158,0.0034400800000000007
split_prior_0AC5CM.pt,7,1718,0.0035065199999999995
split_prior_QPQGJP.pt,28,460,0.003522360000000001
split_prior_FRI9YP.pt,3,48,0.0034319399999999988
split_prior_NA00ZP.pt,7,62,0.00343232
split_prior_HB3XPE.pt,7,94,0.0034595999999999997
split_prior_0UQAFL.pt,28,186,0.0035352799999999996
split_prior_J39W52.pt,7,82,0.00744834
split_prior_JD2GPI.pt,7,272,0.0035114599999999984
split_prior_QNA7QB.pt,7,522,0.0034219999999999997
split_prior_43GRFE.pt,28,170,0.0034296599999999997
split_prior_L0WIT9.pt,56,4,0.00870236
split_prior_M30ZBZ.pt,14,1032,0.0034419000000000016
split_prior_S5589B.pt,56,56,0.003467200000000001
split_prior_QQUUEN.pt,56,262,0.003485739999999999
split_prior_R8MTYI.pt,28,1088,0.0035241999999999995
split_prior_7I0W5X.pt,14,144,0.006958599999999999
split_prior_HMCXKU.pt,56,30,0.0034628000000000003
split_prior_P52FY9.pt,56,982,0.0034914199999999994
split_prior_VUMO5P.pt,112,130,0.0035019399999999994
split_prior_7KHRQU.pt,56,484,0.00341064
split_prior_ICEE50.pt,14,32,0.0034888
split_prior_2T8IIA.pt,14,270,0.003409540000000001
split_prior_GJ3LKJ.pt,28,230,0.0034866800000000002
split_prior_010YYV.pt,7,520,0.0034772599999999994
split_prior_C49BFZ.pt,14,536,0.0035318000000000003
split_prior_RVBXTU.pt,56,136,0.0034220399999999995
split_prior_0WS95I.pt,28,506,0.0234758
split_prior_BBTT1Y.pt,56,980,0.0034879999999999998
split_prior_NDS9SO.pt,7,800,0.0034435800000000003
split_prior_SSKB8P.pt,14,88,0.009890800000000002
split_prior_TPRHXV.pt,7,138,0.00464286
split_prior_DRD3V2.pt,112,22,0.00356242
split_prior_NQ9LOA.pt,14,138,0.0034617999999999993
split_prior_ZBXIUD.pt,112,212,0.0034309600000000003
split_prior_MP19EP.pt,7,1606,0.0034727200000000008
split_prior_UPMBGH.pt,14,216,0.003461479999999999
split_prior_FSPXDN.pt,14,112,0.00352752
split_prior_VA6AT4.pt,7,168,0.0035523599999999988
split_prior_JTU4ME.pt,14,168,0.0035099600000000003
split_prior_RNNO2W.pt,14,454,0.0034421800000000004
split_prior_89PV5W.pt,28,978,0.0034368599999999995
split_prior_OW5HSM.pt,14,94,0.0034436800000000006
split_prior_CDJ5C8.pt,28,122,0.003489480000000001
split_prior_LEG0TD.pt,14,210,0.00349654
split_prior_L6LU2W.pt,28,42,0.0034366399999999995
split_prior_LTJUHL.pt,14,150,0.003484880000000001
split_prior_TV32HG.pt,56,16,0.0034864000000000006
split_prior_S9VQ5E.pt,14,64,0.0034553800000000014
split_prior_0O10QV.pt,28,260,0.00343118
split_prior_KE9IJ3.pt,56,52,0.003545100000000001
split_prior_W0AYN4.pt,14,56,0.005566900000000001
split_prior_UK04M6.pt,14,526,0.0034641600000000013
split_prior_83IV5U.pt,7,310,0.003471779999999998
split_prior_0T9WNG.pt,14,268,0.0034312800000000005
split_prior_FG74LV.pt,224,146,0.0034476000000000008
split_prior_O5Y7BM.pt,7,46,0.0034474199999999992
split_prior_S48R6A.pt,14,156,0.0034598200000000006
split_prior_Y8W2PA.pt,7,10,0.01070268
split_prior_W6VD1T.pt,14,188,0.0035043599999999998
split_prior_HQOTO0.pt,28,88,0.003492259999999999
split_prior_AHBUJL.pt,14,156,0.0034964
split_prior_3RMCDN.pt,56,508,0.003456200000000001
split_prior_AGIJ7B.pt,56,268,0.0034542800000000005
split_prior_SOQ873.pt,14,164,0.003485220000000001
split_prior_IPJ1XL.pt,7,1188,0.0034739199999999997
split_prior_8N4EB9.pt,7,1016,0.003474880000000001
split_prior_274LLE.pt,14,160,0.003458979999999999
split_prior_XMQF5P.pt,14,14,0.0034859400000000003
split_prior_1ALC4F.pt,224,528,0.0035489800000000006
split_prior_TBO1D5.pt,14,328,0.003463459999999999
split_prior_UR93KR.pt,28,108,0.0034874600000000004
split_prior_PP8YDG.pt,14,512,0.003472579999999999
split_prior_FKWDZA.pt,56,118,0.00349208
split_prior_VHI7JU.pt,14,406,0.0035218199999999993
split_prior_FXTUEX.pt,56,112,0.0035227400000000016
split_prior_QLH35Q.pt,112,30,0.00354806
split_prior_TD4VRS.pt,56,106,0.0034475600000000006
split_prior_AGC8OX.pt,1,56,0.003485779999999999
split_prior_Z327FA.pt,56,130,0.003526159999999999
split_prior_IOU418.pt,14,528,0.00346568
split_prior_HS19ZV.pt,14,10,0.01406012
split_prior_ZO6XG4.pt,14,18,0.0073805599999999996
split_prior_N8M4XB.pt,1,494,0.0046910400000000005
split_prior_Q9L7MF.pt,14,978,0.003477579999999999
split_prior_RZLJR9.pt,56,536,0.0034756599999999993
split_prior_GNBM2L.pt,56,204,0.0034449000000000003
split_prior_NO6TNM.pt,28,1868,0.0035331
split_prior_C1912Q.pt,7,524,0.0034404799999999997
split_prior_Q7JZS9.pt,7,266,0.0035038400000000007
split_prior_Y9YESE.pt,28,540,0.00353326
split_prior_U6SVRF.pt,224,818,0.003446699999999999
split_prior_INJ091.pt,14,42,0.00715058
split_prior_LEF13U.pt,14,82,0.00351274
split_prior_TANL2U.pt,56,212,0.0034396200000000004
split_prior_VMKMXS.pt,14,518,0.0034728999999999997
split_prior_GSMQ16.pt,112,514,0.0034518799999999988
split_prior_6EVRDH.pt,7,260,0.0047031
split_prior_6XGH0J.pt,56,144,0.003467899999999998
split_prior_IQ74NA.pt,7,194,0.00391314
split_prior_6ZJLHW.pt,28,540,0.0035981200000000007
split_prior_DNUHLR.pt,28,240,0.0034430799999999994
split_prior_QTQCTF.pt,14,852,0.0034476800000000003
split_prior_8MLFBW.pt,14,490,0.00343878
split_prior_9SMUOC.pt,28,534,0.0034817799999999994
split_prior_4DT0TX.pt,28,1000,0.0034550799999999997
split_prior_O505RP.pt,56,188,0.0034911600000000005
split_prior_AOH9QF.pt,7,20,0.0035393999999999994
split_prior_ER1VYV.pt,28,982,0.003462399999999999
split_prior_ZAX89Y.pt,28,1144,0.00348472
split_prior_NIN9KK.pt,3,766,0.00343526
split_prior_O6YLPN.pt,224,392,0.0034888999999999996
split_prior_774XT0.pt,56,26,0.00343136
split_prior_FBXPD7.pt,56,186,0.0034711200000000003
split_prior_OP5J0J.pt,56,34,0.003557359999999999
split_prior_NSQW40.pt,56,266,0.0035288000000000003
split_prior_9PYZMC.pt,56,36,0.0034410200000000004
split_prior_DSWVWQ.pt,56,216,0.0034821999999999995
split_prior_QCQW13.pt,28,980,0.00346992
split_prior_M4AY9M.pt,28,1216,0.003464879999999999
split_prior_S9J03J.pt,14,128,0.003532480000000001
split_prior_HY47GR.pt,112,4,0.003457999999999999
split_prior_VILQYT.pt,28,256,0.0034258
split_prior_1Q1FBI.pt,14,244,0.0034939400000000005
split_prior_48KE4H.pt,112,146,0.0034477400000000004
split_prior_NLI0TY.pt,14,254,0.0034427800000000003
split_prior_SHI7HA.pt,112,522,0.0035440199999999993
split_prior_N7SVDN.pt,28,248,0.0034774199999999993
split_prior_O2EM1L.pt,56,60,0.0034505000000000004
split_prior_UY8DKT.pt,28,32,0.0034785599999999995
split_prior_DQOEMN.pt,56,134,0.0035153800000000002
split_prior_ILYK3P.pt,1,534,0.0034484
split_prior_T41SZW.pt,14,94,0.0034696199999999983
split_prior_WPUSST.pt,7,32,0.010469739999999998
split_prior_OAS3HN.pt,14,338,0.0034508999999999994
split_prior_F1QOMZ.pt,14,192,0.0034331399999999995
split_prior_UENR9S.pt,28,492,0.00343704
split_prior_9GQEC5.pt,14,268,0.0035612199999999986
split_prior_CC0TJO.pt,28,342,0.0035573399999999995
split_prior_CIJQON.pt,56,200,0.00347802
split_prior_71IIMN.pt,14,100,0.004017799999999999
split_prior_OTU26L.pt,14,158,0.003484780000000001
split_prior_F15VFY.pt,14,64,0.003489979999999998
split_prior_53D7DC.pt,14,118,0.003461980000000001
split_prior_EB6N06.pt,28,1132,0.0035693199999999995
split_prior_WNW9SB.pt,14,272,0.0036348599999999984
split_prior_1I2ST8.pt,14,122,0.0068972400000000015
split_prior_4EFNGA.pt,7,198,0.012359659999999996
split_prior_4YZQA6.pt,56,134,0.0034508999999999994
split_prior_WWPYNG.pt,56,466,0.0035052000000000004
split_prior_3VJRH7.pt,14,1702,0.0034879999999999993
split_prior_62RUZ8.pt,14,140,0.0034200800000000003
split_prior_XXRR1J.pt,14,64,0.0035593
split_prior_6XEPNV.pt,28,216,0.00349392
split_prior_CWEPQM.pt,112,54,0.0035022400000000015
split_prior_0S4ID5.pt,28,54,0.0034066600000000006
split_prior_QALZ9J.pt,14,254,0.00348306
split_prior_N4ZJO2.pt,7,1416,0.0034707600000000007
split_prior_WVZ9XS.pt,14,1760,0.003488600000000001
split_prior_00I87V.pt,14,260,0.0034486199999999995
split_prior_JDW85D.pt,28,504,0.0034594400000000003
split_prior_F9BQRB.pt,14,8,0.00347846
split_prior_8Q3LPH.pt,14,142,0.0034829399999999995
split_prior_RBOL9Q.pt,28,172,0.0034918800000000006
split_prior_47YMRV.pt,7,102,0.009990940000000002
split_prior_5VJ47Q.pt,28,78,0.0034399599999999997
split_prior_LIQJV9.pt,28,254,0.0034328199999999996
split_prior_5BX3A5.pt,28,42,0.0034770999999999995
split_prior_6RIGFZ.pt,7,10,0.0034820800000000007
split_prior_B751R7.pt,14,326,0.0035295999999999995
split_prior_ZC7ESN.pt,14,490,0.003525500000000001
split_prior_BI08TH.pt,7,76,0.0034534800000000014
split_prior_BLAV5O.pt,14,144,0.0034741400000000006
split_prior_V0KD54.pt,28,20,0.00346984
split_prior_KQBRD0.pt,14,112,0.0034624800000000004
split_prior_AZZQ1I.pt,28,808,0.003466879999999999
split_prior_5Y6K7Q.pt,28,464,0.0035651600000000012
split_prior_2F2F2P.pt,112,826,0.0035268200000000004
split_prior_OQ8YE6.pt,112,86,0.00348846
split_prior_QDDB4K.pt,14,232,0.00348706
split_prior_39VFUS.pt,28,528,0.0034821799999999997
split_prior_GPP01V.pt,28,180,0.003437879999999999
split_prior_ODRX3Q.pt,14,106,0.00345048
split_prior_CI5ZSG.pt,3,96,0.004896959999999999
split_prior_EQCF1Q.pt,7,90,0.0034784400000000006
split_prior_BMGQTJ.pt,7,172,0.0035441999999999995
split_prior_12FJFY.pt,14,186,0.0034742200000000014
split_prior_JUOKYI.pt,7,854,0.0034542800000000005
split_prior_7MK02R.pt,28,104,0.0034744999999999993
split_prior_NMC94S.pt,56,140,0.003428719999999999
split_prior_H9M97X.pt,7,52,0.00475572
split_prior_WFFAV5.pt,28,128,0.0034799600000000007
split_prior_8BGTYL.pt,112,154,0.003468060000000001
split_prior_X7JGLI.pt,28,1038,0.0034747
split_prior_RCWSQP.pt,7,52,0.003426480000000001
split_prior_JNG87F.pt,112,18,0.0034619
split_prior_T7B3XU.pt,28,660,0.0034398800000000006
split_prior_KR2WZB.pt,14,70,0.003459540000000001
split_prior_XBADGH.pt,14,254,0.0034612799999999993
split_prior_EKUW92.pt,56,48,0.00353742
split_prior_HCGSA3.pt,3,196,0.0039008799999999994
split_prior_1QK3RG.pt,28,542,0.0034907999999999988
split_prior_8IG9ZM.pt,7,26,0.00343222
split_prior_CQ4SQV.pt,56,476,0.0035396799999999995
split_prior_KL24SC.pt,14,136,0.0034732400000000003
split_prior_M1RXJ6.pt,112,52,0.00342948
split_prior_BERTNH.pt,7,1574,0.0034537399999999994
split_prior_ZZ4GA2.pt,1,32,0.007593700000000002
split_prior_UIXJKA.pt,112,184,0.00349822
split_prior_QWRSXP.pt,112,506,0.0035246399999999995
split_prior_TLNXKI.pt,7,948,0.0034067200000000002
split_prior_K3NFNB.pt,1,146,0.0035053000000000007
split_prior_YXVF7X.pt,224,66,0.0035141800000000004
split_prior_AO4GV7.pt,28,176,0.00343742
split_prior_KQCPGC.pt,14,660,0.003486439999999999
split_prior_ZOWFO7.pt,7,108,0.0034549000000000008
split_prior_ZFIJJA.pt,14,516,0.0035385599999999996
split_prior_61Y64F.pt,28,496,0.0034589599999999996
split_prior_KQ8FWC.pt,28,1186,0.0034263400000000012
split_prior_C3HCR0.pt,14,524,0.003462260000000001
split_prior_S55TEU.pt,14,240,0.0034753600000000007
split_prior_T9OPP3.pt,28,264,0.0035174200000000007
split_prior_2XX4ED.pt,7,530,0.0034138399999999996
split_prior_NQ13V9.pt,28,512,0.0034524600000000005
split_prior_U81HXE.pt,14,448,0.0034441000000000003
split_prior_7EXNYO.pt,1,250,0.0044957
split_prior_FV249N.pt,14,2006,0.0034442200000000013
split_prior_6BNQFP.pt,14,276,0.0035017399999999997
split_prior_NX1HWO.pt,28,546,0.0035351800000000006
split_prior_C6JDJA.pt,28,158,0.0034966999999999993
split_prior_OIKOJ4.pt,28,40,0.0034531200000000005
split_prior_B0Y1RE.pt,14,218,0.0035373799999999993
split_prior_UOXS4M.pt,7,560,0.003995780000000001
split_prior_ORYMAF.pt,14,808,0.0034839800000000002
split_prior_2F5DW2.pt,3,22,0.00340626
split_prior_A1Q3KU.pt,56,28,0.0035267400000000004
split_prior_64CHOW.pt,56,208,0.0034979799999999995
split_prior_W5CX4G.pt,56,96,0.0034505400000000006
split_prior_V2OA2H.pt,14,186,0.0034586400000000002
split_prior_VAD3L4.pt,112,202,0.0035531200000000003
split_prior_0PG6WA.pt,7,80,0.007652320000000001
split_prior_TVRCK4.pt,14,514,0.0035665199999999997
split_prior_QDQEGV.pt,14,1156,0.0034720600000000008
split_prior_SPT0LO.pt,56,204,0.00344916
split_prior_AXMRKC.pt,28,62,0.0034740200000000017
split_prior_H2NSVY.pt,28,716,0.0035392799999999997
split_prior_8JYN13.pt,3,240,0.00799922
split_prior_M8RRH7.pt,14,16,0.01300776
split_prior_WAAJ3X.pt,14,194,0.0034838999999999985
split_prior_MAJBLY.pt,56,68,0.0034415000000000005
split_prior_25O4B5.pt,3,194,0.005613660000000003
split_prior_6E8VWE.pt,7,296,0.003530120000000001
split_prior_GM935P.pt,14,72,0.00356624
split_prior_G6C0VN.pt,28,264,0.0034244199999999988
split_prior_V0A12G.pt,14,1014,0.00342706
split_prior_VWHF7B.pt,28,28,0.00345512
split_prior_A3DG6Y.pt,28,10,0.00344156
split_prior_HXHC2W.pt,56,150,0.0034290600000000003
split_prior_VHYOW2.pt,14,58,0.0035003399999999994
split_prior_PC4YX4.pt,28,106,0.0034747400000000013
split_prior_JQJ50K.pt,14,258,0.003423980000000001
split_prior_I83PH5.pt,112,490,0.003440179999999999
split_prior_1CMH3X.pt,14,434,0.003450639999999999
split_prior_PQCYAP.pt,28,492,0.003442119999999999
split_prior_E3PEZD.pt,7,230,0.00345644
split_prior_GAMLL3.pt,14,946,0.0034348399999999998
split_prior_1BJNMS.pt,112,558,0.003469259999999999
split_prior_TGKBLC.pt,7,1920,0.0034470399999999997
split_prior_TL8ZUG.pt,7,184,0.00347152
split_prior_I5Z290.pt,28,22,0.003492119999999999
split_prior_TJF9R0.pt,112,46,0.003468320000000001
split_prior_1ZIN7C.pt,56,1028,0.00343914
split_prior_79NL48.pt,28,518,0.00353458
split_prior_HE6NF3.pt,56,572,0.00343454
split_prior_070XP9.pt,56,512,0.0034479199999999997
split_prior_5SF1RV.pt,14,272,0.0035166799999999995
split_prior_DUF137.pt,224,228,0.003425180000000001
split_prior_DMAR0P.pt,14,692,0.0035022399999999993
split_prior_D5DQL7.pt,28,158,0.0034509000000000002
split_prior_6LG17D.pt,14,816,0.0034844000000000003
split_prior_KDS84N.pt,28,94,0.0034471800000000015
split_prior_WY9ZS7.pt,28,1024,0.00346828
split_prior_RHY2H5.pt,28,270,0.00350932
split_prior_A6WPT9.pt,14,1218,0.0035373600000000007
split_prior_SURVFH.pt,56,258,0.003496199999999999
split_prior_6TZP0C.pt,112,492,0.0034941600000000005
split_prior_H06URV.pt,14,2152,0.0034366
split_prior_67UXEC.pt,56,490,0.0035514799999999997
split_prior_8GDIFM.pt,14,192,0.003466419999999999
split_prior_08KNT4.pt,14,954,0.0034930400000000006
split_prior_U1G1WJ.pt,7,38,0.003473180000000002
split_prior_VAAQDQ.pt,28,302,0.0034467400000000002
split_prior_5BY1LY.pt,56,6,0.0034324800000000003
split_prior_9Z5CG0.pt,14,2042,0.0034363999999999996
split_prior_TTCTI3.pt,14,242,0.0034460000000000007
split_prior_O5LBOF.pt,56,172,0.0034593000000000002
split_prior_EBR786.pt,14,14,0.00344808
split_prior_GU24ZK.pt,14,492,0.0034737
split_prior_DZZ5EF.pt,3,16,0.005813959999999999
split_prior_ZFZ92D.pt,28,1046,0.003472439999999999
split_prior_KFIQ8C.pt,56,90,0.0034783799999999992
split_prior_XKQ1NK.pt,14,446,0.0034226000000000005
split_prior_HBIY0C.pt,7,252,0.00345806
split_prior_1YXXE0.pt,56,272,0.003452419999999999
split_prior_O6U6KZ.pt,14,142,0.0035808200000000006
split_prior_ZZJVTL.pt,14,570,0.0034948600000000002
split_prior_ACZAT8.pt,14,70,0.00337154
split_prior_4SY5J4.pt,112,1206,0.00342634
split_prior_7VJNB9.pt,28,506,0.0035308799999999997
split_prior_HLMGP6.pt,56,500,0.0034292
split_prior_9OO3XZ.pt,7,692,0.003435539999999999
split_prior_GR8DJ7.pt,28,48,0.0034323399999999994
split_prior_RVFER2.pt,28,80,0.0034698399999999983
split_prior_BM37GV.pt,28,146,0.0034621200000000004
split_prior_IJ70DW.pt,14,256,0.00345184
split_prior_70V8Y5.pt,14,36,0.0046297
split_prior_E1193O.pt,14,174,0.0034623799999999997
split_prior_NMD6BU.pt,112,10,0.0034395
split_prior_E4SV7T.pt,28,1686,0.00343402
split_prior_876D5Q.pt,7,520,0.0042026999999999985
split_prior_LKNS0Z.pt,14,26,0.008506360000000001
split_prior_2TVNJD.pt,28,346,0.003491480000000001
split_prior_FBSDBK.pt,14,40,0.0034902199999999996
split_prior_X9IXMA.pt,7,40,0.006644599999999998
split_prior_YRYEAU.pt,7,780,0.0034577799999999997
split_prior_1W018A.pt,14,1472,0.003432039999999999
split_prior_IJ5851.pt,14,496,0.0035822199999999997
split_prior_P7EXEA.pt,7,208,0.0034579
split_prior_5Q99RX.pt,14,188,0.0034876599999999996
split_prior_YQP1CP.pt,56,8,0.0034048599999999996
split_prior_77V0IW.pt,14,8,0.0034451799999999995
split_prior_MRATUF.pt,14,412,0.00342016
split_prior_02YXBM.pt,28,38,0.0034565599999999987
split_prior_MCFIGR.pt,224,194,0.003471299999999999
split_prior_9O3C7J.pt,56,12,0.0034685200000000005
split_prior_QRJ9GA.pt,28,186,0.0034598800000000007
split_prior_EVDZTK.pt,14,106,0.0035026199999999997
split_prior_MUA78Y.pt,7,56,0.0035930000000000003
split_prior_KK8ZQ8.pt,14,126,0.0034311399999999996
split_prior_Y4MDSM.pt,28,814,0.00350424
split_prior_HMISVB.pt,7,6,0.0106425
split_prior_XDMUC7.pt,28,764,0.0034451799999999995
split_prior_8AVZBC.pt,7,922,0.003440760000000001
split_prior_W5XZ0D.pt,7,996,0.003444679999999998
split_prior_0B0E6C.pt,14,570,0.0035136599999999996
split_prior_NE0KCW.pt,14,120,0.0034167
split_prior_ESBLOW.pt,14,76,0.00351836
split_prior_EFNIVI.pt,56,2020,0.00344558
split_prior_FSWBAN.pt,112,492,0.00347958
split_prior_ZA9JZM.pt,28,1002,0.0035099199999999997
split_prior_AV7GCA.pt,14,182,0.0034492800000000003
split_prior_O71A0G.pt,14,138,0.0034909999999999997
split_prior_HBPG3K.pt,7,160,0.003656540000000001
split_prior_PRMSRP.pt,14,442,0.00349346
split_prior_QBNPIR.pt,56,148,0.0035258200000000003
split_prior_4EE035.pt,7,204,0.008076340000000003
split_prior_TMGR8P.pt,28,268,0.0034949000000000004
split_prior_T2HNFL.pt,28,238,0.0034545400000000003
split_prior_2S3AOS.pt,56,32,0.0034493600000000007
split_prior_ZHY6O2.pt,56,12,0.00347454
split_prior_TZZ0LO.pt,28,186,0.003456379999999999
split_prior_6KUWUM.pt,56,72,0.0034125399999999995
split_prior_Y8EX4O.pt,14,188,0.0034846600000000005
split_prior_628S0U.pt,56,266,0.0034612800000000006
split_prior_CR32ET.pt,28,148,0.0032985400000000004
split_prior_F5GAMK.pt,56,8,0.0034535
split_prior_P5QBYH.pt,3,1012,0.014180240000000002
split_prior_0XMONM.pt,7,50,0.0034406
split_prior_VG0XE4.pt,28,468,0.003464879999999999
split_prior_ZCZSEM.pt,7,34,0.003743579999999999
split_prior_ZBTWSV.pt,14,242,0.003433460000000001
split_prior_TUNXQ5.pt,28,80,0.0034784799999999978
split_prior_Y6XLC4.pt,28,82,0.0034572599999999993
split_prior_WJZOER.pt,14,82,0.0034450799999999997
split_prior_XGPGTD.pt,7,502,0.0034131200000000004
split_prior_4CA8H1.pt,1,888,0.0034190400000000017
split_prior_JQUL3Q.pt,56,1024,0.0034601799999999993
split_prior_XJ3CKP.pt,14,636,0.0034937400000000004
split_prior_TGOD0I.pt,7,488,0.008700759999999998
split_prior_Y5XLNB.pt,7,524,0.00350544
split_prior_8WZBWO.pt,7,92,0.003983400000000001
split_prior_2YJ8T0.pt,1,176,0.00352076
split_prior_HHG4FI.pt,112,854,0.00337898
split_prior_OAK8X3.pt,28,458,0.003458400000000001
split_prior_LMYKDY.pt,14,206,0.0034182600000000002
split_prior_M4N5QR.pt,28,182,0.0034362999999999998
split_prior_E5NUF0.pt,112,238,0.0034293
split_prior_0O6X0M.pt,14,136,0.0034493000000000006
split_prior_LAC74G.pt,14,104,0.0034673799999999995
split_prior_T1DF5S.pt,14,98,0.0034656000000000005
split_prior_AZCJDB.pt,28,168,0.0034461800000000005
split_prior_ITC8DR.pt,14,448,0.0034397800000000012
split_prior_CBJYHW.pt,112,92,0.0034215999999999995
split_prior_7YYVGT.pt,14,240,0.0034819
split_prior_ICUECY.pt,14,20,0.004870120000000001
split_prior_PWRZU1.pt,14,34,0.0038543999999999996
split_prior_DV1LU3.pt,28,172,0.00343434
split_prior_VFFL62.pt,56,30,0.0034699999999999996
split_prior_3I2WHW.pt,14,518,0.0035567200000000006
split_prior_LP3RD7.pt,7,1006,0.0034245399999999994
split_prior_GQJPBW.pt,56,48,0.0034178999999999998
split_prior_BWQA0N.pt,112,864,0.0034884
split_prior_XJIZX6.pt,56,1876,0.0034667400000000016
split_prior_GS7CP6.pt,7,22,0.003450559999999999
split_prior_4B9K4E.pt,56,60,0.0034440200000000016
split_prior_WD91EB.pt,28,12,0.0034432799999999995
split_prior_W6R7WY.pt,28,254,0.0034866200000000015
split_prior_6F619Y.pt,56,16,0.003468560000000001
split_prior_821CJ9.pt,112,534,0.00341332
split_prior_5K1Z4S.pt,7,200,0.005361779999999998
split_prior_G2A06D.pt,14,26,0.009361479999999997
split_prior_KNODM9.pt,56,178,0.0034545999999999995
split_prior_AOBJCD.pt,28,28,0.004324120000000001
split_prior_KPRB4B.pt,56,936,0.0035810200000000007
split_prior_EDWFB7.pt,7,934,0.0034320600000000007
split_prior_0M7B9H.pt,56,164,0.0034731000000000007
split_prior_SJKYVN.pt,7,610,0.003467939999999999
split_prior_HO5R78.pt,112,192,0.00345746
split_prior_241OAD.pt,1,16,0.0033114
split_prior_KKV3B5.pt,7,954,0.0034267000000000004
split_prior_Q0Q3K5.pt,28,780,0.0035616400000000005
split_prior_NVWHAX.pt,28,190,0.00347714
split_prior_7R7DV4.pt,14,486,0.00346094
split_prior_AUW15Z.pt,56,1056,0.00346674
split_prior_P6RSPY.pt,28,48,0.0034429200000000004
split_prior_YTFC96.pt,14,994,0.0034499599999999997
split_prior_4EKIXC.pt,28,124,0.00345454
split_prior_M08S0D.pt,56,120,0.0034556600000000006
split_prior_K0TZ0B.pt,7,102,0.0034353799999999996
split_prior_UCU10B.pt,14,238,0.0037897200000000003
split_prior_HUQQRO.pt,112,176,0.0034967000000000015
split_prior_AZT0XE.pt,28,112,0.0034689999999999994
split_prior_SNTP4B.pt,14,982,0.0034504400000000012
split_prior_GX0XRI.pt,224,1228,0.00344742
split_prior_CL8SQD.pt,14,208,0.0034558800000000006
split_prior_3K3FBO.pt,28,268,0.00343834
split_prior_0TOATW.pt,14,166,0.0034522200000000006
split_prior_CCMBE2.pt,112,86,0.00351402
split_prior_X7BNPW.pt,14,6,0.0034326799999999996
split_prior_AKDQNT.pt,56,88,0.003493639999999999
split_prior_B5RAV8.pt,14,1888,0.0034444199999999997
split_prior_JQYB9S.pt,14,568,0.00355348
split_prior_65EHOW.pt,112,588,0.0034750400000000013
split_prior_6ITQQA.pt,1,218,0.003466699999999999
split_prior_GC58OR.pt,7,700,0.003512420000000001
split_prior_ZX4OK9.pt,224,136,0.003538659999999999
split_prior_GKG2OW.pt,112,244,0.0034668999999999993
split_prior_4WIXZ6.pt,28,2132,0.003523299999999999
split_prior_2WIVMJ.pt,112,144,0.0034883199999999996
split_prior_SYCLFW.pt,28,64,0.00347804
split_prior_5DI4BM.pt,14,216,0.0033280200000000005
split_prior_K2PHBN.pt,7,1170,0.00350142
split_prior_NOWGN7.pt,112,506,0.0034881
split_prior_47OQL1.pt,28,290,0.00347332
split_prior_ILMFIQ.pt,14,92,0.0035367199999999993
split_prior_MWAFXT.pt,14,158,0.0034350800000000005
split_prior_E2Q89I.pt,14,132,0.00344526
split_prior_GF0IBY.pt,28,72,0.0035189400000000003
split_prior_HHBAHV.pt,14,106,0.0034851999999999995
split_prior_WEEBNF.pt,14,178,0.0034727399999999998
split_prior_FVZW5R.pt,14,86,0.0042645800000000005
split_prior_H9DDOA.pt,14,482,0.0034631199999999997
split_prior_09ZR0Q.pt,14,184,0.0034662799999999995
split_prior_H4ICN9.pt,28,216,0.00348088
split_prior_HGJ6QE.pt,112,42,0.0034402
split_prior_801YCK.pt,112,4,0.003451679999999999
split_prior_6NRV8B.pt,28,214,0.0035146800000000005
split_prior_DIJF43.pt,7,116,0.004001640000000001
split_prior_B923IF.pt,56,1172,0.00349632
split_prior_0PW7HX.pt,112,498,0.003449100000000001
split_prior_YFU0B8.pt,7,70,0.005776579999999996
split_prior_X1E8CH.pt,14,18,0.0034633799999999985
split_prior_U4IMGO.pt,28,268,0.0035126600000000003
split_prior_Z3TOTQ.pt,28,518,0.00350524
split_prior_FQCFRV.pt,14,108,0.0034656599999999993
split_prior_FPOIIQ.pt,56,166,0.003502440000000001
split_prior_NGAOZZ.pt,28,80,0.00349764
split_prior_T3Z2O8.pt,56,190,0.003603700000000001
split_prior_Y1D4ZE.pt,14,410,0.0034893600000000004
split_prior_3VQH51.pt,28,226,0.003521060000000001
split_prior_RFOD24.pt,14,44,0.0034656399999999994
split_prior_JRO436.pt,56,252,0.0034501600000000003
split_prior_H1XVUX.pt,7,8,0.0057227
split_prior_CUT5K2.pt,112,514,0.0034373600000000004
split_prior_DC9OWD.pt,56,422,0.0034359
split_prior_BYRXBR.pt,14,136,0.003496899999999999
split_prior_ZL6KU1.pt,14,142,0.003457980000000001
split_prior_LU16R0.pt,28,254,0.0034675400000000007
split_prior_PVAJDJ.pt,112,1004,0.00347782
split_prior_6OQTLX.pt,56,1434,0.0034863
split_prior_POI7WG.pt,56,48,0.0035166999999999993
split_prior_Y3ODFH.pt,14,2050,0.0034456400000000002
split_prior_C664BB.pt,28,140,0.0034430800000000007
split_prior_27XBSP.pt,56,190,0.0034418
split_prior_L1UORQ.pt,14,176,0.0034576599999999996
split_prior_CHSYVG.pt,7,62,0.006647819999999999
split_prior_CXE2LK.pt,28,1136,0.0034926000000000002
split_prior_IQLE47.pt,14,234,0.00349352
split_prior_3YPA75.pt,112,1536,0.0034618999999999987
split_prior_U0RAWG.pt,28,26,0.0034238600000000004
split_prior_XTVLDD.pt,112,244,0.00348444
split_prior_OI8MOS.pt,28,148,0.003456680000000001
split_prior_3MCFRO.pt,14,110,0.0034355
split_prior_99XPZJ.pt,112,464,0.0034441199999999993
split_prior_D54K1T.pt,14,908,0.003507019999999999
split_prior_ZPFKIG.pt,28,204,0.003480960000000001
split_prior_UBG3LY.pt,112,214,0.0036162599999999987
split_prior_VNZ5BL.pt,7,190,0.0038542999999999997
split_prior_GWJV58.pt,112,114,0.00346712
split_prior_VUS6KQ.pt,14,58,0.0059273
split_prior_UTZM2Y.pt,14,172,0.0035013399999999995
split_prior_2ESXIC.pt,28,52,0.003467099999999999
split_prior_ERNV23.pt,14,150,0.00347738
split_prior_02JOCO.pt,14,508,0.0034380400000000007
split_prior_SZ73PX.pt,28,188,0.003498940000000002
split_prior_C3CZYC.pt,14,248,0.0034217600000000003
split_prior_TGPS5H.pt,112,994,0.003444440000000001
split_prior_VCIV7X.pt,112,116,0.00349102
split_prior_XN747Q.pt,56,110,0.0034497400000000015
split_prior_7SCTRC.pt,14,216,0.003447319999999998
split_prior_YJ07CQ.pt,28,54,0.003395780000000001
split_prior_O8U9JA.pt,7,120,0.006845640000000002
split_prior_GC10BA.pt,28,54,0.00342978
split_prior_FA02QB.pt,7,182,0.0034926999999999988
split_prior_TSZIXZ.pt,14,34,0.003411579999999999
split_prior_U1QD4Y.pt,7,208,0.0045991600000000014
split_prior_XNCUGR.pt,14,460,0.0034876799999999995
split_prior_8U47Y1.pt,28,122,0.0034733000000000003
split_prior_BYCOAM.pt,7,810,0.0039002400000000006
split_prior_H66U3Q.pt,56,24,0.0034657400000000006
split_prior_RJOOXP.pt,112,538,0.00346314
split_prior_HL0F2A.pt,14,160,0.00352864
split_prior_P2ZK4K.pt,28,694,0.0034547800000000006
split_prior_81D6H7.pt,28,512,0.003451299999999999
split_prior_JA8SDW.pt,56,1688,0.0034183999999999994
split_prior_EX6SO4.pt,7,102,0.006903679999999999
split_prior_194Y0A.pt,112,840,0.003475299999999999
split_prior_PV0PWX.pt,7,34,0.01146888
split_prior_3IO0UB.pt,14,358,0.0034268399999999987
split_prior_JKC1CK.pt,28,530,0.0035370400000000013
split_prior_OVY6GD.pt,28,210,0.0034381599999999983
split_prior_HZN1YC.pt,14,758,0.0034451400000000015
split_prior_H5F1DR.pt,7,982,0.0034635
split_prior_DEYF79.pt,56,208,0.0034446000000000004
split_prior_EJ7LKS.pt,1,138,0.01028914
split_prior_XY5S7W.pt,7,68,0.007750740000000005
split_prior_QPWX0U.pt,14,228,0.0034093
split_prior_IW3NK5.pt,7,16,0.007939639999999996
split_prior_NJZR5O.pt,28,522,0.00348366
split_prior_H9NEV0.pt,14,670,0.0034868399999999997
split_prior_EM0OXP.pt,28,520,0.00351238
split_prior_QDH9XO.pt,28,202,0.0034489599999999996
split_prior_9H526J.pt,28,614,0.003517640000000001
split_prior_TCRMJG.pt,14,146,0.0035095599999999992
split_prior_DJ5RQQ.pt,14,244,0.0034304600000000015
split_prior_YKU9IA.pt,14,666,0.0034623199999999996
split_prior_U1MKAS.pt,14,154,0.0034555199999999997
split_prior_DONGWK.pt,7,1246,0.00346288
split_prior_5MGJ22.pt,28,162,0.0034824199999999995
split_prior_ADVHDK.pt,28,218,0.0034217599999999994
split_prior_8L3794.pt,28,528,0.0034342200000000004
split_prior_I5CEMR.pt,224,488,0.003453919999999999
split_prior_0PCD99.pt,112,234,0.00347922
split_prior_8526WR.pt,14,460,0.0034523800000000006
split_prior_BSLBWE.pt,14,1512,0.0034631199999999997
split_prior_E4KJ8I.pt,28,294,0.00354798
split_prior_55EH93.pt,7,364,0.0034509999999999996
split_prior_QIJS1C.pt,14,202,0.00351154
split_prior_GMA3YT.pt,112,996,0.0034930199999999995
split_prior_6V88TJ.pt,14,1144,0.00348004
split_prior_DQAVKQ.pt,14,28,0.00410696
split_prior_B84YFH.pt,14,202,0.003510660000000001
split_prior_4RUW8F.pt,14,72,0.0034386999999999994
split_prior_TYGAA1.pt,14,106,0.0034740200000000004
split_prior_QPZ0WL.pt,14,118,0.0035280800000000007
split_prior_C0DZP3.pt,28,12,0.007462080000000002
split_prior_GKW26X.pt,7,104,0.0038777
split_prior_KUJHXJ.pt,7,1716,0.0034737599999999998
split_prior_HTYAH9.pt,14,1026,0.0034377199999999996
split_prior_36Z73K.pt,7,512,0.02330278
split_prior_AUOMPK.pt,14,384,0.0034867599999999993
split_prior_TQAREV.pt,7,870,0.00464304
split_prior_QAENGE.pt,14,856,0.0035047800000000007
split_prior_FQFCX8.pt,14,204,0.00353564
split_prior_L6MYQV.pt,56,1748,0.0034545400000000007
split_prior_LAB2AE.pt,28,40,0.0034806399999999984
split_prior_G95THN.pt,14,1426,0.0034343
split_prior_V1CWAA.pt,112,248,0.0034598400000000005
split_prior_U2148J.pt,7,108,0.0034778800000000005
split_prior_4YKX9A.pt,56,206,0.003455980000000001
split_prior_0MMVQO.pt,56,160,0.003453039999999999
split_prior_N4U7Q8.pt,7,204,0.0073344399999999985
split_prior_6ZYAXG.pt,14,262,0.0034344600000000003
split_prior_97UTAD.pt,28,168,0.0034958
split_prior_C1BGJC.pt,14,204,0.003462560000000001
split_prior_7R6H18.pt,14,542,0.0034792200000000016
split_prior_Y1HZH1.pt,14,22,0.003408340000000001
split_prior_348CG7.pt,14,496,0.00349492
split_prior_GHK3Q0.pt,56,20,0.00346528
split_prior_Y59LCJ.pt,14,130,0.0035162599999999994
split_prior_2RER11.pt,28,8,0.0034263600000000007
split_prior_HC75UX.pt,7,70,0.007971919999999999
split_prior_WWZX6V.pt,14,22,0.003436640000000001
split_prior_IC4WW8.pt,1,224,0.0166757
split_prior_T076EX.pt,112,100,0.003442640000000001
split_prior_P3PWLC.pt,112,48,0.0034766199999999997
split_prior_3ZRXDV.pt,7,116,0.00503624
split_prior_SIF75O.pt,14,136,0.00349644
split_prior_E4J3SY.pt,56,564,0.0035025800000000012
split_prior_42YC42.pt,56,50,0.003445839999999999
split_prior_DFPYHA.pt,112,12,0.0034565399999999997
split_prior_SKUOZC.pt,7,494,0.004329759999999999
split_prior_4RTPKY.pt,56,142,0.00342432
split_prior_KAIFS0.pt,28,92,0.003460759999999999
split_prior_NIPH4C.pt,112,2024,0.00348038
split_prior_NNGZ1Q.pt,56,196,0.0034624
split_prior_SO3SW3.pt,14,132,0.003447360000000001
split_prior_Y31XGU.pt,56,934,0.00345976
split_prior_1Q51VE.pt,28,446,0.003501579999999999
split_prior_KR2BPD.pt,112,238,0.0034598199999999997
split_prior_0YQW7A.pt,7,168,0.008985240000000002
split_prior_QY1KZ5.pt,7,942,0.003461100000000001
split_prior_PEXBIT.pt,112,498,0.003455499999999999
split_prior_JJ7XAI.pt,112,446,0.00343376
split_prior_D8238V.pt,7,182,0.003903439999999998
split_prior_XSOVRA.pt,112,2158,0.003427279999999999
split_prior_7U840C.pt,14,212,0.00343658
split_prior_RGHF09.pt,28,20,0.00347638
split_prior_59BZYF.pt,56,54,0.003439460000000001
split_prior_G4KVMT.pt,14,528,0.00344776
split_prior_C3IIU3.pt,1,1144,0.0034868399999999997
split_prior_O2JNOV.pt,224,1038,0.003441599999999999
split_prior_I0PWDG.pt,7,236,0.004239259999999998
split_prior_VJKMC1.pt,28,208,0.003561439999999999
split_prior_148BIQ.pt,112,340,0.0035354
split_prior_N3UVW0.pt,14,982,0.0034386199999999994
split_prior_UPPE48.pt,28,156,0.0034877600000000008
split_prior_4TZTRW.pt,14,990,0.0034516800000000004
split_prior_IDRXAO.pt,56,256,0.0034661400000000004
split_prior_3HSSIC.pt,14,52,0.0034857399999999998
split_prior_QE284L.pt,56,260,0.003464660000000001
split_prior_LB7AXM.pt,224,172,0.0034601799999999998
split_prior_1RROA4.pt,28,272,0.00343228
split_prior_PFLASU.pt,14,190,0.0036931799999999986
split_prior_FYBQ3S.pt,28,140,0.0034599000000000006
split_prior_QEJ1FN.pt,14,14,0.00404178
split_prior_A91Z76.pt,28,66,0.0034555599999999986
split_prior_YWMTKM.pt,28,120,0.0034592200000000007
split_prior_LU93TO.pt,14,514,0.0034425400000000004
split_prior_43MUAX.pt,14,76,0.01041482
split_prior_PIMS2H.pt,3,512,0.005787240000000002
split_prior_MVDWKL.pt,14,892,0.00344628
split_prior_NHEDJR.pt,7,52,0.00344192
split_prior_9EQNS4.pt,7,202,0.003506279999999999
split_prior_D44K0L.pt,14,1038,0.0034989999999999986
split_prior_IU998P.pt,28,598,0.0034606999999999993
split_prior_M40YAM.pt,14,172,0.003441680000000001
split_prior_NY070F.pt,112,832,0.0034782800000000007
split_prior_OPL44I.pt,56,1478,0.0034514799999999994
split_prior_W4BA0A.pt,112,6,0.0034224600000000004
split_prior_BMBO4V.pt,14,104,0.0034868799999999995
split_prior_3WODLD.pt,112,506,0.0034572799999999996
split_prior_C6WANF.pt,1,220,0.006638899999999999
split_prior_1P9LTA.pt,14,180,0.00350974
split_prior_5NXS5O.pt,7,214,0.0035513399999999983
split_prior_AFS1KP.pt,14,180,0.0034529600000000006
split_prior_BAY9D8.pt,14,236,0.003467139999999999
split_prior_5OC2B8.pt,7,1852,0.00348672
split_prior_U29RBY.pt,112,156,0.003440459999999999
split_prior_CH2H0O.pt,14,534,0.0034542799999999997
split_prior_GJ1G27.pt,7,468,0.0034726799999999993
split_prior_6SJ5VT.pt,14,22,0.00342032
split_prior_3X6CWW.pt,14,204,0.00343862
split_prior_SZKF45.pt,3,508,0.0034312400000000016
split_prior_8EO4HR.pt,56,138,0.0034533400000000005
split_prior_IETR1A.pt,56,500,0.00350356
split_prior_PVTP0H.pt,14,1248,0.00342848
split_prior_XF0W69.pt,56,274,0.0034566799999999997
split_prior_KSE379.pt,56,162,0.00345908
split_prior_YN4MMJ.pt,28,266,0.0034576
split_prior_OAKFK7.pt,7,58,0.003457940000000001
split_prior_2KACF3.pt,7,178,0.0034461399999999986
split_prior_DAFC1Y.pt,28,26,0.0035014399999999998
split_prior_LHWKYG.pt,28,416,0.0034167799999999995
split_prior_4LZAPP.pt,224,654,0.00343596
split_prior_NIKCL1.pt,56,38,0.00345118
split_prior_46PR5Y.pt,28,1284,0.0034626000000000006
split_prior_ZI5GMP.pt,14,1012,0.0034665399999999997
split_prior_4F6EIG.pt,112,270,0.0034764
split_prior_F8DRIE.pt,14,388,0.003453059999999999
split_prior_DL3F0P.pt,112,1080,0.003508839999999999
split_prior_QK25C5.pt,14,110,0.00342122
split_prior_069HR8.pt,14,152,0.0034823799999999998
split_prior_P1YCA6.pt,14,16,0.009834939999999999
split_prior_K1JPYW.pt,112,1138,0.00346654
split_prior_ET5B4A.pt,14,66,0.008113900000000002
split_prior_2GZBM9.pt,112,58,0.0034906799999999995
split_prior_1G4YIO.pt,112,258,0.003487620000000001
split_prior_SP2PVR.pt,14,112,0.0035021399999999995
split_prior_F16VWC.pt,28,536,0.0034744400000000005
split_prior_TBON3U.pt,112,428,0.0035065000000000014
split_prior_O7OEHV.pt,7,192,0.003501219999999999
split_prior_PJZRIM.pt,112,498,0.0034812999999999984
split_prior_ZO3GBR.pt,14,436,0.003451419999999999
split_prior_ZVAPR0.pt,56,124,0.0034802
split_prior_UKRY1N.pt,7,116,0.0035367200000000006
split_prior_YMS96F.pt,14,212,0.00345472
split_prior_YNFAH3.pt,7,170,0.0034467000000000005
split_prior_M8ZLOF.pt,28,500,0.0034528800000000015
split_prior_1611Z0.pt,14,318,0.003515020000000001
split_prior_3U7IWB.pt,112,74,0.0034787799999999995
split_prior_37TYSG.pt,14,168,0.0038813000000000003
split_prior_6EKHI3.pt,14,130,0.0034724800000000004
split_prior_TP7MJA.pt,3,136,0.007031060000000001
split_prior_0DVVD4.pt,14,186,0.0034303399999999996
split_prior_1FGTHI.pt,28,492,0.0034703800000000003
split_prior_MX5PS0.pt,14,998,0.0034369599999999993
split_prior_3CG7YO.pt,14,166,0.0034559399999999994
split_prior_CBP0UD.pt,14,414,0.0034846200000000003
split_prior_G1KX4B.pt,14,240,0.0034205800000000003
split_prior_SHMNNQ.pt,224,604,0.0034602000000000005
split_prior_LDD8R4.pt,28,1026,0.003457
split_prior_6GQZPE.pt,28,214,0.0035298200000000004
split_prior_5QG14Q.pt,28,62,0.003487480000000001
split_prior_FR55RQ.pt,14,1254,0.003437159999999999
split_prior_VBOEB9.pt,28,36,0.003440979999999999
split_prior_I174E9.pt,28,48,0.0034864999999999996
split_prior_EZCLWU.pt,28,268,0.0034853599999999994
split_prior_6E0URX.pt,14,218,0.00346584
split_prior_55OCF1.pt,56,186,0.0034423999999999995
split_prior_O3MNUV.pt,7,28,0.0059733999999999985
split_prior_XY6NRH.pt,14,254,0.003458579999999999
split_prior_DHD6D9.pt,112,92,0.003441099999999998
split_prior_8EE7OI.pt,56,62,0.003465
split_prior_NFBS3K.pt,56,414,0.00348108
split_prior_XNN366.pt,224,154,0.0034608400000000006
split_prior_HOTPS8.pt,14,586,0.0034626399999999995
split_prior_JA4K0A.pt,56,490,0.003459780000000001
split_prior_K6ATUY.pt,56,534,0.0034511000000000003
split_prior_0CWXOJ.pt,14,1018,0.0035199800000000002
split_prior_055GLL.pt,28,742,0.003466180000000001
split_prior_T84UDZ.pt,28,258,0.0034668599999999987
split_prior_L3N0PT.pt,56,224,0.0034565200000000003
split_prior_AMYHB5.pt,14,790,0.0034278
split_prior_UKFQJ5.pt,7,410,0.003887819999999999
split_prior_VYX1HF.pt,7,232,0.00671004
split_prior_PKIIUQ.pt,224,1008,0.00345146
split_prior_EA7OIY.pt,7,158,0.006589580000000003
split_prior_A555UM.pt,14,170,0.00350296
split_prior_2ZTRIF.pt,56,112,0.0036172599999999997
split_prior_FVGBEQ.pt,1,178,0.00345262
split_prior_SU3R6K.pt,112,212,0.0035787199999999996
split_prior_ZG5VDE.pt,14,524,0.0034234000000000005
split_prior_84N8CV.pt,14,124,0.005882120000000001
split_prior_MPAJDU.pt,14,114,0.00430028
split_prior_5GWI0B.pt,14,268,0.00345596
split_prior_NT60O1.pt,7,64,0.004068399999999999
split_prior_D2JG41.pt,112,438,0.0034766399999999996
split_prior_Z391XG.pt,28,502,0.0035633600000000002
split_prior_HDADO0.pt,14,528,0.003482779999999999
split_prior_QAA83L.pt,56,98,0.003474219999999999
split_prior_QIBWIB.pt,3,102,0.003510380000000001
split_prior_9ZZBIW.pt,28,952,0.0034937399999999995
split_prior_UJIN0V.pt,56,1686,0.003515180000000001
split_prior_4TM4FW.pt,28,12,0.00601428
split_prior_7IJVF0.pt,14,100,0.00353178
split_prior_WZDLAG.pt,112,210,0.0035714200000000005
split_prior_QWUEO0.pt,28,182,0.0035125599999999996
split_prior_XZJEQZ.pt,28,30,0.003491239999999999
split_prior_IWEWTB.pt,14,46,0.0045684
split_prior_YIQFR0.pt,56,272,0.00346108
split_prior_589GRU.pt,14,1700,0.00346108
split_prior_MND9AQ.pt,28,100,0.0034551399999999976
split_prior_MP8HHP.pt,112,172,0.003492640000000001
split_prior_YE6JWU.pt,14,150,0.003472619999999999
split_prior_8C50WB.pt,7,136,0.010788399999999998
split_prior_R67C2B.pt,56,484,0.0034854600000000014
split_prior_BWIBNC.pt,14,1254,0.0034910199999999996
split_prior_4LZETO.pt,7,196,0.0034429199999999995
split_prior_DBP18S.pt,7,96,0.015437240000000001
split_prior_CZRWML.pt,14,162,0.0036753800000000002
split_prior_5X1TGQ.pt,3,518,0.00928736
split_prior_VZNA4S.pt,28,514,0.0036117800000000006
split_prior_LBAGBX.pt,112,122,0.003473500000000001
split_prior_0DFT2W.pt,28,520,0.003457479999999999
split_prior_MSVC0G.pt,1,48,0.005135219999999999
split_prior_UNCSL9.pt,28,388,0.00346682
split_prior_XYPWG7.pt,28,72,0.003483160000000001
split_prior_9EM35M.pt,14,454,0.0034427200000000002
split_prior_PXM4G7.pt,28,10,0.007449999999999999
split_prior_MD10YV.pt,28,1134,0.0034167399999999997
split_prior_5GIV48.pt,224,38,0.00348094
split_prior_CMLJ8A.pt,14,268,0.023055779999999998
split_prior_AE2N2X.pt,3,498,0.008748300000000002
split_prior_FB4QGL.pt,112,124,0.0034482000000000002
split_prior_KKB71W.pt,28,138,0.00347166
split_prior_P4KH5L.pt,1,508,0.0035090399999999993
split_prior_QK52SD.pt,28,236,0.0035010600000000003
split_prior_N7NMLM.pt,14,22,0.0069878999999999965
split_prior_311IYD.pt,28,154,0.003427999999999999
split_prior_4RQ8YW.pt,7,646,0.0035612799999999996
split_prior_MG19EB.pt,224,510,0.0034564399999999994
split_prior_MBZMJF.pt,28,278,0.00346978
split_prior_9BN89U.pt,56,28,0.0034887200000000007
split_prior_X1CVPA.pt,14,220,0.0033961599999999996
split_prior_UF5Z2A.pt,28,1980,0.00345604
split_prior_UAKS8L.pt,14,132,0.00344448
split_prior_1UPVMX.pt,28,1714,0.00350546
split_prior_BAADML.pt,28,1974,0.00344826
split_prior_EL6KWS.pt,7,978,0.003494839999999999
split_prior_A2STN4.pt,28,1012,0.0034163999999999996
split_prior_0B485D.pt,7,2020,0.003480839999999999
split_prior_WEN7HG.pt,14,12,0.0034468000000000003
split_prior_N0Q4D0.pt,28,802,0.003430120000000001
split_prior_SLH3X3.pt,14,18,0.0046720600000000004
split_prior_T5UP3B.pt,112,56,0.0034382600000000003
split_prior_NZP2GW.pt,7,222,0.0037160999999999987
split_prior_G7N535.pt,28,234,0.0034732599999999997
split_prior_ELN8PB.pt,7,492,0.003427019999999999
split_prior_NNRTPH.pt,14,10,0.004035519999999999
split_prior_D1PBUY.pt,28,52,0.003441020000000001
split_prior_0WB2HW.pt,14,586,0.003388659999999998
split_prior_J6QWOH.pt,14,1026,0.0034393400000000004
split_prior_89SSEY.pt,28,504,0.0034672400000000003
split_prior_DJIS4U.pt,28,92,0.0034621800000000005
split_prior_6J9IXY.pt,7,182,0.0088856
split_prior_N7YE78.pt,14,268,0.00347914
split_prior_3NVJCG.pt,14,224,0.00347578
split_prior_XA3081.pt,14,52,0.005866600000000002
split_prior_4J5SFD.pt,14,552,0.0034845
split_prior_J0Q4LW.pt,14,214,0.0034626400000000003
split_prior_73MFL6.pt,14,200,0.0034762
split_prior_RZL38L.pt,7,16,0.0034603200000000002
split_prior_XF74X9.pt,7,142,0.00402656
split_prior_IN353D.pt,7,994,0.003481739999999999
split_prior_1VVLUJ.pt,56,10,0.003452699999999999
split_prior_ON4L9P.pt,56,176,0.00347136
split_prior_3NVODA.pt,14,526,0.0034910599999999985
split_prior_03C7MM.pt,28,202,0.0034528600000000007
split_prior_5MFZAF.pt,28,410,0.00348038
split_prior_HDJB1G.pt,7,522,0.003477680000000001
split_prior_AK0MG7.pt,28,2004,0.003414300000000001
split_prior_6RJU3E.pt,112,56,0.0035886399999999997
split_prior_LTHWBL.pt,7,42,0.0034839400000000005
split_prior_FK2KWL.pt,7,240,0.0034540799999999996
split_prior_LFWZJG.pt,14,834,0.003466500000000001
split_prior_YRIKLV.pt,7,506,0.0034711000000000004
split_prior_TKVBZY.pt,14,490,0.0034473399999999997
split_prior_S6ODFP.pt,3,56,0.00350412
split_prior_HIMF96.pt,7,220,0.011102960000000005
split_prior_PZ8DWL.pt,28,212,0.0034276200000000006
split_prior_X8OSZE.pt,14,1022,0.0034568400000000005
split_prior_3Q7DDN.pt,56,172,0.00349482
split_prior_65OK4L.pt,14,510,0.0034726799999999997
split_prior_AMWGBU.pt,112,50,0.0034989999999999995
split_prior_6EA0NI.pt,28,168,0.00341222
split_prior_GH0DO6.pt,28,528,0.00344462
split_prior_9D2KQZ.pt,14,508,0.0034703
split_prior_4TS7JY.pt,56,538,0.0034808199999999995
split_prior_FZV7G6.pt,14,264,0.0035166
split_prior_S0DNGC.pt,56,108,0.0034423800000000005
split_prior_NYI9TN.pt,3,8,0.0034438000000000003
split_prior_67Y9DF.pt,7,220,0.0035044600000000013
split_prior_3B9ENK.pt,14,24,0.00340854
split_prior_8KSYBT.pt,14,68,0.004590839999999999
split_prior_3MZRYW.pt,56,1698,0.0035605000000000003
split_prior_KD3URD.pt,28,146,0.0034445599999999993
split_prior_1CXKTW.pt,112,430,0.0034886599999999993
split_prior_ZS3R9L.pt,14,80,0.0035631199999999995
split_prior_S73ALY.pt,14,142,0.00348422
split_prior_Z827PK.pt,14,1636,0.0034843000000000014
split_prior_6KXKN7.pt,7,840,0.00344654
split_prior_F1Q7LN.pt,56,228,0.0034278399999999997
split_prior_43WM9F.pt,14,92,0.0034570599999999996
split_prior_XFJY16.pt,7,240,0.003461
split_prior_4WEDBE.pt,14,660,0.003458500000000001
split_prior_H463Q6.pt,14,70,0.0034040000000000008
split_prior_8WER1O.pt,28,1060,0.0034393
split_prior_181LOA.pt,14,126,0.00347806
split_prior_HWIW0I.pt,14,174,0.0034512399999999995
split_prior_0DAB5B.pt,14,164,0.00346124
split_prior_DX01VN.pt,14,46,0.0034534999999999995
split_prior_IRJDNJ.pt,56,150,0.0035176999999999986
split_prior_92M9YL.pt,14,124,0.0035084799999999996
split_prior_B68X0V.pt,7,1162,0.00342254
split_prior_Y3MGZ0.pt,14,122,0.0034739
split_prior_EA5TX4.pt,28,178,0.003462560000000001
split_prior_0J7MRF.pt,28,492,0.0034169799999999996
split_prior_KKJUTI.pt,14,2044,0.00346912
split_prior_K105MR.pt,28,204,0.0035415200000000007
split_prior_0DP4KB.pt,14,160,0.0034123399999999994
split_prior_HPEAW7.pt,14,2092,0.0034190999999999996
split_prior_TOUJWI.pt,14,90,0.00789088
split_prior_8L31J8.pt,14,520,0.00345616
split_prior_A01UHK.pt,7,968,0.003440219999999999
split_prior_JXYO9I.pt,28,1000,0.0034429200000000004
split_prior_E0ODLA.pt,14,678,0.003416279999999999
split_prior_RSQBQ2.pt,14,20,0.009634259999999997
split_prior_DUPPPR.pt,14,624,0.0035212
split_prior_MKGMNS.pt,28,300,0.0035614200000000018
split_prior_P8ZN2R.pt,7,496,0.003439600000000001
split_prior_BO7MN3.pt,28,532,0.003466100000000001
split_prior_C45GW7.pt,14,512,0.003495439999999999
split_prior_LURECX.pt,3,502,0.010158240000000002
split_prior_UCFWKN.pt,14,214,0.0034279199999999997
split_prior_YIG7C5.pt,28,78,0.003536959999999999
split_prior_6TBTGC.pt,14,938,0.00345848
split_prior_5PABJM.pt,56,220,0.00344662
split_prior_MLQL7S.pt,28,164,0.003482099999999998
split_prior_CV4O7X.pt,112,50,0.00355628
split_prior_7GV0OM.pt,14,112,0.0034361400000000003
split_prior_J50E4Q.pt,112,4,0.003456100000000001
split_prior_3MNFBP.pt,112,176,0.0034175000000000004
split_prior_REDAYO.pt,28,138,0.003424360000000001
split_prior_JVU2TT.pt,7,20,0.00597574
split_prior_4AQ1AA.pt,224,540,0.0034285599999999985
split_prior_LCQD5D.pt,28,314,0.0034283399999999998
split_prior_4ROPNS.pt,28,170,0.0034448600000000014
split_prior_10RDA3.pt,112,228,0.0034430000000000003
split_prior_8HQNHH.pt,14,38,0.006874839999999997
split_prior_QTRS63.pt,14,2030,0.00345798
split_prior_1531VG.pt,7,1872,0.00343666
split_prior_96QWPA.pt,56,518,0.0034942199999999997
split_prior_ADZP5J.pt,56,102,0.00340716
split_prior_4CYB7W.pt,7,456,0.0035306599999999997
split_prior_3ROMP5.pt,7,206,0.00347336
split_prior_7XWVIC.pt,28,856,0.0034782999999999997
split_prior_C694UC.pt,28,254,0.00346118
split_prior_Z5TLPQ.pt,28,2020,0.0034493600000000007
split_prior_CV9R99.pt,14,28,0.0036774199999999994
split_prior_PADSAG.pt,14,430,0.0034638200000000003
split_prior_CSZPCB.pt,14,222,0.00344796
split_prior_EFYSGJ.pt,7,240,0.0034527200000000007
split_prior_9NGKD9.pt,56,12,0.0034514
split_prior_ARYP61.pt,28,128,0.00345804
split_prior_YX7198.pt,14,88,0.003451420000000001
split_prior_NNDAMB.pt,28,684,0.0034555000000000007
split_prior_VYMXOE.pt,14,1162,0.0034437400000000003
split_prior_SD7VF1.pt,56,138,0.0035039
split_prior_8ZLKHZ.pt,224,232,0.0035136599999999996
split_prior_9U64AM.pt,1,214,0.014578419999999996
split_prior_1A26IL.pt,28,12,0.007822440000000003
split_prior_LJT4CY.pt,56,946,0.0034570999999999994
split_prior_ZF9CLJ.pt,112,234,0.0034470599999999996
split_prior_A6QLX9.pt,56,138,0.0034268200000000006
split_prior_B4W3P9.pt,112,144,0.0034975199999999996
split_prior_Y4ZXHF.pt,14,90,0.0035158200000000007
split_prior_CDB4KW.pt,1,66,0.00556068
split_prior_0SS76R.pt,28,6,0.006231740000000001
split_prior_BVR8NE.pt,14,132,0.0034280199999999995
split_prior_DJSMT8.pt,28,164,0.003399839999999999
split_prior_NF3SH8.pt,112,64,0.00358976
split_prior_4AOVOY.pt,56,146,0.00347306
split_prior_FAA5S0.pt,56,1858,0.0034292400000000005
split_prior_TVIJGN.pt,7,1990,0.0035205800000000006
split_prior_5PDSEB.pt,28,158,0.0034357
split_prior_BA8U8Z.pt,14,448,0.00346478
split_prior_G3Z59K.pt,28,226,0.0034574600000000007
split_prior_BP6V4N.pt,3,106,0.0034570600000000005
split_prior_7XBWK4.pt,28,530,0.003452160000000001
split_prior_OVBH50.pt,14,976,0.0034690199999999997
split_prior_4ERJXH.pt,28,180,0.0034807400000000004
split_prior_47YR5V.pt,112,6,0.00349672
split_prior_BCGK02.pt,28,202,0.0035078799999999997
split_prior_UZ0GLN.pt,14,1016,0.003475240000000002
split_prior_AQOYZR.pt,56,198,0.0034546799999999995
split_prior_7LLJD7.pt,28,144,0.0035076800000000004
split_prior_PXILKW.pt,28,130,0.0034502799999999996
split_prior_5I8JGS.pt,7,94,0.02276322
split_prior_2KTSM2.pt,28,996,0.003524459999999999
split_prior_YLGMM1.pt,14,466,0.003491440000000001
split_prior_9UW605.pt,14,202,0.0035082399999999997
split_prior_SZ5AV2.pt,14,126,0.0034669199999999996
split_prior_NYE5XK.pt,14,120,0.0035138599999999997
split_prior_ES3TRD.pt,56,76,0.003534919999999999
split_prior_39E78B.pt,14,850,0.0034111
split_prior_9Z8C8W.pt,112,4,0.0035641999999999996
split_prior_DNS6VW.pt,28,138,0.003438319999999999
split_prior_649TDS.pt,56,502,0.003419340000000001
split_prior_19XJG9.pt,7,506,0.00353036
split_prior_FRW4Z4.pt,56,508,0.0035119800000000005
split_prior_8E5RYD.pt,14,1908,0.0034442
split_prior_MP4W90.pt,28,502,0.0033900600000000003
split_prior_DBE09N.pt,56,228,0.00348794
split_prior_27U0BS.pt,7,522,0.0034460800000000002
split_prior_FYMGAW.pt,112,52,0.00342956
split_prior_1EQNR6.pt,28,250,0.0034660999999999993
split_prior_IU4ZV2.pt,112,66,0.003478059999999999
split_prior_DZFEAA.pt,56,228,0.00344176
split_prior_QV3XSX.pt,14,62,0.004653300000000002
split_prior_JV80IG.pt,56,540,0.003490620000000001
split_prior_O517RU.pt,28,512,0.00348598
split_prior_L1TJ66.pt,28,514,0.0034719199999999994
split_prior_NUDCVU.pt,1,484,0.004106359999999999
split_prior_IANYL7.pt,14,6,0.0034191
split_prior_6H8AL6.pt,28,168,0.00343052
split_prior_PYZ4B1.pt,7,194,0.0034067999999999993
split_prior_ZKO739.pt,14,52,0.014720880000000002
split_prior_U3IOXF.pt,56,162,0.0035051800000000005
split_prior_N01WSU.pt,14,198,0.003448960000000001
split_prior_FN3K8E.pt,28,24,0.0035371200000000004
split_prior_O5OAWZ.pt,7,1286,0.0034696400000000004
split_finegrained1_JY8OTN.pt,3,574,0.003515420000000001
split_finegrained1_DWY8IH.pt,3,464,0.0035050399999999988
split_finegrained1_DVRCI2.pt,3,382,0.009693359999999996
split_finegrained1_OO4SY6.pt,3,484,0.0034404799999999984
split_finegrained1_4RE5YI.pt,3,274,0.006816100000000002
split_finegrained1_NMSBQ5.pt,3,604,0.0033960399999999986
split_finegrained1_STZGTE.pt,3,512,0.01057378
split_finegrained1_SMH7GD.pt,3,532,0.012672220000000001
split_finegrained1_YTQMCW.pt,3,262,0.006453440000000001
split_finegrained1_1W7RP4.pt,3,278,0.006696279999999999
split_finegrained1_P4WE72.pt,3,380,0.010757599999999996
split_finegrained1_Z4K9R0.pt,3,614,0.00579154
split_finegrained1_8V6NLF.pt,3,562,0.006777299999999999
split_finegrained1_MVEM94.pt,3,494,0.00469778
split_finegrained1_E2DTAR.pt,3,282,0.005646660000000001
split_finegrained1_P8DEEV.pt,3,264,0.003386099999999999
split_finegrained1_2UW6P8.pt,3,378,0.016114680000000006
split_finegrained1_6MFI5S.pt,3,436,0.0034952199999999994
split_finegrained1_N20LOS.pt,3,314,0.005345260000000002
split_finegrained1_FIXDV6.pt,3,588,0.0038949799999999997
split_finegrained1_R2EGGF.pt,56,2,0.0036611600000000005
split_finegrained1_WBUS5P.pt,56,4,0.00746946
split_finegrained1_XEGPEG.pt,14,44,0.008754039999999998
split_finegrained1_1XO61R.pt,14,38,0.004639340000000001
split_finegrained1_WVKAVX.pt,14,28,0.0062856200000000004
split_finegrained1_6W7NX1.pt,14,46,0.0034786999999999995
split_finegrained1_KLY76P.pt,14,62,0.007726220000000002
split_finegrained1_QHRE8M.pt,14,52,0.003515860000000001
split_finegrained1_34KADY.pt,14,30,0.00887436
split_finegrained1_G99T3L.pt,14,54,0.003424760000000001
split_finegrained1_VFLB80.pt,14,56,0.003427219999999999
split_finegrained1_87Z1LO.pt,14,48,0.00845614
split_finegrained1_ZELV41.pt,14,44,0.00344296
split_finegrained1_OA8EN8.pt,14,40,0.00345626
split_finegrained1_UTE7M8.pt,14,52,0.0034744999999999997
split_finegrained1_K0KVWS.pt,14,32,0.011152699999999998
split_finegrained1_I42SSW.pt,14,42,0.009360800000000002
split_finegrained1_TPIT36.pt,14,58,0.012028980000000002
split_finegrained1_3VITM3.pt,14,54,0.006111980000000002
split_finegrained1_YSZ61F.pt,14,36,0.003515259999999999
split_finegrained1_UL3FYE.pt,14,46,0.0034526599999999998
split_finegrained1_PU3XET.pt,14,56,0.0035152399999999993
split_finegrained1_EM7Z42.pt,7,582,0.00345416
split_finegrained1_Y43BRW.pt,7,360,0.0033850000000000004
split_finegrained1_8I9HUI.pt,7,410,0.0035685999999999995
split_finegrained1_9V28S3.pt,7,516,0.003526680000000001
split_finegrained1_LAK12Y.pt,7,506,0.003438219999999999
split_finegrained1_ZBMQ02.pt,7,438,0.0034662000000000004
split_finegrained1_HI2GV6.pt,7,342,0.0034666799999999998
split_finegrained1_7ZJ1YR.pt,7,430,0.00345492
split_finegrained1_00E1HS.pt,7,378,0.003476300000000001
split_finegrained1_2VVNY2.pt,7,348,0.004219259999999999
split_finegrained1_BSKL27.pt,7,346,0.0035160599999999997
split_finegrained1_NPEBPW.pt,7,340,0.00342088
split_finegrained1_K0VFWE.pt,7,530,0.006572160000000001
split_finegrained1_1Z9SK9.pt,7,560,0.006338319999999998
split_finegrained1_QF4OA7.pt,7,296,0.012899980000000004
split_finegrained1_ZNSWO2.pt,7,418,0.023843439999999997
split_finegrained1_XJ1YRH.pt,7,328,0.007400380000000001
split_finegrained1_T3M1W6.pt,7,368,0.0035330600000000006
split_finegrained1_PA5ZAL.pt,7,562,0.0034550600000000002
split_finegrained1_JRBFB3.pt,7,360,0.003447659999999998
split_finegrained1_MKETUS.pt,7,230,0.00345572
split_finegrained1_FLVO55.pt,7,136,0.005589799999999998
split_finegrained1_KI96WB.pt,7,154,0.0034951200000000017
split_finegrained1_45VWJD.pt,7,170,0.00570906
split_finegrained1_PU37XX.pt,7,164,0.003499419999999999
split_finegrained1_NG2F36.pt,7,218,0.005030359999999999
split_finegrained1_1FWPD7.pt,7,108,0.008445159999999998
split_finegrained1_AP0PF9.pt,7,160,0.006001920000000002
split_finegrained1_GC46UU.pt,7,126,0.003472620000000001
split_finegrained1_GDZ847.pt,7,156,0.00491724
split_finegrained1_7WRICU.pt,7,224,0.008900020000000002
split_finegrained1_OZY3JX.pt,7,180,0.0034674199999999993
split_finegrained1_QF47YG.pt,7,192,0.00954646
split_finegrained1_EBBNOK.pt,7,134,0.00340228
split_finegrained1_0EK8LC.pt,7,242,0.003483079999999998
split_finegrained1_CJ79WY.pt,7,170,0.01106402
split_finegrained1_E94LUU.pt,7,104,0.0034229600000000005
split_finegrained1_3T9HBG.pt,7,182,0.003638120000000001
split_finegrained1_FN21L3.pt,7,144,0.003489
split_finegrained1_BN7AW3.pt,7,118,0.00574466
split_finegrained1_XS7NSP.pt,3,36,0.007738459999999999
split_finegrained1_A0U4JW.pt,3,58,0.0034476400000000005
split_finegrained1_KDI2VU.pt,3,38,0.0061829599999999995
split_finegrained1_G7R0OW.pt,3,30,0.0067853600000000016
split_finegrained1_BV0OSA.pt,3,40,0.007012019999999997
split_finegrained1_8YJT7G.pt,3,36,0.0047177400000000015
split_finegrained1_FM29EK.pt,3,50,0.006206400000000002
split_finegrained1_FXKWV4.pt,3,66,0.007822119999999998
split_finegrained1_QN36OI.pt,3,60,0.015016880000000002
split_finegrained1_MWFCDJ.pt,3,48,0.010981300000000001
split_finegrained1_LLN9CA.pt,3,52,0.004658659999999999
split_finegrained1_NN0HLB.pt,3,44,0.014944600000000004
split_finegrained1_P8UX6F.pt,3,54,0.011788499999999995
split_finegrained1_N3NCBE.pt,3,64,0.005950399999999999
split_finegrained1_VMCCKP.pt,3,54,0.011656399999999997
split_finegrained1_IQK07H.pt,3,64,0.015232759999999998
split_finegrained1_YPGWB4.pt,3,52,0.014049140000000009
split_finegrained1_J1JS75.pt,3,28,0.007911660000000006
split_finegrained1_4J1I6A.pt,3,50,0.003446699999999999
split_finegrained1_IGEHYR.pt,3,66,0.005876720000000001
split_finegrained1_G2WAEJ.pt,3,20,0.011743360000000001
split_finegrained1_GX8GZF.pt,3,36,0.014542119999999997
split_finegrained1_BP04II.pt,3,38,0.010664179999999999
split_finegrained1_UXBAXO.pt,3,30,0.009497720000000001
split_finegrained1_B93KOP.pt,3,34,0.0167616
split_finegrained1_CE0IH9.pt,3,32,0.005461819999999999
split_finegrained1_NB2T9C.pt,3,32,0.0034430000000000016
split_finegrained1_FWXRY4.pt,3,36,0.0077198799999999975
split_finegrained1_QTFST4.pt,3,30,0.00472106
split_finegrained1_4AI08D.pt,3,40,0.0044487
split_finegrained1_LXQGOF.pt,3,18,0.007717899999999997
split_finegrained1_8JQ25R.pt,3,20,0.012639539999999996
split_finegrained1_HPFDF6.pt,3,34,0.007230619999999998
split_finegrained1_4CTZRG.pt,3,38,0.0034734200000000005
split_finegrained1_JXZXIU.pt,3,28,0.015492640000000004
split_finegrained1_9KK243.pt,3,28,0.003421
split_finegrained1_200GSJ.pt,3,26,0.015638199999999998
split_finegrained1_HXDYC0.pt,3,24,0.005843
split_finegrained1_CXF03H.pt,3,26,0.009414279999999995
split_finegrained1_3IDJFU.pt,3,24,0.015025219999999992
split_finegrained1_IT1ZPQ.pt,7,578,0.0034258599999999993
split_finegrained1_V7TWQN.pt,7,394,0.007059600000000002
split_finegrained1_KABOQH.pt,7,376,0.00547966
split_finegrained1_JWVA09.pt,7,540,0.00341754
split_finegrained1_J1C541.pt,7,272,0.009959200000000003
split_finegrained1_1T3Q0E.pt,7,588,0.0034637599999999998
split_finegrained1_OABUOP.pt,7,272,0.0050365
split_finegrained1_7MRCJ1.pt,7,450,0.00342208
split_finegrained1_IUL1XN.pt,7,304,0.0034172399999999998
split_finegrained1_AUP52Z.pt,7,558,0.0035272799999999994
split_finegrained1_M6W29F.pt,7,608,0.00869458
split_finegrained1_8JGLSF.pt,7,516,0.0034729599999999998
split_finegrained1_HHUCBS.pt,7,294,0.0034358000000000006
split_finegrained1_154LR4.pt,7,574,0.00342746
split_finegrained1_94CMD9.pt,7,564,0.0034204400000000003
split_finegrained1_OI3OMP.pt,7,312,0.0035299199999999993
split_finegrained1_7ORAB7.pt,7,434,0.010519500000000001
split_finegrained1_8NCU5Q.pt,7,394,0.0073096399999999975
split_finegrained1_5890O4.pt,7,526,0.009963159999999997
split_finegrained1_IU303R.pt,7,398,0.006289900000000002
split_finegrained1_B7INJ6.pt,28,14,0.004896760000000003
split_finegrained1_IBYEJL.pt,28,6,0.008243639999999998
split_finegrained1_Y1EY93.pt,28,10,0.005111860000000001
split_finegrained1_ENCX35.pt,28,12,0.00519186
split_finegrained1_UR4WCY.pt,28,10,0.0035312
split_finegrained1_MQK1G1.pt,28,8,0.013124419999999996
split_finegrained1_XQQZ8H.pt,28,8,0.011747400000000005
split_finegrained1_Q7KWRB.pt,28,12,0.003438219999999999
split_finegrained1_3F6JLY.pt,7,532,0.003556080000000001
split_finegrained1_LMGDHA.pt,7,388,0.0035114400000000002
split_finegrained1_6LEAMU.pt,7,316,0.0035345399999999988
split_finegrained1_QL96FW.pt,7,340,0.007103020000000001
split_finegrained1_3GCRNF.pt,7,334,0.0035023400000000005
split_finegrained1_YQ7IER.pt,7,324,0.009903259999999997
split_finegrained1_L5F9Q7.pt,7,458,0.0034430000000000016
split_finegrained1_UBKVOS.pt,7,596,0.0034427599999999996
split_finegrained1_FEWGTG.pt,7,502,0.003431100000000001
split_finegrained1_EUUYLG.pt,7,386,0.003472900000000001
split_finegrained1_Y59IJR.pt,7,576,0.0034837999999999996
split_finegrained1_3H16Y7.pt,7,542,0.0034312799999999992
split_finegrained1_M6094F.pt,7,268,0.0034328999999999983
split_finegrained1_CYCLFM.pt,7,592,0.009187359999999999
split_finegrained1_L1B1AM.pt,7,374,0.003469779999999999
split_finegrained1_UC1FSJ.pt,7,420,0.00340732
split_finegrained1_IBS72C.pt,7,338,0.003466780000000001
split_finegrained1_TFCQFX.pt,7,438,0.005460779999999998
split_finegrained1_2QLFN8.pt,7,546,0.00358962
split_finegrained1_BO729D.pt,7,562,0.003552979999999999
split_finegrained1_MAZOO8.pt,1,14,0.006628280000000001
split_finegrained1_ZNG1DP.pt,1,8,0.0036810799999999998
split_finegrained1_WDA07E.pt,1,16,0.013174560000000007
split_finegrained1_7I9DCS.pt,1,18,0.0034754200000000003
split_finegrained1_5GBLOJ.pt,1,18,0.01723334
split_finegrained1_CNE7VG.pt,1,12,0.012586139999999994
split_finegrained1_PTX7BV.pt,1,10,0.015063060000000001
split_finegrained1_XUDUB0.pt,1,10,0.009832580000000004
split_finegrained1_W4125V.pt,1,14,0.00569696
split_finegrained1_YWT7HE.pt,1,16,0.005398339999999999
split_finegrained1_Y8SW47.pt,1,12,0.006217139999999998
split_finegrained1_2S6D9X.pt,7,204,0.00352242
split_finegrained1_WS76M9.pt,7,104,0.00443246
split_finegrained1_91FLIG.pt,7,172,0.00505418
split_finegrained1_VMQES1.pt,7,210,0.00847644
split_finegrained1_8D408G.pt,7,168,0.0035030800000000017
split_finegrained1_RHHEVV.pt,7,132,0.0040997
split_finegrained1_YX7KW9.pt,7,208,0.0034574
split_finegrained1_FQ0R08.pt,7,228,0.0034582000000000002
split_finegrained1_GQULTT.pt,7,120,0.010581880000000004
split_finegrained1_177XYD.pt,7,200,0.0034175999999999994
split_finegrained1_MTDC9M.pt,7,100,0.00347538
split_finegrained1_TDSWSE.pt,7,210,0.004098939999999999
split_finegrained1_AH9QV3.pt,7,110,0.0034414800000000007
split_finegrained1_NTH9H9.pt,7,202,0.007620660000000001
split_finegrained1_58T016.pt,7,138,0.0035188999999999997
split_finegrained1_8D3I68.pt,7,156,0.010018099999999999
split_finegrained1_I2X3DY.pt,7,140,0.004485359999999999
split_finegrained1_AXKBJI.pt,7,182,0.004286440000000001
split_finegrained1_M2KYHU.pt,7,220,0.00465962
split_finegrained1_UN751W.pt,7,230,0.00342536
split_finegrained1_307LPX.pt,14,50,0.008884859999999996
split_finegrained1_UFSSUT.pt,14,38,0.008722940000000004
split_finegrained1_9GXFL4.pt,14,48,0.00909104
split_finegrained1_NGCMXX.pt,14,36,0.010529240000000002
split_finegrained1_FU9UKC.pt,14,58,0.00344962
split_finegrained1_2K4LOO.pt,14,40,0.00352006
split_finegrained1_WCIU4T.pt,14,34,0.00342892
split_finegrained1_ZHRB8D.pt,14,72,0.003418239999999999
split_finegrained1_9VAEX1.pt,14,44,0.012104300000000004
split_finegrained1_46L155.pt,14,66,0.010383759999999999
split_finegrained1_8HYH1O.pt,14,32,0.00986994
split_finegrained1_LBQMRY.pt,14,48,0.004996819999999998
split_finegrained1_9CZY9U.pt,14,68,0.004699439999999998
split_finegrained1_CDFDX6.pt,14,60,0.0034301799999999997
split_finegrained1_D1416K.pt,14,34,0.0058677999999999985
split_finegrained1_M7BVNS.pt,14,38,0.00341858
split_finegrained1_A5H20B.pt,14,52,0.0034451399999999997
split_finegrained1_W4XLAX.pt,14,62,0.0034600800000000004
split_finegrained1_PUHHTQ.pt,14,50,0.0047772199999999996
split_finegrained1_QGG0H0.pt,14,64,0.005370080000000002
split_finegrained1_VZES4B.pt,7,12,0.006340060000000001
split_finegrained1_5QVG48.pt,7,14,0.004825460000000001
split_finegrained1_JV3IO4.pt,7,22,0.00516166
split_finegrained1_BLW1HU.pt,7,20,0.005723319999999999
split_finegrained1_TMUX2S.pt,7,16,0.010238980000000002
split_finegrained1_08A5O5.pt,7,12,0.00872506
split_finegrained1_BYOOK9.pt,7,14,0.01239252
split_finegrained1_LJXTWM.pt,7,18,0.009095240000000006
split_finegrained1_AD8MEA.pt,7,18,0.007867200000000001
split_finegrained1_BZZTT3.pt,7,20,0.00543654
split_finegrained1_JZ45NG.pt,7,24,0.007587019999999999
split_finegrained1_4DRXLB.pt,7,22,0.008571800000000001
split_finegrained1_6T6J7Z.pt,7,10,0.008086880000000001
split_finegrained1_X07CVD.pt,7,16,0.006823699999999999
split_finegrained1_YP3X8X.pt,1,400,0.00932608
split_finegrained1_8MVCRY.pt,1,326,0.012148739999999996
split_finegrained1_K20T3V.pt,1,560,0.0076323799999999985
split_finegrained1_AQTWEB.pt,1,496,0.009138779999999999
split_finegrained1_MY7KV1.pt,1,374,0.008995239999999998
split_finegrained1_UFIIHZ.pt,1,460,0.014169979999999993
split_finegrained1_OHUDWG.pt,1,392,0.015520919999999995
split_finegrained1_E92OM5.pt,1,370,0.0035307800000000007
split_finegrained1_I9MREN.pt,1,572,0.003440559999999999
split_finegrained1_XZV46E.pt,1,310,0.00881664
split_finegrained1_6151X3.pt,1,480,0.005994280000000002
split_finegrained1_QC78IK.pt,1,366,0.007313839999999999
split_finegrained1_W70BNI.pt,1,462,0.0108784
split_finegrained1_W6SH0X.pt,1,508,0.015610579999999999
split_finegrained1_MIWEDD.pt,1,578,0.015589979999999998
split_finegrained1_UFXUNU.pt,1,518,0.0034617199999999993
split_finegrained1_CQ4J1A.pt,1,550,0.004244919999999999
split_finegrained1_BECYKH.pt,1,330,0.006433479999999999
split_finegrained1_VHULG2.pt,1,366,0.008184499999999997
split_finegrained1_07YEIS.pt,1,286,0.010981320000000003
split_finegrained1_O54WYZ.pt,7,100,0.008261840000000001
split_finegrained1_CZ86I2.pt,7,228,0.0050000800000000005
split_finegrained1_EYS9JA.pt,7,136,0.003477699999999999
split_finegrained1_WZTAST.pt,7,170,0.004735539999999999
split_finegrained1_S2FLP6.pt,7,108,0.01157480000000001
split_finegrained1_9M7FUN.pt,7,230,0.011558020000000002
split_finegrained1_8LS2WM.pt,7,174,0.0034679199999999998
split_finegrained1_GFEL6F.pt,7,132,0.01067088
split_finegrained1_RG231M.pt,7,212,0.00348202
split_finegrained1_EDJMAX.pt,7,188,0.0034230000000000007
split_finegrained1_EI5KAY.pt,7,184,0.003442
split_finegrained1_E8FMMZ.pt,7,138,0.0064016
split_finegrained1_UTQW9J.pt,7,178,0.005087839999999999
split_finegrained1_ZV8EPR.pt,7,184,0.006578899999999999
split_finegrained1_KBDA0Q.pt,7,144,0.006475220000000005
split_finegrained1_N00VXO.pt,7,206,0.00504672
split_finegrained1_KQDMQB.pt,7,168,0.01406648
split_finegrained1_QECWBB.pt,7,170,0.0035012400000000005
split_finegrained1_8WMDEY.pt,7,116,0.01454376
split_finegrained1_H7N0U4.pt,7,232,0.004526739999999999
split_finegrained1_UPZX36.pt,7,324,0.005381599999999999
split_finegrained1_C9KHA5.pt,7,584,0.0034336400000000017
split_finegrained1_F63V3Q.pt,7,420,0.00346068
split_finegrained1_OYAQ4O.pt,7,376,0.00347534
split_finegrained1_PT67VJ.pt,7,378,0.003525360000000001
split_finegrained1_LJ0YZI.pt,7,386,0.0034537600000000006
split_finegrained1_D925YT.pt,7,344,0.0034670000000000018
split_finegrained1_HET5QN.pt,7,310,0.0034878599999999997
split_finegrained1_OX7FDU.pt,7,546,0.0034673399999999993
split_finegrained1_IE0UGE.pt,7,576,0.00344344
split_finegrained1_8114EH.pt,7,436,0.008444880000000002
split_finegrained1_AYK94C.pt,7,354,0.0034378399999999993
split_finegrained1_M8D75K.pt,7,480,0.006705439999999999
split_finegrained1_0NFXXF.pt,7,324,0.0035086600000000003
split_finegrained1_WIWGYE.pt,7,572,0.0034614599999999995
split_finegrained1_0PK106.pt,7,418,0.0034534399999999995
split_finegrained1_3E0LKA.pt,7,280,0.003462680000000001
split_finegrained1_1ULVU0.pt,7,272,0.003456560000000001
split_finegrained1_O1GYQT.pt,7,488,0.003425539999999999
split_finegrained1_BZA5E2.pt,7,266,0.00458858
split_finegrained1_UDPFGX.pt,7,138,0.00438298
split_finegrained1_T9046X.pt,7,188,0.00346788
split_finegrained1_IZ1FCA.pt,7,144,0.006826920000000001
split_finegrained1_MKXJDZ.pt,7,96,0.007777360000000004
split_finegrained1_MJUERE.pt,7,152,0.006429920000000002
split_finegrained1_M1BNVV.pt,7,146,0.003470340000000001
split_finegrained1_8VG685.pt,7,160,0.024069480000000008
split_finegrained1_UAVOO3.pt,7,98,0.0072054000000000016
split_finegrained1_4D0LPD.pt,7,186,0.0034822399999999993
split_finegrained1_3RW0ZA.pt,7,190,0.003453100000000001
split_finegrained1_0VSY0T.pt,7,100,0.00344192
split_finegrained1_7PFD9W.pt,7,168,0.007609500000000002
split_finegrained1_0K9YCK.pt,7,128,0.005800860000000002
split_finegrained1_HYHY9S.pt,7,208,0.00351454
split_finegrained1_HPTR1O.pt,7,132,0.00407378
split_finegrained1_X0HJ1Z.pt,7,200,0.003446259999999999
split_finegrained1_71C2CI.pt,7,192,0.0034670999999999994
split_finegrained1_3UDH6F.pt,7,168,0.0041634
split_finegrained1_NG0WWH.pt,7,124,0.0033707600000000004
split_finegrained1_UAU5DF.pt,7,122,0.006782660000000001
split_finegrained1_NX3R4Z.pt,3,98,0.008494619999999998
split_finegrained1_KKH7W8.pt,3,104,0.004434419999999999
split_finegrained1_YJDHZW.pt,3,86,0.007894799999999997
split_finegrained1_7H0P8V.pt,3,112,0.0034352399999999983
split_finegrained1_IFTAGW.pt,3,108,0.0161329
split_finegrained1_41B9IC.pt,3,56,0.00345214
split_finegrained1_3JNLH6.pt,3,62,0.00947168
split_finegrained1_L1CPVD.pt,3,102,0.007666640000000007
split_finegrained1_W0VLPE.pt,3,90,0.007889800000000004
split_finegrained1_XEA6SW.pt,3,52,0.00483594
split_finegrained1_60GY0F.pt,3,96,0.0034149399999999996
split_finegrained1_NBEN32.pt,3,58,0.0035215800000000003
split_finegrained1_LUSWPY.pt,3,114,0.008926720000000003
split_finegrained1_LXBH1J.pt,3,70,0.005549680000000002
split_finegrained1_7XNC3M.pt,3,94,0.00590152
split_finegrained1_D89JW0.pt,3,108,0.0034260400000000013
split_finegrained1_PIUNTG.pt,3,72,0.00518654
split_finegrained1_59M4VV.pt,3,102,0.0033855199999999995
split_finegrained1_E8XXLI.pt,3,100,0.0034278800000000003
split_finegrained1_7YQG6W.pt,3,88,0.005888319999999999
split_finegrained1_QXZIMQ.pt,7,60,0.017857999999999995
split_finegrained1_CRK47S.pt,7,86,0.007845140000000002
split_finegrained1_A0X6Z1.pt,7,128,0.003459740000000001
split_finegrained1_FHZR1Y.pt,7,104,0.0035470600000000008
split_finegrained1_NIRNA6.pt,7,56,0.0036933599999999993
split_finegrained1_MHY7JZ.pt,7,116,0.0035017800000000016
split_finegrained1_DE12V4.pt,7,90,0.012144219999999997
split_finegrained1_M6TG0E.pt,7,70,0.0045970199999999985
split_finegrained1_88OMSD.pt,7,78,0.006351039999999999
split_finegrained1_43S8C5.pt,7,116,0.0034892599999999992
split_finegrained1_MNVCU4.pt,7,112,0.0034483
split_finegrained1_TSYDN7.pt,7,120,0.014129780000000002
split_finegrained1_09GNZ8.pt,7,104,0.0034312599999999998
split_finegrained1_YNXIS4.pt,7,78,0.006661139999999998
split_finegrained1_MCHYTK.pt,7,68,0.0050082799999999995
split_finegrained1_7XOGSP.pt,7,56,0.00348112
split_finegrained1_G0LWZ3.pt,7,98,0.0035241800000000013
split_finegrained1_20DW6N.pt,7,92,0.010030340000000002
split_finegrained1_0E1M5U.pt,7,126,0.006718759999999998
split_finegrained1_RR4CCF.pt,7,108,0.0034446999999999993
split_finegrained1_INGNA2.pt,14,136,0.004588619999999999
split_finegrained1_3BU0SY.pt,14,134,0.0033976599999999994
split_finegrained1_4YU5V8.pt,14,140,0.0035030999999999994
split_finegrained1_PDWJXT.pt,14,94,0.0034671399999999996
split_finegrained1_FHKL0Q.pt,14,88,0.00342532
split_finegrained1_KVAWA1.pt,14,90,0.00354264
split_finegrained1_K72ZT6.pt,14,90,0.0036117199999999993
split_finegrained1_LT41GF.pt,14,66,0.0034644399999999996
split_finegrained1_BFUPLI.pt,14,138,0.0034295799999999993
split_finegrained1_RK0F67.pt,14,102,0.0035214999999999995
split_finegrained1_DP81OB.pt,14,88,0.0034643199999999995
split_finegrained1_LHLFYV.pt,14,126,0.0034350199999999987
split_finegrained1_3F22NF.pt,14,146,0.0034108200000000015
split_finegrained1_W97PDC.pt,14,134,0.003463799999999999
split_finegrained1_B21IHO.pt,14,130,0.0034556800000000013
split_finegrained1_N9MO88.pt,14,118,0.003477860000000001
split_finegrained1_VJ7DD0.pt,14,120,0.00345468
split_finegrained1_S4MP2E.pt,14,116,0.00389726
split_finegrained1_9ZEYI4.pt,14,86,0.0034495199999999998
split_finegrained1_T487ZR.pt,14,62,0.00344426
split_finegrained1_BJU0O2.pt,7,606,0.003446460000000002
split_finegrained1_IGY8JO.pt,7,272,0.0034426599999999997
split_finegrained1_Z4DC6S.pt,7,382,0.0066069000000000015
split_finegrained1_DUKLAP.pt,7,468,0.004885219999999999
split_finegrained1_ZCNQDV.pt,7,308,0.003403419999999999
split_finegrained1_0VHJEI.pt,7,418,0.00490914
split_finegrained1_P4JYPV.pt,7,436,0.0034523600000000002
split_finegrained1_BGBS2Z.pt,7,358,0.013034859999999999
split_finegrained1_8WEQJ0.pt,7,420,0.0034507800000000005
split_finegrained1_8NNSVP.pt,7,556,0.009223020000000004
split_finegrained1_THZQTB.pt,7,272,0.0034510600000000006
split_finegrained1_NI5WCT.pt,7,486,0.0034478200000000003
split_finegrained1_IIIV7D.pt,7,534,0.00854944
split_finegrained1_ROD9WL.pt,7,464,0.003538900000000001
split_finegrained1_576HBT.pt,7,364,0.00543786
split_finegrained1_KJZD8I.pt,7,578,0.00343924
split_finegrained1_DZI5AQ.pt,7,584,0.0034911200000000003
split_finegrained1_EK0ZWF.pt,7,352,0.00346906
split_finegrained1_5QJNGM.pt,7,598,0.0034787000000000012
split_finegrained1_C1TTUJ.pt,7,288,0.00414202
split_finegrained1_B1KK8N.pt,14,72,0.003404220000000001
split_finegrained1_O0DJVX.pt,14,88,0.0034760000000000004
split_finegrained1_M0XPUX.pt,14,52,0.0037595200000000006
split_finegrained1_A3WF27.pt,14,94,0.008802920000000002
split_finegrained1_N4UULS.pt,14,72,0.003418760000000001
split_finegrained1_ZNWGYR.pt,14,84,0.0034620000000000007
split_finegrained1_54IJ41.pt,14,78,0.0034967799999999992
split_finegrained1_7IFK1C.pt,14,84,0.022398039999999998
split_finegrained1_4SAMPM.pt,14,82,0.008262400000000001
split_finegrained1_FASS0S.pt,14,86,0.005759099999999997
split_finegrained1_QWK837.pt,14,80,0.0034336000000000006
split_finegrained1_02OAWJ.pt,14,68,0.0050488
split_finegrained1_QFM8PL.pt,14,76,0.004354599999999999
split_finegrained1_3H1IEX.pt,14,102,0.00341994
split_finegrained1_VE6MR7.pt,14,50,0.006799019999999997
split_finegrained1_CN8C3J.pt,14,96,0.0033632000000000007
split_finegrained1_6PRECY.pt,14,100,0.00614606
split_finegrained1_OAU5NY.pt,14,70,0.003530479999999999
split_finegrained1_5LYH5A.pt,14,54,0.003451
split_finegrained1_UWHWMF.pt,14,60,0.00813942
split_finegrained1_Z8L8OE.pt,14,120,0.006934880000000002
split_finegrained1_0D0OBJ.pt,14,158,0.0039441
split_finegrained1_TNDA8H.pt,14,168,0.0034091000000000004
split_finegrained1_3KLC4R.pt,14,162,0.0035893799999999997
split_finegrained1_9SO2N5.pt,14,200,0.00348706
split_finegrained1_5U1U2U.pt,14,212,0.003422619999999999
split_finegrained1_YN5IX3.pt,14,184,0.003430720000000001
split_finegrained1_E96Z48.pt,14,144,0.003488200000000001
split_finegrained1_E7T1ZJ.pt,14,178,0.0034097600000000004
split_finegrained1_WWMZ2G.pt,14,94,0.00339222
split_finegrained1_Q4ZDR7.pt,14,124,0.009452459999999998
split_finegrained1_38WPG9.pt,14,202,0.0034484
split_finegrained1_KWYKHJ.pt,14,208,0.00369958
split_finegrained1_APTDIY.pt,14,204,0.003425339999999999
split_finegrained1_WCE8OI.pt,14,186,0.0034891999999999996
split_finegrained1_U07ASF.pt,14,220,0.00348758
split_finegrained1_NYUGBM.pt,14,110,0.0034418800000000005
split_finegrained1_LMY4F2.pt,14,148,0.00347964
split_finegrained1_6UAVE9.pt,14,190,0.00346294
split_finegrained1_88UG6E.pt,14,176,0.005475679999999999
split_finegrained1_77ZOW4.pt,3,284,0.0034446
split_finegrained1_45HR1N.pt,3,504,0.004623640000000001
split_finegrained1_15YA42.pt,3,324,0.0034479
split_finegrained1_90I54H.pt,3,498,0.00354416
split_finegrained1_YHOD1O.pt,3,508,0.00345794
split_finegrained1_8LS1GW.pt,3,318,0.0050523400000000015
split_finegrained1_Q3915V.pt,3,558,0.00506416
split_finegrained1_SEJFFI.pt,3,534,0.011104120000000002
split_finegrained1_ERBTYV.pt,3,364,0.013489539999999996
split_finegrained1_U4L4AW.pt,3,458,0.01506264
split_finegrained1_M0LB5X.pt,3,500,0.009253500000000003
split_finegrained1_0EMUK8.pt,3,322,0.0034437599999999997
split_finegrained1_VK6HR6.pt,3,578,0.010330639999999997
split_finegrained1_FBA2GI.pt,3,340,0.008083839999999998
split_finegrained1_D32GNP.pt,3,320,0.003954119999999999
split_finegrained1_ZH6R73.pt,3,574,0.0034931999999999993
split_finegrained1_0BHJ7G.pt,3,430,0.003426679999999999
split_finegrained1_24M64A.pt,3,388,0.003476860000000001
split_finegrained1_WBVAYM.pt,3,588,0.004985079999999999
split_finegrained1_Q3857F.pt,3,400,0.006097539999999999
split_finegrained1_J9KDEM.pt,14,52,0.0035247599999999996
split_finegrained1_CVM83O.pt,14,118,0.01101742
split_finegrained1_99GTHO.pt,14,92,0.010349380000000004
split_finegrained1_7ZN8RI.pt,14,118,0.00343632
split_finegrained1_RZ85EA.pt,14,80,0.0034544400000000005
split_finegrained1_9OOD81.pt,14,62,0.00409564
split_finegrained1_7RHXO5.pt,14,68,0.003432199999999999
split_finegrained1_PP05T5.pt,14,122,0.0035560400000000016
split_finegrained1_MA4BKH.pt,14,108,0.0034426600000000015
split_finegrained1_TYL8CM.pt,14,114,0.0034584000000000004
split_finegrained1_MSND7F.pt,14,112,0.003450100000000001
split_finegrained1_97EUKN.pt,14,112,0.012008659999999999
split_finegrained1_CXZ6IY.pt,14,100,0.0034461400000000003
split_finegrained1_1NBHVI.pt,14,56,0.0034342000000000005
split_finegrained1_6B0XK9.pt,14,62,0.010071420000000003
split_finegrained1_V2PLLD.pt,14,104,0.0034171199999999996
split_finegrained1_ITG6SD.pt,14,64,0.00344744
split_finegrained1_WWELJ6.pt,14,98,0.003403999999999999
split_finegrained1_R68MEW.pt,14,56,0.008685159999999997
split_finegrained1_AO4FEI.pt,14,70,0.0034556200000000004
split_finegrained1_9DUUDV.pt,14,28,0.0034453800000000014
split_finegrained1_879OCK.pt,14,22,0.003504339999999999
split_finegrained1_P0EQR8.pt,14,22,0.013801200000000005
split_finegrained1_ZRWCVB.pt,14,16,0.0034196999999999995
split_finegrained1_FP66FA.pt,14,30,0.003450719999999999
split_finegrained1_K1BID1.pt,14,16,0.016359380000000007
split_finegrained1_0VR4AY.pt,14,26,0.006076780000000001
split_finegrained1_PDPF8I.pt,14,26,0.005955399999999995
split_finegrained1_4YNVZA.pt,14,28,0.003690199999999999
split_finegrained1_LYJ6LD.pt,14,20,0.006934140000000001
split_finegrained1_0B9NP1.pt,14,24,0.013258859999999999
split_finegrained1_4YOLCX.pt,14,14,0.004002979999999999
split_finegrained1_7QVGKW.pt,14,20,0.0060403600000000016
split_finegrained1_LDCTLE.pt,14,18,0.00475906
split_finegrained1_CRO3BC.pt,14,30,0.003475340000000001
split_finegrained1_ZHWEZJ.pt,14,14,0.005253560000000002
split_finegrained1_3BNORU.pt,14,24,0.00522676
split_finegrained1_8QO9T4.pt,14,18,0.011475919999999995
split_finegrained1_DS3WM4.pt,7,88,0.004357440000000001
split_finegrained1_1UWTDX.pt,7,134,0.007064479999999999
split_finegrained1_6AFTTG.pt,7,128,0.00340742
split_finegrained1_JGZMC3.pt,7,178,0.00342116
split_finegrained1_UQ0YWD.pt,7,94,0.00348076
split_finegrained1_PJZKTC.pt,7,192,0.0034906000000000004
split_finegrained1_4H53O5.pt,7,200,0.0034335399999999992
split_finegrained1_0PXKOT.pt,7,184,0.00347456
split_finegrained1_9VSAMM.pt,7,118,0.013899620000000001
split_finegrained1_A9FUVS.pt,7,154,0.015995659999999995
split_finegrained1_F538UL.pt,7,142,0.0066301599999999995
split_finegrained1_TLRHDI.pt,7,190,0.0035177
split_finegrained1_JMKML8.pt,7,136,0.007955540000000002
split_finegrained1_XWCHOY.pt,7,158,0.003428960000000001
split_finegrained1_RV9VKJ.pt,7,108,0.0034357200000000006
split_finegrained1_EY5JHF.pt,7,100,0.003498120000000001
split_finegrained1_LYWX4P.pt,7,110,0.00350692
split_finegrained1_7UB3W1.pt,7,144,0.0036089
split_finegrained1_6TKMGJ.pt,7,148,0.0054368
split_finegrained1_FDRJ9K.pt,7,138,0.0034249399999999987
split_finegrained1_NLMO7R.pt,14,80,0.0034575000000000005
split_finegrained1_TRC7BP.pt,14,58,0.013032040000000005
split_finegrained1_4HKNE5.pt,14,78,0.00343744
split_finegrained1_Z038SG.pt,14,38,0.003467139999999999
split_finegrained1_YY9C82.pt,14,68,0.0034011199999999997
split_finegrained1_5A6VEK.pt,14,60,0.003441000000000001
split_finegrained1_9B9YNQ.pt,14,54,0.0034514399999999988
split_finegrained1_AI3J1C.pt,14,46,0.0034817400000000014
split_finegrained1_2VEAAG.pt,14,70,0.0034814200000000003
split_finegrained1_CDFV66.pt,14,36,0.012723020000000003
split_finegrained1_SY5XTY.pt,14,70,0.0034197600000000004
split_finegrained1_ZO4B6T.pt,14,62,0.00343344
split_finegrained1_V4S6ZS.pt,14,42,0.0034560199999999985
split_finegrained1_XW154T.pt,14,78,0.0034623200000000005
split_finegrained1_RH48XH.pt,14,44,0.003443239999999999
split_finegrained1_VYV1AQ.pt,14,48,0.003521099999999999
split_finegrained1_6MRZ8U.pt,14,42,0.0036614200000000007
split_finegrained1_HUM6F3.pt,14,72,0.006690339999999998
split_finegrained1_0IG5TS.pt,14,66,0.00347966
split_finegrained1_JNYHMR.pt,14,74,0.0034970000000000005
split_finegrained1_WFF9ZK.pt,14,78,0.00513186
split_finegrained1_GX24HC.pt,14,70,0.005383579999999998
split_finegrained1_81GH1J.pt,14,72,0.0034516399999999997
split_finegrained1_05JTXZ.pt,14,102,0.00346352
split_finegrained1_4V4ORZ.pt,14,96,0.00344412
split_finegrained1_ZHUZ01.pt,14,46,0.00556404
split_finegrained1_EH17UO.pt,14,64,0.007824159999999998
split_finegrained1_0MINTR.pt,14,68,0.0034421400000000007
split_finegrained1_FYF0AT.pt,14,82,0.0034325200000000005
split_finegrained1_VQCYEJ.pt,14,76,0.009231739999999999
split_finegrained1_VFLNGE.pt,14,92,0.0035078800000000005
split_finegrained1_6HE2UN.pt,14,60,0.0034801600000000012
split_finegrained1_M7YSY6.pt,14,86,0.00343924
split_finegrained1_RHJKZN.pt,14,60,0.00351378
split_finegrained1_6HW81J.pt,14,52,0.010848580000000002
split_finegrained1_UVKT4X.pt,14,86,0.003453219999999999
split_finegrained1_DW38UC.pt,14,80,0.0034825399999999997
split_finegrained1_ICT0LS.pt,14,62,0.00350254
split_finegrained1_I0ZNQJ.pt,14,74,0.005621460000000002
split_finegrained1_B3XW8K.pt,14,46,0.0034194200000000003
split_finegrained1_1BEBVU.pt,14,32,0.01920218
split_finegrained1_683WUG.pt,14,34,0.0037490999999999996
split_finegrained1_UF44SR.pt,14,40,0.0062212
split_finegrained1_0B20UN.pt,14,58,0.0035219199999999996
split_finegrained1_KO204R.pt,14,64,0.0034671000000000003
split_finegrained1_YSU0IH.pt,14,32,0.004108160000000002
split_finegrained1_YYF4L9.pt,14,30,0.008989979999999998
split_finegrained1_JY7ITN.pt,14,48,0.006064560000000001
split_finegrained1_LRQ70K.pt,14,36,0.00346732
split_finegrained1_DNZKJB.pt,14,50,0.0034418199999999986
split_finegrained1_UZBBAR.pt,14,68,0.010373619999999997
split_finegrained1_88GBN8.pt,14,50,0.004833319999999999
split_finegrained1_ARMWBN.pt,14,46,0.003939679999999998
split_finegrained1_MTY05W.pt,14,60,0.010368559999999997
split_finegrained1_2O0UO2.pt,14,62,0.011051880000000005
split_finegrained1_L194V9.pt,14,30,0.0036852200000000008
split_finegrained1_PEOO5F.pt,14,66,0.0034583799999999996
split_finegrained1_CP9G65.pt,14,46,0.0066089600000000005
split_finegrained1_5HSLQ6.pt,14,66,0.003463020000000001
split_finegrained1_MPBMR1.pt,14,68,0.0034543199999999986
split_finegrained1_I4DU3P.pt,14,22,0.00343622
split_finegrained1_GTBB7W.pt,14,32,0.009228199999999999
split_finegrained1_7AF34L.pt,14,32,0.006711619999999999
split_finegrained1_GHT3SI.pt,14,36,0.012433900000000005
split_finegrained1_BBN91M.pt,14,24,0.004028299999999999
split_finegrained1_Q9GKI6.pt,14,44,0.003473340000000001
split_finegrained1_UPF5QJ.pt,14,38,0.011830260000000004
split_finegrained1_ZWFGIT.pt,14,30,0.016576640000000004
split_finegrained1_O6KRI9.pt,14,44,0.011846259999999997
split_finegrained1_1MDU2W.pt,14,28,0.0035299600000000004
split_finegrained1_XCG51F.pt,14,34,0.0034715199999999996
split_finegrained1_94BKKF.pt,14,42,0.0038674200000000008
split_finegrained1_VLFDAH.pt,14,40,0.011014760000000002
split_finegrained1_E70XTS.pt,14,38,0.00348996
split_finegrained1_YCXVCY.pt,14,24,0.0052590399999999995
split_finegrained1_IXY9TC.pt,14,36,0.003473780000000001
split_finegrained1_ECUCW6.pt,14,28,0.006223320000000002
split_finegrained1_2OUOJV.pt,14,26,0.0057851000000000005
split_finegrained1_J259H3.pt,14,26,0.011447200000000001
split_finegrained1_AZ7PVO.pt,14,40,0.00347042
split_finegrained1_8CH7LR.pt,7,124,0.0034678000000000005
split_finegrained1_P3VME5.pt,7,224,0.0034419800000000007
split_finegrained1_9TX2RU.pt,7,176,0.01018024
split_finegrained1_O3SRXM.pt,7,132,0.00398362
split_finegrained1_7SFW4O.pt,7,152,0.014336480000000002
split_finegrained1_RM5WY0.pt,7,128,0.0034698199999999998
split_finegrained1_LASL1R.pt,7,200,0.00343642
split_finegrained1_JS03QK.pt,7,110,0.003480380000000001
split_finegrained1_RAFK5P.pt,7,146,0.003418879999999999
split_finegrained1_1F2L6X.pt,7,228,0.011499139999999996
split_finegrained1_W18U3I.pt,7,142,0.00853796
split_finegrained1_WGK6GY.pt,7,150,0.0034408999999999993
split_finegrained1_TEY8E0.pt,7,124,0.0038951800000000003
split_finegrained1_MZCKNZ.pt,7,232,0.022697240000000004
split_finegrained1_UY4T78.pt,7,184,0.00347394
split_finegrained1_7HELHC.pt,7,120,0.0068475600000000025
split_finegrained1_ZF6163.pt,7,114,0.0043029800000000005
split_finegrained1_NAN4WX.pt,7,196,0.003456760000000001
split_finegrained1_MYN8EE.pt,7,202,0.0034370600000000013
split_finegrained1_8H14GB.pt,7,140,0.00350612
split_finegrained1_IV88WS.pt,7,534,0.0034688
split_finegrained1_0SRB73.pt,7,472,0.0034239
split_finegrained1_U0YSQO.pt,7,508,0.003456700000000001
split_finegrained1_Y24MGS.pt,7,382,0.008852760000000003
split_finegrained1_IQTTQB.pt,7,228,0.0034309200000000005
split_finegrained1_F6ZF7A.pt,7,252,0.003522279999999999
split_finegrained1_5TFL1U.pt,7,526,0.0034769600000000007
split_finegrained1_K9UY9V.pt,7,376,0.009547600000000002
split_finegrained1_EFS2JJ.pt,7,336,0.0033962199999999997
split_finegrained1_T6DEG1.pt,7,234,0.008512119999999996
split_finegrained1_GMXZIP.pt,7,270,0.0034329800000000004
split_finegrained1_GKY7IV.pt,7,378,0.0034567800000000004
split_finegrained1_23Q9K9.pt,7,408,0.003436560000000001
split_finegrained1_NGYEVI.pt,7,530,0.00349328
split_finegrained1_SXP0ZR.pt,7,388,0.00343316
split_finegrained1_G28FZI.pt,7,438,0.003557259999999999
split_finegrained1_6ABCWX.pt,7,492,0.0035462199999999992
split_finegrained1_F567Z9.pt,7,242,0.01539412
split_finegrained1_82RP22.pt,7,520,0.003471759999999999
split_finegrained1_VO0C2B.pt,7,426,0.0050951600000000005
split_finegrained1_2PE4W9.pt,14,72,0.00345642
split_finegrained1_P91NDC.pt,14,58,0.010170760000000003
split_finegrained1_PFBFIH.pt,14,94,0.00351912
split_finegrained1_XOUSC6.pt,14,74,0.0074741
split_finegrained1_0X5CUZ.pt,14,48,0.00608148
split_finegrained1_OZQEAH.pt,14,98,0.00954564
split_finegrained1_11TKCO.pt,14,106,0.0033879999999999987
split_finegrained1_BIPM61.pt,14,92,0.007085860000000002
split_finegrained1_NI3FAP.pt,14,70,0.00343594
split_finegrained1_NILCBA.pt,14,76,0.0034993200000000006
split_finegrained1_WN1R3K.pt,14,106,0.0043894400000000005
split_finegrained1_4FAE9I.pt,14,80,0.006617840000000002
split_finegrained1_78F4TH.pt,14,86,0.0034615000000000006
split_finegrained1_PEF7RG.pt,14,108,0.00351654
split_finegrained1_51ZOXR.pt,14,84,0.00344788
split_finegrained1_SW7LFX.pt,14,76,0.0034683599999999998
split_finegrained1_UMPZ9C.pt,14,68,0.007627940000000002
split_finegrained1_HKD8ZL.pt,14,62,0.003496079999999999
split_finegrained1_HQ86B9.pt,14,58,0.006216060000000001
split_finegrained1_TEZX57.pt,14,60,0.0034374999999999996
split_finegrained1_EK9AWT.pt,7,46,0.0035264600000000004
split_finegrained1_HZPMNI.pt,7,68,0.00730774
split_finegrained1_TDLIBO.pt,7,38,0.006158619999999998
split_finegrained1_8OU8UB.pt,7,52,0.0064627999999999994
split_finegrained1_WZ0W69.pt,7,62,0.008080539999999999
split_finegrained1_5MHF28.pt,7,74,0.0043143999999999995
split_finegrained1_UMVTNF.pt,7,42,0.0034859399999999994
split_finegrained1_661MWA.pt,7,70,0.0034613999999999995
split_finegrained1_JHCMRK.pt,7,48,0.004323960000000001
split_finegrained1_0O2B27.pt,7,34,0.0062853399999999995
split_finegrained1_ENFUCN.pt,7,42,0.0039331999999999995
split_finegrained1_GF6RKS.pt,7,58,0.0034364800000000004
split_finegrained1_3WY3FG.pt,7,74,0.0060872400000000024
split_finegrained1_P3F4WG.pt,7,46,0.004009059999999998
split_finegrained1_P48MAL.pt,7,60,0.0034247600000000002
split_finegrained1_D1Q5XD.pt,7,50,0.00342232
split_finegrained1_F8Z2ON.pt,7,56,0.003829440000000001
split_finegrained1_NYPFI2.pt,7,50,0.003466059999999999
split_finegrained1_AWVRPF.pt,7,54,0.0034479599999999995
split_finegrained1_GZGXQT.pt,7,44,0.005084340000000001
split_finegrained1_TFIBHH.pt,7,102,0.0036351800000000013
split_finegrained1_5DFK8K.pt,7,212,0.005302699999999999
split_finegrained1_F7WZHG.pt,7,196,0.0034006199999999983
split_finegrained1_HU98F8.pt,7,178,0.0033853999999999993
split_finegrained1_Z63FVL.pt,7,140,0.0034360000000000003
split_finegrained1_C88E2Z.pt,7,186,0.0036149199999999998
split_finegrained1_8KTM0C.pt,7,174,0.0034258800000000005
split_finegrained1_26W8XU.pt,7,126,0.00343594
split_finegrained1_89WA24.pt,7,102,0.00453538
split_finegrained1_0QAOS4.pt,7,100,0.0070604199999999995
split_finegrained1_TJRS5K.pt,7,210,0.010244540000000002
split_finegrained1_41N6V8.pt,7,166,0.0034496999999999987
split_finegrained1_MXM7FX.pt,7,144,0.0035407799999999994
split_finegrained1_GRRFR6.pt,7,122,0.0065400599999999995
split_finegrained1_H130XF.pt,7,112,0.0034991000000000006
split_finegrained1_2B6CVF.pt,7,114,0.0034460800000000002
split_finegrained1_HZ7I0U.pt,7,160,0.0034866799999999985
split_finegrained1_17NNGF.pt,7,198,0.00477638
split_finegrained1_FUE3GM.pt,7,216,0.008693479999999998
split_finegrained1_OPZWG1.pt,7,152,0.003408100000000001
split_finegrained1_2FKDDQ.pt,7,88,0.0035045000000000015
split_finegrained1_YWV3JT.pt,7,104,0.005847060000000002
split_finegrained1_CJII4O.pt,7,94,0.0034207199999999986
split_finegrained1_IUDFTR.pt,7,152,0.012019419999999998
split_finegrained1_3NX329.pt,7,204,0.004689780000000001
split_finegrained1_SG25JS.pt,7,148,0.0034916800000000005
split_finegrained1_IA2Y96.pt,7,168,0.0034326599999999997
split_finegrained1_L66CC7.pt,7,168,0.00346306
split_finegrained1_ZQYKXQ.pt,7,186,0.012585460000000001
split_finegrained1_Z8HBAJ.pt,7,122,0.0034373999999999993
split_finegrained1_5D5CXR.pt,7,162,0.012731760000000002
split_finegrained1_FDUEWI.pt,7,122,0.0034933599999999996
split_finegrained1_0WPZMI.pt,7,204,0.0034099200000000003
split_finegrained1_7KCZ7U.pt,7,98,0.00373394
split_finegrained1_PDLGNS.pt,7,176,0.00357284
split_finegrained1_KM9YLN.pt,7,112,0.010065200000000002
split_finegrained1_ZHITRV.pt,7,116,0.00587836
split_finegrained1_VWWV3I.pt,7,90,0.0050812800000000005
split_finegrained1_MLHWWE.pt,7,94,0.005017760000000002
split_finegrained1_AI90N1.pt,7,106,0.0084435
split_finegrained1_707PAE.pt,14,50,0.0070893399999999995
split_finegrained1_49J436.pt,14,70,0.0034562600000000014
split_finegrained1_W5EE34.pt,14,50,0.0052264600000000005
split_finegrained1_22576E.pt,14,88,0.00437546
split_finegrained1_8S2D35.pt,14,92,0.0061725
split_finegrained1_5S647G.pt,14,52,0.005699919999999998
split_finegrained1_3GGT5H.pt,14,78,0.01108274
split_finegrained1_6YJST2.pt,14,46,0.004582280000000001
split_finegrained1_I471DL.pt,14,74,0.003440520000000002
split_finegrained1_HIEMUF.pt,14,66,0.0034487400000000005
split_finegrained1_PD7B2L.pt,14,106,0.0034204800000000013
split_finegrained1_GCSP5J.pt,14,80,0.0034286400000000023
split_finegrained1_5EYWWM.pt,14,104,0.003434140000000001
split_finegrained1_WTQDFX.pt,14,70,0.013256760000000003
split_finegrained1_EUU9K6.pt,14,56,0.008292179999999996
split_finegrained1_G794EO.pt,14,82,0.00587152
split_finegrained1_4OXDYY.pt,14,92,0.00354114
split_finegrained1_9OLP4Z.pt,14,48,0.0044337
split_finegrained1_LYYLIH.pt,14,90,0.0034083800000000004
split_finegrained1_F1ETWJ.pt,14,58,0.005825199999999999
split_finegrained1_F9Q3WY.pt,14,18,0.0114705
split_finegrained1_TO77TQ.pt,14,16,0.007727619999999994
split_finegrained1_BZ6SRK.pt,14,16,0.00693306
split_finegrained1_16S8RY.pt,14,24,0.0034307200000000004
split_finegrained1_5PGGXJ.pt,14,24,0.01005034
split_finegrained1_BL4G4X.pt,14,26,0.010771559999999998
split_finegrained1_52TBA3.pt,14,22,0.0034956399999999995
split_finegrained1_0RVGQ4.pt,14,14,0.0040308800000000014
split_finegrained1_MMHTXP.pt,14,12,0.01063186
split_finegrained1_6W8YYT.pt,14,18,0.00344372
split_finegrained1_1896P8.pt,14,14,0.006161819999999999
split_finegrained1_OEV370.pt,14,20,0.006197079999999999
split_finegrained1_QJ050L.pt,14,12,0.009946739999999999
split_finegrained1_F7FGTA.pt,14,22,0.007124720000000002
split_finegrained1_6KJHZS.pt,14,20,0.0034143999999999997
split_finegrained1_G7U5HK.pt,7,52,0.006148520000000002
split_finegrained1_0FJR7Z.pt,7,62,0.00433358
split_finegrained1_LRCBSC.pt,7,96,0.0034633999999999997
split_finegrained1_7O1JBQ.pt,7,90,0.003437199999999999
split_finegrained1_5SEUM4.pt,7,52,0.01395058
split_finegrained1_8YB6HX.pt,7,66,0.008234339999999998
split_finegrained1_IGQBM0.pt,7,64,0.00342146
split_finegrained1_T2BHWU.pt,7,94,0.0034473399999999997
split_finegrained1_IX7EXC.pt,7,96,0.00690504
split_finegrained1_2YRYME.pt,7,108,0.006115619999999997
split_finegrained1_AL78HH.pt,7,80,0.007667660000000004
split_finegrained1_LAOQ8D.pt,7,50,0.013494199999999996
split_finegrained1_VKK0WB.pt,7,72,0.00342724
split_finegrained1_LMXJ7W.pt,7,54,0.013006780000000003
split_finegrained1_88X23D.pt,7,56,0.00880904
split_finegrained1_3IBYEQ.pt,7,66,0.00363792
split_finegrained1_8BPE2K.pt,7,60,0.00347946
split_finegrained1_IRWTA3.pt,7,106,0.00913874
split_finegrained1_LG8Z8T.pt,7,48,0.00482106
split_finegrained1_9XWE41.pt,7,102,0.007644339999999999
split_finegrained1_5SNMXF.pt,14,112,0.0034166199999999996
split_finegrained1_R6JGZC.pt,14,80,0.0034428599999999994
split_finegrained1_FZOVU9.pt,14,168,0.003475859999999999
split_finegrained1_E7OPTB.pt,14,146,0.003911739999999998
split_finegrained1_628PRA.pt,14,88,0.003432479999999999
split_finegrained1_217NJQ.pt,14,158,0.0034169200000000012
split_finegrained1_4DMH06.pt,14,80,0.00347396
split_finegrained1_CLP2MF.pt,14,98,0.003830220000000001
split_finegrained1_KDUYYW.pt,14,162,0.0034821799999999997
split_finegrained1_6ZDC70.pt,14,104,0.00426298
split_finegrained1_4D1ILL.pt,14,150,0.0034281799999999994
split_finegrained1_ESEBXA.pt,14,170,0.004894239999999999
split_finegrained1_X0QYEI.pt,14,122,0.00820274
split_finegrained1_59GXJO.pt,14,88,0.003396420000000001
split_finegrained1_EYDPK1.pt,14,104,0.008364120000000003
split_finegrained1_5RC4EK.pt,14,110,0.00384302
split_finegrained1_3HPSF4.pt,14,120,0.00398208
split_finegrained1_F4M38S.pt,14,78,0.005928819999999999
split_finegrained1_3B0TCB.pt,14,126,0.003435359999999999
split_finegrained1_1JX4KK.pt,14,152,0.0033982400000000003
split_finegrained1_EZMENW.pt,3,42,0.005960740000000001
split_finegrained1_9MLXP1.pt,3,54,0.007282339999999999
split_finegrained1_HI33NG.pt,3,84,0.00863308
split_finegrained1_IEFUKD.pt,3,72,0.010467699999999998
split_finegrained1_RDPWEM.pt,3,98,0.01133988
split_finegrained1_DXGW72.pt,3,48,0.00407306
split_finegrained1_MFLMQI.pt,3,60,0.006485580000000002
split_finegrained1_HZA3Q7.pt,3,54,0.006145079999999998
split_finegrained1_6QJSCJ.pt,3,86,0.006636180000000004
split_finegrained1_FVFYBK.pt,3,90,0.00344868
split_finegrained1_NHHR4A.pt,3,66,0.00649604
split_finegrained1_A5PJZ7.pt,3,56,0.006868460000000002
split_finegrained1_S0U8RY.pt,3,90,0.0034380599999999993
split_finegrained1_K4XR6N.pt,3,46,0.013958599999999998
split_finegrained1_XY3IQE.pt,3,52,0.007060020000000003
split_finegrained1_DY5MXK.pt,3,74,0.005203219999999998
split_finegrained1_98MWA6.pt,3,94,0.0062273599999999995
split_finegrained1_0U8VZN.pt,3,70,0.013986119999999998
split_finegrained1_R3GQSD.pt,3,82,0.00485196
split_finegrained1_09T6DM.pt,3,96,0.0034701
split_finegrained1_I61IZ7.pt,7,184,0.004585559999999999
split_finegrained1_E9XWOG.pt,7,116,0.006867519999999999
split_finegrained1_18PDV8.pt,7,206,0.010848019999999998
split_finegrained1_94LXVT.pt,7,210,0.009485360000000002
split_finegrained1_1EWG7O.pt,7,182,0.00821668
split_finegrained1_35C1FT.pt,7,248,0.00489686
split_finegrained1_1YRSFP.pt,7,154,0.0034758999999999988
split_finegrained1_4DG8JL.pt,7,138,0.012985500000000004
split_finegrained1_DBMJZP.pt,7,160,0.0034043000000000003
split_finegrained1_9R8Y3P.pt,7,140,0.003410800000000001
split_finegrained1_FBNDIZ.pt,7,106,0.0034090599999999998
split_finegrained1_H2CPPJ.pt,7,170,0.008649299999999999
split_finegrained1_KW0T3A.pt,7,114,0.0053133999999999985
split_finegrained1_J06E5Z.pt,7,142,0.00542388
split_finegrained1_SCQVAU.pt,7,160,0.007662239999999997
split_finegrained1_5AELH1.pt,7,246,0.003453940000000001
split_finegrained1_2U4FKU.pt,7,178,0.0035097
split_finegrained1_KWWO2X.pt,7,206,0.0034370799999999995
split_finegrained1_30X3R6.pt,7,180,0.003430959999999999
split_finegrained1_K03C8N.pt,7,156,0.0034285599999999998
split_finegrained1_NFVHPZ.pt,3,4,0.0036529600000000007
split_finegrained1_0XZ6AH.pt,3,2,0.013293039999999994
split_finegrained1_3XW3T0.pt,1,116,0.008258640000000001
split_finegrained1_FFCE20.pt,1,122,0.00824588
split_finegrained1_8XF36B.pt,1,88,0.01008482
split_finegrained1_4VWPVI.pt,1,72,0.0052227
split_finegrained1_CJ7J0X.pt,1,114,0.00469148
split_finegrained1_JCVH8S.pt,1,94,0.010492120000000002
split_finegrained1_7593GK.pt,1,84,0.00350548
split_finegrained1_TIWS60.pt,1,78,0.003418899999999999
split_finegrained1_L5ARDT.pt,1,58,0.006631519999999999
split_finegrained1_ZIF9PV.pt,1,82,0.0034178999999999998
split_finegrained1_Y3PA20.pt,1,112,0.0033923600000000005
split_finegrained1_V8ADMO.pt,1,96,0.004128560000000001
split_finegrained1_MR0TQ3.pt,1,104,0.0036361400000000012
split_finegrained1_IUDENV.pt,1,124,0.015437579999999996
split_finegrained1_FDEQDA.pt,1,124,0.016414320000000003
split_finegrained1_SC0RGR.pt,1,72,0.0037118400000000005
split_finegrained1_3AJYIZ.pt,1,98,0.009514779999999999
split_finegrained1_F7VVRM.pt,1,92,0.0034726600000000002
split_finegrained1_SNSQP4.pt,1,120,0.016003739999999992
split_finegrained1_X4A5WE.pt,1,62,0.010966939999999996
split_finegrained1_U1I4U1.pt,28,16,0.0034428799999999993
split_finegrained1_YVAMC6.pt,28,22,0.00345466
split_finegrained1_5SDC8A.pt,28,18,0.0034537199999999995
split_finegrained1_UE0A6J.pt,28,24,0.0034751599999999993
split_finegrained1_YU53XG.pt,28,28,0.003540860000000001
split_finegrained1_9MYSIB.pt,28,20,0.012368560000000002
split_finegrained1_ZLOHYO.pt,28,16,0.012488440000000005
split_finegrained1_KK1JEL.pt,28,24,0.003437520000000001
split_finegrained1_6T2A1R.pt,28,14,0.010947019999999998
split_finegrained1_S2AP29.pt,28,28,0.00343616
split_finegrained1_NJ8S8X.pt,28,26,0.0034772800000000006
split_finegrained1_9N4251.pt,28,26,0.00344924
split_finegrained1_UXXHQF.pt,28,30,0.0034620600000000007
split_finegrained1_1E6XVX.pt,28,22,0.0034052200000000005
split_finegrained1_S1LUD0.pt,28,30,0.0034543599999999996
split_finegrained1_S2Z4IC.pt,28,14,0.0046365400000000015
split_finegrained1_H0PM76.pt,28,20,0.0035389799999999993
split_finegrained1_RA6VIL.pt,28,18,0.0034231200000000004
split_finegrained1_WMBFPR.pt,7,102,0.007123599999999999
split_finegrained1_OO8PWX.pt,7,110,0.0034259600000000005
split_finegrained1_Q8U6RQ.pt,7,72,0.004132660000000001
split_finegrained1_0IHY6C.pt,7,100,0.0055877
split_finegrained1_0XL7YV.pt,7,64,0.009297299999999998
split_finegrained1_76ADPN.pt,7,58,0.016088540000000005
split_finegrained1_Z1QK7Q.pt,7,114,0.005709019999999999
split_finegrained1_XYHLYH.pt,7,98,0.009665139999999997
split_finegrained1_Y1CPKF.pt,7,92,0.00898738
split_finegrained1_HA90ZL.pt,7,64,0.011227560000000003
split_finegrained1_BM9PEG.pt,7,90,0.006627059999999998
split_finegrained1_YLXVDF.pt,7,118,0.01648828
split_finegrained1_NNU3QJ.pt,7,60,0.011019459999999998
split_finegrained1_THZJX4.pt,7,84,0.0034215999999999995
split_finegrained1_7K8B1Z.pt,7,102,0.0037002399999999987
split_finegrained1_WH3HWS.pt,7,66,0.0034838399999999998
split_finegrained1_HSTUY5.pt,7,74,0.0034686199999999995
split_finegrained1_1VYQ87.pt,7,72,0.022829180000000008
split_finegrained1_1OU55A.pt,7,62,0.0034225999999999996
split_finegrained1_VNM4IY.pt,7,52,0.015831240000000003
split_finegrained1_PMDDF6.pt,7,264,0.0034314
split_finegrained1_3V8VYR.pt,7,174,0.013098760000000004
split_finegrained1_BW00L4.pt,7,234,0.0034241200000000005
split_finegrained1_RUMG4X.pt,7,210,0.0034633799999999994
split_finegrained1_Z2DKOO.pt,7,228,0.003439000000000002
split_finegrained1_EQLYNX.pt,7,190,0.012165920000000004
split_finegrained1_ZLENYC.pt,7,162,0.0034152399999999995
split_finegrained1_IAO3K4.pt,7,166,0.0034293399999999995
split_finegrained1_FG8D2E.pt,7,148,0.015356499999999995
split_finegrained1_12L021.pt,7,138,0.0044430799999999986
split_finegrained1_GCM4DH.pt,7,146,0.0034523400000000004
split_finegrained1_PMX47E.pt,7,240,0.003484379999999999
split_finegrained1_XT2AYX.pt,7,138,0.0034643199999999995
split_finegrained1_2738K8.pt,7,184,0.008227640000000001
split_finegrained1_SPHMJ2.pt,7,248,0.0034213999999999994
split_finegrained1_P2STL3.pt,7,248,0.011488980000000003
split_finegrained1_9UES82.pt,7,262,0.00339832
split_finegrained1_OG0PPJ.pt,7,232,0.003835199999999999
split_finegrained1_8EBNV6.pt,7,168,0.00697584
split_finegrained1_1K43FI.pt,7,154,0.007044760000000002
split_finegrained1_QZOJR9.pt,3,346,0.004546839999999999
split_finegrained1_NNLH3J.pt,3,502,0.0034224000000000017
split_finegrained1_P11AIV.pt,3,302,0.014302240000000004
split_finegrained1_6DCFMK.pt,3,466,0.0034791400000000004
split_finegrained1_R8G305.pt,3,358,0.005752059999999998
split_finegrained1_Z9R22E.pt,3,422,0.00839198
split_finegrained1_MRU3ZA.pt,3,276,0.00640764
split_finegrained1_7NXC2V.pt,3,278,0.012505560000000002
split_finegrained1_PJ5X7F.pt,3,300,0.0035863600000000007
split_finegrained1_E4VL2U.pt,3,440,0.007211899999999998
split_finegrained1_EGTYK0.pt,3,426,0.0034564
split_finegrained1_AGOPGT.pt,3,366,0.00404974
split_finegrained1_BETIHB.pt,3,456,0.003440119999999999
split_finegrained1_P29LPF.pt,3,298,0.0034183599999999996
split_finegrained1_Q0ZZ2I.pt,3,390,0.003476920000000001
split_finegrained1_Y3K51I.pt,3,388,0.004048980000000001
split_finegrained1_FEPOM0.pt,3,308,0.01054104
split_finegrained1_CADP88.pt,3,390,0.003485199999999999
split_finegrained1_9H1SQS.pt,3,414,0.011581699999999999
split_finegrained1_6Q06OI.pt,3,568,0.008963500000000003
split_finegrained1_ZTEHFQ.pt,7,72,0.003478979999999999
split_finegrained1_56VO0N.pt,7,38,0.0070250799999999995
split_finegrained1_L60VLZ.pt,7,46,0.0054361
split_finegrained1_TR1K8K.pt,7,64,0.007484200000000001
split_finegrained1_KVMT3A.pt,7,68,0.005028879999999999
split_finegrained1_QHEX5N.pt,7,68,0.00457164
split_finegrained1_KRUFYN.pt,7,66,0.0034744999999999997
split_finegrained1_ARSL95.pt,7,32,0.0034389600000000005
split_finegrained1_JTH677.pt,7,70,0.010665839999999998
split_finegrained1_MU1AQP.pt,7,40,0.010524980000000001
split_finegrained1_L9OSV0.pt,7,60,0.005642219999999999
split_finegrained1_Y8GB91.pt,7,56,0.005673579999999998
split_finegrained1_MU19XA.pt,7,52,0.0034042000000000013
split_finegrained1_21XSYF.pt,7,50,0.006142019999999998
split_finegrained1_2GAAIR.pt,7,42,0.0036924600000000003
split_finegrained1_R4CP1V.pt,7,32,0.009177200000000002
split_finegrained1_07K5W6.pt,7,48,0.005144419999999999
split_finegrained1_QDQP7O.pt,7,62,0.006220440000000001
split_finegrained1_INYGFH.pt,7,64,0.013577900000000006
split_finegrained1_NX9NQX.pt,7,58,0.00345216
split_finegrained1_BHXFOF.pt,14,74,0.00342954
split_finegrained1_4QHSCR.pt,14,40,0.00342784
split_finegrained1_EFHGYX.pt,14,52,0.0034934600000000003
split_finegrained1_TV73NY.pt,14,54,0.013477460000000002
split_finegrained1_LR45U6.pt,14,62,0.00697308
split_finegrained1_EXQIKO.pt,14,56,0.005290119999999999
split_finegrained1_WJRJMQ.pt,14,80,0.012291920000000001
split_finegrained1_W82LKR.pt,14,60,0.003442320000000001
split_finegrained1_IKB3A7.pt,14,50,0.015197440000000006
split_finegrained1_YRWU8H.pt,14,48,0.0034257599999999995
split_finegrained1_HUKS9Y.pt,14,76,0.003541180000000001
split_finegrained1_BE3P2F.pt,14,74,0.00340308
split_finegrained1_VDTGHP.pt,14,72,0.0034610599999999993
split_finegrained1_0TRMJF.pt,14,82,0.0034618800000000005
split_finegrained1_YVO0FH.pt,14,52,0.0034978599999999998
split_finegrained1_8XJQMW.pt,14,86,0.0034297799999999995
split_finegrained1_MHH9JS.pt,14,58,0.00342736
split_finegrained1_KBFHRR.pt,14,90,0.0034500599999999996
split_finegrained1_QK57NJ.pt,14,56,0.003417679999999999
split_finegrained1_22A743.pt,14,42,0.0034812600000000003
split_finegrained1_2XWEFZ.pt,14,100,0.0034338000000000003
split_finegrained1_1E4447.pt,14,86,0.0034508000000000004
split_finegrained1_IIHTD2.pt,14,60,0.0034144800000000014
split_finegrained1_FPDF2L.pt,14,56,0.00343384
split_finegrained1_10O4D0.pt,14,108,0.0034400799999999986
split_finegrained1_PRQX1C.pt,14,74,0.0033840999999999997
split_finegrained1_TJRPII.pt,14,90,0.00345552
split_finegrained1_E9OHFJ.pt,14,52,0.0035244399999999993
split_finegrained1_7LTNE9.pt,14,66,0.003510319999999999
split_finegrained1_EEFW03.pt,14,108,0.0034620600000000003
split_finegrained1_DQDLNY.pt,14,62,0.0035093600000000004
split_finegrained1_AI4YX8.pt,14,92,0.0034471
split_finegrained1_O4B2B1.pt,14,50,0.008211479999999998
split_finegrained1_KEA9PN.pt,14,64,0.003503479999999999
split_finegrained1_74R0E3.pt,14,106,0.0033991399999999993
split_finegrained1_CTUSER.pt,14,100,0.008062360000000001
split_finegrained1_54SS6Z.pt,14,76,0.007353200000000001
split_finegrained1_EPLPIO.pt,14,74,0.0034637
split_finegrained1_QUOQKN.pt,14,88,0.0034702600000000006
split_finegrained1_OL7PQA.pt,14,84,0.003566980000000001
split_finegrained1_MNPRZR.pt,7,136,0.0035188799999999994
split_finegrained1_1MMFA9.pt,7,120,0.0034681399999999998
split_finegrained1_BXF353.pt,7,220,0.003513
split_finegrained1_QN531E.pt,7,240,0.003490120000000001
split_finegrained1_PLRSAK.pt,7,176,0.0034433800000000002
split_finegrained1_S08U0R.pt,7,166,0.003483859999999999
split_finegrained1_W1VSKF.pt,7,122,0.0034686199999999995
split_finegrained1_V560LY.pt,7,230,0.0036423799999999993
split_finegrained1_EAQWW3.pt,7,156,0.004619580000000001
split_finegrained1_9EYQV0.pt,7,186,0.00668304
split_finegrained1_A7T3VZ.pt,7,194,0.003454
split_finegrained1_EAEBSV.pt,7,130,0.006534319999999997
split_finegrained1_LNMSNK.pt,7,278,0.0035009200000000007
split_finegrained1_N1VJGJ.pt,7,234,0.0034457600000000004
split_finegrained1_VFRMAV.pt,7,206,0.004296659999999999
split_finegrained1_FBPOYQ.pt,7,158,0.011526700000000003
split_finegrained1_D2GJX9.pt,7,258,0.0066611
split_finegrained1_NSYH6S.pt,7,160,0.01310916
split_finegrained1_XE8D2I.pt,7,190,0.0035217399999999993
split_finegrained1_KBF2JC.pt,7,148,0.0034525599999999995
split_finegrained1_LV1CTF.pt,7,120,0.00351912
split_finegrained1_0CJT9O.pt,7,108,0.003500160000000001
split_finegrained1_B7BP7Y.pt,7,96,0.005173979999999999
split_finegrained1_Q66IFE.pt,7,72,0.00841076
split_finegrained1_P1RRNJ.pt,7,72,0.022858599999999993
split_finegrained1_GUEEPF.pt,7,76,0.007060920000000001
split_finegrained1_8LZJ0E.pt,7,60,0.00782522
split_finegrained1_FXJU2L.pt,7,128,0.00340042
split_finegrained1_37KIKH.pt,7,100,0.003907300000000001
split_finegrained1_V3IRKR.pt,7,74,0.0037492000000000007
split_finegrained1_9L6RPU.pt,7,68,0.007804800000000004
split_finegrained1_WIZV5A.pt,7,120,0.0034591200000000004
split_finegrained1_XBMQ4M.pt,7,80,0.0047468
split_finegrained1_N4GKGO.pt,7,82,0.0038192400000000015
split_finegrained1_8OTA42.pt,7,122,0.0035944199999999996
split_finegrained1_COF47U.pt,7,88,0.01253252
split_finegrained1_ZZIOYT.pt,7,98,0.0066007400000000025
split_finegrained1_G5S1F8.pt,7,100,0.005039419999999998
split_finegrained1_THGIQ2.pt,7,98,0.016229999999999994
split_finegrained1_PLK5A0.pt,7,106,0.00346908
split_finegrained1_DDASLD.pt,7,364,0.003432899999999999
split_finegrained1_S02EJR.pt,7,426,0.00341982
split_finegrained1_DTYQUD.pt,7,374,0.00350952
split_finegrained1_1OEFGG.pt,7,266,0.0034895
split_finegrained1_4KOXGZ.pt,7,392,0.0034824200000000004
split_finegrained1_50F2BU.pt,7,408,0.02267534
split_finegrained1_O1P7OC.pt,7,474,0.0034792000000000004
split_finegrained1_T4W3L2.pt,7,314,0.0034486000000000013
split_finegrained1_UNH6VR.pt,7,338,0.008852659999999998
split_finegrained1_SCQWEF.pt,7,366,0.0034429400000000002
split_finegrained1_BJPCCJ.pt,7,510,0.0034307799999999987
split_finegrained1_4ISG0R.pt,7,400,0.0033971999999999987
split_finegrained1_43JWQ2.pt,7,286,0.0034546599999999987
split_finegrained1_H04V1U.pt,7,268,0.005726500000000002
split_finegrained1_WFKKBF.pt,7,352,0.01123224
split_finegrained1_9ANXXW.pt,7,466,0.0052013
split_finegrained1_EESZVX.pt,7,358,0.0034939999999999997
split_finegrained1_OMD457.pt,7,424,0.0034620600000000007
split_finegrained1_RYFO6X.pt,7,380,0.003458660000000002
split_finegrained1_0NPQHK.pt,7,512,0.00342532
split_finegrained1_YUP3ZC.pt,7,84,0.0069037199999999995
split_finegrained1_Q9CBI5.pt,7,126,0.006394919999999999
split_finegrained1_AOOR4J.pt,7,164,0.003454080000000001
split_finegrained1_UD2O1Y.pt,7,122,0.008620060000000002
split_finegrained1_P0T31I.pt,7,144,0.006748119999999999
split_finegrained1_WPEQ3X.pt,7,166,0.008372639999999997
split_finegrained1_GGGQM4.pt,7,88,0.009520400000000002
split_finegrained1_R82PU3.pt,7,132,0.0034386200000000007
split_finegrained1_09HOXG.pt,7,140,0.0034622600000000004
split_finegrained1_8EEYSQ.pt,7,86,0.003593199999999999
split_finegrained1_46NTNQ.pt,7,80,0.012938700000000004
split_finegrained1_VPSSCB.pt,7,168,0.005392059999999999
split_finegrained1_N5FUNN.pt,7,112,0.00953418
split_finegrained1_6FVXP1.pt,7,128,0.01360916
split_finegrained1_222DGI.pt,7,150,0.010191180000000001
split_finegrained1_6BZGZF.pt,7,96,0.004706479999999998
split_finegrained1_LO7ZO9.pt,7,130,0.007959459999999996
split_finegrained1_6E3O45.pt,7,74,0.0049342200000000004
split_finegrained1_BL2G3N.pt,7,98,0.0066274600000000026
split_finegrained1_TRKXY7.pt,7,136,0.005746019999999998
split_finegrained1_4SXXGV.pt,7,54,0.007693579999999998
split_finegrained1_BFIW46.pt,7,56,0.007943760000000001
split_finegrained1_QT3PLF.pt,7,66,0.008543499999999999
split_finegrained1_HYN247.pt,7,34,0.01021676
split_finegrained1_PF5S6V.pt,7,66,0.009126159999999998
split_finegrained1_VK7WHY.pt,7,72,0.006490940000000001
split_finegrained1_JNWS0K.pt,7,44,0.0034087799999999997
split_finegrained1_SOZPXD.pt,7,40,0.015746200000000002
split_finegrained1_WTW2HC.pt,7,52,0.008058299999999996
split_finegrained1_7KJO77.pt,7,48,0.0063396
split_finegrained1_FUMYQU.pt,7,64,0.006596859999999998
split_finegrained1_39AT9C.pt,7,68,0.0034248799999999995
split_finegrained1_IZALSE.pt,7,46,0.005468419999999999
split_finegrained1_FP041I.pt,7,42,0.003467859999999999
split_finegrained1_8IXM5M.pt,7,62,0.008244399999999992
split_finegrained1_TW633Q.pt,7,56,0.00561644
split_finegrained1_VD54E6.pt,7,64,0.007164799999999998
split_finegrained1_4EQNSA.pt,7,68,0.0034832599999999997
split_finegrained1_LO5SZ1.pt,7,72,0.0053814399999999995
split_finegrained1_5S66PX.pt,7,60,0.0077140400000000045
split_finegrained1_YXU5MB.pt,28,10,0.006574499999999999
split_finegrained1_X169Q9.pt,28,12,0.005695379999999999
split_finegrained1_I0306I.pt,28,8,0.011278959999999998
split_finegrained1_REYZPX.pt,28,10,0.0084415
split_finegrained1_AKEEXD.pt,28,6,0.006036439999999999
split_finegrained1_UN5ZI9.pt,28,6,0.008947540000000002
split_finegrained1_4VUPYG.pt,28,8,0.0076459799999999975
split_finegrained1_PD2R39.pt,14,106,0.003481160000000001
split_finegrained1_C2FFNH.pt,14,50,0.0034732799999999996
split_finegrained1_8XHFDK.pt,14,56,0.01009484
split_finegrained1_CLRON7.pt,14,102,0.0034349200000000006
split_finegrained1_R1LMBJ.pt,14,58,0.01350616
split_finegrained1_URAZD8.pt,14,62,0.0034944599999999996
split_finegrained1_HOO17X.pt,14,82,0.0034905199999999996
split_finegrained1_ZFSE7T.pt,14,66,0.004812939999999999
split_finegrained1_45XNCB.pt,14,88,0.0034366400000000004
split_finegrained1_DR1WYY.pt,14,90,0.0033924999999999992
split_finegrained1_N5QDA3.pt,14,58,0.0034848599999999985
split_finegrained1_SIYMZY.pt,14,98,0.003451539999999999
split_finegrained1_CN921M.pt,14,68,0.0132626
split_finegrained1_7T8UJ9.pt,14,50,0.007040459999999998
split_finegrained1_JY9VND.pt,14,100,0.00342378
split_finegrained1_S9UQ46.pt,14,92,0.003482080000000001
split_finegrained1_JH4JXO.pt,14,76,0.00346776
split_finegrained1_PGKH1J.pt,14,48,0.00348854
split_finegrained1_4Q2IB5.pt,14,84,0.006841240000000001
split_finegrained1_Y1KZV6.pt,14,62,0.005016240000000001
split_finegrained1_SGALH8.pt,14,14,0.0034388
split_finegrained1_ERC873.pt,14,20,0.009587460000000003
split_finegrained1_1E78BD.pt,14,18,0.007480919999999999
split_finegrained1_NM6P68.pt,14,12,0.00500984
split_finegrained1_NVFW7I.pt,14,24,0.00426178
split_finegrained1_9D6ARN.pt,14,24,0.008189879999999998
split_finegrained1_0P03J3.pt,14,14,0.003414800000000001
split_finegrained1_BA7028.pt,14,22,0.005505179999999999
split_finegrained1_746K5N.pt,14,18,0.0047404399999999985
split_finegrained1_R205HP.pt,14,22,0.0034604800000000015
split_finegrained1_3I2UOO.pt,14,16,0.005943119999999997
split_finegrained1_2Q2IJ2.pt,14,26,0.009284400000000002
split_finegrained1_S7EUOD.pt,14,12,0.007038159999999999
split_finegrained1_IG3Y5F.pt,14,16,0.0034690600000000004
split_finegrained1_EMNSXJ.pt,14,20,0.00631414
split_finegrained1_8NHEO4.pt,14,14,0.005786060000000001
split_finegrained1_5E9WJY.pt,14,16,0.006062399999999999
split_finegrained1_9WJC7G.pt,14,12,0.0034461200000000004
split_finegrained1_AVAWNZ.pt,14,22,0.006665820000000001
split_finegrained1_5K7QR9.pt,14,18,0.0034360600000000003
split_finegrained1_FF6CTP.pt,14,24,0.003425420000000001
split_finegrained1_RADUVK.pt,14,22,0.013823519999999999
split_finegrained1_YUE43A.pt,14,14,0.0035545000000000004
split_finegrained1_9Y4P0B.pt,14,18,0.006628979999999999
split_finegrained1_S67YN3.pt,14,16,0.008413720000000001
split_finegrained1_TRS4OL.pt,14,24,0.008865360000000004
split_finegrained1_YOF2KY.pt,14,26,0.011149999999999995
split_finegrained1_9QKYU9.pt,14,12,0.01577964
split_finegrained1_18A6OY.pt,14,20,0.010489360000000003
split_finegrained1_T5PEQG.pt,14,20,0.005851459999999998
split_finegrained1_VLO6AW.pt,14,66,0.0034506000000000016
split_finegrained1_58QFHW.pt,14,54,0.0048094
split_finegrained1_ZR0B8H.pt,14,88,0.00346608
split_finegrained1_03NXH9.pt,14,54,0.00346454
split_finegrained1_PA5EWW.pt,14,96,0.00341496
split_finegrained1_OEC8Y5.pt,14,86,0.00344828
split_finegrained1_ZH3EIS.pt,14,70,0.012253880000000003
split_finegrained1_F1L3Q1.pt,14,94,0.0034447399999999982
split_finegrained1_CUYAH4.pt,14,56,0.0034212599999999993
split_finegrained1_VXHALD.pt,14,72,0.003440579999999999
split_finegrained1_OPKB1B.pt,14,94,0.0034432
split_finegrained1_F5P6R2.pt,14,82,0.0034183800000000004
split_finegrained1_NQ6VHA.pt,14,84,0.0034106200000000005
split_finegrained1_8SZRHA.pt,14,82,0.0034745600000000002
split_finegrained1_VLDY5L.pt,14,76,0.003502
split_finegrained1_PRMBPZ.pt,14,56,0.003474500000000001
split_finegrained1_2XRHHY.pt,14,86,0.0034796399999999996
split_finegrained1_JTN46K.pt,14,74,0.0034857
split_finegrained1_XFH5GN.pt,14,46,0.014061420000000005
split_finegrained1_S0CCUU.pt,14,68,0.0034454799999999995
split_finegrained1_RCFLTD.pt,14,112,0.007464719999999999
split_finegrained1_K9TT40.pt,14,118,0.009229600000000001
split_finegrained1_I4QOI3.pt,14,120,0.003502280000000001
split_finegrained1_X3AW2L.pt,14,118,0.00432926
split_finegrained1_MWK6FS.pt,14,94,0.00931466
split_finegrained1_A5DCXC.pt,14,78,0.0034366
split_finegrained1_D7MH99.pt,14,124,0.003438539999999998
split_finegrained1_JKE4DN.pt,14,80,0.0067432399999999984
split_finegrained1_3VET4H.pt,14,94,0.004599739999999999
split_finegrained1_4QXDUR.pt,14,82,0.01035004
split_finegrained1_1RSW41.pt,14,116,0.003447420000000001
split_finegrained1_GYH7DV.pt,14,72,0.0048496999999999985
split_finegrained1_63DV39.pt,14,70,0.00735152
split_finegrained1_ICA86H.pt,14,74,0.0034616800000000004
split_finegrained1_78DUVG.pt,14,116,0.0034302600000000005
split_finegrained1_C35CA1.pt,14,66,0.004888140000000001
split_finegrained1_FL7SRC.pt,14,90,0.00515422
split_finegrained1_A10ZVT.pt,14,142,0.0034372599999999997
split_finegrained1_CJVZPZ.pt,14,142,0.00566678
split_finegrained1_C5EVCI.pt,14,84,0.006060119999999998
split_finegrained1_U8WC57.pt,14,8,0.012008619999999996
split_finegrained1_ZRO1K4.pt,14,6,0.0035293400000000006
split_finegrained1_SC9Y1C.pt,14,6,0.008188979999999998
split_finegrained1_2962K9.pt,14,10,0.01709958
split_finegrained1_PZ52EB.pt,14,12,0.00979638
split_finegrained1_6RHVZE.pt,14,8,0.02259306
split_finegrained1_AW4XYO.pt,14,10,0.010303360000000001
split_finegrained1_PBRE5H.pt,14,20,0.005779220000000001
split_finegrained1_RPM48G.pt,14,22,0.003477179999999999
split_finegrained1_8HWAGB.pt,14,22,0.0034078199999999993
split_finegrained1_1KVFXF.pt,14,16,0.015922799999999997
split_finegrained1_1V9GTI.pt,14,30,0.0038642600000000004
split_finegrained1_8JLQL8.pt,14,20,0.011708259999999995
split_finegrained1_JN5WAI.pt,14,28,0.003870820000000001
split_finegrained1_MYN46I.pt,14,24,0.003425839999999999
split_finegrained1_Z9W838.pt,14,18,0.0034635600000000005
split_finegrained1_IV6SKU.pt,14,32,0.005322779999999999
split_finegrained1_GPGS2K.pt,14,14,0.006114060000000001
split_finegrained1_FZU1Q4.pt,14,18,0.005565820000000002
split_finegrained1_LF7C6A.pt,14,24,0.004482460000000001
split_finegrained1_818RPH.pt,14,26,0.003440200000000001
split_finegrained1_R3QT3E.pt,14,30,0.00342652
split_finegrained1_JQW30V.pt,14,26,0.007959040000000002
split_finegrained1_CS0ZQM.pt,14,32,0.0034406799999999993
split_finegrained1_2W509C.pt,14,28,0.00981896
split_finegrained1_JVP6AN.pt,14,16,0.003559819999999999
split_finegrained1_0ZTF9L.pt,7,56,0.0034049400000000004
split_finegrained1_I5HB1A.pt,7,36,0.007849
split_finegrained1_5HV44A.pt,7,40,0.003399920000000001
split_finegrained1_QLS9YF.pt,7,38,0.008657279999999996
split_finegrained1_TN9R4N.pt,7,46,0.00516044
split_finegrained1_IGGQ1O.pt,7,58,0.0129369
split_finegrained1_3G6RB1.pt,7,70,0.00565624
split_finegrained1_A37FIA.pt,7,50,0.003810660000000001
split_finegrained1_K1L0HB.pt,7,46,0.00790728
split_finegrained1_RYF66S.pt,7,62,0.006549620000000002
split_finegrained1_25CZZ0.pt,7,54,0.010091999999999999
split_finegrained1_AAR1EK.pt,7,54,0.00832974
split_finegrained1_UCG0W2.pt,7,34,0.0034506399999999987
split_finegrained1_B0R2D5.pt,7,48,0.0054357799999999986
split_finegrained1_Z8XOZF.pt,7,48,0.0034446399999999992
split_finegrained1_TWS4U9.pt,7,42,0.007623159999999993
split_finegrained1_GUG1XY.pt,7,70,0.0035119200000000013
split_finegrained1_Q1UC8X.pt,7,52,0.003487419999999999
split_finegrained1_SBNSWN.pt,7,40,0.0162844
split_finegrained1_3NV892.pt,7,60,0.013058139999999996
split_finegrained1_E3VJA5.pt,7,16,0.012173559999999993
split_finegrained1_4JK274.pt,7,12,0.0033983599999999996
split_finegrained1_U4TZE4.pt,7,20,0.0109968
split_finegrained1_KJ921U.pt,7,20,0.0034554599999999996
split_finegrained1_6S1B6P.pt,7,24,0.017174000000000002
split_finegrained1_BC5UEG.pt,7,22,0.012368700000000002
split_finegrained1_MSK2DM.pt,7,26,0.008161800000000002
split_finegrained1_IGRE31.pt,7,18,0.013632699999999996
split_finegrained1_X0YOKE.pt,7,24,0.00343946
split_finegrained1_OJTSWY.pt,7,16,0.013206119999999997
split_finegrained1_LBV014.pt,7,18,0.012496859999999997
split_finegrained1_20UG2P.pt,7,14,0.008426299999999996
split_finegrained1_KWBVSU.pt,7,22,0.015713259999999996
split_finegrained1_3X589Y.pt,7,12,0.003475039999999999
split_finegrained1_W61ASN.pt,7,14,0.00451326
split_finegrained1_XGZVNT.pt,14,22,0.0034131800000000013
split_finegrained1_7RSX5G.pt,14,50,0.011827060000000002
split_finegrained1_LT1FQ4.pt,14,34,0.003389839999999999
split_finegrained1_F6BLH7.pt,14,48,0.005766299999999999
split_finegrained1_86DZAS.pt,14,46,0.0034544199999999997
split_finegrained1_BJGEKC.pt,14,44,0.01565548
split_finegrained1_YRYJHF.pt,14,40,0.006193120000000001
split_finegrained1_JXIFEF.pt,14,42,0.006709019999999998
split_finegrained1_5L0O36.pt,14,26,0.005518400000000002
split_finegrained1_TZ4YEA.pt,14,24,0.014344619999999999
split_finegrained1_SWGQWI.pt,14,36,0.0043164399999999995
split_finegrained1_9M3DYY.pt,14,42,0.00338746
split_finegrained1_VP5OEZ.pt,14,40,0.00972258
split_finegrained1_VVQV94.pt,14,38,0.0037471600000000007
split_finegrained1_SBY566.pt,14,30,0.01218413999999999
split_finegrained1_ZQNQTA.pt,14,52,0.00385858
split_finegrained1_CCDWDU.pt,14,24,0.003503899999999999
split_finegrained1_TABOPD.pt,14,48,0.0034127799999999985
split_finegrained1_PV9W92.pt,14,36,0.00432548
split_finegrained1_VBKKPI.pt,14,32,0.013105639999999995
split_finegrained1_DZ8BF1.pt,7,168,0.005682679999999999
split_finegrained1_F83SIS.pt,7,150,0.00880374
split_finegrained1_RBFM3K.pt,7,122,0.005062539999999999
split_finegrained1_WK540A.pt,7,138,0.01167144
split_finegrained1_UM6DRR.pt,7,92,0.0077396999999999995
split_finegrained1_YFDZ7V.pt,7,136,0.0041531599999999995
split_finegrained1_N1Y6HC.pt,7,90,0.005331220000000002
split_finegrained1_QWE6HL.pt,7,156,0.0034347400000000004
split_finegrained1_MZ21NV.pt,7,158,0.004351779999999999
split_finegrained1_214SXG.pt,7,98,0.009136679999999998
split_finegrained1_OFZF0B.pt,7,100,0.007953560000000004
split_finegrained1_4S6QUD.pt,7,158,0.004438519999999999
split_finegrained1_6M2MVS.pt,7,128,0.003510859999999999
split_finegrained1_G79VMA.pt,7,86,0.0035118199999999993
split_finegrained1_EPLM4V.pt,7,108,0.00652252
split_finegrained1_A7AXJS.pt,7,154,0.010183639999999996
split_finegrained1_FJC2Q1.pt,7,74,0.00858338
split_finegrained1_XQVSGK.pt,7,142,0.0034187399999999995
split_finegrained1_Q2BRCH.pt,7,140,0.0034302999999999994
split_finegrained1_LQWWGM.pt,7,152,0.0034338000000000007
split_finegrained1_X5HIVH.pt,7,194,0.0034941
split_finegrained1_OA85W6.pt,7,222,0.00896322
split_finegrained1_DX5NKW.pt,7,172,0.0042606
split_finegrained1_GP1SDX.pt,7,112,0.004580099999999999
split_finegrained1_VWPM1T.pt,7,166,0.004221299999999998
split_finegrained1_E0PVF6.pt,7,160,0.009771440000000001
split_finegrained1_LWC8Q8.pt,7,230,0.0034651000000000005
split_finegrained1_45NZY6.pt,7,100,0.010241259999999999
split_finegrained1_Q84P4B.pt,7,134,0.0034503400000000023
split_finegrained1_TW02EY.pt,7,186,0.0034626999999999995
split_finegrained1_VGLBBT.pt,7,110,0.0035284799999999988
split_finegrained1_HMDYG2.pt,7,114,0.0035188600000000004
split_finegrained1_85L987.pt,7,236,0.0033920800000000004
split_finegrained1_XWMJRP.pt,7,238,0.004505800000000001
split_finegrained1_LMVNJT.pt,7,154,0.0034408200000000007
split_finegrained1_L73JHZ.pt,7,184,0.004489839999999998
split_finegrained1_FBB3QM.pt,7,102,0.011000279999999998
split_finegrained1_YRMNL4.pt,7,220,0.013527579999999999
split_finegrained1_MCCGZT.pt,7,218,0.009946539999999999
split_finegrained1_9H28WO.pt,7,180,0.003450580000000001
split_finegrained1_VZUAQ8.pt,7,28,0.005781799999999999
split_finegrained1_WEXIK7.pt,7,18,0.0034243400000000014
split_finegrained1_J43S74.pt,7,20,0.004017560000000001
split_finegrained1_WFAT2G.pt,7,34,0.008967119999999997
split_finegrained1_SQLT89.pt,7,26,0.017538479999999995
split_finegrained1_8ELKVU.pt,7,22,0.010950220000000004
split_finegrained1_1TSBFN.pt,7,24,0.005595180000000001
split_finegrained1_WZNZIR.pt,7,32,0.0163027
split_finegrained1_2AMNUP.pt,7,22,0.012011560000000001
split_finegrained1_DHJ1JZ.pt,7,18,0.007663139999999998
split_finegrained1_Z0LGZR.pt,7,26,0.01640306
split_finegrained1_K2X8OV.pt,7,34,0.0034994800000000014
split_finegrained1_4NJ0DN.pt,7,24,0.01685142
split_finegrained1_0U1K3N.pt,7,36,0.007530699999999999
split_finegrained1_JN3SQP.pt,7,30,0.014516099999999999
split_finegrained1_9OC6FV.pt,7,32,0.011963800000000002
split_finegrained1_PS0174.pt,7,16,0.006576659999999997
split_finegrained1_IIR2PR.pt,7,30,0.00795248
split_finegrained1_UR9NEU.pt,7,28,0.0036431199999999997
split_finegrained1_J15BGF.pt,7,36,0.00343522
split_finegrained1_TLWFNK.pt,112,8,0.0034611999999999998
split_finegrained1_ETLNL2.pt,112,10,0.00350298
split_finegrained1_NQSGC6.pt,112,14,0.0034339599999999994
split_finegrained1_AMIBOW.pt,112,12,0.0034387399999999996
split_finegrained1_M1Z0TG.pt,112,12,0.00343336
split_finegrained1_STGCCB.pt,112,14,0.0034357600000000004
split_finegrained1_NUHUYA.pt,112,8,0.003492060000000001
split_finegrained1_0AFSWR.pt,112,10,0.0034487800000000007
split_finegrained1_0EAR1D.pt,112,16,0.00351292
split_finegrained1_SC7NDU.pt,7,232,0.0034393799999999997
split_finegrained1_718FAH.pt,7,258,0.00344952
split_finegrained1_R35CL1.pt,7,238,0.006519099999999996
split_finegrained1_R4OTGU.pt,7,206,0.009742099999999998
split_finegrained1_ZKAI34.pt,7,172,0.01175718
split_finegrained1_TNAWLW.pt,7,136,0.00899606
split_finegrained1_RVJKKU.pt,7,196,0.0034242
split_finegrained1_BLMXPF.pt,7,230,0.0034677
split_finegrained1_62FN3O.pt,7,162,0.014992179999999999
split_finegrained1_VRP6GA.pt,7,240,0.0034926800000000015
split_finegrained1_JYYUY5.pt,7,228,0.00508358
split_finegrained1_7P8QV0.pt,7,238,0.003637800000000002
split_finegrained1_5Q3OK4.pt,7,136,0.01042636
split_finegrained1_SULEHL.pt,7,194,0.011832339999999998
split_finegrained1_WE72NS.pt,7,258,0.00344674
split_finegrained1_M8MAWK.pt,7,128,0.0035369199999999994
split_finegrained1_JKZ0MP.pt,7,168,0.0034171199999999996
split_finegrained1_DZUR4Q.pt,7,204,0.011008240000000004
split_finegrained1_SLX6KY.pt,7,232,0.0065363800000000005
split_finegrained1_1CBRK1.pt,7,210,0.0034369599999999993
split_finegrained1_WCGXQY.pt,56,20,0.0034305999999999994
split_finegrained1_800FXB.pt,56,40,0.003474300000000001
split_finegrained1_206BV0.pt,56,24,0.003456199999999999
split_finegrained1_0K2XDC.pt,56,34,0.0035134600000000004
split_finegrained1_XKNCI6.pt,56,36,0.0034747200000000006
split_finegrained1_N51TWY.pt,56,22,0.00347746
split_finegrained1_EAIQ4G.pt,56,32,0.00349824
split_finegrained1_73LR5D.pt,56,38,0.0034425400000000017
split_finegrained1_AB9G6N.pt,56,24,0.0034272800000000004
split_finegrained1_SELWNL.pt,56,28,0.00346468
split_finegrained1_UK32L8.pt,56,26,0.0034770999999999995
split_finegrained1_56ROB9.pt,56,30,0.0034493799999999993
split_finegrained1_HP1G8Y.pt,56,36,0.00339774
split_finegrained1_RQGBBY.pt,56,34,0.003578699999999999
split_finegrained1_QU2YC3.pt,56,38,0.0034335000000000004
split_finegrained1_VRA8ZE.pt,56,18,0.0034037199999999994
split_finegrained1_TSRTXN.pt,56,26,0.0034148599999999996
split_finegrained1_IRRT4Q.pt,56,40,0.0034628600000000003
split_finegrained1_IDSI6T.pt,56,42,0.003516
split_finegrained1_KP88LE.pt,56,32,0.0034417200000000005
split_finegrained1_BZS1SQ.pt,7,392,0.003480280000000001
split_finegrained1_UFCG4T.pt,7,324,0.00348224
split_finegrained1_L9N9RE.pt,7,472,0.0034113199999999994
split_finegrained1_REI4H0.pt,7,508,0.010016800000000001
split_finegrained1_L2MI1V.pt,7,604,0.00345308
split_finegrained1_IUPVL1.pt,7,612,0.0034181000000000007
split_finegrained1_JNAKNY.pt,7,496,0.0034588600000000002
split_finegrained1_W8FF5G.pt,7,340,0.00340048
split_finegrained1_Z7IKTW.pt,7,550,0.003511359999999999
split_finegrained1_45FM3T.pt,7,378,0.0034763800000000007
split_finegrained1_T9CJWA.pt,7,470,0.003426620000000001
split_finegrained1_TOJ68N.pt,7,592,0.003422160000000001
split_finegrained1_UV6QJO.pt,7,510,0.0034154399999999996
split_finegrained1_ID4L9Y.pt,7,488,0.011438599999999995
split_finegrained1_5J4D21.pt,7,508,0.0035192400000000003
split_finegrained1_WT402V.pt,7,564,0.0034528799999999998
split_finegrained1_ESOD58.pt,7,608,0.0034158
split_finegrained1_COUJ0G.pt,7,556,0.0034370599999999996
split_finegrained1_8NHOZO.pt,7,400,0.0034525400000000013
split_finegrained1_ZDX6SI.pt,7,478,0.003483039999999999
split_finegrained1_X6J7WZ.pt,7,122,0.0034101400000000003
split_finegrained1_Q3V8LA.pt,7,134,0.005597979999999999
split_finegrained1_82X04K.pt,7,152,0.00342868
split_finegrained1_AYPOJ9.pt,7,156,0.0057144
split_finegrained1_H60I3E.pt,7,126,0.007244239999999998
split_finegrained1_JQWO9T.pt,7,158,0.0035463200000000004
split_finegrained1_EKX5IT.pt,7,98,0.006942859999999996
split_finegrained1_8J09FE.pt,7,132,0.00782888
split_finegrained1_ITH1BV.pt,7,112,0.00342982
split_finegrained1_CMJH4I.pt,7,102,0.012382179999999996
split_finegrained1_C7ALUX.pt,7,84,0.00350444
split_finegrained1_5RO9C1.pt,7,124,0.005051300000000001
split_finegrained1_Q690FG.pt,7,126,0.0058670599999999995
split_finegrained1_PL8V3M.pt,7,92,0.008074179999999999
split_finegrained1_ON285U.pt,7,106,0.005625320000000001
split_finegrained1_AI9N91.pt,7,104,0.0034987200000000003
split_finegrained1_30A3OV.pt,7,146,0.003443799999999999
split_finegrained1_8UV9IE.pt,7,98,0.01618494
split_finegrained1_WCB40Q.pt,7,110,0.010670660000000004
split_finegrained1_KVYBAD.pt,7,120,0.01165486
split_finegrained1_LY1F8R.pt,1,670,0.003451319999999999
split_finegrained1_KL99V5.pt,1,1182,0.00347868
split_finegrained1_CLI7SD.pt,1,936,0.008563720000000002
split_finegrained1_0BLJQS.pt,1,1118,0.011437820000000001
split_finegrained1_OPL86K.pt,1,998,0.005235800000000001
split_finegrained1_E6U6N1.pt,1,642,0.00345136
split_finegrained1_134BWP.pt,1,930,0.0034162199999999998
split_finegrained1_PHQGX5.pt,1,1312,0.0049179800000000015
split_finegrained1_RKK18U.pt,1,1104,0.0045073399999999994
split_finegrained1_SYWEBX.pt,1,1278,0.0034393
split_finegrained1_74X6SG.pt,1,1228,0.004461780000000001
split_finegrained1_6UG3CT.pt,1,1304,0.009743840000000002
split_finegrained1_DESZ0L.pt,1,826,0.007944119999999997
split_finegrained1_FIGFU0.pt,1,748,0.0033852000000000005
split_finegrained1_EG0OUO.pt,1,1198,0.003418300000000001
split_finegrained1_H39FON.pt,1,1338,0.006805159999999999
split_finegrained1_6NZONL.pt,1,1060,0.008462920000000002
split_finegrained1_RX17F2.pt,1,1136,0.0035318400000000005
split_finegrained1_4T9NHI.pt,1,716,0.013528960000000001
split_finegrained1_9F6DBF.pt,1,1274,0.0034166000000000005
split_finegrained1_L5L12A.pt,1,694,0.00429428
split_finegrained1_VM4KIM.pt,1,964,0.0034135000000000003
split_finegrained1_ILYUGS.pt,1,714,0.0101812
split_finegrained1_QYXGOC.pt,1,502,0.0058128400000000005
split_finegrained1_1BV057.pt,1,616,0.007790140000000001
split_finegrained1_UOJI4S.pt,1,1058,0.00515592
split_finegrained1_YGKIDE.pt,1,786,0.00925234
split_finegrained1_N31KSC.pt,1,580,0.006927280000000003
split_finegrained1_30F8VP.pt,1,684,0.0034844999999999998
split_finegrained1_HFF3VR.pt,1,990,0.013361839999999998
split_finegrained1_EAGACP.pt,1,976,0.00957692
split_finegrained1_0VTB5X.pt,1,812,0.003449360000000001
split_finegrained1_F8HHHG.pt,1,846,0.0034328800000000006
split_finegrained1_Z3I4HG.pt,1,690,0.0034520799999999997
split_finegrained1_OH3X0T.pt,1,954,0.0034404399999999995
split_finegrained1_MKTC96.pt,1,452,0.0034674599999999995
split_finegrained1_1JK2ZZ.pt,1,810,0.016933319999999995
split_finegrained1_HT9ZQI.pt,1,512,0.013302240000000003
split_finegrained1_3R46EG.pt,1,726,0.004832079999999998
split_finegrained1_IR37FH.pt,1,1000,0.0034603999999999998
split_finegrained1_7Z9KWW.pt,3,210,0.013155959999999993
split_finegrained1_TI24DK.pt,3,122,0.007490539999999994
split_finegrained1_SN933K.pt,3,208,0.00992084
split_finegrained1_P4WNUX.pt,3,164,0.014160419999999991
split_finegrained1_034YJB.pt,3,106,0.005232239999999999
split_finegrained1_VI6FRU.pt,3,194,0.010140259999999996
split_finegrained1_UE74XT.pt,3,202,0.004549059999999999
split_finegrained1_0QJ9Z0.pt,3,172,0.0085944
split_finegrained1_8NYOPH.pt,3,180,0.0034258199999999996
split_finegrained1_372DH2.pt,3,158,0.005137199999999998
split_finegrained1_83K2R6.pt,3,228,0.0081686
split_finegrained1_CUME6V.pt,3,148,0.01343096
split_finegrained1_EZNBSP.pt,3,132,0.007768939999999997
split_finegrained1_9UECSQ.pt,3,178,0.00346814
split_finegrained1_80YKNK.pt,3,134,0.00394158
split_finegrained1_VS4S9Q.pt,3,234,0.00638434
split_finegrained1_AJA52I.pt,3,112,0.005214720000000001
split_finegrained1_VE8EUZ.pt,3,234,0.01088038
split_finegrained1_BKARS8.pt,3,156,0.00342996
split_finegrained1_6A4FR7.pt,3,168,0.00554724
split_finegrained1_5H1CF6.pt,3,364,0.003551
split_finegrained1_9POS2P.pt,3,286,0.003492180000000001
split_finegrained1_56J5CE.pt,3,326,0.00347108
split_finegrained1_1SKUG7.pt,3,284,0.005022900000000001
split_finegrained1_FS9D67.pt,3,256,0.008873799999999994
split_finegrained1_JENQQY.pt,3,480,0.004996280000000001
split_finegrained1_48TOUA.pt,3,492,0.0038438000000000005
split_finegrained1_83JEOA.pt,3,578,0.0034508599999999996
split_finegrained1_AJLXVQ.pt,3,468,0.00948408
split_finegrained1_4RIH6I.pt,3,302,0.003773240000000001
split_finegrained1_9M8GWX.pt,3,270,0.0057022600000000015
split_finegrained1_EKKLCJ.pt,3,504,0.010718700000000001
split_finegrained1_071W4G.pt,3,362,0.00819152
split_finegrained1_C0SQYB.pt,3,482,0.003469920000000001
split_finegrained1_U3J9C4.pt,3,438,0.014639899999999999
split_finegrained1_9Z8YP5.pt,3,540,0.005051080000000001
split_finegrained1_W91H6P.pt,3,454,0.008885299999999997
split_finegrained1_JC9IK8.pt,3,404,0.0062429400000000015
split_finegrained1_5YVUSO.pt,3,440,0.01933224
split_finegrained1_LKGBVE.pt,3,420,0.013854499999999994
split_finegrained1_E5V3QQ.pt,14,64,0.0034463999999999996
split_finegrained1_O117ID.pt,14,70,0.0037373200000000006
split_finegrained1_RFTLV7.pt,14,62,0.0034330799999999994
split_finegrained1_HS85RI.pt,14,84,0.00350418
split_finegrained1_LCOW74.pt,14,64,0.0035416400000000004
split_finegrained1_1CATC0.pt,14,120,0.0034408
split_finegrained1_7SM1W3.pt,14,124,0.0034817199999999993
split_finegrained1_Q2GOXT.pt,14,82,0.012157540000000001
split_finegrained1_UJASW8.pt,14,86,0.009070699999999998
split_finegrained1_IUNAUM.pt,14,84,0.005302699999999998
split_finegrained1_WVU8UG.pt,14,116,0.010000720000000001
split_finegrained1_91AEVB.pt,14,126,0.00528956
split_finegrained1_LIVPLK.pt,14,122,0.0034467400000000002
split_finegrained1_E3JQHK.pt,14,128,0.0034413399999999998
split_finegrained1_YEML6Y.pt,14,112,0.0034088199999999995
split_finegrained1_18FFW9.pt,14,72,0.0036045799999999996
split_finegrained1_VAHAOH.pt,14,78,0.008529879999999998
split_finegrained1_N5F3DU.pt,14,74,0.0034394399999999998
split_finegrained1_A4J1ZO.pt,14,120,0.0034000799999999993
split_finegrained1_842HU7.pt,14,90,0.009076619999999997
split_finegrained1_YU22O6.pt,14,20,0.010229620000000002
split_finegrained1_ZG6S6R.pt,14,16,0.012879259999999997
split_finegrained1_7MMV45.pt,14,14,0.006667899999999999
split_finegrained1_MO1SNL.pt,14,16,0.005591719999999998
split_finegrained1_4KAMY2.pt,14,18,0.010621740000000001
split_finegrained1_8XHXG6.pt,14,14,0.007403159999999997
split_finegrained1_3QQU7A.pt,14,24,0.00533304
split_finegrained1_EA7OYJ.pt,14,18,0.004557839999999999
split_finegrained1_KSIHAT.pt,14,22,0.0075167600000000025
split_finegrained1_FP2OHG.pt,14,12,0.003645359999999999
split_finegrained1_VANU07.pt,14,22,0.015710120000000004
split_finegrained1_32EVK0.pt,14,10,0.0037934600000000007
split_finegrained1_QNHY6Q.pt,14,20,0.01078646
split_finegrained1_VOQ5RW.pt,14,12,0.011668980000000002
