model_path,HW,CIN,COUT,KERNEL_SIZE,STRIDES,feature_0,feature_1,latency
dwconv-bn-relu_prior_1IT0TI.pt,7,40,40,3,2,0.0049,0.0004,0.02055016
dwconv-bn-relu_prior_UQBQ3Y.pt,7,16,16,5,2,0.005096,0.000416,0.01983032
dwconv-bn-relu_prior_P78UG5.pt,7,42,42,3,2,0.005145,0.00042,0.019954780000000002
dwconv-bn-relu_prior_VZ4K9N.pt,7,42,42,3,2,0.005145,0.00042,0.019458680000000003
dwconv-bn-relu_prior_003UK3.pt,7,11,11,3,1,0.00539,0.00011,0.02004299999999999
dwconv-bn-relu_prior_8WG1TM.pt,7,11,11,3,1,0.00539,0.00011,0.01978038
dwconv-bn-relu_prior_HE6SUR.pt,7,47,47,3,2,0.0057575,0.00047,0.019425739999999997
dwconv-bn-relu_prior_DFQJR3.pt,7,47,47,3,2,0.0057575,0.00047,0.0201142
dwconv-bn-relu_prior_912XIA.pt,7,12,12,3,1,0.00588,0.00012,0.019501039999999997
dwconv-bn-relu_prior_3O15DI.pt,7,12,12,3,1,0.00588,0.00012,0.0198071
dwconv-bn-relu_prior_37EKL2.pt,7,49,49,3,2,0.0060025,0.00049,0.0196891
dwconv-bn-relu_prior_B6HVJ2.pt,7,50,50,3,2,0.006125,0.0005,0.0201399
dwconv-bn-relu_prior_VZX5GT.pt,7,13,13,3,1,0.00637,0.00013,0.019404239999999996
dwconv-bn-relu_prior_WYWG3D.pt,7,13,13,3,1,0.00637,0.00013,0.01993878
dwconv-bn-relu_prior_UU13QJ.pt,7,13,13,3,1,0.00637,0.00013,0.019473
dwconv-bn-relu_prior_CN9G1I.pt,7,20,20,5,2,0.00637,0.00052,0.019731779999999994
dwconv-bn-relu_prior_80EDWZ.pt,7,53,53,3,2,0.0064925,0.00053,0.019644139999999997
dwconv-bn-relu_prior_8UKUEV.pt,7,54,54,3,2,0.006615,0.00054,0.02000708
dwconv-bn-relu_prior_KVQKF1.pt,7,55,55,3,2,0.0067375,0.00055,0.01945508
dwconv-bn-relu_prior_J71CVW.pt,7,14,14,3,1,0.00686,0.00014,0.02035858
dwconv-bn-relu_prior_84K9PI.pt,7,56,56,3,2,0.00686,0.00056,0.019714760000000005
dwconv-bn-relu_prior_0XH8ZC.pt,7,56,56,3,2,0.00686,0.00056,0.020027879999999998
dwconv-bn-relu_prior_3JQGQ8.pt,7,58,58,3,2,0.007105,0.00058,0.019498799999999997
dwconv-bn-relu_prior_2OBJPM.pt,7,15,15,3,1,0.00735,0.00015,0.019539639999999997
dwconv-bn-relu_prior_F2MRTN.pt,7,15,15,3,1,0.00735,0.00015,0.0196055
dwconv-bn-relu_prior_T9ACC2.pt,7,60,60,3,2,0.00735,0.0006,0.019515660000000004
dwconv-bn-relu_prior_U2X3F0.pt,7,16,16,3,1,0.00784,0.00016,0.01957238
dwconv-bn-relu_prior_D3L5C5.pt,7,25,25,5,2,0.0079625,0.00065,0.01946998
dwconv-bn-relu_prior_T3K8G3.pt,7,17,17,3,1,0.00833,0.00017,0.019679820000000004
dwconv-bn-relu_prior_UNK807.pt,7,17,17,3,1,0.00833,0.00017,0.020012080000000005
dwconv-bn-relu_prior_D38MLN.pt,7,68,68,3,2,0.00833,0.00068,0.0197201
dwconv-bn-relu_prior_X7Q30B.pt,7,71,71,3,2,0.0086975,0.00071,0.0202199
dwconv-bn-relu_prior_AUXNTV.pt,7,18,18,3,1,0.00882,0.00018,0.019472540000000003
dwconv-bn-relu_prior_MZNQG9.pt,7,28,28,5,2,0.008918,0.000728,0.019650120000000004
dwconv-bn-relu_prior_YOYI44.pt,7,74,74,3,2,0.009065,0.00074,0.019620440000000003
dwconv-bn-relu_prior_SSUC1X.pt,7,19,19,3,1,0.00931,0.00019,0.0196084
dwconv-bn-relu_prior_V75Z19.pt,7,76,76,3,2,0.00931,0.00076,0.01977597999999999
dwconv-bn-relu_prior_4VUQFL.pt,7,77,77,3,2,0.0094325,0.00077,0.019624060000000006
dwconv-bn-relu_prior_WDI59B.pt,7,20,20,3,1,0.0098,0.0002,0.019896179999999996
dwconv-bn-relu_prior_0U2KOQ.pt,7,20,20,3,1,0.0098,0.0002,0.01990578
dwconv-bn-relu_prior_FNDJLO.pt,14,21,21,3,2,0.01029,0.00021,0.01948006
dwconv-bn-relu_prior_9X6M54.pt,14,21,21,3,2,0.01029,0.00021,0.01968666
dwconv-bn-relu_prior_7G2Z5G.pt,7,21,21,3,1,0.01029,0.00021,0.019579479999999996
dwconv-bn-relu_prior_V8F5N9.pt,7,17,17,7,2,0.0104125,0.00085,0.020307
dwconv-bn-relu_prior_QSYB6U.pt,7,22,22,3,1,0.01078,0.00022,0.019714560000000002
dwconv-bn-relu_prior_V5Z3CF.pt,7,34,34,5,2,0.010829,0.000884,0.01968912
dwconv-bn-relu_prior_4CAEXU.pt,7,18,18,7,2,0.011025,0.0009,0.019695879999999995
dwconv-bn-relu_prior_BNW6S5.pt,7,35,35,5,2,0.0111475,0.00091,0.019738779999999997
dwconv-bn-relu_prior_MQUJ4R.pt,7,91,91,3,2,0.0111475,0.00091,0.019816620000000007
dwconv-bn-relu_prior_69KWJ7.pt,7,23,23,3,1,0.01127,0.00023,0.01941948
dwconv-bn-relu_prior_XOQQ29.pt,7,23,23,3,1,0.01127,0.00023,0.019792639999999997
dwconv-bn-relu_prior_4FB9E8.pt,7,92,92,3,2,0.01127,0.00092,0.019959340000000002
dwconv-bn-relu_prior_MB3OHS.pt,7,24,24,3,1,0.01176,0.00024,0.019780600000000002
dwconv-bn-relu_prior_YUGMWT.pt,7,25,25,3,1,0.01225,0.00025,0.020209620000000005
dwconv-bn-relu_prior_TZ1XX2.pt,7,25,25,3,1,0.01225,0.00025,0.019828339999999996
dwconv-bn-relu_prior_RL9P3Y.pt,7,26,26,3,1,0.01274,0.00026,0.01947894
dwconv-bn-relu_prior_UOIS5E.pt,7,26,26,3,1,0.01274,0.00026,0.01952334
dwconv-bn-relu_prior_AJ2CWD.pt,7,26,26,3,1,0.01274,0.00026,0.019776979999999996
dwconv-bn-relu_prior_5OZ51E.pt,7,26,26,3,1,0.01274,0.00026,0.01971288000000001
dwconv-bn-relu_prior_0OO8TM.pt,7,27,27,3,1,0.01323,0.00027,0.0198144
dwconv-bn-relu_prior_XTXP4Y.pt,7,108,108,3,2,0.01323,0.00108,0.019743159999999996
dwconv-bn-relu_prior_IVE4MU.pt,7,42,42,5,2,0.013377,0.001092,0.019622099999999996
dwconv-bn-relu_prior_VBNL4Z.pt,7,42,42,5,2,0.013377,0.001092,0.01992322
dwconv-bn-relu_prior_E77T59.pt,7,28,28,3,1,0.01372,0.00028,0.019795820000000002
dwconv-bn-relu_prior_NMQRMZ.pt,7,28,28,3,1,0.01372,0.00028,0.01987834
dwconv-bn-relu_prior_SLSBFJ.pt,7,28,28,3,1,0.01372,0.00028,0.01983676
dwconv-bn-relu_prior_JQWCN5.pt,7,112,112,3,2,0.01372,0.00112,0.019922939999999997
dwconv-bn-relu_prior_GQE25Y.pt,7,11,11,5,1,0.014014,0.000286,0.01977894
dwconv-bn-relu_prior_GPCQLI.pt,7,115,115,3,2,0.0140875,0.00115,0.019547499999999995
dwconv-bn-relu_prior_0WAX3K.pt,7,119,119,3,2,0.0145775,0.00119,0.019744040000000004
dwconv-bn-relu_prior_D1D4Y9.pt,7,121,121,3,2,0.0148225,0.00121,0.01965962
dwconv-bn-relu_prior_KN9GQY.pt,7,31,31,3,1,0.01519,0.00031,0.0197482
dwconv-bn-relu_prior_E1Q0R1.pt,7,31,31,3,1,0.01519,0.00031,0.019610480000000003
dwconv-bn-relu_prior_XTSIGU.pt,7,31,31,3,1,0.01519,0.00031,0.01958478
dwconv-bn-relu_prior_XJAN4W.pt,7,124,124,3,2,0.01519,0.00124,0.019662660000000002
dwconv-bn-relu_prior_WFO192.pt,7,12,12,5,1,0.015288,0.000312,0.0196859
dwconv-bn-relu_prior_UPE805.pt,7,49,49,5,2,0.0156065,0.001274,0.019776020000000002
dwconv-bn-relu_prior_60YTN0.pt,7,129,129,3,2,0.0158025,0.00129,0.01988378
dwconv-bn-relu_prior_PNYF0U.pt,7,33,33,3,1,0.01617,0.00033,0.01978938
dwconv-bn-relu_prior_HR1C74.pt,7,33,33,3,1,0.01617,0.00033,0.019923100000000006
dwconv-bn-relu_prior_RFXT13.pt,7,13,13,5,1,0.016562,0.000338,0.01973338
dwconv-bn-relu_prior_OG097I.pt,7,35,35,3,1,0.01715,0.00035,0.019843519999999993
dwconv-bn-relu_prior_LEU13A.pt,7,35,35,3,1,0.01715,0.00035,0.0197042
dwconv-bn-relu_prior_IVDGVX.pt,7,55,55,5,2,0.0175175,0.00143,0.019855240000000003
dwconv-bn-relu_prior_OKJ42K.pt,7,36,36,3,1,0.01764,0.00036,0.019935480000000005
dwconv-bn-relu_prior_09PRTZ.pt,7,36,36,3,1,0.01764,0.00036,0.019605280000000006
dwconv-bn-relu_prior_PR9RSG.pt,7,36,36,3,1,0.01764,0.00036,0.0196348
dwconv-bn-relu_prior_NFU40Q.pt,7,36,36,3,1,0.01764,0.00036,0.019675440000000006
dwconv-bn-relu_prior_ZPPHZ6.pt,7,14,14,5,1,0.017836,0.000364,0.019770699999999995
dwconv-bn-relu_prior_V09YKF.pt,7,14,14,5,1,0.017836,0.000364,0.019840879999999995
dwconv-bn-relu_prior_ZOQI0S.pt,7,37,37,3,1,0.01813,0.00037,0.01976032
dwconv-bn-relu_prior_43Y3X1.pt,7,37,37,3,1,0.01813,0.00037,0.019827960000000002
dwconv-bn-relu_prior_8ANB5Y.pt,7,38,38,3,1,0.01862,0.00038,0.020027580000000003
dwconv-bn-relu_prior_2UDLFO.pt,7,153,153,3,2,0.0187425,0.00153,0.019764239999999995
dwconv-bn-relu_prior_F8U3OC.pt,7,15,15,5,1,0.01911,0.00039,0.02052848
dwconv-bn-relu_prior_CX8HMN.pt,7,39,39,3,1,0.01911,0.00039,0.02023726
dwconv-bn-relu_prior_FTPPSR.pt,14,15,15,5,2,0.01911,0.00039,0.02006738
dwconv-bn-relu_prior_UD50T5.pt,7,15,15,5,1,0.01911,0.00039,0.020086740000000002
dwconv-bn-relu_prior_CGD4YE.pt,7,61,61,5,2,0.0194285,0.001586,0.020167
dwconv-bn-relu_prior_LDKVTY.pt,7,40,40,3,1,0.0196,0.0004,0.019982579999999996
dwconv-bn-relu_prior_9T8AG3.pt,14,40,40,3,2,0.0196,0.0004,0.020493820000000006
dwconv-bn-relu_prior_48R4QZ.pt,7,40,40,3,1,0.0196,0.0004,0.01955874
dwconv-bn-relu_prior_LYVDDP.pt,7,40,40,3,1,0.0196,0.0004,0.019893899999999996
dwconv-bn-relu_prior_KGJT7R.pt,7,32,32,7,2,0.0196,0.0016,0.019783059999999995
dwconv-bn-relu_prior_JG1WYV.pt,7,161,161,3,2,0.0197225,0.00161,0.01972464
dwconv-bn-relu_prior_QL6ZV6.pt,7,62,62,5,2,0.019747,0.001612,0.019783900000000004
dwconv-bn-relu_prior_PCBT7B.pt,7,162,162,3,2,0.019845,0.00162,0.019682759999999997
dwconv-bn-relu_prior_BGDQHT.pt,7,162,162,3,2,0.019845,0.00162,0.01998124
dwconv-bn-relu_prior_3KPI3O.pt,7,41,41,3,1,0.02009,0.00041,0.019917459999999994
dwconv-bn-relu_prior_WMES8Z.pt,7,41,41,3,1,0.02009,0.00041,0.019741560000000002
dwconv-bn-relu_prior_7R0VM8.pt,7,16,16,5,1,0.020384,0.000416,0.01971712
dwconv-bn-relu_prior_3AWZK0.pt,7,42,42,3,1,0.02058,0.00042,0.01981042
dwconv-bn-relu_prior_VD0CBA.pt,7,42,42,3,1,0.02058,0.00042,0.019864820000000002
dwconv-bn-relu_prior_OQ37R1.pt,7,169,169,3,2,0.0207025,0.00169,0.019740979999999998
dwconv-bn-relu_prior_U8TTDD.pt,7,43,43,3,1,0.02107,0.00043,0.0196784
dwconv-bn-relu_prior_AW0O1F.pt,7,43,43,3,1,0.02107,0.00043,0.019639739999999996
dwconv-bn-relu_prior_T6OL5M.pt,14,11,11,3,1,0.02156,0.00011,0.01981592
dwconv-bn-relu_prior_7BQADN.pt,14,11,11,3,1,0.02156,0.00011,0.01966652
dwconv-bn-relu_prior_TJU5OP.pt,14,11,11,3,1,0.02156,0.00011,0.019956440000000002
dwconv-bn-relu_prior_FS2S9B.pt,7,44,44,3,1,0.02156,0.00044,0.019814840000000004
dwconv-bn-relu_prior_0XW4WY.pt,7,44,44,3,1,0.02156,0.00044,0.019796320000000003
dwconv-bn-relu_prior_USYFRX.pt,7,44,44,3,1,0.02156,0.00044,0.0197045
dwconv-bn-relu_prior_4A9NHT.pt,14,44,44,3,2,0.02156,0.00044,0.019451659999999996
dwconv-bn-relu_prior_IDG5TW.pt,7,68,68,5,2,0.021658,0.001768,0.019817460000000002
dwconv-bn-relu_prior_PQE2ND.pt,7,180,180,3,2,0.02205,0.0018,0.020015639999999998
dwconv-bn-relu_prior_2EANCH.pt,7,180,180,3,2,0.02205,0.0018,0.01981712
dwconv-bn-relu_prior_MVAIMK.pt,7,70,70,5,2,0.022295,0.00182,0.019730079999999997
dwconv-bn-relu_prior_AXUW4G.pt,7,46,46,3,1,0.02254,0.00046,0.019722259999999995
dwconv-bn-relu_prior_H8RGHT.pt,14,46,46,3,2,0.02254,0.00046,0.01984508
dwconv-bn-relu_prior_SCODUW.pt,7,46,46,3,1,0.02254,0.00046,0.019737039999999997
dwconv-bn-relu_prior_I371G4.pt,7,46,46,3,1,0.02254,0.00046,0.019825460000000003
dwconv-bn-relu_prior_P4AUPB.pt,7,46,46,3,1,0.02254,0.00046,0.019463920000000006
dwconv-bn-relu_prior_YAS5X6.pt,7,18,18,5,1,0.022932,0.000468,0.01977122
dwconv-bn-relu_prior_M0TEIF.pt,7,18,18,5,1,0.022932,0.000468,0.019755579999999995
dwconv-bn-relu_prior_73M4UH.pt,14,18,18,5,2,0.022932,0.000468,0.019819459999999997
dwconv-bn-relu_prior_L98T32.pt,7,47,47,3,1,0.02303,0.00047,0.019701820000000005
dwconv-bn-relu_prior_64NUAG.pt,7,73,73,5,2,0.0232505,0.001898,0.020035320000000002
dwconv-bn-relu_prior_18O1IJ.pt,28,12,12,3,2,0.02352,0.00012,0.01965978
dwconv-bn-relu_prior_C467UN.pt,14,12,12,3,1,0.02352,0.00012,0.019859720000000008
dwconv-bn-relu_prior_O886HE.pt,14,12,12,3,1,0.02352,0.00012,0.01955552
dwconv-bn-relu_prior_GKZ3NK.pt,14,12,12,3,1,0.02352,0.00012,0.01972436
dwconv-bn-relu_prior_U0EWCG.pt,7,48,48,3,1,0.02352,0.00048,0.01953408
dwconv-bn-relu_prior_UEXF66.pt,7,48,48,3,1,0.02352,0.00048,0.0196597
dwconv-bn-relu_prior_XRNO8E.pt,14,49,49,3,2,0.02401,0.00049,0.019853000000000003
dwconv-bn-relu_prior_38OSOY.pt,7,49,49,3,1,0.02401,0.00049,0.019716360000000002
dwconv-bn-relu_prior_P4GUKD.pt,14,49,49,3,2,0.02401,0.00049,0.01982256
dwconv-bn-relu_prior_AMTDT6.pt,7,197,197,3,2,0.0241325,0.00197,0.019910019999999994
dwconv-bn-relu_prior_VOK5MM.pt,7,50,50,3,1,0.0245,0.0005,0.01959018
dwconv-bn-relu_prior_6EW62H.pt,7,50,50,3,1,0.0245,0.0005,0.01998494
dwconv-bn-relu_prior_TRR12D.pt,7,50,50,3,1,0.0245,0.0005,0.01978882
dwconv-bn-relu_prior_ZJYKKI.pt,7,50,50,3,1,0.0245,0.0005,0.020981859999999998
dwconv-bn-relu_prior_JNMQIU.pt,7,51,51,3,1,0.02499,0.00051,0.020001639999999998
dwconv-bn-relu_prior_O6X84F.pt,7,51,51,3,1,0.02499,0.00051,0.019658460000000003
dwconv-bn-relu_prior_WUAWKX.pt,7,51,51,3,1,0.02499,0.00051,0.019828360000000003
dwconv-bn-relu_prior_O1UDFR.pt,7,51,51,3,1,0.02499,0.00051,0.019656899999999998
dwconv-bn-relu_prior_X2YROD.pt,7,51,51,3,1,0.02499,0.00051,0.0196739
dwconv-bn-relu_prior_25GYRZ.pt,14,13,13,3,1,0.02548,0.00013,0.020000679999999996
dwconv-bn-relu_prior_OR490C.pt,14,13,13,3,1,0.02548,0.00013,0.019800960000000003
dwconv-bn-relu_prior_2WVHSP.pt,14,13,13,3,1,0.02548,0.00013,0.019718059999999996
dwconv-bn-relu_prior_PJRQM1.pt,14,13,13,3,1,0.02548,0.00013,0.019818679999999998
dwconv-bn-relu_prior_TZQ6MG.pt,14,13,13,3,1,0.02548,0.00013,0.019515440000000005
dwconv-bn-relu_prior_HN9TVW.pt,7,52,52,3,1,0.02548,0.00052,0.019784879999999998
dwconv-bn-relu_prior_YGIZI8.pt,7,52,52,3,1,0.02548,0.00052,0.019579859999999994
dwconv-bn-relu_prior_419G7L.pt,7,52,52,3,1,0.02548,0.00052,0.019767439999999994
dwconv-bn-relu_prior_JGIDJF.pt,7,52,52,3,1,0.02548,0.00052,0.019860020000000006
dwconv-bn-relu_prior_2K7VDG.pt,7,52,52,3,1,0.02548,0.00052,0.01979136
dwconv-bn-relu_prior_UJH6JC.pt,7,52,52,3,1,0.02548,0.00052,0.019970520000000002
dwconv-bn-relu_prior_AAFWPR.pt,7,52,52,3,1,0.02548,0.00052,0.01963962
dwconv-bn-relu_prior_DMLBTE.pt,14,53,53,3,2,0.02597,0.00053,0.01960932
dwconv-bn-relu_prior_PH2CZX.pt,14,53,53,3,2,0.02597,0.00053,0.01957504
dwconv-bn-relu_prior_8SCU8O.pt,14,53,53,3,2,0.02597,0.00053,0.01980718
dwconv-bn-relu_prior_ZDVDWB.pt,7,53,53,3,1,0.02597,0.00053,0.019682620000000005
dwconv-bn-relu_prior_BVKOME.pt,7,53,53,3,1,0.02597,0.00053,0.01957204
dwconv-bn-relu_prior_YYJG7Q.pt,7,53,53,3,1,0.02597,0.00053,0.01970586
dwconv-bn-relu_prior_3IFUCR.pt,7,54,54,3,1,0.02646,0.00054,0.01941446
dwconv-bn-relu_prior_KFQ27N.pt,7,54,54,3,1,0.02646,0.00054,0.019669279999999997
dwconv-bn-relu_prior_IAHQYS.pt,7,54,54,3,1,0.02646,0.00054,0.01983088
dwconv-bn-relu_prior_9UHX7S.pt,7,54,54,3,1,0.02646,0.00054,0.019780939999999997
dwconv-bn-relu_prior_FXBDHC.pt,7,21,21,5,1,0.026754,0.000546,0.019604820000000002
dwconv-bn-relu_prior_SEX9KH.pt,7,21,21,5,1,0.026754,0.000546,0.019768980000000005
dwconv-bn-relu_prior_OQWO9E.pt,7,55,55,3,1,0.02695,0.00055,0.019924739999999996
dwconv-bn-relu_prior_DPSFA4.pt,7,55,55,3,1,0.02695,0.00055,0.019780459999999996
dwconv-bn-relu_prior_U5QC99.pt,7,55,55,3,1,0.02695,0.00055,0.019648559999999995
dwconv-bn-relu_prior_GAUTYW.pt,14,55,55,3,2,0.02695,0.00055,0.019751700000000004
dwconv-bn-relu_prior_T4QMA8.pt,7,55,55,3,1,0.02695,0.00055,0.019658399999999996
dwconv-bn-relu_prior_4SK0W4.pt,7,55,55,3,1,0.02695,0.00055,0.019783480000000006
dwconv-bn-relu_prior_EENJEH.pt,7,85,85,5,2,0.0270725,0.00221,0.019523520000000003
dwconv-bn-relu_prior_VY0XBP.pt,14,56,56,3,2,0.02744,0.00056,0.019638
dwconv-bn-relu_prior_U7M6IS.pt,7,56,56,3,1,0.02744,0.00056,0.019746500000000004
dwconv-bn-relu_prior_33YL1H.pt,7,56,56,3,1,0.02744,0.00056,0.019948499999999997
dwconv-bn-relu_prior_ZCLTTB.pt,7,57,57,3,1,0.02793,0.00057,0.01947602
dwconv-bn-relu_prior_QTRCF9.pt,7,57,57,3,1,0.02793,0.00057,0.02000194
dwconv-bn-relu_prior_YBSJZR.pt,14,57,57,3,2,0.02793,0.00057,0.019818299999999997
dwconv-bn-relu_prior_KN065N.pt,14,57,57,3,2,0.02793,0.00057,0.019985179999999998
dwconv-bn-relu_prior_T1KQ4N.pt,14,57,57,3,2,0.02793,0.00057,0.01968168
dwconv-bn-relu_prior_QBXKCM.pt,14,22,22,5,2,0.028028,0.000572,0.019655859999999997
dwconv-bn-relu_prior_D4XVI9.pt,7,58,58,3,1,0.02842,0.00058,0.019802200000000002
dwconv-bn-relu_prior_KWIMMW.pt,7,58,58,3,1,0.02842,0.00058,0.019597740000000002
dwconv-bn-relu_prior_DIESBT.pt,7,59,59,3,1,0.02891,0.00059,0.020063860000000003
dwconv-bn-relu_prior_EL7FZV.pt,14,59,59,3,2,0.02891,0.00059,0.0195418
dwconv-bn-relu_prior_ZR6SGS.pt,14,59,59,3,2,0.02891,0.00059,0.01987376
dwconv-bn-relu_prior_C170I1.pt,7,59,59,3,1,0.02891,0.00059,0.019867380000000004
dwconv-bn-relu_prior_GYFJF7.pt,14,59,59,3,2,0.02891,0.00059,0.019880079999999994
dwconv-bn-relu_prior_BL8ZQ8.pt,7,23,23,5,1,0.029302,0.000598,0.020017399999999998
dwconv-bn-relu_prior_VPTIYW.pt,7,23,23,5,1,0.029302,0.000598,0.020005199999999997
dwconv-bn-relu_prior_63TSGC.pt,7,23,23,5,1,0.029302,0.000598,0.019570380000000002
dwconv-bn-relu_prior_FHL9KX.pt,7,92,92,5,2,0.029302,0.002392,0.019658199999999997
dwconv-bn-relu_prior_ZR6BGY.pt,7,92,92,5,2,0.029302,0.002392,0.019895900000000008
dwconv-bn-relu_prior_2COD9R.pt,14,15,15,3,1,0.0294,0.00015,0.019790639999999995
dwconv-bn-relu_prior_VZ5M10.pt,7,60,60,3,1,0.0294,0.0006,0.0198007
dwconv-bn-relu_prior_T7N3V4.pt,7,60,60,3,1,0.0294,0.0006,0.02015636
dwconv-bn-relu_prior_LUK2UM.pt,7,60,60,3,1,0.0294,0.0006,0.01966902
dwconv-bn-relu_prior_52KAR2.pt,7,12,12,7,1,0.0294,0.0006,0.02044356
dwconv-bn-relu_prior_WOADWF.pt,7,61,61,3,1,0.02989,0.00061,0.019722360000000005
dwconv-bn-relu_prior_L5Q78K.pt,7,61,61,3,1,0.02989,0.00061,0.019509980000000003
dwconv-bn-relu_prior_VA2WXS.pt,7,62,62,3,1,0.03038,0.00062,0.01965132
dwconv-bn-relu_prior_TNF40Z.pt,7,62,62,3,1,0.03038,0.00062,0.01973906
dwconv-bn-relu_prior_MZC1SA.pt,14,24,24,5,2,0.030576,0.000624,0.019953819999999997
dwconv-bn-relu_prior_6W3GHU.pt,7,24,24,5,1,0.030576,0.000624,0.019611959999999998
dwconv-bn-relu_prior_TU4IVG.pt,14,63,63,3,2,0.03087,0.00063,0.019983859999999996
dwconv-bn-relu_prior_XPOEIK.pt,14,63,63,3,2,0.03087,0.00063,0.01972098
dwconv-bn-relu_prior_Z5DDPQ.pt,7,63,63,3,1,0.03087,0.00063,0.019658
dwconv-bn-relu_prior_73PAS7.pt,14,16,16,3,1,0.03136,0.00016,0.019944359999999998
dwconv-bn-relu_prior_4ZA7SN.pt,14,16,16,3,1,0.03136,0.00016,0.019695700000000007
dwconv-bn-relu_prior_YUR8IQ.pt,14,16,16,3,1,0.03136,0.00016,0.01979066
dwconv-bn-relu_prior_ZZPN45.pt,7,64,64,3,1,0.03136,0.00064,0.01967874
dwconv-bn-relu_prior_NCHUM9.pt,14,64,64,3,2,0.03136,0.00064,0.02006056
dwconv-bn-relu_prior_IF7X5Y.pt,7,64,64,3,1,0.03136,0.00064,0.019753460000000004
dwconv-bn-relu_prior_BDMVDY.pt,7,65,65,3,1,0.03185,0.00065,0.01968248
dwconv-bn-relu_prior_WQS3XC.pt,7,65,65,3,1,0.03185,0.00065,0.019806619999999997
dwconv-bn-relu_prior_VUXYR1.pt,14,65,65,3,2,0.03185,0.00065,0.019612279999999996
dwconv-bn-relu_prior_Q0967G.pt,7,260,260,3,2,0.03185,0.0026,0.019760559999999993
dwconv-bn-relu_prior_59S63H.pt,7,262,262,3,2,0.032095,0.00262,0.019774559999999997
dwconv-bn-relu_prior_YC8E89.pt,7,66,66,3,1,0.03234,0.00066,0.01974930000000001
dwconv-bn-relu_prior_SSRV4B.pt,7,67,67,3,1,0.03283,0.00067,0.019958459999999997
dwconv-bn-relu_prior_DENLBR.pt,7,67,67,3,1,0.03283,0.00067,0.019703460000000002
dwconv-bn-relu_prior_LKNI30.pt,7,67,67,3,1,0.03283,0.00067,0.019629059999999997
dwconv-bn-relu_prior_I15B6R.pt,7,54,54,7,2,0.033075,0.0027,0.019621179999999995
dwconv-bn-relu_prior_283JRT.pt,7,26,26,5,1,0.033124,0.000676,0.019702479999999994
dwconv-bn-relu_prior_JYQYRM.pt,28,17,17,3,2,0.03332,0.00017,0.01977144
dwconv-bn-relu_prior_XQV6KK.pt,14,17,17,3,1,0.03332,0.00017,0.019781200000000002
dwconv-bn-relu_prior_4UCOW1.pt,14,17,17,3,1,0.03332,0.00017,0.019734300000000003
dwconv-bn-relu_prior_IZQPQD.pt,7,68,68,3,1,0.03332,0.00068,0.019742219999999998
dwconv-bn-relu_prior_F210EC.pt,7,68,68,3,1,0.03332,0.00068,0.01974922
dwconv-bn-relu_prior_J9LMFQ.pt,7,68,68,3,1,0.03332,0.00068,0.019741260000000004
dwconv-bn-relu_prior_1ORQL2.pt,7,68,68,3,1,0.03332,0.00068,0.0197742
dwconv-bn-relu_prior_A6EVHY.pt,14,68,68,3,2,0.03332,0.00068,0.019866080000000005
dwconv-bn-relu_prior_BH97L4.pt,7,105,105,5,2,0.0334425,0.00273,0.01956284000000001
dwconv-bn-relu_prior_ETU1OJ.pt,14,69,69,3,2,0.03381,0.00069,0.019589240000000004
dwconv-bn-relu_prior_AS7STM.pt,7,69,69,3,1,0.03381,0.00069,0.03742362
dwconv-bn-relu_prior_YS55J9.pt,7,69,69,3,1,0.03381,0.00069,0.0201183
dwconv-bn-relu_prior_3AIX3J.pt,7,69,69,3,1,0.03381,0.00069,0.01975238
dwconv-bn-relu_prior_J2YVBF.pt,7,69,69,3,1,0.03381,0.00069,0.01983478
dwconv-bn-relu_prior_0JHIY7.pt,7,69,69,3,1,0.03381,0.00069,0.01957273999999999
dwconv-bn-relu_prior_LHV270.pt,14,69,69,3,2,0.03381,0.00069,0.019764179999999992
dwconv-bn-relu_prior_KXLZ5G.pt,7,70,70,3,1,0.0343,0.0007,0.01961564
dwconv-bn-relu_prior_ZO4TVQ.pt,7,70,70,3,1,0.0343,0.0007,0.019780439999999996
dwconv-bn-relu_prior_4T3OPZ.pt,7,27,27,5,1,0.034398,0.000702,0.01955538
dwconv-bn-relu_prior_3DYM86.pt,7,27,27,5,1,0.034398,0.000702,0.01963338
dwconv-bn-relu_prior_622J69.pt,7,108,108,5,2,0.034398,0.002808,0.020625659999999994
dwconv-bn-relu_prior_C1A1BL.pt,7,71,71,3,1,0.03479,0.00071,0.019723080000000007
dwconv-bn-relu_prior_F4UM6B.pt,7,71,71,3,1,0.03479,0.00071,0.019771819999999996
dwconv-bn-relu_prior_X5OP07.pt,7,71,71,3,1,0.03479,0.00071,0.019566680000000006
dwconv-bn-relu_prior_EIAU8Q.pt,14,71,71,3,2,0.03479,0.00071,0.020054980000000003
dwconv-bn-relu_prior_H3HT82.pt,14,18,18,3,1,0.03528,0.00018,0.019712840000000006
dwconv-bn-relu_prior_YZUNEU.pt,14,18,18,3,1,0.03528,0.00018,0.020275400000000006
dwconv-bn-relu_prior_58PR1P.pt,7,72,72,3,1,0.03528,0.00072,0.019723060000000004
dwconv-bn-relu_prior_XIF0V4.pt,7,72,72,3,1,0.03528,0.00072,0.01977206
dwconv-bn-relu_prior_W8RI6X.pt,7,72,72,3,1,0.03528,0.00072,0.019456840000000003
dwconv-bn-relu_prior_0IUBUZ.pt,7,73,73,3,1,0.03577,0.00073,0.019709180000000007
dwconv-bn-relu_prior_OELSJQ.pt,7,73,73,3,1,0.03577,0.00073,0.019609520000000005
dwconv-bn-relu_prior_NO52MW.pt,14,73,73,3,2,0.03577,0.00073,0.019763360000000004
dwconv-bn-relu_prior_P0QPCM.pt,7,73,73,3,1,0.03577,0.00073,0.01991936
dwconv-bn-relu_prior_OP6CGN.pt,7,113,113,5,2,0.0359905,0.002938,0.020186479999999996
dwconv-bn-relu_prior_WLILH5.pt,14,74,74,3,2,0.03626,0.00074,0.01984962
dwconv-bn-relu_prior_PQPJSF.pt,7,74,74,3,1,0.03626,0.00074,0.020216759999999997
dwconv-bn-relu_prior_PWI7WY.pt,14,74,74,3,2,0.03626,0.00074,0.019818340000000004
dwconv-bn-relu_prior_VBMNTF.pt,7,74,74,3,1,0.03626,0.00074,0.019841700000000004
dwconv-bn-relu_prior_EG16KH.pt,7,74,74,3,1,0.03626,0.00074,0.020369919999999996
dwconv-bn-relu_prior_3EWSLP.pt,7,75,75,3,1,0.03675,0.00075,0.020222879999999995
dwconv-bn-relu_prior_Q3LTZ8.pt,7,75,75,3,1,0.03675,0.00075,0.019977779999999997
dwconv-bn-relu_prior_3ULXOQ.pt,14,75,75,3,2,0.03675,0.00075,0.01982176
dwconv-bn-relu_prior_DEFDC2.pt,14,75,75,3,2,0.03675,0.00075,0.019864119999999992
dwconv-bn-relu_prior_C2AT6K.pt,7,75,75,3,1,0.03675,0.00075,0.020147800000000004
dwconv-bn-relu_prior_Z5PO62.pt,7,75,75,3,1,0.03675,0.00075,0.019686759999999998
dwconv-bn-relu_prior_FTGNZN.pt,7,75,75,3,1,0.03675,0.00075,0.02039958
dwconv-bn-relu_prior_ND5EO6.pt,14,75,75,3,2,0.03675,0.00075,0.01975868
dwconv-bn-relu_prior_T4CMJC.pt,7,75,75,3,1,0.03675,0.00075,0.020290979999999993
dwconv-bn-relu_prior_DWQU6X.pt,7,75,75,3,1,0.03675,0.00075,0.0198495
dwconv-bn-relu_prior_8S3FRT.pt,14,19,19,3,1,0.03724,0.00019,0.0197313
dwconv-bn-relu_prior_Q25AWJ.pt,14,19,19,3,1,0.03724,0.00019,0.020321000000000006
dwconv-bn-relu_prior_LGXO38.pt,7,76,76,3,1,0.03724,0.00076,0.020179740000000005
dwconv-bn-relu_prior_0IV6NB.pt,14,76,76,3,2,0.03724,0.00076,0.02002104
dwconv-bn-relu_prior_E0EC3R.pt,14,76,76,3,2,0.03724,0.00076,0.019655099999999995
dwconv-bn-relu_prior_691RXY.pt,7,77,77,3,1,0.03773,0.00077,0.019869360000000003
dwconv-bn-relu_prior_O7PYHS.pt,7,77,77,3,1,0.03773,0.00077,0.020357720000000003
dwconv-bn-relu_prior_YM71S0.pt,14,77,77,3,2,0.03773,0.00077,0.019701399999999994
dwconv-bn-relu_prior_SUQBLA.pt,7,78,78,3,1,0.03822,0.00078,0.019802400000000008
dwconv-bn-relu_prior_RFFQ5E.pt,14,78,78,3,2,0.03822,0.00078,0.019704480000000003
dwconv-bn-relu_prior_ORQIH1.pt,14,78,78,3,2,0.03822,0.00078,0.01979662
dwconv-bn-relu_prior_UWKYQR.pt,7,63,63,7,2,0.0385875,0.00315,0.019748520000000002
dwconv-bn-relu_prior_ZMLMK5.pt,14,79,79,3,2,0.03871,0.00079,0.01975498
dwconv-bn-relu_prior_RVTDKW.pt,7,79,79,3,1,0.03871,0.00079,0.02008206
dwconv-bn-relu_prior_6Z4LC9.pt,7,79,79,3,1,0.03871,0.00079,0.01969084
dwconv-bn-relu_prior_0M5ONZ.pt,7,122,122,5,2,0.038857,0.003172,0.019956600000000005
dwconv-bn-relu_prior_8336LA.pt,14,20,20,3,1,0.0392,0.0002,0.01989004
dwconv-bn-relu_prior_NQZTGF.pt,14,20,20,3,1,0.0392,0.0002,0.02006974
dwconv-bn-relu_prior_54L7DZ.pt,14,20,20,3,1,0.0392,0.0002,0.01973962
dwconv-bn-relu_prior_KH3V8M.pt,7,80,80,3,1,0.0392,0.0008,0.0199282
dwconv-bn-relu_prior_EGG2FI.pt,14,80,80,3,2,0.0392,0.0008,0.019897099999999994
dwconv-bn-relu_prior_TCML68.pt,7,80,80,3,1,0.0392,0.0008,0.01975066
dwconv-bn-relu_prior_WV27Q5.pt,7,80,80,3,1,0.0392,0.0008,0.019797759999999998
dwconv-bn-relu_prior_3JN7F5.pt,7,31,31,5,1,0.039494,0.000806,0.019578560000000002
dwconv-bn-relu_prior_2RAN66.pt,14,81,81,3,2,0.03969,0.00081,0.019607620000000006
dwconv-bn-relu_prior_YIBOAT.pt,7,81,81,3,1,0.03969,0.00081,0.019699240000000003
dwconv-bn-relu_prior_ZEKKJX.pt,7,81,81,3,1,0.03969,0.00081,0.019762599999999998
dwconv-bn-relu_prior_763E0S.pt,14,82,82,3,2,0.04018,0.00082,0.019890920000000003
dwconv-bn-relu_prior_GJHQYF.pt,14,82,82,3,2,0.04018,0.00082,0.0198051
dwconv-bn-relu_prior_ERF4PB.pt,7,83,83,3,1,0.04067,0.00083,0.019891100000000002
dwconv-bn-relu_prior_NHJFVZ.pt,14,83,83,3,2,0.04067,0.00083,0.019773199999999998
dwconv-bn-relu_prior_FMKYES.pt,7,32,32,5,1,0.040768,0.000832,0.019641779999999998
dwconv-bn-relu_prior_M15FPP.pt,7,32,32,5,1,0.040768,0.000832,0.01975426000000001
dwconv-bn-relu_prior_3ME83H.pt,14,21,21,3,1,0.04116,0.00021,0.01968146
dwconv-bn-relu_prior_59GO6H.pt,14,21,21,3,1,0.04116,0.00021,0.0197682
dwconv-bn-relu_prior_MZGXYA.pt,7,84,84,3,1,0.04116,0.00084,0.019740399999999998
dwconv-bn-relu_prior_56T9ZY.pt,7,84,84,3,1,0.04116,0.00084,0.0204117
dwconv-bn-relu_prior_GSXUL0.pt,7,84,84,3,1,0.04116,0.00084,0.019941460000000008
dwconv-bn-relu_prior_KGBSBB.pt,7,84,84,3,1,0.04116,0.00084,0.01962828
dwconv-bn-relu_prior_XZ66DY.pt,7,85,85,3,1,0.04165,0.00085,0.01965852
dwconv-bn-relu_prior_KV64VW.pt,7,17,17,7,1,0.04165,0.00085,0.020065899999999998
dwconv-bn-relu_prior_1YESJX.pt,14,85,85,3,2,0.04165,0.00085,0.01947232
dwconv-bn-relu_prior_W8Y444.pt,7,85,85,3,1,0.04165,0.00085,0.019977759999999997
dwconv-bn-relu_prior_Z0R4LP.pt,14,85,85,3,2,0.04165,0.00085,0.019659080000000006
dwconv-bn-relu_prior_29E9EY.pt,7,85,85,3,1,0.04165,0.00085,0.01979268
dwconv-bn-relu_prior_IGMFKQ.pt,7,33,33,5,1,0.042042,0.000858,0.019917200000000003
dwconv-bn-relu_prior_ETR7W5.pt,7,86,86,3,1,0.04214,0.00086,0.01974154
dwconv-bn-relu_prior_VT5TWZ.pt,7,87,87,3,1,0.04263,0.00087,0.01950128
dwconv-bn-relu_prior_ZHOR48.pt,7,70,70,7,2,0.042875,0.0035,0.019679039999999995
dwconv-bn-relu_prior_ZLN4D6.pt,14,22,22,3,1,0.04312,0.00022,0.019767279999999995
dwconv-bn-relu_prior_2VMFB7.pt,14,22,22,3,1,0.04312,0.00022,0.01975894
dwconv-bn-relu_prior_ECXASN.pt,7,88,88,3,1,0.04312,0.00088,0.01946106
dwconv-bn-relu_prior_N1F6TG.pt,7,88,88,3,1,0.04312,0.00088,0.020286899999999997
dwconv-bn-relu_prior_VLC8I7.pt,7,88,88,3,1,0.04312,0.00088,0.01960404
dwconv-bn-relu_prior_9FZ96H.pt,7,88,88,3,1,0.04312,0.00088,0.019701500000000004
dwconv-bn-relu_prior_3ECSCV.pt,7,88,88,3,1,0.04312,0.00088,0.019739560000000007
dwconv-bn-relu_prior_5RS3TX.pt,7,88,88,3,1,0.04312,0.00088,0.020034020000000003
dwconv-bn-relu_prior_CRXJX2.pt,7,34,34,5,1,0.043316,0.000884,0.019673659999999992
dwconv-bn-relu_prior_KIEERH.pt,7,89,89,3,1,0.04361,0.00089,0.019431159999999996
dwconv-bn-relu_prior_E8II3Z.pt,14,89,89,3,2,0.04361,0.00089,0.01987582
dwconv-bn-relu_prior_7VHLRA.pt,7,89,89,3,1,0.04361,0.00089,0.020408500000000003
dwconv-bn-relu_prior_PP72F0.pt,7,90,90,3,1,0.0441,0.0009,0.020145979999999994
dwconv-bn-relu_prior_Y51ZR7.pt,14,90,90,3,2,0.0441,0.0009,0.020287760000000005
dwconv-bn-relu_prior_1RZ75E.pt,14,90,90,3,2,0.0441,0.0009,0.019808779999999998
dwconv-bn-relu_prior_JNZW17.pt,7,90,90,3,1,0.0441,0.0009,0.019874099999999995
dwconv-bn-relu_prior_OAJSA9.pt,14,90,90,3,2,0.0441,0.0009,0.01986312
dwconv-bn-relu_prior_T4EHLR.pt,7,90,90,3,1,0.0441,0.0009,0.020083919999999998
dwconv-bn-relu_prior_R81H7J.pt,7,90,90,3,1,0.0441,0.0009,0.019785259999999995
dwconv-bn-relu_prior_CQ9ZMA.pt,7,91,91,3,1,0.04459,0.00091,0.01969706
dwconv-bn-relu_prior_UJ7HBQ.pt,7,91,91,3,1,0.04459,0.00091,0.01968316
dwconv-bn-relu_prior_JBX3KW.pt,7,91,91,3,1,0.04459,0.00091,0.019695079999999997
dwconv-bn-relu_prior_NQT9Q1.pt,7,91,91,3,1,0.04459,0.00091,0.01994746
dwconv-bn-relu_prior_SFO25M.pt,7,35,35,5,1,0.04459,0.00091,0.01967252
dwconv-bn-relu_prior_A6F1BX.pt,7,91,91,3,1,0.04459,0.00091,0.019800919999999996
dwconv-bn-relu_prior_AFYN6O.pt,14,23,23,3,1,0.04508,0.00023,0.019891200000000008
dwconv-bn-relu_prior_YDMXHE.pt,14,23,23,3,1,0.04508,0.00023,0.019783820000000004
dwconv-bn-relu_prior_21UGS5.pt,14,92,92,3,2,0.04508,0.00092,0.02015006
dwconv-bn-relu_prior_B1FUDV.pt,7,92,92,3,1,0.04508,0.00092,0.019977779999999997
dwconv-bn-relu_prior_K3TP31.pt,7,92,92,3,1,0.04508,0.00092,0.019814780000000004
dwconv-bn-relu_prior_DWHD2K.pt,7,92,92,3,1,0.04508,0.00092,0.020455360000000006
dwconv-bn-relu_prior_6CUS3R.pt,14,92,92,3,2,0.04508,0.00092,0.020094620000000004
dwconv-bn-relu_prior_3WJTHC.pt,7,92,92,3,1,0.04508,0.00092,0.019895120000000002
dwconv-bn-relu_prior_DBFS20.pt,7,93,93,3,1,0.04557,0.00093,0.019869880000000003
dwconv-bn-relu_prior_XYMUX4.pt,7,93,93,3,1,0.04557,0.00093,0.020018980000000006
dwconv-bn-relu_prior_0EEDDF.pt,7,93,93,3,1,0.04557,0.00093,0.03548582
dwconv-bn-relu_prior_MR5FQP.pt,7,94,94,3,1,0.04606,0.00094,0.01974866
dwconv-bn-relu_prior_N57DPK.pt,7,94,94,3,1,0.04606,0.00094,0.019800120000000004
dwconv-bn-relu_prior_YQXNYD.pt,14,19,19,7,2,0.04655,0.00095,0.020270100000000003
dwconv-bn-relu_prior_V2DHGI.pt,7,95,95,3,1,0.04655,0.00095,0.019907540000000005
dwconv-bn-relu_prior_LBTYX3.pt,7,95,95,3,1,0.04655,0.00095,0.020130320000000004
dwconv-bn-relu_prior_7GX7ST.pt,7,95,95,3,1,0.04655,0.00095,0.02013564
dwconv-bn-relu_prior_S32EQL.pt,7,95,95,3,1,0.04655,0.00095,0.019660099999999996
dwconv-bn-relu_prior_81AU06.pt,7,95,95,3,1,0.04655,0.00095,0.019746419999999997
dwconv-bn-relu_prior_FDXQKD.pt,14,24,24,3,1,0.04704,0.00024,0.019742460000000003
dwconv-bn-relu_prior_2Y62M1.pt,14,24,24,3,1,0.04704,0.00024,0.02049078
dwconv-bn-relu_prior_24XC90.pt,7,96,96,3,1,0.04704,0.00096,0.01978072
dwconv-bn-relu_prior_23AHB2.pt,7,96,96,3,1,0.04704,0.00096,0.019758900000000003
dwconv-bn-relu_prior_Y79SZG.pt,7,96,96,3,1,0.04704,0.00096,0.020381459999999994
dwconv-bn-relu_prior_0RB3T2.pt,14,37,37,5,2,0.047138,0.000962,0.01977194
dwconv-bn-relu_prior_DEMOEE.pt,7,37,37,5,1,0.047138,0.000962,0.01951636
dwconv-bn-relu_prior_JVIM79.pt,14,97,97,3,2,0.04753,0.00097,0.01961572
dwconv-bn-relu_prior_LDHH6I.pt,7,98,98,3,1,0.04802,0.00098,0.020269699999999998
dwconv-bn-relu_prior_SJF21S.pt,7,38,38,5,1,0.048412,0.000988,0.019725879999999998
dwconv-bn-relu_prior_N2JFYB.pt,7,38,38,5,1,0.048412,0.000988,0.019832720000000005
dwconv-bn-relu_prior_A75XXZ.pt,14,25,25,3,1,0.049,0.00025,0.019698339999999995
dwconv-bn-relu_prior_4WOY3P.pt,14,25,25,3,1,0.049,0.00025,0.019873819999999997
dwconv-bn-relu_prior_1DDC49.pt,14,25,25,3,1,0.049,0.00025,0.019686819999999994
dwconv-bn-relu_prior_CACXRH.pt,7,101,101,3,1,0.04949,0.00101,0.01984728
dwconv-bn-relu_prior_7YMPKU.pt,7,39,39,5,1,0.049686,0.001014,0.02059266
dwconv-bn-relu_prior_EFSIQB.pt,7,39,39,5,1,0.049686,0.001014,0.019611520000000007
dwconv-bn-relu_prior_6UAXUX.pt,7,39,39,5,1,0.049686,0.001014,0.019647179999999997
dwconv-bn-relu_prior_0VRM2W.pt,7,102,102,3,1,0.04998,0.00102,0.01983174
dwconv-bn-relu_prior_7Y564V.pt,7,103,103,3,1,0.05047,0.00103,0.01977168
dwconv-bn-relu_prior_ZW7MM3.pt,14,26,26,3,1,0.05096,0.00026,0.020012819999999994
dwconv-bn-relu_prior_G5JTPU.pt,14,26,26,3,1,0.05096,0.00026,0.019825879999999997
dwconv-bn-relu_prior_K5AG8Y.pt,14,104,104,3,2,0.05096,0.00104,0.0195936
dwconv-bn-relu_prior_MGHYQO.pt,7,40,40,5,1,0.05096,0.00104,0.020099779999999994
dwconv-bn-relu_prior_YYWWHX.pt,7,40,40,5,1,0.05096,0.00104,0.020391080000000006
dwconv-bn-relu_prior_HGJ2SC.pt,7,40,40,5,1,0.05096,0.00104,0.01983248
dwconv-bn-relu_prior_6SY2X2.pt,14,40,40,5,2,0.05096,0.00104,0.01978372
dwconv-bn-relu_prior_JPOAL4.pt,7,40,40,5,1,0.05096,0.00104,0.01973264
dwconv-bn-relu_prior_DNHD9L.pt,7,40,40,5,1,0.05096,0.00104,0.019792319999999995
dwconv-bn-relu_prior_2ZTMX7.pt,7,160,160,5,2,0.05096,0.00416,0.019608039999999993
dwconv-bn-relu_prior_YYNE1F.pt,7,105,105,3,1,0.05145,0.00105,0.01989596
dwconv-bn-relu_prior_FSR9FT.pt,7,105,105,3,1,0.05145,0.00105,0.019840979999999998
dwconv-bn-relu_prior_H6W7XH.pt,7,106,106,3,1,0.05194,0.00106,0.020757440000000002
dwconv-bn-relu_prior_8WYYB7.pt,7,41,41,5,1,0.052234,0.001066,0.01957550000000001
dwconv-bn-relu_prior_ABJTJO.pt,7,41,41,5,1,0.052234,0.001066,0.01964074
dwconv-bn-relu_prior_UWW2NE.pt,28,27,27,3,2,0.05292,0.00027,0.01974996
dwconv-bn-relu_prior_G8FFI6.pt,14,27,27,3,1,0.05292,0.00027,0.019672860000000004
dwconv-bn-relu_prior_TNBC7I.pt,14,27,27,3,1,0.05292,0.00027,0.01974416
dwconv-bn-relu_prior_CMF0W1.pt,7,108,108,3,1,0.05292,0.00108,0.01980038
dwconv-bn-relu_prior_M6CZME.pt,7,108,108,3,1,0.05292,0.00108,0.020074
dwconv-bn-relu_prior_KTF1C8.pt,14,109,109,3,2,0.05341,0.00109,0.019548380000000004
dwconv-bn-relu_prior_PENRBH.pt,7,109,109,3,1,0.05341,0.00109,0.0197318
dwconv-bn-relu_prior_HU9P3N.pt,7,42,42,5,1,0.053508,0.001092,0.019801140000000002
dwconv-bn-relu_prior_MP1376.pt,7,42,42,5,1,0.053508,0.001092,0.02032226
dwconv-bn-relu_prior_Y545EZ.pt,7,42,42,5,1,0.053508,0.001092,0.019785380000000005
dwconv-bn-relu_prior_7CHW7X.pt,7,169,169,5,2,0.0538265,0.004394,0.019731779999999997
dwconv-bn-relu_prior_ID0G5H.pt,14,110,110,3,2,0.0539,0.0011,0.019764179999999996
dwconv-bn-relu_prior_14ZHVU.pt,7,110,110,3,1,0.0539,0.0011,0.020345059999999998
dwconv-bn-relu_prior_59U7JX.pt,7,110,110,3,1,0.0539,0.0011,0.019686100000000005
dwconv-bn-relu_prior_8LC3VT.pt,7,111,111,3,1,0.05439,0.00111,0.019779899999999996
dwconv-bn-relu_prior_UJRT1W.pt,7,171,171,5,2,0.0544635,0.004446,0.02004262
dwconv-bn-relu_prior_N49E4J.pt,7,43,43,5,1,0.054782,0.001118,0.020836959999999995
dwconv-bn-relu_prior_I7Z29O.pt,7,43,43,5,1,0.054782,0.001118,0.019693819999999994
dwconv-bn-relu_prior_GEOBMO.pt,14,28,28,3,1,0.05488,0.00028,0.019633980000000006
dwconv-bn-relu_prior_SXDUD9.pt,7,112,112,3,1,0.05488,0.00112,0.019642820000000002
dwconv-bn-relu_prior_27WTTN.pt,7,112,112,3,1,0.05488,0.00112,0.02034358
dwconv-bn-relu_prior_LQJDV4.pt,14,113,113,3,2,0.05537,0.00113,0.01981236
dwconv-bn-relu_prior_JS05JA.pt,7,114,114,3,1,0.05586,0.00114,0.019758460000000005
dwconv-bn-relu_prior_GIV5G1.pt,7,114,114,3,1,0.05586,0.00114,0.019700500000000003
dwconv-bn-relu_prior_P1187V.pt,7,114,114,3,1,0.05586,0.00114,0.020231779999999998
dwconv-bn-relu_prior_TW4ZR5.pt,14,11,11,5,1,0.056056,0.000286,0.020009139999999998
dwconv-bn-relu_prior_ZHJVUP.pt,14,11,11,5,1,0.056056,0.000286,0.019602460000000002
dwconv-bn-relu_prior_6DVYAL.pt,7,44,44,5,1,0.056056,0.001144,0.0198175
dwconv-bn-relu_prior_7A995H.pt,7,44,44,5,1,0.056056,0.001144,0.01976186
dwconv-bn-relu_prior_0S7K7M.pt,7,176,176,5,2,0.056056,0.004576,0.019691460000000004
dwconv-bn-relu_prior_N9F14M.pt,7,176,176,5,2,0.056056,0.004576,0.019692339999999996
dwconv-bn-relu_prior_L6RBNK.pt,14,29,29,3,1,0.05684,0.00029,0.019790339999999997
dwconv-bn-relu_prior_VNHLSQ.pt,14,29,29,3,1,0.05684,0.00029,0.01991934
dwconv-bn-relu_prior_A1LMIS.pt,14,29,29,3,1,0.05684,0.00029,0.020240540000000005
dwconv-bn-relu_prior_0G6UQI.pt,7,179,179,5,2,0.0570115,0.004654,0.01965692
dwconv-bn-relu_prior_0BOUYU.pt,7,45,45,5,1,0.05733,0.00117,0.01983962
dwconv-bn-relu_prior_38X20U.pt,14,45,45,5,2,0.05733,0.00117,0.019777879999999998
dwconv-bn-relu_prior_DKVVWI.pt,14,45,45,5,2,0.05733,0.00117,0.01962732
dwconv-bn-relu_prior_GOMES2.pt,7,45,45,5,1,0.05733,0.00117,0.019834539999999998
dwconv-bn-relu_prior_BBOE5J.pt,7,180,180,5,2,0.05733,0.00468,0.01974948
dwconv-bn-relu_prior_2Z4C1A.pt,7,118,118,3,1,0.05782,0.00118,0.019663379999999998
dwconv-bn-relu_prior_CCD2MJ.pt,7,46,46,5,1,0.058604,0.001196,0.019510120000000002
dwconv-bn-relu_prior_7U5S0I.pt,14,46,46,5,2,0.058604,0.001196,0.019546320000000002
dwconv-bn-relu_prior_ZO0DB1.pt,7,46,46,5,1,0.058604,0.001196,0.01972318
dwconv-bn-relu_prior_9PDQ2V.pt,14,30,30,3,1,0.0588,0.0003,0.019691259999999995
dwconv-bn-relu_prior_Z12L4J.pt,14,30,30,3,1,0.0588,0.0003,0.020017619999999993
dwconv-bn-relu_prior_W12QIW.pt,14,30,30,3,1,0.0588,0.0003,0.019640860000000003
dwconv-bn-relu_prior_F2CDKH.pt,7,121,121,3,1,0.05929,0.00121,0.019909159999999995
dwconv-bn-relu_prior_RBINGD.pt,7,47,47,5,1,0.059878,0.001222,0.01970832
dwconv-bn-relu_prior_PB7ZAD.pt,7,47,47,5,1,0.059878,0.001222,0.01977326
dwconv-bn-relu_prior_Z4D4PP.pt,7,47,47,5,1,0.059878,0.001222,0.019808259999999998
dwconv-bn-relu_prior_1N3D9E.pt,14,123,123,3,2,0.06027,0.00123,0.020003760000000006
dwconv-bn-relu_prior_IGLRTC.pt,14,123,123,3,2,0.06027,0.00123,0.019556939999999995
dwconv-bn-relu_prior_3Y7IFB.pt,7,493,493,3,2,0.0603925,0.00493,0.019758900000000003
dwconv-bn-relu_prior_T652WO.pt,14,31,31,3,1,0.06076,0.00031,0.019819939999999994
dwconv-bn-relu_prior_XS046G.pt,28,31,31,3,2,0.06076,0.00031,0.020248459999999996
dwconv-bn-relu_prior_1O8752.pt,14,31,31,3,1,0.06076,0.00031,0.019930360000000005
dwconv-bn-relu_prior_F1MZ89.pt,7,124,124,3,1,0.06076,0.00124,0.019780639999999995
dwconv-bn-relu_prior_6NANEX.pt,14,12,12,5,1,0.061152,0.000312,0.020349259999999994
dwconv-bn-relu_prior_ISEC0F.pt,7,48,48,5,1,0.061152,0.001248,0.019817320000000003
dwconv-bn-relu_prior_IB1DA9.pt,14,48,48,5,2,0.061152,0.001248,0.019481519999999995
dwconv-bn-relu_prior_ZENFG2.pt,7,48,48,5,1,0.061152,0.001248,0.01977064
dwconv-bn-relu_prior_NU5TQN.pt,14,25,25,7,2,0.06125,0.00125,0.02015698
dwconv-bn-relu_prior_IZO9QM.pt,7,25,25,7,1,0.06125,0.00125,0.019883120000000004
dwconv-bn-relu_prior_2SWV2B.pt,14,127,127,3,2,0.06223,0.00127,0.019695499999999994
dwconv-bn-relu_prior_A7C6SX.pt,7,49,49,5,1,0.062426,0.001274,0.019742620000000002
dwconv-bn-relu_prior_CMKICS.pt,7,49,49,5,1,0.062426,0.001274,0.019497539999999994
dwconv-bn-relu_prior_7STZHK.pt,14,32,32,3,1,0.06272,0.00032,0.020122699999999997
dwconv-bn-relu_prior_ZPXL18.pt,28,32,32,3,2,0.06272,0.00032,0.020054979999999997
dwconv-bn-relu_prior_MV2AT0.pt,7,26,26,7,1,0.0637,0.0013,0.019804820000000004
dwconv-bn-relu_prior_IL0K9I.pt,7,50,50,5,1,0.0637,0.0013,0.019772679999999997
dwconv-bn-relu_prior_2CKXB9.pt,7,50,50,5,1,0.0637,0.0013,0.02034457999999999
dwconv-bn-relu_prior_2URSAY.pt,7,50,50,5,1,0.0637,0.0013,0.019735660000000002
dwconv-bn-relu_prior_BVSU58.pt,14,131,131,3,2,0.06419,0.00131,0.019713400000000002
dwconv-bn-relu_prior_SAYVC2.pt,14,33,33,3,1,0.06468,0.00033,0.019633420000000006
dwconv-bn-relu_prior_UG76NZ.pt,14,33,33,3,1,0.06468,0.00033,0.020271539999999998
dwconv-bn-relu_prior_1V2VZ6.pt,14,33,33,3,1,0.06468,0.00033,0.019905400000000007
dwconv-bn-relu_prior_7IGUED.pt,14,33,33,3,1,0.06468,0.00033,0.01977503999999999
dwconv-bn-relu_prior_81US6M.pt,14,33,33,3,1,0.06468,0.00033,0.02031964
dwconv-bn-relu_prior_YP3T05.pt,28,33,33,3,2,0.06468,0.00033,0.019603659999999995
dwconv-bn-relu_prior_92FBPO.pt,7,51,51,5,1,0.064974,0.001326,0.01958794
dwconv-bn-relu_prior_K4IJGB.pt,7,51,51,5,1,0.064974,0.001326,0.01973632
dwconv-bn-relu_prior_63MLCP.pt,14,13,13,5,1,0.066248,0.000338,0.020197439999999997
dwconv-bn-relu_prior_SG4IVJ.pt,7,52,52,5,1,0.066248,0.001352,0.020295319999999995
dwconv-bn-relu_prior_QYMKF5.pt,7,52,52,5,1,0.066248,0.001352,0.01963946
dwconv-bn-relu_prior_SPCHHI.pt,7,52,52,5,1,0.066248,0.001352,0.019799140000000003
dwconv-bn-relu_prior_ZWDEWA.pt,14,52,52,5,2,0.066248,0.001352,0.01981438
dwconv-bn-relu_prior_ET5TIW.pt,14,34,34,3,1,0.06664,0.00034,0.019759659999999995
dwconv-bn-relu_prior_1ED0W5.pt,14,34,34,3,1,0.06664,0.00034,0.020159299999999995
dwconv-bn-relu_prior_P1F93H.pt,14,34,34,3,1,0.06664,0.00034,0.01975302
dwconv-bn-relu_prior_D0S2PL.pt,14,34,34,3,1,0.06664,0.00034,0.019935280000000003
dwconv-bn-relu_prior_AS1U2C.pt,14,34,34,3,1,0.06664,0.00034,0.019745699999999998
dwconv-bn-relu_prior_VQGM74.pt,7,136,136,3,1,0.06664,0.00136,0.019892660000000003
dwconv-bn-relu_prior_56RS3R.pt,7,53,53,5,1,0.067522,0.001378,0.019650699999999997
dwconv-bn-relu_prior_P29GPQ.pt,7,53,53,5,1,0.067522,0.001378,0.019867300000000004
dwconv-bn-relu_prior_43D514.pt,7,139,139,3,1,0.06811,0.00139,0.019910139999999993
dwconv-bn-relu_prior_CGI1QK.pt,7,139,139,3,1,0.06811,0.00139,0.0200952
dwconv-bn-relu_prior_I7BDKK.pt,7,54,54,5,1,0.068796,0.001404,0.019601120000000003
dwconv-bn-relu_prior_NMYEHM.pt,7,54,54,5,1,0.068796,0.001404,0.019996100000000003
dwconv-bn-relu_prior_WRZZCO.pt,14,54,54,5,2,0.068796,0.001404,0.0196278
dwconv-bn-relu_prior_3RMNDA.pt,7,563,563,3,2,0.0689675,0.00563,0.019756220000000005
dwconv-bn-relu_prior_AJS2K7.pt,7,55,55,5,1,0.07007,0.00143,0.01971492
dwconv-bn-relu_prior_C7B2VN.pt,7,55,55,5,1,0.07007,0.00143,0.01955782
dwconv-bn-relu_prior_F23QQ6.pt,7,55,55,5,1,0.07007,0.00143,0.019849639999999998
dwconv-bn-relu_prior_9Q33A9.pt,7,55,55,5,1,0.07007,0.00143,0.019764100000000003
dwconv-bn-relu_prior_8D4LBW.pt,14,36,36,3,1,0.07056,0.00036,0.03609876
dwconv-bn-relu_prior_53PNXX.pt,14,36,36,3,1,0.07056,0.00036,0.01978668
dwconv-bn-relu_prior_NWHG2Q.pt,14,36,36,3,1,0.07056,0.00036,0.019920359999999998
dwconv-bn-relu_prior_UH14VX.pt,14,36,36,3,1,0.07056,0.00036,0.019807399999999996
dwconv-bn-relu_prior_UWQRY7.pt,14,144,144,3,2,0.07056,0.00144,0.0197994
dwconv-bn-relu_prior_0QE9FL.pt,7,580,580,3,2,0.07105,0.0058,0.019717020000000002
dwconv-bn-relu_prior_2YI9UR.pt,14,14,14,5,1,0.071344,0.000364,0.019746359999999994
dwconv-bn-relu_prior_RI8S0K.pt,7,56,56,5,1,0.071344,0.001456,0.01982494
dwconv-bn-relu_prior_CIOSOT.pt,7,56,56,5,1,0.071344,0.001456,0.0196087
dwconv-bn-relu_prior_T3IX52.pt,7,56,56,5,1,0.071344,0.001456,0.019917880000000002
dwconv-bn-relu_prior_6B22WV.pt,7,146,146,3,1,0.07154,0.00146,0.01970978
dwconv-bn-relu_prior_F3GDT9.pt,14,147,147,3,2,0.07203,0.00147,0.019759879999999994
dwconv-bn-relu_prior_H6815G.pt,14,37,37,3,1,0.07252,0.00037,0.019960280000000007
dwconv-bn-relu_prior_FY8Y44.pt,14,37,37,3,1,0.07252,0.00037,0.020276180000000005
dwconv-bn-relu_prior_6U3FJV.pt,14,37,37,3,1,0.07252,0.00037,0.0198251
dwconv-bn-relu_prior_3TB347.pt,14,37,37,3,1,0.07252,0.00037,0.019610339999999997
dwconv-bn-relu_prior_PY2MIX.pt,7,57,57,5,1,0.072618,0.001482,0.019689819999999997
dwconv-bn-relu_prior_LCSPA2.pt,7,57,57,5,1,0.072618,0.001482,0.019615379999999998
dwconv-bn-relu_prior_TKQNVA.pt,7,150,150,3,1,0.0735,0.0015,0.01977802
dwconv-bn-relu_prior_OBUTEP.pt,14,30,30,7,2,0.0735,0.0015,0.019745060000000005
dwconv-bn-relu_prior_18CJ1C.pt,7,150,150,3,1,0.0735,0.0015,0.01983898
dwconv-bn-relu_prior_WNDKMM.pt,14,58,58,5,2,0.073892,0.001508,0.019863479999999996
dwconv-bn-relu_prior_JD5N5F.pt,7,58,58,5,1,0.073892,0.001508,0.019751199999999997
dwconv-bn-relu_prior_I3FD8V.pt,7,151,151,3,1,0.07399,0.00151,0.01987544
dwconv-bn-relu_prior_ZJ18PT.pt,7,151,151,3,1,0.07399,0.00151,0.019792860000000006
dwconv-bn-relu_prior_BX04BI.pt,28,38,38,3,2,0.07448,0.00038,0.0203007
dwconv-bn-relu_prior_JZHRH9.pt,14,38,38,3,1,0.07448,0.00038,0.01979524
dwconv-bn-relu_prior_WBBL1R.pt,14,38,38,3,1,0.07448,0.00038,0.01961472
dwconv-bn-relu_prior_ZH3MK6.pt,7,236,236,5,2,0.075166,0.006136,0.019997800000000003
dwconv-bn-relu_prior_12TQMM.pt,7,154,154,3,1,0.07546,0.00154,0.019603680000000002
dwconv-bn-relu_prior_JZ36M8.pt,7,154,154,3,1,0.07546,0.00154,0.01990342
dwconv-bn-relu_prior_UG8YY4.pt,7,154,154,3,1,0.07546,0.00154,0.019725160000000002
dwconv-bn-relu_prior_J87JTX.pt,7,154,154,3,1,0.07546,0.00154,0.01985006
dwconv-bn-relu_prior_7AKFA1.pt,7,154,154,3,1,0.07546,0.00154,0.019667499999999997
dwconv-bn-relu_prior_EK321K.pt,7,155,155,3,1,0.07595,0.00155,0.019988380000000004
dwconv-bn-relu_prior_K08MJJ.pt,7,155,155,3,1,0.07595,0.00155,0.02041326
dwconv-bn-relu_prior_H6Q324.pt,7,155,155,3,1,0.07595,0.00155,0.0197805
dwconv-bn-relu_prior_OGR3GX.pt,7,155,155,3,1,0.07595,0.00155,0.01973706
dwconv-bn-relu_prior_X0U4DP.pt,14,39,39,3,1,0.07644,0.00039,0.01974152
dwconv-bn-relu_prior_GTXAU1.pt,14,39,39,3,1,0.07644,0.00039,0.0199485
dwconv-bn-relu_prior_63I3U5.pt,14,15,15,5,1,0.07644,0.00039,0.019531559999999993
dwconv-bn-relu_prior_MMCPUY.pt,14,15,15,5,1,0.07644,0.00039,0.02023742
dwconv-bn-relu_prior_E2W9D7.pt,14,15,15,5,1,0.07644,0.00039,0.020630399999999997
dwconv-bn-relu_prior_M9ZCFJ.pt,7,60,60,5,1,0.07644,0.00156,0.01992212
dwconv-bn-relu_prior_WCAM4C.pt,14,157,157,3,2,0.07693,0.00157,0.020161900000000003
dwconv-bn-relu_prior_4GG6IZ.pt,7,158,158,3,1,0.07742,0.00158,0.020241799999999997
dwconv-bn-relu_prior_ZMBYHM.pt,7,158,158,3,1,0.07742,0.00158,0.01975576
dwconv-bn-relu_prior_2H0GRH.pt,7,61,61,5,1,0.077714,0.001586,0.01949324
dwconv-bn-relu_prior_G02JI4.pt,7,159,159,3,1,0.07791,0.00159,0.019746160000000002
dwconv-bn-relu_prior_WLF6QI.pt,7,159,159,3,1,0.07791,0.00159,0.01973988
dwconv-bn-relu_prior_7SEQ3V.pt,7,159,159,3,1,0.07791,0.00159,0.019496799999999995
dwconv-bn-relu_prior_86OEJE.pt,7,159,159,3,1,0.07791,0.00159,0.020325899999999997
dwconv-bn-relu_prior_5KFGA1.pt,14,40,40,3,1,0.0784,0.0004,0.019883800000000007
dwconv-bn-relu_prior_NXLMKT.pt,14,40,40,3,1,0.0784,0.0004,0.01971246
dwconv-bn-relu_prior_Q3JYFP.pt,14,40,40,3,1,0.0784,0.0004,0.01991172
dwconv-bn-relu_prior_U01KFJ.pt,14,40,40,3,1,0.0784,0.0004,0.020065140000000002
dwconv-bn-relu_prior_IHCPV6.pt,14,40,40,3,1,0.0784,0.0004,0.01978280000000001
dwconv-bn-relu_prior_LZ8EN7.pt,7,160,160,3,1,0.0784,0.0016,0.019869360000000006
dwconv-bn-relu_prior_OEM40S.pt,7,247,247,5,2,0.0786695,0.006422,0.019624459999999996
dwconv-bn-relu_prior_1LFF9O.pt,14,161,161,3,2,0.07889,0.00161,0.0200334
dwconv-bn-relu_prior_0RPI4X.pt,7,161,161,3,1,0.07889,0.00161,0.020005439999999996
dwconv-bn-relu_prior_BVIM7P.pt,7,62,62,5,1,0.078988,0.001612,0.019784700000000002
dwconv-bn-relu_prior_NSVKE7.pt,7,62,62,5,1,0.078988,0.001612,0.019651420000000003
dwconv-bn-relu_prior_IWGCCG.pt,7,162,162,3,1,0.07938,0.00162,0.019629720000000003
dwconv-bn-relu_prior_GTBMUK.pt,7,163,163,3,1,0.07987,0.00163,0.019928460000000002
dwconv-bn-relu_prior_OSFNYP.pt,14,163,163,3,2,0.07987,0.00163,0.019540000000000002
dwconv-bn-relu_prior_AM32CD.pt,7,163,163,3,1,0.07987,0.00163,0.020216219999999997
dwconv-bn-relu_prior_GMQ8JH.pt,7,163,163,3,1,0.07987,0.00163,0.020119040000000005
dwconv-bn-relu_prior_HZYF5X.pt,7,163,163,3,1,0.07987,0.00163,0.01971428
dwconv-bn-relu_prior_SJATGI.pt,7,63,63,5,1,0.080262,0.001638,0.0197583
dwconv-bn-relu_prior_4H4Y2E.pt,14,41,41,3,1,0.08036,0.00041,0.020330840000000003
dwconv-bn-relu_prior_ABIKMR.pt,14,41,41,3,1,0.08036,0.00041,0.019700339999999997
dwconv-bn-relu_prior_POA18U.pt,14,41,41,3,1,0.08036,0.00041,0.019834580000000004
dwconv-bn-relu_prior_0VBFVO.pt,14,41,41,3,1,0.08036,0.00041,0.019597180000000002
dwconv-bn-relu_prior_E8UJTN.pt,14,41,41,3,1,0.08036,0.00041,0.020146760000000007
dwconv-bn-relu_prior_F0VAWO.pt,14,41,41,3,1,0.08036,0.00041,0.019835819999999994
dwconv-bn-relu_prior_40LM9C.pt,14,41,41,3,1,0.08036,0.00041,0.01965748000000001
dwconv-bn-relu_prior_P5PLW8.pt,14,41,41,3,1,0.08036,0.00041,0.0198768
dwconv-bn-relu_prior_C8UVL4.pt,7,164,164,3,1,0.08036,0.00164,0.020624319999999998
dwconv-bn-relu_prior_DA9CZ8.pt,14,164,164,3,2,0.08036,0.00164,0.01984928000000001
dwconv-bn-relu_prior_YNF2RR.pt,7,165,165,3,1,0.08085,0.00165,0.02028372
dwconv-bn-relu_prior_JAXWFO.pt,7,165,165,3,1,0.08085,0.00165,0.019634739999999994
dwconv-bn-relu_prior_HBKGYK.pt,7,165,165,3,1,0.08085,0.00165,0.019670100000000003
dwconv-bn-relu_prior_4XTEQP.pt,7,165,165,3,1,0.08085,0.00165,0.020055099999999996
dwconv-bn-relu_prior_OVI6LY.pt,7,166,166,3,1,0.08134,0.00166,0.020289060000000005
dwconv-bn-relu_prior_T7IU1F.pt,7,166,166,3,1,0.08134,0.00166,0.01992174
dwconv-bn-relu_prior_EEIDY4.pt,14,16,16,5,1,0.081536,0.000416,0.01980633999999999
dwconv-bn-relu_prior_RSXW01.pt,14,16,16,5,1,0.081536,0.000416,0.019736720000000003
dwconv-bn-relu_prior_VV4RM4.pt,7,64,64,5,1,0.081536,0.001664,0.0196303
dwconv-bn-relu_prior_F7WNEY.pt,7,64,64,5,1,0.081536,0.001664,0.019754999999999998
dwconv-bn-relu_prior_UUV568.pt,7,64,64,5,1,0.081536,0.001664,0.019660419999999994
dwconv-bn-relu_prior_1AMW1E.pt,7,64,64,5,1,0.081536,0.001664,0.019528919999999995
dwconv-bn-relu_prior_HM3SR6.pt,14,167,167,3,2,0.08183,0.00167,0.01993206
dwconv-bn-relu_prior_KIFRPY.pt,7,167,167,3,1,0.08183,0.00167,0.01980084
dwconv-bn-relu_prior_DHJW0B.pt,7,167,167,3,1,0.08183,0.00167,0.019509819999999997
dwconv-bn-relu_prior_1MU2D9.pt,14,42,42,3,1,0.08232,0.00042,0.0197026
dwconv-bn-relu_prior_JAE17D.pt,28,42,42,3,2,0.08232,0.00042,0.01957206
dwconv-bn-relu_prior_L1A4VH.pt,14,42,42,3,1,0.08232,0.00042,0.020130259999999997
dwconv-bn-relu_prior_8IY696.pt,7,168,168,3,1,0.08232,0.00168,0.019707300000000004
dwconv-bn-relu_prior_8U0HX6.pt,7,168,168,3,1,0.08232,0.00168,0.019782
dwconv-bn-relu_prior_S7PMNU.pt,7,65,65,5,1,0.08281,0.00169,0.01967758
dwconv-bn-relu_prior_9X5YUR.pt,7,169,169,3,1,0.08281,0.00169,0.0196437
dwconv-bn-relu_prior_EDHJ8J.pt,7,65,65,5,1,0.08281,0.00169,0.019603899999999997
dwconv-bn-relu_prior_C5N07J.pt,7,65,65,5,1,0.08281,0.00169,0.01985196
dwconv-bn-relu_prior_6PM8EP.pt,7,170,170,3,1,0.0833,0.0017,0.01988498
dwconv-bn-relu_prior_01S1CH.pt,7,170,170,3,1,0.0833,0.0017,0.019638440000000004
dwconv-bn-relu_prior_FXFVKG.pt,7,170,170,3,1,0.0833,0.0017,0.019641459999999996
dwconv-bn-relu_prior_XI7T9T.pt,7,171,171,3,1,0.08379,0.00171,0.019747740000000003
dwconv-bn-relu_prior_J18G6I.pt,7,171,171,3,1,0.08379,0.00171,0.019615260000000002
dwconv-bn-relu_prior_U4ZMRO.pt,7,171,171,3,1,0.08379,0.00171,0.019992199999999998
dwconv-bn-relu_prior_3P6YIH.pt,7,171,171,3,1,0.08379,0.00171,0.019896020000000004
dwconv-bn-relu_prior_VIJVO6.pt,7,66,66,5,1,0.084084,0.001716,0.019867120000000002
dwconv-bn-relu_prior_THHCH8.pt,7,66,66,5,1,0.084084,0.001716,0.019783679999999994
dwconv-bn-relu_prior_53LPKI.pt,14,43,43,3,1,0.08428,0.00043,0.0197279
dwconv-bn-relu_prior_V4U40H.pt,14,43,43,3,1,0.08428,0.00043,0.019623520000000002
dwconv-bn-relu_prior_JE9807.pt,14,43,43,3,1,0.08428,0.00043,0.01979246
dwconv-bn-relu_prior_MLZI6H.pt,14,43,43,3,1,0.08428,0.00043,0.01972561999999999
dwconv-bn-relu_prior_EINO4J.pt,28,43,43,3,2,0.08428,0.00043,0.01960938
dwconv-bn-relu_prior_ICH02K.pt,7,172,172,3,1,0.08428,0.00172,0.019919779999999995
dwconv-bn-relu_prior_W8VJ2K.pt,7,172,172,3,1,0.08428,0.00172,0.01980532
dwconv-bn-relu_prior_GWQ62G.pt,7,172,172,3,1,0.08428,0.00172,0.01983466
dwconv-bn-relu_prior_MDR7YO.pt,7,172,172,3,1,0.08428,0.00172,0.019653379999999998
dwconv-bn-relu_prior_QXCKW4.pt,7,172,172,3,1,0.08428,0.00172,0.019645560000000003
dwconv-bn-relu_prior_G5NC1T.pt,7,173,173,3,1,0.08477,0.00173,0.01958898
dwconv-bn-relu_prior_8WLWZK.pt,7,173,173,3,1,0.08477,0.00173,0.019586620000000006
dwconv-bn-relu_prior_XG71FY.pt,7,173,173,3,1,0.08477,0.00173,0.019697219999999994
dwconv-bn-relu_prior_SZ9YWX.pt,7,173,173,3,1,0.08477,0.00173,0.0198139
dwconv-bn-relu_prior_L32XSO.pt,7,173,173,3,1,0.08477,0.00173,0.01979282
dwconv-bn-relu_prior_BF9XKR.pt,14,173,173,3,2,0.08477,0.00173,0.020032679999999997
dwconv-bn-relu_prior_A4RAWO.pt,14,174,174,3,2,0.08526,0.00174,0.01986722
dwconv-bn-relu_prior_MX1LOU.pt,7,174,174,3,1,0.08526,0.00174,0.01990084
dwconv-bn-relu_prior_WE0C0L.pt,14,174,174,3,2,0.08526,0.00174,0.019719459999999998
dwconv-bn-relu_prior_8DVSL1.pt,7,67,67,5,1,0.085358,0.001742,0.019786359999999996
dwconv-bn-relu_prior_ILM5ZD.pt,7,35,35,7,1,0.08575,0.00175,0.01964066
dwconv-bn-relu_prior_DJ6ADT.pt,7,175,175,3,1,0.08575,0.00175,0.01982836000000001
dwconv-bn-relu_prior_5ENK40.pt,7,175,175,3,1,0.08575,0.00175,0.019641580000000002
dwconv-bn-relu_prior_TLDI0K.pt,7,175,175,3,1,0.08575,0.00175,0.020010619999999996
dwconv-bn-relu_prior_3RMP26.pt,7,175,175,3,1,0.08575,0.00175,0.019722299999999995
dwconv-bn-relu_prior_ZJ4V79.pt,14,35,35,7,2,0.08575,0.00175,0.01977262
dwconv-bn-relu_prior_NEM9UY.pt,7,175,175,3,1,0.08575,0.00175,0.01990606
dwconv-bn-relu_prior_DNXL7G.pt,28,44,44,3,2,0.08624,0.00044,0.019599680000000005
dwconv-bn-relu_prior_PZLO5T.pt,14,44,44,3,1,0.08624,0.00044,0.019791600000000006
dwconv-bn-relu_prior_697TVE.pt,14,44,44,3,1,0.08624,0.00044,0.019735259999999998
dwconv-bn-relu_prior_MO87S0.pt,14,44,44,3,1,0.08624,0.00044,0.019670460000000008
dwconv-bn-relu_prior_KHWE7R.pt,14,44,44,3,1,0.08624,0.00044,0.01965426
dwconv-bn-relu_prior_1ZWUNL.pt,14,17,17,5,1,0.086632,0.000442,0.0197855
dwconv-bn-relu_prior_JASKIT.pt,14,17,17,5,1,0.086632,0.000442,0.02064062
dwconv-bn-relu_prior_1FQ907.pt,14,17,17,5,1,0.086632,0.000442,0.020296280000000003
dwconv-bn-relu_prior_4MFLZ3.pt,14,17,17,5,1,0.086632,0.000442,0.019503980000000004
dwconv-bn-relu_prior_VB4CEA.pt,14,68,68,5,2,0.086632,0.001768,0.0336026
dwconv-bn-relu_prior_PNPD2U.pt,7,68,68,5,1,0.086632,0.001768,0.01959508
dwconv-bn-relu_prior_OIMICU.pt,7,177,177,3,1,0.08673,0.00177,0.01995108
dwconv-bn-relu_prior_NL57NO.pt,7,177,177,3,1,0.08673,0.00177,0.019579820000000005
dwconv-bn-relu_prior_28ZT8E.pt,7,177,177,3,1,0.08673,0.00177,0.01966188
dwconv-bn-relu_prior_SUM6ZY.pt,7,177,177,3,1,0.08673,0.00177,0.019668079999999998
dwconv-bn-relu_prior_V199AV.pt,7,178,178,3,1,0.08722,0.00178,0.0196975
dwconv-bn-relu_prior_LR42BE.pt,7,178,178,3,1,0.08722,0.00178,0.02032892
dwconv-bn-relu_prior_SWBO72.pt,7,178,178,3,1,0.08722,0.00178,0.019601039999999997
dwconv-bn-relu_prior_F5V13I.pt,14,178,178,3,2,0.08722,0.00178,0.019892640000000003
dwconv-bn-relu_prior_DM4MD4.pt,7,179,179,3,1,0.08771,0.00179,0.020291219999999992
dwconv-bn-relu_prior_0L89EO.pt,7,179,179,3,1,0.08771,0.00179,0.019801920000000004
dwconv-bn-relu_prior_AZ6B10.pt,14,179,179,3,2,0.08771,0.00179,0.01977784
dwconv-bn-relu_prior_1VI9GA.pt,7,179,179,3,1,0.08771,0.00179,0.01976298
dwconv-bn-relu_prior_NTXH1H.pt,7,179,179,3,1,0.08771,0.00179,0.019971420000000004
dwconv-bn-relu_prior_S4X3G9.pt,7,179,179,3,1,0.08771,0.00179,0.01984986
dwconv-bn-relu_prior_G9U3RM.pt,7,179,179,3,1,0.08771,0.00179,0.01969496
dwconv-bn-relu_prior_I9Q8AA.pt,14,69,69,5,2,0.087906,0.001794,0.01977586
dwconv-bn-relu_prior_VW5VL9.pt,14,45,45,3,1,0.0882,0.00045,0.019499919999999997
dwconv-bn-relu_prior_BRRSI3.pt,14,45,45,3,1,0.0882,0.00045,0.01951682
dwconv-bn-relu_prior_Z4P5KU.pt,7,180,180,3,1,0.0882,0.0018,0.0199683
dwconv-bn-relu_prior_XIVILA.pt,14,180,180,3,2,0.0882,0.0018,0.019711420000000004
dwconv-bn-relu_prior_QMJPAD.pt,14,180,180,3,2,0.0882,0.0018,0.019661720000000004
dwconv-bn-relu_prior_HW5T87.pt,7,180,180,3,1,0.0882,0.0018,0.019630959999999996
dwconv-bn-relu_prior_98U251.pt,7,36,36,7,1,0.0882,0.0018,0.020071699999999994
dwconv-bn-relu_prior_XUNCPN.pt,7,180,180,3,1,0.0882,0.0018,0.019566700000000003
dwconv-bn-relu_prior_UTSVEB.pt,7,181,181,3,1,0.08869,0.00181,0.01962224
dwconv-bn-relu_prior_GMHCXM.pt,7,181,181,3,1,0.08869,0.00181,0.020126519999999995
dwconv-bn-relu_prior_ZSUN4H.pt,7,70,70,5,1,0.08918,0.00182,0.019792680000000003
dwconv-bn-relu_prior_SH1U5Z.pt,14,70,70,5,2,0.08918,0.00182,0.020197079999999996
dwconv-bn-relu_prior_YI96N3.pt,7,70,70,5,1,0.08918,0.00182,0.01971014
dwconv-bn-relu_prior_3N10RW.pt,7,183,183,3,1,0.08967,0.00183,0.019916459999999997
dwconv-bn-relu_prior_F6AVEA.pt,14,46,46,3,1,0.09016,0.00046,0.0197893
dwconv-bn-relu_prior_GVUFV3.pt,14,46,46,3,1,0.09016,0.00046,0.019903859999999995
dwconv-bn-relu_prior_E2QDT2.pt,14,46,46,3,1,0.09016,0.00046,0.0196164
dwconv-bn-relu_prior_RE01Q8.pt,7,184,184,3,1,0.09016,0.00184,0.019864820000000002
dwconv-bn-relu_prior_ZTUUMO.pt,7,184,184,3,1,0.09016,0.00184,0.0198018
dwconv-bn-relu_prior_EN8NFA.pt,7,71,71,5,1,0.090454,0.001846,0.020232959999999998
dwconv-bn-relu_prior_N7GG2V.pt,7,71,71,5,1,0.090454,0.001846,0.020040220000000004
dwconv-bn-relu_prior_C3913Y.pt,14,71,71,5,2,0.090454,0.001846,0.019688859999999996
dwconv-bn-relu_prior_0C65UJ.pt,7,71,71,5,1,0.090454,0.001846,0.020212839999999996
dwconv-bn-relu_prior_DF0WB1.pt,7,71,71,5,1,0.090454,0.001846,0.019816439999999998
dwconv-bn-relu_prior_4J24OE.pt,7,71,71,5,1,0.090454,0.001846,0.01965888
dwconv-bn-relu_prior_XF2G97.pt,7,187,187,3,1,0.09163,0.00187,0.01977054
dwconv-bn-relu_prior_IN2I2T.pt,14,18,18,5,1,0.091728,0.000468,0.01949252
dwconv-bn-relu_prior_3KWGHX.pt,7,72,72,5,1,0.091728,0.001872,0.019864400000000004
dwconv-bn-relu_prior_H1HOFM.pt,7,72,72,5,1,0.091728,0.001872,0.019761660000000004
dwconv-bn-relu_prior_U31UZ9.pt,14,47,47,3,1,0.09212,0.00047,0.019849699999999998
dwconv-bn-relu_prior_JSK6SD.pt,14,47,47,3,1,0.09212,0.00047,0.01983598
dwconv-bn-relu_prior_XPAHW0.pt,14,47,47,3,1,0.09212,0.00047,0.01971706
dwconv-bn-relu_prior_316WT8.pt,14,47,47,3,1,0.09212,0.00047,0.019814279999999997
dwconv-bn-relu_prior_IMJSOG.pt,7,73,73,5,1,0.093002,0.001898,0.019767240000000002
dwconv-bn-relu_prior_DFK941.pt,7,73,73,5,1,0.093002,0.001898,0.0197844
dwconv-bn-relu_prior_MLAXRK.pt,7,191,191,3,1,0.09359,0.00191,0.020346660000000003
dwconv-bn-relu_prior_SE69IY.pt,28,12,12,3,1,0.09408,0.00012,0.019632379999999998
dwconv-bn-relu_prior_JFWGAV.pt,14,48,48,3,1,0.09408,0.00048,0.01974816
dwconv-bn-relu_prior_X4QW50.pt,14,48,48,3,1,0.09408,0.00048,0.019681900000000002
dwconv-bn-relu_prior_8U90RG.pt,14,48,48,3,1,0.09408,0.00048,0.020289339999999996
dwconv-bn-relu_prior_T7VY3J.pt,14,48,48,3,1,0.09408,0.00048,0.019894759999999997
dwconv-bn-relu_prior_5HLRW4.pt,14,48,48,3,1,0.09408,0.00048,0.019885539999999997
dwconv-bn-relu_prior_VZQZ34.pt,14,48,48,3,1,0.09408,0.00048,0.019888560000000003
dwconv-bn-relu_prior_QGQCPP.pt,14,48,48,3,1,0.09408,0.00048,0.01997378
dwconv-bn-relu_prior_OBXP3Z.pt,28,48,48,3,2,0.09408,0.00048,0.019856480000000003
dwconv-bn-relu_prior_4K768E.pt,7,74,74,5,1,0.094276,0.001924,0.01980614
dwconv-bn-relu_prior_MQIAZ2.pt,7,74,74,5,1,0.094276,0.001924,0.0198318
dwconv-bn-relu_prior_DR3HXD.pt,14,74,74,5,2,0.094276,0.001924,0.020152680000000006
dwconv-bn-relu_prior_QUS3SF.pt,7,75,75,5,1,0.09555,0.00195,0.019777700000000006
dwconv-bn-relu_prior_4CPKBV.pt,7,75,75,5,1,0.09555,0.00195,0.0198747
dwconv-bn-relu_prior_VDBXTA.pt,7,195,195,3,1,0.09555,0.00195,0.0196065
dwconv-bn-relu_prior_GV4E2S.pt,7,39,39,7,1,0.09555,0.00195,0.01996852
dwconv-bn-relu_prior_PM9USD.pt,7,75,75,5,1,0.09555,0.00195,0.01976394
dwconv-bn-relu_prior_X919L2.pt,14,195,195,3,2,0.09555,0.00195,0.019759319999999997
dwconv-bn-relu_prior_UUMJDI.pt,7,75,75,5,1,0.09555,0.00195,0.019881579999999992
dwconv-bn-relu_prior_YR2GBJ.pt,14,49,49,3,1,0.09604,0.00049,0.020269340000000007
dwconv-bn-relu_prior_BU0C79.pt,14,49,49,3,1,0.09604,0.00049,0.019816239999999995
dwconv-bn-relu_prior_MUGG2X.pt,14,49,49,3,1,0.09604,0.00049,0.020049
dwconv-bn-relu_prior_HMO09H.pt,14,49,49,3,1,0.09604,0.00049,0.019655939999999997
dwconv-bn-relu_prior_2R282N.pt,7,196,196,3,1,0.09604,0.00196,0.01978541999999999
dwconv-bn-relu_prior_EX097Q.pt,28,19,19,5,2,0.096824,0.000494,0.01992258
dwconv-bn-relu_prior_08NSOZ.pt,14,19,19,5,1,0.096824,0.000494,0.019754339999999995
dwconv-bn-relu_prior_Y573DE.pt,7,76,76,5,1,0.096824,0.001976,0.01999718
dwconv-bn-relu_prior_CVYLBG.pt,7,76,76,5,1,0.096824,0.001976,0.020284579999999997
dwconv-bn-relu_prior_E3KYBR.pt,14,76,76,5,2,0.096824,0.001976,0.02009261999999999
dwconv-bn-relu_prior_SV6QR1.pt,7,76,76,5,1,0.096824,0.001976,0.020125639999999997
dwconv-bn-relu_prior_OSEVBI.pt,7,76,76,5,1,0.096824,0.001976,0.020357059999999993
dwconv-bn-relu_prior_R8T19Y.pt,7,76,76,5,1,0.096824,0.001976,0.020274019999999993
dwconv-bn-relu_prior_07XT6Y.pt,14,50,50,3,1,0.098,0.0005,0.02018508
dwconv-bn-relu_prior_Z4BQUP.pt,14,50,50,3,1,0.098,0.0005,0.020574460000000006
dwconv-bn-relu_prior_ZD5T5R.pt,14,50,50,3,1,0.098,0.0005,0.019878899999999998
dwconv-bn-relu_prior_JSVVD7.pt,14,50,50,3,1,0.098,0.0005,0.020065259999999994
dwconv-bn-relu_prior_C27785.pt,14,50,50,3,1,0.098,0.0005,0.019868939999999998
dwconv-bn-relu_prior_DV9D9J.pt,14,50,50,3,1,0.098,0.0005,0.019992820000000005
dwconv-bn-relu_prior_FBQPSK.pt,7,40,40,7,1,0.098,0.002,0.019635580000000007
dwconv-bn-relu_prior_T1T9WR.pt,7,40,40,7,1,0.098,0.002,0.019883399999999996
dwconv-bn-relu_prior_PTG9CI.pt,7,77,77,5,1,0.098098,0.002002,0.01959564
dwconv-bn-relu_prior_RYN3FZ.pt,7,77,77,5,1,0.098098,0.002002,0.020374139999999995
dwconv-bn-relu_prior_MEMQOI.pt,14,77,77,5,2,0.098098,0.002002,0.01981522
dwconv-bn-relu_prior_OZU1C1.pt,7,201,201,3,1,0.09849,0.00201,0.019697580000000003
dwconv-bn-relu_prior_9JD9Q0.pt,7,201,201,3,1,0.09849,0.00201,0.019813900000000002
dwconv-bn-relu_prior_R1AH4J.pt,7,78,78,5,1,0.099372,0.002028,0.01963180000000001
dwconv-bn-relu_prior_B1PGUV.pt,7,78,78,5,1,0.099372,0.002028,0.019844399999999998
dwconv-bn-relu_prior_R7MCLU.pt,7,78,78,5,1,0.099372,0.002028,0.01955668
dwconv-bn-relu_prior_JU7Y5F.pt,14,51,51,3,1,0.09996,0.00051,0.019733139999999996
dwconv-bn-relu_prior_ZO05DS.pt,14,79,79,5,2,0.100646,0.002054,0.01961346
dwconv-bn-relu_prior_W9G1GP.pt,7,79,79,5,1,0.100646,0.002054,0.019663139999999996
dwconv-bn-relu_prior_GBO6S2.pt,7,79,79,5,1,0.100646,0.002054,0.01945822
dwconv-bn-relu_prior_2F5KQ6.pt,7,79,79,5,1,0.100646,0.002054,0.019663860000000002
dwconv-bn-relu_prior_UN9LUL.pt,28,13,13,3,1,0.10192,0.00013,0.02017266
dwconv-bn-relu_prior_NE9FKP.pt,28,13,13,3,1,0.10192,0.00013,0.019996060000000003
dwconv-bn-relu_prior_SAJJE8.pt,28,13,13,3,1,0.10192,0.00013,0.02021024
dwconv-bn-relu_prior_LGF66N.pt,28,13,13,3,1,0.10192,0.00013,0.02029202
dwconv-bn-relu_prior_4N1S1F.pt,14,52,52,3,1,0.10192,0.00052,0.019580120000000003
dwconv-bn-relu_prior_MNOHC0.pt,14,52,52,3,1,0.10192,0.00052,0.019848460000000002
dwconv-bn-relu_prior_RBF5CN.pt,14,52,52,3,1,0.10192,0.00052,0.01977956
dwconv-bn-relu_prior_L5BLXJ.pt,14,52,52,3,1,0.10192,0.00052,0.019744140000000007
dwconv-bn-relu_prior_M0N4MZ.pt,7,208,208,3,1,0.10192,0.00208,0.019785139999999993
dwconv-bn-relu_prior_MZTUFV.pt,7,80,80,5,1,0.10192,0.00208,0.0195954
dwconv-bn-relu_prior_78MTSY.pt,7,80,80,5,1,0.10192,0.00208,0.02036072
dwconv-bn-relu_prior_2RV88R.pt,7,81,81,5,1,0.103194,0.002106,0.0195666
dwconv-bn-relu_prior_YBGTK8.pt,14,53,53,3,1,0.10388,0.00053,0.019699599999999994
dwconv-bn-relu_prior_FSALFD.pt,14,53,53,3,1,0.10388,0.00053,0.01974994
dwconv-bn-relu_prior_WP4LB0.pt,14,53,53,3,1,0.10388,0.00053,0.020203039999999995
dwconv-bn-relu_prior_22TAON.pt,14,53,53,3,1,0.10388,0.00053,0.019952640000000004
dwconv-bn-relu_prior_9AJ7PK.pt,14,212,212,3,2,0.10388,0.00212,0.01975882
dwconv-bn-relu_prior_PFDPRX.pt,7,82,82,5,1,0.104468,0.002132,0.020003999999999994
dwconv-bn-relu_prior_KGL23Z.pt,14,82,82,5,2,0.104468,0.002132,0.019940639999999992
dwconv-bn-relu_prior_05WVH3.pt,7,82,82,5,1,0.104468,0.002132,0.019685460000000002
dwconv-bn-relu_prior_O2CBY2.pt,14,83,83,5,2,0.105742,0.002158,0.019835459999999996
dwconv-bn-relu_prior_4PDEFL.pt,28,54,54,3,2,0.10584,0.00054,0.019780040000000002
dwconv-bn-relu_prior_FY6GBZ.pt,14,54,54,3,1,0.10584,0.00054,0.01986964
dwconv-bn-relu_prior_W8VT45.pt,14,54,54,3,1,0.10584,0.00054,0.019675120000000004
dwconv-bn-relu_prior_MXRQG9.pt,14,54,54,3,1,0.10584,0.00054,0.01996888
dwconv-bn-relu_prior_OF6O62.pt,14,54,54,3,1,0.10584,0.00054,0.02013018
dwconv-bn-relu_prior_HI406O.pt,28,54,54,3,2,0.10584,0.00054,0.01999612
dwconv-bn-relu_prior_JRWI5O.pt,7,216,216,3,1,0.10584,0.00216,0.019583759999999995
dwconv-bn-relu_prior_JPUVEJ.pt,7,217,217,3,1,0.10633,0.00217,0.019794379999999993
dwconv-bn-relu_prior_E0YB77.pt,7,218,218,3,1,0.10682,0.00218,0.020255860000000004
dwconv-bn-relu_prior_5BY4XF.pt,14,21,21,5,1,0.107016,0.000546,0.019696540000000005
dwconv-bn-relu_prior_29GEVV.pt,14,21,21,5,1,0.107016,0.000546,0.019645240000000005
dwconv-bn-relu_prior_F2ZGLX.pt,7,84,84,5,1,0.107016,0.002184,0.02020372
dwconv-bn-relu_prior_RHFO90.pt,7,84,84,5,1,0.107016,0.002184,0.019843600000000003
dwconv-bn-relu_prior_IPHE2W.pt,7,84,84,5,1,0.107016,0.002184,0.019604840000000002
dwconv-bn-relu_prior_J122VJ.pt,7,219,219,3,1,0.10731,0.00219,0.020295780000000003
dwconv-bn-relu_prior_GKQOY6.pt,14,219,219,3,2,0.10731,0.00219,0.019566459999999994
dwconv-bn-relu_prior_RCRKBD.pt,7,219,219,3,1,0.10731,0.00219,0.019558399999999997
dwconv-bn-relu_prior_38H6F0.pt,14,55,55,3,1,0.1078,0.00055,0.019769479999999996
dwconv-bn-relu_prior_LGE3B7.pt,14,55,55,3,1,0.1078,0.00055,0.020179039999999995
dwconv-bn-relu_prior_A3AP5W.pt,14,55,55,3,1,0.1078,0.00055,0.020149439999999998
dwconv-bn-relu_prior_CVPDQ6.pt,14,55,55,3,1,0.1078,0.00055,0.0198037
dwconv-bn-relu_prior_M65PIS.pt,14,55,55,3,1,0.1078,0.00055,0.03636880000000001
dwconv-bn-relu_prior_6ROV4P.pt,7,44,44,7,1,0.1078,0.0022,0.0197152
dwconv-bn-relu_prior_SIWL1N.pt,7,85,85,5,1,0.10829,0.00221,0.01965888
dwconv-bn-relu_prior_J66GGP.pt,7,86,86,5,1,0.109564,0.002236,0.019702359999999995
dwconv-bn-relu_prior_CQGQ9Z.pt,7,86,86,5,1,0.109564,0.002236,0.01968944
dwconv-bn-relu_prior_WCYKDY.pt,28,14,14,3,1,0.10976,0.00014,0.0197346
dwconv-bn-relu_prior_LNY3M7.pt,28,14,14,3,1,0.10976,0.00014,0.02009082
dwconv-bn-relu_prior_88MUAT.pt,14,56,56,3,1,0.10976,0.00056,0.01977576
dwconv-bn-relu_prior_LJ8MTK.pt,28,56,56,3,2,0.10976,0.00056,0.020049300000000003
dwconv-bn-relu_prior_WOZATY.pt,14,56,56,3,1,0.10976,0.00056,0.019685640000000008
dwconv-bn-relu_prior_WA0PYS.pt,14,56,56,3,1,0.10976,0.00056,0.02025438
dwconv-bn-relu_prior_MY0IVG.pt,28,56,56,3,2,0.10976,0.00056,0.01983508
dwconv-bn-relu_prior_LKSAJT.pt,14,56,56,3,1,0.10976,0.00056,0.019901439999999992
dwconv-bn-relu_prior_CM1J9N.pt,14,56,56,3,1,0.10976,0.00056,0.019820980000000005
dwconv-bn-relu_prior_ZYCZ7E.pt,14,56,56,3,1,0.10976,0.00056,0.019502639999999998
dwconv-bn-relu_prior_9GJ588.pt,28,56,56,3,2,0.10976,0.00056,0.019767060000000003
dwconv-bn-relu_prior_2OI5N0.pt,7,224,224,3,1,0.10976,0.00224,0.019681499999999998
dwconv-bn-relu_prior_E874GE.pt,7,45,45,7,1,0.11025,0.00225,0.02012696
dwconv-bn-relu_prior_H7S9GF.pt,14,45,45,7,2,0.11025,0.00225,0.01993212
dwconv-bn-relu_prior_A0LJLG.pt,14,57,57,3,1,0.11172,0.00057,0.01969006
dwconv-bn-relu_prior_XFADSK.pt,14,57,57,3,1,0.11172,0.00057,0.019682920000000007
dwconv-bn-relu_prior_JKJ7FV.pt,14,57,57,3,1,0.11172,0.00057,0.0202081
dwconv-bn-relu_prior_6KSCWB.pt,14,57,57,3,1,0.11172,0.00057,0.019486120000000003
dwconv-bn-relu_prior_3BBFMH.pt,14,57,57,3,1,0.11172,0.00057,0.019929919999999997
dwconv-bn-relu_prior_OOHJZ3.pt,7,88,88,5,1,0.112112,0.002288,0.019590540000000004
dwconv-bn-relu_prior_YGYTFJ.pt,7,88,88,5,1,0.112112,0.002288,0.0196106
dwconv-bn-relu_prior_IXHA2Q.pt,7,88,88,5,1,0.112112,0.002288,0.01957342
dwconv-bn-relu_prior_AI2MEW.pt,14,46,46,7,2,0.1127,0.0023,0.019621680000000002
dwconv-bn-relu_prior_6D2VFG.pt,7,46,46,7,1,0.1127,0.0023,0.020133060000000005
dwconv-bn-relu_prior_8EFWG3.pt,7,46,46,7,1,0.1127,0.0023,0.02015104
dwconv-bn-relu_prior_CON6EB.pt,7,46,46,7,1,0.1127,0.0023,0.019787680000000005
dwconv-bn-relu_prior_BDYRCN.pt,7,89,89,5,1,0.113386,0.002314,0.020298179999999996
dwconv-bn-relu_prior_Y249UR.pt,7,89,89,5,1,0.113386,0.002314,0.01978982
dwconv-bn-relu_prior_1FUJJA.pt,7,89,89,5,1,0.113386,0.002314,0.01988504
dwconv-bn-relu_prior_LGQJEY.pt,7,89,89,5,1,0.113386,0.002314,0.0197428
dwconv-bn-relu_prior_NAA2HH.pt,7,89,89,5,1,0.113386,0.002314,0.019887659999999998
dwconv-bn-relu_prior_EHEQRD.pt,7,89,89,5,1,0.113386,0.002314,0.019646400000000005
dwconv-bn-relu_prior_3MTIMV.pt,14,58,58,3,1,0.11368,0.00058,0.019628140000000002
dwconv-bn-relu_prior_4DGNFC.pt,14,58,58,3,1,0.11368,0.00058,0.0204504
dwconv-bn-relu_prior_6O553W.pt,14,58,58,3,1,0.11368,0.00058,0.019653340000000005
dwconv-bn-relu_prior_Y64Y6U.pt,28,58,58,3,2,0.11368,0.00058,0.019693379999999996
dwconv-bn-relu_prior_ZN5GDE.pt,14,58,58,3,1,0.11368,0.00058,0.0195867
dwconv-bn-relu_prior_4ZQXTG.pt,7,90,90,5,1,0.11466,0.00234,0.020134400000000007
dwconv-bn-relu_prior_AB2CV0.pt,7,90,90,5,1,0.11466,0.00234,0.019906340000000005
dwconv-bn-relu_prior_BZQIYV.pt,7,90,90,5,1,0.11466,0.00234,0.01974428
dwconv-bn-relu_prior_SEZV49.pt,7,47,47,7,1,0.11515,0.00235,0.02003296
dwconv-bn-relu_prior_L9QAOJ.pt,14,59,59,3,1,0.11564,0.00059,0.019522400000000006
dwconv-bn-relu_prior_55Z454.pt,14,59,59,3,1,0.11564,0.00059,0.01982258
dwconv-bn-relu_prior_DX2CVK.pt,14,59,59,3,1,0.11564,0.00059,0.01982794
dwconv-bn-relu_prior_VGDMGD.pt,14,59,59,3,1,0.11564,0.00059,0.019582400000000003
dwconv-bn-relu_prior_18AB02.pt,14,59,59,3,1,0.11564,0.00059,0.01977214
dwconv-bn-relu_prior_EPH1A3.pt,14,59,59,3,1,0.11564,0.00059,0.019660220000000006
dwconv-bn-relu_prior_GTA2AY.pt,14,59,59,3,1,0.11564,0.00059,0.01954352
dwconv-bn-relu_prior_99PESY.pt,7,91,91,5,1,0.115934,0.002366,0.020094700000000004
dwconv-bn-relu_prior_7WDAJL.pt,7,91,91,5,1,0.115934,0.002366,0.01967128
dwconv-bn-relu_prior_CREMUV.pt,14,91,91,5,2,0.115934,0.002366,0.01974598
dwconv-bn-relu_prior_25VXX7.pt,7,91,91,5,1,0.115934,0.002366,0.020044600000000003
dwconv-bn-relu_prior_L2XO0A.pt,7,91,91,5,1,0.115934,0.002366,0.01949192
dwconv-bn-relu_prior_6DMH99.pt,7,91,91,5,1,0.115934,0.002366,0.019722020000000003
dwconv-bn-relu_prior_K22FQ2.pt,14,23,23,5,1,0.117208,0.000598,0.019835919999999996
dwconv-bn-relu_prior_OCD97M.pt,14,23,23,5,1,0.117208,0.000598,0.020196859999999997
dwconv-bn-relu_prior_H7O7FJ.pt,28,15,15,3,1,0.1176,0.00015,0.019817759999999997
dwconv-bn-relu_prior_XWKGYK.pt,14,60,60,3,1,0.1176,0.0006,0.02004896
dwconv-bn-relu_prior_AUUYIL.pt,28,60,60,3,2,0.1176,0.0006,0.019680839999999998
dwconv-bn-relu_prior_MYPJQK.pt,28,60,60,3,2,0.1176,0.0006,0.01974064
dwconv-bn-relu_prior_RTDX2X.pt,7,241,241,3,1,0.11809,0.00241,0.019679899999999993
dwconv-bn-relu_prior_B7BBMX.pt,7,93,93,5,1,0.118482,0.002418,0.01982266
dwconv-bn-relu_prior_QQ1GR1.pt,7,93,93,5,1,0.118482,0.002418,0.019544019999999995
dwconv-bn-relu_prior_PL52HM.pt,7,93,93,5,1,0.118482,0.002418,0.019429760000000004
dwconv-bn-relu_prior_14CEIS.pt,7,242,242,3,1,0.11858,0.00242,0.01954082
dwconv-bn-relu_prior_BJZ9AK.pt,7,242,242,3,1,0.11858,0.00242,0.01980556
dwconv-bn-relu_prior_HNUOU8.pt,7,242,242,3,1,0.11858,0.00242,0.01965334
dwconv-bn-relu_prior_5B0WC9.pt,14,61,61,3,1,0.11956,0.00061,0.019970280000000003
dwconv-bn-relu_prior_IN2HM6.pt,14,61,61,3,1,0.11956,0.00061,0.020244859999999996
dwconv-bn-relu_prior_FKIY14.pt,14,61,61,3,1,0.11956,0.00061,0.0198945
dwconv-bn-relu_prior_3P5F0A.pt,14,61,61,3,1,0.11956,0.00061,0.01961028
dwconv-bn-relu_prior_L23B42.pt,14,61,61,3,1,0.11956,0.00061,0.019914739999999997
dwconv-bn-relu_prior_337XMP.pt,14,61,61,3,1,0.11956,0.00061,0.019618520000000007
dwconv-bn-relu_prior_XD0PN6.pt,7,94,94,5,1,0.119756,0.002444,0.01977922
dwconv-bn-relu_prior_OY0LWI.pt,7,94,94,5,1,0.119756,0.002444,0.01970802
dwconv-bn-relu_prior_UIHN9Y.pt,7,245,245,3,1,0.12005,0.00245,0.02039046
dwconv-bn-relu_prior_D2XD48.pt,7,49,49,7,1,0.12005,0.00245,0.020022940000000003
dwconv-bn-relu_prior_I6MASS.pt,7,246,246,3,1,0.12054,0.00246,0.020768539999999995
dwconv-bn-relu_prior_XDZNG1.pt,14,246,246,3,2,0.12054,0.00246,0.020947560000000007
dwconv-bn-relu_prior_P2E4BU.pt,14,95,95,5,2,0.12103,0.00247,0.020231779999999998
dwconv-bn-relu_prior_55B3IF.pt,7,95,95,5,1,0.12103,0.00247,0.020182799999999997
dwconv-bn-relu_prior_RA3937.pt,14,62,62,3,1,0.12152,0.00062,0.02012918
dwconv-bn-relu_prior_DCGHIE.pt,14,62,62,3,1,0.12152,0.00062,0.020479719999999996
dwconv-bn-relu_prior_S4IS25.pt,14,62,62,3,1,0.12152,0.00062,0.019960139999999994
dwconv-bn-relu_prior_LN6AOF.pt,7,248,248,3,1,0.12152,0.00248,0.0201476
dwconv-bn-relu_prior_7I6T6J.pt,7,248,248,3,1,0.12152,0.00248,0.020248179999999998
dwconv-bn-relu_prior_7K1WEV.pt,14,249,249,3,2,0.12201,0.00249,0.02005378
dwconv-bn-relu_prior_4HLJCC.pt,7,249,249,3,1,0.12201,0.00249,0.020387719999999998
dwconv-bn-relu_prior_GH73S5.pt,28,24,24,5,2,0.122304,0.000624,0.020120640000000002
dwconv-bn-relu_prior_7R6PWI.pt,7,96,96,5,1,0.122304,0.002496,0.020097880000000002
dwconv-bn-relu_prior_P6ZX1C.pt,7,96,96,5,1,0.122304,0.002496,0.01967228
dwconv-bn-relu_prior_J7Q9F2.pt,7,96,96,5,1,0.122304,0.002496,0.020479199999999996
dwconv-bn-relu_prior_1D915Y.pt,7,250,250,3,1,0.1225,0.0025,0.01987668
dwconv-bn-relu_prior_3NZ50L.pt,7,50,50,7,1,0.1225,0.0025,0.019837839999999995
dwconv-bn-relu_prior_P8ZMX2.pt,7,250,250,3,1,0.1225,0.0025,0.019610259999999994
dwconv-bn-relu_prior_SRPIOS.pt,7,50,50,7,1,0.1225,0.0025,0.019957100000000002
dwconv-bn-relu_prior_O1BGSY.pt,14,63,63,3,1,0.12348,0.00063,0.020416120000000003
dwconv-bn-relu_prior_HZI5Z6.pt,28,63,63,3,2,0.12348,0.00063,0.019678860000000003
dwconv-bn-relu_prior_HII4IY.pt,14,63,63,3,1,0.12348,0.00063,0.019838819999999997
dwconv-bn-relu_prior_PFK709.pt,28,63,63,3,2,0.12348,0.00063,0.019731059999999998
dwconv-bn-relu_prior_ZF1JUS.pt,14,63,63,3,1,0.12348,0.00063,0.020263679999999992
dwconv-bn-relu_prior_HIVEIY.pt,14,63,63,3,1,0.12348,0.00063,0.01969402
dwconv-bn-relu_prior_RCODQK.pt,14,63,63,3,1,0.12348,0.00063,0.019825040000000002
dwconv-bn-relu_prior_FJJL4W.pt,7,252,252,3,1,0.12348,0.00252,0.019763060000000002
dwconv-bn-relu_prior_MMYV8B.pt,7,97,97,5,1,0.123578,0.002522,0.019737680000000007
dwconv-bn-relu_prior_Z7JOMT.pt,7,253,253,3,1,0.12397,0.00253,0.019892160000000002
dwconv-bn-relu_prior_WMSP53.pt,7,255,255,3,1,0.12495,0.00255,0.020379
dwconv-bn-relu_prior_RHM8SM.pt,28,16,16,3,1,0.12544,0.00016,0.0197372
dwconv-bn-relu_prior_6P3YC9.pt,14,64,64,3,1,0.12544,0.00064,0.01994407999999999
dwconv-bn-relu_prior_TRDAAG.pt,14,64,64,3,1,0.12544,0.00064,0.020469540000000005
dwconv-bn-relu_prior_CKNLX3.pt,14,64,64,3,1,0.12544,0.00064,0.01975024
dwconv-bn-relu_prior_IROHHC.pt,28,64,64,3,2,0.12544,0.00064,0.019814720000000004
dwconv-bn-relu_prior_F7BIW4.pt,7,256,256,3,1,0.12544,0.00256,0.020247420000000002
dwconv-bn-relu_prior_5WOBFP.pt,14,258,258,3,2,0.12642,0.00258,0.0198715
dwconv-bn-relu_prior_C90NRZ.pt,14,259,259,3,2,0.12691,0.00259,0.019944579999999996
dwconv-bn-relu_prior_SYTF1T.pt,7,399,399,5,2,0.1270815,0.010374,0.019681280000000006
dwconv-bn-relu_prior_OT68US.pt,14,25,25,5,1,0.1274,0.00065,0.01950814
dwconv-bn-relu_prior_T8RSTE.pt,14,25,25,5,1,0.1274,0.00065,0.020196719999999998
dwconv-bn-relu_prior_ZA4CS9.pt,14,13,13,7,1,0.1274,0.00065,0.019757740000000003
dwconv-bn-relu_prior_C0IZFZ.pt,14,65,65,3,1,0.1274,0.00065,0.019641939999999997
dwconv-bn-relu_prior_MH6HSU.pt,7,260,260,3,1,0.1274,0.0026,0.019916879999999998
dwconv-bn-relu_prior_78TWYJ.pt,7,260,260,3,1,0.1274,0.0026,0.019725360000000004
dwconv-bn-relu_prior_7O15TX.pt,7,100,100,5,1,0.1274,0.0026,0.02030448
dwconv-bn-relu_prior_PLSF3E.pt,14,261,261,3,2,0.12789,0.00261,0.019757840000000002
dwconv-bn-relu_prior_I5WNKK.pt,7,261,261,3,1,0.12789,0.00261,0.019811219999999994
dwconv-bn-relu_prior_UNVU4E.pt,7,101,101,5,1,0.128674,0.002626,0.019980659999999997
dwconv-bn-relu_prior_49577S.pt,7,263,263,3,1,0.12887,0.00263,0.019718539999999996
dwconv-bn-relu_prior_BYHAXN.pt,14,66,66,3,1,0.12936,0.00066,0.019679000000000002
dwconv-bn-relu_prior_I9Q3OM.pt,14,66,66,3,1,0.12936,0.00066,0.020195280000000003
dwconv-bn-relu_prior_9O0VGN.pt,14,264,264,3,2,0.12936,0.00264,0.0197961
dwconv-bn-relu_prior_8GAUKJ.pt,7,265,265,3,1,0.12985,0.00265,0.020281719999999996
dwconv-bn-relu_prior_BJCMZQ.pt,7,265,265,3,1,0.12985,0.00265,0.020588199999999994
dwconv-bn-relu_prior_9H1TL4.pt,7,102,102,5,1,0.129948,0.002652,0.019767979999999997
dwconv-bn-relu_prior_Z1SS9W.pt,7,267,267,3,1,0.13083,0.00267,0.019678220000000003
dwconv-bn-relu_prior_4HFJCP.pt,14,67,67,3,1,0.13132,0.00067,0.020127579999999992
dwconv-bn-relu_prior_YZP02Z.pt,14,67,67,3,1,0.13132,0.00067,0.019708659999999996
dwconv-bn-relu_prior_AIPC44.pt,28,67,67,3,2,0.13132,0.00067,0.02040414
dwconv-bn-relu_prior_L2987B.pt,14,67,67,3,1,0.13132,0.00067,0.0197119
dwconv-bn-relu_prior_OIT8IA.pt,14,67,67,3,1,0.13132,0.00067,0.020224740000000005
dwconv-bn-relu_prior_URHNR2.pt,14,67,67,3,1,0.13132,0.00067,0.0201998
dwconv-bn-relu_prior_LIRSBT.pt,14,67,67,3,1,0.13132,0.00067,0.019814299999999996
dwconv-bn-relu_prior_TNNYL0.pt,14,67,67,3,1,0.13132,0.00067,0.0202434
dwconv-bn-relu_prior_VOFIH3.pt,7,54,54,7,1,0.1323,0.0027,0.020262759999999998
dwconv-bn-relu_prior_0D7SZN.pt,14,26,26,5,1,0.132496,0.000676,0.019663379999999998
dwconv-bn-relu_prior_0927MV.pt,14,26,26,5,1,0.132496,0.000676,0.020471979999999997
dwconv-bn-relu_prior_FZWS85.pt,14,68,68,3,1,0.13328,0.00068,0.019715079999999996
dwconv-bn-relu_prior_T7ZTXD.pt,28,68,68,3,2,0.13328,0.00068,0.020174579999999994
dwconv-bn-relu_prior_ZF24OW.pt,14,68,68,3,1,0.13328,0.00068,0.019984140000000004
dwconv-bn-relu_prior_VJ5GG8.pt,14,68,68,3,1,0.13328,0.00068,0.019845420000000003
dwconv-bn-relu_prior_3T11Z8.pt,14,68,68,3,1,0.13328,0.00068,0.0204258
dwconv-bn-relu_prior_NR66YT.pt,7,55,55,7,1,0.13475,0.00275,0.020287239999999998
dwconv-bn-relu_prior_U4XJXK.pt,7,106,106,5,1,0.135044,0.002756,0.01944504
dwconv-bn-relu_prior_AARGEF.pt,14,106,106,5,2,0.135044,0.002756,0.020314139999999998
dwconv-bn-relu_prior_GD9S8P.pt,14,69,69,3,1,0.13524,0.00069,0.019700260000000004
dwconv-bn-relu_prior_T1W6OU.pt,14,69,69,3,1,0.13524,0.00069,0.01974166
dwconv-bn-relu_prior_U4W08A.pt,14,69,69,3,1,0.13524,0.00069,0.02020178
dwconv-bn-relu_prior_LAB7O9.pt,14,69,69,3,1,0.13524,0.00069,0.019578340000000003
dwconv-bn-relu_prior_OSUZ8Q.pt,14,69,69,3,1,0.13524,0.00069,0.02036054
dwconv-bn-relu_prior_P1N3RR.pt,14,70,70,3,1,0.1372,0.0007,0.019772960000000003
dwconv-bn-relu_prior_XJ3J1E.pt,14,70,70,3,1,0.1372,0.0007,0.019933520000000003
dwconv-bn-relu_prior_157LBV.pt,14,70,70,3,1,0.1372,0.0007,0.020197499999999997
dwconv-bn-relu_prior_QBUQI5.pt,14,70,70,3,1,0.1372,0.0007,0.0196923
dwconv-bn-relu_prior_SPYJPI.pt,14,70,70,3,1,0.1372,0.0007,0.0202966
dwconv-bn-relu_prior_FLTEG6.pt,14,56,56,7,2,0.1372,0.0028,0.02006102
dwconv-bn-relu_prior_PHUVF2.pt,14,27,27,5,1,0.137592,0.000702,0.01977716
dwconv-bn-relu_prior_WCVJME.pt,7,109,109,5,1,0.138866,0.002834,0.020217340000000004
dwconv-bn-relu_prior_Y82BUW.pt,7,109,109,5,1,0.138866,0.002834,0.020087840000000003
dwconv-bn-relu_prior_H4D8EF.pt,14,71,71,3,1,0.13916,0.00071,0.019794980000000004
dwconv-bn-relu_prior_QDHMTG.pt,14,71,71,3,1,0.13916,0.00071,0.019855240000000003
dwconv-bn-relu_prior_4AZ3OM.pt,28,71,71,3,2,0.13916,0.00071,0.02041784
dwconv-bn-relu_prior_VFX7JV.pt,14,71,71,3,1,0.13916,0.00071,0.02039964
dwconv-bn-relu_prior_071O8R.pt,14,71,71,3,1,0.13916,0.00071,0.019656760000000006
dwconv-bn-relu_prior_N64SMB.pt,14,71,71,3,1,0.13916,0.00071,0.01979488
dwconv-bn-relu_prior_ECJ5EV.pt,7,57,57,7,1,0.13965,0.00285,0.0196767
dwconv-bn-relu_prior_PFMJDH.pt,14,57,57,7,2,0.13965,0.00285,0.020226140000000004
dwconv-bn-relu_prior_IP5I3L.pt,7,110,110,5,1,0.14014,0.00286,0.019963239999999997
dwconv-bn-relu_prior_54434K.pt,7,110,110,5,1,0.14014,0.00286,0.019739299999999998
dwconv-bn-relu_prior_A4G158.pt,28,18,18,3,1,0.14112,0.00018,0.02070662
dwconv-bn-relu_prior_11XSGC.pt,28,18,18,3,1,0.14112,0.00018,0.0197267
dwconv-bn-relu_prior_VZXNGC.pt,14,72,72,3,1,0.14112,0.00072,0.019906419999999998
dwconv-bn-relu_prior_7V8CQ6.pt,14,72,72,3,1,0.14112,0.00072,0.019878899999999994
dwconv-bn-relu_prior_7SW5R9.pt,14,72,72,3,1,0.14112,0.00072,0.019644820000000004
dwconv-bn-relu_prior_R3YPMI.pt,28,72,72,3,2,0.14112,0.00072,0.02027834
dwconv-bn-relu_prior_CYVWK1.pt,28,72,72,3,2,0.14112,0.00072,0.019711319999999997
dwconv-bn-relu_prior_CO8A6Y.pt,14,72,72,3,1,0.14112,0.00072,0.01983344
dwconv-bn-relu_prior_GGDFYX.pt,7,111,111,5,1,0.141414,0.002886,0.01990784
dwconv-bn-relu_prior_MNGA6E.pt,14,111,111,5,2,0.141414,0.002886,0.019854780000000002
dwconv-bn-relu_prior_TSJ3IQ.pt,7,111,111,5,1,0.141414,0.002886,0.02015445999999999
dwconv-bn-relu_prior_RLDYRD.pt,14,28,28,5,1,0.142688,0.000728,0.019733920000000002
dwconv-bn-relu_prior_B1OUK3.pt,14,28,28,5,1,0.142688,0.000728,0.020345479999999996
dwconv-bn-relu_prior_4UF9KE.pt,14,28,28,5,1,0.142688,0.000728,0.019823480000000008
dwconv-bn-relu_prior_BA3AL5.pt,7,112,112,5,1,0.142688,0.002912,0.019667780000000003
dwconv-bn-relu_prior_MDXT4P.pt,14,73,73,3,1,0.14308,0.00073,0.019706500000000002
dwconv-bn-relu_prior_GI3IVF.pt,14,73,73,3,1,0.14308,0.00073,0.01982648
dwconv-bn-relu_prior_E0ELMD.pt,14,73,73,3,1,0.14308,0.00073,0.019530559999999995
dwconv-bn-relu_prior_DWNTBU.pt,14,73,73,3,1,0.14308,0.00073,0.0203522
dwconv-bn-relu_prior_ZZO7N0.pt,14,73,73,3,1,0.14308,0.00073,0.020404
dwconv-bn-relu_prior_A7X0AS.pt,14,74,74,3,1,0.14504,0.00074,0.01973186
dwconv-bn-relu_prior_J6ZZWB.pt,14,74,74,3,1,0.14504,0.00074,0.020218179999999995
dwconv-bn-relu_prior_CDHJYO.pt,14,74,74,3,1,0.14504,0.00074,0.020196959999999996
dwconv-bn-relu_prior_E5PCA8.pt,14,74,74,3,1,0.14504,0.00074,0.01964022
dwconv-bn-relu_prior_OW3EIN.pt,14,75,75,3,1,0.147,0.00075,0.020054819999999998
dwconv-bn-relu_prior_8N6RFU.pt,14,75,75,3,1,0.147,0.00075,0.01977706
dwconv-bn-relu_prior_OYLO5J.pt,14,75,75,3,1,0.147,0.00075,0.020246439999999997
dwconv-bn-relu_prior_92TA83.pt,14,75,75,3,1,0.147,0.00075,0.02034256
dwconv-bn-relu_prior_JGCVDC.pt,28,75,75,3,2,0.147,0.00075,0.019788440000000004
dwconv-bn-relu_prior_DFU5GN.pt,14,75,75,3,1,0.147,0.00075,0.020328719999999998
dwconv-bn-relu_prior_GXNSXD.pt,14,60,60,7,2,0.147,0.003,0.01983188
dwconv-bn-relu_prior_B3N4AA.pt,28,19,19,3,1,0.14896,0.00019,0.0198454
dwconv-bn-relu_prior_GK0JQU.pt,28,19,19,3,1,0.14896,0.00019,0.01956502
dwconv-bn-relu_prior_OUG59S.pt,28,19,19,3,1,0.14896,0.00019,0.01970648
dwconv-bn-relu_prior_EJLSQ8.pt,28,19,19,3,1,0.14896,0.00019,0.020805860000000002
dwconv-bn-relu_prior_PH0994.pt,14,76,76,3,1,0.14896,0.00076,0.01980142
dwconv-bn-relu_prior_93B3EM.pt,14,76,76,3,1,0.14896,0.00076,0.01971058
dwconv-bn-relu_prior_95GLFK.pt,14,118,118,5,2,0.150332,0.003068,0.01963452
dwconv-bn-relu_prior_GWXIGB.pt,14,118,118,5,2,0.150332,0.003068,0.020224260000000004
dwconv-bn-relu_prior_Q5XGW2.pt,7,118,118,5,1,0.150332,0.003068,0.019911119999999994
dwconv-bn-relu_prior_NN4GY1.pt,7,118,118,5,1,0.150332,0.003068,0.02063348
dwconv-bn-relu_prior_JYR9RC.pt,7,118,118,5,1,0.150332,0.003068,0.020545320000000006
dwconv-bn-relu_prior_1HLGK2.pt,14,77,77,3,1,0.15092,0.00077,0.019768299999999996
dwconv-bn-relu_prior_EFBFJM.pt,14,77,77,3,1,0.15092,0.00077,0.020115059999999997
dwconv-bn-relu_prior_FIZVRD.pt,14,119,119,5,2,0.151606,0.003094,0.019761639999999997
dwconv-bn-relu_prior_UNM92H.pt,7,62,62,7,1,0.1519,0.0031,0.019787180000000005
dwconv-bn-relu_prior_AV2C8N.pt,14,78,78,3,1,0.15288,0.00078,0.020402679999999996
dwconv-bn-relu_prior_HG22YF.pt,14,78,78,3,1,0.15288,0.00078,0.019580779999999996
dwconv-bn-relu_prior_9NO214.pt,14,30,30,5,1,0.15288,0.00078,0.02035416
dwconv-bn-relu_prior_RUK0SM.pt,28,78,78,3,2,0.15288,0.00078,0.019911560000000005
dwconv-bn-relu_prior_ATBDFT.pt,14,30,30,5,1,0.15288,0.00078,0.020186259999999998
dwconv-bn-relu_prior_PB951B.pt,14,78,78,3,1,0.15288,0.00078,0.019737580000000005
dwconv-bn-relu_prior_ZHRAGW.pt,7,120,120,5,1,0.15288,0.00312,0.020329400000000004
dwconv-bn-relu_prior_SD64T7.pt,7,481,481,5,2,0.1531985,0.012506,0.019741940000000003
dwconv-bn-relu_prior_F3HD4R.pt,14,121,121,5,2,0.154154,0.003146,0.01971692
dwconv-bn-relu_prior_87BRN5.pt,14,79,79,3,1,0.15484,0.00079,0.01977820000000001
dwconv-bn-relu_prior_B83ZJO.pt,14,79,79,3,1,0.15484,0.00079,0.0202325
dwconv-bn-relu_prior_H1EFSJ.pt,14,79,79,3,1,0.15484,0.00079,0.01986412
dwconv-bn-relu_prior_SD9KZZ.pt,7,491,491,5,2,0.1563835,0.012766,0.020495379999999997
dwconv-bn-relu_prior_GJ1LLR.pt,7,492,492,5,2,0.156702,0.012792,0.019915699999999998
dwconv-bn-relu_prior_9OEKAE.pt,28,20,20,3,1,0.1568,0.0002,0.01966540000000001
dwconv-bn-relu_prior_YXCS14.pt,14,16,16,7,1,0.1568,0.0008,0.02009684
dwconv-bn-relu_prior_YO7BQT.pt,14,80,80,3,1,0.1568,0.0008,0.019615920000000005
dwconv-bn-relu_prior_INC83U.pt,14,80,80,3,1,0.1568,0.0008,0.02042334
dwconv-bn-relu_prior_SUKL9A.pt,14,16,16,7,1,0.1568,0.0008,0.019784059999999996
dwconv-bn-relu_prior_VYSKB0.pt,14,80,80,3,1,0.1568,0.0008,0.020358999999999995
dwconv-bn-relu_prior_I2BC9O.pt,14,31,31,5,1,0.157976,0.000806,0.019636139999999996
dwconv-bn-relu_prior_9JK170.pt,14,31,31,5,1,0.157976,0.000806,0.019773919999999997
dwconv-bn-relu_prior_GIORJS.pt,14,31,31,5,1,0.157976,0.000806,0.0198921
dwconv-bn-relu_prior_Q4WGV4.pt,14,81,81,3,1,0.15876,0.00081,0.020333520000000004
dwconv-bn-relu_prior_7W9E56.pt,14,81,81,3,1,0.15876,0.00081,0.01976434
dwconv-bn-relu_prior_5MXZ8M.pt,14,81,81,3,1,0.15876,0.00081,0.020262320000000004
dwconv-bn-relu_prior_7EUWC3.pt,14,81,81,3,1,0.15876,0.00081,0.01967102
dwconv-bn-relu_prior_V9WYX8.pt,7,502,502,5,2,0.159887,0.013052,0.019645980000000004
dwconv-bn-relu_prior_0JX1SH.pt,7,502,502,5,2,0.159887,0.013052,0.02069788
dwconv-bn-relu_prior_6CYV5O.pt,14,82,82,3,1,0.16072,0.00082,0.019726999999999995
dwconv-bn-relu_prior_K6H4W5.pt,14,82,82,3,1,0.16072,0.00082,0.019836200000000002
dwconv-bn-relu_prior_S7JJTZ.pt,14,82,82,3,1,0.16072,0.00082,0.02006382
dwconv-bn-relu_prior_0PBH7W.pt,14,82,82,3,1,0.16072,0.00082,0.01986226
dwconv-bn-relu_prior_JBVEAU.pt,7,66,66,7,1,0.1617,0.0033,0.02027858
dwconv-bn-relu_prior_C9DEBO.pt,14,83,83,3,1,0.16268,0.00083,0.019775219999999993
dwconv-bn-relu_prior_Y5RUXX.pt,14,83,83,3,1,0.16268,0.00083,0.019953060000000005
dwconv-bn-relu_prior_28JN5A.pt,14,83,83,3,1,0.16268,0.00083,0.020491259999999997
dwconv-bn-relu_prior_9KXEE1.pt,14,83,83,3,1,0.16268,0.00083,0.01985544
dwconv-bn-relu_prior_HU8ZMA.pt,14,83,83,3,1,0.16268,0.00083,0.019848920000000003
dwconv-bn-relu_prior_KCHCQN.pt,14,83,83,3,1,0.16268,0.00083,0.019740859999999995
dwconv-bn-relu_prior_6VC6J4.pt,14,32,32,5,1,0.163072,0.000832,0.019917819999999996
dwconv-bn-relu_prior_M1AZP9.pt,14,32,32,5,1,0.163072,0.000832,0.020323500000000005
dwconv-bn-relu_prior_2VACBM.pt,28,21,21,3,1,0.16464,0.00021,0.0197522
dwconv-bn-relu_prior_F3B344.pt,28,21,21,3,1,0.16464,0.00021,0.019747720000000003
dwconv-bn-relu_prior_D6P148.pt,28,21,21,3,1,0.16464,0.00021,0.020482039999999996
dwconv-bn-relu_prior_MB494J.pt,14,84,84,3,1,0.16464,0.00084,0.01978648
dwconv-bn-relu_prior_YX0OVJ.pt,7,130,130,5,1,0.16562,0.00338,0.020431659999999997
dwconv-bn-relu_prior_TQZECL.pt,14,85,85,3,1,0.1666,0.00085,0.019885499999999997
dwconv-bn-relu_prior_J93LJE.pt,14,85,85,3,1,0.1666,0.00085,0.02036672
dwconv-bn-relu_prior_JAPPDG.pt,14,85,85,3,1,0.1666,0.00085,0.01985204
dwconv-bn-relu_prior_WP8TIW.pt,14,85,85,3,1,0.1666,0.00085,0.02019085999999999
dwconv-bn-relu_prior_WFZXFZ.pt,14,85,85,3,1,0.1666,0.00085,0.019772059999999998
dwconv-bn-relu_prior_IMHQHA.pt,14,85,85,3,1,0.1666,0.00085,0.019784819999999998
dwconv-bn-relu_prior_0T7LB6.pt,14,85,85,3,1,0.1666,0.00085,0.01971746
dwconv-bn-relu_prior_KM8VC9.pt,14,85,85,3,1,0.1666,0.00085,0.019809379999999998
dwconv-bn-relu_prior_93746A.pt,14,33,33,5,1,0.168168,0.000858,0.019913779999999996
dwconv-bn-relu_prior_SIOM8Q.pt,7,132,132,5,1,0.168168,0.003432,0.020217040000000006
dwconv-bn-relu_prior_MKOJ3C.pt,14,86,86,3,1,0.16856,0.00086,0.01971022
dwconv-bn-relu_prior_GM2IH3.pt,28,86,86,3,2,0.16856,0.00086,0.019979919999999998
dwconv-bn-relu_prior_APM30J.pt,28,87,87,3,2,0.17052,0.00087,0.019788099999999996
dwconv-bn-relu_prior_RZIUE6.pt,14,87,87,3,1,0.17052,0.00087,0.01988996
dwconv-bn-relu_prior_HPFDVK.pt,14,87,87,3,1,0.17052,0.00087,0.020283760000000005
dwconv-bn-relu_prior_ZC9XVG.pt,14,87,87,3,1,0.17052,0.00087,0.019859520000000006
dwconv-bn-relu_prior_WTTDL1.pt,28,22,22,3,1,0.17248,0.00022,0.01964318
dwconv-bn-relu_prior_HJQLUG.pt,28,22,22,3,1,0.17248,0.00022,0.019696679999999994
dwconv-bn-relu_prior_N5OVHR.pt,28,22,22,3,1,0.17248,0.00022,0.020571959999999993
dwconv-bn-relu_prior_JS5GJI.pt,14,88,88,3,1,0.17248,0.00088,0.019787100000000005
dwconv-bn-relu_prior_ODIXW3.pt,14,88,88,3,1,0.17248,0.00088,0.019561319999999997
dwconv-bn-relu_prior_6456SS.pt,14,88,88,3,1,0.17248,0.00088,0.0214256
dwconv-bn-relu_prior_GEA7Z6.pt,14,88,88,3,1,0.17248,0.00088,0.02000556
dwconv-bn-relu_prior_8ZTDZS.pt,14,34,34,5,1,0.173264,0.000884,0.019692139999999997
dwconv-bn-relu_prior_49CLYW.pt,14,34,34,5,1,0.173264,0.000884,0.019721080000000002
dwconv-bn-relu_prior_SSZ5EJ.pt,14,34,34,5,1,0.173264,0.000884,0.019638779999999998
dwconv-bn-relu_prior_QNZT1I.pt,14,34,34,5,1,0.173264,0.000884,0.01989414
dwconv-bn-relu_prior_BK54HZ.pt,14,89,89,3,1,0.17444,0.00089,0.019788260000000005
dwconv-bn-relu_prior_JCEM3Y.pt,14,89,89,3,1,0.17444,0.00089,0.020385079999999993
dwconv-bn-relu_prior_3KAWGW.pt,14,89,89,3,1,0.17444,0.00089,0.01995153999999999
dwconv-bn-relu_prior_HRRJC4.pt,14,89,89,3,1,0.17444,0.00089,0.019928579999999998
dwconv-bn-relu_prior_5UKNWH.pt,14,89,89,3,1,0.17444,0.00089,0.019796419999999995
dwconv-bn-relu_prior_1PV6LY.pt,14,89,89,3,1,0.17444,0.00089,0.020315780000000002
dwconv-bn-relu_prior_QKJNJ8.pt,7,553,553,5,2,0.1761305,0.014378,0.02002634
dwconv-bn-relu_prior_7SQOLX.pt,14,90,90,3,1,0.1764,0.0009,0.019556740000000003
dwconv-bn-relu_prior_S48LK9.pt,14,90,90,3,1,0.1764,0.0009,0.019835960000000003
dwconv-bn-relu_prior_GM2MLO.pt,14,90,90,3,1,0.1764,0.0009,0.019953539999999995
dwconv-bn-relu_prior_MX83HW.pt,14,90,90,3,1,0.1764,0.0009,0.02041644
dwconv-bn-relu_prior_JHBKJ2.pt,14,91,91,3,1,0.17836,0.00091,0.019808860000000005
dwconv-bn-relu_prior_41Q36T.pt,14,91,91,3,1,0.17836,0.00091,0.020481700000000002
dwconv-bn-relu_prior_NABPLO.pt,14,91,91,3,1,0.17836,0.00091,0.02012156
dwconv-bn-relu_prior_ISOWN2.pt,14,91,91,3,1,0.17836,0.00091,0.019830859999999995
dwconv-bn-relu_prior_M1649Q.pt,14,92,92,3,1,0.18032,0.00092,0.02027886
dwconv-bn-relu_prior_STY8DW.pt,14,92,92,3,1,0.18032,0.00092,0.02003236
dwconv-bn-relu_prior_EJ99Q0.pt,14,92,92,3,1,0.18032,0.00092,0.019918679999999994
dwconv-bn-relu_prior_E366IR.pt,14,92,92,3,1,0.18032,0.00092,0.019784680000000002
dwconv-bn-relu_prior_DKMAKR.pt,28,92,92,3,2,0.18032,0.00092,0.020338059999999998
dwconv-bn-relu_prior_OV4RTO.pt,14,92,92,3,1,0.18032,0.00092,0.01986946
dwconv-bn-relu_prior_44Z3PB.pt,14,92,92,3,1,0.18032,0.00092,0.020048420000000004
dwconv-bn-relu_prior_XEX71Q.pt,7,567,567,5,2,0.1805895,0.014742,0.01999978
dwconv-bn-relu_prior_3HWABF.pt,7,142,142,5,1,0.180908,0.003692,0.02011204
dwconv-bn-relu_prior_YIL1YV.pt,14,93,93,3,1,0.18228,0.00093,0.019802239999999995
dwconv-bn-relu_prior_Y30DTM.pt,14,93,93,3,1,0.18228,0.00093,0.019818379999999997
dwconv-bn-relu_prior_WE8KDQ.pt,14,93,93,3,1,0.18228,0.00093,0.019747060000000007
dwconv-bn-relu_prior_38E9PE.pt,14,93,93,3,1,0.18228,0.00093,0.01979056
dwconv-bn-relu_prior_M3SZKF.pt,14,93,93,3,1,0.18228,0.00093,0.01987502
dwconv-bn-relu_prior_GNF6MO.pt,28,93,93,3,2,0.18228,0.00093,0.01975326
dwconv-bn-relu_prior_2Q39MS.pt,14,144,144,5,2,0.183456,0.003744,0.019958440000000004
dwconv-bn-relu_prior_ZFMRL4.pt,14,144,144,5,2,0.183456,0.003744,0.01979248
dwconv-bn-relu_prior_YMKGUE.pt,7,75,75,7,1,0.18375,0.00375,0.020251620000000005
dwconv-bn-relu_prior_YNULSE.pt,7,75,75,7,1,0.18375,0.00375,0.020046500000000002
dwconv-bn-relu_prior_EX98YC.pt,7,75,75,7,1,0.18375,0.00375,0.020171480000000006
dwconv-bn-relu_prior_Z3N536.pt,14,94,94,3,1,0.18424,0.00094,0.021204620000000004
dwconv-bn-relu_prior_26C1SR.pt,14,94,94,3,1,0.18424,0.00094,0.020470660000000005
dwconv-bn-relu_prior_D7TALH.pt,28,94,94,3,2,0.18424,0.00094,0.02043394
dwconv-bn-relu_prior_RQLI9B.pt,14,94,94,3,1,0.18424,0.00094,0.020011179999999996
dwconv-bn-relu_prior_Q7LVND.pt,14,94,94,3,1,0.18424,0.00094,0.019814320000000003
dwconv-bn-relu_prior_89ZT0A.pt,28,94,94,3,2,0.18424,0.00094,0.019840459999999994
dwconv-bn-relu_prior_930YKA.pt,14,94,94,3,1,0.18424,0.00094,0.020294379999999994
dwconv-bn-relu_prior_G828JG.pt,7,145,145,5,1,0.18473,0.00377,0.019883760000000004
dwconv-bn-relu_prior_YURXGF.pt,7,581,581,5,2,0.1850485,0.015106,0.019779939999999996
dwconv-bn-relu_prior_O6O94D.pt,14,19,19,7,1,0.1862,0.00095,0.01966754
dwconv-bn-relu_prior_6H64ME.pt,14,95,95,3,1,0.1862,0.00095,0.020096440000000004
dwconv-bn-relu_prior_VSGNVF.pt,14,95,95,3,1,0.1862,0.00095,0.019721240000000008
dwconv-bn-relu_prior_VQ38XH.pt,14,95,95,3,1,0.1862,0.00095,0.01972996
dwconv-bn-relu_prior_AYJ2TG.pt,14,95,95,3,1,0.1862,0.00095,0.020054540000000006
dwconv-bn-relu_prior_2NCGGP.pt,14,76,76,7,2,0.1862,0.0038,0.020503460000000008
dwconv-bn-relu_prior_U5G7OM.pt,7,381,381,3,1,0.18669,0.00381,0.01976814
dwconv-bn-relu_prior_OIBEBM.pt,28,24,24,3,1,0.18816,0.00024,0.01967018
dwconv-bn-relu_prior_JWRC22.pt,28,24,24,3,1,0.18816,0.00024,0.01972608
dwconv-bn-relu_prior_NLN6XO.pt,14,96,96,3,1,0.18816,0.00096,0.0201873
dwconv-bn-relu_prior_FFH04M.pt,14,96,96,3,1,0.18816,0.00096,0.019546159999999993
dwconv-bn-relu_prior_0FQNAE.pt,14,96,96,3,1,0.18816,0.00096,0.019907939999999996
dwconv-bn-relu_prior_0LPQEI.pt,28,96,96,3,2,0.18816,0.00096,0.019836960000000004
dwconv-bn-relu_prior_M8L7W7.pt,14,96,96,3,1,0.18816,0.00096,0.020325160000000002
dwconv-bn-relu_prior_JT39RW.pt,14,37,37,5,1,0.188552,0.000962,0.019984840000000007
dwconv-bn-relu_prior_ZJGBIA.pt,14,37,37,5,1,0.188552,0.000962,0.01971042
dwconv-bn-relu_prior_D4ITTD.pt,7,385,385,3,1,0.18865,0.00385,0.01966548
dwconv-bn-relu_prior_RCZOTJ.pt,7,386,386,3,1,0.18914,0.00386,0.02019662
dwconv-bn-relu_prior_HJJ0WP.pt,7,391,391,3,1,0.19159,0.00391,0.01961896
dwconv-bn-relu_prior_QPHPT5.pt,14,98,98,3,1,0.19208,0.00098,0.0211131
dwconv-bn-relu_prior_H5YRUQ.pt,14,98,98,3,1,0.19208,0.00098,0.019585900000000003
dwconv-bn-relu_prior_YX9SDD.pt,7,79,79,7,1,0.19355,0.00395,0.020173100000000003
dwconv-bn-relu_prior_SW645A.pt,14,38,38,5,1,0.193648,0.000988,0.02021338
dwconv-bn-relu_prior_3H7WW0.pt,14,99,99,3,1,0.19404,0.00099,0.01974188
dwconv-bn-relu_prior_WJ0JBC.pt,14,153,153,5,2,0.194922,0.003978,0.019520020000000003
dwconv-bn-relu_prior_E5T1DS.pt,7,153,153,5,1,0.194922,0.003978,0.0198693
dwconv-bn-relu_prior_J7E9JZ.pt,7,153,153,5,1,0.194922,0.003978,0.020318879999999997
dwconv-bn-relu_prior_NID1A2.pt,28,25,25,3,1,0.196,0.00025,0.01986404
dwconv-bn-relu_prior_IUV89A.pt,14,100,100,3,1,0.196,0.001,0.019755859999999997
dwconv-bn-relu_prior_WBATTE.pt,14,100,100,3,1,0.196,0.001,0.019799220000000003
dwconv-bn-relu_prior_U56Q64.pt,7,400,400,3,1,0.196,0.004,0.019734599999999995
dwconv-bn-relu_prior_8AG0D5.pt,7,154,154,5,1,0.196196,0.004004,0.01975921999999999
dwconv-bn-relu_prior_VCRYCZ.pt,14,154,154,5,2,0.196196,0.004004,0.0197508
dwconv-bn-relu_prior_DV82IS.pt,7,154,154,5,1,0.196196,0.004004,0.019605620000000004
dwconv-bn-relu_prior_SSV0HI.pt,7,154,154,5,1,0.196196,0.004004,0.020134
dwconv-bn-relu_prior_TII9EH.pt,7,155,155,5,1,0.19747,0.00403,0.019724659999999998
dwconv-bn-relu_prior_0OU84R.pt,7,155,155,5,1,0.19747,0.00403,0.019862139999999993
dwconv-bn-relu_prior_AGQAR6.pt,7,155,155,5,1,0.19747,0.00403,0.019703279999999993
dwconv-bn-relu_prior_H4Q4OU.pt,14,155,155,5,2,0.19747,0.00403,0.0203183
dwconv-bn-relu_prior_4R7MR5.pt,14,101,101,3,1,0.19796,0.00101,0.019880940000000007
dwconv-bn-relu_prior_937VJA.pt,14,101,101,3,1,0.19796,0.00101,0.01989642
dwconv-bn-relu_prior_FKG01T.pt,7,404,404,3,1,0.19796,0.00404,0.0196523
dwconv-bn-relu_prior_T9L4VO.pt,7,81,81,7,1,0.19845,0.00405,0.02030348
dwconv-bn-relu_prior_MLRFA4.pt,14,81,81,7,2,0.19845,0.00405,0.019724580000000002
dwconv-bn-relu_prior_MBHS2T.pt,7,81,81,7,1,0.19845,0.00405,0.01974442
dwconv-bn-relu_prior_15WA32.pt,14,39,39,5,1,0.198744,0.001014,0.01983802
dwconv-bn-relu_prior_6IFXSI.pt,14,39,39,5,1,0.198744,0.001014,0.020236759999999996
dwconv-bn-relu_prior_7Q4PGM.pt,7,156,156,5,1,0.198744,0.004056,0.020177959999999998
dwconv-bn-relu_prior_JX9JD8.pt,7,156,156,5,1,0.198744,0.004056,0.019874799999999998
dwconv-bn-relu_prior_4NKCC5.pt,7,156,156,5,1,0.198744,0.004056,0.019755279999999997
dwconv-bn-relu_prior_BKVADH.pt,14,102,102,3,1,0.19992,0.00102,0.019686400000000007
dwconv-bn-relu_prior_4WHMZI.pt,7,157,157,5,1,0.200018,0.004082,0.0202218
dwconv-bn-relu_prior_P0OI0W.pt,7,82,82,7,1,0.2009,0.0041,0.0197597
dwconv-bn-relu_prior_RAOE3K.pt,14,158,158,5,2,0.201292,0.004108,0.020091500000000005
dwconv-bn-relu_prior_0ISG10.pt,7,158,158,5,1,0.201292,0.004108,0.01985626
dwconv-bn-relu_prior_PK0C66.pt,14,103,103,3,1,0.20188,0.00103,0.020226879999999996
dwconv-bn-relu_prior_NXHQBU.pt,7,159,159,5,1,0.202566,0.004134,0.019612880000000006
dwconv-bn-relu_prior_3G6CJ2.pt,28,26,26,3,1,0.20384,0.00026,0.01972462
dwconv-bn-relu_prior_LXQICZ.pt,28,26,26,3,1,0.20384,0.00026,0.019818780000000008
dwconv-bn-relu_prior_9NNBGU.pt,28,26,26,3,1,0.20384,0.00026,0.019895339999999994
dwconv-bn-relu_prior_XJ8FQH.pt,28,26,26,3,1,0.20384,0.00026,0.019588439999999995
dwconv-bn-relu_prior_90KGBH.pt,28,26,26,3,1,0.20384,0.00026,0.019763680000000002
dwconv-bn-relu_prior_97SR42.pt,14,40,40,5,1,0.20384,0.00104,0.020925879999999987
dwconv-bn-relu_prior_RS4Z8B.pt,14,40,40,5,1,0.20384,0.00104,0.01998266
dwconv-bn-relu_prior_4SE5CK.pt,14,40,40,5,1,0.20384,0.00104,0.019729939999999998
dwconv-bn-relu_prior_AFYUIG.pt,14,40,40,5,1,0.20384,0.00104,0.02038082
dwconv-bn-relu_prior_JHPUMR.pt,7,160,160,5,1,0.20384,0.00416,0.019723960000000002
dwconv-bn-relu_prior_QXWB3Y.pt,7,160,160,5,1,0.20384,0.00416,0.019773120000000005
dwconv-bn-relu_prior_3TPTSD.pt,7,160,160,5,1,0.20384,0.00416,0.01960410000000001
dwconv-bn-relu_prior_NOVJWA.pt,7,160,160,5,1,0.20384,0.00416,0.019697100000000002
dwconv-bn-relu_prior_CSQFA3.pt,7,161,161,5,1,0.205114,0.004186,0.020191280000000002
dwconv-bn-relu_prior_FNI002.pt,14,161,161,5,2,0.205114,0.004186,0.019636380000000002
dwconv-bn-relu_prior_CLABD0.pt,7,161,161,5,1,0.205114,0.004186,0.019963440000000002
dwconv-bn-relu_prior_R51DKL.pt,7,161,161,5,1,0.205114,0.004186,0.019676140000000005
dwconv-bn-relu_prior_C2KM00.pt,7,161,161,5,1,0.205114,0.004186,0.01992402
dwconv-bn-relu_prior_6BP71N.pt,7,161,161,5,1,0.205114,0.004186,0.020255540000000002
dwconv-bn-relu_prior_YWP6H6.pt,7,161,161,5,1,0.205114,0.004186,0.01953307999999999
dwconv-bn-relu_prior_WJ1UF4.pt,14,105,105,3,1,0.2058,0.00105,0.019769219999999997
dwconv-bn-relu_prior_0PPXR9.pt,14,105,105,3,1,0.2058,0.00105,0.019900759999999997
dwconv-bn-relu_prior_5GWXQA.pt,14,105,105,3,1,0.2058,0.00105,0.019914220000000007
dwconv-bn-relu_prior_7Z03DZ.pt,14,105,105,3,1,0.2058,0.00105,0.019672719999999998
dwconv-bn-relu_prior_BIYEBN.pt,7,84,84,7,1,0.2058,0.0042,0.019608540000000004
dwconv-bn-relu_prior_KXC2X8.pt,14,162,162,5,2,0.206388,0.004212,0.019918119999999997
dwconv-bn-relu_prior_4LZO98.pt,7,162,162,5,1,0.206388,0.004212,0.020044340000000004
dwconv-bn-relu_prior_GU8P3Q.pt,7,163,163,5,1,0.207662,0.004238,0.01983064
dwconv-bn-relu_prior_M8JT4P.pt,7,163,163,5,1,0.207662,0.004238,0.019643439999999998
dwconv-bn-relu_prior_RPIPC6.pt,7,163,163,5,1,0.207662,0.004238,0.020169060000000003
dwconv-bn-relu_prior_0QGGKE.pt,7,163,163,5,1,0.207662,0.004238,0.02042026
dwconv-bn-relu_prior_NL7Y7M.pt,14,106,106,3,1,0.20776,0.00106,0.019667260000000002
dwconv-bn-relu_prior_A1XUFP.pt,14,106,106,3,1,0.20776,0.00106,0.019894979999999996
dwconv-bn-relu_prior_U8HKH4.pt,14,41,41,5,1,0.208936,0.001066,0.019728940000000004
dwconv-bn-relu_prior_GJ2KVB.pt,14,41,41,5,1,0.208936,0.001066,0.0198939
dwconv-bn-relu_prior_5XKSGK.pt,14,41,41,5,1,0.208936,0.001066,0.020447300000000005
dwconv-bn-relu_prior_V9ILDC.pt,14,41,41,5,1,0.208936,0.001066,0.020241480000000003
dwconv-bn-relu_prior_ITGG5G.pt,14,41,41,5,1,0.208936,0.001066,0.019860159999999995
dwconv-bn-relu_prior_DVBN2B.pt,28,41,41,5,2,0.208936,0.001066,0.019682379999999996
dwconv-bn-relu_prior_6ESG60.pt,7,164,164,5,1,0.208936,0.004264,0.01996118000000001
dwconv-bn-relu_prior_67XFMZ.pt,7,164,164,5,1,0.208936,0.004264,0.020462559999999998
dwconv-bn-relu_prior_EFVQ4X.pt,7,164,164,5,1,0.208936,0.004264,0.0195965
dwconv-bn-relu_prior_1W113P.pt,7,164,164,5,1,0.208936,0.004264,0.019586359999999997
dwconv-bn-relu_prior_YBO5AT.pt,7,164,164,5,1,0.208936,0.004264,0.01996132
dwconv-bn-relu_prior_AORXV6.pt,14,107,107,3,1,0.20972,0.00107,0.019711340000000004
dwconv-bn-relu_prior_9PF3RR.pt,14,107,107,3,1,0.20972,0.00107,0.02040522
dwconv-bn-relu_prior_ANSELL.pt,7,86,86,7,1,0.2107,0.0043,0.019875259999999995
dwconv-bn-relu_prior_EU94L9.pt,7,166,166,5,1,0.211484,0.004316,0.01968374
dwconv-bn-relu_prior_W84US4.pt,14,166,166,5,2,0.211484,0.004316,0.0195512
dwconv-bn-relu_prior_GA3NWX.pt,7,166,166,5,1,0.211484,0.004316,0.019708660000000003
dwconv-bn-relu_prior_TCYY86.pt,7,166,166,5,1,0.211484,0.004316,0.01952726
dwconv-bn-relu_prior_Y8OTM6.pt,7,166,166,5,1,0.211484,0.004316,0.020325620000000003
dwconv-bn-relu_prior_JUF7KC.pt,28,27,27,3,1,0.21168,0.00027,0.0196838
dwconv-bn-relu_prior_D7GJ25.pt,28,27,27,3,1,0.21168,0.00027,0.019857180000000002
dwconv-bn-relu_prior_RW2QF8.pt,28,27,27,3,1,0.21168,0.00027,0.02032702
dwconv-bn-relu_prior_TL8VU4.pt,7,167,167,5,1,0.212758,0.004342,0.019792419999999998
dwconv-bn-relu_prior_WXYZ43.pt,7,167,167,5,1,0.212758,0.004342,0.01972268
dwconv-bn-relu_prior_JJU7SL.pt,14,167,167,5,2,0.212758,0.004342,0.020028119999999996
dwconv-bn-relu_prior_93FZ8T.pt,14,87,87,7,2,0.21315,0.00435,0.019771499999999997
dwconv-bn-relu_prior_2BOLS9.pt,7,87,87,7,1,0.21315,0.00435,0.02012568
dwconv-bn-relu_prior_CH00VJ.pt,7,87,87,7,1,0.21315,0.00435,0.019957619999999995
dwconv-bn-relu_prior_HBOYJL.pt,14,109,109,3,1,0.21364,0.00109,0.019522079999999997
dwconv-bn-relu_prior_IHLQAJ.pt,14,109,109,3,1,0.21364,0.00109,0.019680640000000003
dwconv-bn-relu_prior_XXIALU.pt,28,42,42,5,2,0.214032,0.001092,0.020123540000000002
dwconv-bn-relu_prior_3G15OK.pt,14,42,42,5,1,0.214032,0.001092,0.019690640000000006
dwconv-bn-relu_prior_443ZKP.pt,14,42,42,5,1,0.214032,0.001092,0.020431999999999995
dwconv-bn-relu_prior_YT4OYH.pt,7,168,168,5,1,0.214032,0.004368,0.020192039999999998
dwconv-bn-relu_prior_9UUQYN.pt,14,168,168,5,2,0.214032,0.004368,0.02089698
dwconv-bn-relu_prior_NN90V9.pt,7,168,168,5,1,0.214032,0.004368,0.019938320000000002
dwconv-bn-relu_prior_9J8EX4.pt,7,168,168,5,1,0.214032,0.004368,0.019787619999999995
dwconv-bn-relu_prior_GU2CKF.pt,14,169,169,5,2,0.215306,0.004394,0.020320880000000006
dwconv-bn-relu_prior_XMK6Q1.pt,7,169,169,5,1,0.215306,0.004394,0.01975426
dwconv-bn-relu_prior_SN1EL6.pt,7,169,169,5,1,0.215306,0.004394,0.019978520000000003
dwconv-bn-relu_prior_1MKGGE.pt,7,169,169,5,1,0.215306,0.004394,0.019798520000000003
dwconv-bn-relu_prior_MDFUFJ.pt,14,22,22,7,1,0.2156,0.0011,0.019746500000000004
dwconv-bn-relu_prior_1WFCY6.pt,7,88,88,7,1,0.2156,0.0044,0.019597780000000006
dwconv-bn-relu_prior_8D01SV.pt,7,88,88,7,1,0.2156,0.0044,0.01962378
dwconv-bn-relu_prior_SUK8KH.pt,7,170,170,5,1,0.21658,0.00442,0.020310380000000003
dwconv-bn-relu_prior_Y9T5YU.pt,7,683,683,5,2,0.2175355,0.017758,0.02033264
dwconv-bn-relu_prior_JVJY1E.pt,14,111,111,3,1,0.21756,0.00111,0.019976400000000002
dwconv-bn-relu_prior_9CAGQN.pt,14,171,171,5,2,0.217854,0.004446,0.01969934
dwconv-bn-relu_prior_G1AAW3.pt,7,171,171,5,1,0.217854,0.004446,0.020189579999999995
dwconv-bn-relu_prior_WCIJSO.pt,7,171,171,5,1,0.217854,0.004446,0.020273760000000002
dwconv-bn-relu_prior_F7DKMC.pt,14,171,171,5,2,0.217854,0.004446,0.019562180000000005
dwconv-bn-relu_prior_392GN2.pt,14,43,43,5,1,0.219128,0.001118,0.019982760000000002
dwconv-bn-relu_prior_ZSJR25.pt,28,43,43,5,2,0.219128,0.001118,0.019843119999999995
dwconv-bn-relu_prior_YPB2GN.pt,14,43,43,5,1,0.219128,0.001118,0.02035066
dwconv-bn-relu_prior_78YIMH.pt,14,43,43,5,1,0.219128,0.001118,0.020160260000000006
dwconv-bn-relu_prior_NUOSD1.pt,7,172,172,5,1,0.219128,0.004472,0.019727879999999996
dwconv-bn-relu_prior_MCL69Z.pt,7,172,172,5,1,0.219128,0.004472,0.019875200000000003
dwconv-bn-relu_prior_JVDGZS.pt,28,28,28,3,1,0.21952,0.00028,0.01957408
dwconv-bn-relu_prior_1UFNKJ.pt,28,28,28,3,1,0.21952,0.00028,0.020298060000000003
dwconv-bn-relu_prior_G30BPN.pt,14,112,112,3,1,0.21952,0.00112,0.019928400000000002
dwconv-bn-relu_prior_AGANUV.pt,14,112,112,3,1,0.21952,0.00112,0.0196687
dwconv-bn-relu_prior_QW0Y0Q.pt,7,690,690,5,2,0.219765,0.01794,0.019792180000000003
dwconv-bn-relu_prior_UOUG40.pt,14,173,173,5,2,0.220402,0.004498,0.019751059999999997
dwconv-bn-relu_prior_EAV70A.pt,7,90,90,7,1,0.2205,0.0045,0.01979396
dwconv-bn-relu_prior_8QUTJK.pt,7,174,174,5,1,0.221676,0.004524,0.019612299999999992
dwconv-bn-relu_prior_USDJ0N.pt,7,174,174,5,1,0.221676,0.004524,0.019678880000000003
dwconv-bn-relu_prior_3VOCCF.pt,7,91,91,7,1,0.22295,0.00455,0.020094519999999994
dwconv-bn-relu_prior_LTGIWS.pt,7,175,175,5,1,0.22295,0.00455,0.01988218
dwconv-bn-relu_prior_HTNX9M.pt,14,114,114,3,1,0.22344,0.00114,0.01967806
dwconv-bn-relu_prior_IZOUM7.pt,28,11,11,5,1,0.224224,0.000286,0.019617240000000005
dwconv-bn-relu_prior_6HTE7G.pt,28,11,11,5,1,0.224224,0.000286,0.019794460000000003
dwconv-bn-relu_prior_C73C6Y.pt,14,44,44,5,1,0.224224,0.001144,0.019787920000000004
dwconv-bn-relu_prior_8AX7GN.pt,14,44,44,5,1,0.224224,0.001144,0.019792579999999994
dwconv-bn-relu_prior_5HCR2I.pt,7,176,176,5,1,0.224224,0.004576,0.01978816
dwconv-bn-relu_prior_YGNJDR.pt,7,176,176,5,1,0.224224,0.004576,0.019646779999999996
dwconv-bn-relu_prior_P947NA.pt,14,23,23,7,1,0.2254,0.00115,0.02060482000000001
dwconv-bn-relu_prior_LH1KIT.pt,14,115,115,3,1,0.2254,0.00115,0.019738960000000003
dwconv-bn-relu_prior_KCVYUL.pt,28,115,115,3,2,0.2254,0.00115,0.019888919999999994
dwconv-bn-relu_prior_U8ELER.pt,7,92,92,7,1,0.2254,0.0046,0.0209317
dwconv-bn-relu_prior_79MYUP.pt,7,177,177,5,1,0.225498,0.004602,0.019861599999999997
dwconv-bn-relu_prior_6MESHB.pt,7,177,177,5,1,0.225498,0.004602,0.01968076
dwconv-bn-relu_prior_JY30SR.pt,7,177,177,5,1,0.225498,0.004602,0.019594459999999998
dwconv-bn-relu_prior_HPAAQ2.pt,14,178,178,5,2,0.226772,0.004628,0.019659799999999998
dwconv-bn-relu_prior_GADAHG.pt,7,178,178,5,1,0.226772,0.004628,0.01995954
dwconv-bn-relu_prior_SDZTIF.pt,7,178,178,5,1,0.226772,0.004628,0.019673819999999998
dwconv-bn-relu_prior_6KB2AT.pt,7,178,178,5,1,0.226772,0.004628,0.01970924
dwconv-bn-relu_prior_RZGTNE.pt,7,178,178,5,1,0.226772,0.004628,0.019709660000000004
dwconv-bn-relu_prior_RJ79L1.pt,7,178,178,5,1,0.226772,0.004628,0.019710159999999997
dwconv-bn-relu_prior_3SBOP8.pt,7,178,178,5,1,0.226772,0.004628,0.019870239999999997
dwconv-bn-relu_prior_UBRX2A.pt,28,29,29,3,1,0.22736,0.00029,0.0197953
dwconv-bn-relu_prior_M64G12.pt,14,116,116,3,1,0.22736,0.00116,0.01978696
dwconv-bn-relu_prior_MC7GAG.pt,14,116,116,3,1,0.22736,0.00116,0.0208084
dwconv-bn-relu_prior_I715AG.pt,7,93,93,7,1,0.22785,0.00465,0.019615140000000003
dwconv-bn-relu_prior_RFBNT4.pt,7,179,179,5,1,0.228046,0.004654,0.01997748
dwconv-bn-relu_prior_C1JIFA.pt,7,179,179,5,1,0.228046,0.004654,0.019836239999999995
dwconv-bn-relu_prior_0J6UGL.pt,14,45,45,5,1,0.22932,0.00117,0.019732660000000003
dwconv-bn-relu_prior_JK3CTX.pt,14,117,117,3,1,0.22932,0.00117,0.019619060000000004
dwconv-bn-relu_prior_TKLEDI.pt,14,45,45,5,1,0.22932,0.00117,0.01990154
dwconv-bn-relu_prior_ZOI0NX.pt,7,180,180,5,1,0.22932,0.00468,0.019812720000000002
dwconv-bn-relu_prior_211A9O.pt,7,468,468,3,1,0.22932,0.00468,0.019788859999999995
dwconv-bn-relu_prior_W3I37Y.pt,7,94,94,7,1,0.2303,0.0047,0.019793719999999997
dwconv-bn-relu_prior_XND3DL.pt,7,94,94,7,1,0.2303,0.0047,0.019651619999999995
dwconv-bn-relu_prior_VSGR56.pt,7,470,470,3,1,0.2303,0.0047,0.019687800000000002
dwconv-bn-relu_prior_TCRUXB.pt,7,94,94,7,1,0.2303,0.0047,0.0195185
dwconv-bn-relu_prior_XT88VR.pt,7,471,471,3,1,0.23079,0.00471,0.01985212
dwconv-bn-relu_prior_9UWRRJ.pt,14,471,471,3,2,0.23079,0.00471,0.019900920000000002
dwconv-bn-relu_prior_EDXZOX.pt,7,471,471,3,1,0.23079,0.00471,0.019868659999999996
dwconv-bn-relu_prior_4XTU54.pt,7,472,472,3,1,0.23128,0.00472,0.01980446
dwconv-bn-relu_prior_OM79LA.pt,7,472,472,3,1,0.23128,0.00472,0.01992388
dwconv-bn-relu_prior_GHWTKF.pt,7,472,472,3,1,0.23128,0.00472,0.019843600000000003
dwconv-bn-relu_prior_2G5QRN.pt,7,472,472,3,1,0.23128,0.00472,0.01981469999999999
dwconv-bn-relu_prior_72BI97.pt,7,473,473,3,1,0.23177,0.00473,0.02007254
dwconv-bn-relu_prior_X6IY20.pt,7,473,473,3,1,0.23177,0.00473,0.02003492
dwconv-bn-relu_prior_Y4GEEY.pt,7,182,182,5,1,0.231868,0.004732,0.0197414
dwconv-bn-relu_prior_I18KJQ.pt,7,475,475,3,1,0.23275,0.00475,0.01974408
dwconv-bn-relu_prior_1CON0J.pt,14,95,95,7,2,0.23275,0.00475,0.019863520000000003
dwconv-bn-relu_prior_91O069.pt,14,119,119,3,1,0.23324,0.00119,0.02011608
dwconv-bn-relu_prior_9MBN09.pt,14,46,46,5,1,0.234416,0.001196,0.01978398
dwconv-bn-relu_prior_HL1W2D.pt,14,46,46,5,1,0.234416,0.001196,0.02002962
dwconv-bn-relu_prior_WD82EW.pt,14,46,46,5,1,0.234416,0.001196,0.019804779999999994
dwconv-bn-relu_prior_E5LC3A.pt,14,46,46,5,1,0.234416,0.001196,0.019826139999999996
dwconv-bn-relu_prior_SLYAQV.pt,14,46,46,5,1,0.234416,0.001196,0.019713819999999996
dwconv-bn-relu_prior_P7AURR.pt,14,46,46,5,1,0.234416,0.001196,0.01965738
dwconv-bn-relu_prior_3NSH6I.pt,14,24,24,7,1,0.2352,0.0012,0.019816000000000004
dwconv-bn-relu_prior_SSD6YS.pt,7,481,481,3,1,0.23569,0.00481,0.020326900000000005
dwconv-bn-relu_prior_6UN0JP.pt,7,481,481,3,1,0.23569,0.00481,0.019799820000000003
dwconv-bn-relu_prior_1CWZFB.pt,7,482,482,3,1,0.23618,0.00482,0.01977968
dwconv-bn-relu_prior_T20E52.pt,14,483,483,3,2,0.23667,0.00483,0.020404560000000002
dwconv-bn-relu_prior_ZNXO5O.pt,14,121,121,3,1,0.23716,0.00121,0.03909644000000001
dwconv-bn-relu_prior_GN4NPF.pt,14,121,121,3,1,0.23716,0.00121,0.019790020000000002
dwconv-bn-relu_prior_D50UC0.pt,7,486,486,3,1,0.23814,0.00486,0.019823259999999995
dwconv-bn-relu_prior_IMNA5P.pt,14,47,47,5,1,0.239512,0.001222,0.020471740000000002
dwconv-bn-relu_prior_9HUTQK.pt,28,47,47,5,2,0.239512,0.001222,0.02005318
dwconv-bn-relu_prior_IVA1JK.pt,7,188,188,5,1,0.239512,0.004888,0.0198768
dwconv-bn-relu_prior_CN8CCD.pt,7,188,188,5,1,0.239512,0.004888,0.0199339
dwconv-bn-relu_prior_WGYIS7.pt,7,489,489,3,1,0.23961,0.00489,0.019687339999999994
dwconv-bn-relu_prior_QOO1JN.pt,7,489,489,3,1,0.23961,0.00489,0.019889900000000005
dwconv-bn-relu_prior_5PJRQD.pt,7,489,489,3,1,0.23961,0.00489,0.019800980000000003
dwconv-bn-relu_prior_M92IWQ.pt,7,490,490,3,1,0.2401,0.0049,0.020048399999999997
dwconv-bn-relu_prior_4WRXGI.pt,14,123,123,3,1,0.24108,0.00123,0.019837360000000005
dwconv-bn-relu_prior_M3V26X.pt,14,123,123,3,1,0.24108,0.00123,0.0198126
dwconv-bn-relu_prior_TGW67H.pt,7,493,493,3,1,0.24157,0.00493,0.01982414
dwconv-bn-relu_prior_Y4XTHZ.pt,7,494,494,3,1,0.24206,0.00494,0.019814619999999998
dwconv-bn-relu_prior_FTWCTV.pt,7,190,190,5,1,0.24206,0.00494,0.019745079999999998
dwconv-bn-relu_prior_C0URE2.pt,28,31,31,3,1,0.24304,0.00031,0.02003308
dwconv-bn-relu_prior_PMUR2K.pt,14,124,124,3,1,0.24304,0.00124,0.01984056
dwconv-bn-relu_prior_ZXQXSH.pt,14,124,124,3,1,0.24304,0.00124,0.01972886
dwconv-bn-relu_prior_EWXP58.pt,7,496,496,3,1,0.24304,0.00496,0.019824320000000006
dwconv-bn-relu_prior_QDOJLY.pt,7,497,497,3,1,0.24353,0.00497,0.019829279999999998
dwconv-bn-relu_prior_DCHEVJ.pt,7,499,499,3,1,0.24451,0.00499,0.01997362
dwconv-bn-relu_prior_2I2UZ0.pt,28,12,12,5,1,0.244608,0.000312,0.019536179999999997
dwconv-bn-relu_prior_6OM6JX.pt,28,12,12,5,1,0.244608,0.000312,0.019715080000000006
dwconv-bn-relu_prior_6O9KYX.pt,28,12,12,5,1,0.244608,0.000312,0.019729379999999994
dwconv-bn-relu_prior_UGZ7FG.pt,28,12,12,5,1,0.244608,0.000312,0.0199131
dwconv-bn-relu_prior_RUPKW6.pt,14,48,48,5,1,0.244608,0.001248,0.01994804
dwconv-bn-relu_prior_YIDLOV.pt,14,48,48,5,1,0.244608,0.001248,0.01983892
dwconv-bn-relu_prior_MS8VPK.pt,14,48,48,5,1,0.244608,0.001248,0.0196424
dwconv-bn-relu_prior_ZJUDJV.pt,14,48,48,5,1,0.244608,0.001248,0.0196959
dwconv-bn-relu_prior_F1N4F3.pt,14,48,48,5,1,0.244608,0.001248,0.0198005
dwconv-bn-relu_prior_PB1JCS.pt,14,25,25,7,1,0.245,0.00125,0.019774359999999998
dwconv-bn-relu_prior_FI7Z0C.pt,14,125,125,3,1,0.245,0.00125,0.02021624
dwconv-bn-relu_prior_CBB26R.pt,14,25,25,7,1,0.245,0.00125,0.02006962
dwconv-bn-relu_prior_NQVN7U.pt,7,100,100,7,1,0.245,0.005,0.01970596
dwconv-bn-relu_prior_TWNGCQ.pt,14,501,501,3,2,0.24549,0.00501,0.019873260000000004
dwconv-bn-relu_prior_E9IV2L.pt,14,126,126,3,1,0.24696,0.00126,0.01994712
dwconv-bn-relu_prior_39RRQO.pt,7,101,101,7,1,0.24745,0.00505,0.01956515999999999
dwconv-bn-relu_prior_4G9VQF.pt,7,506,506,3,1,0.24794,0.00506,0.020021819999999996
dwconv-bn-relu_prior_DHVG0K.pt,7,508,508,3,1,0.24892,0.00508,0.019718239999999995
dwconv-bn-relu_prior_D4ZK5F.pt,7,509,509,3,1,0.24941,0.00509,0.019755580000000005
dwconv-bn-relu_prior_2UK1OG.pt,7,509,509,3,1,0.24941,0.00509,0.019826299999999998
dwconv-bn-relu_prior_ZLOS2F.pt,14,49,49,5,1,0.249704,0.001274,0.01976366
dwconv-bn-relu_prior_K1VCA8.pt,14,49,49,5,1,0.249704,0.001274,0.020479179999999993
dwconv-bn-relu_prior_ROWEJZ.pt,14,49,49,5,1,0.249704,0.001274,0.0198857
dwconv-bn-relu_prior_XL8O0T.pt,28,32,32,3,1,0.25088,0.00032,0.019758440000000002
dwconv-bn-relu_prior_CLPU1C.pt,28,32,32,3,1,0.25088,0.00032,0.01970696
dwconv-bn-relu_prior_3DIP66.pt,28,32,32,3,1,0.25088,0.00032,0.019669919999999997
dwconv-bn-relu_prior_EUGKU4.pt,7,198,198,5,1,0.252252,0.005148,0.01984252
dwconv-bn-relu_prior_56YXFS.pt,14,129,129,3,1,0.25284,0.00129,0.0197612
dwconv-bn-relu_prior_4QE9SS.pt,14,129,129,3,1,0.25284,0.00129,0.019673040000000003
dwconv-bn-relu_prior_EHWSI0.pt,7,517,517,3,1,0.25333,0.00517,0.0195993
dwconv-bn-relu_prior_5PNBNB.pt,7,199,199,5,1,0.253526,0.005174,0.01970106
dwconv-bn-relu_prior_6RS4CT.pt,7,518,518,3,1,0.25382,0.00518,0.01983228
dwconv-bn-relu_prior_P0IJGN.pt,14,50,50,5,1,0.2548,0.0013,0.019726379999999998
dwconv-bn-relu_prior_BNUJTY.pt,14,50,50,5,1,0.2548,0.0013,0.019797940000000003
dwconv-bn-relu_prior_3QMH1I.pt,14,130,130,3,1,0.2548,0.0013,0.019835240000000004
dwconv-bn-relu_prior_5K5AJA.pt,14,130,130,3,1,0.2548,0.0013,0.01976978
dwconv-bn-relu_prior_06O0OB.pt,7,104,104,7,1,0.2548,0.0052,0.0198223
dwconv-bn-relu_prior_C7UGRC.pt,7,200,200,5,1,0.2548,0.0052,0.020042339999999995
dwconv-bn-relu_prior_WZJKL5.pt,28,33,33,3,1,0.25872,0.00033,0.01969696
dwconv-bn-relu_prior_APMT63.pt,14,51,51,5,1,0.259896,0.001326,0.019922939999999997
dwconv-bn-relu_prior_WIRRUR.pt,14,51,51,5,1,0.259896,0.001326,0.019949799999999997
dwconv-bn-relu_prior_UK7UZO.pt,14,134,134,3,1,0.26264,0.00134,0.01990422
dwconv-bn-relu_prior_6ETEKE.pt,7,207,207,5,1,0.263718,0.005382,0.019845519999999995
dwconv-bn-relu_prior_W35GHG.pt,14,52,52,5,1,0.264992,0.001352,0.019808600000000006
dwconv-bn-relu_prior_M6RHY8.pt,14,52,52,5,1,0.264992,0.001352,0.019885899999999998
dwconv-bn-relu_prior_63PT9T.pt,14,52,52,5,1,0.264992,0.001352,0.019809339999999998
dwconv-bn-relu_prior_I6J06G.pt,28,34,34,3,1,0.26656,0.00034,0.020311399999999997
dwconv-bn-relu_prior_NWJS41.pt,14,137,137,3,1,0.26852,0.00137,0.019876320000000003
dwconv-bn-relu_prior_E8D4XN.pt,14,137,137,3,1,0.26852,0.00137,0.01994248
dwconv-bn-relu_prior_VAWCMT.pt,14,53,53,5,1,0.270088,0.001378,0.01983766
dwconv-bn-relu_prior_UWKCXH.pt,14,53,53,5,1,0.270088,0.001378,0.019871520000000004
dwconv-bn-relu_prior_QC8ZIO.pt,14,53,53,5,1,0.270088,0.001378,0.019946139999999998
dwconv-bn-relu_prior_UDGF49.pt,14,53,53,5,1,0.270088,0.001378,0.01958066
dwconv-bn-relu_prior_JX0YTC.pt,14,53,53,5,1,0.270088,0.001378,0.01980904
dwconv-bn-relu_prior_GC7Y1J.pt,14,53,53,5,1,0.270088,0.001378,0.019713520000000002
dwconv-bn-relu_prior_5VOK64.pt,7,554,554,3,1,0.27146,0.00554,0.019945699999999997
dwconv-bn-relu_prior_C2214J.pt,7,558,558,3,1,0.27342,0.00558,0.019793959999999996
dwconv-bn-relu_prior_4SMMMB.pt,7,559,559,3,1,0.27391,0.00559,0.019862039999999997
dwconv-bn-relu_prior_Z9FYYW.pt,56,35,35,3,2,0.2744,0.00035,0.019841780000000003
dwconv-bn-relu_prior_PKZABX.pt,14,28,28,7,1,0.2744,0.0014,0.0200105
dwconv-bn-relu_prior_YTJBT7.pt,7,561,561,3,1,0.27489,0.00561,0.019836740000000005
dwconv-bn-relu_prior_RIEJ4C.pt,14,54,54,5,1,0.275184,0.001404,0.01994184
dwconv-bn-relu_prior_CW4BIP.pt,14,141,141,3,1,0.27636,0.00141,0.019899639999999993
dwconv-bn-relu_prior_WBP8OF.pt,7,565,565,3,1,0.27685,0.00565,0.019840160000000006
dwconv-bn-relu_prior_L1SQN0.pt,14,142,142,3,1,0.27832,0.00142,0.019957640000000002
dwconv-bn-relu_prior_X7QICI.pt,7,114,114,7,1,0.2793,0.0057,0.019702279999999996
dwconv-bn-relu_prior_SQTM5C.pt,7,571,571,3,1,0.27979,0.00571,0.019838620000000008
dwconv-bn-relu_prior_QLIDZP.pt,7,571,571,3,1,0.27979,0.00571,0.019856580000000002
dwconv-bn-relu_prior_XUTLK8.pt,14,55,55,5,1,0.28028,0.00143,0.01960358
dwconv-bn-relu_prior_JDV5N8.pt,28,143,143,3,2,0.28028,0.00143,0.019875280000000002
dwconv-bn-relu_prior_WBHEJL.pt,14,55,55,5,1,0.28028,0.00143,0.01987862
dwconv-bn-relu_prior_3ECHH8.pt,14,55,55,5,1,0.28028,0.00143,0.019725620000000003
dwconv-bn-relu_prior_NPQA4G.pt,7,574,574,3,1,0.28126,0.00574,0.020021540000000004
dwconv-bn-relu_prior_UFEFL7.pt,7,575,575,3,1,0.28175,0.00575,0.019758780000000004
dwconv-bn-relu_prior_X1N5G3.pt,28,36,36,3,1,0.28224,0.00036,0.019603400000000007
dwconv-bn-relu_prior_1WMSDJ.pt,28,36,36,3,1,0.28224,0.00036,0.019686400000000003
dwconv-bn-relu_prior_B73WGQ.pt,14,144,144,3,1,0.28224,0.00144,0.019578
dwconv-bn-relu_prior_T8GDV3.pt,14,144,144,3,1,0.28224,0.00144,0.0200839
dwconv-bn-relu_prior_CNI561.pt,7,578,578,3,1,0.28322,0.00578,0.019723439999999995
dwconv-bn-relu_prior_9RV8EX.pt,14,29,29,7,1,0.2842,0.00145,0.01980474
dwconv-bn-relu_prior_GOZPOV.pt,14,29,29,7,1,0.2842,0.00145,0.020414580000000005
dwconv-bn-relu_prior_8E3I05.pt,7,116,116,7,1,0.2842,0.0058,0.02006434
dwconv-bn-relu_prior_GEULER.pt,7,580,580,3,1,0.2842,0.0058,0.020300600000000002
dwconv-bn-relu_prior_O24B30.pt,28,14,14,5,1,0.285376,0.000364,0.019973799999999996
dwconv-bn-relu_prior_NL8YT6.pt,28,14,14,5,1,0.285376,0.000364,0.02012098
dwconv-bn-relu_prior_DP4WVI.pt,14,56,56,5,1,0.285376,0.001456,0.020064380000000007
dwconv-bn-relu_prior_V67C9J.pt,14,146,146,3,1,0.28616,0.00146,0.020382999999999995
dwconv-bn-relu_prior_GO034F.pt,14,147,147,3,1,0.28812,0.00147,0.020332159999999995
dwconv-bn-relu_prior_PO58LU.pt,14,147,147,3,1,0.28812,0.00147,0.020119780000000004
dwconv-bn-relu_prior_WIRJQE.pt,14,147,147,3,1,0.28812,0.00147,0.019849400000000007
dwconv-bn-relu_prior_1X70TE.pt,14,147,147,3,1,0.28812,0.00147,0.019947720000000006
dwconv-bn-relu_prior_YXGLLB.pt,7,227,227,5,1,0.289198,0.005902,0.019686339999999997
dwconv-bn-relu_prior_TNMZYF.pt,28,37,37,3,1,0.29008,0.00037,0.01976526
dwconv-bn-relu_prior_UD27IO.pt,14,148,148,3,1,0.29008,0.00148,0.02002046
dwconv-bn-relu_prior_DEHM42.pt,14,57,57,5,1,0.290472,0.001482,0.019941240000000002
dwconv-bn-relu_prior_8625W9.pt,14,57,57,5,1,0.290472,0.001482,0.0197978
dwconv-bn-relu_prior_5YY3NU.pt,14,57,57,5,1,0.290472,0.001482,0.01984078
dwconv-bn-relu_prior_NHSZ29.pt,14,57,57,5,1,0.290472,0.001482,0.019855160000000004
dwconv-bn-relu_prior_L5IFQU.pt,14,149,149,3,1,0.29204,0.00149,0.019827819999999993
dwconv-bn-relu_prior_QX2H0B.pt,7,120,120,7,1,0.294,0.006,0.019816359999999998
dwconv-bn-relu_prior_SPLP16.pt,7,120,120,7,1,0.294,0.006,0.019774240000000002
dwconv-bn-relu_prior_WFU7X7.pt,7,120,120,7,1,0.294,0.006,0.01989388
dwconv-bn-relu_prior_O7G5SS.pt,7,120,120,7,1,0.294,0.006,0.019868779999999996
dwconv-bn-relu_prior_46VUNU.pt,14,58,58,5,1,0.295568,0.001508,0.019870139999999998
dwconv-bn-relu_prior_V476XW.pt,14,58,58,5,1,0.295568,0.001508,0.019768800000000003
dwconv-bn-relu_prior_66LH08.pt,28,38,38,3,1,0.29792,0.00038,0.020345220000000004
dwconv-bn-relu_prior_QLVPS8.pt,28,38,38,3,1,0.29792,0.00038,0.019848820000000003
dwconv-bn-relu_prior_IE4VCT.pt,28,38,38,3,1,0.29792,0.00038,0.01988844
dwconv-bn-relu_prior_DRMTQV.pt,28,38,38,3,1,0.29792,0.00038,0.01995952
dwconv-bn-relu_prior_2ZYORS.pt,14,152,152,3,1,0.29792,0.00152,0.019873239999999997
dwconv-bn-relu_prior_YLH6UR.pt,7,234,234,5,1,0.298116,0.006084,0.020026079999999998
dwconv-bn-relu_prior_VSKQDF.pt,7,234,234,5,1,0.298116,0.006084,0.019844060000000007
dwconv-bn-relu_prior_WZJQZZ.pt,7,235,235,5,1,0.29939,0.00611,0.019687000000000003
dwconv-bn-relu_prior_G98GZP.pt,14,153,153,3,1,0.29988,0.00153,0.019937260000000002
dwconv-bn-relu_prior_8TD07T.pt,14,153,153,3,1,0.29988,0.00153,0.01973408
dwconv-bn-relu_prior_PZWX0L.pt,28,59,59,5,2,0.300664,0.001534,0.01965554
dwconv-bn-relu_prior_7GZCBA.pt,14,236,236,5,2,0.300664,0.006136,0.019800420000000003
dwconv-bn-relu_prior_UH9LHM.pt,28,154,154,3,2,0.30184,0.00154,0.019899260000000002
dwconv-bn-relu_prior_60QO0R.pt,14,154,154,3,1,0.30184,0.00154,0.0199204
dwconv-bn-relu_prior_19ZH1V.pt,14,154,154,3,1,0.30184,0.00154,0.019878100000000003
dwconv-bn-relu_prior_M3XFC9.pt,14,154,154,3,1,0.30184,0.00154,0.019616899999999996
dwconv-bn-relu_prior_GAZ02N.pt,14,154,154,3,1,0.30184,0.00154,0.019917599999999994
dwconv-bn-relu_prior_METRQA.pt,14,155,155,3,1,0.3038,0.00155,0.01987436
dwconv-bn-relu_prior_ZSLGWK.pt,14,155,155,3,1,0.3038,0.00155,0.019810420000000002
dwconv-bn-relu_prior_XU3687.pt,14,155,155,3,1,0.3038,0.00155,0.01980596
dwconv-bn-relu_prior_C1285U.pt,14,155,155,3,1,0.3038,0.00155,0.019908700000000005
dwconv-bn-relu_prior_G0N2GN.pt,14,155,155,3,1,0.3038,0.00155,0.01978568
dwconv-bn-relu_prior_3PQLNX.pt,14,31,31,7,1,0.3038,0.00155,0.0198827
dwconv-bn-relu_prior_JZU98H.pt,14,155,155,3,1,0.3038,0.00155,0.01993122
dwconv-bn-relu_prior_0XXSSR.pt,28,15,15,5,1,0.30576,0.00039,0.019953679999999994
dwconv-bn-relu_prior_A48LIU.pt,28,15,15,5,1,0.30576,0.00039,0.01968244
dwconv-bn-relu_prior_P9EIGC.pt,28,15,15,5,1,0.30576,0.00039,0.019675640000000008
dwconv-bn-relu_prior_33E8I5.pt,28,15,15,5,1,0.30576,0.00039,0.01967588
dwconv-bn-relu_prior_Y6XRRX.pt,28,39,39,3,1,0.30576,0.00039,0.019757319999999995
dwconv-bn-relu_prior_4AJC38.pt,28,15,15,5,1,0.30576,0.00039,0.01978953999999999
dwconv-bn-relu_prior_VA9KXN.pt,28,15,15,5,1,0.30576,0.00039,0.01971454
dwconv-bn-relu_prior_MY7IQ3.pt,28,39,39,3,1,0.30576,0.00039,0.019744479999999995
dwconv-bn-relu_prior_ATRK93.pt,14,156,156,3,1,0.30576,0.00156,0.019829199999999998
dwconv-bn-relu_prior_ES4Y7X.pt,14,156,156,3,1,0.30576,0.00156,0.019872860000000003
dwconv-bn-relu_prior_OIO277.pt,14,156,156,3,1,0.30576,0.00156,0.020314460000000003
dwconv-bn-relu_prior_BXXBDU.pt,14,156,156,3,1,0.30576,0.00156,0.0198236
dwconv-bn-relu_prior_TSBJ30.pt,14,156,156,3,1,0.30576,0.00156,0.019879040000000004
dwconv-bn-relu_prior_DM5O5U.pt,14,60,60,5,1,0.30576,0.00156,0.019490479999999998
dwconv-bn-relu_prior_BQBLPK.pt,14,156,156,3,1,0.30576,0.00156,0.019930280000000012
dwconv-bn-relu_prior_VQ7093.pt,14,156,156,3,1,0.30576,0.00156,0.01986226
dwconv-bn-relu_prior_I16OG4.pt,14,60,60,5,1,0.30576,0.00156,0.019731119999999998
dwconv-bn-relu_prior_S93XBF.pt,14,60,60,5,1,0.30576,0.00156,0.020094499999999998
dwconv-bn-relu_prior_E1XL3U.pt,14,156,156,3,1,0.30576,0.00156,0.01990912
dwconv-bn-relu_prior_JBU31J.pt,7,240,240,5,1,0.30576,0.00624,0.01971358
dwconv-bn-relu_prior_FZQJ3G.pt,7,240,240,5,1,0.30576,0.00624,0.019926380000000004
dwconv-bn-relu_prior_M58425.pt,14,157,157,3,1,0.30772,0.00157,0.019747919999999995
dwconv-bn-relu_prior_7P9CB8.pt,14,157,157,3,1,0.30772,0.00157,0.01995544
dwconv-bn-relu_prior_UFRE93.pt,14,157,157,3,1,0.30772,0.00157,0.019992059999999996
dwconv-bn-relu_prior_AZ6OUY.pt,14,157,157,3,1,0.30772,0.00157,0.019797939999999997
dwconv-bn-relu_prior_HJE276.pt,14,157,157,3,1,0.30772,0.00157,0.020056360000000006
dwconv-bn-relu_prior_OSFXD1.pt,14,157,157,3,1,0.30772,0.00157,0.0198665
dwconv-bn-relu_prior_WE1M2Y.pt,7,242,242,5,1,0.308308,0.006292,0.01971872000000001
dwconv-bn-relu_prior_A9TQ4U.pt,28,158,158,3,2,0.30968,0.00158,0.0199695
dwconv-bn-relu_prior_FT0OEN.pt,14,158,158,3,1,0.30968,0.00158,0.019929739999999998
dwconv-bn-relu_prior_X36M48.pt,14,158,158,3,1,0.30968,0.00158,0.020275599999999998
dwconv-bn-relu_prior_TQJE1Y.pt,14,158,158,3,1,0.30968,0.00158,0.02000976
dwconv-bn-relu_prior_8DWIZ7.pt,14,158,158,3,1,0.30968,0.00158,0.01974386
dwconv-bn-relu_prior_4LZW9X.pt,14,158,158,3,1,0.30968,0.00158,0.01976424
dwconv-bn-relu_prior_L2PQ6I.pt,14,158,158,3,1,0.30968,0.00158,0.0202515
dwconv-bn-relu_prior_H8QODX.pt,14,158,158,3,1,0.30968,0.00158,0.01974114
dwconv-bn-relu_prior_RFIRKA.pt,14,159,159,3,1,0.31164,0.00159,0.019982559999999996
dwconv-bn-relu_prior_IB97FQ.pt,14,159,159,3,1,0.31164,0.00159,0.019701940000000008
dwconv-bn-relu_prior_NA2P7A.pt,7,245,245,5,1,0.31213,0.00637,0.02021126
dwconv-bn-relu_prior_ORGGZ7.pt,28,40,40,3,1,0.3136,0.0004,0.019798819999999995
dwconv-bn-relu_prior_UBRUND.pt,28,40,40,3,1,0.3136,0.0004,0.019830539999999997
dwconv-bn-relu_prior_IHMZY8.pt,28,40,40,3,1,0.3136,0.0004,0.01976362
dwconv-bn-relu_prior_NOLY4B.pt,28,40,40,3,1,0.3136,0.0004,0.020442100000000005
dwconv-bn-relu_prior_T0R77A.pt,14,160,160,3,1,0.3136,0.0016,0.02029752
dwconv-bn-relu_prior_ULNJ3W.pt,14,160,160,3,1,0.3136,0.0016,0.019920240000000002
dwconv-bn-relu_prior_INOUMO.pt,28,160,160,3,2,0.3136,0.0016,0.0201147
dwconv-bn-relu_prior_2F4RJP.pt,14,160,160,3,1,0.3136,0.0016,0.01991204
dwconv-bn-relu_prior_5RB5FA.pt,14,160,160,3,1,0.3136,0.0016,0.020267039999999997
dwconv-bn-relu_prior_29O0GI.pt,14,160,160,3,1,0.3136,0.0016,0.01984612
dwconv-bn-relu_prior_AV9BXM.pt,14,160,160,3,1,0.3136,0.0016,0.01985842
dwconv-bn-relu_prior_3WS1ET.pt,14,160,160,3,1,0.3136,0.0016,0.01984466
dwconv-bn-relu_prior_KJQJIK.pt,14,160,160,3,1,0.3136,0.0016,0.021114339999999995
dwconv-bn-relu_prior_VS36S3.pt,14,160,160,3,1,0.3136,0.0016,0.020513419999999994
dwconv-bn-relu_prior_UAXEO2.pt,7,247,247,5,1,0.314678,0.006422,0.020264820000000003
dwconv-bn-relu_prior_BQ72VG.pt,14,247,247,5,2,0.314678,0.006422,0.020015859999999996
dwconv-bn-relu_prior_VA32FB.pt,14,161,161,3,1,0.31556,0.00161,0.020318160000000002
dwconv-bn-relu_prior_Z02NBZ.pt,14,161,161,3,1,0.31556,0.00161,0.020939579999999992
dwconv-bn-relu_prior_AEPGT5.pt,14,161,161,3,1,0.31556,0.00161,0.019739439999999997
dwconv-bn-relu_prior_70NGUP.pt,14,161,161,3,1,0.31556,0.00161,0.019980200000000007
dwconv-bn-relu_prior_OCB9DA.pt,14,161,161,3,1,0.31556,0.00161,0.019777919999999997
dwconv-bn-relu_prior_CVSHPJ.pt,14,161,161,3,1,0.31556,0.00161,0.0203542
dwconv-bn-relu_prior_ZKTLU4.pt,14,161,161,3,1,0.31556,0.00161,0.02018868
dwconv-bn-relu_prior_VVL325.pt,14,62,62,5,1,0.315952,0.001612,0.02013152
dwconv-bn-relu_prior_HEZKIA.pt,14,62,62,5,1,0.315952,0.001612,0.01995894
dwconv-bn-relu_prior_ZTA6K1.pt,14,62,62,5,1,0.315952,0.001612,0.01973676
dwconv-bn-relu_prior_ASRWLM.pt,14,62,62,5,1,0.315952,0.001612,0.01990646
dwconv-bn-relu_prior_W80X1J.pt,14,62,62,5,1,0.315952,0.001612,0.019809700000000003
dwconv-bn-relu_prior_F6O2Q1.pt,7,248,248,5,1,0.315952,0.006448,0.02040110000000001
dwconv-bn-relu_prior_HXOHNQ.pt,14,162,162,3,1,0.31752,0.00162,0.0196775
dwconv-bn-relu_prior_IGNJA2.pt,14,162,162,3,1,0.31752,0.00162,0.01993586
dwconv-bn-relu_prior_OEDOSH.pt,14,162,162,3,1,0.31752,0.00162,0.01988566
dwconv-bn-relu_prior_V2G74H.pt,14,162,162,3,1,0.31752,0.00162,0.02024422
dwconv-bn-relu_prior_938U9T.pt,14,162,162,3,1,0.31752,0.00162,0.01990872
dwconv-bn-relu_prior_AGIT9Z.pt,7,250,250,5,1,0.3185,0.0065,0.019728919999999997
dwconv-bn-relu_prior_85KLLG.pt,14,163,163,3,1,0.31948,0.00163,0.019927400000000005
dwconv-bn-relu_prior_85JVVL.pt,7,251,251,5,1,0.319774,0.006526,0.0200559
dwconv-bn-relu_prior_GF792N.pt,14,63,63,5,1,0.321048,0.001638,0.019736099999999996
dwconv-bn-relu_prior_87FT0O.pt,14,63,63,5,1,0.321048,0.001638,0.02005042
dwconv-bn-relu_prior_A93UCL.pt,14,63,63,5,1,0.321048,0.001638,0.019562560000000007
dwconv-bn-relu_prior_HBMWYR.pt,14,63,63,5,1,0.321048,0.001638,0.01972396
dwconv-bn-relu_prior_IVGQIM.pt,14,63,63,5,1,0.321048,0.001638,0.019694439999999997
dwconv-bn-relu_prior_QI97A5.pt,14,63,63,5,1,0.321048,0.001638,0.019652700000000002
dwconv-bn-relu_prior_YES7N1.pt,7,252,252,5,1,0.321048,0.006552,0.019819359999999994
dwconv-bn-relu_prior_BH42N4.pt,28,41,41,3,1,0.32144,0.00041,0.019822400000000004
dwconv-bn-relu_prior_LY7HXB.pt,28,41,41,3,1,0.32144,0.00041,0.019738240000000004
dwconv-bn-relu_prior_CY502D.pt,28,41,41,3,1,0.32144,0.00041,0.019711399999999994
dwconv-bn-relu_prior_8X0K8N.pt,28,41,41,3,1,0.32144,0.00041,0.019743400000000005
dwconv-bn-relu_prior_18OMBP.pt,28,41,41,3,1,0.32144,0.00041,0.020102920000000007
dwconv-bn-relu_prior_1C3SB0.pt,28,41,41,3,1,0.32144,0.00041,0.019757820000000002
dwconv-bn-relu_prior_OZ12G6.pt,28,164,164,3,2,0.32144,0.00164,0.019813400000000002
dwconv-bn-relu_prior_L1BI5I.pt,14,164,164,3,1,0.32144,0.00164,0.02003558
dwconv-bn-relu_prior_49LTBX.pt,14,164,164,3,1,0.32144,0.00164,0.020204739999999995
dwconv-bn-relu_prior_HNKQHO.pt,14,164,164,3,1,0.32144,0.00164,0.019704500000000003
dwconv-bn-relu_prior_TOJVSD.pt,7,253,253,5,1,0.322322,0.006578,0.01990356
dwconv-bn-relu_prior_T6DLYO.pt,14,165,165,3,1,0.3234,0.00165,0.019893319999999992
dwconv-bn-relu_prior_D6X34D.pt,14,165,165,3,1,0.3234,0.00165,0.019613080000000005
dwconv-bn-relu_prior_3L8CJ4.pt,14,165,165,3,1,0.3234,0.00165,0.02045052
dwconv-bn-relu_prior_JZ792G.pt,14,165,165,3,1,0.3234,0.00165,0.019833559999999997
dwconv-bn-relu_prior_5DVS8Q.pt,14,165,165,3,1,0.3234,0.00165,0.01992502
dwconv-bn-relu_prior_RO3HPI.pt,28,165,165,3,2,0.3234,0.00165,0.019590859999999998
dwconv-bn-relu_prior_4HDDK8.pt,14,165,165,3,1,0.3234,0.00165,0.020181899999999996
dwconv-bn-relu_prior_F6XEGU.pt,14,165,165,3,1,0.3234,0.00165,0.019564379999999996
dwconv-bn-relu_prior_O9Y57H.pt,14,165,165,3,1,0.3234,0.00165,0.0197844
dwconv-bn-relu_prior_5QYBI8.pt,7,132,132,7,1,0.3234,0.0066,0.019871100000000003
dwconv-bn-relu_prior_D4ADD7.pt,14,254,254,5,2,0.323596,0.006604,0.02008694
dwconv-bn-relu_prior_N8562D.pt,7,254,254,5,1,0.323596,0.006604,0.019829939999999997
dwconv-bn-relu_prior_C5GNEJ.pt,7,255,255,5,1,0.32487,0.00663,0.019811899999999997
dwconv-bn-relu_prior_46F6QB.pt,14,166,166,3,1,0.32536,0.00166,0.019826240000000005
dwconv-bn-relu_prior_46KXYF.pt,14,166,166,3,1,0.32536,0.00166,0.020245240000000005
dwconv-bn-relu_prior_JM7B3R.pt,14,166,166,3,1,0.32536,0.00166,0.019655980000000003
dwconv-bn-relu_prior_VJXEQH.pt,28,166,166,3,2,0.32536,0.00166,0.019818779999999994
dwconv-bn-relu_prior_S3QNVZ.pt,28,16,16,5,1,0.326144,0.000416,0.01986214
dwconv-bn-relu_prior_M3V4BO.pt,14,64,64,5,1,0.326144,0.001664,0.01996892
dwconv-bn-relu_prior_BKC98M.pt,14,256,256,5,2,0.326144,0.006656,0.01968788
dwconv-bn-relu_prior_2C1CHI.pt,14,167,167,3,1,0.32732,0.00167,0.019892720000000003
dwconv-bn-relu_prior_7L4DZV.pt,14,167,167,3,1,0.32732,0.00167,0.01984426
dwconv-bn-relu_prior_0FFDFC.pt,28,42,42,3,1,0.32928,0.00042,0.020238699999999995
dwconv-bn-relu_prior_2I4OBP.pt,28,42,42,3,1,0.32928,0.00042,0.01977354
dwconv-bn-relu_prior_URYYDR.pt,28,42,42,3,1,0.32928,0.00042,0.02015792
dwconv-bn-relu_prior_BQRAK7.pt,28,42,42,3,1,0.32928,0.00042,0.019844459999999994
dwconv-bn-relu_prior_9MW4FV.pt,14,168,168,3,1,0.32928,0.00168,0.019644280000000007
dwconv-bn-relu_prior_H3IZL2.pt,14,168,168,3,1,0.32928,0.00168,0.019935720000000004
dwconv-bn-relu_prior_X3G6LT.pt,7,135,135,7,1,0.33075,0.00675,0.01969049999999999
dwconv-bn-relu_prior_HP6AUX.pt,14,169,169,3,1,0.33124,0.00169,0.019563859999999995
dwconv-bn-relu_prior_MV0ML9.pt,14,169,169,3,1,0.33124,0.00169,0.020601640000000004
dwconv-bn-relu_prior_PX5MMQ.pt,28,65,65,5,2,0.33124,0.00169,0.019579040000000002
dwconv-bn-relu_prior_V1U4I9.pt,14,169,169,3,1,0.33124,0.00169,0.019759020000000006
dwconv-bn-relu_prior_4SH545.pt,14,65,65,5,1,0.33124,0.00169,0.019814079999999998
dwconv-bn-relu_prior_TLM1XX.pt,14,169,169,3,1,0.33124,0.00169,0.01970124
dwconv-bn-relu_prior_ZYRU21.pt,14,65,65,5,1,0.33124,0.00169,0.0197136
dwconv-bn-relu_prior_7IUH5J.pt,28,65,65,5,2,0.33124,0.00169,0.019661300000000003
dwconv-bn-relu_prior_U9Z9WB.pt,7,261,261,5,1,0.332514,0.006786,0.0198508
dwconv-bn-relu_prior_635TES.pt,7,261,261,5,1,0.332514,0.006786,0.019623060000000005
dwconv-bn-relu_prior_2L6FQT.pt,14,170,170,3,1,0.3332,0.0017,0.019601440000000005
dwconv-bn-relu_prior_T8VP9M.pt,14,34,34,7,1,0.3332,0.0017,0.019704140000000002
dwconv-bn-relu_prior_6OR7B4.pt,14,34,34,7,1,0.3332,0.0017,0.01964488
dwconv-bn-relu_prior_PGUBLX.pt,7,680,680,3,1,0.3332,0.0068,0.02010816
dwconv-bn-relu_prior_9YSIM1.pt,7,681,681,3,1,0.33369,0.00681,0.019767300000000005
dwconv-bn-relu_prior_IJ3GNF.pt,7,681,681,3,1,0.33369,0.00681,0.019746699999999996
dwconv-bn-relu_prior_B7WT80.pt,14,171,171,3,1,0.33516,0.00171,0.01985764
dwconv-bn-relu_prior_Z38JIN.pt,14,171,171,3,1,0.33516,0.00171,0.01989514
dwconv-bn-relu_prior_VKQR2I.pt,14,171,171,3,1,0.33516,0.00171,0.01979948
dwconv-bn-relu_prior_OIQ8ZR.pt,14,171,171,3,1,0.33516,0.00171,0.019818159999999998
dwconv-bn-relu_prior_5U1R6Y.pt,7,685,685,3,1,0.33565,0.00685,0.019925619999999998
dwconv-bn-relu_prior_5I17S3.pt,14,66,66,5,1,0.336336,0.001716,0.019560680000000004
dwconv-bn-relu_prior_PPDZFB.pt,28,43,43,3,1,0.33712,0.00043,0.019997699999999997
dwconv-bn-relu_prior_GZUZFP.pt,28,43,43,3,1,0.33712,0.00043,0.01989344
dwconv-bn-relu_prior_P9LQPR.pt,28,43,43,3,1,0.33712,0.00043,0.0198279
dwconv-bn-relu_prior_D3585V.pt,28,43,43,3,1,0.33712,0.00043,0.019764299999999995
dwconv-bn-relu_prior_2G63CE.pt,28,43,43,3,1,0.33712,0.00043,0.020006499999999997
dwconv-bn-relu_prior_9MUQS9.pt,14,172,172,3,1,0.33712,0.00172,0.02045156
dwconv-bn-relu_prior_DA6YLK.pt,14,172,172,3,1,0.33712,0.00172,0.020289500000000002
dwconv-bn-relu_prior_SNMJR5.pt,14,172,172,3,1,0.33712,0.00172,0.020403179999999996
dwconv-bn-relu_prior_0A6M4G.pt,14,172,172,3,1,0.33712,0.00172,0.019969880000000002
dwconv-bn-relu_prior_GLCGG4.pt,7,265,265,5,1,0.33761,0.00689,0.019893359999999992
dwconv-bn-relu_prior_WVB2XL.pt,7,689,689,3,1,0.33761,0.00689,0.019780899999999997
dwconv-bn-relu_prior_XLE749.pt,14,173,173,3,1,0.33908,0.00173,0.02015608
dwconv-bn-relu_prior_NYHEFG.pt,14,267,267,5,2,0.340158,0.006942,0.019813400000000002
dwconv-bn-relu_prior_XBIUJB.pt,28,174,174,3,2,0.34104,0.00174,0.01978475999999999
dwconv-bn-relu_prior_JMB920.pt,14,174,174,3,1,0.34104,0.00174,0.019922559999999992
dwconv-bn-relu_prior_TSRZEI.pt,14,174,174,3,1,0.34104,0.00174,0.020287000000000003
dwconv-bn-relu_prior_Z3MNHG.pt,14,174,174,3,1,0.34104,0.00174,0.01971696
dwconv-bn-relu_prior_BFAZ0B.pt,14,174,174,3,1,0.34104,0.00174,0.0198374
dwconv-bn-relu_prior_82E3VZ.pt,14,174,174,3,1,0.34104,0.00174,0.019762479999999995
dwconv-bn-relu_prior_FNLL7W.pt,14,67,67,5,1,0.341432,0.001742,0.019890780000000004
dwconv-bn-relu_prior_BI5UE9.pt,14,67,67,5,1,0.341432,0.001742,0.019795
dwconv-bn-relu_prior_EP9CFK.pt,14,67,67,5,1,0.341432,0.001742,0.01982472
dwconv-bn-relu_prior_1GLLQL.pt,14,67,67,5,1,0.341432,0.001742,0.019895040000000003
dwconv-bn-relu_prior_5NWH97.pt,14,67,67,5,1,0.341432,0.001742,0.020162100000000002
dwconv-bn-relu_prior_92XT4D.pt,14,67,67,5,1,0.341432,0.001742,0.019892039999999996
dwconv-bn-relu_prior_U8IU61.pt,28,175,175,3,2,0.343,0.00175,0.019788800000000006
dwconv-bn-relu_prior_LSFLDA.pt,14,175,175,3,1,0.343,0.00175,0.02015236
dwconv-bn-relu_prior_8E675B.pt,14,175,175,3,1,0.343,0.00175,0.01975094000000001
dwconv-bn-relu_prior_W4NPIV.pt,28,44,44,3,1,0.34496,0.00044,0.019649479999999993
dwconv-bn-relu_prior_TXH7WM.pt,28,44,44,3,1,0.34496,0.00044,0.033334819999999994
dwconv-bn-relu_prior_ETMW7O.pt,28,44,44,3,1,0.34496,0.00044,0.019760040000000006
dwconv-bn-relu_prior_FSF0UY.pt,28,44,44,3,1,0.34496,0.00044,0.019591060000000004
dwconv-bn-relu_prior_VBS0KO.pt,28,44,44,3,1,0.34496,0.00044,0.020079680000000003
dwconv-bn-relu_prior_KLFTED.pt,14,176,176,3,1,0.34496,0.00176,0.019729379999999998
dwconv-bn-relu_prior_6DRJUV.pt,14,176,176,3,1,0.34496,0.00176,0.019852840000000004
dwconv-bn-relu_prior_M4HIEK.pt,14,176,176,3,1,0.34496,0.00176,0.01981362
dwconv-bn-relu_prior_FSG4J9.pt,14,176,176,3,1,0.34496,0.00176,0.019585359999999993
dwconv-bn-relu_prior_MKCF82.pt,28,17,17,5,1,0.346528,0.000442,0.020389800000000003
dwconv-bn-relu_prior_DJ0OVO.pt,28,68,68,5,2,0.346528,0.001768,0.01975818
dwconv-bn-relu_prior_XOWMK7.pt,14,68,68,5,1,0.346528,0.001768,0.0197354
dwconv-bn-relu_prior_NI8T4D.pt,14,177,177,3,1,0.34692,0.00177,0.0202913
dwconv-bn-relu_prior_IQL1LK.pt,14,177,177,3,1,0.34692,0.00177,0.019740020000000004
dwconv-bn-relu_prior_GZWB1T.pt,14,177,177,3,1,0.34692,0.00177,0.020438979999999995
dwconv-bn-relu_prior_ZEYOHV.pt,14,178,178,3,1,0.34888,0.00178,0.019876099999999997
dwconv-bn-relu_prior_NYVO1M.pt,14,178,178,3,1,0.34888,0.00178,0.019790960000000003
dwconv-bn-relu_prior_XSYWOS.pt,14,178,178,3,1,0.34888,0.00178,0.01979204
dwconv-bn-relu_prior_1F89KK.pt,28,178,178,3,2,0.34888,0.00178,0.02009274
dwconv-bn-relu_prior_49KX8U.pt,14,179,179,3,1,0.35084,0.00179,0.01987324
dwconv-bn-relu_prior_TWMINA.pt,14,179,179,3,1,0.35084,0.00179,0.0199014
dwconv-bn-relu_prior_GXLRYP.pt,14,69,69,5,1,0.351624,0.001794,0.01977872
dwconv-bn-relu_prior_M9Y9RN.pt,28,45,45,3,1,0.3528,0.00045,0.019892639999999996
dwconv-bn-relu_prior_EV5YYA.pt,28,45,45,3,1,0.3528,0.00045,0.02041454
dwconv-bn-relu_prior_IPZXLL.pt,14,180,180,3,1,0.3528,0.0018,0.019753399999999997
dwconv-bn-relu_prior_FSY701.pt,28,180,180,3,2,0.3528,0.0018,0.01973798
dwconv-bn-relu_prior_575XYC.pt,14,181,181,3,1,0.35476,0.00181,0.03622791999999999
dwconv-bn-relu_prior_GVCY6C.pt,14,181,181,3,1,0.35476,0.00181,0.019878839999999995
dwconv-bn-relu_prior_GQDB07.pt,14,181,181,3,1,0.35476,0.00181,0.01988404
dwconv-bn-relu_prior_6ARWFB.pt,14,181,181,3,1,0.35476,0.00181,0.01968634
dwconv-bn-relu_prior_ZH25Z7.pt,14,181,181,3,1,0.35476,0.00181,0.020026319999999997
dwconv-bn-relu_prior_JK46M0.pt,14,181,181,3,1,0.35476,0.00181,0.020329600000000007
dwconv-bn-relu_prior_I5KQ7T.pt,14,70,70,5,1,0.35672,0.00182,0.019806559999999997
dwconv-bn-relu_prior_V8T330.pt,28,70,70,5,2,0.35672,0.00182,0.020000580000000004
dwconv-bn-relu_prior_CQ7VXH.pt,14,70,70,5,1,0.35672,0.00182,0.019733119999999996
dwconv-bn-relu_prior_GQ9R6S.pt,14,70,70,5,1,0.35672,0.00182,0.020066459999999998
dwconv-bn-relu_prior_B6LQJ0.pt,14,70,70,5,1,0.35672,0.00182,0.01982668
dwconv-bn-relu_prior_K06NV9.pt,14,70,70,5,1,0.35672,0.00182,0.0196683
dwconv-bn-relu_prior_EI1ELV.pt,14,183,183,3,1,0.35868,0.00183,0.020067999999999996
dwconv-bn-relu_prior_C3E9PP.pt,28,46,46,3,1,0.36064,0.00046,0.01992466
dwconv-bn-relu_prior_4DPZWF.pt,28,46,46,3,1,0.36064,0.00046,0.020241519999999995
dwconv-bn-relu_prior_D9PSMI.pt,28,46,46,3,1,0.36064,0.00046,0.01975976
dwconv-bn-relu_prior_GLIQM9.pt,14,71,71,5,1,0.361816,0.001846,0.019893519999999994
dwconv-bn-relu_prior_Y74TAT.pt,14,71,71,5,1,0.361816,0.001846,0.019535759999999996
dwconv-bn-relu_prior_RHQMJ7.pt,14,71,71,5,1,0.361816,0.001846,0.01998276
dwconv-bn-relu_prior_WXASG5.pt,14,185,185,3,1,0.3626,0.00185,0.02020438
dwconv-bn-relu_prior_P8P6TG.pt,14,37,37,7,1,0.3626,0.00185,0.01978132
dwconv-bn-relu_prior_BXVUTE.pt,14,185,185,3,1,0.3626,0.00185,0.02006674
dwconv-bn-relu_prior_6DCE0R.pt,14,185,185,3,1,0.3626,0.00185,0.020143559999999998
dwconv-bn-relu_prior_3OJA43.pt,14,37,37,7,1,0.3626,0.00185,0.020710400000000004
dwconv-bn-relu_prior_7S1W66.pt,14,186,186,3,1,0.36456,0.00186,0.01964702
dwconv-bn-relu_prior_T3P60Y.pt,28,18,18,5,1,0.366912,0.000468,0.01964658
dwconv-bn-relu_prior_HWX3MU.pt,28,18,18,5,1,0.366912,0.000468,0.01980656
dwconv-bn-relu_prior_M1KET3.pt,14,72,72,5,1,0.366912,0.001872,0.020125079999999997
dwconv-bn-relu_prior_13OG4V.pt,14,72,72,5,1,0.366912,0.001872,0.0198329
dwconv-bn-relu_prior_NHX3LK.pt,14,72,72,5,1,0.366912,0.001872,0.01953258
dwconv-bn-relu_prior_GK4P4O.pt,14,72,72,5,1,0.366912,0.001872,0.0196312
dwconv-bn-relu_prior_VZYP80.pt,14,72,72,5,1,0.366912,0.001872,0.020377
dwconv-bn-relu_prior_2GEKO5.pt,14,72,72,5,1,0.366912,0.001872,0.0196214
dwconv-bn-relu_prior_3ZDTRK.pt,14,72,72,5,1,0.366912,0.001872,0.019801059999999995
dwconv-bn-relu_prior_UWH57U.pt,28,47,47,3,1,0.36848,0.00047,0.01968622
dwconv-bn-relu_prior_ID71E3.pt,28,47,47,3,1,0.36848,0.00047,0.0201293
dwconv-bn-relu_prior_UH9ZVR.pt,28,47,47,3,1,0.36848,0.00047,0.01978146
dwconv-bn-relu_prior_DNQSSI.pt,28,47,47,3,1,0.36848,0.00047,0.019706640000000004
dwconv-bn-relu_prior_RI7O0C.pt,14,188,188,3,1,0.36848,0.00188,0.01985424
dwconv-bn-relu_prior_W4IEQ3.pt,7,151,151,7,1,0.36995,0.00755,0.01957924
dwconv-bn-relu_prior_164SU8.pt,14,189,189,3,1,0.37044,0.00189,0.020000680000000003
dwconv-bn-relu_prior_262PLL.pt,14,189,189,3,1,0.37044,0.00189,0.020179799999999998
dwconv-bn-relu_prior_95N3KR.pt,14,73,73,5,1,0.372008,0.001898,0.019602780000000004
dwconv-bn-relu_prior_N56PPH.pt,14,73,73,5,1,0.372008,0.001898,0.019529759999999997
dwconv-bn-relu_prior_KCRWLC.pt,14,73,73,5,1,0.372008,0.001898,0.019851240000000003
dwconv-bn-relu_prior_KD5497.pt,14,73,73,5,1,0.372008,0.001898,0.020437379999999995
dwconv-bn-relu_prior_NVCB73.pt,14,73,73,5,1,0.372008,0.001898,0.01983316
dwconv-bn-relu_prior_7R3E83.pt,14,191,191,3,1,0.37436,0.00191,0.019911660000000005
dwconv-bn-relu_prior_5GB1XZ.pt,56,12,12,3,1,0.37632,0.00012,0.019582580000000002
dwconv-bn-relu_prior_OO3NXT.pt,56,12,12,3,1,0.37632,0.00012,0.019716219999999996
dwconv-bn-relu_prior_CU9WIK.pt,56,12,12,3,1,0.37632,0.00012,0.02028276
dwconv-bn-relu_prior_81W2QU.pt,28,48,48,3,1,0.37632,0.00048,0.01993098
dwconv-bn-relu_prior_BCZM53.pt,28,48,48,3,1,0.37632,0.00048,0.020003319999999995
dwconv-bn-relu_prior_2IJ9OV.pt,14,74,74,5,1,0.377104,0.001924,0.01972014000000001
dwconv-bn-relu_prior_F0HB0P.pt,14,74,74,5,1,0.377104,0.001924,0.019975139999999992
dwconv-bn-relu_prior_JC90S8.pt,14,74,74,5,1,0.377104,0.001924,0.019731100000000005
dwconv-bn-relu_prior_TL7KS0.pt,14,74,74,5,1,0.377104,0.001924,0.019875680000000003
dwconv-bn-relu_prior_B7IFCE.pt,14,75,75,5,1,0.3822,0.00195,0.019780779999999998
dwconv-bn-relu_prior_6Z2NKM.pt,14,75,75,5,1,0.3822,0.00195,0.019681180000000003
dwconv-bn-relu_prior_QO5A33.pt,14,75,75,5,1,0.3822,0.00195,0.020528539999999998
dwconv-bn-relu_prior_UXOQAV.pt,56,49,49,3,2,0.38416,0.00049,0.019713780000000004
dwconv-bn-relu_prior_F7WF5E.pt,28,49,49,3,1,0.38416,0.00049,0.019810080000000004
dwconv-bn-relu_prior_1AC1XS.pt,28,49,49,3,1,0.38416,0.00049,0.02002582
dwconv-bn-relu_prior_BUFSWH.pt,28,49,49,3,1,0.38416,0.00049,0.019714939999999997
dwconv-bn-relu_prior_6KCBGE.pt,28,49,49,3,1,0.38416,0.00049,0.020100599999999996
dwconv-bn-relu_prior_RX1JGZ.pt,7,158,158,7,1,0.3871,0.0079,0.019895400000000004
dwconv-bn-relu_prior_BH70EP.pt,28,19,19,5,1,0.387296,0.000494,0.021079460000000005
dwconv-bn-relu_prior_P25A5O.pt,28,19,19,5,1,0.387296,0.000494,0.01984696
dwconv-bn-relu_prior_59C8CJ.pt,28,19,19,5,1,0.387296,0.000494,0.02023602
dwconv-bn-relu_prior_PWV3FI.pt,28,76,76,5,2,0.387296,0.001976,0.019790199999999997
dwconv-bn-relu_prior_XXIL0A.pt,14,76,76,5,1,0.387296,0.001976,0.02040426
dwconv-bn-relu_prior_KXI5YR.pt,14,76,76,5,1,0.387296,0.001976,0.019864739999999992
dwconv-bn-relu_prior_V2HE85.pt,14,76,76,5,1,0.387296,0.001976,0.01964594
dwconv-bn-relu_prior_8AA7MA.pt,14,76,76,5,1,0.387296,0.001976,0.020583979999999998
dwconv-bn-relu_prior_QO7VBD.pt,14,76,76,5,1,0.387296,0.001976,0.020172339999999997
dwconv-bn-relu_prior_N54JC0.pt,14,159,159,7,2,0.38955,0.00795,0.020350840000000002
dwconv-bn-relu_prior_MV5N2A.pt,14,199,199,3,1,0.39004,0.00199,0.019629240000000003
dwconv-bn-relu_prior_WD0NZD.pt,28,50,50,3,1,0.392,0.0005,0.019719779999999992
dwconv-bn-relu_prior_UNJN9L.pt,28,50,50,3,1,0.392,0.0005,0.020254340000000006
dwconv-bn-relu_prior_HPUCFZ.pt,28,50,50,3,1,0.392,0.0005,0.019592820000000004
dwconv-bn-relu_prior_JS86XG.pt,28,50,50,3,1,0.392,0.0005,0.019743920000000005
dwconv-bn-relu_prior_DZCZGA.pt,28,50,50,3,1,0.392,0.0005,0.019495600000000005
dwconv-bn-relu_prior_2OBX5Z.pt,14,40,40,7,1,0.392,0.002,0.020221340000000004
dwconv-bn-relu_prior_LPNZY1.pt,7,160,160,7,1,0.392,0.008,0.019839759999999998
dwconv-bn-relu_prior_Z8ZXEY.pt,14,77,77,5,1,0.392392,0.002002,0.020516280000000005
dwconv-bn-relu_prior_83LOBB.pt,14,77,77,5,1,0.392392,0.002002,0.01970106
dwconv-bn-relu_prior_RZAHEY.pt,14,77,77,5,1,0.392392,0.002002,0.019800839999999997
dwconv-bn-relu_prior_T4DDHI.pt,14,202,202,3,1,0.39592,0.00202,0.019929099999999998
dwconv-bn-relu_prior_1T83LS.pt,7,162,162,7,1,0.3969,0.0081,0.019719880000000002
dwconv-bn-relu_prior_Y3XVZG.pt,7,162,162,7,1,0.3969,0.0081,0.0195836
dwconv-bn-relu_prior_3UAEF7.pt,14,78,78,5,1,0.397488,0.002028,0.019745219999999997
dwconv-bn-relu_prior_1NB3FV.pt,14,78,78,5,1,0.397488,0.002028,0.019828679999999998
dwconv-bn-relu_prior_YOAXHW.pt,14,78,78,5,1,0.397488,0.002028,0.0197719
dwconv-bn-relu_prior_L6JN91.pt,14,78,78,5,1,0.397488,0.002028,0.019826220000000002
dwconv-bn-relu_prior_0QC9IE.pt,28,203,203,3,2,0.39788,0.00203,0.019842519999999995
dwconv-bn-relu_prior_H3E0K7.pt,28,51,51,3,1,0.39984,0.00051,0.019946459999999996
dwconv-bn-relu_prior_405R0D.pt,28,51,51,3,1,0.39984,0.00051,0.01987504
dwconv-bn-relu_prior_E27OVV.pt,28,51,51,3,1,0.39984,0.00051,0.019951220000000002
dwconv-bn-relu_prior_JXBPD1.pt,28,51,51,3,1,0.39984,0.00051,0.019877859999999997
dwconv-bn-relu_prior_ZUN7WX.pt,14,204,204,3,1,0.39984,0.00204,0.019959059999999997
dwconv-bn-relu_prior_7353HO.pt,14,205,205,3,1,0.4018,0.00205,0.01980504
dwconv-bn-relu_prior_WOHH45.pt,14,205,205,3,1,0.4018,0.00205,0.019965180000000006
dwconv-bn-relu_prior_13D90D.pt,14,41,41,7,1,0.4018,0.00205,0.02035866
dwconv-bn-relu_prior_NPY6OB.pt,14,41,41,7,1,0.4018,0.00205,0.019631560000000003
dwconv-bn-relu_prior_8239QM.pt,14,79,79,5,1,0.402584,0.002054,0.019811619999999995
dwconv-bn-relu_prior_VMCLHN.pt,14,79,79,5,1,0.402584,0.002054,0.01960884
dwconv-bn-relu_prior_GLI79U.pt,56,13,13,3,1,0.40768,0.00013,0.01965896
dwconv-bn-relu_prior_RWWD02.pt,56,13,13,3,1,0.40768,0.00013,0.02041222
dwconv-bn-relu_prior_CRKXXM.pt,56,13,13,3,1,0.40768,0.00013,0.01976304
dwconv-bn-relu_prior_JNJ032.pt,28,52,52,3,1,0.40768,0.00052,0.0200126
dwconv-bn-relu_prior_P5BNKI.pt,56,52,52,3,2,0.40768,0.00052,0.019546479999999998
dwconv-bn-relu_prior_5A047M.pt,28,52,52,3,1,0.40768,0.00052,0.019703199999999994
dwconv-bn-relu_prior_FTE7V6.pt,14,80,80,5,1,0.40768,0.00208,0.019920559999999997
dwconv-bn-relu_prior_QCFYOZ.pt,14,80,80,5,1,0.40768,0.00208,0.01975696
dwconv-bn-relu_prior_UGE88M.pt,28,80,80,5,2,0.40768,0.00208,0.020061899999999997
dwconv-bn-relu_prior_XLR5OF.pt,14,80,80,5,1,0.40768,0.00208,0.019844960000000002
dwconv-bn-relu_prior_U2RUA3.pt,28,80,80,5,2,0.40768,0.00208,0.02052108
dwconv-bn-relu_prior_CX3XDB.pt,14,209,209,3,1,0.40964,0.00209,0.019889420000000005
dwconv-bn-relu_prior_Q81CDM.pt,14,210,210,3,1,0.4116,0.0021,0.019757480000000008
dwconv-bn-relu_prior_JZNW31.pt,14,210,210,3,1,0.4116,0.0021,0.020063039999999997
dwconv-bn-relu_prior_EYARD7.pt,7,168,168,7,1,0.4116,0.0084,0.02059508
dwconv-bn-relu_prior_OXMTNW.pt,14,81,81,5,1,0.412776,0.002106,0.019712819999999995
dwconv-bn-relu_prior_JH3PQN.pt,14,81,81,5,1,0.412776,0.002106,0.020007499999999998
dwconv-bn-relu_prior_EIHMMO.pt,14,81,81,5,1,0.412776,0.002106,0.019543759999999993
dwconv-bn-relu_prior_O14N4N.pt,14,211,211,3,1,0.41356,0.00211,0.02001724
dwconv-bn-relu_prior_4IHPM0.pt,14,211,211,3,1,0.41356,0.00211,0.01970764
dwconv-bn-relu_prior_GH41TA.pt,7,169,169,7,1,0.41405,0.00845,0.019821439999999996
dwconv-bn-relu_prior_9HOADE.pt,28,53,53,3,1,0.41552,0.00053,0.019897540000000002
dwconv-bn-relu_prior_A8IMY5.pt,28,53,53,3,1,0.41552,0.00053,0.02013238
dwconv-bn-relu_prior_OMX64N.pt,28,53,53,3,1,0.41552,0.00053,0.01978678
dwconv-bn-relu_prior_HQN435.pt,28,53,53,3,1,0.41552,0.00053,0.019891960000000007
dwconv-bn-relu_prior_4AUB8H.pt,28,53,53,3,1,0.41552,0.00053,0.01957972
dwconv-bn-relu_prior_3P496S.pt,28,53,53,3,1,0.41552,0.00053,0.01968962
dwconv-bn-relu_prior_SMDQ48.pt,14,212,212,3,1,0.41552,0.00212,0.020467060000000002
dwconv-bn-relu_prior_CXCB5K.pt,14,212,212,3,1,0.41552,0.00212,0.020426180000000006
dwconv-bn-relu_prior_NKN934.pt,14,82,82,5,1,0.417872,0.002132,0.01976462
dwconv-bn-relu_prior_EYM5XH.pt,14,82,82,5,1,0.417872,0.002132,0.020236239999999996
dwconv-bn-relu_prior_5TCBXR.pt,14,82,82,5,1,0.417872,0.002132,0.020278519999999994
dwconv-bn-relu_prior_KN3CC9.pt,7,171,171,7,1,0.41895,0.00855,0.019770199999999995
dwconv-bn-relu_prior_2E37F1.pt,7,171,171,7,1,0.41895,0.00855,0.019859560000000002
dwconv-bn-relu_prior_0GADX7.pt,14,43,43,7,1,0.4214,0.00215,0.019739160000000002
dwconv-bn-relu_prior_GX4VS8.pt,14,43,43,7,1,0.4214,0.00215,0.020535679999999997
dwconv-bn-relu_prior_10OJ8L.pt,28,43,43,7,2,0.4214,0.00215,0.019695619999999997
dwconv-bn-relu_prior_MPR1WP.pt,7,172,172,7,1,0.4214,0.0086,0.019767080000000003
dwconv-bn-relu_prior_POI87H.pt,14,83,83,5,1,0.422968,0.002158,0.019865960000000005
dwconv-bn-relu_prior_6FXAB6.pt,14,83,83,5,1,0.422968,0.002158,0.0197665
dwconv-bn-relu_prior_CHN4J3.pt,14,83,83,5,1,0.422968,0.002158,0.02006044
dwconv-bn-relu_prior_QEPO7F.pt,14,83,83,5,1,0.422968,0.002158,0.019948239999999996
dwconv-bn-relu_prior_6ROG9O.pt,14,83,83,5,1,0.422968,0.002158,0.01978784
dwconv-bn-relu_prior_GK7HHE.pt,28,54,54,3,1,0.42336,0.00054,0.0198714
dwconv-bn-relu_prior_A80Z0W.pt,7,174,174,7,1,0.4263,0.0087,0.02009436
dwconv-bn-relu_prior_UWFBYD.pt,28,21,21,5,1,0.428064,0.000546,0.020332480000000003
dwconv-bn-relu_prior_SGZU3P.pt,28,21,21,5,1,0.428064,0.000546,0.019864239999999995
dwconv-bn-relu_prior_TA9R97.pt,28,21,21,5,1,0.428064,0.000546,0.019741920000000007
dwconv-bn-relu_prior_ATBL4T.pt,14,84,84,5,1,0.428064,0.002184,0.019698419999999998
dwconv-bn-relu_prior_CD1NXP.pt,14,84,84,5,1,0.428064,0.002184,0.019835980000000003
dwconv-bn-relu_prior_2KDEH8.pt,7,175,175,7,1,0.42875,0.00875,0.019710480000000002
dwconv-bn-relu_prior_FU62U4.pt,28,55,55,3,1,0.4312,0.00055,0.01963952
dwconv-bn-relu_prior_QPAI66.pt,28,55,55,3,1,0.4312,0.00055,0.01985052
dwconv-bn-relu_prior_T9UMQA.pt,28,11,11,7,1,0.4312,0.00055,0.020020560000000007
dwconv-bn-relu_prior_H90M8Q.pt,28,55,55,3,1,0.4312,0.00055,0.019882980000000005
dwconv-bn-relu_prior_6ZMGRY.pt,56,11,11,7,2,0.4312,0.00055,0.01983348
dwconv-bn-relu_prior_1IQ77L.pt,14,220,220,3,1,0.4312,0.0022,0.019925599999999998
dwconv-bn-relu_prior_XEIBX4.pt,14,85,85,5,1,0.43316,0.00221,0.0198321
dwconv-bn-relu_prior_Y38EFM.pt,14,85,85,5,1,0.43316,0.00221,0.01972838
dwconv-bn-relu_prior_863IHA.pt,14,85,85,5,1,0.43316,0.00221,0.019961200000000005
dwconv-bn-relu_prior_FXWATQ.pt,14,85,85,5,1,0.43316,0.00221,0.01981616
dwconv-bn-relu_prior_J37B1N.pt,28,86,86,5,2,0.438256,0.002236,0.020009419999999997
dwconv-bn-relu_prior_FJIYS2.pt,14,86,86,5,1,0.438256,0.002236,0.019823420000000005
dwconv-bn-relu_prior_Z5SJO4.pt,7,179,179,7,1,0.43855,0.00895,0.019912239999999998
dwconv-bn-relu_prior_AFVXL4.pt,7,179,179,7,1,0.43855,0.00895,0.019933700000000002
dwconv-bn-relu_prior_AGTULG.pt,56,14,14,3,1,0.43904,0.00014,0.03195896
dwconv-bn-relu_prior_N52P72.pt,28,56,56,3,1,0.43904,0.00056,0.01991728
dwconv-bn-relu_prior_ZN2ABF.pt,28,56,56,3,1,0.43904,0.00056,0.01969326
dwconv-bn-relu_prior_W8W8JR.pt,28,56,56,3,1,0.43904,0.00056,0.01970826
dwconv-bn-relu_prior_OI13C9.pt,28,56,56,3,1,0.43904,0.00056,0.019995940000000004
dwconv-bn-relu_prior_KDGX7W.pt,14,45,45,7,1,0.441,0.00225,0.020192199999999997
dwconv-bn-relu_prior_KQ3LWH.pt,14,225,225,3,1,0.441,0.00225,0.019889379999999998
dwconv-bn-relu_prior_LFQVB1.pt,14,45,45,7,1,0.441,0.00225,0.01977706
dwconv-bn-relu_prior_BRPK1R.pt,14,225,225,3,1,0.441,0.00225,0.02019824
dwconv-bn-relu_prior_TSH7FI.pt,14,87,87,5,1,0.443352,0.002262,0.02035774
dwconv-bn-relu_prior_JWZWOA.pt,14,87,87,5,1,0.443352,0.002262,0.019594880000000002
dwconv-bn-relu_prior_AZLN7J.pt,14,87,87,5,1,0.443352,0.002262,0.01971802
dwconv-bn-relu_prior_WBRHV6.pt,14,87,87,5,1,0.443352,0.002262,0.019855840000000007
dwconv-bn-relu_prior_NTFTVO.pt,14,87,87,5,1,0.443352,0.002262,0.020091680000000004
dwconv-bn-relu_prior_H1T250.pt,14,87,87,5,1,0.443352,0.002262,0.019597160000000002
dwconv-bn-relu_prior_T6P1S3.pt,14,87,87,5,1,0.443352,0.002262,0.01969036
dwconv-bn-relu_prior_O7R9DZ.pt,14,87,87,5,1,0.443352,0.002262,0.019726159999999996
dwconv-bn-relu_prior_4L5O7U.pt,7,182,182,7,1,0.4459,0.0091,0.01982758
dwconv-bn-relu_prior_0A11YZ.pt,28,57,57,3,1,0.44688,0.00057,0.020231000000000002
dwconv-bn-relu_prior_0OB4VH.pt,14,228,228,3,1,0.44688,0.00228,0.019949879999999996
dwconv-bn-relu_prior_OEDZDG.pt,28,22,22,5,1,0.448448,0.000572,0.019763740000000002
dwconv-bn-relu_prior_SQWKFX.pt,14,88,88,5,1,0.448448,0.002288,0.019670359999999994
dwconv-bn-relu_prior_IWJBJD.pt,14,88,88,5,1,0.448448,0.002288,0.020292160000000007
dwconv-bn-relu_prior_18Z76Z.pt,14,230,230,3,1,0.4508,0.0023,0.019815999999999997
dwconv-bn-relu_prior_5YX93L.pt,14,231,231,3,1,0.45276,0.00231,0.019901920000000007
dwconv-bn-relu_prior_DPMB2K.pt,14,89,89,5,1,0.453544,0.002314,0.019893820000000003
dwconv-bn-relu_prior_TPEO8A.pt,14,89,89,5,1,0.453544,0.002314,0.019809800000000002
dwconv-bn-relu_prior_PNIXAN.pt,14,89,89,5,1,0.453544,0.002314,0.019799579999999997
dwconv-bn-relu_prior_9IM68M.pt,14,89,89,5,1,0.453544,0.002314,0.02011578
dwconv-bn-relu_prior_CSN4ZO.pt,14,89,89,5,1,0.453544,0.002314,0.01977382
dwconv-bn-relu_prior_ZWX0CV.pt,14,89,89,5,1,0.453544,0.002314,0.019685499999999998
dwconv-bn-relu_prior_P5C3ZR.pt,14,89,89,5,1,0.453544,0.002314,0.020145579999999996
dwconv-bn-relu_prior_Y1ZFV7.pt,14,89,89,5,1,0.453544,0.002314,0.0197082
dwconv-bn-relu_prior_N23NNN.pt,28,58,58,3,1,0.45472,0.00058,0.0198437
dwconv-bn-relu_prior_F24I7U.pt,28,58,58,3,1,0.45472,0.00058,0.019901279999999993
dwconv-bn-relu_prior_YH0LF2.pt,14,232,232,3,1,0.45472,0.00232,0.019661799999999993
dwconv-bn-relu_prior_851ORB.pt,14,232,232,3,1,0.45472,0.00232,0.020296879999999996
dwconv-bn-relu_prior_C6UR9Y.pt,14,233,233,3,1,0.45668,0.00233,0.019708979999999997
dwconv-bn-relu_prior_XJITHX.pt,14,233,233,3,1,0.45668,0.00233,0.019831599999999998
dwconv-bn-relu_prior_IL4H67.pt,7,187,187,7,1,0.45815,0.00935,0.01993368
dwconv-bn-relu_prior_GSDOA2.pt,14,47,47,7,1,0.4606,0.00235,0.020356259999999998
dwconv-bn-relu_prior_TEQ3J9.pt,28,59,59,3,1,0.46256,0.00059,0.01969868
dwconv-bn-relu_prior_V5IMKB.pt,28,59,59,3,1,0.46256,0.00059,0.019997199999999996
dwconv-bn-relu_prior_TE2WE2.pt,28,59,59,3,1,0.46256,0.00059,0.019732919999999998
dwconv-bn-relu_prior_STSVCW.pt,56,59,59,3,2,0.46256,0.00059,0.020000979999999998
dwconv-bn-relu_prior_HNKP15.pt,28,59,59,3,1,0.46256,0.00059,0.019730180000000003
dwconv-bn-relu_prior_ZQUBAI.pt,7,189,189,7,1,0.46305,0.00945,0.019782220000000003
dwconv-bn-relu_prior_G0IP1X.pt,28,91,91,5,2,0.463736,0.002366,0.0211504
dwconv-bn-relu_prior_J0T349.pt,14,91,91,5,1,0.463736,0.002366,0.01993275999999999
dwconv-bn-relu_prior_WH2X5K.pt,14,91,91,5,1,0.463736,0.002366,0.02029144
dwconv-bn-relu_prior_17ECRS.pt,14,91,91,5,1,0.463736,0.002366,0.020256279999999998
dwconv-bn-relu_prior_TV8IKE.pt,14,952,952,3,2,0.46648,0.00952,0.020244679999999998
dwconv-bn-relu_prior_HX2RXX.pt,7,953,953,3,1,0.46697,0.00953,0.01976468
dwconv-bn-relu_prior_YKWAVO.pt,28,23,23,5,1,0.468832,0.000598,0.01980826
dwconv-bn-relu_prior_2HDIQM.pt,28,23,23,5,1,0.468832,0.000598,0.019722800000000002
dwconv-bn-relu_prior_1DKNU4.pt,28,23,23,5,1,0.468832,0.000598,0.019758660000000004
dwconv-bn-relu_prior_7AH5CX.pt,14,92,92,5,1,0.468832,0.002392,0.019782499999999998
dwconv-bn-relu_prior_Y9660Y.pt,14,92,92,5,1,0.468832,0.002392,0.01991208
dwconv-bn-relu_prior_H7PFKD.pt,14,92,92,5,1,0.468832,0.002392,0.019669219999999998
dwconv-bn-relu_prior_SGMNU6.pt,14,92,92,5,1,0.468832,0.002392,0.020749579999999997
dwconv-bn-relu_prior_6NURPI.pt,28,92,92,5,2,0.468832,0.002392,0.020559060000000004
dwconv-bn-relu_prior_CA4LI6.pt,7,958,958,3,1,0.46942,0.00958,0.0211905
dwconv-bn-relu_prior_5DT8A5.pt,28,60,60,3,1,0.4704,0.0006,0.020415759999999995
dwconv-bn-relu_prior_1H7IYV.pt,14,961,961,3,2,0.47089,0.00961,0.020092219999999997
dwconv-bn-relu_prior_NSLZZB.pt,7,961,961,3,1,0.47089,0.00961,0.020267020000000004
dwconv-bn-relu_prior_R8RNEK.pt,14,241,241,3,1,0.47236,0.00241,0.019825699999999998
dwconv-bn-relu_prior_A3G4RS.pt,7,964,964,3,1,0.47236,0.00964,0.019681999999999998
dwconv-bn-relu_prior_UE1S6J.pt,14,966,966,3,2,0.47334,0.00966,0.019827019999999997
dwconv-bn-relu_prior_UCTJFQ.pt,14,93,93,5,1,0.473928,0.002418,0.020357240000000002
dwconv-bn-relu_prior_AJKVVY.pt,14,93,93,5,1,0.473928,0.002418,0.019762419999999992
dwconv-bn-relu_prior_CROYMT.pt,14,93,93,5,1,0.473928,0.002418,0.01989938
dwconv-bn-relu_prior_IQZJGP.pt,14,93,93,5,1,0.473928,0.002418,0.0197394
dwconv-bn-relu_prior_BET2YW.pt,14,93,93,5,1,0.473928,0.002418,0.029513220000000007
dwconv-bn-relu_prior_UZYZ3Y.pt,14,242,242,3,1,0.47432,0.00242,0.019871100000000003
dwconv-bn-relu_prior_F4B8S5.pt,14,969,969,3,2,0.47481,0.00969,0.019915659999999998
dwconv-bn-relu_prior_Q4C7T4.pt,14,243,243,3,1,0.47628,0.00243,0.019832339999999997
dwconv-bn-relu_prior_UN5HLZ.pt,7,973,973,3,1,0.47677,0.00973,0.01983068
dwconv-bn-relu_prior_E0JXLA.pt,14,195,195,7,2,0.47775,0.00975,0.019650279999999992
dwconv-bn-relu_prior_IZVUT5.pt,28,61,61,3,1,0.47824,0.00061,0.01966641999999999
dwconv-bn-relu_prior_0G4OBN.pt,28,61,61,3,1,0.47824,0.00061,0.01992177999999999
dwconv-bn-relu_prior_43P8VQ.pt,7,976,976,3,1,0.47824,0.00976,0.019706780000000007
dwconv-bn-relu_prior_F5O78G.pt,14,94,94,5,1,0.479024,0.002444,0.0200718
dwconv-bn-relu_prior_50TQYZ.pt,14,94,94,5,1,0.479024,0.002444,0.019738560000000002
dwconv-bn-relu_prior_ETH6QQ.pt,14,94,94,5,1,0.479024,0.002444,0.01992964
dwconv-bn-relu_prior_WQUTLG.pt,14,94,94,5,1,0.479024,0.002444,0.019616199999999997
dwconv-bn-relu_prior_4M8UNU.pt,14,246,246,3,1,0.48216,0.00246,0.019912959999999997
dwconv-bn-relu_prior_EH10AQ.pt,14,95,95,5,1,0.48412,0.00247,0.01979668
dwconv-bn-relu_prior_L6SB8Y.pt,14,95,95,5,1,0.48412,0.00247,0.019800380000000003
dwconv-bn-relu_prior_39FLTD.pt,28,247,247,3,2,0.48412,0.00247,0.01981528
dwconv-bn-relu_prior_U6L04X.pt,14,95,95,5,1,0.48412,0.00247,0.019948539999999997
dwconv-bn-relu_prior_LQJJ50.pt,14,247,247,3,1,0.48412,0.00247,0.019897300000000003
dwconv-bn-relu_prior_6U4P4L.pt,28,62,62,3,1,0.48608,0.00062,0.020190599999999993
dwconv-bn-relu_prior_LWLBZI.pt,28,62,62,3,1,0.48608,0.00062,0.019667039999999997
dwconv-bn-relu_prior_LD6BW5.pt,14,248,248,3,1,0.48608,0.00248,0.01980694
dwconv-bn-relu_prior_FNPEUJ.pt,14,248,248,3,1,0.48608,0.00248,0.01999314
dwconv-bn-relu_prior_R0WXZU.pt,14,248,248,3,1,0.48608,0.00248,0.01987684
dwconv-bn-relu_prior_5IGX61.pt,7,382,382,5,1,0.486668,0.009932,0.01966338
dwconv-bn-relu_prior_EB3VXF.pt,28,24,24,5,1,0.489216,0.000624,0.019785540000000004
dwconv-bn-relu_prior_GSCBPP.pt,28,24,24,5,1,0.489216,0.000624,0.019709499999999994
dwconv-bn-relu_prior_LOIMT1.pt,28,24,24,5,1,0.489216,0.000624,0.01989342
dwconv-bn-relu_prior_7YSMG2.pt,14,96,96,5,1,0.489216,0.002496,0.01982036
dwconv-bn-relu_prior_XOAKFG.pt,14,96,96,5,1,0.489216,0.002496,0.01962746
dwconv-bn-relu_prior_IMBBNA.pt,28,96,96,5,2,0.489216,0.002496,0.020066320000000002
dwconv-bn-relu_prior_ABZW03.pt,14,96,96,5,1,0.489216,0.002496,0.01966648
dwconv-bn-relu_prior_8DM6RU.pt,14,250,250,3,1,0.49,0.0025,0.02016978
dwconv-bn-relu_prior_BAPZNF.pt,28,251,251,3,2,0.49196,0.00251,0.01991558
dwconv-bn-relu_prior_XYFADL.pt,28,63,63,3,1,0.49392,0.00063,0.019648099999999995
dwconv-bn-relu_prior_SAJREW.pt,28,63,63,3,1,0.49392,0.00063,0.019660640000000004
dwconv-bn-relu_prior_JR8W55.pt,28,63,63,3,1,0.49392,0.00063,0.019835220000000004
dwconv-bn-relu_prior_TUDUJM.pt,28,63,63,3,1,0.49392,0.00063,0.020490599999999998
dwconv-bn-relu_prior_NLV38E.pt,14,252,252,3,1,0.49392,0.00252,0.019717460000000003
dwconv-bn-relu_prior_WUXK57.pt,14,252,252,3,1,0.49392,0.00252,0.02009723999999999
dwconv-bn-relu_prior_5AIV3K.pt,14,97,97,5,1,0.494312,0.002522,0.019647919999999996
dwconv-bn-relu_prior_ZEXBZW.pt,7,389,389,5,1,0.495586,0.010114,0.01986732
dwconv-bn-relu_prior_KBA0HM.pt,14,254,254,3,1,0.49784,0.00254,0.0204798
dwconv-bn-relu_prior_SW5DGV.pt,14,254,254,3,1,0.49784,0.00254,0.01966824
dwconv-bn-relu_prior_7AFECC.pt,7,1016,1016,3,1,0.49784,0.01016,0.020029100000000005
dwconv-bn-relu_prior_RRR60Z.pt,14,98,98,5,1,0.499408,0.002548,0.0196926
dwconv-bn-relu_prior_IKP033.pt,14,98,98,5,1,0.499408,0.002548,0.019674519999999997
dwconv-bn-relu_prior_UVUQYL.pt,14,98,98,5,1,0.499408,0.002548,0.019785399999999998
dwconv-bn-relu_prior_HLVNT8.pt,14,51,51,7,1,0.4998,0.00255,0.01977204
dwconv-bn-relu_prior_XIO3UP.pt,14,51,51,7,1,0.4998,0.00255,0.019939799999999997
dwconv-bn-relu_prior_P9CEVN.pt,14,255,255,3,1,0.4998,0.00255,0.019800820000000007
dwconv-bn-relu_prior_XU6OI6.pt,14,51,51,7,1,0.4998,0.00255,0.01973054
dwconv-bn-relu_prior_EIYUS9.pt,56,16,16,3,1,0.50176,0.00016,0.02036448
dwconv-bn-relu_prior_YBLK4B.pt,56,16,16,3,1,0.50176,0.00016,0.019787120000000002
dwconv-bn-relu_prior_PD9OU4.pt,14,256,256,3,1,0.50176,0.00256,0.019907199999999996
dwconv-bn-relu_prior_XKKKIT.pt,7,1026,1026,3,1,0.50274,0.01026,0.019750779999999996
dwconv-bn-relu_prior_NIMAVN.pt,7,1027,1027,3,1,0.50323,0.01027,0.020227800000000004
dwconv-bn-relu_prior_OGZ1WW.pt,14,257,257,3,1,0.50372,0.00257,0.020579339999999998
dwconv-bn-relu_prior_7JQ2W8.pt,14,257,257,3,1,0.50372,0.00257,0.02058812
dwconv-bn-relu_prior_DQ3NG6.pt,14,99,99,5,1,0.504504,0.002574,0.020260179999999996
dwconv-bn-relu_prior_CHLAQC.pt,14,99,99,5,1,0.504504,0.002574,0.020207319999999997
dwconv-bn-relu_prior_QY29EO.pt,14,99,99,5,1,0.504504,0.002574,0.020216880000000007
dwconv-bn-relu_prior_QRX1DP.pt,7,396,396,5,1,0.504504,0.010296,0.020050679999999998
dwconv-bn-relu_prior_6GKY8P.pt,7,1030,1030,3,1,0.5047,0.0103,0.02009611999999999
dwconv-bn-relu_prior_V7ID10.pt,14,258,258,3,1,0.50568,0.00258,0.020102499999999995
dwconv-bn-relu_prior_4THVX6.pt,28,65,65,3,1,0.5096,0.00065,0.019681640000000004
dwconv-bn-relu_prior_ZMP3BW.pt,28,65,65,3,1,0.5096,0.00065,0.01964934
dwconv-bn-relu_prior_UBW1YI.pt,56,65,65,3,2,0.5096,0.00065,0.019972220000000002
dwconv-bn-relu_prior_QD8XU0.pt,28,65,65,3,1,0.5096,0.00065,0.01986484
dwconv-bn-relu_prior_NPU3JQ.pt,28,65,65,3,1,0.5096,0.00065,0.01973092
dwconv-bn-relu_prior_LLCBWQ.pt,28,65,65,3,1,0.5096,0.00065,0.019798500000000004
dwconv-bn-relu_prior_EV9LDO.pt,28,65,65,3,1,0.5096,0.00065,0.01955984
dwconv-bn-relu_prior_0ZMGX5.pt,14,260,260,3,1,0.5096,0.0026,0.019915159999999998
dwconv-bn-relu_prior_U2EP2T.pt,14,100,100,5,1,0.5096,0.0026,0.01981746
dwconv-bn-relu_prior_X4TZ0U.pt,14,100,100,5,1,0.5096,0.0026,0.01999032
dwconv-bn-relu_prior_J6F5W9.pt,14,260,260,3,1,0.5096,0.0026,0.0205964
dwconv-bn-relu_prior_4GLSI5.pt,7,400,400,5,1,0.5096,0.0104,0.019984000000000005
dwconv-bn-relu_prior_6M2SZ0.pt,14,261,261,3,1,0.51156,0.00261,0.019781299999999998
dwconv-bn-relu_prior_H9U4KN.pt,14,262,262,3,1,0.51352,0.00262,0.0198557
dwconv-bn-relu_prior_Y4YX2C.pt,7,210,210,7,1,0.5145,0.0105,0.020359979999999996
dwconv-bn-relu_prior_Y4WJ5D.pt,7,404,404,5,1,0.514696,0.010504,0.020167940000000006
dwconv-bn-relu_prior_FQDNMG.pt,7,404,404,5,1,0.514696,0.010504,0.0197957
dwconv-bn-relu_prior_ABXNY7.pt,14,263,263,3,1,0.51548,0.00263,0.019761840000000003
dwconv-bn-relu_prior_ZSBEP3.pt,28,66,66,3,1,0.51744,0.00066,0.0198605
dwconv-bn-relu_prior_WPWOI9.pt,28,66,66,3,1,0.51744,0.00066,0.019858980000000005
dwconv-bn-relu_prior_AQU6RF.pt,7,407,407,5,1,0.518518,0.010582,0.019844299999999995
dwconv-bn-relu_prior_2OS1MS.pt,28,53,53,7,2,0.5194,0.00265,0.019784080000000002
dwconv-bn-relu_prior_YD3YNN.pt,14,265,265,3,1,0.5194,0.00265,0.02020356
dwconv-bn-relu_prior_8YCVF5.pt,14,265,265,3,1,0.5194,0.00265,0.02035078
dwconv-bn-relu_prior_L47I4G.pt,14,265,265,3,1,0.5194,0.00265,0.020111779999999996
dwconv-bn-relu_prior_XWAQE0.pt,14,265,265,3,1,0.5194,0.00265,0.019796099999999994
dwconv-bn-relu_prior_9BUWL1.pt,14,102,102,5,1,0.519792,0.002652,0.020001419999999995
dwconv-bn-relu_prior_54Z27O.pt,14,102,102,5,1,0.519792,0.002652,0.019796960000000002
dwconv-bn-relu_prior_8JON4U.pt,14,267,267,3,1,0.52332,0.00267,0.019940000000000006
dwconv-bn-relu_prior_23GG42.pt,14,103,103,5,1,0.524888,0.002678,0.019876279999999996
dwconv-bn-relu_prior_OUJNIZ.pt,56,67,67,3,2,0.52528,0.00067,0.019616000000000005
dwconv-bn-relu_prior_DFE6VM.pt,28,54,54,7,2,0.5292,0.0027,0.01994548
dwconv-bn-relu_prior_SYLIVM.pt,28,26,26,5,1,0.529984,0.000676,0.020021
dwconv-bn-relu_prior_763XO5.pt,28,26,26,5,1,0.529984,0.000676,0.01982198
dwconv-bn-relu_prior_4UY0FW.pt,14,104,104,5,1,0.529984,0.002704,0.019739439999999997
dwconv-bn-relu_prior_98I7SS.pt,14,104,104,5,1,0.529984,0.002704,0.020091900000000003
dwconv-bn-relu_prior_BLEFSL.pt,56,17,17,3,1,0.53312,0.00017,0.020345299999999997
dwconv-bn-relu_prior_G31ZYF.pt,56,68,68,3,2,0.53312,0.00068,0.02000726
dwconv-bn-relu_prior_Q8YQ7J.pt,28,68,68,3,1,0.53312,0.00068,0.019475000000000006
dwconv-bn-relu_prior_V1OMWP.pt,28,68,68,3,1,0.53312,0.00068,0.0196491
dwconv-bn-relu_prior_1Y6NAD.pt,28,68,68,3,1,0.53312,0.00068,0.01985311999999999
dwconv-bn-relu_prior_AJCV43.pt,28,68,68,3,1,0.53312,0.00068,0.020186120000000002
dwconv-bn-relu_prior_7LS36D.pt,28,68,68,3,1,0.53312,0.00068,0.019708160000000006
dwconv-bn-relu_prior_WUXPNR.pt,28,68,68,3,1,0.53312,0.00068,0.019908820000000008
dwconv-bn-relu_prior_YWTQAV.pt,28,68,68,3,1,0.53312,0.00068,0.01960972
dwconv-bn-relu_prior_8AIJAV.pt,14,105,105,5,1,0.53508,0.00273,0.019650699999999997
dwconv-bn-relu_prior_AFZ26L.pt,14,105,105,5,1,0.53508,0.00273,0.019900379999999992
dwconv-bn-relu_prior_XI0ETT.pt,14,105,105,5,1,0.53508,0.00273,0.01984276
dwconv-bn-relu_prior_XTEUKZ.pt,7,220,220,7,1,0.539,0.011,0.019792760000000006
dwconv-bn-relu_prior_PVG250.pt,7,220,220,7,1,0.539,0.011,0.01973784
dwconv-bn-relu_prior_AQIXNG.pt,14,106,106,5,1,0.540176,0.002756,0.01994054
dwconv-bn-relu_prior_NN2QM7.pt,28,69,69,3,1,0.54096,0.00069,0.019598900000000002
dwconv-bn-relu_prior_SLSGXC.pt,28,69,69,3,1,0.54096,0.00069,0.020000080000000003
dwconv-bn-relu_prior_QCTLWQ.pt,28,69,69,3,1,0.54096,0.00069,0.019942299999999996
dwconv-bn-relu_prior_AUSPFF.pt,28,69,69,3,1,0.54096,0.00069,0.01971376
dwconv-bn-relu_prior_5QNGXQ.pt,14,107,107,5,1,0.545272,0.002782,0.01971074
dwconv-bn-relu_prior_RFNYQY.pt,28,70,70,3,1,0.5488,0.0007,0.0197078
dwconv-bn-relu_prior_MTW5LA.pt,28,70,70,3,1,0.5488,0.0007,0.020021440000000005
dwconv-bn-relu_prior_2ME925.pt,56,70,70,3,2,0.5488,0.0007,0.01967246
dwconv-bn-relu_prior_7TFTBX.pt,28,70,70,3,1,0.5488,0.0007,0.02001300000000001
dwconv-bn-relu_prior_VDKAQ2.pt,28,70,70,3,1,0.5488,0.0007,0.01988584
dwconv-bn-relu_prior_D5RATG.pt,28,70,70,3,1,0.5488,0.0007,0.019594380000000005
dwconv-bn-relu_prior_DE0OY9.pt,14,56,56,7,1,0.5488,0.0028,0.01990514000000001
dwconv-bn-relu_prior_LTO36Q.pt,14,56,56,7,1,0.5488,0.0028,0.019801619999999995
dwconv-bn-relu_prior_3ALYPQ.pt,28,27,27,5,1,0.550368,0.000702,0.02016666
dwconv-bn-relu_prior_8W7A3R.pt,28,27,27,5,1,0.550368,0.000702,0.01978274
dwconv-bn-relu_prior_PSXRG7.pt,28,27,27,5,1,0.550368,0.000702,0.019611219999999995
dwconv-bn-relu_prior_R91WR2.pt,14,108,108,5,1,0.550368,0.002808,0.01964285999999999
dwconv-bn-relu_prior_JHRHL1.pt,14,108,108,5,1,0.550368,0.002808,0.019979619999999997
dwconv-bn-relu_prior_RNTU53.pt,7,1125,1125,3,1,0.55125,0.01125,0.02000146
dwconv-bn-relu_prior_JW6YJK.pt,14,1126,1126,3,2,0.55174,0.01126,0.019737700000000007
dwconv-bn-relu_prior_IHZQGC.pt,7,1133,1133,3,1,0.55517,0.01133,0.01968234
dwconv-bn-relu_prior_JKPT0N.pt,14,109,109,5,1,0.555464,0.002834,0.019717120000000005
dwconv-bn-relu_prior_SZN4Y9.pt,14,109,109,5,1,0.555464,0.002834,0.019585399999999996
dwconv-bn-relu_prior_LE19WW.pt,7,1135,1135,3,1,0.55615,0.01135,0.020243999999999998
dwconv-bn-relu_prior_CZQNN2.pt,28,71,71,3,1,0.55664,0.00071,0.020103540000000003
dwconv-bn-relu_prior_ON8DN9.pt,28,71,71,3,1,0.55664,0.00071,0.019759679999999998
dwconv-bn-relu_prior_QM3PDH.pt,28,71,71,3,1,0.55664,0.00071,0.02056538
dwconv-bn-relu_prior_0Q4TKG.pt,28,71,71,3,1,0.55664,0.00071,0.01951778
dwconv-bn-relu_prior_IAZVCC.pt,7,1137,1137,3,1,0.55713,0.01137,0.019833959999999994
dwconv-bn-relu_prior_5X34MZ.pt,7,1143,1143,3,1,0.56007,0.01143,0.01981046
dwconv-bn-relu_prior_XY2KZ2.pt,14,110,110,5,1,0.56056,0.00286,0.019666399999999997
dwconv-bn-relu_prior_FH7JZ4.pt,28,110,110,5,2,0.56056,0.00286,0.019856379999999996
dwconv-bn-relu_prior_VYS6DX.pt,7,1145,1145,3,1,0.56105,0.01145,0.020595519999999996
dwconv-bn-relu_prior_TFGUGQ.pt,14,1145,1145,3,2,0.56105,0.01145,0.019715479999999994
dwconv-bn-relu_prior_OCPK2D.pt,7,1146,1146,3,1,0.56154,0.01146,0.020048180000000002
dwconv-bn-relu_prior_M0GJMV.pt,7,1147,1147,3,1,0.56203,0.01147,0.019915919999999997
dwconv-bn-relu_prior_YVRSNU.pt,7,1148,1148,3,1,0.56252,0.01148,0.019840279999999995
dwconv-bn-relu_prior_MUVLMO.pt,7,1151,1151,3,1,0.56399,0.01151,0.019765179999999997
dwconv-bn-relu_prior_YJYIO5.pt,56,18,18,3,1,0.56448,0.00018,0.020239720000000003
dwconv-bn-relu_prior_7K6A9W.pt,112,18,18,3,2,0.56448,0.00018,0.01979514
dwconv-bn-relu_prior_9JEX7N.pt,28,72,72,3,1,0.56448,0.00072,0.02027746
dwconv-bn-relu_prior_UJQUWH.pt,28,72,72,3,1,0.56448,0.00072,0.02073756
dwconv-bn-relu_prior_049Z4J.pt,28,72,72,3,1,0.56448,0.00072,0.01958438
dwconv-bn-relu_prior_JMR4XV.pt,28,72,72,3,1,0.56448,0.00072,0.019911520000000002
dwconv-bn-relu_prior_EYC3CJ.pt,28,72,72,3,1,0.56448,0.00072,0.02035358
dwconv-bn-relu_prior_NHEO33.pt,14,111,111,5,1,0.565656,0.002886,0.02014626
dwconv-bn-relu_prior_OV2J2X.pt,14,111,111,5,1,0.565656,0.002886,0.020430179999999996
dwconv-bn-relu_prior_SSHCU1.pt,14,111,111,5,1,0.565656,0.002886,0.01968625999999999
dwconv-bn-relu_prior_5HOT2U.pt,14,58,58,7,1,0.5684,0.0029,0.0197855
dwconv-bn-relu_prior_6BVIOX.pt,28,28,28,5,1,0.570752,0.000728,0.020924279999999996
dwconv-bn-relu_prior_DUA2Q4.pt,28,28,28,5,1,0.570752,0.000728,0.019733840000000006
dwconv-bn-relu_prior_B9Y1NA.pt,14,112,112,5,1,0.570752,0.002912,0.020520639999999996
dwconv-bn-relu_prior_XN15G8.pt,7,233,233,7,1,0.57085,0.01165,0.019779
dwconv-bn-relu_prior_5KM9C4.pt,28,73,73,3,1,0.57232,0.00073,0.019633220000000003
dwconv-bn-relu_prior_2PQKON.pt,28,73,73,3,1,0.57232,0.00073,0.01992386
dwconv-bn-relu_prior_3Z7B77.pt,28,74,74,3,1,0.58016,0.00074,0.0198012
dwconv-bn-relu_prior_CPQN21.pt,28,74,74,3,1,0.58016,0.00074,0.019655040000000002
dwconv-bn-relu_prior_ALV96P.pt,14,114,114,5,1,0.580944,0.002964,0.01974796
dwconv-bn-relu_prior_8KIE6S.pt,14,114,114,5,1,0.580944,0.002964,0.02011014
dwconv-bn-relu_prior_Z5EXUC.pt,14,115,115,5,1,0.58604,0.00299,0.01988314
dwconv-bn-relu_prior_8I11SQ.pt,28,75,75,3,1,0.588,0.00075,0.01952430000000001
dwconv-bn-relu_prior_UTXX4L.pt,28,75,75,3,1,0.588,0.00075,0.019644039999999998
dwconv-bn-relu_prior_6ZAGWS.pt,28,75,75,3,1,0.588,0.00075,0.020850379999999998
dwconv-bn-relu_prior_FIUITE.pt,28,15,15,7,1,0.588,0.00075,0.019689960000000003
dwconv-bn-relu_prior_TMTA3A.pt,28,75,75,3,1,0.588,0.00075,0.020406439999999994
dwconv-bn-relu_prior_Q406KL.pt,28,75,75,3,1,0.588,0.00075,0.01968688
dwconv-bn-relu_prior_5TQG5X.pt,28,29,29,5,1,0.591136,0.000754,0.019810880000000003
dwconv-bn-relu_prior_C07ZDX.pt,14,116,116,5,1,0.591136,0.003016,0.02041878
dwconv-bn-relu_prior_G0FP1T.pt,7,467,467,5,1,0.594958,0.012142,0.01981712
dwconv-bn-relu_prior_HL11Q0.pt,7,243,243,7,1,0.59535,0.01215,0.01995174
dwconv-bn-relu_prior_9YB46B.pt,7,243,243,7,1,0.59535,0.01215,0.019668279999999993
dwconv-bn-relu_prior_BOVUX9.pt,56,19,19,3,1,0.59584,0.00019,0.019814540000000005
dwconv-bn-relu_prior_BCCIYI.pt,28,76,76,3,1,0.59584,0.00076,0.0197796
dwconv-bn-relu_prior_SZ7LMQ.pt,28,76,76,3,1,0.59584,0.00076,0.019685799999999996
dwconv-bn-relu_prior_82BZU0.pt,28,76,76,3,1,0.59584,0.00076,0.019752440000000003
dwconv-bn-relu_prior_PZDGR7.pt,28,76,76,3,1,0.59584,0.00076,0.01970184
dwconv-bn-relu_prior_Z2PT55.pt,28,76,76,3,1,0.59584,0.00076,0.019984359999999996
dwconv-bn-relu_prior_UESVWC.pt,28,76,76,3,1,0.59584,0.00076,0.019792519999999997
dwconv-bn-relu_prior_UA5KDR.pt,28,76,76,3,1,0.59584,0.00076,0.01965212
dwconv-bn-relu_prior_URYMWV.pt,28,76,76,3,1,0.59584,0.00076,0.01973606
dwconv-bn-relu_prior_E9MC1H.pt,7,468,468,5,1,0.596232,0.012168,0.019851320000000002
dwconv-bn-relu_prior_ZQSCR8.pt,14,244,244,7,2,0.5978,0.0122,0.020959779999999997
dwconv-bn-relu_prior_JFCSE2.pt,7,470,470,5,1,0.59878,0.01222,0.01961718
dwconv-bn-relu_prior_P667HR.pt,7,472,472,5,1,0.601328,0.012272,0.020040500000000003
dwconv-bn-relu_prior_NQY44A.pt,7,473,473,5,1,0.602602,0.012298,0.019860459999999996
dwconv-bn-relu_prior_LUR4XF.pt,28,77,77,3,1,0.60368,0.00077,0.019682639999999998
dwconv-bn-relu_prior_K6G9KO.pt,56,77,77,3,2,0.60368,0.00077,0.019813139999999996
dwconv-bn-relu_prior_8FCTYO.pt,28,77,77,3,1,0.60368,0.00077,0.019791699999999995
dwconv-bn-relu_prior_5TZ710.pt,14,475,475,5,2,0.60515,0.01235,0.019669499999999996
dwconv-bn-relu_prior_OPAZPS.pt,14,119,119,5,1,0.606424,0.003094,0.020446479999999993
dwconv-bn-relu_prior_7MQTZW.pt,14,119,119,5,1,0.606424,0.003094,0.019638080000000006
dwconv-bn-relu_prior_UGJ8B8.pt,14,62,62,7,1,0.6076,0.0031,0.020520460000000004
dwconv-bn-relu_prior_YLCILW.pt,14,62,62,7,1,0.6076,0.0031,0.01955208
dwconv-bn-relu_prior_V6ZYDU.pt,28,78,78,3,1,0.61152,0.00078,0.01970408
dwconv-bn-relu_prior_TPAJ47.pt,28,78,78,3,1,0.61152,0.00078,0.020372440000000006
dwconv-bn-relu_prior_FSQQIQ.pt,28,78,78,3,1,0.61152,0.00078,0.01971438
dwconv-bn-relu_prior_ISN49V.pt,28,30,30,5,1,0.61152,0.00078,0.01956736
dwconv-bn-relu_prior_WV08LF.pt,28,78,78,3,1,0.61152,0.00078,0.01978396
dwconv-bn-relu_prior_QT65PZ.pt,28,30,30,5,1,0.61152,0.00078,0.019897819999999993
dwconv-bn-relu_prior_Z0BV4H.pt,28,78,78,3,1,0.61152,0.00078,0.02034394
dwconv-bn-relu_prior_UACZKX.pt,14,120,120,5,1,0.61152,0.00312,0.0198118
dwconv-bn-relu_prior_FDWMOV.pt,14,120,120,5,1,0.61152,0.00312,0.019842879999999997
dwconv-bn-relu_prior_4O6RWW.pt,14,120,120,5,1,0.61152,0.00312,0.019883720000000004
dwconv-bn-relu_prior_RLSDFV.pt,14,480,480,5,2,0.61152,0.01248,0.019951319999999998
dwconv-bn-relu_prior_G4CENM.pt,7,481,481,5,1,0.612794,0.012506,0.0198586
dwconv-bn-relu_prior_HX18SD.pt,7,481,481,5,1,0.612794,0.012506,0.020092960000000003
dwconv-bn-relu_prior_YU5UL6.pt,7,481,481,5,1,0.612794,0.012506,0.019817759999999997
dwconv-bn-relu_prior_HJV2YW.pt,7,482,482,5,1,0.614068,0.012532,0.020896319999999996
dwconv-bn-relu_prior_I8MNYV.pt,14,121,121,5,1,0.616616,0.003146,0.01972634
dwconv-bn-relu_prior_GAUTJZ.pt,7,484,484,5,1,0.616616,0.012584,0.01984824
dwconv-bn-relu_prior_8M5Y49.pt,7,485,485,5,1,0.61789,0.01261,0.020255519999999992
dwconv-bn-relu_prior_MEVLS1.pt,28,79,79,3,1,0.61936,0.00079,0.019669679999999995
dwconv-bn-relu_prior_DCUOVI.pt,28,79,79,3,1,0.61936,0.00079,0.01959016
dwconv-bn-relu_prior_9W5GYT.pt,28,79,79,3,1,0.61936,0.00079,0.020257439999999995
dwconv-bn-relu_prior_Y3NLR3.pt,28,79,79,3,1,0.61936,0.00079,0.019821999999999992
dwconv-bn-relu_prior_QO9HEX.pt,28,79,79,3,1,0.61936,0.00079,0.019689520000000002
dwconv-bn-relu_prior_JEWXYN.pt,28,79,79,3,1,0.61936,0.00079,0.020021200000000003
dwconv-bn-relu_prior_D1AVMM.pt,28,79,79,3,1,0.61936,0.00079,0.020320900000000003
dwconv-bn-relu_prior_QFIJ1M.pt,14,122,122,5,1,0.621712,0.003172,0.019815759999999998
dwconv-bn-relu_prior_3JVVGS.pt,14,122,122,5,1,0.621712,0.003172,0.019682640000000005
dwconv-bn-relu_prior_CA1FRY.pt,7,488,488,5,1,0.621712,0.012688,0.020279420000000003
dwconv-bn-relu_prior_GGIW7G.pt,7,488,488,5,1,0.621712,0.012688,0.0196352
dwconv-bn-relu_prior_AXVMDV.pt,14,255,255,7,2,0.62475,0.01275,0.020229480000000005
dwconv-bn-relu_prior_KJRDQT.pt,7,491,491,5,1,0.625534,0.012766,0.019814039999999998
dwconv-bn-relu_prior_L1JB00.pt,7,491,491,5,1,0.625534,0.012766,0.02068864
dwconv-bn-relu_prior_8J2PXG.pt,14,123,123,5,1,0.626808,0.003198,0.01979092
dwconv-bn-relu_prior_U8WO6H.pt,56,20,20,3,1,0.6272,0.0002,0.019737740000000004
dwconv-bn-relu_prior_TYJOWL.pt,28,80,80,3,1,0.6272,0.0008,0.019812239999999995
dwconv-bn-relu_prior_HOO07F.pt,28,80,80,3,1,0.6272,0.0008,0.02021502
dwconv-bn-relu_prior_SJTBXM.pt,28,80,80,3,1,0.6272,0.0008,0.01974564
dwconv-bn-relu_prior_P2X58O.pt,56,80,80,3,2,0.6272,0.0008,0.02024196
dwconv-bn-relu_prior_AUN5XV.pt,28,80,80,3,1,0.6272,0.0008,0.01959472
dwconv-bn-relu_prior_CXG22N.pt,14,64,64,7,1,0.6272,0.0032,0.019603500000000003
dwconv-bn-relu_prior_NZ8GY3.pt,7,495,495,5,1,0.63063,0.01287,0.02087996
dwconv-bn-relu_prior_8PAXS8.pt,14,124,124,5,1,0.631904,0.003224,0.019898700000000002
dwconv-bn-relu_prior_OAHBM6.pt,14,124,124,5,1,0.631904,0.003224,0.01970116
dwconv-bn-relu_prior_25BJFM.pt,28,81,81,3,1,0.63504,0.00081,0.02044708
dwconv-bn-relu_prior_ORW3B0.pt,28,81,81,3,1,0.63504,0.00081,0.01975098
dwconv-bn-relu_prior_AXJQOS.pt,56,81,81,3,2,0.63504,0.00081,0.019614580000000003
dwconv-bn-relu_prior_GLM3X2.pt,28,81,81,3,1,0.63504,0.00081,0.019711020000000003
dwconv-bn-relu_prior_BTQEOT.pt,28,81,81,3,1,0.63504,0.00081,0.0198678
dwconv-bn-relu_prior_50FP3W.pt,28,81,81,3,1,0.63504,0.00081,0.020211519999999997
dwconv-bn-relu_prior_RBW0PB.pt,28,81,81,3,1,0.63504,0.00081,0.019900580000000005
dwconv-bn-relu_prior_69C2FR.pt,28,81,81,3,1,0.63504,0.00081,0.019758480000000005
dwconv-bn-relu_prior_MODIGE.pt,14,65,65,7,1,0.637,0.00325,0.020294140000000002
dwconv-bn-relu_prior_ADH5SW.pt,14,65,65,7,1,0.637,0.00325,0.01971562
dwconv-bn-relu_prior_10026R.pt,7,262,262,7,1,0.6419,0.0131,0.020143760000000004
dwconv-bn-relu_prior_G2TPR6.pt,7,504,504,5,1,0.642096,0.013104,0.019734380000000006
dwconv-bn-relu_prior_IUO1WY.pt,28,82,82,3,1,0.64288,0.00082,0.019723159999999997
dwconv-bn-relu_prior_Y6C588.pt,28,82,82,3,1,0.64288,0.00082,0.02021108
dwconv-bn-relu_prior_1Y6T6Y.pt,28,82,82,3,1,0.64288,0.00082,0.019766060000000002
dwconv-bn-relu_prior_0PU1SY.pt,28,82,82,3,1,0.64288,0.00082,0.019783000000000002
dwconv-bn-relu_prior_G5VWY9.pt,28,82,82,3,1,0.64288,0.00082,0.01979922
dwconv-bn-relu_prior_IPCEEG.pt,7,506,506,5,1,0.644644,0.013156,0.0198741
dwconv-bn-relu_prior_553BKQ.pt,7,507,507,5,1,0.645918,0.013182,0.020595279999999997
dwconv-bn-relu_prior_70LQOD.pt,14,66,66,7,1,0.6468,0.0033,0.02019216
dwconv-bn-relu_prior_JJY2RR.pt,14,127,127,5,1,0.647192,0.003302,0.01975376
dwconv-bn-relu_prior_OG8JGP.pt,7,508,508,5,1,0.647192,0.013208,0.019911079999999998
dwconv-bn-relu_prior_MYA8V1.pt,7,509,509,5,1,0.648466,0.013234,0.02041416
dwconv-bn-relu_prior_0GQG8A.pt,7,509,509,5,1,0.648466,0.013234,0.020014059999999997
dwconv-bn-relu_prior_C0RZPP.pt,28,83,83,3,1,0.65072,0.00083,0.020029179999999997
dwconv-bn-relu_prior_VVSCWH.pt,28,83,83,3,1,0.65072,0.00083,0.019861820000000002
dwconv-bn-relu_prior_6LV8LZ.pt,28,83,83,3,1,0.65072,0.00083,0.01983498
dwconv-bn-relu_prior_9KRDFE.pt,28,83,83,3,1,0.65072,0.00083,0.019708599999999993
dwconv-bn-relu_prior_Y9X7SY.pt,28,83,83,3,1,0.65072,0.00083,0.01985498
dwconv-bn-relu_prior_05YJ1F.pt,28,83,83,3,1,0.65072,0.00083,0.01980608
dwconv-bn-relu_prior_APCIJI.pt,28,83,83,3,1,0.65072,0.00083,0.01975796
dwconv-bn-relu_prior_DU9ZFB.pt,7,511,511,5,1,0.651014,0.013286,0.02029196
dwconv-bn-relu_prior_W5ZU2V.pt,7,266,266,7,1,0.6517,0.0133,0.01973494
dwconv-bn-relu_prior_KE6Q0P.pt,14,514,514,5,2,0.654836,0.013364,0.020325519999999996
dwconv-bn-relu_prior_HBGI8M.pt,14,67,67,7,1,0.6566,0.00335,0.019789679999999997
dwconv-bn-relu_prior_GT1LCP.pt,14,67,67,7,1,0.6566,0.00335,0.02026104
dwconv-bn-relu_prior_112ZTO.pt,56,21,21,3,1,0.65856,0.00021,0.02013346
dwconv-bn-relu_prior_U5XKDL.pt,56,21,21,3,1,0.65856,0.00021,0.019776859999999997
dwconv-bn-relu_prior_H5UX3A.pt,56,21,21,3,1,0.65856,0.00021,0.019623380000000003
dwconv-bn-relu_prior_3NUK8P.pt,28,84,84,3,1,0.65856,0.00084,0.019810380000000002
dwconv-bn-relu_prior_5WEUZ3.pt,28,84,84,3,1,0.65856,0.00084,0.020082460000000003
dwconv-bn-relu_prior_H8OAF5.pt,28,84,84,3,1,0.65856,0.00084,0.0197945
dwconv-bn-relu_prior_C6CNL4.pt,28,84,84,3,1,0.65856,0.00084,0.019875759999999996
dwconv-bn-relu_prior_TNDBL9.pt,28,84,84,3,1,0.65856,0.00084,0.019691460000000004
dwconv-bn-relu_prior_DL17OK.pt,28,84,84,3,1,0.65856,0.00084,0.020233239999999996
dwconv-bn-relu_prior_NPHFZ4.pt,7,519,519,5,1,0.661206,0.013494,0.020224979999999997
dwconv-bn-relu_prior_RVPLDX.pt,28,85,85,3,1,0.6664,0.00085,0.019648160000000005
dwconv-bn-relu_prior_OIT1JB.pt,56,17,17,7,2,0.6664,0.00085,0.019785200000000006
dwconv-bn-relu_prior_57W8YT.pt,28,85,85,3,1,0.6664,0.00085,0.01975166
dwconv-bn-relu_prior_FACX5F.pt,28,85,85,3,1,0.6664,0.00085,0.01965846
dwconv-bn-relu_prior_21BMFM.pt,28,85,85,3,1,0.6664,0.00085,0.01983614
dwconv-bn-relu_prior_SIEP0C.pt,28,85,85,3,1,0.6664,0.00085,0.0202311
dwconv-bn-relu_prior_5YZ4KG.pt,28,85,85,3,1,0.6664,0.00085,0.01976564
dwconv-bn-relu_prior_6YB1MZ.pt,14,68,68,7,1,0.6664,0.0034,0.020276459999999993
dwconv-bn-relu_prior_VYXB1R.pt,14,131,131,5,1,0.667576,0.003406,0.019504279999999995
dwconv-bn-relu_prior_ZWP3AV.pt,14,131,131,5,1,0.667576,0.003406,0.019663659999999996
dwconv-bn-relu_prior_06BCO7.pt,28,33,33,5,1,0.672672,0.000858,0.01951808
dwconv-bn-relu_prior_LM74XV.pt,14,132,132,5,1,0.672672,0.003432,0.019729439999999997
dwconv-bn-relu_prior_SP42M6.pt,14,132,132,5,1,0.672672,0.003432,0.0198619
dwconv-bn-relu_prior_AF5V54.pt,14,132,132,5,1,0.672672,0.003432,0.019619079999999997
dwconv-bn-relu_prior_XV0DAN.pt,14,132,132,5,1,0.672672,0.003432,0.020275859999999993
dwconv-bn-relu_prior_40UG8R.pt,28,86,86,3,1,0.67424,0.00086,0.019955300000000006
dwconv-bn-relu_prior_565KK2.pt,28,86,86,3,1,0.67424,0.00086,0.019859800000000004
dwconv-bn-relu_prior_VU578X.pt,28,86,86,3,1,0.67424,0.00086,0.019861260000000002
dwconv-bn-relu_prior_QYI06W.pt,28,86,86,3,1,0.67424,0.00086,0.020000699999999996
dwconv-bn-relu_prior_968SNJ.pt,28,86,86,3,1,0.67424,0.00086,0.01978686
dwconv-bn-relu_prior_5VUFHN.pt,14,69,69,7,1,0.6762,0.00345,0.01980798
dwconv-bn-relu_prior_0U43DH.pt,14,69,69,7,1,0.6762,0.00345,0.01975738
dwconv-bn-relu_prior_Y9TPUL.pt,14,133,133,5,1,0.677768,0.003458,0.019609559999999998
dwconv-bn-relu_prior_QAUAPK.pt,28,87,87,3,1,0.68208,0.00087,0.019727879999999996
dwconv-bn-relu_prior_CEJTW7.pt,28,87,87,3,1,0.68208,0.00087,0.01968468
dwconv-bn-relu_prior_F011CQ.pt,28,135,135,5,2,0.68796,0.00351,0.019875140000000003
dwconv-bn-relu_prior_OA6TT8.pt,56,22,22,3,1,0.68992,0.00022,0.019951580000000003
dwconv-bn-relu_prior_ZO5GY3.pt,56,22,22,3,1,0.68992,0.00022,0.020027499999999997
dwconv-bn-relu_prior_CKWN40.pt,28,88,88,3,1,0.68992,0.00088,0.020101560000000004
dwconv-bn-relu_prior_E0SUFO.pt,28,88,88,3,1,0.68992,0.00088,0.019854360000000005
dwconv-bn-relu_prior_KT2BSH.pt,28,88,88,3,1,0.68992,0.00088,0.020528900000000003
dwconv-bn-relu_prior_FKVM82.pt,28,88,88,3,1,0.68992,0.00088,0.019899139999999996
dwconv-bn-relu_prior_IR337R.pt,28,34,34,5,1,0.693056,0.000884,0.019703000000000005
dwconv-bn-relu_prior_PUBSDS.pt,28,34,34,5,1,0.693056,0.000884,0.0196942
dwconv-bn-relu_prior_XJQ81S.pt,14,71,71,7,1,0.6958,0.00355,0.019782099999999997
dwconv-bn-relu_prior_WK26OJ.pt,28,89,89,3,1,0.69776,0.00089,0.01986128000000001
dwconv-bn-relu_prior_VUOXTZ.pt,28,89,89,3,1,0.69776,0.00089,0.020071119999999998
dwconv-bn-relu_prior_7CGVX5.pt,28,89,89,3,1,0.69776,0.00089,0.01966518
dwconv-bn-relu_prior_6ANTBN.pt,7,558,558,5,1,0.710892,0.014508,0.01983498
dwconv-bn-relu_prior_J2PAXN.pt,7,559,559,5,1,0.712166,0.014534,0.019998520000000002
dwconv-bn-relu_prior_G4MN5J.pt,28,91,91,3,1,0.71344,0.00091,0.019635459999999997
dwconv-bn-relu_prior_SDU3T6.pt,28,91,91,3,1,0.71344,0.00091,0.020173279999999995
dwconv-bn-relu_prior_YKJ5LZ.pt,28,35,35,5,1,0.71344,0.00091,0.019611340000000005
dwconv-bn-relu_prior_43GMK5.pt,14,140,140,5,1,0.71344,0.00364,0.020077340000000006
dwconv-bn-relu_prior_G23AY0.pt,7,563,563,5,1,0.717262,0.014638,0.019912699999999995
dwconv-bn-relu_prior_MOBMAL.pt,28,92,92,3,1,0.72128,0.00092,0.019890239999999997
dwconv-bn-relu_prior_UMIED5.pt,28,92,92,3,1,0.72128,0.00092,0.01971668
dwconv-bn-relu_prior_33UX02.pt,28,92,92,3,1,0.72128,0.00092,0.019993919999999995
dwconv-bn-relu_prior_RVI7NT.pt,28,92,92,3,1,0.72128,0.00092,0.01967106
dwconv-bn-relu_prior_AQE7TN.pt,28,92,92,3,1,0.72128,0.00092,0.019822420000000004
dwconv-bn-relu_prior_90M8OC.pt,28,92,92,3,1,0.72128,0.00092,0.019860020000000006
dwconv-bn-relu_prior_HJAICM.pt,7,568,568,5,1,0.723632,0.014768,0.020064320000000004
dwconv-bn-relu_prior_QAGMLU.pt,14,143,143,5,1,0.728728,0.003718,0.01968735999999999
dwconv-bn-relu_prior_A1GTJV.pt,56,93,93,3,2,0.72912,0.00093,0.019743080000000003
dwconv-bn-relu_prior_FHDDK0.pt,28,93,93,3,1,0.72912,0.00093,0.01995494
dwconv-bn-relu_prior_OFQN42.pt,28,93,93,3,1,0.72912,0.00093,0.019697440000000007
dwconv-bn-relu_prior_FDOFWJ.pt,28,36,36,5,1,0.733824,0.000936,0.019707499999999996
dwconv-bn-relu_prior_JD85FW.pt,28,36,36,5,1,0.733824,0.000936,0.019662040000000006
dwconv-bn-relu_prior_VBQFVW.pt,14,75,75,7,1,0.735,0.00375,0.019717199999999994
dwconv-bn-relu_prior_GYMHV4.pt,28,94,94,3,1,0.73696,0.00094,0.020109699999999998
dwconv-bn-relu_prior_DTP40L.pt,28,94,94,3,1,0.73696,0.00094,0.020339379999999997
dwconv-bn-relu_prior_Y5Q808.pt,28,94,94,3,1,0.73696,0.00094,0.01978454
dwconv-bn-relu_prior_PY6C0Y.pt,28,94,94,3,1,0.73696,0.00094,0.019995299999999997
dwconv-bn-relu_prior_6GCNAY.pt,28,94,94,3,1,0.73696,0.00094,0.01970152
dwconv-bn-relu_prior_M6ELFG.pt,28,94,94,3,1,0.73696,0.00094,0.019493340000000005
dwconv-bn-relu_prior_6JI1UK.pt,28,94,94,3,1,0.73696,0.00094,0.01981554
dwconv-bn-relu_prior_5OWJXM.pt,28,95,95,3,1,0.7448,0.00095,0.020109279999999997
dwconv-bn-relu_prior_10QEJX.pt,28,95,95,3,1,0.7448,0.00095,0.019688160000000003
dwconv-bn-relu_prior_QT3IMC.pt,28,95,95,3,1,0.7448,0.00095,0.019884040000000002
dwconv-bn-relu_prior_EDN0IN.pt,28,95,95,3,1,0.7448,0.00095,0.019751240000000003
dwconv-bn-relu_prior_Y5RUFM.pt,14,76,76,7,1,0.7448,0.0038,0.01976122
dwconv-bn-relu_prior_NL2STD.pt,14,76,76,7,1,0.7448,0.0038,0.01989794
dwconv-bn-relu_prior_DJ8U14.pt,14,382,382,3,1,0.74872,0.00382,0.019723880000000003
dwconv-bn-relu_prior_79UM56.pt,14,383,383,3,1,0.75068,0.00383,0.019849919999999997
dwconv-bn-relu_prior_L9LZHJ.pt,56,96,96,3,2,0.75264,0.00096,0.0200105
dwconv-bn-relu_prior_504BZD.pt,28,96,96,3,1,0.75264,0.00096,0.020181240000000003
dwconv-bn-relu_prior_P2GSWO.pt,28,96,96,3,1,0.75264,0.00096,0.019816739999999996
dwconv-bn-relu_prior_ZMMC0G.pt,28,96,96,3,1,0.75264,0.00096,0.019895839999999995
dwconv-bn-relu_prior_AMFKM5.pt,28,96,96,3,1,0.75264,0.00096,0.0197782
dwconv-bn-relu_prior_G3UGOS.pt,28,96,96,3,1,0.75264,0.00096,0.01969112
dwconv-bn-relu_prior_E8EKAR.pt,28,37,37,5,1,0.754208,0.000962,0.019783139999999998
dwconv-bn-relu_prior_2DKK3E.pt,28,37,37,5,1,0.754208,0.000962,0.019704479999999996
dwconv-bn-relu_prior_VKYKMN.pt,28,37,37,5,1,0.754208,0.000962,0.0199132
dwconv-bn-relu_prior_7DET32.pt,14,385,385,3,1,0.7546,0.00385,0.020184699999999996
dwconv-bn-relu_prior_2BD6ZZ.pt,14,77,77,7,1,0.7546,0.00385,0.020291879999999995
dwconv-bn-relu_prior_TZMJXZ.pt,14,385,385,3,1,0.7546,0.00385,0.02092546
dwconv-bn-relu_prior_3EAQNB.pt,14,77,77,7,1,0.7546,0.00385,0.019657819999999996
dwconv-bn-relu_prior_7N09DQ.pt,14,386,386,3,1,0.75656,0.00386,0.019920220000000002
dwconv-bn-relu_prior_P1LPWL.pt,14,149,149,5,1,0.759304,0.003874,0.019925740000000004
dwconv-bn-relu_prior_E4LAXU.pt,14,389,389,3,1,0.76244,0.00389,0.01966616
dwconv-bn-relu_prior_N7P7F7.pt,14,150,150,5,1,0.7644,0.0039,0.02025544
dwconv-bn-relu_prior_7BH13M.pt,56,98,98,3,2,0.76832,0.00098,0.01980962
dwconv-bn-relu_prior_TXTOY4.pt,28,98,98,3,1,0.76832,0.00098,0.01963568
dwconv-bn-relu_prior_UFHWKB.pt,14,392,392,3,1,0.76832,0.00392,0.019616779999999997
dwconv-bn-relu_prior_ZEG2UV.pt,28,151,151,5,2,0.769496,0.003926,0.01977436
dwconv-bn-relu_prior_6NI5DF.pt,14,79,79,7,1,0.7742,0.00395,0.020462020000000004
dwconv-bn-relu_prior_PM8LU8.pt,14,79,79,7,1,0.7742,0.00395,0.019737560000000005
dwconv-bn-relu_prior_V4TB0O.pt,14,79,79,7,1,0.7742,0.00395,0.019668620000000005
dwconv-bn-relu_prior_0H1V2B.pt,28,38,38,5,1,0.774592,0.000988,0.019759099999999995
dwconv-bn-relu_prior_T91VDQ.pt,28,38,38,5,1,0.774592,0.000988,0.020220799999999997
dwconv-bn-relu_prior_451343.pt,28,38,38,5,1,0.774592,0.000988,0.01962677999999999
dwconv-bn-relu_prior_S7UX7D.pt,28,38,38,5,1,0.774592,0.000988,0.019666840000000005
dwconv-bn-relu_prior_XEP5KY.pt,28,99,99,3,1,0.77616,0.00099,0.01974106
dwconv-bn-relu_prior_2AWUUE.pt,14,397,397,3,1,0.77812,0.00397,0.01967030000000001
dwconv-bn-relu_prior_6E21VY.pt,14,153,153,5,1,0.779688,0.003978,0.019866759999999994
dwconv-bn-relu_prior_0AOOCT.pt,28,398,398,3,2,0.78008,0.00398,0.020001580000000005
dwconv-bn-relu_prior_NDNNER.pt,14,398,398,3,1,0.78008,0.00398,0.019806860000000003
dwconv-bn-relu_prior_6LWEPA.pt,14,399,399,3,1,0.78204,0.00399,0.019894580000000005
dwconv-bn-relu_prior_0MNW9U.pt,14,399,399,3,1,0.78204,0.00399,0.020247800000000003
dwconv-bn-relu_prior_M738FA.pt,56,25,25,3,1,0.784,0.00025,0.019648000000000006
dwconv-bn-relu_prior_58TZIM.pt,28,154,154,5,2,0.784784,0.004004,0.019847459999999997
dwconv-bn-relu_prior_JLV0XN.pt,14,154,154,5,1,0.784784,0.004004,0.019803239999999996
dwconv-bn-relu_prior_MTDQUR.pt,14,154,154,5,1,0.784784,0.004004,0.01976026
dwconv-bn-relu_prior_HH42GV.pt,14,155,155,5,1,0.78988,0.00403,0.0197614
dwconv-bn-relu_prior_5GR1E3.pt,14,155,155,5,1,0.78988,0.00403,0.019821280000000004
dwconv-bn-relu_prior_ZMIAW6.pt,14,155,155,5,1,0.78988,0.00403,0.019870319999999997
dwconv-bn-relu_prior_8ECG78.pt,14,155,155,5,1,0.78988,0.00403,0.01981398
dwconv-bn-relu_prior_S72R31.pt,14,155,155,5,1,0.78988,0.00403,0.01983894
dwconv-bn-relu_prior_HTH2JD.pt,14,155,155,5,1,0.78988,0.00403,0.020021959999999995
dwconv-bn-relu_prior_27CI9I.pt,14,155,155,5,1,0.78988,0.00403,0.019788299999999998
dwconv-bn-relu_prior_79AA41.pt,14,155,155,5,1,0.78988,0.00403,0.019831899999999993
dwconv-bn-relu_prior_36LZQ0.pt,28,101,101,3,1,0.79184,0.00101,0.020085260000000004
dwconv-bn-relu_prior_W2NBP5.pt,28,404,404,3,2,0.79184,0.00404,0.01982894
dwconv-bn-relu_prior_HRX2SM.pt,14,404,404,3,1,0.79184,0.00404,0.019811499999999996
dwconv-bn-relu_prior_CVKZES.pt,14,81,81,7,1,0.7938,0.00405,0.0199478
dwconv-bn-relu_prior_0TDHXK.pt,14,81,81,7,1,0.7938,0.00405,0.01962506
dwconv-bn-relu_prior_7XXHKX.pt,14,81,81,7,1,0.7938,0.00405,0.019713659999999997
dwconv-bn-relu_prior_1LYB71.pt,14,156,156,5,1,0.794976,0.004056,0.01989286
dwconv-bn-relu_prior_7CRVNK.pt,14,407,407,3,1,0.79772,0.00407,0.019824920000000003
dwconv-bn-relu_prior_HYF7MJ.pt,14,157,157,5,1,0.800072,0.004082,0.019982199999999995
dwconv-bn-relu_prior_NKWQD4.pt,14,157,157,5,1,0.800072,0.004082,0.020179939999999993
dwconv-bn-relu_prior_IHZIB3.pt,14,82,82,7,1,0.8036,0.0041,0.020006980000000004
dwconv-bn-relu_prior_9OCW3V.pt,14,158,158,5,1,0.805168,0.004108,0.02011414
dwconv-bn-relu_prior_WZ53V3.pt,14,158,158,5,1,0.805168,0.004108,0.019662140000000005
dwconv-bn-relu_prior_HX23GP.pt,14,158,158,5,1,0.805168,0.004108,0.020360879999999998
dwconv-bn-relu_prior_5U1GFA.pt,28,103,103,3,1,0.80752,0.00103,0.01983474
dwconv-bn-relu_prior_1RVC2U.pt,28,159,159,5,2,0.810264,0.004134,0.0196118
dwconv-bn-relu_prior_X9CX2B.pt,14,83,83,7,1,0.8134,0.00415,0.019585279999999997
dwconv-bn-relu_prior_ED2CPM.pt,14,83,83,7,1,0.8134,0.00415,0.020222599999999997
dwconv-bn-relu_prior_QJXYL8.pt,28,40,40,5,1,0.81536,0.00104,0.02014823999999999
dwconv-bn-relu_prior_3YQHWH.pt,28,40,40,5,1,0.81536,0.00104,0.019990859999999996
dwconv-bn-relu_prior_KAAXQO.pt,28,40,40,5,1,0.81536,0.00104,0.019770359999999997
dwconv-bn-relu_prior_R42H1F.pt,28,40,40,5,1,0.81536,0.00104,0.019827579999999997
dwconv-bn-relu_prior_N62S0D.pt,28,40,40,5,1,0.81536,0.00104,0.020516160000000002
dwconv-bn-relu_prior_MZOMT8.pt,56,40,40,5,2,0.81536,0.00104,0.019693180000000005
dwconv-bn-relu_prior_KYKL1I.pt,28,104,104,3,1,0.81536,0.00104,0.019599820000000004
dwconv-bn-relu_prior_3TOBN2.pt,28,40,40,5,1,0.81536,0.00104,0.020230540000000005
dwconv-bn-relu_prior_L66XMH.pt,14,160,160,5,1,0.81536,0.00416,0.019845520000000002
dwconv-bn-relu_prior_704QBN.pt,14,160,160,5,1,0.81536,0.00416,0.019824640000000004
dwconv-bn-relu_prior_J2VNEI.pt,14,161,161,5,1,0.820456,0.004186,0.019709779999999993
dwconv-bn-relu_prior_EBAT1Q.pt,14,161,161,5,1,0.820456,0.004186,0.019762460000000003
dwconv-bn-relu_prior_IZ4EV3.pt,14,161,161,5,1,0.820456,0.004186,0.01970494
dwconv-bn-relu_prior_ADV1J8.pt,28,105,105,3,1,0.8232,0.00105,0.0197681
dwconv-bn-relu_prior_DYJYTJ.pt,28,105,105,3,1,0.8232,0.00105,0.019965019999999997
dwconv-bn-relu_prior_AKOQRT.pt,14,84,84,7,1,0.8232,0.0042,0.01979228
dwconv-bn-relu_prior_13SLCY.pt,14,162,162,5,1,0.825552,0.004212,0.02006996
dwconv-bn-relu_prior_VPFVHI.pt,14,162,162,5,1,0.825552,0.004212,0.019623060000000005
dwconv-bn-relu_prior_4HFSYH.pt,14,162,162,5,1,0.825552,0.004212,0.020312959999999998
dwconv-bn-relu_prior_INLFDJ.pt,28,162,162,5,2,0.825552,0.004212,0.019599619999999998
dwconv-bn-relu_prior_ZEEWP9.pt,14,163,163,5,1,0.830648,0.004238,0.019678759999999997
dwconv-bn-relu_prior_TKL9DZ.pt,28,106,106,3,1,0.83104,0.00106,0.0198194
dwconv-bn-relu_prior_288VCU.pt,14,85,85,7,1,0.833,0.00425,0.01978616
dwconv-bn-relu_prior_JCYB5A.pt,28,41,41,5,1,0.835744,0.001066,0.01966334
dwconv-bn-relu_prior_CMS9Z8.pt,28,41,41,5,1,0.835744,0.001066,0.020307719999999998
dwconv-bn-relu_prior_A0N1UB.pt,14,164,164,5,1,0.835744,0.004264,0.01972172000000001
dwconv-bn-relu_prior_K713NV.pt,14,164,164,5,1,0.835744,0.004264,0.019974340000000007
dwconv-bn-relu_prior_264LD3.pt,14,164,164,5,1,0.835744,0.004264,0.01969793999999999
dwconv-bn-relu_prior_Y7DY0Z.pt,14,164,164,5,1,0.835744,0.004264,0.019820740000000007
dwconv-bn-relu_prior_DW4KRU.pt,28,107,107,3,1,0.83888,0.00107,0.019668520000000002
dwconv-bn-relu_prior_J3TNUF.pt,14,165,165,5,1,0.84084,0.00429,0.019612059999999997
dwconv-bn-relu_prior_59UC3C.pt,14,165,165,5,1,0.84084,0.00429,0.019498839999999996
dwconv-bn-relu_prior_7Z33DK.pt,14,165,165,5,1,0.84084,0.00429,0.019793360000000003
dwconv-bn-relu_prior_VRI9M8.pt,14,165,165,5,1,0.84084,0.00429,0.020479439999999995
dwconv-bn-relu_prior_20UJI9.pt,14,165,165,5,1,0.84084,0.00429,0.0197142
dwconv-bn-relu_prior_IIC21N.pt,14,86,86,7,1,0.8428,0.0043,0.019682819999999997
dwconv-bn-relu_prior_QAF7CB.pt,14,86,86,7,1,0.8428,0.0043,0.019968580000000003
dwconv-bn-relu_prior_H0YS4Y.pt,14,166,166,5,1,0.845936,0.004316,0.01978204
dwconv-bn-relu_prior_3K1RCE.pt,14,166,166,5,1,0.845936,0.004316,0.0199634
dwconv-bn-relu_prior_TRGY1N.pt,14,166,166,5,1,0.845936,0.004316,0.020588279999999997
dwconv-bn-relu_prior_7I2WU6.pt,14,166,166,5,1,0.845936,0.004316,0.019732760000000002
dwconv-bn-relu_prior_N8TV5V.pt,14,166,166,5,1,0.845936,0.004316,0.019680199999999995
dwconv-bn-relu_prior_SEOLW9.pt,14,166,166,5,1,0.845936,0.004316,0.02043924
dwconv-bn-relu_prior_ONY4E7.pt,28,108,108,3,1,0.84672,0.00108,0.01968998
dwconv-bn-relu_prior_HEB7E9.pt,28,108,108,3,1,0.84672,0.00108,0.01991672000000001
dwconv-bn-relu_prior_POWU1V.pt,28,108,108,3,1,0.84672,0.00108,0.02035116
dwconv-bn-relu_prior_S9RUAI.pt,28,167,167,5,2,0.851032,0.004342,0.019727540000000002
dwconv-bn-relu_prior_YL0NF4.pt,14,167,167,5,1,0.851032,0.004342,0.019791499999999997
dwconv-bn-relu_prior_575WG7.pt,14,167,167,5,1,0.851032,0.004342,0.019677800000000002
dwconv-bn-relu_prior_AATSXR.pt,14,167,167,5,1,0.851032,0.004342,0.019718860000000005
dwconv-bn-relu_prior_XWHU4K.pt,14,167,167,5,1,0.851032,0.004342,0.020202939999999992
dwconv-bn-relu_prior_V7K37Z.pt,14,87,87,7,1,0.8526,0.00435,0.019591840000000006
dwconv-bn-relu_prior_PJP6FM.pt,14,87,87,7,1,0.8526,0.00435,0.01968884
dwconv-bn-relu_prior_BSF5J2.pt,28,42,42,5,1,0.856128,0.001092,0.01980344
dwconv-bn-relu_prior_QC2ETU.pt,28,42,42,5,1,0.856128,0.001092,0.019854059999999996
dwconv-bn-relu_prior_K1GQLL.pt,28,42,42,5,1,0.856128,0.001092,0.01973912000000001
dwconv-bn-relu_prior_BGF6A1.pt,28,42,42,5,1,0.856128,0.001092,0.02043896000000001
dwconv-bn-relu_prior_PXG3SC.pt,28,42,42,5,1,0.856128,0.001092,0.01978218
dwconv-bn-relu_prior_BHVYTL.pt,28,168,168,5,2,0.856128,0.004368,0.01976012
dwconv-bn-relu_prior_IYN9LI.pt,14,168,168,5,1,0.856128,0.004368,0.019878760000000006
dwconv-bn-relu_prior_L6XSPH.pt,14,168,168,5,1,0.856128,0.004368,0.01967042
dwconv-bn-relu_prior_6Z3YM6.pt,14,168,168,5,1,0.856128,0.004368,0.020495040000000003
dwconv-bn-relu_prior_C3WZ3Z.pt,7,673,673,5,1,0.857402,0.017498,0.019746780000000002
dwconv-bn-relu_prior_XBISGY.pt,7,674,674,5,1,0.858676,0.017524,0.01981562
dwconv-bn-relu_prior_Y09NFK.pt,14,169,169,5,1,0.861224,0.004394,0.019735280000000004
dwconv-bn-relu_prior_T2MCPA.pt,14,169,169,5,1,0.861224,0.004394,0.019672639999999998
dwconv-bn-relu_prior_OV2LUB.pt,14,88,88,7,1,0.8624,0.0044,0.01969286
dwconv-bn-relu_prior_5RHT5F.pt,14,170,170,5,1,0.86632,0.00442,0.019499560000000003
dwconv-bn-relu_prior_AFBUTK.pt,14,170,170,5,1,0.86632,0.00442,0.020292920000000002
dwconv-bn-relu_prior_P6FH2Q.pt,14,170,170,5,1,0.86632,0.00442,0.0197005
dwconv-bn-relu_prior_6VNENX.pt,14,170,170,5,1,0.86632,0.00442,0.019648059999999995
dwconv-bn-relu_prior_796UJH.pt,14,170,170,5,1,0.86632,0.00442,0.020527719999999996
dwconv-bn-relu_prior_W4ZV3K.pt,14,170,170,5,1,0.86632,0.00442,0.019763740000000005
dwconv-bn-relu_prior_4J0VTW.pt,14,170,170,5,1,0.86632,0.00442,0.01964034
dwconv-bn-relu_prior_O2ITXE.pt,28,111,111,3,1,0.87024,0.00111,0.019940959999999997
dwconv-bn-relu_prior_YJPY65.pt,28,111,111,3,1,0.87024,0.00111,0.019895339999999997
dwconv-bn-relu_prior_0TTSVI.pt,14,171,171,5,1,0.871416,0.004446,0.020434859999999996
dwconv-bn-relu_prior_SWCKCB.pt,14,171,171,5,1,0.871416,0.004446,0.02067334
dwconv-bn-relu_prior_Z8LCY1.pt,7,685,685,5,1,0.87269,0.01781,0.02036296
dwconv-bn-relu_prior_2GL7YF.pt,28,43,43,5,1,0.876512,0.001118,0.02031086
dwconv-bn-relu_prior_FJQF1K.pt,28,43,43,5,1,0.876512,0.001118,0.019595639999999998
dwconv-bn-relu_prior_C0T14J.pt,28,43,43,5,1,0.876512,0.001118,0.0204277
dwconv-bn-relu_prior_ZWJBND.pt,14,172,172,5,1,0.876512,0.004472,0.020695760000000004
dwconv-bn-relu_prior_TSTOV2.pt,56,28,28,3,1,0.87808,0.00028,0.01968816
dwconv-bn-relu_prior_HMSLBG.pt,7,690,690,5,1,0.87906,0.01794,0.01974216
dwconv-bn-relu_prior_WLLC65.pt,7,691,691,5,1,0.880334,0.017966,0.019883500000000002
dwconv-bn-relu_prior_L212BN.pt,14,173,173,5,1,0.881608,0.004498,0.020843779999999996
dwconv-bn-relu_prior_UF7BK6.pt,14,173,173,5,1,0.881608,0.004498,0.019695880000000002
dwconv-bn-relu_prior_E08ZI3.pt,14,173,173,5,1,0.881608,0.004498,0.019694100000000003
dwconv-bn-relu_prior_JVWMOG.pt,28,173,173,5,2,0.881608,0.004498,0.020396800000000003
dwconv-bn-relu_prior_HH5SSC.pt,14,173,173,5,1,0.881608,0.004498,0.01973134
dwconv-bn-relu_prior_QIJPT9.pt,14,90,90,7,1,0.882,0.0045,0.0196224
dwconv-bn-relu_prior_7TX1T0.pt,28,113,113,3,1,0.88592,0.00113,0.020231440000000003
dwconv-bn-relu_prior_7VD936.pt,28,113,113,3,1,0.88592,0.00113,0.019715179999999995
dwconv-bn-relu_prior_LEKNQ9.pt,28,113,113,3,1,0.88592,0.00113,0.019680200000000002
dwconv-bn-relu_prior_I70K87.pt,14,174,174,5,1,0.886704,0.004524,0.020204080000000003
dwconv-bn-relu_prior_ONQ960.pt,14,174,174,5,1,0.886704,0.004524,0.019728120000000002
dwconv-bn-relu_prior_FDTKSI.pt,14,91,91,7,1,0.8918,0.00455,0.020408200000000005
dwconv-bn-relu_prior_YPS9IX.pt,14,175,175,5,1,0.8918,0.00455,0.019716960000000002
dwconv-bn-relu_prior_JIRHVM.pt,14,175,175,5,1,0.8918,0.00455,0.01962878
dwconv-bn-relu_prior_LHS09I.pt,14,175,175,5,1,0.8918,0.00455,0.020342260000000004
dwconv-bn-relu_prior_Z68SHO.pt,28,175,175,5,2,0.8918,0.00455,0.01960046
dwconv-bn-relu_prior_5VB9W9.pt,56,11,11,5,1,0.896896,0.000286,0.019658139999999994
dwconv-bn-relu_prior_3JEZD2.pt,28,44,44,5,1,0.896896,0.001144,0.020203799999999994
dwconv-bn-relu_prior_0URNCV.pt,28,44,44,5,1,0.896896,0.001144,0.019732480000000004
dwconv-bn-relu_prior_NT63S7.pt,28,44,44,5,1,0.896896,0.001144,0.019676920000000004
dwconv-bn-relu_prior_FSUHUF.pt,28,44,44,5,1,0.896896,0.001144,0.019574680000000004
dwconv-bn-relu_prior_4QFWU7.pt,14,176,176,5,1,0.896896,0.004576,0.019763419999999997
dwconv-bn-relu_prior_HT6E4O.pt,14,176,176,5,1,0.896896,0.004576,0.02010186
dwconv-bn-relu_prior_22GMUK.pt,14,176,176,5,1,0.896896,0.004576,0.01955488
dwconv-bn-relu_prior_W04FVH.pt,14,176,176,5,1,0.896896,0.004576,0.020432699999999998
dwconv-bn-relu_prior_J0GEFI.pt,14,176,176,5,1,0.896896,0.004576,0.019814219999999997
dwconv-bn-relu_prior_WHFGYK.pt,28,115,115,3,1,0.9016,0.00115,0.01987852
dwconv-bn-relu_prior_W6IH2M.pt,28,23,23,7,1,0.9016,0.00115,0.01972802
dwconv-bn-relu_prior_8DT58E.pt,14,92,92,7,1,0.9016,0.0046,0.01966478
dwconv-bn-relu_prior_XAKVNP.pt,14,177,177,5,1,0.901992,0.004602,0.020152580000000003
dwconv-bn-relu_prior_SRI0SR.pt,14,177,177,5,1,0.901992,0.004602,0.019934399999999998
dwconv-bn-relu_prior_ZZ1BA2.pt,14,177,177,5,1,0.901992,0.004602,0.019717799999999994
dwconv-bn-relu_prior_SKLXQR.pt,14,177,177,5,1,0.901992,0.004602,0.020531800000000003
dwconv-bn-relu_prior_FRFNP8.pt,28,177,177,5,2,0.901992,0.004602,0.019649940000000005
dwconv-bn-relu_prior_LHDAF9.pt,14,177,177,5,1,0.901992,0.004602,0.01979552
dwconv-bn-relu_prior_XTWSPY.pt,14,178,178,5,1,0.907088,0.004628,0.0197001
dwconv-bn-relu_prior_1HFYPM.pt,14,178,178,5,1,0.907088,0.004628,0.019758219999999996
dwconv-bn-relu_prior_MQFTCX.pt,14,178,178,5,1,0.907088,0.004628,0.02027442
dwconv-bn-relu_prior_PT2RME.pt,14,178,178,5,1,0.907088,0.004628,0.019741059999999998
dwconv-bn-relu_prior_QZ0UMP.pt,14,93,93,7,1,0.9114,0.00465,0.020886940000000007
dwconv-bn-relu_prior_H6001F.pt,28,93,93,7,2,0.9114,0.00465,0.01966708
dwconv-bn-relu_prior_APLR46.pt,14,179,179,5,1,0.912184,0.004654,0.019657619999999997
dwconv-bn-relu_prior_09EWEU.pt,14,179,179,5,1,0.912184,0.004654,0.02027592
dwconv-bn-relu_prior_F7XSP4.pt,14,179,179,5,1,0.912184,0.004654,0.01964556
dwconv-bn-relu_prior_NBW0MY.pt,14,179,179,5,1,0.912184,0.004654,0.019954180000000002
dwconv-bn-relu_prior_7RPPEJ.pt,14,179,179,5,1,0.912184,0.004654,0.019626400000000002
dwconv-bn-relu_prior_E3LEZY.pt,14,467,467,3,1,0.91532,0.00467,0.019802439999999994
dwconv-bn-relu_prior_IGYXTL.pt,28,45,45,5,1,0.91728,0.00117,0.02030994
dwconv-bn-relu_prior_9TLO5S.pt,28,45,45,5,1,0.91728,0.00117,0.019708439999999997
dwconv-bn-relu_prior_F4223W.pt,28,45,45,5,1,0.91728,0.00117,0.019550819999999997
dwconv-bn-relu_prior_UDHNDZ.pt,28,45,45,5,1,0.91728,0.00117,0.020395240000000002
dwconv-bn-relu_prior_BO8GCU.pt,28,45,45,5,1,0.91728,0.00117,0.019549140000000003
dwconv-bn-relu_prior_CCQ0SW.pt,56,117,117,3,2,0.91728,0.00117,0.020288439999999998
dwconv-bn-relu_prior_B04CQN.pt,28,117,117,3,1,0.91728,0.00117,0.020408780000000005
dwconv-bn-relu_prior_V4T1CQ.pt,28,45,45,5,1,0.91728,0.00117,0.021211820000000006
dwconv-bn-relu_prior_F7JGGD.pt,14,180,180,5,1,0.91728,0.00468,0.020092979999999993
dwconv-bn-relu_prior_MBXIOV.pt,14,180,180,5,1,0.91728,0.00468,0.0197574
dwconv-bn-relu_prior_QDRW55.pt,28,468,468,3,2,0.91728,0.00468,0.019798180000000002
dwconv-bn-relu_prior_B3AXNQ.pt,14,468,468,3,1,0.91728,0.00468,0.020047659999999995
dwconv-bn-relu_prior_277B9S.pt,14,180,180,5,1,0.91728,0.00468,0.02029428
dwconv-bn-relu_prior_33M73C.pt,14,180,180,5,1,0.91728,0.00468,0.019836519999999996
dwconv-bn-relu_prior_5T7OCQ.pt,14,469,469,3,1,0.91924,0.00469,0.019699840000000007
dwconv-bn-relu_prior_0BF51J.pt,14,470,470,3,1,0.9212,0.0047,0.02046164
dwconv-bn-relu_prior_5FH8H6.pt,28,181,181,5,2,0.922376,0.004706,0.019564859999999993
dwconv-bn-relu_prior_OJ6XE9.pt,14,471,471,3,1,0.92316,0.00471,0.019960940000000003
dwconv-bn-relu_prior_P5ELAW.pt,28,118,118,3,1,0.92512,0.00118,0.020186880000000004
dwconv-bn-relu_prior_48V60M.pt,28,118,118,3,1,0.92512,0.00118,0.0196467
dwconv-bn-relu_prior_UNKIAJ.pt,14,472,472,3,1,0.92512,0.00472,0.019630000000000005
dwconv-bn-relu_prior_4KIEVW.pt,14,472,472,3,1,0.92512,0.00472,0.020377300000000008
dwconv-bn-relu_prior_J99FWV.pt,14,474,474,3,1,0.92904,0.00474,0.019912520000000003
dwconv-bn-relu_prior_BRYOAZ.pt,14,474,474,3,1,0.92904,0.00474,0.019694720000000002
dwconv-bn-relu_prior_S1UVGF.pt,14,475,475,3,1,0.931,0.00475,0.020466579999999995
dwconv-bn-relu_prior_XIPRH6.pt,14,95,95,7,1,0.931,0.00475,0.01965746
dwconv-bn-relu_prior_O7HEUN.pt,14,475,475,3,1,0.931,0.00475,0.01982868
dwconv-bn-relu_prior_8UED4J.pt,14,476,476,3,1,0.93296,0.00476,0.020492039999999993
dwconv-bn-relu_prior_QLFGJC.pt,14,476,476,3,1,0.93296,0.00476,0.02021966
dwconv-bn-relu_prior_LZCNYU.pt,14,477,477,3,1,0.93492,0.00477,0.01976816
dwconv-bn-relu_prior_OVP9DI.pt,14,477,477,3,1,0.93492,0.00477,0.019727540000000002
dwconv-bn-relu_prior_EX7T0U.pt,14,478,478,3,1,0.93688,0.00478,0.019865899999999995
dwconv-bn-relu_prior_GDAX8J.pt,28,46,46,5,1,0.937664,0.001196,0.020407039999999998
dwconv-bn-relu_prior_KD5PQZ.pt,14,184,184,5,1,0.937664,0.004784,0.01966548
dwconv-bn-relu_prior_5BV1OD.pt,7,383,383,7,1,0.93835,0.01915,0.01973776
dwconv-bn-relu_prior_BCYBXX.pt,14,479,479,3,1,0.93884,0.00479,0.020420060000000004
dwconv-bn-relu_prior_7ZX61N.pt,14,479,479,3,1,0.93884,0.00479,0.019767760000000006
dwconv-bn-relu_prior_AT7QBE.pt,56,30,30,3,1,0.9408,0.0003,0.01969127999999999
dwconv-bn-relu_prior_X6Z5AS.pt,14,96,96,7,1,0.9408,0.0048,0.020360579999999996
dwconv-bn-relu_prior_YBAQMK.pt,14,480,480,3,1,0.9408,0.0048,0.01971816
dwconv-bn-relu_prior_IM0ZWI.pt,14,480,480,3,1,0.9408,0.0048,0.019808380000000004
dwconv-bn-relu_prior_F5IN9M.pt,14,480,480,3,1,0.9408,0.0048,0.020410479999999998
dwconv-bn-relu_prior_1TAF9G.pt,14,96,96,7,1,0.9408,0.0048,0.02002408
dwconv-bn-relu_prior_I349AJ.pt,7,384,384,7,1,0.9408,0.0192,0.01960152
dwconv-bn-relu_prior_ONZ7YW.pt,14,481,481,3,1,0.94276,0.00481,0.019664459999999995
dwconv-bn-relu_prior_6WVG94.pt,14,481,481,3,1,0.94276,0.00481,0.01965291999999999
dwconv-bn-relu_prior_LD6D00.pt,14,481,481,3,1,0.94276,0.00481,0.0199358
dwconv-bn-relu_prior_O8EJDT.pt,14,481,481,3,1,0.94276,0.00481,0.019616280000000003
dwconv-bn-relu_prior_DPAQ38.pt,14,481,481,3,1,0.94276,0.00481,0.0196363
dwconv-bn-relu_prior_DB8HNE.pt,14,483,483,3,1,0.94668,0.00483,0.019858640000000004
dwconv-bn-relu_prior_6BB4M6.pt,14,483,483,3,1,0.94668,0.00483,0.0198619
dwconv-bn-relu_prior_EVQS6D.pt,28,121,121,3,1,0.94864,0.00121,0.019596259999999997
dwconv-bn-relu_prior_7CMK25.pt,28,484,484,3,2,0.94864,0.00484,0.020368480000000005
dwconv-bn-relu_prior_NY8LE0.pt,14,97,97,7,1,0.9506,0.00485,0.0203635
dwconv-bn-relu_prior_4B52PH.pt,14,485,485,3,1,0.9506,0.00485,0.019706820000000003
dwconv-bn-relu_prior_QTALVZ.pt,28,122,122,3,1,0.95648,0.00122,0.020366320000000004
dwconv-bn-relu_prior_OY7JVR.pt,28,122,122,3,1,0.95648,0.00122,0.019757140000000003
dwconv-bn-relu_prior_2CH39Z.pt,28,122,122,3,1,0.95648,0.00122,0.019692959999999992
dwconv-bn-relu_prior_306ARU.pt,14,488,488,3,1,0.95648,0.00488,0.020378060000000007
dwconv-bn-relu_prior_8PPCLT.pt,56,47,47,5,2,0.958048,0.001222,0.019727280000000003
dwconv-bn-relu_prior_EG354P.pt,28,47,47,5,1,0.958048,0.001222,0.019635100000000003
dwconv-bn-relu_prior_S90DKN.pt,14,489,489,3,1,0.95844,0.00489,0.020338299999999997
dwconv-bn-relu_prior_PRJHJU.pt,14,490,490,3,1,0.9604,0.0049,0.019752639999999995
dwconv-bn-relu_prior_SUO7JH.pt,56,123,123,3,2,0.96432,0.00123,0.0196241
dwconv-bn-relu_prior_F6IO9P.pt,14,492,492,3,1,0.96432,0.00492,0.01960502
dwconv-bn-relu_prior_ONZ7G3.pt,14,493,493,3,1,0.96628,0.00493,0.019611479999999997
dwconv-bn-relu_prior_P9ILEM.pt,14,494,494,3,1,0.96824,0.00494,0.01981038
dwconv-bn-relu_prior_6LEBSA.pt,28,494,494,3,2,0.96824,0.00494,0.01997804
dwconv-bn-relu_prior_DVLZXM.pt,14,494,494,3,1,0.96824,0.00494,0.020157939999999996
dwconv-bn-relu_prior_WLPVGZ.pt,14,494,494,3,1,0.96824,0.00494,0.019610440000000003
dwconv-bn-relu_prior_N135CY.pt,14,494,494,3,1,0.96824,0.00494,0.01981784
dwconv-bn-relu_prior_3M57KC.pt,14,495,495,3,1,0.9702,0.00495,0.02028204
dwconv-bn-relu_prior_C11KJB.pt,56,31,31,3,1,0.97216,0.00031,0.01970426
dwconv-bn-relu_prior_7BVC9V.pt,56,31,31,3,1,0.97216,0.00031,0.01990434
dwconv-bn-relu_prior_CSRO8G.pt,56,31,31,3,1,0.97216,0.00031,0.02036702
dwconv-bn-relu_prior_DBQ800.pt,28,124,124,3,1,0.97216,0.00124,0.019760740000000006
dwconv-bn-relu_prior_OF2M9N.pt,14,496,496,3,1,0.97216,0.00496,0.019697199999999998
dwconv-bn-relu_prior_RILJ7L.pt,14,496,496,3,1,0.97216,0.00496,0.019923160000000002
dwconv-bn-relu_prior_T3P3HD.pt,14,497,497,3,1,0.97412,0.00497,0.019919580000000003
dwconv-bn-relu_prior_SZPRA6.pt,7,398,398,7,1,0.9751,0.0199,0.01998162000000001
dwconv-bn-relu_prior_XZDAMJ.pt,7,398,398,7,1,0.9751,0.0199,0.019902599999999996
dwconv-bn-relu_prior_W54MAF.pt,28,48,48,5,1,0.978432,0.001248,0.01990210000000001
dwconv-bn-relu_prior_7OL0A6.pt,28,48,48,5,1,0.978432,0.001248,0.01975308
dwconv-bn-relu_prior_SW5VR9.pt,28,48,48,5,1,0.978432,0.001248,0.019878520000000004
dwconv-bn-relu_prior_1FCWZC.pt,28,48,48,5,1,0.978432,0.001248,0.02002408
dwconv-bn-relu_prior_M91QP0.pt,56,125,125,3,2,0.98,0.00125,0.019905940000000007
dwconv-bn-relu_prior_AYKZVX.pt,14,501,501,3,1,0.98196,0.00501,0.019714379999999997
dwconv-bn-relu_prior_J4Q33F.pt,7,403,403,7,1,0.98735,0.02015,0.019721259999999997
dwconv-bn-relu_prior_XD7Q40.pt,28,126,126,3,1,0.98784,0.00126,0.01988562
dwconv-bn-relu_prior_OJFMTN.pt,14,504,504,3,1,0.98784,0.00504,0.019761360000000002
dwconv-bn-relu_prior_3WLJFS.pt,14,195,195,5,1,0.99372,0.00507,0.0197068
dwconv-bn-relu_prior_0V41U6.pt,14,508,508,3,1,0.99568,0.00508,0.020832220000000002
dwconv-bn-relu_prior_WC1S4V.pt,28,49,49,5,1,0.998816,0.001274,0.01986605999999999
dwconv-bn-relu_prior_HWQL16.pt,14,510,510,3,1,0.9996,0.0051,0.020510620000000004
dwconv-bn-relu_prior_OF70HA.pt,28,102,102,7,2,0.9996,0.0051,0.019724859999999997
dwconv-bn-relu_prior_X3VG3Z.pt,56,32,32,3,1,1.00352,0.00032,0.019543960000000003
dwconv-bn-relu_prior_NYO6GW.pt,28,128,128,3,1,1.00352,0.00128,0.019978240000000005
dwconv-bn-relu_prior_01HZZF.pt,14,512,512,3,1,1.00352,0.00512,0.019679320000000004
dwconv-bn-relu_prior_LQ673Q.pt,14,197,197,5,1,1.003912,0.005122,0.019893359999999995
dwconv-bn-relu_prior_RWN7BH.pt,14,513,513,3,1,1.00548,0.00513,0.020342839999999994
dwconv-bn-relu_prior_0BAG3V.pt,14,514,514,3,1,1.00744,0.00514,0.019712579999999993
dwconv-bn-relu_prior_MQ3SSF.pt,14,103,103,7,1,1.0094,0.00515,0.019877819999999997
dwconv-bn-relu_prior_EGXQER.pt,14,517,517,3,1,1.01332,0.00517,0.019762019999999995
dwconv-bn-relu_prior_ICYBS3.pt,14,201,201,5,1,1.024296,0.005226,0.020402620000000003
dwconv-bn-relu_prior_QNRTAV.pt,28,131,131,3,1,1.02704,0.00131,0.019725040000000003
dwconv-bn-relu_prior_GV8Y7H.pt,14,105,105,7,1,1.029,0.00525,0.0196443
dwconv-bn-relu_prior_SDT83B.pt,14,202,202,5,1,1.029392,0.005252,0.019887360000000007
dwconv-bn-relu_prior_DSAZ85.pt,14,202,202,5,1,1.029392,0.005252,0.01970058
dwconv-bn-relu_prior_C9ER9B.pt,14,203,203,5,1,1.034488,0.005278,0.01979816
dwconv-bn-relu_prior_W9GCIP.pt,14,203,203,5,1,1.034488,0.005278,0.019591799999999996
dwconv-bn-relu_prior_WR1DR5.pt,56,33,33,3,1,1.03488,0.00033,0.019844320000000002
dwconv-bn-relu_prior_O35M32.pt,56,33,33,3,1,1.03488,0.00033,0.01980761999999999
dwconv-bn-relu_prior_A880M7.pt,28,132,132,3,1,1.03488,0.00132,0.019846820000000008
dwconv-bn-relu_prior_37NJEC.pt,14,106,106,7,1,1.0388,0.0053,0.020044179999999995
dwconv-bn-relu_prior_296S0H.pt,14,106,106,7,1,1.0388,0.0053,0.01973188
dwconv-bn-relu_prior_7Y0HVG.pt,28,51,51,5,1,1.039584,0.001326,0.01962812
dwconv-bn-relu_prior_P3WEYC.pt,28,51,51,5,1,1.039584,0.001326,0.019825800000000008
dwconv-bn-relu_prior_SP9OYV.pt,28,51,51,5,1,1.039584,0.001326,0.01956118
dwconv-bn-relu_prior_G7J8OM.pt,28,51,51,5,1,1.039584,0.001326,0.019600780000000005
dwconv-bn-relu_prior_PESKN4.pt,28,51,51,5,1,1.039584,0.001326,0.019525519999999998
dwconv-bn-relu_prior_S2VCDE.pt,28,51,51,5,1,1.039584,0.001326,0.020214020000000003
dwconv-bn-relu_prior_AHXJ0F.pt,14,206,206,5,1,1.049776,0.005356,0.020064600000000005
dwconv-bn-relu_prior_BC1K53.pt,56,134,134,3,2,1.05056,0.00134,0.02011748
dwconv-bn-relu_prior_OD2E27.pt,28,134,134,3,1,1.05056,0.00134,0.01966728000000001
dwconv-bn-relu_prior_R4P932.pt,56,13,13,5,1,1.059968,0.000338,0.01972274
dwconv-bn-relu_prior_G1T11A.pt,14,208,208,5,1,1.059968,0.005408,0.020372200000000004
dwconv-bn-relu_prior_NRGPBT.pt,28,53,53,5,1,1.080352,0.001378,0.019651140000000004
dwconv-bn-relu_prior_KPNY3T.pt,14,212,212,5,1,1.080352,0.005512,0.019879280000000003
dwconv-bn-relu_prior_Q2DWIE.pt,14,553,553,3,1,1.08388,0.00553,0.01986286
dwconv-bn-relu_prior_DA84AV.pt,14,111,111,7,1,1.0878,0.00555,0.019725539999999996
dwconv-bn-relu_prior_JD2CZ7.pt,14,558,558,3,1,1.09368,0.00558,0.019939560000000002
dwconv-bn-relu_prior_XDY0SZ.pt,28,28,28,7,1,1.0976,0.0014,0.01998778
dwconv-bn-relu_prior_XJ6KS1.pt,28,28,28,7,1,1.0976,0.0014,0.019619060000000004
dwconv-bn-relu_prior_A2990R.pt,28,140,140,3,1,1.0976,0.0014,0.019584680000000004
dwconv-bn-relu_prior_WLX666.pt,14,561,561,3,1,1.09956,0.00561,0.020024659999999996
dwconv-bn-relu_prior_X4E419.pt,28,54,54,5,1,1.100736,0.001404,0.01970647999999999
dwconv-bn-relu_prior_GNR3FA.pt,28,54,54,5,1,1.100736,0.001404,0.02004086
dwconv-bn-relu_prior_J08VQ8.pt,14,562,562,3,1,1.10152,0.00562,0.019762519999999992
dwconv-bn-relu_prior_KSJ764.pt,14,114,114,7,1,1.1172,0.0057,0.019525659999999997
dwconv-bn-relu_prior_J0OKJU.pt,28,55,55,5,1,1.12112,0.00143,0.019943719999999998
dwconv-bn-relu_prior_JXZXDJ.pt,28,573,573,3,2,1.12308,0.00573,0.019799080000000004
dwconv-bn-relu_prior_PD3HBK.pt,14,575,575,3,1,1.127,0.00575,0.019786860000000003
dwconv-bn-relu_prior_QU95N0.pt,56,36,36,3,1,1.12896,0.00036,0.020071760000000004
dwconv-bn-relu_prior_QX99SX.pt,28,145,145,3,1,1.1368,0.00145,0.019781560000000004
dwconv-bn-relu_prior_FAYA4X.pt,56,14,14,5,1,1.141504,0.000364,0.01955672
dwconv-bn-relu_prior_O14594.pt,56,14,14,5,1,1.141504,0.000364,0.019750480000000004
dwconv-bn-relu_prior_NK03DO.pt,28,56,56,5,1,1.141504,0.001456,0.01973325999999999
dwconv-bn-relu_prior_HAICUW.pt,28,56,56,5,1,1.141504,0.001456,0.020460019999999995
dwconv-bn-relu_prior_DD81WO.pt,28,56,56,5,1,1.141504,0.001456,0.02015456
dwconv-bn-relu_prior_W3PCIJ.pt,28,56,56,5,1,1.141504,0.001456,0.02017182
dwconv-bn-relu_prior_NOB77X.pt,28,56,56,5,1,1.141504,0.001456,0.019725420000000004
dwconv-bn-relu_prior_09WGKS.pt,28,56,56,5,1,1.141504,0.001456,0.01963676
dwconv-bn-relu_prior_Q600CH.pt,28,56,56,5,1,1.141504,0.001456,0.02035396
dwconv-bn-relu_prior_P0PT19.pt,28,56,56,5,1,1.141504,0.001456,0.020633360000000003
dwconv-bn-relu_prior_JUX2CQ.pt,56,56,56,5,2,1.141504,0.001456,0.01977342
dwconv-bn-relu_prior_EBG89G.pt,14,225,225,5,1,1.1466,0.00585,0.020064859999999993
dwconv-bn-relu_prior_AF134V.pt,28,225,225,5,2,1.1466,0.00585,0.020297419999999997
dwconv-bn-relu_prior_YLVLYB.pt,14,472,472,7,2,1.1564,0.0236,0.019772239999999996
dwconv-bn-relu_prior_TGJKZQ.pt,14,227,227,5,1,1.156792,0.005902,0.01969188
dwconv-bn-relu_prior_4ZC1J4.pt,56,37,37,3,1,1.16032,0.00037,0.020330540000000005
dwconv-bn-relu_prior_DNRCKL.pt,28,148,148,3,1,1.16032,0.00148,0.019706620000000005
dwconv-bn-relu_prior_3PQO9I.pt,28,57,57,5,1,1.161888,0.001482,0.019697160000000005
dwconv-bn-relu_prior_3ZC6B4.pt,28,57,57,5,1,1.161888,0.001482,0.020438100000000004
dwconv-bn-relu_prior_MPOISQ.pt,28,57,57,5,1,1.161888,0.001482,0.019761280000000006
dwconv-bn-relu_prior_Q22G3H.pt,14,229,229,5,1,1.166984,0.005954,0.020332980000000004
dwconv-bn-relu_prior_UQWZTG.pt,28,120,120,7,2,1.176,0.006,0.019911919999999996
dwconv-bn-relu_prior_JI97KW.pt,7,482,482,7,1,1.1809,0.0241,0.019657079999999997
dwconv-bn-relu_prior_SX2GZ9.pt,28,58,58,5,1,1.182272,0.001508,0.020253599999999997
dwconv-bn-relu_prior_ZF9D2A.pt,28,58,58,5,1,1.182272,0.001508,0.019627779999999997
dwconv-bn-relu_prior_GJ7V1Q.pt,56,58,58,5,2,1.182272,0.001508,0.019895899999999998
dwconv-bn-relu_prior_RNALQR.pt,14,232,232,5,1,1.182272,0.006032,0.020037720000000002
dwconv-bn-relu_prior_QQVERF.pt,7,483,483,7,1,1.18335,0.02415,0.019769419999999996
dwconv-bn-relu_prior_26ANLC.pt,14,121,121,7,1,1.1858,0.00605,0.01979558
dwconv-bn-relu_prior_Y7EQ83.pt,56,38,38,3,1,1.19168,0.00038,0.02033662000000001
dwconv-bn-relu_prior_HTQPX2.pt,28,234,234,5,2,1.192464,0.006084,0.019940560000000006
dwconv-bn-relu_prior_U0ZWA9.pt,14,122,122,7,1,1.1956,0.0061,0.019749339999999994
dwconv-bn-relu_prior_VI2X57.pt,28,153,153,3,1,1.19952,0.00153,0.020435459999999996
dwconv-bn-relu_prior_F93G46.pt,56,153,153,3,2,1.19952,0.00153,0.02044388
dwconv-bn-relu_prior_FWW9SW.pt,28,59,59,5,1,1.202656,0.001534,0.019801760000000005
dwconv-bn-relu_prior_158BP7.pt,28,59,59,5,1,1.202656,0.001534,0.020610060000000013
dwconv-bn-relu_prior_404UGK.pt,28,59,59,5,1,1.202656,0.001534,0.01982988
dwconv-bn-relu_prior_YRYL88.pt,7,492,492,7,1,1.2054,0.0246,0.01973048
dwconv-bn-relu_prior_MWDIFG.pt,28,154,154,3,1,1.20736,0.00154,0.01992922
dwconv-bn-relu_prior_53VPX7.pt,28,154,154,3,1,1.20736,0.00154,0.019781000000000003
dwconv-bn-relu_prior_HY31BS.pt,28,154,154,3,1,1.20736,0.00154,0.019990839999999992
dwconv-bn-relu_prior_OEDMPE.pt,28,154,154,3,1,1.20736,0.00154,0.01949288
dwconv-bn-relu_prior_5SWGBP.pt,7,495,495,7,1,1.21275,0.02475,0.020380120000000005
dwconv-bn-relu_prior_U2C5JV.pt,14,238,238,5,1,1.212848,0.006188,0.01996346
dwconv-bn-relu_prior_H7I67C.pt,28,155,155,3,1,1.2152,0.00155,0.020285519999999998
dwconv-bn-relu_prior_J928RF.pt,28,155,155,3,1,1.2152,0.00155,0.019796019999999998
dwconv-bn-relu_prior_5RS4MD.pt,28,155,155,3,1,1.2152,0.00155,0.019762519999999995
dwconv-bn-relu_prior_KL9Y4Y.pt,28,31,31,7,1,1.2152,0.00155,0.019751459999999995
dwconv-bn-relu_prior_E85300.pt,14,124,124,7,1,1.2152,0.0062,0.019585719999999997
dwconv-bn-relu_prior_PNTOP7.pt,14,124,124,7,1,1.2152,0.0062,0.020358040000000008
dwconv-bn-relu_prior_10ZVH2.pt,14,239,239,5,1,1.217944,0.006214,0.02002974
dwconv-bn-relu_prior_UWPEZA.pt,7,956,956,5,1,1.217944,0.024856,0.019717959999999993
dwconv-bn-relu_prior_FNBGV7.pt,14,957,957,5,2,1.219218,0.024882,0.019677440000000004
dwconv-bn-relu_prior_DJWICU.pt,56,39,39,3,1,1.22304,0.00039,0.020243539999999997
dwconv-bn-relu_prior_048CGF.pt,28,156,156,3,1,1.22304,0.00156,0.019818860000000004
dwconv-bn-relu_prior_02T9LZ.pt,28,60,60,5,1,1.22304,0.00156,0.019894059999999998
dwconv-bn-relu_prior_4IQ28Z.pt,28,156,156,3,1,1.22304,0.00156,0.019610500000000003
dwconv-bn-relu_prior_TR7N68.pt,28,60,60,5,1,1.22304,0.00156,0.01971784
dwconv-bn-relu_prior_OB5KYL.pt,28,60,60,5,1,1.22304,0.00156,0.019827700000000007
dwconv-bn-relu_prior_UTXDEE.pt,14,240,240,5,1,1.22304,0.00624,0.01990546
dwconv-bn-relu_prior_JO74G2.pt,7,960,960,5,1,1.22304,0.02496,0.019671799999999993
dwconv-bn-relu_prior_PNF8EF.pt,14,500,500,7,2,1.225,0.025,0.01970124
dwconv-bn-relu_prior_XRLCDX.pt,14,241,241,5,1,1.228136,0.006266,0.019824859999999996
dwconv-bn-relu_prior_LO0BMF.pt,7,964,964,5,1,1.228136,0.025064,0.019991239999999997
dwconv-bn-relu_prior_HVJF70.pt,28,157,157,3,1,1.23088,0.00157,0.01969368
dwconv-bn-relu_prior_587TF3.pt,28,157,157,3,1,1.23088,0.00157,0.01979322
dwconv-bn-relu_prior_5QP2ZA.pt,28,157,157,3,1,1.23088,0.00157,0.01999618
dwconv-bn-relu_prior_U05RHJ.pt,28,157,157,3,1,1.23088,0.00157,0.019712399999999998
dwconv-bn-relu_prior_2XROL4.pt,56,157,157,3,2,1.23088,0.00157,0.01967276
dwconv-bn-relu_prior_URUVSQ.pt,7,968,968,5,1,1.233232,0.025168,0.019764060000000007
dwconv-bn-relu_prior_25L7FV.pt,7,969,969,5,1,1.234506,0.025194,0.019820639999999997
dwconv-bn-relu_prior_8B23TV.pt,7,970,970,5,1,1.23578,0.02522,0.019886879999999996
dwconv-bn-relu_prior_TIYH7C.pt,14,243,243,5,1,1.238328,0.006318,0.0198628
dwconv-bn-relu_prior_WGHAVQ.pt,7,972,972,5,1,1.238328,0.025272,0.019999339999999997
dwconv-bn-relu_prior_14J15E.pt,28,158,158,3,1,1.23872,0.00158,0.019679039999999995
dwconv-bn-relu_prior_W4C4E9.pt,28,158,158,3,1,1.23872,0.00158,0.019668399999999996
dwconv-bn-relu_prior_6WZX2O.pt,28,158,158,3,1,1.23872,0.00158,0.019758320000000003
dwconv-bn-relu_prior_JHP491.pt,28,158,158,3,1,1.23872,0.00158,0.01995582
dwconv-bn-relu_prior_G59L4G.pt,28,158,158,3,1,1.23872,0.00158,0.019681780000000003
dwconv-bn-relu_prior_SQC0YJ.pt,7,975,975,5,1,1.24215,0.02535,0.019813159999999996
dwconv-bn-relu_prior_3PCL5Q.pt,56,61,61,5,2,1.243424,0.001586,0.01986506
dwconv-bn-relu_prior_G0W0S6.pt,28,61,61,5,1,1.243424,0.001586,0.01953832
dwconv-bn-relu_prior_Z53DNN.pt,28,61,61,5,1,1.243424,0.001586,0.01954904
dwconv-bn-relu_prior_4V3MC3.pt,28,61,61,5,1,1.243424,0.001586,0.01985684
dwconv-bn-relu_prior_0LY2SD.pt,14,244,244,5,1,1.243424,0.006344,0.019741699999999997
dwconv-bn-relu_prior_F2NU00.pt,14,244,244,5,1,1.243424,0.006344,0.01980864
dwconv-bn-relu_prior_VIHGA5.pt,7,976,976,5,1,1.243424,0.025376,0.01997952
dwconv-bn-relu_prior_4TMV7L.pt,28,127,127,7,2,1.2446,0.00635,0.01984168
dwconv-bn-relu_prior_JFXBEI.pt,7,978,978,5,1,1.245972,0.025428,0.019777160000000002
dwconv-bn-relu_prior_WRKEYQ.pt,28,159,159,3,1,1.24656,0.00159,0.019842579999999995
dwconv-bn-relu_prior_B0FHGY.pt,28,159,159,3,1,1.24656,0.00159,0.01974722
dwconv-bn-relu_prior_VQ109T.pt,28,159,159,3,1,1.24656,0.00159,0.01977594
dwconv-bn-relu_prior_N9PYLC.pt,14,245,245,5,1,1.24852,0.00637,0.019886700000000004
dwconv-bn-relu_prior_HYCGX3.pt,7,980,980,5,1,1.24852,0.02548,0.020084220000000003
dwconv-bn-relu_prior_K2QNK1.pt,7,510,510,7,1,1.2495,0.0255,0.0197218
dwconv-bn-relu_prior_7EWCGB.pt,28,160,160,3,1,1.2544,0.0016,0.0200673
dwconv-bn-relu_prior_V4GI97.pt,56,160,160,3,2,1.2544,0.0016,0.020272719999999994
dwconv-bn-relu_prior_F6JAN0.pt,28,32,32,7,1,1.2544,0.0016,0.01985006
dwconv-bn-relu_prior_JH4NOZ.pt,14,247,247,5,1,1.258712,0.006422,0.0197902
dwconv-bn-relu_prior_OT39DO.pt,28,161,161,3,1,1.26224,0.00161,0.02003486
dwconv-bn-relu_prior_4JTTI6.pt,28,161,161,3,1,1.26224,0.00161,0.019704439999999997
dwconv-bn-relu_prior_MXAQ2Y.pt,28,161,161,3,1,1.26224,0.00161,0.019854200000000006
dwconv-bn-relu_prior_OHNI7E.pt,28,161,161,3,1,1.26224,0.00161,0.020338279999999997
dwconv-bn-relu_prior_4CLYC1.pt,28,62,62,5,1,1.263808,0.001612,0.019651080000000005
dwconv-bn-relu_prior_BNTD0J.pt,28,62,62,5,1,1.263808,0.001612,0.01979232
dwconv-bn-relu_prior_BZ2EZY.pt,28,62,62,5,1,1.263808,0.001612,0.01985498
dwconv-bn-relu_prior_25Y3UT.pt,14,248,248,5,1,1.263808,0.006448,0.0198472
dwconv-bn-relu_prior_V9GB6Q.pt,14,248,248,5,1,1.263808,0.006448,0.019892000000000007
dwconv-bn-relu_prior_UJX45C.pt,14,248,248,5,1,1.263808,0.006448,0.019826500000000004
dwconv-bn-relu_prior_DGWZ20.pt,14,248,248,5,1,1.263808,0.006448,0.01988426
dwconv-bn-relu_prior_3OUXVP.pt,7,517,517,7,1,1.26665,0.02585,0.019902960000000004
dwconv-bn-relu_prior_Q13QE4.pt,14,249,249,5,1,1.268904,0.006474,0.020120040000000006
dwconv-bn-relu_prior_JFDA4M.pt,28,162,162,3,1,1.27008,0.00162,0.019761440000000005
dwconv-bn-relu_prior_XPMTFN.pt,28,162,162,3,1,1.27008,0.00162,0.019814599999999998
dwconv-bn-relu_prior_FE22MJ.pt,14,250,250,5,1,1.274,0.0065,0.019805679999999992
dwconv-bn-relu_prior_QS8D5V.pt,28,163,163,3,1,1.27792,0.00163,0.019743620000000003
dwconv-bn-relu_prior_2YW755.pt,28,163,163,3,1,1.27792,0.00163,0.01982714
dwconv-bn-relu_prior_BD7KZQ.pt,14,251,251,5,1,1.279096,0.006526,0.020136160000000004
dwconv-bn-relu_prior_GCRN5P.pt,14,251,251,5,1,1.279096,0.006526,0.020287600000000003
dwconv-bn-relu_prior_WLVKTE.pt,14,131,131,7,1,1.2838,0.00655,0.020157879999999996
dwconv-bn-relu_prior_S1DAFW.pt,28,63,63,5,1,1.284192,0.001638,0.020139059999999997
dwconv-bn-relu_prior_804GEW.pt,14,252,252,5,1,1.284192,0.006552,0.02001546
dwconv-bn-relu_prior_239DYX.pt,28,164,164,3,1,1.28576,0.00164,0.020018220000000003
dwconv-bn-relu_prior_VWB9U2.pt,28,164,164,3,1,1.28576,0.00164,0.01988484
dwconv-bn-relu_prior_TZFBXA.pt,28,164,164,3,1,1.28576,0.00164,0.02005388
dwconv-bn-relu_prior_960NTV.pt,28,164,164,3,1,1.28576,0.00164,0.019697199999999998
dwconv-bn-relu_prior_03RT63.pt,28,164,164,3,1,1.28576,0.00164,0.01993374
dwconv-bn-relu_prior_F6ON2J.pt,28,164,164,3,1,1.28576,0.00164,0.019834099999999997
dwconv-bn-relu_prior_KO3V3S.pt,14,253,253,5,1,1.289288,0.006578,0.01986764
dwconv-bn-relu_prior_8X2W4O.pt,28,165,165,3,1,1.2936,0.00165,0.01971148
dwconv-bn-relu_prior_QGWEYK.pt,28,165,165,3,1,1.2936,0.00165,0.01972884
dwconv-bn-relu_prior_S9FIXH.pt,28,132,132,7,2,1.2936,0.0066,0.01972032
dwconv-bn-relu_prior_J9OMCN.pt,14,254,254,5,1,1.294384,0.006604,0.01978306000000001
dwconv-bn-relu_prior_ZLY6ZV.pt,7,1018,1018,5,1,1.296932,0.026468,0.0199411
dwconv-bn-relu_prior_EID8GY.pt,14,255,255,5,1,1.29948,0.00663,0.01971686
dwconv-bn-relu_prior_6FRTUI.pt,28,166,166,3,1,1.30144,0.00166,0.019727500000000002
dwconv-bn-relu_prior_1AR8OP.pt,28,166,166,3,1,1.30144,0.00166,0.019885760000000006
dwconv-bn-relu_prior_474K8K.pt,56,166,166,3,2,1.30144,0.00166,0.019970140000000004
dwconv-bn-relu_prior_TH9W4F.pt,28,166,166,3,1,1.30144,0.00166,0.019795140000000003
dwconv-bn-relu_prior_73FSFD.pt,28,166,166,3,1,1.30144,0.00166,0.01977026
dwconv-bn-relu_prior_1ZHO6I.pt,28,64,64,5,1,1.304576,0.001664,0.01969684
dwconv-bn-relu_prior_HN0FZM.pt,28,64,64,5,1,1.304576,0.001664,0.01972398
dwconv-bn-relu_prior_PS7ZTJ.pt,14,256,256,5,1,1.304576,0.006656,0.01985748
dwconv-bn-relu_prior_0OXGJ2.pt,7,1027,1027,5,1,1.308398,0.026702,0.01982086
dwconv-bn-relu_prior_RTMD90.pt,7,1027,1027,5,1,1.308398,0.026702,0.019634119999999998
dwconv-bn-relu_prior_SB9DN5.pt,28,167,167,3,1,1.30928,0.00167,0.02004246
dwconv-bn-relu_prior_R71VT5.pt,28,167,167,3,1,1.30928,0.00167,0.019762760000000004
dwconv-bn-relu_prior_JU2M3E.pt,28,167,167,3,1,1.30928,0.00167,0.01957328
dwconv-bn-relu_prior_OQLST5.pt,28,167,167,3,1,1.30928,0.00167,0.019798859999999998
dwconv-bn-relu_prior_IC71H0.pt,28,167,167,3,1,1.30928,0.00167,0.01994428
dwconv-bn-relu_prior_EVX4VO.pt,28,167,167,3,1,1.30928,0.00167,0.019728579999999996
dwconv-bn-relu_prior_YCB5GL.pt,28,167,167,3,1,1.30928,0.00167,0.019862260000000003
dwconv-bn-relu_prior_ZN5Q6O.pt,28,167,167,3,1,1.30928,0.00167,0.019842860000000004
dwconv-bn-relu_prior_NGOWV8.pt,28,257,257,5,2,1.309672,0.006682,0.019683559999999992
dwconv-bn-relu_prior_DRL8EI.pt,14,258,258,5,1,1.314768,0.006708,0.019720740000000004
dwconv-bn-relu_prior_SAMIN6.pt,56,42,42,3,1,1.31712,0.00042,0.019883139999999994
dwconv-bn-relu_prior_BQHUF9.pt,56,42,42,3,1,1.31712,0.00042,0.019827560000000004
dwconv-bn-relu_prior_GZBLWY.pt,56,42,42,3,1,1.31712,0.00042,0.019888799999999998
dwconv-bn-relu_prior_SN0Z9V.pt,28,168,168,3,1,1.31712,0.00168,0.019737360000000002
dwconv-bn-relu_prior_57C9HT.pt,28,168,168,3,1,1.31712,0.00168,0.019867019999999996
dwconv-bn-relu_prior_ELJBUC.pt,28,168,168,3,1,1.31712,0.00168,0.019909220000000005
dwconv-bn-relu_prior_86IOOH.pt,14,135,135,7,1,1.323,0.00675,0.019805439999999997
dwconv-bn-relu_prior_OVS0GE.pt,14,135,135,7,1,1.323,0.00675,0.01975262
dwconv-bn-relu_prior_ZM6UY4.pt,56,169,169,3,2,1.32496,0.00169,0.019599299999999997
dwconv-bn-relu_prior_27QABL.pt,28,169,169,3,1,1.32496,0.00169,0.0197747
dwconv-bn-relu_prior_PTW79J.pt,28,169,169,3,1,1.32496,0.00169,0.01976886
dwconv-bn-relu_prior_J99PI1.pt,56,65,65,5,2,1.32496,0.00169,0.019757300000000005
dwconv-bn-relu_prior_GV2HVS.pt,28,169,169,3,1,1.32496,0.00169,0.0200059
dwconv-bn-relu_prior_1K6U21.pt,28,65,65,5,1,1.32496,0.00169,0.01959272
dwconv-bn-relu_prior_V79T0X.pt,28,169,169,3,1,1.32496,0.00169,0.019775860000000003
dwconv-bn-relu_prior_7ZJLXS.pt,14,260,260,5,1,1.32496,0.00676,0.020102200000000004
dwconv-bn-relu_prior_7IO27U.pt,14,676,676,3,1,1.32496,0.00676,0.020002379999999997
dwconv-bn-relu_prior_IXYP0R.pt,14,260,260,5,1,1.32496,0.00676,0.019742560000000006
dwconv-bn-relu_prior_Z7987H.pt,14,677,677,3,1,1.32692,0.00677,0.01991586
dwconv-bn-relu_prior_FSPAT5.pt,28,170,170,3,1,1.3328,0.0017,0.01984796
dwconv-bn-relu_prior_BJL581.pt,28,34,34,7,1,1.3328,0.0017,0.01967542
dwconv-bn-relu_prior_NESK50.pt,28,170,170,3,1,1.3328,0.0017,0.019915200000000008
dwconv-bn-relu_prior_CGT3RX.pt,28,170,170,3,1,1.3328,0.0017,0.0197441
dwconv-bn-relu_prior_PGJXNJ.pt,28,34,34,7,1,1.3328,0.0017,0.019739899999999998
dwconv-bn-relu_prior_QSKE3N.pt,28,34,34,7,1,1.3328,0.0017,0.019772720000000004
dwconv-bn-relu_prior_T5RDH7.pt,28,170,170,3,1,1.3328,0.0017,0.0198928
dwconv-bn-relu_prior_TB3Q5T.pt,28,170,170,3,1,1.3328,0.0017,0.0199043
dwconv-bn-relu_prior_0D2PXC.pt,28,170,170,3,1,1.3328,0.0017,0.019839840000000008
dwconv-bn-relu_prior_Z2N7V9.pt,28,170,170,3,1,1.3328,0.0017,0.020028199999999993
dwconv-bn-relu_prior_6WHYGB.pt,28,170,170,3,1,1.3328,0.0017,0.020551180000000002
dwconv-bn-relu_prior_F55XKT.pt,14,680,680,3,1,1.3328,0.0068,0.020238179999999998
dwconv-bn-relu_prior_5R3AN1.pt,14,682,682,3,1,1.33672,0.00682,0.02019304000000001
dwconv-bn-relu_prior_006F2Q.pt,14,682,682,3,1,1.33672,0.00682,0.019844500000000008
dwconv-bn-relu_prior_ER8JPW.pt,14,263,263,5,1,1.340248,0.006838,0.019744900000000006
dwconv-bn-relu_prior_R5A6RK.pt,56,171,171,3,2,1.34064,0.00171,0.019698479999999997
dwconv-bn-relu_prior_33CQKE.pt,28,171,171,3,1,1.34064,0.00171,0.019792739999999996
dwconv-bn-relu_prior_LNJURM.pt,14,684,684,3,1,1.34064,0.00684,0.01989998
dwconv-bn-relu_prior_ONJYW7.pt,14,686,686,3,1,1.34456,0.00686,0.02000112
dwconv-bn-relu_prior_50WKJH.pt,28,66,66,5,1,1.345344,0.001716,0.01979954
dwconv-bn-relu_prior_0NZKUH.pt,28,66,66,5,1,1.345344,0.001716,0.019551680000000002
dwconv-bn-relu_prior_OXJ7WC.pt,56,43,43,3,1,1.34848,0.00043,0.0199217
dwconv-bn-relu_prior_JU917Q.pt,56,43,43,3,1,1.34848,0.00043,0.0197447
dwconv-bn-relu_prior_LDGFIG.pt,56,43,43,3,1,1.34848,0.00043,0.02047714
dwconv-bn-relu_prior_AI33ZE.pt,56,43,43,3,1,1.34848,0.00043,0.019827660000000004
dwconv-bn-relu_prior_ZV5CVW.pt,28,172,172,3,1,1.34848,0.00172,0.019644759999999997
dwconv-bn-relu_prior_BTJKI3.pt,28,172,172,3,1,1.34848,0.00172,0.01984332
dwconv-bn-relu_prior_H7IJXN.pt,28,172,172,3,1,1.34848,0.00172,0.020018900000000003
dwconv-bn-relu_prior_1MUK6X.pt,28,265,265,5,2,1.35044,0.00689,0.019781500000000004
dwconv-bn-relu_prior_KFIHGV.pt,14,265,265,5,1,1.35044,0.00689,0.020077860000000003
dwconv-bn-relu_prior_FIKCQM.pt,14,689,689,3,1,1.35044,0.00689,0.019995400000000007
dwconv-bn-relu_prior_R0FUMO.pt,14,266,266,5,1,1.355536,0.006916,0.01993076
dwconv-bn-relu_prior_UIWQXJ.pt,14,266,266,5,1,1.355536,0.006916,0.01990518
dwconv-bn-relu_prior_7FX2XK.pt,28,173,173,3,1,1.35632,0.00173,0.020327880000000006
dwconv-bn-relu_prior_9IKMTD.pt,28,173,173,3,1,1.35632,0.00173,0.01983406
dwconv-bn-relu_prior_19LG1K.pt,14,693,693,3,1,1.35828,0.00693,0.01988664
dwconv-bn-relu_prior_H0RB1N.pt,14,693,693,3,1,1.35828,0.00693,0.019993379999999998
dwconv-bn-relu_prior_XWKTWF.pt,14,695,695,3,1,1.3622,0.00695,0.020312959999999994
dwconv-bn-relu_prior_YS6FYH.pt,14,695,695,3,1,1.3622,0.00695,0.020189900000000004
dwconv-bn-relu_prior_JI3QM0.pt,28,174,174,3,1,1.36416,0.00174,0.02018162
dwconv-bn-relu_prior_FOGJ6Z.pt,28,174,174,3,1,1.36416,0.00174,0.019899639999999993
dwconv-bn-relu_prior_QDECSG.pt,28,67,67,5,1,1.365728,0.001742,0.019817480000000002
dwconv-bn-relu_prior_3EVT6D.pt,28,175,175,3,1,1.372,0.00175,0.02010486
dwconv-bn-relu_prior_AIKQ59.pt,28,175,175,3,1,1.372,0.00175,0.020007259999999992
dwconv-bn-relu_prior_7AI3X6.pt,56,175,175,3,2,1.372,0.00175,0.01977854
dwconv-bn-relu_prior_9SCRPN.pt,28,175,175,3,1,1.372,0.00175,0.019927719999999996
dwconv-bn-relu_prior_CXS0TK.pt,112,11,11,3,1,1.37984,0.00011,0.020498919999999997
dwconv-bn-relu_prior_YI96PU.pt,56,44,44,3,1,1.37984,0.00044,0.01983934
dwconv-bn-relu_prior_M4O367.pt,56,44,44,3,1,1.37984,0.00044,0.020078159999999998
dwconv-bn-relu_prior_A0VKT2.pt,56,44,44,3,1,1.37984,0.00044,0.019766960000000004
dwconv-bn-relu_prior_8ON4JP.pt,56,44,44,3,1,1.37984,0.00044,0.01989446
dwconv-bn-relu_prior_VRQ89F.pt,28,176,176,3,1,1.37984,0.00176,0.019760880000000005
dwconv-bn-relu_prior_IUIQ9G.pt,28,176,176,3,1,1.37984,0.00176,0.01986818
dwconv-bn-relu_prior_EBZ7KE.pt,28,176,176,3,1,1.37984,0.00176,0.01985884
dwconv-bn-relu_prior_LAFO80.pt,28,176,176,3,1,1.37984,0.00176,0.020027420000000004
dwconv-bn-relu_prior_T6M3VT.pt,56,176,176,3,2,1.37984,0.00176,0.0199897
dwconv-bn-relu_prior_926IAG.pt,28,176,176,3,1,1.37984,0.00176,0.019613180000000008
dwconv-bn-relu_prior_FPYRPA.pt,56,17,17,5,1,1.386112,0.000442,0.020028820000000006
dwconv-bn-relu_prior_3SWYOK.pt,28,68,68,5,1,1.386112,0.001768,0.019781560000000004
dwconv-bn-relu_prior_6HNSHU.pt,56,68,68,5,2,1.386112,0.001768,0.01980054
dwconv-bn-relu_prior_JUECEU.pt,28,68,68,5,1,1.386112,0.001768,0.019766419999999996
dwconv-bn-relu_prior_5QF1CO.pt,28,68,68,5,1,1.386112,0.001768,0.019848060000000004
dwconv-bn-relu_prior_3ROZ6R.pt,28,177,177,3,1,1.38768,0.00177,0.02084232
dwconv-bn-relu_prior_29K8AO.pt,28,177,177,3,1,1.38768,0.00177,0.020144679999999998
dwconv-bn-relu_prior_7YRCLR.pt,28,177,177,3,1,1.38768,0.00177,0.01988506
dwconv-bn-relu_prior_IJWI4I.pt,28,177,177,3,1,1.38768,0.00177,0.01976934
dwconv-bn-relu_prior_2G087E.pt,56,178,178,3,2,1.39552,0.00178,0.019776980000000003
dwconv-bn-relu_prior_0Q6UJD.pt,28,178,178,3,1,1.39552,0.00178,0.019569319999999998
dwconv-bn-relu_prior_730MVA.pt,28,178,178,3,1,1.39552,0.00178,0.01994186
dwconv-bn-relu_prior_QWTL76.pt,28,178,178,3,1,1.39552,0.00178,0.019727680000000004
dwconv-bn-relu_prior_BBVIDQ.pt,56,178,178,3,2,1.39552,0.00178,0.020054420000000007
dwconv-bn-relu_prior_GX33ZN.pt,28,178,178,3,1,1.39552,0.00178,0.01984564
dwconv-bn-relu_prior_YNUNZQ.pt,28,178,178,3,1,1.39552,0.00178,0.020158959999999997
dwconv-bn-relu_prior_VA71CT.pt,28,179,179,3,1,1.40336,0.00179,0.019894620000000002
dwconv-bn-relu_prior_OU1AU7.pt,28,179,179,3,1,1.40336,0.00179,0.020261299999999996
dwconv-bn-relu_prior_2P14RO.pt,28,179,179,3,1,1.40336,0.00179,0.01978572
dwconv-bn-relu_prior_WKMFVF.pt,28,179,179,3,1,1.40336,0.00179,0.01978364
dwconv-bn-relu_prior_2RC9L1.pt,28,179,179,3,1,1.40336,0.00179,0.020567559999999995
dwconv-bn-relu_prior_NNJRLD.pt,28,179,179,3,1,1.40336,0.00179,0.02020002
dwconv-bn-relu_prior_QUHTRY.pt,28,179,179,3,1,1.40336,0.00179,0.019924180000000003
dwconv-bn-relu_prior_8NTZS2.pt,28,179,179,3,1,1.40336,0.00179,0.01977646
dwconv-bn-relu_prior_ZEAK73.pt,28,69,69,5,1,1.406496,0.001794,0.019918840000000004
dwconv-bn-relu_prior_NJJRIW.pt,28,69,69,5,1,1.406496,0.001794,0.019750639999999996
dwconv-bn-relu_prior_2L336Q.pt,56,45,45,3,1,1.4112,0.00045,0.01979314
dwconv-bn-relu_prior_RPHW9X.pt,56,45,45,3,1,1.4112,0.00045,0.01980662
dwconv-bn-relu_prior_TOS798.pt,112,45,45,3,2,1.4112,0.00045,0.02059158
dwconv-bn-relu_prior_KN98NQ.pt,28,180,180,3,1,1.4112,0.0018,0.019732819999999998
dwconv-bn-relu_prior_5961KD.pt,28,36,36,7,1,1.4112,0.0018,0.019717540000000002
dwconv-bn-relu_prior_A7S5EW.pt,28,180,180,3,1,1.4112,0.0018,0.020413120000000003
dwconv-bn-relu_prior_9SY7UT.pt,28,180,180,3,1,1.4112,0.0018,0.020326979999999998
dwconv-bn-relu_prior_903O57.pt,28,180,180,3,1,1.4112,0.0018,0.019728879999999997
dwconv-bn-relu_prior_R5G023.pt,14,144,144,7,1,1.4112,0.0072,0.019918559999999995
dwconv-bn-relu_prior_BOQDKC.pt,56,181,181,3,2,1.41904,0.00181,0.020172899999999997
dwconv-bn-relu_prior_MHHEQ1.pt,28,181,181,3,1,1.41904,0.00181,0.01981092
dwconv-bn-relu_prior_OCI013.pt,28,70,70,5,1,1.42688,0.00182,0.01963072
dwconv-bn-relu_prior_ENGPH9.pt,7,1124,1124,5,1,1.431976,0.029224,0.020434939999999995
dwconv-bn-relu_prior_4MU4VJ.pt,28,183,183,3,1,1.43472,0.00183,0.019826220000000002
dwconv-bn-relu_prior_X696NN.pt,7,1127,1127,5,1,1.435798,0.029302,0.01952852
dwconv-bn-relu_prior_O8B4HQ.pt,7,1129,1129,5,1,1.438346,0.029354,0.019860500000000003
dwconv-bn-relu_prior_QOCEX9.pt,28,147,147,7,2,1.4406,0.00735,0.019736959999999998
dwconv-bn-relu_prior_MAU86U.pt,56,46,46,3,1,1.44256,0.00046,0.01966374
dwconv-bn-relu_prior_SIBJBF.pt,56,46,46,3,1,1.44256,0.00046,0.02038476
dwconv-bn-relu_prior_ZXWDVG.pt,28,71,71,5,1,1.447264,0.001846,0.01984636
dwconv-bn-relu_prior_Y4LJWU.pt,28,71,71,5,1,1.447264,0.001846,0.019457560000000002
dwconv-bn-relu_prior_F9VGV9.pt,28,71,71,5,1,1.447264,0.001846,0.019831979999999996
dwconv-bn-relu_prior_1XH3ZA.pt,56,71,71,5,2,1.447264,0.001846,0.01989872
dwconv-bn-relu_prior_IF0RYX.pt,28,71,71,5,1,1.447264,0.001846,0.02036854
dwconv-bn-relu_prior_9CI61C.pt,28,71,71,5,1,1.447264,0.001846,0.019821239999999997
dwconv-bn-relu_prior_5KM1FF.pt,28,71,71,5,1,1.447264,0.001846,0.01988672
dwconv-bn-relu_prior_739HNO.pt,28,71,71,5,1,1.447264,0.001846,0.019774919999999998
dwconv-bn-relu_prior_TLZF4F.pt,7,1138,1138,5,1,1.449812,0.029588,0.020081219999999997
dwconv-bn-relu_prior_HEJ2C0.pt,56,37,37,7,2,1.4504,0.00185,0.02028318
dwconv-bn-relu_prior_S94GF0.pt,14,1141,1141,5,2,1.453634,0.029666,0.01975278
dwconv-bn-relu_prior_231DSN.pt,7,1141,1141,5,1,1.453634,0.029666,0.019808680000000002
dwconv-bn-relu_prior_A68KSV.pt,7,1142,1142,5,1,1.454908,0.029692,0.0197705
dwconv-bn-relu_prior_YJXQ6K.pt,7,1144,1144,5,1,1.457456,0.029744,0.019876060000000004
dwconv-bn-relu_prior_KVLGZW.pt,7,1148,1148,5,1,1.462552,0.029848,0.02013534000000001
dwconv-bn-relu_prior_OBRI86.pt,7,1149,1149,5,1,1.463826,0.029874,0.019723279999999996
dwconv-bn-relu_prior_X8XL3M.pt,28,72,72,5,1,1.467648,0.001872,0.01960872
dwconv-bn-relu_prior_XEFC2U.pt,28,72,72,5,1,1.467648,0.001872,0.019807139999999997
dwconv-bn-relu_prior_ZTVOKK.pt,28,72,72,5,1,1.467648,0.001872,0.019814200000000004
dwconv-bn-relu_prior_DNSF3D.pt,28,72,72,5,1,1.467648,0.001872,0.019625959999999994
dwconv-bn-relu_prior_0NCGZ5.pt,28,72,72,5,1,1.467648,0.001872,0.0196154
dwconv-bn-relu_prior_RSTXB1.pt,28,72,72,5,1,1.467648,0.001872,0.01983478
dwconv-bn-relu_prior_S9LMYI.pt,56,47,47,3,1,1.47392,0.00047,0.02020028
dwconv-bn-relu_prior_Y9VJQP.pt,56,47,47,3,1,1.47392,0.00047,0.019847879999999995
dwconv-bn-relu_prior_FI0U9Z.pt,28,188,188,3,1,1.47392,0.00188,0.020833379999999995
dwconv-bn-relu_prior_KU13NQ.pt,14,151,151,7,1,1.4798,0.00755,0.01979082
dwconv-bn-relu_prior_S183OR.pt,28,189,189,3,1,1.48176,0.00189,0.01986596
dwconv-bn-relu_prior_PXN7Q7.pt,28,73,73,5,1,1.488032,0.001898,0.01986252
dwconv-bn-relu_prior_M1TL6Q.pt,28,73,73,5,1,1.488032,0.001898,0.02016422
dwconv-bn-relu_prior_5QIKMU.pt,28,73,73,5,1,1.488032,0.001898,0.01983434000000001
dwconv-bn-relu_prior_JO401I.pt,28,190,190,3,1,1.4896,0.0019,0.0199922
dwconv-bn-relu_prior_D8UU6F.pt,28,38,38,7,1,1.4896,0.0019,0.019684680000000006
dwconv-bn-relu_prior_E0XBIF.pt,28,190,190,3,1,1.4896,0.0019,0.01986194
dwconv-bn-relu_prior_U6X2Y7.pt,14,152,152,7,1,1.4896,0.0076,0.019737700000000004
dwconv-bn-relu_prior_YXC0RA.pt,28,191,191,3,1,1.49744,0.00191,0.0199734
dwconv-bn-relu_prior_VZ68WE.pt,112,12,12,3,1,1.50528,0.00012,0.019672879999999997
dwconv-bn-relu_prior_5SLJ95.pt,28,74,74,5,1,1.508416,0.001924,0.020369140000000004
dwconv-bn-relu_prior_OV8IS5.pt,28,74,74,5,1,1.508416,0.001924,0.0203176
dwconv-bn-relu_prior_JOM5I3.pt,14,154,154,7,1,1.5092,0.0077,0.019757239999999995
dwconv-bn-relu_prior_MW42UF.pt,14,155,155,7,1,1.519,0.00775,0.019689540000000002
dwconv-bn-relu_prior_OA8FVM.pt,14,155,155,7,1,1.519,0.00775,0.019660580000000004
dwconv-bn-relu_prior_Y310C5.pt,28,75,75,5,1,1.5288,0.00195,0.020409439999999997
dwconv-bn-relu_prior_TZUN4K.pt,28,39,39,7,1,1.5288,0.00195,0.01991652
dwconv-bn-relu_prior_3GSH4N.pt,28,75,75,5,1,1.5288,0.00195,0.019708000000000003
dwconv-bn-relu_prior_K2BEHI.pt,28,75,75,5,1,1.5288,0.00195,0.01988718
dwconv-bn-relu_prior_BKLP1D.pt,56,49,49,3,1,1.53664,0.00049,0.0199708
dwconv-bn-relu_prior_5FAUZQ.pt,28,196,196,3,1,1.53664,0.00196,0.020234079999999998
dwconv-bn-relu_prior_1GMIFW.pt,28,157,157,7,2,1.5386,0.00785,0.020463739999999998
dwconv-bn-relu_prior_ZA0M09.pt,14,157,157,7,1,1.5386,0.00785,0.019764020000000004
dwconv-bn-relu_prior_VZ80ZP.pt,14,158,158,7,1,1.5484,0.0079,0.0198024
dwconv-bn-relu_prior_98MKF6.pt,112,19,19,5,2,1.549184,0.000494,0.01988183999999999
dwconv-bn-relu_prior_FYKENR.pt,56,50,50,3,1,1.568,0.0005,0.019763660000000002
dwconv-bn-relu_prior_2OCU9J.pt,56,50,50,3,1,1.568,0.0005,0.020301279999999998
dwconv-bn-relu_prior_E3XVMF.pt,56,50,50,3,1,1.568,0.0005,0.019708240000000002
dwconv-bn-relu_prior_M8FR7D.pt,14,160,160,7,1,1.568,0.008,0.01978124
dwconv-bn-relu_prior_ZPC6GG.pt,14,160,160,7,1,1.568,0.008,0.01961662
dwconv-bn-relu_prior_8WEA6E.pt,28,77,77,5,1,1.569568,0.002002,0.020247560000000005
dwconv-bn-relu_prior_8J5PX3.pt,28,77,77,5,1,1.569568,0.002002,0.01970636
dwconv-bn-relu_prior_T1YEK3.pt,14,161,161,7,1,1.5778,0.00805,0.019899679999999996
dwconv-bn-relu_prior_46P58F.pt,28,202,202,3,1,1.58368,0.00202,0.02015856
dwconv-bn-relu_prior_6O4IAZ.pt,28,78,78,5,1,1.589952,0.002028,0.01996026
dwconv-bn-relu_prior_H1J0NX.pt,28,78,78,5,1,1.589952,0.002028,0.020336839999999995
dwconv-bn-relu_prior_9FH55G.pt,28,78,78,5,1,1.589952,0.002028,0.020152820000000005
dwconv-bn-relu_prior_TFIY0L.pt,28,78,78,5,1,1.589952,0.002028,0.020047120000000005
dwconv-bn-relu_prior_H8543X.pt,28,78,78,5,1,1.589952,0.002028,0.02014894
dwconv-bn-relu_prior_GZNC1U.pt,28,163,163,7,2,1.5974,0.00815,0.019813339999999992
dwconv-bn-relu_prior_CEJ9TP.pt,56,51,51,3,1,1.59936,0.00051,0.02022112
dwconv-bn-relu_prior_UJABYA.pt,56,51,51,3,1,1.59936,0.00051,0.020264019999999997
dwconv-bn-relu_prior_LWNF14.pt,14,164,164,7,1,1.6072,0.0082,0.020067359999999996
dwconv-bn-relu_prior_P3065G.pt,28,79,79,5,1,1.610336,0.002054,0.019743460000000004
dwconv-bn-relu_prior_HP4QXA.pt,28,79,79,5,1,1.610336,0.002054,0.020036239999999997
dwconv-bn-relu_prior_71EHQB.pt,28,79,79,5,1,1.610336,0.002054,0.019733660000000004
dwconv-bn-relu_prior_KRPB41.pt,14,165,165,7,1,1.617,0.00825,0.020464740000000002
dwconv-bn-relu_prior_BUEJYK.pt,112,13,13,3,1,1.63072,0.00013,0.020446919999999993
dwconv-bn-relu_prior_YV5XPP.pt,56,52,52,3,1,1.63072,0.00052,0.019787000000000006
dwconv-bn-relu_prior_DOKV19.pt,56,52,52,3,1,1.63072,0.00052,0.020451800000000003
dwconv-bn-relu_prior_155CFW.pt,28,80,80,5,1,1.63072,0.00208,0.019854639999999996
dwconv-bn-relu_prior_85F19W.pt,28,80,80,5,1,1.63072,0.00208,0.019778599999999997
dwconv-bn-relu_prior_ZTTG3I.pt,28,80,80,5,1,1.63072,0.00208,0.02029938
dwconv-bn-relu_prior_GCM4TQ.pt,28,80,80,5,1,1.63072,0.00208,0.019817360000000003
dwconv-bn-relu_prior_IA7QX7.pt,14,167,167,7,1,1.6366,0.00835,0.019985120000000002
dwconv-bn-relu_prior_XLW9LR.pt,28,42,42,7,1,1.6464,0.0021,0.019820820000000006
dwconv-bn-relu_prior_ILRHXP.pt,28,42,42,7,1,1.6464,0.0021,0.0198938
dwconv-bn-relu_prior_38511Y.pt,28,210,210,3,1,1.6464,0.0021,0.02030992
dwconv-bn-relu_prior_IH65Q9.pt,14,168,168,7,1,1.6464,0.0084,0.01961294
dwconv-bn-relu_prior_LT63GK.pt,28,81,81,5,1,1.651104,0.002106,0.019573240000000002
dwconv-bn-relu_prior_J6IUR2.pt,28,81,81,5,1,1.651104,0.002106,0.019945320000000002
dwconv-bn-relu_prior_0QMCPZ.pt,28,81,81,5,1,1.651104,0.002106,0.020245400000000004
dwconv-bn-relu_prior_FGFM3E.pt,28,81,81,5,1,1.651104,0.002106,0.019822099999999995
dwconv-bn-relu_prior_DSYB3A.pt,56,53,53,3,1,1.66208,0.00053,0.01984626
dwconv-bn-relu_prior_I8TENF.pt,56,53,53,3,1,1.66208,0.00053,0.02011736
dwconv-bn-relu_prior_8C9DCC.pt,14,170,170,7,1,1.666,0.0085,0.019711100000000002
dwconv-bn-relu_prior_PADSUG.pt,28,82,82,5,1,1.671488,0.002132,0.020424660000000004
dwconv-bn-relu_prior_1ZB98G.pt,28,82,82,5,1,1.671488,0.002132,0.020158639999999995
dwconv-bn-relu_prior_L26694.pt,28,82,82,5,1,1.671488,0.002132,0.02009862
dwconv-bn-relu_prior_VTLAW9.pt,28,82,82,5,1,1.671488,0.002132,0.019753120000000002
dwconv-bn-relu_prior_2HMBLF.pt,28,82,82,5,1,1.671488,0.002132,0.020003899999999998
dwconv-bn-relu_prior_XM81OR.pt,28,82,82,5,1,1.671488,0.002132,0.019882940000000005
dwconv-bn-relu_prior_IJBSAI.pt,14,171,171,7,1,1.6758,0.00855,0.0202153
dwconv-bn-relu_prior_9DV6PU.pt,28,214,214,3,1,1.67776,0.00214,0.019821179999999994
dwconv-bn-relu_prior_UJCD41.pt,28,43,43,7,1,1.6856,0.00215,0.020073260000000002
dwconv-bn-relu_prior_Z26U9E.pt,28,215,215,3,1,1.6856,0.00215,0.019802680000000003
dwconv-bn-relu_prior_R8NPM6.pt,28,215,215,3,1,1.6856,0.00215,0.020400780000000004
dwconv-bn-relu_prior_FBJTA7.pt,14,172,172,7,1,1.6856,0.0086,0.019776119999999998
dwconv-bn-relu_prior_9469VA.pt,28,172,172,7,2,1.6856,0.0086,0.019822660000000002
dwconv-bn-relu_prior_NPQG2M.pt,28,83,83,5,1,1.691872,0.002158,0.019751380000000002
dwconv-bn-relu_prior_VN784J.pt,28,83,83,5,1,1.691872,0.002158,0.019802200000000002
dwconv-bn-relu_prior_QO8840.pt,28,83,83,5,1,1.691872,0.002158,0.020433079999999996
dwconv-bn-relu_prior_PBREO5.pt,28,83,83,5,1,1.691872,0.002158,0.019550880000000003
dwconv-bn-relu_prior_8CE3BN.pt,28,83,83,5,1,1.691872,0.002158,0.01991166
dwconv-bn-relu_prior_O3E6LC.pt,56,54,54,3,1,1.69344,0.00054,0.019908440000000003
dwconv-bn-relu_prior_77A5NB.pt,56,54,54,3,1,1.69344,0.00054,0.019860580000000003
dwconv-bn-relu_prior_HDB3OP.pt,56,54,54,3,1,1.69344,0.00054,0.020400279999999996
dwconv-bn-relu_prior_MXYZQG.pt,56,54,54,3,1,1.69344,0.00054,0.019814440000000003
dwconv-bn-relu_prior_RK7GQB.pt,28,216,216,3,1,1.69344,0.00216,0.01973202
dwconv-bn-relu_prior_SKB1ES.pt,28,173,173,7,2,1.6954,0.00865,0.020053619999999998
dwconv-bn-relu_prior_NVLMBA.pt,28,84,84,5,1,1.712256,0.002184,0.019481219999999994
dwconv-bn-relu_prior_26F5J8.pt,28,84,84,5,1,1.712256,0.002184,0.01968696
dwconv-bn-relu_prior_7J20RF.pt,56,55,55,3,1,1.7248,0.00055,0.01976356
dwconv-bn-relu_prior_7XSWMY.pt,56,55,55,3,1,1.7248,0.00055,0.0199521
dwconv-bn-relu_prior_OAHOIE.pt,56,55,55,3,1,1.7248,0.00055,0.019840420000000004
dwconv-bn-relu_prior_30VY0C.pt,56,55,55,3,1,1.7248,0.00055,0.01992784000000001
dwconv-bn-relu_prior_GXXYY8.pt,28,44,44,7,1,1.7248,0.0022,0.02030702
dwconv-bn-relu_prior_UNLTYC.pt,14,176,176,7,1,1.7248,0.0088,0.019699639999999994
dwconv-bn-relu_prior_1260BJ.pt,28,85,85,5,1,1.73264,0.00221,0.020103739999999995
dwconv-bn-relu_prior_SOSV1V.pt,28,85,85,5,1,1.73264,0.00221,0.019885899999999998
dwconv-bn-relu_prior_1NTF12.pt,28,85,85,5,1,1.73264,0.00221,0.02015622
dwconv-bn-relu_prior_9DZDP1.pt,28,85,85,5,1,1.73264,0.00221,0.0199072
dwconv-bn-relu_prior_Z42VMD.pt,28,85,85,5,1,1.73264,0.00221,0.01951818
dwconv-bn-relu_prior_JS6JQV.pt,28,222,222,3,1,1.74048,0.00222,0.019812619999999996
dwconv-bn-relu_prior_XJBY41.pt,14,178,178,7,1,1.7444,0.0089,0.01970138
dwconv-bn-relu_prior_ZU6OIV.pt,14,178,178,7,1,1.7444,0.0089,0.019726000000000004
dwconv-bn-relu_prior_4SPEVZ.pt,28,86,86,5,1,1.753024,0.002236,0.019632959999999998
dwconv-bn-relu_prior_Y3UGYX.pt,28,86,86,5,1,1.753024,0.002236,0.019821099999999998
dwconv-bn-relu_prior_HI6ZKZ.pt,112,14,14,3,1,1.75616,0.00014,0.019876500000000002
dwconv-bn-relu_prior_F7F8RT.pt,56,56,56,3,1,1.75616,0.00056,0.02086504
dwconv-bn-relu_prior_V4ZM8K.pt,56,56,56,3,1,1.75616,0.00056,0.0199496
dwconv-bn-relu_prior_PWWXZV.pt,112,56,56,3,2,1.75616,0.00056,0.020320200000000007
dwconv-bn-relu_prior_BT3YU4.pt,28,224,224,3,1,1.75616,0.00224,0.02009464
dwconv-bn-relu_prior_95FI4C.pt,28,224,224,3,1,1.75616,0.00224,0.02005976
dwconv-bn-relu_prior_DY7Y1D.pt,28,45,45,7,1,1.764,0.00225,0.020337960000000002
dwconv-bn-relu_prior_T4HZD3.pt,14,180,180,7,1,1.764,0.009,0.019582600000000002
dwconv-bn-relu_prior_3BK8K8.pt,28,87,87,5,1,1.773408,0.002262,0.019848880000000003
dwconv-bn-relu_prior_P0K4OQ.pt,28,87,87,5,1,1.773408,0.002262,0.01980132
dwconv-bn-relu_prior_LSJOF7.pt,28,87,87,5,1,1.773408,0.002262,0.0196308
dwconv-bn-relu_prior_MMGEXO.pt,14,181,181,7,1,1.7738,0.00905,0.036206340000000004
dwconv-bn-relu_prior_VROY8L.pt,28,227,227,3,1,1.77968,0.00227,0.020002539999999996
dwconv-bn-relu_prior_BKG8XJ.pt,112,57,57,3,2,1.78752,0.00057,0.020038060000000003
dwconv-bn-relu_prior_SZ3C78.pt,112,57,57,3,2,1.78752,0.00057,0.02001512
dwconv-bn-relu_prior_3YR7S3.pt,56,57,57,3,1,1.78752,0.00057,0.019839820000000005
dwconv-bn-relu_prior_P0WYLJ.pt,56,57,57,3,1,1.78752,0.00057,0.01991217999999999
dwconv-bn-relu_prior_5HNMVI.pt,28,228,228,3,1,1.78752,0.00228,0.020744600000000002
dwconv-bn-relu_prior_ERZSGL.pt,56,22,22,5,1,1.793792,0.000572,0.01964352
dwconv-bn-relu_prior_T2G8KT.pt,28,88,88,5,1,1.793792,0.002288,0.019820099999999993
dwconv-bn-relu_prior_RRT1IH.pt,28,88,88,5,1,1.793792,0.002288,0.019851900000000002
dwconv-bn-relu_prior_NQEEAC.pt,28,88,88,5,1,1.793792,0.002288,0.019575939999999993
dwconv-bn-relu_prior_K5PQ2J.pt,28,88,88,5,1,1.793792,0.002288,0.01976622
dwconv-bn-relu_prior_WIVF0Y.pt,28,88,88,5,1,1.793792,0.002288,0.01991144
dwconv-bn-relu_prior_BSGY58.pt,28,46,46,7,1,1.8032,0.0023,0.0198371
dwconv-bn-relu_prior_0Y4HZO.pt,28,89,89,5,1,1.814176,0.002314,0.019700560000000002
dwconv-bn-relu_prior_0AP9H0.pt,28,89,89,5,1,1.814176,0.002314,0.02015828
dwconv-bn-relu_prior_NPX73R.pt,28,89,89,5,1,1.814176,0.002314,0.01970376
dwconv-bn-relu_prior_CWH5OH.pt,112,58,58,3,2,1.81888,0.00058,0.0202402
dwconv-bn-relu_prior_SDE8EQ.pt,28,233,233,3,1,1.82672,0.00233,0.019863240000000004
dwconv-bn-relu_prior_NT33HW.pt,28,233,233,3,1,1.82672,0.00233,0.01991238
dwconv-bn-relu_prior_QKVVD1.pt,14,187,187,7,1,1.8326,0.00935,0.019749580000000003
dwconv-bn-relu_prior_ZD90TD.pt,28,90,90,5,1,1.83456,0.00234,0.02030767999999999
dwconv-bn-relu_prior_QSW1XZ.pt,56,90,90,5,2,1.83456,0.00234,0.019948859999999992
dwconv-bn-relu_prior_LB9RDM.pt,28,90,90,5,1,1.83456,0.00234,0.020135359999999998
dwconv-bn-relu_prior_VIIDKQ.pt,28,90,90,5,1,1.83456,0.00234,0.019788420000000004
dwconv-bn-relu_prior_FCBLV0.pt,28,235,235,3,1,1.8424,0.00235,0.01994728
dwconv-bn-relu_prior_TG97XW.pt,28,235,235,3,1,1.8424,0.00235,0.020047060000000002
dwconv-bn-relu_prior_0GSOFC.pt,56,59,59,3,1,1.85024,0.00059,0.019847039999999996
dwconv-bn-relu_prior_KH0RFV.pt,112,59,59,3,2,1.85024,0.00059,0.02011152
dwconv-bn-relu_prior_TCOKN6.pt,56,59,59,3,1,1.85024,0.00059,0.0207001
dwconv-bn-relu_prior_MV9373.pt,56,59,59,3,1,1.85024,0.00059,0.0201816
dwconv-bn-relu_prior_V50SUA.pt,56,59,59,3,1,1.85024,0.00059,0.0199062
dwconv-bn-relu_prior_SQEIMT.pt,56,59,59,3,1,1.85024,0.00059,0.020473280000000007
dwconv-bn-relu_prior_PMFYZ3.pt,28,91,91,5,1,1.854944,0.002366,0.0195439
dwconv-bn-relu_prior_K81WTY.pt,28,91,91,5,1,1.854944,0.002366,0.019982940000000008
dwconv-bn-relu_prior_PWB8ZE.pt,28,91,91,5,1,1.854944,0.002366,0.01976552
dwconv-bn-relu_prior_P5Y5PR.pt,28,91,91,5,1,1.854944,0.002366,0.020224639999999995
dwconv-bn-relu_prior_PY37O6.pt,28,238,238,3,1,1.86592,0.00238,0.020043840000000004
dwconv-bn-relu_prior_UNO5O4.pt,14,953,953,3,1,1.86788,0.00953,0.01973944
dwconv-bn-relu_prior_Y0RW1O.pt,14,956,956,3,1,1.87376,0.00956,0.020510540000000008
dwconv-bn-relu_prior_H4ZO2O.pt,28,92,92,5,1,1.875328,0.002392,0.019819660000000003
dwconv-bn-relu_prior_P9HRKB.pt,28,92,92,5,1,1.875328,0.002392,0.019687939999999994
dwconv-bn-relu_prior_PMA0I0.pt,56,60,60,3,1,1.8816,0.0006,0.019817340000000003
dwconv-bn-relu_prior_APWC54.pt,56,60,60,3,1,1.8816,0.0006,0.019964199999999998
dwconv-bn-relu_prior_E464L9.pt,56,60,60,3,1,1.8816,0.0006,0.0204336
dwconv-bn-relu_prior_XHET1I.pt,28,48,48,7,1,1.8816,0.0024,0.01979754
dwconv-bn-relu_prior_J9K973.pt,28,241,241,3,1,1.88944,0.00241,0.019850139999999995
dwconv-bn-relu_prior_DRRXRB.pt,14,965,965,3,1,1.8914,0.00965,0.019916999999999997
dwconv-bn-relu_prior_31Z490.pt,14,966,966,3,1,1.89336,0.00966,0.020155660000000002
dwconv-bn-relu_prior_JF5ZFM.pt,28,93,93,5,1,1.895712,0.002418,0.0201777
dwconv-bn-relu_prior_E0GFU7.pt,28,93,93,5,1,1.895712,0.002418,0.019728939999999997
dwconv-bn-relu_prior_1QV7ED.pt,28,93,93,5,1,1.895712,0.002418,0.0196788
dwconv-bn-relu_prior_8T6K77.pt,28,93,93,5,1,1.895712,0.002418,0.019663260000000002
dwconv-bn-relu_prior_0ENPVV.pt,56,93,93,5,2,1.895712,0.002418,0.019638840000000005
dwconv-bn-relu_prior_VJ90OF.pt,28,242,242,3,1,1.89728,0.00242,0.020586319999999998
dwconv-bn-relu_prior_HW0OOP.pt,28,242,242,3,1,1.89728,0.00242,0.019666199999999995
dwconv-bn-relu_prior_LU460F.pt,28,968,968,3,2,1.89728,0.00968,0.01995266
dwconv-bn-relu_prior_9EOZSO.pt,14,970,970,3,1,1.9012,0.0097,0.02044362
dwconv-bn-relu_prior_G16I08.pt,14,971,971,3,1,1.90316,0.00971,0.020378839999999995
dwconv-bn-relu_prior_WTQ17L.pt,14,974,974,3,1,1.90904,0.00974,0.019999600000000003
dwconv-bn-relu_prior_3WWFH2.pt,112,61,61,3,2,1.91296,0.00061,0.020823659999999994
dwconv-bn-relu_prior_QNLUPE.pt,56,61,61,3,1,1.91296,0.00061,0.020013839999999998
dwconv-bn-relu_prior_7NS97R.pt,56,61,61,3,1,1.91296,0.00061,0.02054718
dwconv-bn-relu_prior_OJNRHJ.pt,56,61,61,3,1,1.91296,0.00061,0.019751980000000002
dwconv-bn-relu_prior_D2EQB6.pt,28,244,244,3,1,1.91296,0.00244,0.02009014
dwconv-bn-relu_prior_LRM3CY.pt,28,244,244,3,1,1.91296,0.00244,0.01981944
dwconv-bn-relu_prior_D82QW0.pt,28,244,244,3,1,1.91296,0.00244,0.019797200000000004
dwconv-bn-relu_prior_NXXR5I.pt,28,94,94,5,1,1.916096,0.002444,0.019632439999999998
dwconv-bn-relu_prior_G79WHF.pt,28,94,94,5,1,1.916096,0.002444,0.02024216
dwconv-bn-relu_prior_SSY724.pt,28,94,94,5,1,1.916096,0.002444,0.02014506
dwconv-bn-relu_prior_VD3A59.pt,28,94,94,5,1,1.916096,0.002444,0.019735619999999995
dwconv-bn-relu_prior_EO8LE8.pt,28,94,94,5,1,1.916096,0.002444,0.019908759999999998
dwconv-bn-relu_prior_45B57V.pt,28,979,979,3,2,1.91884,0.00979,0.01978446
dwconv-bn-relu_prior_FVXU1T.pt,28,49,49,7,1,1.9208,0.00245,0.0197015
dwconv-bn-relu_prior_1LLSC1.pt,14,980,980,3,1,1.9208,0.0098,0.019771820000000006
dwconv-bn-relu_prior_AKIA6A.pt,28,246,246,3,1,1.92864,0.00246,0.019861
dwconv-bn-relu_prior_2GTC69.pt,28,246,246,3,1,1.92864,0.00246,0.020491139999999998
dwconv-bn-relu_prior_PIGTN3.pt,28,247,247,3,1,1.93648,0.00247,0.02027668
dwconv-bn-relu_prior_AVX70I.pt,28,95,95,5,1,1.93648,0.00247,0.019626120000000004
dwconv-bn-relu_prior_JBVLMO.pt,28,247,247,3,1,1.93648,0.00247,0.019974000000000002
dwconv-bn-relu_prior_FAXITS.pt,14,381,381,5,1,1.941576,0.009906,0.019718439999999997
dwconv-bn-relu_prior_QJ9LB7.pt,56,62,62,3,1,1.94432,0.00062,0.019855239999999996
dwconv-bn-relu_prior_ZYJN20.pt,56,62,62,3,1,1.94432,0.00062,0.02048414
dwconv-bn-relu_prior_DFZE1H.pt,28,248,248,3,1,1.94432,0.00248,0.019839960000000004
dwconv-bn-relu_prior_PL8TOS.pt,28,249,249,3,1,1.95216,0.00249,0.019934239999999995
dwconv-bn-relu_prior_FPM8H8.pt,28,249,249,3,1,1.95216,0.00249,0.020054759999999998
dwconv-bn-relu_prior_QTNFTV.pt,56,24,24,5,1,1.956864,0.000624,0.019638219999999998
dwconv-bn-relu_prior_IBJRAT.pt,56,24,24,5,1,1.956864,0.000624,0.020179319999999997
dwconv-bn-relu_prior_75IFU1.pt,14,384,384,5,1,1.956864,0.009984,0.01980562
dwconv-bn-relu_prior_I9ZS79.pt,28,50,50,7,1,1.96,0.0025,0.020347979999999998
dwconv-bn-relu_prior_LUA5QZ.pt,28,250,250,3,1,1.96,0.0025,0.020374459999999997
dwconv-bn-relu_prior_EPV3UE.pt,28,250,250,3,1,1.96,0.0025,0.0198991
dwconv-bn-relu_prior_2F5SKU.pt,28,50,50,7,1,1.96,0.0025,0.019893199999999996
dwconv-bn-relu_prior_5Y5RLV.pt,14,387,387,5,1,1.972152,0.010062,0.019881920000000004
dwconv-bn-relu_prior_R6USCQ.pt,56,63,63,3,1,1.97568,0.00063,0.019750940000000005
dwconv-bn-relu_prior_38HZ04.pt,28,252,252,3,1,1.97568,0.00252,0.020299979999999995
dwconv-bn-relu_prior_M27ZGU.pt,28,97,97,5,1,1.977248,0.002522,0.019632999999999998
dwconv-bn-relu_prior_UGX0UZ.pt,14,388,388,5,1,1.977248,0.010088,0.02033328
dwconv-bn-relu_prior_IUKZ7I.pt,14,1011,1011,3,1,1.98156,0.01011,0.020004300000000003
dwconv-bn-relu_prior_9C4XPN.pt,14,389,389,5,1,1.982344,0.010114,0.019836340000000004
dwconv-bn-relu_prior_5VAHVR.pt,28,253,253,3,1,1.98352,0.00253,0.019829899999999998
dwconv-bn-relu_prior_53J1HI.pt,14,1015,1015,3,1,1.9894,0.01015,0.01982926
dwconv-bn-relu_prior_Z9M5Q4.pt,28,51,51,7,1,1.9992,0.00255,0.02024514
dwconv-bn-relu_prior_LWVE22.pt,28,51,51,7,1,1.9992,0.00255,0.019763080000000006
dwconv-bn-relu_prior_B910PG.pt,28,51,51,7,1,1.9992,0.00255,0.019524500000000004
dwconv-bn-relu_prior_CE2ULS.pt,112,16,16,3,1,2.00704,0.00016,0.019877800000000004
dwconv-bn-relu_prior_8STXAT.pt,112,16,16,3,1,2.00704,0.00016,0.019880100000000008
dwconv-bn-relu_prior_NN0OXZ.pt,28,256,256,3,1,2.00704,0.00256,0.0199591
dwconv-bn-relu_prior_CO2VGW.pt,28,257,257,3,1,2.01488,0.00257,0.019838460000000002
dwconv-bn-relu_prior_WF5RVA.pt,28,99,99,5,1,2.018016,0.002574,0.020200359999999997
dwconv-bn-relu_prior_WT9F61.pt,56,99,99,5,2,2.018016,0.002574,0.020180000000000003
dwconv-bn-relu_prior_XFECNU.pt,56,258,258,3,2,2.02272,0.00258,0.01980436
dwconv-bn-relu_prior_R15215.pt,14,1035,1035,3,1,2.0286,0.01035,0.020391299999999998
dwconv-bn-relu_prior_EXBULI.pt,14,399,399,5,1,2.033304,0.010374,0.01975516
dwconv-bn-relu_prior_XRV2HR.pt,56,25,25,5,1,2.0384,0.00065,0.019680999999999997
dwconv-bn-relu_prior_T924ZG.pt,56,65,65,3,1,2.0384,0.00065,0.0204942
dwconv-bn-relu_prior_FOHYSS.pt,28,260,260,3,1,2.0384,0.0026,0.019885959999999998
dwconv-bn-relu_prior_7MIEAX.pt,28,260,260,3,1,2.0384,0.0026,0.020006860000000005
dwconv-bn-relu_prior_4TACB4.pt,28,100,100,5,1,2.0384,0.0026,0.0201857
dwconv-bn-relu_prior_1Q0YLC.pt,28,100,100,5,1,2.0384,0.0026,0.0195647
dwconv-bn-relu_prior_3ZBGP9.pt,28,401,401,5,2,2.043496,0.010426,0.01976658
dwconv-bn-relu_prior_3CTUPT.pt,28,261,261,3,1,2.04624,0.00261,0.019804599999999995
dwconv-bn-relu_prior_35SNIW.pt,28,262,262,3,1,2.05408,0.00262,0.020008940000000003
dwconv-bn-relu_prior_PSI1TQ.pt,28,101,101,5,1,2.058784,0.002626,0.019980459999999995
dwconv-bn-relu_prior_2RHXKJ.pt,28,101,101,5,1,2.058784,0.002626,0.019622979999999998
dwconv-bn-relu_prior_ZAT7E0.pt,14,404,404,5,1,2.058784,0.010504,0.020265980000000003
dwconv-bn-relu_prior_FJJEF8.pt,28,263,263,3,1,2.06192,0.00263,0.0196854
dwconv-bn-relu_prior_2P85PD.pt,56,66,66,3,1,2.06976,0.00066,0.019840239999999995
dwconv-bn-relu_prior_P0XLUG.pt,56,66,66,3,1,2.06976,0.00066,0.02081648000000001
dwconv-bn-relu_prior_ZLTE77.pt,56,66,66,3,1,2.06976,0.00066,0.01991296
dwconv-bn-relu_prior_3FB546.pt,28,264,264,3,1,2.06976,0.00264,0.019906819999999995
dwconv-bn-relu_prior_C0YR18.pt,14,407,407,5,1,2.074072,0.010582,0.02025206
dwconv-bn-relu_prior_FH14HK.pt,14,407,407,5,1,2.074072,0.010582,0.01974818
dwconv-bn-relu_prior_11UPZQ.pt,28,266,266,3,1,2.08544,0.00266,0.019735839999999998
dwconv-bn-relu_prior_X2N6HB.pt,28,267,267,3,1,2.09328,0.00267,0.01997096
dwconv-bn-relu_prior_O16SBL.pt,28,103,103,5,1,2.099552,0.002678,0.02028448
dwconv-bn-relu_prior_SW31SF.pt,28,103,103,5,1,2.099552,0.002678,0.019444740000000002
dwconv-bn-relu_prior_JYSAW9.pt,56,67,67,3,1,2.10112,0.00067,0.019728120000000005
dwconv-bn-relu_prior_M2NG0A.pt,56,54,54,7,2,2.1168,0.0027,0.019821239999999997
dwconv-bn-relu_prior_Z1VDSP.pt,56,26,26,5,1,2.119936,0.000676,0.019617999999999997
dwconv-bn-relu_prior_L7I0I8.pt,56,26,26,5,1,2.119936,0.000676,0.020194860000000002
dwconv-bn-relu_prior_BEIX49.pt,28,104,104,5,1,2.119936,0.002704,0.019640659999999997
dwconv-bn-relu_prior_1UC3IJ.pt,28,104,104,5,1,2.119936,0.002704,0.019638099999999995
dwconv-bn-relu_prior_KAAMNE.pt,56,68,68,3,1,2.13248,0.00068,0.020581759999999994
dwconv-bn-relu_prior_OITUT9.pt,56,68,68,3,1,2.13248,0.00068,0.020495359999999994
dwconv-bn-relu_prior_JQP3A4.pt,112,68,68,3,2,2.13248,0.00068,0.01983928
dwconv-bn-relu_prior_GFF6OB.pt,28,55,55,7,1,2.156,0.00275,0.019833999999999997
dwconv-bn-relu_prior_AJ35F4.pt,28,55,55,7,1,2.156,0.00275,0.02001696
dwconv-bn-relu_prior_86F3CO.pt,28,55,55,7,1,2.156,0.00275,0.01992476
dwconv-bn-relu_prior_S08DJK.pt,28,55,55,7,1,2.156,0.00275,0.0197977
dwconv-bn-relu_prior_ZOAH5I.pt,28,106,106,5,1,2.160704,0.002756,0.019788599999999996
dwconv-bn-relu_prior_VKOXJ9.pt,56,69,69,3,1,2.16384,0.00069,0.02009368
dwconv-bn-relu_prior_2CZLF5.pt,56,69,69,3,1,2.16384,0.00069,0.019696819999999997
dwconv-bn-relu_prior_ECR61W.pt,56,69,69,3,1,2.16384,0.00069,0.019966739999999997
dwconv-bn-relu_prior_YRVQCJ.pt,14,222,222,7,1,2.1756,0.0111,0.02015006
dwconv-bn-relu_prior_YSE88B.pt,28,107,107,5,1,2.181088,0.002782,0.01976124
dwconv-bn-relu_prior_KL91ST.pt,28,107,107,5,1,2.181088,0.002782,0.019659420000000004
dwconv-bn-relu_prior_4KKQ43.pt,28,107,107,5,1,2.181088,0.002782,0.019716580000000004
dwconv-bn-relu_prior_WVW38N.pt,28,107,107,5,1,2.181088,0.002782,0.01970006
dwconv-bn-relu_prior_3S1HNG.pt,112,70,70,3,2,2.1952,0.0007,0.019776299999999997
dwconv-bn-relu_prior_FSD851.pt,56,14,14,7,1,2.1952,0.0007,0.019794819999999998
dwconv-bn-relu_prior_K08VUU.pt,56,70,70,3,1,2.1952,0.0007,0.019892339999999998
dwconv-bn-relu_prior_HTPK64.pt,28,56,56,7,1,2.1952,0.0028,0.019708060000000003
dwconv-bn-relu_prior_DL746W.pt,56,27,27,5,1,2.201472,0.000702,0.019667419999999998
dwconv-bn-relu_prior_4FSK9Z.pt,56,27,27,5,1,2.201472,0.000702,0.01959842
dwconv-bn-relu_prior_7QZR8O.pt,112,27,27,5,2,2.201472,0.000702,0.020094339999999992
dwconv-bn-relu_prior_ZCFACM.pt,28,108,108,5,1,2.201472,0.002808,0.019774719999999996
dwconv-bn-relu_prior_JV82NR.pt,28,108,108,5,1,2.201472,0.002808,0.019879400000000002
dwconv-bn-relu_prior_GB380D.pt,14,1125,1125,3,1,2.205,0.01125,0.0200123
dwconv-bn-relu_prior_GFRPPN.pt,14,1126,1126,3,1,2.20696,0.01126,0.019864640000000003
dwconv-bn-relu_prior_1H1W6L.pt,14,1127,1127,3,1,2.20892,0.01127,0.019812620000000003
dwconv-bn-relu_prior_5HUV6L.pt,14,1128,1128,3,1,2.21088,0.01128,0.029835120000000007
dwconv-bn-relu_prior_599ZY9.pt,14,1133,1133,3,1,2.22068,0.01133,0.01998088
dwconv-bn-relu_prior_JP8Z9U.pt,14,1133,1133,3,1,2.22068,0.01133,0.020470540000000002
dwconv-bn-relu_prior_042K18.pt,28,109,109,5,1,2.221856,0.002834,0.01974906
dwconv-bn-relu_prior_P8HBUQ.pt,56,71,71,3,1,2.22656,0.00071,0.019899140000000003
dwconv-bn-relu_prior_A5ANLU.pt,112,71,71,3,2,2.22656,0.00071,0.019928680000000004
dwconv-bn-relu_prior_QQQVCD.pt,56,71,71,3,1,2.22656,0.00071,0.020428480000000002
dwconv-bn-relu_prior_K11K1A.pt,56,71,71,3,1,2.22656,0.00071,0.0200244
dwconv-bn-relu_prior_F92ZG8.pt,56,71,71,3,1,2.22656,0.00071,0.020223179999999997
dwconv-bn-relu_prior_GSCV6D.pt,28,57,57,7,1,2.2344,0.00285,0.01986728
dwconv-bn-relu_prior_Y13728.pt,14,1140,1140,3,1,2.2344,0.0114,0.019726080000000003
dwconv-bn-relu_prior_D80LMZ.pt,14,1141,1141,3,1,2.23636,0.01141,0.01993196
dwconv-bn-relu_prior_F72A6Z.pt,14,1143,1143,3,1,2.24028,0.01143,0.020230619999999998
dwconv-bn-relu_prior_7TUHU3.pt,28,229,229,7,2,2.2442,0.01145,0.019869980000000002
dwconv-bn-relu_prior_QW2NBB.pt,14,1146,1146,3,1,2.24616,0.01146,0.019932899999999996
dwconv-bn-relu_prior_QLJZMJ.pt,14,1149,1149,3,1,2.25204,0.01149,0.01981776
dwconv-bn-relu_prior_FGXEEQ.pt,112,18,18,3,1,2.25792,0.00018,0.01985504
dwconv-bn-relu_prior_0WDRWZ.pt,56,72,72,3,1,2.25792,0.00072,0.020016640000000002
dwconv-bn-relu_prior_IVRBTB.pt,56,72,72,3,1,2.25792,0.00072,0.01984698
dwconv-bn-relu_prior_CTOG0Y.pt,56,72,72,3,1,2.25792,0.00072,0.02002416
dwconv-bn-relu_prior_3T1SFD.pt,28,58,58,7,1,2.2736,0.0029,0.01970922
dwconv-bn-relu_prior_UXPGQL.pt,56,28,28,5,1,2.283008,0.000728,0.019824599999999998
dwconv-bn-relu_prior_OJGYHS.pt,28,112,112,5,1,2.283008,0.002912,0.019605179999999996
dwconv-bn-relu_prior_6CY2LP.pt,28,235,235,7,2,2.303,0.01175,0.0199385
dwconv-bn-relu_prior_XPPL8K.pt,28,113,113,5,1,2.303392,0.002938,0.019772080000000004
dwconv-bn-relu_prior_OX6YEP.pt,28,59,59,7,1,2.3128,0.00295,0.019812940000000005
dwconv-bn-relu_prior_NN4ES6.pt,56,74,74,3,1,2.32064,0.00074,0.020015240000000004
dwconv-bn-relu_prior_TNRQZF.pt,56,74,74,3,1,2.32064,0.00074,0.020063880000000003
dwconv-bn-relu_prior_HDXGJ7.pt,56,74,74,3,1,2.32064,0.00074,0.019905480000000003
dwconv-bn-relu_prior_ZUROHI.pt,56,114,114,5,2,2.323776,0.002964,0.01988451999999999
dwconv-bn-relu_prior_Y9RA5B.pt,7,954,954,7,1,2.3373,0.0477,0.0197315
dwconv-bn-relu_prior_XNXD0E.pt,28,115,115,5,1,2.34416,0.00299,0.01973534
dwconv-bn-relu_prior_GA23KS.pt,28,60,60,7,1,2.352,0.003,0.019868599999999993
dwconv-bn-relu_prior_PFRCJU.pt,7,961,961,7,1,2.35445,0.04805,0.019732700000000002
dwconv-bn-relu_prior_620C3A.pt,14,241,241,7,1,2.3618,0.01205,0.019764780000000003
dwconv-bn-relu_prior_D4LNDZ.pt,14,241,241,7,1,2.3618,0.01205,0.019861640000000003
dwconv-bn-relu_prior_7874TP.pt,7,965,965,7,1,2.36425,0.04825,0.01988482
dwconv-bn-relu_prior_SNZ2I9.pt,28,116,116,5,1,2.364544,0.003016,0.019708780000000002
dwconv-bn-relu_prior_IJUCNE.pt,28,116,116,5,1,2.364544,0.003016,0.019662179999999998
dwconv-bn-relu_prior_M0G8GS.pt,28,116,116,5,1,2.364544,0.003016,0.020534499999999997
dwconv-bn-relu_prior_8Z57T8.pt,7,972,972,7,1,2.3814,0.0486,0.01981544
dwconv-bn-relu_prior_DTJTHZ.pt,112,19,19,3,1,2.38336,0.00019,0.0198357
dwconv-bn-relu_prior_SMQMC2.pt,112,76,76,3,2,2.38336,0.00076,0.019812219999999995
dwconv-bn-relu_prior_L0T7QM.pt,56,76,76,3,1,2.38336,0.00076,0.019810059999999997
dwconv-bn-relu_prior_BCLFSJ.pt,56,117,117,5,2,2.384928,0.003042,0.019825899999999997
dwconv-bn-relu_prior_WQMB7Y.pt,28,117,117,5,1,2.384928,0.003042,0.01985186
dwconv-bn-relu_prior_NPQ6TI.pt,28,117,117,5,1,2.384928,0.003042,0.020262420000000003
dwconv-bn-relu_prior_405BW5.pt,14,469,469,5,1,2.390024,0.012194,0.019886560000000008
dwconv-bn-relu_prior_RACS75.pt,14,469,469,5,1,2.390024,0.012194,0.01984608
dwconv-bn-relu_prior_8VMZLL.pt,7,976,976,7,1,2.3912,0.0488,0.02008606
dwconv-bn-relu_prior_GYM8W1.pt,7,979,979,7,1,2.39855,0.04895,0.019775420000000002
dwconv-bn-relu_prior_W99XXD.pt,14,471,471,5,1,2.400216,0.012246,0.020341180000000004
dwconv-bn-relu_prior_SAJ2Q0.pt,14,245,245,7,1,2.401,0.01225,0.019715240000000002
dwconv-bn-relu_prior_RSCVY5.pt,14,472,472,5,1,2.405312,0.012272,0.01979468
dwconv-bn-relu_prior_EEW9BW.pt,14,473,473,5,1,2.410408,0.012298,0.01946888
dwconv-bn-relu_prior_ZO8TD3.pt,14,246,246,7,1,2.4108,0.0123,0.0197797
dwconv-bn-relu_prior_5PSUTN.pt,112,77,77,3,2,2.41472,0.00077,0.019798939999999998
dwconv-bn-relu_prior_T7T4W6.pt,56,77,77,3,1,2.41472,0.00077,0.019757180000000003
dwconv-bn-relu_prior_H4H2V1.pt,56,77,77,3,1,2.41472,0.00077,0.019906019999999996
dwconv-bn-relu_prior_PBWMAG.pt,56,77,77,3,1,2.41472,0.00077,0.0205833
dwconv-bn-relu_prior_07GFJ7.pt,14,474,474,5,1,2.415504,0.012324,0.01973608
dwconv-bn-relu_prior_ZR4CQJ.pt,14,475,475,5,1,2.4206,0.01235,0.019668539999999998
dwconv-bn-relu_prior_UZN8F1.pt,28,62,62,7,1,2.4304,0.0031,0.020717140000000002
dwconv-bn-relu_prior_Y7ZGTY.pt,14,477,477,5,1,2.430792,0.012402,0.019677280000000005
dwconv-bn-relu_prior_AFIT8G.pt,14,478,478,5,1,2.435888,0.012428,0.019883400000000006
dwconv-bn-relu_prior_V4ENC6.pt,112,78,78,3,2,2.44608,0.00078,0.019585480000000002
dwconv-bn-relu_prior_E5D6X7.pt,56,78,78,3,1,2.44608,0.00078,0.019779960000000006
dwconv-bn-relu_prior_FB0MQ6.pt,56,78,78,3,1,2.44608,0.00078,0.019924039999999997
dwconv-bn-relu_prior_ZQT124.pt,56,30,30,5,1,2.44608,0.00078,0.019621979999999994
dwconv-bn-relu_prior_C96FJJ.pt,28,120,120,5,1,2.44608,0.00312,0.019549659999999996
dwconv-bn-relu_prior_4YH5CR.pt,28,63,63,7,1,2.4696,0.00315,0.019748500000000002
dwconv-bn-relu_prior_UDO0AM.pt,28,485,485,5,2,2.47156,0.01261,0.019852619999999994
dwconv-bn-relu_prior_SRBJCQ.pt,56,79,79,3,1,2.47744,0.00079,0.02042948
dwconv-bn-relu_prior_CSP6FM.pt,56,79,79,3,1,2.47744,0.00079,0.019900140000000007
dwconv-bn-relu_prior_N2EH4T.pt,56,79,79,3,1,2.47744,0.00079,0.0202403
dwconv-bn-relu_prior_Z8T4LI.pt,56,79,79,3,1,2.47744,0.00079,0.020400059999999994
dwconv-bn-relu_prior_I6649L.pt,56,79,79,3,1,2.47744,0.00079,0.019921659999999997
dwconv-bn-relu_prior_0FJI2N.pt,14,487,487,5,1,2.481752,0.012662,0.01982852
dwconv-bn-relu_prior_LZOUEF.pt,14,487,487,5,1,2.481752,0.012662,0.01970512
dwconv-bn-relu_prior_CWJ0X7.pt,28,122,122,5,1,2.486848,0.003172,0.019734860000000003
dwconv-bn-relu_prior_5OYCVI.pt,14,488,488,5,1,2.486848,0.012688,0.019626580000000005
dwconv-bn-relu_prior_NTE8UE.pt,14,254,254,7,1,2.4892,0.0127,0.019893060000000004
dwconv-bn-relu_prior_08NYYL.pt,14,489,489,5,1,2.491944,0.012714,0.020171659999999994
dwconv-bn-relu_prior_S0RZ16.pt,14,490,490,5,1,2.49704,0.01274,0.01964016
dwconv-bn-relu_prior_ACRDWG.pt,14,491,491,5,1,2.502136,0.012766,0.01976888
dwconv-bn-relu_prior_0G7DY7.pt,28,123,123,5,1,2.507232,0.003198,0.0204052
dwconv-bn-relu_prior_22PMMH.pt,14,492,492,5,1,2.507232,0.012792,0.019973739999999997
dwconv-bn-relu_prior_6LM3PD.pt,14,492,492,5,1,2.507232,0.012792,0.020049920000000006
dwconv-bn-relu_prior_ECC9SI.pt,56,80,80,3,1,2.5088,0.0008,0.01989408
dwconv-bn-relu_prior_DVCW4U.pt,56,80,80,3,1,2.5088,0.0008,0.02063068
dwconv-bn-relu_prior_IETNT3.pt,56,80,80,3,1,2.5088,0.0008,0.019999760000000002
dwconv-bn-relu_prior_OZ3CH9.pt,28,64,64,7,1,2.5088,0.0032,0.019741939999999993
dwconv-bn-relu_prior_Y9YDX1.pt,28,64,64,7,1,2.5088,0.0032,0.020355239999999997
dwconv-bn-relu_prior_NGJYMM.pt,14,256,256,7,1,2.5088,0.0128,0.01971878
dwconv-bn-relu_prior_J60HBB.pt,14,494,494,5,1,2.517424,0.012844,0.01969666
dwconv-bn-relu_prior_91FB6C.pt,14,494,494,5,1,2.517424,0.012844,0.019904359999999996
dwconv-bn-relu_prior_Z56UKU.pt,14,495,495,5,1,2.52252,0.01287,0.0197556
dwconv-bn-relu_prior_9FVS39.pt,14,495,495,5,1,2.52252,0.01287,0.019784939999999997
dwconv-bn-relu_prior_66I6K2.pt,28,124,124,5,1,2.527616,0.003224,0.019779639999999998
dwconv-bn-relu_prior_6VDMMV.pt,56,81,81,3,1,2.54016,0.00081,0.029717260000000002
dwconv-bn-relu_prior_4BIC06.pt,112,81,81,3,2,2.54016,0.00081,0.01983024
dwconv-bn-relu_prior_VF8B6G.pt,28,125,125,5,1,2.548,0.00325,0.020167580000000004
dwconv-bn-relu_prior_G3UDR9.pt,28,65,65,7,1,2.548,0.00325,0.019689339999999996
dwconv-bn-relu_prior_LBVCBP.pt,28,125,125,5,1,2.548,0.00325,0.019634140000000008
dwconv-bn-relu_prior_8EMWRG.pt,56,125,125,5,2,2.548,0.00325,0.020353039999999996
dwconv-bn-relu_prior_E9O7ST.pt,14,502,502,5,1,2.558192,0.013052,0.019706440000000006
dwconv-bn-relu_prior_YK5M28.pt,14,262,262,7,1,2.5676,0.0131,0.019661920000000003
dwconv-bn-relu_prior_TX9QOP.pt,56,82,82,3,1,2.57152,0.00082,0.01977338000000001
dwconv-bn-relu_prior_T665P0.pt,56,82,82,3,1,2.57152,0.00082,0.020433900000000005
dwconv-bn-relu_prior_3WR9X5.pt,14,507,507,5,1,2.583672,0.013182,0.019870040000000002
dwconv-bn-relu_prior_1HA9DK.pt,14,507,507,5,1,2.583672,0.013182,0.019777380000000008
dwconv-bn-relu_prior_7OQGWK.pt,28,66,66,7,1,2.5872,0.0033,0.019702400000000005
dwconv-bn-relu_prior_PQ6ZH0.pt,28,127,127,5,1,2.588768,0.003302,0.01960978
dwconv-bn-relu_prior_VOBLXQ.pt,14,508,508,5,1,2.588768,0.013208,0.0196664
dwconv-bn-relu_prior_YCF1C4.pt,14,508,508,5,1,2.588768,0.013208,0.01986736
dwconv-bn-relu_prior_C619Y9.pt,14,510,510,5,1,2.59896,0.01326,0.01977874
dwconv-bn-relu_prior_53TE6P.pt,56,83,83,3,1,2.60288,0.00083,0.019847780000000002
dwconv-bn-relu_prior_FGFOKU.pt,56,83,83,3,1,2.60288,0.00083,0.019827359999999995
dwconv-bn-relu_prior_7DE371.pt,56,83,83,3,1,2.60288,0.00083,0.020021900000000002
dwconv-bn-relu_prior_0X410L.pt,14,511,511,5,1,2.604056,0.013286,0.020333760000000006
dwconv-bn-relu_prior_UK54GE.pt,56,32,32,5,1,2.609152,0.000832,0.019871579999999996
dwconv-bn-relu_prior_6A7MJL.pt,14,512,512,5,1,2.609152,0.013312,0.019626740000000004
dwconv-bn-relu_prior_0DHTSU.pt,112,21,21,3,1,2.63424,0.00021,0.020421019999999998
dwconv-bn-relu_prior_MKVIKO.pt,56,84,84,3,1,2.63424,0.00084,0.01979314
dwconv-bn-relu_prior_KQ82BD.pt,28,130,130,5,1,2.64992,0.00338,0.019598459999999998
dwconv-bn-relu_prior_5JR0TZ.pt,14,522,522,5,1,2.660112,0.013572,0.019679839999999997
dwconv-bn-relu_prior_K4IQG0.pt,56,85,85,3,1,2.6656,0.00085,0.01989352
dwconv-bn-relu_prior_OP9SLJ.pt,56,86,86,3,1,2.69696,0.00086,0.019914440000000002
dwconv-bn-relu_prior_10TVTV.pt,56,86,86,3,1,2.69696,0.00086,0.02015616
dwconv-bn-relu_prior_4N2FZN.pt,112,86,86,3,2,2.69696,0.00086,0.0197445
dwconv-bn-relu_prior_J7XOSR.pt,56,86,86,3,1,2.69696,0.00086,0.019844100000000003
dwconv-bn-relu_prior_6XRE7G.pt,56,87,87,3,1,2.72832,0.00087,0.01977434
dwconv-bn-relu_prior_Y1CTM7.pt,56,87,87,3,1,2.72832,0.00087,0.019815299999999997
dwconv-bn-relu_prior_WO9GC1.pt,56,87,87,3,1,2.72832,0.00087,0.0203881
dwconv-bn-relu_prior_8X91Q1.pt,112,87,87,3,2,2.72832,0.00087,0.019891780000000005
dwconv-bn-relu_prior_PSPKV3.pt,56,87,87,3,1,2.72832,0.00087,0.01988392
dwconv-bn-relu_prior_V3DHII.pt,56,87,87,3,1,2.72832,0.00087,0.019881980000000004
dwconv-bn-relu_prior_SI9Y5R.pt,28,134,134,5,1,2.731456,0.003484,0.01978508
dwconv-bn-relu_prior_ZIN0SW.pt,112,22,22,3,1,2.75968,0.00022,0.01993934
dwconv-bn-relu_prior_7QRH0T.pt,56,88,88,3,1,2.75968,0.00088,0.01979978
dwconv-bn-relu_prior_D8VDVH.pt,56,88,88,3,1,2.75968,0.00088,0.019973339999999996
dwconv-bn-relu_prior_R10YD8.pt,56,88,88,3,1,2.75968,0.00088,0.020464479999999997
dwconv-bn-relu_prior_N15ENU.pt,56,88,88,3,1,2.75968,0.00088,0.020549960000000006
dwconv-bn-relu_prior_NNXA1S.pt,56,88,88,3,1,2.75968,0.00088,0.01966233999999999
dwconv-bn-relu_prior_S79KWO.pt,7,1129,1129,7,1,2.76605,0.05645,0.01976142
dwconv-bn-relu_prior_1PSTE8.pt,56,34,34,5,1,2.772224,0.000884,0.019886400000000002
dwconv-bn-relu_prior_EQZI4P.pt,56,34,34,5,1,2.772224,0.000884,0.019746059999999996
dwconv-bn-relu_prior_2L240R.pt,14,1133,1133,7,2,2.77585,0.05665,0.019703839999999997
dwconv-bn-relu_prior_RU0FTC.pt,28,71,71,7,1,2.7832,0.00355,0.019677240000000006
dwconv-bn-relu_prior_79RE33.pt,28,71,71,7,1,2.7832,0.00355,0.019791879999999998
dwconv-bn-relu_prior_1DGK75.pt,7,1137,1137,7,1,2.78565,0.05685,0.02042121999999999
dwconv-bn-relu_prior_XI9MOY.pt,56,89,89,3,1,2.79104,0.00089,0.020503499999999997
dwconv-bn-relu_prior_WB7MWB.pt,56,89,89,3,1,2.79104,0.00089,0.020034560000000003
dwconv-bn-relu_prior_23G8JN.pt,56,89,89,3,1,2.79104,0.00089,0.01992484
dwconv-bn-relu_prior_RYUCOT.pt,14,553,553,5,1,2.818088,0.014378,0.019872759999999993
dwconv-bn-relu_prior_VXNNK3.pt,56,90,90,3,1,2.8224,0.0009,0.02051172
dwconv-bn-relu_prior_WZNPKO.pt,56,90,90,3,1,2.8224,0.0009,0.019884420000000007
dwconv-bn-relu_prior_GWQ0SX.pt,28,72,72,7,1,2.8224,0.0036,0.019602739999999997
dwconv-bn-relu_prior_W5W7NU.pt,28,139,139,5,1,2.833376,0.003614,0.02030392
dwconv-bn-relu_prior_998SLO.pt,28,139,139,5,1,2.833376,0.003614,0.019643559999999997
dwconv-bn-relu_prior_3EAUJ8.pt,14,556,556,5,1,2.833376,0.014456,0.02004864
dwconv-bn-relu_prior_WLXOFD.pt,56,91,91,3,1,2.85376,0.00091,0.019988599999999995
dwconv-bn-relu_prior_AW3SPO.pt,56,91,91,3,1,2.85376,0.00091,0.019876559999999998
dwconv-bn-relu_prior_FGRG15.pt,56,91,91,3,1,2.85376,0.00091,0.020371679999999993
dwconv-bn-relu_prior_CGIVPV.pt,56,91,91,3,1,2.85376,0.00091,0.019847200000000006
dwconv-bn-relu_prior_5EZYIL.pt,56,91,91,3,1,2.85376,0.00091,0.019856320000000004
dwconv-bn-relu_prior_AEIM70.pt,28,140,140,5,1,2.85376,0.00364,0.01971576
dwconv-bn-relu_prior_PQBBIQ.pt,14,560,560,5,1,2.85376,0.01456,0.019905500000000003
dwconv-bn-relu_prior_KH3YXN.pt,14,561,561,5,1,2.858856,0.014586,0.019906099999999996
dwconv-bn-relu_prior_SLBM9C.pt,28,73,73,7,1,2.8616,0.00365,0.0205679
dwconv-bn-relu_prior_BXU7NE.pt,28,73,73,7,1,2.8616,0.00365,0.019670780000000002
dwconv-bn-relu_prior_JAJJ0G.pt,28,73,73,7,1,2.8616,0.00365,0.019627560000000006
dwconv-bn-relu_prior_2MCK93.pt,28,141,141,5,1,2.874144,0.003666,0.0198944
dwconv-bn-relu_prior_JBWYJX.pt,14,565,565,5,1,2.87924,0.01469,0.020400359999999996
dwconv-bn-relu_prior_U4KTTH.pt,112,23,23,3,1,2.88512,0.00023,0.019767240000000002
dwconv-bn-relu_prior_6WDDJH.pt,112,23,23,3,1,2.88512,0.00023,0.0198332
dwconv-bn-relu_prior_5I2K94.pt,56,92,92,3,1,2.88512,0.00092,0.01972046
dwconv-bn-relu_prior_ULFTOP.pt,112,92,92,3,2,2.88512,0.00092,0.01989912
dwconv-bn-relu_prior_4YMMEG.pt,56,92,92,3,1,2.88512,0.00092,0.020400079999999998
dwconv-bn-relu_prior_F5J5LW.pt,56,92,92,3,1,2.88512,0.00092,0.0198486
dwconv-bn-relu_prior_NKARTG.pt,56,92,92,3,1,2.88512,0.00092,0.019973860000000006
dwconv-bn-relu_prior_FNWK80.pt,14,567,567,5,1,2.889432,0.014742,0.019660379999999998
dwconv-bn-relu_prior_AKY5KO.pt,28,142,142,5,1,2.894528,0.003692,0.020273779999999998
dwconv-bn-relu_prior_VR8JEE.pt,14,569,569,5,1,2.899624,0.014794,0.019695739999999996
dwconv-bn-relu_prior_LYB45I.pt,28,571,571,5,2,2.909816,0.014846,0.01990852
dwconv-bn-relu_prior_TEGN87.pt,14,572,572,5,1,2.914912,0.014872,0.019644099999999998
dwconv-bn-relu_prior_YJYQG3.pt,14,572,572,5,1,2.914912,0.014872,0.020169719999999995
dwconv-bn-relu_prior_H2QRUY.pt,14,572,572,5,1,2.914912,0.014872,0.019769459999999996
dwconv-bn-relu_prior_WTSR05.pt,56,93,93,3,1,2.91648,0.00093,0.019735819999999998
dwconv-bn-relu_prior_UQKD91.pt,56,93,93,3,1,2.91648,0.00093,0.019994040000000005
dwconv-bn-relu_prior_9EK3NZ.pt,56,93,93,3,1,2.91648,0.00093,0.020376860000000004
dwconv-bn-relu_prior_YK9OY3.pt,56,93,93,3,1,2.91648,0.00093,0.019945620000000008
dwconv-bn-relu_prior_A385YZ.pt,14,578,578,5,1,2.945488,0.015028,0.01983918
dwconv-bn-relu_prior_IH7J6W.pt,14,578,578,5,1,2.945488,0.015028,0.02039606
dwconv-bn-relu_prior_2YT5JT.pt,14,578,578,5,1,2.945488,0.015028,0.01970432
dwconv-bn-relu_prior_J8G47W.pt,14,580,580,5,1,2.95568,0.01508,0.019753519999999993
dwconv-bn-relu_prior_1HEX0U.pt,56,95,95,3,1,2.9792,0.00095,0.019936600000000006
dwconv-bn-relu_prior_NQY7SY.pt,28,76,76,7,1,2.9792,0.0038,0.02014168
dwconv-bn-relu_prior_OJA2WT.pt,28,76,76,7,1,2.9792,0.0038,0.01960882
dwconv-bn-relu_prior_J39EM1.pt,28,383,383,3,1,3.00272,0.00383,0.019749600000000003
dwconv-bn-relu_prior_AV2ZTL.pt,56,96,96,3,1,3.01056,0.00096,0.02047386
dwconv-bn-relu_prior_G8AD0O.pt,56,96,96,3,1,3.01056,0.00096,0.01993956000000001
dwconv-bn-relu_prior_YSSBHX.pt,28,77,77,7,1,3.0184,0.00385,0.02038246
dwconv-bn-relu_prior_0TSEO4.pt,28,77,77,7,1,3.0184,0.00385,0.019674679999999996
dwconv-bn-relu_prior_59LLTV.pt,28,149,149,5,1,3.037216,0.003874,0.019741719999999997
dwconv-bn-relu_prior_E2K8V0.pt,28,395,395,3,1,3.0968,0.00395,0.020012859999999993
dwconv-bn-relu_prior_4CUCIR.pt,28,79,79,7,1,3.0968,0.00395,0.01966522
dwconv-bn-relu_prior_3UOFCP.pt,56,38,38,5,1,3.098368,0.000988,0.019689660000000005
dwconv-bn-relu_prior_OWQPE1.pt,56,99,99,3,1,3.10464,0.00099,0.01989328
dwconv-bn-relu_prior_RQ4G0M.pt,56,99,99,3,1,3.10464,0.00099,0.019901280000000007
dwconv-bn-relu_prior_C4NVL2.pt,56,99,99,3,1,3.10464,0.00099,0.01993444
dwconv-bn-relu_prior_87XPOE.pt,56,99,99,3,1,3.10464,0.00099,0.019901180000000004
dwconv-bn-relu_prior_JKRMWM.pt,28,153,153,5,1,3.118752,0.003978,0.019828679999999998
dwconv-bn-relu_prior_YIIKL4.pt,112,25,25,3,1,3.136,0.00025,0.020156519999999994
dwconv-bn-relu_prior_NZ2FS0.pt,56,20,20,7,1,3.136,0.001,0.01970102
dwconv-bn-relu_prior_4JSCEA.pt,56,100,100,3,1,3.136,0.001,0.01977772
dwconv-bn-relu_prior_7B0GTB.pt,28,80,80,7,1,3.136,0.004,0.0197486
dwconv-bn-relu_prior_BSXGAQ.pt,28,80,80,7,1,3.136,0.004,0.020378019999999993
dwconv-bn-relu_prior_4CHPXI.pt,28,154,154,5,1,3.139136,0.004004,0.019623920000000006
dwconv-bn-relu_prior_PEIL4E.pt,28,154,154,5,1,3.139136,0.004004,0.019761400000000002
dwconv-bn-relu_prior_SC9ULZ.pt,28,154,154,5,1,3.139136,0.004004,0.019706860000000003
dwconv-bn-relu_prior_Q6K7FT.pt,28,154,154,5,1,3.139136,0.004004,0.02004036
dwconv-bn-relu_prior_DEB8QJ.pt,28,154,154,5,1,3.139136,0.004004,0.020022859999999996
dwconv-bn-relu_prior_9EROT8.pt,28,154,154,5,1,3.139136,0.004004,0.019884640000000002
dwconv-bn-relu_prior_PBOZTV.pt,28,401,401,3,1,3.14384,0.00401,0.019835780000000008
dwconv-bn-relu_prior_N7TXXG.pt,28,155,155,5,1,3.15952,0.00403,0.01968036
dwconv-bn-relu_prior_3HMBDV.pt,56,101,101,3,1,3.16736,0.00101,0.019875759999999992
dwconv-bn-relu_prior_ULYNV3.pt,56,101,101,3,1,3.16736,0.00101,0.019926860000000005
dwconv-bn-relu_prior_S01T15.pt,28,404,404,3,1,3.16736,0.00404,0.020095540000000002
dwconv-bn-relu_prior_IMB9KP.pt,56,39,39,5,1,3.179904,0.001014,0.019883600000000008
dwconv-bn-relu_prior_1K14SG.pt,56,39,39,5,1,3.179904,0.001014,0.0197706
dwconv-bn-relu_prior_XPO4CB.pt,28,156,156,5,1,3.179904,0.004056,0.0197919
dwconv-bn-relu_prior_XF029W.pt,28,156,156,5,1,3.179904,0.004056,0.01981878
dwconv-bn-relu_prior_1Y6CWT.pt,28,156,156,5,1,3.179904,0.004056,0.01993628
dwconv-bn-relu_prior_9X37NM.pt,56,102,102,3,1,3.19872,0.00102,0.020171499999999995
dwconv-bn-relu_prior_1D4ZC2.pt,28,157,157,5,1,3.200288,0.004082,0.019820500000000005
dwconv-bn-relu_prior_020ATI.pt,28,157,157,5,1,3.200288,0.004082,0.019996040000000003
dwconv-bn-relu_prior_0S2SR1.pt,28,157,157,5,1,3.200288,0.004082,0.01977968
dwconv-bn-relu_prior_LX9G9E.pt,28,82,82,7,1,3.2144,0.0041,0.019801299999999997
dwconv-bn-relu_prior_52OZK8.pt,28,159,159,5,1,3.241056,0.004134,0.01978452
dwconv-bn-relu_prior_I9UZM7.pt,28,159,159,5,1,3.241056,0.004134,0.019823100000000003
dwconv-bn-relu_prior_1D3LY9.pt,112,26,26,3,1,3.26144,0.00026,0.02016384
dwconv-bn-relu_prior_1U84ZT.pt,56,40,40,5,1,3.26144,0.00104,0.01975268
dwconv-bn-relu_prior_FF0WHN.pt,56,40,40,5,1,3.26144,0.00104,0.019742159999999998
dwconv-bn-relu_prior_2QEE0V.pt,28,160,160,5,1,3.26144,0.00416,0.019956040000000005
dwconv-bn-relu_prior_QX06N9.pt,28,160,160,5,1,3.26144,0.00416,0.0196271
dwconv-bn-relu_prior_JI8DVP.pt,28,160,160,5,1,3.26144,0.00416,0.019851340000000002
dwconv-bn-relu_prior_RN10BD.pt,28,160,160,5,1,3.26144,0.00416,0.019725239999999998
dwconv-bn-relu_prior_36JL2Z.pt,28,161,161,5,1,3.281824,0.004186,0.01962902
dwconv-bn-relu_prior_XENDUG.pt,28,161,161,5,1,3.281824,0.004186,0.01960666
dwconv-bn-relu_prior_I6ZYFB.pt,28,161,161,5,1,3.281824,0.004186,0.019909399999999994
dwconv-bn-relu_prior_2E1ZLN.pt,28,161,161,5,1,3.281824,0.004186,0.019549379999999998
dwconv-bn-relu_prior_X4Y7E5.pt,56,161,161,5,2,3.281824,0.004186,0.019672760000000004
dwconv-bn-relu_prior_1IFWAU.pt,28,162,162,5,1,3.302208,0.004212,0.019778220000000003
dwconv-bn-relu_prior_QXTVA9.pt,28,162,162,5,1,3.302208,0.004212,0.01968196
dwconv-bn-relu_prior_9CZY82.pt,28,162,162,5,1,3.302208,0.004212,0.019806420000000005
dwconv-bn-relu_prior_3Z2H2Z.pt,28,162,162,5,1,3.302208,0.004212,0.01963232
dwconv-bn-relu_prior_P1QL0I.pt,28,163,163,5,1,3.322592,0.004238,0.0199088
dwconv-bn-relu_prior_506AJR.pt,28,163,163,5,1,3.322592,0.004238,0.019832480000000003
dwconv-bn-relu_prior_4GR3YK.pt,56,106,106,3,1,3.32416,0.00106,0.019907099999999997
dwconv-bn-relu_prior_MW3U06.pt,56,106,106,3,1,3.32416,0.00106,0.019993640000000003
dwconv-bn-relu_prior_5ZTZ9X.pt,28,85,85,7,1,3.332,0.00425,0.01969968
dwconv-bn-relu_prior_4PECVW.pt,56,41,41,5,1,3.342976,0.001066,0.01994834
dwconv-bn-relu_prior_MUJUAO.pt,56,41,41,5,1,3.342976,0.001066,0.019784160000000005
dwconv-bn-relu_prior_8HMZ83.pt,28,164,164,5,1,3.342976,0.004264,0.01989342
dwconv-bn-relu_prior_8RLZLC.pt,28,164,164,5,1,3.342976,0.004264,0.019975240000000005
dwconv-bn-relu_prior_E4MBKU.pt,56,107,107,3,1,3.35552,0.00107,0.019726120000000003
dwconv-bn-relu_prior_2VL75F.pt,28,165,165,5,1,3.36336,0.00429,0.019929060000000002
dwconv-bn-relu_prior_68TEBR.pt,28,165,165,5,1,3.36336,0.00429,0.019551200000000005
dwconv-bn-relu_prior_CFW4BP.pt,28,165,165,5,1,3.36336,0.00429,0.0196629
dwconv-bn-relu_prior_BBY3ZL.pt,28,166,166,5,1,3.383744,0.004316,0.01990458
dwconv-bn-relu_prior_M7T7V8.pt,28,166,166,5,1,3.383744,0.004316,0.019693440000000003
dwconv-bn-relu_prior_0DOS38.pt,112,27,27,3,1,3.38688,0.00027,0.01980804
dwconv-bn-relu_prior_4YQEKJ.pt,14,667,667,5,1,3.399032,0.017342,0.019649699999999996
dwconv-bn-relu_prior_2SSFK8.pt,28,167,167,5,1,3.404128,0.004342,0.01969414
dwconv-bn-relu_prior_FCX2JF.pt,28,167,167,5,1,3.404128,0.004342,0.019577640000000004
dwconv-bn-relu_prior_9O7GDV.pt,28,87,87,7,1,3.4104,0.00435,0.019901119999999998
dwconv-bn-relu_prior_L11WSE.pt,14,670,670,5,1,3.41432,0.01742,0.019529079999999994
dwconv-bn-relu_prior_LP4A3G.pt,56,109,109,3,1,3.41824,0.00109,0.020071519999999992
dwconv-bn-relu_prior_DFUMPZ.pt,56,109,109,3,1,3.41824,0.00109,0.019863040000000002
dwconv-bn-relu_prior_999L0S.pt,112,42,42,5,2,3.424512,0.001092,0.01972656
dwconv-bn-relu_prior_O1DJIH.pt,56,42,42,5,1,3.424512,0.001092,0.019785080000000003
dwconv-bn-relu_prior_G7BXB8.pt,56,42,42,5,1,3.424512,0.001092,0.019699039999999998
dwconv-bn-relu_prior_I2GRYT.pt,28,168,168,5,1,3.424512,0.004368,0.019714100000000002
dwconv-bn-relu_prior_D1BD9N.pt,28,168,168,5,1,3.424512,0.004368,0.019837459999999998
dwconv-bn-relu_prior_QYXSUI.pt,14,673,673,5,1,3.429608,0.017498,0.01976242
dwconv-bn-relu_prior_EAHPLX.pt,28,169,169,5,1,3.444896,0.004394,0.01989836
dwconv-bn-relu_prior_W1NTU5.pt,28,169,169,5,1,3.444896,0.004394,0.01984864
dwconv-bn-relu_prior_F6MTRU.pt,14,677,677,5,1,3.449992,0.017602,0.01999882
dwconv-bn-relu_prior_6Z3DQC.pt,28,170,170,5,1,3.46528,0.00442,0.019731620000000005
dwconv-bn-relu_prior_SRWLK1.pt,28,170,170,5,1,3.46528,0.00442,0.01964394
dwconv-bn-relu_prior_U52825.pt,28,170,170,5,1,3.46528,0.00442,0.019603979999999997
dwconv-bn-relu_prior_9JBI1U.pt,14,682,682,5,1,3.475472,0.017732,0.01979382
dwconv-bn-relu_prior_GZ4RHG.pt,28,171,171,5,1,3.485664,0.004446,0.02001984
dwconv-bn-relu_prior_Y30ZTK.pt,28,171,171,5,1,3.485664,0.004446,0.02000028
dwconv-bn-relu_prior_P23HII.pt,28,171,171,5,1,3.485664,0.004446,0.01980572
dwconv-bn-relu_prior_MIRPUB.pt,28,171,171,5,1,3.485664,0.004446,0.019727340000000003
dwconv-bn-relu_prior_CHGIOC.pt,28,171,171,5,1,3.485664,0.004446,0.019678200000000003
dwconv-bn-relu_prior_UGOCXV.pt,28,171,171,5,1,3.485664,0.004446,0.019782459999999998
dwconv-bn-relu_prior_V7TD8X.pt,14,684,684,5,1,3.485664,0.017784,0.019770740000000002
dwconv-bn-relu_prior_AN9SBU.pt,28,89,89,7,1,3.4888,0.00445,0.01966184
dwconv-bn-relu_prior_AR48XO.pt,28,89,89,7,1,3.4888,0.00445,0.019734219999999997
dwconv-bn-relu_prior_OHRM11.pt,28,172,172,5,1,3.506048,0.004472,0.019968499999999997
dwconv-bn-relu_prior_182RFE.pt,28,172,172,5,1,3.506048,0.004472,0.0200773
dwconv-bn-relu_prior_QASKQW.pt,28,172,172,5,1,3.506048,0.004472,0.019756840000000008
dwconv-bn-relu_prior_55HJBG.pt,28,172,172,5,1,3.506048,0.004472,0.019734099999999997
dwconv-bn-relu_prior_V4H0QP.pt,28,172,172,5,1,3.506048,0.004472,0.01971622
dwconv-bn-relu_prior_L8XNE0.pt,28,172,172,5,1,3.506048,0.004472,0.0198641
dwconv-bn-relu_prior_ERLSAA.pt,14,689,689,5,1,3.511144,0.017914,0.019663879999999998
dwconv-bn-relu_prior_DYGRKS.pt,56,112,112,3,1,3.51232,0.00112,0.01985516
dwconv-bn-relu_prior_IXXAV0.pt,14,691,691,5,1,3.521336,0.017966,0.019422419999999996
dwconv-bn-relu_prior_0852FK.pt,28,173,173,5,1,3.526432,0.004498,0.02001678
dwconv-bn-relu_prior_I96O4L.pt,28,90,90,7,1,3.528,0.0045,0.019777460000000004
dwconv-bn-relu_prior_4KAYKU.pt,14,695,695,5,1,3.54172,0.01807,0.019763819999999998
dwconv-bn-relu_prior_6KKRFQ.pt,28,174,174,5,1,3.546816,0.004524,0.02003334
dwconv-bn-relu_prior_5SV495.pt,28,174,174,5,1,3.546816,0.004524,0.019736520000000004
dwconv-bn-relu_prior_WFY2P4.pt,28,174,174,5,1,3.546816,0.004524,0.01993848
dwconv-bn-relu_prior_YV36D0.pt,28,174,174,5,1,3.546816,0.004524,0.019857
dwconv-bn-relu_prior_V825S1.pt,28,175,175,5,1,3.5672,0.00455,0.019728759999999998
dwconv-bn-relu_prior_G40ZPD.pt,28,175,175,5,1,3.5672,0.00455,0.01978414
dwconv-bn-relu_prior_GOZBDN.pt,28,175,175,5,1,3.5672,0.00455,0.020433579999999996
dwconv-bn-relu_prior_2A557G.pt,28,175,175,5,1,3.5672,0.00455,0.019803880000000006
dwconv-bn-relu_prior_T7P3MR.pt,112,11,11,5,1,3.587584,0.000286,0.019767299999999998
dwconv-bn-relu_prior_9V3PSC.pt,56,44,44,5,1,3.587584,0.001144,0.019784200000000002
dwconv-bn-relu_prior_45UQLY.pt,56,44,44,5,1,3.587584,0.001144,0.019844180000000003
dwconv-bn-relu_prior_IXGXFR.pt,28,176,176,5,1,3.587584,0.004576,0.019801759999999998
dwconv-bn-relu_prior_ISAU0H.pt,56,115,115,3,1,3.6064,0.00115,0.020000919999999995
dwconv-bn-relu_prior_5TT417.pt,56,23,23,7,1,3.6064,0.00115,0.019847240000000002
dwconv-bn-relu_prior_DNNCVB.pt,28,177,177,5,1,3.607968,0.004602,0.01989478
dwconv-bn-relu_prior_JXOMR3.pt,56,177,177,5,2,3.607968,0.004602,0.019854460000000004
dwconv-bn-relu_prior_WLSIYS.pt,28,178,178,5,1,3.628352,0.004628,0.019639780000000003
dwconv-bn-relu_prior_EGJ313.pt,28,178,178,5,1,3.628352,0.004628,0.019759400000000003
dwconv-bn-relu_prior_E4D42U.pt,28,178,178,5,1,3.628352,0.004628,0.019863200000000004
dwconv-bn-relu_prior_E1NQ04.pt,28,178,178,5,1,3.628352,0.004628,0.019589540000000003
dwconv-bn-relu_prior_JOCVYW.pt,28,178,178,5,1,3.628352,0.004628,0.01967506
dwconv-bn-relu_prior_GAJHGY.pt,112,29,29,3,1,3.63776,0.00029,0.019816719999999996
dwconv-bn-relu_prior_R4UCCK.pt,112,29,29,3,1,3.63776,0.00029,0.020200259999999998
dwconv-bn-relu_prior_EXXDXE.pt,112,29,29,3,1,3.63776,0.00029,0.019967599999999995
dwconv-bn-relu_prior_L88DXB.pt,56,116,116,3,1,3.63776,0.00116,0.01986666
dwconv-bn-relu_prior_LXN61Z.pt,28,93,93,7,1,3.6456,0.00465,0.01976472
dwconv-bn-relu_prior_XQWF8P.pt,28,179,179,5,1,3.648736,0.004654,0.01994274
dwconv-bn-relu_prior_77E4CZ.pt,28,179,179,5,1,3.648736,0.004654,0.01987368
dwconv-bn-relu_prior_0768V6.pt,56,179,179,5,2,3.648736,0.004654,0.019588640000000004
dwconv-bn-relu_prior_V44DIZ.pt,28,179,179,5,1,3.648736,0.004654,0.0197648
dwconv-bn-relu_prior_O6XPEO.pt,28,179,179,5,1,3.648736,0.004654,0.019902100000000002
dwconv-bn-relu_prior_SX89YS.pt,56,45,45,5,1,3.66912,0.00117,0.02028466
dwconv-bn-relu_prior_SIT50U.pt,56,117,117,3,1,3.66912,0.00117,0.020368639999999997
dwconv-bn-relu_prior_JC0X7L.pt,56,45,45,5,1,3.66912,0.00117,0.019914639999999997
dwconv-bn-relu_prior_PA1G2F.pt,28,468,468,3,1,3.66912,0.00468,0.01976506
dwconv-bn-relu_prior_H1RWFV.pt,28,468,468,3,1,3.66912,0.00468,0.02002472
dwconv-bn-relu_prior_DKMDU1.pt,28,469,469,3,1,3.67696,0.00469,0.020165259999999997
dwconv-bn-relu_prior_K5CP2L.pt,28,470,470,3,1,3.6848,0.0047,0.020345279999999993
dwconv-bn-relu_prior_6W8JFF.pt,28,94,94,7,1,3.6848,0.0047,0.019760660000000003
dwconv-bn-relu_prior_6J5QT1.pt,28,470,470,3,1,3.6848,0.0047,0.01978778
dwconv-bn-relu_prior_Q2KXMI.pt,28,181,181,5,1,3.689504,0.004706,0.01981528
dwconv-bn-relu_prior_D6CB4H.pt,28,181,181,5,1,3.689504,0.004706,0.020228680000000002
dwconv-bn-relu_prior_MP58B2.pt,28,181,181,5,1,3.689504,0.004706,0.01979102
dwconv-bn-relu_prior_XT56P4.pt,28,181,181,5,1,3.689504,0.004706,0.01989508
dwconv-bn-relu_prior_17TM2Q.pt,28,181,181,5,1,3.689504,0.004706,0.019739200000000002
dwconv-bn-relu_prior_DDT9GQ.pt,28,181,181,5,1,3.689504,0.004706,0.019810200000000004
dwconv-bn-relu_prior_T7YYSV.pt,28,471,471,3,1,3.69264,0.00471,0.02043720000000001
dwconv-bn-relu_prior_UEO9ME.pt,28,471,471,3,1,3.69264,0.00471,0.019863760000000005
dwconv-bn-relu_prior_USE2Q2.pt,56,118,118,3,1,3.70048,0.00118,0.019937359999999994
dwconv-bn-relu_prior_VTRAEB.pt,28,474,474,3,1,3.71616,0.00474,0.0198657
dwconv-bn-relu_prior_N25SF6.pt,28,95,95,7,1,3.724,0.00475,0.019745199999999997
dwconv-bn-relu_prior_1FF2SC.pt,28,95,95,7,1,3.724,0.00475,0.019746100000000003
dwconv-bn-relu_prior_8D9EBD.pt,28,475,475,3,1,3.724,0.00475,0.019749139999999995
dwconv-bn-relu_prior_0MWX3K.pt,56,119,119,3,1,3.73184,0.00119,0.019815000000000003
dwconv-bn-relu_prior_IC73E2.pt,28,476,476,3,1,3.73184,0.00476,0.019916139999999995
dwconv-bn-relu_prior_Y0TDQK.pt,28,477,477,3,1,3.73968,0.00477,0.0198913
dwconv-bn-relu_prior_C5JJH9.pt,112,46,46,5,2,3.750656,0.001196,0.0196852
dwconv-bn-relu_prior_3ABIWE.pt,28,184,184,5,1,3.750656,0.004784,0.0198898
dwconv-bn-relu_prior_RE8H1K.pt,28,479,479,3,1,3.75536,0.00479,0.01974872
dwconv-bn-relu_prior_BEMEX6.pt,112,30,30,3,1,3.7632,0.0003,0.020564179999999998
dwconv-bn-relu_prior_JI5VMI.pt,28,96,96,7,1,3.7632,0.0048,0.01970572
dwconv-bn-relu_prior_512B0Y.pt,28,480,480,3,1,3.7632,0.0048,0.02002412
dwconv-bn-relu_prior_5ED1WY.pt,28,96,96,7,1,3.7632,0.0048,0.019733700000000003
dwconv-bn-relu_prior_HJ2GKE.pt,14,384,384,7,1,3.7632,0.0192,0.020393339999999996
dwconv-bn-relu_prior_EK8493.pt,28,482,482,3,1,3.77888,0.00482,0.020007979999999995
dwconv-bn-relu_prior_Z6NB81.pt,14,387,387,7,1,3.7926,0.01935,0.020168939999999996
dwconv-bn-relu_prior_PFMWBC.pt,28,486,486,3,1,3.81024,0.00486,0.01984992
dwconv-bn-relu_prior_UTZEPH.pt,28,487,487,3,1,3.81808,0.00487,0.020570579999999995
dwconv-bn-relu_prior_SN9HSV.pt,56,487,487,3,2,3.81808,0.00487,0.019957500000000003
dwconv-bn-relu_prior_MQP0X7.pt,56,47,47,5,1,3.832192,0.001222,0.03013425999999999
dwconv-bn-relu_prior_W5SGTS.pt,56,47,47,5,1,3.832192,0.001222,0.019916660000000003
dwconv-bn-relu_prior_0ZTAOU.pt,28,491,491,3,1,3.84944,0.00491,0.02011366
dwconv-bn-relu_prior_6BM8JF.pt,28,491,491,3,1,3.84944,0.00491,0.020141680000000002
dwconv-bn-relu_prior_1LYSPA.pt,28,189,189,5,1,3.852576,0.004914,0.01989492
dwconv-bn-relu_prior_K2DC7O.pt,28,492,492,3,1,3.85728,0.00492,0.019953060000000005
dwconv-bn-relu_prior_6VZ4TK.pt,28,493,493,3,1,3.86512,0.00493,0.019783039999999998
dwconv-bn-relu_prior_PTPNN2.pt,28,493,493,3,1,3.86512,0.00493,0.02025116
dwconv-bn-relu_prior_2CKC60.pt,28,493,493,3,1,3.86512,0.00493,0.020331439999999996
dwconv-bn-relu_prior_33VS6X.pt,28,494,494,3,1,3.87296,0.00494,0.019930760000000002
dwconv-bn-relu_prior_G0CRAQ.pt,28,190,190,5,1,3.87296,0.00494,0.019778300000000006
dwconv-bn-relu_prior_AV4XZM.pt,28,495,495,3,1,3.8808,0.00495,0.019878540000000004
dwconv-bn-relu_prior_P8QXZK.pt,112,31,31,3,1,3.88864,0.00031,0.01999776
dwconv-bn-relu_prior_STJEWC.pt,112,31,31,3,1,3.88864,0.00031,0.02029928
dwconv-bn-relu_prior_IP52A0.pt,28,497,497,3,1,3.89648,0.00497,0.02056572
dwconv-bn-relu_prior_J8Y05T.pt,28,498,498,3,1,3.90432,0.00498,0.02051012000000001
dwconv-bn-relu_prior_GDYUPZ.pt,28,498,498,3,1,3.90432,0.00498,0.020317140000000004
dwconv-bn-relu_prior_RSCG27.pt,112,12,12,5,1,3.913728,0.000312,0.019783680000000005
dwconv-bn-relu_prior_4DPNA7.pt,112,12,12,5,1,3.913728,0.000312,0.019903519999999997
dwconv-bn-relu_prior_BOBKG5.pt,28,192,192,5,1,3.913728,0.004992,0.019834160000000003
dwconv-bn-relu_prior_RVWUL2.pt,28,501,501,3,1,3.92784,0.00501,0.0201438
dwconv-bn-relu_prior_ZSRJS2.pt,28,401,401,7,2,3.9298,0.02005,0.01983918
dwconv-bn-relu_prior_09HO12.pt,28,193,193,5,1,3.934112,0.005018,0.01981358
dwconv-bn-relu_prior_B2TI49.pt,28,503,503,3,1,3.94352,0.00503,0.019975040000000003
dwconv-bn-relu_prior_45QD53.pt,28,505,505,3,1,3.9592,0.00505,0.02051548
dwconv-bn-relu_prior_LQCSY0.pt,28,507,507,3,1,3.97488,0.00507,0.02049498
dwconv-bn-relu_prior_K05W9E.pt,28,507,507,3,1,3.97488,0.00507,0.01996434
dwconv-bn-relu_prior_8N9JHB.pt,28,508,508,3,1,3.98272,0.00508,0.01999462
dwconv-bn-relu_prior_AQN2VF.pt,14,407,407,7,1,3.9886,0.02035,0.019839759999999998
dwconv-bn-relu_prior_H2UAEO.pt,28,511,511,3,1,4.00624,0.00511,0.019847080000000003
dwconv-bn-relu_prior_OA1XQ2.pt,28,103,103,7,1,4.0376,0.00515,0.020104659999999996
dwconv-bn-relu_prior_DESRX4.pt,28,517,517,3,1,4.05328,0.00517,0.027777380000000004
dwconv-bn-relu_prior_WEB7V1.pt,28,517,517,3,1,4.05328,0.00517,0.01987262000000001
dwconv-bn-relu_prior_PZFB5Y.pt,28,520,520,3,1,4.0768,0.0052,0.019899820000000002
dwconv-bn-relu_prior_Z0KXH3.pt,28,200,200,5,1,4.0768,0.0052,0.019845600000000005
dwconv-bn-relu_prior_B5736N.pt,28,104,104,7,1,4.0768,0.0052,0.0196755
dwconv-bn-relu_prior_H7Q3QG.pt,28,523,523,3,1,4.10032,0.00523,0.020562399999999998
dwconv-bn-relu_prior_2MMHD8.pt,56,131,131,3,1,4.10816,0.00131,0.01974208
dwconv-bn-relu_prior_MNZVJW.pt,56,105,105,7,2,4.116,0.00525,0.0196871
dwconv-bn-relu_prior_9HL373.pt,28,202,202,5,1,4.117568,0.005252,0.019830399999999998
dwconv-bn-relu_prior_VOE6O5.pt,112,33,33,3,1,4.13952,0.00033,0.019591039999999997
dwconv-bn-relu_prior_R152U4.pt,56,51,51,5,1,4.158336,0.001326,0.0205456
dwconv-bn-relu_prior_O29MV6.pt,28,108,108,7,1,4.2336,0.0054,0.020210980000000003
dwconv-bn-relu_prior_S7CRHR.pt,56,52,52,5,1,4.239872,0.001352,0.02019884
dwconv-bn-relu_prior_NI2SOJ.pt,28,208,208,5,1,4.239872,0.005408,0.019897739999999994
dwconv-bn-relu_prior_EPRT0P.pt,28,208,208,5,1,4.239872,0.005408,0.02053607999999999
dwconv-bn-relu_prior_TEIYS0.pt,28,209,209,5,1,4.260256,0.005434,0.01983066
dwconv-bn-relu_prior_8BT7HZ.pt,28,109,109,7,1,4.2728,0.00545,0.019915220000000004
dwconv-bn-relu_prior_5K75AW.pt,28,210,210,5,1,4.28064,0.00546,0.02043352
dwconv-bn-relu_prior_8BQQEW.pt,56,137,137,3,1,4.29632,0.00137,0.01991498
dwconv-bn-relu_prior_X7RAXU.pt,28,110,110,7,1,4.312,0.0055,0.019664180000000007
dwconv-bn-relu_prior_1M733X.pt,56,53,53,5,1,4.321408,0.001378,0.019966599999999998
dwconv-bn-relu_prior_PWU9A8.pt,56,53,53,5,1,4.321408,0.001378,0.02037316
dwconv-bn-relu_prior_KLPZLH.pt,56,53,53,5,1,4.321408,0.001378,0.019662580000000006
dwconv-bn-relu_prior_F7HDH4.pt,28,553,553,3,1,4.33552,0.00553,0.019855480000000005
dwconv-bn-relu_prior_XP5U79.pt,56,556,556,3,2,4.35904,0.00556,0.019665400000000003
dwconv-bn-relu_prior_KNC0UL.pt,28,558,558,3,1,4.37472,0.00558,0.019808040000000006
dwconv-bn-relu_prior_5P6S05.pt,112,35,35,3,1,4.3904,0.00035,0.019823300000000002
dwconv-bn-relu_prior_FVEZX2.pt,28,560,560,3,1,4.3904,0.0056,0.02058842
dwconv-bn-relu_prior_PY368K.pt,56,54,54,5,1,4.402944,0.001404,0.020132860000000002
dwconv-bn-relu_prior_EWCWD2.pt,28,216,216,5,1,4.402944,0.005616,0.020180200000000002
dwconv-bn-relu_prior_37E7X9.pt,28,564,564,3,1,4.42176,0.00564,0.019766239999999997
dwconv-bn-relu_prior_01EUOY.pt,28,113,113,7,1,4.4296,0.00565,0.019675879999999993
dwconv-bn-relu_prior_VV71V8.pt,28,571,571,3,1,4.47664,0.00571,0.020424839999999996
dwconv-bn-relu_prior_B7SXO6.pt,56,55,55,5,1,4.48448,0.00143,0.01955496
dwconv-bn-relu_prior_IFVZNX.pt,28,220,220,5,1,4.48448,0.00572,0.01966152
dwconv-bn-relu_prior_QZVBUH.pt,28,572,572,3,1,4.48448,0.00572,0.019931179999999996
dwconv-bn-relu_prior_1QHDCW.pt,28,572,572,3,1,4.48448,0.00572,0.0202444
dwconv-bn-relu_prior_CRHVNG.pt,28,221,221,5,1,4.504864,0.005746,0.020019879999999993
dwconv-bn-relu_prior_YJZYWU.pt,28,223,223,5,1,4.545632,0.005798,0.02004626
dwconv-bn-relu_prior_U9I8FA.pt,56,29,29,7,1,4.5472,0.00145,0.01971918
dwconv-bn-relu_prior_F3QPKL.pt,112,14,14,5,1,4.566016,0.000364,0.019677800000000002
dwconv-bn-relu_prior_5BTUZQ.pt,112,14,14,5,1,4.566016,0.000364,0.02027502
dwconv-bn-relu_prior_VBD8US.pt,112,14,14,5,1,4.566016,0.000364,0.019932679999999994
dwconv-bn-relu_prior_N4VYU5.pt,56,146,146,3,1,4.57856,0.00146,0.02002956
dwconv-bn-relu_prior_MQIEH6.pt,14,472,472,7,1,4.6256,0.0236,0.019854460000000004
dwconv-bn-relu_prior_32T8EW.pt,112,37,37,3,1,4.64128,0.00037,0.019876280000000003
dwconv-bn-relu_prior_OEPWLO.pt,56,148,148,3,1,4.64128,0.00148,0.01964942
dwconv-bn-relu_prior_DUNB97.pt,14,474,474,7,1,4.6452,0.0237,0.019745579999999995
dwconv-bn-relu_prior_SZR55K.pt,14,474,474,7,1,4.6452,0.0237,0.019955739999999993
dwconv-bn-relu_prior_1XB4IE.pt,56,57,57,5,1,4.647552,0.001482,0.019936779999999998
dwconv-bn-relu_prior_VPX8R2.pt,14,475,475,7,1,4.655,0.02375,0.019718160000000002
dwconv-bn-relu_prior_VX0A1T.pt,14,475,475,7,1,4.655,0.02375,0.019635540000000003
dwconv-bn-relu_prior_CPAY2L.pt,28,119,119,7,1,4.6648,0.00595,0.019571760000000004
dwconv-bn-relu_prior_WAH3UQ.pt,28,229,229,5,1,4.667936,0.005954,0.020101600000000004
dwconv-bn-relu_prior_L9262A.pt,28,120,120,7,1,4.704,0.006,0.019731539999999995
dwconv-bn-relu_prior_6MBHUM.pt,56,58,58,5,1,4.729088,0.001508,0.0196479
dwconv-bn-relu_prior_8S4H97.pt,28,233,233,5,1,4.749472,0.006058,0.019728399999999997
dwconv-bn-relu_prior_L4LPPA.pt,28,122,122,7,1,4.7824,0.0061,0.019835259999999993
dwconv-bn-relu_prior_HGVA17.pt,28,122,122,7,1,4.7824,0.0061,0.019651019999999995
dwconv-bn-relu_prior_GPJNXG.pt,14,488,488,7,1,4.7824,0.0244,0.01975984
dwconv-bn-relu_prior_D0S5GQ.pt,28,235,235,5,1,4.79024,0.00611,0.019895479999999997
dwconv-bn-relu_prior_GH0FYJ.pt,28,235,235,5,1,4.79024,0.00611,0.01997664
dwconv-bn-relu_prior_C1N47I.pt,14,489,489,7,1,4.7922,0.02445,0.01981092
dwconv-bn-relu_prior_G8VKNR.pt,56,59,59,5,1,4.810624,0.001534,0.0196973
dwconv-bn-relu_prior_SQHAX1.pt,56,59,59,5,1,4.810624,0.001534,0.01990618
dwconv-bn-relu_prior_QA4YCZ.pt,28,492,492,7,2,4.8216,0.0246,0.019678639999999997
dwconv-bn-relu_prior_V1XL8K.pt,14,492,492,7,1,4.8216,0.0246,0.0200888
dwconv-bn-relu_prior_UPXP32.pt,56,154,154,3,1,4.82944,0.00154,0.01980532
dwconv-bn-relu_prior_FXH79H.pt,56,154,154,3,1,4.82944,0.00154,0.01981954
dwconv-bn-relu_prior_H02IHI.pt,56,154,154,3,1,4.82944,0.00154,0.019840079999999993
dwconv-bn-relu_prior_KSCE0D.pt,56,154,154,3,1,4.82944,0.00154,0.020333880000000006
dwconv-bn-relu_prior_MQVK33.pt,14,494,494,7,1,4.8412,0.0247,0.019658119999999998
dwconv-bn-relu_prior_WV3Y1W.pt,56,31,31,7,1,4.8608,0.00155,0.019683259999999998
dwconv-bn-relu_prior_EI4VTF.pt,28,239,239,5,1,4.871776,0.006214,0.019659979999999997
dwconv-bn-relu_prior_BSOO9A.pt,14,499,499,7,1,4.8902,0.02495,0.01997972
dwconv-bn-relu_prior_TAZFIB.pt,112,15,15,5,1,4.89216,0.00039,0.019688839999999996
dwconv-bn-relu_prior_HVWPND.pt,112,39,39,3,1,4.89216,0.00039,0.020023
dwconv-bn-relu_prior_NP2Y62.pt,112,39,39,3,1,4.89216,0.00039,0.019836940000000008
dwconv-bn-relu_prior_7U6ON6.pt,56,156,156,3,1,4.89216,0.00156,0.020028579999999997
dwconv-bn-relu_prior_MTF3T7.pt,56,156,156,3,1,4.89216,0.00156,0.01983428
dwconv-bn-relu_prior_5BJWHW.pt,56,60,60,5,1,4.89216,0.00156,0.019934800000000003
dwconv-bn-relu_prior_S37V6I.pt,56,156,156,3,1,4.89216,0.00156,0.019966619999999997
dwconv-bn-relu_prior_U19L9W.pt,28,240,240,5,1,4.89216,0.00624,0.020485359999999994
dwconv-bn-relu_prior_2BVVWB.pt,28,240,240,5,1,4.89216,0.00624,0.01966454
dwconv-bn-relu_prior_5EDKKC.pt,28,240,240,5,1,4.89216,0.00624,0.019687079999999992
dwconv-bn-relu_prior_M0BQ0J.pt,14,960,960,5,1,4.89216,0.02496,0.020351839999999996
dwconv-bn-relu_prior_FWM6WJ.pt,28,241,241,5,1,4.912544,0.006266,0.019877939999999997
dwconv-bn-relu_prior_9NCT9F.pt,28,241,241,5,1,4.912544,0.006266,0.019752719999999998
dwconv-bn-relu_prior_MPEQZ9.pt,28,965,965,5,2,4.91764,0.02509,0.020216699999999994
dwconv-bn-relu_prior_SUPTBT.pt,28,242,242,5,1,4.932928,0.006292,0.019811020000000002
dwconv-bn-relu_prior_EKNDZJ.pt,14,970,970,5,1,4.94312,0.02522,0.020501479999999996
dwconv-bn-relu_prior_B2H641.pt,14,970,970,5,1,4.94312,0.02522,0.019781180000000002
dwconv-bn-relu_prior_RS5M2S.pt,14,972,972,5,1,4.953312,0.025272,0.019866380000000003
dwconv-bn-relu_prior_GSG4BY.pt,56,158,158,3,1,4.95488,0.00158,0.02036898000000001
dwconv-bn-relu_prior_Z2B2HC.pt,56,158,158,3,1,4.95488,0.00158,0.01976884
dwconv-bn-relu_prior_TCUF86.pt,56,158,158,3,1,4.95488,0.00158,0.019743599999999993
dwconv-bn-relu_prior_R03AMD.pt,14,974,974,5,1,4.963504,0.025324,0.01986952
dwconv-bn-relu_prior_ESE8ZT.pt,28,974,974,5,2,4.963504,0.025324,0.019669219999999998
dwconv-bn-relu_prior_442I9G.pt,14,975,975,5,1,4.9686,0.02535,0.01984138
dwconv-bn-relu_prior_VYI2N0.pt,56,61,61,5,1,4.973696,0.001586,0.020048439999999997
dwconv-bn-relu_prior_XY7JZS.pt,56,61,61,5,1,4.973696,0.001586,0.019899520000000007
dwconv-bn-relu_prior_LRHSL9.pt,56,61,61,5,1,4.973696,0.001586,0.020277179999999992
dwconv-bn-relu_prior_MNFXFU.pt,28,244,244,5,1,4.973696,0.006344,0.02029192
dwconv-bn-relu_prior_NPSP2G.pt,14,976,976,5,1,4.973696,0.025376,0.01984894
dwconv-bn-relu_prior_051L6E.pt,14,976,976,5,1,4.973696,0.025376,0.01993966
dwconv-bn-relu_prior_FCG8UZ.pt,56,127,127,7,2,4.9784,0.00635,0.0196289
dwconv-bn-relu_prior_ZDABZM.pt,56,159,159,3,1,4.98624,0.00159,0.019996459999999997
dwconv-bn-relu_prior_K4WTTX.pt,56,159,159,3,1,4.98624,0.00159,0.01989724
dwconv-bn-relu_prior_4NYX87.pt,56,159,159,3,1,4.98624,0.00159,0.019875419999999994
dwconv-bn-relu_prior_4Q24CB.pt,28,246,246,5,1,5.014464,0.006396,0.019588299999999996
dwconv-bn-relu_prior_0VACBI.pt,28,246,246,5,1,5.014464,0.006396,0.0197017
dwconv-bn-relu_prior_EXH7QI.pt,28,246,246,5,1,5.014464,0.006396,0.019831299999999996
dwconv-bn-relu_prior_HNRRL1.pt,56,160,160,3,1,5.0176,0.0016,0.019956260000000003
dwconv-bn-relu_prior_BFGT4U.pt,56,160,160,3,1,5.0176,0.0016,0.0199041
dwconv-bn-relu_prior_XH14C4.pt,56,160,160,3,1,5.0176,0.0016,0.01991668
dwconv-bn-relu_prior_FYENJG.pt,56,160,160,3,1,5.0176,0.0016,0.01985342
dwconv-bn-relu_prior_H0VS68.pt,28,128,128,7,1,5.0176,0.0064,0.019542739999999996
dwconv-bn-relu_prior_HG7NQ9.pt,14,512,512,7,1,5.0176,0.0256,0.01981848
dwconv-bn-relu_prior_DCU1AX.pt,28,247,247,5,1,5.034848,0.006422,0.019748199999999997
dwconv-bn-relu_prior_L5NWO6.pt,56,62,62,5,1,5.055232,0.001612,0.019711580000000006
dwconv-bn-relu_prior_HVWHMM.pt,56,62,62,5,1,5.055232,0.001612,0.019844860000000002
dwconv-bn-relu_prior_O6QNMH.pt,28,248,248,5,1,5.055232,0.006448,0.019731939999999993
dwconv-bn-relu_prior_DEB799.pt,14,517,517,7,1,5.0666,0.02585,0.019558599999999995
dwconv-bn-relu_prior_N3AYIZ.pt,28,249,249,5,1,5.075616,0.006474,0.019466480000000005
dwconv-bn-relu_prior_7T5G0B.pt,56,162,162,3,1,5.08032,0.00162,0.01980988
dwconv-bn-relu_prior_BJPOLF.pt,56,162,162,3,1,5.08032,0.00162,0.01977692
dwconv-bn-relu_prior_KOOS34.pt,28,250,250,5,1,5.096,0.0065,0.02002004
dwconv-bn-relu_prior_2UTR0R.pt,56,163,163,3,1,5.11168,0.00163,0.020067640000000005
dwconv-bn-relu_prior_KX44EF.pt,56,163,163,3,1,5.11168,0.00163,0.02007622
dwconv-bn-relu_prior_DP9P2X.pt,112,63,63,5,2,5.136768,0.001638,0.019749779999999998
dwconv-bn-relu_prior_DEQN8J.pt,28,252,252,5,1,5.136768,0.006552,0.019907639999999994
dwconv-bn-relu_prior_YP8NFO.pt,112,41,41,3,1,5.14304,0.00041,0.020108259999999992
dwconv-bn-relu_prior_WV8C33.pt,56,164,164,3,1,5.14304,0.00164,0.019978759999999998
dwconv-bn-relu_prior_9WT6MQ.pt,56,164,164,3,1,5.14304,0.00164,0.02011192
dwconv-bn-relu_prior_UAA7ZQ.pt,112,165,165,3,2,5.1744,0.00165,0.020512899999999997
dwconv-bn-relu_prior_ELECTE.pt,56,165,165,3,1,5.1744,0.00165,0.02018942
dwconv-bn-relu_prior_7BBR6Q.pt,56,33,33,7,1,5.1744,0.00165,0.019684560000000004
dwconv-bn-relu_prior_KPZUKI.pt,14,1018,1018,5,1,5.187728,0.026468,0.019843600000000003
dwconv-bn-relu_prior_ZDP1N6.pt,56,166,166,3,1,5.20576,0.00166,0.01978228
dwconv-bn-relu_prior_UIQ90F.pt,56,64,64,5,1,5.218304,0.001664,0.02014624
dwconv-bn-relu_prior_COHH26.pt,28,256,256,5,1,5.218304,0.006656,0.019788919999999998
dwconv-bn-relu_prior_EUTKKE.pt,28,256,256,5,1,5.218304,0.006656,0.0198743
dwconv-bn-relu_prior_WOAC65.pt,56,167,167,3,1,5.23712,0.00167,0.019811520000000006
dwconv-bn-relu_prior_4NUG6Q.pt,56,167,167,3,1,5.23712,0.00167,0.0197312
dwconv-bn-relu_prior_F4XX7J.pt,28,669,669,3,1,5.24496,0.00669,0.019690719999999995
dwconv-bn-relu_prior_LJG44B.pt,28,258,258,5,1,5.259072,0.006708,0.0200205
dwconv-bn-relu_prior_8OGWHB.pt,28,258,258,5,1,5.259072,0.006708,0.01974756
dwconv-bn-relu_prior_LC5VC6.pt,28,671,671,3,1,5.26064,0.00671,0.01973384
dwconv-bn-relu_prior_LHC9BW.pt,112,42,42,3,1,5.26848,0.00042,0.019856899999999997
dwconv-bn-relu_prior_RLFPCX.pt,112,42,42,3,1,5.26848,0.00042,0.01996616
dwconv-bn-relu_prior_FB3I32.pt,28,673,673,3,1,5.27632,0.00673,0.019882920000000005
dwconv-bn-relu_prior_HDMV4R.pt,28,259,259,5,1,5.279456,0.006734,0.0197245
dwconv-bn-relu_prior_G4UN48.pt,28,674,674,3,1,5.28416,0.00674,0.019900619999999994
dwconv-bn-relu_prior_WVL309.pt,28,674,674,3,1,5.28416,0.00674,0.020083100000000003
dwconv-bn-relu_prior_NH2IBX.pt,56,65,65,5,1,5.29984,0.00169,0.020132300000000006
dwconv-bn-relu_prior_VU05KY.pt,56,65,65,5,1,5.29984,0.00169,0.019840979999999998
dwconv-bn-relu_prior_OT64EB.pt,28,677,677,3,1,5.30768,0.00677,0.01997542
dwconv-bn-relu_prior_FEDSQ7.pt,28,261,261,5,1,5.320224,0.006786,0.019844439999999998
dwconv-bn-relu_prior_EZ02SC.pt,56,261,261,5,2,5.320224,0.006786,0.019856440000000003
dwconv-bn-relu_prior_Y2V8PO.pt,28,261,261,5,1,5.320224,0.006786,0.01976816
dwconv-bn-relu_prior_YJYHAE.pt,28,261,261,5,1,5.320224,0.006786,0.019875160000000003
dwconv-bn-relu_prior_8V9BBF.pt,56,170,170,3,1,5.3312,0.0017,0.01990902
dwconv-bn-relu_prior_QKHNJ3.pt,28,683,683,3,1,5.35472,0.00683,0.01989406
dwconv-bn-relu_prior_FZUZYP.pt,28,683,683,3,1,5.35472,0.00683,0.019783359999999996
dwconv-bn-relu_prior_HWK26Y.pt,56,263,263,5,2,5.360992,0.006838,0.0196922
dwconv-bn-relu_prior_FZA04V.pt,112,171,171,3,2,5.36256,0.00171,0.019774059999999996
dwconv-bn-relu_prior_YIXQEC.pt,28,685,685,3,1,5.3704,0.00685,0.01994232
dwconv-bn-relu_prior_PRLU22.pt,28,264,264,5,1,5.381376,0.006864,0.01984384
dwconv-bn-relu_prior_TN5PLB.pt,112,43,43,3,1,5.39392,0.00043,0.019976559999999997
dwconv-bn-relu_prior_3JJ8IN.pt,56,172,172,3,1,5.39392,0.00172,0.020061899999999997
dwconv-bn-relu_prior_Z29QW2.pt,56,172,172,3,1,5.39392,0.00172,0.020030419999999993
dwconv-bn-relu_prior_HXN7BH.pt,28,265,265,5,1,5.40176,0.00689,0.019823439999999998
dwconv-bn-relu_prior_YQ7I0Z.pt,28,265,265,5,1,5.40176,0.00689,0.01969734
dwconv-bn-relu_prior_8R8NAQ.pt,56,173,173,3,1,5.42528,0.00173,0.019815900000000008
dwconv-bn-relu_prior_S1F1WR.pt,112,173,173,3,2,5.42528,0.00173,0.01999746
dwconv-bn-relu_prior_LZM8B4.pt,56,173,173,3,1,5.42528,0.00173,0.019898979999999997
dwconv-bn-relu_prior_3HVZGN.pt,56,173,173,3,1,5.42528,0.00173,0.019937000000000003
dwconv-bn-relu_prior_VS0JGV.pt,28,267,267,5,1,5.442528,0.006942,0.019902059999999996
dwconv-bn-relu_prior_T3T1H9.pt,56,174,174,3,1,5.45664,0.00174,0.01974556
dwconv-bn-relu_prior_989A8H.pt,56,174,174,3,1,5.45664,0.00174,0.019870419999999996
dwconv-bn-relu_prior_WISCB5.pt,56,67,67,5,1,5.462912,0.001742,0.01970094
dwconv-bn-relu_prior_GHBKXL.pt,56,175,175,3,1,5.488,0.00175,0.020042140000000007
dwconv-bn-relu_prior_GF75KI.pt,56,175,175,3,1,5.488,0.00175,0.01994352
dwconv-bn-relu_prior_W4N2WB.pt,14,560,560,7,1,5.488,0.028,0.019696240000000004
dwconv-bn-relu_prior_5SV9RW.pt,112,44,44,3,1,5.51936,0.00044,0.019956559999999995
dwconv-bn-relu_prior_XYRENK.pt,112,44,44,3,1,5.51936,0.00044,0.019949399999999996
dwconv-bn-relu_prior_WA8HNG.pt,112,44,44,3,1,5.51936,0.00044,0.01983154
dwconv-bn-relu_prior_AXQ92W.pt,112,44,44,3,1,5.51936,0.00044,0.0200682
dwconv-bn-relu_prior_4UYT0R.pt,56,176,176,3,1,5.51936,0.00176,0.019911939999999996
dwconv-bn-relu_prior_3A26FL.pt,112,17,17,5,1,5.544448,0.000442,0.019895519999999996
dwconv-bn-relu_prior_AEZWW9.pt,112,17,17,5,1,5.544448,0.000442,0.01984946
dwconv-bn-relu_prior_6NMXFR.pt,112,17,17,5,1,5.544448,0.000442,0.019777659999999996
dwconv-bn-relu_prior_VFXJJA.pt,56,68,68,5,1,5.544448,0.001768,0.020031719999999992
dwconv-bn-relu_prior_DTU2BQ.pt,56,68,68,5,1,5.544448,0.001768,0.01982886
dwconv-bn-relu_prior_LIVOOC.pt,56,68,68,5,1,5.544448,0.001768,0.01986016
dwconv-bn-relu_prior_HS3FFL.pt,56,177,177,3,1,5.55072,0.00177,0.0199104
dwconv-bn-relu_prior_H8O22X.pt,56,177,177,3,1,5.55072,0.00177,0.0197038
dwconv-bn-relu_prior_GKSGHX.pt,56,177,177,3,1,5.55072,0.00177,0.01976952
dwconv-bn-relu_prior_0R1YEL.pt,56,177,177,3,1,5.55072,0.00177,0.01984552000000001
dwconv-bn-relu_prior_MJBKVC.pt,56,177,177,3,1,5.55072,0.00177,0.019863640000000002
dwconv-bn-relu_prior_M9ZVAF.pt,56,177,177,3,1,5.55072,0.00177,0.019828
dwconv-bn-relu_prior_JSPIHA.pt,56,179,179,3,1,5.61344,0.00179,0.01975574
dwconv-bn-relu_prior_GFRZC4.pt,56,179,179,3,1,5.61344,0.00179,0.01989618
dwconv-bn-relu_prior_CSKTOB.pt,112,179,179,3,2,5.61344,0.00179,0.019953340000000003
dwconv-bn-relu_prior_HY94WP.pt,56,179,179,3,1,5.61344,0.00179,0.02022162
dwconv-bn-relu_prior_N1DKFB.pt,56,69,69,5,1,5.625984,0.001794,0.019876700000000004
dwconv-bn-relu_prior_4K921S.pt,56,69,69,5,1,5.625984,0.001794,0.020070440000000005
dwconv-bn-relu_prior_RQMRMW.pt,112,45,45,3,1,5.6448,0.00045,0.01987146
dwconv-bn-relu_prior_2456KV.pt,112,45,45,3,1,5.6448,0.00045,0.019919379999999997
dwconv-bn-relu_prior_GJMJ51.pt,112,45,45,3,1,5.6448,0.00045,0.019945300000000003
dwconv-bn-relu_prior_URBRK8.pt,56,36,36,7,1,5.6448,0.0018,0.01976276
dwconv-bn-relu_prior_6B25YM.pt,56,180,180,3,1,5.6448,0.0018,0.01984364
dwconv-bn-relu_prior_4JWUME.pt,56,180,180,3,1,5.6448,0.0018,0.019781219999999995
dwconv-bn-relu_prior_UO12R5.pt,112,180,180,3,2,5.6448,0.0018,0.0197234
dwconv-bn-relu_prior_51C9ME.pt,56,36,36,7,1,5.6448,0.0018,0.019590899999999994
dwconv-bn-relu_prior_XEOC0S.pt,14,581,581,7,1,5.6938,0.02905,0.019922759999999998
dwconv-bn-relu_prior_57WJY8.pt,56,182,182,3,1,5.70752,0.00182,0.01982486
dwconv-bn-relu_prior_EYVSA9.pt,56,70,70,5,1,5.70752,0.00182,0.01981834
dwconv-bn-relu_prior_SGPAS6.pt,56,70,70,5,1,5.70752,0.00182,0.019778720000000007
dwconv-bn-relu_prior_1U73VL.pt,56,70,70,5,1,5.70752,0.00182,0.019871220000000002
dwconv-bn-relu_prior_IBUAD3.pt,14,1132,1132,5,1,5.768672,0.029432,0.019875000000000004
dwconv-bn-relu_prior_VA169W.pt,112,46,46,3,1,5.77024,0.00046,0.019894759999999994
dwconv-bn-relu_prior_Y40O6C.pt,112,46,46,3,1,5.77024,0.00046,0.01973112
dwconv-bn-relu_prior_AYABAG.pt,112,184,184,3,2,5.77024,0.00184,0.019831379999999996
dwconv-bn-relu_prior_7AA927.pt,14,1135,1135,5,1,5.78396,0.02951,0.019848779999999996
dwconv-bn-relu_prior_Q1PIB7.pt,14,1135,1135,5,1,5.78396,0.02951,0.019918780000000007
dwconv-bn-relu_prior_AL3L30.pt,28,1135,1135,5,2,5.78396,0.02951,0.0198014
dwconv-bn-relu_prior_06K6TT.pt,56,71,71,5,1,5.789056,0.001846,0.019948480000000005
dwconv-bn-relu_prior_FNOWEF.pt,56,71,71,5,1,5.789056,0.001846,0.019960199999999997
dwconv-bn-relu_prior_5R6N0P.pt,14,1136,1136,5,1,5.789056,0.029536,0.020447580000000003
dwconv-bn-relu_prior_9AYA0Q.pt,56,185,185,3,1,5.8016,0.00185,0.02027507999999999
dwconv-bn-relu_prior_6KL5Y1.pt,14,1145,1145,5,1,5.83492,0.02977,0.019813800000000003
dwconv-bn-relu_prior_YCWKWC.pt,14,1147,1147,5,1,5.845112,0.029822,0.019793900000000003
dwconv-bn-relu_prior_EGPTFJ.pt,14,1148,1148,5,1,5.850208,0.029848,0.01989586
dwconv-bn-relu_prior_86JOWS.pt,14,1150,1150,5,1,5.8604,0.0299,0.02046388
dwconv-bn-relu_prior_SV9VGJ.pt,14,1151,1151,5,1,5.865496,0.029926,0.019860080000000002
dwconv-bn-relu_prior_Y1YQLQ.pt,14,1151,1151,5,1,5.865496,0.029926,0.019867860000000005
dwconv-bn-relu_prior_T15PPZ.pt,14,1151,1151,5,1,5.865496,0.029926,0.01983704
dwconv-bn-relu_prior_VNH0R8.pt,56,72,72,5,1,5.870592,0.001872,0.019889260000000006
dwconv-bn-relu_prior_WLDOUY.pt,112,47,47,3,1,5.89568,0.00047,0.019869379999999996
dwconv-bn-relu_prior_FWZ73A.pt,112,47,47,3,1,5.89568,0.00047,0.019848319999999996
dwconv-bn-relu_prior_XP6AQ4.pt,112,47,47,3,1,5.89568,0.00047,0.019780339999999993
dwconv-bn-relu_prior_R2Q74T.pt,56,73,73,5,1,5.952128,0.001898,0.0205504
dwconv-bn-relu_prior_YXQ0BS.pt,56,73,73,5,1,5.952128,0.001898,0.019794179999999998
dwconv-bn-relu_prior_7LF613.pt,56,190,190,3,1,5.9584,0.0019,0.019715680000000003
dwconv-bn-relu_prior_A3QVSV.pt,56,191,191,3,1,5.98976,0.00191,0.01999498
dwconv-bn-relu_prior_6Z9LL2.pt,112,48,48,3,1,6.02112,0.00048,0.019752479999999992
dwconv-bn-relu_prior_7MBZTY.pt,56,192,192,3,1,6.02112,0.00192,0.019848919999999996
dwconv-bn-relu_prior_XPGU8O.pt,56,74,74,5,1,6.033664,0.001924,0.019922159999999994
dwconv-bn-relu_prior_8TL3XL.pt,56,74,74,5,1,6.033664,0.001924,0.019956119999999994
dwconv-bn-relu_prior_PR55QB.pt,56,74,74,5,1,6.033664,0.001924,0.019904280000000003
dwconv-bn-relu_prior_VGT4TK.pt,28,154,154,7,1,6.0368,0.0077,0.019597160000000006
dwconv-bn-relu_prior_U39SS8.pt,56,75,75,5,1,6.1152,0.00195,0.020383360000000003
dwconv-bn-relu_prior_56HTYI.pt,56,195,195,3,1,6.1152,0.00195,0.019831299999999996
dwconv-bn-relu_prior_4SVAQO.pt,56,39,39,7,1,6.1152,0.00195,0.01964448
dwconv-bn-relu_prior_CBIGH3.pt,56,75,75,5,1,6.1152,0.00195,0.019735100000000002
dwconv-bn-relu_prior_0ZPIT1.pt,112,49,49,3,1,6.14656,0.00049,0.019786040000000005
dwconv-bn-relu_prior_49688T.pt,112,49,49,3,1,6.14656,0.00049,0.019899519999999993
dwconv-bn-relu_prior_EW26RJ.pt,28,157,157,7,1,6.1544,0.00785,0.02034587999999999
dwconv-bn-relu_prior_79QPEZ.pt,28,157,157,7,1,6.1544,0.00785,0.019578719999999997
dwconv-bn-relu_prior_S0NTWL.pt,28,157,157,7,1,6.1544,0.00785,0.01986966
dwconv-bn-relu_prior_IGG8LJ.pt,28,157,157,7,1,6.1544,0.00785,0.019602300000000003
dwconv-bn-relu_prior_8JRXVV.pt,28,158,158,7,1,6.1936,0.0079,0.019533779999999997
dwconv-bn-relu_prior_SR6AEQ.pt,56,76,76,5,1,6.196736,0.001976,0.019981819999999994
dwconv-bn-relu_prior_YCZ99Z.pt,56,76,76,5,1,6.196736,0.001976,0.019840599999999996
dwconv-bn-relu_prior_82IRUH.pt,56,76,76,5,1,6.196736,0.001976,0.01975344
dwconv-bn-relu_prior_J748AL.pt,28,159,159,7,1,6.2328,0.00795,0.02012060000000001
dwconv-bn-relu_prior_K423BH.pt,28,159,159,7,1,6.2328,0.00795,0.01964968
dwconv-bn-relu_prior_DJJGJD.pt,56,199,199,3,1,6.24064,0.00199,0.019977479999999995
dwconv-bn-relu_prior_6XK7PT.pt,112,50,50,3,1,6.272,0.0005,0.019777939999999997
dwconv-bn-relu_prior_3NL414.pt,112,50,50,3,1,6.272,0.0005,0.020159479999999997
dwconv-bn-relu_prior_3IKIJI.pt,112,50,50,3,1,6.272,0.0005,0.020147059999999998
dwconv-bn-relu_prior_5942LS.pt,112,50,50,3,1,6.272,0.0005,0.02026764
dwconv-bn-relu_prior_Y2ZWQL.pt,28,160,160,7,1,6.272,0.008,0.019887079999999998
dwconv-bn-relu_prior_CXJA7T.pt,28,162,162,7,1,6.3504,0.0081,0.019678499999999998
dwconv-bn-relu_prior_XH7EZO.pt,28,162,162,7,1,6.3504,0.0081,0.020295560000000004
dwconv-bn-relu_prior_M2LA87.pt,56,78,78,5,1,6.359808,0.002028,0.020446179999999998
dwconv-bn-relu_prior_QF5K3S.pt,56,78,78,5,1,6.359808,0.002028,0.0202571
dwconv-bn-relu_prior_UFIUJX.pt,28,163,163,7,1,6.3896,0.00815,0.019876400000000002
dwconv-bn-relu_prior_7XS0ZG.pt,28,163,163,7,1,6.3896,0.00815,0.019539579999999997
dwconv-bn-relu_prior_DDT5IP.pt,112,51,51,3,1,6.39744,0.00051,0.019813719999999993
dwconv-bn-relu_prior_FHCZ64.pt,28,164,164,7,1,6.4288,0.0082,0.020453559999999996
dwconv-bn-relu_prior_93INIE.pt,28,164,164,7,1,6.4288,0.0082,0.019686539999999995
dwconv-bn-relu_prior_EWHAZX.pt,28,165,165,7,1,6.468,0.00825,0.019770760000000002
dwconv-bn-relu_prior_O1PG6W.pt,28,165,165,7,1,6.468,0.00825,0.020325839999999994
dwconv-bn-relu_prior_X9U3WR.pt,56,207,207,3,1,6.49152,0.00207,0.020467899999999987
dwconv-bn-relu_prior_2BGKRG.pt,28,166,166,7,1,6.5072,0.0083,0.0197185
dwconv-bn-relu_prior_H3CN15.pt,28,166,166,7,1,6.5072,0.0083,0.019588859999999996
dwconv-bn-relu_prior_Y75U5A.pt,112,52,52,3,1,6.52288,0.00052,0.01966946
dwconv-bn-relu_prior_0F3YL3.pt,56,80,80,5,1,6.52288,0.00208,0.01969528
dwconv-bn-relu_prior_06PJRZ.pt,56,80,80,5,1,6.52288,0.00208,0.019819539999999997
dwconv-bn-relu_prior_UPYOHF.pt,28,168,168,7,1,6.5856,0.0084,0.019578719999999997
dwconv-bn-relu_prior_88FF6M.pt,14,672,672,7,1,6.5856,0.0336,0.019738299999999997
dwconv-bn-relu_prior_YBN323.pt,56,81,81,5,1,6.604416,0.002106,0.01985996
dwconv-bn-relu_prior_KW0G6N.pt,28,169,169,7,1,6.6248,0.00845,0.020597920000000002
dwconv-bn-relu_prior_VPN2WA.pt,112,53,53,3,1,6.64832,0.00053,0.019880099999999998
dwconv-bn-relu_prior_PTMOP7.pt,112,53,53,3,1,6.64832,0.00053,0.019930259999999998
dwconv-bn-relu_prior_UT7JC0.pt,56,82,82,5,1,6.685952,0.002132,0.020222900000000002
dwconv-bn-relu_prior_S4RGDK.pt,56,82,82,5,1,6.685952,0.002132,0.01978076
dwconv-bn-relu_prior_RJ6WGJ.pt,56,82,82,5,1,6.685952,0.002132,0.019949559999999998
dwconv-bn-relu_prior_U78F30.pt,56,82,82,5,1,6.685952,0.002132,0.019892640000000003
dwconv-bn-relu_prior_BVPN5O.pt,14,683,683,7,1,6.6934,0.03415,0.02037364
dwconv-bn-relu_prior_8ISN0N.pt,28,171,171,7,1,6.7032,0.00855,0.019737579999999998
dwconv-bn-relu_prior_CK3H9H.pt,28,172,172,7,1,6.7424,0.0086,0.019869620000000005
dwconv-bn-relu_prior_K4ZW2Q.pt,56,83,83,5,1,6.767488,0.002158,0.0198895
dwconv-bn-relu_prior_4OQDRW.pt,56,83,83,5,1,6.767488,0.002158,0.020486159999999996
dwconv-bn-relu_prior_GH52UK.pt,112,54,54,3,1,6.77376,0.00054,0.019819480000000004
dwconv-bn-relu_prior_7VY0YF.pt,112,54,54,3,1,6.77376,0.00054,0.0203514
dwconv-bn-relu_prior_VWNCKS.pt,56,217,217,3,1,6.80512,0.00217,0.01983
dwconv-bn-relu_prior_J5W6XK.pt,28,174,174,7,1,6.8208,0.0087,0.02036972
dwconv-bn-relu_prior_FVFJ7B.pt,112,21,21,5,1,6.849024,0.000546,0.01982592
dwconv-bn-relu_prior_JRAPGD.pt,56,84,84,5,1,6.849024,0.002184,0.020004400000000002
dwconv-bn-relu_prior_ON30OR.pt,56,84,84,5,1,6.849024,0.002184,0.01984306
dwconv-bn-relu_prior_M1QCMO.pt,28,175,175,7,1,6.86,0.00875,0.019610760000000005
dwconv-bn-relu_prior_XG9TH3.pt,28,175,175,7,1,6.86,0.00875,0.019698019999999997
dwconv-bn-relu_prior_O0XX2N.pt,56,219,219,3,1,6.86784,0.00219,0.01989009999999999
dwconv-bn-relu_prior_XJN5KG.pt,112,55,55,3,1,6.8992,0.00055,0.019754380000000002
dwconv-bn-relu_prior_KX45NY.pt,112,55,55,3,1,6.8992,0.00055,0.019771219999999992
dwconv-bn-relu_prior_95W5WL.pt,28,176,176,7,1,6.8992,0.0088,0.01965086
dwconv-bn-relu_prior_WDUZ9M.pt,28,176,176,7,1,6.8992,0.0088,0.019662919999999993
dwconv-bn-relu_prior_O1CRGG.pt,28,176,176,7,1,6.8992,0.0088,0.019823760000000006
dwconv-bn-relu_prior_YBEH6M.pt,28,177,177,7,1,6.9384,0.00885,0.019857020000000003
dwconv-bn-relu_prior_AO6EW7.pt,28,178,178,7,1,6.9776,0.0089,0.01986504
dwconv-bn-relu_prior_A4PVTI.pt,28,178,178,7,1,6.9776,0.0089,0.019914579999999998
dwconv-bn-relu_prior_CHPQDV.pt,56,86,86,5,1,7.012096,0.002236,0.0199926
dwconv-bn-relu_prior_KJ19RH.pt,28,179,179,7,1,7.0168,0.00895,0.01972158
dwconv-bn-relu_prior_D9QIBR.pt,112,56,56,3,1,7.02464,0.00056,0.02045549999999999
dwconv-bn-relu_prior_36GDRP.pt,112,56,56,3,1,7.02464,0.00056,0.020468040000000003
dwconv-bn-relu_prior_87CTPM.pt,112,56,56,3,1,7.02464,0.00056,0.019832660000000005
dwconv-bn-relu_prior_YXORQU.pt,56,224,224,3,1,7.02464,0.00224,0.019839839999999997
dwconv-bn-relu_prior_0WFT8Z.pt,28,181,181,7,1,7.0952,0.00905,0.02043847999999999
dwconv-bn-relu_prior_VP5BCZ.pt,28,182,182,7,1,7.1344,0.0091,0.019811199999999998
dwconv-bn-relu_prior_41ERF1.pt,112,22,22,5,1,7.175168,0.000572,0.019972639999999996
dwconv-bn-relu_prior_OAKNS5.pt,56,88,88,5,1,7.175168,0.002288,0.019724159999999994
dwconv-bn-relu_prior_JJZGZI.pt,56,88,88,5,1,7.175168,0.002288,0.019809780000000006
dwconv-bn-relu_prior_GPZSCH.pt,56,89,89,5,1,7.256704,0.002314,0.019928140000000004
dwconv-bn-relu_prior_BM3PQ2.pt,56,89,89,5,1,7.256704,0.002314,0.020044459999999997
dwconv-bn-relu_prior_1L7CEK.pt,112,58,58,3,1,7.27552,0.00058,0.019729879999999998
dwconv-bn-relu_prior_1TRN8C.pt,112,58,58,3,1,7.27552,0.00058,0.020061999999999997
dwconv-bn-relu_prior_L89LII.pt,112,58,58,3,1,7.27552,0.00058,0.019869460000000002
dwconv-bn-relu_prior_4UDURR.pt,28,186,186,7,1,7.2912,0.0093,0.019879739999999993
dwconv-bn-relu_prior_D2VLZF.pt,56,233,233,3,1,7.30688,0.00233,0.01974474
dwconv-bn-relu_prior_FF1RBS.pt,56,234,234,3,1,7.33824,0.00234,0.020371000000000007
dwconv-bn-relu_prior_HL6DF6.pt,56,234,234,3,1,7.33824,0.00234,0.019669520000000006
dwconv-bn-relu_prior_SFPRZI.pt,112,59,59,3,1,7.40096,0.00059,0.019744400000000006
dwconv-bn-relu_prior_7NCAKP.pt,56,237,237,3,1,7.43232,0.00237,0.019729040000000003
dwconv-bn-relu_prior_TPBH5N.pt,28,954,954,3,1,7.47936,0.00954,0.019744159999999993
dwconv-bn-relu_prior_YR0QTA.pt,28,955,955,3,1,7.4872,0.00955,0.019644320000000003
dwconv-bn-relu_prior_XMGUL0.pt,56,239,239,3,1,7.49504,0.00239,0.019788379999999994
dwconv-bn-relu_prior_VN45UI.pt,28,956,956,3,1,7.49504,0.00956,0.019569419999999994
dwconv-bn-relu_prior_MAJ99B.pt,112,23,23,5,1,7.501312,0.000598,0.020089700000000002
dwconv-bn-relu_prior_WL6F1I.pt,112,92,92,5,2,7.501312,0.002392,0.019805979999999997
dwconv-bn-relu_prior_DD80OV.pt,56,92,92,5,1,7.501312,0.002392,0.020551260000000005
dwconv-bn-relu_prior_AN7FBZ.pt,112,60,60,3,1,7.5264,0.0006,0.01983562000000001
dwconv-bn-relu_prior_D3BMJH.pt,112,12,12,7,1,7.5264,0.0006,0.02037252
dwconv-bn-relu_prior_J0JEW2.pt,28,960,960,3,1,7.5264,0.0096,0.020484479999999996
dwconv-bn-relu_prior_P5YI1T.pt,28,963,963,3,1,7.54992,0.00963,0.019853920000000004
dwconv-bn-relu_prior_3RTTN4.pt,28,965,965,3,1,7.5656,0.00965,0.019822560000000006
dwconv-bn-relu_prior_X3GOL3.pt,28,193,193,7,1,7.5656,0.00965,0.020437819999999992
dwconv-bn-relu_prior_462WLM.pt,28,969,969,3,1,7.59696,0.00969,0.0196102
dwconv-bn-relu_prior_SD5EBY.pt,28,972,972,3,1,7.62048,0.00972,0.019877559999999996
dwconv-bn-relu_prior_2BX1KT.pt,28,972,972,3,1,7.62048,0.00972,0.01967594
dwconv-bn-relu_prior_X2K8SZ.pt,28,974,974,3,1,7.63616,0.00974,0.02009938
dwconv-bn-relu_prior_3XZ0I7.pt,112,61,61,3,1,7.65184,0.00061,0.019700339999999997
dwconv-bn-relu_prior_19MPNS.pt,112,61,61,3,1,7.65184,0.00061,0.0197103
dwconv-bn-relu_prior_19WTER.pt,56,244,244,3,1,7.65184,0.00244,0.01975188
dwconv-bn-relu_prior_FF8X4N.pt,56,94,94,5,1,7.664384,0.002444,0.01981336
dwconv-bn-relu_prior_FEM95K.pt,56,94,94,5,1,7.664384,0.002444,0.02041378
dwconv-bn-relu_prior_D4G3VB.pt,56,94,94,5,1,7.664384,0.002444,0.02044168
dwconv-bn-relu_prior_BMT1AF.pt,112,94,94,5,2,7.664384,0.002444,0.01978324
dwconv-bn-relu_prior_NA2PCY.pt,56,94,94,5,1,7.664384,0.002444,0.019682039999999998
dwconv-bn-relu_prior_6RV4VZ.pt,28,978,978,3,1,7.66752,0.00978,0.019992
dwconv-bn-relu_prior_SANYTZ.pt,28,978,978,3,1,7.66752,0.00978,0.019661400000000006
dwconv-bn-relu_prior_I2HNH8.pt,56,246,246,3,1,7.71456,0.00246,0.020625139999999997
dwconv-bn-relu_prior_Z3ULJL.pt,56,95,95,5,1,7.74592,0.00247,0.02016784
dwconv-bn-relu_prior_R2O7ZX.pt,112,95,95,5,2,7.74592,0.00247,0.019914879999999992
dwconv-bn-relu_prior_ZC3JS6.pt,56,247,247,3,1,7.74592,0.00247,0.019656119999999996
dwconv-bn-relu_prior_JIORS7.pt,56,95,95,5,1,7.74592,0.00247,0.01985638
dwconv-bn-relu_prior_3FCUJU.pt,56,95,95,5,1,7.74592,0.00247,0.019854139999999992
dwconv-bn-relu_prior_IZJH40.pt,56,95,95,5,1,7.74592,0.00247,0.019964499999999993
dwconv-bn-relu_prior_4CRUHX.pt,112,62,62,3,1,7.77728,0.00062,0.019841539999999998
dwconv-bn-relu_prior_726H5S.pt,112,62,62,3,1,7.77728,0.00062,0.019601439999999998
dwconv-bn-relu_prior_Z4B390.pt,56,96,96,5,1,7.827456,0.002496,0.019881879999999998
dwconv-bn-relu_prior_IEJIN1.pt,56,96,96,5,1,7.827456,0.002496,0.019888939999999994
dwconv-bn-relu_prior_TWH0NV.pt,56,50,50,7,1,7.84,0.0025,0.019808120000000002
dwconv-bn-relu_prior_5OX7XL.pt,28,200,200,7,1,7.84,0.01,0.019565900000000004
dwconv-bn-relu_prior_X0MIEI.pt,112,63,63,3,1,7.90272,0.00063,0.019629399999999998
dwconv-bn-relu_prior_EVXWQG.pt,112,63,63,3,1,7.90272,0.00063,0.0203137
dwconv-bn-relu_prior_HA2ZKT.pt,112,63,63,3,1,7.90272,0.00063,0.01976394
dwconv-bn-relu_prior_VLZIZ2.pt,56,252,252,3,1,7.90272,0.00252,0.02048074
dwconv-bn-relu_prior_BW0FO4.pt,56,97,97,5,1,7.908992,0.002522,0.020541099999999996
dwconv-bn-relu_prior_6DU7GG.pt,28,388,388,5,1,7.908992,0.010088,0.019944580000000003
dwconv-bn-relu_prior_NJJ264.pt,56,253,253,3,1,7.93408,0.00253,0.020430580000000004
dwconv-bn-relu_prior_B2SR0R.pt,28,390,390,5,1,7.94976,0.01014,0.01972108
dwconv-bn-relu_prior_KON55G.pt,56,254,254,3,1,7.96544,0.00254,0.020514319999999996
dwconv-bn-relu_prior_I7NS96.pt,28,391,391,5,1,7.970144,0.010166,0.019652120000000002
dwconv-bn-relu_prior_ZRPHVA.pt,56,51,51,7,1,7.9968,0.00255,0.019799020000000004
dwconv-bn-relu_prior_CER7XN.pt,28,204,204,7,1,7.9968,0.0102,0.01972148
dwconv-bn-relu_prior_1OEZTN.pt,112,64,64,3,1,8.02816,0.00064,0.019882160000000003
dwconv-bn-relu_prior_DYH9QL.pt,112,64,64,3,1,8.02816,0.00064,0.02008146
dwconv-bn-relu_prior_IZUMJ3.pt,112,64,64,3,1,8.02816,0.00064,0.019904039999999998
dwconv-bn-relu_prior_Z6ALMY.pt,28,1029,1029,3,1,8.06736,0.01029,0.020449520000000002
dwconv-bn-relu_prior_5V860K.pt,28,396,396,5,1,8.072064,0.010296,0.01988436
dwconv-bn-relu_prior_WPCHXK.pt,28,1031,1031,3,1,8.08304,0.01031,0.01979594
dwconv-bn-relu_prior_AYC10B.pt,56,259,259,3,1,8.12224,0.00259,0.01983612000000001
dwconv-bn-relu_prior_UM2AO6.pt,112,65,65,3,1,8.1536,0.00065,0.020579919999999995
dwconv-bn-relu_prior_6MSGCI.pt,112,65,65,3,1,8.1536,0.00065,0.019843760000000005
dwconv-bn-relu_prior_IMEK3J.pt,112,65,65,3,1,8.1536,0.00065,0.019942760000000004
dwconv-bn-relu_prior_XIPYMN.pt,112,65,65,3,1,8.1536,0.00065,0.019781579999999993
dwconv-bn-relu_prior_G2GJ3W.pt,112,65,65,3,1,8.1536,0.00065,0.019851140000000003
dwconv-bn-relu_prior_BJ46QY.pt,56,260,260,3,1,8.1536,0.0026,0.019889559999999994
dwconv-bn-relu_prior_WGB0TG.pt,56,52,52,7,1,8.1536,0.0026,0.02010418
dwconv-bn-relu_prior_TQZWER.pt,56,261,261,3,1,8.18496,0.00261,0.019783860000000004
dwconv-bn-relu_prior_M9SS9B.pt,56,261,261,3,1,8.18496,0.00261,0.01971628
dwconv-bn-relu_prior_C8FCCM.pt,56,262,262,3,1,8.21632,0.00262,0.02067412
dwconv-bn-relu_prior_ZBKIZN.pt,56,262,262,3,1,8.21632,0.00262,0.020314779999999998
dwconv-bn-relu_prior_9S4EWJ.pt,56,101,101,5,1,8.235136,0.002626,0.020363359999999994
dwconv-bn-relu_prior_U3Q2EI.pt,28,404,404,5,1,8.235136,0.010504,0.0198623
dwconv-bn-relu_prior_P1SKI9.pt,56,263,263,3,1,8.24768,0.00263,0.019743840000000002
dwconv-bn-relu_prior_BEW0IC.pt,112,263,263,3,2,8.24768,0.00263,0.020360040000000006
dwconv-bn-relu_prior_X7XC4P.pt,112,66,66,3,1,8.27904,0.00066,0.019815000000000003
dwconv-bn-relu_prior_9844UG.pt,56,265,265,3,1,8.3104,0.00265,0.019873779999999997
dwconv-bn-relu_prior_DGPLJ5.pt,28,213,213,7,1,8.3496,0.01065,0.01982594
dwconv-bn-relu_prior_ES2GFX.pt,28,213,213,7,1,8.3496,0.01065,0.020519499999999996
dwconv-bn-relu_prior_Q1SYNL.pt,28,214,214,7,1,8.3888,0.0107,0.019535099999999996
dwconv-bn-relu_prior_NZ40PG.pt,112,103,103,5,2,8.398208,0.002678,0.020249220000000005
dwconv-bn-relu_prior_N2U0BH.pt,112,67,67,3,1,8.40448,0.00067,0.01981198
dwconv-bn-relu_prior_HC197D.pt,112,67,67,3,1,8.40448,0.00067,0.02002358
dwconv-bn-relu_prior_N5DDXV.pt,112,67,67,3,1,8.40448,0.00067,0.020121959999999998
dwconv-bn-relu_prior_CMEFLJ.pt,112,67,67,3,1,8.40448,0.00067,0.01981732
dwconv-bn-relu_prior_UA80CJ.pt,112,67,67,3,1,8.40448,0.00067,0.02053278
dwconv-bn-relu_prior_4CD9QO.pt,56,54,54,7,1,8.4672,0.0027,0.020118099999999996
dwconv-bn-relu_prior_G2ERUU.pt,112,26,26,5,1,8.479744,0.000676,0.020059199999999996
dwconv-bn-relu_prior_SWRFT0.pt,112,26,26,5,1,8.479744,0.000676,0.019972860000000002
dwconv-bn-relu_prior_UF9L8W.pt,112,68,68,3,1,8.52992,0.00068,0.02032692
dwconv-bn-relu_prior_8ZTANW.pt,112,68,68,3,1,8.52992,0.00068,0.0198608
dwconv-bn-relu_prior_DWNLXN.pt,112,68,68,3,1,8.52992,0.00068,0.01985358
dwconv-bn-relu_prior_22CX8E.pt,28,218,218,7,1,8.5456,0.0109,0.019742060000000002
dwconv-bn-relu_prior_F668IX.pt,56,106,106,5,1,8.642816,0.002756,0.01979596
dwconv-bn-relu_prior_9NT7DK.pt,112,69,69,3,1,8.65536,0.00069,0.01978414000000001
dwconv-bn-relu_prior_CVNKQT.pt,112,70,70,3,1,8.7808,0.0007,0.019613720000000008
dwconv-bn-relu_prior_0HV5CG.pt,112,70,70,3,1,8.7808,0.0007,0.01986106
dwconv-bn-relu_prior_KRAE3T.pt,112,70,70,3,1,8.7808,0.0007,0.02005502
dwconv-bn-relu_prior_OY7ZN8.pt,56,56,56,7,1,8.7808,0.0028,0.020041660000000006
dwconv-bn-relu_prior_B9VDTR.pt,56,56,56,7,1,8.7808,0.0028,0.019839980000000007
dwconv-bn-relu_prior_CQ4W3H.pt,112,108,108,5,2,8.805888,0.002808,0.019782499999999995
dwconv-bn-relu_prior_8E01CW.pt,28,1124,1124,3,1,8.81216,0.01124,0.019829439999999997
dwconv-bn-relu_prior_FFZZ4X.pt,28,1126,1126,3,1,8.82784,0.01126,0.01996228
dwconv-bn-relu_prior_I597PP.pt,28,1127,1127,3,1,8.83568,0.01127,0.019761
dwconv-bn-relu_prior_0TY818.pt,28,1128,1128,3,1,8.84352,0.01128,0.019959820000000003
dwconv-bn-relu_prior_ZNKUJM.pt,28,1128,1128,3,1,8.84352,0.01128,0.0198286
dwconv-bn-relu_prior_CKCEUU.pt,28,1129,1129,3,1,8.85136,0.01129,0.020009560000000003
dwconv-bn-relu_prior_5M24JU.pt,28,1130,1130,3,1,8.8592,0.0113,0.0207609
dwconv-bn-relu_prior_DWA4HB.pt,28,1130,1130,3,1,8.8592,0.0113,0.019756479999999996
dwconv-bn-relu_prior_GWHX7V.pt,56,109,109,5,1,8.887424,0.002834,0.019775339999999995
dwconv-bn-relu_prior_5OU6HP.pt,56,109,109,5,1,8.887424,0.002834,0.0197636
dwconv-bn-relu_prior_AOSPPW.pt,56,1135,1135,3,2,8.8984,0.01135,0.019851300000000002
dwconv-bn-relu_prior_CNA8GS.pt,112,71,71,3,1,8.90624,0.00071,0.020404500000000006
dwconv-bn-relu_prior_O9IUKH.pt,112,71,71,3,1,8.90624,0.00071,0.01986698
dwconv-bn-relu_prior_NK3N2L.pt,112,71,71,3,1,8.90624,0.00071,0.0198298
dwconv-bn-relu_prior_0404ZK.pt,112,71,71,3,1,8.90624,0.00071,0.019994359999999996
dwconv-bn-relu_prior_AV9516.pt,112,71,71,3,1,8.90624,0.00071,0.02023124
dwconv-bn-relu_prior_1QQ4VS.pt,112,71,71,3,1,8.90624,0.00071,0.019940940000000004
dwconv-bn-relu_prior_DRJAYC.pt,28,1136,1136,3,1,8.90624,0.01136,0.01983494
dwconv-bn-relu_prior_VJPG58.pt,28,1138,1138,3,1,8.92192,0.01138,0.019812080000000003
dwconv-bn-relu_prior_F1YN0W.pt,28,1139,1139,3,1,8.92976,0.01139,0.01987056
dwconv-bn-relu_prior_MDUHRD.pt,56,57,57,7,1,8.9376,0.00285,0.019683499999999996
dwconv-bn-relu_prior_BEHVAF.pt,112,57,57,7,2,8.9376,0.00285,0.019785880000000002
dwconv-bn-relu_prior_LC7RBT.pt,28,1141,1141,3,1,8.94544,0.01141,0.01979538
dwconv-bn-relu_prior_MNZMMI.pt,28,1142,1142,3,1,8.95328,0.01142,0.0203017
dwconv-bn-relu_prior_FDTZA7.pt,28,1143,1143,3,1,8.96112,0.01143,0.019852800000000004
dwconv-bn-relu_prior_MI7JSN.pt,112,110,110,5,2,8.96896,0.00286,0.01984948
dwconv-bn-relu_prior_6C8RPG.pt,28,1144,1144,3,1,8.96896,0.01144,0.019858880000000002
dwconv-bn-relu_prior_4M7ITV.pt,28,1145,1145,3,1,8.9768,0.01145,0.020037639999999995
dwconv-bn-relu_prior_IVC8KC.pt,28,1147,1147,3,1,8.99248,0.01147,0.02047178
dwconv-bn-relu_prior_9RRLIV.pt,28,1147,1147,3,1,8.99248,0.01147,0.01985786
dwconv-bn-relu_prior_ZKVEG6.pt,28,1148,1148,3,1,9.00032,0.01148,0.01992882
dwconv-bn-relu_prior_QVN13P.pt,28,1148,1148,3,1,9.00032,0.01148,0.019916300000000005
dwconv-bn-relu_prior_ZFINVI.pt,28,1149,1149,3,1,9.00816,0.01149,0.01980768
dwconv-bn-relu_prior_5UMEDO.pt,28,230,230,7,1,9.016,0.0115,0.0203415
dwconv-bn-relu_prior_RF4EAD.pt,28,1150,1150,3,1,9.016,0.0115,0.019853660000000002
dwconv-bn-relu_prior_AS1YSU.pt,28,1151,1151,3,1,9.02384,0.01151,0.019772520000000002
dwconv-bn-relu_prior_07HTW2.pt,28,1151,1151,3,1,9.02384,0.01151,0.01970856
dwconv-bn-relu_prior_CLE84D.pt,112,72,72,3,1,9.03168,0.00072,0.02040046
dwconv-bn-relu_prior_VYZHQY.pt,112,72,72,3,1,9.03168,0.00072,0.019742840000000005
dwconv-bn-relu_prior_EWOTUZ.pt,112,73,73,3,1,9.15712,0.00073,0.019989700000000003
dwconv-bn-relu_prior_NDXVIM.pt,112,73,73,3,1,9.15712,0.00073,0.019876480000000002
dwconv-bn-relu_prior_EXIQ4Z.pt,14,952,952,7,1,9.3296,0.0476,0.019794300000000004
dwconv-bn-relu_prior_8E5B3N.pt,28,239,239,7,1,9.3688,0.01195,0.019613360000000003
dwconv-bn-relu_prior_AIKXX6.pt,56,115,115,5,1,9.37664,0.00299,0.01987844
dwconv-bn-relu_prior_ETRX9X.pt,112,75,75,3,1,9.408,0.00075,0.019923500000000004
dwconv-bn-relu_prior_WL1NKB.pt,56,60,60,7,1,9.408,0.003,0.019805359999999998
dwconv-bn-relu_prior_BLX8QV.pt,112,29,29,5,1,9.458176,0.000754,0.019901659999999998
dwconv-bn-relu_prior_DF0LVH.pt,56,116,116,5,1,9.458176,0.003016,0.019889660000000003
dwconv-bn-relu_prior_H9XAUK.pt,14,969,969,7,1,9.4962,0.04845,0.020386319999999993
dwconv-bn-relu_prior_AZ2MXL.pt,28,467,467,5,1,9.519328,0.012142,0.020480480000000002
dwconv-bn-relu_prior_8KTDGI.pt,112,76,76,3,1,9.53344,0.00076,0.019785040000000004
dwconv-bn-relu_prior_LO6PEQ.pt,28,468,468,5,1,9.539712,0.012168,0.01979
dwconv-bn-relu_prior_PQF9E2.pt,28,468,468,5,1,9.539712,0.012168,0.01981098
dwconv-bn-relu_prior_LBPP34.pt,56,61,61,7,1,9.5648,0.00305,0.020198999999999998
dwconv-bn-relu_prior_LFFOBC.pt,28,470,470,5,1,9.58048,0.01222,0.019922679999999998
dwconv-bn-relu_prior_8QRO6Z.pt,28,470,470,5,1,9.58048,0.01222,0.01969692
dwconv-bn-relu_prior_WP56TS.pt,14,979,979,7,1,9.5942,0.04895,0.019646600000000004
dwconv-bn-relu_prior_JC97EM.pt,28,471,471,5,1,9.600864,0.012246,0.019802760000000003
dwconv-bn-relu_prior_MB8UXF.pt,28,471,471,5,1,9.600864,0.012246,0.019787439999999996
dwconv-bn-relu_prior_WTBXTI.pt,28,471,471,5,1,9.600864,0.012246,0.019999839999999998
dwconv-bn-relu_prior_EWN83Y.pt,28,245,245,7,1,9.604,0.01225,0.02012194
dwconv-bn-relu_prior_O3AHD0.pt,112,118,118,5,2,9.621248,0.003068,0.01990428
dwconv-bn-relu_prior_2FAUDA.pt,56,472,472,5,2,9.621248,0.012272,0.019785860000000002
dwconv-bn-relu_prior_SV1T9O.pt,56,472,472,5,2,9.621248,0.012272,0.01992736
dwconv-bn-relu_prior_JPHKAX.pt,112,77,77,3,1,9.65888,0.00077,0.020201919999999998
dwconv-bn-relu_prior_9MVMJK.pt,112,77,77,3,1,9.65888,0.00077,0.019675600000000005
dwconv-bn-relu_prior_TSLRW6.pt,28,474,474,5,1,9.662016,0.012324,0.019844979999999998
dwconv-bn-relu_prior_ER1SU4.pt,28,247,247,7,1,9.6824,0.01235,0.01987738
dwconv-bn-relu_prior_0265BV.pt,56,119,119,5,1,9.702784,0.003094,0.0202061
dwconv-bn-relu_prior_DRQ8KV.pt,56,119,119,5,1,9.702784,0.003094,0.019859440000000006
dwconv-bn-relu_prior_EXLEUK.pt,28,477,477,5,1,9.723168,0.012402,0.0199095
dwconv-bn-relu_prior_90INCQ.pt,28,479,479,5,1,9.763936,0.012454,0.019815720000000005
dwconv-bn-relu_prior_OZ2P9U.pt,28,479,479,5,1,9.763936,0.012454,0.019946400000000003
dwconv-bn-relu_prior_9DLU70.pt,56,120,120,5,1,9.78432,0.00312,0.019917280000000006
dwconv-bn-relu_prior_2RY5ZX.pt,28,480,480,5,1,9.78432,0.01248,0.020261579999999998
dwconv-bn-relu_prior_YF1DV4.pt,28,481,481,5,1,9.804704,0.012506,0.0197464
dwconv-bn-relu_prior_1BMQ77.pt,28,482,482,5,1,9.825088,0.012532,0.01991428
dwconv-bn-relu_prior_YIQ44I.pt,56,121,121,5,1,9.865856,0.003146,0.01971366
dwconv-bn-relu_prior_GF7QYJ.pt,28,252,252,7,1,9.8784,0.0126,0.02036044
dwconv-bn-relu_prior_89DWT6.pt,28,485,485,5,1,9.88624,0.01261,0.020159220000000005
dwconv-bn-relu_prior_K5VPT5.pt,56,486,486,5,2,9.906624,0.012636,0.0198712
dwconv-bn-relu_prior_OLMWPO.pt,112,79,79,3,1,9.90976,0.00079,0.019576660000000003
dwconv-bn-relu_prior_7A25Z9.pt,28,253,253,7,1,9.9176,0.01265,0.020208020000000004
dwconv-bn-relu_prior_A156J0.pt,28,487,487,5,1,9.927008,0.012662,0.021084319999999997
dwconv-bn-relu_prior_S4EZT2.pt,56,122,122,5,1,9.947392,0.003172,0.02059738000000001
dwconv-bn-relu_prior_31TL1Q.pt,28,488,488,5,1,9.947392,0.012688,0.020837599999999998
dwconv-bn-relu_prior_Y6VBO0.pt,28,490,490,5,1,9.98816,0.01274,0.02025004000000001
dwconv-bn-relu_prior_8GM1U8.pt,28,491,491,5,1,10.008544,0.012766,0.019931620000000004
dwconv-bn-relu_prior_29TWRC.pt,56,123,123,5,1,10.028928,0.003198,0.019984840000000004
dwconv-bn-relu_prior_T70199.pt,28,492,492,5,1,10.028928,0.012792,0.019956679999999994
dwconv-bn-relu_prior_44USN7.pt,112,16,16,7,1,10.0352,0.0008,0.02027922
dwconv-bn-relu_prior_E89D54.pt,112,80,80,3,1,10.0352,0.0008,0.019775679999999997
dwconv-bn-relu_prior_ZIE6BO.pt,28,493,493,5,1,10.049312,0.012818,0.01992174
dwconv-bn-relu_prior_LA5OMK.pt,28,493,493,5,1,10.049312,0.012818,0.019808080000000006
dwconv-bn-relu_prior_2EI2SI.pt,28,495,495,5,1,10.09008,0.01287,0.019903640000000004
dwconv-bn-relu_prior_GXS4KO.pt,112,31,31,5,1,10.110464,0.000806,0.019790539999999995
dwconv-bn-relu_prior_HSCAVU.pt,56,124,124,5,1,10.110464,0.003224,0.020224640000000002
dwconv-bn-relu_prior_PZXHG2.pt,28,496,496,5,1,10.110464,0.012896,0.020333920000000002
dwconv-bn-relu_prior_6GV2EO.pt,28,258,258,7,1,10.1136,0.0129,0.019824200000000004
dwconv-bn-relu_prior_40JGFY.pt,28,497,497,5,1,10.130848,0.012922,0.020006220000000005
dwconv-bn-relu_prior_AJ9LDT.pt,14,1034,1034,7,1,10.1332,0.0517,0.019737180000000003
dwconv-bn-relu_prior_E5PD66.pt,14,1036,1036,7,1,10.1528,0.0518,0.02007376
dwconv-bn-relu_prior_V26T1C.pt,112,81,81,3,1,10.16064,0.00081,0.019761140000000003
dwconv-bn-relu_prior_BUOCIR.pt,28,499,499,5,1,10.171616,0.012974,0.01985232
dwconv-bn-relu_prior_YSOJRN.pt,28,499,499,5,1,10.171616,0.012974,0.020352580000000002
dwconv-bn-relu_prior_HQTWAN.pt,28,261,261,7,1,10.2312,0.01305,0.019775320000000006
dwconv-bn-relu_prior_SLVE1D.pt,28,262,262,7,1,10.2704,0.0131,0.01972486
dwconv-bn-relu_prior_BNJ3KN.pt,28,504,504,5,1,10.273536,0.013104,0.019828679999999998
dwconv-bn-relu_prior_YII4IW.pt,112,82,82,3,1,10.28608,0.00082,0.019602499999999995
dwconv-bn-relu_prior_MASZI8.pt,56,66,66,7,1,10.3488,0.0033,0.019793580000000005
dwconv-bn-relu_prior_GSI0O0.pt,28,265,265,7,1,10.388,0.01325,0.01978974
dwconv-bn-relu_prior_VFR78Q.pt,112,83,83,3,1,10.41152,0.00083,0.0196583
dwconv-bn-relu_prior_RIGGVM.pt,112,83,83,3,1,10.41152,0.00083,0.019738040000000002
dwconv-bn-relu_prior_I445J0.pt,28,513,513,5,1,10.456992,0.013338,0.01989894
dwconv-bn-relu_prior_Q8PFUZ.pt,56,67,67,7,1,10.5056,0.00335,0.019773239999999997
dwconv-bn-relu_prior_GYV9VA.pt,112,84,84,3,1,10.53696,0.00084,0.01985266
dwconv-bn-relu_prior_5Z6ZOM.pt,112,84,84,3,1,10.53696,0.00084,0.02037386
dwconv-bn-relu_prior_BFXNSV.pt,28,522,522,5,1,10.640448,0.013572,0.020446719999999998
dwconv-bn-relu_prior_WC35WB.pt,28,522,522,5,1,10.640448,0.013572,0.01981906
dwconv-bn-relu_prior_BD7A3J.pt,112,85,85,3,1,10.6624,0.00085,0.020025920000000003
dwconv-bn-relu_prior_LT4TQL.pt,112,17,17,7,1,10.6624,0.00085,0.019684579999999997
dwconv-bn-relu_prior_5FQZ6T.pt,112,85,85,3,1,10.6624,0.00085,0.019916479999999997
dwconv-bn-relu_prior_K18UXI.pt,56,68,68,7,1,10.6624,0.0034,0.01988972
dwconv-bn-relu_prior_PBABVC.pt,56,132,132,5,1,10.762752,0.003432,0.020368940000000002
dwconv-bn-relu_prior_906C1G.pt,112,86,86,3,1,10.78784,0.00086,0.01976778
dwconv-bn-relu_prior_IWUODO.pt,56,133,133,5,1,10.844288,0.003458,0.01969936000000001
dwconv-bn-relu_prior_IM4FP0.pt,112,88,88,3,1,11.03872,0.00088,0.020697159999999992
dwconv-bn-relu_prior_P3HNOD.pt,56,136,136,5,1,11.088896,0.003536,0.019694740000000006
dwconv-bn-relu_prior_5M49C2.pt,14,1140,1140,7,1,11.172,0.057,0.0198645
dwconv-bn-relu_prior_Y7T9C5.pt,14,1141,1141,7,1,11.1818,0.05705,0.02004716
dwconv-bn-relu_prior_ZZQAI8.pt,14,1148,1148,7,1,11.2504,0.0574,0.019763599999999996
dwconv-bn-relu_prior_7PX1QY.pt,112,90,90,3,1,11.2896,0.0009,0.019900559999999994
dwconv-bn-relu_prior_RO5J90.pt,112,18,18,7,1,11.2896,0.0009,0.019807660000000005
dwconv-bn-relu_prior_TK65E3.pt,56,139,139,5,1,11.333504,0.003614,0.01994406
dwconv-bn-relu_prior_E2B6MP.pt,28,556,556,5,1,11.333504,0.014456,0.019720339999999996
dwconv-bn-relu_prior_XAES0D.pt,28,556,556,5,1,11.333504,0.014456,0.019923179999999995
dwconv-bn-relu_prior_XMD3K8.pt,28,558,558,5,1,11.374272,0.014508,0.01993096
dwconv-bn-relu_prior_Z0SHS0.pt,112,91,91,3,1,11.41504,0.00091,0.019820739999999993
dwconv-bn-relu_prior_YDELDA.pt,112,35,35,5,1,11.41504,0.00091,0.01965600000000001
dwconv-bn-relu_prior_0IU8K5.pt,112,35,35,5,1,11.41504,0.00091,0.019829600000000006
dwconv-bn-relu_prior_5KRMV9.pt,112,35,35,5,1,11.41504,0.00091,0.019783099999999998
dwconv-bn-relu_prior_Z919T3.pt,112,91,91,3,1,11.41504,0.00091,0.0199071
dwconv-bn-relu_prior_SD2RJW.pt,112,91,91,3,1,11.41504,0.00091,0.01997454
dwconv-bn-relu_prior_4D0LWW.pt,112,91,91,3,1,11.41504,0.00091,0.01980542
dwconv-bn-relu_prior_6GKWNH.pt,112,91,91,3,1,11.41504,0.00091,0.019864840000000005
dwconv-bn-relu_prior_AOV187.pt,112,91,91,3,1,11.41504,0.00091,0.019706540000000005
dwconv-bn-relu_prior_OCGDBQ.pt,112,92,92,3,1,11.54048,0.00092,0.019831459999999995
dwconv-bn-relu_prior_IE7OGP.pt,28,568,568,5,1,11.578112,0.014768,0.019820639999999994
dwconv-bn-relu_prior_2ZMUEN.pt,56,74,74,7,1,11.6032,0.0037,0.019765699999999997
dwconv-bn-relu_prior_O1O2AS.pt,56,74,74,7,1,11.6032,0.0037,0.01997746
dwconv-bn-relu_prior_RHKY13.pt,112,93,93,3,1,11.66592,0.00093,0.019973160000000004
dwconv-bn-relu_prior_TLDYH9.pt,112,93,93,3,1,11.66592,0.00093,0.01984792
dwconv-bn-relu_prior_T4ZU4A.pt,112,93,93,3,1,11.66592,0.00093,0.020336799999999995
dwconv-bn-relu_prior_6BA88L.pt,28,574,574,5,1,11.700416,0.014924,0.020296
dwconv-bn-relu_prior_II56BY.pt,28,576,576,5,1,11.741184,0.014976,0.020321219999999997
dwconv-bn-relu_prior_8M1L3W.pt,112,94,94,3,1,11.79136,0.00094,0.01970415999999999
dwconv-bn-relu_prior_8D16VL.pt,28,580,580,5,1,11.82272,0.01508,0.019655239999999997
dwconv-bn-relu_prior_35ELC6.pt,56,581,581,5,2,11.843104,0.015106,0.01971524
dwconv-bn-relu_prior_FL0S9V.pt,56,146,146,5,1,11.904256,0.003796,0.01982244
dwconv-bn-relu_prior_RUXMMR.pt,112,95,95,3,1,11.9168,0.00095,0.01982642
dwconv-bn-relu_prior_ZKNOLO.pt,112,95,95,3,1,11.9168,0.00095,0.020485899999999994
dwconv-bn-relu_prior_J8AVWX.pt,112,76,76,7,2,11.9168,0.0038,0.019556619999999997
dwconv-bn-relu_prior_UGYFHS.pt,112,96,96,3,1,12.04224,0.00096,0.01995462
dwconv-bn-relu_prior_S4T5EY.pt,112,37,37,5,1,12.067328,0.000962,0.019953419999999996
dwconv-bn-relu_prior_ONI3S5.pt,112,37,37,5,1,12.067328,0.000962,0.02050098
dwconv-bn-relu_prior_YO65IH.pt,112,37,37,5,1,12.067328,0.000962,0.01969552
dwconv-bn-relu_prior_H469BA.pt,56,77,77,7,1,12.0736,0.00385,0.019740960000000002
dwconv-bn-relu_prior_GFYPHR.pt,56,150,150,5,1,12.2304,0.0039,0.019985400000000004
dwconv-bn-relu_prior_6ZY7K3.pt,56,391,391,3,1,12.26176,0.00391,0.019763519999999996
dwconv-bn-relu_prior_E1LAKI.pt,56,79,79,7,1,12.3872,0.00395,0.019834960000000002
dwconv-bn-relu_prior_4OESPF.pt,112,38,38,5,1,12.393472,0.000988,0.020112260000000003
dwconv-bn-relu_prior_HWBVS0.pt,56,152,152,5,1,12.393472,0.003952,0.019739299999999994
dwconv-bn-relu_prior_WERY6M.pt,56,399,399,3,1,12.51264,0.00399,0.019913379999999994
dwconv-bn-relu_prior_N09CUV.pt,112,20,20,7,1,12.544,0.001,0.0198617
dwconv-bn-relu_prior_3B5NNN.pt,56,80,80,7,1,12.544,0.004,0.020357500000000008
dwconv-bn-relu_prior_61S1VT.pt,56,400,400,3,1,12.544,0.004,0.019661740000000004
dwconv-bn-relu_prior_BXQA4W.pt,56,401,401,3,1,12.57536,0.00401,0.01992277999999999
dwconv-bn-relu_prior_LIH8PH.pt,56,155,155,5,1,12.63808,0.00403,0.019890319999999996
dwconv-bn-relu_prior_F1OOSM.pt,56,155,155,5,1,12.63808,0.00403,0.019639020000000004
dwconv-bn-relu_prior_JHRKH0.pt,56,403,403,3,1,12.63808,0.00403,0.020084920000000003
dwconv-bn-relu_prior_PEXWVI.pt,56,404,404,3,1,12.66944,0.00404,0.02011296
dwconv-bn-relu_prior_3RLLL4.pt,112,39,39,5,1,12.719616,0.001014,0.019631080000000006
dwconv-bn-relu_prior_HTN9RC.pt,112,39,39,5,1,12.719616,0.001014,0.01970308
dwconv-bn-relu_prior_KY8MNG.pt,56,156,156,5,1,12.719616,0.004056,0.019919519999999996
dwconv-bn-relu_prior_7PPRSO.pt,56,156,156,5,1,12.719616,0.004056,0.019744380000000002
dwconv-bn-relu_prior_E6NGRC.pt,56,156,156,5,1,12.719616,0.004056,0.019727459999999995
dwconv-bn-relu_prior_XXRHRB.pt,56,156,156,5,1,12.719616,0.004056,0.019803979999999995
dwconv-bn-relu_prior_POWCYF.pt,56,156,156,5,1,12.719616,0.004056,0.019778259999999995
dwconv-bn-relu_prior_J6J71Z.pt,56,156,156,5,1,12.719616,0.004056,0.01983628
dwconv-bn-relu_prior_KGIIQI.pt,112,102,102,3,1,12.79488,0.00102,0.019888380000000004
dwconv-bn-relu_prior_E4BVZ1.pt,56,157,157,5,1,12.801152,0.004082,0.020478659999999996
dwconv-bn-relu_prior_B1V79S.pt,56,82,82,7,1,12.8576,0.0041,0.019718400000000004
dwconv-bn-relu_prior_64VBML.pt,56,158,158,5,1,12.882688,0.004108,0.019756579999999996
dwconv-bn-relu_prior_9MRLOA.pt,112,158,158,5,2,12.882688,0.004108,0.019575680000000005
dwconv-bn-relu_prior_05MDZ0.pt,56,159,159,5,1,12.964224,0.004134,0.01995582
dwconv-bn-relu_prior_WCWDEC.pt,56,159,159,5,1,12.964224,0.004134,0.019882240000000006
dwconv-bn-relu_prior_HM883H.pt,112,40,40,5,1,13.04576,0.00104,0.019799280000000002
dwconv-bn-relu_prior_RKHIHK.pt,112,40,40,5,1,13.04576,0.00104,0.019739859999999998
dwconv-bn-relu_prior_8CLBY0.pt,112,40,40,5,1,13.04576,0.00104,0.01968264
dwconv-bn-relu_prior_LKFEC4.pt,56,160,160,5,1,13.04576,0.00416,0.019866640000000005
dwconv-bn-relu_prior_26L6P4.pt,56,160,160,5,1,13.04576,0.00416,0.01985814
dwconv-bn-relu_prior_XC9LA5.pt,56,161,161,5,1,13.127296,0.004186,0.01982698
dwconv-bn-relu_prior_K6LD4B.pt,56,161,161,5,1,13.127296,0.004186,0.0197946
dwconv-bn-relu_prior_7DNLCD.pt,56,161,161,5,1,13.127296,0.004186,0.019782259999999996
dwconv-bn-relu_prior_83ZJ1D.pt,56,161,161,5,1,13.127296,0.004186,0.019771980000000005
dwconv-bn-relu_prior_88ZFLD.pt,112,105,105,3,1,13.1712,0.00105,0.019757620000000004
dwconv-bn-relu_prior_HY15VU.pt,56,84,84,7,1,13.1712,0.0042,0.020258239999999997
dwconv-bn-relu_prior_GR6RLI.pt,56,162,162,5,1,13.208832,0.004212,0.020303460000000002
dwconv-bn-relu_prior_RL0671.pt,56,162,162,5,1,13.208832,0.004212,0.020121239999999995
dwconv-bn-relu_prior_3W6L2Z.pt,56,163,163,5,1,13.290368,0.004238,0.019654720000000007
dwconv-bn-relu_prior_OEJ65A.pt,56,163,163,5,1,13.290368,0.004238,0.01976566
dwconv-bn-relu_prior_NN8LJ6.pt,112,41,41,5,1,13.371904,0.001066,0.01969496
dwconv-bn-relu_prior_B1D196.pt,112,41,41,5,1,13.371904,0.001066,0.01979088
dwconv-bn-relu_prior_3SZ91M.pt,56,164,164,5,1,13.371904,0.004264,0.019854600000000007
dwconv-bn-relu_prior_CK8NOS.pt,56,164,164,5,1,13.371904,0.004264,0.019904660000000005
dwconv-bn-relu_prior_6C2HIR.pt,56,165,165,5,1,13.45344,0.00429,0.0198026
dwconv-bn-relu_prior_5PC1JP.pt,56,165,165,5,1,13.45344,0.00429,0.01993434000000001
dwconv-bn-relu_prior_4KVRNL.pt,56,165,165,5,1,13.45344,0.00429,0.019738500000000003
dwconv-bn-relu_prior_9R4XVZ.pt,56,166,166,5,1,13.534976,0.004316,0.019624700000000002
dwconv-bn-relu_prior_U7MFA4.pt,112,108,108,3,1,13.54752,0.00108,0.019869400000000002
dwconv-bn-relu_prior_SJ15TV.pt,28,667,667,5,1,13.596128,0.017342,0.019739599999999996
dwconv-bn-relu_prior_GQCAZD.pt,56,167,167,5,1,13.616512,0.004342,0.020001459999999995
dwconv-bn-relu_prior_M7FLXG.pt,56,167,167,5,1,13.616512,0.004342,0.019715540000000004
dwconv-bn-relu_prior_SZJERA.pt,112,167,167,5,2,13.616512,0.004342,0.019664319999999992
dwconv-bn-relu_prior_RSSV34.pt,56,87,87,7,1,13.6416,0.00435,0.01982026
dwconv-bn-relu_prior_6JRNNF.pt,56,87,87,7,1,13.6416,0.00435,0.019852140000000004
dwconv-bn-relu_prior_8O76YO.pt,28,670,670,5,1,13.65728,0.01742,0.019879860000000006
dwconv-bn-relu_prior_5IGTTB.pt,112,109,109,3,1,13.67296,0.00109,0.02037296
dwconv-bn-relu_prior_IFPUJG.pt,56,168,168,5,1,13.698048,0.004368,0.020295240000000003
dwconv-bn-relu_prior_LGF6U4.pt,56,168,168,5,1,13.698048,0.004368,0.020196659999999995
dwconv-bn-relu_prior_689FL9.pt,56,168,168,5,1,13.698048,0.004368,0.019588259999999996
dwconv-bn-relu_prior_BSDLUZ.pt,28,675,675,5,1,13.7592,0.01755,0.019793799999999997
dwconv-bn-relu_prior_VR5B8U.pt,56,169,169,5,1,13.779584,0.004394,0.020529480000000006
dwconv-bn-relu_prior_WKWU7H.pt,28,676,676,5,1,13.779584,0.017576,0.02050768
dwconv-bn-relu_prior_EFRGWR.pt,56,88,88,7,1,13.7984,0.0044,0.01972602
dwconv-bn-relu_prior_MJ847S.pt,56,170,170,5,1,13.86112,0.00442,0.019576460000000004
dwconv-bn-relu_prior_XJE4BF.pt,56,170,170,5,1,13.86112,0.00442,0.019959640000000004
dwconv-bn-relu_prior_MDG845.pt,28,681,681,5,1,13.881504,0.017706,0.019748540000000002
dwconv-bn-relu_prior_5239CT.pt,28,682,682,5,1,13.901888,0.017732,0.020293219999999997
dwconv-bn-relu_prior_JJ8IG2.pt,56,171,171,5,1,13.942656,0.004446,0.020343380000000005
dwconv-bn-relu_prior_4MQOTR.pt,56,171,171,5,1,13.942656,0.004446,0.020184599999999997
dwconv-bn-relu_prior_AGGESU.pt,56,171,171,5,1,13.942656,0.004446,0.020037339999999997
dwconv-bn-relu_prior_EEL334.pt,56,171,171,5,1,13.942656,0.004446,0.0201893
dwconv-bn-relu_prior_L6N04X.pt,56,89,89,7,1,13.9552,0.00445,0.02037886
dwconv-bn-relu_prior_BXSVE4.pt,112,43,43,5,1,14.024192,0.001118,0.019851920000000002
dwconv-bn-relu_prior_FPHICL.pt,56,172,172,5,1,14.024192,0.004472,0.019771499999999997
dwconv-bn-relu_prior_HDKUZE.pt,56,172,172,5,1,14.024192,0.004472,0.019716440000000005
dwconv-bn-relu_prior_YLG08U.pt,56,172,172,5,1,14.024192,0.004472,0.019704860000000008
dwconv-bn-relu_prior_H2WGZ0.pt,112,112,112,3,1,14.04928,0.00112,0.01983992
dwconv-bn-relu_prior_O2RJFX.pt,112,112,112,3,1,14.04928,0.00112,0.019871319999999994
dwconv-bn-relu_prior_HKAXQR.pt,112,173,173,5,2,14.105728,0.004498,0.0198251
dwconv-bn-relu_prior_GLKBGV.pt,56,173,173,5,1,14.105728,0.004498,0.019634860000000004
dwconv-bn-relu_prior_8ABN9U.pt,112,173,173,5,2,14.105728,0.004498,0.020018800000000003
dwconv-bn-relu_prior_YJQVAJ.pt,56,90,90,7,1,14.112,0.0045,0.019871520000000004
dwconv-bn-relu_prior_OXB9C3.pt,56,174,174,5,1,14.187264,0.004524,0.019875979999999998
dwconv-bn-relu_prior_U1NJAR.pt,56,175,175,5,1,14.2688,0.00455,0.019705459999999998
dwconv-bn-relu_prior_HRFBV1.pt,112,114,114,3,1,14.30016,0.00114,0.019775279999999996
dwconv-bn-relu_prior_1FQG63.pt,112,44,44,5,1,14.350336,0.001144,0.019630579999999995
dwconv-bn-relu_prior_I0SUP8.pt,56,176,176,5,1,14.350336,0.004576,0.02029998
dwconv-bn-relu_prior_WQBQQT.pt,56,176,176,5,1,14.350336,0.004576,0.02026474
dwconv-bn-relu_prior_LI66TE.pt,56,92,92,7,1,14.4256,0.0046,0.01990734
dwconv-bn-relu_prior_FW2UIQ.pt,56,177,177,5,1,14.431872,0.004602,0.020133580000000012
dwconv-bn-relu_prior_F7SRQO.pt,56,178,178,5,1,14.513408,0.004628,0.020513040000000003
dwconv-bn-relu_prior_1FNORJ.pt,56,178,178,5,1,14.513408,0.004628,0.02028116
dwconv-bn-relu_prior_K9IPYW.pt,112,116,116,3,1,14.55104,0.00116,0.019670939999999998
dwconv-bn-relu_prior_WP3O1A.pt,56,93,93,7,1,14.5824,0.00465,0.020036619999999998
dwconv-bn-relu_prior_57246Z.pt,56,93,93,7,1,14.5824,0.00465,0.019830619999999993
dwconv-bn-relu_prior_AZRHJ5.pt,56,179,179,5,1,14.594944,0.004654,0.01973734
dwconv-bn-relu_prior_NQUJDH.pt,56,179,179,5,1,14.594944,0.004654,0.020343020000000003
dwconv-bn-relu_prior_ILOPEP.pt,56,179,179,5,1,14.594944,0.004654,0.02035146
dwconv-bn-relu_prior_K0HVNL.pt,112,45,45,5,1,14.67648,0.00117,0.0204556
dwconv-bn-relu_prior_NXKWDM.pt,56,180,180,5,1,14.67648,0.00468,0.020473280000000003
dwconv-bn-relu_prior_O377SO.pt,56,180,180,5,1,14.67648,0.00468,0.020537899999999994
dwconv-bn-relu_prior_A3YD42.pt,56,180,180,5,1,14.67648,0.00468,0.019914599999999998
dwconv-bn-relu_prior_HI1HEG.pt,56,94,94,7,1,14.7392,0.0047,0.01949476
dwconv-bn-relu_prior_AGMOK9.pt,56,94,94,7,1,14.7392,0.0047,0.01975884
dwconv-bn-relu_prior_9XO3VY.pt,56,470,470,3,1,14.7392,0.0047,0.019659819999999998
dwconv-bn-relu_prior_QB7Y9G.pt,56,94,94,7,1,14.7392,0.0047,0.020560679999999994
dwconv-bn-relu_prior_KCX6H8.pt,56,181,181,5,1,14.758016,0.004706,0.02025928
dwconv-bn-relu_prior_OXGFB9.pt,56,181,181,5,1,14.758016,0.004706,0.020244179999999997
dwconv-bn-relu_prior_3C2R7T.pt,56,181,181,5,1,14.758016,0.004706,0.020348960000000003
dwconv-bn-relu_prior_OFO7LS.pt,56,471,471,3,1,14.77056,0.00471,0.019663319999999998
dwconv-bn-relu_prior_BML53C.pt,112,472,472,3,2,14.80192,0.00472,0.019630179999999994
dwconv-bn-relu_prior_K80QI6.pt,56,474,474,3,1,14.86464,0.00474,0.01965136
dwconv-bn-relu_prior_2QON2O.pt,56,474,474,3,1,14.86464,0.00474,0.01980484
dwconv-bn-relu_prior_X6L1UH.pt,56,95,95,7,1,14.896,0.00475,0.019755440000000003
dwconv-bn-relu_prior_RLK19G.pt,56,475,475,3,1,14.896,0.00475,0.0198156
dwconv-bn-relu_prior_6NPWP8.pt,112,119,119,3,1,14.92736,0.00119,0.019876399999999995
dwconv-bn-relu_prior_G7TL57.pt,56,477,477,3,1,14.95872,0.00477,0.019745099999999998
dwconv-bn-relu_prior_K836ZZ.pt,56,477,477,3,1,14.95872,0.00477,0.019856000000000006
dwconv-bn-relu_prior_Z7GM3F.pt,112,24,24,7,1,15.0528,0.0012,0.020141759999999998
dwconv-bn-relu_prior_RXE17K.pt,56,480,480,3,1,15.0528,0.0048,0.019654740000000007
dwconv-bn-relu_prior_FIHPM8.pt,56,480,480,3,1,15.0528,0.0048,0.02021816
dwconv-bn-relu_prior_5BRRO1.pt,56,483,483,3,1,15.14688,0.00483,0.019577140000000003
dwconv-bn-relu_prior_BUTSQU.pt,112,121,121,3,1,15.17824,0.00121,0.019723940000000002
dwconv-bn-relu_prior_V9TTFE.pt,56,484,484,3,1,15.17824,0.00484,0.02019336
dwconv-bn-relu_prior_L9KBZY.pt,56,485,485,3,1,15.2096,0.00485,0.019662059999999995
dwconv-bn-relu_prior_ZCSN9X.pt,112,122,122,3,1,15.30368,0.00122,0.019704759999999998
dwconv-bn-relu_prior_1OPY1M.pt,56,488,488,3,1,15.30368,0.00488,0.019753999999999997
dwconv-bn-relu_prior_SR619I.pt,56,491,491,3,1,15.39776,0.00491,0.019619039999999997
dwconv-bn-relu_prior_KCIGUL.pt,56,492,492,3,1,15.42912,0.00492,0.01962686
dwconv-bn-relu_prior_9SS2B3.pt,56,493,493,3,1,15.46048,0.00493,0.01978422
dwconv-bn-relu_prior_D8U8HL.pt,56,493,493,3,1,15.46048,0.00493,0.019801179999999998
dwconv-bn-relu_prior_RCPHSL.pt,112,124,124,3,1,15.55456,0.00124,0.01985414
dwconv-bn-relu_prior_LDTA25.pt,112,124,124,3,1,15.55456,0.00124,0.019997639999999997
dwconv-bn-relu_prior_FTDJ46.pt,56,496,496,3,1,15.55456,0.00496,0.019954299999999994
dwconv-bn-relu_prior_JKRVRQ.pt,112,48,48,5,1,15.654912,0.001248,0.020558400000000008
dwconv-bn-relu_prior_970JBP.pt,112,500,500,3,2,15.68,0.005,0.01970244
dwconv-bn-relu_prior_D3HWZK.pt,56,502,502,3,1,15.74272,0.00502,0.019948579999999997
dwconv-bn-relu_prior_TTTLK5.pt,56,503,503,3,1,15.77408,0.00503,0.020474780000000005
dwconv-bn-relu_prior_W8AF5F.pt,56,503,503,3,1,15.77408,0.00503,0.0199388
dwconv-bn-relu_prior_42NDGW.pt,56,508,508,3,1,15.93088,0.00508,0.01990753999999999
dwconv-bn-relu_prior_LHDKI4.pt,112,49,49,5,1,15.981056,0.001274,0.019763220000000005
dwconv-bn-relu_prior_MRES7L.pt,56,512,512,3,1,16.05632,0.00512,0.020350760000000002
dwconv-bn-relu_prior_NWUPGI.pt,56,514,514,3,1,16.11904,0.00514,0.019801720000000005
dwconv-bn-relu_prior_J488YV.pt,56,521,521,3,1,16.33856,0.00521,0.019860859999999998
dwconv-bn-relu_prior_DH56W5.pt,112,522,522,3,2,16.36992,0.00522,0.02011144
dwconv-bn-relu_prior_D9NQV6.pt,56,105,105,7,1,16.464,0.00525,0.019709740000000003
dwconv-bn-relu_prior_6KYZUA.pt,112,51,51,5,1,16.633344,0.001326,0.01959332
dwconv-bn-relu_prior_6JG9OX.pt,56,107,107,7,1,16.7776,0.00535,0.01991826
dwconv-bn-relu_prior_WYTHME.pt,56,208,208,5,1,16.959488,0.005408,0.019661099999999997
dwconv-bn-relu_prior_SWA92D.pt,112,209,209,5,2,17.041024,0.005434,0.020322400000000004
dwconv-bn-relu_prior_JJXJ2H.pt,56,210,210,5,1,17.12256,0.00546,0.019766239999999997
dwconv-bn-relu_prior_ZQFW1I.pt,56,110,110,7,1,17.248,0.0055,0.02089096
dwconv-bn-relu_prior_CYZS0Y.pt,56,213,213,5,1,17.367168,0.005538,0.0203686
dwconv-bn-relu_prior_63MFXA.pt,56,111,111,7,1,17.4048,0.00555,0.020238960000000007
dwconv-bn-relu_prior_I9U06I.pt,56,555,555,3,1,17.4048,0.00555,0.020066359999999995
dwconv-bn-relu_prior_870U8W.pt,112,54,54,5,1,17.611776,0.001404,0.019952800000000003
dwconv-bn-relu_prior_QBYL2E.pt,112,54,54,5,1,17.611776,0.001404,0.0198631
dwconv-bn-relu_prior_DW2FEZ.pt,56,563,563,3,1,17.65568,0.00563,0.02018118
dwconv-bn-relu_prior_KZLQPO.pt,56,564,564,3,1,17.68704,0.00564,0.019953
dwconv-bn-relu_prior_TNO6JZ.pt,56,565,565,3,1,17.7184,0.00565,0.01982352
dwconv-bn-relu_prior_QBBIMG.pt,112,218,218,5,2,17.774848,0.005668,0.019635839999999998
dwconv-bn-relu_prior_LTQCSV.pt,112,142,142,3,1,17.81248,0.00142,0.02022686
dwconv-bn-relu_prior_LSLDKR.pt,56,572,572,3,1,17.93792,0.00572,0.01987204
dwconv-bn-relu_prior_OYTD8I.pt,112,56,56,5,1,18.264064,0.001456,0.02023876
dwconv-bn-relu_prior_L1I8CL.pt,112,146,146,3,1,18.31424,0.00146,0.01972772
dwconv-bn-relu_prior_B6MM6P.pt,56,226,226,5,1,18.427136,0.005876,0.02011532
dwconv-bn-relu_prior_ZEPW6R.pt,56,118,118,7,1,18.5024,0.0059,0.0204257
dwconv-bn-relu_prior_6NOF0V.pt,112,57,57,5,1,18.590208,0.001482,0.019502940000000007
dwconv-bn-relu_prior_OQDWWQ.pt,28,475,475,7,1,18.62,0.02375,0.019877100000000005
dwconv-bn-relu_prior_E6DY4A.pt,28,475,475,7,1,18.62,0.02375,0.019835559999999995
dwconv-bn-relu_prior_PEX06T.pt,112,149,149,3,1,18.69056,0.00149,0.019896220000000003
dwconv-bn-relu_prior_JVFXH5.pt,28,477,477,7,1,18.6984,0.02385,0.019899220000000002
dwconv-bn-relu_prior_XHGNGF.pt,56,121,121,7,1,18.9728,0.00605,0.020059780000000003
dwconv-bn-relu_prior_LP8H9U.pt,28,486,486,7,1,19.0512,0.0243,0.019843220000000005
dwconv-bn-relu_prior_HVZ6U0.pt,28,487,487,7,1,19.0904,0.02435,0.01965812
dwconv-bn-relu_prior_NLERU3.pt,28,487,487,7,1,19.0904,0.02435,0.01988032
dwconv-bn-relu_prior_C4BUX9.pt,112,153,153,3,1,19.19232,0.00153,0.02014728
dwconv-bn-relu_prior_VH26FJ.pt,112,153,153,3,1,19.19232,0.00153,0.019841939999999995
dwconv-bn-relu_prior_TO9FWB.pt,112,59,59,5,1,19.242496,0.001534,0.020109219999999997
dwconv-bn-relu_prior_ZRYYM8.pt,56,236,236,5,1,19.242496,0.006136,0.019780140000000005
dwconv-bn-relu_prior_MUEGMI.pt,56,123,123,7,1,19.2864,0.00615,0.02009764
dwconv-bn-relu_prior_VXXNQD.pt,112,154,154,3,1,19.31776,0.00154,0.02016414
dwconv-bn-relu_prior_LW7ZTH.pt,112,154,154,3,1,19.31776,0.00154,0.020297959999999997
dwconv-bn-relu_prior_T3KY3G.pt,112,154,154,3,1,19.31776,0.00154,0.01980684
dwconv-bn-relu_prior_AQLPSW.pt,112,31,31,7,1,19.4432,0.00155,0.01980858
dwconv-bn-relu_prior_Z6WU4G.pt,56,124,124,7,1,19.4432,0.0062,0.019834899999999992
dwconv-bn-relu_prior_MWUSNC.pt,28,955,955,5,1,19.46672,0.02483,0.019649419999999994
dwconv-bn-relu_prior_GTY2QO.pt,28,958,958,5,1,19.527872,0.024908,0.019627219999999997
dwconv-bn-relu_prior_8N5NFV.pt,112,60,60,5,1,19.56864,0.00156,0.020376039999999995
dwconv-bn-relu_prior_SV6I9A.pt,28,960,960,5,1,19.56864,0.02496,0.019674800000000003
dwconv-bn-relu_prior_2K6UCR.pt,28,961,961,5,1,19.589024,0.024986,0.019628120000000002
dwconv-bn-relu_prior_M5K61S.pt,28,963,963,5,1,19.629792,0.025038,0.019555440000000004
dwconv-bn-relu_prior_CZ2A6P.pt,28,964,964,5,1,19.650176,0.025064,0.0194616
dwconv-bn-relu_prior_RLA2QV.pt,28,966,966,5,1,19.690944,0.025116,0.019633280000000003
dwconv-bn-relu_prior_GK63H3.pt,112,157,157,3,1,19.69408,0.00157,0.0197237
dwconv-bn-relu_prior_TOJ816.pt,112,157,157,3,1,19.69408,0.00157,0.020111199999999996
dwconv-bn-relu_prior_MDVKMF.pt,28,968,968,5,1,19.731712,0.025168,0.019657959999999995
dwconv-bn-relu_prior_GGMR9Y.pt,28,969,969,5,1,19.752096,0.025194,0.019624279999999997
dwconv-bn-relu_prior_UC5MUE.pt,28,969,969,5,1,19.752096,0.025194,0.0196344
dwconv-bn-relu_prior_OG48HN.pt,28,970,970,5,1,19.77248,0.02522,0.02012818
dwconv-bn-relu_prior_I51JQN.pt,28,970,970,5,1,19.77248,0.02522,0.02044442
dwconv-bn-relu_prior_RIWJMP.pt,28,972,972,5,1,19.813248,0.025272,0.01965702
dwconv-bn-relu_prior_FU69XG.pt,112,158,158,3,1,19.81952,0.00158,0.019887319999999997
dwconv-bn-relu_prior_THX732.pt,112,158,158,3,1,19.81952,0.00158,0.01980522
dwconv-bn-relu_prior_MEFGX5.pt,112,158,158,3,1,19.81952,0.00158,0.02008552
dwconv-bn-relu_prior_I4H202.pt,112,158,158,3,1,19.81952,0.00158,0.019838639999999998
dwconv-bn-relu_prior_ITZEWT.pt,112,158,158,3,1,19.81952,0.00158,0.019894440000000003
dwconv-bn-relu_prior_KFXUBP.pt,56,244,244,5,1,19.894784,0.006344,0.019810219999999996
dwconv-bn-relu_prior_QR965Y.pt,112,159,159,3,1,19.94496,0.00159,0.02058012
dwconv-bn-relu_prior_AVEG3P.pt,28,979,979,5,1,19.955936,0.025454,0.01953778
dwconv-bn-relu_prior_IFOBMW.pt,56,245,245,5,1,19.97632,0.00637,0.019636479999999998
dwconv-bn-relu_prior_NDEFET.pt,56,245,245,5,1,19.97632,0.00637,0.01990672
dwconv-bn-relu_prior_OPXIL1.pt,28,980,980,5,1,19.97632,0.02548,0.019646200000000006
dwconv-bn-relu_prior_RKAPDD.pt,112,160,160,3,1,20.0704,0.0016,0.01966808
dwconv-bn-relu_prior_G3Q799.pt,112,160,160,3,1,20.0704,0.0016,0.01996024
dwconv-bn-relu_prior_BDDSK2.pt,112,160,160,3,1,20.0704,0.0016,0.019838379999999992
dwconv-bn-relu_prior_PX1SNA.pt,28,514,514,7,1,20.1488,0.0257,0.019889860000000002
dwconv-bn-relu_prior_CW0MSP.pt,112,62,62,5,1,20.220928,0.001612,0.01965374
dwconv-bn-relu_prior_X1Q1L2.pt,112,62,62,5,1,20.220928,0.001612,0.019733640000000004
dwconv-bn-relu_prior_ROK2NL.pt,112,62,62,5,1,20.220928,0.001612,0.01975496
dwconv-bn-relu_prior_SJYIVC.pt,112,249,249,5,2,20.302464,0.006474,0.0197092
dwconv-bn-relu_prior_7HHDJ9.pt,28,519,519,7,1,20.3448,0.02595,0.019709320000000006
dwconv-bn-relu_prior_P1NZOF.pt,56,250,250,5,1,20.384,0.0065,0.019517780000000002
dwconv-bn-relu_prior_1LTJP8.pt,56,250,250,5,1,20.384,0.0065,0.020260660000000007
dwconv-bn-relu_prior_31FGYU.pt,112,163,163,3,1,20.44672,0.00163,0.01980608
dwconv-bn-relu_prior_Y04F55.pt,56,252,252,5,1,20.547072,0.006552,0.019921039999999997
dwconv-bn-relu_prior_Y0QDSX.pt,112,164,164,3,1,20.57216,0.00164,0.0197841
dwconv-bn-relu_prior_9EO1CC.pt,112,164,164,3,1,20.57216,0.00164,0.019646500000000008
dwconv-bn-relu_prior_VLM7HZ.pt,112,164,164,3,1,20.57216,0.00164,0.019759779999999998
dwconv-bn-relu_prior_ROCDND.pt,56,253,253,5,1,20.628608,0.006578,0.019722600000000007
dwconv-bn-relu_prior_JUP2KT.pt,112,165,165,3,1,20.6976,0.00165,0.020281100000000003
dwconv-bn-relu_prior_6Y7AKA.pt,112,165,165,3,1,20.6976,0.00165,0.019761260000000006
dwconv-bn-relu_prior_0A2DTN.pt,112,165,165,3,1,20.6976,0.00165,0.0199686
dwconv-bn-relu_prior_FR9JMQ.pt,112,254,254,5,2,20.710144,0.006604,0.01964422
dwconv-bn-relu_prior_YFBSWE.pt,56,256,256,5,1,20.873216,0.006656,0.02050934
dwconv-bn-relu_prior_9TVM5X.pt,56,256,256,5,1,20.873216,0.006656,0.019791440000000004
dwconv-bn-relu_prior_5RHU4J.pt,112,167,167,3,1,20.94848,0.00167,0.020011140000000007
dwconv-bn-relu_prior_9DN3DX.pt,56,257,257,5,1,20.954752,0.006682,0.019716199999999996
dwconv-bn-relu_prior_M42GAH.pt,112,168,168,3,1,21.07392,0.00168,0.019936539999999996
dwconv-bn-relu_prior_T4I5DF.pt,56,672,672,3,1,21.07392,0.00672,0.019807239999999997
dwconv-bn-relu_prior_SET0FW.pt,112,169,169,3,1,21.19936,0.00169,0.019956079999999994
dwconv-bn-relu_prior_LKK771.pt,56,260,260,5,1,21.19936,0.00676,0.01973528
dwconv-bn-relu_prior_1QHNL8.pt,56,677,677,3,1,21.23072,0.00677,0.019846219999999998
dwconv-bn-relu_prior_SPEHAB.pt,56,677,677,3,1,21.23072,0.00677,0.019671999999999995
dwconv-bn-relu_prior_F42P3U.pt,56,261,261,5,1,21.280896,0.006786,0.019798359999999997
dwconv-bn-relu_prior_CUMDFV.pt,56,262,262,5,1,21.362432,0.006812,0.01967312
dwconv-bn-relu_prior_EE5O8X.pt,112,171,171,3,1,21.45024,0.00171,0.019587120000000003
dwconv-bn-relu_prior_PEOP7X.pt,112,171,171,3,1,21.45024,0.00171,0.02042038
dwconv-bn-relu_prior_HDFNSE.pt,112,171,171,3,1,21.45024,0.00171,0.020430939999999998
dwconv-bn-relu_prior_V6WM87.pt,56,685,685,3,1,21.4816,0.00685,0.019733219999999996
dwconv-bn-relu_prior_JXR5AJ.pt,56,264,264,5,1,21.525504,0.006864,0.019662380000000007
dwconv-bn-relu_prior_UESEOR.pt,56,264,264,5,1,21.525504,0.006864,0.019722299999999998
dwconv-bn-relu_prior_U2VLWF.pt,56,264,264,5,1,21.525504,0.006864,0.02039066
dwconv-bn-relu_prior_FF4NA1.pt,56,687,687,3,1,21.54432,0.00687,0.019936
dwconv-bn-relu_prior_67CCLD.pt,112,172,172,3,1,21.57568,0.00172,0.019775940000000006
dwconv-bn-relu_prior_UXGWJH.pt,112,172,172,3,1,21.57568,0.00172,0.019743800000000002
dwconv-bn-relu_prior_OW0TOG.pt,112,172,172,3,1,21.57568,0.00172,0.019896219999999992
dwconv-bn-relu_prior_JLHNJF.pt,56,690,690,3,1,21.6384,0.0069,0.019688780000000003
dwconv-bn-relu_prior_KO452G.pt,56,266,266,5,1,21.688576,0.006916,0.019759840000000004
dwconv-bn-relu_prior_J9YLB5.pt,56,266,266,5,1,21.688576,0.006916,0.019708640000000006
dwconv-bn-relu_prior_FND56R.pt,112,173,173,3,1,21.70112,0.00173,0.019805160000000002
dwconv-bn-relu_prior_GNEF1W.pt,112,173,173,3,1,21.70112,0.00173,0.019771500000000008
dwconv-bn-relu_prior_GY4VYU.pt,112,174,174,3,1,21.82656,0.00174,0.01978188
dwconv-bn-relu_prior_O44P56.pt,112,67,67,5,1,21.851648,0.001742,0.019828279999999997
dwconv-bn-relu_prior_B55X03.pt,112,67,67,5,1,21.851648,0.001742,0.0207007
dwconv-bn-relu_prior_ZGGDQI.pt,112,67,67,5,1,21.851648,0.001742,0.01972216
dwconv-bn-relu_prior_38YFEZ.pt,112,67,67,5,1,21.851648,0.001742,0.01971694
dwconv-bn-relu_prior_4DTK1C.pt,112,67,67,5,1,21.851648,0.001742,0.019707119999999998
dwconv-bn-relu_prior_IA8D2Z.pt,112,68,68,5,1,22.177792,0.001768,0.020505039999999995
dwconv-bn-relu_prior_JZ5LNE.pt,112,68,68,5,1,22.177792,0.001768,0.020382700000000004
dwconv-bn-relu_prior_VSMQXM.pt,112,177,177,3,1,22.20288,0.00177,0.01996774
dwconv-bn-relu_prior_N5GMRG.pt,112,178,178,3,1,22.32832,0.00178,0.01987894
dwconv-bn-relu_prior_LO2PR1.pt,28,572,572,7,1,22.4224,0.0286,0.019694720000000006
dwconv-bn-relu_prior_HEY73T.pt,112,179,179,3,1,22.45376,0.00179,0.019703060000000005
dwconv-bn-relu_prior_PYLTV4.pt,112,179,179,3,1,22.45376,0.00179,0.019855880000000003
dwconv-bn-relu_prior_WZ5ZXW.pt,112,69,69,5,1,22.503936,0.001794,0.020221839999999998
dwconv-bn-relu_prior_NMNGQZ.pt,112,180,180,3,1,22.5792,0.0018,0.019712820000000002
dwconv-bn-relu_prior_QK91TE.pt,112,180,180,3,1,22.5792,0.0018,0.019937240000000002
dwconv-bn-relu_prior_34UUZ9.pt,112,180,180,3,1,22.5792,0.0018,0.01998598
dwconv-bn-relu_prior_1JQQP9.pt,112,180,180,3,1,22.5792,0.0018,0.020143739999999997
dwconv-bn-relu_prior_CKYY8J.pt,112,180,180,3,1,22.5792,0.0018,0.01989044000000001
dwconv-bn-relu_prior_JQKNZM.pt,112,181,181,3,1,22.70464,0.00181,0.019742079999999995
dwconv-bn-relu_prior_ORB8A0.pt,112,181,181,3,1,22.70464,0.00181,0.019874260000000005
dwconv-bn-relu_prior_YVD4SA.pt,28,580,580,7,1,22.736,0.029,0.019840460000000004
dwconv-bn-relu_prior_ANQFOH.pt,112,70,70,5,1,22.83008,0.00182,0.019490660000000003
dwconv-bn-relu_prior_5GZ8L8.pt,28,1126,1126,5,1,22.952384,0.029276,0.019669199999999998
dwconv-bn-relu_prior_S2B00Z.pt,28,1127,1127,5,1,22.972768,0.029302,0.020540799999999998
dwconv-bn-relu_prior_9F2YXK.pt,28,1128,1128,5,1,22.993152,0.029328,0.019851920000000002
dwconv-bn-relu_prior_XSFFNQ.pt,28,1129,1129,5,1,23.013536,0.029354,0.019595300000000003
dwconv-bn-relu_prior_Z1CAWO.pt,28,1129,1129,5,1,23.013536,0.029354,0.02027370000000001
dwconv-bn-relu_prior_YS0GUJ.pt,28,1130,1130,5,1,23.03392,0.02938,0.0199347
dwconv-bn-relu_prior_EP32KD.pt,28,1130,1130,5,1,23.03392,0.02938,0.019780660000000002
dwconv-bn-relu_prior_OQHTE7.pt,112,71,71,5,1,23.156224,0.001846,0.020435779999999994
dwconv-bn-relu_prior_D1NQLL.pt,28,1139,1139,5,1,23.217376,0.029614,0.019837039999999997
dwconv-bn-relu_prior_OQQ51V.pt,28,1141,1141,5,1,23.258144,0.029666,0.019746700000000006
dwconv-bn-relu_prior_3D6EYS.pt,28,1142,1142,5,1,23.278528,0.029692,0.01980508
dwconv-bn-relu_prior_NG8M1E.pt,28,1142,1142,5,1,23.278528,0.029692,0.020475200000000006
dwconv-bn-relu_prior_4GGNZ0.pt,28,1144,1144,5,1,23.319296,0.029744,0.02060442
dwconv-bn-relu_prior_R03D49.pt,28,1145,1145,5,1,23.33968,0.02977,0.01992192
dwconv-bn-relu_prior_U4ESQB.pt,28,1146,1146,5,1,23.360064,0.029796,0.02029484
dwconv-bn-relu_prior_DTV9L9.pt,56,1147,1147,5,2,23.380448,0.029822,0.019731499999999996
dwconv-bn-relu_prior_3SPVX8.pt,28,1148,1148,5,1,23.400832,0.029848,0.019696199999999994
dwconv-bn-relu_prior_EOL2VG.pt,112,72,72,5,1,23.482368,0.001872,0.020386419999999995
dwconv-bn-relu_prior_BTI4RY.pt,112,72,72,5,1,23.482368,0.001872,0.019836500000000003
dwconv-bn-relu_prior_WWWPCF.pt,112,73,73,5,1,23.808512,0.001898,0.01977188
dwconv-bn-relu_prior_OZGF6B.pt,112,73,73,5,1,23.808512,0.001898,0.019671459999999998
dwconv-bn-relu_prior_ZKS98I.pt,112,38,38,7,1,23.8336,0.0019,0.01970364
dwconv-bn-relu_prior_ZGZTA9.pt,112,74,74,5,1,24.134656,0.001924,0.020288260000000006
dwconv-bn-relu_prior_A6LIQN.pt,112,74,74,5,1,24.134656,0.001924,0.020290560000000003
dwconv-bn-relu_prior_4FKPEX.pt,56,155,155,7,1,24.304,0.00775,0.020550300000000004
dwconv-bn-relu_prior_XS00UD.pt,112,155,155,7,2,24.304,0.00775,0.01963458
dwconv-bn-relu_prior_RFRDY5.pt,56,156,156,7,1,24.4608,0.0078,0.020828120000000002
dwconv-bn-relu_prior_OJUSZM.pt,56,158,158,7,1,24.7744,0.0079,0.020166419999999997
dwconv-bn-relu_prior_BGWRQK.pt,112,76,76,5,1,24.786944,0.001976,0.01985028
dwconv-bn-relu_prior_FRSJHU.pt,56,159,159,7,1,24.9312,0.00795,0.01977102
dwconv-bn-relu_prior_5Y6GM1.pt,56,160,160,7,1,25.088,0.008,0.019801759999999998
dwconv-bn-relu_prior_W9PQN8.pt,56,161,161,7,1,25.2448,0.00805,0.01968556
dwconv-bn-relu_prior_R4KFPP.pt,56,162,162,7,1,25.4016,0.0081,0.019599920000000003
dwconv-bn-relu_prior_S019E5.pt,112,78,78,5,1,25.439232,0.002028,0.02010314
dwconv-bn-relu_prior_6TOMD9.pt,112,78,78,5,1,25.439232,0.002028,0.01961256
dwconv-bn-relu_prior_XE4A7T.pt,56,164,164,7,1,25.7152,0.0082,0.019625480000000004
dwconv-bn-relu_prior_2NY9UB.pt,112,79,79,5,1,25.765376,0.002054,0.020130520000000006
dwconv-bn-relu_prior_5V6J8B.pt,56,165,165,7,1,25.872,0.00825,0.020212499999999998
dwconv-bn-relu_prior_MSTQNE.pt,56,166,166,7,1,26.0288,0.0083,0.0201585
dwconv-bn-relu_prior_O2NHUE.pt,112,80,80,5,1,26.09152,0.00208,0.019436999999999996
dwconv-bn-relu_prior_LPJLS2.pt,28,668,668,7,1,26.1856,0.0334,0.019627600000000002
dwconv-bn-relu_prior_ZAKA8J.pt,28,674,674,7,1,26.4208,0.0337,0.01981008
dwconv-bn-relu_prior_8C67MY.pt,56,170,170,7,1,26.656,0.0085,0.019836979999999997
dwconv-bn-relu_prior_ABKTJM.pt,112,213,213,3,1,26.71872,0.00213,0.020599279999999998
dwconv-bn-relu_prior_7RPJB5.pt,112,214,214,3,1,26.84416,0.00214,0.019709220000000003
dwconv-bn-relu_prior_Z9A2Q6.pt,56,172,172,7,1,26.9696,0.0086,0.01987688
dwconv-bn-relu_prior_82TJX2.pt,56,172,172,7,1,26.9696,0.0086,0.01980082
dwconv-bn-relu_prior_FJHU3R.pt,112,83,83,5,1,27.069952,0.002158,0.019690739999999998
dwconv-bn-relu_prior_JGZGDK.pt,112,83,83,5,1,27.069952,0.002158,0.01959996
dwconv-bn-relu_prior_IVHI5F.pt,56,173,173,7,1,27.1264,0.00865,0.019854540000000004
dwconv-bn-relu_prior_KBJRRA.pt,112,84,84,5,1,27.396096,0.002184,0.019702799999999993
dwconv-bn-relu_prior_FAEZS6.pt,56,176,176,7,1,27.5968,0.0088,0.019680420000000004
dwconv-bn-relu_prior_2X7UZK.pt,56,176,176,7,1,27.5968,0.0088,0.01970322
dwconv-bn-relu_prior_MUMTBO.pt,112,85,85,5,1,27.72224,0.00221,0.019876260000000003
dwconv-bn-relu_prior_PTB3MP.pt,112,85,85,5,1,27.72224,0.00221,0.020319240000000002
dwconv-bn-relu_prior_ICUURI.pt,56,178,178,7,1,27.9104,0.0089,0.020332959999999997
dwconv-bn-relu_prior_HNYHLK.pt,112,223,223,3,1,27.97312,0.00223,0.01936862
dwconv-bn-relu_prior_MFI0FU.pt,112,86,86,5,1,28.048384,0.002236,0.01983153999999999
dwconv-bn-relu_prior_042TFP.pt,56,179,179,7,1,28.0672,0.00895,0.01970328
dwconv-bn-relu_prior_OU06AB.pt,112,45,45,7,1,28.224,0.00225,0.0205583
dwconv-bn-relu_prior_ZENYOF.pt,112,87,87,5,1,28.374528,0.002262,0.01990818
dwconv-bn-relu_prior_L3GPRP.pt,112,87,87,5,1,28.374528,0.002262,0.019905979999999997
dwconv-bn-relu_prior_LBIF8Z.pt,112,87,87,5,1,28.374528,0.002262,0.020272499999999995
dwconv-bn-relu_prior_AG3346.pt,112,87,87,5,1,28.374528,0.002262,0.019784200000000002
dwconv-bn-relu_prior_A4DLYU.pt,112,88,88,5,1,28.700672,0.002288,0.01970794
dwconv-bn-relu_prior_3ECC1V.pt,112,88,88,5,1,28.700672,0.002288,0.01976658
dwconv-bn-relu_prior_FKPQFL.pt,112,89,89,5,1,29.026816,0.002314,0.019945520000000005
dwconv-bn-relu_prior_ZWID82.pt,112,89,89,5,1,29.026816,0.002314,0.020371560000000004
dwconv-bn-relu_prior_99GUIY.pt,112,236,236,3,1,29.60384,0.00236,0.01968198000000001
dwconv-bn-relu_prior_N7EPFA.pt,112,91,91,5,1,29.679104,0.002366,0.019831899999999993
dwconv-bn-relu_prior_WHLJZL.pt,112,91,91,5,1,29.679104,0.002366,0.019735040000000002
dwconv-bn-relu_prior_W2U5DT.pt,112,91,91,5,1,29.679104,0.002366,0.020973320000000004
dwconv-bn-relu_prior_0BWKU0.pt,112,91,91,5,1,29.679104,0.002366,0.019924640000000004
dwconv-bn-relu_prior_91X7BI.pt,112,238,238,3,1,29.85472,0.00238,0.020027459999999997
dwconv-bn-relu_prior_SRNPSM.pt,56,955,955,3,1,29.9488,0.00955,0.020251019999999998
dwconv-bn-relu_prior_7SCYH2.pt,112,92,92,5,1,30.005248,0.002392,0.01983102
dwconv-bn-relu_prior_8J8J31.pt,112,48,48,7,1,30.1056,0.0024,0.019640259999999996
dwconv-bn-relu_prior_WTPYW6.pt,112,240,240,3,1,30.1056,0.0024,0.01985606
dwconv-bn-relu_prior_8DLEOJ.pt,56,964,964,3,1,30.23104,0.00964,0.02017088
dwconv-bn-relu_prior_5AK404.pt,56,964,964,3,1,30.23104,0.00964,0.01980894
dwconv-bn-relu_prior_RF00JK.pt,56,965,965,3,1,30.2624,0.00965,0.02045268
dwconv-bn-relu_prior_QUYGQY.pt,112,242,242,3,1,30.35648,0.00242,0.019920919999999998
dwconv-bn-relu_prior_JMBHN4.pt,56,975,975,3,1,30.576,0.00975,0.019887960000000003
dwconv-bn-relu_prior_C1D8XA.pt,112,976,976,3,2,30.60736,0.00976,0.019505800000000004
dwconv-bn-relu_prior_B8CYIG.pt,56,977,977,3,1,30.63872,0.00977,0.019903279999999995
dwconv-bn-relu_prior_UNBP93.pt,112,94,94,5,1,30.657536,0.002444,0.019901659999999995
dwconv-bn-relu_prior_WCH73M.pt,112,94,94,5,1,30.657536,0.002444,0.01973623999999999
dwconv-bn-relu_prior_AEX7OX.pt,112,245,245,3,1,30.7328,0.00245,0.020291659999999993
dwconv-bn-relu_prior_M5WNP0.pt,112,248,248,3,1,31.10912,0.00248,0.02040252000000001
dwconv-bn-relu_prior_DYD5SB.pt,112,96,96,5,1,31.309824,0.002496,0.019840440000000004
dwconv-bn-relu_prior_203C2M.pt,112,96,96,5,1,31.309824,0.002496,0.020302739999999996
dwconv-bn-relu_prior_PJKN92.pt,112,50,50,7,1,31.36,0.0025,0.01981902
dwconv-bn-relu_prior_BZFDBF.pt,112,253,253,3,1,31.73632,0.00253,0.02046832
dwconv-bn-relu_prior_U2OQJ6.pt,56,392,392,5,1,31.962112,0.010192,0.01963862
dwconv-bn-relu_prior_EBTUBQ.pt,112,255,255,3,1,31.9872,0.00255,0.01983812
dwconv-bn-relu_prior_U2LCEW.pt,56,393,393,5,1,32.043648,0.010218,0.019622499999999998
dwconv-bn-relu_prior_4G0G8I.pt,56,1029,1029,3,1,32.26944,0.01029,0.019805200000000002
dwconv-bn-relu_prior_BV6XKU.pt,56,1032,1032,3,1,32.36352,0.01032,0.019626579999999998
dwconv-bn-relu_prior_FJLS7N.pt,56,397,397,5,1,32.369792,0.010322,0.019945859999999996
dwconv-bn-relu_prior_R6R8HI.pt,112,259,259,3,1,32.48896,0.00259,0.020433459999999997
dwconv-bn-relu_prior_SIS7IE.pt,112,52,52,7,1,32.6144,0.0026,0.019789099999999994
dwconv-bn-relu_prior_ID9FRU.pt,112,260,260,3,1,32.6144,0.0026,0.02024018
dwconv-bn-relu_prior_FZGLHC.pt,112,261,261,3,1,32.73984,0.00261,0.019737859999999996
dwconv-bn-relu_prior_LNM5I4.pt,112,262,262,3,1,32.86528,0.00262,0.01999216
dwconv-bn-relu_prior_C8FGYH.pt,112,101,101,5,1,32.940544,0.002626,0.019657579999999994
dwconv-bn-relu_prior_MSF3CN.pt,112,263,263,3,1,32.99072,0.00263,0.01979416
dwconv-bn-relu_prior_6EJAU9.pt,112,264,264,3,1,33.11616,0.00264,0.020251460000000002
dwconv-bn-relu_prior_ZJV98M.pt,112,53,53,7,1,33.2416,0.00265,0.02028292
dwconv-bn-relu_prior_K93E5R.pt,112,102,102,5,1,33.266688,0.002652,0.019711959999999997
dwconv-bn-relu_prior_AZ172H.pt,56,409,409,5,1,33.348224,0.010634,0.020323760000000007
dwconv-bn-relu_prior_Y1SF60.pt,112,267,267,3,1,33.49248,0.00267,0.020331840000000007
dwconv-bn-relu_prior_0KI4N0.pt,112,103,103,5,1,33.592832,0.002678,0.019734440000000002
dwconv-bn-relu_prior_ZT48YC.pt,112,103,103,5,1,33.592832,0.002678,0.019747460000000005
dwconv-bn-relu_prior_4YI1R4.pt,112,54,54,7,1,33.8688,0.0027,0.01972728
dwconv-bn-relu_prior_FUMO37.pt,112,105,105,5,1,34.24512,0.00273,0.020082980000000004
dwconv-bn-relu_prior_BWJMR2.pt,112,105,105,5,1,34.24512,0.00273,0.019756040000000002
dwconv-bn-relu_prior_YSIMHG.pt,112,224,224,7,2,35.1232,0.0112,0.01962533999999999
dwconv-bn-relu_prior_I3447T.pt,56,1124,1124,3,1,35.24864,0.01124,0.01953922
dwconv-bn-relu_prior_QO0SH5.pt,56,1125,1125,3,1,35.28,0.01125,0.0196964
dwconv-bn-relu_prior_QVWVCT.pt,56,1126,1126,3,1,35.31136,0.01126,0.0198423
dwconv-bn-relu_prior_DV9PS9.pt,112,1128,1128,3,2,35.37408,0.01128,0.019663100000000003
dwconv-bn-relu_prior_ZVQWK3.pt,56,1133,1133,3,1,35.53088,0.01133,0.019535999999999998
dwconv-bn-relu_prior_4ZS1QI.pt,112,109,109,5,1,35.549696,0.002834,0.019667360000000002
dwconv-bn-relu_prior_DL7Z83.pt,56,1142,1142,3,1,35.81312,0.01142,0.020245040000000002
dwconv-bn-relu_prior_64SEA1.pt,56,1143,1143,3,1,35.84448,0.01143,0.020225499999999997
dwconv-bn-relu_prior_L5HX0H.pt,56,1147,1147,3,1,35.96992,0.01147,0.019744499999999998
dwconv-bn-relu_prior_DL8DGR.pt,56,1148,1148,3,1,36.00128,0.01148,0.01984128
dwconv-bn-relu_prior_C0LR0H.pt,56,1150,1150,3,1,36.064,0.0115,0.01971292
dwconv-bn-relu_prior_2IUADL.pt,112,111,111,5,1,36.201984,0.002886,0.01958496
dwconv-bn-relu_prior_2C18F6.pt,112,58,58,7,1,36.3776,0.0029,0.01954728
dwconv-bn-relu_prior_BDEQEA.pt,112,112,112,5,1,36.528128,0.002912,0.01960648
dwconv-bn-relu_prior_8PJTEO.pt,28,952,952,7,1,37.3184,0.0476,0.019491679999999997
dwconv-bn-relu_prior_RI88QJ.pt,112,115,115,5,1,37.50656,0.00299,0.01960454
dwconv-bn-relu_prior_8N2STM.pt,112,115,115,5,1,37.50656,0.00299,0.020091480000000005
dwconv-bn-relu_prior_NU4N5B.pt,112,60,60,7,1,37.632,0.003,0.019674499999999998
dwconv-bn-relu_prior_08Q3YE.pt,28,970,970,7,1,38.024,0.0485,0.019610739999999995
dwconv-bn-relu_prior_R0XXRL.pt,56,468,468,5,1,38.158848,0.012168,0.020013679999999992
dwconv-bn-relu_prior_D0LFVG.pt,28,974,974,7,1,38.1808,0.0487,0.01978694
dwconv-bn-relu_prior_ZTPGQV.pt,112,61,61,7,1,38.2592,0.00305,0.01952914
dwconv-bn-relu_prior_10G1ZM.pt,56,471,471,5,1,38.403456,0.012246,0.019635519999999997
dwconv-bn-relu_prior_APL5RY.pt,56,245,245,7,1,38.416,0.01225,0.019704080000000002
dwconv-bn-relu_prior_TKIAXD.pt,112,472,472,5,2,38.484992,0.012272,0.020818380000000004
dwconv-bn-relu_prior_6291L3.pt,56,472,472,5,1,38.484992,0.012272,0.02004036
dwconv-bn-relu_prior_TV4UQK.pt,112,474,474,5,2,38.648064,0.012324,0.01969244
dwconv-bn-relu_prior_U8CWN9.pt,56,475,475,5,1,38.7296,0.01235,0.01967674
dwconv-bn-relu_prior_NX9XL2.pt,56,475,475,5,1,38.7296,0.01235,0.019621299999999998
dwconv-bn-relu_prior_JI6STA.pt,112,119,119,5,1,38.811136,0.003094,0.019701359999999998
dwconv-bn-relu_prior_KDNWTJ.pt,112,62,62,7,1,38.8864,0.0031,0.019547219999999997
dwconv-bn-relu_prior_SH6MXY.pt,56,248,248,7,1,38.8864,0.0124,0.01964648
dwconv-bn-relu_prior_88SSY2.pt,56,478,478,5,1,38.974208,0.012428,0.019737200000000003
dwconv-bn-relu_prior_GXMY90.pt,56,480,480,5,1,39.13728,0.01248,0.019990980000000002
dwconv-bn-relu_prior_H5C3ID.pt,56,480,480,5,1,39.13728,0.01248,0.01959484
dwconv-bn-relu_prior_121MGE.pt,56,485,485,5,1,39.54496,0.01261,0.01960702
dwconv-bn-relu_prior_EUT5RJ.pt,56,485,485,5,1,39.54496,0.01261,0.01981498
dwconv-bn-relu_prior_J9H4O9.pt,56,486,486,5,1,39.626496,0.012636,0.019715100000000003
dwconv-bn-relu_prior_HY1MHU.pt,112,253,253,7,2,39.6704,0.01265,0.020316120000000003
dwconv-bn-relu_prior_X9I4UY.pt,112,122,122,5,1,39.789568,0.003172,0.019560360000000002
dwconv-bn-relu_prior_MBS3PI.pt,112,123,123,5,1,40.115712,0.003198,0.0197258
dwconv-bn-relu_prior_XVN5U1.pt,56,492,492,5,1,40.115712,0.012792,0.019599900000000003
dwconv-bn-relu_prior_WH6XTY.pt,56,501,501,5,1,40.849536,0.013026,0.01978816
dwconv-bn-relu_prior_RBO8PT.pt,56,503,503,5,1,41.012608,0.013078,0.01992756
dwconv-bn-relu_prior_OQQGVN.pt,112,506,506,5,2,41.257216,0.013156,0.01988114
dwconv-bn-relu_prior_0OQPL0.pt,56,515,515,5,1,41.99104,0.01339,0.019783380000000003
dwconv-bn-relu_prior_XUNPDX.pt,56,516,516,5,1,42.072576,0.013416,0.019680660000000003
dwconv-bn-relu_prior_WZT0E9.pt,56,520,520,5,1,42.39872,0.01352,0.02023172
dwconv-bn-relu_prior_GLJP07.pt,112,69,69,7,1,43.2768,0.00345,0.019713919999999996
dwconv-bn-relu_prior_ZT5LUZ.pt,112,70,70,7,1,43.904,0.0035,0.01990506
dwconv-bn-relu_prior_K4B55V.pt,28,1128,1128,7,1,44.2176,0.0564,0.019916040000000003
dwconv-bn-relu_prior_FANR2E.pt,28,1129,1129,7,1,44.2568,0.05645,0.020361840000000006
dwconv-bn-relu_prior_IGUSQP.pt,28,1134,1134,7,1,44.4528,0.0567,0.019762000000000002
dwconv-bn-relu_prior_2XCCX1.pt,28,1145,1145,7,1,44.884,0.05725,0.019803019999999994
dwconv-bn-relu_prior_SE1O80.pt,28,1146,1146,7,1,44.9232,0.0573,0.0202749
dwconv-bn-relu_prior_5XNCP0.pt,112,72,72,7,1,45.1584,0.0036,0.01973152
dwconv-bn-relu_prior_2UIG8F.pt,56,562,562,5,1,45.823232,0.014612,0.019659339999999997
dwconv-bn-relu_prior_CCW7JZ.pt,112,74,74,7,1,46.4128,0.0037,0.019819740000000002
dwconv-bn-relu_prior_EY7RL8.pt,56,575,575,5,1,46.8832,0.01495,0.01959788
dwconv-bn-relu_prior_JP6E6N.pt,56,576,576,5,1,46.964736,0.014976,0.01987172
dwconv-bn-relu_prior_CVVYPX.pt,112,75,75,7,1,47.04,0.00375,0.02036306
dwconv-bn-relu_prior_BROGUH.pt,112,75,75,7,1,47.04,0.00375,0.019851459999999994
dwconv-bn-relu_prior_D0Y0G4.pt,112,75,75,7,1,47.04,0.00375,0.019883660000000004
dwconv-bn-relu_prior_QGOQGZ.pt,112,148,148,5,1,48.269312,0.003848,0.019703380000000006
dwconv-bn-relu_prior_J322SU.pt,112,392,392,3,1,49.17248,0.00392,0.019844340000000002
dwconv-bn-relu_prior_AKC15Q.pt,112,153,153,5,1,49.900032,0.003978,0.0196012
dwconv-bn-relu_prior_T1QJM6.pt,112,153,153,5,1,49.900032,0.003978,0.019749720000000002
dwconv-bn-relu_prior_ROOX7E.pt,112,400,400,3,1,50.176,0.004,0.019732020000000003
dwconv-bn-relu_prior_QTGC08.pt,112,154,154,5,1,50.226176,0.004004,0.01970872
dwconv-bn-relu_prior_ECBC03.pt,112,154,154,5,1,50.226176,0.004004,0.01976302
dwconv-bn-relu_prior_0O3ZRI.pt,112,403,403,3,1,50.55232,0.00403,0.019605620000000004
dwconv-bn-relu_prior_LC6QN6.pt,112,404,404,3,1,50.67776,0.00404,0.019828079999999998
dwconv-bn-relu_prior_44220N.pt,112,156,156,5,1,50.878464,0.004056,0.01949026
dwconv-bn-relu_prior_BBACZ9.pt,112,156,156,5,1,50.878464,0.004056,0.01961392
dwconv-bn-relu_prior_MIUQK7.pt,112,157,157,5,1,51.204608,0.004082,0.01962816
dwconv-bn-relu_prior_RMAC1L.pt,112,159,159,5,1,51.856896,0.004134,0.01970306
dwconv-bn-relu_prior_O9ANK6.pt,112,83,83,7,1,52.0576,0.00415,0.01950324
dwconv-bn-relu_prior_2F2251.pt,112,161,161,5,1,52.509184,0.004186,0.01975728
dwconv-bn-relu_prior_8RBR5R.pt,112,161,161,5,1,52.509184,0.004186,0.019782819999999993
dwconv-bn-relu_prior_770VPG.pt,112,161,161,5,1,52.509184,0.004186,0.01997897999999999
dwconv-bn-relu_prior_OGEPGH.pt,112,162,162,5,1,52.835328,0.004212,0.019452540000000004
dwconv-bn-relu_prior_IONZQC.pt,112,162,162,5,1,52.835328,0.004212,0.019745979999999996
dwconv-bn-relu_prior_3MQRQ8.pt,112,163,163,5,1,53.161472,0.004238,0.019891779999999998
dwconv-bn-relu_prior_5RGHTA.pt,112,85,85,7,1,53.312,0.00425,0.01978104
dwconv-bn-relu_prior_DX36OF.pt,112,164,164,5,1,53.487616,0.004264,0.0196756
dwconv-bn-relu_prior_HZGMV1.pt,112,164,164,5,1,53.487616,0.004264,0.02021002
dwconv-bn-relu_prior_ZYWGQ7.pt,112,164,164,5,1,53.487616,0.004264,0.01976176
dwconv-bn-relu_prior_PST2DE.pt,56,667,667,5,1,54.384512,0.017342,0.020137359999999993
dwconv-bn-relu_prior_O6SDEF.pt,112,167,167,5,1,54.466048,0.004342,0.019731960000000003
dwconv-bn-relu_prior_QFZYXF.pt,112,87,87,7,1,54.5664,0.00435,0.0196041
dwconv-bn-relu_prior_E2EBTI.pt,112,87,87,7,1,54.5664,0.00435,0.019781239999999995
dwconv-bn-relu_prior_EAVL7A.pt,112,168,168,5,1,54.792192,0.004368,0.01980014
dwconv-bn-relu_prior_BJHPDE.pt,56,673,673,5,1,54.873728,0.017498,0.01959562
dwconv-bn-relu_prior_Z3U9UC.pt,56,674,674,5,1,54.955264,0.017524,0.019680859999999994
dwconv-bn-relu_prior_0583G8.pt,56,675,675,5,1,55.0368,0.01755,0.02044609999999999
dwconv-bn-relu_prior_6JBODA.pt,112,169,169,5,1,55.118336,0.004394,0.019875419999999998
dwconv-bn-relu_prior_X7QQI6.pt,112,88,88,7,1,55.1936,0.0044,0.01975668
dwconv-bn-relu_prior_A4QTIQ.pt,56,680,680,5,1,55.44448,0.01768,0.019575620000000002
dwconv-bn-relu_prior_JN53XC.pt,56,680,680,5,1,55.44448,0.01768,0.0197279
dwconv-bn-relu_prior_BVNUNY.pt,112,171,171,5,1,55.770624,0.004446,0.019702260000000003
dwconv-bn-relu_prior_1LK0KH.pt,56,684,684,5,1,55.770624,0.017784,0.019835500000000002
dwconv-bn-relu_prior_2HPUXZ.pt,56,685,685,5,1,55.85216,0.01781,0.019846020000000002
dwconv-bn-relu_prior_UIW7E0.pt,112,173,173,5,1,56.422912,0.004498,0.01980198000000001
dwconv-bn-relu_prior_SZ76XM.pt,112,173,173,5,1,56.422912,0.004498,0.01992852
dwconv-bn-relu_prior_NXGWU8.pt,112,173,173,5,1,56.422912,0.004498,0.019660819999999996
dwconv-bn-relu_prior_HT8JGN.pt,112,174,174,5,1,56.749056,0.004524,0.01982762
dwconv-bn-relu_prior_23W1X9.pt,112,175,175,5,1,57.0752,0.00455,0.01964862
dwconv-bn-relu_prior_30YCID.pt,112,91,91,7,1,57.0752,0.00455,0.02003524
dwconv-bn-relu_prior_UDBP8C.pt,112,175,175,5,1,57.0752,0.00455,0.020213779999999994
dwconv-bn-relu_prior_Q142U7.pt,112,92,92,7,1,57.7024,0.0046,0.02146486
dwconv-bn-relu_prior_KELX26.pt,112,177,177,5,1,57.727488,0.004602,0.020300899999999997
dwconv-bn-relu_prior_GE1V46.pt,112,177,177,5,1,57.727488,0.004602,0.01989438
dwconv-bn-relu_prior_4A15OF.pt,112,178,178,5,1,58.053632,0.004628,0.019667760000000006
dwconv-bn-relu_prior_KFH4CX.pt,112,178,178,5,1,58.053632,0.004628,0.01963756
dwconv-bn-relu_prior_61SM72.pt,112,179,179,5,1,58.379776,0.004654,0.01993666
dwconv-bn-relu_prior_PZPKNL.pt,112,179,179,5,1,58.379776,0.004654,0.019852180000000004
dwconv-bn-relu_prior_6RF423.pt,112,179,179,5,1,58.379776,0.004654,0.0198423
dwconv-bn-relu_prior_BMDAYJ.pt,112,180,180,5,1,58.70592,0.00468,0.02002908
dwconv-bn-relu_prior_VUC5IG.pt,112,469,469,3,1,58.83136,0.00469,0.019763100000000006
dwconv-bn-relu_prior_0YB1WH.pt,112,469,469,3,1,58.83136,0.00469,0.019828660000000005
dwconv-bn-relu_prior_IOZYC3.pt,112,469,469,3,1,58.83136,0.00469,0.019727159999999994
dwconv-bn-relu_prior_S8GUBL.pt,112,94,94,7,1,58.9568,0.0047,0.019855440000000002
dwconv-bn-relu_prior_IY2E2K.pt,112,94,94,7,1,58.9568,0.0047,0.019798479999999997
dwconv-bn-relu_prior_RBWY5S.pt,112,94,94,7,1,58.9568,0.0047,0.020396059999999997
dwconv-bn-relu_prior_GJ93GZ.pt,112,181,181,5,1,59.032064,0.004706,0.01962964
dwconv-bn-relu_prior_B4M6PP.pt,112,181,181,5,1,59.032064,0.004706,0.01990428
dwconv-bn-relu_prior_VU1EFK.pt,112,475,475,3,1,59.584,0.00475,0.019734779999999997
dwconv-bn-relu_prior_PZPLCW.pt,112,476,476,3,1,59.70944,0.00476,0.019745799999999994
dwconv-bn-relu_prior_Y6SJDM.pt,112,383,383,7,2,60.0544,0.01915,0.01967052
dwconv-bn-relu_prior_I8BY8I.pt,112,479,479,3,1,60.08576,0.00479,0.020453299999999994
dwconv-bn-relu_prior_9U3BKS.pt,112,479,479,3,1,60.08576,0.00479,0.019816959999999995
dwconv-bn-relu_prior_Z34BVN.pt,112,481,481,3,1,60.33664,0.00481,0.020310220000000004
dwconv-bn-relu_prior_YEP310.pt,56,387,387,7,1,60.6816,0.01935,0.019695780000000003
dwconv-bn-relu_prior_AVDF7L.pt,112,484,484,3,1,60.71296,0.00484,0.019969440000000005
dwconv-bn-relu_prior_3KQ1R0.pt,112,485,485,3,1,60.8384,0.00485,0.01981036
dwconv-bn-relu_prior_D7UD4C.pt,112,487,487,3,1,61.08928,0.00487,0.019801700000000002
dwconv-bn-relu_prior_IACYKJ.pt,112,489,489,3,1,61.34016,0.00489,0.01987532
dwconv-bn-relu_prior_78VGVV.pt,112,489,489,3,1,61.34016,0.00489,0.01995856
dwconv-bn-relu_prior_6NU6S6.pt,112,490,490,3,1,61.4656,0.0049,0.019784
dwconv-bn-relu_prior_ZXF3SN.pt,112,490,490,3,1,61.4656,0.0049,0.019855039999999997
dwconv-bn-relu_prior_XKJDMD.pt,112,492,492,3,1,61.71648,0.00492,0.019938340000000002
dwconv-bn-relu_prior_PYNUGG.pt,112,494,494,3,1,61.96736,0.00494,0.01976748
dwconv-bn-relu_prior_8E0OFT.pt,112,99,99,7,1,62.0928,0.00495,0.01980938
dwconv-bn-relu_prior_GS98NW.pt,112,498,498,3,1,62.46912,0.00498,0.020709100000000005
dwconv-bn-relu_prior_XSERXG.pt,112,101,101,7,1,63.3472,0.00505,0.019592559999999995
dwconv-bn-relu_prior_RT52OL.pt,112,198,198,5,1,64.576512,0.005148,0.01968905999999999
dwconv-bn-relu_prior_AUJA38.pt,112,517,517,3,1,64.85248,0.00517,0.019957
dwconv-bn-relu_prior_DVO1XU.pt,112,518,518,3,1,64.97792,0.00518,0.01998024
dwconv-bn-relu_prior_U7OYK8.pt,112,522,522,3,1,65.47968,0.00522,0.020136880000000003
dwconv-bn-relu_prior_S9PZSD.pt,112,106,106,7,1,66.4832,0.0053,0.019843420000000004
dwconv-bn-relu_prior_HH3YXG.pt,112,213,213,5,1,69.468672,0.005538,0.01969068
dwconv-bn-relu_prior_TXNHFP.pt,112,213,213,5,1,69.468672,0.005538,0.01953124
dwconv-bn-relu_prior_R7GXAG.pt,112,555,555,3,1,69.6192,0.00555,0.020377940000000008
dwconv-bn-relu_prior_4CCOEA.pt,112,558,558,3,1,69.99552,0.00558,0.01986036
dwconv-bn-relu_prior_2KI2EW.pt,112,218,218,5,1,71.099392,0.005668,0.019821639999999998
dwconv-bn-relu_prior_WOWBGM.pt,112,576,576,3,1,72.25344,0.00576,0.020440860000000005
dwconv-bn-relu_prior_GWDZCR.pt,112,223,223,5,1,72.730112,0.005798,0.01971966
dwconv-bn-relu_prior_Y28JN4.pt,112,224,224,5,1,73.056256,0.005824,0.01968752
dwconv-bn-relu_prior_THTBBU.pt,56,470,470,7,1,73.696,0.0235,0.019689940000000003
dwconv-bn-relu_prior_HIF230.pt,56,472,472,7,1,74.0096,0.0236,0.019684860000000005
dwconv-bn-relu_prior_2LNTMV.pt,112,227,227,5,1,74.034688,0.005902,0.01953878
dwconv-bn-relu_prior_BWCTI9.pt,112,473,473,7,2,74.1664,0.02365,0.019729239999999995
dwconv-bn-relu_prior_HQH9N8.pt,112,230,230,5,1,75.01312,0.00598,0.019708260000000002
dwconv-bn-relu_prior_0K0CR5.pt,112,122,122,7,1,76.5184,0.0061,0.01967
dwconv-bn-relu_prior_XOO2BO.pt,112,122,122,7,1,76.5184,0.0061,0.019735719999999998
dwconv-bn-relu_prior_4KZXKI.pt,112,235,235,5,1,76.64384,0.00611,0.019779579999999998
dwconv-bn-relu_prior_F8X7VQ.pt,56,494,494,7,1,77.4592,0.0247,0.01971781999999999
dwconv-bn-relu_prior_DI5A71.pt,112,238,238,5,1,77.622272,0.006188,0.019907519999999995
dwconv-bn-relu_prior_EG90O6.pt,56,952,952,5,1,77.622272,0.024752,0.02072425999999999
dwconv-bn-relu_prior_CDBF1J.pt,56,953,953,5,1,77.703808,0.024778,0.0203125
dwconv-bn-relu_prior_CVRZQD.pt,56,958,958,5,1,78.111488,0.024908,0.01973396
dwconv-bn-relu_prior_ZXL46N.pt,112,240,240,5,1,78.27456,0.00624,0.019560919999999996
dwconv-bn-relu_prior_HGOLCB.pt,112,240,240,5,1,78.27456,0.00624,0.019483359999999995
dwconv-bn-relu_prior_9CSGGJ.pt,56,965,965,5,1,78.68224,0.02509,0.019754719999999996
dwconv-bn-relu_prior_GKDHXX.pt,56,974,974,5,1,79.416064,0.025324,0.019645640000000002
dwconv-bn-relu_prior_0RCC7T.pt,56,975,975,5,1,79.4976,0.02535,0.02036386
dwconv-bn-relu_prior_ULQDVJ.pt,112,244,244,5,1,79.579136,0.006344,0.0197863
dwconv-bn-relu_prior_JCYK5Z.pt,112,244,244,5,1,79.579136,0.006344,0.019702279999999996
dwconv-bn-relu_prior_ZTRAKT.pt,56,508,508,7,1,79.6544,0.0254,0.019887120000000008
dwconv-bn-relu_prior_0PXCH9.pt,56,980,980,5,1,79.90528,0.02548,0.01992262
dwconv-bn-relu_prior_UJLDTM.pt,112,511,511,7,2,80.1248,0.02555,0.019925339999999996
dwconv-bn-relu_prior_S4YAVT.pt,112,247,247,5,1,80.557568,0.006422,0.019748860000000007
dwconv-bn-relu_prior_20SBA1.pt,56,516,516,7,1,80.9088,0.0258,0.019507340000000005
dwconv-bn-relu_prior_PMHLRM.pt,112,251,251,5,1,81.862144,0.006526,0.019993360000000005
dwconv-bn-relu_prior_5KS45J.pt,112,253,253,5,1,82.514432,0.006578,0.0203368
dwconv-bn-relu_prior_6VH87O.pt,112,1029,1029,5,2,83.900544,0.026754,0.019828000000000002
dwconv-bn-relu_prior_V1CVXZ.pt,112,260,260,5,1,84.79744,0.00676,0.0197303
dwconv-bn-relu_prior_9X9XR0.pt,112,678,678,3,1,85.04832,0.00678,0.019589840000000004
dwconv-bn-relu_prior_3RDH6Z.pt,112,262,262,5,1,85.449728,0.006812,0.01975148
dwconv-bn-relu_prior_FOQZ28.pt,112,684,684,3,1,85.80096,0.00684,0.01974764
dwconv-bn-relu_prior_3HLG4P.pt,112,690,690,3,1,86.5536,0.0069,0.019612159999999997
dwconv-bn-relu_prior_U0LOU6.pt,112,267,267,5,1,87.080448,0.006942,0.01976698
dwconv-bn-relu_prior_SMUETK.pt,56,1127,1127,5,1,91.891072,0.029302,0.01959178
dwconv-bn-relu_prior_HGJDQ3.pt,112,1129,1129,5,2,92.054144,0.029354,0.019636080000000004
dwconv-bn-relu_prior_2NEWLK.pt,112,147,147,7,1,92.1984,0.00735,0.019655459999999993
dwconv-bn-relu_prior_IK1GFV.pt,56,1133,1133,5,1,92.380288,0.029458,0.01959286
dwconv-bn-relu_prior_ARC6AN.pt,56,1142,1142,5,1,93.114112,0.029692,0.019711940000000004
dwconv-bn-relu_prior_BX03J3.pt,56,1144,1144,5,1,93.277184,0.029744,0.020315400000000004
dwconv-bn-relu_prior_5WA2ZX.pt,56,1149,1149,5,1,93.684864,0.029874,0.01976092
dwconv-bn-relu_prior_FCV3JV.pt,112,155,155,7,1,97.216,0.00775,0.02031516
dwconv-bn-relu_prior_Z9OIFX.pt,112,155,155,7,1,97.216,0.00775,0.019901099999999994
dwconv-bn-relu_prior_ZIPGY4.pt,112,160,160,7,1,100.352,0.008,0.019893060000000004
dwconv-bn-relu_prior_GXLAHV.pt,112,161,161,7,1,100.9792,0.00805,0.019860619999999992
dwconv-bn-relu_prior_HOVTWH.pt,112,163,163,7,1,102.2336,0.00815,0.01956852
dwconv-bn-relu_prior_5APJ0H.pt,112,166,166,7,1,104.1152,0.0083,0.01977426
dwconv-bn-relu_prior_GN2LVO.pt,56,675,675,7,1,105.84,0.03375,0.019728260000000004
dwconv-bn-relu_prior_YT1NTP.pt,56,677,677,7,1,106.1536,0.03385,0.019689579999999995
dwconv-bn-relu_prior_SJNHX8.pt,112,171,171,7,1,107.2512,0.00855,0.019837859999999995
dwconv-bn-relu_prior_UVSEKM.pt,112,173,173,7,1,108.5056,0.00865,0.019514399999999998
dwconv-bn-relu_prior_G4ISDD.pt,112,174,174,7,1,109.1328,0.0087,0.01980404
dwconv-bn-relu_prior_UZETDH.pt,112,174,174,7,1,109.1328,0.0087,0.019726620000000004
dwconv-bn-relu_prior_CKP19C.pt,112,175,175,7,1,109.76,0.00875,0.019724079999999998
dwconv-bn-relu_prior_U9KT00.pt,112,175,175,7,1,109.76,0.00875,0.019763779999999995
dwconv-bn-relu_prior_DAOERK.pt,112,176,176,7,1,110.3872,0.0088,0.01958448
dwconv-bn-relu_prior_50REH5.pt,112,177,177,7,1,111.0144,0.00885,0.019624639999999995
dwconv-bn-relu_prior_59FD2U.pt,112,957,957,3,1,120.04608,0.00957,0.019557680000000004
dwconv-bn-relu_prior_FIU1X3.pt,112,957,957,3,1,120.04608,0.00957,0.019610339999999997
dwconv-bn-relu_prior_IKTT6W.pt,112,968,968,3,1,121.42592,0.00968,0.019636340000000006
dwconv-bn-relu_prior_S7M1L0.pt,112,975,975,3,1,122.304,0.00975,0.019775260000000003
dwconv-bn-relu_prior_GYVWPL.pt,112,978,978,3,1,122.68032,0.00978,0.019646699999999993
dwconv-bn-relu_prior_HI743Q.pt,112,979,979,3,1,122.80576,0.00979,0.020006100000000006
dwconv-bn-relu_prior_59UCY8.pt,112,388,388,5,1,126.543872,0.010088,0.02009238
dwconv-bn-relu_prior_DF6Q8W.pt,112,409,409,5,1,133.392896,0.010634,0.020023979999999993
dwconv-bn-relu_prior_MV8S12.pt,112,1129,1129,3,1,141.62176,0.01129,0.019859619999999998
dwconv-bn-relu_prior_43CILM.pt,112,1133,1133,3,1,142.12352,0.01133,0.01981306
dwconv-bn-relu_prior_5936R7.pt,112,1137,1137,3,1,142.62528,0.01137,0.020285280000000003
dwconv-bn-relu_prior_KBZNAE.pt,112,1141,1141,3,1,143.12704,0.01141,0.019646920000000002
dwconv-bn-relu_prior_AMH0VS.pt,112,1143,1143,3,1,143.37792,0.01143,0.019691639999999996
dwconv-bn-relu_prior_ZBPMUA.pt,112,1147,1147,3,1,143.87968,0.01147,0.019597980000000004
dwconv-bn-relu_prior_L0ZKRJ.pt,112,231,231,7,1,144.8832,0.01155,0.020206759999999994
dwconv-bn-relu_prior_DK2MCL.pt,56,954,954,7,1,149.5872,0.0477,0.019667739999999996
dwconv-bn-relu_prior_FI2IRU.pt,56,964,964,7,1,151.1552,0.0482,0.020166679999999996
dwconv-bn-relu_prior_QV4XC6.pt,112,242,242,7,1,151.7824,0.0121,0.01971142
dwconv-bn-relu_prior_HX5PR3.pt,56,973,973,7,1,152.5664,0.04865,0.019876079999999997
dwconv-bn-relu_prior_OTY9SV.pt,112,468,468,5,1,152.635392,0.012168,0.019680640000000003
dwconv-bn-relu_prior_VAYFN1.pt,112,470,470,5,1,153.28768,0.01222,0.01975337999999999
dwconv-bn-relu_prior_XL59QM.pt,112,470,470,5,1,153.28768,0.01222,0.019640800000000003
dwconv-bn-relu_prior_YEHJA5.pt,112,470,470,5,1,153.28768,0.01222,0.02032718
dwconv-bn-relu_prior_L5Y6YJ.pt,56,978,978,7,1,153.3504,0.0489,0.02028354
dwconv-bn-relu_prior_NU4RWM.pt,112,471,471,5,1,153.613824,0.012246,0.019720320000000003
dwconv-bn-relu_prior_E6IWVB.pt,112,471,471,5,1,153.613824,0.012246,0.0198
dwconv-bn-relu_prior_3OYO3W.pt,112,472,472,5,1,153.939968,0.012272,0.019970699999999997
dwconv-bn-relu_prior_AWQYRA.pt,112,473,473,5,1,154.266112,0.012298,0.019700640000000002
dwconv-bn-relu_prior_SEO07V.pt,112,478,478,5,1,155.896832,0.012428,0.01955204
dwconv-bn-relu_prior_Y4R7S5.pt,112,249,249,7,1,156.1728,0.01245,0.01998516
dwconv-bn-relu_prior_0YNRUD.pt,112,481,481,5,1,156.875264,0.012506,0.020220699999999998
dwconv-bn-relu_prior_8MQE5U.pt,112,489,489,5,1,159.484416,0.012714,0.0196516
dwconv-bn-relu_prior_XGIQ1U.pt,112,491,491,5,1,160.136704,0.012766,0.01969134
dwconv-bn-relu_prior_JQCYKT.pt,112,256,256,7,1,160.5632,0.0128,0.01953774
dwconv-bn-relu_prior_CDN5GW.pt,112,496,496,5,1,161.767424,0.012896,0.021697320000000003
dwconv-bn-relu_prior_KKSTOD.pt,112,504,504,5,1,164.376576,0.013104,0.019847300000000002
dwconv-bn-relu_prior_RGK6M5.pt,112,505,505,5,1,164.70272,0.01313,0.01961178
dwconv-bn-relu_prior_OTI8CU.pt,56,1149,1149,7,1,180.1632,0.05745,0.01953622
dwconv-bn-relu_prior_AUEEHR.pt,112,569,569,5,1,185.575936,0.014794,0.019813259999999996
dwconv-bn-relu_prior_Q1QTUW.pt,112,574,574,5,1,187.206656,0.014924,0.019683460000000003
dwconv-bn-relu_prior_7L2CCA.pt,112,674,674,5,1,219.821056,0.017524,0.01956688
dwconv-bn-relu_prior_33GV28.pt,112,676,676,5,1,220.473344,0.017576,0.019792120000000007
dwconv-bn-relu_prior_2S5ZHB.pt,112,676,676,5,1,220.473344,0.017576,0.019851080000000007
dwconv-bn-relu_prior_1RHI2J.pt,112,678,678,5,1,221.125632,0.017628,0.01968574
dwconv-bn-relu_prior_2IH8ZR.pt,112,681,681,5,1,222.104064,0.017706,0.019551119999999998
dwconv-bn-relu_prior_VUFEGZ.pt,112,683,683,5,1,222.756352,0.017758,0.019717040000000005
dwconv-bn-relu_prior_GDW7NY.pt,112,686,686,5,1,223.734784,0.017836,0.01963024
dwconv-bn-relu_prior_PTNMP1.pt,112,689,689,5,1,224.713216,0.017914,0.019689940000000003
dwconv-bn-relu_prior_TXFMHP.pt,112,695,695,5,1,226.67008,0.01807,0.0196791
dwconv-bn-relu_prior_AO56U2.pt,112,409,409,7,1,256.5248,0.02045,0.019807139999999997
dwconv-bn-relu_prior_PDO6F4.pt,112,482,482,7,1,302.3104,0.0241,0.019842060000000005
dwconv-bn-relu_prior_EABDNC.pt,112,485,485,7,1,304.192,0.02425,0.019890520000000005
dwconv-bn-relu_prior_Z8S0PG.pt,112,959,959,5,1,312.772096,0.024934,0.019811419999999996
dwconv-bn-relu_prior_XYQMML.pt,112,980,980,5,1,319.62112,0.02548,0.019685880000000006
dwconv-bn-relu_prior_VTUXTZ.pt,112,980,980,5,1,319.62112,0.02548,0.01969004
dwconv-bn-relu_prior_KWEWHZ.pt,112,514,514,7,1,322.3808,0.0257,0.019854340000000005
dwconv-bn-relu_prior_D2I40K.pt,112,517,517,7,1,324.2624,0.02585,0.01960848
dwconv-bn-relu_prior_Y5YIL7.pt,112,1014,1014,5,1,330.710016,0.026364,0.01957478
dwconv-bn-relu_prior_NT8H4V.pt,112,561,561,7,1,351.8592,0.02805,0.019896860000000002
dwconv-bn-relu_prior_UGV057.pt,112,572,572,7,1,358.7584,0.0286,0.019792419999999998
dwconv-bn-relu_prior_4CFVGU.pt,112,1133,1133,5,1,369.521152,0.029458,0.01947072
dwconv-bn-relu_prior_2XD67D.pt,112,1133,1133,5,1,369.521152,0.029458,0.019625240000000006
dwconv-bn-relu_prior_IB63GY.pt,112,1136,1136,5,1,370.499584,0.029536,0.01955744
dwconv-bn-relu_prior_CNO4MX.pt,112,1142,1142,5,1,372.456448,0.029692,0.01946968
dwconv-bn-relu_prior_1WE03W.pt,112,962,962,7,1,603.3664,0.0481,0.019628100000000002
dwconv-bn-relu_prior_MACX8R.pt,112,966,966,7,1,605.8752,0.0483,0.01954232
dwconv-bn-relu_prior_4YUA8Q.pt,112,1129,1129,7,1,708.1088,0.05645,0.019904179999999997
dwconv-bn-relu_prior_FMMV58.pt,112,1145,1145,7,1,718.144,0.05725,0.01956002
dwconv-bn-relu_finegrained1_UYJW8Z.pt,14,58,58,5,1,0.295568,0.001508,0.020980359999999997
dwconv-bn-relu_finegrained1_SLC6RC.pt,14,110,110,5,1,0.56056,0.00286,0.01966846000000001
dwconv-bn-relu_finegrained1_TE04UY.pt,14,71,71,5,1,0.361816,0.001846,0.01982428
dwconv-bn-relu_finegrained1_XVK4Y9.pt,14,104,104,5,1,0.529984,0.002704,0.019651079999999998
dwconv-bn-relu_finegrained1_8FBSUW.pt,14,66,66,5,1,0.336336,0.001716,0.020334199999999997
dwconv-bn-relu_finegrained1_4P7VDY.pt,14,60,60,5,1,0.30576,0.00156,0.01952136
dwconv-bn-relu_finegrained1_ATM5CG.pt,14,69,69,5,1,0.351624,0.001794,0.020198099999999997
dwconv-bn-relu_finegrained1_N3IYB0.pt,14,64,64,5,1,0.326144,0.001664,0.019785620000000004
dwconv-bn-relu_finegrained1_4JHORR.pt,14,103,103,5,1,0.524888,0.002678,0.02009798
dwconv-bn-relu_finegrained1_MKME93.pt,14,59,59,5,1,0.300664,0.001534,0.019737080000000004
dwconv-bn-relu_finegrained1_AEIV3A.pt,14,75,75,5,1,0.3822,0.00195,0.0195243
dwconv-bn-relu_finegrained1_ENY7RD.pt,14,51,51,5,1,0.259896,0.001326,0.019616999999999996
dwconv-bn-relu_finegrained1_CUZKR0.pt,14,85,85,5,1,0.43316,0.00221,0.0196288
dwconv-bn-relu_finegrained1_3QZ5XK.pt,14,102,102,5,1,0.519792,0.002652,0.01988046
dwconv-bn-relu_finegrained1_XAAVTZ.pt,14,63,63,5,1,0.321048,0.001638,0.019705420000000008
dwconv-bn-relu_finegrained1_6FV3T3.pt,14,78,78,5,1,0.397488,0.002028,0.02000718
dwconv-bn-relu_finegrained1_JJANE6.pt,14,86,86,5,1,0.438256,0.002236,0.019662279999999997
dwconv-bn-relu_finegrained1_GNPNQ5.pt,14,50,50,5,1,0.2548,0.0013,0.019727300000000003
dwconv-bn-relu_finegrained1_3UZT8V.pt,14,62,62,5,1,0.315952,0.001612,0.019760980000000004
dwconv-bn-relu_finegrained1_VHR5W9.pt,14,90,90,5,1,0.45864,0.00234,0.02023974
dwconv-bn-relu_finegrained1_O10YQP.pt,7,55,55,5,2,0.0175175,0.00143,0.01967218
dwconv-bn-relu_finegrained1_5W1RYV.pt,7,78,78,5,2,0.024843,0.002028,0.01949752
dwconv-bn-relu_finegrained1_SNG2QV.pt,7,62,62,5,2,0.019747,0.001612,0.0200596
dwconv-bn-relu_finegrained1_HBTZXZ.pt,7,46,46,5,2,0.014651,0.001196,0.0197541
dwconv-bn-relu_finegrained1_GHA6Z2.pt,7,61,61,5,2,0.0194285,0.001586,0.019732679999999992
dwconv-bn-relu_finegrained1_I57P34.pt,7,76,76,5,2,0.024206,0.001976,0.020286160000000004
dwconv-bn-relu_finegrained1_LH40C5.pt,7,60,60,5,2,0.01911,0.00156,0.020268519999999998
dwconv-bn-relu_finegrained1_OG7YX8.pt,7,73,73,5,2,0.0232505,0.001898,0.019637179999999997
dwconv-bn-relu_finegrained1_02ZJ0V.pt,7,69,69,5,2,0.0219765,0.001794,0.01991518
dwconv-bn-relu_finegrained1_RG3SOX.pt,7,80,80,5,2,0.02548,0.00208,0.019570679999999997
dwconv-bn-relu_finegrained1_3UV2NG.pt,7,67,67,5,2,0.0213395,0.001742,0.019584020000000004
dwconv-bn-relu_finegrained1_SFBPDN.pt,7,45,45,5,2,0.0143325,0.00117,0.01970268
dwconv-bn-relu_finegrained1_WTG7PK.pt,7,41,41,5,2,0.0130585,0.001066,0.019644380000000003
dwconv-bn-relu_finegrained1_F9F7N7.pt,7,50,50,5,2,0.015925,0.0013,0.020177039999999997
dwconv-bn-relu_finegrained1_M0F717.pt,7,75,75,5,2,0.0238875,0.00195,0.019811040000000002
dwconv-bn-relu_finegrained1_8EJIKE.pt,7,77,77,5,2,0.0245245,0.002002,0.01950332
dwconv-bn-relu_finegrained1_6P1BJH.pt,7,57,57,5,2,0.0181545,0.001482,0.019459839999999996
dwconv-bn-relu_finegrained1_WBGXAB.pt,7,35,35,5,2,0.0111475,0.00091,0.02073276
dwconv-bn-relu_finegrained1_CXLLYD.pt,7,72,72,5,2,0.022932,0.001872,0.019629259999999992
dwconv-bn-relu_finegrained1_CG7K17.pt,7,56,56,5,2,0.017836,0.001456,0.019680359999999997
dwconv-bn-relu_finegrained1_MLPDFH.pt,28,22,22,3,1,0.17248,0.00022,0.019487280000000003
dwconv-bn-relu_finegrained1_W1VT3O.pt,28,33,33,3,1,0.25872,0.00033,0.01954552
dwconv-bn-relu_finegrained1_04J5KV.pt,28,29,29,3,1,0.22736,0.00029,0.019528420000000005
dwconv-bn-relu_finegrained1_FW21GP.pt,28,42,42,3,1,0.32928,0.00042,0.019567779999999996
dwconv-bn-relu_finegrained1_OELFWV.pt,28,35,35,3,1,0.2744,0.00035,0.020292860000000003
dwconv-bn-relu_finegrained1_6PST6O.pt,28,37,37,3,1,0.29008,0.00037,0.019639979999999998
dwconv-bn-relu_finegrained1_JJ6INJ.pt,28,23,23,3,1,0.18032,0.00023,0.0196759
dwconv-bn-relu_finegrained1_043EVW.pt,28,43,43,3,1,0.33712,0.00043,0.019696680000000008
dwconv-bn-relu_finegrained1_YRCZHQ.pt,28,49,49,3,1,0.38416,0.00049,0.019761579999999994
dwconv-bn-relu_finegrained1_BNULMO.pt,28,34,34,3,1,0.26656,0.00034,0.019602380000000003
dwconv-bn-relu_finegrained1_AWA67R.pt,28,45,45,3,1,0.3528,0.00045,0.020061299999999997
dwconv-bn-relu_finegrained1_ZZMIRU.pt,28,39,39,3,1,0.30576,0.00039,0.019461220000000005
dwconv-bn-relu_finegrained1_OXW07N.pt,28,51,51,3,1,0.39984,0.00051,0.019685459999999995
dwconv-bn-relu_finegrained1_239E91.pt,28,38,38,3,1,0.29792,0.00038,0.019584920000000002
dwconv-bn-relu_finegrained1_7ME305.pt,28,50,50,3,1,0.392,0.0005,0.020521779999999996
dwconv-bn-relu_finegrained1_H1C49P.pt,28,30,30,3,1,0.2352,0.0003,0.01941488
dwconv-bn-relu_finegrained1_ZE7GNY.pt,28,24,24,3,1,0.18816,0.00024,0.020195619999999997
dwconv-bn-relu_finegrained1_OMHWS1.pt,28,31,31,3,1,0.24304,0.00031,0.020293040000000002
dwconv-bn-relu_finegrained1_DDPXEG.pt,28,44,44,3,1,0.34496,0.00044,0.020046480000000005
dwconv-bn-relu_finegrained1_2U0ASU.pt,28,41,41,3,1,0.32144,0.00041,0.01941806
dwconv-bn-relu_finegrained1_WT3Q8P.pt,14,75,75,3,1,0.147,0.00075,0.02008404
dwconv-bn-relu_finegrained1_EBWXC8.pt,14,103,103,3,1,0.20188,0.00103,0.01981258
dwconv-bn-relu_finegrained1_Q6O7I9.pt,14,77,77,3,1,0.15092,0.00077,0.019731079999999998
dwconv-bn-relu_finegrained1_575FQL.pt,14,110,110,3,1,0.2156,0.0011,0.0197355
dwconv-bn-relu_finegrained1_M9XQZK.pt,14,119,119,3,1,0.23324,0.00119,0.019600179999999995
dwconv-bn-relu_finegrained1_SC15B2.pt,14,97,97,3,1,0.19012,0.00097,0.020394060000000002
dwconv-bn-relu_finegrained1_W4342J.pt,14,73,73,3,1,0.14308,0.00073,0.019563500000000008
dwconv-bn-relu_finegrained1_6PY29O.pt,14,125,125,3,1,0.245,0.00125,0.019603640000000002
dwconv-bn-relu_finegrained1_1PLM8F.pt,14,64,64,3,1,0.12544,0.00064,0.020042880000000002
dwconv-bn-relu_finegrained1_JLQS8A.pt,14,143,143,3,1,0.28028,0.00143,0.019643660000000004
dwconv-bn-relu_finegrained1_CUW0EY.pt,14,107,107,3,1,0.20972,0.00107,0.020025940000000006
dwconv-bn-relu_finegrained1_XP3WJ9.pt,14,112,112,3,1,0.21952,0.00112,0.019707459999999996
dwconv-bn-relu_finegrained1_2XKEQ4.pt,14,86,86,3,1,0.16856,0.00086,0.0195366
dwconv-bn-relu_finegrained1_2TKEUR.pt,14,98,98,3,1,0.19208,0.00098,0.01983544
dwconv-bn-relu_finegrained1_PNJKN9.pt,14,84,84,3,1,0.16464,0.00084,0.01952868
dwconv-bn-relu_finegrained1_TG1YVE.pt,14,90,90,3,1,0.1764,0.0009,0.0198145
dwconv-bn-relu_finegrained1_E6LSWF.pt,14,63,63,3,1,0.12348,0.00063,0.0196262
dwconv-bn-relu_finegrained1_OSDUG7.pt,14,85,85,3,1,0.1666,0.00085,0.02032158
dwconv-bn-relu_finegrained1_ZVXRME.pt,14,139,139,3,1,0.27244,0.00139,0.019767379999999998
dwconv-bn-relu_finegrained1_7OPD75.pt,14,129,129,3,1,0.25284,0.00129,0.019449139999999993
dwconv-bn-relu_finegrained1_E38FR7.pt,28,22,22,3,1,0.17248,0.00022,0.019770140000000002
dwconv-bn-relu_finegrained1_UXAGJ0.pt,28,39,39,3,1,0.30576,0.00039,0.020224219999999998
dwconv-bn-relu_finegrained1_1W7PW3.pt,28,46,46,3,1,0.36064,0.00046,0.019700099999999995
dwconv-bn-relu_finegrained1_8FNNAP.pt,28,37,37,3,1,0.29008,0.00037,0.019715479999999997
dwconv-bn-relu_finegrained1_3RA9EK.pt,28,47,47,3,1,0.36848,0.00047,0.019694360000000008
dwconv-bn-relu_finegrained1_X0DKFG.pt,28,27,27,3,1,0.21168,0.00027,0.019527580000000003
dwconv-bn-relu_finegrained1_3KI3GL.pt,28,28,28,3,1,0.21952,0.00028,0.01961918
dwconv-bn-relu_finegrained1_068C4P.pt,28,31,31,3,1,0.24304,0.00031,0.01975526
dwconv-bn-relu_finegrained1_IB2YNV.pt,28,51,51,3,1,0.39984,0.00051,0.02008098
dwconv-bn-relu_finegrained1_DUH014.pt,28,23,23,3,1,0.18032,0.00023,0.01970784
dwconv-bn-relu_finegrained1_18SPRV.pt,28,40,40,3,1,0.3136,0.0004,0.019754579999999997
dwconv-bn-relu_finegrained1_7WKP2N.pt,28,26,26,3,1,0.20384,0.00026,0.019579120000000005
dwconv-bn-relu_finegrained1_QLI6FE.pt,28,34,34,3,1,0.26656,0.00034,0.01981436
dwconv-bn-relu_finegrained1_YFFCBT.pt,28,44,44,3,1,0.34496,0.00044,0.019721820000000004
dwconv-bn-relu_finegrained1_EDHBSO.pt,28,36,36,3,1,0.28224,0.00036,0.019477040000000004
dwconv-bn-relu_finegrained1_YSICD7.pt,28,33,33,3,1,0.25872,0.00033,0.02007492
dwconv-bn-relu_finegrained1_9U96Y0.pt,28,35,35,3,1,0.2744,0.00035,0.0196922
dwconv-bn-relu_finegrained1_AOMBU5.pt,28,30,30,3,1,0.2352,0.0003,0.01960354
dwconv-bn-relu_finegrained1_UA5OYF.pt,28,41,41,3,1,0.32144,0.00041,0.01970594000000001
dwconv-bn-relu_finegrained1_BOOGHA.pt,28,43,43,3,1,0.33712,0.00043,0.02004456
dwconv-bn-relu_finegrained1_WMSCN4.pt,56,39,39,5,1,3.179904,0.001014,0.021290900000000005
dwconv-bn-relu_finegrained1_62LRWS.pt,56,52,52,5,1,4.239872,0.001352,0.01974112
dwconv-bn-relu_finegrained1_YYUGD0.pt,56,37,37,5,1,3.016832,0.000962,0.01951314
dwconv-bn-relu_finegrained1_Q2ZCXX.pt,56,34,34,5,1,2.772224,0.000884,0.02025002
dwconv-bn-relu_finegrained1_TJRNC0.pt,56,48,48,5,1,3.913728,0.001248,0.019921860000000003
dwconv-bn-relu_finegrained1_YI4J7R.pt,56,26,26,5,1,2.119936,0.000676,0.01959152
dwconv-bn-relu_finegrained1_695KWC.pt,56,38,38,5,1,3.098368,0.000988,0.019441700000000003
dwconv-bn-relu_finegrained1_KQVWLL.pt,56,50,50,5,1,4.0768,0.0013,0.019964060000000006
dwconv-bn-relu_finegrained1_XA0UX4.pt,56,41,41,5,1,3.342976,0.001066,0.0202006
dwconv-bn-relu_finegrained1_RJSFZS.pt,56,33,33,5,1,2.690688,0.000858,0.019672500000000002
dwconv-bn-relu_finegrained1_RT2JYR.pt,56,24,24,5,1,1.956864,0.000624,0.01959946
dwconv-bn-relu_finegrained1_FSRW7N.pt,56,49,49,5,1,3.995264,0.001274,0.019730359999999992
dwconv-bn-relu_finegrained1_Q0MPK0.pt,56,32,32,5,1,2.609152,0.000832,0.020278459999999998
dwconv-bn-relu_finegrained1_I944J1.pt,56,25,25,5,1,2.0384,0.00065,0.0200674
dwconv-bn-relu_finegrained1_0BOWLE.pt,56,36,36,5,1,2.935296,0.000936,0.019610200000000005
dwconv-bn-relu_finegrained1_OLE3T9.pt,56,45,45,5,1,3.66912,0.00117,0.019988659999999995
dwconv-bn-relu_finegrained1_F9Z4S5.pt,56,44,44,5,1,3.587584,0.001144,0.019826240000000005
dwconv-bn-relu_finegrained1_S24179.pt,56,51,51,5,1,4.158336,0.001326,0.020136739999999997
dwconv-bn-relu_finegrained1_3UAHY5.pt,56,27,27,5,1,2.201472,0.000702,0.019749420000000004
dwconv-bn-relu_finegrained1_F3YYNH.pt,56,46,46,5,1,3.750656,0.001196,0.019760479999999997
dwconv-bn-relu_finegrained1_1ZYFKR.pt,28,132,132,7,1,5.1744,0.0066,0.019786220000000004
dwconv-bn-relu_finegrained1_COVZIT.pt,28,118,118,7,1,4.6256,0.0059,0.01947806
dwconv-bn-relu_finegrained1_NL17I4.pt,28,144,144,7,1,5.6448,0.0072,0.020073839999999996
dwconv-bn-relu_finegrained1_8LWH2T.pt,28,109,109,7,1,4.2728,0.00545,0.019672360000000003
dwconv-bn-relu_finegrained1_DZFWJF.pt,28,167,167,7,1,6.5464,0.00835,0.019903820000000003
dwconv-bn-relu_finegrained1_FZT4QR.pt,28,130,130,7,1,5.096,0.0065,0.01965882
dwconv-bn-relu_finegrained1_HY5GBJ.pt,28,183,183,7,1,7.1736,0.00915,0.019625619999999996
dwconv-bn-relu_finegrained1_AHJW20.pt,28,209,209,7,1,8.1928,0.01045,0.020185520000000002
dwconv-bn-relu_finegrained1_4UBPB4.pt,28,188,188,7,1,7.3696,0.0094,0.019835279999999997
dwconv-bn-relu_finegrained1_Q04UNS.pt,28,106,106,7,1,4.1552,0.0053,0.019712740000000003
dwconv-bn-relu_finegrained1_MNMWW5.pt,28,211,211,7,1,8.2712,0.01055,0.019720559999999995
dwconv-bn-relu_finegrained1_5JBANQ.pt,28,171,171,7,1,6.7032,0.00855,0.019904939999999996
dwconv-bn-relu_finegrained1_4PYMV2.pt,28,128,128,7,1,5.0176,0.0064,0.02010794
dwconv-bn-relu_finegrained1_F7G6R9.pt,28,161,161,7,1,6.3112,0.00805,0.019583199999999995
dwconv-bn-relu_finegrained1_6SKZFD.pt,28,212,212,7,1,8.3104,0.0106,0.019581940000000003
dwconv-bn-relu_finegrained1_JLKBNY.pt,28,105,105,7,1,4.116,0.00525,0.019689820000000004
dwconv-bn-relu_finegrained1_IVIGZ5.pt,28,163,163,7,1,6.3896,0.00815,0.019579
dwconv-bn-relu_finegrained1_ZJD3LO.pt,28,143,143,7,1,5.6056,0.00715,0.019535219999999992
dwconv-bn-relu_finegrained1_F38Y4F.pt,28,141,141,7,1,5.5272,0.00705,0.01946744
dwconv-bn-relu_finegrained1_MV2R33.pt,28,127,127,7,1,4.9784,0.00635,0.01953382
dwconv-bn-relu_finegrained1_BM9RM3.pt,14,62,62,5,2,0.078988,0.001612,0.019737020000000004
dwconv-bn-relu_finegrained1_BFKSZG.pt,14,81,81,5,2,0.103194,0.002106,0.020023940000000007
dwconv-bn-relu_finegrained1_BJ69WA.pt,14,39,39,5,2,0.049686,0.001014,0.01958584
dwconv-bn-relu_finegrained1_2PJNT9.pt,14,42,42,5,2,0.053508,0.001092,0.01983772
dwconv-bn-relu_finegrained1_WSJK0J.pt,14,80,80,5,2,0.10192,0.00208,0.019745080000000005
dwconv-bn-relu_finegrained1_F089NC.pt,14,40,40,5,2,0.05096,0.00104,0.019757599999999997
dwconv-bn-relu_finegrained1_ZVXTTY.pt,14,41,41,5,2,0.052234,0.001066,0.019673460000000004
dwconv-bn-relu_finegrained1_YDSWSS.pt,14,47,47,5,2,0.059878,0.001222,0.019982520000000007
dwconv-bn-relu_finegrained1_UTO21U.pt,14,71,71,5,2,0.090454,0.001846,0.02004078
dwconv-bn-relu_finegrained1_R1RGBO.pt,14,45,45,5,2,0.05733,0.00117,0.019725839999999998
dwconv-bn-relu_finegrained1_U18Z3K.pt,14,35,35,5,2,0.04459,0.00091,0.020136980000000002
dwconv-bn-relu_finegrained1_XSQXWT.pt,14,57,57,5,2,0.072618,0.001482,0.01968296
dwconv-bn-relu_finegrained1_NMAD1W.pt,14,46,46,5,2,0.058604,0.001196,0.01969114
dwconv-bn-relu_finegrained1_XNLNZS.pt,14,79,79,5,2,0.100646,0.002054,0.019812000000000003
dwconv-bn-relu_finegrained1_L3A696.pt,14,43,43,5,2,0.054782,0.001118,0.020286020000000002
dwconv-bn-relu_finegrained1_EIS341.pt,14,59,59,5,2,0.075166,0.001534,0.01972842
dwconv-bn-relu_finegrained1_7CYZHF.pt,14,53,53,5,2,0.067522,0.001378,0.019686439999999996
dwconv-bn-relu_finegrained1_5OU5GG.pt,14,61,61,5,2,0.077714,0.001586,0.019785160000000003
dwconv-bn-relu_finegrained1_1M2TXK.pt,14,69,69,5,2,0.087906,0.001794,0.01973498
dwconv-bn-relu_finegrained1_WEZL2N.pt,14,49,49,5,2,0.062426,0.001274,0.01966426
dwconv-bn-relu_finegrained1_SAR69E.pt,14,167,167,3,1,0.32732,0.00167,0.01949672
dwconv-bn-relu_finegrained1_IFXQWJ.pt,14,155,155,3,1,0.3038,0.00155,0.019747999999999998
dwconv-bn-relu_finegrained1_YMPY8D.pt,14,117,117,3,1,0.22932,0.00117,0.019722080000000003
dwconv-bn-relu_finegrained1_5J4LLY.pt,14,182,182,3,1,0.35672,0.00182,0.01961926
dwconv-bn-relu_finegrained1_V4J4FZ.pt,14,179,179,3,1,0.35084,0.00179,0.019654580000000005
dwconv-bn-relu_finegrained1_IU5EFM.pt,14,213,213,3,1,0.41748,0.00213,0.01969046
dwconv-bn-relu_finegrained1_V0A7AD.pt,14,189,189,3,1,0.37044,0.00189,0.019940459999999993
dwconv-bn-relu_finegrained1_3T1P39.pt,14,144,144,3,1,0.28224,0.00144,0.02018674
dwconv-bn-relu_finegrained1_QOPWGL.pt,14,107,107,3,1,0.20972,0.00107,0.019647840000000007
dwconv-bn-relu_finegrained1_FLI5MZ.pt,14,133,133,3,1,0.26068,0.00133,0.01988534
dwconv-bn-relu_finegrained1_HV2353.pt,14,177,177,3,1,0.34692,0.00177,0.01968052
dwconv-bn-relu_finegrained1_MFAB39.pt,14,114,114,3,1,0.22344,0.00114,0.0202573
dwconv-bn-relu_finegrained1_NJE7CW.pt,14,166,166,3,1,0.32536,0.00166,0.019730299999999996
dwconv-bn-relu_finegrained1_HNK07X.pt,14,119,119,3,1,0.23324,0.00119,0.01958542
dwconv-bn-relu_finegrained1_T7X5XU.pt,14,162,162,3,1,0.31752,0.00162,0.0198358
dwconv-bn-relu_finegrained1_JVBWNA.pt,14,141,141,3,1,0.27636,0.00141,0.020492060000000003
dwconv-bn-relu_finegrained1_2NYL8U.pt,14,140,140,3,1,0.2744,0.0014,0.01968428
dwconv-bn-relu_finegrained1_G3QOOB.pt,14,104,104,3,1,0.20384,0.00104,0.019635639999999996
dwconv-bn-relu_finegrained1_QY905Q.pt,14,209,209,3,1,0.40964,0.00209,0.019637059999999998
dwconv-bn-relu_finegrained1_9IRRP4.pt,14,168,168,3,1,0.32928,0.00168,0.02057164
dwconv-bn-relu_finegrained1_TTGSL4.pt,7,39,39,3,1,0.01911,0.00039,0.020048360000000005
dwconv-bn-relu_finegrained1_AYDEGG.pt,7,81,81,3,1,0.03969,0.00081,0.01991908000000001
dwconv-bn-relu_finegrained1_WVZMI7.pt,7,52,52,3,1,0.02548,0.00052,0.020034700000000003
dwconv-bn-relu_finegrained1_4TXD9B.pt,7,60,60,3,1,0.0294,0.0006,0.01987246
dwconv-bn-relu_finegrained1_MTYL7L.pt,7,55,55,3,1,0.02695,0.00055,0.019906699999999996
dwconv-bn-relu_finegrained1_TA1K9L.pt,7,35,35,3,1,0.01715,0.00035,0.019952280000000003
dwconv-bn-relu_finegrained1_4VVOEA.pt,7,46,46,3,1,0.02254,0.00046,0.020812199999999996
dwconv-bn-relu_finegrained1_SR8RV9.pt,7,51,51,3,1,0.02499,0.00051,0.02029102
dwconv-bn-relu_finegrained1_9IFE05.pt,7,53,53,3,1,0.02597,0.00053,0.020402159999999996
dwconv-bn-relu_finegrained1_JD4O9G.pt,7,77,77,3,1,0.03773,0.00077,0.019552160000000002
dwconv-bn-relu_finegrained1_925GW1.pt,7,69,69,3,1,0.03381,0.00069,0.01966234
dwconv-bn-relu_finegrained1_13MSHA.pt,7,79,79,3,1,0.03871,0.00079,0.019795800000000002
dwconv-bn-relu_finegrained1_5M3ZCQ.pt,7,48,48,3,1,0.02352,0.00048,0.019676919999999997
dwconv-bn-relu_finegrained1_G8L15R.pt,7,62,62,3,1,0.03038,0.00062,0.020507679999999997
dwconv-bn-relu_finegrained1_5H7MI5.pt,7,70,70,3,1,0.0343,0.0007,0.01963798
dwconv-bn-relu_finegrained1_ZEB1X0.pt,7,64,64,3,1,0.03136,0.00064,0.020496160000000003
dwconv-bn-relu_finegrained1_A610DZ.pt,7,47,47,3,1,0.02303,0.00047,0.02021978
dwconv-bn-relu_finegrained1_PATXOQ.pt,7,65,65,3,1,0.03185,0.00065,0.020298840000000005
dwconv-bn-relu_finegrained1_MDBGVI.pt,7,68,68,3,1,0.03332,0.00068,0.0195539
dwconv-bn-relu_finegrained1_VCHO44.pt,7,54,54,3,1,0.02646,0.00054,0.020152099999999996
dwconv-bn-relu_finegrained2_1ET22W.pt,56,11,11,3,1,0.34496,0.00011,0.020797579999999996
dwconv-bn-relu_finegrained2_BN0N3E.pt,56,13,13,3,1,0.40768,0.00013,0.020490700000000004
dwconv-bn-relu_finegrained2_WZ2AQJ.pt,56,7,7,3,1,0.21952,7e-05,0.01956472
dwconv-bn-relu_finegrained2_AI0KJ2.pt,56,14,14,3,1,0.43904,0.00014,0.019650619999999997
dwconv-bn-relu_finegrained2_TYPRBV.pt,56,9,9,3,1,0.28224,9e-05,0.021558539999999994
dwconv-bn-relu_finegrained2_HX7HGQ.pt,56,8,8,3,1,0.25088,8e-05,0.019610219999999998
dwconv-bn-relu_finegrained2_TOG0TA.pt,56,10,10,3,1,0.3136,0.0001,0.021020419999999995
dwconv-bn-relu_finegrained2_6COBMH.pt,56,15,15,3,1,0.4704,0.00015,0.019669860000000008
dwconv-bn-relu_finegrained2_LUAFYX.pt,56,12,12,3,1,0.37632,0.00012,0.019568520000000002
dwconv-bn-relu_finegrained2_1YE1TB.pt,14,46,46,5,2,0.058604,0.001196,0.02028222
dwconv-bn-relu_finegrained2_K9KQ2P.pt,14,62,62,5,2,0.078988,0.001612,0.019717259999999993
dwconv-bn-relu_finegrained2_YB55JD.pt,14,51,51,5,2,0.064974,0.001326,0.01956982
dwconv-bn-relu_finegrained2_P1H2GF.pt,14,65,65,5,2,0.08281,0.00169,0.0200772
dwconv-bn-relu_finegrained2_N9UGMO.pt,14,76,76,5,2,0.096824,0.001976,0.019648299999999997
dwconv-bn-relu_finegrained2_8P1SVI.pt,14,56,56,5,2,0.071344,0.001456,0.02035412
dwconv-bn-relu_finegrained2_IIYINR.pt,14,63,63,5,2,0.080262,0.001638,0.0195643
dwconv-bn-relu_finegrained2_2E0FVQ.pt,14,45,45,5,2,0.05733,0.00117,0.01973946
dwconv-bn-relu_finegrained2_40PJTG.pt,14,37,37,5,2,0.047138,0.000962,0.02010914
dwconv-bn-relu_finegrained2_I22JQL.pt,14,35,35,5,2,0.04459,0.00091,0.020060340000000006
dwconv-bn-relu_finegrained2_91K3QP.pt,14,41,41,5,2,0.052234,0.001066,0.019585819999999997
dwconv-bn-relu_finegrained2_O0T9GA.pt,14,60,60,5,2,0.07644,0.00156,0.019649939999999998
dwconv-bn-relu_finegrained2_AD62FV.pt,14,66,66,5,2,0.084084,0.001716,0.019794479999999993
dwconv-bn-relu_finegrained2_07FHGU.pt,14,70,70,5,2,0.08918,0.00182,0.020858940000000003
dwconv-bn-relu_finegrained2_XKTAS5.pt,14,36,36,5,2,0.045864,0.000936,0.019792140000000003
dwconv-bn-relu_finegrained2_MP0YXR.pt,14,77,77,5,2,0.098098,0.002002,0.019640740000000004
dwconv-bn-relu_finegrained2_B1QAKU.pt,14,54,54,5,2,0.068796,0.001404,0.019657880000000003
dwconv-bn-relu_finegrained2_UANUR9.pt,14,47,47,5,2,0.059878,0.001222,0.0195542
dwconv-bn-relu_finegrained2_XUD88K.pt,14,55,55,5,2,0.07007,0.00143,0.020221979999999994
dwconv-bn-relu_finegrained2_1SCSIH.pt,14,72,72,5,2,0.091728,0.001872,0.019818740000000005
dwconv-bn-relu_finegrained2_DEV6U2.pt,14,59,59,5,1,0.300664,0.001534,0.019863460000000003
dwconv-bn-relu_finegrained2_ECU7PJ.pt,14,84,84,5,1,0.428064,0.002184,0.02026986
dwconv-bn-relu_finegrained2_QE6EVV.pt,14,92,92,5,1,0.468832,0.002392,0.019677939999999994
dwconv-bn-relu_finegrained2_EV85D7.pt,14,79,79,5,1,0.402584,0.002054,0.019925619999999998
dwconv-bn-relu_finegrained2_IDXVXY.pt,14,73,73,5,1,0.372008,0.001898,0.019885339999999994
dwconv-bn-relu_finegrained2_TRS9QF.pt,14,62,62,5,1,0.315952,0.001612,0.019734240000000004
dwconv-bn-relu_finegrained2_EMHVM8.pt,14,102,102,5,1,0.519792,0.002652,0.019595759999999997
dwconv-bn-relu_finegrained2_XYRB1N.pt,14,104,104,5,1,0.529984,0.002704,0.01981132
dwconv-bn-relu_finegrained2_EV6YY4.pt,14,71,71,5,1,0.361816,0.001846,0.020433739999999995
dwconv-bn-relu_finegrained2_WM1LPL.pt,14,101,101,5,1,0.514696,0.002626,0.019674099999999996
dwconv-bn-relu_finegrained2_KD6868.pt,14,77,77,5,1,0.392392,0.002002,0.020415420000000007
dwconv-bn-relu_finegrained2_AMQJPB.pt,14,69,69,5,1,0.351624,0.001794,0.019853520000000003
dwconv-bn-relu_finegrained2_HF8NZS.pt,14,94,94,5,1,0.479024,0.002444,0.02114204
dwconv-bn-relu_finegrained2_YZF33H.pt,14,48,48,5,1,0.244608,0.001248,0.01980556
dwconv-bn-relu_finegrained2_Z96IA1.pt,14,106,106,5,1,0.540176,0.002756,0.019701619999999993
dwconv-bn-relu_finegrained2_2DNHSR.pt,14,108,108,5,1,0.550368,0.002808,0.019677639999999996
dwconv-bn-relu_finegrained2_009UY3.pt,14,72,72,5,1,0.366912,0.001872,0.019651479999999995
dwconv-bn-relu_finegrained2_XJ8XN1.pt,14,61,61,5,1,0.310856,0.001586,0.01959538
dwconv-bn-relu_finegrained2_6V0LPX.pt,14,93,93,5,1,0.473928,0.002418,0.019641479999999996
dwconv-bn-relu_finegrained2_84QP0V.pt,14,99,99,5,1,0.504504,0.002574,0.020650480000000006
dwconv-bn-relu_finegrained2_NFDQF0.pt,14,89,89,5,1,0.453544,0.002314,0.019648080000000002
dwconv-bn-relu_finegrained2_YDVVLG.pt,14,93,93,5,1,0.473928,0.002418,0.019581659999999997
dwconv-bn-relu_finegrained2_BEJH02.pt,14,59,59,5,1,0.300664,0.001534,0.020341480000000002
dwconv-bn-relu_finegrained2_GWHUKS.pt,14,104,104,5,1,0.529984,0.002704,0.019693979999999996
dwconv-bn-relu_finegrained2_AZS5PV.pt,14,63,63,5,1,0.321048,0.001638,0.019728480000000007
dwconv-bn-relu_finegrained2_LOFT3Y.pt,14,79,79,5,1,0.402584,0.002054,0.020827739999999994
dwconv-bn-relu_finegrained2_20DCCP.pt,14,47,47,5,1,0.239512,0.001222,0.019786179999999997
dwconv-bn-relu_finegrained2_V05BE7.pt,14,95,95,5,1,0.48412,0.00247,0.019732939999999997
dwconv-bn-relu_finegrained2_7CWHJ3.pt,14,48,48,5,1,0.244608,0.001248,0.0202014
dwconv-bn-relu_finegrained2_U6H0DV.pt,14,109,109,5,1,0.555464,0.002834,0.020543519999999996
dwconv-bn-relu_finegrained2_QU7A8X.pt,14,71,71,5,1,0.361816,0.001846,0.01960364
dwconv-bn-relu_finegrained2_JMKPIB.pt,14,67,67,5,1,0.341432,0.001742,0.020125579999999997
dwconv-bn-relu_finegrained2_BEKWXS.pt,14,65,65,5,1,0.33124,0.00169,0.02011930000000001
dwconv-bn-relu_finegrained2_3STCTT.pt,14,98,98,5,1,0.499408,0.002548,0.01990358
dwconv-bn-relu_finegrained2_17XM1Q.pt,14,110,110,5,1,0.56056,0.00286,0.01968302
dwconv-bn-relu_finegrained2_P7TVM0.pt,14,92,92,5,1,0.468832,0.002392,0.01993044
dwconv-bn-relu_finegrained2_OL58A6.pt,14,96,96,5,1,0.489216,0.002496,0.019597899999999998
dwconv-bn-relu_finegrained2_YSPSTS.pt,14,60,60,5,1,0.30576,0.00156,0.01968914
dwconv-bn-relu_finegrained2_QS55UM.pt,14,103,103,5,1,0.524888,0.002678,0.020262919999999993
dwconv-bn-relu_finegrained2_8MMWC7.pt,14,54,54,5,1,0.275184,0.001404,0.020176579999999996
dwconv-bn-relu_finegrained2_9GGFBS.pt,14,108,108,3,1,0.21168,0.00108,0.01980428
dwconv-bn-relu_finegrained2_J57LK6.pt,14,92,92,3,1,0.18032,0.00092,0.01990218
dwconv-bn-relu_finegrained2_U19D7H.pt,14,142,142,3,1,0.27832,0.00142,0.01961192
dwconv-bn-relu_finegrained2_VA6DID.pt,14,100,100,3,1,0.196,0.001,0.020329299999999998
dwconv-bn-relu_finegrained2_EZYOD6.pt,14,119,119,3,1,0.23324,0.00119,0.019656240000000002
dwconv-bn-relu_finegrained2_RDLOXN.pt,14,91,91,3,1,0.17836,0.00091,0.0202811
dwconv-bn-relu_finegrained2_DOVH9D.pt,14,112,112,3,1,0.21952,0.00112,0.02006456
dwconv-bn-relu_finegrained2_WXBRLG.pt,14,68,68,3,1,0.13328,0.00068,0.019835019999999995
dwconv-bn-relu_finegrained2_PITDSH.pt,14,71,71,3,1,0.13916,0.00071,0.01971912
dwconv-bn-relu_finegrained2_IB2OFZ.pt,14,97,97,3,1,0.19012,0.00097,0.0199085
dwconv-bn-relu_finegrained2_JUIK83.pt,14,141,141,3,1,0.27636,0.00141,0.019766360000000004
dwconv-bn-relu_finegrained2_K98XAD.pt,14,111,111,3,1,0.21756,0.00111,0.020291819999999995
dwconv-bn-relu_finegrained2_E0AFG9.pt,14,115,115,3,1,0.2254,0.00115,0.01967638
dwconv-bn-relu_finegrained2_Q1RL3X.pt,14,114,114,3,1,0.22344,0.00114,0.019987360000000006
dwconv-bn-relu_finegrained2_39YTLX.pt,14,103,103,3,1,0.20188,0.00103,0.019781440000000004
dwconv-bn-relu_finegrained2_S8LA07.pt,14,77,77,3,1,0.15092,0.00077,0.020268079999999994
dwconv-bn-relu_finegrained2_6EIMMA.pt,14,136,136,3,1,0.26656,0.00136,0.01964062
dwconv-bn-relu_finegrained2_6GZ2VL.pt,14,133,133,3,1,0.26068,0.00133,0.019632300000000002
dwconv-bn-relu_finegrained2_L30BAD.pt,14,109,109,3,1,0.21364,0.00109,0.0195222
dwconv-bn-relu_finegrained2_K3IVK8.pt,14,99,99,3,1,0.19404,0.00099,0.019632779999999996
dwconv-bn-relu_finegrained2_SVCTD1.pt,28,51,51,3,1,0.39984,0.00051,0.02049632
dwconv-bn-relu_finegrained2_JV1Y7H.pt,28,38,38,3,1,0.29792,0.00038,0.019611760000000002
dwconv-bn-relu_finegrained2_HLQY60.pt,28,47,47,3,1,0.36848,0.00047,0.019447619999999995
dwconv-bn-relu_finegrained2_TDX1GJ.pt,28,31,31,3,1,0.24304,0.00031,0.020277180000000002
dwconv-bn-relu_finegrained2_O8HUFN.pt,28,43,43,3,1,0.33712,0.00043,0.019613440000000003
dwconv-bn-relu_finegrained2_1R6DG6.pt,28,33,33,3,1,0.25872,0.00033,0.019615379999999998
dwconv-bn-relu_finegrained2_DEKPY6.pt,28,42,42,3,1,0.32928,0.00042,0.0202601
dwconv-bn-relu_finegrained2_4UDCRP.pt,28,24,24,3,1,0.18816,0.00024,0.019732760000000002
dwconv-bn-relu_finegrained2_RFELC9.pt,28,44,44,3,1,0.34496,0.00044,0.019566779999999995
dwconv-bn-relu_finegrained2_SZWY30.pt,28,48,48,3,1,0.37632,0.00048,0.019675759999999997
dwconv-bn-relu_finegrained2_AJ2I63.pt,28,29,29,3,1,0.22736,0.00029,0.019894900000000004
dwconv-bn-relu_finegrained2_NNO90F.pt,28,32,32,3,1,0.25088,0.00032,0.019754839999999996
dwconv-bn-relu_finegrained2_RA9807.pt,28,45,45,3,1,0.3528,0.00045,0.0200179
dwconv-bn-relu_finegrained2_BZK30K.pt,28,41,41,3,1,0.32144,0.00041,0.01962334
dwconv-bn-relu_finegrained2_2YX8CG.pt,28,23,23,3,1,0.18032,0.00023,0.02086936
dwconv-bn-relu_finegrained2_BNAFCM.pt,28,30,30,3,1,0.2352,0.0003,0.01945624
dwconv-bn-relu_finegrained2_VW2VTR.pt,28,39,39,3,1,0.30576,0.00039,0.019505300000000007
dwconv-bn-relu_finegrained2_TMQCCD.pt,28,49,49,3,1,0.38416,0.00049,0.020306760000000007
dwconv-bn-relu_finegrained2_R8VBQZ.pt,28,40,40,3,1,0.3136,0.0004,0.02000322
dwconv-bn-relu_finegrained2_SQ8CCD.pt,28,36,36,3,1,0.28224,0.00036,0.019758839999999996
dwconv-bn-relu_finegrained2_883OC4.pt,14,35,35,5,2,0.04459,0.00091,0.019537679999999998
dwconv-bn-relu_finegrained2_JY84VN.pt,14,51,51,5,2,0.064974,0.001326,0.01993072
dwconv-bn-relu_finegrained2_BNC67R.pt,14,53,53,5,2,0.067522,0.001378,0.019562480000000004
dwconv-bn-relu_finegrained2_G6TVJX.pt,14,78,78,5,2,0.099372,0.002028,0.019740820000000003
dwconv-bn-relu_finegrained2_DVQ7FQ.pt,14,74,74,5,2,0.094276,0.001924,0.01942508
dwconv-bn-relu_finegrained2_EFB8VC.pt,14,79,79,5,2,0.100646,0.002054,0.020261979999999995
dwconv-bn-relu_finegrained2_7P6I20.pt,14,57,57,5,2,0.072618,0.001482,0.020104160000000006
dwconv-bn-relu_finegrained2_G0S1OZ.pt,14,37,37,5,2,0.047138,0.000962,0.02020418
dwconv-bn-relu_finegrained2_3SRVN6.pt,14,55,55,5,2,0.07007,0.00143,0.01944942
dwconv-bn-relu_finegrained2_3EJEQ5.pt,14,65,65,5,2,0.08281,0.00169,0.019601479999999994
dwconv-bn-relu_finegrained2_GCMCBC.pt,14,68,68,5,2,0.086632,0.001768,0.020595759999999998
dwconv-bn-relu_finegrained2_UWN6AT.pt,14,66,66,5,2,0.084084,0.001716,0.020559719999999997
dwconv-bn-relu_finegrained2_IP8IWG.pt,14,44,44,5,2,0.056056,0.001144,0.01971202
dwconv-bn-relu_finegrained2_NBW0RR.pt,14,52,52,5,2,0.066248,0.001352,0.02035524
dwconv-bn-relu_finegrained2_H1UQEY.pt,14,69,69,5,2,0.087906,0.001794,0.01971238000000001
dwconv-bn-relu_finegrained2_1KCIMX.pt,14,76,76,5,2,0.096824,0.001976,0.020437539999999997
dwconv-bn-relu_finegrained2_J695BT.pt,14,48,48,5,2,0.061152,0.001248,0.01966936
dwconv-bn-relu_finegrained2_9D3I0H.pt,14,56,56,5,2,0.071344,0.001456,0.019830600000000004
dwconv-bn-relu_finegrained2_UPZF51.pt,14,42,42,5,2,0.053508,0.001092,0.020389980000000002
dwconv-bn-relu_finegrained2_D6E50N.pt,14,36,36,5,2,0.045864,0.000936,0.019779120000000004
