model_path,HW,CIN1,CIN2,CIN3,CIN4,latency
concat_prior_QRFCLJ.pt,14,74,174,0,0,0.00515534
concat_prior_8RRPH3.pt,14,828,120,0,0,0.00506758
concat_prior_6SS31J.pt,7,207,2148,803,0,0.0053668399999999995
concat_prior_D8ZGM1.pt,28,180,144,248,452,0.00549708
concat_prior_BE5YLG.pt,14,50,123,415,115,0.00547362
concat_prior_DC81BA.pt,14,760,520,183,0,0.03344768
concat_prior_WBS46X.pt,28,187,252,0,0,0.00508108
concat_prior_19Q82T.pt,56,178,313,0,0,0.0051349199999999985
concat_prior_00OLQL.pt,28,232,110,150,794,0.0055596000000000005
concat_prior_UF8PMY.pt,14,740,176,796,229,0.005442499999999999
concat_prior_M2DN2G.pt,56,944,229,0,0,0.005089360000000002
concat_prior_BHJQWZ.pt,28,236,25,24,30,0.005492139999999999
concat_prior_SWL6PT.pt,14,857,237,0,0,0.00510516
concat_prior_ETB5MH.pt,7,1292,1734,240,501,0.005494300000000001
concat_prior_MQOUSM.pt,14,249,846,0,0,0.00509486
concat_prior_WJTFMF.pt,7,777,19,110,162,0.005479819999999997
concat_prior_JRKYCN.pt,14,115,500,1213,133,0.005442060000000001
concat_prior_V8J1Q2.pt,14,49,91,53,120,0.0054782400000000005
concat_prior_E8YWBC.pt,56,120,217,78,51,0.00546364
concat_prior_MUOMNU.pt,56,502,247,542,11,0.00559396
concat_prior_Q0IECJ.pt,7,244,129,110,972,0.035049420000000005
concat_prior_BUKQL7.pt,7,236,136,37,0,0.006789520000000001
concat_prior_9WXBLG.pt,14,1018,25,244,0,0.03370904000000001
concat_prior_0BJH82.pt,14,1168,209,0,0,0.00510822
concat_prior_YOVFBE.pt,14,14,2105,0,0,0.005103979999999999
concat_prior_5H63OE.pt,28,106,659,214,0,0.0053051
concat_prior_1KM4RT.pt,14,251,206,238,10,0.005505800000000002
concat_prior_J8CHWY.pt,7,511,1006,0,0,0.005082660000000001
concat_prior_YPB8AU.pt,56,77,265,424,0,0.005412300000000001
concat_prior_12JRTX.pt,28,31,70,0,0,0.005204220000000001
concat_prior_DFIWA0.pt,56,12,991,0,0,0.005074100000000001
concat_prior_8PVEBP.pt,14,48,489,12,0,0.005339739999999999
concat_prior_KSO4HT.pt,7,85,509,0,0,0.007283759999999998
concat_prior_745IHR.pt,56,815,553,523,0,0.005300659999999998
concat_prior_OJEMJX.pt,56,128,819,158,0,0.005265039999999999
concat_prior_0P1J7C.pt,14,242,106,0,0,0.005120199999999998
concat_prior_HMI7FV.pt,7,552,56,658,0,0.00534944
concat_prior_0ECH1T.pt,7,1020,14,358,1042,0.0054928600000000005
concat_prior_T4IHLT.pt,56,217,233,0,0,0.005090680000000001
concat_prior_O7TXUK.pt,7,103,93,456,517,0.0055238399999999995
concat_prior_ZN60FM.pt,7,259,10,0,0,0.005116379999999999
concat_prior_2E2ZHF.pt,7,251,199,83,0,0.0059714600000000005
concat_prior_O8P7AL.pt,14,29,197,0,0,0.005105979999999999
concat_prior_I5FNQ7.pt,7,814,65,91,0,0.005406200000000001
concat_prior_05DEE9.pt,14,8,177,519,135,0.00551512
concat_prior_IWMGZ7.pt,14,130,48,0,0,0.00504978
concat_prior_B9I7JI.pt,14,61,394,426,216,0.0054806199999999985
concat_prior_BFT6A3.pt,14,154,175,166,290,0.0055866
concat_prior_0QTOF0.pt,14,305,176,240,251,0.00548264
concat_prior_47YDR2.pt,7,204,124,32,201,0.00553402
concat_prior_VH0H1G.pt,14,147,202,144,0,0.005318020000000001
concat_prior_6061MG.pt,7,1831,865,0,0,0.00507778
concat_prior_RKXETO.pt,14,56,383,0,0,0.005146179999999998
concat_prior_C5E3T0.pt,28,1961,131,31,50,0.005467919999999999
concat_prior_61T8B5.pt,7,537,234,0,0,0.00510354
concat_prior_QJLYPF.pt,14,228,2012,0,0,0.005008539999999999
concat_prior_NB5D5V.pt,14,742,622,0,0,0.00510834
concat_prior_3VRKFY.pt,28,247,169,531,195,0.005478779999999999
concat_prior_FNZ7QB.pt,7,181,73,1038,0,0.0053098
concat_prior_BD4WAK.pt,28,136,540,483,229,0.005481139999999998
concat_prior_CBN4CK.pt,14,225,261,298,0,0.005307399999999999
concat_prior_PI3AUV.pt,28,40,131,0,0,0.0050817000000000015
concat_prior_PWI4LZ.pt,28,518,978,0,0,0.00503748
concat_prior_A1HYQQ.pt,56,114,136,0,0,0.005676159999999999
concat_prior_TAMKX6.pt,14,155,152,63,0,0.005823819999999996
concat_prior_S39QHV.pt,14,10,931,0,0,0.00508536
concat_prior_C702G3.pt,56,183,1001,851,0,0.00529968
concat_prior_E9HE6I.pt,14,1008,58,147,84,0.005597160000000001
concat_prior_67HKYY.pt,28,98,20,1016,51,0.0054965000000000005
concat_prior_7729DN.pt,28,1020,219,0,0,0.005110960000000001
concat_prior_3R2F3R.pt,14,1375,24,38,0,0.00526748
concat_prior_UP2W77.pt,7,241,81,308,160,0.005471100000000001
concat_prior_CWOO3N.pt,14,666,3,1012,0,0.00524382
concat_prior_HTLD25.pt,7,162,272,824,0,0.005241140000000001
concat_prior_N4ZTMU.pt,28,142,506,0,0,0.00507748
concat_prior_9GFUES.pt,7,976,163,270,42,0.00559972
concat_prior_NZJVHC.pt,14,163,13,161,212,0.005495739999999999
concat_prior_T6TUFT.pt,14,494,511,0,0,0.0051099399999999994
concat_prior_OII4AZ.pt,56,49,47,0,0,0.0051022
concat_prior_DGA3TO.pt,14,236,272,530,0,0.00528996
concat_prior_4EWF92.pt,14,527,172,1248,20,0.006018439999999998
concat_prior_9RIW4L.pt,14,508,112,220,532,0.00544132
concat_prior_MKZ70N.pt,7,521,40,473,636,0.005467940000000002
concat_prior_CLZCKH.pt,14,180,516,852,0,0.005390139999999998
concat_prior_QEYW5I.pt,28,190,2046,0,0,0.005082639999999999
concat_prior_SJN413.pt,28,113,430,0,0,0.005076499999999999
concat_prior_OMD20N.pt,28,210,2026,0,0,0.005138520000000001
concat_prior_PHJG1W.pt,7,830,493,0,0,0.00515802
concat_prior_VI9X95.pt,14,162,494,127,0,0.00534544
concat_prior_CCTXME.pt,14,219,853,112,133,0.005519360000000002
concat_prior_4HXTAV.pt,28,780,243,74,402,0.0055666399999999994
concat_prior_M62ZWN.pt,28,249,45,169,159,0.005465520000000001
concat_prior_EKN2IP.pt,14,234,238,142,26,0.005455559999999999
concat_prior_N51VW1.pt,7,1138,171,0,0,0.005103540000000001
concat_prior_R0BPSO.pt,14,164,33,0,0,0.0050769000000000005
concat_prior_ZJPQPJ.pt,14,122,270,446,161,0.005558700000000003
concat_prior_6YZTMH.pt,14,515,200,0,0,0.0050837999999999986
concat_prior_YBJLLW.pt,14,59,239,22,0,0.00527408
concat_prior_6Y68ZM.pt,7,131,114,0,0,0.00515512
concat_prior_G2R7KB.pt,7,540,21,0,0,0.005136579999999999
concat_prior_UF71XR.pt,14,119,89,0,0,0.005110719999999998
concat_prior_6GXGHM.pt,7,185,515,50,508,0.0054736
concat_prior_WEGAI4.pt,28,44,8,685,0,0.005344540000000001
concat_prior_6Q11AM.pt,14,525,533,67,517,0.005436100000000003
concat_prior_VA1QSI.pt,14,155,131,91,0,0.005237479999999999
concat_prior_28T3VW.pt,28,66,229,0,0,0.00507466
concat_prior_SYBRX3.pt,7,100,66,0,0,0.011001600000000002
concat_prior_9NH3B9.pt,14,92,186,0,0,0.00518738
concat_prior_J8DNHD.pt,14,108,247,1005,139,0.005392339999999999
concat_prior_DCRAF1.pt,7,770,132,107,177,0.0054702
concat_prior_67VYWL.pt,56,691,526,38,26,0.005477399999999998
concat_prior_AO0C31.pt,56,533,83,633,0,0.00535642
concat_prior_C4AG53.pt,14,263,69,0,0,0.0050722599999999994
concat_prior_Q6DCWU.pt,14,356,27,0,0,0.005125579999999999
concat_prior_ACL62N.pt,28,531,162,0,0,0.00511202
concat_prior_OF6ZN5.pt,14,266,179,266,190,0.005560640000000001
concat_prior_IIVBB0.pt,14,33,1003,54,0,0.005321619999999999
concat_prior_CCZXD4.pt,56,231,147,164,98,0.005649620000000002
concat_prior_PLTYWB.pt,28,19,69,0,0,0.005162
concat_prior_R5XDXX.pt,14,1022,165,0,0,0.005062580000000002
concat_prior_ASCBCL.pt,14,77,267,271,0,0.0054570999999999995
concat_prior_EH60BY.pt,7,184,977,0,0,0.03450362
concat_prior_S17MDX.pt,14,194,134,196,223,0.0055379800000000005
concat_prior_ADCDFD.pt,28,109,261,0,0,0.005102940000000001
concat_prior_NRH5NK.pt,7,521,222,253,229,0.005469139999999999
concat_prior_W2DZ5Y.pt,56,1912,232,193,0,0.0053710599999999995
concat_prior_7FZG9Y.pt,28,196,244,142,529,0.0054865
concat_prior_9PC2MY.pt,14,256,184,242,0,0.00530648
concat_prior_Q1EMSY.pt,7,143,149,0,0,0.005116539999999998
concat_prior_6QSI7E.pt,14,136,221,0,0,0.005234439999999999
concat_prior_RLVAUG.pt,14,1152,125,0,0,0.005093620000000001
concat_prior_8043ZI.pt,14,116,1167,55,128,0.00542192
concat_prior_SCRZBC.pt,7,186,103,0,0,0.0051898
concat_prior_QY1AGX.pt,28,87,94,187,76,0.005457140000000002
concat_prior_ICTN5I.pt,14,512,451,0,0,0.005128299999999999
concat_prior_DL6HFV.pt,14,224,109,715,177,0.0055029400000000004
concat_prior_YMY48G.pt,56,68,248,132,0,0.00527876
concat_prior_GN2FTI.pt,56,994,43,224,91,0.005445879999999999
concat_prior_P129Y4.pt,7,38,67,0,0,0.010907939999999998
concat_prior_EU83DB.pt,7,31,494,0,0,0.00695416
concat_prior_FG5FIK.pt,14,145,1738,46,0,0.00524754
concat_prior_BRDHWX.pt,14,199,491,39,0,0.00531606
concat_prior_E3QJ8V.pt,7,493,211,67,75,0.0054581199999999995
concat_prior_MUG9WU.pt,7,983,192,0,0,0.0051037999999999995
concat_prior_E75TDF.pt,14,32,536,268,0,0.00538494
concat_prior_0N96M1.pt,14,121,253,218,83,0.005469019999999999
concat_prior_2Y44LT.pt,14,528,975,84,235,0.03396784000000001
concat_prior_NWBBLE.pt,14,47,94,0,0,0.010882039999999997
concat_prior_ZRCXND.pt,7,258,51,12,0,0.00534544
concat_prior_WNMMH2.pt,28,179,527,0,0,0.00511678
concat_prior_E1O74K.pt,7,268,82,204,0,0.00532782
concat_prior_5ZY9BX.pt,56,702,751,0,0,0.005086619999999999
concat_prior_X5J77F.pt,14,232,1020,0,0,0.005163259999999999
concat_prior_HJQVQH.pt,56,57,159,0,0,0.0051094800000000004
concat_prior_BJ6WJ8.pt,7,52,118,56,376,0.00545024
concat_prior_H167FE.pt,14,150,237,0,0,0.005195880000000001
concat_prior_WTB3ST.pt,56,239,1419,0,0,0.00507666
concat_prior_47HVRI.pt,14,676,242,59,0,0.005423460000000002
concat_prior_T46ETS.pt,14,652,108,638,0,0.005401259999999999
concat_prior_45OR2U.pt,28,202,245,0,0,0.0050723800000000005
concat_prior_SI7XKF.pt,56,212,268,0,0,0.005078540000000001
concat_prior_L9DVJN.pt,7,130,609,530,0,0.005297540000000001
concat_prior_X2F5TR.pt,14,239,261,0,0,0.005119880000000001
concat_prior_W8FCIL.pt,14,535,35,246,125,0.005450380000000001
concat_prior_GC6H6F.pt,7,13,118,0,0,0.01172532
concat_prior_W1FCIS.pt,28,29,327,0,0,0.005160959999999999
concat_prior_9ADROK.pt,56,182,1013,0,0,0.0051613200000000005
concat_prior_DWVKLX.pt,28,110,32,82,1312,0.005688600000000001
concat_prior_3YRPXK.pt,56,126,171,559,0,0.005353679999999999
concat_prior_LDJTUZ.pt,7,269,42,0,0,0.00533236
concat_prior_L88H3D.pt,14,70,213,0,0,0.005189419999999999
concat_prior_IUQFA8.pt,7,722,203,139,0,0.033805459999999996
concat_prior_3VH5L0.pt,7,1284,510,0,0,0.00517024
concat_prior_77RC43.pt,56,838,855,0,0,0.005057519999999999
concat_prior_XJ066T.pt,7,50,101,206,34,0.005428959999999998
concat_prior_PIEGKP.pt,56,1171,113,83,25,0.006119600000000002
concat_prior_PKXO6N.pt,28,1219,160,0,0,0.0050949199999999984
concat_prior_IWXXZ4.pt,14,252,209,153,650,0.005498380000000001
concat_prior_DUDY6U.pt,14,506,203,837,505,0.005446919999999999
concat_prior_1KTL7Z.pt,28,537,87,176,197,0.005510360000000001
concat_prior_DSKRZ3.pt,28,839,133,58,31,0.0055385600000000005
concat_prior_WRO41O.pt,7,550,34,191,139,0.03577284
concat_prior_WB2E8G.pt,28,1918,837,1021,0,0.00528462
concat_prior_CTCELF.pt,28,501,13,0,0,0.005056939999999999
concat_prior_M3JSBG.pt,7,703,381,0,0,0.00514258
concat_prior_X8EYCG.pt,7,599,14,28,0,0.005390240000000001
concat_prior_ONBV0A.pt,56,151,410,811,558,0.0054949000000000005
concat_prior_12RHKO.pt,28,964,84,154,0,0.005516319999999999
concat_prior_76H91F.pt,28,163,436,0,0,0.00505264
concat_prior_Z4OQEQ.pt,14,56,132,2006,192,0.00540538
concat_prior_HPDKCI.pt,14,770,400,149,0,0.00531122
concat_prior_NVGU5Z.pt,7,216,505,114,79,0.0055172200000000015
concat_prior_K4WX2K.pt,14,481,433,0,0,0.0050877000000000006
concat_prior_UUE3YK.pt,7,495,230,257,0,0.0053111799999999995
concat_prior_8SZ6BM.pt,56,1186,939,0,0,0.005009340000000001
concat_prior_E5DESE.pt,14,138,136,106,0,0.005307179999999999
concat_prior_TTYEXD.pt,14,81,682,0,0,0.032948620000000005
concat_prior_KBX6KH.pt,7,231,92,238,246,0.005554740000000002
concat_prior_Z1FNA9.pt,28,18,1012,34,104,0.0055355
concat_prior_PACZB3.pt,56,1684,193,203,0,0.00529264
concat_prior_OYR8ZY.pt,14,808,985,155,119,0.005391420000000001
concat_prior_YTN5QV.pt,28,45,47,207,0,0.005281780000000001
concat_prior_KLXXU1.pt,56,228,504,0,0,0.0051226000000000015
concat_prior_L5LMZU.pt,56,37,410,0,0,0.0050735200000000015
concat_prior_ADPQ5L.pt,56,847,1266,88,59,0.00548602
concat_prior_76DL1M.pt,14,182,2044,260,155,0.005450560000000001
concat_prior_O5MZL9.pt,7,58,500,164,0,0.005402979999999999
concat_prior_V3ESW8.pt,14,2028,157,56,101,0.005514999999999999
concat_prior_0N79GC.pt,14,120,249,0,0,0.005221159999999999
concat_prior_IBDNC1.pt,28,269,234,55,0,0.005349219999999999
concat_prior_8Q3VCZ.pt,14,141,120,0,0,0.005196340000000001
concat_prior_LG3BDH.pt,14,502,508,132,226,0.00548572
concat_prior_UV8O36.pt,56,825,528,0,0,0.0051136
concat_prior_2A7R1J.pt,14,46,262,203,0,0.005394299999999999
concat_prior_J63ZSC.pt,14,102,194,0,0,0.005128739999999998
concat_prior_RUKYR3.pt,14,263,1177,138,0,0.005359300000000001
concat_prior_L9JDMS.pt,7,501,620,492,0,0.00533368
concat_prior_VQ56H5.pt,14,194,68,506,1135,0.0055008999999999995
concat_prior_CM6FFX.pt,14,216,500,0,0,0.0056040000000000005
concat_prior_OWGVD7.pt,28,849,173,66,216,0.005549120000000002
concat_prior_F0RSDK.pt,28,496,22,0,0,0.00506718
concat_prior_G82QIA.pt,56,191,91,0,0,0.01498248
concat_prior_GZDPJO.pt,14,5,39,0,0,0.005116639999999998
concat_prior_VAVN2A.pt,7,94,253,216,0,0.00541398
concat_prior_UAE8B6.pt,7,104,478,0,0,0.005231899999999999
concat_prior_00HXG1.pt,28,152,90,124,204,0.00547856
concat_prior_W89IF7.pt,56,533,138,70,101,0.005448219999999999
concat_prior_7OSCNB.pt,7,257,112,0,0,0.00511012
concat_prior_8Y46F2.pt,28,70,40,0,0,0.0052314399999999995
concat_prior_Z67060.pt,7,502,537,50,1011,0.00549466
concat_prior_RPO0C7.pt,14,948,217,252,0,0.00528198
concat_prior_UCGFXF.pt,7,646,147,183,0,0.005373220000000001
concat_prior_5D0V5T.pt,14,214,500,923,986,0.005438899999999999
concat_prior_3YCE5I.pt,56,112,1802,69,0,0.0052813
concat_prior_CM9XGY.pt,28,100,976,502,112,0.005466680000000002
concat_prior_JKPR1W.pt,28,264,105,0,0,0.0051851000000000015
concat_prior_YAXRGK.pt,14,538,50,2003,199,0.0055479200000000005
concat_prior_9E1X75.pt,14,2103,70,109,695,0.005604519999999998
concat_prior_S3PD2U.pt,56,139,2072,2044,34,0.005371539999999998
concat_prior_DFU52K.pt,28,214,1023,524,144,0.005493760000000002
concat_prior_I6E357.pt,7,497,527,143,219,0.005598580000000001
concat_prior_4TBWR8.pt,14,231,687,0,0,0.0329047
concat_prior_ZTXJK7.pt,14,32,190,0,0,0.005080240000000001
concat_prior_5DX0DF.pt,28,833,23,0,0,0.00510462
concat_prior_IN6XRJ.pt,14,538,106,9,67,0.00565122
concat_prior_6L1JYK.pt,7,401,163,72,141,0.0054572200000000005
concat_prior_5FIS50.pt,28,456,149,199,122,0.01837512
concat_prior_SFJGH9.pt,14,168,168,841,528,0.005431740000000002
concat_prior_QE7FGH.pt,14,794,1199,101,72,0.005435179999999999
concat_prior_CSY9SS.pt,14,863,450,0,0,0.005166160000000002
concat_prior_XYL6LC.pt,14,239,432,511,122,0.005468839999999999
concat_prior_NFSRW0.pt,7,507,1178,184,161,0.00553832
concat_prior_8T8CO3.pt,14,46,1020,101,601,0.005475080000000001
concat_prior_7RNFL8.pt,56,1556,1614,0,0,0.0050769
concat_prior_TG4B05.pt,7,216,19,124,109,0.005504060000000001
concat_prior_SVXZY8.pt,14,23,511,64,0,0.005390579999999999
concat_prior_T1VS34.pt,28,178,595,501,6,0.005487519999999999
concat_prior_JEGN34.pt,28,704,511,0,0,0.005108319999999999
concat_prior_ZUV741.pt,7,401,208,0,0,0.0051453
concat_prior_T8S5WN.pt,14,523,73,0,0,0.005100079999999999
concat_prior_OI5RKQ.pt,14,17,192,468,537,0.00548266
concat_prior_6JXAQ9.pt,14,44,213,439,161,0.005483679999999999
concat_prior_3G40FM.pt,14,483,9,194,147,0.005552499999999999
concat_prior_EKS8FB.pt,7,226,78,0,0,0.012575839999999998
concat_prior_WV6KOY.pt,7,265,453,0,0,0.00522518
concat_prior_09XH9T.pt,7,41,114,586,0,0.00539292
concat_prior_X5L5U1.pt,28,65,115,831,517,0.00559414
concat_prior_GE6YHE.pt,14,3,76,0,0,0.005080140000000002
concat_prior_KA6MM2.pt,56,205,18,0,0,0.00513958
concat_prior_AXE5LB.pt,7,28,540,240,221,0.00545006
concat_prior_MCNZ9K.pt,28,224,154,149,116,0.0054372800000000035
concat_prior_VTFLA5.pt,7,1008,117,518,58,0.03939072000000001
concat_prior_24FNLP.pt,14,436,1024,112,393,0.00546782
concat_prior_LC8W84.pt,14,107,179,0,0,0.0051098
concat_prior_C4JRD1.pt,14,1154,932,0,0,0.00509754
concat_prior_T9NND7.pt,56,44,1989,145,0,0.005265360000000001
concat_prior_VDI0P6.pt,7,40,72,0,0,0.005645940000000001
concat_prior_EDAQWL.pt,14,474,95,508,402,0.00545546
concat_prior_MIW1HX.pt,56,62,1921,0,0,0.00619358
concat_prior_KQD1DS.pt,7,3,611,1003,170,0.00554676
concat_prior_GSQQT4.pt,14,130,51,0,0,0.0050688800000000004
concat_prior_HUY3Z1.pt,14,292,16,199,1712,0.005457620000000001
concat_prior_5NN2F2.pt,56,6,261,213,0,0.005355979999999999
concat_prior_9SC6DQ.pt,28,101,981,147,113,0.00555534
concat_prior_V4ABF4.pt,7,528,1017,0,0,0.005124400000000001
concat_prior_98R3ME.pt,56,919,478,0,0,0.0050983
concat_prior_3BP621.pt,56,2036,592,0,0,0.005064659999999999
concat_prior_F0SGSO.pt,14,295,1233,0,0,0.005190159999999999
concat_prior_BW1BHT.pt,7,77,84,0,0,0.00514874
concat_prior_AD9WXP.pt,28,201,497,0,0,0.00529582
concat_prior_ZTGWRO.pt,14,225,151,0,0,0.00510432
concat_prior_MWJXBW.pt,14,537,125,241,57,0.005491680000000002
concat_prior_T851HM.pt,56,167,167,0,0,0.005129579999999999
concat_prior_KYATSO.pt,56,194,118,140,231,0.005459799999999999
concat_prior_YDDDQJ.pt,14,151,155,99,1167,0.005454359999999999
concat_prior_YNM32N.pt,14,8,86,186,98,0.005462459999999999
concat_prior_L53OCW.pt,14,216,115,896,765,0.03281656
concat_prior_Q3QTTD.pt,14,39,31,0,0,0.00782762
concat_prior_80PCTC.pt,7,198,222,0,0,0.0051493
concat_prior_VIEPWC.pt,7,206,45,1838,180,0.005481639999999999
concat_prior_EHYNIW.pt,14,971,409,687,0,0.005256379999999998
concat_prior_0QQKGR.pt,14,226,134,0,0,0.00509312
concat_prior_XF57TK.pt,14,395,292,0,0,0.0051082199999999975
concat_prior_N1HWFT.pt,14,457,994,229,225,0.005422499999999998
concat_prior_K2NXER.pt,28,1019,511,183,847,0.00553042
concat_prior_CDMPO6.pt,7,689,94,527,158,0.005634700000000001
concat_prior_ITQPYR.pt,7,189,438,0,0,0.0051416000000000005
concat_prior_2MU2SJ.pt,14,979,181,167,209,0.005423260000000001
concat_prior_QOE5CR.pt,7,471,113,0,0,0.005238480000000001
concat_prior_0BBOL2.pt,7,1854,443,0,0,0.005125260000000001
concat_prior_GU5YQS.pt,7,202,197,245,196,0.00553696
concat_prior_QQ5RU4.pt,14,1217,66,169,512,0.005567019999999999
concat_prior_YQXI7S.pt,14,229,185,128,217,0.0055057199999999995
concat_prior_FG6RCN.pt,56,31,8,75,672,0.00547314
concat_prior_F13YFE.pt,28,193,126,96,0,0.0052735800000000025
concat_prior_X1KY3H.pt,7,91,685,60,0,0.005330720000000001
concat_prior_LJJD3N.pt,14,682,85,0,0,0.005184100000000001
concat_prior_ZTH8ZI.pt,28,72,173,1150,201,0.005463559999999999
concat_prior_IELCME.pt,14,89,212,0,0,0.005098320000000002
concat_prior_VKOQAJ.pt,14,162,210,0,0,0.005129260000000001
concat_prior_11VPDX.pt,56,228,514,0,0,0.005136879999999999
concat_prior_VNUZRU.pt,14,247,21,521,3,0.005469260000000001
concat_prior_KUKMFI.pt,14,441,103,185,61,0.0054506799999999985
concat_prior_GSSXZ5.pt,7,856,117,146,0,0.00531602
concat_prior_1H0F7F.pt,56,1007,202,2021,792,0.00541134
concat_prior_QZD5WJ.pt,56,91,544,0,0,0.0050951799999999995
concat_prior_5WS8FL.pt,56,526,991,6,0,0.005249780000000001
concat_prior_U57Q7F.pt,14,185,101,20,31,0.005457639999999999
concat_prior_SRIOT4.pt,28,2038,22,0,0,0.0050704
concat_prior_ONJXPK.pt,28,1004,221,436,523,0.005451460000000002
concat_prior_S4AA2W.pt,56,523,93,940,0,0.005250360000000001
concat_prior_O3FUWX.pt,28,35,255,0,0,0.00507916
concat_prior_U0Y264.pt,28,198,502,4,254,0.00556322
concat_prior_2MW345.pt,14,529,443,527,20,0.0054677599999999995
concat_prior_9PLJRL.pt,14,490,2020,0,0,0.00506916
concat_prior_QM6VFS.pt,28,138,208,0,0,0.00510956
concat_prior_NVW74O.pt,56,241,502,0,0,0.00508968
concat_prior_2KDL2X.pt,28,1006,45,703,541,0.0054898199999999986
concat_prior_4FLJ0J.pt,28,165,55,28,0,0.005278939999999999
concat_prior_2D272U.pt,7,512,654,0,0,0.0051772400000000005
concat_prior_GZHS70.pt,7,117,121,166,0,0.005275000000000001
concat_prior_I8YX5D.pt,7,260,121,0,0,0.005121660000000001
concat_prior_28Z6UN.pt,14,2038,479,0,0,0.0051321399999999994
concat_prior_84HN3G.pt,7,186,99,143,115,0.005467359999999999
concat_prior_FWBI1S.pt,14,67,504,704,214,0.005474519999999999
concat_prior_693MJI.pt,56,995,54,259,0,0.00533156
concat_prior_LNU9BZ.pt,14,731,497,252,0,0.00526626
concat_prior_RA3BRH.pt,28,860,223,0,0,0.00510158
concat_prior_3E5EUQ.pt,28,1178,141,0,0,0.005344399999999999
concat_prior_FCDC1C.pt,56,40,229,0,0,0.005121279999999999
concat_prior_YXINAR.pt,28,25,123,859,145,0.00548496
concat_prior_ZSTPBU.pt,7,63,183,187,177,0.00553552
concat_prior_NSKRT8.pt,14,174,542,241,156,0.00548776
concat_prior_UN336U.pt,7,504,142,248,0,0.0052849199999999985
concat_prior_M0K0RJ.pt,28,704,37,154,0,0.00532996
concat_prior_JX58G9.pt,7,530,71,28,244,0.005506420000000001
concat_prior_F349IQ.pt,7,496,55,0,0,0.005119580000000001
concat_prior_FW5BAG.pt,56,130,21,0,0,0.005055839999999999
concat_prior_6IJIZH.pt,14,409,268,106,150,0.005500679999999997
concat_prior_1SPEAK.pt,56,67,183,0,0,0.005194140000000001
concat_prior_KJ51NZ.pt,56,78,509,0,0,0.00511778
concat_prior_N4TPKQ.pt,14,99,412,208,510,0.0054973
concat_prior_P9GY15.pt,7,260,1485,223,0,0.0054237400000000015
concat_prior_47N57P.pt,28,185,508,0,0,0.005177219999999999
concat_prior_88P6KH.pt,7,49,1809,0,0,0.005117639999999999
concat_prior_PEBHEL.pt,14,104,946,0,0,0.005075519999999999
concat_prior_M89XNW.pt,14,9,226,0,0,0.0051583
concat_prior_57B88X.pt,14,495,383,79,216,0.005481560000000001
concat_prior_Z3N1IB.pt,28,22,165,1310,170,0.005447679999999999
concat_prior_7G4EGP.pt,14,2048,31,48,525,0.005441819999999999
concat_prior_30BKU1.pt,14,143,1977,202,0,0.005233779999999998
concat_prior_VX19LJ.pt,14,28,14,123,171,0.00546666
concat_prior_VDTFFQ.pt,14,40,269,13,1183,0.00546226
concat_prior_PXV34I.pt,56,247,46,142,0,0.00553518
concat_prior_B1DIPE.pt,14,121,37,8,1182,0.00545696
concat_prior_NGCOZT.pt,7,94,241,0,0,0.008288320000000002
concat_prior_8UWQDN.pt,14,144,230,84,0,0.00532628
concat_prior_IMEORY.pt,7,162,497,0,0,0.005140260000000001
concat_prior_626WFE.pt,7,106,210,180,1649,0.0055211400000000025
concat_prior_8RKMPH.pt,7,204,229,153,0,0.00528482
concat_prior_EDCC4S.pt,28,161,159,0,0,0.005107620000000002
concat_prior_QP9XYK.pt,14,443,211,0,0,0.005118880000000001
concat_prior_F3XS3M.pt,14,513,950,0,0,0.005098499999999999
concat_prior_R4IZ0O.pt,14,1149,1016,179,0,0.005272680000000001
concat_prior_UWXGXB.pt,7,571,233,0,0,0.00509072
concat_prior_6H9CD5.pt,14,199,1022,81,0,0.005285859999999999
concat_prior_PC9F0B.pt,14,149,263,0,0,0.0051014599999999995
concat_prior_DLW7J2.pt,7,1408,135,153,0,0.005428200000000001
concat_prior_2FB8V3.pt,28,134,68,196,505,0.005575479999999999
concat_prior_XDCDS6.pt,7,139,249,69,0,0.00532532
concat_prior_ZLT5W0.pt,56,116,28,166,103,0.005533939999999999
concat_prior_O7S3S4.pt,14,574,250,91,134,0.005472
concat_prior_NU6BZI.pt,14,173,191,0,0,0.0050690000000000015
concat_prior_LB52R0.pt,14,81,287,0,0,0.005172479999999999
concat_prior_B5ZMAR.pt,14,218,665,0,0,0.00508288
concat_prior_8W0M60.pt,28,2022,253,0,0,0.005085479999999999
concat_prior_27P6TZ.pt,56,1012,143,1564,0,0.005266400000000002
concat_prior_2A4UCT.pt,7,496,79,0,0,0.005097380000000001
concat_prior_XUJWLI.pt,56,121,176,30,212,0.005499620000000003
concat_prior_QNKD06.pt,14,57,243,208,94,0.00550546
concat_prior_8DYLXN.pt,14,119,13,1005,0,0.005370760000000001
concat_prior_780KEC.pt,14,546,155,118,0,0.00543502
concat_prior_M276U1.pt,14,366,1698,0,0,0.005152960000000001
concat_prior_I7ONH2.pt,14,192,257,0,0,0.00510576
concat_prior_23GT4E.pt,14,114,150,175,262,0.005551360000000001
concat_prior_W7G87I.pt,7,260,151,120,0,0.005342119999999999
concat_prior_LNOZIJ.pt,7,1351,943,224,121,0.005473419999999999
concat_prior_U06S2L.pt,14,546,193,162,0,0.00534082
concat_prior_7U8KVQ.pt,14,136,1280,1447,560,0.005509299999999999
concat_prior_MNN6DB.pt,14,55,515,2054,0,0.005185900000000001
concat_prior_VHI836.pt,56,6,294,253,0,0.0052644
concat_prior_48Y8FE.pt,56,38,207,4,435,0.005446860000000001
concat_prior_2FFYO1.pt,28,434,177,936,0,0.005301400000000001
concat_prior_IEK216.pt,14,8,25,27,632,0.005496099999999999
concat_prior_IIRJVU.pt,14,988,540,0,0,0.005139519999999998
concat_prior_BE4WZD.pt,14,196,76,0,0,0.005078919999999999
concat_prior_UVQWXS.pt,14,527,515,0,0,0.0050853
concat_prior_8NX8N2.pt,56,1252,155,252,811,0.00553732
concat_prior_LPTFMS.pt,14,455,145,0,0,0.005098120000000001
concat_prior_69TKYX.pt,56,365,198,178,785,0.0054797399999999994
concat_prior_5HHTUN.pt,14,158,472,0,0,0.005098480000000001
concat_prior_1T8PFD.pt,56,120,14,166,0,0.00529308
concat_prior_ZLMQIU.pt,7,59,263,768,1952,0.005496499999999999
concat_prior_27M0ZV.pt,28,255,794,34,520,0.0055981799999999995
concat_prior_UBM9YA.pt,14,138,113,0,0,0.0051332999999999995
concat_prior_Z85BW7.pt,14,187,789,0,0,0.005077840000000003
concat_prior_TY5G6T.pt,14,88,24,0,0,0.005073340000000001
concat_prior_RETZNH.pt,14,1468,245,204,792,0.005468079999999999
concat_prior_GOK5W9.pt,14,150,120,0,0,0.005133340000000001
concat_prior_BJB40Y.pt,28,275,820,227,0,0.0052816600000000005
concat_prior_TFDB5X.pt,14,134,50,145,0,0.005367320000000001
concat_prior_8M0AAB.pt,7,137,1077,0,0,0.0051837800000000015
concat_prior_DKJYBV.pt,14,893,138,526,0,0.0052552399999999996
concat_prior_80S9CA.pt,14,168,308,0,0,0.005112660000000002
concat_prior_SAR5S0.pt,14,492,256,236,457,0.005604899999999999
concat_prior_GJGXSH.pt,14,43,2036,0,0,0.005091379999999999
concat_prior_YDVXWG.pt,14,569,200,133,494,0.005420900000000001
concat_prior_ZX09SC.pt,14,103,104,0,0,0.005084419999999999
concat_prior_C00YFX.pt,28,117,268,119,172,0.00547946
concat_prior_1XMJRS.pt,56,13,392,0,0,0.00508838
concat_prior_2G3O9F.pt,14,85,244,133,140,0.005524760000000001
concat_prior_7M6ZCM.pt,56,20,534,0,0,0.005097719999999999
concat_prior_T52OKB.pt,7,88,53,311,253,0.005491620000000002
concat_prior_5ZZUF9.pt,14,1160,537,31,0,0.00522924
concat_prior_3OEFNJ.pt,28,87,535,0,0,0.00508124
concat_prior_W8SJHP.pt,14,8,19,89,0,0.007556779999999997
concat_prior_OTHUMB.pt,14,826,192,0,0,0.005156080000000002
concat_prior_F7D95V.pt,28,222,562,0,0,0.005115539999999999
concat_prior_6VK9KU.pt,14,143,115,0,0,0.005074019999999998
concat_prior_WXAGOO.pt,14,2104,93,539,92,0.0054925
concat_prior_BGWQD8.pt,7,205,153,237,83,0.005432379999999999
concat_prior_MUKC6B.pt,56,125,58,1502,180,0.00543088
concat_prior_KHR9RZ.pt,14,193,84,0,0,0.0050927
concat_prior_3FI3NM.pt,7,198,64,77,0,0.005257760000000001
concat_prior_NR361N.pt,28,76,201,0,0,0.005106080000000001
concat_prior_XEJ5WU.pt,14,186,17,0,0,0.00507952
concat_prior_QIKC8Z.pt,56,112,511,0,0,0.0051215
concat_prior_Y66EBA.pt,14,220,19,105,241,0.005529740000000001
concat_prior_LEHVAN.pt,28,38,125,151,214,0.00536582
concat_prior_6QMDUA.pt,7,220,21,442,93,0.00557772
concat_prior_38HCGF.pt,28,168,497,541,461,0.00542404
concat_prior_RLPP04.pt,14,520,439,0,0,0.0051125
concat_prior_4560AQ.pt,56,34,249,218,0,0.0052796200000000005
concat_prior_2ZPVD5.pt,14,233,430,202,0,0.00529032
concat_prior_G3BTOA.pt,56,523,197,0,0,0.00533698
concat_prior_22SHSY.pt,7,216,192,1976,0,0.0053727800000000015
concat_prior_4C628F.pt,7,51,175,0,0,0.014640779999999997
concat_prior_X7G6E7.pt,7,113,782,191,173,0.005532640000000001
concat_prior_SKT8LU.pt,14,502,190,84,0,0.005298240000000001
concat_prior_ZR1CAO.pt,14,39,137,0,0,0.005109520000000001
concat_prior_X9213M.pt,7,137,260,245,125,0.005425640000000001
concat_prior_P20B1I.pt,14,47,175,115,111,0.005426920000000002
concat_prior_CXNGTD.pt,28,68,175,0,0,0.005237360000000002
concat_prior_78Q3KW.pt,28,200,220,0,0,0.005107780000000001
concat_prior_5TWGBL.pt,28,115,518,0,0,0.0050697999999999984
concat_prior_RAY54N.pt,14,266,261,207,240,0.0054287400000000005
concat_prior_KMZV1Z.pt,28,132,179,1252,503,0.005444840000000002
concat_prior_W6RIJQ.pt,56,184,293,0,0,0.005113699999999999
concat_prior_SZP2QR.pt,14,37,171,194,236,0.005586780000000001
concat_prior_KXCT1M.pt,28,252,67,0,0,0.0051150000000000015
concat_prior_C31T5S.pt,7,499,117,0,0,0.0050964999999999995
concat_prior_FXMNY9.pt,28,778,505,223,214,0.005472099999999999
concat_prior_F550E8.pt,28,164,498,0,0,0.005063820000000001
concat_prior_DG1DON.pt,14,127,86,77,510,0.005968520000000001
concat_prior_C3V4IO.pt,14,507,1157,759,0,0.0053651
concat_prior_IM150N.pt,14,147,132,0,0,0.005154160000000001
concat_prior_0TZ7N4.pt,7,74,38,162,2016,0.005666879999999998
concat_prior_O48HKV.pt,14,5,262,0,0,0.005263599999999999
concat_prior_6825DY.pt,56,91,801,96,527,0.005599700000000001
concat_prior_TE7FRF.pt,28,111,232,121,533,0.00561422
concat_prior_N61FKP.pt,14,1015,130,80,0,0.005370239999999999
concat_prior_IW9OBT.pt,14,10,170,0,0,0.00514512
concat_prior_IE2P4Z.pt,7,14,107,1394,0,0.0053228400000000006
concat_prior_EC9UVJ.pt,28,241,121,1142,250,0.00544686
concat_prior_GV2QXS.pt,14,35,134,0,0,0.0051129800000000005
concat_prior_C6PHAA.pt,7,1017,534,0,0,0.0051019
concat_prior_RAI2WC.pt,28,88,766,0,0,0.005134379999999998
concat_prior_Q81S89.pt,14,53,323,452,0,0.00529596
concat_prior_LBQY0K.pt,14,1507,162,921,100,0.00552392
concat_prior_M2BRV1.pt,28,27,168,807,1009,0.005441539999999998
concat_prior_XJANNM.pt,14,126,143,125,0,0.0052583000000000005
concat_prior_H0LADA.pt,14,6,700,201,0,0.00528296
concat_prior_BJ9P0F.pt,14,480,509,3,154,0.0054953799999999985
concat_prior_R03PBM.pt,56,189,144,1144,531,0.00541472
concat_prior_QY7XWV.pt,56,520,213,181,490,0.005441820000000001
concat_prior_0OWDST.pt,28,60,63,779,68,0.005496040000000001
concat_prior_0FRJSO.pt,56,27,1028,0,0,0.005064720000000002
concat_prior_2GMJPT.pt,56,131,56,0,0,0.005100899999999999
concat_prior_P5NGUG.pt,14,22,839,0,0,0.005177279999999999
concat_prior_MZKUN1.pt,14,988,37,0,0,0.005115640000000001
concat_prior_RUSYI2.pt,28,151,239,145,0,0.005275379999999997
concat_prior_9O5B84.pt,14,271,38,239,0,0.00534094
concat_prior_OSYK7T.pt,28,596,33,0,0,0.005066859999999999
concat_prior_NFJE3B.pt,7,946,719,1871,0,0.005318480000000001
concat_prior_54G29S.pt,28,1039,477,120,219,0.006080140000000001
concat_prior_HR8VRR.pt,28,132,239,258,0,0.005335380000000001
concat_prior_RKRPJG.pt,14,71,1248,168,0,0.0052044199999999995
concat_prior_U1FSAA.pt,56,489,202,0,0,0.005202499999999999
concat_prior_TQYG1A.pt,14,64,713,483,0,0.005287319999999999
concat_prior_PKKNP9.pt,28,193,2080,179,203,0.0055830800000000015
concat_prior_0U2SRS.pt,14,14,65,0,0,0.005080860000000001
concat_prior_SSYTQB.pt,7,121,96,0,0,0.0056908800000000015
concat_prior_IGIC8S.pt,28,460,499,23,0,0.005286379999999999
concat_prior_KG86ZQ.pt,14,162,67,0,0,0.005070159999999999
concat_prior_NCB3WU.pt,7,211,517,463,234,0.005545400000000001
concat_prior_GNRPTP.pt,28,258,42,0,0,0.00511964
concat_prior_K2YRCN.pt,56,1038,69,47,533,0.005434339999999999
concat_prior_HB3WSA.pt,56,447,124,0,0,0.0050842
concat_prior_VPV2KM.pt,7,2003,26,58,33,0.00550396
concat_prior_TW8BIA.pt,14,190,929,0,0,0.005092080000000001
concat_prior_XDX5YR.pt,14,153,132,0,0,0.005075019999999999
concat_prior_HSMESW.pt,28,2022,157,21,25,0.00548108
concat_prior_YQHHS1.pt,28,514,101,0,0,0.00509884
concat_prior_W5HD9Z.pt,7,142,515,27,128,0.005466580000000001
concat_prior_EY9ZJA.pt,28,139,203,418,0,0.005304099999999999
concat_prior_YFBW9L.pt,14,100,181,0,0,0.005115680000000001
concat_prior_AGO06C.pt,56,212,146,689,71,0.005487819999999999
concat_prior_DWDK58.pt,14,256,985,0,0,0.005094219999999998
concat_prior_19MX8B.pt,56,1582,130,0,0,0.005141879999999999
concat_prior_8AUN33.pt,7,5,30,531,0,0.00533738
concat_prior_7VS3MV.pt,7,27,207,263,200,0.00554874
concat_prior_MG1AKY.pt,7,178,164,228,266,0.005457580000000001
concat_prior_YAPAXT.pt,56,106,187,190,134,0.0054569599999999985
concat_prior_6ZD9GB.pt,56,55,503,519,0,0.005329199999999999
concat_prior_WMM8RL.pt,56,78,967,144,0,0.005832020000000001
concat_prior_RUM3EY.pt,7,142,259,0,0,0.00525708
concat_prior_VV5NDI.pt,7,767,265,316,784,0.005490799999999998
concat_prior_LK4GIS.pt,56,515,397,762,70,0.005416019999999999
concat_prior_R1MHFT.pt,14,675,762,104,0,0.005301260000000001
concat_prior_G6MZAI.pt,7,74,175,33,98,0.006087040000000001
concat_prior_UVNI59.pt,56,398,231,243,245,0.00544702
concat_prior_3OYX7K.pt,7,66,533,1014,34,0.0054779
concat_prior_52FLT1.pt,7,2030,672,0,0,0.005080119999999999
concat_prior_DRWHDP.pt,14,926,7,622,56,0.0055249999999999995
concat_prior_PDUXV6.pt,14,538,184,199,207,0.00545994
concat_prior_6QLBDA.pt,7,503,765,132,260,0.00546456
concat_prior_PFSDIJ.pt,14,94,82,1144,167,0.0054107400000000016
concat_prior_FZ234Z.pt,14,320,130,125,0,0.005316240000000001
concat_prior_K558WS.pt,28,120,1022,0,0,0.005220959999999999
concat_prior_KGXZEV.pt,14,585,65,176,0,0.00536588
concat_prior_67EAOF.pt,14,225,137,424,127,0.00546126
concat_prior_Y55ZVP.pt,14,515,243,195,953,0.005482699999999999
concat_prior_HQ6WWJ.pt,14,2148,132,0,0,0.005112460000000001
concat_prior_7Q21UD.pt,7,120,107,48,516,0.005508659999999999
concat_prior_KMGPP5.pt,56,112,152,134,54,0.00550976
concat_prior_MARO7S.pt,14,472,488,0,0,0.00516996
concat_prior_HPDGVC.pt,14,442,1189,136,238,0.005463719999999998
concat_prior_04TMX1.pt,14,998,239,405,979,0.005462559999999998
concat_prior_HKJ3C9.pt,14,128,518,0,0,0.0050862400000000006
concat_prior_YOCKG7.pt,7,118,233,213,0,0.005277640000000001
concat_prior_VT3OI8.pt,14,491,507,171,126,0.005489039999999998
concat_prior_O4Y23K.pt,7,69,152,509,516,0.005478800000000001
concat_prior_FXNKRO.pt,14,1009,50,190,52,0.03526358
concat_prior_8K1MR8.pt,7,410,25,0,0,0.00521432
concat_prior_DKL4PD.pt,56,62,64,145,90,0.0054674
concat_prior_7YK5WE.pt,7,20,121,533,0,0.0053322000000000005
concat_prior_AQ9KXO.pt,7,10,538,149,0,0.00532726
concat_prior_USQVY1.pt,14,507,2015,0,0,0.0051496599999999995
concat_prior_DQIHYL.pt,28,13,522,0,0,0.00507362
concat_prior_55EH4Z.pt,14,87,178,1142,0,0.005875760000000001
concat_prior_L25C9N.pt,7,45,19,20,522,0.0054827800000000005
concat_prior_46CPVI.pt,7,45,76,1175,488,0.005569740000000001
concat_prior_Z2VBFS.pt,14,635,482,0,0,0.005171619999999999
concat_prior_B5MLBM.pt,28,97,232,0,0,0.00505246
concat_prior_VOUH7D.pt,7,33,694,1160,248,0.0055410400000000005
concat_prior_QA70XR.pt,14,145,555,20,1304,0.005479620000000001
concat_prior_2UBTTV.pt,14,903,93,83,483,0.00553764
concat_prior_BJOROK.pt,7,530,173,0,0,0.00514822
concat_prior_DI1SJ0.pt,7,832,119,0,0,0.005134779999999998
concat_prior_0B32BI.pt,28,169,526,0,0,0.00520164
concat_prior_SJACTF.pt,14,56,668,0,0,0.005068819999999998
concat_prior_1UG67I.pt,7,179,127,0,0,0.00889756
concat_prior_8QWYZ7.pt,7,145,213,24,0,0.005275240000000001
concat_prior_EK4CPP.pt,56,701,211,45,231,0.00543366
concat_prior_05459W.pt,14,500,14,0,0,0.00511328
concat_prior_1BZQF3.pt,7,527,518,499,34,0.005610300000000001
concat_prior_LXAMMM.pt,14,1070,188,0,0,0.00511292
concat_prior_VS7M67.pt,14,172,782,180,0,0.00530136
concat_prior_P6HCEG.pt,14,1267,206,0,0,0.005086380000000001
concat_prior_V8876Y.pt,14,89,267,0,0,0.0051154600000000005
concat_prior_3ZQ80S.pt,28,828,228,67,514,0.00546152
concat_prior_H9YRVO.pt,14,554,772,147,676,0.005446459999999998
concat_prior_J0U54V.pt,14,464,502,0,0,0.005138799999999999
concat_prior_UNH6WX.pt,14,188,852,106,0,0.00528254
concat_prior_RDL8O6.pt,28,142,511,0,0,0.005088180000000001
concat_prior_3YNDOL.pt,14,83,255,0,0,0.005203060000000001
concat_prior_FREFZ6.pt,28,55,169,187,21,0.005453400000000001
concat_prior_PBZ44N.pt,14,850,917,0,0,0.00511414
concat_prior_YFFZ0S.pt,28,388,256,0,0,0.005038860000000001
concat_prior_AKFN7M.pt,56,73,538,0,0,0.0051031
concat_prior_OIIFAG.pt,14,1462,171,0,0,0.00506
concat_prior_D3RQVI.pt,56,23,6,172,0,0.0053379
concat_prior_6IG7US.pt,14,519,534,1112,0,0.00529416
concat_prior_L8T98X.pt,14,47,180,0,0,0.00508432
concat_prior_E3LM0B.pt,14,327,175,49,10,0.005532840000000001
concat_prior_0WWINF.pt,7,98,212,209,0,0.00667028
concat_prior_SE5FN7.pt,56,96,785,0,0,0.00500978
concat_prior_7F2Z9S.pt,14,158,176,1024,760,0.005489919999999999
concat_prior_UBB2RX.pt,14,201,191,513,0,0.00537558
concat_prior_576NVV.pt,14,472,89,0,0,0.005104439999999999
concat_prior_AWQL8O.pt,14,57,120,250,0,0.005315480000000001
concat_prior_BMTBDQ.pt,56,185,4,0,0,0.005116539999999999
concat_prior_I6N0U7.pt,14,988,322,230,0,0.00526902
concat_prior_P648QD.pt,7,1699,509,24,167,0.005556220000000001
concat_prior_B61LLB.pt,56,194,22,0,0,0.005146119999999999
concat_prior_UY81VY.pt,14,96,120,0,0,0.00513158
concat_prior_SUB1AZ.pt,14,202,1059,96,164,0.005585080000000001
concat_prior_YORSPO.pt,14,170,143,1160,0,0.0053229
concat_prior_IZSXK2.pt,14,122,3,0,0,0.005085159999999998
concat_prior_W2HI4I.pt,7,541,36,148,977,0.005604460000000001
concat_prior_JYVTY8.pt,7,6,251,0,0,0.01446096
concat_prior_35EP45.pt,14,2003,232,502,37,0.00553412
concat_prior_T249SD.pt,7,110,500,0,0,0.005113040000000001
concat_prior_CHCJCG.pt,56,19,128,33,287,0.005462940000000003
concat_prior_L8JDQ2.pt,7,485,201,0,0,0.00510792
concat_prior_PKTIRB.pt,14,346,255,527,73,0.005676719999999999
concat_prior_HHX0VU.pt,7,508,515,0,0,0.00508988
concat_prior_8Z6VS2.pt,7,239,939,1042,95,0.005567840000000002
concat_prior_H89O9M.pt,14,256,253,214,268,0.005491720000000002
concat_prior_QQJT59.pt,7,163,507,91,269,0.005588519999999999
concat_prior_I56COO.pt,28,527,107,832,0,0.005308260000000001
concat_prior_KJ52BW.pt,14,37,177,497,0,0.00533654
concat_prior_WQSMQE.pt,14,157,127,0,0,0.00518764
concat_prior_UW4N08.pt,56,667,134,0,0,0.005087
concat_prior_ZDJMTV.pt,7,164,806,1009,0,0.005453740000000001
concat_prior_Q7PWXV.pt,14,152,1261,0,0,0.005058139999999999
concat_prior_RT7QAI.pt,28,236,141,1068,113,0.00552628
concat_prior_JFKHD5.pt,14,56,103,0,0,0.00508984
concat_prior_LRE9SZ.pt,14,103,139,69,0,0.00529266
concat_prior_3DWJQ8.pt,14,14,130,42,177,0.005477599999999999
concat_prior_EXTB8Q.pt,56,55,262,0,0,0.005088240000000001
concat_prior_4GZE6T.pt,14,173,74,188,841,0.0054710800000000006
concat_prior_SWYM2G.pt,56,147,115,0,0,0.005150460000000001
concat_prior_22KNRO.pt,28,536,168,0,0,0.0053533
concat_prior_9P9CQ3.pt,7,152,103,0,0,0.009570060000000002
concat_prior_X05NTE.pt,14,94,151,148,169,0.0055558000000000005
concat_prior_TJZ7YC.pt,14,113,522,1000,80,0.005466279999999999
concat_prior_W12GQF.pt,14,664,38,263,989,0.00545584
concat_prior_UC9WV9.pt,56,182,78,159,0,0.005294560000000001
concat_prior_98J2YT.pt,28,104,40,799,490,0.00597494
concat_prior_1CAQBI.pt,14,139,98,530,211,0.0055428
concat_prior_YWGWSL.pt,56,213,141,0,0,0.005113219999999999
concat_prior_4ABXI2.pt,56,958,188,0,0,0.0050997199999999986
concat_prior_EQV9LL.pt,7,976,178,538,203,0.005537979999999999
concat_prior_YMIIG1.pt,56,124,928,0,0,0.005124580000000001
concat_prior_2VROAQ.pt,56,235,509,108,0,0.0052356799999999995
concat_prior_8CJF3D.pt,14,241,1161,257,504,0.005488139999999999
concat_prior_5T60MR.pt,7,39,26,117,784,0.005555499999999999
concat_prior_TZYDMA.pt,14,235,115,496,286,0.00550422
concat_prior_MGE9E1.pt,28,40,952,0,0,0.005134239999999999
concat_prior_3YX3B8.pt,14,125,519,59,242,0.005498639999999999
concat_prior_C3F6V5.pt,14,503,183,32,440,0.005436359999999998
concat_prior_9I9D74.pt,56,395,1139,199,721,0.005442699999999999
concat_prior_UDLMIO.pt,14,188,1021,192,0,0.005282319999999999
concat_prior_UB7CST.pt,7,217,136,474,0,0.005330299999999999
concat_prior_5IT35W.pt,28,1571,132,144,18,0.00604292
concat_prior_4B1OKG.pt,14,151,235,0,0,0.00522158
concat_prior_XFL6VD.pt,7,495,153,163,529,0.005512659999999999
concat_prior_DIG7MD.pt,14,11,20,104,0,0.005247459999999999
concat_prior_9YCGRX.pt,14,159,110,0,0,0.00506096
concat_prior_9WLDJV.pt,28,41,216,0,0,0.0051048
concat_prior_WG2TTY.pt,7,198,254,0,0,0.00514216
concat_prior_32SZOU.pt,14,109,234,127,517,0.006217499999999999
concat_prior_IWXRX7.pt,14,495,17,247,979,0.00546852
concat_prior_XPMKNB.pt,28,27,154,0,0,0.005141539999999999
concat_prior_GGKW5S.pt,28,240,284,217,216,0.005560340000000001
concat_prior_URKZDQ.pt,7,145,358,1014,252,0.0054918
concat_prior_IE33HU.pt,14,513,59,0,0,0.005091960000000001
concat_prior_ANDTCE.pt,14,197,1178,218,0,0.00529746
concat_prior_NY0P8F.pt,14,233,210,253,516,0.00551992
concat_prior_CBIYAV.pt,56,70,1873,222,50,0.005416680000000002
concat_prior_ZPHCED.pt,14,265,254,0,0,0.00513746
concat_prior_L63IB8.pt,7,1282,873,483,779,0.00550136
concat_prior_4LR84O.pt,28,800,232,0,0,0.005101040000000001
concat_prior_9B4PC2.pt,14,106,516,0,0,0.005060899999999999
concat_prior_W1KHS4.pt,14,212,138,195,111,0.005493900000000001
concat_prior_X9GVUG.pt,14,969,494,0,0,0.005078219999999999
concat_prior_5D1MZ9.pt,56,143,208,153,132,0.00547328
concat_prior_V9LX2Y.pt,28,202,195,206,0,0.02421498
concat_prior_O9HDTV.pt,28,108,417,503,90,0.00548084
concat_prior_H0W994.pt,7,206,180,496,75,0.0054597
concat_prior_L1JFXT.pt,28,28,113,226,761,0.005502500000000001
concat_prior_OJ7MDN.pt,14,496,144,0,0,0.005087439999999999
concat_prior_ROVELN.pt,7,294,526,58,197,0.005511919999999998
concat_prior_CYTKD3.pt,14,127,459,0,0,0.0050957
concat_prior_G7IGDC.pt,14,1158,152,81,211,0.005485940000000002
concat_prior_KS5YGM.pt,14,101,1002,489,0,0.005373460000000001
concat_prior_GMXYDA.pt,14,49,102,0,0,0.007503860000000001
concat_prior_7LMKXH.pt,7,1986,97,851,233,0.005492499999999999
concat_prior_NEKWW8.pt,56,8,539,509,1001,0.005529199999999999
concat_prior_D8S5PP.pt,14,65,24,499,0,0.0053753800000000025
concat_prior_M5ESRR.pt,14,91,241,0,0,0.005157139999999999
concat_prior_GUZB4R.pt,7,213,151,243,49,0.005454919999999998
concat_prior_TF6741.pt,7,396,92,0,0,0.00785194
concat_prior_AHEBUY.pt,28,21,512,0,0,0.00513538
concat_prior_42KKTK.pt,14,216,150,0,0,0.005158560000000001
concat_prior_QRZM5N.pt,14,115,42,88,0,0.005294860000000001
concat_prior_NHBNXW.pt,14,464,181,83,242,0.005483319999999999
concat_prior_GXRWPH.pt,14,162,568,182,0,0.005377700000000001
concat_prior_YJSWLL.pt,56,241,505,245,8,0.00544922
concat_prior_VFTT08.pt,14,123,467,0,0,0.005106960000000001
concat_prior_96LFV6.pt,56,219,436,0,0,0.005080479999999999
concat_prior_4706J3.pt,28,492,20,0,0,0.0050671
concat_prior_DHD3OD.pt,28,126,949,0,0,0.015523599999999997
concat_prior_CE3LAW.pt,28,157,131,472,0,0.0054239399999999995
concat_prior_6GNPCH.pt,14,205,94,153,0,0.0053579
concat_prior_KPUXJ6.pt,56,109,37,212,420,0.0054611799999999995
concat_prior_ZXGEMF.pt,28,509,81,0,0,0.00509662
concat_prior_DT197W.pt,14,392,122,0,0,0.005241419999999999
concat_prior_E6MXN1.pt,7,154,19,835,0,0.005395739999999999
concat_prior_D6F2B4.pt,14,515,736,585,174,0.00548312
concat_prior_I9107V.pt,28,87,565,272,954,0.005513159999999998
concat_prior_KA8VOT.pt,14,241,76,129,44,0.005549599999999999
concat_prior_91L87S.pt,14,143,54,0,0,0.0050925999999999975
concat_prior_ZPD1HE.pt,14,181,211,0,0,0.00510426
concat_prior_BR2425.pt,28,131,218,0,0,0.005175099999999999
concat_prior_KXKYTH.pt,14,1165,995,508,47,0.0054852400000000015
concat_prior_W03EFA.pt,28,160,1951,535,540,0.00550266
concat_prior_C40EAI.pt,28,644,144,0,0,0.005115559999999998
concat_prior_3ZHPZ6.pt,56,925,668,0,0,0.005073520000000001
concat_prior_W9E21N.pt,28,146,61,156,211,0.005610980000000001
concat_prior_FO49XW.pt,56,955,52,0,0,0.005112820000000001
concat_prior_3C0XI8.pt,7,7,139,14,31,0.00557168
concat_prior_HNTOBT.pt,7,117,185,0,0,0.0050764799999999995
concat_prior_N7MPR4.pt,56,215,109,103,1236,0.005980140000000002
concat_prior_J1M2UO.pt,14,385,816,77,56,0.005539199999999999
concat_prior_W6604T.pt,14,230,150,489,531,0.00548322
concat_prior_ALQHOS.pt,14,211,163,0,0,0.00511564
concat_prior_9RCUIX.pt,56,56,161,0,0,0.0051963600000000006
concat_prior_RQGEQK.pt,14,160,241,0,0,0.00522568
concat_prior_IVG0N4.pt,7,174,179,1180,241,0.005523480000000001
concat_prior_X8B1SP.pt,14,504,51,4,223,0.00556022
concat_prior_23XN6N.pt,14,246,227,216,520,0.005543719999999999
concat_prior_ZXN1IH.pt,7,801,96,0,0,0.005158639999999999
concat_prior_C3G8XX.pt,28,928,489,5,0,0.00532454
concat_prior_Y0SPSQ.pt,7,532,223,913,1271,0.005487139999999998
concat_prior_QPZRZ5.pt,14,164,228,0,0,0.00516622
concat_prior_BWINDL.pt,7,56,567,10,158,0.006109680000000001
concat_prior_2ERFWF.pt,7,524,220,54,193,0.005459059999999998
concat_prior_5R6LCR.pt,56,166,526,0,0,0.00513562
concat_prior_NBBNK1.pt,7,527,9,980,0,0.005330839999999999
concat_prior_CNDDBZ.pt,7,44,1037,0,0,0.005166780000000001
concat_prior_QQZ1PY.pt,7,176,523,0,0,0.005104579999999998
concat_prior_WQY63V.pt,14,988,53,194,94,0.0055241
concat_prior_6NXEY0.pt,7,538,1005,0,0,0.005168679999999998
concat_prior_WNF36Q.pt,28,1183,69,0,0,0.00520986
concat_prior_Q5HBLB.pt,14,78,30,0,0,0.00516778
concat_prior_T3NAQA.pt,28,578,1587,90,521,0.005525179999999999
concat_prior_SMNESP.pt,14,181,140,0,0,0.0051581
concat_prior_FTEQQ2.pt,28,168,90,107,239,0.0054524399999999985
concat_prior_2K2YLH.pt,7,805,937,0,0,0.0050955
concat_prior_R2OVS2.pt,28,167,90,41,0,0.005321500000000002
concat_prior_4NNNWP.pt,28,1284,151,0,0,0.005322899999999999
concat_prior_HXVGS5.pt,14,125,226,0,0,0.00513394
concat_prior_5R133L.pt,7,220,69,0,0,0.005352320000000001
concat_prior_M497NB.pt,14,13,166,0,0,0.005092080000000001
concat_prior_R7D50I.pt,7,761,1050,255,209,0.00547698
concat_prior_XXYM3I.pt,28,197,982,53,0,0.00531984
concat_prior_1K8UVO.pt,14,451,5,0,0,0.005100880000000001
concat_prior_6QECF2.pt,28,526,498,0,0,0.00512286
concat_prior_Q53IT2.pt,28,197,127,1726,523,0.005459980000000002
concat_prior_Q464WI.pt,7,123,505,0,0,0.0052838799999999995
concat_prior_6CIMQB.pt,14,372,171,0,0,0.005175560000000001
concat_prior_M5UJRW.pt,14,229,983,538,539,0.005405700000000001
concat_prior_EBJD8W.pt,56,180,27,0,0,0.005154380000000001
concat_prior_DF5A9A.pt,14,52,17,92,0,0.005343680000000002
concat_prior_I8IR6W.pt,14,144,72,149,858,0.005575779999999998
concat_prior_9N5V3H.pt,28,252,223,0,0,0.00514624
concat_prior_XNCGST.pt,14,198,160,0,0,0.005108779999999999
concat_prior_A483ZY.pt,7,195,24,0,0,0.016695599999999998
concat_prior_NWA7ID.pt,56,173,522,0,0,0.00522502
concat_prior_8YIOAW.pt,7,182,163,52,222,0.005519
concat_prior_56U1GE.pt,14,516,195,2018,114,0.00556978
concat_prior_5CYU1C.pt,14,1173,169,0,0,0.00506642
concat_prior_J9TKTF.pt,14,298,696,184,264,0.005431619999999999
concat_prior_99BAZR.pt,14,191,1904,167,540,0.005475199999999998
concat_prior_0GHN7A.pt,14,257,535,0,0,0.0051169
concat_prior_82OVOT.pt,7,920,158,123,0,0.005284879999999999
concat_prior_INM8F1.pt,28,34,1285,23,21,0.005522959999999999
concat_prior_Q7B6HO.pt,56,120,154,435,54,0.005452799999999999
concat_prior_0A6S7S.pt,14,192,128,721,494,0.005420660000000002
concat_prior_GOQZRY.pt,7,782,38,35,45,0.005431160000000002
concat_prior_G8QMAK.pt,14,92,190,221,431,0.005474100000000002
concat_prior_JA39B7.pt,28,140,156,0,0,0.00512358
concat_prior_UUILAO.pt,14,199,171,0,0,0.005168799999999999
concat_prior_X9VOEF.pt,56,164,208,0,0,0.005092500000000001
concat_prior_FD4OZD.pt,7,1289,54,103,591,0.0055331799999999995
concat_prior_HFCBW5.pt,7,169,60,123,503,0.00547954
concat_prior_A6ZFOV.pt,28,159,145,0,0,0.005097020000000001
concat_prior_276I9S.pt,14,128,983,0,0,0.00530274
concat_prior_VFSQNZ.pt,14,177,407,681,525,0.005459640000000001
concat_prior_EVK0Z8.pt,14,38,501,180,188,0.00551478
concat_prior_YVA8A9.pt,14,75,205,0,0,0.005109400000000001
concat_prior_K4TV3C.pt,14,42,265,0,0,0.00513894
concat_prior_M80VNV.pt,14,233,69,492,0,0.005301900000000002
concat_prior_KVQQ2A.pt,14,235,942,0,0,0.005071759999999998
concat_prior_F2IZXT.pt,14,683,177,0,0,0.005110039999999999
concat_prior_C8SSEL.pt,14,19,12,0,0,0.01409634000000001
concat_prior_WFWG8H.pt,56,784,100,0,0,0.005125699999999998
concat_prior_4VLGKO.pt,7,100,13,36,132,0.00543044
concat_prior_EMV3IJ.pt,14,1023,252,0,0,0.0050700599999999995
concat_prior_Q245SX.pt,28,114,448,0,0,0.0050993
concat_prior_LTZJ72.pt,56,182,11,157,0,0.005282959999999999
concat_prior_CMIHZ2.pt,14,3,44,0,0,0.0050868
concat_prior_C07CAX.pt,14,30,84,36,512,0.00551052
concat_prior_YFLK2L.pt,14,70,123,123,212,0.005473680000000001
concat_prior_MRU9PN.pt,7,112,249,78,0,0.0053917
concat_prior_8Q97NX.pt,28,220,2010,0,0,0.005145699999999999
concat_prior_TMXFS2.pt,14,178,156,250,91,0.005484940000000001
concat_prior_AHZ0GK.pt,14,1925,81,0,0,0.0050882
concat_prior_DIAEOA.pt,14,203,236,525,187,0.005483720000000001
concat_prior_BCI85F.pt,56,136,1895,134,0,0.00544526
concat_prior_9F5O1W.pt,28,427,261,81,119,0.005552859999999998
concat_prior_UUK282.pt,56,920,472,0,0,0.00512022
concat_prior_96C40L.pt,28,164,117,255,504,0.0054734399999999996
concat_prior_6MXLPM.pt,14,141,484,0,0,0.005105939999999999
concat_prior_RU0PQZ.pt,7,35,221,501,34,0.005519179999999998
concat_prior_79RM1O.pt,14,60,176,0,0,0.00511002
concat_prior_PZ8WZO.pt,7,82,255,150,0,0.005396020000000001
concat_prior_IEMK2F.pt,14,47,125,0,0,0.00510726
concat_prior_YHKEH3.pt,7,161,1751,202,13,0.005489099999999998
concat_prior_WKYE9K.pt,7,85,33,0,0,0.017533500000000004
concat_prior_9Y958N.pt,14,22,97,0,0,0.0051205800000000004
concat_prior_40RO3W.pt,14,561,172,0,0,0.0051259999999999995
concat_prior_LIY6YE.pt,56,127,517,211,172,0.0054461599999999985
concat_prior_LYAKWL.pt,14,186,111,0,0,0.005242319999999999
concat_prior_U4NNJZ.pt,7,145,175,148,0,0.0053653600000000004
concat_prior_ECSRYR.pt,14,1851,209,9,0,0.005254940000000001
concat_prior_C5FEMX.pt,14,1013,92,85,112,0.005470560000000001
concat_prior_T6W02K.pt,14,100,123,0,0,0.032882360000000006
concat_prior_PSCSM2.pt,56,179,258,0,0,0.005130000000000001
concat_prior_I06YJS.pt,14,695,209,220,481,0.0054747599999999995
concat_prior_DY2U4I.pt,28,184,837,0,0,0.005099899999999999
concat_prior_8SG4AU.pt,14,22,172,120,1125,0.005447599999999998
concat_prior_GLI4IW.pt,28,499,52,234,0,0.005312579999999999
concat_prior_ZG84KT.pt,7,1173,1026,258,422,0.005469000000000001
concat_prior_NKIY51.pt,14,79,262,201,0,0.00534718
concat_prior_1FKZDC.pt,14,200,95,17,256,0.00548394
concat_prior_CBYS1P.pt,7,35,222,317,0,0.00540706
concat_prior_I8MTB1.pt,14,175,34,0,0,0.00517064
concat_prior_11FELP.pt,56,797,244,0,0,0.005075240000000001
concat_prior_3BFGVO.pt,56,267,73,167,260,0.005515320000000001
concat_prior_QS89JZ.pt,7,239,1017,985,0,0.005497060000000001
concat_prior_XMOR1Y.pt,14,503,539,0,0,0.00511592
concat_prior_6QC0OY.pt,7,159,932,145,109,0.005526700000000001
concat_prior_0O1IJY.pt,14,66,39,130,57,0.0054489
concat_prior_EK2IMB.pt,7,213,106,0,0,0.00512096
concat_prior_IES78O.pt,14,1034,261,8,159,0.00544486
concat_prior_NDS46P.pt,14,188,193,147,0,0.005321320000000001
concat_prior_XTJ186.pt,28,277,244,0,0,0.0050642399999999985
concat_prior_HV03W9.pt,14,157,36,0,0,0.0051854200000000005
concat_prior_9J14OC.pt,28,57,513,42,319,0.00556068
concat_prior_PPYU0F.pt,28,507,159,186,98,0.005492460000000001
concat_prior_D0ZRM4.pt,14,404,185,0,0,0.005111279999999999
concat_prior_KQTL2Z.pt,14,134,836,0,0,0.03258152
concat_prior_ILR338.pt,14,1304,522,0,0,0.005118319999999999
concat_prior_FM6MMT.pt,7,770,99,0,0,0.005090960000000001
concat_prior_WD2AQ2.pt,28,147,46,0,0,0.005087440000000001
concat_prior_E8BPFQ.pt,14,811,549,123,0,0.005234180000000001
concat_prior_1XNG3P.pt,14,119,81,662,811,0.00554696
concat_prior_TFKLYY.pt,14,209,181,521,0,0.005311759999999999
concat_prior_UNLKQ7.pt,28,140,89,0,0,0.005109
concat_prior_1HI1Y5.pt,14,26,135,103,153,0.0054759000000000006
concat_prior_GGQSCD.pt,7,252,459,0,0,0.005114340000000003
concat_prior_WCK0E3.pt,14,56,253,0,0,0.0052584400000000005
concat_prior_W1349S.pt,7,167,490,137,516,0.005634260000000001
concat_prior_KB7WDQ.pt,14,11,94,58,856,0.0055182799999999995
concat_prior_16YXLQ.pt,14,118,232,25,173,0.005597440000000001
concat_prior_8RN21R.pt,56,88,160,809,0,0.0052941199999999985
concat_prior_RUZ26M.pt,28,156,137,217,38,0.00554746
concat_prior_0VLVXS.pt,28,195,522,223,103,0.0055130000000000005
concat_prior_97UOSW.pt,56,490,199,0,0,0.005081
concat_prior_5AHNAL.pt,14,180,697,0,0,0.00508104
concat_prior_5QE2ZU.pt,14,2005,137,399,56,0.005496759999999998
concat_prior_7NEU29.pt,28,490,586,0,0,0.005111380000000002
concat_prior_0O1WK0.pt,14,527,531,107,0,0.00529632
concat_prior_OV6HUY.pt,28,774,252,0,0,0.005099200000000002
concat_prior_SY5EFP.pt,14,509,124,0,0,0.005176320000000001
concat_prior_R8F82Z.pt,28,489,3,185,0,0.00533304
concat_prior_5U3PX9.pt,14,461,59,0,0,0.005190940000000001
concat_prior_B6V2TJ.pt,14,39,1466,944,100,0.005447200000000001
concat_prior_41339P.pt,56,32,487,65,259,0.0054692
concat_prior_JANN0M.pt,14,471,143,200,0,0.005840540000000002
concat_prior_5FLZ2F.pt,7,800,74,0,0,0.005359119999999999
concat_prior_XPZR7Z.pt,56,232,29,217,972,0.005471739999999998
concat_prior_PC1HX6.pt,7,1191,59,1035,1147,0.009826420000000004
concat_prior_R19TL6.pt,7,41,8,0,0,0.0098767
concat_prior_UOSF63.pt,14,210,426,231,0,0.005315580000000001
concat_prior_6XQARE.pt,14,61,488,0,0,0.005110260000000001
concat_prior_E2MH7P.pt,7,499,21,535,0,0.005353239999999999
concat_prior_9BTEFW.pt,28,264,216,0,0,0.005108359999999998
concat_prior_6KTMRI.pt,14,169,5,261,530,0.00549012
concat_prior_HKSSEA.pt,7,404,180,46,0,0.00535072
concat_prior_IUZLKF.pt,14,234,122,0,0,0.005080380000000001
concat_prior_MY9ZXQ.pt,7,152,196,0,0,0.0050779
concat_prior_KD12HU.pt,7,190,65,181,0,0.0052937800000000005
concat_prior_35Y0N3.pt,28,17,254,94,618,0.005555600000000001
concat_prior_DAKN0E.pt,14,267,534,207,0,0.00529706
concat_prior_IS8H15.pt,7,1829,913,1038,0,0.0052963
concat_prior_00V11U.pt,7,1022,419,695,0,0.005381080000000002
concat_prior_VZGYDN.pt,14,120,1147,0,0,0.005092460000000002
concat_prior_JCFPCO.pt,7,923,805,134,0,0.005301579999999999
concat_prior_B5E96V.pt,56,164,1387,0,0,0.005066559999999999
concat_prior_KW00YT.pt,14,204,249,249,526,0.00595606
concat_prior_3NCFUG.pt,14,72,62,0,0,0.005174599999999999
concat_prior_ECRFVE.pt,14,127,142,0,0,0.0052634199999999996
concat_prior_K91KTX.pt,14,33,111,1138,789,0.0054788599999999995
concat_prior_UYLR0B.pt,14,487,27,153,0,0.005327679999999999
concat_prior_N05CWX.pt,14,761,185,0,0,0.005091619999999999
concat_prior_XSI38W.pt,56,1854,580,834,127,0.005451640000000001
concat_prior_HVE9FG.pt,14,109,127,98,188,0.005501159999999998
concat_prior_98WTHV.pt,56,200,111,0,0,0.00525792
concat_prior_AY98J9.pt,7,92,222,5,1146,0.00550342
concat_prior_7AN2AN.pt,56,214,667,635,0,0.005307139999999998
concat_prior_RT7TX6.pt,28,518,44,72,0,0.005236200000000002
concat_prior_GMYVOG.pt,14,25,96,0,0,0.0050709599999999985
concat_prior_BNW7GY.pt,14,465,773,18,33,0.00561924
concat_prior_88ADHF.pt,56,251,516,62,37,0.005490579999999999
concat_prior_KCHL8E.pt,14,120,79,1551,134,0.005453780000000002
concat_prior_7Y9ZSC.pt,7,478,1706,174,1006,0.0054827800000000005
concat_prior_80PNR1.pt,7,39,536,27,272,0.0055948000000000005
concat_prior_SWRRSL.pt,28,72,459,1266,155,0.005478239999999999
concat_prior_X3CVM1.pt,7,46,218,217,189,0.00547762
concat_prior_FFEK66.pt,56,209,127,492,209,0.005442400000000001
concat_prior_4SH9SN.pt,14,76,527,57,168,0.0054853800000000015
concat_prior_G1TDTQ.pt,14,1314,122,0,0,0.005081500000000001
concat_prior_00STGY.pt,14,1418,430,0,0,0.005103119999999999
concat_prior_NAVLR2.pt,7,174,968,103,0,0.00544382
concat_prior_XP3LP0.pt,14,148,86,136,132,0.005456780000000003
concat_prior_XZHVEU.pt,28,148,40,182,0,0.005300279999999999
concat_prior_0WQZ0R.pt,28,59,72,0,0,0.005165039999999999
concat_prior_81VHNF.pt,7,100,221,0,0,0.00823002
concat_prior_08LPVC.pt,14,1841,665,0,0,0.005164780000000001
concat_prior_Q6PND2.pt,14,112,198,0,0,0.0051448
concat_prior_TWR7XV.pt,56,26,1292,0,0,0.005208480000000001
concat_prior_2RZBV7.pt,14,102,18,0,0,0.005128559999999999
concat_prior_UWDWTG.pt,14,38,221,0,0,0.00514774
concat_prior_I2GWND.pt,7,91,794,152,510,0.00554606
concat_prior_VGWV6Q.pt,28,484,183,485,0,0.00537554
concat_prior_6AGUAS.pt,14,251,1973,159,173,0.00546908
concat_prior_LN5UUA.pt,56,191,844,0,0,0.005086040000000001
concat_prior_6364HJ.pt,7,121,162,268,132,0.005588020000000002
concat_prior_XNO3IR.pt,14,732,518,121,88,0.005380440000000001
concat_prior_EJHLBD.pt,14,183,80,645,185,0.00548306
concat_prior_HMOVZD.pt,7,4,509,0,0,0.005433999999999998
concat_prior_JQWG7C.pt,14,992,58,0,0,0.00508826
concat_prior_7C48T3.pt,28,156,197,28,25,0.005474779999999999
concat_prior_H7AUMR.pt,14,306,858,151,3,0.005495199999999999
concat_prior_DTGGQV.pt,28,234,519,44,0,0.005335860000000001
concat_prior_588NMX.pt,14,121,56,103,0,0.00536228
concat_prior_0N5DR6.pt,14,6,143,0,0,0.00508046
concat_prior_1KDGX4.pt,28,795,467,134,1652,0.00554904
concat_prior_YNBV6R.pt,56,98,323,148,10,0.0055791400000000015
concat_prior_OD9KRF.pt,56,75,183,0,0,0.005255759999999999
concat_prior_J5OLPA.pt,7,1844,170,0,0,0.005178200000000001
concat_prior_Y0X3B8.pt,14,153,238,0,0,0.005249600000000001
concat_prior_MKDO52.pt,7,503,475,0,0,0.005215760000000001
concat_prior_4SCM81.pt,56,178,273,521,504,0.005543420000000001
concat_prior_M6WG70.pt,14,233,120,174,778,0.005576819999999999
concat_prior_95L8T2.pt,28,422,982,0,0,0.005174760000000001
concat_prior_32FPLZ.pt,7,25,407,505,0,0.005419100000000001
concat_prior_JJMSZI.pt,56,52,15,40,246,0.00553014
concat_prior_WMNIFK.pt,56,177,534,0,0,0.00511882
concat_prior_J9RCHW.pt,14,2142,490,205,131,0.005547420000000001
concat_prior_2996J6.pt,7,156,533,239,263,0.00547462
concat_prior_05A1LN.pt,14,840,29,429,776,0.005534659999999998
concat_prior_Q9S85P.pt,28,32,113,20,2041,0.005493240000000002
concat_prior_4M9XQ6.pt,7,845,169,981,133,0.00555118
concat_prior_OF035J.pt,14,488,237,0,0,0.005108200000000002
concat_prior_DDGGHM.pt,14,16,202,0,0,0.00511266
concat_prior_P6QTGE.pt,28,23,207,0,0,0.005137280000000001
concat_prior_Y32ZHJ.pt,14,1021,82,233,0,0.005321360000000001
concat_prior_6SLXT2.pt,14,91,529,0,0,0.005154520000000001
concat_prior_LN2N8J.pt,7,199,43,0,0,0.012822100000000003
concat_prior_R7GG0F.pt,28,409,218,0,0,0.005071940000000001
concat_prior_IAN2VT.pt,7,36,1060,139,153,0.00553602
concat_prior_6GCETG.pt,56,920,26,923,492,0.0054710800000000006
concat_prior_LVH6V7.pt,7,1378,109,0,0,0.0051507
concat_prior_X50P7I.pt,14,163,975,0,0,0.005101179999999999
concat_prior_XU3795.pt,14,174,77,213,0,0.005389219999999999
concat_prior_XCIAU1.pt,28,185,977,52,247,0.0056409599999999996
concat_prior_CQTCAY.pt,14,123,490,269,531,0.00550136
concat_prior_TM58X0.pt,14,26,468,0,0,0.005181659999999999
concat_prior_90WL7Q.pt,14,491,50,0,0,0.005203819999999998
concat_prior_TAANOF.pt,14,1786,78,0,0,0.005118999999999999
concat_prior_FS12T7.pt,14,134,518,8,0,0.005314100000000001
concat_prior_U52ZS6.pt,14,249,1956,0,0,0.005105220000000001
concat_prior_7FENOC.pt,14,122,261,0,0,0.005234660000000002
concat_prior_J9ADXL.pt,14,1756,521,443,0,0.005321400000000001
concat_prior_IGDS54.pt,7,259,922,0,0,0.00511726
concat_prior_3QJ52M.pt,56,250,457,221,3,0.005454099999999998
concat_prior_HF09UE.pt,14,831,255,126,994,0.005458620000000001
concat_prior_WQOGFN.pt,14,775,766,78,104,0.00544004
concat_prior_81X53M.pt,14,170,31,245,313,0.005528320000000001
concat_prior_WDKZ2V.pt,56,7,70,700,0,0.005272759999999999
concat_prior_6YMIQI.pt,7,25,548,0,0,0.005178379999999998
concat_prior_BCOOR6.pt,56,225,12,0,0,0.00509338
concat_prior_AVE3TI.pt,14,434,253,0,0,0.005119419999999999
concat_prior_NNKR5G.pt,14,438,776,425,0,0.005363519999999999
concat_prior_Z1WCOZ.pt,14,198,27,0,0,0.00524916
concat_prior_UROSJW.pt,28,194,1638,153,265,0.005463440000000001
concat_prior_SYTV70.pt,7,181,4,137,938,0.005502800000000001
concat_prior_Z43XOQ.pt,14,98,498,0,0,0.00511536
concat_prior_5Z2EVK.pt,28,269,265,0,0,0.0051554
concat_prior_OROUPI.pt,14,9,177,0,0,0.00519224
concat_prior_CKCINU.pt,7,148,2132,0,0,0.005141659999999999
concat_prior_QVP013.pt,14,104,176,0,0,0.005122499999999999
concat_prior_M7YBP1.pt,14,270,131,0,0,0.005119659999999999
concat_prior_JENCM4.pt,14,66,196,0,0,0.005151539999999999
concat_prior_5DRDDZ.pt,7,477,93,0,0,0.0061473599999999975
concat_prior_ENKTGM.pt,7,1003,87,936,196,0.005535380000000002
concat_prior_RX3NPY.pt,14,504,436,987,230,0.005466319999999999
concat_prior_NOSS25.pt,28,107,51,0,0,0.005247099999999999
concat_prior_4QVT6W.pt,7,669,12,239,505,0.005558300000000001
concat_prior_00JDGC.pt,14,108,442,0,0,0.005071320000000001
concat_prior_QLXVB0.pt,56,53,84,365,0,0.005268919999999999
concat_prior_R3XJYS.pt,14,40,3,147,105,0.005415680000000001
concat_prior_740P6J.pt,14,490,259,0,0,0.005126700000000001
concat_prior_QPQWDV.pt,28,19,3,517,0,0.00529608
concat_prior_AN6IA7.pt,14,228,189,0,0,0.0051122400000000005
concat_prior_9PR3TN.pt,28,793,145,15,848,0.0054818
concat_prior_TNVK3B.pt,14,121,161,257,238,0.0056265399999999985
concat_prior_HTCRG6.pt,28,477,127,97,0,0.0053664
concat_prior_VKH7WO.pt,14,142,398,129,117,0.005576280000000001
concat_prior_F06QJL.pt,14,30,187,41,1532,0.005465640000000001
concat_prior_Q496LS.pt,28,222,155,0,0,0.00509378
concat_prior_YYZN9L.pt,28,19,36,472,0,0.0052194400000000005
concat_prior_6VDP2T.pt,7,186,191,213,111,0.00547884
concat_prior_BGJFD6.pt,28,234,269,262,145,0.0055656199999999986
concat_prior_TCWLSY.pt,7,253,178,537,1702,0.0054643200000000025
concat_prior_N3GRVV.pt,14,27,130,0,0,0.005177119999999997
concat_prior_NWVA3R.pt,14,777,160,41,0,0.005290820000000001
concat_prior_TEX0K5.pt,14,1610,129,0,0,0.005092220000000001
concat_prior_EQY0A1.pt,56,388,1023,1646,0,0.005294039999999999
concat_prior_JANUBI.pt,14,135,510,14,97,0.00551114
concat_prior_F85DEZ.pt,28,79,445,224,770,0.005482420000000003
concat_prior_CYZFAX.pt,14,477,433,507,0,0.0052556999999999994
concat_prior_KWHW9G.pt,56,246,262,0,0,0.00512884
concat_prior_VNEYPW.pt,14,66,180,0,0,0.00510236
concat_prior_0M4YOG.pt,7,142,532,1179,0,0.005348940000000001
concat_prior_XLC7Z9.pt,56,152,854,137,0,0.005258259999999999
concat_prior_CEMQHN.pt,7,188,750,494,0,0.005354540000000002
concat_prior_TJW5KI.pt,56,532,173,0,0,0.005115780000000001
concat_prior_RRQN0G.pt,14,9,212,536,115,0.0055410799999999994
concat_prior_8SWHEV.pt,7,1756,42,0,0,0.005129359999999999
concat_prior_MI8XB2.pt,28,61,79,159,146,0.005465040000000001
concat_prior_4KD7K0.pt,7,511,268,0,0,0.005406740000000001
concat_prior_1YHGEB.pt,7,540,144,113,148,0.00549558
concat_prior_DR7FCK.pt,14,75,123,0,0,0.006509899999999998
concat_prior_FPE5HM.pt,14,11,51,0,0,0.0050725599999999985
concat_prior_FDLI75.pt,14,519,480,0,0,0.005106760000000001
concat_prior_L7LJQ0.pt,14,119,811,0,0,0.005174699999999999
concat_prior_VOZ8G9.pt,56,31,1054,171,181,0.0054509200000000015
concat_prior_3MWC1Z.pt,28,515,171,228,93,0.0055942000000000006
concat_prior_VNTSNW.pt,14,1247,3,532,377,0.00545344
concat_prior_BTODDW.pt,7,212,1000,258,0,0.00552786
concat_prior_NO69AT.pt,28,533,540,588,540,0.00554222
concat_prior_Q05946.pt,14,171,241,92,0,0.00531774
concat_prior_RY0HXO.pt,28,60,251,0,0,0.005121559999999998
concat_prior_8DILWS.pt,14,10,232,0,0,0.0051693600000000004
concat_prior_O7KINH.pt,7,2142,250,0,0,0.00510188
concat_prior_KFSEK5.pt,14,1157,141,170,124,0.005476760000000001
concat_prior_IIMT0B.pt,28,56,69,682,0,0.00537158
concat_prior_HY69RU.pt,14,673,84,0,0,0.005096759999999999
concat_prior_L4WCHL.pt,56,87,143,161,0,0.005301420000000001
concat_prior_7A2HMI.pt,7,212,240,27,706,0.00552244
concat_prior_NJR1W0.pt,14,207,83,105,1368,0.00544766
concat_prior_TIWBKV.pt,28,443,389,0,0,0.005148100000000001
concat_prior_BCATCP.pt,56,127,259,497,98,0.00550392
concat_prior_AY3KDE.pt,14,170,1717,173,201,0.0054835599999999984
concat_prior_FPUSH3.pt,7,920,98,105,18,0.0055761
concat_prior_HDIROK.pt,56,1168,102,0,0,0.0050942600000000015
concat_prior_01534I.pt,7,518,12,0,0,0.00518664
concat_prior_NNEC5M.pt,28,89,355,80,114,0.00548138
concat_prior_Y2O9YS.pt,28,538,771,0,0,0.005105480000000001
concat_prior_N3M8H0.pt,7,132,257,259,135,0.005554779999999999
concat_prior_I50855.pt,28,525,192,0,0,0.005103519999999999
concat_prior_N3N2XK.pt,28,220,319,0,0,0.00513246
concat_prior_GH80B7.pt,56,539,8,265,0,0.00523546
concat_prior_PAWERE.pt,14,78,522,24,0,0.00537242
concat_prior_WJMZ2V.pt,28,699,511,535,0,0.005413080000000002
concat_prior_26HEN3.pt,56,185,167,0,0,0.005120100000000001
concat_prior_T92KB8.pt,7,530,216,120,0,0.005297519999999997
concat_prior_NS4QMU.pt,14,501,5,0,0,0.0050837799999999995
concat_prior_QTZ942.pt,14,521,551,185,0,0.00533544
concat_prior_8BN6W6.pt,7,222,492,0,0,0.006679580000000003
concat_prior_XS0JTW.pt,7,467,6,0,0,0.00522092
concat_prior_PUQ9MJ.pt,7,244,199,178,32,0.005465200000000001
concat_prior_6OFSWQ.pt,14,12,222,79,276,0.00559774
concat_prior_YDZJ8V.pt,14,20,250,510,179,0.00554362
concat_prior_WN6HAJ.pt,56,505,175,0,0,0.005122280000000002
concat_prior_US938U.pt,14,682,32,261,82,0.005534500000000001
concat_prior_60GUWR.pt,14,33,211,395,53,0.005511359999999998
concat_prior_NVBL6Y.pt,7,189,131,0,0,0.012805080000000007
concat_prior_Z8XQV2.pt,14,1014,84,0,0,0.00508006
concat_prior_402IY4.pt,7,6,152,177,1178,0.005480320000000002
concat_prior_1NYY6H.pt,28,248,167,17,1017,0.00551958
concat_prior_F9DSW5.pt,28,252,4,7,14,0.00555868
concat_prior_VFXB88.pt,56,30,82,0,0,0.005107559999999999
concat_prior_P8VD03.pt,14,128,174,0,0,0.0051045
concat_prior_95NKS3.pt,14,763,496,0,0,0.00514144
concat_prior_ELHU61.pt,14,96,227,580,257,0.005490500000000001
concat_prior_GPC9GH.pt,14,292,576,0,0,0.005108139999999999
concat_prior_VYZC7T.pt,28,494,1186,197,993,0.006112399999999999
concat_prior_GZWN3N.pt,7,134,505,0,0,0.0052156999999999985
concat_prior_J22ACE.pt,28,140,213,150,986,0.00550968
concat_prior_U69AAV.pt,28,680,140,111,100,0.00544028
concat_prior_OTP2ET.pt,56,16,493,505,0,0.0053169
concat_prior_2C4DMH.pt,56,810,977,0,0,0.005024879999999999
concat_prior_WUIV8U.pt,7,43,238,517,0,0.005399240000000002
concat_prior_O4WLS8.pt,14,45,220,175,200,0.005559600000000001
concat_prior_S8YJ4Q.pt,28,863,215,60,134,0.0054773400000000015
concat_prior_GQI437.pt,14,98,498,14,198,0.005588239999999999
concat_prior_DDG2AG.pt,56,165,208,0,0,0.005155779999999999
concat_prior_3PZZXG.pt,14,36,84,659,0,0.00538312
concat_prior_GU913M.pt,14,591,223,0,0,0.00510818
concat_prior_02WJHS.pt,14,833,443,180,61,0.0055004200000000015
concat_prior_LA7G2T.pt,7,466,821,516,243,0.00555338
concat_prior_C2G94X.pt,28,55,834,0,0,0.00513828
concat_prior_QNYD9W.pt,28,75,1114,77,0,0.00530998
concat_prior_4HH5K2.pt,14,527,135,187,142,0.005599000000000001
concat_prior_ENVTYG.pt,7,50,267,1928,0,0.005295400000000001
concat_prior_KOSFQD.pt,7,1954,502,92,541,0.005505700000000002
concat_prior_WUTFGX.pt,28,809,33,0,0,0.005168140000000001
concat_prior_JVSRO9.pt,7,188,134,0,0,0.005148560000000001
concat_prior_3XDUEO.pt,14,520,185,515,208,0.00547484
concat_prior_AGYBCY.pt,7,496,176,0,0,0.005087339999999999
concat_prior_CKJNCY.pt,56,1148,121,591,447,0.00552244
concat_prior_NSD7JF.pt,28,174,225,0,0,0.005139600000000001
concat_prior_MIRESQ.pt,7,40,934,148,0,0.0053270800000000005
concat_prior_D1UTHD.pt,14,469,114,0,0,0.00529806
concat_prior_U3TNCK.pt,28,10,204,0,0,0.005207460000000001
concat_prior_A8OLYS.pt,28,273,283,235,81,0.005516280000000001
concat_prior_YT5YQH.pt,28,451,202,0,0,0.005091439999999999
concat_prior_OWB3SN.pt,14,255,214,1490,174,0.005530400000000001
concat_prior_W7CBWO.pt,56,467,8,852,137,0.005429980000000001
concat_prior_FZEJU5.pt,28,264,221,427,167,0.005527280000000001
concat_prior_R6ISB1.pt,14,62,173,169,0,0.005311559999999998
concat_prior_LR33Q0.pt,56,102,122,30,178,0.0054376
concat_prior_51MDRO.pt,7,111,113,0,0,0.006570100000000002
concat_prior_DKJ7BL.pt,7,105,539,0,0,0.005231839999999998
concat_prior_OEUVPC.pt,14,129,203,1005,96,0.005488299999999998
concat_prior_MA6M90.pt,28,830,270,977,224,0.0055147400000000015
concat_prior_6AHUJM.pt,14,154,514,6,2099,0.0055118200000000015
concat_prior_EG8FXE.pt,7,145,409,21,0,0.005298980000000002
concat_prior_44DGET.pt,7,123,43,0,0,0.005220379999999999
concat_prior_Z7TSAG.pt,14,76,268,0,0,0.005160919999999998
concat_prior_6L110P.pt,14,255,26,149,0,0.005307800000000002
concat_prior_F77KN3.pt,14,1998,210,137,19,0.005544340000000001
concat_prior_5C9JKU.pt,14,80,242,96,138,0.005540999999999999
concat_prior_RSXXF5.pt,7,29,228,862,137,0.005466459999999999
concat_prior_XAL7KH.pt,7,779,171,411,775,0.005471940000000001
concat_prior_9M5IGX.pt,28,1030,440,0,0,0.005099719999999999
concat_prior_01RJ00.pt,7,190,45,0,0,0.005776119999999998
concat_prior_R3742T.pt,14,759,96,62,127,0.005529900000000001
concat_prior_LY0N9D.pt,14,506,153,223,216,0.005485180000000001
concat_prior_PRHRZ3.pt,56,191,58,255,400,0.0054616000000000005
concat_prior_KFDDGD.pt,7,506,101,0,0,0.005233519999999999
concat_prior_Z7A6BN.pt,14,213,3,1166,0,0.00528324
concat_prior_J3DUHN.pt,14,124,88,0,0,0.00508748
concat_prior_J591LK.pt,28,88,678,0,0,0.005140620000000001
concat_prior_A3JF3I.pt,28,19,11,164,0,0.00534782
concat_prior_UZDJ4Z.pt,28,115,172,991,974,0.005445980000000002
concat_prior_F20FMD.pt,14,63,173,0,0,0.005140379999999999
concat_prior_P8YDUN.pt,56,701,421,0,0,0.005201340000000001
concat_prior_DZPY00.pt,14,173,989,0,0,0.00513562
concat_prior_CUF1VW.pt,14,509,815,111,517,0.005460560000000001
concat_prior_35T9Y0.pt,7,179,774,35,0,0.00529196
concat_prior_3W5ZNH.pt,14,540,474,0,0,0.005155259999999999
concat_prior_7YJ9PR.pt,28,248,1416,2049,89,0.005508820000000001
concat_prior_32GLNG.pt,7,758,312,0,0,0.005213080000000001
concat_prior_ZD8KIU.pt,7,194,240,178,1873,0.0055084
concat_prior_JHOY81.pt,14,124,167,592,129,0.005471159999999999
concat_prior_NJEIAB.pt,14,147,524,265,490,0.005388060000000003
concat_prior_ZV88Q2.pt,28,232,192,145,211,0.0055066599999999966
concat_prior_MDQOHW.pt,14,87,496,13,1142,0.005478039999999998
concat_prior_200XCG.pt,7,213,140,204,158,0.005467640000000001
concat_prior_Z23CYU.pt,14,131,255,610,463,0.00544238
concat_prior_LQSRFB.pt,56,496,162,119,147,0.005468099999999998
concat_prior_NFADZB.pt,28,236,213,143,671,0.005504279999999999
concat_prior_4Z7QPH.pt,14,988,246,111,967,0.005655960000000001
concat_prior_CL2VS6.pt,28,185,215,0,0,0.00526256
concat_prior_62V8KX.pt,14,104,1746,0,0,0.00509558
concat_prior_CWW4QA.pt,28,64,218,520,0,0.005306260000000002
concat_prior_VRS5JM.pt,28,194,152,1000,0,0.00549026
concat_prior_WK0083.pt,14,696,22,95,0,0.005454920000000002
concat_prior_FHCU3A.pt,7,140,157,15,0,0.007114099999999999
concat_prior_TKQ0Y4.pt,14,20,57,28,151,0.00554174
concat_prior_D9MBTP.pt,14,1158,504,988,810,0.005539919999999999
concat_prior_7LONHH.pt,28,80,1439,174,172,0.005481360000000001
concat_prior_8MNB53.pt,14,826,2110,52,18,0.005623079999999999
concat_prior_AXAHSS.pt,7,26,164,47,177,0.005480919999999999
concat_prior_REBIYH.pt,28,77,498,118,22,0.005539520000000001
concat_prior_A65S2V.pt,7,54,452,0,0,0.005466859999999998
concat_prior_0PFKLH.pt,28,60,212,171,174,0.005476659999999999
concat_prior_PDT7Q3.pt,7,57,178,233,187,0.00556212
concat_prior_2WZWQF.pt,14,171,238,520,0,0.005311860000000001
concat_prior_ETQF78.pt,14,652,1009,53,33,0.00545936
concat_prior_KVBG1M.pt,56,26,117,209,0,0.0053545599999999995
concat_prior_85X3SA.pt,7,333,92,495,181,0.0054614200000000016
concat_prior_X5H9SQ.pt,56,417,101,205,175,0.00544028
concat_prior_TT60EN.pt,14,1018,149,105,277,0.00545412
concat_prior_2O3K0D.pt,56,82,94,803,123,0.005467840000000001
concat_prior_SHR3LS.pt,7,64,521,532,37,0.00555542
concat_prior_OJ9F7L.pt,14,52,527,0,0,0.005145040000000001
concat_prior_37TJI0.pt,7,697,501,0,0,0.005234600000000001
concat_prior_7U6CNU.pt,14,117,258,759,534,0.005562100000000001
concat_prior_SUPNSN.pt,56,155,503,166,98,0.005494740000000001
concat_prior_DYRV5M.pt,56,13,66,0,0,0.005101160000000001
concat_prior_3EL21V.pt,7,206,219,229,0,0.00549326
concat_prior_L6RQTB.pt,14,21,1055,22,1118,0.0054579599999999995
concat_prior_9C3EIB.pt,56,509,272,0,0,0.0050728399999999995
concat_prior_CWF0WT.pt,56,401,506,616,0,0.005372760000000002
concat_prior_GK7KTZ.pt,56,215,140,0,0,0.005112119999999999
concat_prior_RIXU29.pt,14,692,67,0,0,0.005105179999999999
concat_prior_1RX99W.pt,28,320,107,0,0,0.0051369
concat_prior_KAC7ED.pt,28,35,110,0,0,0.005272540000000001
concat_prior_8NJIXG.pt,14,509,251,110,0,0.00528264
concat_prior_17R94T.pt,7,494,2033,0,0,0.0050685999999999995
concat_prior_XO0QQ8.pt,28,89,447,0,0,0.005078800000000001
concat_prior_SU5Z8T.pt,28,97,529,147,0,0.005357820000000002
concat_prior_Z6ZISZ.pt,14,4,834,821,208,0.0054349
concat_prior_3L0Z6G.pt,7,39,8,491,64,0.005616559999999998
concat_prior_EOL3E4.pt,7,212,159,243,0,0.005337659999999999
concat_prior_L1BUZO.pt,14,96,976,0,0,0.0050804
concat_prior_KQ21R7.pt,28,5,58,0,0,0.0051513
concat_prior_9R7DIL.pt,28,107,218,149,244,0.005588199999999999
concat_prior_SB0YTV.pt,28,4,961,268,535,0.0054365
concat_prior_2KCAXB.pt,14,55,25,483,0,0.0053570000000000015
concat_prior_5DIX5W.pt,14,449,48,0,0,0.005106459999999999
concat_prior_NXLD31.pt,14,2024,500,76,0,0.0053101799999999985
concat_prior_3PUJ8G.pt,7,255,513,165,0,0.005379680000000001
concat_prior_GSHCSB.pt,14,242,1371,669,0,0.0053155599999999996
concat_prior_CT1WME.pt,14,82,239,0,0,0.005243339999999997
concat_prior_4B1PH0.pt,14,43,532,14,0,0.005406939999999999
concat_prior_XDP7QI.pt,14,136,113,112,811,0.005471899999999999
concat_prior_17BMWJ.pt,28,118,268,0,0,0.005136919999999998
concat_prior_TYEQZI.pt,28,214,40,164,9,0.005499379999999999
concat_prior_8G4KUQ.pt,28,72,466,0,0,0.005081639999999999
concat_prior_85UDRN.pt,56,35,67,221,19,0.005500179999999999
concat_prior_JFMHQX.pt,7,122,254,0,0,0.00711728
concat_prior_D92P4S.pt,7,760,513,0,0,0.00511092
concat_prior_GVRLPU.pt,14,499,1010,522,481,0.005462579999999999
concat_prior_NB38NM.pt,14,130,208,1008,1015,0.005537940000000002
concat_prior_FSS0SR.pt,28,827,190,0,0,0.005311740000000001
concat_prior_2BSVTH.pt,28,425,499,0,0,0.005068719999999999
concat_prior_65XJB5.pt,56,72,214,0,0,0.005192500000000001
concat_prior_YJB2OS.pt,7,164,1022,1952,0,0.0053165400000000015
concat_prior_3FXHHI.pt,14,494,488,535,193,0.005483320000000001
concat_prior_AKC7N7.pt,7,74,82,546,0,0.005362080000000002
concat_prior_OTCJAV.pt,14,140,11,0,0,0.0050569399999999985
concat_prior_EB1P37.pt,14,509,270,578,470,0.00548572
concat_prior_6Z31E6.pt,7,243,86,49,0,0.005712739999999998
concat_prior_I6F7H4.pt,28,2150,134,109,0,0.005316919999999999
concat_prior_NKDS7Y.pt,14,1989,933,149,7,0.0054876000000000005
concat_prior_OT2GBO.pt,14,139,150,47,0,0.005321179999999998
concat_prior_ZO4PNF.pt,7,1015,176,0,0,0.00511178
concat_prior_6XTL4H.pt,14,150,481,500,272,0.005464039999999998
concat_prior_9GSLVC.pt,14,268,242,525,148,0.005518639999999999
concat_prior_LTFDQC.pt,28,995,177,485,0,0.005426740000000001
concat_prior_6WFVAR.pt,7,558,193,36,84,0.005462980000000002
concat_prior_S8J5A9.pt,7,177,151,0,0,0.005074500000000001
concat_prior_HMY04V.pt,14,220,32,0,0,0.005102399999999999
concat_prior_UIT3VF.pt,14,1416,133,1061,0,0.005254379999999999
concat_prior_WZVIUH.pt,28,117,121,228,100,0.0054681
concat_prior_G4LUKG.pt,56,16,426,0,0,0.005138259999999999
concat_prior_PWRU18.pt,14,9,514,16,0,0.00535776
concat_prior_0SMORQ.pt,7,790,476,14,598,0.005549340000000001
concat_prior_QJN186.pt,7,253,265,62,0,0.0053735
concat_prior_9WSOU2.pt,28,502,95,198,0,0.0053823399999999985
concat_prior_AOPCD4.pt,14,399,268,0,0,0.005089759999999999
concat_prior_F0ESJV.pt,7,312,150,0,0,0.005217619999999999
concat_prior_NGQ541.pt,7,506,420,0,0,0.005276659999999999
concat_prior_YW97SY.pt,14,468,155,0,0,0.005122040000000001
concat_prior_3UV238.pt,14,89,105,202,0,0.00541166
concat_prior_NTKE7M.pt,56,179,483,0,0,0.0051180800000000005
concat_prior_LCEMB3.pt,14,288,191,0,0,0.0050948799999999995
concat_prior_CUI4LJ.pt,14,170,1777,152,0,0.005299919999999998
concat_prior_2ITL3J.pt,14,6,492,64,0,0.00535936
concat_prior_ORL7BM.pt,56,258,240,0,0,0.005077759999999999
concat_prior_D6P8AR.pt,7,91,1027,175,510,0.0054867200000000005
concat_prior_7TDRCY.pt,7,194,20,1243,202,0.005631039999999999
concat_prior_NCXS0P.pt,14,1010,195,187,0,0.005382820000000002
concat_prior_FNR8UD.pt,28,264,203,0,0,0.005103139999999999
concat_prior_LT5QWU.pt,14,20,790,0,0,0.005107419999999998
concat_prior_FQBXPU.pt,28,536,1268,528,0,0.00529138
concat_prior_K50MSV.pt,56,61,267,1020,47,0.0054608400000000015
concat_prior_DDO3JO.pt,56,46,567,491,0,0.005246660000000001
concat_prior_DSE1D8.pt,14,45,105,1000,512,0.005508279999999999
concat_prior_08QEJ4.pt,28,34,249,1968,144,0.005451520000000002
concat_prior_J36A6Y.pt,28,270,680,124,0,0.005327459999999998
concat_prior_0Z8WZJ.pt,14,79,9,0,0,0.00506124
concat_prior_ZFIVJI.pt,56,509,534,0,0,0.0052005800000000015
concat_prior_OYRLZ9.pt,14,168,492,0,0,0.005089419999999999
concat_prior_6I6WZS.pt,28,810,228,179,149,0.005934759999999999
concat_prior_LTIUNI.pt,7,410,1182,31,73,0.005511940000000001
concat_prior_DKXY83.pt,14,547,511,764,546,0.00543056
concat_prior_VSWZXT.pt,7,245,986,0,0,0.005105099999999999
concat_prior_O6FZTB.pt,14,129,116,0,0,0.00507882
concat_prior_S30JWZ.pt,7,822,799,0,0,0.0050991
concat_prior_X1IF4P.pt,14,255,232,0,0,0.005132200000000001
concat_prior_4AMRN4.pt,14,162,55,0,0,0.00509568
concat_prior_9O50JT.pt,7,512,15,0,0,0.005161599999999999
concat_prior_2AD8QR.pt,14,33,83,0,0,0.011454099999999998
concat_prior_NF4GET.pt,28,117,1302,59,183,0.0054927599999999984
concat_prior_96T6DM.pt,14,815,1011,0,0,0.0051002999999999995
concat_prior_KPDNIJ.pt,14,1806,244,0,0,0.0051326
concat_prior_EM8ARC.pt,14,149,521,428,257,0.005459280000000002
concat_prior_QYKURG.pt,14,512,420,127,168,0.0055090799999999995
concat_prior_Y9DQ8L.pt,7,138,152,0,0,0.00673586
concat_prior_Y8NJGE.pt,14,88,122,120,67,0.005482400000000001
concat_prior_TKNDS7.pt,14,1656,207,48,0,0.00524812
concat_prior_DI3DQI.pt,56,2116,244,510,682,0.005449240000000001
concat_prior_B4YUAA.pt,7,130,32,0,0,0.0051652
concat_prior_UK27MN.pt,7,28,159,0,0,0.005217979999999999
concat_prior_JMCS76.pt,14,561,129,526,1671,0.0056511
concat_prior_R5U7DU.pt,14,126,71,475,168,0.005592459999999998
concat_prior_XV66ZX.pt,14,1008,118,0,0,0.0051847399999999984
concat_prior_CJK4A4.pt,14,30,242,215,83,0.005559419999999999
concat_prior_2LJSLP.pt,14,1143,455,1440,0,0.005407299999999999
concat_prior_6EBTIM.pt,14,113,1012,151,101,0.00561286
concat_prior_J6P2CX.pt,7,155,102,0,0,0.015607679999999999
concat_prior_52T262.pt,14,106,120,494,0,0.005307899999999999
concat_prior_9DVLGT.pt,14,146,4,0,0,0.00508096
concat_prior_QG8CQ9.pt,56,156,965,0,0,0.005063520000000001
concat_prior_33AD74.pt,14,120,138,0,0,0.005082400000000002
concat_prior_HII002.pt,14,82,287,32,829,0.00547692
concat_prior_30TSB1.pt,28,47,216,0,0,0.005066840000000001
concat_prior_9S7EIK.pt,56,514,136,0,0,0.00512514
concat_prior_EP5JY7.pt,7,167,2057,0,0,0.005136459999999999
concat_prior_QG06Q0.pt,56,1951,129,0,0,0.005076320000000002
concat_prior_0KAI6A.pt,7,50,1138,403,0,0.005323479999999999
concat_prior_W00RG1.pt,28,130,15,176,0,0.00538544
concat_prior_A1BCYG.pt,7,50,150,2071,0,0.00530378
concat_prior_17VODL.pt,28,149,531,0,0,0.005116439999999999
concat_prior_1UCPRD.pt,56,535,240,15,211,0.0054450600000000016
concat_prior_580B0W.pt,7,9,133,515,439,0.006008380000000001
concat_prior_B8KC3I.pt,56,799,444,258,252,0.005457960000000001
concat_prior_XJYIIH.pt,7,224,973,53,191,0.0056457
concat_prior_HH70AY.pt,7,63,462,212,674,0.005482079999999999
concat_prior_L9CKNU.pt,56,862,300,0,0,0.00509944
concat_prior_4WKPF0.pt,28,500,531,0,0,0.005198539999999999
concat_prior_ZGO23F.pt,14,846,42,0,0,0.00511382
concat_prior_PB3QU2.pt,14,507,255,73,111,0.00555334
concat_prior_HXT4DO.pt,28,73,58,50,150,0.00543404
concat_prior_W61UTJ.pt,7,1042,54,0,0,0.005061580000000002
concat_prior_LWKHE1.pt,56,256,140,157,495,0.005461760000000001
concat_prior_6HDFHF.pt,7,231,65,0,0,0.005106819999999999
concat_prior_QRIJZN.pt,28,511,493,94,71,0.00543422
concat_prior_16QCHV.pt,7,1006,146,223,0,0.005360159999999999
concat_prior_RN2VMU.pt,14,493,1740,181,504,0.005613399999999999
concat_prior_4EP8MX.pt,14,34,88,245,0,0.005295000000000002
concat_prior_XXXG7U.pt,7,256,76,66,153,0.005472639999999998
concat_prior_QI92YJ.pt,14,83,143,0,0,0.005063660000000001
concat_prior_QB7ON8.pt,14,531,407,259,412,0.00548022
concat_prior_5VLCHQ.pt,14,59,148,0,0,0.005056779999999999
concat_prior_HAJC2F.pt,14,34,1194,8,0,0.00532272
concat_prior_SJNXYK.pt,14,528,239,54,171,0.005450920000000001
concat_prior_OGSH4A.pt,14,286,2030,0,0,0.00514958
concat_prior_9VZ9IR.pt,7,83,171,34,0,0.00958692
concat_prior_CYZ6CO.pt,7,204,154,14,0,0.00528606
concat_prior_UP5SCP.pt,56,29,34,0,0,0.005076420000000001
concat_prior_MOOOBT.pt,56,524,516,0,0,0.00516294
concat_prior_J23IIJ.pt,28,488,403,0,0,0.00509614
concat_prior_BY6WXE.pt,56,1778,451,0,0,0.005235040000000001
concat_prior_ZFB1RF.pt,14,16,186,151,158,0.00546164
concat_prior_QB9BP5.pt,28,108,1257,62,0,0.0053148399999999995
concat_prior_37RNLM.pt,56,536,296,818,239,0.005465479999999999
concat_prior_HVREYF.pt,28,39,233,1021,1109,0.0054655799999999985
concat_prior_SFHJNV.pt,28,238,856,0,0,0.005108359999999998
concat_prior_ZOLCTH.pt,7,138,200,0,0,0.005213680000000001
concat_prior_CQN9WZ.pt,56,536,269,419,164,0.005429179999999999
concat_prior_379NSB.pt,56,255,208,0,0,0.005130080000000002
concat_prior_8V0BWV.pt,14,1911,63,102,0,0.005243339999999998
concat_prior_ZXUICV.pt,14,67,423,1175,0,0.005261900000000002
concat_prior_PXSIOY.pt,28,72,153,529,113,0.00546736
concat_prior_CTN8A2.pt,56,78,32,0,0,0.00521822
concat_prior_1O5I50.pt,56,862,14,0,0,0.005117479999999999
concat_prior_7L5XY9.pt,7,158,58,244,143,0.005496360000000002
concat_prior_YNN9Q2.pt,28,235,247,0,0,0.00507162
concat_prior_4UM1VP.pt,14,213,97,0,0,0.0051122
concat_prior_OXUHFR.pt,28,92,151,47,140,0.00548636
concat_prior_4ATNC6.pt,7,429,475,263,0,0.005376519999999999
concat_prior_GEQC7O.pt,14,203,27,0,0,0.00510786
concat_prior_49H1IG.pt,14,488,200,0,0,0.00510238
concat_prior_0EGUGS.pt,56,303,1186,0,0,0.0051427
concat_prior_PZWHV2.pt,14,493,147,0,0,0.0051128
concat_prior_053TZD.pt,28,454,148,0,0,0.005167859999999999
concat_prior_GDTCFH.pt,28,174,70,514,678,0.005505220000000001
concat_prior_XIHOY0.pt,14,156,223,0,0,0.005134259999999999
concat_prior_343QG1.pt,56,3,991,201,807,0.0054907199999999975
concat_prior_H7Z7J4.pt,14,27,18,931,977,0.0055837
concat_prior_KXVQ8Q.pt,7,532,213,1291,0,0.0054073
concat_prior_V2JW99.pt,7,29,1249,1002,532,0.00556096
concat_prior_LVQP34.pt,14,1009,38,78,0,0.005451840000000001
concat_prior_Y6DCF7.pt,7,168,125,0,0,0.00512926
concat_prior_F21M77.pt,28,93,98,1577,141,0.00548966
concat_prior_FMF9U8.pt,14,111,2009,698,470,0.00563544
concat_prior_39J43L.pt,14,785,254,0,0,0.00514268
concat_prior_XTZXR1.pt,28,126,263,0,0,0.00508284
concat_prior_6DBMXS.pt,28,163,206,269,0,0.00531202
concat_prior_S2L3IM.pt,14,136,63,0,0,0.0050998
concat_prior_C1BMPQ.pt,56,18,194,0,0,0.005124980000000001
concat_prior_2HD3YE.pt,14,243,137,203,4,0.005483199999999998
concat_prior_EB1GSV.pt,28,841,128,103,0,0.005359020000000001
concat_prior_05AJV5.pt,56,191,67,0,0,0.005129340000000002
concat_prior_DTT8EL.pt,56,12,211,7,0,0.005340199999999998
concat_prior_DI447Z.pt,7,62,16,231,233,0.005603720000000002
concat_prior_JLV80I.pt,14,503,207,0,0,0.005149559999999998
concat_prior_CZ8M0C.pt,7,41,205,198,2017,0.005564219999999998
concat_prior_KQ0MM9.pt,28,265,50,0,0,0.005638379999999999
concat_prior_OG80CZ.pt,14,159,28,0,0,0.0051124000000000005
concat_prior_8UXQLI.pt,28,332,104,0,0,0.0051093
concat_prior_DNF274.pt,7,198,145,417,0,0.0053453
concat_prior_0RRLQY.pt,14,1646,121,223,890,0.0055588
concat_prior_ELVOG0.pt,56,139,168,50,197,0.00555392
concat_prior_DPOWM4.pt,7,474,267,2066,138,0.00546172
concat_prior_B7SUX8.pt,28,519,517,71,148,0.00550806
concat_prior_ED00AZ.pt,56,1541,139,0,0,0.005111740000000001
concat_prior_E9M0EW.pt,56,260,128,30,55,0.005534919999999999
concat_prior_GZCR53.pt,14,855,61,541,33,0.005456460000000001
concat_prior_7ES2YN.pt,28,140,125,0,0,0.00506764
concat_prior_F6RZKA.pt,56,4,968,538,0,0.005306300000000002
concat_prior_F23D08.pt,56,15,28,1305,70,0.005452659999999999
concat_prior_0TKPYH.pt,14,127,223,0,0,0.00515074
concat_prior_LC5LX9.pt,7,210,50,155,134,0.0055174199999999994
concat_prior_XHYB5D.pt,28,260,2126,11,0,0.0053329799999999985
concat_prior_7HJ190.pt,14,198,110,205,234,0.005559779999999999
concat_prior_NFNN3K.pt,7,143,232,0,0,0.012062859999999998
concat_prior_IVBHR8.pt,14,144,110,128,0,0.005252840000000001
concat_prior_VE061C.pt,7,77,509,196,567,0.005533919999999999
concat_prior_6DUIRZ.pt,14,94,73,100,0,0.0052711999999999985
concat_prior_J0LRA2.pt,56,540,140,0,0,0.00509812
concat_prior_ROYI98.pt,56,282,199,0,0,0.00514862
concat_prior_8VUYJY.pt,14,7,120,0,0,0.00507576
concat_prior_J9SF6F.pt,14,851,673,46,111,0.005426000000000001
concat_prior_IE3VR0.pt,14,767,1022,0,0,0.00505726
concat_prior_X7GTF7.pt,14,499,227,0,0,0.005076239999999999
concat_prior_7YEKJC.pt,14,159,3,0,0,0.00506226
concat_prior_BF34SO.pt,7,103,178,0,0,0.00956422
concat_prior_SX5IVA.pt,14,169,541,741,0,0.005277799999999999
concat_prior_O7LKSP.pt,14,2048,25,0,0,0.00509194
concat_prior_9TSNU1.pt,28,1008,768,0,0,0.005264960000000001
concat_prior_891FOR.pt,28,1296,2010,772,0,0.005242180000000001
concat_prior_JTG9SK.pt,56,245,132,791,245,0.00543186
concat_prior_LHPFX3.pt,14,503,1509,38,152,0.005522359999999999
concat_prior_9F8H25.pt,56,192,85,7,0,0.00532158
concat_prior_66CEX7.pt,28,468,131,5,0,0.0052834000000000015
concat_prior_LI475R.pt,14,118,252,71,511,0.00547494
concat_prior_6R7U1F.pt,28,24,575,36,137,0.005471519999999997
concat_prior_T3Z1I7.pt,7,1012,1048,0,0,0.00514236
concat_prior_QC4LUJ.pt,28,174,66,8,477,0.005593020000000001
concat_prior_ZELQDI.pt,56,41,147,207,0,0.00525874
concat_prior_Y9F3M1.pt,14,1139,443,1370,132,0.005508340000000001
concat_prior_G7AJFA.pt,28,671,61,1050,0,0.0052964799999999975
concat_prior_GKLEW2.pt,56,93,219,50,53,0.005515740000000002
concat_prior_GKSA2C.pt,28,70,1637,97,61,0.00557708
concat_prior_CM70MF.pt,14,429,1386,0,0,0.00509538
concat_prior_REWZ38.pt,56,494,653,0,0,0.005020859999999999
concat_prior_Z3ZC8T.pt,56,801,141,118,122,0.005442139999999999
concat_prior_PERDGI.pt,14,116,119,0,0,0.005103820000000001
concat_prior_WMSTYO.pt,7,701,100,64,40,0.005460940000000001
concat_prior_ES7328.pt,14,88,126,978,233,0.005454480000000001
concat_prior_JXEL3A.pt,7,261,1000,0,0,0.0051409199999999985
concat_prior_8TCFJE.pt,7,162,297,0,0,0.005131720000000002
concat_prior_WC0AT0.pt,14,576,11,1379,164,0.00544914
concat_prior_VJ9Z3C.pt,14,113,500,0,0,0.00508904
concat_prior_N91GKN.pt,56,35,12,211,8,0.0055008999999999995
concat_prior_QYGJBO.pt,28,131,84,38,150,0.03377786
concat_prior_SBOIIY.pt,28,267,513,0,0,0.005111760000000001
concat_prior_EPQB3Z.pt,28,121,452,52,163,0.005549099999999998
concat_prior_RMCN9P.pt,7,245,65,55,200,0.005464779999999998
concat_prior_JIUXUX.pt,28,792,262,1009,395,0.00544538
concat_prior_8M4Y65.pt,7,248,504,142,423,0.00547568
concat_prior_AR30E0.pt,28,842,511,0,0,0.005261499999999998
concat_prior_PPAK78.pt,14,95,83,0,0,0.005153920000000002
concat_prior_X33TDH.pt,28,266,182,0,0,0.005083959999999999
concat_prior_WURE6B.pt,14,71,820,266,74,0.0054518
concat_prior_BW0PEH.pt,14,70,184,642,0,0.005315120000000001
concat_prior_7OHGMP.pt,14,2143,256,533,255,0.005514740000000001
concat_prior_5LZZP0.pt,7,174,153,106,107,0.005415700000000001
concat_prior_EKLEQQ.pt,7,75,139,111,0,0.005337840000000002
concat_prior_LH72BN.pt,7,110,7,515,0,0.005348439999999999
concat_prior_LW2W6S.pt,28,191,854,55,0,0.0054294600000000005
concat_prior_1HLIX8.pt,14,465,183,0,0,0.005118500000000001
concat_prior_OSM1R6.pt,7,142,31,43,51,0.0054890799999999995
concat_prior_8SO4EN.pt,14,12,432,0,0,0.005089840000000001
concat_prior_DL544Z.pt,28,85,141,168,0,0.005270219999999999
concat_prior_QC6597.pt,7,171,12,1183,415,0.005471440000000002
concat_prior_QL65CO.pt,28,513,407,20,0,0.005357779999999999
concat_prior_Q498M2.pt,14,264,104,788,1016,0.005438759999999997
concat_prior_QHXNPF.pt,14,83,297,771,89,0.005481440000000001
concat_prior_QPF7L7.pt,28,64,134,0,0,0.005077499999999998
concat_prior_XCUYV5.pt,14,325,92,33,0,0.005322920000000001
concat_prior_FP4XSI.pt,7,140,1057,0,0,0.005208460000000001
concat_prior_LBRA8G.pt,14,142,2107,0,0,0.00507796
concat_prior_KA2PNA.pt,7,31,504,0,0,0.011873019999999998
concat_prior_7TAN3Z.pt,7,179,24,0,0,0.009931920000000002
concat_prior_IK7SF7.pt,14,2012,223,672,58,0.005696819999999998
concat_prior_MVNTMR.pt,56,515,209,83,76,0.005406000000000002
concat_prior_5TDC7S.pt,7,499,212,446,0,0.005868459999999999
concat_prior_MHV2NV.pt,7,224,682,0,0,0.00582002
concat_prior_UA0UBA.pt,7,251,142,0,0,0.007630059999999998
concat_prior_WELJOO.pt,28,153,265,0,0,0.005153240000000001
concat_prior_K0FP0X.pt,28,694,263,175,0,0.005292220000000001
concat_prior_5ID3FB.pt,14,2000,540,1064,498,0.0055274600000000005
concat_prior_KBTST3.pt,7,146,26,0,0,0.00533248
concat_prior_O9IQG5.pt,56,529,242,561,526,0.0056469599999999995
concat_prior_1KTRT0.pt,28,52,14,82,688,0.005504719999999999
concat_prior_8ZSYGX.pt,7,552,250,197,0,0.005351340000000001
concat_prior_P0WN6E.pt,14,266,1029,0,0,0.005070399999999999
concat_prior_QF65OT.pt,28,489,57,5,0,0.0058007399999999995
concat_prior_D5SD3M.pt,7,1666,1861,385,118,0.00604752
concat_prior_X7WEKX.pt,14,349,13,1026,34,0.005533519999999998
concat_prior_E8YVMT.pt,14,183,172,0,0,0.005198559999999999
concat_prior_4W4P52.pt,7,802,983,986,86,0.005972079999999999
concat_prior_B37PVV.pt,56,161,127,15,139,0.00545552
concat_prior_U9XIZX.pt,14,253,161,0,0,0.005105620000000001
concat_prior_HLQ3OJ.pt,28,1008,119,0,0,0.00509822
concat_prior_IJCCEH.pt,7,6,20,0,0,0.005190720000000001
concat_prior_FBI41X.pt,7,1275,130,128,811,0.00547058
concat_prior_EP046S.pt,14,793,511,218,0,0.00533514
concat_prior_P1XZZA.pt,14,938,112,1021,232,0.005480879999999998
concat_prior_W8ZOGW.pt,14,513,135,221,491,0.005455159999999999
concat_prior_LNBEG6.pt,28,955,17,1261,626,0.0054826200000000005
concat_prior_Y5G2ZZ.pt,14,503,590,0,0,0.00507928
concat_prior_VFGR1G.pt,7,203,1164,207,129,0.0054791000000000015
concat_prior_PWX95Q.pt,14,133,188,0,0,0.0051766999999999985
concat_prior_O0MBGW.pt,56,452,96,321,186,0.005455
concat_prior_29AF3D.pt,14,125,125,0,0,0.005081159999999998
concat_prior_7D8YCW.pt,56,212,456,540,0,0.00539804
concat_prior_T7LX6K.pt,14,839,395,834,173,0.005433179999999999
concat_prior_V37XWU.pt,56,510,124,493,168,0.005707000000000001
concat_prior_W3Q7C3.pt,7,140,5,101,214,0.005487500000000002
concat_prior_C8QBA9.pt,14,89,69,0,0,0.0050658199999999995
concat_prior_EJEWGM.pt,14,494,22,115,1022,0.005416640000000001
concat_prior_BQW7YZ.pt,14,18,47,123,0,0.005233720000000002
concat_prior_K2IBGY.pt,56,134,495,237,0,0.00523944
concat_prior_FYN9SD.pt,7,881,116,0,0,0.00515162
concat_prior_H9US84.pt,28,423,141,0,0,0.005127779999999999
concat_prior_TQWW8R.pt,14,8,4,64,150,0.00550742
concat_prior_FPQG1X.pt,14,88,138,1941,0,0.005298819999999999
concat_prior_2LS3YV.pt,7,419,2006,0,0,0.00512364
concat_prior_XTIWWK.pt,7,1239,440,551,231,0.005522820000000001
concat_prior_RWCU3J.pt,28,188,215,111,229,0.005548280000000001
concat_prior_C80CJS.pt,7,225,94,171,0,0.005369299999999999
concat_prior_Q6VZ3Y.pt,56,204,856,137,24,0.005430179999999999
concat_prior_AOVFMU.pt,14,411,69,0,0,0.005260280000000002
concat_prior_MXEMLH.pt,56,23,808,165,773,0.005363780000000001
concat_prior_28XNA6.pt,28,1002,866,538,179,0.005612080000000002
concat_prior_SYT4UC.pt,14,501,487,0,0,0.00512814
concat_prior_SI4ESK.pt,7,8,168,224,66,0.00545496
concat_prior_KM2NU4.pt,14,993,103,0,0,0.005065699999999999
concat_prior_8FSR1X.pt,28,129,31,8,52,0.005461119999999999
concat_prior_3FR8NR.pt,14,107,32,0,0,0.005059320000000002
concat_prior_5IM01O.pt,14,62,385,0,0,0.0051002600000000006
concat_prior_IRWBVU.pt,7,81,443,0,0,0.005104620000000001
concat_prior_Z5379K.pt,14,118,131,135,95,0.0054446799999999995
concat_prior_3CH8LG.pt,7,190,29,135,0,0.00533358
concat_prior_4VHKJ4.pt,28,41,512,208,79,0.005523820000000001
concat_prior_UGI1LK.pt,28,49,504,993,93,0.005463500000000001
concat_prior_C3ESKI.pt,14,264,99,9,125,0.005535120000000001
concat_prior_XVK7GO.pt,14,171,89,1868,262,0.0054606800000000025
concat_prior_F5OYT4.pt,14,294,204,0,0,0.005136740000000002
concat_prior_KSONEP.pt,14,29,510,0,0,0.00518374
concat_prior_6Q097K.pt,7,70,98,494,156,0.005444719999999999
concat_prior_ADXBJT.pt,7,251,73,209,1171,0.005804419999999998
concat_prior_OWVHJL.pt,14,73,968,29,0,0.005311
concat_prior_6XBBAX.pt,28,518,66,0,0,0.005650639999999999
concat_prior_YT8TM6.pt,14,266,13,0,0,0.005096240000000002
concat_prior_8CU0KG.pt,7,993,86,0,0,0.005115959999999999
concat_prior_SRBWKC.pt,7,245,57,0,0,0.005097460000000001
concat_prior_BIW56X.pt,28,37,6,180,0,0.005307220000000001
concat_prior_QWIYGT.pt,7,181,189,0,0,0.0051039599999999985
concat_prior_FJ2LAA.pt,7,512,194,0,0,0.005111620000000001
concat_prior_YBF5JL.pt,14,126,135,0,0,0.0050881
concat_prior_1ZWZS8.pt,14,412,158,0,0,0.0051544600000000005
concat_prior_0ECA7W.pt,28,71,95,0,0,0.005279319999999999
concat_prior_YO4NDX.pt,7,49,490,0,0,0.005145279999999999
concat_prior_3DQR4G.pt,28,19,9,156,1012,0.005473680000000001
concat_prior_HFJIEP.pt,14,141,117,16,0,0.0053230199999999995
concat_prior_84AUCY.pt,7,98,146,514,0,0.0053511800000000005
concat_prior_OZPT12.pt,28,30,171,89,512,0.00558908
concat_prior_O8A7XL.pt,14,230,26,195,0,0.005314100000000001
concat_prior_5FE4Y9.pt,28,271,858,128,244,0.00546838
concat_prior_Y4Q4XU.pt,28,608,804,54,16,0.005551319999999999
concat_prior_R7EMC4.pt,14,501,506,0,0,0.005154580000000001
concat_prior_01T5FL.pt,7,48,119,783,175,0.005556859999999999
concat_prior_6TY0I0.pt,28,228,60,1024,390,0.005516899999999999
concat_prior_2MV9YQ.pt,14,132,495,525,516,0.0054359199999999995
concat_prior_HOAT4R.pt,14,92,527,255,0,0.005312119999999999
concat_prior_B70B2Z.pt,7,114,316,0,0,0.005260100000000001
concat_prior_X6XZV4.pt,28,526,408,434,1435,0.0054364800000000005
concat_prior_58TWNM.pt,14,178,796,0,0,0.0050969399999999995
concat_prior_XPGVPF.pt,7,997,87,0,0,0.00508206
concat_prior_2HRCNI.pt,7,183,977,0,0,0.0051957
concat_prior_XLSAJT.pt,28,34,82,780,0,0.0054315000000000006
concat_prior_EPNJN7.pt,7,32,560,783,118,0.00563464
concat_prior_NXRC4U.pt,28,501,484,0,0,0.00510926
concat_prior_UVRYT9.pt,14,130,281,121,0,0.00544154
concat_prior_HTQH6F.pt,28,2017,38,871,322,0.005488739999999999
concat_prior_1S0CWE.pt,7,190,44,0,0,0.005947660000000001
concat_prior_2SNZH7.pt,7,237,42,507,0,0.0054148600000000005
concat_prior_ZB0FX0.pt,14,1022,260,0,0,0.0051474400000000005
concat_prior_PDCVE3.pt,28,116,268,232,216,0.005515159999999999
concat_prior_VTVVXS.pt,14,527,130,0,0,0.005114159999999999
concat_prior_Y3BJWG.pt,14,794,147,60,83,0.005497419999999999
concat_prior_VAP71G.pt,14,157,29,496,177,0.00549958
concat_prior_5I8JF7.pt,56,16,1007,0,0,0.005131559999999999
concat_prior_VNK59O.pt,14,216,111,202,660,0.0055133
concat_prior_LMS4Z9.pt,7,1254,472,83,0,0.005266420000000001
concat_prior_7K6W82.pt,14,473,57,385,508,0.005597799999999999
concat_prior_RC79ER.pt,28,136,774,0,0,0.005167259999999999
concat_prior_SY4MCL.pt,14,243,109,1778,0,0.005427120000000002
concat_prior_AFZSSE.pt,56,953,153,217,0,0.005314619999999999
concat_prior_F44LOQ.pt,7,199,172,498,0,0.005408279999999999
concat_prior_9X6VKX.pt,7,489,834,252,0,0.005350560000000001
concat_prior_V7B2R3.pt,56,15,402,0,0,0.005128720000000002
concat_prior_EAL1MP.pt,56,489,72,160,0,0.005281340000000001
concat_prior_0Y77BW.pt,7,105,512,149,533,0.0055010400000000004
concat_prior_A9KIWD.pt,28,507,178,1010,46,0.005521660000000001
concat_prior_ZCIVQD.pt,7,214,194,529,89,0.00547668
concat_prior_6GNZBP.pt,14,155,1890,82,540,0.005440679999999998
concat_prior_P27HNF.pt,28,519,103,518,112,0.005586440000000001
concat_prior_P6DW7N.pt,7,105,110,0,0,0.005168519999999999
concat_prior_1TUQPL.pt,14,278,857,169,218,0.0054801999999999984
concat_prior_63N182.pt,7,196,500,0,0,0.0051222
concat_prior_2MTXNE.pt,28,1016,183,0,0,0.005340619999999998
concat_prior_VTUVV8.pt,7,210,1156,179,133,0.005722259999999999
concat_prior_C9XNVN.pt,7,509,187,1017,0,0.005481400000000001
concat_prior_G08HKA.pt,14,143,555,0,0,0.00514968
concat_prior_OG2XE6.pt,28,185,1567,138,1273,0.005447800000000002
concat_prior_4CJY98.pt,56,501,845,500,196,0.00547956
concat_prior_ZUNUPW.pt,14,225,126,1036,330,0.006120420000000002
concat_prior_1QI6BT.pt,56,207,212,0,0,0.0050912399999999995
concat_prior_PR9R3V.pt,7,78,175,209,144,0.005480620000000002
concat_prior_5KO18R.pt,7,291,211,525,654,0.00553056
concat_prior_6LJB8A.pt,7,91,137,0,0,0.00511434
concat_prior_PYHO6H.pt,56,170,1014,0,0,0.00510776
concat_prior_S7G4SF.pt,56,235,488,172,524,0.0055048200000000005
concat_prior_YHAIUZ.pt,7,83,91,0,0,0.00507714
concat_prior_TWGG93.pt,56,195,42,1637,38,0.005462840000000001
concat_prior_ZLAXRO.pt,28,514,425,69,88,0.005537639999999999
concat_prior_AZA6JA.pt,56,242,188,0,0,0.005106619999999999
concat_prior_B5VPDB.pt,28,238,73,0,0,0.005118180000000001
concat_prior_2VM8OA.pt,14,959,117,0,0,0.00511422
concat_prior_LAIPU8.pt,14,539,80,218,509,0.005457359999999999
concat_prior_AAIGZB.pt,14,2013,225,0,0,0.00506728
concat_prior_ZZWQOS.pt,7,12,3,21,157,0.00547836
concat_prior_QNRFLN.pt,28,1014,245,13,0,0.005363140000000001
concat_prior_UDD7BX.pt,28,1158,500,0,0,0.005687079999999998
concat_prior_0YHB28.pt,14,151,77,1011,152,0.00546338
concat_prior_BDNU1P.pt,7,203,1135,1266,526,0.0054583800000000005
concat_prior_FVUZYH.pt,56,166,113,0,0,0.0051049
concat_prior_8D52JD.pt,14,1780,119,257,634,0.00551388
concat_prior_SFKRS4.pt,56,697,500,471,29,0.0054465799999999995
concat_prior_B41GMC.pt,56,670,77,997,245,0.005590440000000001
concat_prior_X8IUWS.pt,56,18,147,165,791,0.005479559999999999
concat_prior_5LIGUP.pt,14,842,150,0,0,0.00510294
concat_prior_QO0KUU.pt,14,37,815,0,0,0.005100659999999999
concat_prior_Y483QA.pt,28,64,267,174,98,0.00546338
concat_prior_4JGGLP.pt,14,7,134,0,0,0.011579680000000005
concat_prior_CH3DIU.pt,28,131,231,685,528,0.0054949000000000005
concat_prior_OF91ZY.pt,14,23,169,0,0,0.005052419999999999
concat_prior_CQDUQ2.pt,28,113,305,500,0,0.005378680000000001
concat_prior_4O7I5Z.pt,14,138,202,759,0,0.005314439999999999
concat_prior_3V9FF2.pt,14,171,34,0,0,0.00510548
concat_prior_ICDBBA.pt,14,116,213,25,0,0.005271260000000001
concat_prior_ZCBRGN.pt,14,15,1280,0,0,0.005097339999999999
concat_prior_693H5W.pt,28,2076,47,0,0,0.005129
concat_prior_BEOQGD.pt,28,46,230,115,0,0.005337980000000001
concat_prior_Z9KVUP.pt,14,496,489,138,132,0.005486639999999999
concat_prior_1XSI7D.pt,14,976,384,843,189,0.005471680000000001
concat_prior_O3RLPT.pt,7,200,43,47,360,0.00550918
concat_prior_OJGLRN.pt,14,34,444,30,0,0.00530528
concat_prior_UD6I4F.pt,14,667,33,532,843,0.005456300000000002
concat_prior_HTNPJF.pt,7,3,538,69,94,0.005522159999999997
concat_prior_G265BZ.pt,56,498,980,0,0,0.005105599999999999
concat_prior_BVQV96.pt,28,87,72,81,0,0.0053062399999999985
concat_prior_3W4G56.pt,28,53,70,0,0,0.0051235399999999985
concat_prior_PO1KSR.pt,14,126,536,0,0,0.00514984
concat_prior_RU9AJG.pt,14,51,100,475,529,0.005522639999999998
concat_prior_1GFRFB.pt,14,92,221,196,534,0.005524940000000002
concat_prior_L1QGBD.pt,14,269,145,155,495,0.0054677599999999995
concat_prior_Y5QR0R.pt,14,2010,1002,321,175,0.005523499999999999
concat_prior_2824AK.pt,14,206,107,0,0,0.005109079999999999
concat_prior_5DVWRX.pt,14,928,212,181,53,0.00548408
concat_prior_YYBOTN.pt,14,26,123,822,208,0.005478219999999999
concat_prior_UIRZ9J.pt,28,15,1150,0,0,0.0051230600000000005
concat_prior_XCFBCH.pt,7,991,128,0,0,0.005114160000000002
concat_prior_3RG8VE.pt,56,142,178,0,0,0.005089800000000001
concat_prior_6UIGYF.pt,7,206,60,153,2073,0.0055026400000000005
concat_prior_WHVUCN.pt,14,503,256,0,0,0.005144680000000001
concat_prior_ULKJ1U.pt,14,502,246,0,0,0.00515996
concat_prior_BNEG2Z.pt,14,332,889,494,502,0.00553032
concat_prior_H5EEQ7.pt,7,133,167,129,0,0.0071545
concat_prior_2HE0UZ.pt,14,247,516,244,0,0.00530154
concat_prior_TTTSN2.pt,28,240,163,1005,0,0.0053298999999999985
concat_prior_LUDFOX.pt,14,765,180,47,15,0.00552346
concat_prior_2U0RUJ.pt,14,116,48,0,0,0.005120779999999999
concat_prior_ZOW22X.pt,28,198,505,524,995,0.005486480000000001
concat_prior_SPYP4J.pt,14,231,977,0,0,0.00511084
concat_prior_U7GCAF.pt,28,135,1182,165,414,0.006024539999999998
concat_prior_T39YPK.pt,28,153,246,188,161,0.00547322
concat_prior_3RMA6X.pt,14,182,180,0,0,0.005115000000000001
concat_prior_06AWDK.pt,14,149,308,190,0,0.005461259999999999
concat_prior_S0746B.pt,28,178,5,0,0,0.005102
concat_prior_VMEQW8.pt,7,505,1289,0,0,0.005102219999999999
concat_prior_CO3L4L.pt,14,39,132,0,0,0.0051115200000000005
concat_prior_6TQIAU.pt,7,435,10,0,0,0.005107660000000002
concat_prior_IFVKX4.pt,7,674,240,184,39,0.0055422399999999995
concat_prior_DH0F5I.pt,7,128,150,0,0,0.005213760000000001
concat_prior_CPCVF8.pt,14,172,134,0,0,0.0051
concat_prior_7FLX82.pt,28,696,42,33,0,0.005424279999999998
concat_prior_WDBEZC.pt,7,1005,2019,0,0,0.005109399999999999
concat_prior_UBVJF1.pt,7,217,1016,194,0,0.005924999999999999
concat_prior_NN42CW.pt,56,125,210,171,0,0.005326540000000001
concat_prior_28WHP1.pt,7,1375,511,153,0,0.005330239999999999
concat_prior_PLNZGJ.pt,14,27,1140,486,13,0.005514539999999999
concat_prior_PXICRT.pt,14,109,217,0,0,0.0051112
concat_prior_K173JF.pt,14,88,53,0,0,0.005082680000000001
concat_prior_XG8WAE.pt,7,17,115,503,265,0.005452300000000002
concat_prior_CJVMJQ.pt,14,170,257,0,0,0.005311400000000001
concat_prior_3XUK2F.pt,7,149,500,0,0,0.005127239999999998
concat_prior_1FPC40.pt,56,368,1003,519,56,0.005505319999999998
concat_prior_M1NPXI.pt,56,292,535,0,0,0.00510214
concat_prior_BVY79V.pt,7,493,154,503,522,0.0056099
concat_prior_7CBA6C.pt,28,408,28,199,165,0.00566668
concat_prior_FZXOY2.pt,7,264,165,311,4,0.005525379999999999
concat_prior_SYMF9D.pt,7,77,269,0,0,0.008626259999999997
concat_prior_SY1Z9E.pt,28,103,140,0,0,0.005087459999999999
concat_prior_BSGV75.pt,56,9,172,452,0,0.005271400000000001
concat_prior_5TDS3C.pt,7,230,219,0,0,0.005092080000000001
concat_prior_XYC0OO.pt,28,16,1261,555,0,0.0053723
concat_prior_KH9MTC.pt,56,710,514,0,0,0.0050751600000000004
concat_prior_0GTB94.pt,28,145,42,495,0,0.005343539999999999
concat_prior_32VODN.pt,28,520,127,369,0,0.005312319999999999
concat_prior_Z3ADHX.pt,56,29,55,0,0,0.005084040000000001
concat_prior_H2ZASC.pt,7,162,497,449,179,0.005522119999999999
concat_prior_LS4IYL.pt,28,166,609,1337,0,0.0052838600000000005
concat_prior_PQOFO4.pt,7,15,74,0,0,0.009201560000000001
concat_prior_MK39BF.pt,7,528,67,0,0,0.005140859999999998
concat_prior_67MLE4.pt,14,134,676,29,226,0.00552718
concat_prior_77ODTO.pt,14,267,531,338,33,0.005471360000000001
concat_prior_82ACTX.pt,14,1180,247,159,517,0.005466119999999999
concat_prior_7PEPV9.pt,7,188,228,24,51,0.0054864200000000005
concat_prior_DQ1007.pt,28,490,956,0,0,0.0051163400000000005
concat_prior_S8HUFR.pt,14,168,1945,537,137,0.00552614
concat_prior_HTUDIM.pt,56,154,1016,0,0,0.005052700000000001
concat_prior_464HSK.pt,7,209,151,508,154,0.005510919999999999
concat_prior_MLEAX0.pt,14,39,161,1847,73,0.005456719999999999
concat_prior_DW6LM0.pt,28,524,128,0,0,0.00523786
concat_prior_S3CPUP.pt,56,270,38,214,0,0.005312859999999998
concat_prior_6WJYGO.pt,7,22,166,505,533,0.0054743799999999974
concat_prior_Q9JAFA.pt,14,1511,51,0,0,0.00508936
concat_prior_PR20C0.pt,7,497,998,11,191,0.005478179999999999
concat_prior_H6QS86.pt,7,535,22,32,23,0.005536219999999998
concat_prior_E6TOKR.pt,14,70,29,0,0,0.0102054
concat_prior_0CU9NQ.pt,14,490,7,1017,238,0.005411
concat_prior_8ULBOV.pt,14,168,78,41,0,0.005287459999999999
concat_prior_O4APS7.pt,56,78,9,102,138,0.005469300000000002
concat_prior_9C7C0W.pt,28,2142,993,146,0,0.0052032400000000005
concat_prior_MFUVYA.pt,7,256,167,993,211,0.005479619999999999
concat_prior_PKZDRQ.pt,28,530,515,2030,795,0.005435800000000001
concat_prior_9BPH6T.pt,28,249,88,1017,42,0.005499780000000001
concat_prior_LVLBNU.pt,28,515,696,265,1366,0.005473179999999999
concat_prior_NZ2YSV.pt,14,153,41,0,0,0.005060019999999999
concat_prior_N02XQ2.pt,7,43,253,0,0,0.00721734
concat_prior_S85IGZ.pt,56,202,231,0,0,0.0050960400000000005
concat_prior_MVM0BJ.pt,14,170,401,730,259,0.005462360000000002
concat_prior_D21C4E.pt,28,44,1027,117,214,0.00601194
concat_prior_G3K02O.pt,7,233,117,60,0,0.0060856200000000025
concat_prior_LZ50H3.pt,14,35,228,7,185,0.0055289399999999995
concat_prior_4LPLFT.pt,14,164,139,596,490,0.005449240000000001
concat_prior_EVU9UW.pt,14,1011,105,0,0,0.00511004
concat_prior_M3130I.pt,28,219,262,157,0,0.0052636
concat_prior_NP9ITE.pt,28,19,13,133,2073,0.00545112
concat_prior_V4RHG0.pt,7,686,16,0,0,0.005172699999999998
concat_prior_B7TW02.pt,14,851,27,122,202,0.005521739999999997
concat_prior_S27PO9.pt,56,68,213,0,0,0.005096420000000001
concat_prior_RTW6T1.pt,14,147,182,184,224,0.005535840000000001
concat_prior_RGTJUZ.pt,56,933,35,0,0,0.005063540000000002
concat_prior_573BKE.pt,28,663,6,106,0,0.0053397600000000016
concat_prior_3SMZE9.pt,56,87,678,20,124,0.005437860000000001
concat_prior_1YE85Y.pt,28,126,182,0,0,0.005175560000000001
concat_prior_FJJK46.pt,56,395,104,201,155,0.0054937399999999996
concat_prior_8DAUVS.pt,56,148,24,0,0,0.005127999999999999
concat_prior_8W73Z3.pt,14,492,35,180,52,0.00548824
concat_prior_SD14VR.pt,28,194,332,232,0,0.00533552
concat_prior_2XHUHE.pt,14,10,13,259,48,0.00545558
concat_prior_EMPSJ0.pt,14,200,1009,263,144,0.005434920000000001
concat_prior_846EVT.pt,7,189,234,176,0,0.005309780000000001
concat_prior_S4NG4P.pt,14,256,502,493,300,0.00547162
concat_prior_LQ181D.pt,28,509,108,0,0,0.0050725
concat_prior_M47UPH.pt,56,174,271,160,229,0.005458219999999999
concat_prior_AYR6BN.pt,14,153,266,493,199,0.005467039999999999
concat_prior_RJYX75.pt,14,148,1077,514,0,0.0053117799999999995
concat_prior_KRHEGD.pt,28,63,237,0,0,0.0051218999999999995
concat_prior_7Q2RMZ.pt,7,197,115,454,518,0.0055842800000000005
concat_prior_341VRZ.pt,14,1023,513,482,0,0.0052787
concat_prior_7FOU9Q.pt,14,503,192,125,243,0.005496720000000002
concat_prior_XJD75C.pt,14,983,1004,758,140,0.00550964
concat_prior_JESZF1.pt,56,206,41,1143,2028,0.0058887800000000014
concat_prior_8PBOQ8.pt,28,77,1729,0,0,0.005087899999999999
concat_prior_AQMAQT.pt,7,174,60,0,0,0.006045399999999999
concat_prior_6QZHSW.pt,14,94,501,690,0,0.00532414
concat_prior_67XLKP.pt,56,74,98,0,0,0.005116360000000001
concat_prior_1C76ZX.pt,14,189,213,0,0,0.005122760000000001
concat_prior_R1JVL8.pt,28,532,185,191,2011,0.005464940000000001
concat_prior_3BRO0V.pt,7,60,69,126,791,0.005546099999999999
concat_prior_E96C1P.pt,7,1014,122,147,505,0.0055533200000000005
concat_prior_LX9HLL.pt,28,524,118,0,0,0.00556324
concat_prior_JBHAAZ.pt,14,304,37,0,0,0.005114499999999997
concat_prior_K9IJRA.pt,28,475,215,0,0,0.0051102199999999995
concat_prior_D8LR1S.pt,14,498,1810,152,18,0.0054464000000000005
concat_prior_Y0FOV6.pt,7,217,171,0,0,0.011893519999999996
concat_prior_K6NYDP.pt,14,65,34,152,224,0.00554248
concat_prior_5F0G0A.pt,14,30,1073,527,0,0.005297919999999999
concat_prior_0MG4L2.pt,7,410,516,0,0,0.005220179999999999
concat_prior_LDMJI9.pt,28,15,39,202,149,0.005455540000000001
concat_prior_ZSANN3.pt,7,504,442,0,0,0.0051271
concat_prior_TJ34NH.pt,28,105,181,137,0,0.005312060000000002
concat_prior_UBKEBM.pt,28,1252,22,79,380,0.005503079999999999
concat_prior_X3GV52.pt,7,120,69,7,30,0.00551472
concat_prior_VSAU3V.pt,56,64,255,60,177,0.005406700000000002
concat_prior_7VLWH2.pt,56,102,79,0,0,0.005096879999999999
concat_prior_VU8DQQ.pt,28,500,105,235,72,0.005478080000000001
concat_prior_XE0M3Z.pt,28,260,188,211,0,0.0052488000000000005
concat_prior_L7D2PD.pt,14,122,8,203,34,0.0055921799999999995
concat_prior_RD7C3J.pt,7,1057,539,515,479,0.005468739999999997
concat_prior_Z694TE.pt,14,996,259,225,0,0.005256920000000001
concat_prior_Q61Z7O.pt,14,642,152,1006,239,0.00545012
concat_prior_U5WPA1.pt,14,27,196,169,6,0.005443399999999999
concat_prior_UW2N3N.pt,14,1411,155,168,150,0.005508939999999999
concat_prior_PILXI4.pt,14,503,47,79,386,0.00547342
concat_prior_W3CK3K.pt,7,195,123,184,499,0.005501960000000001
concat_prior_0KGONF.pt,7,117,35,189,855,0.00565766
concat_prior_OPE9WO.pt,7,1723,540,217,22,0.005506479999999999
concat_prior_601X3D.pt,14,523,238,0,0,0.005085120000000001
concat_prior_5009XT.pt,14,15,442,522,0,0.0052918999999999996
concat_prior_FELWUJ.pt,56,73,14,241,0,0.005298440000000002
concat_prior_8KHST1.pt,7,503,140,0,0,0.0051630999999999995
concat_prior_ZRVYPY.pt,56,531,151,492,500,0.00548224
concat_prior_MFBK38.pt,28,539,444,199,209,0.00545476
concat_prior_1GQYL1.pt,7,55,253,340,0,0.005306620000000001
concat_prior_G67HJH.pt,56,63,169,324,77,0.0054648000000000006
concat_prior_DID7JH.pt,14,240,275,407,141,0.0055185600000000005
concat_prior_P0KWHS.pt,14,167,827,0,0,0.00511128
concat_prior_PPQFT3.pt,7,69,14,202,0,0.005297719999999999
concat_prior_B55S0O.pt,14,234,1035,0,0,0.00508072
concat_prior_YJIST3.pt,28,60,497,80,1006,0.005554820000000001
concat_prior_8VQWX3.pt,28,165,30,761,66,0.005589179999999998
concat_prior_MYR5H5.pt,28,74,1422,1823,48,0.005876259999999999
concat_prior_O8P6OF.pt,7,253,531,512,215,0.0055660399999999995
concat_prior_V5OER8.pt,7,107,161,169,16,0.005908539999999999
concat_prior_S342B9.pt,28,178,121,50,541,0.00554688
concat_prior_KTLVYN.pt,28,117,279,0,0,0.005127579999999998
concat_prior_65NJVJ.pt,14,75,70,103,73,0.005522020000000001
concat_prior_797CSV.pt,56,81,5,38,862,0.00550428
concat_prior_O0MS4Q.pt,28,1001,142,170,50,0.006088799999999998
concat_prior_VQ5483.pt,7,202,138,11,164,0.005472479999999999
concat_prior_PBAPB4.pt,28,166,150,51,1621,0.005523399999999999
concat_prior_2USNNQ.pt,14,218,1836,0,0,0.005102960000000001
concat_prior_MGN8CP.pt,7,145,11,0,0,0.015752079999999998
concat_prior_CIF80D.pt,56,1819,197,228,38,0.00547992
concat_prior_BQN21Z.pt,14,81,1188,492,0,0.00530284
concat_prior_MXGSQD.pt,14,4,1149,88,545,0.005400159999999999
concat_prior_JEA0UK.pt,14,467,520,983,0,0.00543798
concat_prior_1SXLYK.pt,56,526,182,0,0,0.0050761800000000004
concat_prior_KKHSXP.pt,14,28,21,930,44,0.00555002
concat_prior_13LJXR.pt,28,800,14,510,0,0.00533868
concat_prior_IEOBHG.pt,28,1569,209,0,0,0.0051018
concat_prior_L1RPFM.pt,14,50,769,204,8,0.00552316
concat_prior_41ZBV1.pt,28,39,1001,0,0,0.005104340000000001
concat_prior_0XX04Y.pt,28,1039,159,253,0,0.00529878
concat_prior_1LR246.pt,28,1905,158,44,75,0.005440820000000001
concat_prior_4U816X.pt,14,460,499,0,0,0.00512312
concat_prior_AOAEVN.pt,56,141,507,52,691,0.005467140000000001
concat_prior_04RL0V.pt,14,184,37,675,0,0.0053032999999999995
concat_prior_MCWYBA.pt,14,146,1559,445,472,0.00544222
concat_prior_47HO86.pt,14,96,182,0,0,0.0050684
concat_prior_VTRA93.pt,14,1405,7,249,0,0.0052904200000000005
concat_prior_ARTC9K.pt,14,26,77,0,0,0.005026819999999999
concat_prior_B4ZALI.pt,56,1133,145,0,0,0.005075760000000001
concat_prior_YP93ZJ.pt,14,1388,515,0,0,0.005087100000000001
concat_prior_LIUF06.pt,14,135,260,0,0,0.005160199999999999
concat_prior_79DR1T.pt,14,150,645,211,431,0.0054708000000000005
concat_prior_6P0802.pt,14,69,518,981,0,0.00527328
concat_prior_4YMT3T.pt,14,147,199,0,0,0.005129699999999998
concat_prior_62SNYB.pt,14,491,30,0,0,0.00509124
concat_prior_EJGYN0.pt,7,518,187,2010,116,0.005515839999999999
concat_prior_P8ARO5.pt,7,183,52,131,22,0.005462240000000002
concat_prior_VOQM9O.pt,14,1165,189,0,0,0.0050758
concat_prior_BZIIBM.pt,56,124,538,490,188,0.00543728
concat_prior_63Y46H.pt,7,55,3,106,808,0.005637919999999999
concat_prior_5DF48G.pt,14,265,2158,0,0,0.005107199999999999
concat_prior_F82NSG.pt,7,232,220,0,0,0.01075342
concat_prior_1J5QZY.pt,28,268,11,1345,0,0.005326080000000002
concat_prior_5AINEO.pt,7,531,201,576,0,0.005356219999999999
concat_prior_8XZ1J7.pt,28,22,492,18,222,0.00549232
concat_prior_AOP604.pt,28,8,531,522,0,0.005342299999999999
concat_prior_DU8XGD.pt,7,968,118,0,0,0.005111480000000002
concat_prior_VGV7N4.pt,14,531,654,412,0,0.00529474
concat_prior_ZDI35C.pt,14,413,511,399,0,0.005299699999999999
concat_prior_KWTWUC.pt,14,246,141,112,211,0.005529299999999999
concat_prior_0G76W0.pt,7,156,140,796,0,0.00527522
concat_prior_AC3NRM.pt,14,15,1026,217,23,0.005516
concat_prior_631B9D.pt,56,518,132,511,177,0.005636860000000001
concat_prior_8110G7.pt,56,211,202,43,222,0.005483539999999998
concat_prior_YXQPFD.pt,28,125,145,993,285,0.0054592
concat_prior_Z21A04.pt,56,536,183,0,0,0.005072079999999999
concat_prior_KWHHNC.pt,7,175,23,154,182,0.005485880000000002
concat_prior_7RGGZQ.pt,28,182,177,430,500,0.005477079999999999
concat_prior_XHV0GO.pt,7,164,297,148,0,0.005339479999999999
concat_prior_Q5AGN5.pt,14,2049,76,0,0,0.0050998799999999985
concat_prior_PY39MB.pt,56,34,71,185,172,0.005500880000000001
concat_prior_HLZPTB.pt,14,104,163,101,149,0.005477779999999999
concat_prior_AOME45.pt,14,227,137,0,0,0.0050953
concat_prior_3G33JT.pt,56,198,141,195,0,0.005281380000000001
concat_prior_FO6N0W.pt,28,196,481,0,0,0.005137259999999999
concat_prior_8Q9SL1.pt,56,996,92,1005,129,0.005394499999999999
concat_prior_HK40B5.pt,28,77,555,0,0,0.005052480000000001
concat_prior_K3L1E2.pt,14,976,1149,0,0,0.005182139999999999
concat_prior_NRN8VZ.pt,28,199,81,0,0,0.0051109400000000004
concat_prior_GFJLT9.pt,56,55,119,248,0,0.0053002
concat_prior_1FJ468.pt,28,947,92,32,243,0.005510739999999999
concat_prior_XBS7V1.pt,56,234,536,1023,0,0.005264639999999999
concat_prior_T4FIHU.pt,7,190,227,0,0,0.0051273199999999994
concat_prior_35B0HF.pt,56,495,144,81,67,0.005610259999999998
concat_prior_JYHN12.pt,56,135,491,0,0,0.005147620000000002
concat_prior_VK1ZRA.pt,14,26,46,253,711,0.005480160000000001
concat_prior_SQGMEV.pt,14,91,214,246,266,0.0055042400000000005
concat_prior_RJMOLQ.pt,28,110,208,0,0,0.005115300000000001
concat_prior_CE32MV.pt,14,655,996,234,997,0.005535460000000001
concat_prior_A6R8YG.pt,14,203,70,62,0,0.0053300199999999995
concat_prior_XU0FTD.pt,56,49,97,867,0,0.00538082
concat_prior_AW9OH9.pt,7,22,152,1146,0,0.005351859999999999
concat_prior_UM2IXX.pt,7,761,165,0,0,0.005110840000000001
concat_prior_QXL589.pt,14,128,1659,619,659,0.005556200000000001
concat_prior_7HV4A7.pt,56,132,208,0,0,0.0051068
concat_prior_NN1FQX.pt,7,249,50,532,0,0.005361079999999999
concat_prior_W2BVHI.pt,14,947,988,0,0,0.005093939999999999
concat_prior_0C7HKB.pt,14,31,198,0,0,0.005145199999999999
concat_prior_VPBEP5.pt,14,245,71,0,0,0.0051201200000000014
concat_prior_XEHJDP.pt,14,266,137,170,0,0.005374080000000001
concat_prior_GCTXY8.pt,14,145,1016,49,527,0.00542848
concat_prior_4KHBG6.pt,14,496,214,152,808,0.00596356
concat_prior_J7E8C4.pt,7,455,98,158,0,0.005361880000000001
concat_prior_LVFEK0.pt,7,260,251,127,131,0.00549182
concat_prior_8AZ1FJ.pt,28,126,205,228,417,0.00551036
concat_prior_2LBUTK.pt,28,78,149,526,187,0.005491620000000002
concat_prior_XKYD8W.pt,14,527,67,0,0,0.00512668
concat_prior_SEZKDF.pt,7,199,283,701,127,0.005535840000000001
concat_prior_4ZUVWM.pt,14,202,190,0,0,0.00507976
concat_prior_F0M56J.pt,14,14,2034,134,14,0.00543102
concat_prior_FU0GQP.pt,7,1469,136,0,0,0.0056340800000000005
concat_prior_0Z7RVF.pt,28,2059,488,490,0,0.005304339999999999
concat_prior_FAR3TC.pt,14,116,255,820,66,0.005455299999999999
concat_prior_LYAFAF.pt,28,206,262,0,0,0.005073720000000001
concat_prior_10ZALV.pt,56,215,194,2033,301,0.005425139999999999
concat_prior_2MSBQ0.pt,14,180,171,139,1274,0.00544536
concat_prior_P6IYUR.pt,14,25,212,44,159,0.005465960000000001
concat_prior_BYSN0T.pt,14,36,455,174,0,0.005310239999999999
concat_prior_OSZCCL.pt,56,132,177,2008,0,0.00526212
concat_prior_489C6C.pt,14,154,94,0,0,0.005098020000000002
concat_prior_O5R7OU.pt,14,12,161,14,0,0.005300900000000001
concat_prior_TU85FL.pt,7,526,118,151,313,0.005569580000000001
concat_prior_5DVEO5.pt,28,693,491,0,0,0.00547012
concat_prior_73Q93H.pt,14,66,479,0,0,0.005083259999999999
concat_prior_SOSLKL.pt,7,149,1010,0,0,0.005089519999999999
concat_prior_L58V39.pt,14,478,29,496,414,0.005487040000000002
concat_prior_W4HT47.pt,28,257,531,19,0,0.005293900000000001
concat_prior_38KJ33.pt,56,31,1253,130,771,0.0054300999999999985
concat_prior_NG5JWA.pt,28,29,49,76,0,0.005339280000000001
concat_prior_S79DGF.pt,28,29,62,1000,138,0.0054874
concat_prior_G065U9.pt,14,149,56,21,73,0.005466920000000001
concat_prior_GJ6PB9.pt,56,314,110,0,0,0.005103600000000001
concat_prior_H2ARWD.pt,14,170,250,224,1276,0.0054497600000000005
concat_prior_ABQGCP.pt,7,231,507,502,0,0.00532336
concat_prior_21SEHR.pt,14,10,151,215,507,0.005465779999999998
concat_finegrained1_SKUDZ5.pt,7,262,1044,0,0,0.005206499999999999
concat_finegrained1_1UZCZR.pt,7,222,487,0,0,0.00507442
concat_finegrained1_DSGZTS.pt,7,203,475,0,0,0.009204159999999996
concat_finegrained1_S2AZS6.pt,7,284,1056,0,0,0.00512362
concat_finegrained1_QVKLU6.pt,7,187,733,0,0,0.005163719999999999
concat_finegrained1_C0FIRG.pt,7,146,494,0,0,0.0062552799999999985
concat_finegrained1_7QTN43.pt,7,150,1093,0,0,0.0051185399999999995
concat_finegrained1_PZHIF1.pt,7,176,510,0,0,0.005081120000000002
concat_finegrained1_NXNNBE.pt,7,157,822,0,0,0.00509574
concat_finegrained1_UUCDW8.pt,7,276,603,0,0,0.005792199999999998
concat_finegrained1_217S1W.pt,7,275,529,0,0,0.005201820000000001
concat_finegrained1_L11MCY.pt,7,194,753,0,0,0.0051204
concat_finegrained1_I45VWU.pt,7,274,742,0,0,0.005148860000000001
concat_finegrained1_61FTJ4.pt,7,303,989,0,0,0.0050987
concat_finegrained1_WD341W.pt,7,271,866,0,0,0.0056002399999999985
concat_finegrained1_S5JE2P.pt,7,223,689,0,0,0.00514234
concat_finegrained1_6U0NLE.pt,7,207,1085,0,0,0.005125040000000001
concat_finegrained1_FI0SZW.pt,7,192,1097,0,0,0.00579626
concat_finegrained1_BF3F1A.pt,7,174,1039,0,0,0.0051231600000000025
concat_finegrained1_AIDJTD.pt,7,169,598,0,0,0.005137220000000002
concat_finegrained1_6IYMUU.pt,7,514,60,543,0,0.0053466799999999995
concat_finegrained1_VH2YZC.pt,7,612,44,390,0,0.005301319999999998
concat_finegrained1_U51SQR.pt,7,645,58,671,0,0.005332180000000001
concat_finegrained1_SG2TAZ.pt,7,559,37,418,0,0.00534582
concat_finegrained1_42B56X.pt,7,325,31,406,0,0.0053319000000000005
concat_finegrained1_7BCJ86.pt,7,512,46,498,0,0.00532762
concat_finegrained1_0P7BRN.pt,7,448,55,507,0,0.00535512
concat_finegrained1_0S4EN5.pt,7,564,66,610,0,0.00529368
concat_finegrained1_9SUDLV.pt,7,544,52,559,0,0.005284079999999999
concat_finegrained1_85XP9F.pt,7,315,64,658,0,0.005429179999999999
concat_finegrained1_UZ1SOI.pt,7,629,51,754,0,0.005329899999999999
concat_finegrained1_Z8ZUXP.pt,7,335,33,401,0,0.00535628
concat_finegrained1_3VTGAZ.pt,7,276,48,499,0,0.03435637999999999
concat_finegrained1_NMPZ8O.pt,7,462,57,608,0,0.005479959999999999
concat_finegrained1_HO2XHF.pt,7,319,38,761,0,0.005339020000000001
concat_finegrained1_KTQ0YP.pt,7,306,61,669,0,0.005315359999999999
concat_finegrained1_7CLXG3.pt,7,284,39,532,0,0.0053610199999999985
concat_finegrained1_ONDUZ7.pt,7,532,54,549,0,0.00532546
concat_finegrained1_E3T0F1.pt,7,314,30,402,0,0.0053102
concat_finegrained1_66V42P.pt,7,657,43,495,0,0.005419960000000001
concat_finegrained1_FEYOVI.pt,14,162,86,0,0,0.005112799999999998
concat_finegrained1_TEC4Q3.pt,14,200,54,0,0,0.0051138600000000005
concat_finegrained1_JXZBAW.pt,14,206,66,0,0,0.00509944
concat_finegrained1_TAM916.pt,14,121,87,0,0,0.005080999999999999
concat_finegrained1_2EWORZ.pt,14,175,60,0,0,0.005171700000000002
concat_finegrained1_I0MNR0.pt,14,156,52,0,0,0.006075399999999997
concat_finegrained1_99G5UW.pt,14,218,65,0,0,0.00506376
concat_finegrained1_U5A1RZ.pt,14,173,79,0,0,0.0050797
concat_finegrained1_Q5HMM2.pt,14,170,63,0,0,0.005733220000000002
concat_finegrained1_GFOBCM.pt,14,127,92,0,0,0.00528648
concat_finegrained1_YXR7W9.pt,14,137,89,0,0,0.005101559999999998
concat_finegrained1_Y95U42.pt,14,102,93,0,0,0.0050905
concat_finegrained1_K7KBTW.pt,14,164,96,0,0,0.005052879999999999
concat_finegrained1_3KKWKF.pt,14,180,61,0,0,0.005055499999999999
concat_finegrained1_EQPC3U.pt,14,220,51,0,0,0.0050921
concat_finegrained1_ENSLO9.pt,14,129,76,0,0,0.005119480000000001
concat_finegrained1_ZOX4X1.pt,14,208,69,0,0,0.00519366
concat_finegrained1_FHD9MG.pt,14,178,71,0,0,0.005120520000000001
concat_finegrained1_PAHCKQ.pt,14,130,42,0,0,0.00504242
concat_finegrained1_LD5JG7.pt,14,188,77,0,0,0.005090380000000001
concat_finegrained1_DNES1Y.pt,56,267,102,118,184,0.00543612
concat_finegrained1_WJD0YT.pt,56,433,76,167,129,0.00546988
concat_finegrained1_0L9VF8.pt,56,390,108,120,154,0.00543364
concat_finegrained1_54LRB4.pt,56,333,110,209,201,0.00535718
concat_finegrained1_G9W6YW.pt,56,239,54,147,145,0.005441579999999999
concat_finegrained1_SIA2K6.pt,56,381,78,164,98,0.005385360000000001
concat_finegrained1_G42RKS.pt,56,462,113,104,204,0.005572659999999999
concat_finegrained1_AQPFGK.pt,56,453,73,184,97,0.005567700000000001
concat_finegrained1_NH5T6J.pt,56,231,59,243,182,0.005527679999999999
concat_finegrained1_ZXXJQ5.pt,56,386,87,145,103,0.005555359999999997
concat_finegrained1_XUAW8I.pt,56,306,100,201,132,0.005637100000000002
concat_finegrained1_U5I4GN.pt,56,428,69,224,146,0.0055108
concat_finegrained1_8Q8WIY.pt,56,445,96,187,150,0.005557880000000002
concat_finegrained1_R957N2.pt,56,254,98,121,88,0.005568279999999998
concat_finegrained1_3PDWK5.pt,56,310,55,157,120,0.005516120000000001
concat_finegrained1_G40VJ0.pt,56,248,66,134,189,0.00555488
concat_finegrained1_A4DIPV.pt,56,411,77,177,90,0.005532699999999999
concat_finegrained1_C3OYVG.pt,56,397,105,226,207,0.005513699999999999
concat_finegrained1_QLF1LI.pt,56,494,120,214,206,0.00550858
concat_finegrained1_BPINOT.pt,56,454,89,128,209,0.0054449599999999996
concat_finegrained1_I450OJ.pt,14,83,88,1074,790,0.02509723999999999
concat_finegrained1_UI11XB.pt,14,87,195,838,605,0.005413319999999999
concat_finegrained1_350619.pt,14,130,185,832,581,0.005423800000000001
concat_finegrained1_7U5S4X.pt,14,139,191,598,636,0.005479039999999999
concat_finegrained1_U1L0ER.pt,14,140,92,701,667,0.005440600000000001
concat_finegrained1_HDHVHZ.pt,14,158,156,935,510,0.0054408400000000015
concat_finegrained1_HY41WC.pt,14,81,169,682,827,0.005550620000000002
concat_finegrained1_NYLANB.pt,14,136,198,551,868,0.005532480000000001
concat_finegrained1_DUFZC7.pt,14,96,146,1213,725,0.005435300000000001
concat_finegrained1_40ZNGU.pt,14,85,95,912,872,0.0054447800000000015
concat_finegrained1_SZS5KD.pt,14,92,133,1142,666,0.00546876
concat_finegrained1_MQQFFM.pt,14,127,96,843,619,0.005441940000000002
concat_finegrained1_US5ASJ.pt,14,170,137,934,823,0.005447200000000001
concat_finegrained1_LN3B8A.pt,14,106,97,855,648,0.005417540000000001
concat_finegrained1_5FGI8K.pt,14,162,125,1045,534,0.00547284
concat_finegrained1_IYR4OB.pt,14,175,181,676,427,0.006084340000000001
concat_finegrained1_HJX2LE.pt,14,115,173,1143,635,0.005547099999999999
concat_finegrained1_O6FNVZ.pt,14,165,111,1129,543,0.00540366
concat_finegrained1_E9DM7O.pt,14,80,194,1125,727,0.0054531200000000005
concat_finegrained1_PHZQPT.pt,14,99,182,989,829,0.0055482199999999995
concat_finegrained1_9WWX7M.pt,7,8,1,22,134,0.005426919999999999
concat_finegrained1_DHV1FX.pt,7,9,2,10,147,0.005445460000000001
concat_finegrained1_AQEQ2U.pt,7,19,1190,102,171,0.005710840000000002
concat_finegrained1_JXBRGQ.pt,7,40,1220,79,118,0.00548538
concat_finegrained1_TZVYG4.pt,7,41,909,163,93,0.005532139999999999
concat_finegrained1_535M03.pt,7,39,600,70,100,0.0054912400000000005
concat_finegrained1_BVYDBK.pt,7,35,921,88,121,0.005506900000000001
concat_finegrained1_YQ21ZQ.pt,7,38,1069,101,175,0.005533900000000001
concat_finegrained1_I8NWOP.pt,7,30,1238,113,165,0.005541100000000002
concat_finegrained1_PGGKB9.pt,7,20,1145,91,179,0.005546159999999999
concat_finegrained1_QK6QI7.pt,7,25,1083,73,144,0.0055781599999999995
concat_finegrained1_C5FUZD.pt,7,22,1048,141,113,0.0054807400000000004
concat_finegrained1_1GRJ8W.pt,7,27,835,147,81,0.0056015599999999985
concat_finegrained1_HTHNPF.pt,7,29,543,104,151,0.005485179999999999
concat_finegrained1_HPUY46.pt,7,42,559,161,160,0.00547246
concat_finegrained1_I9F8YE.pt,7,31,974,120,84,0.005521059999999999
concat_finegrained1_67OYTL.pt,7,23,568,142,115,0.005491579999999999
concat_finegrained1_TVDR0Z.pt,7,24,691,82,141,0.005466179999999999
concat_finegrained1_B57FOD.pt,7,33,784,123,78,0.0055521999999999985
concat_finegrained1_9645W4.pt,7,34,731,103,134,0.00559396
concat_finegrained1_HFRW92.pt,7,36,919,92,178,0.005494279999999998
concat_finegrained1_03H8UL.pt,7,28,1203,76,101,0.005529120000000001
concat_finegrained1_6VWOV7.pt,28,136,54,0,0,0.005102940000000001
concat_finegrained1_OHHXKX.pt,28,154,88,0,0,0.00506796
concat_finegrained1_Y6HW98.pt,28,167,92,0,0,0.00506478
concat_finegrained1_4O5XIO.pt,28,126,85,0,0,0.0051239200000000006
concat_finegrained1_WBR183.pt,28,79,98,0,0,0.005056280000000001
concat_finegrained1_AP8XX0.pt,28,91,57,0,0,0.00518984
concat_finegrained1_X21TA5.pt,28,112,72,0,0,0.00511712
concat_finegrained1_5NZ3FZ.pt,28,86,95,0,0,0.0050996999999999995
concat_finegrained1_U68RI9.pt,28,82,76,0,0,0.005143479999999999
concat_finegrained1_R3CTWE.pt,28,146,102,0,0,0.005116280000000001
concat_finegrained1_X3VTIC.pt,28,155,69,0,0,0.005114740000000001
concat_finegrained1_CFEESM.pt,28,132,50,0,0,0.005874819999999998
concat_finegrained1_D44P4W.pt,28,117,104,0,0,0.0050786799999999995
concat_finegrained1_F115RY.pt,28,93,90,0,0,0.00514096
concat_finegrained1_BP0AWJ.pt,28,109,70,0,0,0.005114179999999999
concat_finegrained1_UAGDO5.pt,28,106,59,0,0,0.0050747000000000006
concat_finegrained1_7GXB3Y.pt,28,135,52,0,0,0.00508752
concat_finegrained1_M1KQZZ.pt,28,92,68,0,0,0.005247240000000001
concat_finegrained1_VFFAKR.pt,28,162,66,0,0,0.00506822
concat_finegrained1_4MZGV9.pt,28,145,63,0,0,0.00508698
concat_finegrained1_SV75QA.pt,7,234,108,0,0,0.01096746
concat_finegrained1_E1QRBE.pt,7,238,90,0,0,0.005198320000000001
concat_finegrained1_O7AAZ6.pt,7,185,83,0,0,0.012475839999999998
concat_finegrained1_KB7MBH.pt,7,249,121,0,0,0.005115599999999999
concat_finegrained1_I3V7IL.pt,7,196,105,0,0,0.00556332
concat_finegrained1_2VNJBY.pt,7,172,67,0,0,0.011313739999999996
concat_finegrained1_V4NOEG.pt,7,127,104,0,0,0.010379719999999999
concat_finegrained1_H1U1XD.pt,7,161,92,0,0,0.0169985
concat_finegrained1_7EICHW.pt,7,200,100,0,0,0.00508336
concat_finegrained1_7QVEAB.pt,7,116,118,0,0,0.005151819999999999
concat_finegrained1_O0CEFP.pt,7,219,58,0,0,0.006924759999999999
concat_finegrained1_H5SJPU.pt,7,229,59,0,0,0.0051841399999999985
concat_finegrained1_XYPRAV.pt,7,217,63,0,0,0.00931732
concat_finegrained1_P3QL7I.pt,7,169,56,0,0,0.005084900000000001
concat_finegrained1_G5QRVQ.pt,7,134,73,0,0,0.017048939999999995
concat_finegrained1_BDB4DO.pt,7,232,93,0,0,0.005082740000000001
concat_finegrained1_BME3JL.pt,7,137,80,0,0,0.01166134
concat_finegrained1_42BBGO.pt,7,166,113,0,0,0.015329619999999997
concat_finegrained1_8I7E65.pt,7,138,85,0,0,0.008990620000000001
concat_finegrained1_U839R1.pt,7,228,75,0,0,0.0074951800000000015
concat_finegrained1_KASMLG.pt,7,810,13,403,896,0.005549079999999999
concat_finegrained1_GAY0ES.pt,7,1048,7,330,817,0.005474720000000001
concat_finegrained1_3W9AEN.pt,7,801,9,261,921,0.005515079999999999
concat_finegrained1_6IHKL8.pt,7,1163,11,284,1100,0.005552520000000001
concat_finegrained1_91XEFW.pt,7,886,14,324,751,0.005477999999999999
concat_finegrained1_WIIUYK.pt,7,662,12,260,1193,0.00547928
concat_finegrained1_XRJ9HV.pt,7,1012,10,425,662,0.005474860000000001
concat_finegrained1_ALYHZS.pt,7,1006,15,262,988,0.005476100000000001
concat_finegrained1_D6SQRV.pt,7,729,8,209,856,0.00557288
concat_finegrained1_M2FCIM.pt,7,2026,62,896,159,0.00553234
concat_finegrained1_8XY3HP.pt,7,1373,114,815,216,0.005466899999999999
concat_finegrained1_4XGI9F.pt,7,1095,82,910,181,0.005587440000000002
concat_finegrained1_S4CVXL.pt,7,1135,83,585,134,0.005475040000000002
concat_finegrained1_V20FCF.pt,7,1754,99,840,211,0.005507680000000002
concat_finegrained1_LT9Q3L.pt,7,2167,94,1011,262,0.005506920000000001
concat_finegrained1_59L99U.pt,7,1048,103,829,269,0.005458320000000002
concat_finegrained1_0HI9JI.pt,7,1061,54,914,164,0.00552056
concat_finegrained1_H30P59.pt,7,2263,72,789,231,0.005426479999999998
concat_finegrained1_H74S2Q.pt,7,2024,96,1000,253,0.005482420000000001
concat_finegrained1_U90SXC.pt,7,1654,98,890,259,0.005483840000000001
concat_finegrained1_7DJYR7.pt,7,1009,73,465,119,0.005594200000000001
concat_finegrained1_NER44M.pt,7,2131,57,494,139,0.00543212
concat_finegrained1_EUK65P.pt,7,2301,92,918,198,0.005521020000000002
concat_finegrained1_ANFZDO.pt,7,2306,53,882,236,0.00546102
concat_finegrained1_I97H48.pt,7,1152,80,969,240,0.005420499999999999
concat_finegrained1_X910K7.pt,7,1732,71,827,127,0.005423800000000001
concat_finegrained1_8PHR3E.pt,7,1936,60,521,202,0.005549999999999999
concat_finegrained1_KRXZ70.pt,7,1196,109,552,158,0.005504019999999999
concat_finegrained1_X6RGH5.pt,7,2317,101,956,258,0.005456520000000001
concat_finegrained1_224Q2F.pt,7,123,673,0,0,0.009359339999999999
concat_finegrained1_F3TOQ8.pt,7,100,861,0,0,0.006251439999999997
concat_finegrained1_DDP4BW.pt,7,103,671,0,0,0.0051847199999999986
concat_finegrained1_RN19FE.pt,7,97,798,0,0,0.005189860000000001
concat_finegrained1_VLVMPY.pt,7,107,982,0,0,0.00508958
concat_finegrained1_TM9Z9J.pt,7,117,579,0,0,0.005100200000000002
concat_finegrained1_0WHP24.pt,7,130,625,0,0,0.0055132
concat_finegrained1_6H7W72.pt,7,116,1155,0,0,0.00513342
concat_finegrained1_EWPIUA.pt,7,148,1034,0,0,0.0050704800000000005
concat_finegrained1_OAF8P9.pt,7,109,618,0,0,0.0051601799999999995
concat_finegrained1_ISQ5WD.pt,7,159,840,0,0,0.005213499999999999
concat_finegrained1_2UZ3EQ.pt,7,98,1015,0,0,0.00510336
concat_finegrained1_ZT37DO.pt,7,88,661,0,0,0.00510288
concat_finegrained1_Z7DA54.pt,7,137,706,0,0,0.00505214
concat_finegrained1_G12SYX.pt,7,86,616,0,0,0.00515514
concat_finegrained1_A8P3ZJ.pt,7,113,801,0,0,0.005126039999999999
concat_finegrained1_R2NS82.pt,7,173,507,0,0,0.005100179999999999
concat_finegrained1_7ECZI2.pt,7,85,975,0,0,0.005112380000000001
concat_finegrained1_Z88SWS.pt,7,158,565,0,0,0.005233879999999999
concat_finegrained1_D2KQSX.pt,7,174,991,0,0,0.00515522
concat_finegrained1_DI9752.pt,14,133,75,56,0,0.005300220000000001
concat_finegrained1_OUZQTF.pt,14,173,82,37,0,0.005269899999999999
concat_finegrained1_IBTXXB.pt,14,188,50,46,0,0.0052805000000000005
concat_finegrained1_NTAXY2.pt,14,230,80,32,0,0.033874980000000006
concat_finegrained1_YNNP1Q.pt,14,199,36,47,0,0.0052727600000000005
concat_finegrained1_ZQINZL.pt,14,231,59,42,0,0.005279939999999999
concat_finegrained1_854EDB.pt,14,208,79,70,0,0.00527248
concat_finegrained1_AADFB0.pt,14,183,61,40,0,0.00521432
concat_finegrained1_SKCF8Z.pt,14,190,74,50,0,0.005251459999999999
concat_finegrained1_3MY78R.pt,14,216,77,52,0,0.005248380000000001
concat_finegrained1_FBWCOL.pt,14,207,69,41,0,0.005238480000000001
concat_finegrained1_KD3H29.pt,14,198,63,34,0,0.0052911
concat_finegrained1_2UJQ5Q.pt,14,200,66,38,0,0.005291920000000001
concat_finegrained1_WJ45L1.pt,14,239,57,71,0,0.00524832
concat_finegrained1_28XVJW.pt,14,193,48,48,0,0.005258959999999999
concat_finegrained1_FV96VE.pt,14,206,78,49,0,0.0053250599999999995
concat_finegrained1_TUBO4V.pt,14,187,40,61,0,0.005288059999999999
concat_finegrained1_CJNV2P.pt,14,113,71,73,0,0.005274059999999998
concat_finegrained1_G6EV5D.pt,14,184,53,69,0,0.005302779999999999
concat_finegrained1_KZLEZE.pt,14,151,42,72,0,0.005319599999999999
concat_finegrained1_Q306IL.pt,14,277,40,244,129,0.005510740000000002
concat_finegrained1_JD0KHA.pt,14,448,20,211,82,0.005577100000000001
concat_finegrained1_C9VK1R.pt,14,429,19,156,84,0.005494819999999999
concat_finegrained1_ITN49X.pt,14,577,24,188,95,0.005494579999999999
concat_finegrained1_3ZLRG4.pt,14,416,26,218,120,0.005440639999999999
concat_finegrained1_1RU3UB.pt,14,633,39,137,91,0.005476920000000001
concat_finegrained1_ODWDJT.pt,14,372,22,292,140,0.0055648600000000005
concat_finegrained1_8Q36HZ.pt,14,571,37,155,81,0.005532880000000001
concat_finegrained1_J1FMQZ.pt,14,357,34,196,130,0.005551959999999998
concat_finegrained1_DW50LA.pt,14,301,41,267,128,0.00560396
concat_finegrained1_OCW8Y5.pt,14,307,35,191,113,0.005527660000000001
concat_finegrained1_WKX6VD.pt,14,363,36,293,67,0.03644116000000001
concat_finegrained1_8RRL9R.pt,14,555,30,201,79,0.005634039999999998
concat_finegrained1_AZ6EFI.pt,14,332,23,284,99,0.00551624
concat_finegrained1_816GG9.pt,14,402,27,257,102,0.005646679999999999
concat_finegrained1_QAYTO7.pt,14,451,18,213,64,0.005499480000000001
concat_finegrained1_KDU48C.pt,14,547,21,136,133,0.00547504
concat_finegrained1_OBCM88.pt,14,383,29,170,119,0.005485499999999999
concat_finegrained1_AY2HSI.pt,14,424,25,253,75,0.00556248
concat_finegrained1_GO78SJ.pt,14,517,17,178,125,0.005508619999999999
concat_finegrained1_0SNA34.pt,7,178,463,298,0,0.00536002
concat_finegrained1_90E8VM.pt,7,143,805,510,0,0.00533382
concat_finegrained1_P3CXDT.pt,7,180,601,412,0,0.005251960000000001
concat_finegrained1_N7ZK0O.pt,7,213,400,290,0,0.005334
concat_finegrained1_S3ANV3.pt,7,125,652,554,0,0.005437939999999998
concat_finegrained1_WOHJBF.pt,7,176,622,276,0,0.005409360000000001
concat_finegrained1_VWHT9M.pt,7,173,655,463,0,0.005316600000000001
concat_finegrained1_VH6UT1.pt,7,101,604,263,0,0.0053078000000000005
concat_finegrained1_B10I28.pt,7,160,383,504,0,0.0054621999999999995
concat_finegrained1_ALP32B.pt,7,198,702,494,0,0.005378440000000001
concat_finegrained1_66QFBS.pt,7,142,821,477,0,0.005854459999999999
concat_finegrained1_2AT20G.pt,7,182,625,561,0,0.0053570200000000005
concat_finegrained1_VA86K4.pt,7,224,482,264,0,0.005367859999999999
concat_finegrained1_3O0ZL4.pt,7,161,407,499,0,0.005397000000000001
concat_finegrained1_A78Z2D.pt,7,109,580,512,0,0.0052585999999999996
concat_finegrained1_O3S9DI.pt,7,158,727,304,0,0.0053815999999999985
concat_finegrained1_NII9UJ.pt,7,162,608,518,0,0.005495219999999999
concat_finegrained1_SWDHDS.pt,7,136,479,350,0,0.00539842
concat_finegrained1_E6IOUM.pt,7,211,554,369,0,0.005386420000000002
concat_finegrained1_9IL294.pt,7,181,670,363,0,0.0052930600000000005
concat_finegrained1_H7286R.pt,56,106,136,24,179,0.00546712
concat_finegrained1_UB0BI2.pt,56,95,70,35,151,0.005456200000000001
concat_finegrained1_VOX7SC.pt,56,68,80,19,175,0.00561936
concat_finegrained1_DKCVKD.pt,56,87,104,23,115,0.005571380000000002
concat_finegrained1_F4GPIS.pt,56,73,66,15,212,0.005470779999999998
concat_finegrained1_4PCB92.pt,56,53,140,21,163,0.005444639999999998
concat_finegrained1_GWNYRA.pt,56,70,145,22,172,0.005433260000000003
concat_finegrained1_VHX6U8.pt,56,55,84,31,188,0.00546638
concat_finegrained1_YDT33Q.pt,56,52,126,17,89,0.005475099999999999
concat_finegrained1_L91VVU.pt,56,120,65,33,183,0.005450740000000001
concat_finegrained1_A0GWIT.pt,56,121,129,32,110,0.005471579999999999
concat_finegrained1_Q09HQG.pt,56,96,89,30,105,0.005488839999999999
concat_finegrained1_KIS3HC.pt,56,74,120,25,102,0.0054792
concat_finegrained1_6UJNC6.pt,56,78,77,20,133,0.00604998
concat_finegrained1_TH9BY5.pt,56,71,100,16,120,0.005443800000000001
concat_finegrained1_C4CZCP.pt,56,93,81,29,132,0.005500239999999998
concat_finegrained1_G2ZP1F.pt,56,113,109,34,122,0.005448339999999999
concat_finegrained1_3GD2WQ.pt,56,65,113,28,137,0.005472140000000001
concat_finegrained1_GHOAIC.pt,56,54,123,18,148,0.0054516799999999995
concat_finegrained1_40JKF2.pt,56,56,122,27,199,0.005483319999999999
concat_finegrained1_NIOPGM.pt,14,300,416,100,0,0.005251880000000001
concat_finegrained1_3D5TZL.pt,14,475,355,93,0,0.005315659999999999
concat_finegrained1_2Y36DR.pt,14,481,372,95,0,0.00540358
concat_finegrained1_HTZ07K.pt,14,348,467,65,0,0.005310759999999999
concat_finegrained1_KD4INV.pt,14,378,387,102,0,0.00533552
concat_finegrained1_V322PJ.pt,14,510,414,75,0,0.00533458
concat_finegrained1_PO96H8.pt,14,361,600,63,0,0.00531408
concat_finegrained1_I5KOE9.pt,14,596,548,110,0,0.005308399999999999
concat_finegrained1_2Y94VM.pt,14,335,453,86,0,0.005374879999999999
concat_finegrained1_UFYK5B.pt,14,267,571,62,0,0.00533852
concat_finegrained1_ERSEE9.pt,14,625,549,74,0,0.005252420000000001
concat_finegrained1_0HBP70.pt,14,284,296,120,0,0.005267459999999999
concat_finegrained1_F9S4RE.pt,14,375,417,97,0,0.005290939999999999
concat_finegrained1_4TSH59.pt,14,343,407,121,0,0.00531548
concat_finegrained1_10HFHO.pt,14,552,422,116,0,0.00529764
concat_finegrained1_1AJWHY.pt,14,561,610,99,0,0.00537994
concat_finegrained1_P3BNYO.pt,14,614,502,108,0,0.005282479999999999
concat_finegrained1_AT8PXG.pt,14,301,331,77,0,0.0053759800000000016
concat_finegrained1_YL9YPK.pt,14,353,461,67,0,0.005308780000000001
concat_finegrained1_P1P0T7.pt,14,612,375,73,0,0.0052983399999999995
concat_finegrained1_C3JZCC.pt,14,27,95,0,0,0.00515296
concat_finegrained1_Y3BSL6.pt,14,14,53,0,0,0.006517080000000001
concat_finegrained1_56PVBU.pt,14,13,52,0,0,0.00508702
concat_finegrained1_UHERQG.pt,14,24,98,0,0,0.005103939999999999
concat_finegrained1_GBWNEL.pt,14,20,89,0,0,0.005017239999999999
concat_finegrained1_RSHBEN.pt,14,25,112,0,0,0.005213899999999999
concat_finegrained1_54K1R4.pt,14,15,104,0,0,0.005055779999999999
concat_finegrained1_OL6YNF.pt,14,18,57,0,0,0.006465540000000003
concat_finegrained1_0VH4TE.pt,14,16,73,0,0,0.0050939
concat_finegrained1_VEPP28.pt,14,17,61,0,0,0.0050345
concat_finegrained1_53487N.pt,14,28,102,0,0,0.005098619999999999
concat_finegrained1_IO281E.pt,14,12,108,0,0,0.005102539999999997
concat_finegrained1_4J5EZZ.pt,14,26,76,0,0,0.00504426
concat_finegrained1_K2LIR9.pt,14,21,103,0,0,0.005081979999999998
concat_finegrained1_OT7YD8.pt,14,22,94,0,0,0.005342760000000001
concat_finegrained1_K9GL2V.pt,14,19,78,0,0,0.005038140000000001
concat_finegrained1_D2KT9M.pt,14,23,83,0,0,0.005123699999999998
concat_finegrained1_O9M3JV.pt,14,29,56,0,0,0.00509188
concat_finegrained1_9HUK47.pt,28,258,151,43,73,0.005423140000000001
concat_finegrained1_9K3J7G.pt,28,396,304,56,117,0.005482280000000002
concat_finegrained1_KT2IPG.pt,28,343,144,52,68,0.00545024
concat_finegrained1_LA65GV.pt,28,434,258,93,105,0.005492039999999999
concat_finegrained1_Q145U9.pt,28,229,189,40,131,0.0054640999999999995
concat_finegrained1_Z65T6T.pt,28,342,152,67,63,0.005439879999999999
concat_finegrained1_RI6H4O.pt,28,429,187,95,90,0.0055029799999999985
concat_finegrained1_M53HW5.pt,28,418,191,49,78,0.0055226
concat_finegrained1_HX26DF.pt,28,247,305,94,93,0.00548198
concat_finegrained1_VHQYVM.pt,28,215,141,48,134,0.005452719999999998
concat_finegrained1_Z7S7RU.pt,28,323,147,54,77,0.005397659999999999
concat_finegrained1_SL4FY4.pt,28,508,222,87,72,0.005509019999999999
concat_finegrained1_TEHN8T.pt,28,349,194,90,138,0.0054835599999999984
concat_finegrained1_EK1PYI.pt,28,476,179,68,59,0.005506660000000001
concat_finegrained1_6EFUR1.pt,28,313,182,83,86,0.00540956
concat_finegrained1_CX8QIB.pt,28,338,226,51,85,0.005508460000000001
concat_finegrained1_ECIZE2.pt,28,412,221,45,101,0.005492599999999999
concat_finegrained1_ZZ9WQK.pt,28,369,242,85,67,0.0054648200000000004
concat_finegrained1_QC3NT3.pt,28,441,204,62,121,0.0054637
concat_finegrained1_WOPA6Q.pt,28,386,300,89,124,0.005513100000000002
concat_finegrained1_350ZFE.pt,14,868,58,86,92,0.005451959999999999
concat_finegrained1_CKNAHT.pt,14,967,52,151,66,0.00546932
concat_finegrained1_VP958P.pt,14,682,60,136,87,0.005582439999999999
concat_finegrained1_KZCAKH.pt,14,1109,34,100,99,0.0054613
concat_finegrained1_C3T96J.pt,14,1176,39,79,68,0.0054581000000000005
concat_finegrained1_K3QFG0.pt,14,1084,61,109,75,0.00546168
concat_finegrained1_DGYZ75.pt,14,891,44,138,90,0.005474699999999999
concat_finegrained1_NB5B9A.pt,14,559,38,84,93,0.00546226
concat_finegrained1_ZNLBTM.pt,14,1016,40,93,74,0.005518459999999999
concat_finegrained1_XF2MIC.pt,14,517,62,115,72,0.005467460000000002
concat_finegrained1_M77NPP.pt,14,570,35,172,62,0.00556218
concat_finegrained1_LMM7WV.pt,14,761,47,110,49,0.00546102
concat_finegrained1_6N24HF.pt,14,726,64,95,73,0.0054401200000000005
concat_finegrained1_76NKUP.pt,14,1001,45,102,55,0.0055623800000000004
concat_finegrained1_5EEZD2.pt,14,905,32,175,70,0.00545432
concat_finegrained1_8PN0E6.pt,14,930,53,152,57,0.00555322
concat_finegrained1_LN6K9R.pt,14,584,66,81,97,0.005465399999999998
concat_finegrained1_NWYY9G.pt,14,790,59,94,43,0.005462980000000001
concat_finegrained1_HIR26P.pt,14,652,55,92,98,0.005487619999999999
concat_finegrained1_B2PQHA.pt,14,797,33,120,53,0.036114780000000006
concat_finegrained1_UD31VQ.pt,14,1160,3,273,0,0.0052677800000000006
concat_finegrained1_E1E89F.pt,14,781,4,220,0,0.005386040000000001
concat_finegrained1_U7DANI.pt,14,1105,7,294,0,0.005320879999999999
concat_finegrained1_BGVR8O.pt,14,1425,6,231,0,0.005491280000000002
concat_finegrained1_TQCX16.pt,14,744,5,203,0,0.005471840000000001
concat_finegrained1_SPCMGR.pt,7,56,112,153,33,0.00542442
concat_finegrained1_67H3IN.pt,7,51,99,156,32,0.005599719999999998
concat_finegrained1_766AUC.pt,7,25,84,151,19,0.0054857199999999995
concat_finegrained1_WE1EKY.pt,7,36,74,186,31,0.005564740000000001
concat_finegrained1_TIXY9W.pt,7,38,67,235,27,0.0055761
concat_finegrained1_P4YTBF.pt,7,30,85,152,39,0.005463020000000002
concat_finegrained1_GPRZWD.pt,7,48,113,170,29,0.00549362
concat_finegrained1_8W4M8S.pt,7,39,64,140,37,0.0054405799999999995
concat_finegrained1_TFPXPN.pt,7,49,107,157,22,0.005500359999999999
concat_finegrained1_5VH3CJ.pt,7,37,119,188,17,0.005456100000000002
concat_finegrained1_2H3LMD.pt,7,40,95,230,25,0.00544894
concat_finegrained1_YLQT00.pt,7,59,89,126,38,0.0054566400000000004
concat_finegrained1_P5BHT7.pt,7,50,90,219,18,0.005650020000000001
concat_finegrained1_011TEM.pt,7,52,60,212,28,0.005725219999999998
concat_finegrained1_FG1GF5.pt,7,28,70,173,20,0.00557112
concat_finegrained1_ITHWV6.pt,7,29,79,144,23,0.005480440000000002
concat_finegrained1_GYJKH8.pt,7,43,93,118,35,0.0054710800000000006
concat_finegrained1_H04ABW.pt,7,46,58,177,26,0.0055014999999999994
concat_finegrained1_RLBQQR.pt,7,34,111,113,34,0.005487059999999999
concat_finegrained1_XJUB8Z.pt,7,35,104,148,24,0.0055504000000000005
concat_finegrained1_R8U9NN.pt,7,431,101,47,76,0.00546702
concat_finegrained1_4ITFJE.pt,7,220,141,70,154,0.00547988
concat_finegrained1_3IQO4W.pt,7,309,187,81,153,0.005472520000000001
concat_finegrained1_PLSIVM.pt,7,245,193,60,120,0.005516640000000001
concat_finegrained1_5B7LZP.pt,7,452,190,83,129,0.005477900000000001
concat_finegrained1_FAMKHI.pt,7,393,104,55,119,0.0054786800000000005
concat_finegrained1_UGJMXJ.pt,7,344,175,49,150,0.005414760000000001
concat_finegrained1_S6J40Y.pt,7,433,86,84,121,0.005615720000000001
concat_finegrained1_90BXQ2.pt,7,217,129,75,146,0.0054976800000000004
concat_finegrained1_3MOZBU.pt,7,336,113,50,100,0.005476459999999999
concat_finegrained1_NHNVRZ.pt,7,257,170,36,137,0.00550624
concat_finegrained1_CO2SRF.pt,7,260,106,78,99,0.005557299999999999
concat_finegrained1_2TUV5K.pt,7,471,95,77,72,0.00553018
concat_finegrained1_OXSE4M.pt,7,347,81,52,158,0.00546562
concat_finegrained1_I1HZWF.pt,7,279,123,71,71,0.005509620000000001
concat_finegrained1_CMIQT3.pt,7,234,189,82,147,0.005529759999999999
concat_finegrained1_833W9E.pt,7,349,166,48,107,0.005487319999999999
concat_finegrained1_C56EES.pt,7,273,94,41,156,0.005442400000000001
concat_finegrained1_CSLJID.pt,7,258,91,72,110,0.0054601799999999985
concat_finegrained1_H41K1K.pt,7,419,147,66,97,0.005470099999999999
concat_finegrained1_MP8E82.pt,7,79,9,27,92,0.005516459999999998
concat_finegrained1_D9BUOR.pt,7,72,8,30,131,0.005594679999999999
concat_finegrained1_TFL59C.pt,7,104,12,24,146,0.00545128
concat_finegrained1_Y40KZL.pt,7,94,7,19,71,0.005453199999999999
concat_finegrained1_GNAE0H.pt,7,56,11,21,130,0.0054808999999999995
concat_finegrained1_8NF4QF.pt,7,117,6,32,76,0.0054709400000000005
concat_finegrained1_8MP28W.pt,7,70,10,40,84,0.0054667
concat_finegrained1_2FL9UE.pt,7,103,14,33,75,0.005973040000000001
concat_finegrained1_0NI41S.pt,7,51,13,41,73,0.005479919999999999
concat_finegrained1_259FP2.pt,14,106,903,0,0,0.005101380000000001
concat_finegrained1_0P6NBO.pt,14,105,906,0,0,0.005107839999999999
concat_finegrained1_3AC3FZ.pt,14,119,772,0,0,0.005059140000000001
concat_finegrained1_NXC6FK.pt,14,108,756,0,0,0.00515562
concat_finegrained1_NPG7V9.pt,14,133,497,0,0,0.005128820000000002
concat_finegrained1_AF0WPH.pt,14,122,840,0,0,0.005091600000000001
concat_finegrained1_VRL1L1.pt,14,77,648,0,0,0.00510632
concat_finegrained1_I4J6UB.pt,14,149,533,0,0,0.0051569200000000015
concat_finegrained1_YVB6MY.pt,14,150,689,0,0,0.005106080000000001
concat_finegrained1_V3VPNJ.pt,14,87,767,0,0,0.005156740000000001
concat_finegrained1_C9NXFT.pt,14,159,838,0,0,0.005144320000000001
concat_finegrained1_P8TWP7.pt,14,153,807,0,0,0.00515062
concat_finegrained1_647M3H.pt,14,131,480,0,0,0.005093579999999999
concat_finegrained1_WSQ3ZI.pt,14,148,597,0,0,0.005172360000000002
concat_finegrained1_I7336K.pt,14,132,476,0,0,0.005104479999999999
concat_finegrained1_ZCX05Q.pt,14,107,787,0,0,0.005153579999999999
concat_finegrained1_U9V0YP.pt,14,113,782,0,0,0.005655760000000001
concat_finegrained1_TTPX89.pt,14,104,837,0,0,0.0051023399999999995
concat_finegrained1_X6A637.pt,14,86,596,0,0,0.005160840000000001
concat_finegrained1_FBG8UX.pt,14,95,583,0,0,0.005214219999999999
concat_finegrained1_AFZIWR.pt,14,1922,879,92,7,0.00548916
concat_finegrained1_GH23SF.pt,14,2154,826,121,6,0.01781158
concat_finegrained1_QSFU0J.pt,14,2243,672,168,4,0.00553558
concat_finegrained1_1NQA5P.pt,14,1815,655,85,5,0.005461800000000001
concat_finegrained1_91726D.pt,14,1221,633,97,3,0.005471779999999999
concat_finegrained1_LP0YQE.pt,14,27,99,0,0,0.005146779999999998
concat_finegrained1_B3ERZE.pt,14,39,104,0,0,0.005080719999999999
concat_finegrained1_83JM96.pt,14,54,52,0,0,0.005149599999999999
concat_finegrained1_VB38IN.pt,14,52,118,0,0,0.00511822
concat_finegrained1_93HKP6.pt,14,45,93,0,0,0.005148879999999999
concat_finegrained1_KHME2F.pt,14,50,103,0,0,0.0051556399999999995
concat_finegrained1_KNV3XH.pt,14,53,59,0,0,0.004993
concat_finegrained1_732VY6.pt,14,41,75,0,0,0.005126880000000001
concat_finegrained1_U945ZP.pt,14,25,60,0,0,0.005099619999999999
concat_finegrained1_5DGLTO.pt,14,49,64,0,0,0.005068920000000001
concat_finegrained1_ILP5EQ.pt,14,34,76,0,0,0.005089299999999999
concat_finegrained1_HAI0Z8.pt,14,48,55,0,0,0.006639219999999998
concat_finegrained1_ZH28U0.pt,14,43,111,0,0,0.0051115200000000005
concat_finegrained1_8AR5ZB.pt,14,35,85,0,0,0.00515152
concat_finegrained1_CBEPIR.pt,14,47,110,0,0,0.008073659999999996
concat_finegrained1_4I4D4S.pt,14,26,63,0,0,0.005094540000000001
concat_finegrained1_GSHXXX.pt,14,37,94,0,0,0.005113860000000001
concat_finegrained1_24C3Z1.pt,14,38,78,0,0,0.013873999999999996
concat_finegrained1_TWBIR3.pt,14,32,69,0,0,0.00725226
concat_finegrained1_7Y5QLK.pt,14,57,70,0,0,0.005104199999999999
concat_finegrained1_QZHEKA.pt,14,18,86,0,0,0.005334600000000002
concat_finegrained1_UZQP2G.pt,14,19,80,0,0,0.01421288
concat_finegrained1_YHNSJZ.pt,14,27,128,0,0,0.0050780999999999995
concat_finegrained1_QHPFRP.pt,14,15,112,0,0,0.00617148
concat_finegrained1_EVIYI8.pt,14,24,107,0,0,0.0050841
concat_finegrained1_1TH7NG.pt,14,17,94,0,0,0.007874060000000002
concat_finegrained1_UMZQ8H.pt,14,26,73,0,0,0.00566082
concat_finegrained1_2K8TAF.pt,14,31,83,0,0,0.005138720000000001
concat_finegrained1_12B7JS.pt,14,30,142,0,0,0.005575199999999999
concat_finegrained1_NJWDSB.pt,14,29,85,0,0,0.00508594
concat_finegrained1_J56BHC.pt,14,28,66,0,0,0.00886788
concat_finegrained1_9QKMV2.pt,14,16,101,0,0,0.005112060000000002
concat_finegrained1_YICNW0.pt,14,14,75,0,0,0.009452920000000002
concat_finegrained1_DMZFFU.pt,14,25,154,0,0,0.005194399999999999
concat_finegrained1_80RR41.pt,14,21,135,0,0,0.005098220000000001
concat_finegrained1_E62MCO.pt,14,20,82,0,0,0.006950260000000002
concat_finegrained1_CLQEIJ.pt,14,22,106,0,0,0.009283140000000004
concat_finegrained1_5GI31M.pt,14,13,97,0,0,0.00510392
concat_finegrained1_1XJ5ZY.pt,14,23,119,0,0,0.0050913
concat_finegrained1_48JSS7.pt,56,535,520,29,30,0.00550478
concat_finegrained1_RH6PEW.pt,56,665,440,26,20,0.005497599999999999
concat_finegrained1_CHAQ80.pt,56,469,310,42,28,0.00539432
concat_finegrained1_2R5FP7.pt,56,753,581,44,16,0.005424880000000001
concat_finegrained1_X4DU9Y.pt,56,737,378,32,15,0.005482100000000001
concat_finegrained1_1FWM4D.pt,56,349,313,27,27,0.00560576
concat_finegrained1_RT904P.pt,56,685,538,34,18,0.005490479999999997
concat_finegrained1_FKXJCT.pt,56,571,293,33,22,0.005501459999999999
concat_finegrained1_D5MFXR.pt,56,466,386,22,25,0.0054595799999999995
concat_finegrained1_7TS54B.pt,56,755,616,43,17,0.005481520000000002
concat_finegrained1_PS5TRZ.pt,56,548,450,35,26,0.0054821800000000006
concat_finegrained1_HSWD8V.pt,56,500,605,36,29,0.005527500000000003
concat_finegrained1_8LPG9W.pt,56,465,335,25,24,0.006077619999999999
concat_finegrained1_CMO79V.pt,56,477,407,40,14,0.005511360000000001
concat_finegrained1_0TTB3Z.pt,56,539,623,39,21,0.005463100000000001
concat_finegrained1_LYA05I.pt,56,462,423,20,23,0.00545692
concat_finegrained1_11WCPN.pt,56,442,263,23,19,0.00545384
concat_finegrained1_QU7NAC.pt,56,387,338,24,13,0.00550218
concat_finegrained1_SUUIT1.pt,14,20,102,0,0,0.0056045
concat_finegrained1_JVOVHR.pt,14,11,84,0,0,0.0063961800000000004
concat_finegrained1_Y7TUO8.pt,14,24,54,0,0,0.007554519999999998
concat_finegrained1_4NV71C.pt,14,21,105,0,0,0.005070119999999999
concat_finegrained1_SH99D8.pt,14,13,59,0,0,0.0050872800000000004
concat_finegrained1_IHVUBI.pt,14,17,107,0,0,0.0050547
concat_finegrained1_3Z4IIL.pt,14,25,57,0,0,0.010989600000000006
concat_finegrained1_R4UYS7.pt,14,14,101,0,0,0.017770960000000002
concat_finegrained1_0KGQ0U.pt,14,22,100,0,0,0.005217920000000002
concat_finegrained1_YFIXU5.pt,14,23,85,0,0,0.005095320000000001
concat_finegrained1_01UVJA.pt,14,19,91,0,0,0.005103600000000001
concat_finegrained1_9OIFOQ.pt,14,16,58,0,0,0.005091259999999999
concat_finegrained1_3DT689.pt,14,18,97,0,0,0.0050532799999999985
concat_finegrained1_V55M8B.pt,14,15,81,0,0,0.005130579999999999
concat_finegrained1_MLQ3DP.pt,14,12,114,0,0,0.033019860000000005
concat_finegrained1_JW59AI.pt,14,251,109,19,0,0.005263599999999999
concat_finegrained1_PCRK5H.pt,14,389,51,28,0,0.00539952
concat_finegrained1_G766M6.pt,14,383,48,30,0,0.0053571
concat_finegrained1_MUJC10.pt,14,379,67,38,0,0.0053672799999999994
concat_finegrained1_QEVT6F.pt,14,284,58,24,0,0.0053089200000000026
concat_finegrained1_DJF4UU.pt,14,271,108,17,0,0.005297860000000001
concat_finegrained1_TOZPJV.pt,14,170,101,36,0,0.0052765799999999995
concat_finegrained1_43I7CC.pt,14,304,80,25,0,0.005264679999999999
concat_finegrained1_YVQMAY.pt,14,190,72,34,0,0.005285219999999999
concat_finegrained1_94UBOQ.pt,14,199,53,20,0,0.00528112
concat_finegrained1_IOO2Q2.pt,14,205,60,32,0,0.00526786
concat_finegrained1_HZQYAQ.pt,14,180,74,22,0,0.0052717599999999995
concat_finegrained1_AZHYUM.pt,14,330,103,35,0,0.005831900000000001
concat_finegrained1_VW8WPP.pt,14,244,94,18,0,0.0059502999999999995
concat_finegrained1_81PSMK.pt,14,200,77,37,0,0.005797479999999998
concat_finegrained1_Q4VI37.pt,14,282,57,26,0,0.00541784
concat_finegrained1_92CYBU.pt,14,208,105,31,0,0.03371762
concat_finegrained1_E3Z8BS.pt,14,194,55,29,0,0.0052992
concat_finegrained1_SA5USE.pt,14,350,70,27,0,0.00528128
concat_finegrained1_LJNIE8.pt,14,347,93,33,0,0.0053510400000000005
concat_finegrained1_6KEVRR.pt,7,93,147,0,0,0.00511488
concat_finegrained1_QHLVSW.pt,7,91,94,0,0,0.005993459999999999
concat_finegrained1_M7N71D.pt,7,76,117,0,0,0.0050951
concat_finegrained1_H9A4KO.pt,7,46,75,0,0,0.03255882
concat_finegrained1_FJ0SA2.pt,7,68,69,0,0,0.030272280000000006
concat_finegrained1_YSEC0T.pt,7,99,140,0,0,0.006941419999999999
concat_finegrained1_3NLV7K.pt,7,81,85,0,0,0.008340080000000001
concat_finegrained1_J734YJ.pt,7,45,73,0,0,0.005076099999999999
concat_finegrained1_ILTZBD.pt,7,84,80,0,0,0.01161076
concat_finegrained1_APUVW7.pt,7,104,134,0,0,0.0073940600000000035
concat_finegrained1_NI8YXH.pt,7,60,102,0,0,0.0052035200000000005
concat_finegrained1_PTTQ1O.pt,7,52,79,0,0,0.011034519999999999
concat_finegrained1_9CAHOV.pt,7,73,119,0,0,0.005206720000000001
concat_finegrained1_KBBXXF.pt,7,95,68,0,0,0.00836334
concat_finegrained1_RTFP35.pt,7,48,78,0,0,0.0066193599999999995
concat_finegrained1_JRIA7H.pt,7,98,121,0,0,0.009727600000000001
concat_finegrained1_OSYR7R.pt,7,103,133,0,0,0.007426840000000001
concat_finegrained1_8LK1I3.pt,7,53,95,0,0,0.0051522999999999985
concat_finegrained1_E5U0EF.pt,7,106,145,0,0,0.011141719999999997
concat_finegrained1_1UFL0J.pt,7,107,120,0,0,0.006118440000000002
concat_finegrained1_4KFJ8G.pt,56,174,18,245,904,0.005423979999999999
concat_finegrained1_M4KYWH.pt,56,253,19,109,976,0.005420440000000001
concat_finegrained1_09AX0W.pt,56,190,20,161,635,0.00543482
concat_finegrained1_H8JFGM.pt,56,225,30,206,938,0.005431419999999999
concat_finegrained1_N80EQT.pt,56,147,23,172,744,0.005412180000000001
concat_finegrained1_I9MYFC.pt,56,164,29,132,690,0.005408720000000001
concat_finegrained1_F7TGYC.pt,56,199,25,173,731,0.00546072
concat_finegrained1_TVDS9I.pt,56,277,26,180,1121,0.0054207
concat_finegrained1_7J38PH.pt,56,236,31,216,813,0.0054719799999999996
concat_finegrained1_0XDDHM.pt,56,162,15,182,803,0.0056620199999999985
concat_finegrained1_Z3JZN6.pt,56,166,27,151,655,0.00537154
concat_finegrained1_OCC45U.pt,56,273,24,243,786,0.00593878
concat_finegrained1_U6VOVW.pt,56,116,32,227,784,0.0054531000000000015
concat_finegrained1_2AYKYO.pt,56,234,14,256,804,0.00546222
concat_finegrained1_8GS45Y.pt,56,129,28,225,675,0.005444380000000001
concat_finegrained1_RNPW5F.pt,56,212,16,208,903,0.005888119999999997
concat_finegrained1_JCHT2Z.pt,56,191,21,166,498,0.005421520000000001
concat_finegrained1_PUMYNT.pt,56,159,33,214,639,0.006856540000000001
concat_finegrained1_Y4UMSX.pt,56,218,22,240,1126,0.0054590199999999985
concat_finegrained1_HHAJX7.pt,56,142,17,135,578,0.00543624
concat_finegrained1_X9THIN.pt,7,68,107,0,0,0.00672306
concat_finegrained1_DUAC4F.pt,7,59,101,0,0,0.0066834799999999995
concat_finegrained1_PVZZR9.pt,7,57,84,0,0,0.012197339999999996
concat_finegrained1_SVK7EI.pt,7,70,116,0,0,0.009781259999999996
concat_finegrained1_S0PEFL.pt,7,81,96,0,0,0.005773359999999998
concat_finegrained1_EHM7RY.pt,7,54,68,0,0,0.00515082
concat_finegrained1_LEYUX0.pt,7,82,65,0,0,0.005186499999999999
concat_finegrained1_O2PE66.pt,7,90,100,0,0,0.01065688
concat_finegrained1_ERVR54.pt,7,91,125,0,0,0.005108419999999999
concat_finegrained1_XZ85OE.pt,7,99,88,0,0,0.0052083400000000005
concat_finegrained1_VS4C7N.pt,7,97,129,0,0,0.0058235000000000006
concat_finegrained1_880JRH.pt,7,119,66,0,0,0.005527880000000002
concat_finegrained1_QD0EXT.pt,7,123,120,0,0,0.005110599999999998
concat_finegrained1_BCJUNV.pt,7,65,114,0,0,0.005108959999999998
concat_finegrained1_VWK0UT.pt,7,84,112,0,0,0.008698919999999999
concat_finegrained1_A20JW7.pt,7,80,131,0,0,0.011659019999999994
concat_finegrained1_8YWWDD.pt,7,121,58,0,0,0.0093116
concat_finegrained1_AQBIIS.pt,7,120,80,0,0,0.006605039999999999
concat_finegrained1_03O9OA.pt,7,125,119,0,0,0.0080651
concat_finegrained1_6FDK7C.pt,7,86,77,0,0,0.0051782200000000025
concat_finegrained1_95RFPA.pt,7,67,805,47,0,0.005427460000000002
concat_finegrained1_GTC3UF.pt,7,103,785,65,0,0.005684660000000004
concat_finegrained1_IIIBIT.pt,7,55,457,36,0,0.005861539999999999
concat_finegrained1_OL95IH.pt,7,88,657,44,0,0.00530668
concat_finegrained1_4NUC1L.pt,7,53,351,31,0,0.005335339999999999
concat_finegrained1_1MDG0W.pt,7,63,764,71,0,0.005353439999999998
concat_finegrained1_DFHZ7M.pt,7,66,587,32,0,0.005332399999999999
concat_finegrained1_H2YMT9.pt,7,80,782,61,0,0.005404219999999999
concat_finegrained1_UP3JHE.pt,7,101,801,69,0,0.0054093399999999995
concat_finegrained1_E5CGDP.pt,7,99,584,59,0,0.005325660000000001
concat_finegrained1_SPN31J.pt,7,86,493,63,0,0.005339520000000002
concat_finegrained1_6O2Y62.pt,7,87,513,50,0,0.005440780000000001
concat_finegrained1_YYL3UN.pt,7,56,430,66,0,0.005399159999999999
concat_finegrained1_VPLPDJ.pt,7,76,575,37,0,0.005368600000000001
concat_finegrained1_PVU88K.pt,7,95,433,67,0,0.00538918
concat_finegrained1_2EHDRA.pt,7,81,490,30,0,0.005798320000000001
concat_finegrained1_QKZFWZ.pt,7,105,740,46,0,0.005353300000000001
concat_finegrained1_HRKFIL.pt,7,79,735,49,0,0.0053076600000000005
concat_finegrained1_X4883Q.pt,7,91,418,40,0,0.005365300000000001
concat_finegrained1_KDQHTT.pt,7,107,710,56,0,0.0053945799999999995
concat_finegrained1_21EDC6.pt,14,68,112,126,48,0.0054778199999999996
concat_finegrained1_8QRU4Z.pt,14,78,139,95,53,0.0054514
concat_finegrained1_93618Q.pt,14,93,119,112,38,0.005544460000000001
concat_finegrained1_BHX3E7.pt,14,64,129,86,59,0.005513879999999999
concat_finegrained1_XIGTM4.pt,14,49,140,61,39,0.005460499999999999
concat_finegrained1_6AE3Q5.pt,14,102,114,85,49,0.00542908
concat_finegrained1_ND827S.pt,14,77,102,94,35,0.00547116
concat_finegrained1_I9Y4M3.pt,14,101,100,69,73,0.005522560000000001
concat_finegrained1_B20LGX.pt,14,86,145,143,75,0.005473840000000001
concat_finegrained1_9SCPHK.pt,14,81,78,113,52,0.005437000000000001
concat_finegrained1_3EGMXC.pt,14,73,121,108,40,0.005469639999999999
concat_finegrained1_6DRGRJ.pt,14,75,93,128,42,0.025495959999999998
concat_finegrained1_R7HH8X.pt,14,104,111,142,78,0.005583200000000002
concat_finegrained1_DODFCD.pt,14,91,127,125,33,0.005511000000000001
concat_finegrained1_I23VZ6.pt,14,76,83,101,50,0.005468479999999999
concat_finegrained1_4TCV3M.pt,14,74,91,91,71,0.005474739999999999
concat_finegrained1_DK6G55.pt,14,79,88,110,47,0.005473500000000003
concat_finegrained1_JGZ7RH.pt,14,94,61,105,67,0.005567680000000002
concat_finegrained1_860H2N.pt,14,63,67,84,77,0.005452379999999998
concat_finegrained1_5UH2VM.pt,14,47,71,121,54,0.005551940000000001
concat_finegrained1_N0PRDN.pt,14,220,19,139,0,0.00529968
concat_finegrained1_7U6ISG.pt,14,141,21,123,0,0.00524386
concat_finegrained1_24GXZ3.pt,14,215,24,142,0,0.005294659999999999
concat_finegrained1_X53LPV.pt,14,152,29,169,0,0.00529496
concat_finegrained1_DMB4C2.pt,14,285,22,138,0,0.005281
concat_finegrained1_JJ2Z72.pt,14,242,18,128,0,0.005259940000000002
concat_finegrained1_XAWN49.pt,14,148,14,124,0,0.0053003
concat_finegrained1_PVHLAE.pt,14,193,20,134,0,0.00529554
concat_finegrained1_EU2T19.pt,14,153,30,150,0,0.0055073399999999995
concat_finegrained1_G4YRO3.pt,14,186,27,177,0,0.005314520000000001
concat_finegrained1_IG54Q6.pt,14,243,26,121,0,0.00581392
concat_finegrained1_CQWNTR.pt,14,134,13,100,0,0.00530852
concat_finegrained1_YD5K8M.pt,14,269,25,136,0,0.005298100000000001
concat_finegrained1_OVI3LF.pt,14,131,23,90,0,0.005447479999999999
concat_finegrained1_VCTI5K.pt,14,133,15,148,0,0.005313440000000002
concat_finegrained1_6EWSY8.pt,14,168,17,167,0,0.00528592
concat_finegrained1_HHYBRC.pt,14,267,16,114,0,0.005348659999999998
concat_finegrained1_BFQZKJ.pt,14,136,28,174,0,0.005281159999999998
concat_finegrained1_ZRZT90.pt,14,28,113,0,0,0.0051021799999999996
concat_finegrained1_AROYMN.pt,14,35,86,0,0,0.005097339999999999
concat_finegrained1_ZKHEKV.pt,14,23,73,0,0,0.005107499999999998
concat_finegrained1_4JRLDS.pt,14,33,142,0,0,0.005087080000000001
concat_finegrained1_P598CL.pt,14,41,66,0,0,0.006373980000000001
concat_finegrained1_0KTUNW.pt,14,24,94,0,0,0.005221139999999998
concat_finegrained1_449KTM.pt,14,37,125,0,0,0.005197839999999998
concat_finegrained1_8EN03H.pt,14,26,120,0,0,0.0050628800000000005
concat_finegrained1_AMMSJD.pt,14,29,109,0,0,0.00963114
concat_finegrained1_E7SJN7.pt,14,47,124,0,0,0.00510356
concat_finegrained1_8HTODY.pt,14,44,90,0,0,0.03291125999999999
concat_finegrained1_J0QDD0.pt,14,30,106,0,0,0.011222320000000003
concat_finegrained1_DLKI4B.pt,14,51,107,0,0,0.011534380000000004
concat_finegrained1_2XQ291.pt,14,36,146,0,0,0.0051362000000000005
concat_finegrained1_27REBS.pt,14,25,97,0,0,0.0051829400000000005
concat_finegrained1_P1OI4Z.pt,14,39,145,0,0,0.00505824
concat_finegrained1_MY3ES8.pt,14,48,83,0,0,0.005104359999999999
concat_finegrained1_5M5EIW.pt,14,50,100,0,0,0.0050826
concat_finegrained1_B3SHQT.pt,14,40,68,0,0,0.00509168
concat_finegrained1_H447R4.pt,14,32,132,0,0,0.0050986799999999995
concat_finegrained1_EH1HT1.pt,7,101,183,4,1005,0.005476920000000004
concat_finegrained1_QZA3WB.pt,7,100,171,5,1166,0.0054589799999999996
concat_finegrained1_0KRBT1.pt,7,90,212,3,635,0.0054969200000000015
concat_finegrained1_TRLFVY.pt,7,62,233,2,797,0.0055016
concat_finegrained1_NFYUNE.pt,14,537,18,145,102,0.005498100000000002
concat_finegrained1_SQVH8L.pt,14,626,17,138,203,0.00545752
concat_finegrained1_DVN5IJ.pt,14,1014,28,70,217,0.005465679999999998
concat_finegrained1_V7EIC1.pt,14,900,27,110,240,0.005471240000000001
concat_finegrained1_GWJ5YA.pt,14,465,25,90,219,0.005458099999999999
concat_finegrained1_33YW9H.pt,14,587,29,135,239,0.005480640000000001
concat_finegrained1_HHNCWS.pt,14,771,22,66,131,0.005484239999999999
concat_finegrained1_W3L832.pt,14,630,15,69,210,0.005497319999999999
concat_finegrained1_8OW6TJ.pt,14,962,31,91,230,0.00546678
concat_finegrained1_OTYKT3.pt,14,809,21,94,127,0.0054515200000000005
concat_finegrained1_P9J56Y.pt,14,622,20,121,156,0.0054890600000000005
concat_finegrained1_92EJEI.pt,14,722,16,142,211,0.00552758
concat_finegrained1_EPZAGR.pt,14,879,26,144,157,0.005469439999999999
concat_finegrained1_FUSQEP.pt,14,867,13,64,172,0.005557340000000001
concat_finegrained1_OJMNKG.pt,14,637,23,62,234,0.005487319999999999
concat_finegrained1_M4D2KQ.pt,14,947,24,127,101,0.00549452
concat_finegrained1_T1NLBG.pt,14,902,30,137,107,0.005476259999999999
concat_finegrained1_B43CX7.pt,14,453,14,75,175,0.005505960000000001
concat_finegrained1_75J1TG.pt,14,597,19,119,137,0.005455840000000001
concat_finegrained1_DMYJ6P.pt,7,116,98,0,0,0.006969779999999998
concat_finegrained1_FNOWJ9.pt,7,132,159,0,0,0.005676960000000001
concat_finegrained1_6OHTA9.pt,7,115,129,0,0,0.01702042
concat_finegrained1_NJ4TZH.pt,7,230,161,0,0,0.00520844
concat_finegrained1_VYVAV3.pt,7,257,99,0,0,0.005114700000000001
concat_finegrained1_JZ03HC.pt,7,131,198,0,0,0.005091260000000001
concat_finegrained1_TCRHEU.pt,7,159,93,0,0,0.0142672
concat_finegrained1_YIWAFK.pt,7,204,119,0,0,0.007432719999999999
concat_finegrained1_747HAS.pt,7,200,132,0,0,0.005110099999999999
concat_finegrained1_1LVIRA.pt,7,203,175,0,0,0.00519772
concat_finegrained1_IAF8SM.pt,7,130,107,0,0,0.01095868
concat_finegrained1_8WTSIG.pt,7,193,154,0,0,0.007526339999999997
concat_finegrained1_B1UWDV.pt,7,187,203,0,0,0.005258879999999999
concat_finegrained1_QC7Q76.pt,7,152,165,0,0,0.00512678
concat_finegrained1_KQHVYJ.pt,7,143,117,0,0,0.005163279999999999
concat_finegrained1_DG48GM.pt,7,216,140,0,0,0.00507822
concat_finegrained1_C4YSLF.pt,7,225,95,0,0,0.00510724
concat_finegrained1_4TVYK5.pt,7,173,91,0,0,0.005090099999999999
concat_finegrained1_JKPGNX.pt,7,146,150,0,0,0.005410780000000001
concat_finegrained1_4UNVRM.pt,7,136,143,0,0,0.00516718
concat_finegrained1_AACYIW.pt,7,134,477,57,543,0.005532839999999999
concat_finegrained1_W2Y13U.pt,7,161,552,53,476,0.00562716
concat_finegrained1_40D4HL.pt,7,144,529,25,569,0.00548354
concat_finegrained1_G8ZDBX.pt,7,136,588,51,361,0.005489819999999999
concat_finegrained1_4UB0MX.pt,7,196,323,48,440,0.005544119999999999
concat_finegrained1_LPJH3Y.pt,7,127,346,59,367,0.005475199999999999
concat_finegrained1_Q9XLIZ.pt,7,189,574,42,498,0.005532640000000001
concat_finegrained1_OA77LE.pt,7,205,592,35,506,0.005497359999999999
concat_finegrained1_PMHNMD.pt,7,143,543,46,330,0.005545819999999999
concat_finegrained1_FJOXDH.pt,7,164,280,34,430,0.0054792400000000015
concat_finegrained1_CCQOZM.pt,7,118,387,47,293,0.005451540000000001
concat_finegrained1_V7F2FG.pt,7,180,366,40,278,0.005500959999999998
concat_finegrained1_DOW4S6.pt,7,108,418,44,520,0.005480799999999999
concat_finegrained1_LG8M09.pt,7,138,367,58,595,0.005467839999999999
concat_finegrained1_XOAGBA.pt,7,188,577,37,324,0.0054877799999999985
concat_finegrained1_8DG1UN.pt,7,221,504,32,325,0.005507060000000001
concat_finegrained1_NIATR4.pt,7,141,486,55,480,0.005468779999999999
concat_finegrained1_93YX7M.pt,7,193,440,38,554,0.005472939999999999
concat_finegrained1_BY3HFS.pt,7,132,380,36,564,0.005463039999999999
concat_finegrained1_4HUBNT.pt,7,184,472,30,576,0.005483760000000001
concat_finegrained1_C60H64.pt,14,1106,133,197,127,0.005448919999999999
concat_finegrained1_0V3AX5.pt,14,783,136,132,71,0.00546016
concat_finegrained1_GV9M5C.pt,14,974,88,112,107,0.005491960000000001
concat_finegrained1_SH307T.pt,14,611,164,193,125,0.005487339999999999
concat_finegrained1_RC8QUJ.pt,14,1013,82,156,63,0.00556762
concat_finegrained1_0WEF2O.pt,14,680,90,175,82,0.005496339999999999
concat_finegrained1_PED9S6.pt,14,800,112,88,87,0.00547226
concat_finegrained1_T4UU3A.pt,14,730,167,125,94,0.00557576
concat_finegrained1_ZMGLXV.pt,14,1337,109,155,84,0.005454639999999999
concat_finegrained1_BC2GZD.pt,14,720,76,158,101,0.005542239999999999
concat_finegrained1_V2YJT1.pt,14,659,110,91,110,0.005486800000000001
concat_finegrained1_2FRR20.pt,14,1081,72,86,139,0.005461079999999998
concat_finegrained1_49K0D9.pt,14,1117,119,168,65,0.00545618
concat_finegrained1_1XQ4WX.pt,14,1143,153,101,89,0.00547262
concat_finegrained1_RFK8CE.pt,14,768,163,136,64,0.005463220000000002
concat_finegrained1_HKWMC8.pt,14,766,160,148,99,0.005511099999999999
concat_finegrained1_X4OV4P.pt,14,622,86,181,112,0.005429840000000002
concat_finegrained1_XWQSDH.pt,14,728,150,179,88,0.005459379999999999
concat_finegrained1_PMLQ7S.pt,14,756,127,186,115,0.005524180000000002
concat_finegrained1_D7MS32.pt,14,1102,107,89,103,0.0054597000000000005
concat_finegrained1_ANRKTI.pt,14,24,202,138,6,0.00550024
concat_finegrained1_BJ0AOP.pt,14,20,131,172,4,0.005990120000000001
concat_finegrained1_Q6J1GV.pt,14,29,145,186,5,0.0055432400000000005
concat_finegrained1_Y4F6YJ.pt,14,22,111,141,3,0.005536899999999998
concat_finegrained1_AC8F82.pt,28,709,561,201,811,0.005472640000000002
concat_finegrained1_Z215IN.pt,28,1078,323,166,644,0.005473380000000001
concat_finegrained1_GGDGE4.pt,28,982,256,193,992,0.00546334
concat_finegrained1_MG0UIN.pt,28,1133,539,164,665,0.005859800000000001
concat_finegrained1_8XJAJ5.pt,28,701,503,105,800,0.0054757600000000005
concat_finegrained1_F79K86.pt,28,707,583,162,637,0.005492599999999999
concat_finegrained1_FHGDVS.pt,28,1177,342,141,483,0.005470999999999999
concat_finegrained1_GBANVJ.pt,28,656,273,150,769,0.0054744799999999995
concat_finegrained1_MD8C2H.pt,28,585,309,146,496,0.00546072
concat_finegrained1_56B60Y.pt,28,1117,598,176,444,0.005473459999999998
concat_finegrained1_TCYXI4.pt,28,649,358,177,697,0.0055457000000000015
concat_finegrained1_RGAPXN.pt,28,1171,364,159,809,0.0055356400000000005
concat_finegrained1_SQXMUA.pt,28,1019,387,140,657,0.005470820000000002
concat_finegrained1_DDNAC1.pt,28,577,490,204,928,0.00548864
concat_finegrained1_5C002Z.pt,28,718,557,147,786,0.005465939999999999
concat_finegrained1_BSN034.pt,28,856,334,208,939,0.005504700000000002
concat_finegrained1_FK6BK9.pt,28,1194,419,168,910,0.0055086
concat_finegrained1_H0ETZX.pt,28,885,392,203,695,0.0054874599999999996
concat_finegrained1_ENGUQP.pt,28,755,313,122,670,0.005456419999999998
concat_finegrained1_U678AT.pt,28,644,348,110,972,0.00549904
concat_finegrained1_WXV9CC.pt,14,550,488,954,0,0.00532562
concat_finegrained1_964B8J.pt,14,388,566,813,0,0.0052721600000000006
concat_finegrained1_MG615R.pt,14,486,375,678,0,0.005322320000000002
concat_finegrained1_I3X745.pt,14,260,296,994,0,0.005303820000000002
concat_finegrained1_SK4BX9.pt,14,371,367,1159,0,0.005237039999999999
concat_finegrained1_0MXO7A.pt,14,499,622,905,0,0.00543132
concat_finegrained1_X95APF.pt,14,434,591,1038,0,0.005261460000000001
concat_finegrained1_PPAFY3.pt,14,540,357,863,0,0.005400780000000001
concat_finegrained1_O0UP9V.pt,14,354,588,660,0,0.005312860000000002
concat_finegrained1_HYEXPE.pt,14,301,430,984,0,0.005293979999999999
concat_finegrained1_FAH2H0.pt,14,465,318,981,0,0.005263819999999998
concat_finegrained1_M4RCW7.pt,14,431,495,891,0,0.027825520000000006
concat_finegrained1_9EO1RS.pt,14,399,413,779,0,0.005270159999999999
concat_finegrained1_C2HK8N.pt,14,266,606,772,0,0.005285260000000001
concat_finegrained1_XSCETB.pt,14,526,300,704,0,0.005269499999999999
concat_finegrained1_UJLCEG.pt,14,383,331,658,0,0.0052548
concat_finegrained1_4UIVRK.pt,14,351,543,743,0,0.00529468
concat_finegrained1_5D5MDA.pt,14,468,464,676,0,0.00533008
concat_finegrained1_ZB7M6Z.pt,14,416,587,699,0,0.0053421200000000005
concat_finegrained1_F7M9G6.pt,14,291,388,498,0,0.005413579999999999
concat_finegrained1_WAV50M.pt,28,42,660,0,0,0.0051182400000000005
concat_finegrained1_1NR7T8.pt,28,38,784,0,0,0.0051305
concat_finegrained1_DV2AYX.pt,28,28,826,0,0,0.005216500000000001
concat_finegrained1_K1UT9Z.pt,28,25,1123,0,0,0.00512092
concat_finegrained1_JZAYQF.pt,28,37,723,0,0,0.005153800000000001
concat_finegrained1_YY939S.pt,28,39,763,0,0,0.005154400000000001
concat_finegrained1_6ZV587.pt,28,21,1094,0,0,0.0051199400000000025
concat_finegrained1_EU0814.pt,28,30,868,0,0,0.0052054599999999986
concat_finegrained1_BBZ9QJ.pt,28,46,745,0,0,0.00511778
concat_finegrained1_1ICYOD.pt,28,31,878,0,0,0.005532679999999999
concat_finegrained1_XHRMWU.pt,28,33,541,0,0,0.005061500000000001
concat_finegrained1_5WWHF6.pt,28,27,770,0,0,0.005119300000000001
concat_finegrained1_7FBP07.pt,28,26,797,0,0,0.005121399999999999
concat_finegrained1_4WARPZ.pt,28,23,479,0,0,0.00505496
concat_finegrained1_R2NHAI.pt,28,47,894,0,0,0.005229559999999999
concat_finegrained1_O5HVK5.pt,28,20,989,0,0,0.00514664
concat_finegrained1_EYRAC1.pt,28,29,753,0,0,0.019037800000000004
concat_finegrained1_N3RUVB.pt,28,36,998,0,0,0.005133739999999998
concat_finegrained1_UYG4A2.pt,28,24,767,0,0,0.005225740000000001
concat_finegrained1_PE1Z93.pt,28,40,537,0,0,0.00507136
concat_finegrained1_NHX8I3.pt,7,125,871,0,0,0.005563540000000001
concat_finegrained1_CBIF6E.pt,7,159,854,0,0,0.00510318
concat_finegrained1_TV3QZG.pt,7,220,529,0,0,0.007099659999999999
concat_finegrained1_88Z9US.pt,7,261,1177,0,0,0.0051623200000000015
concat_finegrained1_CC24MP.pt,7,205,898,0,0,0.00508126
concat_finegrained1_UYOH20.pt,7,213,1170,0,0,0.00515806
concat_finegrained1_2WFXVL.pt,7,244,958,0,0,0.005235780000000001
concat_finegrained1_FNWEKA.pt,7,181,512,0,0,0.00509052
concat_finegrained1_8W8SWY.pt,7,184,708,0,0,0.00509208
concat_finegrained1_9TYUL1.pt,7,156,831,0,0,0.005108339999999999
concat_finegrained1_2J9PME.pt,7,124,1176,0,0,0.00514358
concat_finegrained1_INPWB3.pt,7,139,803,0,0,0.006625319999999999
concat_finegrained1_T8TUNK.pt,7,195,794,0,0,0.005121400000000001
concat_finegrained1_0G81M5.pt,7,226,655,0,0,0.005104519999999999
concat_finegrained1_R59WP4.pt,7,179,857,0,0,0.00505438
concat_finegrained1_1OVGZR.pt,7,281,1113,0,0,0.005177579999999999
concat_finegrained1_XLRYHT.pt,7,167,1058,0,0,0.00508052
concat_finegrained1_2XI8JL.pt,7,191,507,0,0,0.005164800000000001
concat_finegrained1_0P7IJY.pt,7,183,1003,0,0,0.005122999999999999
concat_finegrained1_NX84R3.pt,7,123,505,0,0,0.005211659999999999
concat_finegrained1_RUUN9Y.pt,7,5,155,102,1082,0.005493699999999999
concat_finegrained1_97GK2C.pt,7,4,112,179,836,0.005488199999999999
concat_finegrained1_YKNHW8.pt,7,6,95,128,866,0.005533099999999998
concat_finegrained1_18ESAB.pt,7,3,89,108,699,0.005469820000000001
concat_finegrained1_ZOGLS7.pt,56,509,71,76,67,0.00547044
concat_finegrained1_ATMZ52.pt,56,796,84,127,97,0.0054279
concat_finegrained1_Q3DT0T.pt,56,787,146,121,109,0.005456199999999998
concat_finegrained1_M0HXEJ.pt,56,946,78,109,139,0.0054180800000000005
concat_finegrained1_NL2WAW.pt,56,734,161,103,92,0.00546736
concat_finegrained1_3QJBYE.pt,56,905,134,102,143,0.00544302
concat_finegrained1_OGI0QT.pt,56,540,100,128,74,0.005460660000000001
concat_finegrained1_JKVR2Y.pt,56,644,87,84,124,0.00544162
concat_finegrained1_N7W2LO.pt,56,627,155,111,83,0.005355820000000001
concat_finegrained1_9YNF19.pt,56,465,91,75,75,0.005499440000000002
concat_finegrained1_OT6SQ8.pt,56,414,144,60,105,0.005448419999999998
concat_finegrained1_2E82K0.pt,56,812,74,136,123,0.0054769599999999995
concat_finegrained1_AIYMSQ.pt,56,560,77,119,94,0.006156639999999996
concat_finegrained1_LBQ9OW.pt,56,553,147,137,122,0.005386119999999999
concat_finegrained1_7CHW4U.pt,56,530,115,82,135,0.0054494400000000024
concat_finegrained1_7U29OL.pt,56,732,165,64,68,0.005610200000000002
concat_finegrained1_EPW7IA.pt,56,771,79,117,73,0.0054192799999999985
concat_finegrained1_BK3UK3.pt,56,569,137,125,136,0.005528819999999998
concat_finegrained1_YMFS7Q.pt,56,501,127,73,106,0.005478099999999999
concat_finegrained1_5OLXYK.pt,56,852,81,86,62,0.005609500000000001
concat_finegrained1_TP316P.pt,7,75,20,0,0,0.012578660000000002
concat_finegrained1_ZTY5QH.pt,7,60,19,0,0,0.005640519999999999
concat_finegrained1_DWKY5X.pt,7,91,18,0,0,0.01193038
concat_finegrained1_T0S4SX.pt,7,93,33,0,0,0.010087140000000001
concat_finegrained1_VLBIR2.pt,7,70,26,0,0,0.016379039999999997
concat_finegrained1_LBNEQF.pt,7,56,22,0,0,0.005147020000000001
concat_finegrained1_HBCUTA.pt,7,73,25,0,0,0.01857608
concat_finegrained1_7L0IEN.pt,7,68,37,0,0,0.014168660000000001
concat_finegrained1_DRFOQ1.pt,7,51,16,0,0,0.007170760000000001
concat_finegrained1_EO4ZGR.pt,7,97,29,0,0,0.017772320000000005
concat_finegrained1_S7KVUA.pt,7,95,36,0,0,0.012412160000000005
concat_finegrained1_XZ4F6Q.pt,7,83,32,0,0,0.011313300000000002
concat_finegrained1_RSUSHU.pt,7,76,35,0,0,0.0122272
concat_finegrained1_VJJPGH.pt,7,92,34,0,0,0.00758208
concat_finegrained1_F2R3FT.pt,7,101,24,0,0,0.010752940000000002
concat_finegrained1_KFFBAS.pt,7,78,23,0,0,0.010351560000000003
concat_finegrained1_Z8Y8TY.pt,7,54,17,0,0,0.018408539999999994
concat_finegrained1_F3NPW5.pt,7,72,28,0,0,0.008390300000000003
concat_finegrained1_E22AOQ.pt,7,55,21,0,0,0.01571886
concat_finegrained1_UGXF7S.pt,7,64,38,0,0,0.010606820000000003
concat_finegrained1_S0OYM6.pt,14,1670,65,636,99,0.005452980000000001
concat_finegrained1_X0XQ6S.pt,14,2443,82,640,107,0.00547842
concat_finegrained1_83TAFU.pt,14,2473,64,519,68,0.00549262
concat_finegrained1_6XO25Q.pt,14,1967,60,457,83,0.00543524
concat_finegrained1_DBD0FU.pt,14,1220,83,401,55,0.005422400000000001
concat_finegrained1_8WFJLL.pt,14,2481,58,506,71,0.005525220000000001
concat_finegrained1_GVGQGV.pt,14,2312,97,483,102,0.005452080000000001
concat_finegrained1_CUJTB1.pt,14,2002,68,628,63,0.005526040000000001
concat_finegrained1_VCV5JF.pt,14,1693,52,361,48,0.00540914
concat_finegrained1_1USMAQ.pt,14,2418,80,634,70,0.005519440000000001
concat_finegrained1_IQCNXZ.pt,14,1836,94,311,73,0.0054459999999999995
concat_finegrained1_PK1C1L.pt,14,1920,70,393,66,0.00546766
concat_finegrained1_P9XVVY.pt,14,2105,75,458,56,0.005518659999999998
concat_finegrained1_V6J58V.pt,14,1234,62,420,78,0.005510159999999999
concat_finegrained1_YUTDVX.pt,14,1298,74,602,49,0.0054453999999999995
concat_finegrained1_RJ6JO4.pt,14,2311,77,437,94,0.005526
concat_finegrained1_NCOAI5.pt,14,1241,59,381,85,0.00543558
concat_finegrained1_GSZCX6.pt,14,1188,100,513,93,0.00545228
concat_finegrained1_ID9DDX.pt,14,2104,78,306,54,0.005499700000000001
concat_finegrained1_FU0UZD.pt,14,1567,102,419,101,0.005468439999999999
concat_finegrained1_7ETBAV.pt,28,169,922,44,126,0.005522739999999999
concat_finegrained1_GF74IM.pt,28,188,1154,51,161,0.0055215199999999985
concat_finegrained1_FGJE4U.pt,28,108,1043,36,133,0.00546242
concat_finegrained1_1JYSKI.pt,28,126,849,26,245,0.0055642999999999995
concat_finegrained1_NZ3S1A.pt,28,201,569,32,175,0.0055207799999999994
concat_finegrained1_3ZR3K2.pt,28,209,1071,41,139,0.005496900000000002
concat_finegrained1_78U769.pt,28,180,634,48,223,0.005498760000000002
concat_finegrained1_4SM3B4.pt,28,189,606,47,268,0.005481259999999999
concat_finegrained1_S76ST4.pt,28,95,1094,59,217,0.005528720000000002
concat_finegrained1_1FXWVB.pt,28,216,840,54,269,0.005520859999999999
concat_finegrained1_OGBU36.pt,28,115,600,61,206,0.005516340000000003
concat_finegrained1_8MZAQQ.pt,28,140,624,34,248,0.00557692
concat_finegrained1_OZ8DXZ.pt,28,93,669,39,129,0.005755059999999999
concat_finegrained1_YRD3ZT.pt,28,177,794,60,190,0.005531919999999999
concat_finegrained1_QC6GQ9.pt,28,192,1135,46,173,0.005514640000000002
concat_finegrained1_28SQPQ.pt,28,161,658,38,260,0.00547582
concat_finegrained1_QFN40R.pt,28,158,677,37,189,0.005721260000000001
concat_finegrained1_QQYRNG.pt,28,186,759,49,125,0.005499660000000002
concat_finegrained1_IW0RHH.pt,28,159,957,55,145,0.005485379999999999
concat_finegrained1_53RJ7X.pt,28,182,518,43,142,0.005468219999999999
concat_finegrained1_8DHSAV.pt,7,33,224,0,0,0.005099840000000001
concat_finegrained1_V8UO5S.pt,7,38,281,0,0,0.014746319999999997
concat_finegrained1_R0K2Z3.pt,7,40,204,0,0,0.0076983400000000006
concat_finegrained1_S4M41O.pt,7,41,201,0,0,0.0050798399999999995
concat_finegrained1_CMFGZ2.pt,7,22,253,0,0,0.005132120000000001
concat_finegrained1_3F3OJ7.pt,7,44,187,0,0,0.0070486199999999985
concat_finegrained1_VUK7TC.pt,7,26,240,0,0,0.011697480000000005
concat_finegrained1_5G0NAN.pt,7,32,217,0,0,0.005822160000000003
concat_finegrained1_CA14QV.pt,7,25,278,0,0,0.005129739999999999
concat_finegrained1_CMYUCT.pt,7,30,135,0,0,0.01867966
concat_finegrained1_CKW5ES.pt,7,28,238,0,0,0.008656240000000004
concat_finegrained1_R76JU8.pt,7,29,181,0,0,0.005684140000000001
concat_finegrained1_RXTHWP.pt,7,47,231,0,0,0.007269880000000002
concat_finegrained1_2BJNN8.pt,7,42,189,0,0,0.00559628
concat_finegrained1_0927M2.pt,7,48,198,0,0,0.011087299999999998
concat_finegrained1_D83Z7V.pt,7,50,277,0,0,0.005929139999999999
concat_finegrained1_JXEHMJ.pt,7,36,209,0,0,0.005056759999999999
concat_finegrained1_HCXTM4.pt,7,37,184,0,0,0.005278240000000001
concat_finegrained1_4J3FRH.pt,7,21,301,0,0,0.00517062
concat_finegrained1_SL28EI.pt,7,49,180,0,0,0.00578128
concat_finegrained1_3MED9P.pt,14,300,407,147,552,0.005483499999999999
concat_finegrained1_CBEP16.pt,14,562,900,77,426,0.005474
concat_finegrained1_NR2YLN.pt,14,452,391,170,660,0.005454920000000001
concat_finegrained1_CIY1Z5.pt,14,458,823,150,627,0.005409799999999999
concat_finegrained1_0957TP.pt,14,623,568,94,423,0.005421879999999999
concat_finegrained1_OHC8M7.pt,14,610,803,129,684,0.0054224799999999995
concat_finegrained1_AQTST3.pt,14,305,643,141,725,0.005523260000000002
concat_finegrained1_739YYD.pt,14,386,444,160,453,0.005436599999999999
concat_finegrained1_ONP7LY.pt,14,443,770,175,462,0.00540804
concat_finegrained1_T65HC9.pt,14,563,862,128,544,0.005397159999999999
concat_finegrained1_P8L8LH.pt,14,545,834,79,785,0.005454900000000001
concat_finegrained1_GC7UZN.pt,14,283,876,162,547,0.0054830999999999986
concat_finegrained1_NC6QFM.pt,14,296,552,126,643,0.005467219999999999
concat_finegrained1_871AFM.pt,14,341,817,135,667,0.005463499999999999
concat_finegrained1_VMN407.pt,14,520,735,167,353,0.005453900000000001
concat_finegrained1_J2NPOC.pt,14,345,626,169,638,0.005450079999999999
concat_finegrained1_VCYJ5T.pt,14,378,627,86,582,0.0054625199999999985
concat_finegrained1_J9THET.pt,14,483,516,172,739,0.005465519999999999
concat_finegrained1_5RXVNF.pt,14,661,924,144,742,0.00545148
concat_finegrained1_C917WD.pt,14,394,497,76,720,0.0054708199999999995
concat_finegrained1_TNXAKY.pt,14,68,81,0,0,0.01056364
concat_finegrained1_2L3X4F.pt,14,86,87,0,0,0.0051065400000000006
concat_finegrained1_X74QL6.pt,14,78,100,0,0,0.005091900000000002
concat_finegrained1_VRWDMZ.pt,14,69,84,0,0,0.00506032
concat_finegrained1_NP3CVS.pt,14,83,90,0,0,0.00510358
concat_finegrained1_DDTZXQ.pt,14,89,135,0,0,0.005103020000000001
concat_finegrained1_ESWHE4.pt,14,59,66,0,0,0.005094939999999999
concat_finegrained1_RFQDGT.pt,14,66,123,0,0,0.005076580000000001
concat_finegrained1_558BGM.pt,14,88,106,0,0,0.005041660000000001
concat_finegrained1_2ZC737.pt,14,40,116,0,0,0.005082059999999999
concat_finegrained1_3VYZKV.pt,14,85,130,0,0,0.005098959999999999
concat_finegrained1_DEAFN1.pt,14,64,124,0,0,0.0051034
concat_finegrained1_HBOK9B.pt,14,87,83,0,0,0.00750836
concat_finegrained1_I2J6QU.pt,14,51,95,0,0,0.008243040000000004
concat_finegrained1_PYK145.pt,14,45,113,0,0,0.00509162
concat_finegrained1_MPP58M.pt,14,52,131,0,0,0.00509284
concat_finegrained1_XUMWGJ.pt,14,53,136,0,0,0.005057640000000002
concat_finegrained1_NLAANV.pt,14,58,86,0,0,0.005060360000000001
concat_finegrained1_70TQAK.pt,14,63,63,0,0,0.0070074
concat_finegrained1_RC9USK.pt,14,75,120,0,0,0.005141619999999999
concat_finegrained1_OJA2BR.pt,14,1620,20,48,262,0.005441880000000002
concat_finegrained1_KAHJQU.pt,14,1328,28,45,560,0.005465760000000002
concat_finegrained1_I4PDMJ.pt,14,1158,25,44,379,0.005449079999999999
concat_finegrained1_VKAN7F.pt,14,2024,31,52,419,0.005523379999999999
concat_finegrained1_QA7UXO.pt,14,1433,30,33,536,0.005442899999999998
concat_finegrained1_W6UYA4.pt,14,1070,35,28,269,0.005468620000000002
concat_finegrained1_VE5WO8.pt,14,2373,33,49,295,0.00551046
concat_finegrained1_XJVUTE.pt,14,2166,15,40,346,0.0054859400000000025
concat_finegrained1_636INH.pt,14,1030,23,39,576,0.00540984
concat_finegrained1_3W6FS1.pt,14,1712,19,34,604,0.005389500000000002
concat_finegrained1_E36O7J.pt,14,1431,21,55,534,0.005457060000000001
concat_finegrained1_79YGBD.pt,14,2364,26,30,365,0.00550026
concat_finegrained1_4IPLBC.pt,14,1789,22,47,417,0.005491179999999999
concat_finegrained1_NLHASL.pt,14,1819,32,25,345,0.005445659999999999
concat_finegrained1_XJZ7ES.pt,14,2251,36,50,399,0.005578839999999998
concat_finegrained1_I4OJ40.pt,14,1621,27,43,587,0.005441659999999999
concat_finegrained1_V5NT5N.pt,14,1240,18,38,551,0.005456279999999997
concat_finegrained1_OSQGPL.pt,14,1622,16,29,278,0.005465039999999999
concat_finegrained1_F9RKO7.pt,14,2241,17,35,299,0.005508900000000001
concat_finegrained1_21SYVF.pt,14,1425,34,51,370,0.0054534000000000015
concat_finegrained1_K0X1SE.pt,14,355,454,117,0,0.005299659999999999
concat_finegrained1_5TM649.pt,14,336,447,163,0,0.0052942
concat_finegrained1_J4G5JH.pt,14,491,346,148,0,0.0052816600000000005
concat_finegrained1_SXAHNY.pt,14,276,470,165,0,0.005295559999999998
concat_finegrained1_53GBH6.pt,14,305,393,97,0,0.005391740000000001
concat_finegrained1_LNOVIR.pt,14,434,561,215,0,0.005315580000000001
concat_finegrained1_FS6GX6.pt,14,391,367,113,0,0.005288339999999999
concat_finegrained1_DBXU05.pt,14,373,333,141,0,0.005380660000000001
concat_finegrained1_HEEWTL.pt,14,304,579,185,0,0.00529664
concat_finegrained1_G1HHI4.pt,14,563,489,169,0,0.005290899999999999
concat_finegrained1_I2I1JN.pt,14,551,478,145,0,0.005285300000000001
concat_finegrained1_IH1LWO.pt,14,433,368,210,0,0.005280879999999998
concat_finegrained1_QYRYSV.pt,14,462,444,219,0,0.0054267399999999985
concat_finegrained1_J14B3X.pt,14,309,357,134,0,0.005360960000000001
concat_finegrained1_XKZVWU.pt,14,446,617,209,0,0.0052766
concat_finegrained1_09PI64.pt,14,337,608,157,0,0.00530104
concat_finegrained1_HP1JUC.pt,14,456,280,101,0,0.005312320000000001
concat_finegrained1_0KAEB1.pt,14,590,375,166,0,0.005365160000000001
concat_finegrained1_MRC3FW.pt,14,620,352,100,0,0.00531188
concat_finegrained1_9WTOGQ.pt,14,414,581,190,0,0.005316959999999998
concat_finegrained1_D861RT.pt,14,169,20,128,0,0.005281480000000001
concat_finegrained1_B771HZ.pt,14,136,13,196,0,0.005261279999999998
concat_finegrained1_A0UJX0.pt,14,263,16,130,0,0.00534836
concat_finegrained1_PLWBSF.pt,14,171,18,218,0,0.005352800000000001
concat_finegrained1_AAQ7QE.pt,14,147,21,108,0,0.00525536
concat_finegrained1_1YIZH9.pt,14,176,19,138,0,0.005277959999999998
concat_finegrained1_8PJANI.pt,14,218,27,172,0,0.005307920000000001
concat_finegrained1_9XXK2O.pt,14,137,28,220,0,0.005434000000000001
concat_finegrained1_T7YPUT.pt,14,206,14,126,0,0.005284059999999999
concat_finegrained1_T9RQ21.pt,14,157,25,136,0,0.00536568
concat_finegrained1_CB5BUZ.pt,14,230,30,127,0,0.00532324
concat_finegrained1_VUN440.pt,14,159,15,123,0,0.005466199999999999
concat_finegrained1_HI9HRK.pt,14,133,17,199,0,0.005301540000000002
concat_finegrained1_CYYPMN.pt,14,152,24,117,0,0.005262020000000001
concat_finegrained1_Q954EX.pt,14,177,23,213,0,0.00530778
concat_finegrained1_6OOR13.pt,14,116,22,99,0,0.0052771200000000015
concat_finegrained1_5U1E82.pt,14,238,26,186,0,0.00538416
concat_finegrained1_55MK56.pt,14,138,29,232,0,0.0053478200000000005
concat_finegrained1_4R9IUH.pt,7,212,34,0,0,0.005294759999999999
concat_finegrained1_4GOG0G.pt,7,180,32,0,0,0.0050738400000000005
concat_finegrained1_N4QEJS.pt,7,269,51,0,0,0.00561424
concat_finegrained1_YZ7UI0.pt,7,236,48,0,0,0.005233200000000002
concat_finegrained1_FBBAB7.pt,7,135,58,0,0,0.005096779999999999
concat_finegrained1_PZYYUG.pt,7,275,65,0,0,0.005205919999999999
concat_finegrained1_6TED47.pt,7,153,63,0,0,0.005138320000000001
concat_finegrained1_ODXFVT.pt,7,214,36,0,0,0.00841232
concat_finegrained1_77OUD5.pt,7,149,57,0,0,0.006776120000000002
concat_finegrained1_10FVFN.pt,7,131,31,0,0,0.007765479999999998
concat_finegrained1_L9X4TN.pt,7,182,41,0,0,0.006397480000000002
concat_finegrained1_KRZFFJ.pt,7,289,50,0,0,0.01503196
concat_finegrained1_XO0COQ.pt,7,145,46,0,0,0.011386040000000009
concat_finegrained1_AE21GD.pt,7,227,60,0,0,0.005147019999999999
concat_finegrained1_GJY25H.pt,7,235,53,0,0,0.005095899999999999
concat_finegrained1_FHU85D.pt,7,220,54,0,0,0.005104999999999999
concat_finegrained1_UBRWAN.pt,7,213,59,0,0,0.005115080000000001
concat_finegrained1_41A8GC.pt,7,238,64,0,0,0.005248280000000001
concat_finegrained1_YEQQK5.pt,7,138,55,0,0,0.005095719999999998
concat_finegrained1_8GPQVI.pt,7,178,49,0,0,0.0051514399999999985
concat_finegrained1_HH0THH.pt,14,7,2,40,126,0.005476319999999999
concat_finegrained1_U6AT5F.pt,14,8,3,75,137,0.0054505000000000005
concat_finegrained1_1QJV90.pt,56,617,24,879,518,0.005410860000000001
concat_finegrained1_SVMJB8.pt,56,674,16,767,467,0.005456440000000002
concat_finegrained1_CTJZ9W.pt,56,799,27,533,391,0.0054662800000000004
concat_finegrained1_NFFZMY.pt,56,523,17,748,508,0.00539432
concat_finegrained1_XBARBR.pt,56,539,19,1005,418,0.00548434
concat_finegrained1_LGXE15.pt,56,537,13,773,524,0.00555418
concat_finegrained1_S4NS0K.pt,56,718,22,471,398,0.00556344
concat_finegrained1_49HMBA.pt,56,510,20,750,268,0.00548764
concat_finegrained1_758EX4.pt,56,995,26,951,309,0.005428140000000001
concat_finegrained1_GWLN00.pt,56,835,18,983,402,0.00547276
concat_finegrained1_K0BOIZ.pt,56,751,15,512,438,0.005502900000000001
concat_finegrained1_D340OA.pt,56,753,28,1053,351,0.00545992
concat_finegrained1_QCHY60.pt,56,548,14,906,387,0.00548476
concat_finegrained1_1GRFN2.pt,56,619,30,487,478,0.0054288800000000005
concat_finegrained1_0F0AN0.pt,56,959,23,1106,381,0.005470579999999999
concat_finegrained1_0N552C.pt,56,1033,21,623,436,0.0054284799999999985
concat_finegrained1_4KXWVW.pt,56,880,29,681,583,0.005492359999999998
concat_finegrained1_JLDQUI.pt,56,488,25,953,486,0.005446139999999999
concat_finegrained1_JQ37HP.pt,14,235,192,537,0,0.005286380000000002
concat_finegrained1_YR7SUK.pt,14,199,123,389,0,0.005354319999999999
concat_finegrained1_BDFT1O.pt,14,207,206,480,0,0.0053091200000000005
concat_finegrained1_GEA7KK.pt,14,140,199,358,0,0.005253200000000001
concat_finegrained1_EJYFTR.pt,14,113,180,555,0,0.00531856
concat_finegrained1_PF3DKD.pt,14,124,121,524,0,0.00530604
concat_finegrained1_9IG5OX.pt,14,144,215,331,0,0.0053168999999999985
concat_finegrained1_KDVH8E.pt,14,214,200,380,0,0.005325839999999999
concat_finegrained1_0JYWL0.pt,14,165,174,406,0,0.0052581999999999985
concat_finegrained1_T6SXLV.pt,14,108,134,582,0,0.005382840000000001
concat_finegrained1_XG7UID.pt,14,164,103,540,0,0.00529434
concat_finegrained1_X88ZE1.pt,14,179,152,454,0,0.005321179999999998
concat_finegrained1_CB299W.pt,14,148,142,536,0,0.005280139999999999
concat_finegrained1_548NRQ.pt,14,186,164,402,0,0.0052904399999999996
concat_finegrained1_143QD6.pt,14,231,228,554,0,0.005320000000000003
concat_finegrained1_FSLR3O.pt,14,139,124,359,0,0.00534646
concat_finegrained1_1JE64W.pt,14,217,96,351,0,0.005276160000000001
concat_finegrained1_BCV7PW.pt,14,103,202,463,0,0.00530094
concat_finegrained1_BA78IR.pt,14,129,227,272,0,0.005348239999999999
concat_finegrained1_QTGHAC.pt,14,216,129,425,0,0.005277899999999999
concat_finegrained1_MGAH6M.pt,7,140,37,0,0,0.005113899999999999
concat_finegrained1_3YFS6H.pt,7,115,22,0,0,0.00513394
concat_finegrained1_WOKQGS.pt,7,145,26,0,0,0.005114799999999999
concat_finegrained1_7UWZC2.pt,7,75,25,0,0,0.00664462
concat_finegrained1_HLGC4A.pt,7,133,20,0,0,0.0051038
concat_finegrained1_RVXKJ7.pt,7,90,29,0,0,0.01103336
concat_finegrained1_5FFGL3.pt,7,149,30,0,0,0.0051268999999999985
concat_finegrained1_VOUYLH.pt,7,132,33,0,0,0.007180099999999999
concat_finegrained1_XAETMM.pt,7,138,32,0,0,0.010727119999999995
concat_finegrained1_OF4YJP.pt,7,134,31,0,0,0.00915948
concat_finegrained1_I3WDNC.pt,7,144,17,0,0,0.005099180000000001
concat_finegrained1_3TUGPM.pt,7,86,35,0,0,0.018452239999999998
concat_finegrained1_2FWIIW.pt,7,146,19,0,0,0.00918906
concat_finegrained1_2IEV59.pt,7,65,28,0,0,0.006462640000000002
concat_finegrained1_F2HYYP.pt,7,103,18,0,0,0.005156140000000001
concat_finegrained1_IEX1PD.pt,7,94,27,0,0,0.011865940000000004
concat_finegrained1_WSV0KG.pt,7,105,21,0,0,0.013006600000000002
concat_finegrained1_34SJC5.pt,7,148,23,0,0,0.014902919999999997
concat_finegrained1_5V1Y32.pt,7,80,36,0,0,0.008040960000000002
concat_finegrained1_W1V0U2.pt,7,154,34,0,0,0.0079212
concat_finegrained1_59S70R.pt,7,195,75,0,0,0.006226820000000001
concat_finegrained1_I0ZJZ1.pt,7,194,84,0,0,0.01138362
concat_finegrained1_Q3DSP4.pt,7,191,108,0,0,0.00585828
concat_finegrained1_WL9DJB.pt,7,135,82,0,0,0.0155166
concat_finegrained1_JHPTAQ.pt,7,174,139,0,0,0.006244339999999999
concat_finegrained1_47H8PV.pt,7,220,132,0,0,0.006960559999999996
concat_finegrained1_FXI5ES.pt,7,204,92,0,0,0.005084619999999999
concat_finegrained1_WPXIGZ.pt,7,206,124,0,0,0.005134600000000001
concat_finegrained1_8LL8VI.pt,7,98,118,0,0,0.009580139999999997
concat_finegrained1_BVAYBV.pt,7,136,106,0,0,0.00863038
concat_finegrained1_JBANM5.pt,7,144,90,0,0,0.0051404799999999985
concat_finegrained1_KYQABQ.pt,7,149,97,0,0,0.00511026
concat_finegrained1_JL0V4P.pt,7,176,141,0,0,0.005100120000000001
concat_finegrained1_VBEU4J.pt,7,224,76,0,0,0.00928852
concat_finegrained1_B1HDS5.pt,7,193,85,0,0,0.0051478800000000005
concat_finegrained1_NTAAOC.pt,7,218,83,0,0,0.005829579999999998
concat_finegrained1_3PXH9O.pt,7,161,126,0,0,0.0142296
concat_finegrained1_OH5JQO.pt,7,197,128,0,0,0.005111579999999999
concat_finegrained1_BCMMZI.pt,7,152,70,0,0,0.0051569799999999985
concat_finegrained1_5XXMTF.pt,7,169,131,0,0,0.008567219999999997
concat_finegrained1_LGQ1Q7.pt,28,677,1479,57,271,0.00546632
concat_finegrained1_1LHGA9.pt,28,463,1625,71,289,0.005642200000000001
concat_finegrained1_1GHQ0O.pt,28,446,922,80,414,0.005580959999999999
concat_finegrained1_NSH07F.pt,28,605,1754,61,390,0.00546806
concat_finegrained1_VYSH7B.pt,28,494,1483,73,291,0.005515599999999999
concat_finegrained1_AHPJJ1.pt,28,590,844,60,486,0.005495779999999999
concat_finegrained1_MP03UX.pt,28,444,1253,81,378,0.005484039999999999
concat_finegrained1_04IU5C.pt,28,335,1177,68,546,0.005523439999999999
concat_finegrained1_IPKPUF.pt,28,350,1591,53,343,0.00543794
concat_finegrained1_PADOI9.pt,28,359,1712,63,462,0.005494239999999999
concat_finegrained1_58QZOX.pt,28,541,967,99,303,0.005671079999999999
concat_finegrained1_419DR7.pt,28,649,1710,56,317,0.0055280200000000015
concat_finegrained1_NO94WM.pt,28,670,853,107,398,0.0057002799999999985
concat_finegrained1_8O62C8.pt,28,499,1103,76,492,0.005520820000000001
concat_finegrained1_GVVNR3.pt,28,679,1252,103,355,0.005460320000000001
concat_finegrained1_T1XJ5T.pt,28,500,881,90,280,0.00550134
concat_finegrained1_VEZY2Z.pt,28,548,1380,52,508,0.00550418
concat_finegrained1_VVHI7F.pt,28,512,805,47,322,0.005466859999999999
concat_finegrained1_E9RDY4.pt,28,564,1576,85,570,0.00549104
concat_finegrained1_ZBGPCX.pt,28,493,1212,95,497,0.0054874799999999994
concat_finegrained1_141C51.pt,14,429,351,0,0,0.0052080400000000015
concat_finegrained1_K2FB8L.pt,14,396,323,0,0,0.00510514
concat_finegrained1_PG7982.pt,14,619,320,0,0,0.005101500000000001
concat_finegrained1_9QXFF3.pt,14,746,698,0,0,0.0050862
concat_finegrained1_AR1F31.pt,14,456,466,0,0,0.0053444799999999995
concat_finegrained1_Y4OM2C.pt,14,480,618,0,0,0.00512126
concat_finegrained1_8DQ4XB.pt,14,886,646,0,0,0.005143159999999999
concat_finegrained1_UT9ZI3.pt,14,882,611,0,0,0.005079119999999998
concat_finegrained1_PQX7HC.pt,14,714,740,0,0,0.0051003199999999985
concat_finegrained1_II4FC2.pt,14,479,603,0,0,0.005106619999999999
concat_finegrained1_SNAT15.pt,14,780,737,0,0,0.00516964
concat_finegrained1_ZCXU0B.pt,14,766,480,0,0,0.0050798599999999985
concat_finegrained1_M641MR.pt,14,584,685,0,0,0.005092319999999999
concat_finegrained1_7RB0MH.pt,14,698,421,0,0,0.00510196
concat_finegrained1_GEW1CV.pt,14,680,639,0,0,0.0050978199999999994
concat_finegrained1_T4F1QG.pt,14,626,684,0,0,0.005075800000000002
concat_finegrained1_JN6S3J.pt,14,809,610,0,0,0.005101879999999998
concat_finegrained1_LKOROG.pt,14,451,486,0,0,0.0051760800000000004
concat_finegrained1_PG4URG.pt,14,679,442,0,0,0.00514694
concat_finegrained1_C7LM7K.pt,14,658,462,0,0,0.00510202
concat_finegrained1_61A9A1.pt,14,701,2,315,362,0.00543658
concat_finegrained1_CDJM7A.pt,14,1200,1,541,445,0.0054562199999999995
concat_finegrained1_AU1ZOU.pt,14,23,106,0,0,0.005071280000000001
concat_finegrained1_QZLXAE.pt,14,29,91,0,0,0.00503032
concat_finegrained1_2T9X3U.pt,14,25,73,0,0,0.0050919799999999986
concat_finegrained1_XCDHIC.pt,14,18,119,0,0,0.005083600000000001
concat_finegrained1_JK7XHS.pt,14,32,121,0,0,0.005105379999999998
concat_finegrained1_JDE48W.pt,14,30,89,0,0,0.0051507
concat_finegrained1_0CQVVC.pt,14,34,140,0,0,0.005080460000000001
concat_finegrained1_OEMV2K.pt,14,33,84,0,0,0.0050875
concat_finegrained1_NCR7S1.pt,14,27,67,0,0,0.010263820000000003
concat_finegrained1_KEHU8N.pt,14,38,92,0,0,0.005152639999999998
concat_finegrained1_GQ54RY.pt,14,36,95,0,0,0.0051384
concat_finegrained1_K02HHV.pt,14,37,123,0,0,0.00508724
concat_finegrained1_HK6SWE.pt,14,26,133,0,0,0.005058619999999999
concat_finegrained1_PNNDDZ.pt,14,28,147,0,0,0.005136640000000001
concat_finegrained1_1L6YDZ.pt,14,19,114,0,0,0.0051897
concat_finegrained1_AYN3U5.pt,14,39,68,0,0,0.005041780000000001
concat_finegrained1_GPVSCZ.pt,14,20,98,0,0,0.011456880000000001
concat_finegrained1_YCH211.pt,14,21,109,0,0,0.005106660000000001
concat_finegrained1_E1APBI.pt,14,31,97,0,0,0.00508528
concat_finegrained1_0VSUBM.pt,14,35,82,0,0,0.005112479999999999
concat_finegrained1_H9N746.pt,14,19,7,0,0,0.005067420000000001
concat_finegrained1_GVV8BT.pt,14,21,8,0,0,0.012054540000000004
concat_finegrained1_M9MHZO.pt,14,12,6,0,0,0.012840600000000004
concat_finegrained1_RH86DN.pt,14,20,9,0,0,0.005230300000000001
concat_finegrained1_QGNFS9.pt,14,14,11,0,0,0.007827299999999999
concat_finegrained1_32TS6I.pt,14,9,10,0,0,0.00969526
concat_finegrained1_3VVN3U.pt,14,10,13,0,0,0.005096400000000001
concat_finegrained1_ETG9YA.pt,14,11,12,0,0,0.014364179999999997
concat_finegrained1_BA57Y2.pt,28,604,14,1283,316,0.005443220000000002
concat_finegrained1_E0H4VL.pt,28,607,15,1096,486,0.0054487799999999986
concat_finegrained1_F2SEP8.pt,28,643,12,1142,497,0.00543134
concat_finegrained1_2MJPP1.pt,28,909,9,1110,472,0.00546602
concat_finegrained1_IT9VNX.pt,28,820,16,1340,501,0.00545522
concat_finegrained1_IF4CEA.pt,28,1038,18,695,565,0.005450300000000002
concat_finegrained1_GNG17V.pt,28,832,11,1388,612,0.005431579999999999
concat_finegrained1_Z5TMV5.pt,28,746,19,1237,513,0.005526260000000002
concat_finegrained1_890S1H.pt,28,864,17,645,591,0.005424480000000001
concat_finegrained1_M6ER0D.pt,28,947,13,1489,325,0.00541876
concat_finegrained1_K6E4ET.pt,28,1048,8,1082,710,0.005452400000000001
concat_finegrained1_Z54RJ1.pt,28,1026,10,1487,703,0.012277419999999999
concat_finegrained1_0Y8SPX.pt,14,982,57,0,0,0.005069059999999999
concat_finegrained1_ASSNKT.pt,14,740,77,0,0,0.00514424
concat_finegrained1_JPBJDI.pt,14,732,58,0,0,0.005109659999999999
concat_finegrained1_AQOL80.pt,14,986,75,0,0,0.005064759999999999
concat_finegrained1_SUY1G6.pt,14,675,59,0,0,0.005174740000000001
concat_finegrained1_4Q99K3.pt,14,852,73,0,0,0.0050709399999999995
concat_finegrained1_A9RM9M.pt,14,683,86,0,0,0.00512144
concat_finegrained1_DCGT12.pt,14,1189,60,0,0,0.005087419999999999
concat_finegrained1_65NBC8.pt,14,624,44,0,0,0.00509936
concat_finegrained1_4LSSFI.pt,14,1171,56,0,0,0.005175420000000001
concat_finegrained1_1IR4B4.pt,14,795,63,0,0,0.00507476
concat_finegrained1_NWTG10.pt,14,733,99,0,0,0.005112779999999998
concat_finegrained1_FSV163.pt,14,1182,61,0,0,0.005116479999999998
concat_finegrained1_0S2X5P.pt,14,1103,49,0,0,0.00508414
concat_finegrained1_28C7MS.pt,14,856,98,0,0,0.0051166
concat_finegrained1_N60GT0.pt,14,617,92,0,0,0.005200920000000001
concat_finegrained1_SKVK0S.pt,14,1123,74,0,0,0.00508316
concat_finegrained1_KLNK4H.pt,14,759,43,0,0,0.00518594
concat_finegrained1_B83ICM.pt,14,708,82,0,0,0.005724639999999999
concat_finegrained1_S8PF94.pt,14,989,67,0,0,0.00509406
concat_finegrained1_X9QKTV.pt,56,353,757,3,0,0.005293980000000001
concat_finegrained1_FYBYC2.pt,56,606,1075,5,0,0.0053432800000000015
concat_finegrained1_PQLMXN.pt,56,464,931,6,0,0.005336479999999999
concat_finegrained1_4AJ0TC.pt,56,312,685,4,0,0.00541526
concat_finegrained1_3GU1HO.pt,14,1267,78,665,0,0.00521794
concat_finegrained1_XSDPHR.pt,14,1350,109,1108,0,0.005260159999999999
concat_finegrained1_9YG5ET.pt,14,1398,87,555,0,0.00532354
concat_finegrained1_K77SCH.pt,14,1386,84,827,0,0.00527764
concat_finegrained1_689N5E.pt,14,1476,120,1165,0,0.0053452199999999995
concat_finegrained1_4UZJ8D.pt,14,1442,143,799,0,0.005275159999999998
concat_finegrained1_R61VG5.pt,14,1104,119,571,0,0.00532202
concat_finegrained1_SB2B06.pt,14,1247,136,906,0,0.0052729199999999995
concat_finegrained1_438HLZ.pt,14,1366,147,1098,0,0.005288920000000002
concat_finegrained1_PMCDFV.pt,14,1192,66,736,0,0.00533266
concat_finegrained1_JYMK3E.pt,14,886,104,953,0,0.00523872
concat_finegrained1_29HOLN.pt,14,1107,138,821,0,0.0052631399999999995
concat_finegrained1_GQB0GW.pt,14,1513,93,1074,0,0.005334299999999999
concat_finegrained1_5LHE74.pt,14,1020,76,576,0,0.005280800000000001
concat_finegrained1_4MOJ49.pt,14,1201,74,533,0,0.005272440000000001
concat_finegrained1_48I4MK.pt,14,1193,155,917,0,0.005224299999999998
concat_finegrained1_PL3K32.pt,14,1404,150,656,0,0.00534016
concat_finegrained1_9QUNJY.pt,14,1483,83,763,0,0.005283660000000001
concat_finegrained1_G5WPAZ.pt,14,1697,131,1092,0,0.005343080000000001
concat_finegrained1_VYTW5U.pt,14,1359,141,849,0,0.00527864
concat_finegrained1_AZSFCD.pt,56,86,40,0,0,0.005071499999999999
concat_finegrained1_A3ATK0.pt,56,97,32,0,0,0.00508614
concat_finegrained1_63Q6KK.pt,56,96,59,0,0,0.005106160000000002
concat_finegrained1_LR560D.pt,56,102,61,0,0,0.005179380000000001
concat_finegrained1_TADY7M.pt,56,128,55,0,0,0.005122279999999999
concat_finegrained1_NTV60Q.pt,56,101,39,0,0,0.0052252
concat_finegrained1_TIZ2SM.pt,56,66,31,0,0,0.00509886
concat_finegrained1_XTWRPB.pt,56,131,50,0,0,0.005203439999999999
concat_finegrained1_KBC979.pt,56,135,66,0,0,0.0051865800000000005
concat_finegrained1_QV0EJQ.pt,56,116,44,0,0,0.005156579999999999
concat_finegrained1_DT3WQK.pt,56,79,28,0,0,0.0052387399999999995
concat_finegrained1_QZG7OQ.pt,56,72,33,0,0,0.00513628
concat_finegrained1_UEBLS9.pt,56,154,30,0,0,0.0052087800000000005
concat_finegrained1_67MASL.pt,56,68,46,0,0,0.0051659400000000025
concat_finegrained1_61D665.pt,56,78,34,0,0,0.0050509000000000005
concat_finegrained1_DSBOZ8.pt,56,133,62,0,0,0.005158040000000002
concat_finegrained1_ZFX9TO.pt,56,130,48,0,0,0.005103580000000001
concat_finegrained1_O6RRJU.pt,56,155,64,0,0,0.005106379999999999
concat_finegrained1_97S593.pt,56,100,56,0,0,0.0051031
concat_finegrained1_GFVDAZ.pt,56,98,52,0,0,0.00511632
concat_finegrained1_L6KV3U.pt,7,184,52,0,0,0.011503819999999998
concat_finegrained1_AYKUC6.pt,7,253,80,0,0,0.007182440000000001
concat_finegrained1_J95QQM.pt,7,141,70,0,0,0.00725454
concat_finegrained1_IQFOZD.pt,7,115,59,0,0,0.00507736
concat_finegrained1_2O5T0P.pt,7,229,78,0,0,0.0051696400000000005
concat_finegrained1_61O4GZ.pt,7,158,69,0,0,0.006781680000000002
concat_finegrained1_4GRJJY.pt,7,164,48,0,0,0.005075619999999999
concat_finegrained1_FHUISG.pt,7,144,53,0,0,0.005091200000000001
concat_finegrained1_7VAX2L.pt,7,224,37,0,0,0.00511066
concat_finegrained1_2D23PQ.pt,7,113,42,0,0,0.010996459999999996
concat_finegrained1_I9C6AY.pt,7,183,46,0,0,0.00513384
concat_finegrained1_FHZAGL.pt,7,161,57,0,0,0.007300719999999999
concat_finegrained1_P9154L.pt,7,237,55,0,0,0.0051112200000000005
concat_finegrained1_OSBTW1.pt,7,199,76,0,0,0.01164694
concat_finegrained1_J8XU70.pt,7,254,63,0,0,0.010113939999999997
concat_finegrained1_ZS0EZR.pt,7,112,36,0,0,0.013268419999999998
concat_finegrained1_Z0I8AB.pt,7,206,45,0,0,0.00516434
concat_finegrained1_SD9ZZN.pt,7,119,65,0,0,0.005091899999999999
concat_finegrained1_M8FAIM.pt,7,134,61,0,0,0.005137959999999997
concat_finegrained1_PW544G.pt,7,257,74,0,0,0.01528864000000001
concat_finegrained1_O57IEE.pt,56,42,1680,0,0,0.00509704
concat_finegrained1_AKHVHT.pt,56,53,1168,0,0,0.0051896799999999995
concat_finegrained1_MI5S5E.pt,56,51,2153,0,0,0.00505224
concat_finegrained1_H02DZR.pt,56,37,2236,0,0,0.005159539999999999
concat_finegrained1_4OE3C8.pt,56,61,2113,0,0,0.005074919999999999
concat_finegrained1_4ICD6N.pt,56,54,1424,0,0,0.00511366
concat_finegrained1_VSQ269.pt,56,67,1776,0,0,0.005084979999999998
concat_finegrained1_XBSQ49.pt,56,65,1810,0,0,0.005097719999999999
concat_finegrained1_GKMR5W.pt,56,72,2134,0,0,0.005057599999999998
concat_finegrained1_27JQHW.pt,56,49,1433,0,0,0.005129379999999999
concat_finegrained1_1AC0OL.pt,56,40,1159,0,0,0.00519482
concat_finegrained1_B8JO01.pt,56,71,1737,0,0,0.005187659999999999
concat_finegrained1_5Z1V4X.pt,56,66,986,0,0,0.005079319999999999
concat_finegrained1_2U1IG5.pt,56,38,1344,0,0,0.0051010199999999995
concat_finegrained1_FKL418.pt,56,43,2034,0,0,0.005064219999999998
concat_finegrained1_YKA16U.pt,56,56,1901,0,0,0.00512356
concat_finegrained1_7LKFOV.pt,56,59,1870,0,0,0.005030780000000001
concat_finegrained1_KDEGPL.pt,56,34,976,0,0,0.005116579999999999
concat_finegrained1_OUP5BC.pt,56,35,1529,0,0,0.00514532
concat_finegrained1_IY46DW.pt,56,36,1883,0,0,0.005080559999999999
concat_finegrained1_X6UO0M.pt,7,127,118,0,0,0.005070979999999999
concat_finegrained1_CZKAJS.pt,7,139,164,0,0,0.005128999999999999
concat_finegrained1_GXII1Q.pt,7,209,244,0,0,0.005058959999999999
concat_finegrained1_SQ1JAK.pt,7,198,142,0,0,0.005217919999999999
concat_finegrained1_LLIMOA.pt,7,270,240,0,0,0.005148039999999998
concat_finegrained1_7TKRF5.pt,7,184,161,0,0,0.01059352
concat_finegrained1_J9FE83.pt,7,185,137,0,0,0.005179079999999999
concat_finegrained1_GT2PBH.pt,7,152,259,0,0,0.005109360000000002
concat_finegrained1_DQV72L.pt,7,117,151,0,0,0.012213119999999997
concat_finegrained1_DT9EEM.pt,7,239,150,0,0,0.013985680000000002
concat_finegrained1_8W730V.pt,7,202,239,0,0,0.0062226999999999985
concat_finegrained1_3GGJKO.pt,7,146,185,0,0,0.009304640000000001
concat_finegrained1_FP1JBG.pt,7,118,131,0,0,0.015660480000000004
concat_finegrained1_CHEZOM.pt,7,203,116,0,0,0.005111860000000001
concat_finegrained1_PJ6ES8.pt,7,141,153,0,0,0.014000180000000003
concat_finegrained1_CT6062.pt,7,153,170,0,0,0.00531804
concat_finegrained1_CVIM6E.pt,7,233,173,0,0,0.0051401400000000005
concat_finegrained1_ARB5NS.pt,7,170,180,0,0,0.005127299999999999
concat_finegrained1_TVMID0.pt,7,159,218,0,0,0.00512056
concat_finegrained1_Z4KEPG.pt,7,130,183,0,0,0.01137256
concat_finegrained2_19K2B8.pt,7,378,34,108,86,0.00557046
concat_finegrained2_YF9N81.pt,7,658,24,99,126,0.005465660000000001
concat_finegrained2_RTEHSO.pt,7,572,38,185,122,0.005495719999999999
concat_finegrained2_5PD7YT.pt,7,376,37,139,77,0.0055054399999999995
concat_finegrained2_LC64ZC.pt,7,659,23,212,158,0.00557762
concat_finegrained2_7L4GXP.pt,7,604,17,173,152,0.005469459999999999
concat_finegrained2_L7Y5KR.pt,7,367,39,105,82,0.005564239999999999
concat_finegrained2_ITU5BZ.pt,7,407,19,145,98,0.005576719999999999
concat_finegrained2_HWXFA9.pt,7,413,21,149,154,0.005615180000000002
concat_finegrained2_AEMCYK.pt,7,341,35,140,80,0.005465299999999999
concat_finegrained2_CRGB6G.pt,7,335,29,101,113,0.00548578
concat_finegrained2_TYV4SN.pt,7,381,32,166,104,0.005446180000000002
concat_finegrained2_OSV5P4.pt,7,552,31,226,79,0.0055333
concat_finegrained2_NFU7LE.pt,7,614,22,153,131,0.0365056
concat_finegrained2_MQKKYR.pt,7,344,27,201,110,0.0054652
concat_finegrained2_SVHZX5.pt,7,657,28,130,108,0.005456319999999999
concat_finegrained2_2AZLJO.pt,7,501,20,143,114,0.0054669800000000015
concat_finegrained2_WX8YB6.pt,7,438,26,119,153,0.005431880000000003
concat_finegrained2_QR77B0.pt,7,321,25,95,150,0.005467180000000001
concat_finegrained2_LI7KWL.pt,7,419,18,131,123,0.005480279999999999
concat_finegrained2_E0O476.pt,7,173,151,0,0,0.005851760000000001
concat_finegrained2_NUMAX6.pt,7,152,133,0,0,0.0050757599999999995
concat_finegrained2_80PVM8.pt,7,186,179,0,0,0.005222599999999999
concat_finegrained2_K3ACKG.pt,7,148,186,0,0,0.0051637
concat_finegrained2_0I9XOG.pt,7,177,174,0,0,0.010239240000000004
concat_finegrained2_9WJ11A.pt,7,188,147,0,0,0.00511762
concat_finegrained2_7DDDYS.pt,7,168,137,0,0,0.016721879999999998
concat_finegrained2_4FBIE9.pt,7,185,240,0,0,0.0051018
concat_finegrained2_415V0E.pt,7,83,112,0,0,0.006208979999999999
concat_finegrained2_IC68RL.pt,7,180,150,0,0,0.0051183800000000005
concat_finegrained2_VY53Y0.pt,7,97,187,0,0,0.014810040000000003
concat_finegrained2_R3AS4O.pt,7,138,211,0,0,0.009574619999999999
concat_finegrained2_2YGCAH.pt,7,88,212,0,0,0.014165339999999995
concat_finegrained2_DDDBUV.pt,7,155,204,0,0,0.006797959999999999
concat_finegrained2_7L8ACL.pt,7,139,114,0,0,0.00518936
concat_finegrained2_D2M2A5.pt,7,87,227,0,0,0.00525672
concat_finegrained2_IBHNVN.pt,7,183,210,0,0,0.00950102
concat_finegrained2_1NJJF3.pt,7,156,207,0,0,0.0051534
concat_finegrained2_CMGP8V.pt,7,84,214,0,0,0.010525440000000002
concat_finegrained2_5POU3L.pt,7,145,242,0,0,0.008190259999999998
concat_finegrained2_WVHMLR.pt,14,10,91,0,0,0.005053780000000001
concat_finegrained2_T8RIGI.pt,14,12,111,0,0,0.005260840000000001
concat_finegrained2_YMEZ3A.pt,14,11,79,0,0,0.008987880000000002
concat_finegrained2_44QLXZ.pt,14,7,95,0,0,0.0052645
concat_finegrained2_VWP2T4.pt,14,15,106,0,0,0.00506742
concat_finegrained2_M21UUH.pt,14,17,133,0,0,0.00519366
concat_finegrained2_9YP3RD.pt,14,9,100,0,0,0.00992766
concat_finegrained2_WWFIQ9.pt,14,16,103,0,0,0.005076599999999999
concat_finegrained2_OAOLTI.pt,14,14,83,0,0,0.005125719999999999
concat_finegrained2_1NL2HU.pt,14,8,93,0,0,0.0050910600000000006
concat_finegrained2_NANDQW.pt,14,13,65,0,0,0.005098480000000001
concat_finegrained2_W0TDJS.pt,14,28,138,0,0,0.00509906
concat_finegrained2_9J7UR5.pt,14,40,113,0,0,0.005056659999999999
concat_finegrained2_22QG4G.pt,14,35,100,0,0,0.007917019999999999
concat_finegrained2_0GTA41.pt,14,39,68,0,0,0.00510376
concat_finegrained2_IT424S.pt,14,18,61,0,0,0.008429879999999997
concat_finegrained2_1BJJJ9.pt,14,19,119,0,0,0.00508538
concat_finegrained2_M5ZV1L.pt,14,38,99,0,0,0.00507268
concat_finegrained2_3QYLPA.pt,14,27,134,0,0,0.005103700000000001
concat_finegrained2_NXV09M.pt,14,29,117,0,0,0.00508434
concat_finegrained2_ILB3GD.pt,14,21,70,0,0,0.009591140000000001
concat_finegrained2_MV29K9.pt,14,36,144,0,0,0.005081080000000001
concat_finegrained2_5DG264.pt,14,23,81,0,0,0.01226274
concat_finegrained2_747YQO.pt,14,26,120,0,0,0.00516588
concat_finegrained2_0D7QND.pt,14,24,67,0,0,0.009125120000000002
concat_finegrained2_NRRJ9V.pt,14,42,135,0,0,0.005076639999999999
concat_finegrained2_I3AP03.pt,14,25,140,0,0,0.005095240000000001
concat_finegrained2_F9AN9S.pt,14,22,118,0,0,0.011712460000000001
concat_finegrained2_0QLMWP.pt,14,33,90,0,0,0.005075760000000001
concat_finegrained2_Z6MM19.pt,14,32,128,0,0,0.00508516
concat_finegrained2_HB305N.pt,14,37,92,0,0,0.01178528
concat_finegrained2_5UP7B5.pt,14,14,102,0,0,0.00509198
concat_finegrained2_LQ7U1G.pt,14,12,58,0,0,0.006886140000000004
concat_finegrained2_3LE73Q.pt,14,20,65,0,0,0.015702819999999996
concat_finegrained2_YLY8R5.pt,14,11,71,0,0,0.00524482
concat_finegrained2_ARQGN8.pt,14,10,106,0,0,0.005075200000000001
concat_finegrained2_HUDWUC.pt,14,22,57,0,0,0.011621419999999999
concat_finegrained2_GVL3YT.pt,14,16,84,0,0,0.0051908399999999995
concat_finegrained2_5JMX9L.pt,14,23,51,0,0,0.0051213
concat_finegrained2_5A8BV2.pt,14,13,108,0,0,0.0051146800000000025
concat_finegrained2_CYUPNT.pt,14,15,99,0,0,0.005225339999999999
concat_finegrained2_L99H52.pt,14,18,86,0,0,0.009278580000000002
concat_finegrained2_FBKHLS.pt,14,19,85,0,0,0.0051867200000000006
concat_finegrained2_AYHR7J.pt,14,17,56,0,0,0.0051076399999999975
concat_finegrained2_3YASSL.pt,14,21,100,0,0,0.008696240000000001
concat_finegrained2_9F0UZ6.pt,28,114,39,103,5,0.005468999999999999
concat_finegrained2_ICKW25.pt,28,235,21,160,9,0.00545352
concat_finegrained2_ASRTNQ.pt,28,143,25,134,7,0.005513460000000001
concat_finegrained2_1J3N0U.pt,28,158,35,129,4,0.005483720000000001
concat_finegrained2_BRD60K.pt,28,250,27,117,8,0.005502699999999999
concat_finegrained2_3AVMJP.pt,28,116,29,137,6,0.00604298
concat_finegrained2_OSCI7Z.pt,14,21,157,0,0,0.005134819999999999
concat_finegrained2_DLQCQ2.pt,14,23,222,0,0,0.005227079999999999
concat_finegrained2_72E4TZ.pt,14,15,169,0,0,0.005110919999999999
concat_finegrained2_ZNFVFA.pt,14,26,195,0,0,0.005088219999999999
concat_finegrained2_AC5GT9.pt,14,18,137,0,0,0.00510886
concat_finegrained2_3CYSZF.pt,14,30,170,0,0,0.0050475599999999995
concat_finegrained2_1BPLMG.pt,14,14,105,0,0,0.005103739999999999
concat_finegrained2_7FMG1D.pt,14,24,189,0,0,0.005101320000000001
concat_finegrained2_LYPYS9.pt,14,20,139,0,0,0.00509662
concat_finegrained2_N4V4BE.pt,14,27,118,0,0,0.0050798200000000005
concat_finegrained2_U5S4SM.pt,14,17,132,0,0,0.0050847
concat_finegrained2_DWNCDY.pt,14,25,235,0,0,0.005130480000000001
concat_finegrained2_WY267I.pt,14,28,208,0,0,0.005095339999999999
concat_finegrained2_0A5OOI.pt,14,31,160,0,0,0.005083860000000001
concat_finegrained2_QVMN5L.pt,14,32,194,0,0,0.0051185799999999984
concat_finegrained2_293Z5L.pt,14,19,185,0,0,0.00507744
concat_finegrained2_0J4BEO.pt,14,22,144,0,0,0.005094399999999999
concat_finegrained2_5QJOVU.pt,14,33,153,0,0,0.010043300000000003
concat_finegrained2_WRM5ZE.pt,14,29,113,0,0,0.006210300000000002
concat_finegrained2_2X7PI3.pt,14,16,224,0,0,0.005102500000000001
concat_finegrained2_2PQ7G5.pt,14,124,160,529,280,0.0054763799999999994
concat_finegrained2_1US0ON.pt,14,193,163,517,482,0.00547894
concat_finegrained2_939SZU.pt,14,162,94,703,392,0.005448239999999998
concat_finegrained2_R2NHEZ.pt,14,160,144,638,275,0.00548098
concat_finegrained2_Y7OUHU.pt,14,203,202,558,465,0.005464199999999999
concat_finegrained2_NJVREN.pt,14,195,209,567,425,0.0054385399999999995
concat_finegrained2_QIDWKV.pt,14,144,108,700,353,0.00556862
concat_finegrained2_X8SDO7.pt,14,121,188,685,315,0.005537280000000002
concat_finegrained2_DCT3AY.pt,14,159,124,675,408,0.005434240000000002
concat_finegrained2_1ZES60.pt,14,130,174,783,422,0.005455560000000001
concat_finegrained2_OIG67A.pt,14,122,127,411,491,0.005596299999999998
concat_finegrained2_AAXP8X.pt,14,132,167,683,376,0.005397780000000001
concat_finegrained2_GT2W6S.pt,14,116,102,383,369,0.005489740000000001
concat_finegrained2_EH5YRY.pt,14,151,114,467,455,0.00555206
concat_finegrained2_NQQTDI.pt,14,188,110,717,504,0.005462740000000001
concat_finegrained2_JV3TRQ.pt,14,170,123,451,385,0.005487580000000001
concat_finegrained2_TTZVT3.pt,14,189,191,370,347,0.005485159999999999
concat_finegrained2_XXWQZ5.pt,14,149,92,757,501,0.005455840000000001
concat_finegrained2_W1DS1X.pt,14,100,196,792,253,0.005463080000000001
concat_finegrained2_1F3H6Q.pt,14,97,155,588,362,0.0054747599999999995
concat_finegrained2_RPTVJ3.pt,14,39,86,0,0,0.007892860000000003
concat_finegrained2_953IZN.pt,14,44,96,0,0,0.012233339999999995
concat_finegrained2_SZG32J.pt,14,32,56,0,0,0.00512618
concat_finegrained2_ZNAFNO.pt,14,33,120,0,0,0.005112819999999999
concat_finegrained2_L9VTND.pt,14,49,78,0,0,0.013531799999999997
concat_finegrained2_JO8XY7.pt,14,30,95,0,0,0.00508478
concat_finegrained2_FXRAL1.pt,14,38,102,0,0,0.00507098
concat_finegrained2_420GMZ.pt,14,28,115,0,0,0.005098039999999999
concat_finegrained2_XU1LQC.pt,14,42,83,0,0,0.005086840000000001
concat_finegrained2_6K2H7Y.pt,14,56,73,0,0,0.005101200000000001
concat_finegrained2_4FMFHL.pt,14,55,82,0,0,0.005091020000000001
concat_finegrained2_CO49NP.pt,14,53,92,0,0,0.00509776
concat_finegrained2_VVYO1L.pt,14,25,75,0,0,0.0051426399999999995
concat_finegrained2_0SU5Y2.pt,14,31,103,0,0,0.005094679999999999
concat_finegrained2_ZZNGN5.pt,14,26,60,0,0,0.005089540000000001
concat_finegrained2_SBJVZA.pt,14,34,81,0,0,0.00508728
concat_finegrained2_RATPWL.pt,14,41,101,0,0,0.00811002
concat_finegrained2_V4NXF5.pt,14,50,68,0,0,0.005091279999999999
concat_finegrained2_C1UTX4.pt,14,29,59,0,0,0.005580420000000002
concat_finegrained2_U0L858.pt,14,36,90,0,0,0.005003519999999998
concat_finegrained2_7J3HDP.pt,14,933,27,110,63,0.00547128
concat_finegrained2_FCAO11.pt,14,817,31,101,49,0.005542859999999999
concat_finegrained2_FYCJVB.pt,14,621,25,66,35,0.0054678
concat_finegrained2_UL0MUD.pt,14,1144,53,85,60,0.005472079999999999
concat_finegrained2_7R1ETQ.pt,14,1166,34,59,59,0.005470400000000001
concat_finegrained2_Q74NF0.pt,14,956,43,78,28,0.005479200000000001
concat_finegrained2_XYZEDV.pt,14,881,22,62,55,0.005852
concat_finegrained2_AUCFBA.pt,14,516,28,113,61,0.0054893599999999996
concat_finegrained2_V1LVTG.pt,14,649,23,67,34,0.006027400000000001
concat_finegrained2_9WS1WI.pt,14,560,26,114,37,0.005481919999999998
concat_finegrained2_00GJEJ.pt,14,1036,32,117,58,0.00546666
concat_finegrained2_JLZ9SO.pt,14,1125,44,81,27,0.005459340000000002
concat_finegrained2_NNYINZ.pt,14,826,45,75,52,0.0054625199999999985
concat_finegrained2_ESIWHW.pt,14,764,48,93,50,0.00546312
concat_finegrained2_VH41HA.pt,14,733,37,88,65,0.00549888
concat_finegrained2_16CE8Z.pt,14,777,39,76,43,0.00556398
concat_finegrained2_1FWDF7.pt,14,509,49,98,57,0.00552316
concat_finegrained2_K6PXYL.pt,14,929,35,68,40,0.005487439999999999
concat_finegrained2_MAIAI5.pt,14,650,51,70,41,0.00546862
concat_finegrained2_B4JH4P.pt,14,1088,46,100,39,0.0054393199999999975
concat_finegrained2_24XK4E.pt,14,442,49,1967,114,0.005455600000000001
concat_finegrained2_54ECB8.pt,14,451,34,1763,120,0.005480099999999999
concat_finegrained2_8EB6O5.pt,14,457,40,1798,170,0.005462739999999997
concat_finegrained2_LNL81K.pt,14,323,45,1776,143,0.005455200000000001
concat_finegrained2_SOFC2W.pt,14,501,38,1120,122,0.005428940000000001
concat_finegrained2_3YMWMU.pt,14,626,33,2400,192,0.005471180000000001
concat_finegrained2_R2MZRY.pt,14,327,46,1917,186,0.0054725
concat_finegrained2_BNUNUU.pt,14,483,59,1576,160,0.005441380000000001
concat_finegrained2_QYOVVK.pt,14,542,37,1682,163,0.005442620000000001
concat_finegrained2_5JYIC8.pt,14,356,55,1601,151,0.0054575
concat_finegrained2_6MQVIJ.pt,14,611,48,1469,145,0.005557519999999999
concat_finegrained2_UMEEWW.pt,14,504,47,1071,102,0.005478080000000001
concat_finegrained2_S16HOX.pt,14,308,58,2001,214,0.00542308
concat_finegrained2_YU6KV5.pt,14,350,56,1028,174,0.005499920000000003
concat_finegrained2_5GJEXA.pt,14,445,36,1683,216,0.00543722
concat_finegrained2_O0UIAE.pt,14,494,57,2262,201,0.005539519999999997
concat_finegrained2_Y06AYN.pt,14,556,35,2398,133,0.005501160000000001
concat_finegrained2_159TIK.pt,14,474,51,1834,125,0.00545952
concat_finegrained2_29WEEK.pt,14,272,30,2190,159,0.005433819999999999
concat_finegrained2_ETBUK4.pt,14,498,43,2373,217,0.0055299400000000005
concat_finegrained2_HEWPFQ.pt,7,222,85,0,0,0.008802960000000004
concat_finegrained2_RZRMCB.pt,7,165,64,0,0,0.015049580000000002
concat_finegrained2_IC3C2L.pt,7,249,79,0,0,0.005100760000000001
concat_finegrained2_2RGWPF.pt,7,250,68,0,0,0.005169539999999999
concat_finegrained2_Q1QOW9.pt,7,224,40,0,0,0.013987140000000002
concat_finegrained2_1EF01V.pt,7,208,41,0,0,0.010126560000000001
concat_finegrained2_IGR6X4.pt,7,240,71,0,0,0.00511768
concat_finegrained2_9MFC0T.pt,7,138,51,0,0,0.0051309400000000005
concat_finegrained2_D13HW7.pt,7,238,88,0,0,0.00520494
concat_finegrained2_RMAAXA.pt,7,261,57,0,0,0.00510104
concat_finegrained2_23YIVW.pt,7,193,77,0,0,0.009507920000000003
concat_finegrained2_XDWPUU.pt,7,166,61,0,0,0.005256599999999999
concat_finegrained2_HRET3O.pt,7,163,58,0,0,0.0051245
concat_finegrained2_VFTNZO.pt,7,134,82,0,0,0.013216620000000004
concat_finegrained2_JO92ED.pt,7,211,52,0,0,0.00512196
concat_finegrained2_D6EFRU.pt,7,146,70,0,0,0.005118459999999999
concat_finegrained2_QHQEUQ.pt,7,170,72,0,0,0.006236200000000002
concat_finegrained2_QF74W0.pt,7,267,43,0,0,0.005136280000000001
concat_finegrained2_G2Z5R8.pt,7,237,49,0,0,0.015834620000000008
concat_finegrained2_MFZMRK.pt,7,191,69,0,0,0.009325860000000002
concat_finegrained2_A2U2BT.pt,14,9,87,0,0,0.005100740000000001
concat_finegrained2_LWBITT.pt,14,13,97,0,0,0.00508206
concat_finegrained2_NQI8UP.pt,14,12,169,0,0,0.00510876
concat_finegrained2_LV8F6H.pt,14,14,194,0,0,0.0051002600000000006
concat_finegrained2_5XOZ9A.pt,14,6,174,0,0,0.010181979999999997
concat_finegrained2_OKJ93L.pt,14,11,198,0,0,0.005099080000000001
concat_finegrained2_ATPCC6.pt,14,7,140,0,0,0.00509788
concat_finegrained2_7CR3DH.pt,14,8,166,0,0,0.00510228
concat_finegrained2_09YD8C.pt,14,10,115,0,0,0.00519606
concat_finegrained2_97X3NL.pt,14,49,34,0,0,0.00508216
concat_finegrained2_MT6E8K.pt,14,55,56,0,0,0.005072599999999999
concat_finegrained2_X3M7E1.pt,14,48,28,0,0,0.015016599999999996
concat_finegrained2_UVWU72.pt,14,50,44,0,0,0.007119000000000002
concat_finegrained2_VHCHVD.pt,14,36,57,0,0,0.005071139999999999
concat_finegrained2_7VZ3CO.pt,14,32,29,0,0,0.00900764
concat_finegrained2_6YUT88.pt,14,38,48,0,0,0.00505566
concat_finegrained2_Y4AFK5.pt,14,39,64,0,0,0.00516774
concat_finegrained2_E29KQ2.pt,14,30,59,0,0,0.0050983
concat_finegrained2_FGCL86.pt,14,24,42,0,0,0.005804639999999999
concat_finegrained2_HTQUIC.pt,14,28,50,0,0,0.01604746
concat_finegrained2_6QI5M3.pt,14,25,55,0,0,0.005068100000000001
concat_finegrained2_99L4NV.pt,14,46,35,0,0,0.00552142
concat_finegrained2_RVR792.pt,14,56,58,0,0,0.005085700000000002
concat_finegrained2_VL6GPZ.pt,14,40,31,0,0,0.005095959999999999
concat_finegrained2_FBYIL8.pt,14,29,47,0,0,0.005072659999999999
concat_finegrained2_3KTNTP.pt,14,52,36,0,0,0.0050917
concat_finegrained2_CWFAUK.pt,14,37,65,0,0,0.005116899999999999
concat_finegrained2_P8RY3F.pt,14,26,60,0,0,0.005107719999999999
concat_finegrained2_ZYX6NH.pt,14,47,45,0,0,0.005639539999999998
concat_finegrained2_0XTKUY.pt,14,308,559,794,0,0.005251640000000001
concat_finegrained2_C1N5J0.pt,14,228,384,528,0,0.00529282
concat_finegrained2_Q1W0OW.pt,14,476,361,598,0,0.005308259999999998
concat_finegrained2_64IDTI.pt,14,275,405,792,0,0.00526428
concat_finegrained2_BZUR85.pt,14,317,539,981,0,0.005249280000000002
concat_finegrained2_XOSVAP.pt,14,420,259,795,0,0.005203779999999999
concat_finegrained2_LMAJ5D.pt,14,358,338,911,0,0.0052781999999999985
concat_finegrained2_T3HHLS.pt,14,216,287,970,0,0.00523758
concat_finegrained2_KQJK3S.pt,14,345,523,613,0,0.0052112
concat_finegrained2_1D3SAJ.pt,14,357,401,1050,0,0.0052104000000000004
concat_finegrained2_QU2DL2.pt,14,342,269,948,0,0.0054820599999999995
concat_finegrained2_NIQHCM.pt,14,242,582,538,0,0.00536956
concat_finegrained2_TGFQ2U.pt,14,221,463,712,0,0.005338379999999999
concat_finegrained2_A0K4DS.pt,14,371,295,673,0,0.005312840000000001
concat_finegrained2_KQCH3U.pt,14,490,402,1008,0,0.005280999999999999
concat_finegrained2_64HQQ1.pt,14,245,355,575,0,0.005375860000000001
concat_finegrained2_XE56WZ.pt,14,362,491,770,0,0.005279280000000001
concat_finegrained2_893Q9B.pt,14,229,542,487,0,0.00535098
concat_finegrained2_CNYPIQ.pt,14,312,498,827,0,0.005269599999999998
concat_finegrained2_EWIZX7.pt,14,295,281,583,0,0.0052664999999999995
concat_finegrained2_4WFB2J.pt,14,10,75,0,0,0.006009200000000001
concat_finegrained2_XJ7SNV.pt,14,19,67,0,0,0.005045759999999999
concat_finegrained2_LOIPQW.pt,14,20,115,0,0,0.0050668200000000005
concat_finegrained2_KXXRY5.pt,14,12,89,0,0,0.005111580000000001
concat_finegrained2_N8RYML.pt,14,18,113,0,0,0.0135673
concat_finegrained2_PTLZM1.pt,14,11,95,0,0,0.005612599999999999
concat_finegrained2_KBASP1.pt,14,17,112,0,0,0.0101378
concat_finegrained2_V9JXRW.pt,14,23,127,0,0,0.0050855
concat_finegrained2_13633O.pt,14,13,90,0,0,0.00507194
concat_finegrained2_XQT21A.pt,14,16,123,0,0,0.00510988
concat_finegrained2_YBY4MG.pt,14,15,87,0,0,0.005058620000000001
concat_finegrained2_K5ZL2E.pt,14,22,129,0,0,0.01054116
concat_finegrained2_NH6NXH.pt,14,24,93,0,0,0.005125780000000001
concat_finegrained2_HJJ5X7.pt,14,21,62,0,0,0.008881140000000001
concat_finegrained2_A1ZUTM.pt,14,14,110,0,0,0.005099600000000002
concat_finegrained2_ZJSX4C.pt,14,921,26,39,347,0.0054747400000000005
concat_finegrained2_XZY4N0.pt,14,603,17,35,217,0.005546500000000001
concat_finegrained2_QC0FUJ.pt,14,873,23,31,369,0.005476000000000001
concat_finegrained2_ZK5014.pt,14,918,15,26,269,0.005513760000000002
concat_finegrained2_QFOYKE.pt,14,981,21,30,198,0.0054791
concat_finegrained2_52NVUV.pt,14,1229,14,24,447,0.005420939999999998
concat_finegrained2_1TTAD8.pt,14,830,18,27,314,0.005482600000000001
concat_finegrained2_5OEDXX.pt,14,812,27,40,224,0.005495580000000003
concat_finegrained2_ZLCKV7.pt,14,1016,22,45,398,0.0054840999999999996
concat_finegrained2_8OJ75P.pt,14,987,28,43,418,0.005508439999999999
concat_finegrained2_7N9BQH.pt,14,1295,25,25,299,0.005448679999999999
concat_finegrained2_KWDTDU.pt,14,1254,16,50,227,0.00546572
concat_finegrained2_ELMCO0.pt,14,881,13,46,421,0.0054537399999999995
concat_finegrained2_JNJVOS.pt,14,1123,24,33,200,0.00547754
concat_finegrained2_6FEQVC.pt,14,624,19,42,246,0.005487400000000001
concat_finegrained2_3R0AJH.pt,14,704,29,32,371,0.005460299999999999
concat_finegrained2_R0IHHJ.pt,14,745,12,22,324,0.005510480000000001
concat_finegrained2_08RKC9.pt,14,705,20,34,358,0.005489300000000002
concat_finegrained2_IA0ISS.pt,14,1039,22,73,84,0.00551064
concat_finegrained2_9MUBPM.pt,14,1195,23,110,83,0.005454259999999999
concat_finegrained2_OVYN8D.pt,14,747,31,71,64,0.005716600000000001
concat_finegrained2_0TYQ2B.pt,14,777,32,51,40,0.005536560000000001
concat_finegrained2_NJS9NZ.pt,14,929,25,109,49,0.00550852
concat_finegrained2_FMZDUJ.pt,14,1141,20,93,53,0.0055648799999999995
concat_finegrained2_R3ME90.pt,14,1211,27,103,59,0.005474839999999998
concat_finegrained2_GIVW1H.pt,14,1051,24,84,72,0.005492360000000001
concat_finegrained2_DLNLRY.pt,14,871,46,105,68,0.0054939
concat_finegrained2_ZONZFN.pt,14,586,33,63,78,0.0054884
concat_finegrained2_JF5TCR.pt,14,1082,21,80,44,0.005465
concat_finegrained2_XZ4DRQ.pt,14,1165,37,101,73,0.005422659999999999
concat_finegrained2_8UEAB9.pt,14,610,36,108,56,0.005551340000000001
concat_finegrained2_SUJCVX.pt,14,1168,35,61,69,0.00557006
concat_finegrained2_41Z04Y.pt,14,768,38,69,52,0.005476700000000001
concat_finegrained2_TW93VQ.pt,14,1198,43,56,66,0.0054681999999999994
concat_finegrained2_5YLICU.pt,14,532,45,94,86,0.005561979999999999
concat_finegrained2_MCPHSK.pt,14,878,40,65,39,0.005449639999999998
concat_finegrained2_935W8X.pt,14,1163,41,77,45,0.005478380000000001
concat_finegrained2_7W91IZ.pt,14,636,47,75,70,0.005474659999999999
concat_finegrained2_FSF5C5.pt,7,87,78,0,0,0.013181820000000004
concat_finegrained2_E1IMPW.pt,7,79,53,0,0,0.005291459999999998
concat_finegrained2_JYQ9FP.pt,7,84,57,0,0,0.005142859999999999
concat_finegrained2_0ISKKI.pt,7,78,43,0,0,0.005193099999999999
concat_finegrained2_73P93G.pt,7,93,89,0,0,0.01411178
concat_finegrained2_9QB02F.pt,7,60,55,0,0,0.008308280000000005
concat_finegrained2_XWNLO6.pt,7,69,83,0,0,0.00585438
concat_finegrained2_JMR1CU.pt,7,51,47,0,0,0.006258679999999997
concat_finegrained2_JDKKS2.pt,7,45,92,0,0,0.00506988
concat_finegrained2_SFK5O9.pt,7,76,51,0,0,0.00971658
concat_finegrained2_XQIOF8.pt,7,68,56,0,0,0.0068392999999999995
concat_finegrained2_US2OE5.pt,7,47,62,0,0,0.005110199999999999
concat_finegrained2_7UVBEL.pt,7,55,73,0,0,0.008342220000000001
concat_finegrained2_88UC7S.pt,7,52,88,0,0,0.012315539999999998
concat_finegrained2_JTJ4JJ.pt,7,83,58,0,0,0.020096
concat_finegrained2_C1C7AE.pt,7,59,81,0,0,0.006685159999999998
concat_finegrained2_PP1Y9J.pt,7,71,46,0,0,0.012284440000000002
concat_finegrained2_UP13GI.pt,7,67,100,0,0,0.0051494800000000005
concat_finegrained2_JEVYFG.pt,7,57,80,0,0,0.009323060000000001
concat_finegrained2_93176H.pt,7,70,75,0,0,0.007362379999999997
concat_finegrained2_CEDH3B.pt,7,59,92,0,0,0.00511962
concat_finegrained2_WUEWN3.pt,7,75,109,0,0,0.012936280000000001
concat_finegrained2_9FHXY3.pt,7,105,143,0,0,0.0051918
concat_finegrained2_3W1UYB.pt,7,88,99,0,0,0.010185179999999999
concat_finegrained2_DD240P.pt,7,61,128,0,0,0.005127120000000001
concat_finegrained2_XNPREC.pt,7,120,149,0,0,0.0051586
concat_finegrained2_909FVK.pt,7,109,139,0,0,0.005144220000000001
concat_finegrained2_4Q9HGR.pt,7,71,125,0,0,0.032253999999999984
concat_finegrained2_1BEQKR.pt,7,85,101,0,0,0.005094339999999999
concat_finegrained2_K4XWS9.pt,7,78,89,0,0,0.005161719999999998
concat_finegrained2_V5QB4S.pt,7,52,67,0,0,0.00509668
concat_finegrained2_DJD2Y9.pt,7,72,71,0,0,0.0061997799999999985
concat_finegrained2_0HO095.pt,7,70,104,0,0,0.005122779999999999
concat_finegrained2_LKAG1D.pt,7,114,98,0,0,0.005130899999999998
concat_finegrained2_ATIZ2F.pt,7,77,70,0,0,0.006817599999999999
concat_finegrained2_S0GZ7V.pt,7,96,81,0,0,0.00565668
concat_finegrained2_IPC44I.pt,7,64,126,0,0,0.00520856
concat_finegrained2_4EY8IE.pt,7,101,145,0,0,0.005089080000000001
concat_finegrained2_P4J137.pt,7,53,95,0,0,0.00509604
concat_finegrained2_JPZ6CU.pt,7,112,105,0,0,0.005660179999999999
concat_finegrained2_I40AQK.pt,14,82,62,0,0,0.011705879999999997
concat_finegrained2_0KLBLH.pt,14,61,66,0,0,0.005114519999999999
concat_finegrained2_9KWIWK.pt,14,58,89,0,0,0.005162699999999999
concat_finegrained2_G207GM.pt,14,80,73,0,0,0.009541420000000002
concat_finegrained2_ITV7GX.pt,14,96,87,0,0,0.0050757
concat_finegrained2_B46D4R.pt,14,78,41,0,0,0.005078859999999999
concat_finegrained2_F8M3UJ.pt,14,103,54,0,0,0.005101100000000001
concat_finegrained2_OR4F9I.pt,14,54,53,0,0,0.00504938
concat_finegrained2_ZLMRH2.pt,14,57,72,0,0,0.0051477400000000005
concat_finegrained2_5CQPUD.pt,14,100,65,0,0,0.00511732
concat_finegrained2_KL1UO2.pt,14,101,60,0,0,0.005108359999999998
concat_finegrained2_74Z4BC.pt,14,94,96,0,0,0.005048359999999999
concat_finegrained2_NUXZES.pt,14,72,91,0,0,0.00856606
concat_finegrained2_JXI8DC.pt,14,52,71,0,0,0.00512126
concat_finegrained2_D5QMCT.pt,14,90,51,0,0,0.00513138
concat_finegrained2_AAK2UB.pt,14,89,92,0,0,0.005081760000000001
concat_finegrained2_C1O8LQ.pt,14,79,75,0,0,0.0050709399999999995
concat_finegrained2_RQMXBK.pt,14,63,86,0,0,0.005062679999999999
concat_finegrained2_JP6IF8.pt,14,75,97,0,0,0.00511118
concat_finegrained2_KSX1N4.pt,14,92,80,0,0,0.005072079999999999
concat_finegrained2_VN1H1L.pt,28,38,57,0,0,0.005142140000000001
concat_finegrained2_UASIK8.pt,28,26,77,0,0,0.00525086
concat_finegrained2_O3RUOA.pt,28,21,60,0,0,0.0052059800000000015
concat_finegrained2_CYP80E.pt,28,41,100,0,0,0.005310120000000001
concat_finegrained2_GO97HO.pt,28,32,96,0,0,0.0051017400000000004
concat_finegrained2_J8OQOC.pt,28,33,131,0,0,0.005096060000000001
concat_finegrained2_8QJ7PX.pt,28,35,91,0,0,0.00512652
concat_finegrained2_XUVSSJ.pt,28,39,110,0,0,0.005108980000000001
concat_finegrained2_87VTYZ.pt,28,29,64,0,0,0.0051565
concat_finegrained2_7VPUVG.pt,28,27,68,0,0,0.005185900000000001
concat_finegrained2_CVVRXT.pt,28,34,85,0,0,0.0050726
concat_finegrained2_WNWUO1.pt,28,40,65,0,0,0.005141099999999998
concat_finegrained2_3CT05P.pt,28,36,87,0,0,0.005082760000000002
concat_finegrained2_DWX4O8.pt,28,28,62,0,0,0.005170279999999997
concat_finegrained2_25AXBY.pt,28,37,124,0,0,0.00510712
concat_finegrained2_XWMV4D.pt,28,30,92,0,0,0.005105140000000001
concat_finegrained2_JKB9B5.pt,28,25,130,0,0,0.005069000000000001
concat_finegrained2_YBZTZX.pt,28,20,112,0,0,0.005105359999999999
concat_finegrained2_44G29E.pt,28,22,114,0,0,0.0051693
concat_finegrained2_0MY10E.pt,28,19,90,0,0,0.005110380000000001
concat_finegrained2_TZQ4ZE.pt,7,82,17,0,0,0.005246539999999999
concat_finegrained2_TZXQMF.pt,7,66,14,0,0,0.017129719999999994
concat_finegrained2_X07PWM.pt,7,73,12,0,0,0.009911660000000001
concat_finegrained2_LOHVIX.pt,7,83,13,0,0,0.008263119999999997
concat_finegrained2_9PVG48.pt,7,61,23,0,0,0.00765906
concat_finegrained2_NZ0EH4.pt,7,85,19,0,0,0.014227599999999996
concat_finegrained2_GSVXO6.pt,7,50,11,0,0,0.012619160000000003
concat_finegrained2_X9594M.pt,7,51,22,0,0,0.005109919999999998
concat_finegrained2_3RMVCG.pt,7,53,21,0,0,0.00508486
concat_finegrained2_3G7KBS.pt,7,71,15,0,0,0.00615638
concat_finegrained2_GCIKHL.pt,7,77,16,0,0,0.008265520000000002
concat_finegrained2_R4FIAY.pt,7,62,20,0,0,0.0069840200000000005
concat_finegrained2_QRU1MS.pt,7,56,10,0,0,0.007688120000000001
concat_finegrained2_60VTKY.pt,7,67,18,0,0,0.006798159999999998
concat_finegrained2_Q5YX3W.pt,14,770,31,42,109,0.00548572
concat_finegrained2_TJ3HRF.pt,14,979,19,46,158,0.0055953800000000005
concat_finegrained2_7RZN9K.pt,14,837,24,59,259,0.00549014
concat_finegrained2_5G2O29.pt,14,822,20,58,253,0.00547408
concat_finegrained2_03VL36.pt,14,521,16,55,204,0.005725119999999999
concat_finegrained2_33U64L.pt,14,846,25,80,179,0.005447440000000002
concat_finegrained2_YW5A3Q.pt,14,514,26,65,140,0.00549452
concat_finegrained2_71WQP6.pt,14,609,15,75,163,0.005481500000000001
concat_finegrained2_XRETSV.pt,14,765,30,39,142,0.005455000000000003
concat_finegrained2_AXMGPW.pt,14,668,32,54,217,0.0059923599999999995
concat_finegrained2_MQY9GF.pt,14,1004,18,41,247,0.00544316
concat_finegrained2_1LKLQP.pt,14,927,21,82,242,0.00553554
concat_finegrained2_VVPLUL.pt,14,797,14,72,114,0.00546828
concat_finegrained2_C7922Y.pt,14,628,29,38,180,0.00551944
concat_finegrained2_UEEF7B.pt,14,1067,22,78,205,0.00543066
concat_finegrained2_FJ8R7Y.pt,14,848,28,35,215,0.00553366
concat_finegrained2_X6BONQ.pt,14,974,27,69,241,0.005480580000000001
concat_finegrained2_UBB68U.pt,14,1039,23,57,131,0.005506140000000001
concat_finegrained2_9LBZ43.pt,14,588,17,53,223,0.005526900000000002
concat_finegrained2_UJVTOF.pt,7,237,36,115,1469,0.0056072
concat_finegrained2_9MWMQ3.pt,7,123,49,143,2456,0.00550242
concat_finegrained2_GXI37D.pt,7,217,40,106,1651,0.0055540799999999994
concat_finegrained2_WZ1SU1.pt,7,202,54,182,1171,0.005471459999999999
concat_finegrained2_WSA1PO.pt,7,166,70,87,2094,0.005490300000000001
concat_finegrained2_SOM8FV.pt,7,180,56,170,1502,0.0054988599999999995
concat_finegrained2_RVS0C0.pt,7,156,57,120,2141,0.005486499999999998
concat_finegrained2_MUNLPR.pt,7,106,62,107,2014,0.0055583
concat_finegrained2_41S52R.pt,7,168,52,99,1995,0.0055099
concat_finegrained2_6I6EMC.pt,7,152,53,147,1389,0.005558339999999999
concat_finegrained2_MJ0B6I.pt,7,159,60,180,1366,0.005575819999999999
concat_finegrained2_ACPEGU.pt,7,219,33,133,1898,0.00554292
concat_finegrained2_7HYKR3.pt,7,163,50,91,2485,0.005482420000000001
concat_finegrained2_VSULJA.pt,7,116,69,150,2349,0.00551522
concat_finegrained2_IVL9CB.pt,7,125,71,108,1631,0.005534680000000001
concat_finegrained2_E8RDBG.pt,7,235,42,88,1481,0.005600020000000001
concat_finegrained2_Z4FV4I.pt,7,142,63,122,1798,0.005598859999999999
concat_finegrained2_LU0QVR.pt,7,174,44,139,1527,0.005591379999999999
concat_finegrained2_CN0QRE.pt,7,205,30,145,1143,0.00559412
concat_finegrained2_9CYTXX.pt,7,214,45,101,2420,0.005708660000000001
concat_finegrained2_6N03LZ.pt,7,36,121,0,0,0.0056317400000000005
concat_finegrained2_GGWFCK.pt,7,29,118,0,0,0.019866940000000003
concat_finegrained2_KFCU5O.pt,7,43,216,0,0,0.010214179999999996
concat_finegrained2_FMGK05.pt,7,25,205,0,0,0.007247939999999997
concat_finegrained2_VRKT02.pt,7,32,236,0,0,0.0051278
concat_finegrained2_JD5XLA.pt,7,30,145,0,0,0.00515108
concat_finegrained2_KZ8DPA.pt,7,46,200,0,0,0.00519768
concat_finegrained2_5CORQW.pt,7,33,225,0,0,0.006044460000000001
concat_finegrained2_H8J3U1.pt,7,31,166,0,0,0.005154860000000001
concat_finegrained2_RSUUG4.pt,7,21,191,0,0,0.00515934
concat_finegrained2_G1PXZL.pt,7,28,233,0,0,0.02515152
concat_finegrained2_VI0771.pt,7,41,193,0,0,0.005418480000000002
concat_finegrained2_A4CE6H.pt,7,23,180,0,0,0.015244760000000001
concat_finegrained2_2BLZH1.pt,7,42,149,0,0,0.005093940000000002
concat_finegrained2_FBI9MT.pt,7,39,220,0,0,0.005302039999999999
concat_finegrained2_Y09SPY.pt,7,34,115,0,0,0.00510452
concat_finegrained2_WW1E7W.pt,7,24,203,0,0,0.00678222
concat_finegrained2_TJ9VZP.pt,7,37,232,0,0,0.005104719999999999
concat_finegrained2_K9LQ4U.pt,7,26,157,0,0,0.013842960000000001
concat_finegrained2_5Z9KTQ.pt,7,27,146,0,0,0.0148644
concat_finegrained2_J2ZLMP.pt,28,54,608,0,0,0.0053046
concat_finegrained2_CV4FHX.pt,28,26,628,0,0,0.00508154
concat_finegrained2_ANSL3X.pt,28,36,606,0,0,0.00511374
concat_finegrained2_YA5S2R.pt,28,48,641,0,0,0.00509104
concat_finegrained2_5YMEDI.pt,28,33,563,0,0,0.005103940000000001
concat_finegrained2_Z7YKV5.pt,28,29,659,0,0,0.005119060000000002
concat_finegrained2_KZT8UU.pt,28,42,527,0,0,0.00508976
concat_finegrained2_9GKP6F.pt,28,37,649,0,0,0.005070459999999999
concat_finegrained2_JUB3R1.pt,28,51,703,0,0,0.005111
concat_finegrained2_1JI2E1.pt,28,41,470,0,0,0.005163180000000001
concat_finegrained2_31L703.pt,28,24,387,0,0,0.005077620000000001
concat_finegrained2_UFKK1P.pt,28,52,492,0,0,0.00506462
concat_finegrained2_VQBJS2.pt,28,53,616,0,0,0.005146560000000001
concat_finegrained2_UXIUL9.pt,28,23,890,0,0,0.005171020000000001
concat_finegrained2_G46IRE.pt,28,46,487,0,0,0.00506748
concat_finegrained2_XHDN2G.pt,28,31,737,0,0,0.005117760000000002
concat_finegrained2_8APJXI.pt,28,32,567,0,0,0.0050961
concat_finegrained2_0IDY3Y.pt,28,39,454,0,0,0.00504626
concat_finegrained2_4O2FYA.pt,28,27,603,0,0,0.005062399999999999
concat_finegrained2_XQX4DS.pt,28,43,522,0,0,0.00506704
concat_finegrained2_CTH988.pt,14,167,960,0,0,0.005213839999999998
concat_finegrained2_GDRQRG.pt,14,189,505,0,0,0.005095399999999997
concat_finegrained2_9P7BH8.pt,14,188,763,0,0,0.005132
concat_finegrained2_LYK551.pt,14,125,555,0,0,0.0051920399999999985
concat_finegrained2_2INLMB.pt,14,178,618,0,0,0.005086080000000001
concat_finegrained2_94C0FE.pt,14,155,740,0,0,0.005087140000000001
concat_finegrained2_AAS8I8.pt,14,92,913,0,0,0.0050946199999999985
concat_finegrained2_RFNJPA.pt,14,118,493,0,0,0.0050739999999999995
concat_finegrained2_SGL7VM.pt,14,113,499,0,0,0.005096580000000001
concat_finegrained2_PKTD3S.pt,14,149,513,0,0,0.0050827599999999995
concat_finegrained2_BPBA6K.pt,14,186,800,0,0,0.005085340000000001
concat_finegrained2_18I68Y.pt,14,143,628,0,0,0.00524298
concat_finegrained2_NQCPK3.pt,14,158,758,0,0,0.0050757599999999995
concat_finegrained2_CL2NSI.pt,14,114,1099,0,0,0.00509118
concat_finegrained2_X7NYGL.pt,14,177,991,0,0,0.005124879999999999
concat_finegrained2_8UJKAN.pt,14,182,1007,0,0,0.00511992
concat_finegrained2_WQ2ELR.pt,14,154,881,0,0,0.0051049
concat_finegrained2_169RK9.pt,14,123,841,0,0,0.005085699999999999
concat_finegrained2_H9A1GB.pt,14,136,1101,0,0,0.0050594800000000025
concat_finegrained2_YWD59K.pt,14,161,1128,0,0,0.005102439999999999
concat_finegrained2_F1BEVU.pt,14,4,2,70,162,0.0055632400000000005
concat_finegrained2_M6FHS8.pt,14,7,3,48,164,0.005459240000000001
concat_finegrained2_9X4ILY.pt,7,136,128,0,0,0.03237436
concat_finegrained2_CC80D7.pt,7,182,98,0,0,0.007318360000000001
concat_finegrained2_KW5OMW.pt,7,195,104,0,0,0.005068020000000002
concat_finegrained2_DIE1JJ.pt,7,171,96,0,0,0.012172819999999999
concat_finegrained2_MLN9XY.pt,7,180,73,0,0,0.008912700000000003
concat_finegrained2_L0XTSO.pt,7,121,84,0,0,0.01601504000000001
concat_finegrained2_BYK3CW.pt,7,156,95,0,0,0.01239078
concat_finegrained2_6UWF0H.pt,7,129,99,0,0,0.008528060000000004
concat_finegrained2_EB8OY3.pt,7,174,107,0,0,0.009422040000000001
concat_finegrained2_NY9WCF.pt,7,158,115,0,0,0.005135999999999998
concat_finegrained2_1KIKAZ.pt,7,161,131,0,0,0.00558722
concat_finegrained2_JL0CD0.pt,7,147,67,0,0,0.005095
concat_finegrained2_1DRHYZ.pt,7,215,120,0,0,0.005332539999999999
concat_finegrained2_7G1QGJ.pt,7,207,121,0,0,0.005090619999999999
concat_finegrained2_6LT0IT.pt,7,187,137,0,0,0.00511646
concat_finegrained2_Y45505.pt,7,138,139,0,0,0.005115
concat_finegrained2_M3HEIZ.pt,7,243,64,0,0,0.005062940000000001
concat_finegrained2_ZTB0TA.pt,7,160,88,0,0,0.0054916
concat_finegrained2_V5VJYM.pt,7,143,100,0,0,0.0108819
concat_finegrained2_XKT8ZJ.pt,7,246,122,0,0,0.0051150000000000015
concat_finegrained2_5Q7FUN.pt,56,178,41,875,20,0.005481299999999998
concat_finegrained2_Q2IOE0.pt,56,169,26,1199,29,0.005467180000000001
concat_finegrained2_EXD8WK.pt,56,152,31,1350,30,0.00596172
concat_finegrained2_4I0P9M.pt,56,170,23,1105,42,0.005521519999999999
concat_finegrained2_N10SZL.pt,56,147,43,1461,33,0.0054535600000000005
concat_finegrained2_Z4WSN7.pt,56,119,39,1187,21,0.005458419999999999
concat_finegrained2_BWFRIM.pt,56,153,32,1515,35,0.005409680000000001
concat_finegrained2_RR8IJN.pt,56,114,44,1097,43,0.005418460000000002
concat_finegrained2_YPFZVT.pt,56,143,46,1623,24,0.00541978
concat_finegrained2_0UOUXN.pt,56,180,28,1046,31,0.00547072
concat_finegrained2_MY6WNG.pt,56,203,24,1351,36,0.005454299999999999
concat_finegrained2_Z3G8Y2.pt,56,112,25,1059,34,0.00545468
concat_finegrained2_902TXI.pt,56,195,45,1184,25,0.00542986
concat_finegrained2_ZZNVI8.pt,56,136,21,1112,41,0.005600560000000001
concat_finegrained2_7IB4OG.pt,56,175,30,1308,27,0.0055945399999999985
concat_finegrained2_GNW0GP.pt,56,166,38,1408,39,0.005544139999999999
concat_finegrained2_D0T2E7.pt,56,123,33,1402,19,0.005557300000000002
concat_finegrained2_8JGWLX.pt,56,126,49,1827,23,0.00555286
concat_finegrained2_0G4P5J.pt,56,146,35,955,40,0.00557806
concat_finegrained2_LOQFZK.pt,56,144,29,1561,44,0.00550304
concat_finegrained2_W7MD7B.pt,56,815,654,39,14,0.005645579999999999
concat_finegrained2_YM328D.pt,56,720,323,24,11,0.005564500000000003
concat_finegrained2_Z5NC2V.pt,56,789,394,51,17,0.00593506
concat_finegrained2_H0IFQI.pt,56,595,558,47,15,0.00542312
concat_finegrained2_LNXIT3.pt,56,393,432,31,10,0.005452720000000002
concat_finegrained2_8OPL06.pt,56,805,370,27,12,0.005453819999999999
concat_finegrained2_28HTJ3.pt,56,526,562,37,8,0.00554596
concat_finegrained2_FKBR1U.pt,56,744,417,43,9,0.005463339999999999
concat_finegrained2_4V6Z11.pt,56,761,460,42,18,0.005420799999999999
concat_finegrained2_EYNB5U.pt,56,633,653,36,16,0.005416599999999999
concat_finegrained2_F80WPV.pt,56,471,528,30,13,0.005482820000000003
concat_finegrained2_T3WFZK.pt,14,31,64,0,0,0.005131580000000001
concat_finegrained2_42AQXM.pt,14,30,48,0,0,0.00510346
concat_finegrained2_WZXOL2.pt,14,24,66,0,0,0.013580619999999996
concat_finegrained2_HAPC8C.pt,14,29,82,0,0,0.009248140000000002
concat_finegrained2_WBHZE6.pt,14,17,59,0,0,0.011514020000000003
concat_finegrained2_YWH96D.pt,14,23,93,0,0,0.005133219999999999
concat_finegrained2_ZZVLPV.pt,14,33,95,0,0,0.005254039999999999
concat_finegrained2_NXLOHJ.pt,14,22,50,0,0,0.005074599999999999
concat_finegrained2_UCDWKM.pt,14,35,81,0,0,0.00512322
concat_finegrained2_3M4UAL.pt,14,34,51,0,0,0.00507042
concat_finegrained2_EZO3JA.pt,14,19,72,0,0,0.005042520000000003
concat_finegrained2_ACDXSM.pt,14,32,70,0,0,0.0050824
concat_finegrained2_4BYCAR.pt,14,16,62,0,0,0.005060919999999999
concat_finegrained2_1745HP.pt,14,36,79,0,0,0.005091940000000001
concat_finegrained2_V542HR.pt,14,25,45,0,0,0.005052800000000001
concat_finegrained2_749HNY.pt,14,28,74,0,0,0.005086959999999999
concat_finegrained2_5E6WVH.pt,14,20,90,0,0,0.005077320000000001
concat_finegrained2_LVWRV9.pt,14,26,53,0,0,0.010449100000000003
concat_finegrained2_0G5MQP.pt,14,18,41,0,0,0.0051227600000000005
concat_finegrained2_CJS6MZ.pt,14,27,63,0,0,0.00509246
concat_finegrained2_38FZFV.pt,14,117,524,0,0,0.00506874
concat_finegrained2_NMP5PL.pt,14,90,425,0,0,0.005067919999999999
concat_finegrained2_0BRJYM.pt,14,125,744,0,0,0.00510932
concat_finegrained2_PYUY5Z.pt,14,57,541,0,0,0.0050731000000000005
concat_finegrained2_Z51XLI.pt,14,110,823,0,0,0.0055671199999999975
concat_finegrained2_2CKX5K.pt,14,77,898,0,0,0.005610780000000001
concat_finegrained2_BX6XF5.pt,14,89,551,0,0,0.00555424
concat_finegrained2_GK8FLJ.pt,14,101,827,0,0,0.005207
concat_finegrained2_85CB82.pt,14,84,406,0,0,0.00511702
concat_finegrained2_MZPJ43.pt,14,80,797,0,0,0.005069679999999998
concat_finegrained2_R4AA9B.pt,14,76,731,0,0,0.005068360000000001
concat_finegrained2_ZQEI36.pt,14,121,523,0,0,0.0050678
concat_finegrained2_L3EBP2.pt,14,87,896,0,0,0.005073120000000001
concat_finegrained2_3H1UFH.pt,14,98,776,0,0,0.005154659999999998
concat_finegrained2_N3DJPB.pt,14,58,828,0,0,0.005069659999999999
concat_finegrained2_5V1X7Y.pt,14,124,869,0,0,0.00511036
concat_finegrained2_I2FA1E.pt,14,88,787,0,0,0.005167940000000001
concat_finegrained2_TVZZHU.pt,14,79,723,0,0,0.00506644
concat_finegrained2_FA44XD.pt,14,54,729,0,0,0.0050690000000000015
concat_finegrained2_MSCLUH.pt,14,61,624,0,0,0.0050735
concat_finegrained2_SRGNBH.pt,14,9,94,0,0,0.011230379999999998
concat_finegrained2_EMW5BO.pt,14,15,76,0,0,0.005070680000000001
concat_finegrained2_5UTS87.pt,14,8,40,0,0,0.005493220000000001
concat_finegrained2_GKHVTQ.pt,14,14,59,0,0,0.00521884
concat_finegrained2_1BI5XH.pt,14,7,79,0,0,0.005085980000000001
concat_finegrained2_I5Y6E8.pt,14,12,71,0,0,0.005086540000000001
concat_finegrained2_L4NBJZ.pt,14,13,90,0,0,0.0050944599999999994
concat_finegrained2_PTWW1L.pt,14,17,72,0,0,0.010602240000000002
concat_finegrained2_QXM4AK.pt,14,11,46,0,0,0.005058880000000001
concat_finegrained2_BSPZG1.pt,14,16,91,0,0,0.005202660000000001
concat_finegrained2_7U96A1.pt,14,10,48,0,0,0.013658899999999996
concat_finegrained2_2JIJQ9.pt,7,132,19,0,0,0.005092899999999999
concat_finegrained2_1AN8Y7.pt,7,123,28,0,0,0.01560273999999999
concat_finegrained2_GU4LS6.pt,7,163,23,0,0,0.005648339999999998
concat_finegrained2_4LIB54.pt,7,102,17,0,0,0.010079719999999999
concat_finegrained2_PHKR94.pt,7,136,24,0,0,0.006544740000000001
concat_finegrained2_ZC31KP.pt,7,85,22,0,0,0.007274699999999999
concat_finegrained2_OHZFTV.pt,7,86,21,0,0,0.005195080000000002
concat_finegrained2_VXB4SX.pt,7,167,26,0,0,0.0051161800000000006
concat_finegrained2_6UT833.pt,7,80,30,0,0,0.0165412
concat_finegrained2_G2DRKR.pt,7,75,16,0,0,0.005247580000000001
concat_finegrained2_7LEVZY.pt,7,100,29,0,0,0.014791360000000002
concat_finegrained2_4NWI4Q.pt,7,138,20,0,0,0.0051478
concat_finegrained2_9BHI08.pt,7,125,18,0,0,0.005098200000000001
concat_finegrained2_RF5S4K.pt,7,109,13,0,0,0.005680040000000001
concat_finegrained2_ELBIA5.pt,7,146,25,0,0,0.005107019999999999
concat_finegrained2_62S552.pt,7,162,27,0,0,0.006078340000000001
concat_finegrained2_P1OH7D.pt,7,110,15,0,0,0.006257480000000002
concat_finegrained2_I8XVPT.pt,7,92,14,0,0,0.005111499999999999
concat_finegrained2_QNIM1H.pt,7,72,24,0,0,0.00570276
concat_finegrained2_N3NK7Q.pt,7,58,30,0,0,0.005160920000000001
concat_finegrained2_8GE5CW.pt,7,45,23,0,0,0.00517848
concat_finegrained2_HPGY7J.pt,7,81,32,0,0,0.00506504
concat_finegrained2_UZ2O4E.pt,7,47,21,0,0,0.01885252
concat_finegrained2_5VNS1P.pt,7,39,29,0,0,0.005155120000000001
concat_finegrained2_I7YY82.pt,7,85,14,0,0,0.015839499999999996
concat_finegrained2_5PJPEW.pt,7,44,22,0,0,0.005743739999999998
concat_finegrained2_O21RHX.pt,7,80,20,0,0,0.0156495
concat_finegrained2_IHUZSL.pt,7,51,17,0,0,0.005676459999999999
concat_finegrained2_7GEMNK.pt,7,74,31,0,0,0.00573682
concat_finegrained2_X12REQ.pt,7,82,26,0,0,0.0051497800000000005
concat_finegrained2_4QJ5I0.pt,7,77,16,0,0,0.005089080000000001
concat_finegrained2_7HASMM.pt,7,46,18,0,0,0.01857794
concat_finegrained2_QB619I.pt,7,73,19,0,0,0.00512432
concat_finegrained2_06GCZH.pt,7,71,25,0,0,0.005136640000000001
concat_finegrained2_5CXBZF.pt,7,48,27,0,0,0.01559256
concat_finegrained2_PNOIC7.pt,7,53,28,0,0,0.00653362
concat_finegrained2_2Z1JT2.pt,7,52,15,0,0,0.005160920000000001
concat_finegrained2_U26V13.pt,14,297,302,204,0,0.00535658
concat_finegrained2_9F41ID.pt,14,176,485,180,0,0.005290820000000002
concat_finegrained2_2PCOHM.pt,14,169,613,174,0,0.00533304
concat_finegrained2_R0X6L8.pt,14,275,349,190,0,0.005301900000000001
concat_finegrained2_TTZIRZ.pt,14,184,513,188,0,0.0052976
concat_finegrained2_1IF782.pt,14,345,597,165,0,0.00589106
concat_finegrained2_EGTBSM.pt,14,293,507,130,0,0.005309419999999999
concat_finegrained2_G5BBXC.pt,14,230,650,126,0,0.03414737999999999
concat_finegrained2_BCW0QT.pt,14,289,518,186,0,0.0052788800000000006
concat_finegrained2_IYS6F4.pt,14,348,335,128,0,0.00534916
concat_finegrained2_BZKYP2.pt,14,304,354,162,0,0.005273239999999998
concat_finegrained2_7AYD33.pt,14,252,373,176,0,0.00551442
concat_finegrained2_PFZFVZ.pt,14,241,334,221,0,0.005370220000000001
concat_finegrained2_G5E16N.pt,14,261,330,216,0,0.0053982
concat_finegrained2_FOF4HV.pt,14,239,289,125,0,0.005434999999999999
concat_finegrained2_TXDCOR.pt,14,318,588,205,0,0.00584602
concat_finegrained2_S2N00L.pt,14,330,463,191,0,0.005319399999999999
concat_finegrained2_X5JDGV.pt,14,326,564,122,0,0.0056348200000000005
concat_finegrained2_V7CA4N.pt,14,340,374,124,0,0.0054301
concat_finegrained2_LB1HFS.pt,14,328,397,169,0,0.005431559999999999
concat_finegrained2_61B0HY.pt,14,33,101,0,0,0.009941339999999996
concat_finegrained2_SU2YBJ.pt,14,36,78,0,0,0.005104100000000001
concat_finegrained2_26NHEC.pt,14,29,73,0,0,0.0052025399999999986
concat_finegrained2_JTGZGZ.pt,14,54,61,0,0,0.008013800000000001
concat_finegrained2_RBQPVM.pt,14,37,84,0,0,0.005062640000000002
concat_finegrained2_PJBWM1.pt,14,28,76,0,0,0.00508064
concat_finegrained2_DIPVY2.pt,14,57,55,0,0,0.00511674
concat_finegrained2_OPPKHJ.pt,14,34,88,0,0,0.008675220000000003
concat_finegrained2_JB3C7H.pt,14,51,63,0,0,0.00506324
concat_finegrained2_F5HTYM.pt,14,45,82,0,0,0.005117480000000001
concat_finegrained2_58P9ZI.pt,14,25,109,0,0,0.0051258200000000005
concat_finegrained2_SJ6PRC.pt,14,52,96,0,0,0.00511748
concat_finegrained2_L7PXQ9.pt,14,32,47,0,0,0.005093260000000001
concat_finegrained2_8N8A1K.pt,14,59,106,0,0,0.0071855400000000015
concat_finegrained2_5BCX4W.pt,14,50,113,0,0,0.0050770400000000005
concat_finegrained2_5SHDM5.pt,14,43,59,0,0,0.014353040000000006
concat_finegrained2_MYTZ3C.pt,14,49,92,0,0,0.00507264
concat_finegrained2_PKFKWP.pt,14,38,80,0,0,0.005158240000000001
concat_finegrained2_LC41T4.pt,14,46,93,0,0,0.005037700000000001
concat_finegrained2_IEIM12.pt,14,44,98,0,0,0.01028242
concat_finegrained2_W7CCO7.pt,7,37,205,1,895,0.005550039999999999
concat_finegrained2_GPB1JV.pt,7,205,427,0,0,0.005091719999999999
concat_finegrained2_P280U1.pt,7,172,308,0,0,0.0050913600000000005
concat_finegrained2_NP1J1I.pt,7,183,370,0,0,0.00511228
concat_finegrained2_IAVUDD.pt,7,139,421,0,0,0.005083800000000002
concat_finegrained2_KNHQRZ.pt,7,243,566,0,0,0.008870440000000002
concat_finegrained2_Q229GR.pt,7,232,508,0,0,0.03299065999999999
concat_finegrained2_REQZ9X.pt,7,263,418,0,0,0.0051153599999999985
concat_finegrained2_6I372E.pt,7,152,504,0,0,0.0055915
concat_finegrained2_I7B6M6.pt,7,240,441,0,0,0.00565378
concat_finegrained2_GGD67S.pt,7,231,496,0,0,0.005063100000000002
concat_finegrained2_H0Z79U.pt,7,247,413,0,0,0.0113054
concat_finegrained2_N63NEB.pt,7,195,336,0,0,0.005113220000000001
concat_finegrained2_9DNT01.pt,7,159,544,0,0,0.0051375
concat_finegrained2_K2CQEI.pt,7,137,266,0,0,0.00523574
concat_finegrained2_6N65O5.pt,7,230,556,0,0,0.0071129999999999995
concat_finegrained2_49B7ZR.pt,7,124,388,0,0,0.0050895800000000015
concat_finegrained2_XYC9WG.pt,7,175,311,0,0,0.005110439999999999
concat_finegrained2_SYJ171.pt,7,132,296,0,0,0.005116279999999998
concat_finegrained2_RW0FKE.pt,7,212,384,0,0,0.0051793
concat_finegrained2_BRESNC.pt,7,209,326,0,0,0.005128480000000001
concat_finegrained2_UAU5OT.pt,28,138,135,22,25,0.005608879999999998
concat_finegrained2_AVPXK5.pt,28,105,198,29,22,0.00549922
concat_finegrained2_TF4KIW.pt,28,169,188,23,21,0.005444739999999999
concat_finegrained2_0D4CWS.pt,28,91,219,20,12,0.00547802
concat_finegrained2_TPZGIS.pt,28,90,178,24,17,0.00547032
concat_finegrained2_E0XQL5.pt,28,131,128,16,23,0.005679660000000002
concat_finegrained2_LGSPEZ.pt,28,175,208,14,29,0.005569140000000001
concat_finegrained2_8LRNWU.pt,28,80,217,17,15,0.005573980000000001
concat_finegrained2_3B8CKO.pt,28,112,214,27,14,0.00547032
concat_finegrained2_81S2YP.pt,28,127,204,28,20,0.00559436
concat_finegrained2_5K6LDM.pt,28,166,166,18,19,0.00550732
concat_finegrained2_F4S32L.pt,28,111,220,25,13,0.00551322
concat_finegrained2_N64MOM.pt,28,159,122,15,27,0.00556322
concat_finegrained2_D84BV2.pt,28,133,187,32,24,0.0054899
concat_finegrained2_CBH5LH.pt,28,139,115,30,16,0.005545180000000002
concat_finegrained2_P0CAGD.pt,28,186,100,21,18,0.0059640000000000006
concat_finegrained2_B9GI96.pt,28,123,229,19,28,0.005474139999999999
concat_finegrained2_EW7UQU.pt,28,171,173,31,26,0.005514879999999999
concat_finegrained2_PFXW24.pt,56,132,23,243,597,0.005442180000000001
concat_finegrained2_N6MR67.pt,56,81,32,143,739,0.005421700000000001
concat_finegrained2_18P9J9.pt,56,125,18,165,546,0.005501700000000001
concat_finegrained2_4VJCE7.pt,56,86,16,142,559,0.005482120000000002
concat_finegrained2_AZRQ82.pt,56,158,33,255,687,0.005502219999999999
concat_finegrained2_NFRNEZ.pt,56,171,36,144,478,0.0054959200000000005
concat_finegrained2_PJZRBJ.pt,56,127,26,238,628,0.00546504
concat_finegrained2_KKE1H4.pt,56,97,17,146,535,0.00559404
concat_finegrained2_VN9Z1H.pt,56,108,30,127,681,0.0054517800000000016
concat_finegrained2_FA55SB.pt,56,104,38,239,502,0.005418040000000001
concat_finegrained2_P3JA8A.pt,56,114,22,250,688,0.005495720000000002
concat_finegrained2_0EC3BV.pt,56,88,34,117,763,0.0054154599999999995
concat_finegrained2_J91CPU.pt,56,176,20,207,733,0.005530480000000002
concat_finegrained2_UKAJ40.pt,56,136,21,198,441,0.00549806
concat_finegrained2_U471QT.pt,56,129,29,154,434,0.005480420000000002
concat_finegrained2_2TRFLE.pt,56,157,35,132,758,0.00549918
concat_finegrained2_YOV4JX.pt,56,131,19,241,761,0.00544278
concat_finegrained2_HRRB2R.pt,56,186,31,169,528,0.00551394
concat_finegrained2_XHZ7ZM.pt,56,99,24,196,727,0.005459999999999997
concat_finegrained2_QK88T0.pt,56,111,25,199,650,0.00549476
concat_finegrained2_XZD8US.pt,14,44,54,0,0,0.00509016
concat_finegrained2_83CI96.pt,14,35,61,0,0,0.0050822800000000015
concat_finegrained2_1M0UYP.pt,14,37,46,0,0,0.00513852
concat_finegrained2_MYCGDQ.pt,14,25,39,0,0,0.0053840799999999986
concat_finegrained2_2QZ8WK.pt,14,34,41,0,0,0.0055019
concat_finegrained2_HJXQP3.pt,14,48,72,0,0,0.005099959999999999
concat_finegrained2_EX7E83.pt,14,23,68,0,0,0.005068080000000002
concat_finegrained2_F7B3E0.pt,14,28,76,0,0,0.005018759999999999
concat_finegrained2_EVNS0T.pt,14,47,57,0,0,0.019690899999999997
concat_finegrained2_35WRUT.pt,14,22,62,0,0,0.00868882
concat_finegrained2_ZCCJ66.pt,14,27,50,0,0,0.005080460000000001
concat_finegrained2_LL64QJ.pt,14,21,55,0,0,0.005070099999999999
concat_finegrained2_K3Q8TN.pt,14,45,77,0,0,0.005080879999999999
concat_finegrained2_GZOTJ4.pt,14,39,34,0,0,0.00507748
concat_finegrained2_XLA9SW.pt,14,29,52,0,0,0.005107059999999999
concat_finegrained2_K7NXWX.pt,14,32,37,0,0,0.005115239999999998
concat_finegrained2_E6LMGL.pt,14,46,64,0,0,0.005712560000000002
concat_finegrained2_XO2LXB.pt,14,24,75,0,0,0.00509812
concat_finegrained2_X1RVF8.pt,14,36,53,0,0,0.032403339999999996
concat_finegrained2_6Y86U2.pt,14,31,71,0,0,0.01094236
concat_finegrained2_JW7NMB.pt,7,289,351,0,0,0.00513928
concat_finegrained2_DV7KS0.pt,7,137,522,0,0,0.0076957399999999995
concat_finegrained2_XD3R21.pt,7,133,518,0,0,0.005121459999999999
concat_finegrained2_6YCQU9.pt,7,271,277,0,0,0.00516426
concat_finegrained2_4XEEDP.pt,7,179,261,0,0,0.007325400000000001
concat_finegrained2_9J4TYY.pt,7,261,243,0,0,0.00511302
concat_finegrained2_F4SW7C.pt,7,140,437,0,0,0.011346879999999998
concat_finegrained2_AEDA06.pt,7,136,498,0,0,0.005120599999999999
concat_finegrained2_2WFTIZ.pt,7,263,511,0,0,0.005106619999999999
concat_finegrained2_ZFSY0I.pt,7,175,500,0,0,0.005185840000000001
concat_finegrained2_ZLNVFK.pt,7,297,538,0,0,0.005093059999999999
concat_finegrained2_3AA8PB.pt,7,185,416,0,0,0.005078579999999999
concat_finegrained2_DWU134.pt,7,126,252,0,0,0.006717380000000002
concat_finegrained2_MYVF0Q.pt,7,286,312,0,0,0.005096060000000001
concat_finegrained2_Y9RX9E.pt,7,195,345,0,0,0.005709719999999999
concat_finegrained2_BZGQAX.pt,7,165,442,0,0,0.005117340000000001
concat_finegrained2_UO4WOP.pt,7,173,325,0,0,0.005167420000000001
concat_finegrained2_1N97GB.pt,7,295,468,0,0,0.005086500000000001
concat_finegrained2_3CRF1Q.pt,7,178,418,0,0,0.005174100000000002
concat_finegrained2_O716PW.pt,7,285,350,0,0,0.00509026
concat_finegrained2_LLX1ID.pt,7,94,74,0,0,0.00517776
concat_finegrained2_4ZLIC3.pt,7,102,99,0,0,0.005134100000000002
concat_finegrained2_FGSRCI.pt,7,120,108,0,0,0.00625582
concat_finegrained2_DTF85D.pt,7,117,83,0,0,0.005090780000000001
concat_finegrained2_JQM8EO.pt,7,96,81,0,0,0.01127234
concat_finegrained2_YWQ4LJ.pt,7,65,162,0,0,0.007965360000000003
concat_finegrained2_CAFFJ6.pt,7,122,91,0,0,0.013022600000000002
concat_finegrained2_AYGRYR.pt,7,103,94,0,0,0.0075086
concat_finegrained2_6PHQJZ.pt,7,105,107,0,0,0.006299320000000001
concat_finegrained2_47DMIP.pt,7,75,75,0,0,0.0129386
concat_finegrained2_3DLVM2.pt,7,97,169,0,0,0.0051986
concat_finegrained2_73QRVM.pt,7,78,138,0,0,0.0051195400000000005
concat_finegrained2_VDTL5U.pt,7,91,140,0,0,0.015266020000000002
concat_finegrained2_R89HC9.pt,7,66,137,0,0,0.010789879999999998
concat_finegrained2_ONZYSV.pt,7,71,85,0,0,0.00518798
concat_finegrained2_GOUR9I.pt,7,64,155,0,0,0.008320859999999998
concat_finegrained2_TXPMCA.pt,7,111,131,0,0,0.011126820000000003
concat_finegrained2_UGACM0.pt,7,86,142,0,0,0.005721799999999999
concat_finegrained2_474DNI.pt,7,63,114,0,0,0.009407719999999998
concat_finegrained2_7V570W.pt,7,107,100,0,0,0.00526466
concat_finegrained2_71I4ZH.pt,14,9,337,0,0,0.0051317
concat_finegrained2_XHCSUT.pt,14,8,256,0,0,0.005136299999999999
concat_finegrained2_1B098C.pt,14,11,266,0,0,0.0051448399999999995
concat_finegrained2_KBWT05.pt,14,13,289,0,0,0.00511596
concat_finegrained2_DCC78D.pt,14,6,249,0,0,0.0050982399999999995
concat_finegrained2_TBBSA6.pt,14,7,294,0,0,0.005656840000000001
concat_finegrained2_T4J3W0.pt,14,10,484,0,0,0.005235559999999999
concat_finegrained2_I6MC1G.pt,14,12,274,0,0,0.00514728
concat_finegrained2_D4YUEJ.pt,14,86,97,2114,267,0.005546800000000001
concat_finegrained2_7K601C.pt,14,169,63,1294,292,0.005483739999999999
concat_finegrained2_2TESXC.pt,14,142,68,1499,245,0.00546732
concat_finegrained2_QCAS6A.pt,14,140,56,1581,282,0.00552138
concat_finegrained2_F9YX1A.pt,14,99,49,2083,144,0.00544892
concat_finegrained2_092D7G.pt,14,136,67,1194,275,0.0054458200000000005
concat_finegrained2_WKGM1O.pt,14,148,95,959,296,0.0054798400000000014
concat_finegrained2_HSJL9K.pt,14,185,71,1742,203,0.00543288
concat_finegrained2_6CHN2S.pt,14,134,92,2107,198,0.00546334
concat_finegrained2_31E60U.pt,14,135,44,1739,253,0.00558988
concat_finegrained2_T4Z2XJ.pt,14,157,103,1987,182,0.0055095000000000005
concat_finegrained2_K50ACE.pt,14,120,104,1748,192,0.005464699999999998
concat_finegrained2_VSMRRI.pt,14,150,94,973,137,0.00546358
concat_finegrained2_GTKLUG.pt,14,87,96,1522,207,0.005440520000000002
concat_finegrained2_3TYZEF.pt,14,188,59,1693,274,0.005431119999999999
concat_finegrained2_BUZQOZ.pt,14,190,46,1340,263,0.00548822
concat_finegrained2_GGSSRY.pt,14,162,72,2161,135,0.00547342
concat_finegrained2_VZJSGP.pt,14,141,78,1904,301,0.005494219999999999
concat_finegrained2_VQLBQ8.pt,14,186,82,2194,214,0.005468839999999998
concat_finegrained2_Y6VBLY.pt,14,181,93,1056,264,0.005496220000000001
concat_finegrained2_L8VXKP.pt,14,36,65,0,0,0.00577336
concat_finegrained2_39MK52.pt,14,44,55,0,0,0.00509158
concat_finegrained2_8X7EYF.pt,14,24,74,0,0,0.012691239999999998
concat_finegrained2_YOX3UN.pt,14,31,52,0,0,0.0059228599999999985
concat_finegrained2_46CBHT.pt,14,33,90,0,0,0.007193039999999999
concat_finegrained2_8V8077.pt,14,20,40,0,0,0.0056123
concat_finegrained2_YHD9KS.pt,14,40,51,0,0,0.00512938
concat_finegrained2_U8IZYW.pt,14,27,72,0,0,0.005643499999999999
concat_finegrained2_W09LJF.pt,14,32,81,0,0,0.00507238
concat_finegrained2_2I2ZYI.pt,14,34,56,0,0,0.015747300000000002
concat_finegrained2_CHM2UN.pt,14,25,50,0,0,0.005462279999999999
concat_finegrained2_5VAP62.pt,14,21,64,0,0,0.005104120000000001
concat_finegrained2_OAFDRG.pt,14,23,54,0,0,0.00505454
concat_finegrained2_CADQBP.pt,14,38,77,0,0,0.00515238
concat_finegrained2_8N5MS4.pt,14,19,63,0,0,0.005206580000000001
concat_finegrained2_ZXELMA.pt,14,37,71,0,0,0.005196699999999999
concat_finegrained2_58QJGS.pt,14,30,91,0,0,0.005111
concat_finegrained2_6J3KVQ.pt,14,42,70,0,0,0.0115283
concat_finegrained2_BBOSV1.pt,14,26,88,0,0,0.005065279999999998
concat_finegrained2_58HKF7.pt,14,28,78,0,0,0.005094779999999998
concat_finegrained2_3I8W9Z.pt,56,702,46,298,0,0.005265280000000001
concat_finegrained2_NOEHEM.pt,56,534,41,141,0,0.005284299999999999
concat_finegrained2_RG0ZPO.pt,56,1110,56,161,0,0.00523794
concat_finegrained2_HQDERI.pt,56,1058,34,286,0,0.005360760000000001
concat_finegrained2_FTGUYP.pt,56,614,52,262,0,0.00528802
concat_finegrained2_JIHD0Y.pt,56,985,33,294,0,0.00529548
concat_finegrained2_Q26VBI.pt,56,1168,54,203,0,0.0052552399999999996
concat_finegrained2_91Y937.pt,56,785,39,287,0,0.00531496
concat_finegrained2_CN5TD5.pt,56,1191,49,204,0,0.00525644
concat_finegrained2_KWL4QQ.pt,56,647,63,206,0,0.00527636
concat_finegrained2_6XA6N7.pt,56,610,38,244,0,0.0052783199999999995
concat_finegrained2_5YXUUF.pt,56,1137,60,242,0,0.005319940000000002
concat_finegrained2_F4EIWY.pt,56,885,55,146,0,0.005286739999999999
concat_finegrained2_5TLSNR.pt,56,775,43,249,0,0.005273260000000001
concat_finegrained2_Q0K4EM.pt,56,726,62,144,0,0.0052083599999999996
concat_finegrained2_U6UBFA.pt,56,927,47,222,0,0.005256059999999999
concat_finegrained2_GDKAFG.pt,56,581,48,157,0,0.005265700000000001
concat_finegrained2_7MB395.pt,56,667,59,306,0,0.00539678
concat_finegrained2_W9C26K.pt,56,499,35,188,0,0.00532546
concat_finegrained2_B64PC7.pt,56,1092,42,273,0,0.005288319999999998
concat_finegrained2_X4RIQ8.pt,7,83,11,0,0,0.00878662
concat_finegrained2_IX810M.pt,7,116,13,0,0,0.005374520000000001
concat_finegrained2_5B9709.pt,7,80,9,0,0,0.00745552
concat_finegrained2_6X4WJP.pt,7,79,16,0,0,0.005634820000000001
concat_finegrained2_2YH222.pt,7,88,14,0,0,0.011084219999999999
concat_finegrained2_G1OS07.pt,7,96,12,0,0,0.005106720000000001
concat_finegrained2_NY302C.pt,7,84,17,0,0,0.0057993800000000015
concat_finegrained2_GVV28W.pt,7,115,15,0,0,0.005231420000000002
concat_finegrained2_R4JTVR.pt,7,132,19,0,0,0.0051429399999999995
concat_finegrained2_7Q39IA.pt,7,159,18,0,0,0.005322100000000001
concat_finegrained2_27LON1.pt,7,123,8,0,0,0.005120239999999999
concat_finegrained2_3NNB2A.pt,7,156,10,0,0,0.005163560000000001
concat_finegrained2_NBIRFP.pt,7,9,152,587,384,0.00546674
concat_finegrained2_BSNLMA.pt,7,5,147,609,350,0.005534220000000001
concat_finegrained2_2KI3LN.pt,7,4,137,607,509,0.00545374
concat_finegrained2_JM7ELX.pt,7,6,139,511,243,0.0054706
concat_finegrained2_X0O0EK.pt,7,8,138,503,431,0.035234780000000014
concat_finegrained2_GOOSLJ.pt,7,7,71,536,332,0.00549778
concat_finegrained2_5GMBUS.pt,7,81,102,0,0,0.0051588599999999995
concat_finegrained2_NLDBNS.pt,7,92,80,0,0,0.011888059999999995
concat_finegrained2_7KYEX6.pt,7,113,71,0,0,0.01537090000000001
concat_finegrained2_XOC3SS.pt,7,121,124,0,0,0.00515128
concat_finegrained2_SVB2R1.pt,7,124,91,0,0,0.005080819999999999
concat_finegrained2_95LQRT.pt,7,83,68,0,0,0.0051918599999999995
concat_finegrained2_NJE308.pt,7,53,77,0,0,0.0050639
concat_finegrained2_WPMYIV.pt,7,62,62,0,0,0.005136879999999998
concat_finegrained2_OGAVP6.pt,7,115,90,0,0,0.005158859999999999
concat_finegrained2_83LTDT.pt,7,76,104,0,0,0.01250186
concat_finegrained2_MGOJ2W.pt,7,68,79,0,0,0.009466139999999998
concat_finegrained2_S2UPX3.pt,7,125,123,0,0,0.006471899999999999
concat_finegrained2_1L70QT.pt,7,71,129,0,0,0.005138839999999999
concat_finegrained2_9P7MWJ.pt,7,89,107,0,0,0.005370359999999999
concat_finegrained2_BQCFI2.pt,7,66,115,0,0,0.005099459999999999
concat_finegrained2_WDWUEN.pt,7,56,98,0,0,0.005150079999999999
concat_finegrained2_M79O9N.pt,7,112,61,0,0,0.007137479999999999
concat_finegrained2_DTCYFW.pt,7,82,113,0,0,0.00513564
concat_finegrained2_EGTDWG.pt,7,100,108,0,0,0.005076719999999999
concat_finegrained2_EZISR9.pt,7,63,101,0,0,0.005175619999999999
concat_finegrained2_04NOXK.pt,56,38,24,0,0,0.005120639999999998
concat_finegrained2_YWRS5J.pt,56,44,32,0,0,0.005141039999999999
concat_finegrained2_DBK4UI.pt,56,36,33,0,0,0.0050914199999999975
concat_finegrained2_UF587H.pt,56,70,15,0,0,0.005081159999999998
concat_finegrained2_3RVYEA.pt,56,67,21,0,0,0.0050702199999999985
concat_finegrained2_BAROMD.pt,56,35,19,0,0,0.00509704
concat_finegrained2_E1GAYS.pt,56,46,31,0,0,0.0051001200000000005
concat_finegrained2_1KXZKD.pt,56,62,20,0,0,0.005106780000000001
concat_finegrained2_ENN1DD.pt,56,43,36,0,0,0.00517894
concat_finegrained2_LJ07LP.pt,56,53,28,0,0,0.00507942
concat_finegrained2_SCZOHK.pt,56,72,25,0,0,0.005082960000000002
concat_finegrained2_B52VZ3.pt,56,41,27,0,0,0.0051823799999999995
concat_finegrained2_JR9BRK.pt,56,63,16,0,0,0.00508892
concat_finegrained2_91TK45.pt,56,64,29,0,0,0.0050705
concat_finegrained2_FSCSI3.pt,56,75,23,0,0,0.00507382
concat_finegrained2_VZO5RE.pt,56,48,35,0,0,0.00520368
concat_finegrained2_1TSXZE.pt,56,54,17,0,0,0.00512172
concat_finegrained2_45AWCY.pt,56,37,30,0,0,0.00510758
concat_finegrained2_7KZTN3.pt,56,61,18,0,0,0.0050802600000000005
concat_finegrained2_B09RXU.pt,56,51,34,0,0,0.0050976
concat_finegrained2_OUIVB5.pt,7,208,249,0,0,0.006446579999999999
concat_finegrained2_RKMY30.pt,7,139,282,0,0,0.00515158
concat_finegrained2_I3T5X4.pt,7,160,248,0,0,0.0095876
concat_finegrained2_D7NOVD.pt,7,249,232,0,0,0.005111120000000001
concat_finegrained2_BQFZXF.pt,7,226,244,0,0,0.008071540000000002
concat_finegrained2_U8WR6W.pt,7,112,273,0,0,0.005076659999999999
concat_finegrained2_WCEAMQ.pt,7,117,206,0,0,0.005136180000000001
concat_finegrained2_JUX3BH.pt,7,247,209,0,0,0.0051219399999999984
concat_finegrained2_UKXTCL.pt,7,134,223,0,0,0.0051393199999999984
concat_finegrained2_J289ZA.pt,7,217,156,0,0,0.0327766
concat_finegrained2_AVTZML.pt,7,171,291,0,0,0.0051295
concat_finegrained2_M6ZLNC.pt,7,215,252,0,0,0.00513418
concat_finegrained2_RCNY3Z.pt,7,180,278,0,0,0.0051449600000000005
concat_finegrained2_Z4NQ84.pt,7,244,198,0,0,0.005167359999999998
concat_finegrained2_7GUY0B.pt,7,214,241,0,0,0.00514682
concat_finegrained2_4EI4VT.pt,7,113,149,0,0,0.005422040000000001
concat_finegrained2_IEGMPU.pt,7,221,204,0,0,0.005832159999999999
concat_finegrained2_JS9G2Q.pt,7,107,157,0,0,0.00679068
concat_finegrained2_8MKFKI.pt,7,246,202,0,0,0.005163540000000002
concat_finegrained2_KHGCI7.pt,7,133,140,0,0,0.0051898
concat_finegrained2_7F6OGR.pt,56,36,49,16,134,0.00550432
concat_finegrained2_2X8QDX.pt,56,33,78,33,170,0.005497459999999998
concat_finegrained2_CIM5MB.pt,56,64,75,17,172,0.005532559999999999
concat_finegrained2_RSXMOU.pt,56,28,46,31,175,0.00551464
concat_finegrained2_M1GQQ3.pt,56,29,98,21,192,0.005461840000000001
concat_finegrained2_IANKIC.pt,56,55,61,36,215,0.00546088
concat_finegrained2_DBSB96.pt,56,51,99,27,135,0.00555948
concat_finegrained2_6QUC0D.pt,56,35,69,26,166,0.00542846
concat_finegrained2_OXR7H1.pt,56,65,83,22,203,0.005477379999999999
concat_finegrained2_B6H4TU.pt,56,60,47,34,147,0.005493079999999999
concat_finegrained2_EZT7G6.pt,56,62,77,25,217,0.00549488
concat_finegrained2_CEBB52.pt,56,53,84,29,107,0.0055588
concat_finegrained2_41UP18.pt,56,27,87,15,201,0.00549744
concat_finegrained2_XRAVL6.pt,56,37,80,30,199,0.00550568
concat_finegrained2_E9B0WG.pt,56,49,56,18,195,0.005757420000000001
concat_finegrained2_0YOQG0.pt,56,43,74,20,207,0.005710880000000002
concat_finegrained2_9BYIO3.pt,56,30,43,19,164,0.005785139999999999
concat_finegrained2_V2YPXQ.pt,56,57,81,35,150,0.0054671
concat_finegrained2_6BFOC2.pt,56,63,51,28,124,0.005545620000000001
concat_finegrained2_PQC7ZY.pt,56,52,92,23,142,0.005446359999999999
concat_finegrained2_0967XR.pt,28,260,116,0,0,0.005109199999999998
concat_finegrained2_GJ3LQT.pt,28,248,94,0,0,0.005084880000000002
concat_finegrained2_G4H5BN.pt,28,274,99,0,0,0.005066200000000001
concat_finegrained2_8ZK2NT.pt,28,194,79,0,0,0.005144999999999999
concat_finegrained2_6RZ8VT.pt,28,193,58,0,0,0.005114740000000001
concat_finegrained2_04IBOW.pt,28,287,91,0,0,0.00506368
concat_finegrained2_OIM48R.pt,28,216,103,0,0,0.00511106
concat_finegrained2_RMX9PO.pt,28,201,109,0,0,0.00524242
concat_finegrained2_8MY8OE.pt,28,159,66,0,0,0.0050839
concat_finegrained2_VDTR4J.pt,28,184,98,0,0,0.0050955
concat_finegrained2_3MOO8M.pt,28,205,105,0,0,0.00508386
concat_finegrained2_952BSV.pt,28,161,80,0,0,0.005150039999999999
concat_finegrained2_EMSGIA.pt,28,262,53,0,0,0.005064620000000001
concat_finegrained2_1L2CUG.pt,28,134,118,0,0,0.005092000000000001
concat_finegrained2_GSXPJB.pt,28,181,65,0,0,0.00510278
concat_finegrained2_SU7BV0.pt,28,213,121,0,0,0.0051214400000000005
concat_finegrained2_2011YL.pt,28,270,57,0,0,0.005066440000000001
concat_finegrained2_V4554W.pt,28,140,120,0,0,0.00523838
concat_finegrained2_XX7TIE.pt,28,176,54,0,0,0.03244465999999999
concat_finegrained2_SA8TPK.pt,28,304,56,0,0,0.0050691799999999995
concat_finegrained2_PLTHFR.pt,7,158,7,0,0,0.00518166
concat_finegrained2_PHZP0W.pt,7,136,8,0,0,0.005072
concat_finegrained2_F7UW50.pt,7,92,9,0,0,0.0050809800000000006
concat_finegrained2_K2CPR5.pt,7,97,6,0,0,0.0072965
concat_finegrained2_Z36PJY.pt,7,106,12,0,0,0.010388879999999998
concat_finegrained2_8YK2AE.pt,7,80,10,0,0,0.007018399999999999
concat_finegrained2_MY2DPU.pt,7,111,5,0,0,0.005580700000000001
concat_finegrained2_XQPT5A.pt,7,96,11,0,0,0.008951360000000002
concat_finegrained2_7KABY7.pt,7,1167,23,0,0,0.005098479999999999
concat_finegrained2_7BUEUP.pt,7,2095,36,0,0,0.00515814
concat_finegrained2_TN4OR3.pt,7,1207,49,0,0,0.005191839999999996
concat_finegrained2_5FYM3H.pt,7,1013,27,0,0,0.005112280000000001
concat_finegrained2_UZEW01.pt,7,2018,41,0,0,0.005112
concat_finegrained2_W6BRVS.pt,7,1278,26,0,0,0.005138680000000001
concat_finegrained2_TJVS9D.pt,7,1296,21,0,0,0.0051721599999999986
concat_finegrained2_7P9Q0J.pt,7,1672,32,0,0,0.005158439999999999
concat_finegrained2_M1Z2T2.pt,7,1624,34,0,0,0.005690999999999998
concat_finegrained2_DG3AFG.pt,7,1244,42,0,0,0.0050998799999999985
concat_finegrained2_77AFOW.pt,7,1124,45,0,0,0.00510844
concat_finegrained2_M8SJGC.pt,7,1716,44,0,0,0.0051378199999999995
concat_finegrained2_ADEC3W.pt,7,1697,33,0,0,0.00511192
concat_finegrained2_1ZGE7U.pt,7,1840,22,0,0,0.005107999999999998
concat_finegrained2_UJTKMJ.pt,7,1776,39,0,0,0.005077519999999999
concat_finegrained2_BND3UC.pt,7,1882,24,0,0,0.0053963399999999995
concat_finegrained2_XPACOU.pt,7,1000,48,0,0,0.00535136
concat_finegrained2_WD5CT6.pt,7,1460,47,0,0,0.00530498
concat_finegrained2_841PXF.pt,7,1931,43,0,0,0.005291999999999999
concat_finegrained2_AFTWOH.pt,7,1085,28,0,0,0.00527324
concat_finegrained2_QJJH4V.pt,28,34,43,0,0,0.005283079999999998
concat_finegrained2_M0IF9T.pt,28,31,80,0,0,0.005252059999999999
concat_finegrained2_DCEZ85.pt,28,15,57,0,0,0.0052911
concat_finegrained2_GLMFKK.pt,28,28,62,0,0,0.0052896800000000015
concat_finegrained2_OQ5ER9.pt,28,17,79,0,0,0.00507164
concat_finegrained2_GPHD97.pt,28,23,67,0,0,0.005173120000000001
concat_finegrained2_C4DN9F.pt,28,33,77,0,0,0.005163199999999999
concat_finegrained2_XE1M2T.pt,28,25,78,0,0,0.00514878
concat_finegrained2_6SSK19.pt,28,24,50,0,0,0.00506376
concat_finegrained2_JQ80QC.pt,28,16,53,0,0,0.00510006
concat_finegrained2_TBD2MN.pt,28,22,65,0,0,0.005125179999999999
concat_finegrained2_F2F260.pt,28,30,72,0,0,0.00517744
concat_finegrained2_ZK6Q82.pt,28,32,74,0,0,0.00515014
concat_finegrained2_FR789V.pt,28,20,46,0,0,0.005076899999999999
concat_finegrained2_PHGF74.pt,28,27,48,0,0,0.0051006
concat_finegrained2_8QT0DS.pt,28,19,44,0,0,0.005076700000000001
concat_finegrained2_1NO6GJ.pt,28,21,54,0,0,0.005163080000000001
concat_finegrained2_22KJ7A.pt,28,18,37,0,0,0.005497060000000002
concat_finegrained2_39FOVL.pt,28,35,52,0,0,0.005518260000000001
concat_finegrained2_9ZTV3K.pt,28,26,45,0,0,0.00552138
concat_finegrained2_3J2R0N.pt,7,175,83,0,0,0.005155919999999998
concat_finegrained2_6L0G67.pt,7,152,46,0,0,0.005102559999999998
concat_finegrained2_EN7C2M.pt,7,204,86,0,0,0.005208839999999999
concat_finegrained2_NLWBAG.pt,7,213,45,0,0,0.00509492
concat_finegrained2_L9C4L3.pt,7,162,52,0,0,0.005042859999999999
concat_finegrained2_QKVVNH.pt,7,191,41,0,0,0.0051835
concat_finegrained2_SFXPF1.pt,7,169,44,0,0,0.007460339999999999
concat_finegrained2_3IZHJU.pt,7,137,74,0,0,0.015964939999999993
concat_finegrained2_B2CZF7.pt,7,110,51,0,0,0.006885640000000001
concat_finegrained2_JPVYQ4.pt,7,104,43,0,0,0.01049022
concat_finegrained2_LB4DOB.pt,7,116,97,0,0,0.0051085
concat_finegrained2_OY7UCY.pt,7,132,61,0,0,0.016483200000000003
concat_finegrained2_Y72SJ5.pt,7,150,84,0,0,0.005673620000000001
concat_finegrained2_PLCGQF.pt,7,166,54,0,0,0.009262360000000002
concat_finegrained2_4GB7MA.pt,7,126,78,0,0,0.015044920000000002
concat_finegrained2_8JRPKE.pt,7,102,47,0,0,0.007049719999999998
concat_finegrained2_I4VL3J.pt,7,214,87,0,0,0.00509936
concat_finegrained2_X39Q0K.pt,7,163,94,0,0,0.01001014
concat_finegrained2_VJ98ET.pt,7,198,80,0,0,0.015930199999999995
concat_finegrained2_QKT456.pt,7,197,68,0,0,0.010702260000000002
concat_finegrained2_L5FZH3.pt,14,300,264,411,18,0.006084419999999999
concat_finegrained2_62VH25.pt,14,481,479,552,12,0.005450800000000001
concat_finegrained2_SX82TS.pt,14,397,508,381,16,0.0054685
concat_finegrained2_IU33P4.pt,14,273,524,269,14,0.00554338
concat_finegrained2_12JCW9.pt,14,458,305,577,21,0.00548202
concat_finegrained2_B9Y4P9.pt,14,456,348,510,15,0.005583680000000001
concat_finegrained2_SDQNL0.pt,14,602,404,492,10,0.0054712400000000005
concat_finegrained2_C7BNO2.pt,14,415,435,522,22,0.005482539999999999
concat_finegrained2_K3XYMI.pt,14,570,502,325,19,0.005477000000000001
concat_finegrained2_Z2OLC1.pt,14,592,271,375,13,0.005531200000000001
concat_finegrained2_CE58HF.pt,14,386,260,413,17,0.0054664399999999995
concat_finegrained2_Z8L5B7.pt,14,317,270,441,23,0.005525959999999999
concat_finegrained2_TS9BM9.pt,14,279,455,342,20,0.0054871799999999995
concat_finegrained2_V5TIWH.pt,14,353,406,363,11,0.00559654
concat_finegrained2_2SMITE.pt,7,193,32,0,0,0.01073924
concat_finegrained2_4YVZCC.pt,7,212,44,0,0,0.005130420000000001
concat_finegrained2_YYNYLT.pt,7,152,40,0,0,0.005794980000000001
concat_finegrained2_1DZJDL.pt,7,134,24,0,0,0.0059021
concat_finegrained2_KV1GFL.pt,7,169,55,0,0,0.013617860000000004
concat_finegrained2_418B5P.pt,7,178,49,0,0,0.007999759999999998
concat_finegrained2_OUBCAD.pt,7,167,33,0,0,0.005212720000000001
concat_finegrained2_WJZSYL.pt,7,133,48,0,0,0.005104460000000001
concat_finegrained2_JEPEM4.pt,7,150,41,0,0,0.00561454
concat_finegrained2_KMRVE3.pt,7,118,52,0,0,0.005280660000000001
concat_finegrained2_UZ2GVF.pt,7,108,37,0,0,0.010277639999999998
concat_finegrained2_T9DYJG.pt,7,200,45,0,0,0.008569060000000002
concat_finegrained2_UWX2AT.pt,7,211,57,0,0,0.006318819999999999
concat_finegrained2_2TITDB.pt,7,174,43,0,0,0.005189439999999998
concat_finegrained2_URLWXI.pt,7,183,46,0,0,0.013716399999999993
concat_finegrained2_07OYQN.pt,7,113,47,0,0,0.01349944
concat_finegrained2_E6146Y.pt,7,144,29,0,0,0.0051165
concat_finegrained2_6ZAUK2.pt,7,93,28,0,0,0.01202226
concat_finegrained2_6BISFN.pt,7,149,30,0,0,0.014053580000000001
concat_finegrained2_S1XVEP.pt,7,142,54,0,0,0.005164880000000002
concat_finegrained2_H7ULEV.pt,14,217,74,29,0,0.005297640000000001
concat_finegrained2_XRW37D.pt,14,124,52,28,0,0.005826500000000001
concat_finegrained2_2Y24ZV.pt,14,182,49,26,0,0.005389879999999999
concat_finegrained2_8I13EI.pt,14,227,84,21,0,0.005314439999999999
concat_finegrained2_ROAFZI.pt,14,218,93,24,0,0.00530658
concat_finegrained2_PG0ZZT.pt,14,117,65,19,0,0.005289959999999999
concat_finegrained2_WDFPB7.pt,14,137,46,34,0,0.00530876
concat_finegrained2_LOIZBJ.pt,14,210,50,22,0,0.0053716
concat_finegrained2_QTSSCR.pt,14,165,94,27,0,0.005483299999999997
concat_finegrained2_6HHCD4.pt,14,257,89,30,0,0.005307339999999999
concat_finegrained2_LS00D0.pt,14,260,59,20,0,0.005340619999999998
concat_finegrained2_6F8WOP.pt,14,140,90,37,0,0.0053384
concat_finegrained2_TUXLC3.pt,14,230,81,31,0,0.005314419999999999
concat_finegrained2_0EODOK.pt,14,150,48,36,0,0.0054119799999999985
concat_finegrained2_45PHPQ.pt,14,177,79,23,0,0.00534268
concat_finegrained2_3O4U5Q.pt,14,270,85,33,0,0.005269260000000001
concat_finegrained2_BT2FYW.pt,14,254,63,18,0,0.005270820000000001
concat_finegrained2_FCR5CB.pt,14,191,57,16,0,0.005264479999999999
concat_finegrained2_JWOXV2.pt,14,167,42,17,0,0.00532902
concat_finegrained2_WBGMYT.pt,14,192,45,25,0,0.0057945800000000006
concat_finegrained2_IN4Q27.pt,14,839,55,225,0,0.00531752
concat_finegrained2_INXO5J.pt,14,627,75,261,0,0.005316619999999999
concat_finegrained2_NBQD82.pt,14,1186,91,119,0,0.00523712
concat_finegrained2_W4MAO2.pt,14,671,59,180,0,0.005283899999999999
concat_finegrained2_95J254.pt,14,931,53,176,0,0.005326539999999999
concat_finegrained2_UCN5KF.pt,14,617,78,160,0,0.00531402
concat_finegrained2_6L9VQB.pt,14,601,93,248,0,0.005305800000000002
concat_finegrained2_DRCT6G.pt,14,878,72,231,0,0.005292160000000001
concat_finegrained2_30KGCV.pt,14,742,42,166,0,0.0053345000000000024
concat_finegrained2_23SY0Z.pt,14,1092,41,228,0,0.005284899999999999
concat_finegrained2_MFGCFL.pt,14,1175,44,154,0,0.005266139999999999
concat_finegrained2_Z6E60N.pt,14,586,74,182,0,0.005284220000000001
concat_finegrained2_3CLTXT.pt,14,862,52,226,0,0.0053224599999999985
concat_finegrained2_A09VSY.pt,14,1156,79,173,0,0.00532302
concat_finegrained2_7HDVDK.pt,14,768,73,252,0,0.0053742400000000015
concat_finegrained2_86MSE7.pt,14,835,89,136,0,0.005337399999999999
concat_finegrained2_K5K6TJ.pt,14,1158,47,258,0,0.005315880000000002
concat_finegrained2_H250AH.pt,14,722,83,204,0,0.0053469000000000025
concat_finegrained2_Y1MGQ2.pt,14,536,51,274,0,0.00542278
concat_finegrained2_QJO826.pt,14,764,70,276,0,0.00537294
concat_finegrained2_E7MFI6.pt,14,64,69,0,0,0.00515442
concat_finegrained2_0U2SA2.pt,14,75,55,0,0,0.009965319999999996
concat_finegrained2_0RHEPD.pt,14,56,38,0,0,0.005086779999999998
concat_finegrained2_REXOY0.pt,14,67,56,0,0,0.0056453399999999996
concat_finegrained2_HLBEV4.pt,14,39,58,0,0,0.0058541400000000025
concat_finegrained2_OPUUH2.pt,14,78,73,0,0,0.00506102
concat_finegrained2_BV0CG2.pt,14,53,48,0,0,0.008811979999999997
concat_finegrained2_JUJE5T.pt,14,57,54,0,0,0.0051344400000000005
concat_finegrained2_4IJLOT.pt,14,42,57,0,0,0.01086186
concat_finegrained2_YI9R2P.pt,14,54,70,0,0,0.010943759999999995
concat_finegrained2_1WW95Y.pt,14,81,47,0,0,0.0050700599999999995
concat_finegrained2_FQH4XN.pt,14,44,71,0,0,0.006955319999999998
concat_finegrained2_N6V65U.pt,14,47,63,0,0,0.00507986
concat_finegrained2_4DQEQL.pt,14,55,41,0,0,0.00642944
concat_finegrained2_B7HDOS.pt,14,48,42,0,0,0.00518088
concat_finegrained2_LWZV22.pt,14,71,66,0,0,0.006979979999999999
concat_finegrained2_4KDGF3.pt,14,60,45,0,0,0.0051026000000000005
concat_finegrained2_PN3IIZ.pt,14,79,44,0,0,0.0067229599999999974
concat_finegrained2_PMZEWD.pt,14,43,35,0,0,0.006252699999999997
concat_finegrained2_NJD34J.pt,14,46,40,0,0,0.005106919999999999
concat_finegrained2_9KNZOB.pt,14,56,623,0,0,0.0051138799999999995
concat_finegrained2_76M1LG.pt,14,59,577,0,0,0.005200819999999999
concat_finegrained2_22RHTN.pt,14,75,914,0,0,0.005064999999999998
concat_finegrained2_P7ZORX.pt,14,101,863,0,0,0.005114
concat_finegrained2_AS9XRP.pt,14,113,534,0,0,0.005068660000000003
concat_finegrained2_7DZPRM.pt,14,83,877,0,0,0.005084640000000002
concat_finegrained2_6J4RE1.pt,14,91,798,0,0,0.0051311
concat_finegrained2_RU465O.pt,14,68,819,0,0,0.0051693600000000004
concat_finegrained2_06MDJL.pt,14,110,830,0,0,0.00513236
concat_finegrained2_QA47US.pt,14,52,553,0,0,0.0051170799999999995
concat_finegrained2_MB4970.pt,14,107,617,0,0,0.0051122599999999995
concat_finegrained2_O96QI9.pt,14,97,484,0,0,0.00509098
concat_finegrained2_7TR3D8.pt,14,55,522,0,0,0.005136899999999999
concat_finegrained2_4MLTN9.pt,14,53,939,0,0,0.005087080000000002
concat_finegrained2_QZ94L0.pt,14,81,1045,0,0,0.005089020000000002
concat_finegrained2_E7LCWB.pt,14,66,833,0,0,0.0051087400000000005
concat_finegrained2_43HZQJ.pt,14,103,757,0,0,0.005117980000000001
concat_finegrained2_OKSR1B.pt,14,65,655,0,0,0.005062100000000002
concat_finegrained2_QSBFGD.pt,14,74,755,0,0,0.00512092
concat_finegrained2_G1LY7B.pt,14,80,959,0,0,0.00508086
concat_finegrained2_M0A6WZ.pt,14,56,39,97,81,0.005504599999999999
concat_finegrained2_71Q688.pt,14,48,65,84,57,0.005451939999999999
concat_finegrained2_ZDEHEI.pt,14,54,80,111,63,0.005474339999999999
concat_finegrained2_Z8IGJ9.pt,14,86,78,74,84,0.005486340000000001
concat_finegrained2_DSSGO7.pt,14,79,58,102,86,0.0054946
concat_finegrained2_1UG4LE.pt,14,62,75,103,53,0.005446539999999999
concat_finegrained2_3G1S0W.pt,14,66,41,113,44,0.00546074
concat_finegrained2_CS6LRQ.pt,14,61,79,57,51,0.005452599999999999
concat_finegrained2_NCAYTJ.pt,14,87,52,82,70,0.0055400799999999984
concat_finegrained2_W45EUB.pt,14,71,53,120,77,0.005434159999999998
concat_finegrained2_KOT5WM.pt,14,69,82,104,73,0.0054233
concat_finegrained2_VWKUTP.pt,14,55,57,60,55,0.005597440000000002
concat_finegrained2_LMSL4H.pt,14,82,68,63,62,0.0059044399999999995
concat_finegrained2_BZD536.pt,14,53,63,85,39,0.00545656
concat_finegrained2_H0Y4VE.pt,14,60,54,114,36,0.005473899999999999
concat_finegrained2_6X5CNC.pt,14,37,81,90,42,0.005522160000000001
concat_finegrained2_7AEKIV.pt,14,84,61,99,49,0.005545239999999999
concat_finegrained2_K08Q0K.pt,14,59,37,112,69,0.0054248
concat_finegrained2_9YHW2S.pt,14,67,60,80,83,0.005531600000000001
concat_finegrained2_OHCXVU.pt,14,46,48,70,68,0.005432639999999999
concat_finegrained2_B6F5IJ.pt,7,142,196,0,0,0.005111920000000001
concat_finegrained2_JBN0II.pt,7,105,182,0,0,0.005153660000000001
concat_finegrained2_BX30UJ.pt,7,125,227,0,0,0.005182579999999997
concat_finegrained2_A9GPMN.pt,7,91,221,0,0,0.005118619999999999
concat_finegrained2_66BOTS.pt,7,95,163,0,0,0.006444580000000001
concat_finegrained2_1J4JNX.pt,7,165,257,0,0,0.005683940000000001
concat_finegrained2_5P5O6W.pt,7,146,236,0,0,0.0051168199999999985
concat_finegrained2_6SBQ4V.pt,7,153,271,0,0,0.00508796
concat_finegrained2_CR0IGN.pt,7,147,238,0,0,0.013498139999999994
concat_finegrained2_RKBMHT.pt,7,109,181,0,0,0.00539972
concat_finegrained2_Z255N4.pt,7,106,155,0,0,0.01116186
concat_finegrained2_YC1ESS.pt,7,87,122,0,0,0.00521278
concat_finegrained2_WT8F33.pt,7,161,245,0,0,0.012386100000000002
concat_finegrained2_WNZRN1.pt,7,112,125,0,0,0.008168459999999999
concat_finegrained2_87AUR5.pt,7,167,237,0,0,0.00584132
concat_finegrained2_W23WUU.pt,7,144,198,0,0,0.010880219999999998
concat_finegrained2_91WEQK.pt,7,164,215,0,0,0.005178220000000001
concat_finegrained2_DDDP2T.pt,7,75,273,0,0,0.005149539999999999
concat_finegrained2_LMW775.pt,7,128,192,0,0,0.0050360199999999996
concat_finegrained2_547S4V.pt,7,166,224,0,0,0.005160519999999998
concat_finegrained2_9KT1I7.pt,14,371,381,184,470,0.005426919999999999
concat_finegrained2_KV48AZ.pt,14,402,211,127,734,0.0054469600000000016
concat_finegrained2_CXCIVQ.pt,14,438,442,96,442,0.00548082
concat_finegrained2_ILVV7M.pt,14,405,464,89,358,0.0054566999999999975
concat_finegrained2_2GIFPJ.pt,14,400,223,148,603,0.0055559
concat_finegrained2_DP9T5R.pt,14,490,444,100,666,0.0054164400000000015
concat_finegrained2_CWEN35.pt,14,465,306,200,443,0.005512259999999999
concat_finegrained2_8V7X3U.pt,14,303,274,175,413,0.0054753200000000005
concat_finegrained2_SWBE7L.pt,14,370,339,139,703,0.005430699999999999
concat_finegrained2_RQTVRA.pt,14,326,246,121,690,0.00544022
concat_finegrained2_6X347M.pt,14,471,289,197,450,0.005436800000000002
concat_finegrained2_PVYNTO.pt,14,508,286,116,351,0.00549826
concat_finegrained2_L8ZKI2.pt,14,484,463,137,659,0.0055495
concat_finegrained2_7DZI66.pt,14,376,298,156,367,0.0054589600000000005
concat_finegrained2_1EJEDQ.pt,14,448,345,117,352,0.005492380000000002
concat_finegrained2_1AQLAT.pt,14,499,206,179,466,0.00546186
concat_finegrained2_33GG84.pt,14,461,232,87,500,0.005669979999999999
concat_finegrained2_90XZGU.pt,14,368,258,159,338,0.005442260000000001
concat_finegrained2_QMEXFX.pt,14,363,338,136,748,0.00543768
concat_finegrained2_75KNG9.pt,14,423,201,101,650,0.005425740000000001
concat_finegrained2_P46KDA.pt,28,90,157,573,196,0.005495759999999999
concat_finegrained2_NF6G2Z.pt,28,39,110,578,158,0.005498480000000001
concat_finegrained2_SQ8IF0.pt,28,51,135,542,194,0.005484819999999999
concat_finegrained2_1Y06B3.pt,28,85,142,509,154,0.005543460000000001
concat_finegrained2_5GN9EC.pt,28,76,76,275,167,0.005513380000000001
concat_finegrained2_QI0PTZ.pt,28,89,105,535,128,0.005459959999999999
concat_finegrained2_NSZTF1.pt,28,81,149,470,189,0.00553002
concat_finegrained2_C2WTGT.pt,28,74,153,394,212,0.00546466
concat_finegrained2_FQDWOG.pt,28,43,93,630,170,0.00555366
concat_finegrained2_H9VTNP.pt,28,71,156,324,150,0.005590140000000002
concat_finegrained2_FX1HCF.pt,28,72,115,465,108,0.00551754
concat_finegrained2_5Q9C5L.pt,28,65,118,377,191,0.0055121599999999995
concat_finegrained2_07GFH2.pt,28,73,176,536,187,0.005523400000000003
concat_finegrained2_0DIRV2.pt,28,50,150,274,95,0.00545802
concat_finegrained2_8Z99GK.pt,28,87,126,372,149,0.005537340000000001
concat_finegrained2_BRQXFN.pt,28,54,83,435,156,0.005584240000000001
concat_finegrained2_HER0CR.pt,28,46,160,419,222,0.0061872
concat_finegrained2_F6QATB.pt,28,88,164,567,126,0.00546476
concat_finegrained2_TN1DLC.pt,28,59,91,405,125,0.0054747599999999995
concat_finegrained2_DKBV2T.pt,28,75,145,515,117,0.0054876000000000005
concat_finegrained2_CJT1GP.pt,14,1425,86,474,51,0.005453199999999999
concat_finegrained2_P5L0LK.pt,14,700,49,332,56,0.00557944
concat_finegrained2_EUGT0U.pt,14,1280,72,637,40,0.005407299999999999
concat_finegrained2_C11BRL.pt,14,1086,58,528,48,0.00545794
concat_finegrained2_A5AL20.pt,14,1164,45,643,43,0.005439859999999999
concat_finegrained2_DX0V2V.pt,14,750,75,463,44,0.00548372
concat_finegrained2_OB22IY.pt,14,877,78,383,29,0.005445360000000002
concat_finegrained2_P9S977.pt,14,1481,74,645,34,0.005440779999999998
concat_finegrained2_VN5KWY.pt,14,1313,64,369,49,0.0054570600000000006
concat_finegrained2_TFFU6D.pt,14,788,40,406,31,0.005472679999999999
concat_finegrained2_FIC81V.pt,14,1310,48,391,35,0.005552699999999998
concat_finegrained2_88TMDM.pt,14,1455,65,600,42,0.005651
concat_finegrained2_TNCY7K.pt,14,1077,71,554,45,0.005463339999999999
concat_finegrained2_BPU8SW.pt,14,1502,76,589,28,0.005505119999999999
concat_finegrained2_YENX15.pt,14,804,59,570,30,0.005429400000000002
concat_finegrained2_VJIVQ8.pt,14,730,66,435,46,0.005501539999999999
concat_finegrained2_E7CEDK.pt,14,890,55,476,33,0.005445300000000001
concat_finegrained2_DHF9OS.pt,14,1076,54,618,41,0.0054734399999999996
concat_finegrained2_SFH7C3.pt,14,786,69,365,55,0.005452800000000001
concat_finegrained2_N2G0JA.pt,14,1156,42,497,32,0.005531199999999999
concat_finegrained2_FB870D.pt,7,183,71,0,0,0.007198579999999999
concat_finegrained2_4V4QQ3.pt,7,142,109,0,0,0.005111739999999999
concat_finegrained2_DISO6N.pt,7,245,77,0,0,0.005058059999999999
concat_finegrained2_M1X2GI.pt,7,271,72,0,0,0.008948340000000004
concat_finegrained2_LZDCOY.pt,7,136,139,0,0,0.0088943
concat_finegrained2_3I4Y3S.pt,7,148,93,0,0,0.008566780000000003
concat_finegrained2_SV2WSP.pt,7,301,61,0,0,0.006876580000000004
concat_finegrained2_02TATS.pt,7,141,75,0,0,0.005241380000000001
concat_finegrained2_THDE0K.pt,7,146,124,0,0,0.006044400000000001
concat_finegrained2_C1I15E.pt,7,243,130,0,0,0.014763540000000002
concat_finegrained2_5MR44U.pt,7,185,83,0,0,0.007933100000000002
concat_finegrained2_SCENID.pt,7,278,132,0,0,0.005195519999999999
concat_finegrained2_F4K91E.pt,7,264,67,0,0,0.00512512
concat_finegrained2_S2ZDBH.pt,7,289,65,0,0,0.005107419999999999
concat_finegrained2_B7ZLCW.pt,7,144,131,0,0,0.00509906
concat_finegrained2_GSV8VK.pt,7,270,64,0,0,0.0051310600000000015
concat_finegrained2_J2UVGD.pt,7,235,90,0,0,0.005118660000000001
concat_finegrained2_JXZWDW.pt,7,178,92,0,0,0.012316220000000004
concat_finegrained2_CS1YAV.pt,7,227,128,0,0,0.01051814
concat_finegrained2_M4M7P4.pt,7,154,137,0,0,0.005148819999999999
concat_finegrained2_0HA1SA.pt,7,51,69,0,0,0.01473812
concat_finegrained2_Y4BMZ8.pt,7,49,34,0,0,0.01177318
concat_finegrained2_QAUQVO.pt,7,50,73,0,0,0.01462056
concat_finegrained2_JWLSAU.pt,7,80,67,0,0,0.0051558
concat_finegrained2_FY1PGM.pt,7,43,55,0,0,0.005123620000000001
concat_finegrained2_QFWV14.pt,7,60,61,0,0,0.00514624
concat_finegrained2_C4R3D0.pt,7,39,62,0,0,0.005078560000000001
concat_finegrained2_S7HDE6.pt,7,38,35,0,0,0.0176782
concat_finegrained2_4TGF63.pt,7,78,68,0,0,0.01003322
concat_finegrained2_7LCEF3.pt,7,65,76,0,0,0.0050791000000000005
concat_finegrained2_KT5V45.pt,7,70,47,0,0,0.009391280000000004
concat_finegrained2_V8FH69.pt,7,42,41,0,0,0.005244380000000001
concat_finegrained2_F56A9M.pt,7,68,64,0,0,0.006447960000000002
concat_finegrained2_470GE3.pt,7,44,40,0,0,0.010546480000000002
concat_finegrained2_UAA4UI.pt,7,35,36,0,0,0.0073159599999999955
concat_finegrained2_SH0JIC.pt,7,61,43,0,0,0.005802419999999999
concat_finegrained2_LEIH1T.pt,7,45,59,0,0,0.01250082
concat_finegrained2_BXX5QK.pt,7,66,78,0,0,0.005153420000000001
concat_finegrained2_QZA6CG.pt,7,36,60,0,0,0.009967460000000001
concat_finegrained2_X12HDA.pt,7,57,56,0,0,0.0086966
concat_finegrained2_KJ26BE.pt,7,96,82,0,0,0.00509428
concat_finegrained2_WQXPRU.pt,7,63,75,0,0,0.014820599999999996
concat_finegrained2_PG0RP0.pt,7,88,50,0,0,0.007485520000000001
concat_finegrained2_MD6RM5.pt,7,86,70,0,0,0.005130779999999999
concat_finegrained2_ACMCM4.pt,7,90,78,0,0,0.0074969599999999996
concat_finegrained2_HEL8OO.pt,7,85,66,0,0,0.015348859999999999
concat_finegrained2_83HRXS.pt,7,82,73,0,0,0.011410240000000006
concat_finegrained2_AWTSDW.pt,7,72,41,0,0,0.005812960000000001
concat_finegrained2_H5MPNA.pt,7,56,64,0,0,0.009467700000000003
concat_finegrained2_YIYB8X.pt,7,97,53,0,0,0.00888386
concat_finegrained2_PQK2BJ.pt,7,80,68,0,0,0.015668899999999996
concat_finegrained2_D64ZW7.pt,7,64,94,0,0,0.011020080000000002
concat_finegrained2_150V9A.pt,7,76,86,0,0,0.013200980000000005
concat_finegrained2_LOHF1N.pt,7,53,48,0,0,0.006788279999999999
concat_finegrained2_HIZESS.pt,7,93,51,0,0,0.006683179999999999
concat_finegrained2_NKJXOW.pt,7,78,55,0,0,0.006114079999999998
concat_finegrained2_6AUS0U.pt,7,52,79,0,0,0.005123300000000001
concat_finegrained2_LB9I4L.pt,7,59,46,0,0,0.0062636
concat_finegrained2_W9YOUB.pt,7,54,88,0,0,0.0053852799999999975
concat_finegrained2_TKWRMA.pt,7,87,72,0,0,0.009021040000000003
concat_finegrained2_L87WEX.pt,7,20,279,0,0,0.005078780000000001
concat_finegrained2_EJFTBI.pt,7,14,280,0,0,0.00511296
concat_finegrained2_PQ98AS.pt,7,29,233,0,0,0.010087980000000002
concat_finegrained2_QII5V3.pt,7,25,196,0,0,0.007037779999999999
concat_finegrained2_C481P3.pt,7,22,247,0,0,0.013327039999999997
concat_finegrained2_UAGC8Q.pt,7,15,143,0,0,0.0051429200000000005
concat_finegrained2_9XCQVW.pt,7,13,174,0,0,0.005121860000000001
concat_finegrained2_K5OG0U.pt,7,30,241,0,0,0.00515834
concat_finegrained2_A7OR4D.pt,7,27,239,0,0,0.011795639999999998
concat_finegrained2_Z9GQQE.pt,7,19,148,0,0,0.006528999999999998
concat_finegrained2_DYPH5O.pt,7,18,227,0,0,0.005106879999999999
concat_finegrained2_TUF69A.pt,7,24,159,0,0,0.005156580000000001
concat_finegrained2_VK7838.pt,7,17,186,0,0,0.00517642
concat_finegrained2_0FZQTC.pt,7,16,132,0,0,0.00507146
concat_finegrained2_GR5YA8.pt,7,26,267,0,0,0.006514819999999999
concat_finegrained2_VWTDDJ.pt,7,21,183,0,0,0.005084099999999999
concat_finegrained2_77QI44.pt,7,23,175,0,0,0.005179699999999999
concat_finegrained2_50YT3C.pt,7,28,140,0,0,0.009086260000000002
concat_finegrained2_RKWKZ9.pt,56,52,38,0,0,0.00509742
concat_finegrained2_4GOUGZ.pt,56,72,36,0,0,0.00506016
concat_finegrained2_U99W8O.pt,56,74,25,0,0,0.00508714
concat_finegrained2_39TCGZ.pt,56,60,21,0,0,0.005105300000000002
concat_finegrained2_5JB76K.pt,56,48,31,0,0,0.0050624599999999995
concat_finegrained2_G3AWZH.pt,56,56,35,0,0,0.00510504
concat_finegrained2_DPA4T6.pt,56,49,29,0,0,0.0051134399999999995
concat_finegrained2_0A7RGP.pt,56,42,32,0,0,0.00510796
concat_finegrained2_45M1JF.pt,56,68,18,0,0,0.00508242
concat_finegrained2_5A04XK.pt,56,47,19,0,0,0.005134159999999999
concat_finegrained2_3Z9UXT.pt,56,81,22,0,0,0.005096660000000002
concat_finegrained2_GZ9Y5P.pt,56,71,17,0,0,0.005095539999999999
concat_finegrained2_WLE8TJ.pt,56,59,20,0,0,0.0051563999999999985
concat_finegrained2_8H8NM2.pt,56,45,23,0,0,0.00507448
concat_finegrained2_E8HL5C.pt,56,39,34,0,0,0.005462259999999999
concat_finegrained2_JI6MN8.pt,56,57,27,0,0,0.005099200000000001
concat_finegrained2_G6S8IW.pt,56,75,24,0,0,0.005073459999999999
concat_finegrained2_RKOC0Y.pt,56,80,26,0,0,0.005070979999999999
concat_finegrained2_KAW3E7.pt,56,38,37,0,0,0.00507646
concat_finegrained2_KOGMTU.pt,56,73,30,0,0,0.005065920000000001
concat_finegrained2_CP60KT.pt,14,30,99,0,0,0.005092079999999999
concat_finegrained2_KHJ10C.pt,14,17,54,0,0,0.01334134
concat_finegrained2_8TMPPU.pt,14,34,101,0,0,0.005071840000000001
concat_finegrained2_UWVQK4.pt,14,35,79,0,0,0.0055419
concat_finegrained2_GS7FY0.pt,14,28,104,0,0,0.0051166
concat_finegrained2_3N1RGC.pt,14,25,114,0,0,0.005140379999999999
concat_finegrained2_G23JMN.pt,14,18,125,0,0,0.0051175000000000005
concat_finegrained2_X4WTUC.pt,14,21,113,0,0,0.005080779999999998
concat_finegrained2_I1FYOI.pt,14,24,105,0,0,0.005072880000000001
concat_finegrained2_RRJM8I.pt,14,31,74,0,0,0.00507622
concat_finegrained2_SSMDY3.pt,14,32,72,0,0,0.0050922599999999995
concat_finegrained2_3QUJFB.pt,14,27,92,0,0,0.00509548
concat_finegrained2_4VJHNN.pt,14,23,83,0,0,0.005049399999999998
concat_finegrained2_RV5FF9.pt,14,26,122,0,0,0.011063199999999997
concat_finegrained2_BD8PVX.pt,14,20,80,0,0,0.005083939999999999
concat_finegrained2_NUH0O9.pt,14,16,63,0,0,0.00629444
concat_finegrained2_Z35994.pt,14,33,67,0,0,0.00507322
concat_finegrained2_Z8LWUJ.pt,14,22,61,0,0,0.005086740000000001
concat_finegrained2_8ZB2WV.pt,14,29,70,0,0,0.008530300000000001
concat_finegrained2_TWV4YR.pt,14,15,87,0,0,0.00509376
concat_finegrained2_UCMI0V.pt,7,1166,24,58,22,0.005533940000000002
concat_finegrained2_A9ZF5Q.pt,7,1472,22,60,34,0.005505879999999999
concat_finegrained2_URRSCH.pt,7,1787,15,32,19,0.005465259999999999
concat_finegrained2_ZPWKXH.pt,7,2056,17,47,30,0.00548186
concat_finegrained2_COCZS0.pt,7,1748,26,62,21,0.005563040000000002
concat_finegrained2_ANTY80.pt,7,1381,30,37,28,0.005501759999999998
concat_finegrained2_8T43IL.pt,7,1851,28,64,38,0.0054694
concat_finegrained2_4MM4ZG.pt,7,2007,21,46,25,0.005480559999999999
concat_finegrained2_4BW35N.pt,7,1883,29,63,29,0.005446900000000001
concat_finegrained2_1TMKE8.pt,7,1290,18,53,27,0.005482699999999999
concat_finegrained2_SFY3F2.pt,7,2321,16,51,17,0.005577919999999999
concat_finegrained2_Z1P4YL.pt,7,1482,27,31,32,0.005608639999999999
concat_finegrained2_172K72.pt,7,1734,20,57,37,0.005474540000000001
concat_finegrained2_FFRH22.pt,7,1367,25,68,26,0.005529820000000002
concat_finegrained2_DSY8I7.pt,7,1663,14,61,31,0.005498860000000001
concat_finegrained2_6JFM9B.pt,7,2310,19,30,36,0.005480699999999998
concat_finegrained2_NQNLDH.pt,7,1266,23,67,33,0.00549142
concat_finegrained2_UZ28C4.pt,7,1627,13,52,24,0.00557174
concat_finegrained2_G9KOEI.pt,14,5,79,0,0,0.005066500000000001
concat_finegrained2_DDVLK7.pt,14,4,105,0,0,0.0050699000000000004
concat_finegrained2_6U8XVR.pt,14,6,80,0,0,0.006281979999999995
concat_finegrained2_BCMOZO.pt,14,3,91,0,0,0.0053850600000000005
concat_finegrained2_69YRE8.pt,7,167,54,0,0,0.03226512
concat_finegrained2_SMLRAN.pt,7,175,88,0,0,0.005110440000000001
concat_finegrained2_L6Q4XL.pt,7,177,93,0,0,0.0051017
concat_finegrained2_2BYXIY.pt,7,93,84,0,0,0.005104460000000001
concat_finegrained2_DMKDZF.pt,7,124,109,0,0,0.010930259999999995
concat_finegrained2_EHVKB4.pt,7,144,97,0,0,0.013899079999999998
concat_finegrained2_G5AYMS.pt,7,164,103,0,0,0.008145179999999997
concat_finegrained2_HBXQWV.pt,7,192,78,0,0,0.0051754
concat_finegrained2_Q4AZQA.pt,7,184,79,0,0,0.011754580000000004
concat_finegrained2_4SBLAL.pt,7,84,53,0,0,0.016307639999999988
concat_finegrained2_YRIPOX.pt,7,118,90,0,0,0.005119700000000001
concat_finegrained2_TQQGRD.pt,7,80,105,0,0,0.011378260000000003
concat_finegrained2_TROA5G.pt,7,120,68,0,0,0.011180520000000005
concat_finegrained2_GADJB4.pt,7,98,82,0,0,0.010662159999999999
concat_finegrained2_EUDA3P.pt,7,132,94,0,0,0.009104499999999996
concat_finegrained2_XGNM0U.pt,7,97,49,0,0,0.017604919999999996
concat_finegrained2_9A7VKP.pt,7,109,48,0,0,0.0067949399999999984
concat_finegrained2_CW2T4A.pt,7,117,100,0,0,0.005710220000000001
concat_finegrained2_XIYCL7.pt,7,170,55,0,0,0.012491019999999997
concat_finegrained2_TLF6UI.pt,7,176,76,0,0,0.00510714
concat_finegrained2_GNZ3N8.pt,7,192,645,56,175,0.005507059999999999
concat_finegrained2_01KY3X.pt,7,264,590,55,190,0.00547592
concat_finegrained2_BUT1V1.pt,7,201,1084,37,206,0.0055003000000000005
concat_finegrained2_V10DP4.pt,7,123,642,62,139,0.005478759999999998
concat_finegrained2_PX1QFB.pt,7,159,1036,53,194,0.005492380000000002
concat_finegrained2_6XBS4T.pt,7,119,930,38,204,0.005607779999999999
concat_finegrained2_LOE3UZ.pt,7,183,765,34,116,0.00550012
concat_finegrained2_YTFLOR.pt,7,188,1047,41,158,0.005481240000000001
concat_finegrained2_HHRLB9.pt,7,129,971,52,192,0.0352455
concat_finegrained2_YBB3UM.pt,7,214,961,33,218,0.005486200000000001
concat_finegrained2_1S985M.pt,7,261,710,29,102,0.0055313800000000015
concat_finegrained2_ZQPR2D.pt,7,175,702,28,110,0.0054870399999999995
concat_finegrained2_OGGF17.pt,7,167,714,35,96,0.0054959399999999995
concat_finegrained2_8KEY8M.pt,7,170,920,36,126,0.00551992
concat_finegrained2_O7N2IS.pt,7,124,537,49,197,0.005434339999999999
concat_finegrained2_9DZPUM.pt,7,130,535,45,135,0.005582900000000003
concat_finegrained2_ERIRU7.pt,7,181,827,48,181,0.005532520000000002
concat_finegrained2_YJH0UO.pt,7,135,755,51,177,0.0054873
concat_finegrained2_MAQY2J.pt,7,253,837,44,217,0.005511080000000001
concat_finegrained2_7XIOX7.pt,7,262,699,42,118,0.0054958
concat_finegrained2_Y2NEEM.pt,7,153,46,0,0,0.01276946
concat_finegrained2_ZHPH68.pt,7,176,42,0,0,0.010640699999999996
concat_finegrained2_HSKFWV.pt,7,230,65,0,0,0.0053359400000000026
concat_finegrained2_CA7S18.pt,7,200,39,0,0,0.013738640000000002
concat_finegrained2_E2YUD8.pt,7,250,55,0,0,0.005107000000000001
concat_finegrained2_J8VQ69.pt,7,170,58,0,0,0.005688159999999998
concat_finegrained2_NT6AA1.pt,7,150,44,0,0,0.005179360000000001
concat_finegrained2_NL3HM0.pt,7,162,48,0,0,0.011165659999999996
concat_finegrained2_M2TBRE.pt,7,226,45,0,0,0.00518142
concat_finegrained2_EW83Y7.pt,7,191,63,0,0,0.009873759999999997
concat_finegrained2_GMGMSW.pt,7,143,36,0,0,0.005195120000000001
concat_finegrained2_DUT1EX.pt,7,181,68,0,0,0.00867582
concat_finegrained2_62ZGLA.pt,7,128,35,0,0,0.006325420000000001
concat_finegrained2_MFXUNB.pt,7,205,56,0,0,0.005129760000000001
concat_finegrained2_V9B659.pt,7,210,69,0,0,0.005149600000000002
concat_finegrained2_P6JKKI.pt,7,235,74,0,0,0.005113459999999999
concat_finegrained2_SKEORP.pt,7,201,70,0,0,0.005221059999999999
concat_finegrained2_G4OE1Z.pt,7,135,73,0,0,0.007453759999999999
concat_finegrained2_87T88I.pt,7,161,60,0,0,0.005114979999999999
concat_finegrained2_HG4TVP.pt,7,139,54,0,0,0.016205359999999995
concat_finegrained2_XK242H.pt,7,136,135,0,0,0.005092940000000001
concat_finegrained2_YW74BI.pt,7,96,143,0,0,0.005103280000000001
concat_finegrained2_UQTKIF.pt,7,109,81,0,0,0.014198119999999998
concat_finegrained2_6QBO6Q.pt,7,99,140,0,0,0.013875699999999998
concat_finegrained2_PKF9DB.pt,7,186,131,0,0,0.005156539999999999
concat_finegrained2_UNDGFG.pt,7,179,104,0,0,0.005220740000000001
concat_finegrained2_UMUUNV.pt,7,162,158,0,0,0.005169400000000001
concat_finegrained2_7F8QHA.pt,7,135,132,0,0,0.005307700000000001
concat_finegrained2_HBNFDP.pt,7,138,74,0,0,0.0051861
concat_finegrained2_HRI2SY.pt,7,147,112,0,0,0.012623660000000004
concat_finegrained2_E7NJAB.pt,7,183,77,0,0,0.005122140000000001
concat_finegrained2_VR3Q74.pt,7,188,67,0,0,0.005141519999999999
concat_finegrained2_1A6V04.pt,7,142,151,0,0,0.00517652
concat_finegrained2_S4DP24.pt,7,154,134,0,0,0.005185359999999999
concat_finegrained2_I4HE9N.pt,7,224,111,0,0,0.012477140000000003
concat_finegrained2_PR98JY.pt,7,178,150,0,0,0.005110800000000001
concat_finegrained2_4JV962.pt,7,156,117,0,0,0.01142352
concat_finegrained2_GRR1W3.pt,7,168,141,0,0,0.005232800000000001
concat_finegrained2_M3OXI2.pt,7,166,110,0,0,0.005183500000000001
concat_finegrained2_X6629T.pt,7,119,136,0,0,0.005182559999999999
concat_finegrained2_IKOOSV.pt,14,63,37,78,63,0.005462459999999999
concat_finegrained2_JRH0YX.pt,14,62,28,132,51,0.00548712
concat_finegrained2_WJEUNZ.pt,14,53,19,86,46,0.0055438399999999995
concat_finegrained2_QL2Z4K.pt,14,66,38,155,44,0.00542898
concat_finegrained2_0WV93A.pt,14,58,44,66,60,0.005566840000000001
concat_finegrained2_G4BY1T.pt,14,33,31,134,28,0.005491380000000002
concat_finegrained2_MCICMG.pt,14,69,29,117,52,0.00550318
concat_finegrained2_32F7WY.pt,14,44,25,111,47,0.005529340000000001
concat_finegrained2_H2LZAE.pt,14,60,34,118,37,0.005453
concat_finegrained2_NAWPUI.pt,14,74,33,122,62,0.00546048
concat_finegrained2_WSQOBL.pt,14,67,40,85,49,0.0054652
concat_finegrained2_GFYS9W.pt,14,61,41,80,48,0.005410719999999997
concat_finegrained2_KB7OL8.pt,14,56,36,121,61,0.005566559999999998
concat_finegrained2_8QZB9E.pt,14,41,24,138,32,0.005483259999999998
concat_finegrained2_D9TLB8.pt,14,47,30,95,39,0.005424019999999999
concat_finegrained2_8KCF5B.pt,14,49,21,127,41,0.005532060000000001
concat_finegrained2_10TM0Y.pt,14,65,39,90,50,0.00616158
concat_finegrained2_T5SE9T.pt,14,75,22,119,40,0.005481519999999998
concat_finegrained2_1IDHYL.pt,14,54,35,65,33,0.00543538
concat_finegrained2_GAKB5D.pt,14,76,45,154,42,0.0054724
concat_finegrained2_0ORFW2.pt,7,71,309,0,0,0.009696459999999999
concat_finegrained2_NAAXUP.pt,7,66,206,0,0,0.0051495199999999994
concat_finegrained2_CGQX81.pt,7,51,249,0,0,0.00515088
concat_finegrained2_LKBKON.pt,7,76,250,0,0,0.005121960000000001
concat_finegrained2_YJPZJK.pt,7,68,163,0,0,0.005194540000000001
concat_finegrained2_XTOWX0.pt,7,38,184,0,0,0.00563172
concat_finegrained2_OXWOT1.pt,7,47,233,0,0,0.005260579999999999
concat_finegrained2_1YNKVK.pt,7,57,307,0,0,0.005129560000000001
concat_finegrained2_QMSPDQ.pt,7,81,253,0,0,0.008213379999999998
concat_finegrained2_N0952B.pt,7,58,232,0,0,0.010443300000000004
concat_finegrained2_ZLT0ER.pt,7,46,134,0,0,0.0051499399999999996
concat_finegrained2_YENQEB.pt,7,74,254,0,0,0.012675339999999995
concat_finegrained2_DT12FZ.pt,7,55,317,0,0,0.00510042
concat_finegrained2_CPAW9Z.pt,7,75,143,0,0,0.00509788
concat_finegrained2_Y3UHU8.pt,7,61,146,0,0,0.00519166
concat_finegrained2_JS5WEB.pt,7,83,155,0,0,0.005117919999999999
concat_finegrained2_1AGYMM.pt,7,64,298,0,0,0.005215600000000002
concat_finegrained2_CC6S1G.pt,7,49,281,0,0,0.007765159999999998
concat_finegrained2_JKLOGO.pt,7,67,156,0,0,0.016524180000000006
concat_finegrained2_U3G8G1.pt,7,79,193,0,0,0.005237739999999999
concat_finegrained2_JBWGAT.pt,56,843,826,0,0,0.0050852
concat_finegrained2_ED3GOM.pt,56,703,683,0,0,0.00509118
concat_finegrained2_U60RVQ.pt,56,1057,614,0,0,0.005088860000000001
concat_finegrained2_90YE7Z.pt,56,1177,1010,0,0,0.0051133
concat_finegrained2_DEB8Q9.pt,56,722,996,0,0,0.0050928399999999995
concat_finegrained2_H8LGLB.pt,56,914,827,0,0,0.005151699999999999
concat_finegrained2_0I2UV6.pt,56,1384,635,0,0,0.005061079999999999
concat_finegrained2_F9XLZA.pt,56,975,989,0,0,0.005136299999999999
concat_finegrained2_P1I7CD.pt,56,1318,949,0,0,0.005128020000000002
concat_finegrained2_EC82QU.pt,56,888,850,0,0,0.005119580000000001
concat_finegrained2_3YF6JY.pt,56,1263,640,0,0,0.00511706
concat_finegrained2_7MA4ZZ.pt,56,1406,903,0,0,0.0050723800000000005
concat_finegrained2_FNK4SL.pt,56,664,599,0,0,0.00510066
concat_finegrained2_IU8WNW.pt,56,832,882,0,0,0.005141039999999999
concat_finegrained2_GXE8FW.pt,56,754,770,0,0,0.005075260000000001
concat_finegrained2_MRABFS.pt,56,991,743,0,0,0.00510516
concat_finegrained2_RFC02Q.pt,56,970,1081,0,0,0.005103660000000002
concat_finegrained2_3MRV70.pt,56,770,909,0,0,0.00509892
concat_finegrained2_PKR27T.pt,56,775,579,0,0,0.005077740000000001
concat_finegrained2_IY95E7.pt,56,660,633,0,0,0.0050846400000000005
concat_finegrained2_ATMXL2.pt,7,32,679,96,89,0.0054945
concat_finegrained2_G9F0AQ.pt,7,33,768,119,84,0.0054899200000000006
concat_finegrained2_9OYAWI.pt,7,25,724,105,96,0.005475260000000001
concat_finegrained2_XQI494.pt,7,21,898,132,55,0.005467319999999999
concat_finegrained2_I9N1DG.pt,7,19,789,64,63,0.005556240000000001
concat_finegrained2_WI9PS2.pt,7,15,1122,80,79,0.005494380000000002
concat_finegrained2_F2MTAQ.pt,7,35,1038,102,93,0.00546974
concat_finegrained2_FK9UK0.pt,7,28,813,92,71,0.005496180000000001
concat_finegrained2_NGFYLF.pt,7,36,940,137,48,0.005477980000000001
concat_finegrained2_J1DLFY.pt,7,18,1069,79,73,0.005565839999999999
concat_finegrained2_270MG7.pt,7,20,1043,73,57,0.005588980000000001
concat_finegrained2_QWKFUV.pt,7,16,629,112,78,0.005479140000000001
concat_finegrained2_M6X70P.pt,7,22,586,68,88,0.005470839999999999
concat_finegrained2_XS1AQV.pt,7,29,1044,84,44,0.005482240000000002
concat_finegrained2_JWZ3HC.pt,7,27,1014,90,42,0.005585119999999999
concat_finegrained2_70WH7Z.pt,7,17,1003,134,65,0.00553844
concat_finegrained2_IRDYLG.pt,7,26,608,78,83,0.0055459199999999985
concat_finegrained2_N4YEL6.pt,7,31,975,76,53,0.0055159399999999996
concat_finegrained2_4LOV7P.pt,7,34,1153,133,82,0.005542400000000002
concat_finegrained2_22HPRB.pt,7,23,1002,123,69,0.005562039999999999
concat_finegrained2_MVSLJJ.pt,7,416,135,0,0,0.00815022
concat_finegrained2_R1AKBK.pt,7,405,221,0,0,0.0051928
concat_finegrained2_KTGEXG.pt,7,336,137,0,0,0.00510038
concat_finegrained2_SZN8JL.pt,7,450,236,0,0,0.0052816799999999995
concat_finegrained2_6MRBVT.pt,7,210,184,0,0,0.005145099999999999
concat_finegrained2_KAUEVV.pt,7,240,242,0,0,0.005215100000000001
concat_finegrained2_2DLFX3.pt,7,221,118,0,0,0.005174140000000001
concat_finegrained2_9ICE4D.pt,7,439,163,0,0,0.007589059999999998
concat_finegrained2_2OY759.pt,7,435,216,0,0,0.005590939999999999
concat_finegrained2_NXMDW2.pt,7,285,187,0,0,0.0051120800000000015
concat_finegrained2_REEB7E.pt,7,343,149,0,0,0.005166839999999999
concat_finegrained2_FMJ3DU.pt,7,451,159,0,0,0.0052136599999999984
concat_finegrained2_SKQSGC.pt,7,365,192,0,0,0.0070840400000000015
concat_finegrained2_UN7Q14.pt,7,316,155,0,0,0.005092540000000001
concat_finegrained2_NNYXCW.pt,7,278,169,0,0,0.005180979999999998
concat_finegrained2_QKPNPD.pt,7,201,230,0,0,0.00516478
concat_finegrained2_7BST4D.pt,7,253,142,0,0,0.005152819999999999
concat_finegrained2_VYHNQE.pt,7,380,115,0,0,0.00511476
concat_finegrained2_J3KS01.pt,7,333,172,0,0,0.00888082
concat_finegrained2_YZ6ZY6.pt,7,286,220,0,0,0.005117600000000001
concat_finegrained2_2C2CA5.pt,14,20,106,140,2,0.0054356399999999985
concat_finegrained2_SRST0K.pt,14,18,117,151,1,0.00546828
concat_finegrained2_XOTXEH.pt,56,58,2019,0,0,0.005118020000000001
concat_finegrained2_PEI8H4.pt,56,60,1297,0,0,0.005076679999999999
concat_finegrained2_CK8IAM.pt,56,31,1764,0,0,0.005002080000000001
concat_finegrained2_W4MG67.pt,56,56,1631,0,0,0.00521214
concat_finegrained2_E0TH0N.pt,56,65,1467,0,0,0.005120759999999999
concat_finegrained2_R21R9F.pt,56,69,1913,0,0,0.005067039999999999
concat_finegrained2_JQRXYR.pt,56,40,2030,0,0,0.005087220000000001
concat_finegrained2_6ZQ0E2.pt,56,32,1250,0,0,0.00505796
concat_finegrained2_6ETUF3.pt,56,37,1649,0,0,0.00503948
concat_finegrained2_G8O99C.pt,56,52,1724,0,0,0.00505534
concat_finegrained2_GWP79Z.pt,56,55,2016,0,0,0.0051188
concat_finegrained2_8ZT7O0.pt,56,57,1039,0,0,0.005076839999999999
concat_finegrained2_VPINAQ.pt,56,66,1054,0,0,0.00507048
concat_finegrained2_XG1XTW.pt,56,53,1259,0,0,0.005090840000000001
concat_finegrained2_20HJRY.pt,56,50,1681,0,0,0.00511772
concat_finegrained2_40Z7R2.pt,56,59,1566,0,0,0.0050970999999999985
concat_finegrained2_YHPCG7.pt,56,61,1946,0,0,0.0051499
concat_finegrained2_RX43KC.pt,56,44,1333,0,0,0.00508584
concat_finegrained2_KWFY25.pt,56,36,1961,0,0,0.005144879999999998
concat_finegrained2_MMDVDK.pt,56,62,2224,0,0,0.005100640000000001
concat_finegrained2_2UXJWC.pt,7,90,129,0,0,0.005185780000000001
concat_finegrained2_54V99H.pt,7,84,77,0,0,0.006137300000000002
concat_finegrained2_PR9BUV.pt,7,67,109,0,0,0.01425772
concat_finegrained2_8TK4FG.pt,7,95,108,0,0,0.00615504
concat_finegrained2_9U1PIO.pt,7,98,115,0,0,0.005198779999999999
concat_finegrained2_L13AVQ.pt,7,87,154,0,0,0.016696539999999996
concat_finegrained2_2OSGVI.pt,7,60,162,0,0,0.005164100000000001
concat_finegrained2_564HME.pt,7,79,159,0,0,0.005139980000000001
concat_finegrained2_49MDR8.pt,7,48,151,0,0,0.005245999999999998
concat_finegrained2_RELVX8.pt,7,110,84,0,0,0.00784102
concat_finegrained2_PL72L6.pt,7,62,83,0,0,0.015073219999999997
concat_finegrained2_4LMUQA.pt,7,97,141,0,0,0.005128699999999998
concat_finegrained2_AN7GRY.pt,7,96,124,0,0,0.005376519999999999
concat_finegrained2_IJEPVI.pt,7,58,96,0,0,0.005115140000000001
concat_finegrained2_JOVTTQ.pt,7,74,101,0,0,0.005149400000000001
concat_finegrained2_Q4BAJC.pt,7,106,104,0,0,0.005098279999999999
concat_finegrained2_6NE9NL.pt,7,49,119,0,0,0.005264699999999999
concat_finegrained2_MU1DXJ.pt,7,56,165,0,0,0.00509086
concat_finegrained2_XCRHI1.pt,7,92,76,0,0,0.007799679999999996
concat_finegrained2_5O0CFN.pt,7,50,86,0,0,0.00516918
concat_finegrained2_94F3RQ.pt,7,87,60,0,0,0.00564524
concat_finegrained2_XIGA8S.pt,7,68,56,0,0,0.01049714
concat_finegrained2_TV2EKF.pt,7,83,84,0,0,0.007262939999999999
concat_finegrained2_5B5B2H.pt,7,59,40,0,0,0.00950004
concat_finegrained2_VPILQE.pt,7,97,44,0,0,0.00559968
concat_finegrained2_TTGRF6.pt,7,75,65,0,0,0.016523439999999997
concat_finegrained2_76MD70.pt,7,90,50,0,0,0.00772826
concat_finegrained2_DBXHBO.pt,7,99,78,0,0,0.011858399999999998
concat_finegrained2_PPWPFS.pt,7,91,54,0,0,0.0051823600000000004
concat_finegrained2_HHVHNV.pt,7,88,72,0,0,0.005496199999999999
concat_finegrained2_HEI9F2.pt,7,71,77,0,0,0.005212160000000001
concat_finegrained2_YHA64F.pt,7,57,66,0,0,0.005097920000000001
concat_finegrained2_AISHFE.pt,7,65,48,0,0,0.006316700000000001
concat_finegrained2_DCQP3I.pt,7,58,80,0,0,0.005295920000000001
concat_finegrained2_BRQFHA.pt,7,50,61,0,0,0.00524474
concat_finegrained2_49HIXG.pt,7,101,43,0,0,0.009722699999999999
concat_finegrained2_XT4VAM.pt,7,92,83,0,0,0.006324039999999999
concat_finegrained2_DP6HWW.pt,7,94,57,0,0,0.00516258
concat_finegrained2_Q14FT2.pt,7,55,42,0,0,0.00511614
concat_finegrained2_WVQMMO.pt,7,67,74,0,0,0.00519684
concat_finegrained2_A33XEO.pt,14,147,46,82,594,0.005471339999999999
concat_finegrained2_8ECRXY.pt,14,125,102,68,280,0.00547322
concat_finegrained2_Y21250.pt,14,90,66,49,377,0.005605059999999998
concat_finegrained2_1UHETP.pt,14,111,100,70,567,0.005466199999999999
concat_finegrained2_AM1XVX.pt,14,65,82,81,575,0.005627840000000002
concat_finegrained2_S54O1N.pt,14,149,95,41,396,0.0055030800000000005
concat_finegrained2_3RZR0K.pt,14,110,72,75,375,0.005477419999999999
concat_finegrained2_J0YDDU.pt,14,106,55,40,298,0.005478839999999998
concat_finegrained2_M81W66.pt,14,121,58,54,454,0.005498240000000001
concat_finegrained2_0STYB7.pt,14,78,90,42,332,0.0054755199999999985
concat_finegrained2_4VTKSN.pt,14,68,68,52,539,0.00554762
concat_finegrained2_C4MJEF.pt,14,94,48,56,553,0.005644739999999999
concat_finegrained2_BGP9LM.pt,14,81,74,77,531,0.0054399800000000005
concat_finegrained2_GWMOEY.pt,14,112,61,89,425,0.0055848999999999985
concat_finegrained2_1EY9SO.pt,14,109,62,73,460,0.0055255
concat_finegrained2_6ZC5QA.pt,14,150,75,83,477,0.00548294
concat_finegrained2_0J4WFJ.pt,14,73,59,76,561,0.005559539999999999
concat_finegrained2_DVFFOD.pt,14,122,88,90,557,0.00551432
concat_finegrained2_JUDTSM.pt,14,116,97,44,537,0.005548819999999998
concat_finegrained2_ICO2YV.pt,14,142,70,65,500,0.00545978
concat_finegrained2_5CZIV5.pt,7,128,54,0,0,0.006384539999999999
concat_finegrained2_6I9TG2.pt,7,157,44,0,0,0.0051167600000000014
concat_finegrained2_R3FNYT.pt,7,96,66,0,0,0.005157339999999999
concat_finegrained2_H25ADU.pt,7,188,47,0,0,0.0050722
concat_finegrained2_SHSG7O.pt,7,179,71,0,0,0.005109180000000002
concat_finegrained2_J61UFM.pt,7,200,67,0,0,0.00509368
concat_finegrained2_CVQXD1.pt,7,158,59,0,0,0.015511539999999992
concat_finegrained2_B802WP.pt,7,135,34,0,0,0.01368502
concat_finegrained2_HWZK9D.pt,7,103,55,0,0,0.01133888
concat_finegrained2_409UAT.pt,7,154,36,0,0,0.007606360000000002
concat_finegrained2_QYA8GE.pt,7,184,48,0,0,0.0050509000000000005
concat_finegrained2_VGW00L.pt,7,177,61,0,0,0.014846119999999994
concat_finegrained2_KW3PG9.pt,7,192,38,0,0,0.005371559999999998
concat_finegrained2_WI2V4Z.pt,7,159,35,0,0,0.0051128200000000006
concat_finegrained2_GHP5I6.pt,7,120,32,0,0,0.005046679999999999
concat_finegrained2_27O3IF.pt,7,201,45,0,0,0.013879860000000006
concat_finegrained2_8IEOTJ.pt,7,176,30,0,0,0.005177000000000002
concat_finegrained2_VO6U9L.pt,7,90,40,0,0,0.005135259999999999
concat_finegrained2_IG0DVB.pt,7,172,41,0,0,0.00564026
concat_finegrained2_19KLAD.pt,7,149,56,0,0,0.005267459999999999
concat_finegrained2_T6D8SH.pt,14,13,79,0,0,0.005102519999999999
concat_finegrained2_WX232K.pt,14,15,92,0,0,0.009724020000000002
concat_finegrained2_1EOC4X.pt,14,14,65,0,0,0.01323884
concat_finegrained2_Z0YJO4.pt,14,16,67,0,0,0.011957739999999996
concat_finegrained2_2VJK9R.pt,14,18,66,0,0,0.005204279999999999
concat_finegrained2_LAMBNK.pt,14,12,113,0,0,0.009969800000000001
concat_finegrained2_PLS799.pt,14,9,105,0,0,0.00520206
concat_finegrained2_PVD8NP.pt,14,17,127,0,0,0.005806719999999999
concat_finegrained2_BW7ILJ.pt,14,19,70,0,0,0.005092719999999999
concat_finegrained2_9KDZP7.pt,14,10,124,0,0,0.005078120000000002
concat_finegrained2_93P7MZ.pt,14,11,108,0,0,0.00510486
concat_finegrained2_5XSXVU.pt,14,8,62,0,0,0.014073160000000005
concat_finegrained2_VYK0C9.pt,7,86,128,16,74,0.005488920000000001
concat_finegrained2_QTDXZI.pt,7,83,199,17,115,0.005471960000000001
concat_finegrained2_RK7N1Z.pt,7,69,117,32,50,0.005435739999999998
concat_finegrained2_LNDZGG.pt,7,78,203,36,60,0.00552642
concat_finegrained2_WXGHPM.pt,7,40,166,25,107,0.005482140000000001
concat_finegrained2_VCW60S.pt,7,84,107,28,55,0.0055131600000000005
concat_finegrained2_4S8IU3.pt,7,37,204,38,77,0.005445980000000001
concat_finegrained2_8FMBU8.pt,7,71,208,20,54,0.005440799999999999
concat_finegrained2_KK2D56.pt,7,87,140,30,78,0.00547446
concat_finegrained2_IZFDV7.pt,7,72,165,34,94,0.00549986
concat_finegrained2_3G4EGN.pt,7,42,135,24,98,0.0055401400000000016
concat_finegrained2_FI0ARA.pt,7,57,104,22,116,0.00543454
concat_finegrained2_JQK1JU.pt,7,50,122,33,62,0.005458460000000001
concat_finegrained2_DJA5VA.pt,7,49,143,29,109,0.00545964
concat_finegrained2_8JM3QB.pt,7,58,97,23,102,0.005460619999999999
concat_finegrained2_2CFI3S.pt,7,55,116,35,82,0.00546636
concat_finegrained2_12433Y.pt,7,76,99,26,52,0.00666998
concat_finegrained2_UQMTKO.pt,7,41,200,31,84,0.0054388200000000005
concat_finegrained2_I541DJ.pt,7,66,136,19,101,0.00548412
concat_finegrained2_VT7U5D.pt,7,54,172,27,106,0.005443399999999999
concat_finegrained2_I7EVHA.pt,7,131,56,0,0,0.005155780000000001
concat_finegrained2_3UW3XI.pt,7,123,54,0,0,0.0051407200000000005
concat_finegrained2_IVO8O2.pt,7,120,67,0,0,0.005152399999999999
concat_finegrained2_DLM7ZJ.pt,7,105,48,0,0,0.01307452
concat_finegrained2_J46LNQ.pt,7,107,33,0,0,0.0079007
concat_finegrained2_RMQR3Y.pt,7,61,59,0,0,0.015305459999999998
concat_finegrained2_IMHRC2.pt,7,110,38,0,0,0.012698120000000004
concat_finegrained2_PV6UW5.pt,7,86,34,0,0,0.008151419999999998
concat_finegrained2_EWVEUR.pt,7,135,49,0,0,0.00517812
concat_finegrained2_JKUH7A.pt,7,134,45,0,0,0.00515
concat_finegrained2_ROM94J.pt,7,127,66,0,0,0.006932580000000001
concat_finegrained2_M3CYZ0.pt,7,72,39,0,0,0.007005740000000005
concat_finegrained2_2ZYPKC.pt,7,95,40,0,0,0.00516642
concat_finegrained2_0OUL9P.pt,7,136,51,0,0,0.009413519999999998
concat_finegrained2_N28BF5.pt,7,65,52,0,0,0.0052156600000000004
concat_finegrained2_LYRCNH.pt,7,94,30,0,0,0.006556959999999998
concat_finegrained2_D4UYKQ.pt,7,88,64,0,0,0.00508308
concat_finegrained2_YCGIWR.pt,7,108,60,0,0,0.016586180000000002
concat_finegrained2_6JTW96.pt,7,126,47,0,0,0.0051758
concat_finegrained2_QSU3CM.pt,7,81,62,0,0,0.00521074
concat_finegrained2_14T4EZ.pt,14,545,70,80,72,0.005508560000000001
concat_finegrained2_KR8H0X.pt,14,941,88,57,82,0.005572960000000001
concat_finegrained2_YBXSEC.pt,14,749,124,103,53,0.005435
concat_finegrained2_P02NKT.pt,14,826,112,79,50,0.0054965199999999995
concat_finegrained2_BUFGBO.pt,14,694,82,61,45,0.005506899999999999
concat_finegrained2_NTJ4HB.pt,14,439,103,72,78,0.00552686
concat_finegrained2_IUACO0.pt,14,952,85,100,97,0.00547952
concat_finegrained2_TKDU48.pt,14,585,60,92,100,0.005469740000000002
concat_finegrained2_O68RMR.pt,14,929,131,104,54,0.005497039999999998
concat_finegrained2_W1PTF1.pt,14,533,100,67,74,0.0055505599999999995
concat_finegrained2_YZIUKO.pt,14,873,98,60,44,0.0054979
concat_finegrained2_N896UJ.pt,14,954,80,91,55,0.005475480000000001
concat_finegrained2_G3LHLD.pt,14,721,56,44,87,0.0054618
concat_finegrained2_RA43SD.pt,14,814,63,77,73,0.005623199999999999
concat_finegrained2_R0BK7B.pt,14,460,79,58,43,0.005471739999999999
concat_finegrained2_9AVOYD.pt,14,496,104,90,66,0.00550528
concat_finegrained2_IOLU78.pt,14,901,66,65,89,0.00546794
concat_finegrained2_8DXRZE.pt,14,682,125,94,99,0.005499039999999999
concat_finegrained2_EVACRH.pt,14,656,123,85,75,0.005479920000000003
concat_finegrained2_VYJ77R.pt,14,429,65,71,71,0.005475020000000001
concat_finegrained2_IZ16DD.pt,14,8,1079,0,0,0.005093819999999999
concat_finegrained2_4NTJZR.pt,14,7,2079,0,0,0.005072360000000001
concat_finegrained2_WWHSOT.pt,14,11,1989,0,0,0.005056399999999999
concat_finegrained2_LLZV5K.pt,14,15,1469,0,0,0.005082639999999997
concat_finegrained2_VM1GKL.pt,14,9,2340,0,0,0.0051462
concat_finegrained2_K0BSHH.pt,14,14,1861,0,0,0.005180759999999999
concat_finegrained2_IYPUOY.pt,14,12,2248,0,0,0.005150159999999999
concat_finegrained2_CXHBV8.pt,14,13,2098,0,0,0.00508918
concat_finegrained2_1JXM18.pt,14,10,1703,0,0,0.0050525
concat_finegrained2_8RCEIG.pt,14,51,92,1235,122,0.005482460000000002
concat_finegrained2_4N0PMR.pt,14,48,54,1114,143,0.005474099999999999
concat_finegrained2_CQAZYD.pt,14,89,86,1011,178,0.005424140000000002
concat_finegrained2_Q0RUWQ.pt,14,53,43,644,117,0.005473640000000001
concat_finegrained2_JIF9WH.pt,14,66,79,912,148,0.005623899999999996
concat_finegrained2_E6W3OO.pt,14,93,53,726,179,0.00547734
concat_finegrained2_WCE5BK.pt,14,86,82,789,86,0.005430460000000001
concat_finegrained2_6XN7IH.pt,14,91,87,977,150,0.005542220000000002
concat_finegrained2_M80KHF.pt,14,95,81,1028,146,0.005488300000000001
concat_finegrained2_C454PZ.pt,14,73,64,1364,131,0.01108182
concat_finegrained2_AOBV1V.pt,14,69,42,1087,185,0.005470380000000001
concat_finegrained2_WW4CKV.pt,14,50,72,971,166,0.005479620000000001
concat_finegrained2_6X4TYF.pt,14,108,65,778,85,0.0055391600000000004
concat_finegrained2_6JH8DQ.pt,14,109,66,729,130,0.005469360000000002
concat_finegrained2_R37UTL.pt,14,77,71,1327,164,0.005508660000000002
concat_finegrained2_47AEKR.pt,14,64,80,1061,145,0.005430459999999999
concat_finegrained2_BHCR86.pt,14,62,88,1016,175,0.00552434
concat_finegrained2_U7METJ.pt,14,79,50,1303,186,0.00547122
concat_finegrained2_M23ZRO.pt,14,110,63,897,109,0.0054611
concat_finegrained2_5UELGL.pt,14,68,56,961,183,0.005646339999999999
concat_finegrained2_I0VM83.pt,7,245,164,0,0,0.00562468
concat_finegrained2_7V56PO.pt,7,206,159,0,0,0.03238384
concat_finegrained2_DPA0UL.pt,7,291,275,0,0,0.0050880000000000005
concat_finegrained2_8FU1FW.pt,7,200,185,0,0,0.005124420000000001
concat_finegrained2_9SH9FZ.pt,7,144,283,0,0,0.008256719999999997
concat_finegrained2_17XBOW.pt,7,172,131,0,0,0.0050789
concat_finegrained2_G3B323.pt,7,210,184,0,0,0.005101960000000001
concat_finegrained2_FDZT86.pt,7,252,183,0,0,0.013165619999999998
concat_finegrained2_YF7MOY.pt,7,296,263,0,0,0.005132120000000001
concat_finegrained2_UB5I5Y.pt,7,314,208,0,0,0.00525058
concat_finegrained2_UHAV4A.pt,7,250,140,0,0,0.009319779999999998
concat_finegrained2_QID8UJ.pt,7,269,227,0,0,0.006004679999999999
concat_finegrained2_C1B5WD.pt,7,171,194,0,0,0.007050479999999999
concat_finegrained2_5P0XY8.pt,7,161,156,0,0,0.005104179999999998
concat_finegrained2_CUVQ5G.pt,7,218,179,0,0,0.005152460000000002
concat_finegrained2_IF0L29.pt,7,152,178,0,0,0.005169380000000001
concat_finegrained2_CSWCY2.pt,7,293,236,0,0,0.00509994
concat_finegrained2_LBXTCZ.pt,7,139,161,0,0,0.00509998
concat_finegrained2_LN0KKZ.pt,7,262,127,0,0,0.007011620000000001
concat_finegrained2_EFYUGN.pt,7,164,144,0,0,0.007554280000000001
concat_finegrained2_ZPBV4X.pt,14,80,81,0,0,0.03263106
concat_finegrained2_SM70VS.pt,14,49,42,0,0,0.010843640000000002
concat_finegrained2_7RUS30.pt,14,55,55,0,0,0.00507786
concat_finegrained2_ZL1LEO.pt,14,72,87,0,0,0.005166320000000002
concat_finegrained2_LIDQ3P.pt,14,66,77,0,0,0.00508298
concat_finegrained2_55X44G.pt,14,34,91,0,0,0.005795560000000002
concat_finegrained2_LBS0LX.pt,14,48,64,0,0,0.013587759999999996
concat_finegrained2_JUXNBG.pt,14,54,69,0,0,0.00513222
concat_finegrained2_U3RLRV.pt,14,74,63,0,0,0.005141279999999999
concat_finegrained2_U30N3Z.pt,14,63,89,0,0,0.005184559999999998
concat_finegrained2_Q1WDA7.pt,14,65,80,0,0,0.00510988
concat_finegrained2_JNLP4W.pt,14,56,82,0,0,0.005060619999999999
concat_finegrained2_KGPCJS.pt,14,37,98,0,0,0.006900519999999998
concat_finegrained2_53BA5Y.pt,14,58,48,0,0,0.00509238
concat_finegrained2_LQLFXW.pt,14,64,59,0,0,0.00949724
concat_finegrained2_Z5P03A.pt,14,43,83,0,0,0.008012100000000001
concat_finegrained2_D9KKSO.pt,14,76,70,0,0,0.00510548
concat_finegrained2_OT4A64.pt,14,47,58,0,0,0.0050929999999999994
concat_finegrained2_KROLR1.pt,14,51,51,0,0,0.006217700000000003
concat_finegrained2_2ZUBXJ.pt,14,40,92,0,0,0.00509668
concat_finegrained2_OP01X4.pt,14,26,52,0,0,0.005124779999999999
concat_finegrained2_3LB9UG.pt,14,21,42,0,0,0.005077600000000001
concat_finegrained2_CUOIU4.pt,14,17,36,0,0,0.005095300000000001
concat_finegrained2_E3OKUA.pt,14,33,30,0,0,0.00504248
concat_finegrained2_7C5OG9.pt,14,30,38,0,0,0.007877640000000002
concat_finegrained2_U0787D.pt,14,23,43,0,0,0.005090879999999999
concat_finegrained2_22Y0FL.pt,14,20,50,0,0,0.00507406
concat_finegrained2_JA32U5.pt,14,19,53,0,0,0.0053250599999999995
concat_finegrained2_QGSAC5.pt,14,24,55,0,0,0.0051492
concat_finegrained2_VGTXGA.pt,14,15,44,0,0,0.00506864
concat_finegrained2_6SL7CU.pt,14,28,34,0,0,0.007858819999999999
concat_finegrained2_429KXZ.pt,14,16,57,0,0,0.00510006
concat_finegrained2_P5X0ED.pt,14,22,48,0,0,0.006092780000000001
concat_finegrained2_EEL083.pt,14,18,56,0,0,0.00506122
concat_finegrained2_8YASRF.pt,14,31,63,0,0,0.012270799999999997
concat_finegrained2_UBU8WB.pt,14,32,59,0,0,0.005067760000000001
concat_finegrained2_G0D5YM.pt,14,27,62,0,0,0.005101339999999999
concat_finegrained2_OP7Z62.pt,14,14,49,0,0,0.010020959999999999
concat_finegrained2_WM8V11.pt,14,25,46,0,0,0.013081500000000003
concat_finegrained2_8Z0MJ6.pt,14,29,64,0,0,0.00508798
concat_finegrained2_PXL6O4.pt,7,405,52,501,0,0.0053154000000000005
concat_finegrained2_XN0GIA.pt,7,453,53,396,0,0.005257060000000001
concat_finegrained2_F23X69.pt,7,308,57,316,0,0.005278879999999999
concat_finegrained2_746WVH.pt,7,337,40,526,0,0.00531984
concat_finegrained2_3USVG8.pt,7,228,30,439,0,0.00539702
concat_finegrained2_MH8AH7.pt,7,258,35,271,0,0.0053508800000000014
concat_finegrained2_MUHXD8.pt,7,476,28,423,0,0.005323260000000001
concat_finegrained2_KEHPDY.pt,7,361,58,323,0,0.005273300000000002
concat_finegrained2_XVFQNC.pt,7,322,65,429,0,0.005577959999999997
concat_finegrained2_AM94DS.pt,7,254,33,446,0,0.005312900000000001
concat_finegrained2_LD1GNE.pt,7,463,49,472,0,0.0053903000000000015
concat_finegrained2_RDA7A7.pt,7,257,42,541,0,0.005339399999999999
concat_finegrained2_M6GFP6.pt,7,452,63,409,0,0.0052917
concat_finegrained2_YAFWQU.pt,7,271,31,405,0,0.00551944
concat_finegrained2_D8PXJ9.pt,7,229,46,577,0,0.005360159999999999
concat_finegrained2_YSY79H.pt,7,371,56,345,0,0.005342659999999999
concat_finegrained2_L4GMDA.pt,7,309,34,604,0,0.0052666399999999995
concat_finegrained2_XKU4PS.pt,7,514,61,455,0,0.005348379999999999
concat_finegrained2_ZY1GRJ.pt,7,489,50,382,0,0.005339600000000001
concat_finegrained2_QX9I0M.pt,7,248,60,582,0,0.00531474
concat_finegrained2_VBRMUX.pt,14,65,28,550,0,0.005370679999999999
concat_finegrained2_HOY19X.pt,14,43,17,272,0,0.0053523
concat_finegrained2_CKR6DZ.pt,14,34,16,525,0,0.005361480000000001
concat_finegrained2_NNVKOD.pt,14,46,25,539,0,0.005366480000000002
concat_finegrained2_TTTCUX.pt,14,60,23,329,0,0.00535914
concat_finegrained2_RMKI5K.pt,14,54,22,472,0,0.0053900400000000005
concat_finegrained2_4HMV7M.pt,14,55,26,461,0,0.005246680000000001
concat_finegrained2_48JP3D.pt,14,38,12,492,0,0.0053399599999999995
concat_finegrained2_QEJDUI.pt,14,59,14,499,0,0.0053561
concat_finegrained2_HH5RYD.pt,14,41,21,334,0,0.005354240000000002
concat_finegrained2_NB6JWO.pt,14,51,27,464,0,0.00534924
concat_finegrained2_B31YKY.pt,14,61,29,244,0,0.005360480000000001
concat_finegrained2_ZL9JCV.pt,14,57,15,248,0,0.005361340000000003
concat_finegrained2_OSNLLD.pt,14,64,24,346,0,0.00529652
concat_finegrained2_AQYDW2.pt,14,39,13,507,0,0.00540396
concat_finegrained2_8PGGLT.pt,14,58,20,311,0,0.005333719999999999
concat_finegrained2_O1LBQ2.pt,14,33,18,487,0,0.005331399999999998
concat_finegrained2_M7K1OG.pt,14,62,19,384,0,0.0053622999999999995
concat_finegrained2_MMBVDV.pt,7,63,331,0,0,0.005135199999999999
concat_finegrained2_3ATTPP.pt,7,144,497,0,0,0.005119039999999998
concat_finegrained2_ZOYJ4S.pt,7,65,383,0,0,0.012353740000000002
concat_finegrained2_1GT879.pt,7,89,433,0,0,0.00516126
concat_finegrained2_Z145XW.pt,7,135,309,0,0,0.00510312
concat_finegrained2_DIPFZU.pt,7,62,594,0,0,0.005204080000000001
concat_finegrained2_N0BAUN.pt,7,104,253,0,0,0.006327
concat_finegrained2_HXB43Y.pt,7,93,474,0,0,0.0051563
concat_finegrained2_RGYJY3.pt,7,134,508,0,0,0.00512008
concat_finegrained2_Q1GNG1.pt,7,111,581,0,0,0.00514034
concat_finegrained2_4E9KZU.pt,7,121,407,0,0,0.00522418
concat_finegrained2_03DUVV.pt,7,106,349,0,0,0.0052179
concat_finegrained2_DHXU7H.pt,7,122,426,0,0,0.0108813
concat_finegrained2_VH0F4F.pt,7,112,328,0,0,0.0050916799999999995
concat_finegrained2_VWK4RC.pt,7,129,477,0,0,0.005131180000000001
concat_finegrained2_W8GRFX.pt,7,132,588,0,0,0.005111479999999999
concat_finegrained2_VDPVWA.pt,7,73,453,0,0,0.005140699999999999
concat_finegrained2_O1XWGS.pt,7,120,479,0,0,0.007169600000000002
concat_finegrained2_TE9W9T.pt,7,127,338,0,0,0.005297780000000001
concat_finegrained2_IGS3C3.pt,7,88,549,0,0,0.005169859999999999
concat_finegrained2_5YJS8D.pt,7,2,21,626,0,0.00533646
concat_finegrained2_XENL8B.pt,7,5,22,574,0,0.005384979999999999
concat_finegrained2_KE0KKT.pt,7,3,25,334,0,0.00537306
concat_finegrained2_NGWAXS.pt,7,4,31,596,0,0.00540736
concat_finegrained2_MWEC2E.pt,56,107,63,0,0,0.005094060000000001
concat_finegrained2_8QKLSR.pt,56,120,51,0,0,0.0051591
concat_finegrained2_O1TSDB.pt,56,164,43,0,0,0.005116780000000002
concat_finegrained2_JEY578.pt,56,146,79,0,0,0.005109540000000001
concat_finegrained2_6EU7BC.pt,56,211,52,0,0,0.005060359999999999
concat_finegrained2_SRX7HG.pt,56,188,75,0,0,0.00510392
concat_finegrained2_6FBG7T.pt,56,212,76,0,0,0.00566084
concat_finegrained2_T0GMMA.pt,56,205,35,0,0,0.0050939800000000006
concat_finegrained2_FFGG8C.pt,56,151,46,0,0,0.0051534799999999985
concat_finegrained2_VTA22O.pt,56,191,47,0,0,0.0051348600000000015
concat_finegrained2_ORI2ZR.pt,56,210,72,0,0,0.00510548
concat_finegrained2_MQ7819.pt,56,182,59,0,0,0.0051551999999999995
concat_finegrained2_AMMFQB.pt,56,100,34,0,0,0.005119640000000001
concat_finegrained2_QS4D4W.pt,56,145,73,0,0,0.005090319999999999
concat_finegrained2_U69Q08.pt,56,186,56,0,0,0.005171520000000001
concat_finegrained2_5TBWBB.pt,56,144,65,0,0,0.005102500000000002
concat_finegrained2_SZ09O5.pt,56,114,66,0,0,0.0050978
concat_finegrained2_7OHEDI.pt,56,110,57,0,0,0.005156759999999999
concat_finegrained2_PH6QFM.pt,56,170,60,0,0,0.00518982
concat_finegrained2_ZT2LL3.pt,56,190,54,0,0,0.0051420999999999975
concat_finegrained2_3QZ3A4.pt,14,29,60,0,0,0.008148699999999998
concat_finegrained2_99R00D.pt,14,32,49,0,0,0.0051065400000000006
concat_finegrained2_PARMET.pt,14,15,33,0,0,0.005097659999999999
concat_finegrained2_EJMPBV.pt,14,31,43,0,0,0.008504679999999999
concat_finegrained2_6Y0P13.pt,14,20,68,0,0,0.005079340000000001
concat_finegrained2_29G395.pt,14,30,56,0,0,0.005071580000000001
concat_finegrained2_0RNMBM.pt,14,16,78,0,0,0.0051246
concat_finegrained2_T94C64.pt,14,18,77,0,0,0.005520239999999998
concat_finegrained2_48N9PT.pt,14,25,34,0,0,0.0108924
concat_finegrained2_F832H1.pt,14,14,54,0,0,0.005050340000000001
concat_finegrained2_VO9GZ7.pt,14,17,71,0,0,0.005087259999999999
concat_finegrained2_8VBP3M.pt,14,23,72,0,0,0.00503498
concat_finegrained2_EYVTOM.pt,14,26,48,0,0,0.0050884
concat_finegrained2_Z6ANV3.pt,14,24,55,0,0,0.005042319999999998
concat_finegrained2_W6K5UU.pt,14,27,42,0,0,0.005236620000000001
concat_finegrained2_QIURLA.pt,14,19,61,0,0,0.005113700000000001
concat_finegrained2_BIKEX4.pt,14,28,73,0,0,0.0059082200000000005
concat_finegrained2_8BW5IA.pt,14,22,35,0,0,0.005116179999999999
concat_finegrained2_SP8RI3.pt,14,21,47,0,0,0.005126879999999998
concat_finegrained2_KJCM6Q.pt,14,166,411,0,0,0.032272720000000005
concat_finegrained2_ZJPMJE.pt,14,185,561,0,0,0.005155319999999998
concat_finegrained2_RP8HJL.pt,14,257,739,0,0,0.005061460000000001
concat_finegrained2_IJPNSG.pt,14,149,506,0,0,0.00513348
concat_finegrained2_P0CJFE.pt,14,207,616,0,0,0.0050761999999999995
concat_finegrained2_Y908BZ.pt,14,221,416,0,0,0.005077179999999999
concat_finegrained2_UHRNGG.pt,14,269,485,0,0,0.005162460000000001
concat_finegrained2_51D4LD.pt,14,160,544,0,0,0.0055568399999999995
concat_finegrained2_0386S9.pt,14,263,634,0,0,0.00507396
concat_finegrained2_BMMR0K.pt,14,136,582,0,0,0.005071679999999999
concat_finegrained2_QAGGBM.pt,14,153,404,0,0,0.005196240000000001
concat_finegrained2_G3C15Q.pt,14,224,541,0,0,0.0051023
concat_finegrained2_4V6MUP.pt,14,252,352,0,0,0.00508154
concat_finegrained2_C6H3CD.pt,14,196,431,0,0,0.00512194
concat_finegrained2_MFVPPZ.pt,14,144,474,0,0,0.005101379999999999
concat_finegrained2_WRCOKY.pt,14,126,419,0,0,0.005184759999999999
concat_finegrained2_YHI1RY.pt,14,220,382,0,0,0.005169800000000001
concat_finegrained2_FL8IGA.pt,14,181,572,0,0,0.00512656
concat_finegrained2_LRCAIR.pt,14,270,483,0,0,0.005066859999999999
concat_finegrained2_NNZ719.pt,14,229,566,0,0,0.005087659999999999
concat_finegrained2_O4LAPB.pt,7,150,256,37,344,0.005474780000000001
concat_finegrained2_YFHUEY.pt,7,169,320,30,462,0.0054556000000000006
concat_finegrained2_SWF9MK.pt,7,186,212,19,422,0.0055115599999999995
concat_finegrained2_CZ34A8.pt,7,119,190,24,418,0.00552658
concat_finegrained2_TSZS2X.pt,7,102,312,38,279,0.005459399999999999
concat_finegrained2_AWGSTT.pt,7,94,323,36,384,0.0054879
concat_finegrained2_GU0ZHB.pt,7,109,321,35,254,0.0054924399999999995
concat_finegrained2_1PRG51.pt,7,104,316,22,482,0.005469520000000001
concat_finegrained2_ZBGZF4.pt,7,82,168,34,469,0.005677879999999999
concat_finegrained2_CARIJE.pt,7,163,204,32,429,0.00548328
concat_finegrained2_KESDLQ.pt,7,93,207,26,275,0.005479340000000002
concat_finegrained2_QTGKM0.pt,7,116,282,29,479,0.005474279999999999
concat_finegrained2_A4SBUM.pt,7,136,191,23,396,0.0054814600000000005
concat_finegrained2_ZV6TOD.pt,7,126,179,17,438,0.005478559999999999
concat_finegrained2_SBPWUM.pt,7,92,233,27,229,0.005518940000000001
concat_finegrained2_NO37SJ.pt,7,194,299,18,401,0.005474279999999999
concat_finegrained2_9X7L2P.pt,7,111,216,28,443,0.005470120000000002
concat_finegrained2_Q92N3Y.pt,7,166,298,20,319,0.005607520000000001
concat_finegrained2_GCZXKZ.pt,7,129,241,21,286,0.005671879999999998
concat_finegrained2_A7PITK.pt,7,124,294,39,428,0.005529020000000001
concat_finegrained2_DN50CU.pt,56,556,106,598,0,0.0053520999999999985
concat_finegrained2_WAD7Z4.pt,56,305,66,527,0,0.00537946
concat_finegrained2_1SIXBM.pt,56,291,97,916,0,0.00538364
concat_finegrained2_CI115C.pt,56,351,90,883,0,0.00528192
concat_finegrained2_ZUVOJV.pt,56,593,59,1085,0,0.005263660000000001
concat_finegrained2_A8FDYV.pt,56,331,96,859,0,0.005306419999999999
concat_finegrained2_KAXI2X.pt,56,506,93,559,0,0.00532086
concat_finegrained2_Q856RW.pt,56,528,60,644,0,0.005330220000000001
concat_finegrained2_VAX9QT.pt,56,457,75,601,0,0.00533148
concat_finegrained2_8OYI70.pt,56,326,99,818,0,0.005295299999999999
concat_finegrained2_1KP7UI.pt,56,274,101,1074,0,0.005248739999999999
concat_finegrained2_L59H2X.pt,56,396,48,756,0,0.00536718
concat_finegrained2_MPHJ11.pt,56,280,63,604,0,0.005366640000000001
concat_finegrained2_CP3NIC.pt,56,592,92,898,0,0.005310480000000002
concat_finegrained2_01M90J.pt,56,268,67,828,0,0.005293880000000001
concat_finegrained2_2WDVDU.pt,56,597,72,1126,0,0.005218379999999999
concat_finegrained2_N02NEH.pt,56,315,73,829,0,0.005287000000000001
concat_finegrained2_0KG41U.pt,56,622,74,935,0,0.00538424
concat_finegrained2_YRU45Z.pt,56,399,103,712,0,0.0053956
concat_finegrained2_TYFJKQ.pt,56,344,102,722,0,0.005327780000000001
concat_finegrained2_XNO8A4.pt,28,43,35,0,0,0.00509748
concat_finegrained2_1F1DSD.pt,28,62,34,0,0,0.00511178
concat_finegrained2_09ML7U.pt,28,55,31,0,0,0.005093599999999999
concat_finegrained2_Z810ZF.pt,28,69,42,0,0,0.005226300000000001
concat_finegrained2_LAH5X5.pt,28,78,24,0,0,0.0051466800000000016
concat_finegrained2_5ACCTQ.pt,28,82,47,0,0,0.00536464
concat_finegrained2_LXYU7A.pt,28,50,30,0,0,0.0051029199999999995
concat_finegrained2_AA7JI0.pt,28,75,33,0,0,0.00513892
concat_finegrained2_1UNEO0.pt,28,39,32,0,0,0.005089800000000001
concat_finegrained2_D9K2MN.pt,28,83,38,0,0,0.005239039999999998
concat_finegrained2_13AA6H.pt,28,71,20,0,0,0.0051727200000000004
concat_finegrained2_E8KHZ5.pt,28,66,41,0,0,0.0051962399999999995
concat_finegrained2_6L0GU0.pt,28,61,22,0,0,0.005123060000000001
concat_finegrained2_820YI7.pt,28,72,28,0,0,0.005213840000000003
concat_finegrained2_Y29A68.pt,28,45,36,0,0,0.005243220000000001
concat_finegrained2_TNYX74.pt,28,73,44,0,0,0.0052130200000000005
concat_finegrained2_A047UZ.pt,28,68,43,0,0,0.00523638
concat_finegrained2_ZUVAZ7.pt,28,57,23,0,0,0.00526416
concat_finegrained2_RGY8RR.pt,28,81,37,0,0,0.005191599999999999
concat_finegrained2_70XU5V.pt,28,48,29,0,0,0.0051673000000000005
concat_finegrained2_M569T1.pt,7,24,89,0,0,0.008731840000000001
concat_finegrained2_K67WZ6.pt,7,33,66,0,0,0.011477999999999999
concat_finegrained2_KED44K.pt,7,30,73,0,0,0.013324120000000002
concat_finegrained2_FQYEF1.pt,7,27,83,0,0,0.00512444
concat_finegrained2_88L19R.pt,7,54,77,0,0,0.008376739999999999
concat_finegrained2_38OAGS.pt,7,53,92,0,0,0.00508162
concat_finegrained2_NLTG49.pt,7,43,47,0,0,0.012725360000000003
concat_finegrained2_D48V5A.pt,7,46,63,0,0,0.005124340000000001
concat_finegrained2_SOI5J6.pt,7,35,88,0,0,0.006576700000000001
concat_finegrained2_NEIH5E.pt,7,48,85,0,0,0.0066742
concat_finegrained2_IG0ZPW.pt,7,28,61,0,0,0.007182920000000001
concat_finegrained2_UZ22WK.pt,7,41,76,0,0,0.008631040000000005
concat_finegrained2_IWMMDJ.pt,7,29,78,0,0,0.00588572
concat_finegrained2_F9I0SF.pt,7,36,79,0,0,0.005084539999999999
concat_finegrained2_T0QD8A.pt,7,50,48,0,0,0.005759479999999998
concat_finegrained2_8OLY1L.pt,7,26,86,0,0,0.012323060000000002
concat_finegrained2_H887SK.pt,7,37,72,0,0,0.006569160000000002
concat_finegrained2_2JQ18E.pt,7,40,90,0,0,0.007481319999999997
concat_finegrained2_M12D47.pt,7,42,67,0,0,0.00775334
concat_finegrained2_XU67E7.pt,7,47,54,0,0,0.017893039999999995
concat_finegrained2_6Y0K37.pt,14,84,85,65,61,0.0054582200000000015
concat_finegrained2_OTRBTI.pt,14,54,74,82,70,0.005459879999999999
concat_finegrained2_SAX0GT.pt,14,102,111,78,34,0.005577019999999999
concat_finegrained2_1LYEDR.pt,14,80,144,111,52,0.0053985399999999985
concat_finegrained2_MT8M3U.pt,14,82,135,104,73,0.005480019999999999
concat_finegrained2_EKI13B.pt,14,44,143,132,64,0.0055379800000000005
concat_finegrained2_IDTXJQ.pt,14,86,113,92,55,0.03332618
concat_finegrained2_EI8KH5.pt,14,97,98,143,60,0.00546404
concat_finegrained2_5LFEZ6.pt,14,62,71,129,77,0.00550248
concat_finegrained2_DAXT8A.pt,14,50,142,107,46,0.005458239999999999
concat_finegrained2_AHHAJL.pt,14,49,92,85,53,0.0061426999999999975
concat_finegrained2_7P4GW2.pt,14,48,76,75,51,0.005423219999999999
concat_finegrained2_NIGFWI.pt,14,68,127,116,47,0.005449699999999999
concat_finegrained2_L5JSN6.pt,14,81,110,99,65,0.022848339999999995
concat_finegrained2_HRQGFX.pt,14,66,67,125,63,0.0054540399999999985
concat_finegrained2_3G1QSW.pt,14,91,82,96,45,0.005477299999999998
concat_finegrained2_4N9WCJ.pt,14,45,61,128,44,0.0054776400000000015
concat_finegrained2_2MI043.pt,14,94,79,60,42,0.005454679999999998
concat_finegrained2_JKG97P.pt,14,53,102,64,72,0.005539019999999998
concat_finegrained2_EP9H2R.pt,14,75,139,130,74,0.005441559999999999
concat_finegrained2_DVO8T8.pt,56,536,632,4,0,0.005284540000000001
concat_finegrained2_9FHSRU.pt,56,341,624,6,0,0.00540524
concat_finegrained2_C7XYBS.pt,56,537,1160,5,0,0.005282500000000001
concat_finegrained2_POU9BJ.pt,56,328,859,3,0,0.0053437400000000005
concat_finegrained2_FA219H.pt,7,46,195,0,0,0.010610300000000001
concat_finegrained2_FUTLQC.pt,7,29,136,0,0,0.00507664
concat_finegrained2_GELG33.pt,7,49,214,0,0,0.0051700999999999995
concat_finegrained2_IDHRV5.pt,7,52,153,0,0,0.006621459999999999
concat_finegrained2_KWQO7Z.pt,7,31,208,0,0,0.0051719
concat_finegrained2_2978MW.pt,7,36,127,0,0,0.005172679999999998
concat_finegrained2_BDASOQ.pt,7,45,99,0,0,0.0052023
concat_finegrained2_VUHZRW.pt,7,50,126,0,0,0.005244059999999999
concat_finegrained2_HC5D0W.pt,7,48,212,0,0,0.005106019999999999
concat_finegrained2_NPIDSQ.pt,7,24,124,0,0,0.00505778
concat_finegrained2_O0NOJD.pt,7,30,171,0,0,0.00851702
concat_finegrained2_8I45UM.pt,7,28,199,0,0,0.008836160000000001
concat_finegrained2_ODWCCT.pt,7,42,178,0,0,0.010369839999999996
concat_finegrained2_RC6OOB.pt,7,27,164,0,0,0.014168179999999999
concat_finegrained2_UMIN5R.pt,7,41,134,0,0,0.0051129999999999995
concat_finegrained2_XIL8WF.pt,7,35,230,0,0,0.005118500000000001
concat_finegrained2_IWS9Q1.pt,7,39,227,0,0,0.005094140000000001
concat_finegrained2_4IIRA3.pt,7,53,165,0,0,0.017294479999999997
concat_finegrained2_BZVOZV.pt,7,44,146,0,0,0.005111300000000001
concat_finegrained2_AJ3E36.pt,7,51,211,0,0,0.009503999999999999
concat_finegrained2_YV9BEH.pt,7,64,13,0,0,0.008817199999999999
concat_finegrained2_84IQX5.pt,7,81,21,0,0,0.00506486
concat_finegrained2_WGS3P3.pt,7,69,26,0,0,0.007809399999999999
concat_finegrained2_WSX6LA.pt,7,62,28,0,0,0.005148699999999999
concat_finegrained2_ZWX0C8.pt,7,88,14,0,0,0.013167459999999999
concat_finegrained2_OBCWEL.pt,7,47,16,0,0,0.005179
concat_finegrained2_48HSX0.pt,7,76,27,0,0,0.005137879999999999
concat_finegrained2_H5QOE0.pt,7,44,12,0,0,0.006693820000000004
concat_finegrained2_IYEJ86.pt,7,53,24,0,0,0.005093300000000002
concat_finegrained2_J1WL2I.pt,7,78,20,0,0,0.008046719999999999
concat_finegrained2_OMD57P.pt,7,72,17,0,0,0.0051724599999999985
concat_finegrained2_7XCHNT.pt,7,39,18,0,0,0.008304959999999998
concat_finegrained2_RGUIBR.pt,7,40,19,0,0,0.00698144
concat_finegrained2_49VFXW.pt,7,59,25,0,0,0.012179620000000009
concat_finegrained2_OBV8UN.pt,7,77,15,0,0,0.012326940000000002
concat_finegrained2_2834GJ.pt,7,51,23,0,0,0.016013100000000006
concat_finegrained2_BXQW5L.pt,7,85,29,0,0,0.007218279999999999
concat_finegrained2_LVNXLX.pt,7,54,22,0,0,0.008294060000000004
concat_finegrained2_E232RA.pt,7,216,47,9,0,0.008375900000000002
concat_finegrained2_8511WL.pt,7,272,35,12,0,0.0053089999999999995
concat_finegrained2_GYZ7P5.pt,7,244,51,13,0,0.0053395
concat_finegrained2_THPYSD.pt,7,260,54,8,0,0.0052980599999999985
concat_finegrained2_XR5RM8.pt,7,142,59,7,0,0.03441467999999999
concat_finegrained2_R840H6.pt,7,245,43,10,0,0.005349879999999999
concat_finegrained2_197O4L.pt,7,230,49,11,0,0.005332299999999997
concat_finegrained2_N19NX8.pt,7,163,32,6,0,0.011961100000000004
concat_finegrained2_QY9DUL.pt,14,68,34,0,0,0.00508806
concat_finegrained2_P9FSL5.pt,14,77,20,0,0,0.00505292
concat_finegrained2_T354OT.pt,14,57,33,0,0,0.005167820000000001
concat_finegrained2_QOZMDO.pt,14,64,17,0,0,0.01162456
concat_finegrained2_BNZL1R.pt,14,91,28,0,0,0.005144479999999999
concat_finegrained2_42SSGB.pt,14,50,26,0,0,0.005093019999999999
concat_finegrained2_SJJ22Z.pt,14,46,23,0,0,0.00520508
concat_finegrained2_DLWDAD.pt,14,54,19,0,0,0.005089299999999999
concat_finegrained2_5CF2T3.pt,14,62,21,0,0,0.005071679999999999
concat_finegrained2_90SBPW.pt,14,69,24,0,0,0.005170799999999999
concat_finegrained2_YS6X3H.pt,14,47,16,0,0,0.011184180000000002
concat_finegrained2_1F9K6R.pt,14,79,31,0,0,0.005078959999999999
concat_finegrained2_H7JFS4.pt,14,43,22,0,0,0.0065118
concat_finegrained2_ZMTO3Q.pt,14,48,15,0,0,0.005265719999999999
concat_finegrained2_XNHEB8.pt,14,56,18,0,0,0.01422197999999999
concat_finegrained2_XDV2AW.pt,14,44,30,0,0,0.0051443800000000005
concat_finegrained2_6TSEZ5.pt,14,42,25,0,0,0.006011900000000002
concat_finegrained2_ZYFCGS.pt,14,55,29,0,0,0.005035540000000001
concat_finegrained2_LZSUYT.pt,14,45,32,0,0,0.005094599999999998
concat_finegrained2_7EEU2S.pt,14,84,35,0,0,0.009847380000000003
concat_finegrained2_2FX4T7.pt,7,69,106,5,826,0.03479624
concat_finegrained2_K87H1I.pt,7,57,161,4,967,0.005472739999999999
concat_finegrained2_0N87G1.pt,7,81,153,3,923,0.005486919999999998
concat_finegrained2_1H4D7A.pt,7,110,197,2,1342,0.00548696
concat_finegrained2_2100V5.pt,14,58,65,0,0,0.0051017599999999995
concat_finegrained2_N1XPDQ.pt,14,36,74,0,0,0.011366320000000003
concat_finegrained2_D0PRS1.pt,14,37,55,0,0,0.007997339999999999
concat_finegrained2_HZ28KC.pt,14,34,73,0,0,0.0051207399999999995
concat_finegrained2_Q55R4M.pt,14,40,71,0,0,0.005084060000000001
concat_finegrained2_1CROYG.pt,14,57,69,0,0,0.005139599999999999
concat_finegrained2_JBIWYN.pt,14,55,99,0,0,0.0050850800000000005
concat_finegrained2_S6E9VZ.pt,14,39,85,0,0,0.005084980000000001
concat_finegrained2_XDUPO0.pt,14,48,87,0,0,0.00507154
concat_finegrained2_TLFZ7O.pt,14,45,63,0,0,0.005110159999999998
concat_finegrained2_RX0GYI.pt,14,60,57,0,0,0.005085179999999999
concat_finegrained2_AOUY10.pt,14,32,115,0,0,0.0050885999999999995
concat_finegrained2_UJOVMO.pt,14,54,111,0,0,0.008410059999999999
concat_finegrained2_W9F8UQ.pt,14,41,108,0,0,0.00575466
concat_finegrained2_MYGF34.pt,14,47,79,0,0,0.006401479999999999
concat_finegrained2_QIF91Q.pt,14,26,125,0,0,0.00505876
concat_finegrained2_1VLXAZ.pt,14,28,78,0,0,0.005084160000000002
concat_finegrained2_U1ZTTN.pt,14,31,62,0,0,0.005098940000000001
concat_finegrained2_FL6GE6.pt,14,46,118,0,0,0.0051667200000000005
concat_finegrained2_P4EJ7T.pt,14,50,117,0,0,0.005092340000000001
concat_finegrained2_UXE9K4.pt,14,9,160,10,0,0.005271140000000002
concat_finegrained2_P4HCZ7.pt,14,11,187,11,0,0.005290820000000001
concat_finegrained2_3V2HDC.pt,14,13,172,9,0,0.0052540600000000005
concat_finegrained2_JKQIH6.pt,14,12,148,7,0,0.0052585999999999996
concat_finegrained2_1G1NXY.pt,14,10,188,15,0,0.005257
concat_finegrained2_8502MQ.pt,14,8,155,8,0,0.0053421200000000005
concat_finegrained2_IBXOA8.pt,14,7,121,14,0,0.00525894
concat_finegrained2_R9ZQ70.pt,14,6,103,12,0,0.005311640000000001
concat_finegrained2_KGKTFO.pt,28,10,34,407,0,0.00524882
concat_finegrained2_Z9OFSG.pt,28,9,30,319,0,0.005334300000000001
concat_finegrained2_APCPPA.pt,28,14,36,254,0,0.005294400000000001
concat_finegrained2_C8OMRW.pt,28,17,28,432,0,0.0052543600000000005
concat_finegrained2_UP5OM1.pt,28,18,19,290,0,0.005272800000000002
concat_finegrained2_DX2A8Z.pt,28,21,22,350,0,0.0053008599999999975
concat_finegrained2_P9NTO0.pt,28,19,40,396,0,0.00539106
concat_finegrained2_9DIAON.pt,28,13,20,523,0,0.005238039999999999
concat_finegrained2_CGBWXP.pt,28,11,31,266,0,0.00528164
concat_finegrained2_91370Y.pt,28,16,41,315,0,0.0052776199999999985
concat_finegrained2_MTAV3Y.pt,28,20,25,313,0,0.005397059999999999
concat_finegrained2_PIX6NI.pt,28,12,27,505,0,0.005259939999999999
concat_finegrained2_1UDEOT.pt,28,15,26,371,0,0.00522036
concat_finegrained2_MOVIO2.pt,14,315,501,124,0,0.0053644400000000024
concat_finegrained2_SV76A5.pt,14,398,635,58,0,0.005260320000000001
concat_finegrained2_JW7085.pt,14,494,607,53,0,0.005338119999999999
concat_finegrained2_GYAZO9.pt,14,612,614,71,0,0.00524524
concat_finegrained2_UKG63W.pt,14,568,399,115,0,0.005344239999999999
concat_finegrained2_98JZRB.pt,14,440,292,62,0,0.00530552
concat_finegrained2_X8F99S.pt,14,533,485,95,0,0.005328780000000001
concat_finegrained2_ZQTP6G.pt,14,584,515,89,0,0.005423719999999998
concat_finegrained2_WAU4LA.pt,14,551,405,100,0,0.005299600000000001
concat_finegrained2_P18MJ5.pt,14,517,481,119,0,0.0055217800000000004
concat_finegrained2_RHY7U7.pt,14,599,466,54,0,0.00529846
concat_finegrained2_A50MO4.pt,14,463,496,74,0,0.005327860000000002
concat_finegrained2_WG2DIT.pt,14,528,416,76,0,0.005284859999999999
concat_finegrained2_P1U618.pt,14,292,569,81,0,0.00533666
concat_finegrained2_SPWNMF.pt,14,297,288,122,0,0.005413740000000001
concat_finegrained2_REJ9YT.pt,14,303,423,72,0,0.005313720000000001
concat_finegrained2_SJLM73.pt,14,532,437,69,0,0.005375680000000001
concat_finegrained2_YZCYB3.pt,14,434,447,108,0,0.0053570399999999995
concat_finegrained2_6GAYG2.pt,14,609,374,110,0,0.005325639999999997
concat_finegrained2_RVC86J.pt,14,302,533,92,0,0.005311300000000002
concat_finegrained2_4CZD8Q.pt,14,7,11,0,0,0.00665416
concat_finegrained2_YZ6L1F.pt,14,14,10,0,0,0.00793442
concat_finegrained2_OQUKFM.pt,14,9,12,0,0,0.005111619999999999
concat_finegrained2_3773QU.pt,14,10,8,0,0,0.0057046
concat_finegrained2_ZQMLXW.pt,14,8,6,0,0,0.008133079999999999
concat_finegrained2_E7CBBD.pt,14,12,9,0,0,0.00642756
concat_finegrained2_IT0J4A.pt,14,11,5,0,0,0.007473819999999997
concat_finegrained2_F227WK.pt,14,15,7,0,0,0.033080540000000005
concat_finegrained2_SAXLN7.pt,7,81,21,590,0,0.005469900000000002
concat_finegrained2_J61HA3.pt,7,122,10,747,0,0.005373299999999998
concat_finegrained2_1BC58T.pt,7,85,12,782,0,0.00540944
concat_finegrained2_2LECD6.pt,7,117,18,565,0,0.005365599999999998
concat_finegrained2_Z84TEG.pt,7,119,14,648,0,0.005382340000000002
concat_finegrained2_I6CZIH.pt,7,130,16,658,0,0.005342440000000001
concat_finegrained2_UD7S1R.pt,7,105,19,736,0,0.005399179999999998
concat_finegrained2_DJWR1N.pt,7,161,15,789,0,0.005421560000000001
concat_finegrained2_2G5NG3.pt,7,156,13,563,0,0.00534302
concat_finegrained2_5B4M28.pt,7,86,11,533,0,0.00531762
concat_finegrained2_RCB06U.pt,7,159,17,681,0,0.0053088599999999994
concat_finegrained2_4P7CN5.pt,7,174,20,580,0,0.005345679999999999
concat_finegrained2_TM62J3.pt,7,79,9,646,0,0.00533706
concat_finegrained2_842UES.pt,7,2,400,0,0,0.005165639999999999
concat_finegrained2_97L58I.pt,7,3,396,0,0,0.005103880000000002
concat_finegrained2_WIYDL4.pt,14,573,51,0,0,0.0051538999999999995
concat_finegrained2_DAQZL1.pt,14,758,66,0,0,0.00509538
concat_finegrained2_T318JU.pt,14,923,59,0,0,0.0050979400000000005
concat_finegrained2_D688ZM.pt,14,594,40,0,0,0.005090840000000001
concat_finegrained2_BLI7CH.pt,14,440,74,0,0,0.005221140000000001
concat_finegrained2_1EME5C.pt,14,897,70,0,0,0.005071919999999999
concat_finegrained2_5QXX1L.pt,14,838,31,0,0,0.005113659999999999
concat_finegrained2_QAWUC6.pt,14,698,57,0,0,0.005188139999999999
concat_finegrained2_RJ27KG.pt,14,669,52,0,0,0.005108819999999999
concat_finegrained2_6V9EY1.pt,14,548,47,0,0,0.005114919999999999
concat_finegrained2_44DF4W.pt,14,542,67,0,0,0.005148420000000002
concat_finegrained2_7VR4AT.pt,14,777,68,0,0,0.005098460000000002
concat_finegrained2_MMA2BA.pt,14,796,42,0,0,0.0051233400000000005
concat_finegrained2_JSDMQX.pt,14,500,54,0,0,0.0051018800000000005
concat_finegrained2_DC6QA5.pt,14,870,65,0,0,0.00506632
concat_finegrained2_LS4T1G.pt,14,397,58,0,0,0.0051440800000000005
concat_finegrained2_1ZDX8W.pt,14,688,55,0,0,0.005335000000000001
concat_finegrained2_1PKVGE.pt,14,677,69,0,0,0.00509556
concat_finegrained2_7CLR6Y.pt,14,799,43,0,0,0.005175979999999999
concat_finegrained2_7UI12O.pt,14,477,39,0,0,0.00511834
concat_finegrained2_R7FMDJ.pt,7,1313,141,130,830,0.005471260000000001
concat_finegrained2_EHFQDS.pt,7,921,80,77,435,0.0055521
concat_finegrained2_MQ8KTP.pt,7,888,140,122,898,0.005514380000000001
concat_finegrained2_MZL174.pt,7,1459,107,99,698,0.005482780000000001
concat_finegrained2_8ZL2BD.pt,7,899,95,96,784,0.005485779999999999
concat_finegrained2_H7CM5L.pt,7,722,127,73,960,0.00557424
concat_finegrained2_UDWRZE.pt,7,1357,150,103,427,0.005656100000000002
concat_finegrained2_533OX4.pt,7,919,93,119,872,0.005471719999999998
concat_finegrained2_4RFL5D.pt,7,1006,135,150,944,0.005531679999999999
concat_finegrained2_JCK8GR.pt,7,1311,122,92,441,0.0056218200000000005
concat_finegrained2_5QZJ56.pt,7,939,66,125,525,0.00555564
concat_finegrained2_ZSZ8S8.pt,7,1253,82,120,754,0.005561980000000002
concat_finegrained2_CTEETM.pt,7,836,146,121,865,0.005475620000000001
concat_finegrained2_2ZE4Q5.pt,7,968,73,115,585,0.0054687
concat_finegrained2_NZGG8S.pt,7,765,125,128,507,0.0054759399999999995
concat_finegrained2_8WSB87.pt,7,1161,104,80,506,0.005531720000000001
concat_finegrained2_HZZZPC.pt,7,1148,97,71,723,0.00548902
concat_finegrained2_G33R42.pt,7,992,112,111,894,0.0054839599999999995
concat_finegrained2_FIIECX.pt,7,817,84,85,466,0.00553666
concat_finegrained2_BHV5AZ.pt,7,1504,132,118,809,0.005466540000000002
concat_finegrained2_4UOKYD.pt,14,617,22,219,71,0.0055875399999999985
concat_finegrained2_ICAFPY.pt,14,530,30,188,141,0.0055096999999999985
concat_finegrained2_KF522E.pt,14,446,20,245,128,0.005572659999999999
concat_finegrained2_WJBUWY.pt,14,554,24,286,74,0.00547902
concat_finegrained2_F6BI0N.pt,14,309,39,248,107,0.005540239999999999
concat_finegrained2_X7SSMI.pt,14,609,34,195,82,0.005511900000000001
concat_finegrained2_I5FXJZ.pt,14,272,32,267,89,0.005471020000000001
concat_finegrained2_UBXVPF.pt,14,431,33,163,80,0.005526660000000001
concat_finegrained2_R98NTA.pt,14,624,25,221,116,0.0054905399999999995
concat_finegrained2_547N9T.pt,14,386,40,126,110,0.0057015799999999995
concat_finegrained2_AAYAP4.pt,14,430,18,186,93,0.00548056
concat_finegrained2_9PSXF2.pt,14,315,23,293,86,0.00553958
concat_finegrained2_0J8YLL.pt,14,414,31,124,63,0.005543740000000002
concat_finegrained2_RDZ16C.pt,14,274,35,243,78,0.005507540000000002
concat_finegrained2_3ACIYY.pt,14,394,17,228,113,0.005508320000000002
concat_finegrained2_UKTPSV.pt,14,391,37,181,115,0.035033480000000006
concat_finegrained2_9S288A.pt,14,480,38,215,114,0.005574020000000002
concat_finegrained2_4YHPZ4.pt,14,335,19,253,99,0.005584879999999999
concat_finegrained2_YYNM3Y.pt,14,450,27,128,92,0.005518079999999998
concat_finegrained2_ZL06TY.pt,14,636,28,282,69,0.0055552
concat_finegrained2_1DCQ19.pt,7,49,115,0,0,0.005088219999999999
concat_finegrained2_JSO5FF.pt,7,61,80,0,0,0.00510816
concat_finegrained2_RHQ3E2.pt,7,98,72,0,0,0.0050992400000000005
concat_finegrained2_ME29OY.pt,7,69,99,0,0,0.00512716
concat_finegrained2_0QP5ZR.pt,7,51,116,0,0,0.005156359999999999
concat_finegrained2_995715.pt,7,78,70,0,0,0.00510886
concat_finegrained2_49Z9XZ.pt,7,47,54,0,0,0.006752540000000002
concat_finegrained2_XUUXZW.pt,7,48,62,0,0,0.008162739999999996
concat_finegrained2_ZIZCEQ.pt,7,46,90,0,0,0.0051578200000000005
concat_finegrained2_HT1WXL.pt,7,89,96,0,0,0.0056992200000000005
concat_finegrained2_1VKYWZ.pt,7,76,59,0,0,0.011017680000000004
concat_finegrained2_UQCM0I.pt,7,95,61,0,0,0.005886179999999999
concat_finegrained2_I15DOS.pt,7,60,50,0,0,0.00957682
concat_finegrained2_P0I120.pt,7,74,81,0,0,0.005222140000000001
concat_finegrained2_V7DXZI.pt,7,55,101,0,0,0.005174879999999998
concat_finegrained2_7ZUIFD.pt,7,52,66,0,0,0.00509492
concat_finegrained2_4HB1JP.pt,7,80,95,0,0,0.00513012
concat_finegrained2_TCOBUT.pt,7,97,77,0,0,0.007125659999999998
concat_finegrained2_T5Z5SA.pt,7,54,104,0,0,0.017369360000000004
concat_finegrained2_4W9JIT.pt,7,105,58,0,0,0.011998120000000001
concat_finegrained2_AGFIJQ.pt,14,660,61,307,21,0.035004940000000005
concat_finegrained2_CA88UI.pt,14,889,40,474,31,0.005437419999999999
concat_finegrained2_J766FT.pt,14,714,42,638,16,0.005447540000000001
concat_finegrained2_5ZHTBK.pt,14,768,72,488,26,0.0054367
concat_finegrained2_AZX36H.pt,14,746,59,313,27,0.00550302
concat_finegrained2_G5W9NN.pt,14,822,49,405,28,0.00545786
concat_finegrained2_RIZMMH.pt,14,482,54,485,33,0.005483180000000001
concat_finegrained2_TCU9FP.pt,14,678,37,388,37,0.005491720000000001
concat_finegrained2_XXNABL.pt,14,765,52,568,25,0.005424860000000001
concat_finegrained2_1M2J58.pt,14,434,60,575,38,0.005479119999999999
concat_finegrained2_CS5GU8.pt,14,704,53,329,23,0.00547094
concat_finegrained2_4ELAL7.pt,14,674,48,607,22,0.005478639999999999
concat_finegrained2_IPEQ4M.pt,14,988,51,337,36,0.0055444399999999994
concat_finegrained2_4A9E4W.pt,14,495,39,319,30,0.005445179999999997
concat_finegrained2_80U9PZ.pt,14,939,41,481,35,0.005440759999999999
concat_finegrained2_N8JFBP.pt,14,743,55,297,20,0.00557222
concat_finegrained2_HW41VT.pt,14,872,62,396,18,0.005507639999999999
concat_finegrained2_KX4KZX.pt,14,521,33,335,19,0.00553748
concat_finegrained2_8EJ2DS.pt,14,989,68,528,34,0.005471339999999998
concat_finegrained2_69WFEV.pt,14,928,31,593,24,0.00543828
concat_finegrained2_KC03LM.pt,28,689,12,946,309,0.00546352
concat_finegrained2_P8O8KK.pt,28,969,13,1401,256,0.005465759999999999
concat_finegrained2_J6OR0M.pt,28,701,14,1031,342,0.0055454799999999985
concat_finegrained2_8Y13IS.pt,28,477,9,755,180,0.005600540000000002
concat_finegrained2_NK97Z0.pt,28,691,7,1151,211,0.0054988400000000005
concat_finegrained2_KGUV5K.pt,28,885,11,1498,294,0.005484059999999998
concat_finegrained2_H9DICN.pt,28,1007,8,1171,262,0.005431599999999998
concat_finegrained2_HYKRZ2.pt,28,482,6,1579,351,0.005417199999999999
concat_finegrained2_RP0UTZ.pt,28,740,10,1641,285,0.00548864
concat_finegrained2_ZDUVEM.pt,7,151,36,0,0,0.005065119999999999
concat_finegrained2_AWFJT8.pt,7,173,44,0,0,0.005101180000000002
concat_finegrained2_CF0DCE.pt,7,109,52,0,0,0.005092419999999999
concat_finegrained2_6OIWTK.pt,7,107,28,0,0,0.005081500000000001
concat_finegrained2_86JQXA.pt,7,169,56,0,0,0.006132580000000002
concat_finegrained2_4VGDNT.pt,7,182,51,0,0,0.0051633600000000005
concat_finegrained2_729RDT.pt,7,143,33,0,0,0.018241939999999995
concat_finegrained2_XHYBTL.pt,7,156,40,0,0,0.0069043199999999985
concat_finegrained2_PC1BD9.pt,7,114,45,0,0,0.005341539999999998
concat_finegrained2_JQ0VJO.pt,7,99,32,0,0,0.006386299999999999
concat_finegrained2_OHLEI1.pt,7,152,43,0,0,0.005179339999999999
concat_finegrained2_UFW62P.pt,7,137,25,0,0,0.01200236
concat_finegrained2_THCP78.pt,7,178,37,0,0,0.00630382
concat_finegrained2_UB6QJ1.pt,7,92,55,0,0,0.008286340000000003
concat_finegrained2_8X60YW.pt,7,157,27,0,0,0.00517502
concat_finegrained2_F4BUN2.pt,7,112,30,0,0,0.006281720000000001
concat_finegrained2_0V4C6R.pt,7,193,54,0,0,0.00522844
concat_finegrained2_K574BN.pt,7,105,26,0,0,0.0051633799999999995
concat_finegrained2_0OQL5I.pt,7,121,48,0,0,0.009185859999999999
concat_finegrained2_QKZMJ8.pt,7,175,46,0,0,0.009414560000000002
concat_finegrained2_HPD0Z4.pt,14,648,102,58,98,0.00545746
concat_finegrained2_NTIWC1.pt,14,741,72,41,124,0.0055134799999999986
concat_finegrained2_G5D5IS.pt,14,488,55,35,100,0.005546160000000002
concat_finegrained2_EWW9GD.pt,14,451,74,45,113,0.005462280000000001
concat_finegrained2_7X7BYN.pt,14,518,64,42,64,0.005501280000000001
concat_finegrained2_TSVVL8.pt,14,736,87,33,80,0.005504480000000001
concat_finegrained2_V6KGVN.pt,14,814,53,49,141,0.00547992
concat_finegrained2_O01DFM.pt,14,499,80,72,112,0.00548574
concat_finegrained2_POQQR4.pt,14,394,79,38,89,0.00562984
concat_finegrained2_11PGJX.pt,14,456,91,70,81,0.005476359999999999
concat_finegrained2_5S25C7.pt,14,871,107,54,92,0.0054827
concat_finegrained2_FPN0P3.pt,14,895,99,59,133,0.00558556
concat_finegrained2_9P3ZT5.pt,14,568,104,71,118,0.005503560000000001
concat_finegrained2_CV0Q6E.pt,14,896,112,48,72,0.005540179999999999
concat_finegrained2_VS3R7R.pt,14,397,50,61,69,0.005598540000000002
concat_finegrained2_96SSZ4.pt,14,561,78,68,103,0.005488740000000001
concat_finegrained2_NYMAUD.pt,14,414,95,55,78,0.00550832
concat_finegrained2_RIWHBG.pt,14,765,96,50,144,0.00560622
concat_finegrained2_VE7CVN.pt,14,855,75,39,75,0.00551146
concat_finegrained2_J6UPNA.pt,14,806,65,31,143,0.00560596
concat_finegrained2_FR89SM.pt,14,115,34,0,0,0.0051239599999999995
concat_finegrained2_EPWRQ4.pt,14,111,61,0,0,0.005148940000000001
concat_finegrained2_FLQOI8.pt,14,157,53,0,0,0.0051962200000000005
concat_finegrained2_181NSC.pt,14,183,58,0,0,0.0051930399999999995
concat_finegrained2_TSX1FD.pt,14,117,43,0,0,0.005236780000000001
concat_finegrained2_Y3B9QB.pt,14,148,56,0,0,0.0051726800000000015
concat_finegrained2_FBNQND.pt,14,113,50,0,0,0.0050924
concat_finegrained2_O9YXN0.pt,14,150,42,0,0,0.005093699999999999
concat_finegrained2_GGCPFE.pt,14,116,60,0,0,0.010262260000000002
concat_finegrained2_VFJ30R.pt,14,108,39,0,0,0.005143600000000001
concat_finegrained2_AJ7J1C.pt,14,97,52,0,0,0.01071342
concat_finegrained2_7O2Z4X.pt,14,138,55,0,0,0.0051680400000000005
concat_finegrained2_5TNE29.pt,14,85,30,0,0,0.00506354
concat_finegrained2_LWNCZU.pt,14,125,54,0,0,0.00507222
concat_finegrained2_FG0KO1.pt,14,83,36,0,0,0.005108780000000002
concat_finegrained2_7972XZ.pt,14,79,41,0,0,0.00511178
concat_finegrained2_7EPCED.pt,14,145,51,0,0,0.0050620199999999995
concat_finegrained2_CSFM7X.pt,14,122,35,0,0,0.006777580000000001
concat_finegrained2_VAPG1E.pt,14,94,40,0,0,0.005101519999999999
concat_finegrained2_A91VSS.pt,14,96,59,0,0,0.005061460000000001
concat_finegrained2_100RLQ.pt,14,591,221,1727,123,0.005434200000000003
concat_finegrained2_DC7IY3.pt,14,277,126,1387,95,0.00546868
concat_finegrained2_85IV8X.pt,14,415,175,1995,114,0.005619880000000002
concat_finegrained2_SI40SH.pt,14,260,99,2161,69,0.005519979999999999
concat_finegrained2_4806XK.pt,14,484,187,2261,79,0.00551924
concat_finegrained2_HS496R.pt,14,330,201,2338,97,0.0055705400000000006
concat_finegrained2_325DBR.pt,14,337,114,1659,124,0.005460199999999998
concat_finegrained2_SO7NQ6.pt,14,479,150,2262,110,0.00549744
concat_finegrained2_NN3SXY.pt,14,498,179,2021,128,0.005533499999999998
concat_finegrained2_J3XZHV.pt,14,345,160,1494,82,0.005521260000000001
concat_finegrained2_KNAQOC.pt,14,319,112,1009,98,0.0059069199999999995
concat_finegrained2_GNEEK7.pt,14,281,191,1822,96,0.0054769
concat_finegrained2_P5IIBH.pt,14,462,117,1920,113,0.005438579999999999
concat_finegrained2_JZUULX.pt,14,389,123,2365,135,0.005526420000000001
concat_finegrained2_H2PJRL.pt,14,550,97,2409,100,0.00553882
concat_finegrained2_BRUBFK.pt,14,378,116,1399,78,0.005468880000000001
concat_finegrained2_2RHG6B.pt,14,595,122,2273,117,0.005534840000000001
concat_finegrained2_FNWHPS.pt,14,352,109,2192,81,0.0055816600000000004
concat_finegrained2_OFELY9.pt,14,395,128,1608,86,0.00545852
concat_finegrained2_QEE0X0.pt,14,564,197,2035,111,0.005548440000000003
concat_finegrained2_FJVSWZ.pt,14,1296,59,342,42,0.00545976
concat_finegrained2_OBM3HA.pt,14,1410,36,388,49,0.00561348
concat_finegrained2_GWU2QA.pt,14,1891,55,209,34,0.00545838
concat_finegrained2_J6YUYB.pt,14,1331,32,210,50,0.005476960000000002
concat_finegrained2_6CHPG4.pt,14,1072,37,387,33,0.0054705199999999995
concat_finegrained2_5UUYVC.pt,14,1793,35,406,31,0.0059688200000000005
concat_finegrained2_12FEWE.pt,14,1188,34,251,46,0.005463320000000001
concat_finegrained2_F9GXQX.pt,14,1272,51,214,48,0.005462519999999999
concat_finegrained2_ZPM252.pt,14,1453,61,415,26,0.005486159999999999
concat_finegrained2_T1RYOH.pt,14,1692,44,412,35,0.005430639999999999
concat_finegrained2_G2WRZC.pt,14,1490,45,282,32,0.00549832
concat_finegrained2_2FXTFF.pt,14,1338,46,395,45,0.005988140000000002
concat_finegrained2_17Q1UA.pt,14,1007,57,273,38,0.005465540000000001
concat_finegrained2_6CDQXI.pt,14,876,42,222,40,0.00550172
concat_finegrained2_SQOV2M.pt,14,1865,60,203,51,0.00543634
concat_finegrained2_0LUMVX.pt,14,1532,58,269,36,0.0054701
concat_finegrained2_US8A5R.pt,14,1555,52,291,39,0.0054517199999999984
concat_finegrained2_JOG3Q4.pt,14,1091,29,322,41,0.005477240000000001
concat_finegrained2_9WAAWG.pt,14,948,49,391,27,0.00543542
concat_finegrained2_L3DNOX.pt,14,1058,28,250,37,0.005463119999999998
concat_finegrained2_E6LB3L.pt,7,103,16,0,0,0.00514936
concat_finegrained2_R060TD.pt,7,107,15,0,0,0.005107080000000001
concat_finegrained2_4LCBQ3.pt,7,84,22,0,0,0.0051685
concat_finegrained2_GAN0YM.pt,7,85,24,0,0,0.012823920000000004
concat_finegrained2_LSVXQ8.pt,7,65,19,0,0,0.005080340000000001
concat_finegrained2_DUZEDY.pt,7,121,17,0,0,0.00510058
concat_finegrained2_EO6D2R.pt,7,78,14,0,0,0.005144800000000001
concat_finegrained2_VBRDE0.pt,7,111,13,0,0,0.017467540000000007
concat_finegrained2_LR5SQC.pt,7,87,12,0,0,0.03230508000000001
concat_finegrained2_HZ1IFO.pt,7,67,23,0,0,0.01327674
concat_finegrained2_I7J83F.pt,7,86,11,0,0,0.005869739999999999
concat_finegrained2_199X0Z.pt,7,62,20,0,0,0.00514914
concat_finegrained2_0TTOB5.pt,7,75,21,0,0,0.013336260000000006
concat_finegrained2_DWEKYB.pt,7,69,25,0,0,0.00514718
concat_finegrained2_AJ02YE.pt,7,129,18,0,0,0.005238919999999999
concat_finegrained2_0Q1Y9H.pt,14,503,1,354,277,0.00552844
concat_finegrained2_NKJJ4S.pt,28,84,39,40,163,0.005493560000000001
concat_finegrained2_X0PWWL.pt,28,79,29,33,126,0.005507419999999998
concat_finegrained2_D7ECPX.pt,28,48,60,56,134,0.005730240000000001
concat_finegrained2_BGDO3I.pt,28,83,59,48,175,0.0054468000000000025
concat_finegrained2_WLIMY8.pt,28,68,35,45,86,0.00548392
concat_finegrained2_HSYPX5.pt,28,66,49,27,125,0.00546394
concat_finegrained2_OT5MWJ.pt,28,41,36,44,108,0.005552440000000002
concat_finegrained2_PS15SN.pt,28,69,54,26,87,0.00546304
concat_finegrained2_ARHIC4.pt,28,71,45,47,148,0.005496640000000001
concat_finegrained2_MPRVQ3.pt,28,78,56,31,172,0.006026640000000001
concat_finegrained2_7K6VP8.pt,28,67,57,55,83,0.005500040000000001
concat_finegrained2_G1MWTK.pt,28,43,66,54,176,0.0055173
concat_finegrained2_5808F9.pt,28,59,42,57,118,0.00550774
concat_finegrained2_BD6EJX.pt,28,70,38,30,168,0.005472819999999998
concat_finegrained2_STIVEU.pt,28,47,51,32,140,0.0055278
concat_finegrained2_872BLQ.pt,28,49,61,59,81,0.00553534
concat_finegrained2_PA2Q2G.pt,28,61,53,41,141,0.005491680000000001
concat_finegrained2_5RWFPK.pt,28,44,58,28,132,0.005473299999999999
concat_finegrained2_UWRDVV.pt,28,77,31,38,138,0.00553598
concat_finegrained2_RRP3W7.pt,28,58,34,25,164,0.005539659999999999
concat_finegrained2_JUHRN7.pt,14,22,56,0,0,0.00514416
concat_finegrained2_IXE2WE.pt,14,25,67,0,0,0.032623280000000004
concat_finegrained2_V1A1PA.pt,14,17,39,0,0,0.008883620000000002
concat_finegrained2_VOPANA.pt,14,16,87,0,0,0.00511992
concat_finegrained2_XPC1JC.pt,14,20,91,0,0,0.00506098
concat_finegrained2_118NX1.pt,14,21,73,0,0,0.00509286
concat_finegrained2_7RA57A.pt,14,29,83,0,0,0.005097119999999998
concat_finegrained2_F75FVF.pt,14,13,41,0,0,0.014599039999999997
concat_finegrained2_FW4760.pt,14,27,64,0,0,0.005111259999999999
concat_finegrained2_6K21I6.pt,14,23,90,0,0,0.009271840000000002
concat_finegrained2_HZ5JTZ.pt,14,28,79,0,0,0.032353940000000005
concat_finegrained2_E5UY97.pt,14,24,81,0,0,0.0114465
concat_finegrained2_HB5DWT.pt,14,30,65,0,0,0.005090240000000001
concat_finegrained2_QXF1LU.pt,14,26,52,0,0,0.0058750999999999986
concat_finegrained2_A6INTZ.pt,14,14,75,0,0,0.005127219999999999
concat_finegrained2_ZCGQLJ.pt,14,18,66,0,0,0.005983279999999999
concat_finegrained2_MZ7TJ9.pt,14,19,61,0,0,0.005636180000000001
concat_finegrained2_696QSC.pt,14,15,48,0,0,0.015369320000000006
concat_finegrained2_XH06TR.pt,14,8,90,0,0,0.011762440000000002
concat_finegrained2_RMHFYJ.pt,14,15,60,0,0,0.005112019999999999
concat_finegrained2_L7BB0I.pt,14,9,66,0,0,0.03214536
concat_finegrained2_HMS29E.pt,14,11,67,0,0,0.008761639999999998
concat_finegrained2_B5B94G.pt,14,16,73,0,0,0.0051065799999999995
concat_finegrained2_4FKTCN.pt,14,12,123,0,0,0.011506099999999997
concat_finegrained2_WMX6AN.pt,14,13,65,0,0,0.005111380000000001
concat_finegrained2_GEO7L8.pt,14,17,103,0,0,0.005162500000000001
concat_finegrained2_X4BZHW.pt,14,7,80,0,0,0.00807512
concat_finegrained2_8YD2MB.pt,14,10,82,0,0,0.0050741599999999994
concat_finegrained2_YKSQ87.pt,14,14,111,0,0,0.005210059999999999
concat_finegrained2_2E5MSC.pt,14,27,68,0,0,0.00506886
concat_finegrained2_BIVZX3.pt,14,46,47,0,0,0.0051998800000000005
concat_finegrained2_3HLEQK.pt,14,30,101,0,0,0.005168600000000001
concat_finegrained2_E7A408.pt,14,24,86,0,0,0.00507418
concat_finegrained2_JUW14O.pt,14,33,72,0,0,0.011669999999999998
concat_finegrained2_AODUHD.pt,14,25,89,0,0,0.010825099999999997
concat_finegrained2_L8307M.pt,14,42,103,0,0,0.00516648
concat_finegrained2_N7UZP6.pt,14,36,107,0,0,0.00510786
concat_finegrained2_P63C0Q.pt,14,43,96,0,0,0.00746142
concat_finegrained2_96NAP2.pt,14,49,79,0,0,0.005103079999999999
concat_finegrained2_GSSD8P.pt,14,23,93,0,0,0.00514334
concat_finegrained2_2U7WKF.pt,14,26,71,0,0,0.008436819999999998
concat_finegrained2_I44ZJ9.pt,14,50,75,0,0,0.0051963600000000006
concat_finegrained2_2YIBVO.pt,14,40,70,0,0,0.007659440000000001
concat_finegrained2_5ZQFMW.pt,14,44,54,0,0,0.0068617000000000036
concat_finegrained2_IFUSDF.pt,14,48,58,0,0,0.0051764
concat_finegrained2_85D4F0.pt,14,41,95,0,0,0.005225399999999999
concat_finegrained2_KDAYPP.pt,14,22,46,0,0,0.010961519999999995
concat_finegrained2_68ZUDM.pt,14,45,88,0,0,0.005267320000000002
concat_finegrained2_VCXUYJ.pt,14,47,99,0,0,0.007122339999999997
concat_finegrained2_DLXHPK.pt,14,13,58,32,166,0.00552516
concat_finegrained2_V84XIF.pt,14,17,65,18,157,0.0059472000000000014
concat_finegrained2_ZKR23W.pt,14,20,43,16,111,0.00545514
concat_finegrained2_5V0OXN.pt,14,11,64,17,89,0.005570200000000001
concat_finegrained2_LRMYXJ.pt,14,23,47,28,121,0.005506439999999999
concat_finegrained2_UE13HI.pt,14,18,42,21,95,0.005486200000000001
concat_finegrained2_3U41S2.pt,14,19,54,15,175,0.0054582400000000005
concat_finegrained2_VNHN31.pt,14,12,44,30,86,0.005545179999999999
concat_finegrained2_N0V6MR.pt,14,10,61,27,142,0.005473539999999999
concat_finegrained2_TMOEJ2.pt,14,15,45,19,113,0.0055761
concat_finegrained2_FWC6KZ.pt,14,21,55,22,90,0.005502960000000001
concat_finegrained2_GE1VNN.pt,14,16,37,14,140,0.005483139999999998
concat_finegrained2_UNGNMW.pt,14,14,36,23,139,0.005603480000000001
concat_finegrained2_8AKRGM.pt,14,22,63,25,106,0.005496979999999999
concat_finegrained2_RTDIAR.pt,7,1464,193,0,0,0.00508748
concat_finegrained2_PEFMCW.pt,7,2249,297,0,0,0.00507408
concat_finegrained2_S9ODYC.pt,7,1255,194,0,0,0.005208720000000001
concat_finegrained2_UCLXXX.pt,7,2473,248,0,0,0.005121399999999998
concat_finegrained2_1DMBW9.pt,7,1719,266,0,0,0.0051760999999999995
concat_finegrained2_DEPZDI.pt,7,1276,177,0,0,0.00520808
concat_finegrained2_XI4580.pt,7,1989,228,0,0,0.00510154
concat_finegrained2_SD2EBV.pt,7,2392,283,0,0,0.00508582
concat_finegrained2_I2A0PO.pt,7,1362,171,0,0,0.005106900000000001
concat_finegrained2_50LD7N.pt,7,1343,247,0,0,0.00511332
concat_finegrained2_W42PS8.pt,7,1794,163,0,0,0.005118059999999999
concat_finegrained2_4W19V5.pt,7,1260,200,0,0,0.005125480000000003
concat_finegrained2_QEH4MR.pt,7,2318,240,0,0,0.00520114
concat_finegrained2_EB7ZZO.pt,7,2237,146,0,0,0.0050612
concat_finegrained2_4SBWM4.pt,7,1377,215,0,0,0.005086780000000002
concat_finegrained2_A8X04C.pt,7,2276,237,0,0,0.0050891
concat_finegrained2_MEP9BK.pt,7,1159,187,0,0,0.0050715
concat_finegrained2_P4TB4Y.pt,7,2211,292,0,0,0.005073040000000001
concat_finegrained2_LOWOUO.pt,7,2301,153,0,0,0.005120179999999999
concat_finegrained2_0R5VPV.pt,7,2524,205,0,0,0.00509684
concat_finegrained2_HS3VXX.pt,7,7,114,10,27,0.005490039999999998
concat_finegrained2_LUO3WL.pt,7,6,136,15,25,0.005454019999999997
concat_finegrained2_H9ZVZ2.pt,7,3,106,12,18,0.00546444
concat_finegrained2_INBX00.pt,7,4,132,11,23,0.00549142
concat_finegrained2_66RUW0.pt,7,5,73,7,21,0.005473119999999998
concat_finegrained2_U8W519.pt,7,46,152,60,0,0.00528754
concat_finegrained2_GVPUVO.pt,7,64,134,132,0,0.005332180000000001
concat_finegrained2_X2N6CN.pt,7,45,83,62,0,0.00532818
concat_finegrained2_K0N3KW.pt,7,50,131,130,0,0.005351359999999999
concat_finegrained2_GUVFZS.pt,7,67,133,107,0,0.0053399
concat_finegrained2_R6NDCK.pt,7,39,82,106,0,0.0053244799999999995
concat_finegrained2_W5US8Y.pt,7,88,115,70,0,0.005349019999999999
concat_finegrained2_TZKDI3.pt,7,42,165,123,0,0.0053034399999999995
concat_finegrained2_0ZKSBC.pt,7,56,90,58,0,0.005297840000000001
concat_finegrained2_STEQ85.pt,7,43,69,96,0,0.010282420000000006
concat_finegrained2_PTQ57O.pt,7,84,132,94,0,0.00526902
concat_finegrained2_9J0T95.pt,7,58,156,64,0,0.00530156
concat_finegrained2_1CCAQR.pt,7,72,161,120,0,0.005816720000000001
concat_finegrained2_S5DPZ2.pt,7,77,153,97,0,0.0053428
concat_finegrained2_38G49Z.pt,7,75,159,55,0,0.00535578
concat_finegrained2_AP6KT1.pt,7,57,89,119,0,0.011660160000000001
concat_finegrained2_DJYTSF.pt,7,40,71,108,0,0.00544416
concat_finegrained2_B9AJJ1.pt,7,44,127,57,0,0.005341240000000001
concat_finegrained2_1FS87L.pt,7,66,138,87,0,0.0053167200000000005
concat_finegrained2_32LI0W.pt,7,81,124,99,0,0.0053592
concat_finegrained2_HIEYCC.pt,7,145,127,0,0,0.017370240000000002
concat_finegrained2_GHXJ8B.pt,7,107,135,0,0,0.0123608
concat_finegrained2_235YA2.pt,7,105,124,0,0,0.0076566400000000045
concat_finegrained2_N7FZQB.pt,7,147,100,0,0,0.016376980000000003
concat_finegrained2_7WIVP9.pt,7,77,144,0,0,0.01133988
concat_finegrained2_ARAX6E.pt,7,86,91,0,0,0.011758320000000003
concat_finegrained2_3RUPHK.pt,7,120,176,0,0,0.005091299999999998
concat_finegrained2_YBV173.pt,7,111,82,0,0,0.014121039999999996
concat_finegrained2_3JYQ79.pt,7,92,171,0,0,0.005136820000000001
concat_finegrained2_D1MH77.pt,7,151,128,0,0,0.0051201599999999995
concat_finegrained2_BKZGHM.pt,7,123,156,0,0,0.005076239999999999
concat_finegrained2_79OTXX.pt,7,78,163,0,0,0.005085560000000001
concat_finegrained2_2XULLG.pt,7,91,120,0,0,0.005126379999999999
concat_finegrained2_8XHLVV.pt,7,136,112,0,0,0.005152420000000002
concat_finegrained2_KV7ZNH.pt,7,97,159,0,0,0.005430680000000001
concat_finegrained2_1WHSBA.pt,7,73,109,0,0,0.013708579999999995
concat_finegrained2_OBM1PZ.pt,7,140,138,0,0,0.005160000000000001
concat_finegrained2_0KFL0I.pt,7,115,126,0,0,0.00519754
concat_finegrained2_JBC83Q.pt,7,134,122,0,0,0.005142200000000001
concat_finegrained2_L6TP48.pt,7,93,152,0,0,0.010439140000000005
concat_finegrained2_X1GUN8.pt,14,190,109,723,901,0.0054744400000000006
concat_finegrained2_26H2QI.pt,14,199,83,803,468,0.0054906
concat_finegrained2_2737TQ.pt,14,139,86,664,914,0.0054316600000000005
concat_finegrained2_FCY555.pt,14,216,106,988,635,0.005478500000000001
concat_finegrained2_O9IQTU.pt,14,215,92,733,501,0.005464020000000001
concat_finegrained2_DXGKB5.pt,14,137,65,563,740,0.00543334
concat_finegrained2_NA4VQL.pt,14,127,90,618,518,0.00544788
concat_finegrained2_GLUT1N.pt,14,224,102,795,435,0.0054817799999999995
concat_finegrained2_RYYR4K.pt,14,143,76,538,483,0.005585959999999998
concat_finegrained2_97QSED.pt,14,151,110,762,660,0.0054670199999999995
concat_finegrained2_Y6HC2Z.pt,14,176,59,888,397,0.005410820000000002
concat_finegrained2_FNE6QS.pt,14,236,91,598,892,0.00548308
concat_finegrained2_13NRET.pt,14,182,117,858,809,0.00546208
concat_finegrained2_YT4VR8.pt,14,194,128,693,383,0.00546608
concat_finegrained2_FAEUVO.pt,14,232,136,624,686,0.00542802
concat_finegrained2_247P75.pt,14,205,63,728,608,0.00545588
concat_finegrained2_MQTC5M.pt,14,136,131,617,484,0.005450500000000001
concat_finegrained2_TALGLO.pt,14,192,78,548,410,0.00546196
concat_finegrained2_RABVP5.pt,14,161,113,719,698,0.005429759999999999
concat_finegrained2_UB7URX.pt,14,214,126,650,421,0.005469820000000001
concat_finegrained2_C82CSU.pt,28,35,630,0,0,0.00510692
concat_finegrained2_QZ03VK.pt,28,32,415,0,0,0.005201739999999999
concat_finegrained2_HB5EN1.pt,28,43,589,0,0,0.00505466
concat_finegrained2_60U8UB.pt,28,33,723,0,0,0.0051356399999999995
concat_finegrained2_9ID0W9.pt,28,39,760,0,0,0.00511284
concat_finegrained2_TCLY8R.pt,28,20,519,0,0,0.00507012
concat_finegrained2_EY4F1Z.pt,28,19,484,0,0,0.005089960000000001
concat_finegrained2_WLODAV.pt,28,18,738,0,0,0.0051505
concat_finegrained2_Y7KEDN.pt,28,31,790,0,0,0.005199979999999998
concat_finegrained2_N8IH4N.pt,28,36,637,0,0,0.00510748
concat_finegrained2_NN1OJF.pt,28,38,862,0,0,0.005084420000000001
concat_finegrained2_ZYV6MU.pt,28,28,495,0,0,0.005142480000000001
concat_finegrained2_H2V7EJ.pt,28,34,700,0,0,0.00513594
concat_finegrained2_5VWOOQ.pt,28,23,382,0,0,0.00507832
concat_finegrained2_QMSEL2.pt,28,41,439,0,0,0.00505168
concat_finegrained2_7M8JNA.pt,28,29,537,0,0,0.0050665799999999985
concat_finegrained2_Q83UH5.pt,28,24,494,0,0,0.0050809
concat_finegrained2_N37WHA.pt,28,30,716,0,0,0.0052114
concat_finegrained2_ZJG9GI.pt,28,40,756,0,0,0.005256
concat_finegrained2_D7016Y.pt,28,21,802,0,0,0.005231400000000001
concat_finegrained2_7RCX74.pt,14,158,513,0,0,0.00508364
concat_finegrained2_8JMXS6.pt,14,178,782,0,0,0.0052225
concat_finegrained2_38LB8B.pt,14,164,1063,0,0,0.005051180000000001
concat_finegrained2_NFNZ8R.pt,14,135,851,0,0,0.00508126
concat_finegrained2_B26BP8.pt,14,136,869,0,0,0.0051322400000000015
concat_finegrained2_CTPL6E.pt,14,170,621,0,0,0.00514524
concat_finegrained2_98970S.pt,14,209,1077,0,0,0.005061199999999999
concat_finegrained2_HQCCEZ.pt,14,149,688,0,0,0.005093319999999999
concat_finegrained2_K3ZIQ9.pt,14,228,1115,0,0,0.0051026000000000005
concat_finegrained2_USFIY8.pt,14,187,994,0,0,0.005091840000000001
concat_finegrained2_9Z9A8V.pt,14,262,891,0,0,0.005086940000000002
concat_finegrained2_E180V4.pt,14,175,897,0,0,0.005068199999999999
concat_finegrained2_K7JAZM.pt,14,207,659,0,0,0.005067579999999997
concat_finegrained2_KF46KN.pt,14,218,860,0,0,0.005089400000000002
concat_finegrained2_IYK6GB.pt,14,189,955,0,0,0.005115999999999998
concat_finegrained2_GETOCW.pt,14,191,849,0,0,0.005092899999999999
concat_finegrained2_G0LQBW.pt,14,229,847,0,0,0.00510084
concat_finegrained2_WD8JQ1.pt,14,255,1116,0,0,0.005071719999999999
concat_finegrained2_OOC3JS.pt,14,231,1047,0,0,0.005127000000000003
concat_finegrained2_YHBDFH.pt,14,166,900,0,0,0.005119659999999999
concat_finegrained2_WUIRWN.pt,28,2084,568,113,0,0.005316219999999999
concat_finegrained2_2R3CX9.pt,28,1293,983,74,0,0.005282740000000001
concat_finegrained2_HOKE4N.pt,28,1550,703,94,0,0.0052774
concat_finegrained2_MKCETX.pt,28,1619,1018,169,0,0.00535956
concat_finegrained2_22U9NH.pt,28,2154,815,143,0,0.005307179999999999
concat_finegrained2_CD7S4B.pt,28,2364,811,162,0,0.005297339999999999
concat_finegrained2_14C8ID.pt,28,1476,897,161,0,0.0053286600000000016
concat_finegrained2_JXQAZ1.pt,28,1237,833,137,0,0.0052524799999999995
concat_finegrained2_RH9DHG.pt,28,1680,1185,103,0,0.00528078
concat_finegrained2_0J4VRH.pt,28,1515,1000,109,0,0.0053184
concat_finegrained2_TDWTM9.pt,28,1108,716,139,0,0.00530916
concat_finegrained2_FZIMJG.pt,28,1573,1084,128,0,0.0052374000000000006
concat_finegrained2_IAM37Y.pt,28,2229,502,125,0,0.005429759999999998
concat_finegrained2_9E97RZ.pt,28,1918,538,160,0,0.00531768
concat_finegrained2_2YFASP.pt,28,1666,618,81,0,0.005308579999999999
concat_finegrained2_QP0D3D.pt,28,1139,987,79,0,0.005254920000000001
concat_finegrained2_OXACFL.pt,28,1153,535,85,0,0.00524722
concat_finegrained2_FJ5OQB.pt,28,1958,792,117,0,0.00526458
concat_finegrained2_CQXS03.pt,28,2471,698,166,0,0.0052369999999999995
concat_finegrained2_LD2NGS.pt,28,1429,1016,123,0,0.00525478
concat_finegrained2_47EGZQ.pt,7,214,252,758,88,0.005507219999999999
concat_finegrained2_KMAA3B.pt,7,170,260,518,117,0.005927199999999999
concat_finegrained2_X8ZOER.pt,7,163,148,820,84,0.005580660000000002
concat_finegrained2_MX04S6.pt,7,208,285,635,120,0.00545896
concat_finegrained2_VWLE7S.pt,7,129,174,502,148,0.00549158
concat_finegrained2_EVEJKV.pt,7,99,193,718,140,0.0055382
concat_finegrained2_9K9QVW.pt,7,197,302,592,67,0.005521839999999999
concat_finegrained2_QRJ12H.pt,7,153,272,563,143,0.005484840000000001
concat_finegrained2_9ORTB9.pt,7,158,158,732,116,0.005613140000000001
concat_finegrained2_J4KKHI.pt,7,187,263,412,123,0.005539600000000001
concat_finegrained2_NVATVM.pt,7,232,274,490,102,0.0054630999999999985
concat_finegrained2_521FUI.pt,7,182,288,484,71,0.005445540000000001
concat_finegrained2_R3WPBJ.pt,7,104,194,653,141,0.00564728
concat_finegrained2_7TWKOI.pt,7,154,242,701,93,0.005768659999999998
concat_finegrained2_NTFTV0.pt,7,179,155,697,149,0.0055280400000000006
concat_finegrained2_1LW0SI.pt,7,127,289,599,99,0.005471259999999999
concat_finegrained2_9FFHU0.pt,7,233,205,775,63,0.005465340000000001
concat_finegrained2_OKAAQL.pt,7,171,162,431,70,0.005469760000000001
concat_finegrained2_6K0MD3.pt,7,209,317,636,134,0.005549399999999999
concat_finegrained2_5IBAH8.pt,7,195,231,784,85,0.005516999999999999
concat_finegrained2_82M5H6.pt,7,157,286,0,0,0.00514982
concat_finegrained2_LAWEWD.pt,7,81,448,0,0,0.012374399999999994
concat_finegrained2_KM7FBM.pt,7,137,394,0,0,0.005119460000000001
concat_finegrained2_SW6AQK.pt,7,130,434,0,0,0.005086480000000001
concat_finegrained2_38HSTG.pt,7,78,267,0,0,0.0052567000000000004
concat_finegrained2_ZBBPOI.pt,7,104,444,0,0,0.00509976
concat_finegrained2_5Z64E3.pt,7,172,290,0,0,0.005114959999999999
concat_finegrained2_VJ5RXO.pt,7,120,349,0,0,0.005115199999999999
concat_finegrained2_IPG4ZL.pt,7,96,404,0,0,0.00509934
concat_finegrained2_1W1R3J.pt,7,82,306,0,0,0.00513326
concat_finegrained2_HH74GX.pt,7,119,410,0,0,0.005082
concat_finegrained2_ML9IQ3.pt,7,170,348,0,0,0.01170932
concat_finegrained2_I0C95D.pt,7,87,358,0,0,0.00525656
concat_finegrained2_7KW1DS.pt,7,174,360,0,0,0.0051393
concat_finegrained2_RGM47J.pt,7,131,402,0,0,0.013432660000000006
concat_finegrained2_TQRBPP.pt,7,123,556,0,0,0.01000228
concat_finegrained2_VAXZY6.pt,7,146,449,0,0,0.00517274
concat_finegrained2_UAF278.pt,7,88,351,0,0,0.006895160000000001
concat_finegrained2_7S6GP2.pt,7,106,497,0,0,0.009360639999999996
concat_finegrained2_C9L5TU.pt,7,115,584,0,0,0.00517254
concat_finegrained2_HE4NRQ.pt,7,160,63,0,0,0.009201200000000001
concat_finegrained2_OMNZCE.pt,7,177,58,0,0,0.01644086000000001
concat_finegrained2_UZSELW.pt,7,133,77,0,0,0.00509344
concat_finegrained2_19RNG4.pt,7,119,81,0,0,0.005211640000000002
concat_finegrained2_SV4PUK.pt,7,264,75,0,0,0.005116339999999998
concat_finegrained2_9J7QUK.pt,7,243,62,0,0,0.012016420000000002
concat_finegrained2_B3W6ZE.pt,7,157,72,0,0,0.005136299999999999
concat_finegrained2_7KTPTB.pt,7,114,87,0,0,0.005167
concat_finegrained2_20J5SQ.pt,7,186,47,0,0,0.00508972
concat_finegrained2_18Y8H3.pt,7,122,59,0,0,0.00517586
concat_finegrained2_V30480.pt,7,113,61,0,0,0.0051096200000000005
concat_finegrained2_422KOQ.pt,7,227,74,0,0,0.00517868
concat_finegrained2_FWD7HW.pt,7,180,40,0,0,0.01057934
concat_finegrained2_YQ4R8E.pt,7,203,78,0,0,0.012418239999999999
concat_finegrained2_WBUPXJ.pt,7,153,69,0,0,0.011211179999999996
concat_finegrained2_LQ7YPN.pt,7,213,51,0,0,0.0051103599999999996
concat_finegrained2_E3CTKT.pt,7,135,54,0,0,0.00523486
concat_finegrained2_PHVOA4.pt,7,212,71,0,0,0.007008480000000003
concat_finegrained2_YXSD4L.pt,7,154,57,0,0,0.011972379999999998
concat_finegrained2_DMWWK7.pt,7,178,76,0,0,0.005162040000000001
concat_finegrained2_I6B9HD.pt,28,136,25,5,51,0.005601579999999999
concat_finegrained2_IU9ZI7.pt,28,122,24,4,56,0.005463700000000003
concat_finegrained2_1PKIO9.pt,28,150,16,6,32,0.00556628
concat_finegrained2_XUU2LP.pt,28,82,29,7,48,0.005486320000000001
concat_finegrained2_NDHFL0.pt,28,133,23,8,41,0.005532800000000001
concat_finegrained2_QTOUBN.pt,7,84,36,0,0,0.016337799999999996
concat_finegrained2_T96Y1J.pt,7,151,67,0,0,0.005119340000000001
concat_finegrained2_DGYMKQ.pt,7,117,70,0,0,0.016407659999999994
concat_finegrained2_G70WBZ.pt,7,79,31,0,0,0.008241399999999996
concat_finegrained2_FA05JM.pt,7,97,69,0,0,0.00722824
concat_finegrained2_YZAOW4.pt,7,71,54,0,0,0.005169620000000001
concat_finegrained2_RN00FJ.pt,7,123,49,0,0,0.00512408
concat_finegrained2_OAGSUJ.pt,7,146,55,0,0,0.014688999999999997
concat_finegrained2_XI6QYZ.pt,7,152,38,0,0,0.005428660000000002
concat_finegrained2_V2ZDCY.pt,7,144,46,0,0,0.005553860000000001
concat_finegrained2_HOIPYC.pt,7,134,65,0,0,0.00854758
concat_finegrained2_PS2MWL.pt,7,143,66,0,0,0.00562212
concat_finegrained2_BLOATC.pt,7,114,58,0,0,0.005741300000000001
concat_finegrained2_CQMSQI.pt,7,81,48,0,0,0.008960599999999999
concat_finegrained2_49PBIZ.pt,7,104,35,0,0,0.00914714
concat_finegrained2_1NW1BC.pt,7,142,57,0,0,0.016743780000000003
concat_finegrained2_WDLWV8.pt,7,140,43,0,0,0.013920020000000002
concat_finegrained2_4Y7GCW.pt,7,155,40,0,0,0.00512422
concat_finegrained2_73196J.pt,7,67,41,0,0,0.005611979999999999
concat_finegrained2_US48FM.pt,7,108,45,0,0,0.0051015999999999995
concat_finegrained2_ABVF3X.pt,14,16,85,957,680,0.005494519999999998
concat_finegrained2_EP2SPK.pt,14,29,114,1030,823,0.005480079999999999
concat_finegrained2_ZA33R6.pt,14,26,110,782,888,0.005452159999999999
concat_finegrained2_UD1JTQ.pt,14,20,107,1062,737,0.005473360000000002
concat_finegrained2_IK69J7.pt,14,22,69,796,578,0.005482280000000001
concat_finegrained2_0WLONT.pt,14,25,102,1009,887,0.00545424
concat_finegrained2_2HU8QT.pt,14,37,116,1093,404,0.00548422
concat_finegrained2_CDOYNG.pt,14,32,94,704,744,0.00546092
concat_finegrained2_SEK8FC.pt,14,23,64,959,495,0.005452860000000001
concat_finegrained2_JYIMSC.pt,14,36,79,718,812,0.00542404
concat_finegrained2_BHHT5X.pt,14,30,121,648,866,0.0054576600000000005
concat_finegrained2_W9S4JE.pt,14,21,106,977,879,0.0054848
concat_finegrained2_HQ84HI.pt,14,27,100,592,676,0.00549432
concat_finegrained2_RL0B0S.pt,14,17,68,1054,464,0.005486059999999999
concat_finegrained2_YFRJPQ.pt,14,35,115,664,509,0.005486160000000002
concat_finegrained2_XLXJ1S.pt,14,18,61,616,617,0.00548196
concat_finegrained2_11XNCX.pt,14,28,118,1058,750,0.00546122
concat_finegrained2_AOW28L.pt,14,24,111,1159,492,0.00550208
concat_finegrained2_F21A6O.pt,14,31,130,1025,601,0.005465739999999998
concat_finegrained2_RUEQYU.pt,14,19,65,1186,915,0.005463560000000002
concat_finegrained2_EX36TT.pt,14,483,497,205,0,0.0053111600000000005
concat_finegrained2_VXFFBF.pt,14,446,341,98,0,0.00537676
concat_finegrained2_YG4MTE.pt,14,468,336,216,0,0.00528222
concat_finegrained2_NQK9ZA.pt,14,515,300,148,0,0.005332899999999999
concat_finegrained2_349IIZ.pt,14,600,399,169,0,0.005310180000000001
concat_finegrained2_WBUSY4.pt,14,445,651,157,0,0.005317359999999998
concat_finegrained2_L9J3I3.pt,14,611,447,193,0,0.005331980000000001
concat_finegrained2_YK9HUO.pt,14,470,382,111,0,0.00532088
concat_finegrained2_Z77M0V.pt,14,426,381,117,0,0.0053082999999999984
concat_finegrained2_XJ02WU.pt,14,589,416,215,0,0.00527172
concat_finegrained2_XGQ21H.pt,14,521,507,155,0,0.00531484
concat_finegrained2_489FU7.pt,14,474,644,165,0,0.00531404
concat_finegrained2_ADVJS6.pt,14,621,526,194,0,0.005268439999999998
concat_finegrained2_XO1ZZN.pt,14,352,641,127,0,0.005298400000000001
concat_finegrained2_UC862L.pt,14,406,347,178,0,0.005283880000000002
concat_finegrained2_UT26SU.pt,14,403,409,149,0,0.0053806600000000015
concat_finegrained2_O9RUHZ.pt,14,382,627,158,0,0.0058351600000000016
concat_finegrained2_HSIKFU.pt,14,541,302,162,0,0.005333079999999999
concat_finegrained2_SUDUT2.pt,14,580,363,140,0,0.005306679999999999
concat_finegrained2_AOGFR3.pt,14,593,432,112,0,0.00536138
concat_finegrained2_C9AV7M.pt,14,192,22,241,300,0.00553924
concat_finegrained2_L8TNF4.pt,14,129,20,281,352,0.005505079999999999
concat_finegrained2_HVEV5J.pt,14,191,34,217,267,0.005552300000000002
concat_finegrained2_KU17V9.pt,14,114,23,127,362,0.005595180000000002
concat_finegrained2_PE7L9N.pt,14,108,25,292,210,0.005508580000000001
concat_finegrained2_CL8RV1.pt,14,160,33,234,348,0.00551228
concat_finegrained2_YKST8W.pt,14,171,18,280,295,0.00547322
concat_finegrained2_KQLGCD.pt,14,126,24,250,358,0.00553112
concat_finegrained2_LCE2A3.pt,14,93,31,175,269,0.00550524
concat_finegrained2_NRMVX1.pt,14,139,17,265,256,0.005550159999999999
concat_finegrained2_YXH0F3.pt,14,98,26,290,353,0.005487260000000001
concat_finegrained2_00XAGB.pt,14,143,32,132,212,0.005489780000000002
concat_finegrained2_96QBEB.pt,14,96,27,152,309,0.005509139999999999
concat_finegrained2_NMCHIZ.pt,14,168,29,195,186,0.00549048
concat_finegrained2_PD1PQ0.pt,14,190,16,166,189,0.0055375
concat_finegrained2_USWHCX.pt,14,183,21,206,214,0.005475540000000002
concat_finegrained2_142PDY.pt,14,161,35,159,180,0.0054991400000000005
concat_finegrained2_LUA53G.pt,14,117,15,272,173,0.005516320000000002
concat_finegrained2_ENQ25W.pt,14,113,36,263,230,0.00554084
concat_finegrained2_PWKUX4.pt,14,131,19,248,166,0.0056165999999999985
concat_finegrained2_27S9K7.pt,14,16,42,0,0,0.009511080000000003
concat_finegrained2_M1GVLC.pt,14,12,92,0,0,0.007928620000000003
concat_finegrained2_LCSOT2.pt,14,11,48,0,0,0.00543644
concat_finegrained2_J0VOHN.pt,14,13,50,0,0,0.00540248
concat_finegrained2_99Y3P2.pt,14,17,57,0,0,0.0052229799999999995
concat_finegrained2_KSKY51.pt,14,19,67,0,0,0.01455978
concat_finegrained2_GGE2US.pt,14,14,63,0,0,0.007589999999999998
concat_finegrained2_UU7G3J.pt,14,18,75,0,0,0.00885376
concat_finegrained2_WP6FAT.pt,14,10,84,0,0,0.03289426
concat_finegrained2_M1B1ZT.pt,14,9,81,0,0,0.00509424
concat_finegrained2_FCDWP1.pt,14,21,58,0,0,0.010183679999999999
concat_finegrained2_BRHBWJ.pt,14,15,82,0,0,0.005288460000000002
concat_finegrained2_MU8SMX.pt,14,20,65,0,0,0.005169799999999999
concat_finegrained2_Q7V1W9.pt,14,172,77,0,0,0.005283619999999999
concat_finegrained2_UJ35BH.pt,14,235,64,0,0,0.005108160000000001
concat_finegrained2_6GNB81.pt,14,177,108,0,0,0.0056874000000000004
concat_finegrained2_J5ORIT.pt,14,109,124,0,0,0.0050731000000000005
concat_finegrained2_209LKC.pt,14,125,57,0,0,0.005087240000000001
concat_finegrained2_7V3FO0.pt,14,242,87,0,0,0.005102779999999999
concat_finegrained2_E355LR.pt,14,229,72,0,0,0.005104419999999999
concat_finegrained2_KA3OXT.pt,14,137,98,0,0,0.00517112
concat_finegrained2_3XWY1N.pt,14,156,119,0,0,0.0050485600000000005
concat_finegrained2_TC7LHV.pt,14,126,97,0,0,0.00593576
concat_finegrained2_K2F9BZ.pt,14,141,92,0,0,0.00507722
concat_finegrained2_9CYFB9.pt,14,181,61,0,0,0.00511692
concat_finegrained2_N01DQG.pt,14,112,60,0,0,0.00889384
concat_finegrained2_KU0W0L.pt,14,169,83,0,0,0.00513544
concat_finegrained2_4QKB0R.pt,14,219,106,0,0,0.0050998799999999985
concat_finegrained2_D21R69.pt,14,223,91,0,0,0.0050663
concat_finegrained2_EEHPZY.pt,14,164,73,0,0,0.005065979999999999
concat_finegrained2_FFO730.pt,14,232,67,0,0,0.0050960799999999985
concat_finegrained2_PDAE3D.pt,14,160,118,0,0,0.005075940000000001
concat_finegrained2_LEPFXY.pt,14,188,103,0,0,0.005097859999999999
concat_finegrained2_4TRJTG.pt,14,19,50,0,0,0.005096740000000001
concat_finegrained2_32FWTS.pt,14,11,82,0,0,0.0051941999999999995
concat_finegrained2_SZOO0X.pt,14,13,71,0,0,0.006107920000000002
concat_finegrained2_VSB2MX.pt,14,18,102,0,0,0.00510378
concat_finegrained2_O3T0MI.pt,14,9,56,0,0,0.00507394
concat_finegrained2_6F67IL.pt,14,17,52,0,0,0.0050668200000000005
concat_finegrained2_LXMZHV.pt,14,8,75,0,0,0.00619874
concat_finegrained2_3SXK12.pt,14,12,90,0,0,0.005062160000000001
concat_finegrained2_HDLY6H.pt,14,15,88,0,0,0.008030139999999998
concat_finegrained2_UKHYIW.pt,14,16,48,0,0,0.00509274
concat_finegrained2_F0J6AX.pt,14,10,69,0,0,0.0050914
concat_finegrained2_RTY28R.pt,14,14,89,0,0,0.007087620000000002
concat_finegrained2_KIJFZW.pt,14,58,354,0,0,0.005158240000000001
concat_finegrained2_BV7ZCO.pt,14,46,526,0,0,0.005160819999999999
concat_finegrained2_I0BUXW.pt,14,55,396,0,0,0.005114259999999999
concat_finegrained2_E8OLO4.pt,14,61,668,0,0,0.0050967600000000005
concat_finegrained2_MEWVRU.pt,14,42,780,0,0,0.0052045200000000015
concat_finegrained2_KHCVWL.pt,14,51,462,0,0,0.00513168
concat_finegrained2_7YO9SP.pt,14,67,630,0,0,0.00511312
concat_finegrained2_N0G390.pt,14,80,517,0,0,0.005128400000000002
concat_finegrained2_CJ7B15.pt,14,91,534,0,0,0.00513258
concat_finegrained2_BXZDFV.pt,14,57,483,0,0,0.0050856
concat_finegrained2_S4NN8O.pt,14,64,564,0,0,0.00508306
concat_finegrained2_Y4UC5L.pt,14,56,546,0,0,0.005099739999999999
concat_finegrained2_41ZKRN.pt,14,87,477,0,0,0.0051351999999999995
concat_finegrained2_LBK0L6.pt,14,45,809,0,0,0.03242396
concat_finegrained2_MOJUB3.pt,14,81,692,0,0,0.00509362
concat_finegrained2_QAR393.pt,14,43,775,0,0,0.0051118
concat_finegrained2_ZRE2C3.pt,14,79,449,0,0,0.00505308
concat_finegrained2_ZB8LRM.pt,14,93,488,0,0,0.00506666
concat_finegrained2_Q49SF6.pt,14,78,456,0,0,0.0051074
concat_finegrained2_MBP67W.pt,14,68,619,0,0,0.0050653400000000015
concat_finegrained2_UI19VB.pt,56,105,12,189,853,0.005442959999999999
concat_finegrained2_QN8SSP.pt,56,140,9,291,758,0.005488279999999999
concat_finegrained2_V3I9ME.pt,56,169,15,201,889,0.006094200000000001
concat_finegrained2_U8GGLC.pt,56,147,11,220,631,0.005570480000000001
concat_finegrained2_SS62SM.pt,56,193,13,163,845,0.005443339999999999
concat_finegrained2_DWDQ60.pt,56,98,17,263,612,0.005494919999999999
concat_finegrained2_X0ADA8.pt,56,112,18,169,498,0.0054413
concat_finegrained2_CXHN9G.pt,56,120,16,182,707,0.005471039999999998
concat_finegrained2_2EP5KZ.pt,56,166,19,154,522,0.00545222
concat_finegrained2_R9VBPE.pt,56,173,20,197,721,0.005493760000000001
concat_finegrained2_Y34B83.pt,56,205,10,164,842,0.005444319999999999
concat_finegrained2_6HQWXY.pt,56,194,14,241,1073,0.00548596
concat_finegrained2_JV7Y2O.pt,7,129,246,0,0,0.00511916
concat_finegrained2_HXTQ6H.pt,7,151,219,0,0,0.005065839999999999
concat_finegrained2_4IVN2Q.pt,7,92,291,0,0,0.005208419999999999
concat_finegrained2_E5M7R0.pt,7,128,276,0,0,0.00516146
concat_finegrained2_SIUSGR.pt,7,91,241,0,0,0.005103699999999999
concat_finegrained2_T6407T.pt,7,144,225,0,0,0.005118200000000001
concat_finegrained2_THK3NI.pt,7,108,187,0,0,0.012479040000000004
concat_finegrained2_5JQBD8.pt,7,150,181,0,0,0.011513000000000002
concat_finegrained2_VKCWLW.pt,7,134,192,0,0,0.005187079999999999
concat_finegrained2_N0P8Y7.pt,7,136,215,0,0,0.005165219999999999
concat_finegrained2_VKLMUE.pt,7,96,302,0,0,0.005107220000000001
concat_finegrained2_6EF6A2.pt,7,130,267,0,0,0.00515458
concat_finegrained2_2WOXNV.pt,7,158,209,0,0,0.005122919999999998
concat_finegrained2_QHNEXC.pt,7,82,300,0,0,0.005227819999999999
concat_finegrained2_QGLH7F.pt,7,168,164,0,0,0.0092051
concat_finegrained2_9IU1LW.pt,7,106,268,0,0,0.007200599999999998
concat_finegrained2_GDAUKO.pt,7,97,174,0,0,0.00513674
concat_finegrained2_7P9O9E.pt,7,100,285,0,0,0.005071039999999999
concat_finegrained2_X822X6.pt,7,163,168,0,0,0.00511806
concat_finegrained2_FNLQY5.pt,7,80,262,0,0,0.00513822
concat_finegrained2_4658FT.pt,7,212,160,0,0,0.005076179999999999
concat_finegrained2_2LN11P.pt,7,127,82,0,0,0.0051551999999999995
concat_finegrained2_9QULUA.pt,7,223,149,0,0,0.005120759999999999
concat_finegrained2_CBF9UV.pt,7,195,126,0,0,0.005234019999999999
concat_finegrained2_IYXQ0L.pt,7,213,71,0,0,0.005193279999999998
concat_finegrained2_T6GP36.pt,7,116,85,0,0,0.0052168200000000005
concat_finegrained2_H70CKT.pt,7,183,86,0,0,0.00515776
concat_finegrained2_DJICQ9.pt,7,126,118,0,0,0.007793219999999998
concat_finegrained2_5J26B6.pt,7,210,157,0,0,0.005093199999999999
concat_finegrained2_LTR0PY.pt,7,160,154,0,0,0.00515922
concat_finegrained2_L5PQ4U.pt,7,200,140,0,0,0.005081220000000001
concat_finegrained2_JRSFLI.pt,7,101,74,0,0,0.007896919999999998
concat_finegrained2_YMM0QK.pt,7,103,152,0,0,0.00509298
concat_finegrained2_BAFE4L.pt,7,231,93,0,0,0.005171220000000001
concat_finegrained2_1V9Z9T.pt,7,146,101,0,0,0.010259539999999998
concat_finegrained2_DJB69F.pt,7,202,124,0,0,0.007625920000000004
concat_finegrained2_CVX2EO.pt,7,123,107,0,0,0.014747220000000004
concat_finegrained2_0BWG7F.pt,7,145,161,0,0,0.0051066
concat_finegrained2_M4UCG2.pt,7,192,167,0,0,0.014350160000000002
concat_finegrained2_6VEGED.pt,7,190,142,0,0,0.0051735800000000005
concat_finegrained2_LQIB2G.pt,7,142,400,0,0,0.005136760000000001
concat_finegrained2_HJNO2D.pt,7,91,436,0,0,0.005153519999999998
concat_finegrained2_G2GR7M.pt,7,61,376,0,0,0.005081060000000001
concat_finegrained2_5TR8XO.pt,7,146,272,0,0,0.005126080000000001
concat_finegrained2_M6KY9G.pt,7,78,383,0,0,0.005426700000000001
concat_finegrained2_Z3WF21.pt,7,117,600,0,0,0.005143660000000001
concat_finegrained2_WOUJDW.pt,7,129,314,0,0,0.013554420000000001
concat_finegrained2_X156M5.pt,7,125,524,0,0,0.005127360000000001
concat_finegrained2_MTXS66.pt,7,92,368,0,0,0.009601100000000001
concat_finegrained2_EWZMND.pt,7,94,317,0,0,0.010451340000000002
concat_finegrained2_RLKKAO.pt,7,72,578,0,0,0.005061160000000001
concat_finegrained2_GAT96V.pt,7,143,532,0,0,0.010698560000000001
concat_finegrained2_ZN66X7.pt,7,105,495,0,0,0.005160800000000001
concat_finegrained2_BZR4H0.pt,7,123,416,0,0,0.012328220000000003
concat_finegrained2_O7OXFU.pt,7,96,528,0,0,0.00507554
concat_finegrained2_TXO8P4.pt,7,122,508,0,0,0.00511922
concat_finegrained2_Q2TFL6.pt,7,68,576,0,0,0.0050989600000000005
concat_finegrained2_3XM7UD.pt,7,127,526,0,0,0.00514204
concat_finegrained2_SAWSVP.pt,7,74,478,0,0,0.007324359999999999
concat_finegrained2_5NP4BO.pt,7,95,355,0,0,0.005121660000000001
concat_finegrained2_J3HQ8P.pt,14,10,56,0,0,0.00842422
concat_finegrained2_1HLCAK.pt,14,14,52,0,0,0.005090900000000001
concat_finegrained2_5WXWPO.pt,14,12,54,0,0,0.005130999999999999
concat_finegrained2_VRCCA4.pt,14,7,41,0,0,0.018283260000000006
concat_finegrained2_EY06KC.pt,14,9,57,0,0,0.008574760000000002
concat_finegrained2_AJBP0W.pt,14,15,44,0,0,0.013749179999999998
concat_finegrained2_W4J0GB.pt,14,13,64,0,0,0.005118500000000001
concat_finegrained2_5TDFET.pt,14,8,72,0,0,0.0051620999999999985
concat_finegrained2_GOBJR8.pt,14,11,75,0,0,0.008489120000000003
concat_finegrained2_NRJRDT.pt,14,3,692,222,0,0.005314520000000001
concat_finegrained2_O8AJY7.pt,14,5,760,136,0,0.0053243200000000004
concat_finegrained2_K9BFJW.pt,14,4,721,199,0,0.00530894
concat_finegrained2_BYYJY1.pt,14,6,374,128,0,0.005374399999999999
concat_finegrained2_VJ0ETD.pt,7,494,106,0,0,0.00511582
concat_finegrained2_6GKJCP.pt,7,429,74,0,0,0.00518286
concat_finegrained2_6US3I0.pt,7,520,105,0,0,0.006289419999999999
concat_finegrained2_YOIH4U.pt,7,477,110,0,0,0.007395720000000002
concat_finegrained2_88LTN0.pt,7,568,55,0,0,0.005124780000000001
concat_finegrained2_JVEBWJ.pt,7,297,48,0,0,0.005107240000000001
concat_finegrained2_R641B4.pt,7,348,71,0,0,0.008964140000000004
concat_finegrained2_YKW5TJ.pt,7,424,63,0,0,0.0056599
concat_finegrained2_OUN551.pt,7,267,87,0,0,0.00540292
concat_finegrained2_9R45ZI.pt,7,409,96,0,0,0.005112719999999999
concat_finegrained2_H9P4NQ.pt,7,532,69,0,0,0.0050959199999999994
concat_finegrained2_AIFBBF.pt,7,545,47,0,0,0.0051059
concat_finegrained2_4JR9NW.pt,7,412,89,0,0,0.008439899999999998
concat_finegrained2_B7HL0S.pt,7,240,59,0,0,0.005110899999999999
concat_finegrained2_9GXY58.pt,7,286,79,0,0,0.005122200000000001
concat_finegrained2_JN1EDI.pt,7,238,83,0,0,0.0051376400000000015
concat_finegrained2_T4U79F.pt,7,259,73,0,0,0.005071020000000001
concat_finegrained2_UEVZYV.pt,7,496,76,0,0,0.005075599999999999
concat_finegrained2_B6E09M.pt,7,321,95,0,0,0.009417520000000002
concat_finegrained2_ARJCJB.pt,7,533,51,0,0,0.00519144
