model_path,HW,CIN,latency
split_prior_9CTBK8.pt,56,1026,0.003334779999999999
split_prior_NF1X8W.pt,14,44,0.003447679999999999
split_prior_E0PVK2.pt,28,1178,0.00342304
split_prior_7Z5V8R.pt,56,506,0.0034581000000000004
split_prior_RK3HV8.pt,28,226,0.003443519999999999
split_prior_B1UZOO.pt,56,52,0.0034275599999999996
split_prior_X5OSN3.pt,28,24,0.02273287999999999
split_prior_AWE9A3.pt,112,144,0.0034640599999999997
split_prior_NEY4U0.pt,112,760,0.00345996
split_prior_E5RLKI.pt,14,1026,0.0034592800000000008
split_prior_Q3ERGB.pt,14,490,0.0034890200000000007
split_prior_I9RX1K.pt,14,20,0.010973459999999999
split_prior_R4NJTE.pt,14,508,0.0034425400000000004
split_prior_94XHSK.pt,112,500,0.003489300000000002
split_prior_K2TYDX.pt,28,354,0.0034643200000000008
split_prior_SZ54ME.pt,7,532,0.00350422
split_prior_2B2KQF.pt,14,74,0.0034924400000000007
split_prior_IJ4TML.pt,28,496,0.00350396
split_prior_3AECMZ.pt,14,150,0.003326879999999999
split_prior_UDPFEZ.pt,28,132,0.003444700000000001
split_prior_9MRKIF.pt,1,136,0.0034982999999999998
split_prior_KHD1IB.pt,224,340,0.003439900000000001
split_prior_PAPHSB.pt,14,540,0.0034784399999999997
split_prior_9OJJ6P.pt,28,28,0.0034813199999999996
split_prior_SDJ2CO.pt,28,64,0.0034455200000000014
split_prior_GUFVI9.pt,7,60,0.004609080000000001
split_prior_MLTM76.pt,3,176,0.0034468199999999997
split_prior_5EL71K.pt,28,56,0.0034334799999999987
split_prior_YDFBS0.pt,28,242,0.0035357399999999995
split_prior_1RW6DE.pt,7,236,0.0034427600000000004
split_prior_TYY075.pt,14,1266,0.003472260000000001
split_prior_ML4FMP.pt,3,82,0.0034261800000000005
split_prior_D2TEJ2.pt,7,412,0.0034865799999999995
split_prior_IMOGDG.pt,112,204,0.00346294
split_prior_G26S3S.pt,56,214,0.0034432200000000003
split_prior_34SB5Y.pt,1,106,0.0034232
split_prior_XBO69S.pt,14,52,0.0035032799999999997
split_prior_RYF2KT.pt,56,16,0.003471340000000001
split_prior_N0BW7H.pt,7,254,0.0034939199999999998
split_prior_D53GYR.pt,56,132,0.00345762
split_prior_6SZQXN.pt,7,104,0.00344602
split_prior_OPRH6K.pt,28,1158,0.0034347000000000006
split_prior_GSVUYM.pt,224,72,0.00346178
split_prior_YLJYHD.pt,1,148,0.022303959999999998
split_prior_2DHDBQ.pt,1,86,0.0034519
split_prior_YYXZI0.pt,7,46,0.012811419999999995
split_prior_J7ZONM.pt,112,214,0.0034517999999999992
split_prior_CS00U6.pt,56,156,0.0034687799999999986
split_prior_E7BUTI.pt,14,198,0.00349728
split_prior_1ZI8RA.pt,112,14,0.0035634800000000004
split_prior_WG9P3X.pt,112,196,0.0034921000000000006
split_prior_N9SR0A.pt,14,24,0.0034722399999999997
split_prior_TXFC07.pt,14,8,0.003423320000000001
split_prior_3DE1QL.pt,14,272,0.00348446
split_prior_IBJCWJ.pt,7,254,0.003555760000000001
split_prior_FKEW3G.pt,112,158,0.0034749800000000003
split_prior_GJPGO5.pt,56,78,0.00349256
split_prior_49RG48.pt,7,10,0.0034193399999999994
split_prior_VT46CQ.pt,14,112,0.003464080000000001
split_prior_7CFDTY.pt,28,162,0.00344406
split_prior_P685SG.pt,14,196,0.0034364400000000007
split_prior_4KI1BJ.pt,56,272,0.0034748599999999998
split_prior_8PFN4G.pt,7,500,0.00346524
split_prior_VUUO2L.pt,56,188,0.00343526
split_prior_B0SZ8Q.pt,14,516,0.003351959999999999
split_prior_Y647C4.pt,14,2024,0.003427380000000001
split_prior_TAGHO4.pt,112,540,0.0034498000000000007
split_prior_LQUK1H.pt,14,462,0.00342976
split_prior_3ISDUP.pt,224,262,0.003536
split_prior_3FU6U2.pt,3,34,0.0047247
split_prior_NZ6H4N.pt,1,1270,0.00494778
split_prior_VOJZML.pt,56,540,0.0034293600000000007
split_prior_IX0B9N.pt,28,452,0.0034751600000000006
split_prior_PZG5AN.pt,28,158,0.0035092
split_prior_80TOV5.pt,28,186,0.00344408
split_prior_NGHMK1.pt,14,48,0.007041040000000002
split_prior_MA89RZ.pt,7,30,0.017186419999999997
split_prior_24RO9V.pt,14,458,0.00348132
split_prior_2L2XAQ.pt,28,540,0.003445340000000001
split_prior_LULWGF.pt,56,1700,0.0034828000000000007
split_prior_T11XLQ.pt,14,530,0.0035242599999999987
split_prior_QYBU6X.pt,28,80,0.0034350599999999998
split_prior_0B8IFQ.pt,56,132,0.003457260000000001
split_prior_OSGNQT.pt,14,122,0.0034527600000000005
split_prior_50SN8D.pt,3,88,0.005732300000000001
split_prior_1B164A.pt,14,42,0.0035558000000000013
split_prior_Q3DXSB.pt,56,1174,0.0034635400000000006
split_prior_DT3IEY.pt,14,140,0.003475239999999999
split_prior_2S9XS0.pt,56,38,0.00348564
split_prior_IBG84A.pt,7,18,0.00345028
split_prior_XK879W.pt,224,24,0.0034840599999999998
split_prior_NUHP3J.pt,14,1154,0.0035020800000000003
split_prior_VYGTTI.pt,14,108,0.0036331799999999997
split_prior_C23B3M.pt,112,518,0.0034773999999999994
split_prior_5PG2ID.pt,112,128,0.0034856200000000005
split_prior_29WNK1.pt,56,96,0.003437260000000001
split_prior_K1S22F.pt,14,516,0.00343714
split_prior_EU3LOE.pt,28,510,0.0034714199999999994
split_prior_DJ69FR.pt,28,94,0.00351602
split_prior_0G7TCR.pt,14,84,0.004309740000000001
split_prior_F20NU5.pt,56,2036,0.00342362
split_prior_140DG3.pt,28,70,0.00345714
split_prior_XPU6V8.pt,56,62,0.0034722599999999987
split_prior_6ZSWTD.pt,14,226,0.003442899999999999
split_prior_ULIL5J.pt,14,536,0.0034960200000000003
split_prior_37SAQQ.pt,28,512,0.003537839999999999
split_prior_2X8YGA.pt,56,172,0.0034620399999999996
split_prior_G19BLI.pt,28,928,0.0034682800000000015
split_prior_1WZK8N.pt,14,144,0.0035610200000000002
split_prior_854MYF.pt,3,982,0.00769952
split_prior_RNUBXK.pt,1,202,0.008545339999999998
split_prior_652C1V.pt,112,1510,0.003535600000000001
split_prior_9D5R1O.pt,28,1252,0.00353436
split_prior_FHMFIX.pt,56,46,0.0034901600000000004
split_prior_B2IGG9.pt,1,248,0.00413136
split_prior_W4ZKL7.pt,28,214,0.00346632
split_prior_EMWVG6.pt,56,500,0.0034614400000000005
split_prior_6KCL4R.pt,14,214,0.003605240000000001
split_prior_Y7SAKS.pt,3,128,0.00430432
split_prior_RAEFIS.pt,56,450,0.0036328200000000006
split_prior_Q5L83N.pt,28,170,0.00348068
split_prior_KNQEKX.pt,14,808,0.003465980000000001
split_prior_H4ENZ1.pt,1,150,0.003421300000000001
split_prior_L94CN2.pt,28,140,0.003424360000000001
split_prior_80V8YH.pt,56,236,0.003476500000000001
split_prior_L32DEB.pt,112,88,0.0034752399999999992
split_prior_TY0H5H.pt,112,182,0.0035045199999999993
split_prior_SR1834.pt,28,484,0.0034826600000000003
split_prior_MKTXH9.pt,112,214,0.0034371400000000013
split_prior_QC7NIR.pt,112,44,0.0035028400000000006
split_prior_RAFB8J.pt,14,110,0.00350142
split_prior_OX0QW0.pt,56,1170,0.0034656400000000003
split_prior_NLTQ3Z.pt,14,28,0.01049816
split_prior_DQATLW.pt,14,832,0.0034815600000000003
split_prior_TBP954.pt,28,496,0.003436360000000001
split_prior_01T4SB.pt,1,48,0.003503359999999999
split_prior_0262T3.pt,7,156,0.004657920000000001
split_prior_361NMS.pt,28,204,0.003476120000000001
split_prior_8ZP8AB.pt,7,116,0.0035223999999999993
split_prior_BEM1IF.pt,14,846,0.0034962600000000006
split_prior_FQ5L6G.pt,112,850,0.0034701799999999994
split_prior_ELZSRJ.pt,28,42,0.0035947999999999996
split_prior_DI2NGR.pt,14,370,0.0034951000000000006
split_prior_76MFIS.pt,7,118,0.0033332000000000006
split_prior_TPW1J4.pt,7,48,0.00647562
split_prior_FIVPZP.pt,28,826,0.0033962999999999992
split_prior_7CXA0J.pt,224,136,0.003403580000000001
split_prior_FZSINB.pt,14,160,0.003464679999999999
split_prior_TTD6SX.pt,56,70,0.0034616800000000004
split_prior_V5JV4M.pt,28,126,0.0035548599999999995
split_prior_RI80KN.pt,56,242,0.0034695399999999993
split_prior_C1JGC6.pt,56,8,0.003972079999999999
split_prior_Y9GRMR.pt,28,970,0.0034401199999999988
split_prior_QSLVLT.pt,112,506,0.0034658399999999995
split_prior_6SD8JW.pt,7,132,0.009476059999999998
split_prior_61EDNC.pt,56,240,0.0035644000000000006
split_prior_CZ4GHW.pt,7,62,0.0034389800000000003
split_prior_IDIYHQ.pt,56,468,0.003510500000000001
split_prior_PLL1N6.pt,14,1296,0.0035107999999999997
split_prior_H2KIEJ.pt,3,10,0.0062785199999999975
split_prior_3MG1UP.pt,14,18,0.005887000000000003
split_prior_UPN8H4.pt,28,134,0.0034463799999999993
split_prior_0Q7446.pt,14,542,0.0035164999999999992
split_prior_U79RX3.pt,14,60,0.0034552999999999997
split_prior_I9HYHQ.pt,28,96,0.0036297799999999996
split_prior_6QTQUI.pt,7,516,0.00353714
split_prior_J1CCV3.pt,14,682,0.0035144399999999998
split_prior_BQYJ94.pt,28,40,0.00347292
split_prior_9BOHRX.pt,14,422,0.0035109599999999996
split_prior_GC7D5D.pt,112,184,0.0034850000000000007
split_prior_A7CCMM.pt,7,72,0.005714199999999998
split_prior_WUTJL6.pt,56,960,0.00346866
split_prior_6JXETX.pt,7,110,0.00672552
split_prior_C81F76.pt,56,272,0.0034231000000000005
split_prior_7APRO8.pt,14,1186,0.003479299999999999
split_prior_C2QAAF.pt,7,848,0.0034599
split_prior_QZ4PUQ.pt,14,238,0.0034382000000000006
split_prior_DYR40B.pt,112,184,0.0035843600000000004
split_prior_KMVS7Z.pt,56,228,0.00345878
split_prior_TFI7TX.pt,14,270,0.00344214
split_prior_ZVMNX6.pt,112,664,0.00346604
split_prior_R58WXD.pt,112,302,0.0034719200000000007
split_prior_Y2RN4I.pt,28,250,0.0034830200000000007
split_prior_YMGO9Z.pt,14,176,0.003535360000000001
split_prior_00POMG.pt,7,240,0.00461038
split_prior_LBJK8H.pt,28,222,0.0034518599999999993
split_prior_3PRNC1.pt,224,522,0.0035184199999999995
split_prior_V51CX0.pt,112,244,0.0034533000000000007
split_prior_FIK1X1.pt,56,992,0.00351198
split_prior_1D8QVZ.pt,56,388,0.0035043000000000006
split_prior_2SFLLJ.pt,7,246,0.0034719000000000013
split_prior_ORM7GC.pt,14,160,0.00344446
split_prior_7Z5O5I.pt,28,210,0.00346614
split_prior_S2KO7I.pt,14,1430,0.003571419999999999
split_prior_F38Q4N.pt,56,270,0.0035081600000000015
split_prior_NSODKC.pt,56,82,0.0034749200000000007
split_prior_2D71WJ.pt,28,1000,0.0034818600000000007
split_prior_QFSBUM.pt,56,166,0.0034369400000000007
split_prior_3TNG7W.pt,28,88,0.0034524399999999998
split_prior_CZY7NF.pt,56,174,0.00345876
split_prior_2324OX.pt,56,978,0.0034479
split_prior_YDKXG3.pt,28,6,0.006490899999999999
split_prior_VV8QVY.pt,112,56,0.0034868800000000004
split_prior_SSB45G.pt,56,454,0.0035002200000000005
split_prior_32DDWY.pt,28,532,0.0035294000000000015
split_prior_X2008P.pt,14,930,0.0034612400000000017
split_prior_Z8JOYH.pt,14,96,0.003435060000000001
split_prior_P5ILEP.pt,7,1288,0.003496199999999999
split_prior_U537FZ.pt,28,524,0.0034257999999999992
split_prior_S6MTMG.pt,7,1004,0.003474820000000001
split_prior_FIPASF.pt,14,32,0.00698652
split_prior_QPW6RN.pt,7,62,0.0034644199999999993
split_prior_CBI5GE.pt,56,386,0.00344308
split_prior_WEX1JU.pt,1,670,0.01054042
split_prior_TYFQLU.pt,28,146,0.0034791399999999995
split_prior_UIN978.pt,56,522,0.003478380000000001
split_prior_BRKNOT.pt,7,528,0.0045134599999999995
split_prior_EHJ25O.pt,28,182,0.0034137
split_prior_HHQRZV.pt,56,58,0.0034267000000000004
split_prior_1M7WJ7.pt,7,22,0.0034704799999999997
split_prior_TDVLH3.pt,56,500,0.0034763
split_prior_1W5M9A.pt,112,1370,0.003504019999999999
split_prior_6VGUOM.pt,56,490,0.00347732
split_prior_TTP7VS.pt,7,1136,0.00345586
split_prior_YJHJBI.pt,14,514,0.0034674000000000007
split_prior_UY564B.pt,28,200,0.0034683200000000004
split_prior_VEO8EE.pt,56,88,0.003643760000000001
split_prior_4MHZGP.pt,14,164,0.0034457000000000003
split_prior_DAKWRC.pt,112,492,0.0034282400000000004
split_prior_SCKYW1.pt,28,152,0.0034775600000000006
split_prior_8P300U.pt,3,4,0.012475420000000004
split_prior_N6TOYQ.pt,112,38,0.0035026
split_prior_QU6ZRM.pt,56,138,0.003477020000000001
split_prior_QZ17TE.pt,14,552,0.0034654800000000004
split_prior_SJT20U.pt,7,12,0.0034635800000000004
split_prior_SN31PE.pt,28,178,0.00346694
split_prior_E1NI94.pt,112,538,0.0034623600000000003
split_prior_EQZR3G.pt,56,134,0.0034581199999999994
split_prior_EZVR0Y.pt,3,522,0.003424959999999999
split_prior_78LWBT.pt,7,142,0.0034772600000000015
split_prior_DPKB47.pt,56,532,0.0034118399999999993
split_prior_GM6CMG.pt,56,220,0.0034698000000000003
split_prior_T6JI14.pt,112,1072,0.0034945200000000014
split_prior_SPR7R2.pt,14,112,0.0035421199999999993
split_prior_JWO5CF.pt,7,200,0.006348939999999998
split_prior_YVJCS1.pt,14,512,0.00343362
split_prior_L817XB.pt,7,212,0.013814100000000001
split_prior_B17OE1.pt,14,582,0.00348416
split_prior_UVVOGN.pt,14,1042,0.0034736999999999997
split_prior_W9N9B6.pt,14,514,0.0034555799999999998
split_prior_JKKIYY.pt,7,506,0.00345302
split_prior_9R0QWV.pt,28,66,0.00355158
split_prior_EOYBE0.pt,7,16,0.0092714
split_prior_0KU69H.pt,28,174,0.003464699999999999
split_prior_8I6JR9.pt,14,100,0.00571504
split_prior_HPVJBD.pt,28,70,0.0034758999999999996
split_prior_33VBVW.pt,56,204,0.003430059999999999
split_prior_19FLKP.pt,56,84,0.0036024
split_prior_8NQ1IW.pt,14,196,0.00344132
split_prior_3KWZWG.pt,3,230,0.0036097399999999997
split_prior_5MHVK7.pt,14,34,0.003538339999999999
split_prior_CVDC4X.pt,224,28,0.0035392799999999997
split_prior_O1EBLA.pt,7,852,0.003539319999999999
split_prior_2G0I32.pt,14,228,0.0034459999999999994
split_prior_O2LKJT.pt,7,92,0.0043855
split_prior_G10TK3.pt,56,160,0.003453040000000001
split_prior_7PBK3H.pt,112,50,0.003444979999999999
split_prior_XD4D4I.pt,14,2054,0.0034352
split_prior_XSO3MC.pt,7,56,0.003427539999999999
split_prior_5D02YG.pt,14,90,0.00343042
split_prior_XZGV24.pt,14,258,0.0034261200000000004
split_prior_BIQ6UC.pt,7,468,0.0034149000000000007
split_prior_5P471C.pt,56,172,0.00341096
split_prior_OYUF5K.pt,14,448,0.00346292
split_prior_7ZAZST.pt,7,194,0.003537
split_prior_P0KEJH.pt,28,242,0.003452420000000001
split_prior_8J7GWQ.pt,28,462,0.0034935000000000005
split_prior_ES4EHN.pt,7,134,0.00883694
split_prior_SKVK6W.pt,112,310,0.0037048600000000004
split_prior_IB20DZ.pt,28,6,0.00516752
split_prior_Q3JK2U.pt,14,1160,0.00344144
split_prior_SAI2Z8.pt,7,224,0.0034577799999999997
split_prior_EXCB7L.pt,28,518,0.0034922399999999998
split_prior_I6PKWH.pt,28,212,0.0034864600000000007
split_prior_21YCDL.pt,1,88,0.00345342
split_prior_I3KG8Z.pt,14,524,0.0034987399999999997
split_prior_RR0XF6.pt,28,1018,0.0035063799999999995
split_prior_4CGTAQ.pt,28,528,0.0034764200000000018
split_prior_BHOP1C.pt,14,16,0.0034796
split_prior_YRZKKX.pt,7,986,0.00343698
split_prior_2A1F7Q.pt,112,454,0.00348192
split_prior_LO8VQ6.pt,28,246,0.003508080000000001
split_prior_7PYVMR.pt,28,700,0.00343378
split_prior_2E8MW6.pt,14,516,0.0034782999999999993
split_prior_AHF0JZ.pt,7,160,0.0034241799999999993
split_prior_B4MSDD.pt,14,102,0.008369519999999998
split_prior_VJFZ7N.pt,112,540,0.003474339999999999
split_prior_B71DEJ.pt,28,52,0.00342302
split_prior_CXDSVT.pt,14,410,0.0035287599999999997
split_prior_OTLZU7.pt,7,60,0.005153159999999998
split_prior_DF3L27.pt,7,848,0.00351796
split_prior_QN26NK.pt,14,176,0.0034814199999999994
split_prior_IW4QZK.pt,14,244,0.003468179999999999
split_prior_PY1P4S.pt,112,226,0.0034797799999999996
split_prior_PSKHFU.pt,28,264,0.0035009600000000013
split_prior_2PY268.pt,14,76,0.00344912
split_prior_VA2S3I.pt,56,392,0.0034580399999999995
split_prior_BUGNDO.pt,112,182,0.0034615
split_prior_EDMWFO.pt,7,280,0.003465120000000001
split_prior_ZGBD94.pt,112,494,0.0034928400000000005
split_prior_VQ3B3W.pt,14,452,0.0034218399999999993
split_prior_FX3OQ7.pt,7,200,0.003459219999999999
split_prior_HPS802.pt,14,174,0.0035058199999999993
split_prior_P3E1XT.pt,28,14,0.01342722
split_prior_MCQWHG.pt,28,172,0.00348804
split_prior_PNF5E2.pt,112,60,0.00353888
split_prior_3E9F70.pt,28,28,0.004302459999999999
split_prior_J0439I.pt,14,82,0.005835020000000001
split_prior_NAM87Q.pt,14,92,0.0034721
split_prior_S9278G.pt,14,166,0.0034335800000000003
split_prior_XD1Y6B.pt,56,532,0.0035348200000000006
split_prior_VU1IRR.pt,28,204,0.0034886800000000005
split_prior_0TBHND.pt,14,208,0.003457139999999999
split_prior_W9TNRJ.pt,14,452,0.0034556799999999987
split_prior_WXBLST.pt,28,532,0.0034669400000000013
split_prior_3VDYTZ.pt,14,510,0.003446200000000001
split_prior_4MSC95.pt,7,538,0.0034178999999999993
split_prior_0SRJV1.pt,56,80,0.0034124399999999992
split_prior_R18YA6.pt,7,168,0.0034951000000000006
split_prior_JSVDCG.pt,56,250,0.00345672
split_prior_D0YT8W.pt,56,172,0.003477919999999999
split_prior_BF6HDT.pt,1,806,0.0093714
split_prior_A3REKK.pt,56,436,0.0034627200000000007
split_prior_B75ZB0.pt,28,244,0.0034547999999999996
split_prior_WB71FO.pt,14,76,0.0034168799999999997
split_prior_RYOIP1.pt,28,570,0.003433739999999999
split_prior_Y4P7KD.pt,28,98,0.0034632800000000004
split_prior_7M3XZY.pt,14,184,0.003542480000000001
split_prior_CWTBM2.pt,28,1030,0.003472959999999999
split_prior_H2PC8G.pt,14,190,0.0034606999999999993
split_prior_P18BUU.pt,7,338,0.0034656999999999995
split_prior_CHP3R9.pt,7,1152,0.0034546800000000016
split_prior_E8TXGZ.pt,14,92,0.0035346799999999997
split_prior_KRTFCA.pt,56,1084,0.0034375600000000005
split_prior_YCN0OL.pt,56,1272,0.0034632
split_prior_UOC8HE.pt,28,244,0.0034669799999999997
split_prior_GELYD7.pt,14,498,0.0034521600000000014
split_prior_RT1HL8.pt,56,536,0.0034720800000000007
split_prior_Z6LWXJ.pt,14,138,0.0035074000000000012
split_prior_L9WI4E.pt,7,140,0.011509240000000007
split_prior_LOX8SM.pt,28,214,0.00350986
split_prior_O57AB0.pt,28,128,0.003440519999999999
split_prior_GJXFTG.pt,14,152,0.0034785999999999997
split_prior_JODP6D.pt,14,508,0.0034827800000000004
split_prior_7QQVOL.pt,14,498,0.0034625599999999995
split_prior_7KL3KI.pt,56,142,0.00347244
split_prior_0QL33C.pt,56,190,0.0035227000000000014
split_prior_30855L.pt,7,1160,0.0035926199999999986
split_prior_PGDCIL.pt,56,846,0.003510960000000001
split_prior_5IFHA8.pt,14,264,0.0035293800000000004
split_prior_GBQCGG.pt,14,142,0.0034280799999999996
split_prior_DZRSMR.pt,56,824,0.00347794
split_prior_C5PUHD.pt,28,1972,0.0034519400000000006
split_prior_7WXLZX.pt,28,94,0.00344064
split_prior_R69IVU.pt,7,24,0.0033982799999999996
split_prior_MT62N1.pt,28,1134,0.0035153199999999997
split_prior_IQMGKZ.pt,7,196,0.0034495800000000003
split_prior_STJS78.pt,7,64,0.00936758
split_prior_86IXDF.pt,28,78,0.0034839599999999986
split_prior_WUBLB5.pt,56,216,0.0034797
split_prior_DPDVT4.pt,56,200,0.0035567799999999994
split_prior_C4TBO9.pt,14,542,0.0035451800000000006
split_prior_HD42V1.pt,56,220,0.0034553800000000005
split_prior_2TK3RE.pt,14,34,0.007760280000000005
split_prior_Z7V6YB.pt,14,98,0.00436436
split_prior_LQA98F.pt,28,202,0.00352316
split_prior_3X08L4.pt,28,430,0.00346188
split_prior_M9ODW0.pt,56,254,0.003455980000000001
split_prior_NH0WYH.pt,56,510,0.003430420000000001
split_prior_GGAX3Z.pt,14,180,0.00367356
split_prior_KBRP59.pt,56,786,0.0034571800000000002
split_prior_UE5CTC.pt,56,1788,0.0035013400000000012
split_prior_MR7HO7.pt,14,496,0.0035063999999999994
split_prior_DEVL7N.pt,14,186,0.005362699999999999
split_prior_JNTJCC.pt,14,438,0.0034630999999999993
split_prior_X6B28N.pt,28,1282,0.0034517599999999995
split_prior_9I6773.pt,28,178,0.0035161400000000005
split_prior_WOR9ZS.pt,14,124,0.0044087599999999985
split_prior_AG9T49.pt,28,20,0.0034284199999999997
split_prior_2787R3.pt,7,2024,0.0034601200000000006
split_prior_R6V0KU.pt,14,474,0.0034377200000000013
split_prior_G0ZHCC.pt,224,78,0.0034587400000000014
split_prior_QP3EFT.pt,7,252,0.00439746
split_prior_4ZJNHM.pt,14,192,0.003464299999999999
split_prior_HEFF4E.pt,56,184,0.00344636
split_prior_48P91L.pt,1,138,0.004112
split_prior_Z54CMA.pt,1,24,0.006207820000000002
split_prior_DM7GIA.pt,28,1188,0.0034573
split_prior_MXWBCJ.pt,7,142,0.0034543199999999994
split_prior_JI6JO2.pt,7,146,0.012349760000000003
split_prior_J6J09R.pt,56,240,0.00344794
split_prior_Y5I0L8.pt,28,62,0.0034767799999999983
split_prior_WIWBZD.pt,14,256,0.0034499199999999995
split_prior_ZRFDMG.pt,7,226,0.004600639999999998
split_prior_O03EBC.pt,112,1624,0.003453000000000001
split_prior_J2TUTK.pt,112,146,0.0034591600000000006
split_prior_GXQNYA.pt,7,988,0.0034596999999999996
split_prior_CYX3D1.pt,56,112,0.0035348600000000008
split_prior_S1W1SK.pt,7,198,0.0034999999999999996
split_prior_TZKJIN.pt,28,102,0.0034405000000000004
split_prior_WC2JUI.pt,7,940,0.0033975199999999994
split_prior_MINBU6.pt,7,32,0.00476482
split_prior_NZVC1B.pt,14,94,0.003464299999999999
split_prior_TR8QJM.pt,28,1182,0.0034206600000000003
split_prior_TS74FK.pt,56,62,0.0034768999999999993
split_prior_QG0EZG.pt,28,44,0.0034504000000000006
split_prior_RKXDYH.pt,28,1936,0.0035462799999999993
split_prior_73E4EB.pt,28,152,0.0034629600000000006
split_prior_BET74G.pt,112,1138,0.003438780000000001
split_prior_5EHF2M.pt,14,54,0.011626219999999998
split_prior_RR89BG.pt,7,90,0.009140059999999997
split_prior_QO91OA.pt,7,1040,0.00347474
split_prior_ODP39Y.pt,7,144,0.003950560000000002
split_prior_OFNZGF.pt,7,954,0.0034495799999999994
split_prior_OZ5OSN.pt,14,86,0.0035065400000000007
split_prior_TX9O2O.pt,14,534,0.0035004600000000004
split_prior_INO0VH.pt,112,14,0.0034410800000000004
split_prior_YE4YT4.pt,14,562,0.003471760000000001
split_prior_YNKSDJ.pt,112,220,0.0035420400000000015
split_prior_MIJ3GJ.pt,28,20,0.0035225999999999994
split_prior_T2FO1E.pt,14,170,0.005912360000000001
split_prior_9IIS5L.pt,7,206,0.007046019999999999
split_prior_EO8E2U.pt,14,98,0.0034634800000000006
split_prior_TIEBHA.pt,224,136,0.003533220000000001
split_prior_HUZAT6.pt,3,2068,0.0035014799999999995
split_prior_KOAVW0.pt,7,202,0.011812540000000005
split_prior_TY69HC.pt,56,42,0.003578459999999999
split_prior_ZP3XS0.pt,14,778,0.003463660000000001
split_prior_0O43ZW.pt,14,74,0.003424799999999999
split_prior_CENTPN.pt,14,1706,0.0035189400000000008
split_prior_HBTWTY.pt,7,1924,0.003531380000000001
split_prior_KEGQPO.pt,7,58,0.00349184
split_prior_ZR00ML.pt,14,44,0.0037801799999999993
split_prior_YAHCF2.pt,28,34,0.0034630999999999993
split_prior_XAVAER.pt,112,408,0.0034782399999999996
split_prior_4734AH.pt,7,6,0.0127192
split_prior_OM694X.pt,28,268,0.0034580400000000008
split_prior_V4XDTO.pt,14,514,0.003470579999999999
split_prior_MT3HSI.pt,14,102,0.003477600000000001
split_prior_FCN20H.pt,28,852,0.0034271400000000004
split_prior_OQ3NQ9.pt,56,148,0.0034824200000000013
split_prior_TKNSWB.pt,28,974,0.0034837
split_prior_Z4VVYR.pt,28,164,0.0034887200000000007
split_prior_G232VC.pt,28,470,0.0034657999999999993
split_prior_ZLYUR6.pt,7,514,0.0034791200000000005
split_prior_33N8OJ.pt,56,524,0.0036407000000000006
split_prior_RDIM4U.pt,7,628,0.0034648399999999994
split_prior_L2UJBK.pt,56,180,0.0034482399999999996
split_prior_I3XPBQ.pt,56,202,0.003449159999999999
split_prior_CPDW1R.pt,1,28,0.013779640000000006
split_prior_VIISF7.pt,56,82,0.0034360200000000006
split_prior_E289YI.pt,14,86,0.0034216999999999997
split_prior_H2HVQX.pt,28,98,0.003509340000000001
split_prior_A1HRQ3.pt,14,1464,0.0034668600000000004
split_prior_KBQHYE.pt,14,152,0.0035124999999999996
split_prior_VXPBZK.pt,7,998,0.0034446800000000003
split_prior_11H4A9.pt,28,518,0.0034644999999999993
split_prior_JJYJFQ.pt,28,168,0.0034785799999999993
split_prior_VEFD53.pt,14,830,0.00342158
split_prior_YDZU0S.pt,112,494,0.0034507799999999988
split_prior_RIHFD3.pt,14,184,0.0039045
split_prior_20Y7D0.pt,7,174,0.004819479999999999
split_prior_CK4U2Q.pt,7,100,0.00342954
split_prior_15AQUG.pt,14,422,0.00342582
split_prior_B088XO.pt,14,168,0.003507539999999999
split_prior_6S7RSV.pt,14,494,0.003449739999999999
split_prior_KI2G4I.pt,112,590,0.0034893999999999997
split_prior_TORT6H.pt,56,20,0.003427640000000001
split_prior_QJFVBE.pt,7,176,0.00344448
split_prior_6EXEXX.pt,14,988,0.0034663199999999993
split_prior_OQ3NQW.pt,14,1822,0.00346476
split_prior_AM9UR6.pt,28,34,0.003450720000000001
split_prior_YON2N0.pt,56,984,0.0034547
split_prior_JYN2CN.pt,56,124,0.0034596000000000015
split_prior_NCPEDO.pt,14,10,0.00408606
split_prior_N38DMS.pt,56,120,0.0034726799999999997
split_prior_YGIRPV.pt,14,152,0.00343856
split_prior_6YDTRA.pt,14,130,0.00344848
split_prior_2N5KJA.pt,28,48,0.0034757400000000006
split_prior_7NJGKV.pt,14,352,0.0034552800000000007
split_prior_238Y4K.pt,7,206,0.0034874600000000004
split_prior_GJ1ZRT.pt,56,264,0.0034578999999999994
split_prior_3HN5AJ.pt,28,1372,0.00346024
split_prior_3CJWA2.pt,56,138,0.0034438200000000006
split_prior_G8DC68.pt,7,194,0.0034947399999999997
split_prior_41T3LL.pt,14,504,0.0034721400000000003
split_prior_DXLOC9.pt,112,300,0.00346708
split_prior_ZI17ZT.pt,56,522,0.00345968
split_prior_ITJGM2.pt,112,542,0.003457360000000001
split_prior_K7ZFDP.pt,1,826,0.00697586
split_prior_GFO486.pt,56,270,0.0034514200000000006
split_prior_782YX0.pt,56,182,0.0034479199999999997
split_prior_1EGL6B.pt,28,260,0.00348166
split_prior_5G284J.pt,7,128,0.0034861000000000002
split_prior_2B81EC.pt,14,512,0.00351276
split_prior_MNMM2S.pt,112,200,0.0034877399999999996
split_prior_1GV9U4.pt,7,2012,0.0034762399999999994
split_prior_HOX9LK.pt,112,522,0.0034625399999999996
split_prior_8VE1D2.pt,112,46,0.0034988399999999996
split_prior_O47AJP.pt,28,140,0.003453500000000001
split_prior_VPLWLS.pt,14,250,0.0035011000000000005
split_prior_GMDHVC.pt,14,220,0.0034435399999999993
split_prior_YY7WXC.pt,7,1160,0.0035075
split_prior_ICRSC1.pt,14,488,0.0034461599999999998
split_prior_0DEBGT.pt,56,218,0.00343454
split_prior_CT6ZYQ.pt,14,84,0.0034402200000000003
split_prior_K1QYFK.pt,14,2012,0.0034822399999999993
split_prior_I7272B.pt,112,86,0.00345162
split_prior_KGGSFC.pt,56,120,0.0034532799999999987
split_prior_P7SBAI.pt,56,144,0.00344474
split_prior_1M2346.pt,14,228,0.0034267799999999986
split_prior_9WOQ8K.pt,14,168,0.0036772199999999993
split_prior_JNAEWG.pt,28,176,0.0034953799999999998
split_prior_ZGXISH.pt,56,1036,0.00359974
split_prior_UTAFS0.pt,14,522,0.0034984000000000005
split_prior_OPQMDW.pt,28,192,0.0035136799999999995
split_prior_LZYH2Q.pt,14,224,0.003624739999999999
split_prior_B6OIVD.pt,28,410,0.0035333400000000016
split_prior_BQOJTV.pt,14,254,0.0034229800000000004
split_prior_MHZW9Q.pt,56,170,0.0035134600000000012
split_prior_CIZUNU.pt,28,238,0.0034233799999999997
split_prior_QUL4BM.pt,14,504,0.0035034000000000003
split_prior_93SYLA.pt,56,230,0.0034454
split_prior_7NTLAB.pt,7,858,0.00343208
split_prior_OM3ZMJ.pt,28,766,0.00344486
split_prior_210E4L.pt,112,168,0.0034406
split_prior_HYTMXY.pt,7,452,0.004199479999999998
split_prior_Q6XTK4.pt,7,200,0.0034813200000000004
split_prior_7MGM50.pt,7,1510,0.003459100000000001
split_prior_DB5ENE.pt,14,204,0.00344118
split_prior_WPEHDD.pt,28,176,0.0034335400000000005
split_prior_AEISFR.pt,7,224,0.0034780800000000006
split_prior_6ESN11.pt,14,1378,0.0034706199999999993
split_prior_K5F459.pt,28,30,0.00345858
split_prior_YKDOOG.pt,14,250,0.0034886
split_prior_RG01SY.pt,14,156,0.004415659999999999
split_prior_AS3WMI.pt,56,246,0.0035236200000000007
split_prior_QW6F53.pt,7,76,0.0035117200000000003
split_prior_0HB10L.pt,56,84,0.003445820000000001
split_prior_U91YN3.pt,14,6,0.003479340000000001
split_prior_FEH8H1.pt,7,260,0.003442039999999999
split_prior_2RDWYP.pt,56,536,0.0034856800000000005
split_prior_9ZNT2I.pt,224,48,0.0034930200000000008
split_prior_OUPF0K.pt,28,188,0.0034514000000000007
split_prior_N73UJ2.pt,14,522,0.00343162
split_prior_KRH7VQ.pt,28,944,0.003473140000000001
split_prior_8K56KP.pt,28,114,0.0034846600000000005
split_prior_S26BSH.pt,28,64,0.003453479999999999
split_prior_ZH0AJM.pt,14,92,0.003431400000000001
split_prior_KB2HWW.pt,28,94,0.0034249800000000006
split_prior_3GOZ0V.pt,56,188,0.003424879999999999
split_prior_TC2OYS.pt,14,226,0.003442460000000001
split_prior_TBCP5G.pt,14,68,0.00851014
split_prior_7SITAD.pt,56,128,0.0034366799999999997
split_prior_KBPQ2Z.pt,112,146,0.0034722000000000004
split_prior_TVC289.pt,56,112,0.00350236
split_prior_4TW8GT.pt,56,974,0.0035126599999999995
split_prior_PFLJLI.pt,14,534,0.0034993399999999997
split_prior_CVGCVM.pt,28,478,0.00347138
split_prior_TMCL0Z.pt,14,202,0.0034549399999999997
split_prior_SBA7Q5.pt,14,268,0.0034504
split_prior_UFH8JL.pt,14,244,0.00346346
split_prior_H7JH27.pt,56,760,0.0034872799999999993
split_prior_F8YF0N.pt,56,38,0.0035150199999999998
split_prior_GEHHTY.pt,56,190,0.0034573599999999987
split_prior_D6ZJ8K.pt,28,56,0.00345174
split_prior_TF264T.pt,14,208,0.00344776
split_prior_2Z2JFZ.pt,56,530,0.00348172
split_prior_SW8DB1.pt,7,490,0.003438380000000001
split_prior_SUAGZK.pt,56,140,0.0035225399999999994
split_prior_6614IX.pt,56,96,0.0034279800000000006
split_prior_GE96DD.pt,56,550,0.003510800000000002
split_prior_GXNFJU.pt,56,260,0.00355466
split_prior_78WJWC.pt,56,424,0.003458780000000001
split_prior_DPUM2T.pt,56,524,0.0034489599999999987
split_prior_PEJB35.pt,56,74,0.003478319999999999
split_prior_JCD2I2.pt,3,758,0.0034987200000000007
split_prior_K3BSF5.pt,112,184,0.003440700000000001
split_prior_LVJJ2W.pt,14,262,0.0034267599999999996
split_prior_AN8PRQ.pt,112,228,0.0034377599999999993
split_prior_4ULUBR.pt,56,206,0.0034237799999999995
split_prior_G8PD7D.pt,56,44,0.00354604
split_prior_1C2932.pt,56,264,0.0035182599999999987
split_prior_NB0F36.pt,7,1542,0.003416000000000001
split_prior_SEB46E.pt,7,520,0.00344526
split_prior_C3OMGP.pt,112,170,0.0034902999999999996
split_prior_0GIV73.pt,28,2130,0.0035925
split_prior_486ZS4.pt,14,506,0.0034666600000000003
split_prior_29QUFN.pt,1,500,0.005231760000000001
split_prior_LGZE7N.pt,56,174,0.0034760999999999998
split_prior_7FV4BF.pt,28,214,0.0034830600000000014
split_prior_6W6SU5.pt,56,148,0.0034301400000000004
split_prior_R9DT5E.pt,28,206,0.00346546
split_prior_MN19EZ.pt,14,18,0.00345894
split_prior_OYW4ZB.pt,3,78,0.01477836
split_prior_CO3RL1.pt,7,656,0.00350644
split_prior_GY0HBS.pt,28,1018,0.0034866399999999996
split_prior_4BEIUZ.pt,7,766,0.0034824400000000016
split_prior_IIX9N4.pt,14,80,0.0035718600000000014
split_prior_VHNITS.pt,3,244,0.010873540000000001
split_prior_A617WM.pt,28,842,0.0034951599999999993
split_prior_NZZRAL.pt,14,1906,0.0034460399999999996
split_prior_D2J5ZE.pt,56,528,0.0034474199999999992
split_prior_LATH5P.pt,56,186,0.003476260000000001
split_prior_TDYNIY.pt,14,498,0.0034517600000000003
split_prior_62S6AF.pt,14,250,0.0034190600000000002
split_prior_5P53D4.pt,7,1294,0.0034615000000000006
split_prior_O3LFM0.pt,14,242,0.0034541399999999996
split_prior_J418UX.pt,224,494,0.0035166999999999998
split_prior_NY36RL.pt,112,980,0.0034571199999999997
split_prior_9BAXDI.pt,14,234,0.003479220000000001
split_prior_T8V92L.pt,14,480,0.003423299999999999
split_prior_EIBLDI.pt,112,520,0.00346978
split_prior_QZS375.pt,7,16,0.005783579999999999
split_prior_4MY0WJ.pt,7,88,0.01300394
split_prior_D496DT.pt,224,1144,0.00340574
split_prior_J7OWA0.pt,56,786,0.0035123000000000003
split_prior_0JGF5V.pt,14,224,0.0034856999999999996
split_prior_37V27C.pt,56,212,0.0034303599999999995
split_prior_YW5E6V.pt,7,210,0.0034311199999999997
split_prior_IYCX10.pt,7,132,0.007825260000000004
split_prior_RKWJTO.pt,14,256,0.0035274000000000004
split_prior_H2L0SX.pt,28,212,0.00346308
split_prior_SHOGRI.pt,7,164,0.0035067799999999993
split_prior_JMBQL2.pt,28,184,0.003558080000000001
split_prior_0MGYRR.pt,56,642,0.00344608
split_prior_97UNOW.pt,56,1638,0.0034830399999999993
split_prior_8YQC5E.pt,112,2150,0.0034794400000000007
split_prior_6SKPVL.pt,14,112,0.0034541799999999994
split_prior_EUVQNJ.pt,7,200,0.0034552799999999994
split_prior_ICJPGW.pt,28,200,0.00347808
split_prior_OJN7DJ.pt,7,922,0.0034329200000000008
split_prior_PZNEZF.pt,14,8,0.00345962
split_prior_8897L7.pt,28,846,0.0034252999999999996
split_prior_LC8O6T.pt,1,26,0.007786479999999996
split_prior_BVA7ON.pt,28,580,0.00344608
split_prior_B5IN7R.pt,28,44,0.003427540000000001
split_prior_APYTKP.pt,56,522,0.003436320000000001
split_prior_411XB4.pt,14,234,0.00343894
split_prior_G29U0M.pt,14,264,0.00345848
split_prior_B7E9FT.pt,14,32,0.0034336599999999994
split_prior_07Q7E5.pt,56,66,0.0034581000000000013
split_prior_5O5LRS.pt,28,764,0.0034642799999999997
split_prior_4NQ5PL.pt,28,54,0.0034596199999999988
split_prior_RI6UKR.pt,28,510,0.0035055800000000016
split_prior_0RG9J9.pt,7,518,0.00340936
split_prior_SVZ6KT.pt,112,1260,0.003566140000000001
split_prior_524N7K.pt,14,1052,0.0034832799999999996
split_prior_2KBNP2.pt,7,110,0.003483800000000001
split_prior_LWTDIP.pt,28,276,0.0035288399999999997
split_prior_7G4E2I.pt,7,220,0.0046647
split_prior_K4IE0C.pt,14,538,0.003426780000000001
split_prior_BTRZAU.pt,14,498,0.0034285999999999995
split_prior_25IDHK.pt,56,130,0.0034841600000000005
split_prior_4EF0D8.pt,14,484,0.0034491799999999996
split_prior_A391GK.pt,7,198,0.00931956
split_prior_I0UDTG.pt,7,132,0.004966120000000001
split_prior_6NF3EU.pt,14,180,0.00344602
split_prior_86S6T5.pt,7,2142,0.00354758
split_prior_0EHV1T.pt,56,12,0.0035100999999999986
split_prior_QGN4Y3.pt,7,156,0.006566340000000001
split_prior_FN4HQY.pt,7,260,0.005955700000000001
split_prior_TRBND3.pt,28,1278,0.0034509000000000002
split_prior_MKTXPH.pt,14,398,0.00344382
split_prior_PM2D9R.pt,28,178,0.00345002
split_prior_CTZEM0.pt,7,1036,0.0034490599999999995
split_prior_VNK1GN.pt,56,1244,0.0033917800000000005
split_prior_7HZM42.pt,112,176,0.0034657800000000003
split_prior_YK8VJV.pt,14,236,0.0034431399999999986
split_prior_TMG5N1.pt,28,514,0.003463119999999999
split_prior_NXD7SZ.pt,28,66,0.00349596
split_prior_URJIRI.pt,7,484,0.0034632400000000002
split_prior_D64RZT.pt,112,534,0.0034615
split_prior_OP63KB.pt,28,146,0.00357168
split_prior_10VR2X.pt,112,8,0.0034619000000000004
split_prior_14TWJ4.pt,14,84,0.0034216999999999997
split_prior_ONCPOV.pt,14,48,0.02269308
split_prior_7NIJPJ.pt,14,130,0.00492828
split_prior_AL9345.pt,28,634,0.003482900000000001
split_prior_PZ4BBT.pt,14,448,0.0034691200000000004
split_prior_2NT7PD.pt,14,104,0.007696539999999997
split_prior_P742GW.pt,1,920,0.00428042
split_prior_8MCUEN.pt,14,934,0.0034580599999999993
split_prior_7X5UC7.pt,56,18,0.00354728
split_prior_RTQP75.pt,56,154,0.0034064799999999995
split_prior_36SNQE.pt,56,246,0.003462760000000001
split_prior_IIQMRI.pt,56,186,0.003457179999999999
split_prior_E7QWTC.pt,56,80,0.0034583199999999995
split_prior_CBOTE3.pt,14,1170,0.0034820800000000007
split_prior_XKERXQ.pt,56,536,0.0034406399999999987
split_prior_2ISKMX.pt,28,396,0.003544179999999999
split_prior_ZDM7IZ.pt,14,98,0.0034535599999999996
split_prior_JNX16P.pt,28,524,0.0034719800000000012
split_prior_4Y3Y41.pt,112,248,0.0034788400000000004
split_prior_O7XT8T.pt,28,976,0.00348974
split_prior_N02VY9.pt,112,1030,0.0034792399999999998
split_prior_A4SOIF.pt,112,504,0.00346244
split_prior_1Z649T.pt,28,170,0.003501280000000001
split_prior_VKXH3U.pt,56,1022,0.003461400000000001
split_prior_YOHD05.pt,56,40,0.003545580000000001
split_prior_Q6WXMF.pt,7,170,0.010888700000000003
split_prior_79PS7N.pt,112,1024,0.0034602200000000004
split_prior_4IEKMW.pt,28,8,0.003486959999999999
split_prior_O67XGV.pt,14,10,0.0034311199999999997
split_prior_1HM1Z9.pt,56,250,0.00349764
split_prior_0PKNZJ.pt,7,90,0.008357939999999996
split_prior_OASZ04.pt,7,102,0.006549620000000001
split_prior_SM7VIE.pt,14,206,0.0034745
split_prior_R4S470.pt,56,100,0.0035009399999999997
split_prior_JJWWTW.pt,7,112,0.003532860000000001
split_prior_M8WQXQ.pt,56,266,0.0035120599999999996
split_prior_8R4AK2.pt,224,158,0.00343318
split_prior_LGAS3J.pt,28,262,0.0035265600000000015
split_prior_RRCH9Q.pt,7,140,0.0034949800000000004
split_prior_3FEC3V.pt,56,980,0.0034595800000000003
split_prior_6W0QF4.pt,28,520,0.0034917399999999997
split_prior_N2HHNB.pt,112,848,0.00345636
split_prior_1DF3TV.pt,14,56,0.00343342
split_prior_Z86CZ5.pt,28,152,0.0035204599999999996
split_prior_HAFHBA.pt,7,260,0.011880100000000003
split_prior_JZXIF9.pt,28,2160,0.003478099999999999
split_prior_5FC23Y.pt,56,32,0.0035755800000000005
split_prior_0KJI4P.pt,112,128,0.0034130600000000007
split_prior_H2OMMQ.pt,56,848,0.0034639799999999998
split_prior_0BKG9G.pt,14,258,0.0034451599999999983
split_prior_HQYHWY.pt,14,518,0.0034659400000000007
split_prior_L0T8D5.pt,14,760,0.0034836
split_prior_4MVHZM.pt,14,82,0.0035058999999999997
split_prior_WC4JBB.pt,14,174,0.0034965
split_prior_0SKYJK.pt,14,762,0.00349238
split_prior_H7CQI9.pt,28,518,0.0034765200000000003
split_prior_COLWWY.pt,56,172,0.003470139999999999
split_prior_M27GPJ.pt,28,54,0.00342654
split_prior_NDTXP6.pt,14,1918,0.0034743399999999985
split_prior_5QZQ3N.pt,56,672,0.0035030400000000007
split_prior_LN524G.pt,56,142,0.0034851000000000005
split_prior_PWI4D0.pt,28,506,0.0034531800000000006
split_prior_IXQFWQ.pt,112,112,0.0034286
split_prior_6UG57I.pt,14,976,0.0034992400000000002
split_prior_EKNDYZ.pt,56,212,0.0034423000000000006
split_prior_DMAKXG.pt,1,80,0.0034236199999999987
split_prior_I1EI4B.pt,7,1062,0.00346626
split_prior_OWE3XG.pt,7,540,0.0034431
split_prior_OX4IHC.pt,56,668,0.0035545000000000017
split_prior_Y06SYV.pt,3,162,0.003516060000000001
split_prior_RLJC2T.pt,7,74,0.0035107600000000012
split_prior_6118Y6.pt,28,182,0.00348384
split_prior_8WM59R.pt,56,234,0.0034401799999999997
split_prior_Q5TOZQ.pt,14,76,0.00341968
split_prior_OMF0NS.pt,14,8,0.01468968
split_prior_1EITZV.pt,56,790,0.003503600000000001
split_prior_XJTZ4G.pt,28,456,0.0034665800000000004
split_prior_0DETEU.pt,14,200,0.003541039999999999
split_prior_BBXM10.pt,14,20,0.00343756
split_prior_L6FCOC.pt,28,254,0.0035017000000000004
split_prior_ZD8QAK.pt,28,46,0.0034555000000000002
split_prior_ER8T6F.pt,14,48,0.006049119999999999
split_prior_CYXO1S.pt,28,50,0.0034499000000000005
split_prior_5Z69GW.pt,14,20,0.00347586
split_prior_14CNSK.pt,28,204,0.003435240000000001
split_prior_V6Z5OD.pt,224,176,0.0035440200000000006
split_prior_DT1YRR.pt,56,272,0.0034436799999999993
split_prior_ILGG41.pt,7,238,0.00444662
split_prior_57YA79.pt,14,162,0.003420179999999999
split_prior_O8G5K9.pt,56,204,0.00348576
split_prior_VC1TEO.pt,112,192,0.003431619999999999
split_prior_KOT7PC.pt,28,228,0.0034527999999999994
split_prior_EAV66N.pt,56,186,0.0034639199999999997
split_prior_EXVWWH.pt,14,126,0.0034646000000000004
split_prior_DG6MFG.pt,28,138,0.0034239400000000003
split_prior_4I3FYY.pt,7,540,0.00796942
split_prior_OQMVER.pt,28,182,0.0034509600000000007
split_prior_4GFDX5.pt,14,24,0.010462719999999998
split_prior_J3M5SR.pt,112,200,0.003464819999999999
split_prior_LAXYDQ.pt,7,32,0.009720220000000002
split_prior_AKZQF9.pt,28,244,0.0034578599999999997
split_prior_R69RAP.pt,14,468,0.0034732
split_prior_AEGX2O.pt,1,218,0.0034721600000000006
split_prior_EYWT8Y.pt,28,540,0.003526319999999999
split_prior_5OY6QQ.pt,56,168,0.0034427999999999998
split_prior_SGVEX5.pt,14,216,0.003544399999999999
split_prior_UN1LEH.pt,7,240,0.003684399999999999
split_prior_DUMI8X.pt,14,454,0.00341642
split_prior_9PTD11.pt,14,994,0.0034752600000000004
split_prior_6RMR2U.pt,28,92,0.0034230799999999994
split_prior_WHDVBB.pt,28,490,0.0035093999999999993
split_prior_H7S4R3.pt,28,180,0.0034672600000000015
split_prior_8T6HGI.pt,7,526,0.0034655000000000007
split_prior_C9ASRG.pt,14,238,0.00350268
split_prior_H3RLUT.pt,14,1266,0.00341788
split_prior_1QLV8B.pt,112,164,0.0034616399999999985
split_prior_Z3WR12.pt,7,1002,0.00348186
split_prior_1WIYIV.pt,14,180,0.00342744
split_prior_75D98A.pt,3,154,0.0034638800000000008
split_prior_J1WXDI.pt,14,30,0.00356082
split_prior_47RO7P.pt,14,12,0.00346318
split_prior_AXD5JR.pt,14,110,0.003457920000000001
split_prior_YYNENY.pt,112,784,0.0034519000000000012
split_prior_0ADJE8.pt,7,214,0.005508579999999998
split_prior_YQEKHM.pt,14,578,0.0034469200000000005
split_prior_CEAZEA.pt,14,124,0.0097792
split_prior_FRIGAA.pt,14,268,0.003492919999999999
split_prior_I10MOG.pt,28,38,0.003458699999999999
split_prior_ZIMN6J.pt,28,480,0.003461979999999998
split_prior_94RX2M.pt,56,364,0.0034940000000000006
split_prior_RSHTXT.pt,56,504,0.0034812
split_prior_R7RQQU.pt,14,66,0.0037543199999999994
split_prior_JM400A.pt,28,268,0.00344254
split_prior_0O1JC9.pt,56,808,0.0034738799999999986
split_prior_F53P0D.pt,14,148,0.003459499999999998
split_prior_NNPESN.pt,56,180,0.0034809400000000005
split_prior_REUQHU.pt,14,200,0.0035142599999999995
split_prior_ALB4TT.pt,14,1934,0.003461039999999999
split_prior_CQ88XZ.pt,28,156,0.0034638000000000004
split_prior_UAKRRJ.pt,7,60,0.013323019999999996
split_prior_825BVD.pt,56,228,0.0034425399999999996
split_prior_988OZY.pt,14,106,0.0034508000000000013
split_prior_VW50GK.pt,7,14,0.0034538399999999997
split_prior_Q6VKJ1.pt,56,126,0.0034606
split_prior_GBHS5Z.pt,7,500,0.0034912800000000007
split_prior_VYQW2X.pt,56,534,0.003649939999999999
split_prior_OW98V4.pt,112,986,0.0034716399999999994
split_prior_LCYTW1.pt,14,244,0.0034573
split_prior_CU76XO.pt,28,790,0.0034233599999999986
split_prior_V4XT5U.pt,7,16,0.0034979800000000004
split_prior_DOGCE3.pt,7,514,0.0034739599999999986
split_prior_VDKP3G.pt,7,270,0.00346524
split_prior_EERC9F.pt,14,256,0.003438979999999998
split_prior_AWOLWN.pt,56,70,0.003463339999999999
split_prior_X8I62C.pt,224,540,0.0034897
split_prior_W0S62C.pt,112,188,0.0034420400000000017
split_prior_975QYN.pt,28,156,0.0034821599999999998
split_prior_4NUD1I.pt,14,58,0.008961140000000001
split_prior_MU3PH3.pt,56,472,0.00350124
split_prior_BVIU79.pt,28,70,0.003491019999999999
split_prior_LW2WTA.pt,14,1730,0.0035126600000000008
split_prior_QETH3V.pt,112,796,0.003567839999999999
split_prior_WAEHXS.pt,112,148,0.0035096600000000004
split_prior_O3UJQF.pt,14,54,0.00352314
split_prior_MJFTJZ.pt,14,1518,0.0034988600000000008
split_prior_U242JY.pt,14,226,0.0034567800000000004
split_prior_U3WJJB.pt,112,52,0.0034615800000000006
split_prior_OZA74W.pt,7,500,0.0034985600000000004
split_prior_MAK20G.pt,56,510,0.0035399
split_prior_48N54Y.pt,14,246,0.0035978399999999997
split_prior_MHI8JG.pt,28,36,0.003481099999999999
split_prior_KVAX1F.pt,28,252,0.0034832199999999995
split_prior_YIWOF4.pt,56,1012,0.0034425600000000008
split_prior_VFE7PI.pt,14,144,0.003539580000000001
split_prior_EQXZRQ.pt,14,120,0.0034364999999999995
split_prior_9ZUK5A.pt,7,672,0.004684699999999998
split_prior_LIDNFI.pt,56,494,0.00353424
split_prior_BMJSZT.pt,14,18,0.007985960000000002
split_prior_0YR2YK.pt,1,1136,0.003493059999999999
split_prior_MCZLBO.pt,14,270,0.0034339800000000014
split_prior_K6F34Y.pt,112,54,0.0033960799999999997
split_prior_WVAE6J.pt,56,12,0.0034662600000000005
split_prior_P5B9T9.pt,14,1944,0.0034644399999999996
split_prior_845TCU.pt,56,222,0.0034642599999999994
split_prior_MOQYYG.pt,7,514,0.003532860000000001
split_prior_USLEUQ.pt,14,246,0.003501420000000001
split_prior_QQT9HH.pt,7,120,0.004440099999999999
split_prior_IEPC2J.pt,28,156,0.0034501800000000006
split_prior_NN7NKA.pt,7,1964,0.0034841
split_prior_RBS0A0.pt,14,448,0.003532900000000001
split_prior_2KPRCK.pt,56,530,0.003437740000000001
split_prior_RYBQ1X.pt,28,212,0.0034741
split_prior_WHBHJ3.pt,3,102,0.0034582200000000014
split_prior_MSDTP7.pt,56,896,0.00352264
split_prior_MUMBQI.pt,56,1262,0.0034833800000000008
split_prior_JS0JLU.pt,14,98,0.0034480200000000017
split_prior_SP44BD.pt,14,6,0.00351462
split_prior_7U3Z97.pt,112,138,0.00348668
split_prior_AC6IT5.pt,7,1034,0.0035520400000000002
split_prior_FL46LP.pt,7,558,0.0034664
split_prior_SJ6QVJ.pt,28,450,0.0034389200000000003
split_prior_3YQ1Q6.pt,56,60,0.0034820600000000004
split_prior_WUIYQ0.pt,28,1450,0.0034388600000000006
split_prior_QY73L2.pt,14,524,0.0035049599999999992
split_prior_TSV6YB.pt,14,230,0.0035429200000000006
split_prior_1JAYGG.pt,28,258,0.0035039999999999997
split_prior_3OTBFI.pt,56,462,0.00349256
split_prior_PS4JMM.pt,14,840,0.0034919599999999997
split_prior_22SJ5Y.pt,14,186,0.00345574
split_prior_ARY8KB.pt,14,6,0.00348214
split_prior_YODCM0.pt,56,2002,0.0034449399999999996
split_prior_7R2EED.pt,14,832,0.0034808000000000018
split_prior_8M7NLG.pt,28,260,0.0034907599999999994
split_prior_6M0PIB.pt,14,232,0.0034744599999999982
split_prior_9D25O9.pt,14,246,0.003412420000000001
split_prior_LF6JZF.pt,112,6,0.003472040000000001
split_prior_00QFMX.pt,3,596,0.008477800000000004
split_prior_DA4DUO.pt,7,2018,0.003451940000000001
split_prior_R08ZS1.pt,56,506,0.0034865200000000008
split_prior_SLISM3.pt,14,160,0.003473199999999999
split_prior_7NC2WA.pt,28,1248,0.003544499999999998
split_prior_FPQXKN.pt,14,70,0.0035076599999999997
split_prior_UXJD7Y.pt,14,178,0.0036996200000000003
split_prior_JHA3LU.pt,28,120,0.0034705400000000016
split_prior_YMTF9R.pt,56,18,0.00343182
split_prior_MWAGNQ.pt,28,1186,0.0034615400000000004
split_prior_LG73CR.pt,56,8,0.00352622
split_prior_P2ADQ7.pt,56,504,0.0034684000000000004
split_prior_U29A93.pt,14,148,0.003481200000000001
split_prior_191VJC.pt,28,156,0.0034904599999999986
split_prior_X5FJED.pt,28,72,0.00353316
split_prior_1Q5B9R.pt,56,20,0.003471979999999999
split_prior_CFNNGT.pt,112,1136,0.00347026
split_prior_V1XNCJ.pt,28,540,0.003501760000000001
split_prior_0JV6ZK.pt,28,136,0.0034090400000000008
split_prior_GANG4L.pt,28,36,0.0066939999999999986
split_prior_QTM3X8.pt,7,1436,0.003497779999999998
split_prior_8I3ZX0.pt,7,176,0.003512899999999999
split_prior_N8J7PP.pt,28,132,0.0035065199999999995
split_prior_ANP11M.pt,14,218,0.003438380000000001
split_prior_FKABYG.pt,28,192,0.0034735399999999994
split_prior_EIKUL7.pt,112,494,0.00343092
split_prior_3TOO9E.pt,7,512,0.0034573200000000003
split_prior_HEKG89.pt,14,36,0.0035504200000000003
split_prior_EBIAJN.pt,7,88,0.003479119999999998
split_prior_6OURS5.pt,28,1392,0.003446459999999999
split_prior_8SNMSS.pt,14,106,0.0034392199999999993
split_prior_BZNV9T.pt,1,108,0.010270339999999998
split_prior_OBB5L6.pt,28,64,0.003436779999999999
split_prior_JG1G2N.pt,28,122,0.0034514
split_prior_TMTVTB.pt,28,252,0.0034494200000000012
split_prior_B5DPAU.pt,7,1684,0.0034392800000000007
split_prior_HAAVMH.pt,112,98,0.003477720000000001
split_prior_2MJ4I5.pt,56,122,0.0034477399999999995
split_prior_29B7IC.pt,14,26,0.0034936800000000007
split_prior_NH2TV6.pt,14,146,0.003408679999999999
split_prior_GKEXGA.pt,14,540,0.003430119999999999
split_prior_EWE6IE.pt,3,516,0.01105936
split_prior_UH9T50.pt,28,860,0.0034168199999999992
split_prior_GQRTWQ.pt,14,494,0.0035991799999999996
split_prior_KT5ABE.pt,56,114,0.0034359000000000004
split_prior_NKZOA9.pt,56,118,0.0034409199999999997
split_prior_ZA4FU6.pt,14,50,0.0034305399999999997
split_prior_977MBG.pt,7,56,0.003494940000000002
split_prior_79J2QV.pt,56,676,0.0034364199999999995
split_prior_I27937.pt,28,1144,0.0034585399999999995
split_prior_19KRCW.pt,14,256,0.0034487199999999997
split_prior_9EVT7W.pt,14,72,0.003527019999999999
split_prior_RVK90I.pt,14,336,0.0034771399999999997
split_prior_HXVWLU.pt,14,1136,0.00353502
split_prior_0E3XRU.pt,14,22,0.008542399999999999
split_prior_XSM4SO.pt,28,262,0.0034576
split_prior_H9RP85.pt,7,982,0.00342228
split_prior_X3JD3I.pt,7,230,0.00342674
split_prior_EGXKF3.pt,3,188,0.0034306000000000002
split_prior_BUW09P.pt,7,112,0.0044592999999999985
split_prior_XN0WQK.pt,56,446,0.003519939999999999
split_prior_PO83F9.pt,7,500,0.003356400000000001
split_prior_7ASM2G.pt,56,30,0.0034764400000000008
split_prior_GXHWAG.pt,14,1278,0.00349618
split_prior_7BB35T.pt,112,508,0.003452260000000001
split_prior_CSXPR0.pt,28,210,0.0034720400000000013
split_prior_UHMVEJ.pt,56,478,0.00355168
split_prior_010LG5.pt,14,610,0.0034748399999999994
split_prior_TT88U1.pt,28,446,0.00349776
split_prior_JXLU3F.pt,7,694,0.0034304600000000006
split_prior_WHIPQ1.pt,14,160,0.0034421799999999995
split_prior_H12PJJ.pt,7,492,0.003538359999999999
split_prior_WGBX08.pt,7,230,0.0034581600000000005
split_prior_WHFBD0.pt,28,200,0.0035136399999999997
split_prior_CSPK9Q.pt,56,74,0.0035105
split_prior_4RNPCY.pt,14,132,0.00343384
split_prior_D5EACQ.pt,28,24,0.00342916
split_prior_M4QGN0.pt,7,506,0.0034580800000000005
split_prior_HQTGEN.pt,112,200,0.00349208
split_prior_LY9060.pt,56,264,0.00351978
split_prior_L8ZVCH.pt,56,96,0.003480680000000001
split_prior_2SCA93.pt,14,652,0.0034243
split_prior_SA7ZFJ.pt,112,536,0.0034732799999999996
split_prior_5ADNUJ.pt,14,242,0.00342348
split_prior_78X8NH.pt,56,70,0.0034179399999999995
split_prior_ZX9JV4.pt,56,200,0.00344672
split_prior_D13GUZ.pt,56,254,0.0034429999999999994
split_prior_AZK9X6.pt,28,688,0.0033905600000000004
split_prior_N6Y6XG.pt,224,194,0.00343716
split_prior_G0LNOC.pt,28,504,0.00350066
split_prior_SNFDPT.pt,56,208,0.003498559999999999
split_prior_ZP6PPC.pt,112,534,0.00354664
split_prior_47O7K0.pt,1,262,0.00749042
split_prior_9FHK63.pt,28,206,0.00346596
split_prior_NI7K1P.pt,7,194,0.003501600000000001
split_prior_HMJ4DL.pt,14,2008,0.0034528799999999993
split_prior_IGH0NM.pt,7,20,0.010713780000000004
split_prior_7HKBE3.pt,28,158,0.0034400800000000007
split_prior_0AC5CM.pt,7,1718,0.0035065199999999995
split_prior_QPQGJP.pt,28,460,0.003522360000000001
split_prior_FRI9YP.pt,3,48,0.0034319399999999988
split_prior_NA00ZP.pt,7,62,0.00343232
split_prior_HB3XPE.pt,7,94,0.0034595999999999997
split_prior_0UQAFL.pt,28,186,0.0035352799999999996
split_prior_J39W52.pt,7,82,0.00744834
split_prior_JD2GPI.pt,7,272,0.0035114599999999984
split_prior_QNA7QB.pt,7,522,0.0034219999999999997
split_prior_43GRFE.pt,28,170,0.0034296599999999997
split_prior_L0WIT9.pt,56,4,0.00870236
split_prior_M30ZBZ.pt,14,1032,0.0034419000000000016
split_prior_S5589B.pt,56,56,0.003467200000000001
split_prior_QQUUEN.pt,56,262,0.003485739999999999
split_prior_R8MTYI.pt,28,1088,0.0035241999999999995
split_prior_7I0W5X.pt,14,144,0.006958599999999999
split_prior_HMCXKU.pt,56,30,0.0034628000000000003
split_prior_P52FY9.pt,56,982,0.0034914199999999994
split_prior_VUMO5P.pt,112,130,0.0035019399999999994
split_prior_7KHRQU.pt,56,484,0.00341064
split_prior_ICEE50.pt,14,32,0.0034888
split_prior_2T8IIA.pt,14,270,0.003409540000000001
split_prior_GJ3LKJ.pt,28,230,0.0034866800000000002
split_prior_010YYV.pt,7,520,0.0034772599999999994
split_prior_C49BFZ.pt,14,536,0.0035318000000000003
split_prior_RVBXTU.pt,56,136,0.0034220399999999995
split_prior_0WS95I.pt,28,506,0.0234758
split_prior_BBTT1Y.pt,56,980,0.0034879999999999998
split_prior_NDS9SO.pt,7,800,0.0034435800000000003
split_prior_SSKB8P.pt,14,88,0.009890800000000002
split_prior_TPRHXV.pt,7,138,0.00464286
split_prior_DRD3V2.pt,112,22,0.00356242
split_prior_NQ9LOA.pt,14,138,0.0034617999999999993
split_prior_ZBXIUD.pt,112,212,0.0034309600000000003
split_prior_MP19EP.pt,7,1606,0.0034727200000000008
split_prior_UPMBGH.pt,14,216,0.003461479999999999
split_prior_FSPXDN.pt,14,112,0.00352752
split_prior_VA6AT4.pt,7,168,0.0035523599999999988
split_prior_JTU4ME.pt,14,168,0.0035099600000000003
split_prior_RNNO2W.pt,14,454,0.0034421800000000004
split_prior_89PV5W.pt,28,978,0.0034368599999999995
split_prior_OW5HSM.pt,14,94,0.0034436800000000006
split_prior_CDJ5C8.pt,28,122,0.003489480000000001
split_prior_LEG0TD.pt,14,210,0.00349654
split_prior_L6LU2W.pt,28,42,0.0034366399999999995
split_prior_LTJUHL.pt,14,150,0.003484880000000001
split_prior_TV32HG.pt,56,16,0.0034864000000000006
split_prior_S9VQ5E.pt,14,64,0.0034553800000000014
split_prior_0O10QV.pt,28,260,0.00343118
split_prior_KE9IJ3.pt,56,52,0.003545100000000001
split_prior_W0AYN4.pt,14,56,0.005566900000000001
split_prior_UK04M6.pt,14,526,0.0034641600000000013
split_prior_83IV5U.pt,7,310,0.003471779999999998
split_prior_0T9WNG.pt,14,268,0.0034312800000000005
split_prior_FG74LV.pt,224,146,0.0034476000000000008
split_prior_O5Y7BM.pt,7,46,0.0034474199999999992
split_prior_S48R6A.pt,14,156,0.0034598200000000006
split_prior_Y8W2PA.pt,7,10,0.01070268
split_prior_W6VD1T.pt,14,188,0.0035043599999999998
split_prior_HQOTO0.pt,28,88,0.003492259999999999
split_prior_AHBUJL.pt,14,156,0.0034964
split_prior_3RMCDN.pt,56,508,0.003456200000000001
split_prior_AGIJ7B.pt,56,268,0.0034542800000000005
split_prior_SOQ873.pt,14,164,0.003485220000000001
split_prior_IPJ1XL.pt,7,1188,0.0034739199999999997
split_prior_8N4EB9.pt,7,1016,0.003474880000000001
split_prior_274LLE.pt,14,160,0.003458979999999999
split_prior_XMQF5P.pt,14,14,0.0034859400000000003
split_prior_1ALC4F.pt,224,528,0.0035489800000000006
split_prior_TBO1D5.pt,14,328,0.003463459999999999
split_prior_UR93KR.pt,28,108,0.0034874600000000004
split_prior_PP8YDG.pt,14,512,0.003472579999999999
split_prior_FKWDZA.pt,56,118,0.00349208
split_prior_VHI7JU.pt,14,406,0.0035218199999999993
split_prior_FXTUEX.pt,56,112,0.0035227400000000016
split_prior_QLH35Q.pt,112,30,0.00354806
split_prior_TD4VRS.pt,56,106,0.0034475600000000006
split_prior_AGC8OX.pt,1,56,0.003485779999999999
split_prior_Z327FA.pt,56,130,0.003526159999999999
split_prior_IOU418.pt,14,528,0.00346568
split_prior_HS19ZV.pt,14,10,0.01406012
split_prior_ZO6XG4.pt,14,18,0.0073805599999999996
split_prior_N8M4XB.pt,1,494,0.0046910400000000005
split_prior_Q9L7MF.pt,14,978,0.003477579999999999
split_prior_RZLJR9.pt,56,536,0.0034756599999999993
split_prior_GNBM2L.pt,56,204,0.0034449000000000003
split_prior_NO6TNM.pt,28,1868,0.0035331
split_prior_C1912Q.pt,7,524,0.0034404799999999997
split_prior_Q7JZS9.pt,7,266,0.0035038400000000007
split_prior_Y9YESE.pt,28,540,0.00353326
split_prior_U6SVRF.pt,224,818,0.003446699999999999
split_prior_INJ091.pt,14,42,0.00715058
split_prior_LEF13U.pt,14,82,0.00351274
split_prior_TANL2U.pt,56,212,0.0034396200000000004
split_prior_VMKMXS.pt,14,518,0.0034728999999999997
split_prior_GSMQ16.pt,112,514,0.0034518799999999988
split_prior_6EVRDH.pt,7,260,0.0047031
split_prior_6XGH0J.pt,56,144,0.003467899999999998
split_prior_IQ74NA.pt,7,194,0.00391314
split_prior_6ZJLHW.pt,28,540,0.0035981200000000007
split_prior_DNUHLR.pt,28,240,0.0034430799999999994
split_prior_QTQCTF.pt,14,852,0.0034476800000000003
split_prior_8MLFBW.pt,14,490,0.00343878
split_prior_9SMUOC.pt,28,534,0.0034817799999999994
split_prior_4DT0TX.pt,28,1000,0.0034550799999999997
split_prior_O505RP.pt,56,188,0.0034911600000000005
split_prior_AOH9QF.pt,7,20,0.0035393999999999994
split_prior_ER1VYV.pt,28,982,0.003462399999999999
split_prior_ZAX89Y.pt,28,1144,0.00348472
split_prior_NIN9KK.pt,3,766,0.00343526
split_prior_O6YLPN.pt,224,392,0.0034888999999999996
split_prior_774XT0.pt,56,26,0.00343136
split_prior_FBXPD7.pt,56,186,0.0034711200000000003
split_prior_OP5J0J.pt,56,34,0.003557359999999999
split_prior_NSQW40.pt,56,266,0.0035288000000000003
split_prior_9PYZMC.pt,56,36,0.0034410200000000004
split_prior_DSWVWQ.pt,56,216,0.0034821999999999995
split_prior_QCQW13.pt,28,980,0.00346992
split_prior_M4AY9M.pt,28,1216,0.003464879999999999
split_prior_S9J03J.pt,14,128,0.003532480000000001
split_prior_HY47GR.pt,112,4,0.003457999999999999
split_prior_VILQYT.pt,28,256,0.0034258
split_prior_1Q1FBI.pt,14,244,0.0034939400000000005
split_prior_48KE4H.pt,112,146,0.0034477400000000004
split_prior_NLI0TY.pt,14,254,0.0034427800000000003
split_prior_SHI7HA.pt,112,522,0.0035440199999999993
split_prior_N7SVDN.pt,28,248,0.0034774199999999993
split_prior_O2EM1L.pt,56,60,0.0034505000000000004
split_prior_UY8DKT.pt,28,32,0.0034785599999999995
split_prior_DQOEMN.pt,56,134,0.0035153800000000002
split_prior_ILYK3P.pt,1,534,0.0034484
split_prior_T41SZW.pt,14,94,0.0034696199999999983
split_prior_WPUSST.pt,7,32,0.010469739999999998
split_prior_OAS3HN.pt,14,338,0.0034508999999999994
split_prior_F1QOMZ.pt,14,192,0.0034331399999999995
split_prior_UENR9S.pt,28,492,0.00343704
split_prior_9GQEC5.pt,14,268,0.0035612199999999986
split_prior_CC0TJO.pt,28,342,0.0035573399999999995
split_prior_CIJQON.pt,56,200,0.00347802
split_prior_71IIMN.pt,14,100,0.004017799999999999
split_prior_OTU26L.pt,14,158,0.003484780000000001
split_prior_F15VFY.pt,14,64,0.003489979999999998
split_prior_53D7DC.pt,14,118,0.003461980000000001
split_prior_EB6N06.pt,28,1132,0.0035693199999999995
split_prior_WNW9SB.pt,14,272,0.0036348599999999984
split_prior_1I2ST8.pt,14,122,0.0068972400000000015
split_prior_4EFNGA.pt,7,198,0.012359659999999996
split_prior_4YZQA6.pt,56,134,0.0034508999999999994
split_prior_WWPYNG.pt,56,466,0.0035052000000000004
split_prior_3VJRH7.pt,14,1702,0.0034879999999999993
split_prior_62RUZ8.pt,14,140,0.0034200800000000003
split_prior_XXRR1J.pt,14,64,0.0035593
split_prior_6XEPNV.pt,28,216,0.00349392
split_prior_CWEPQM.pt,112,54,0.0035022400000000015
split_prior_0S4ID5.pt,28,54,0.0034066600000000006
split_prior_QALZ9J.pt,14,254,0.00348306
split_prior_N4ZJO2.pt,7,1416,0.0034707600000000007
split_prior_WVZ9XS.pt,14,1760,0.003488600000000001
split_prior_00I87V.pt,14,260,0.0034486199999999995
split_prior_JDW85D.pt,28,504,0.0034594400000000003
split_prior_F9BQRB.pt,14,8,0.00347846
split_prior_8Q3LPH.pt,14,142,0.0034829399999999995
split_prior_RBOL9Q.pt,28,172,0.0034918800000000006
split_prior_47YMRV.pt,7,102,0.009990940000000002
split_prior_5VJ47Q.pt,28,78,0.0034399599999999997
split_prior_LIQJV9.pt,28,254,0.0034328199999999996
split_prior_5BX3A5.pt,28,42,0.0034770999999999995
split_prior_6RIGFZ.pt,7,10,0.0034820800000000007
split_prior_B751R7.pt,14,326,0.0035295999999999995
split_prior_ZC7ESN.pt,14,490,0.003525500000000001
split_prior_BI08TH.pt,7,76,0.0034534800000000014
split_prior_BLAV5O.pt,14,144,0.0034741400000000006
split_prior_V0KD54.pt,28,20,0.00346984
split_prior_KQBRD0.pt,14,112,0.0034624800000000004
split_prior_AZZQ1I.pt,28,808,0.003466879999999999
split_prior_5Y6K7Q.pt,28,464,0.0035651600000000012
split_prior_2F2F2P.pt,112,826,0.0035268200000000004
split_prior_OQ8YE6.pt,112,86,0.00348846
split_prior_QDDB4K.pt,14,232,0.00348706
split_prior_39VFUS.pt,28,528,0.0034821799999999997
split_prior_GPP01V.pt,28,180,0.003437879999999999
split_prior_ODRX3Q.pt,14,106,0.00345048
split_prior_CI5ZSG.pt,3,96,0.004896959999999999
split_prior_EQCF1Q.pt,7,90,0.0034784400000000006
split_prior_BMGQTJ.pt,7,172,0.0035441999999999995
split_prior_12FJFY.pt,14,186,0.0034742200000000014
split_prior_JUOKYI.pt,7,854,0.0034542800000000005
split_prior_7MK02R.pt,28,104,0.0034744999999999993
split_prior_NMC94S.pt,56,140,0.003428719999999999
split_prior_H9M97X.pt,7,52,0.00475572
split_prior_WFFAV5.pt,28,128,0.0034799600000000007
split_prior_8BGTYL.pt,112,154,0.003468060000000001
split_prior_X7JGLI.pt,28,1038,0.0034747
split_prior_RCWSQP.pt,7,52,0.003426480000000001
split_prior_JNG87F.pt,112,18,0.0034619
split_prior_T7B3XU.pt,28,660,0.0034398800000000006
split_prior_KR2WZB.pt,14,70,0.003459540000000001
split_prior_XBADGH.pt,14,254,0.0034612799999999993
split_prior_EKUW92.pt,56,48,0.00353742
split_prior_HCGSA3.pt,3,196,0.0039008799999999994
split_prior_1QK3RG.pt,28,542,0.0034907999999999988
split_prior_8IG9ZM.pt,7,26,0.00343222
split_prior_CQ4SQV.pt,56,476,0.0035396799999999995
split_prior_KL24SC.pt,14,136,0.0034732400000000003
split_prior_M1RXJ6.pt,112,52,0.00342948
split_prior_BERTNH.pt,7,1574,0.0034537399999999994
split_prior_ZZ4GA2.pt,1,32,0.007593700000000002
split_prior_UIXJKA.pt,112,184,0.00349822
split_prior_QWRSXP.pt,112,506,0.0035246399999999995
split_prior_TLNXKI.pt,7,948,0.0034067200000000002
split_prior_K3NFNB.pt,1,146,0.0035053000000000007
split_prior_YXVF7X.pt,224,66,0.0035141800000000004
split_prior_AO4GV7.pt,28,176,0.00343742
split_prior_KQCPGC.pt,14,660,0.003486439999999999
split_prior_ZOWFO7.pt,7,108,0.0034549000000000008
split_prior_ZFIJJA.pt,14,516,0.0035385599999999996
split_prior_61Y64F.pt,28,496,0.0034589599999999996
split_prior_KQ8FWC.pt,28,1186,0.0034263400000000012
split_prior_C3HCR0.pt,14,524,0.003462260000000001
split_prior_S55TEU.pt,14,240,0.0034753600000000007
split_prior_T9OPP3.pt,28,264,0.0035174200000000007
split_prior_2XX4ED.pt,7,530,0.0034138399999999996
split_prior_NQ13V9.pt,28,512,0.0034524600000000005
split_prior_U81HXE.pt,14,448,0.0034441000000000003
split_prior_7EXNYO.pt,1,250,0.0044957
split_prior_FV249N.pt,14,2006,0.0034442200000000013
split_prior_6BNQFP.pt,14,276,0.0035017399999999997
split_prior_NX1HWO.pt,28,546,0.0035351800000000006
split_prior_C6JDJA.pt,28,158,0.0034966999999999993
split_prior_OIKOJ4.pt,28,40,0.0034531200000000005
split_prior_B0Y1RE.pt,14,218,0.0035373799999999993
split_prior_UOXS4M.pt,7,560,0.003995780000000001
split_prior_ORYMAF.pt,14,808,0.0034839800000000002
split_prior_2F5DW2.pt,3,22,0.00340626
split_prior_A1Q3KU.pt,56,28,0.0035267400000000004
split_prior_64CHOW.pt,56,208,0.0034979799999999995
split_prior_W5CX4G.pt,56,96,0.0034505400000000006
split_prior_V2OA2H.pt,14,186,0.0034586400000000002
split_prior_VAD3L4.pt,112,202,0.0035531200000000003
split_prior_0PG6WA.pt,7,80,0.007652320000000001
split_prior_TVRCK4.pt,14,514,0.0035665199999999997
split_prior_QDQEGV.pt,14,1156,0.0034720600000000008
split_prior_SPT0LO.pt,56,204,0.00344916
split_prior_AXMRKC.pt,28,62,0.0034740200000000017
split_prior_H2NSVY.pt,28,716,0.0035392799999999997
split_prior_8JYN13.pt,3,240,0.00799922
split_prior_M8RRH7.pt,14,16,0.01300776
split_prior_WAAJ3X.pt,14,194,0.0034838999999999985
split_prior_MAJBLY.pt,56,68,0.0034415000000000005
split_prior_25O4B5.pt,3,194,0.005613660000000003
split_prior_6E8VWE.pt,7,296,0.003530120000000001
split_prior_GM935P.pt,14,72,0.00356624
split_prior_G6C0VN.pt,28,264,0.0034244199999999988
split_prior_V0A12G.pt,14,1014,0.00342706
split_prior_VWHF7B.pt,28,28,0.00345512
split_prior_A3DG6Y.pt,28,10,0.00344156
split_prior_HXHC2W.pt,56,150,0.0034290600000000003
split_prior_VHYOW2.pt,14,58,0.0035003399999999994
split_prior_PC4YX4.pt,28,106,0.0034747400000000013
split_prior_JQJ50K.pt,14,258,0.003423980000000001
split_prior_I83PH5.pt,112,490,0.003440179999999999
split_prior_1CMH3X.pt,14,434,0.003450639999999999
split_prior_PQCYAP.pt,28,492,0.003442119999999999
split_prior_E3PEZD.pt,7,230,0.00345644
split_prior_GAMLL3.pt,14,946,0.0034348399999999998
split_prior_1BJNMS.pt,112,558,0.003469259999999999
split_prior_TGKBLC.pt,7,1920,0.0034470399999999997
split_prior_TL8ZUG.pt,7,184,0.00347152
split_prior_I5Z290.pt,28,22,0.003492119999999999
split_prior_TJF9R0.pt,112,46,0.003468320000000001
split_prior_1ZIN7C.pt,56,1028,0.00343914
split_prior_79NL48.pt,28,518,0.00353458
split_prior_HE6NF3.pt,56,572,0.00343454
split_prior_070XP9.pt,56,512,0.0034479199999999997
split_prior_5SF1RV.pt,14,272,0.0035166799999999995
split_prior_DUF137.pt,224,228,0.003425180000000001
split_prior_DMAR0P.pt,14,692,0.0035022399999999993
split_prior_D5DQL7.pt,28,158,0.0034509000000000002
split_prior_6LG17D.pt,14,816,0.0034844000000000003
split_prior_KDS84N.pt,28,94,0.0034471800000000015
split_prior_WY9ZS7.pt,28,1024,0.00346828
split_prior_RHY2H5.pt,28,270,0.00350932
split_prior_A6WPT9.pt,14,1218,0.0035373600000000007
split_prior_SURVFH.pt,56,258,0.003496199999999999
split_prior_6TZP0C.pt,112,492,0.0034941600000000005
split_prior_H06URV.pt,14,2152,0.0034366
split_prior_67UXEC.pt,56,490,0.0035514799999999997
split_prior_8GDIFM.pt,14,192,0.003466419999999999
split_prior_08KNT4.pt,14,954,0.0034930400000000006
split_prior_U1G1WJ.pt,7,38,0.003473180000000002
split_prior_VAAQDQ.pt,28,302,0.0034467400000000002
split_prior_5BY1LY.pt,56,6,0.0034324800000000003
split_prior_9Z5CG0.pt,14,2042,0.0034363999999999996
split_prior_TTCTI3.pt,14,242,0.0034460000000000007
split_prior_O5LBOF.pt,56,172,0.0034593000000000002
split_prior_EBR786.pt,14,14,0.00344808
split_prior_GU24ZK.pt,14,492,0.0034737
split_prior_DZZ5EF.pt,3,16,0.005813959999999999
split_prior_ZFZ92D.pt,28,1046,0.003472439999999999
split_prior_KFIQ8C.pt,56,90,0.0034783799999999992
split_prior_XKQ1NK.pt,14,446,0.0034226000000000005
split_prior_HBIY0C.pt,7,252,0.00345806
split_prior_1YXXE0.pt,56,272,0.003452419999999999
split_prior_O6U6KZ.pt,14,142,0.0035808200000000006
split_prior_ZZJVTL.pt,14,570,0.0034948600000000002
split_prior_ACZAT8.pt,14,70,0.00337154
split_prior_4SY5J4.pt,112,1206,0.00342634
split_prior_7VJNB9.pt,28,506,0.0035308799999999997
split_prior_HLMGP6.pt,56,500,0.0034292
split_prior_9OO3XZ.pt,7,692,0.003435539999999999
split_prior_GR8DJ7.pt,28,48,0.0034323399999999994
split_prior_RVFER2.pt,28,80,0.0034698399999999983
split_prior_BM37GV.pt,28,146,0.0034621200000000004
split_prior_IJ70DW.pt,14,256,0.00345184
split_prior_70V8Y5.pt,14,36,0.0046297
split_prior_E1193O.pt,14,174,0.0034623799999999997
split_prior_NMD6BU.pt,112,10,0.0034395
split_prior_E4SV7T.pt,28,1686,0.00343402
split_prior_876D5Q.pt,7,520,0.0042026999999999985
split_prior_LKNS0Z.pt,14,26,0.008506360000000001
split_prior_2TVNJD.pt,28,346,0.003491480000000001
split_prior_FBSDBK.pt,14,40,0.0034902199999999996
split_prior_X9IXMA.pt,7,40,0.006644599999999998
split_prior_YRYEAU.pt,7,780,0.0034577799999999997
split_prior_1W018A.pt,14,1472,0.003432039999999999
split_prior_IJ5851.pt,14,496,0.0035822199999999997
split_prior_P7EXEA.pt,7,208,0.0034579
split_prior_5Q99RX.pt,14,188,0.0034876599999999996
split_prior_YQP1CP.pt,56,8,0.0034048599999999996
split_prior_77V0IW.pt,14,8,0.0034451799999999995
split_prior_MRATUF.pt,14,412,0.00342016
split_prior_02YXBM.pt,28,38,0.0034565599999999987
split_prior_MCFIGR.pt,224,194,0.003471299999999999
split_prior_9O3C7J.pt,56,12,0.0034685200000000005
split_prior_QRJ9GA.pt,28,186,0.0034598800000000007
split_prior_EVDZTK.pt,14,106,0.0035026199999999997
split_prior_MUA78Y.pt,7,56,0.0035930000000000003
split_prior_KK8ZQ8.pt,14,126,0.0034311399999999996
split_prior_Y4MDSM.pt,28,814,0.00350424
split_prior_HMISVB.pt,7,6,0.0106425
split_prior_XDMUC7.pt,28,764,0.0034451799999999995
split_prior_8AVZBC.pt,7,922,0.003440760000000001
split_prior_W5XZ0D.pt,7,996,0.003444679999999998
split_prior_0B0E6C.pt,14,570,0.0035136599999999996
split_prior_NE0KCW.pt,14,120,0.0034167
split_prior_ESBLOW.pt,14,76,0.00351836
split_prior_EFNIVI.pt,56,2020,0.00344558
split_prior_FSWBAN.pt,112,492,0.00347958
split_prior_ZA9JZM.pt,28,1002,0.0035099199999999997
split_prior_AV7GCA.pt,14,182,0.0034492800000000003
split_prior_O71A0G.pt,14,138,0.0034909999999999997
split_prior_HBPG3K.pt,7,160,0.003656540000000001
split_prior_PRMSRP.pt,14,442,0.00349346
split_prior_QBNPIR.pt,56,148,0.0035258200000000003
split_prior_4EE035.pt,7,204,0.008076340000000003
split_prior_TMGR8P.pt,28,268,0.0034949000000000004
split_prior_T2HNFL.pt,28,238,0.0034545400000000003
split_prior_2S3AOS.pt,56,32,0.0034493600000000007
split_prior_ZHY6O2.pt,56,12,0.00347454
split_prior_TZZ0LO.pt,28,186,0.003456379999999999
split_prior_6KUWUM.pt,56,72,0.0034125399999999995
split_prior_Y8EX4O.pt,14,188,0.0034846600000000005
split_prior_628S0U.pt,56,266,0.0034612800000000006
split_prior_CR32ET.pt,28,148,0.0032985400000000004
split_prior_F5GAMK.pt,56,8,0.0034535
split_prior_P5QBYH.pt,3,1012,0.014180240000000002
split_prior_0XMONM.pt,7,50,0.0034406
split_prior_VG0XE4.pt,28,468,0.003464879999999999
split_prior_ZCZSEM.pt,7,34,0.003743579999999999
split_prior_ZBTWSV.pt,14,242,0.003433460000000001
split_prior_TUNXQ5.pt,28,80,0.0034784799999999978
split_prior_Y6XLC4.pt,28,82,0.0034572599999999993
split_prior_WJZOER.pt,14,82,0.0034450799999999997
split_prior_XGPGTD.pt,7,502,0.0034131200000000004
split_prior_4CA8H1.pt,1,888,0.0034190400000000017
split_prior_JQUL3Q.pt,56,1024,0.0034601799999999993
split_prior_XJ3CKP.pt,14,636,0.0034937400000000004
split_prior_TGOD0I.pt,7,488,0.008700759999999998
split_prior_Y5XLNB.pt,7,524,0.00350544
split_prior_8WZBWO.pt,7,92,0.003983400000000001
split_prior_2YJ8T0.pt,1,176,0.00352076
split_prior_HHG4FI.pt,112,854,0.00337898
split_prior_OAK8X3.pt,28,458,0.003458400000000001
split_prior_LMYKDY.pt,14,206,0.0034182600000000002
split_prior_M4N5QR.pt,28,182,0.0034362999999999998
split_prior_E5NUF0.pt,112,238,0.0034293
split_prior_0O6X0M.pt,14,136,0.0034493000000000006
split_prior_LAC74G.pt,14,104,0.0034673799999999995
split_prior_T1DF5S.pt,14,98,0.0034656000000000005
split_prior_AZCJDB.pt,28,168,0.0034461800000000005
split_prior_ITC8DR.pt,14,448,0.0034397800000000012
split_prior_CBJYHW.pt,112,92,0.0034215999999999995
split_prior_7YYVGT.pt,14,240,0.0034819
split_prior_ICUECY.pt,14,20,0.004870120000000001
split_prior_PWRZU1.pt,14,34,0.0038543999999999996
split_prior_DV1LU3.pt,28,172,0.00343434
split_prior_VFFL62.pt,56,30,0.0034699999999999996
split_prior_3I2WHW.pt,14,518,0.0035567200000000006
split_prior_LP3RD7.pt,7,1006,0.0034245399999999994
split_prior_GQJPBW.pt,56,48,0.0034178999999999998
split_prior_BWQA0N.pt,112,864,0.0034884
split_prior_XJIZX6.pt,56,1876,0.0034667400000000016
split_prior_GS7CP6.pt,7,22,0.003450559999999999
split_prior_4B9K4E.pt,56,60,0.0034440200000000016
split_prior_WD91EB.pt,28,12,0.0034432799999999995
split_prior_W6R7WY.pt,28,254,0.0034866200000000015
split_prior_6F619Y.pt,56,16,0.003468560000000001
split_prior_821CJ9.pt,112,534,0.00341332
split_prior_5K1Z4S.pt,7,200,0.005361779999999998
split_prior_G2A06D.pt,14,26,0.009361479999999997
split_prior_KNODM9.pt,56,178,0.0034545999999999995
split_prior_AOBJCD.pt,28,28,0.004324120000000001
split_prior_KPRB4B.pt,56,936,0.0035810200000000007
split_prior_EDWFB7.pt,7,934,0.0034320600000000007
split_prior_0M7B9H.pt,56,164,0.0034731000000000007
split_prior_SJKYVN.pt,7,610,0.003467939999999999
split_prior_HO5R78.pt,112,192,0.00345746
split_prior_241OAD.pt,1,16,0.0033114
split_prior_KKV3B5.pt,7,954,0.0034267000000000004
split_prior_Q0Q3K5.pt,28,780,0.0035616400000000005
split_prior_NVWHAX.pt,28,190,0.00347714
split_prior_7R7DV4.pt,14,486,0.00346094
split_prior_AUW15Z.pt,56,1056,0.00346674
split_prior_P6RSPY.pt,28,48,0.0034429200000000004
split_prior_YTFC96.pt,14,994,0.0034499599999999997
split_prior_4EKIXC.pt,28,124,0.00345454
split_prior_M08S0D.pt,56,120,0.0034556600000000006
split_prior_K0TZ0B.pt,7,102,0.0034353799999999996
split_prior_UCU10B.pt,14,238,0.0037897200000000003
split_prior_HUQQRO.pt,112,176,0.0034967000000000015
split_prior_AZT0XE.pt,28,112,0.0034689999999999994
split_prior_SNTP4B.pt,14,982,0.0034504400000000012
split_prior_GX0XRI.pt,224,1228,0.00344742
split_prior_CL8SQD.pt,14,208,0.0034558800000000006
split_prior_3K3FBO.pt,28,268,0.00343834
split_prior_0TOATW.pt,14,166,0.0034522200000000006
split_prior_CCMBE2.pt,112,86,0.00351402
split_prior_X7BNPW.pt,14,6,0.0034326799999999996
split_prior_AKDQNT.pt,56,88,0.003493639999999999
split_prior_B5RAV8.pt,14,1888,0.0034444199999999997
split_prior_JQYB9S.pt,14,568,0.00355348
split_prior_65EHOW.pt,112,588,0.0034750400000000013
split_prior_6ITQQA.pt,1,218,0.003466699999999999
split_prior_GC58OR.pt,7,700,0.003512420000000001
split_prior_ZX4OK9.pt,224,136,0.003538659999999999
split_prior_GKG2OW.pt,112,244,0.0034668999999999993
split_prior_4WIXZ6.pt,28,2132,0.003523299999999999
split_prior_2WIVMJ.pt,112,144,0.0034883199999999996
split_prior_SYCLFW.pt,28,64,0.00347804
split_prior_5DI4BM.pt,14,216,0.0033280200000000005
split_prior_K2PHBN.pt,7,1170,0.00350142
split_prior_NOWGN7.pt,112,506,0.0034881
split_prior_47OQL1.pt,28,290,0.00347332
split_prior_ILMFIQ.pt,14,92,0.0035367199999999993
split_prior_MWAFXT.pt,14,158,0.0034350800000000005
split_prior_E2Q89I.pt,14,132,0.00344526
split_prior_GF0IBY.pt,28,72,0.0035189400000000003
split_prior_HHBAHV.pt,14,106,0.0034851999999999995
split_prior_WEEBNF.pt,14,178,0.0034727399999999998
split_prior_FVZW5R.pt,14,86,0.0042645800000000005
split_prior_H9DDOA.pt,14,482,0.0034631199999999997
split_prior_09ZR0Q.pt,14,184,0.0034662799999999995
split_prior_H4ICN9.pt,28,216,0.00348088
split_prior_HGJ6QE.pt,112,42,0.0034402
split_prior_801YCK.pt,112,4,0.003451679999999999
split_prior_6NRV8B.pt,28,214,0.0035146800000000005
split_prior_DIJF43.pt,7,116,0.004001640000000001
split_prior_B923IF.pt,56,1172,0.00349632
split_prior_0PW7HX.pt,112,498,0.003449100000000001
split_prior_YFU0B8.pt,7,70,0.005776579999999996
split_prior_X1E8CH.pt,14,18,0.0034633799999999985
split_prior_U4IMGO.pt,28,268,0.0035126600000000003
split_prior_Z3TOTQ.pt,28,518,0.00350524
split_prior_FQCFRV.pt,14,108,0.0034656599999999993
split_prior_FPOIIQ.pt,56,166,0.003502440000000001
split_prior_NGAOZZ.pt,28,80,0.00349764
split_prior_T3Z2O8.pt,56,190,0.003603700000000001
split_prior_Y1D4ZE.pt,14,410,0.0034893600000000004
split_prior_3VQH51.pt,28,226,0.003521060000000001
split_prior_RFOD24.pt,14,44,0.0034656399999999994
split_prior_JRO436.pt,56,252,0.0034501600000000003
split_prior_H1XVUX.pt,7,8,0.0057227
split_prior_CUT5K2.pt,112,514,0.0034373600000000004
split_prior_DC9OWD.pt,56,422,0.0034359
split_prior_BYRXBR.pt,14,136,0.003496899999999999
split_prior_ZL6KU1.pt,14,142,0.003457980000000001
split_prior_LU16R0.pt,28,254,0.0034675400000000007
split_prior_PVAJDJ.pt,112,1004,0.00347782
split_prior_6OQTLX.pt,56,1434,0.0034863
split_prior_POI7WG.pt,56,48,0.0035166999999999993
split_prior_Y3ODFH.pt,14,2050,0.0034456400000000002
split_prior_C664BB.pt,28,140,0.0034430800000000007
split_prior_27XBSP.pt,56,190,0.0034418
split_prior_L1UORQ.pt,14,176,0.0034576599999999996
split_prior_CHSYVG.pt,7,62,0.006647819999999999
split_prior_CXE2LK.pt,28,1136,0.0034926000000000002
split_prior_IQLE47.pt,14,234,0.00349352
split_prior_3YPA75.pt,112,1536,0.0034618999999999987
split_prior_U0RAWG.pt,28,26,0.0034238600000000004
split_prior_XTVLDD.pt,112,244,0.00348444
split_prior_OI8MOS.pt,28,148,0.003456680000000001
split_prior_3MCFRO.pt,14,110,0.0034355
split_prior_99XPZJ.pt,112,464,0.0034441199999999993
split_prior_D54K1T.pt,14,908,0.003507019999999999
split_prior_ZPFKIG.pt,28,204,0.003480960000000001
split_prior_UBG3LY.pt,112,214,0.0036162599999999987
split_prior_VNZ5BL.pt,7,190,0.0038542999999999997
split_prior_GWJV58.pt,112,114,0.00346712
split_prior_VUS6KQ.pt,14,58,0.0059273
split_prior_UTZM2Y.pt,14,172,0.0035013399999999995
split_prior_2ESXIC.pt,28,52,0.003467099999999999
split_prior_ERNV23.pt,14,150,0.00347738
split_prior_02JOCO.pt,14,508,0.0034380400000000007
split_prior_SZ73PX.pt,28,188,0.003498940000000002
split_prior_C3CZYC.pt,14,248,0.0034217600000000003
split_prior_TGPS5H.pt,112,994,0.003444440000000001
split_prior_VCIV7X.pt,112,116,0.00349102
split_prior_XN747Q.pt,56,110,0.0034497400000000015
split_prior_7SCTRC.pt,14,216,0.003447319999999998
split_prior_YJ07CQ.pt,28,54,0.003395780000000001
split_prior_O8U9JA.pt,7,120,0.006845640000000002
split_prior_GC10BA.pt,28,54,0.00342978
split_prior_FA02QB.pt,7,182,0.0034926999999999988
split_prior_TSZIXZ.pt,14,34,0.003411579999999999
split_prior_U1QD4Y.pt,7,208,0.0045991600000000014
split_prior_XNCUGR.pt,14,460,0.0034876799999999995
split_prior_8U47Y1.pt,28,122,0.0034733000000000003
split_prior_BYCOAM.pt,7,810,0.0039002400000000006
split_prior_H66U3Q.pt,56,24,0.0034657400000000006
split_prior_RJOOXP.pt,112,538,0.00346314
split_prior_HL0F2A.pt,14,160,0.00352864
split_prior_P2ZK4K.pt,28,694,0.0034547800000000006
split_prior_81D6H7.pt,28,512,0.003451299999999999
split_prior_JA8SDW.pt,56,1688,0.0034183999999999994
split_prior_EX6SO4.pt,7,102,0.006903679999999999
split_prior_194Y0A.pt,112,840,0.003475299999999999
split_prior_PV0PWX.pt,7,34,0.01146888
split_prior_3IO0UB.pt,14,358,0.0034268399999999987
split_prior_JKC1CK.pt,28,530,0.0035370400000000013
split_prior_OVY6GD.pt,28,210,0.0034381599999999983
split_prior_HZN1YC.pt,14,758,0.0034451400000000015
split_prior_H5F1DR.pt,7,982,0.0034635
split_prior_DEYF79.pt,56,208,0.0034446000000000004
split_prior_EJ7LKS.pt,1,138,0.01028914
split_prior_XY5S7W.pt,7,68,0.007750740000000005
split_prior_QPWX0U.pt,14,228,0.0034093
split_prior_IW3NK5.pt,7,16,0.007939639999999996
split_prior_NJZR5O.pt,28,522,0.00348366
split_prior_H9NEV0.pt,14,670,0.0034868399999999997
split_prior_EM0OXP.pt,28,520,0.00351238
split_prior_QDH9XO.pt,28,202,0.0034489599999999996
split_prior_9H526J.pt,28,614,0.003517640000000001
split_prior_TCRMJG.pt,14,146,0.0035095599999999992
split_prior_DJ5RQQ.pt,14,244,0.0034304600000000015
split_prior_YKU9IA.pt,14,666,0.0034623199999999996
split_prior_U1MKAS.pt,14,154,0.0034555199999999997
split_prior_DONGWK.pt,7,1246,0.00346288
split_prior_5MGJ22.pt,28,162,0.0034824199999999995
split_prior_ADVHDK.pt,28,218,0.0034217599999999994
split_prior_8L3794.pt,28,528,0.0034342200000000004
split_prior_I5CEMR.pt,224,488,0.003453919999999999
split_prior_0PCD99.pt,112,234,0.00347922
split_prior_8526WR.pt,14,460,0.0034523800000000006
split_prior_BSLBWE.pt,14,1512,0.0034631199999999997
split_prior_E4KJ8I.pt,28,294,0.00354798
split_prior_55EH93.pt,7,364,0.0034509999999999996
split_prior_QIJS1C.pt,14,202,0.00351154
split_prior_GMA3YT.pt,112,996,0.0034930199999999995
split_prior_6V88TJ.pt,14,1144,0.00348004
split_prior_DQAVKQ.pt,14,28,0.00410696
split_prior_B84YFH.pt,14,202,0.003510660000000001
split_prior_4RUW8F.pt,14,72,0.0034386999999999994
split_prior_TYGAA1.pt,14,106,0.0034740200000000004
split_prior_QPZ0WL.pt,14,118,0.0035280800000000007
split_prior_C0DZP3.pt,28,12,0.007462080000000002
split_prior_GKW26X.pt,7,104,0.0038777
split_prior_KUJHXJ.pt,7,1716,0.0034737599999999998
split_prior_HTYAH9.pt,14,1026,0.0034377199999999996
split_prior_36Z73K.pt,7,512,0.02330278
split_prior_AUOMPK.pt,14,384,0.0034867599999999993
split_prior_TQAREV.pt,7,870,0.00464304
split_prior_QAENGE.pt,14,856,0.0035047800000000007
split_prior_FQFCX8.pt,14,204,0.00353564
split_prior_L6MYQV.pt,56,1748,0.0034545400000000007
split_prior_LAB2AE.pt,28,40,0.0034806399999999984
split_prior_G95THN.pt,14,1426,0.0034343
split_prior_V1CWAA.pt,112,248,0.0034598400000000005
split_prior_U2148J.pt,7,108,0.0034778800000000005
split_prior_4YKX9A.pt,56,206,0.003455980000000001
split_prior_0MMVQO.pt,56,160,0.003453039999999999
split_prior_N4U7Q8.pt,7,204,0.0073344399999999985
split_prior_6ZYAXG.pt,14,262,0.0034344600000000003
split_prior_97UTAD.pt,28,168,0.0034958
split_prior_C1BGJC.pt,14,204,0.003462560000000001
split_prior_7R6H18.pt,14,542,0.0034792200000000016
split_prior_Y1HZH1.pt,14,22,0.003408340000000001
split_prior_348CG7.pt,14,496,0.00349492
split_prior_GHK3Q0.pt,56,20,0.00346528
split_prior_Y59LCJ.pt,14,130,0.0035162599999999994
split_prior_2RER11.pt,28,8,0.0034263600000000007
split_prior_HC75UX.pt,7,70,0.007971919999999999
split_prior_WWZX6V.pt,14,22,0.003436640000000001
split_prior_IC4WW8.pt,1,224,0.0166757
split_prior_T076EX.pt,112,100,0.003442640000000001
split_prior_P3PWLC.pt,112,48,0.0034766199999999997
split_prior_3ZRXDV.pt,7,116,0.00503624
split_prior_SIF75O.pt,14,136,0.00349644
split_prior_E4J3SY.pt,56,564,0.0035025800000000012
split_prior_42YC42.pt,56,50,0.003445839999999999
split_prior_DFPYHA.pt,112,12,0.0034565399999999997
split_prior_SKUOZC.pt,7,494,0.004329759999999999
split_prior_4RTPKY.pt,56,142,0.00342432
split_prior_KAIFS0.pt,28,92,0.003460759999999999
split_prior_NIPH4C.pt,112,2024,0.00348038
split_prior_NNGZ1Q.pt,56,196,0.0034624
split_prior_SO3SW3.pt,14,132,0.003447360000000001
split_prior_Y31XGU.pt,56,934,0.00345976
split_prior_1Q51VE.pt,28,446,0.003501579999999999
split_prior_KR2BPD.pt,112,238,0.0034598199999999997
split_prior_0YQW7A.pt,7,168,0.008985240000000002
split_prior_QY1KZ5.pt,7,942,0.003461100000000001
split_prior_PEXBIT.pt,112,498,0.003455499999999999
split_prior_JJ7XAI.pt,112,446,0.00343376
split_prior_D8238V.pt,7,182,0.003903439999999998
split_prior_XSOVRA.pt,112,2158,0.003427279999999999
split_prior_7U840C.pt,14,212,0.00343658
split_prior_RGHF09.pt,28,20,0.00347638
split_prior_59BZYF.pt,56,54,0.003439460000000001
split_prior_G4KVMT.pt,14,528,0.00344776
split_prior_C3IIU3.pt,1,1144,0.0034868399999999997
split_prior_O2JNOV.pt,224,1038,0.003441599999999999
split_prior_I0PWDG.pt,7,236,0.004239259999999998
split_prior_VJKMC1.pt,28,208,0.003561439999999999
split_prior_148BIQ.pt,112,340,0.0035354
split_prior_N3UVW0.pt,14,982,0.0034386199999999994
split_prior_UPPE48.pt,28,156,0.0034877600000000008
split_prior_4TZTRW.pt,14,990,0.0034516800000000004
split_prior_IDRXAO.pt,56,256,0.0034661400000000004
split_prior_3HSSIC.pt,14,52,0.0034857399999999998
split_prior_QE284L.pt,56,260,0.003464660000000001
split_prior_LB7AXM.pt,224,172,0.0034601799999999998
split_prior_1RROA4.pt,28,272,0.00343228
split_prior_PFLASU.pt,14,190,0.0036931799999999986
split_prior_FYBQ3S.pt,28,140,0.0034599000000000006
split_prior_QEJ1FN.pt,14,14,0.00404178
split_prior_A91Z76.pt,28,66,0.0034555599999999986
split_prior_YWMTKM.pt,28,120,0.0034592200000000007
split_prior_LU93TO.pt,14,514,0.0034425400000000004
split_prior_43MUAX.pt,14,76,0.01041482
split_prior_PIMS2H.pt,3,512,0.005787240000000002
split_prior_MVDWKL.pt,14,892,0.00344628
split_prior_NHEDJR.pt,7,52,0.00344192
split_prior_9EQNS4.pt,7,202,0.003506279999999999
split_prior_D44K0L.pt,14,1038,0.0034989999999999986
split_prior_IU998P.pt,28,598,0.0034606999999999993
split_prior_M40YAM.pt,14,172,0.003441680000000001
split_prior_NY070F.pt,112,832,0.0034782800000000007
split_prior_OPL44I.pt,56,1478,0.0034514799999999994
split_prior_W4BA0A.pt,112,6,0.0034224600000000004
split_prior_BMBO4V.pt,14,104,0.0034868799999999995
split_prior_3WODLD.pt,112,506,0.0034572799999999996
split_prior_C6WANF.pt,1,220,0.006638899999999999
split_prior_1P9LTA.pt,14,180,0.00350974
split_prior_5NXS5O.pt,7,214,0.0035513399999999983
split_prior_AFS1KP.pt,14,180,0.0034529600000000006
split_prior_BAY9D8.pt,14,236,0.003467139999999999
split_prior_5OC2B8.pt,7,1852,0.00348672
split_prior_U29RBY.pt,112,156,0.003440459999999999
split_prior_CH2H0O.pt,14,534,0.0034542799999999997
split_prior_GJ1G27.pt,7,468,0.0034726799999999993
split_prior_6SJ5VT.pt,14,22,0.00342032
split_prior_3X6CWW.pt,14,204,0.00343862
split_prior_SZKF45.pt,3,508,0.0034312400000000016
split_prior_8EO4HR.pt,56,138,0.0034533400000000005
split_prior_IETR1A.pt,56,500,0.00350356
split_prior_PVTP0H.pt,14,1248,0.00342848
split_prior_XF0W69.pt,56,274,0.0034566799999999997
split_prior_KSE379.pt,56,162,0.00345908
split_prior_YN4MMJ.pt,28,266,0.0034576
split_prior_OAKFK7.pt,7,58,0.003457940000000001
split_prior_2KACF3.pt,7,178,0.0034461399999999986
split_prior_DAFC1Y.pt,28,26,0.0035014399999999998
split_prior_LHWKYG.pt,28,416,0.0034167799999999995
split_prior_4LZAPP.pt,224,654,0.00343596
split_prior_NIKCL1.pt,56,38,0.00345118
split_prior_46PR5Y.pt,28,1284,0.0034626000000000006
split_prior_ZI5GMP.pt,14,1012,0.0034665399999999997
split_prior_4F6EIG.pt,112,270,0.0034764
split_prior_F8DRIE.pt,14,388,0.003453059999999999
split_prior_DL3F0P.pt,112,1080,0.003508839999999999
split_prior_QK25C5.pt,14,110,0.00342122
split_prior_069HR8.pt,14,152,0.0034823799999999998
split_prior_P1YCA6.pt,14,16,0.009834939999999999
split_prior_K1JPYW.pt,112,1138,0.00346654
split_prior_ET5B4A.pt,14,66,0.008113900000000002
split_prior_2GZBM9.pt,112,58,0.0034906799999999995
split_prior_1G4YIO.pt,112,258,0.003487620000000001
split_prior_SP2PVR.pt,14,112,0.0035021399999999995
split_prior_F16VWC.pt,28,536,0.0034744400000000005
split_prior_TBON3U.pt,112,428,0.0035065000000000014
split_prior_O7OEHV.pt,7,192,0.003501219999999999
split_prior_PJZRIM.pt,112,498,0.0034812999999999984
split_prior_ZO3GBR.pt,14,436,0.003451419999999999
split_prior_ZVAPR0.pt,56,124,0.0034802
split_prior_UKRY1N.pt,7,116,0.0035367200000000006
split_prior_YMS96F.pt,14,212,0.00345472
split_prior_YNFAH3.pt,7,170,0.0034467000000000005
split_prior_M8ZLOF.pt,28,500,0.0034528800000000015
split_prior_1611Z0.pt,14,318,0.003515020000000001
split_prior_3U7IWB.pt,112,74,0.0034787799999999995
split_prior_37TYSG.pt,14,168,0.0038813000000000003
split_prior_6EKHI3.pt,14,130,0.0034724800000000004
split_prior_TP7MJA.pt,3,136,0.007031060000000001
split_prior_0DVVD4.pt,14,186,0.0034303399999999996
split_prior_1FGTHI.pt,28,492,0.0034703800000000003
split_prior_MX5PS0.pt,14,998,0.0034369599999999993
split_prior_3CG7YO.pt,14,166,0.0034559399999999994
split_prior_CBP0UD.pt,14,414,0.0034846200000000003
split_prior_G1KX4B.pt,14,240,0.0034205800000000003
split_prior_SHMNNQ.pt,224,604,0.0034602000000000005
split_prior_LDD8R4.pt,28,1026,0.003457
split_prior_6GQZPE.pt,28,214,0.0035298200000000004
split_prior_5QG14Q.pt,28,62,0.003487480000000001
split_prior_FR55RQ.pt,14,1254,0.003437159999999999
split_prior_VBOEB9.pt,28,36,0.003440979999999999
split_prior_I174E9.pt,28,48,0.0034864999999999996
split_prior_EZCLWU.pt,28,268,0.0034853599999999994
split_prior_6E0URX.pt,14,218,0.00346584
split_prior_55OCF1.pt,56,186,0.0034423999999999995
split_prior_O3MNUV.pt,7,28,0.0059733999999999985
split_prior_XY6NRH.pt,14,254,0.003458579999999999
split_prior_DHD6D9.pt,112,92,0.003441099999999998
split_prior_8EE7OI.pt,56,62,0.003465
split_prior_NFBS3K.pt,56,414,0.00348108
split_prior_XNN366.pt,224,154,0.0034608400000000006
split_prior_HOTPS8.pt,14,586,0.0034626399999999995
split_prior_JA4K0A.pt,56,490,0.003459780000000001
split_prior_K6ATUY.pt,56,534,0.0034511000000000003
split_prior_0CWXOJ.pt,14,1018,0.0035199800000000002
split_prior_055GLL.pt,28,742,0.003466180000000001
split_prior_T84UDZ.pt,28,258,0.0034668599999999987
split_prior_L3N0PT.pt,56,224,0.0034565200000000003
split_prior_AMYHB5.pt,14,790,0.0034278
split_prior_UKFQJ5.pt,7,410,0.003887819999999999
split_prior_VYX1HF.pt,7,232,0.00671004
split_prior_PKIIUQ.pt,224,1008,0.00345146
split_prior_EA7OIY.pt,7,158,0.006589580000000003
split_prior_A555UM.pt,14,170,0.00350296
split_prior_2ZTRIF.pt,56,112,0.0036172599999999997
split_prior_FVGBEQ.pt,1,178,0.00345262
split_prior_SU3R6K.pt,112,212,0.0035787199999999996
split_prior_ZG5VDE.pt,14,524,0.0034234000000000005
split_prior_84N8CV.pt,14,124,0.005882120000000001
split_prior_MPAJDU.pt,14,114,0.00430028
split_prior_5GWI0B.pt,14,268,0.00345596
split_prior_NT60O1.pt,7,64,0.004068399999999999
split_prior_D2JG41.pt,112,438,0.0034766399999999996
split_prior_Z391XG.pt,28,502,0.0035633600000000002
split_prior_HDADO0.pt,14,528,0.003482779999999999
split_prior_QAA83L.pt,56,98,0.003474219999999999
split_prior_QIBWIB.pt,3,102,0.003510380000000001
split_prior_9ZZBIW.pt,28,952,0.0034937399999999995
split_prior_UJIN0V.pt,56,1686,0.003515180000000001
split_prior_4TM4FW.pt,28,12,0.00601428
split_prior_7IJVF0.pt,14,100,0.00353178
split_prior_WZDLAG.pt,112,210,0.0035714200000000005
split_prior_QWUEO0.pt,28,182,0.0035125599999999996
split_prior_XZJEQZ.pt,28,30,0.003491239999999999
split_prior_IWEWTB.pt,14,46,0.0045684
split_prior_YIQFR0.pt,56,272,0.00346108
split_prior_589GRU.pt,14,1700,0.00346108
split_prior_MND9AQ.pt,28,100,0.0034551399999999976
split_prior_MP8HHP.pt,112,172,0.003492640000000001
split_prior_YE6JWU.pt,14,150,0.003472619999999999
split_prior_8C50WB.pt,7,136,0.010788399999999998
split_prior_R67C2B.pt,56,484,0.0034854600000000014
split_prior_BWIBNC.pt,14,1254,0.0034910199999999996
split_prior_4LZETO.pt,7,196,0.0034429199999999995
split_prior_DBP18S.pt,7,96,0.015437240000000001
split_prior_CZRWML.pt,14,162,0.0036753800000000002
split_prior_5X1TGQ.pt,3,518,0.00928736
split_prior_VZNA4S.pt,28,514,0.0036117800000000006
split_prior_LBAGBX.pt,112,122,0.003473500000000001
split_prior_0DFT2W.pt,28,520,0.003457479999999999
split_prior_MSVC0G.pt,1,48,0.005135219999999999
split_prior_UNCSL9.pt,28,388,0.00346682
split_prior_XYPWG7.pt,28,72,0.003483160000000001
split_prior_9EM35M.pt,14,454,0.0034427200000000002
split_prior_PXM4G7.pt,28,10,0.007449999999999999
split_prior_MD10YV.pt,28,1134,0.0034167399999999997
split_prior_5GIV48.pt,224,38,0.00348094
split_prior_CMLJ8A.pt,14,268,0.023055779999999998
split_prior_AE2N2X.pt,3,498,0.008748300000000002
split_prior_FB4QGL.pt,112,124,0.0034482000000000002
split_prior_KKB71W.pt,28,138,0.00347166
split_prior_P4KH5L.pt,1,508,0.0035090399999999993
split_prior_QK52SD.pt,28,236,0.0035010600000000003
split_prior_N7NMLM.pt,14,22,0.0069878999999999965
split_prior_311IYD.pt,28,154,0.003427999999999999
split_prior_4RQ8YW.pt,7,646,0.0035612799999999996
split_prior_MG19EB.pt,224,510,0.0034564399999999994
split_prior_MBZMJF.pt,28,278,0.00346978
split_prior_9BN89U.pt,56,28,0.0034887200000000007
split_prior_X1CVPA.pt,14,220,0.0033961599999999996
split_prior_UF5Z2A.pt,28,1980,0.00345604
split_prior_UAKS8L.pt,14,132,0.00344448
split_prior_1UPVMX.pt,28,1714,0.00350546
split_prior_BAADML.pt,28,1974,0.00344826
split_prior_EL6KWS.pt,7,978,0.003494839999999999
split_prior_A2STN4.pt,28,1012,0.0034163999999999996
split_prior_0B485D.pt,7,2020,0.003480839999999999
split_prior_WEN7HG.pt,14,12,0.0034468000000000003
split_prior_N0Q4D0.pt,28,802,0.003430120000000001
split_prior_SLH3X3.pt,14,18,0.0046720600000000004
split_prior_T5UP3B.pt,112,56,0.0034382600000000003
split_prior_NZP2GW.pt,7,222,0.0037160999999999987
split_prior_G7N535.pt,28,234,0.0034732599999999997
split_prior_ELN8PB.pt,7,492,0.003427019999999999
split_prior_NNRTPH.pt,14,10,0.004035519999999999
split_prior_D1PBUY.pt,28,52,0.003441020000000001
split_prior_0WB2HW.pt,14,586,0.003388659999999998
split_prior_J6QWOH.pt,14,1026,0.0034393400000000004
split_prior_89SSEY.pt,28,504,0.0034672400000000003
split_prior_DJIS4U.pt,28,92,0.0034621800000000005
split_prior_6J9IXY.pt,7,182,0.0088856
split_prior_N7YE78.pt,14,268,0.00347914
split_prior_3NVJCG.pt,14,224,0.00347578
split_prior_XA3081.pt,14,52,0.005866600000000002
split_prior_4J5SFD.pt,14,552,0.0034845
split_prior_J0Q4LW.pt,14,214,0.0034626400000000003
split_prior_73MFL6.pt,14,200,0.0034762
split_prior_RZL38L.pt,7,16,0.0034603200000000002
split_prior_XF74X9.pt,7,142,0.00402656
split_prior_IN353D.pt,7,994,0.003481739999999999
split_prior_1VVLUJ.pt,56,10,0.003452699999999999
split_prior_ON4L9P.pt,56,176,0.00347136
split_prior_3NVODA.pt,14,526,0.0034910599999999985
split_prior_03C7MM.pt,28,202,0.0034528600000000007
split_prior_5MFZAF.pt,28,410,0.00348038
split_prior_HDJB1G.pt,7,522,0.003477680000000001
split_prior_AK0MG7.pt,28,2004,0.003414300000000001
split_prior_6RJU3E.pt,112,56,0.0035886399999999997
split_prior_LTHWBL.pt,7,42,0.0034839400000000005
split_prior_FK2KWL.pt,7,240,0.0034540799999999996
split_prior_LFWZJG.pt,14,834,0.003466500000000001
split_prior_YRIKLV.pt,7,506,0.0034711000000000004
split_prior_TKVBZY.pt,14,490,0.0034473399999999997
split_prior_S6ODFP.pt,3,56,0.00350412
split_prior_HIMF96.pt,7,220,0.011102960000000005
split_prior_PZ8DWL.pt,28,212,0.0034276200000000006
split_prior_X8OSZE.pt,14,1022,0.0034568400000000005
split_prior_3Q7DDN.pt,56,172,0.00349482
split_prior_65OK4L.pt,14,510,0.0034726799999999997
split_prior_AMWGBU.pt,112,50,0.0034989999999999995
split_prior_6EA0NI.pt,28,168,0.00341222
split_prior_GH0DO6.pt,28,528,0.00344462
split_prior_9D2KQZ.pt,14,508,0.0034703
split_prior_4TS7JY.pt,56,538,0.0034808199999999995
split_prior_FZV7G6.pt,14,264,0.0035166
split_prior_S0DNGC.pt,56,108,0.0034423800000000005
split_prior_NYI9TN.pt,3,8,0.0034438000000000003
split_prior_67Y9DF.pt,7,220,0.0035044600000000013
split_prior_3B9ENK.pt,14,24,0.00340854
split_prior_8KSYBT.pt,14,68,0.004590839999999999
split_prior_3MZRYW.pt,56,1698,0.0035605000000000003
split_prior_KD3URD.pt,28,146,0.0034445599999999993
split_prior_1CXKTW.pt,112,430,0.0034886599999999993
split_prior_ZS3R9L.pt,14,80,0.0035631199999999995
split_prior_S73ALY.pt,14,142,0.00348422
split_prior_Z827PK.pt,14,1636,0.0034843000000000014
split_prior_6KXKN7.pt,7,840,0.00344654
split_prior_F1Q7LN.pt,56,228,0.0034278399999999997
split_prior_43WM9F.pt,14,92,0.0034570599999999996
split_prior_XFJY16.pt,7,240,0.003461
split_prior_4WEDBE.pt,14,660,0.003458500000000001
split_prior_H463Q6.pt,14,70,0.0034040000000000008
split_prior_8WER1O.pt,28,1060,0.0034393
split_prior_181LOA.pt,14,126,0.00347806
split_prior_HWIW0I.pt,14,174,0.0034512399999999995
split_prior_0DAB5B.pt,14,164,0.00346124
split_prior_DX01VN.pt,14,46,0.0034534999999999995
split_prior_IRJDNJ.pt,56,150,0.0035176999999999986
split_prior_92M9YL.pt,14,124,0.0035084799999999996
split_prior_B68X0V.pt,7,1162,0.00342254
split_prior_Y3MGZ0.pt,14,122,0.0034739
split_prior_EA5TX4.pt,28,178,0.003462560000000001
split_prior_0J7MRF.pt,28,492,0.0034169799999999996
split_prior_KKJUTI.pt,14,2044,0.00346912
split_prior_K105MR.pt,28,204,0.0035415200000000007
split_prior_0DP4KB.pt,14,160,0.0034123399999999994
split_prior_HPEAW7.pt,14,2092,0.0034190999999999996
split_prior_TOUJWI.pt,14,90,0.00789088
split_prior_8L31J8.pt,14,520,0.00345616
split_prior_A01UHK.pt,7,968,0.003440219999999999
split_prior_JXYO9I.pt,28,1000,0.0034429200000000004
split_prior_E0ODLA.pt,14,678,0.003416279999999999
split_prior_RSQBQ2.pt,14,20,0.009634259999999997
split_prior_DUPPPR.pt,14,624,0.0035212
split_prior_MKGMNS.pt,28,300,0.0035614200000000018
split_prior_P8ZN2R.pt,7,496,0.003439600000000001
split_prior_BO7MN3.pt,28,532,0.003466100000000001
split_prior_C45GW7.pt,14,512,0.003495439999999999
split_prior_LURECX.pt,3,502,0.010158240000000002
split_prior_UCFWKN.pt,14,214,0.0034279199999999997
split_prior_YIG7C5.pt,28,78,0.003536959999999999
split_prior_6TBTGC.pt,14,938,0.00345848
split_prior_5PABJM.pt,56,220,0.00344662
split_prior_MLQL7S.pt,28,164,0.003482099999999998
split_prior_CV4O7X.pt,112,50,0.00355628
split_prior_7GV0OM.pt,14,112,0.0034361400000000003
split_prior_J50E4Q.pt,112,4,0.003456100000000001
split_prior_3MNFBP.pt,112,176,0.0034175000000000004
split_prior_REDAYO.pt,28,138,0.003424360000000001
split_prior_JVU2TT.pt,7,20,0.00597574
split_prior_4AQ1AA.pt,224,540,0.0034285599999999985
split_prior_LCQD5D.pt,28,314,0.0034283399999999998
split_prior_4ROPNS.pt,28,170,0.0034448600000000014
split_prior_10RDA3.pt,112,228,0.0034430000000000003
split_prior_8HQNHH.pt,14,38,0.006874839999999997
split_prior_QTRS63.pt,14,2030,0.00345798
split_prior_1531VG.pt,7,1872,0.00343666
split_prior_96QWPA.pt,56,518,0.0034942199999999997
split_prior_ADZP5J.pt,56,102,0.00340716
split_prior_4CYB7W.pt,7,456,0.0035306599999999997
split_prior_3ROMP5.pt,7,206,0.00347336
split_prior_7XWVIC.pt,28,856,0.0034782999999999997
split_prior_C694UC.pt,28,254,0.00346118
split_prior_Z5TLPQ.pt,28,2020,0.0034493600000000007
split_prior_CV9R99.pt,14,28,0.0036774199999999994
split_prior_PADSAG.pt,14,430,0.0034638200000000003
split_prior_CSZPCB.pt,14,222,0.00344796
split_prior_EFYSGJ.pt,7,240,0.0034527200000000007
split_prior_9NGKD9.pt,56,12,0.0034514
split_prior_ARYP61.pt,28,128,0.00345804
split_prior_YX7198.pt,14,88,0.003451420000000001
split_prior_NNDAMB.pt,28,684,0.0034555000000000007
split_prior_VYMXOE.pt,14,1162,0.0034437400000000003
split_prior_SD7VF1.pt,56,138,0.0035039
split_prior_8ZLKHZ.pt,224,232,0.0035136599999999996
split_prior_9U64AM.pt,1,214,0.014578419999999996
split_prior_1A26IL.pt,28,12,0.007822440000000003
split_prior_LJT4CY.pt,56,946,0.0034570999999999994
split_prior_ZF9CLJ.pt,112,234,0.0034470599999999996
split_prior_A6QLX9.pt,56,138,0.0034268200000000006
split_prior_B4W3P9.pt,112,144,0.0034975199999999996
split_prior_Y4ZXHF.pt,14,90,0.0035158200000000007
split_prior_CDB4KW.pt,1,66,0.00556068
split_prior_0SS76R.pt,28,6,0.006231740000000001
split_prior_BVR8NE.pt,14,132,0.0034280199999999995
split_prior_DJSMT8.pt,28,164,0.003399839999999999
split_prior_NF3SH8.pt,112,64,0.00358976
split_prior_4AOVOY.pt,56,146,0.00347306
split_prior_FAA5S0.pt,56,1858,0.0034292400000000005
split_prior_TVIJGN.pt,7,1990,0.0035205800000000006
split_prior_5PDSEB.pt,28,158,0.0034357
split_prior_BA8U8Z.pt,14,448,0.00346478
split_prior_G3Z59K.pt,28,226,0.0034574600000000007
split_prior_BP6V4N.pt,3,106,0.0034570600000000005
split_prior_7XBWK4.pt,28,530,0.003452160000000001
split_prior_OVBH50.pt,14,976,0.0034690199999999997
split_prior_4ERJXH.pt,28,180,0.0034807400000000004
split_prior_47YR5V.pt,112,6,0.00349672
split_prior_BCGK02.pt,28,202,0.0035078799999999997
split_prior_UZ0GLN.pt,14,1016,0.003475240000000002
split_prior_AQOYZR.pt,56,198,0.0034546799999999995
split_prior_7LLJD7.pt,28,144,0.0035076800000000004
split_prior_PXILKW.pt,28,130,0.0034502799999999996
split_prior_5I8JGS.pt,7,94,0.02276322
split_prior_2KTSM2.pt,28,996,0.003524459999999999
split_prior_YLGMM1.pt,14,466,0.003491440000000001
split_prior_9UW605.pt,14,202,0.0035082399999999997
split_prior_SZ5AV2.pt,14,126,0.0034669199999999996
split_prior_NYE5XK.pt,14,120,0.0035138599999999997
split_prior_ES3TRD.pt,56,76,0.003534919999999999
split_prior_39E78B.pt,14,850,0.0034111
split_prior_9Z8C8W.pt,112,4,0.0035641999999999996
split_prior_DNS6VW.pt,28,138,0.003438319999999999
split_prior_649TDS.pt,56,502,0.003419340000000001
split_prior_19XJG9.pt,7,506,0.00353036
split_prior_FRW4Z4.pt,56,508,0.0035119800000000005
split_prior_8E5RYD.pt,14,1908,0.0034442
split_prior_MP4W90.pt,28,502,0.0033900600000000003
split_prior_DBE09N.pt,56,228,0.00348794
split_prior_27U0BS.pt,7,522,0.0034460800000000002
split_prior_FYMGAW.pt,112,52,0.00342956
split_prior_1EQNR6.pt,28,250,0.0034660999999999993
split_prior_IU4ZV2.pt,112,66,0.003478059999999999
split_prior_DZFEAA.pt,56,228,0.00344176
split_prior_QV3XSX.pt,14,62,0.004653300000000002
split_prior_JV80IG.pt,56,540,0.003490620000000001
split_prior_O517RU.pt,28,512,0.00348598
split_prior_L1TJ66.pt,28,514,0.0034719199999999994
split_prior_NUDCVU.pt,1,484,0.004106359999999999
split_prior_IANYL7.pt,14,6,0.0034191
split_prior_6H8AL6.pt,28,168,0.00343052
split_prior_PYZ4B1.pt,7,194,0.0034067999999999993
split_prior_ZKO739.pt,14,52,0.014720880000000002
split_prior_U3IOXF.pt,56,162,0.0035051800000000005
split_prior_N01WSU.pt,14,198,0.003448960000000001
split_prior_FN3K8E.pt,28,24,0.0035371200000000004
split_prior_O5OAWZ.pt,7,1286,0.0034696400000000004
split_finegrained1_JY8OTN.pt,3,574,0.003515420000000001
split_finegrained1_DWY8IH.pt,3,464,0.0035050399999999988
split_finegrained1_DVRCI2.pt,3,382,0.009693359999999996
split_finegrained1_OO4SY6.pt,3,484,0.0034404799999999984
split_finegrained1_4RE5YI.pt,3,274,0.006816100000000002
split_finegrained1_NMSBQ5.pt,3,604,0.0033960399999999986
split_finegrained1_STZGTE.pt,3,512,0.01057378
split_finegrained1_SMH7GD.pt,3,532,0.012672220000000001
split_finegrained1_YTQMCW.pt,3,262,0.006453440000000001
split_finegrained1_1W7RP4.pt,3,278,0.006696279999999999
split_finegrained1_P4WE72.pt,3,380,0.010757599999999996
split_finegrained1_Z4K9R0.pt,3,614,0.00579154
split_finegrained1_8V6NLF.pt,3,562,0.006777299999999999
split_finegrained1_MVEM94.pt,3,494,0.00469778
split_finegrained1_E2DTAR.pt,3,282,0.005646660000000001
split_finegrained1_P8DEEV.pt,3,264,0.003386099999999999
split_finegrained1_2UW6P8.pt,3,378,0.016114680000000006
split_finegrained1_6MFI5S.pt,3,436,0.0034952199999999994
split_finegrained1_N20LOS.pt,3,314,0.005345260000000002
split_finegrained1_FIXDV6.pt,3,588,0.0038949799999999997
split_finegrained1_R2EGGF.pt,56,2,0.0036611600000000005
split_finegrained1_WBUS5P.pt,56,4,0.00746946
split_finegrained1_XEGPEG.pt,14,44,0.008754039999999998
split_finegrained1_1XO61R.pt,14,38,0.004639340000000001
split_finegrained1_WVKAVX.pt,14,28,0.0062856200000000004
split_finegrained1_6W7NX1.pt,14,46,0.0034786999999999995
split_finegrained1_KLY76P.pt,14,62,0.007726220000000002
split_finegrained1_QHRE8M.pt,14,52,0.003515860000000001
split_finegrained1_34KADY.pt,14,30,0.00887436
split_finegrained1_G99T3L.pt,14,54,0.003424760000000001
split_finegrained1_VFLB80.pt,14,56,0.003427219999999999
split_finegrained1_87Z1LO.pt,14,48,0.00845614
split_finegrained1_ZELV41.pt,14,44,0.00344296
split_finegrained1_OA8EN8.pt,14,40,0.00345626
split_finegrained1_UTE7M8.pt,14,52,0.0034744999999999997
split_finegrained1_K0KVWS.pt,14,32,0.011152699999999998
split_finegrained1_I42SSW.pt,14,42,0.009360800000000002
split_finegrained1_TPIT36.pt,14,58,0.012028980000000002
split_finegrained1_3VITM3.pt,14,54,0.006111980000000002
split_finegrained1_YSZ61F.pt,14,36,0.003515259999999999
split_finegrained1_UL3FYE.pt,14,46,0.0034526599999999998
split_finegrained1_PU3XET.pt,14,56,0.0035152399999999993
split_finegrained1_EM7Z42.pt,7,582,0.00345416
split_finegrained1_Y43BRW.pt,7,360,0.0033850000000000004
split_finegrained1_8I9HUI.pt,7,410,0.0035685999999999995
split_finegrained1_9V28S3.pt,7,516,0.003526680000000001
split_finegrained1_LAK12Y.pt,7,506,0.003438219999999999
split_finegrained1_ZBMQ02.pt,7,438,0.0034662000000000004
split_finegrained1_HI2GV6.pt,7,342,0.0034666799999999998
split_finegrained1_7ZJ1YR.pt,7,430,0.00345492
split_finegrained1_00E1HS.pt,7,378,0.003476300000000001
split_finegrained1_2VVNY2.pt,7,348,0.004219259999999999
split_finegrained1_BSKL27.pt,7,346,0.0035160599999999997
split_finegrained1_NPEBPW.pt,7,340,0.00342088
split_finegrained1_K0VFWE.pt,7,530,0.006572160000000001
split_finegrained1_1Z9SK9.pt,7,560,0.006338319999999998
split_finegrained1_QF4OA7.pt,7,296,0.012899980000000004
split_finegrained1_ZNSWO2.pt,7,418,0.023843439999999997
split_finegrained1_XJ1YRH.pt,7,328,0.007400380000000001
split_finegrained1_T3M1W6.pt,7,368,0.0035330600000000006
split_finegrained1_PA5ZAL.pt,7,562,0.0034550600000000002
split_finegrained1_JRBFB3.pt,7,360,0.003447659999999998
split_finegrained1_MKETUS.pt,7,230,0.00345572
split_finegrained1_FLVO55.pt,7,136,0.005589799999999998
split_finegrained1_KI96WB.pt,7,154,0.0034951200000000017
split_finegrained1_45VWJD.pt,7,170,0.00570906
split_finegrained1_PU37XX.pt,7,164,0.003499419999999999
split_finegrained1_NG2F36.pt,7,218,0.005030359999999999
split_finegrained1_1FWPD7.pt,7,108,0.008445159999999998
split_finegrained1_AP0PF9.pt,7,160,0.006001920000000002
split_finegrained1_GC46UU.pt,7,126,0.003472620000000001
split_finegrained1_GDZ847.pt,7,156,0.00491724
split_finegrained1_7WRICU.pt,7,224,0.008900020000000002
split_finegrained1_OZY3JX.pt,7,180,0.0034674199999999993
split_finegrained1_QF47YG.pt,7,192,0.00954646
split_finegrained1_EBBNOK.pt,7,134,0.00340228
split_finegrained1_0EK8LC.pt,7,242,0.003483079999999998
split_finegrained1_CJ79WY.pt,7,170,0.01106402
split_finegrained1_E94LUU.pt,7,104,0.0034229600000000005
split_finegrained1_3T9HBG.pt,7,182,0.003638120000000001
split_finegrained1_FN21L3.pt,7,144,0.003489
split_finegrained1_BN7AW3.pt,7,118,0.00574466
split_finegrained1_XS7NSP.pt,3,36,0.007738459999999999
split_finegrained1_A0U4JW.pt,3,58,0.0034476400000000005
split_finegrained1_KDI2VU.pt,3,38,0.0061829599999999995
split_finegrained1_G7R0OW.pt,3,30,0.0067853600000000016
split_finegrained1_BV0OSA.pt,3,40,0.007012019999999997
split_finegrained1_8YJT7G.pt,3,36,0.0047177400000000015
split_finegrained1_FM29EK.pt,3,50,0.006206400000000002
split_finegrained1_FXKWV4.pt,3,66,0.007822119999999998
split_finegrained1_QN36OI.pt,3,60,0.015016880000000002
split_finegrained1_MWFCDJ.pt,3,48,0.010981300000000001
split_finegrained1_LLN9CA.pt,3,52,0.004658659999999999
split_finegrained1_NN0HLB.pt,3,44,0.014944600000000004
split_finegrained1_P8UX6F.pt,3,54,0.011788499999999995
split_finegrained1_N3NCBE.pt,3,64,0.005950399999999999
split_finegrained1_VMCCKP.pt,3,54,0.011656399999999997
split_finegrained1_IQK07H.pt,3,64,0.015232759999999998
split_finegrained1_YPGWB4.pt,3,52,0.014049140000000009
split_finegrained1_J1JS75.pt,3,28,0.007911660000000006
split_finegrained1_4J1I6A.pt,3,50,0.003446699999999999
split_finegrained1_IGEHYR.pt,3,66,0.005876720000000001
split_finegrained1_G2WAEJ.pt,3,20,0.011743360000000001
split_finegrained1_GX8GZF.pt,3,36,0.014542119999999997
split_finegrained1_BP04II.pt,3,38,0.010664179999999999
split_finegrained1_UXBAXO.pt,3,30,0.009497720000000001
split_finegrained1_B93KOP.pt,3,34,0.0167616
split_finegrained1_CE0IH9.pt,3,32,0.005461819999999999
split_finegrained1_NB2T9C.pt,3,32,0.0034430000000000016
split_finegrained1_FWXRY4.pt,3,36,0.0077198799999999975
split_finegrained1_QTFST4.pt,3,30,0.00472106
split_finegrained1_4AI08D.pt,3,40,0.0044487
split_finegrained1_LXQGOF.pt,3,18,0.007717899999999997
split_finegrained1_8JQ25R.pt,3,20,0.012639539999999996
split_finegrained1_HPFDF6.pt,3,34,0.007230619999999998
split_finegrained1_4CTZRG.pt,3,38,0.0034734200000000005
split_finegrained1_JXZXIU.pt,3,28,0.015492640000000004
split_finegrained1_9KK243.pt,3,28,0.003421
split_finegrained1_200GSJ.pt,3,26,0.015638199999999998
split_finegrained1_HXDYC0.pt,3,24,0.005843
split_finegrained1_CXF03H.pt,3,26,0.009414279999999995
split_finegrained1_3IDJFU.pt,3,24,0.015025219999999992
split_finegrained1_IT1ZPQ.pt,7,578,0.0034258599999999993
split_finegrained1_V7TWQN.pt,7,394,0.007059600000000002
split_finegrained1_KABOQH.pt,7,376,0.00547966
split_finegrained1_JWVA09.pt,7,540,0.00341754
split_finegrained1_J1C541.pt,7,272,0.009959200000000003
split_finegrained1_1T3Q0E.pt,7,588,0.0034637599999999998
split_finegrained1_OABUOP.pt,7,272,0.0050365
split_finegrained1_7MRCJ1.pt,7,450,0.00342208
split_finegrained1_IUL1XN.pt,7,304,0.0034172399999999998
split_finegrained1_AUP52Z.pt,7,558,0.0035272799999999994
split_finegrained1_M6W29F.pt,7,608,0.00869458
split_finegrained1_8JGLSF.pt,7,516,0.0034729599999999998
split_finegrained1_HHUCBS.pt,7,294,0.0034358000000000006
split_finegrained1_154LR4.pt,7,574,0.00342746
split_finegrained1_94CMD9.pt,7,564,0.0034204400000000003
split_finegrained1_OI3OMP.pt,7,312,0.0035299199999999993
split_finegrained1_7ORAB7.pt,7,434,0.010519500000000001
split_finegrained1_8NCU5Q.pt,7,394,0.0073096399999999975
split_finegrained1_5890O4.pt,7,526,0.009963159999999997
split_finegrained1_IU303R.pt,7,398,0.006289900000000002
split_finegrained1_B7INJ6.pt,28,14,0.004896760000000003
split_finegrained1_IBYEJL.pt,28,6,0.008243639999999998
split_finegrained1_Y1EY93.pt,28,10,0.005111860000000001
split_finegrained1_ENCX35.pt,28,12,0.00519186
split_finegrained1_UR4WCY.pt,28,10,0.0035312
split_finegrained1_MQK1G1.pt,28,8,0.013124419999999996
split_finegrained1_XQQZ8H.pt,28,8,0.011747400000000005
split_finegrained1_Q7KWRB.pt,28,12,0.003438219999999999
split_finegrained1_3F6JLY.pt,7,532,0.003556080000000001
split_finegrained1_LMGDHA.pt,7,388,0.0035114400000000002
split_finegrained1_6LEAMU.pt,7,316,0.0035345399999999988
split_finegrained1_QL96FW.pt,7,340,0.007103020000000001
split_finegrained1_3GCRNF.pt,7,334,0.0035023400000000005
split_finegrained1_YQ7IER.pt,7,324,0.009903259999999997
split_finegrained1_L5F9Q7.pt,7,458,0.0034430000000000016
split_finegrained1_UBKVOS.pt,7,596,0.0034427599999999996
split_finegrained1_FEWGTG.pt,7,502,0.003431100000000001
split_finegrained1_EUUYLG.pt,7,386,0.003472900000000001
split_finegrained1_Y59IJR.pt,7,576,0.0034837999999999996
split_finegrained1_3H16Y7.pt,7,542,0.0034312799999999992
split_finegrained1_M6094F.pt,7,268,0.0034328999999999983
split_finegrained1_CYCLFM.pt,7,592,0.009187359999999999
split_finegrained1_L1B1AM.pt,7,374,0.003469779999999999
split_finegrained1_UC1FSJ.pt,7,420,0.00340732
split_finegrained1_IBS72C.pt,7,338,0.003466780000000001
split_finegrained1_TFCQFX.pt,7,438,0.005460779999999998
split_finegrained1_2QLFN8.pt,7,546,0.00358962
split_finegrained1_BO729D.pt,7,562,0.003552979999999999
split_finegrained1_MAZOO8.pt,1,14,0.006628280000000001
split_finegrained1_ZNG1DP.pt,1,8,0.0036810799999999998
split_finegrained1_WDA07E.pt,1,16,0.013174560000000007
split_finegrained1_7I9DCS.pt,1,18,0.0034754200000000003
split_finegrained1_5GBLOJ.pt,1,18,0.01723334
split_finegrained1_CNE7VG.pt,1,12,0.012586139999999994
split_finegrained1_PTX7BV.pt,1,10,0.015063060000000001
split_finegrained1_XUDUB0.pt,1,10,0.009832580000000004
split_finegrained1_W4125V.pt,1,14,0.00569696
split_finegrained1_YWT7HE.pt,1,16,0.005398339999999999
split_finegrained1_Y8SW47.pt,1,12,0.006217139999999998
split_finegrained1_2S6D9X.pt,7,204,0.00352242
split_finegrained1_WS76M9.pt,7,104,0.00443246
split_finegrained1_91FLIG.pt,7,172,0.00505418
split_finegrained1_VMQES1.pt,7,210,0.00847644
split_finegrained1_8D408G.pt,7,168,0.0035030800000000017
split_finegrained1_RHHEVV.pt,7,132,0.0040997
split_finegrained1_YX7KW9.pt,7,208,0.0034574
split_finegrained1_FQ0R08.pt,7,228,0.0034582000000000002
split_finegrained1_GQULTT.pt,7,120,0.010581880000000004
split_finegrained1_177XYD.pt,7,200,0.0034175999999999994
split_finegrained1_MTDC9M.pt,7,100,0.00347538
split_finegrained1_TDSWSE.pt,7,210,0.004098939999999999
split_finegrained1_AH9QV3.pt,7,110,0.0034414800000000007
split_finegrained1_NTH9H9.pt,7,202,0.007620660000000001
split_finegrained1_58T016.pt,7,138,0.0035188999999999997
split_finegrained1_8D3I68.pt,7,156,0.010018099999999999
split_finegrained1_I2X3DY.pt,7,140,0.004485359999999999
split_finegrained1_AXKBJI.pt,7,182,0.004286440000000001
split_finegrained1_M2KYHU.pt,7,220,0.00465962
split_finegrained1_UN751W.pt,7,230,0.00342536
split_finegrained1_307LPX.pt,14,50,0.008884859999999996
split_finegrained1_UFSSUT.pt,14,38,0.008722940000000004
split_finegrained1_9GXFL4.pt,14,48,0.00909104
split_finegrained1_NGCMXX.pt,14,36,0.010529240000000002
split_finegrained1_FU9UKC.pt,14,58,0.00344962
split_finegrained1_2K4LOO.pt,14,40,0.00352006
split_finegrained1_WCIU4T.pt,14,34,0.00342892
split_finegrained1_ZHRB8D.pt,14,72,0.003418239999999999
split_finegrained1_9VAEX1.pt,14,44,0.012104300000000004
split_finegrained1_46L155.pt,14,66,0.010383759999999999
split_finegrained1_8HYH1O.pt,14,32,0.00986994
split_finegrained1_LBQMRY.pt,14,48,0.004996819999999998
split_finegrained1_9CZY9U.pt,14,68,0.004699439999999998
split_finegrained1_CDFDX6.pt,14,60,0.0034301799999999997
split_finegrained1_D1416K.pt,14,34,0.0058677999999999985
split_finegrained1_M7BVNS.pt,14,38,0.00341858
split_finegrained1_A5H20B.pt,14,52,0.0034451399999999997
split_finegrained1_W4XLAX.pt,14,62,0.0034600800000000004
split_finegrained1_PUHHTQ.pt,14,50,0.0047772199999999996
split_finegrained1_QGG0H0.pt,14,64,0.005370080000000002
split_finegrained1_VZES4B.pt,7,12,0.006340060000000001
split_finegrained1_5QVG48.pt,7,14,0.004825460000000001
split_finegrained1_JV3IO4.pt,7,22,0.00516166
split_finegrained1_BLW1HU.pt,7,20,0.005723319999999999
split_finegrained1_TMUX2S.pt,7,16,0.010238980000000002
split_finegrained1_08A5O5.pt,7,12,0.00872506
split_finegrained1_BYOOK9.pt,7,14,0.01239252
split_finegrained1_LJXTWM.pt,7,18,0.009095240000000006
split_finegrained1_AD8MEA.pt,7,18,0.007867200000000001
split_finegrained1_BZZTT3.pt,7,20,0.00543654
split_finegrained1_JZ45NG.pt,7,24,0.007587019999999999
split_finegrained1_4DRXLB.pt,7,22,0.008571800000000001
split_finegrained1_6T6J7Z.pt,7,10,0.008086880000000001
split_finegrained1_X07CVD.pt,7,16,0.006823699999999999
split_finegrained1_YP3X8X.pt,1,400,0.00932608
split_finegrained1_8MVCRY.pt,1,326,0.012148739999999996
split_finegrained1_K20T3V.pt,1,560,0.0076323799999999985
split_finegrained1_AQTWEB.pt,1,496,0.009138779999999999
split_finegrained1_MY7KV1.pt,1,374,0.008995239999999998
split_finegrained1_UFIIHZ.pt,1,460,0.014169979999999993
split_finegrained1_OHUDWG.pt,1,392,0.015520919999999995
split_finegrained1_E92OM5.pt,1,370,0.0035307800000000007
split_finegrained1_I9MREN.pt,1,572,0.003440559999999999
split_finegrained1_XZV46E.pt,1,310,0.00881664
split_finegrained1_6151X3.pt,1,480,0.005994280000000002
split_finegrained1_QC78IK.pt,1,366,0.007313839999999999
split_finegrained1_W70BNI.pt,1,462,0.0108784
split_finegrained1_W6SH0X.pt,1,508,0.015610579999999999
split_finegrained1_MIWEDD.pt,1,578,0.015589979999999998
split_finegrained1_UFXUNU.pt,1,518,0.0034617199999999993
split_finegrained1_CQ4J1A.pt,1,550,0.004244919999999999
split_finegrained1_BECYKH.pt,1,330,0.006433479999999999
split_finegrained1_VHULG2.pt,1,366,0.008184499999999997
split_finegrained1_07YEIS.pt,1,286,0.010981320000000003
split_finegrained1_O54WYZ.pt,7,100,0.008261840000000001
split_finegrained1_CZ86I2.pt,7,228,0.0050000800000000005
split_finegrained1_EYS9JA.pt,7,136,0.003477699999999999
split_finegrained1_WZTAST.pt,7,170,0.004735539999999999
split_finegrained1_S2FLP6.pt,7,108,0.01157480000000001
split_finegrained1_9M7FUN.pt,7,230,0.011558020000000002
split_finegrained1_8LS2WM.pt,7,174,0.0034679199999999998
split_finegrained1_GFEL6F.pt,7,132,0.01067088
split_finegrained1_RG231M.pt,7,212,0.00348202
split_finegrained1_EDJMAX.pt,7,188,0.0034230000000000007
split_finegrained1_EI5KAY.pt,7,184,0.003442
split_finegrained1_E8FMMZ.pt,7,138,0.0064016
split_finegrained1_UTQW9J.pt,7,178,0.005087839999999999
split_finegrained1_ZV8EPR.pt,7,184,0.006578899999999999
split_finegrained1_KBDA0Q.pt,7,144,0.006475220000000005
split_finegrained1_N00VXO.pt,7,206,0.00504672
split_finegrained1_KQDMQB.pt,7,168,0.01406648
split_finegrained1_QECWBB.pt,7,170,0.0035012400000000005
split_finegrained1_8WMDEY.pt,7,116,0.01454376
split_finegrained1_H7N0U4.pt,7,232,0.004526739999999999
split_finegrained1_UPZX36.pt,7,324,0.005381599999999999
split_finegrained1_C9KHA5.pt,7,584,0.0034336400000000017
split_finegrained1_F63V3Q.pt,7,420,0.00346068
split_finegrained1_OYAQ4O.pt,7,376,0.00347534
split_finegrained1_PT67VJ.pt,7,378,0.003525360000000001
split_finegrained1_LJ0YZI.pt,7,386,0.0034537600000000006
split_finegrained1_D925YT.pt,7,344,0.0034670000000000018
split_finegrained1_HET5QN.pt,7,310,0.0034878599999999997
split_finegrained1_OX7FDU.pt,7,546,0.0034673399999999993
split_finegrained1_IE0UGE.pt,7,576,0.00344344
split_finegrained1_8114EH.pt,7,436,0.008444880000000002
split_finegrained1_AYK94C.pt,7,354,0.0034378399999999993
split_finegrained1_M8D75K.pt,7,480,0.006705439999999999
split_finegrained1_0NFXXF.pt,7,324,0.0035086600000000003
split_finegrained1_WIWGYE.pt,7,572,0.0034614599999999995
split_finegrained1_0PK106.pt,7,418,0.0034534399999999995
split_finegrained1_3E0LKA.pt,7,280,0.003462680000000001
split_finegrained1_1ULVU0.pt,7,272,0.003456560000000001
split_finegrained1_O1GYQT.pt,7,488,0.003425539999999999
split_finegrained1_BZA5E2.pt,7,266,0.00458858
split_finegrained1_UDPFGX.pt,7,138,0.00438298
split_finegrained1_T9046X.pt,7,188,0.00346788
split_finegrained1_IZ1FCA.pt,7,144,0.006826920000000001
split_finegrained1_MKXJDZ.pt,7,96,0.007777360000000004
split_finegrained1_MJUERE.pt,7,152,0.006429920000000002
split_finegrained1_M1BNVV.pt,7,146,0.003470340000000001
split_finegrained1_8VG685.pt,7,160,0.024069480000000008
split_finegrained1_UAVOO3.pt,7,98,0.0072054000000000016
split_finegrained1_4D0LPD.pt,7,186,0.0034822399999999993
split_finegrained1_3RW0ZA.pt,7,190,0.003453100000000001
split_finegrained1_0VSY0T.pt,7,100,0.00344192
split_finegrained1_7PFD9W.pt,7,168,0.007609500000000002
split_finegrained1_0K9YCK.pt,7,128,0.005800860000000002
split_finegrained1_HYHY9S.pt,7,208,0.00351454
split_finegrained1_HPTR1O.pt,7,132,0.00407378
split_finegrained1_X0HJ1Z.pt,7,200,0.003446259999999999
split_finegrained1_71C2CI.pt,7,192,0.0034670999999999994
split_finegrained1_3UDH6F.pt,7,168,0.0041634
split_finegrained1_NG0WWH.pt,7,124,0.0033707600000000004
split_finegrained1_UAU5DF.pt,7,122,0.006782660000000001
split_finegrained1_NX3R4Z.pt,3,98,0.008494619999999998
split_finegrained1_KKH7W8.pt,3,104,0.004434419999999999
split_finegrained1_YJDHZW.pt,3,86,0.007894799999999997
split_finegrained1_7H0P8V.pt,3,112,0.0034352399999999983
split_finegrained1_IFTAGW.pt,3,108,0.0161329
split_finegrained1_41B9IC.pt,3,56,0.00345214
split_finegrained1_3JNLH6.pt,3,62,0.00947168
split_finegrained1_L1CPVD.pt,3,102,0.007666640000000007
split_finegrained1_W0VLPE.pt,3,90,0.007889800000000004
split_finegrained1_XEA6SW.pt,3,52,0.00483594
split_finegrained1_60GY0F.pt,3,96,0.0034149399999999996
split_finegrained1_NBEN32.pt,3,58,0.0035215800000000003
split_finegrained1_LUSWPY.pt,3,114,0.008926720000000003
split_finegrained1_LXBH1J.pt,3,70,0.005549680000000002
split_finegrained1_7XNC3M.pt,3,94,0.00590152
split_finegrained1_D89JW0.pt,3,108,0.0034260400000000013
split_finegrained1_PIUNTG.pt,3,72,0.00518654
split_finegrained1_59M4VV.pt,3,102,0.0033855199999999995
split_finegrained1_E8XXLI.pt,3,100,0.0034278800000000003
split_finegrained1_7YQG6W.pt,3,88,0.005888319999999999
split_finegrained1_QXZIMQ.pt,7,60,0.017857999999999995
split_finegrained1_CRK47S.pt,7,86,0.007845140000000002
split_finegrained1_A0X6Z1.pt,7,128,0.003459740000000001
split_finegrained1_FHZR1Y.pt,7,104,0.0035470600000000008
split_finegrained1_NIRNA6.pt,7,56,0.0036933599999999993
split_finegrained1_MHY7JZ.pt,7,116,0.0035017800000000016
split_finegrained1_DE12V4.pt,7,90,0.012144219999999997
split_finegrained1_M6TG0E.pt,7,70,0.0045970199999999985
split_finegrained1_88OMSD.pt,7,78,0.006351039999999999
split_finegrained1_43S8C5.pt,7,116,0.0034892599999999992
split_finegrained1_MNVCU4.pt,7,112,0.0034483
split_finegrained1_TSYDN7.pt,7,120,0.014129780000000002
split_finegrained1_09GNZ8.pt,7,104,0.0034312599999999998
split_finegrained1_YNXIS4.pt,7,78,0.006661139999999998
split_finegrained1_MCHYTK.pt,7,68,0.0050082799999999995
split_finegrained1_7XOGSP.pt,7,56,0.00348112
split_finegrained1_G0LWZ3.pt,7,98,0.0035241800000000013
split_finegrained1_20DW6N.pt,7,92,0.010030340000000002
split_finegrained1_0E1M5U.pt,7,126,0.006718759999999998
split_finegrained1_RR4CCF.pt,7,108,0.0034446999999999993
split_finegrained1_INGNA2.pt,14,136,0.004588619999999999
split_finegrained1_3BU0SY.pt,14,134,0.0033976599999999994
split_finegrained1_4YU5V8.pt,14,140,0.0035030999999999994
split_finegrained1_PDWJXT.pt,14,94,0.0034671399999999996
split_finegrained1_FHKL0Q.pt,14,88,0.00342532
split_finegrained1_KVAWA1.pt,14,90,0.00354264
split_finegrained1_K72ZT6.pt,14,90,0.0036117199999999993
split_finegrained1_LT41GF.pt,14,66,0.0034644399999999996
split_finegrained1_BFUPLI.pt,14,138,0.0034295799999999993
split_finegrained1_RK0F67.pt,14,102,0.0035214999999999995
split_finegrained1_DP81OB.pt,14,88,0.0034643199999999995
split_finegrained1_LHLFYV.pt,14,126,0.0034350199999999987
split_finegrained1_3F22NF.pt,14,146,0.0034108200000000015
split_finegrained1_W97PDC.pt,14,134,0.003463799999999999
split_finegrained1_B21IHO.pt,14,130,0.0034556800000000013
split_finegrained1_N9MO88.pt,14,118,0.003477860000000001
split_finegrained1_VJ7DD0.pt,14,120,0.00345468
split_finegrained1_S4MP2E.pt,14,116,0.00389726
split_finegrained1_9ZEYI4.pt,14,86,0.0034495199999999998
split_finegrained1_T487ZR.pt,14,62,0.00344426
split_finegrained1_BJU0O2.pt,7,606,0.003446460000000002
split_finegrained1_IGY8JO.pt,7,272,0.0034426599999999997
split_finegrained1_Z4DC6S.pt,7,382,0.0066069000000000015
split_finegrained1_DUKLAP.pt,7,468,0.004885219999999999
split_finegrained1_ZCNQDV.pt,7,308,0.003403419999999999
split_finegrained1_0VHJEI.pt,7,418,0.00490914
split_finegrained1_P4JYPV.pt,7,436,0.0034523600000000002
split_finegrained1_BGBS2Z.pt,7,358,0.013034859999999999
split_finegrained1_8WEQJ0.pt,7,420,0.0034507800000000005
split_finegrained1_8NNSVP.pt,7,556,0.009223020000000004
split_finegrained1_THZQTB.pt,7,272,0.0034510600000000006
split_finegrained1_NI5WCT.pt,7,486,0.0034478200000000003
split_finegrained1_IIIV7D.pt,7,534,0.00854944
split_finegrained1_ROD9WL.pt,7,464,0.003538900000000001
split_finegrained1_576HBT.pt,7,364,0.00543786
split_finegrained1_KJZD8I.pt,7,578,0.00343924
split_finegrained1_DZI5AQ.pt,7,584,0.0034911200000000003
split_finegrained1_EK0ZWF.pt,7,352,0.00346906
split_finegrained1_5QJNGM.pt,7,598,0.0034787000000000012
split_finegrained1_C1TTUJ.pt,7,288,0.00414202
split_finegrained1_B1KK8N.pt,14,72,0.003404220000000001
split_finegrained1_O0DJVX.pt,14,88,0.0034760000000000004
split_finegrained1_M0XPUX.pt,14,52,0.0037595200000000006
split_finegrained1_A3WF27.pt,14,94,0.008802920000000002
split_finegrained1_N4UULS.pt,14,72,0.003418760000000001
split_finegrained1_ZNWGYR.pt,14,84,0.0034620000000000007
split_finegrained1_54IJ41.pt,14,78,0.0034967799999999992
split_finegrained1_7IFK1C.pt,14,84,0.022398039999999998
split_finegrained1_4SAMPM.pt,14,82,0.008262400000000001
split_finegrained1_FASS0S.pt,14,86,0.005759099999999997
split_finegrained1_QWK837.pt,14,80,0.0034336000000000006
split_finegrained1_02OAWJ.pt,14,68,0.0050488
split_finegrained1_QFM8PL.pt,14,76,0.004354599999999999
split_finegrained1_3H1IEX.pt,14,102,0.00341994
split_finegrained1_VE6MR7.pt,14,50,0.006799019999999997
split_finegrained1_CN8C3J.pt,14,96,0.0033632000000000007
split_finegrained1_6PRECY.pt,14,100,0.00614606
split_finegrained1_OAU5NY.pt,14,70,0.003530479999999999
split_finegrained1_5LYH5A.pt,14,54,0.003451
split_finegrained1_UWHWMF.pt,14,60,0.00813942
split_finegrained1_Z8L8OE.pt,14,120,0.006934880000000002
split_finegrained1_0D0OBJ.pt,14,158,0.0039441
split_finegrained1_TNDA8H.pt,14,168,0.0034091000000000004
split_finegrained1_3KLC4R.pt,14,162,0.0035893799999999997
split_finegrained1_9SO2N5.pt,14,200,0.00348706
split_finegrained1_5U1U2U.pt,14,212,0.003422619999999999
split_finegrained1_YN5IX3.pt,14,184,0.003430720000000001
split_finegrained1_E96Z48.pt,14,144,0.003488200000000001
split_finegrained1_E7T1ZJ.pt,14,178,0.0034097600000000004
split_finegrained1_WWMZ2G.pt,14,94,0.00339222
split_finegrained1_Q4ZDR7.pt,14,124,0.009452459999999998
split_finegrained1_38WPG9.pt,14,202,0.0034484
split_finegrained1_KWYKHJ.pt,14,208,0.00369958
split_finegrained1_APTDIY.pt,14,204,0.003425339999999999
split_finegrained1_WCE8OI.pt,14,186,0.0034891999999999996
split_finegrained1_U07ASF.pt,14,220,0.00348758
split_finegrained1_NYUGBM.pt,14,110,0.0034418800000000005
split_finegrained1_LMY4F2.pt,14,148,0.00347964
split_finegrained1_6UAVE9.pt,14,190,0.00346294
split_finegrained1_88UG6E.pt,14,176,0.005475679999999999
split_finegrained1_77ZOW4.pt,3,284,0.0034446
split_finegrained1_45HR1N.pt,3,504,0.004623640000000001
split_finegrained1_15YA42.pt,3,324,0.0034479
split_finegrained1_90I54H.pt,3,498,0.00354416
split_finegrained1_YHOD1O.pt,3,508,0.00345794
split_finegrained1_8LS1GW.pt,3,318,0.0050523400000000015
split_finegrained1_Q3915V.pt,3,558,0.00506416
split_finegrained1_SEJFFI.pt,3,534,0.011104120000000002
split_finegrained1_ERBTYV.pt,3,364,0.013489539999999996
split_finegrained1_U4L4AW.pt,3,458,0.01506264
split_finegrained1_M0LB5X.pt,3,500,0.009253500000000003
split_finegrained1_0EMUK8.pt,3,322,0.0034437599999999997
split_finegrained1_VK6HR6.pt,3,578,0.010330639999999997
split_finegrained1_FBA2GI.pt,3,340,0.008083839999999998
split_finegrained1_D32GNP.pt,3,320,0.003954119999999999
split_finegrained1_ZH6R73.pt,3,574,0.0034931999999999993
split_finegrained1_0BHJ7G.pt,3,430,0.003426679999999999
split_finegrained1_24M64A.pt,3,388,0.003476860000000001
split_finegrained1_WBVAYM.pt,3,588,0.004985079999999999
split_finegrained1_Q3857F.pt,3,400,0.006097539999999999
split_finegrained1_J9KDEM.pt,14,52,0.0035247599999999996
split_finegrained1_CVM83O.pt,14,118,0.01101742
split_finegrained1_99GTHO.pt,14,92,0.010349380000000004
split_finegrained1_7ZN8RI.pt,14,118,0.00343632
split_finegrained1_RZ85EA.pt,14,80,0.0034544400000000005
split_finegrained1_9OOD81.pt,14,62,0.00409564
split_finegrained1_7RHXO5.pt,14,68,0.003432199999999999
split_finegrained1_PP05T5.pt,14,122,0.0035560400000000016
split_finegrained1_MA4BKH.pt,14,108,0.0034426600000000015
split_finegrained1_TYL8CM.pt,14,114,0.0034584000000000004
split_finegrained1_MSND7F.pt,14,112,0.003450100000000001
split_finegrained1_97EUKN.pt,14,112,0.012008659999999999
split_finegrained1_CXZ6IY.pt,14,100,0.0034461400000000003
split_finegrained1_1NBHVI.pt,14,56,0.0034342000000000005
split_finegrained1_6B0XK9.pt,14,62,0.010071420000000003
split_finegrained1_V2PLLD.pt,14,104,0.0034171199999999996
split_finegrained1_ITG6SD.pt,14,64,0.00344744
split_finegrained1_WWELJ6.pt,14,98,0.003403999999999999
split_finegrained1_R68MEW.pt,14,56,0.008685159999999997
split_finegrained1_AO4FEI.pt,14,70,0.0034556200000000004
split_finegrained1_9DUUDV.pt,14,28,0.0034453800000000014
split_finegrained1_879OCK.pt,14,22,0.003504339999999999
split_finegrained1_P0EQR8.pt,14,22,0.013801200000000005
split_finegrained1_ZRWCVB.pt,14,16,0.0034196999999999995
split_finegrained1_FP66FA.pt,14,30,0.003450719999999999
split_finegrained1_K1BID1.pt,14,16,0.016359380000000007
split_finegrained1_0VR4AY.pt,14,26,0.006076780000000001
split_finegrained1_PDPF8I.pt,14,26,0.005955399999999995
split_finegrained1_4YNVZA.pt,14,28,0.003690199999999999
split_finegrained1_LYJ6LD.pt,14,20,0.006934140000000001
split_finegrained1_0B9NP1.pt,14,24,0.013258859999999999
split_finegrained1_4YOLCX.pt,14,14,0.004002979999999999
split_finegrained1_7QVGKW.pt,14,20,0.0060403600000000016
split_finegrained1_LDCTLE.pt,14,18,0.00475906
split_finegrained1_CRO3BC.pt,14,30,0.003475340000000001
split_finegrained1_ZHWEZJ.pt,14,14,0.005253560000000002
split_finegrained1_3BNORU.pt,14,24,0.00522676
split_finegrained1_8QO9T4.pt,14,18,0.011475919999999995
split_finegrained1_DS3WM4.pt,7,88,0.004357440000000001
split_finegrained1_1UWTDX.pt,7,134,0.007064479999999999
split_finegrained1_6AFTTG.pt,7,128,0.00340742
split_finegrained1_JGZMC3.pt,7,178,0.00342116
split_finegrained1_UQ0YWD.pt,7,94,0.00348076
split_finegrained1_PJZKTC.pt,7,192,0.0034906000000000004
split_finegrained1_4H53O5.pt,7,200,0.0034335399999999992
split_finegrained1_0PXKOT.pt,7,184,0.00347456
split_finegrained1_9VSAMM.pt,7,118,0.013899620000000001
split_finegrained1_A9FUVS.pt,7,154,0.015995659999999995
split_finegrained1_F538UL.pt,7,142,0.0066301599999999995
split_finegrained1_TLRHDI.pt,7,190,0.0035177
split_finegrained1_JMKML8.pt,7,136,0.007955540000000002
split_finegrained1_XWCHOY.pt,7,158,0.003428960000000001
split_finegrained1_RV9VKJ.pt,7,108,0.0034357200000000006
split_finegrained1_EY5JHF.pt,7,100,0.003498120000000001
split_finegrained1_LYWX4P.pt,7,110,0.00350692
split_finegrained1_7UB3W1.pt,7,144,0.0036089
split_finegrained1_6TKMGJ.pt,7,148,0.0054368
split_finegrained1_FDRJ9K.pt,7,138,0.0034249399999999987
split_finegrained1_NLMO7R.pt,14,80,0.0034575000000000005
split_finegrained1_TRC7BP.pt,14,58,0.013032040000000005
split_finegrained1_4HKNE5.pt,14,78,0.00343744
split_finegrained1_Z038SG.pt,14,38,0.003467139999999999
split_finegrained1_YY9C82.pt,14,68,0.0034011199999999997
split_finegrained1_5A6VEK.pt,14,60,0.003441000000000001
split_finegrained1_9B9YNQ.pt,14,54,0.0034514399999999988
split_finegrained1_AI3J1C.pt,14,46,0.0034817400000000014
split_finegrained1_2VEAAG.pt,14,70,0.0034814200000000003
split_finegrained1_CDFV66.pt,14,36,0.012723020000000003
split_finegrained1_SY5XTY.pt,14,70,0.0034197600000000004
split_finegrained1_ZO4B6T.pt,14,62,0.00343344
split_finegrained1_V4S6ZS.pt,14,42,0.0034560199999999985
split_finegrained1_XW154T.pt,14,78,0.0034623200000000005
split_finegrained1_RH48XH.pt,14,44,0.003443239999999999
split_finegrained1_VYV1AQ.pt,14,48,0.003521099999999999
split_finegrained1_6MRZ8U.pt,14,42,0.0036614200000000007
split_finegrained1_HUM6F3.pt,14,72,0.006690339999999998
split_finegrained1_0IG5TS.pt,14,66,0.00347966
split_finegrained1_JNYHMR.pt,14,74,0.0034970000000000005
split_finegrained1_WFF9ZK.pt,14,78,0.00513186
split_finegrained1_GX24HC.pt,14,70,0.005383579999999998
split_finegrained1_81GH1J.pt,14,72,0.0034516399999999997
split_finegrained1_05JTXZ.pt,14,102,0.00346352
split_finegrained1_4V4ORZ.pt,14,96,0.00344412
split_finegrained1_ZHUZ01.pt,14,46,0.00556404
split_finegrained1_EH17UO.pt,14,64,0.007824159999999998
split_finegrained1_0MINTR.pt,14,68,0.0034421400000000007
split_finegrained1_FYF0AT.pt,14,82,0.0034325200000000005
split_finegrained1_VQCYEJ.pt,14,76,0.009231739999999999
split_finegrained1_VFLNGE.pt,14,92,0.0035078800000000005
split_finegrained1_6HE2UN.pt,14,60,0.0034801600000000012
split_finegrained1_M7YSY6.pt,14,86,0.00343924
split_finegrained1_RHJKZN.pt,14,60,0.00351378
split_finegrained1_6HW81J.pt,14,52,0.010848580000000002
split_finegrained1_UVKT4X.pt,14,86,0.003453219999999999
split_finegrained1_DW38UC.pt,14,80,0.0034825399999999997
split_finegrained1_ICT0LS.pt,14,62,0.00350254
split_finegrained1_I0ZNQJ.pt,14,74,0.005621460000000002
split_finegrained1_B3XW8K.pt,14,46,0.0034194200000000003
split_finegrained1_1BEBVU.pt,14,32,0.01920218
split_finegrained1_683WUG.pt,14,34,0.0037490999999999996
split_finegrained1_UF44SR.pt,14,40,0.0062212
split_finegrained1_0B20UN.pt,14,58,0.0035219199999999996
split_finegrained1_KO204R.pt,14,64,0.0034671000000000003
split_finegrained1_YSU0IH.pt,14,32,0.004108160000000002
split_finegrained1_YYF4L9.pt,14,30,0.008989979999999998
split_finegrained1_JY7ITN.pt,14,48,0.006064560000000001
split_finegrained1_LRQ70K.pt,14,36,0.00346732
split_finegrained1_DNZKJB.pt,14,50,0.0034418199999999986
split_finegrained1_UZBBAR.pt,14,68,0.010373619999999997
split_finegrained1_88GBN8.pt,14,50,0.004833319999999999
split_finegrained1_ARMWBN.pt,14,46,0.003939679999999998
split_finegrained1_MTY05W.pt,14,60,0.010368559999999997
split_finegrained1_2O0UO2.pt,14,62,0.011051880000000005
split_finegrained1_L194V9.pt,14,30,0.0036852200000000008
split_finegrained1_PEOO5F.pt,14,66,0.0034583799999999996
split_finegrained1_CP9G65.pt,14,46,0.0066089600000000005
split_finegrained1_5HSLQ6.pt,14,66,0.003463020000000001
split_finegrained1_MPBMR1.pt,14,68,0.0034543199999999986
split_finegrained1_I4DU3P.pt,14,22,0.00343622
split_finegrained1_GTBB7W.pt,14,32,0.009228199999999999
split_finegrained1_7AF34L.pt,14,32,0.006711619999999999
split_finegrained1_GHT3SI.pt,14,36,0.012433900000000005
split_finegrained1_BBN91M.pt,14,24,0.004028299999999999
split_finegrained1_Q9GKI6.pt,14,44,0.003473340000000001
split_finegrained1_UPF5QJ.pt,14,38,0.011830260000000004
split_finegrained1_ZWFGIT.pt,14,30,0.016576640000000004
split_finegrained1_O6KRI9.pt,14,44,0.011846259999999997
split_finegrained1_1MDU2W.pt,14,28,0.0035299600000000004
split_finegrained1_XCG51F.pt,14,34,0.0034715199999999996
split_finegrained1_94BKKF.pt,14,42,0.0038674200000000008
split_finegrained1_VLFDAH.pt,14,40,0.011014760000000002
split_finegrained1_E70XTS.pt,14,38,0.00348996
split_finegrained1_YCXVCY.pt,14,24,0.0052590399999999995
split_finegrained1_IXY9TC.pt,14,36,0.003473780000000001
split_finegrained1_ECUCW6.pt,14,28,0.006223320000000002
split_finegrained1_2OUOJV.pt,14,26,0.0057851000000000005
split_finegrained1_J259H3.pt,14,26,0.011447200000000001
split_finegrained1_AZ7PVO.pt,14,40,0.00347042
split_finegrained1_8CH7LR.pt,7,124,0.0034678000000000005
split_finegrained1_P3VME5.pt,7,224,0.0034419800000000007
split_finegrained1_9TX2RU.pt,7,176,0.01018024
split_finegrained1_O3SRXM.pt,7,132,0.00398362
split_finegrained1_7SFW4O.pt,7,152,0.014336480000000002
split_finegrained1_RM5WY0.pt,7,128,0.0034698199999999998
split_finegrained1_LASL1R.pt,7,200,0.00343642
split_finegrained1_JS03QK.pt,7,110,0.003480380000000001
split_finegrained1_RAFK5P.pt,7,146,0.003418879999999999
split_finegrained1_1F2L6X.pt,7,228,0.011499139999999996
split_finegrained1_W18U3I.pt,7,142,0.00853796
split_finegrained1_WGK6GY.pt,7,150,0.0034408999999999993
split_finegrained1_TEY8E0.pt,7,124,0.0038951800000000003
split_finegrained1_MZCKNZ.pt,7,232,0.022697240000000004
split_finegrained1_UY4T78.pt,7,184,0.00347394
split_finegrained1_7HELHC.pt,7,120,0.0068475600000000025
split_finegrained1_ZF6163.pt,7,114,0.0043029800000000005
split_finegrained1_NAN4WX.pt,7,196,0.003456760000000001
split_finegrained1_MYN8EE.pt,7,202,0.0034370600000000013
split_finegrained1_8H14GB.pt,7,140,0.00350612
split_finegrained1_IV88WS.pt,7,534,0.0034688
split_finegrained1_0SRB73.pt,7,472,0.0034239
split_finegrained1_U0YSQO.pt,7,508,0.003456700000000001
split_finegrained1_Y24MGS.pt,7,382,0.008852760000000003
split_finegrained1_IQTTQB.pt,7,228,0.0034309200000000005
split_finegrained1_F6ZF7A.pt,7,252,0.003522279999999999
split_finegrained1_5TFL1U.pt,7,526,0.0034769600000000007
split_finegrained1_K9UY9V.pt,7,376,0.009547600000000002
split_finegrained1_EFS2JJ.pt,7,336,0.0033962199999999997
split_finegrained1_T6DEG1.pt,7,234,0.008512119999999996
split_finegrained1_GMXZIP.pt,7,270,0.0034329800000000004
split_finegrained1_GKY7IV.pt,7,378,0.0034567800000000004
split_finegrained1_23Q9K9.pt,7,408,0.003436560000000001
split_finegrained1_NGYEVI.pt,7,530,0.00349328
split_finegrained1_SXP0ZR.pt,7,388,0.00343316
split_finegrained1_G28FZI.pt,7,438,0.003557259999999999
split_finegrained1_6ABCWX.pt,7,492,0.0035462199999999992
split_finegrained1_F567Z9.pt,7,242,0.01539412
split_finegrained1_82RP22.pt,7,520,0.003471759999999999
split_finegrained1_VO0C2B.pt,7,426,0.0050951600000000005
split_finegrained1_2PE4W9.pt,14,72,0.00345642
split_finegrained1_P91NDC.pt,14,58,0.010170760000000003
split_finegrained1_PFBFIH.pt,14,94,0.00351912
split_finegrained1_XOUSC6.pt,14,74,0.0074741
split_finegrained1_0X5CUZ.pt,14,48,0.00608148
split_finegrained1_OZQEAH.pt,14,98,0.00954564
split_finegrained1_11TKCO.pt,14,106,0.0033879999999999987
split_finegrained1_BIPM61.pt,14,92,0.007085860000000002
split_finegrained1_NI3FAP.pt,14,70,0.00343594
split_finegrained1_NILCBA.pt,14,76,0.0034993200000000006
split_finegrained1_WN1R3K.pt,14,106,0.0043894400000000005
split_finegrained1_4FAE9I.pt,14,80,0.006617840000000002
split_finegrained1_78F4TH.pt,14,86,0.0034615000000000006
split_finegrained1_PEF7RG.pt,14,108,0.00351654
split_finegrained1_51ZOXR.pt,14,84,0.00344788
split_finegrained1_SW7LFX.pt,14,76,0.0034683599999999998
split_finegrained1_UMPZ9C.pt,14,68,0.007627940000000002
split_finegrained1_HKD8ZL.pt,14,62,0.003496079999999999
split_finegrained1_HQ86B9.pt,14,58,0.006216060000000001
split_finegrained1_TEZX57.pt,14,60,0.0034374999999999996
split_finegrained1_EK9AWT.pt,7,46,0.0035264600000000004
split_finegrained1_HZPMNI.pt,7,68,0.00730774
split_finegrained1_TDLIBO.pt,7,38,0.006158619999999998
split_finegrained1_8OU8UB.pt,7,52,0.0064627999999999994
split_finegrained1_WZ0W69.pt,7,62,0.008080539999999999
split_finegrained1_5MHF28.pt,7,74,0.0043143999999999995
split_finegrained1_UMVTNF.pt,7,42,0.0034859399999999994
split_finegrained1_661MWA.pt,7,70,0.0034613999999999995
split_finegrained1_JHCMRK.pt,7,48,0.004323960000000001
split_finegrained1_0O2B27.pt,7,34,0.0062853399999999995
split_finegrained1_ENFUCN.pt,7,42,0.0039331999999999995
split_finegrained1_GF6RKS.pt,7,58,0.0034364800000000004
split_finegrained1_3WY3FG.pt,7,74,0.0060872400000000024
split_finegrained1_P3F4WG.pt,7,46,0.004009059999999998
split_finegrained1_P48MAL.pt,7,60,0.0034247600000000002
split_finegrained1_D1Q5XD.pt,7,50,0.00342232
split_finegrained1_F8Z2ON.pt,7,56,0.003829440000000001
split_finegrained1_NYPFI2.pt,7,50,0.003466059999999999
split_finegrained1_AWVRPF.pt,7,54,0.0034479599999999995
split_finegrained1_GZGXQT.pt,7,44,0.005084340000000001
split_finegrained1_TFIBHH.pt,7,102,0.0036351800000000013
split_finegrained1_5DFK8K.pt,7,212,0.005302699999999999
split_finegrained1_F7WZHG.pt,7,196,0.0034006199999999983
split_finegrained1_HU98F8.pt,7,178,0.0033853999999999993
split_finegrained1_Z63FVL.pt,7,140,0.0034360000000000003
split_finegrained1_C88E2Z.pt,7,186,0.0036149199999999998
split_finegrained1_8KTM0C.pt,7,174,0.0034258800000000005
split_finegrained1_26W8XU.pt,7,126,0.00343594
split_finegrained1_89WA24.pt,7,102,0.00453538
split_finegrained1_0QAOS4.pt,7,100,0.0070604199999999995
split_finegrained1_TJRS5K.pt,7,210,0.010244540000000002
split_finegrained1_41N6V8.pt,7,166,0.0034496999999999987
split_finegrained1_MXM7FX.pt,7,144,0.0035407799999999994
split_finegrained1_GRRFR6.pt,7,122,0.0065400599999999995
split_finegrained1_H130XF.pt,7,112,0.0034991000000000006
split_finegrained1_2B6CVF.pt,7,114,0.0034460800000000002
split_finegrained1_HZ7I0U.pt,7,160,0.0034866799999999985
split_finegrained1_17NNGF.pt,7,198,0.00477638
split_finegrained1_FUE3GM.pt,7,216,0.008693479999999998
split_finegrained1_OPZWG1.pt,7,152,0.003408100000000001
split_finegrained1_2FKDDQ.pt,7,88,0.0035045000000000015
split_finegrained1_YWV3JT.pt,7,104,0.005847060000000002
split_finegrained1_CJII4O.pt,7,94,0.0034207199999999986
split_finegrained1_IUDFTR.pt,7,152,0.012019419999999998
split_finegrained1_3NX329.pt,7,204,0.004689780000000001
split_finegrained1_SG25JS.pt,7,148,0.0034916800000000005
split_finegrained1_IA2Y96.pt,7,168,0.0034326599999999997
split_finegrained1_L66CC7.pt,7,168,0.00346306
split_finegrained1_ZQYKXQ.pt,7,186,0.012585460000000001
split_finegrained1_Z8HBAJ.pt,7,122,0.0034373999999999993
split_finegrained1_5D5CXR.pt,7,162,0.012731760000000002
split_finegrained1_FDUEWI.pt,7,122,0.0034933599999999996
split_finegrained1_0WPZMI.pt,7,204,0.0034099200000000003
split_finegrained1_7KCZ7U.pt,7,98,0.00373394
split_finegrained1_PDLGNS.pt,7,176,0.00357284
split_finegrained1_KM9YLN.pt,7,112,0.010065200000000002
split_finegrained1_ZHITRV.pt,7,116,0.00587836
split_finegrained1_VWWV3I.pt,7,90,0.0050812800000000005
split_finegrained1_MLHWWE.pt,7,94,0.005017760000000002
split_finegrained1_AI90N1.pt,7,106,0.0084435
split_finegrained1_707PAE.pt,14,50,0.0070893399999999995
split_finegrained1_49J436.pt,14,70,0.0034562600000000014
split_finegrained1_W5EE34.pt,14,50,0.0052264600000000005
split_finegrained1_22576E.pt,14,88,0.00437546
split_finegrained1_8S2D35.pt,14,92,0.0061725
split_finegrained1_5S647G.pt,14,52,0.005699919999999998
split_finegrained1_3GGT5H.pt,14,78,0.01108274
split_finegrained1_6YJST2.pt,14,46,0.004582280000000001
split_finegrained1_I471DL.pt,14,74,0.003440520000000002
split_finegrained1_HIEMUF.pt,14,66,0.0034487400000000005
split_finegrained1_PD7B2L.pt,14,106,0.0034204800000000013
split_finegrained1_GCSP5J.pt,14,80,0.0034286400000000023
split_finegrained1_5EYWWM.pt,14,104,0.003434140000000001
split_finegrained1_WTQDFX.pt,14,70,0.013256760000000003
split_finegrained1_EUU9K6.pt,14,56,0.008292179999999996
split_finegrained1_G794EO.pt,14,82,0.00587152
split_finegrained1_4OXDYY.pt,14,92,0.00354114
split_finegrained1_9OLP4Z.pt,14,48,0.0044337
split_finegrained1_LYYLIH.pt,14,90,0.0034083800000000004
split_finegrained1_F1ETWJ.pt,14,58,0.005825199999999999
split_finegrained1_F9Q3WY.pt,14,18,0.0114705
split_finegrained1_TO77TQ.pt,14,16,0.007727619999999994
split_finegrained1_BZ6SRK.pt,14,16,0.00693306
split_finegrained1_16S8RY.pt,14,24,0.0034307200000000004
split_finegrained1_5PGGXJ.pt,14,24,0.01005034
split_finegrained1_BL4G4X.pt,14,26,0.010771559999999998
split_finegrained1_52TBA3.pt,14,22,0.0034956399999999995
split_finegrained1_0RVGQ4.pt,14,14,0.0040308800000000014
split_finegrained1_MMHTXP.pt,14,12,0.01063186
split_finegrained1_6W8YYT.pt,14,18,0.00344372
split_finegrained1_1896P8.pt,14,14,0.006161819999999999
split_finegrained1_OEV370.pt,14,20,0.006197079999999999
split_finegrained1_QJ050L.pt,14,12,0.009946739999999999
split_finegrained1_F7FGTA.pt,14,22,0.007124720000000002
split_finegrained1_6KJHZS.pt,14,20,0.0034143999999999997
split_finegrained1_G7U5HK.pt,7,52,0.006148520000000002
split_finegrained1_0FJR7Z.pt,7,62,0.00433358
split_finegrained1_LRCBSC.pt,7,96,0.0034633999999999997
split_finegrained1_7O1JBQ.pt,7,90,0.003437199999999999
split_finegrained1_5SEUM4.pt,7,52,0.01395058
split_finegrained1_8YB6HX.pt,7,66,0.008234339999999998
split_finegrained1_IGQBM0.pt,7,64,0.00342146
split_finegrained1_T2BHWU.pt,7,94,0.0034473399999999997
split_finegrained1_IX7EXC.pt,7,96,0.00690504
split_finegrained1_2YRYME.pt,7,108,0.006115619999999997
split_finegrained1_AL78HH.pt,7,80,0.007667660000000004
split_finegrained1_LAOQ8D.pt,7,50,0.013494199999999996
split_finegrained1_VKK0WB.pt,7,72,0.00342724
split_finegrained1_LMXJ7W.pt,7,54,0.013006780000000003
split_finegrained1_88X23D.pt,7,56,0.00880904
split_finegrained1_3IBYEQ.pt,7,66,0.00363792
split_finegrained1_8BPE2K.pt,7,60,0.00347946
split_finegrained1_IRWTA3.pt,7,106,0.00913874
split_finegrained1_LG8Z8T.pt,7,48,0.00482106
split_finegrained1_9XWE41.pt,7,102,0.007644339999999999
split_finegrained1_5SNMXF.pt,14,112,0.0034166199999999996
split_finegrained1_R6JGZC.pt,14,80,0.0034428599999999994
split_finegrained1_FZOVU9.pt,14,168,0.003475859999999999
split_finegrained1_E7OPTB.pt,14,146,0.003911739999999998
split_finegrained1_628PRA.pt,14,88,0.003432479999999999
split_finegrained1_217NJQ.pt,14,158,0.0034169200000000012
split_finegrained1_4DMH06.pt,14,80,0.00347396
split_finegrained1_CLP2MF.pt,14,98,0.003830220000000001
split_finegrained1_KDUYYW.pt,14,162,0.0034821799999999997
split_finegrained1_6ZDC70.pt,14,104,0.00426298
split_finegrained1_4D1ILL.pt,14,150,0.0034281799999999994
split_finegrained1_ESEBXA.pt,14,170,0.004894239999999999
split_finegrained1_X0QYEI.pt,14,122,0.00820274
split_finegrained1_59GXJO.pt,14,88,0.003396420000000001
split_finegrained1_EYDPK1.pt,14,104,0.008364120000000003
split_finegrained1_5RC4EK.pt,14,110,0.00384302
split_finegrained1_3HPSF4.pt,14,120,0.00398208
split_finegrained1_F4M38S.pt,14,78,0.005928819999999999
split_finegrained1_3B0TCB.pt,14,126,0.003435359999999999
split_finegrained1_1JX4KK.pt,14,152,0.0033982400000000003
split_finegrained1_EZMENW.pt,3,42,0.005960740000000001
split_finegrained1_9MLXP1.pt,3,54,0.007282339999999999
split_finegrained1_HI33NG.pt,3,84,0.00863308
split_finegrained1_IEFUKD.pt,3,72,0.010467699999999998
split_finegrained1_RDPWEM.pt,3,98,0.01133988
split_finegrained1_DXGW72.pt,3,48,0.00407306
split_finegrained1_MFLMQI.pt,3,60,0.006485580000000002
split_finegrained1_HZA3Q7.pt,3,54,0.006145079999999998
split_finegrained1_6QJSCJ.pt,3,86,0.006636180000000004
split_finegrained1_FVFYBK.pt,3,90,0.00344868
split_finegrained1_NHHR4A.pt,3,66,0.00649604
split_finegrained1_A5PJZ7.pt,3,56,0.006868460000000002
split_finegrained1_S0U8RY.pt,3,90,0.0034380599999999993
split_finegrained1_K4XR6N.pt,3,46,0.013958599999999998
split_finegrained1_XY3IQE.pt,3,52,0.007060020000000003
split_finegrained1_DY5MXK.pt,3,74,0.005203219999999998
split_finegrained1_98MWA6.pt,3,94,0.0062273599999999995
split_finegrained1_0U8VZN.pt,3,70,0.013986119999999998
split_finegrained1_R3GQSD.pt,3,82,0.00485196
split_finegrained1_09T6DM.pt,3,96,0.0034701
split_finegrained1_I61IZ7.pt,7,184,0.004585559999999999
split_finegrained1_E9XWOG.pt,7,116,0.006867519999999999
split_finegrained1_18PDV8.pt,7,206,0.010848019999999998
split_finegrained1_94LXVT.pt,7,210,0.009485360000000002
split_finegrained1_1EWG7O.pt,7,182,0.00821668
split_finegrained1_35C1FT.pt,7,248,0.00489686
split_finegrained1_1YRSFP.pt,7,154,0.0034758999999999988
split_finegrained1_4DG8JL.pt,7,138,0.012985500000000004
split_finegrained1_DBMJZP.pt,7,160,0.0034043000000000003
split_finegrained1_9R8Y3P.pt,7,140,0.003410800000000001
split_finegrained1_FBNDIZ.pt,7,106,0.0034090599999999998
split_finegrained1_H2CPPJ.pt,7,170,0.008649299999999999
split_finegrained1_KW0T3A.pt,7,114,0.0053133999999999985
split_finegrained1_J06E5Z.pt,7,142,0.00542388
split_finegrained1_SCQVAU.pt,7,160,0.007662239999999997
split_finegrained1_5AELH1.pt,7,246,0.003453940000000001
split_finegrained1_2U4FKU.pt,7,178,0.0035097
split_finegrained1_KWWO2X.pt,7,206,0.0034370799999999995
split_finegrained1_30X3R6.pt,7,180,0.003430959999999999
split_finegrained1_K03C8N.pt,7,156,0.0034285599999999998
split_finegrained1_NFVHPZ.pt,3,4,0.0036529600000000007
split_finegrained1_0XZ6AH.pt,3,2,0.013293039999999994
split_finegrained1_3XW3T0.pt,1,116,0.008258640000000001
split_finegrained1_FFCE20.pt,1,122,0.00824588
split_finegrained1_8XF36B.pt,1,88,0.01008482
split_finegrained1_4VWPVI.pt,1,72,0.0052227
split_finegrained1_CJ7J0X.pt,1,114,0.00469148
split_finegrained1_JCVH8S.pt,1,94,0.010492120000000002
split_finegrained1_7593GK.pt,1,84,0.00350548
split_finegrained1_TIWS60.pt,1,78,0.003418899999999999
split_finegrained1_L5ARDT.pt,1,58,0.006631519999999999
split_finegrained1_ZIF9PV.pt,1,82,0.0034178999999999998
split_finegrained1_Y3PA20.pt,1,112,0.0033923600000000005
split_finegrained1_V8ADMO.pt,1,96,0.004128560000000001
split_finegrained1_MR0TQ3.pt,1,104,0.0036361400000000012
split_finegrained1_IUDENV.pt,1,124,0.015437579999999996
split_finegrained1_FDEQDA.pt,1,124,0.016414320000000003
split_finegrained1_SC0RGR.pt,1,72,0.0037118400000000005
split_finegrained1_3AJYIZ.pt,1,98,0.009514779999999999
split_finegrained1_F7VVRM.pt,1,92,0.0034726600000000002
split_finegrained1_SNSQP4.pt,1,120,0.016003739999999992
split_finegrained1_X4A5WE.pt,1,62,0.010966939999999996
split_finegrained1_U1I4U1.pt,28,16,0.0034428799999999993
split_finegrained1_YVAMC6.pt,28,22,0.00345466
split_finegrained1_5SDC8A.pt,28,18,0.0034537199999999995
split_finegrained1_UE0A6J.pt,28,24,0.0034751599999999993
split_finegrained1_YU53XG.pt,28,28,0.003540860000000001
split_finegrained1_9MYSIB.pt,28,20,0.012368560000000002
split_finegrained1_ZLOHYO.pt,28,16,0.012488440000000005
split_finegrained1_KK1JEL.pt,28,24,0.003437520000000001
split_finegrained1_6T2A1R.pt,28,14,0.010947019999999998
split_finegrained1_S2AP29.pt,28,28,0.00343616
split_finegrained1_NJ8S8X.pt,28,26,0.0034772800000000006
split_finegrained1_9N4251.pt,28,26,0.00344924
split_finegrained1_UXXHQF.pt,28,30,0.0034620600000000007
split_finegrained1_1E6XVX.pt,28,22,0.0034052200000000005
split_finegrained1_S1LUD0.pt,28,30,0.0034543599999999996
split_finegrained1_S2Z4IC.pt,28,14,0.0046365400000000015
split_finegrained1_H0PM76.pt,28,20,0.0035389799999999993
split_finegrained1_RA6VIL.pt,28,18,0.0034231200000000004
split_finegrained1_WMBFPR.pt,7,102,0.007123599999999999
split_finegrained1_OO8PWX.pt,7,110,0.0034259600000000005
split_finegrained1_Q8U6RQ.pt,7,72,0.004132660000000001
split_finegrained1_0IHY6C.pt,7,100,0.0055877
split_finegrained1_0XL7YV.pt,7,64,0.009297299999999998
split_finegrained1_76ADPN.pt,7,58,0.016088540000000005
split_finegrained1_Z1QK7Q.pt,7,114,0.005709019999999999
split_finegrained1_XYHLYH.pt,7,98,0.009665139999999997
split_finegrained1_Y1CPKF.pt,7,92,0.00898738
split_finegrained1_HA90ZL.pt,7,64,0.011227560000000003
split_finegrained1_BM9PEG.pt,7,90,0.006627059999999998
split_finegrained1_YLXVDF.pt,7,118,0.01648828
split_finegrained1_NNU3QJ.pt,7,60,0.011019459999999998
split_finegrained1_THZJX4.pt,7,84,0.0034215999999999995
split_finegrained1_7K8B1Z.pt,7,102,0.0037002399999999987
split_finegrained1_WH3HWS.pt,7,66,0.0034838399999999998
split_finegrained1_HSTUY5.pt,7,74,0.0034686199999999995
split_finegrained1_1VYQ87.pt,7,72,0.022829180000000008
split_finegrained1_1OU55A.pt,7,62,0.0034225999999999996
split_finegrained1_VNM4IY.pt,7,52,0.015831240000000003
split_finegrained1_PMDDF6.pt,7,264,0.0034314
split_finegrained1_3V8VYR.pt,7,174,0.013098760000000004
split_finegrained1_BW00L4.pt,7,234,0.0034241200000000005
split_finegrained1_RUMG4X.pt,7,210,0.0034633799999999994
split_finegrained1_Z2DKOO.pt,7,228,0.003439000000000002
split_finegrained1_EQLYNX.pt,7,190,0.012165920000000004
split_finegrained1_ZLENYC.pt,7,162,0.0034152399999999995
split_finegrained1_IAO3K4.pt,7,166,0.0034293399999999995
split_finegrained1_FG8D2E.pt,7,148,0.015356499999999995
split_finegrained1_12L021.pt,7,138,0.0044430799999999986
split_finegrained1_GCM4DH.pt,7,146,0.0034523400000000004
split_finegrained1_PMX47E.pt,7,240,0.003484379999999999
split_finegrained1_XT2AYX.pt,7,138,0.0034643199999999995
split_finegrained1_2738K8.pt,7,184,0.008227640000000001
split_finegrained1_SPHMJ2.pt,7,248,0.0034213999999999994
split_finegrained1_P2STL3.pt,7,248,0.011488980000000003
split_finegrained1_9UES82.pt,7,262,0.00339832
split_finegrained1_OG0PPJ.pt,7,232,0.003835199999999999
split_finegrained1_8EBNV6.pt,7,168,0.00697584
split_finegrained1_1K43FI.pt,7,154,0.007044760000000002
split_finegrained1_QZOJR9.pt,3,346,0.004546839999999999
split_finegrained1_NNLH3J.pt,3,502,0.0034224000000000017
split_finegrained1_P11AIV.pt,3,302,0.014302240000000004
split_finegrained1_6DCFMK.pt,3,466,0.0034791400000000004
split_finegrained1_R8G305.pt,3,358,0.005752059999999998
split_finegrained1_Z9R22E.pt,3,422,0.00839198
split_finegrained1_MRU3ZA.pt,3,276,0.00640764
split_finegrained1_7NXC2V.pt,3,278,0.012505560000000002
split_finegrained1_PJ5X7F.pt,3,300,0.0035863600000000007
split_finegrained1_E4VL2U.pt,3,440,0.007211899999999998
split_finegrained1_EGTYK0.pt,3,426,0.0034564
split_finegrained1_AGOPGT.pt,3,366,0.00404974
split_finegrained1_BETIHB.pt,3,456,0.003440119999999999
split_finegrained1_P29LPF.pt,3,298,0.0034183599999999996
split_finegrained1_Q0ZZ2I.pt,3,390,0.003476920000000001
split_finegrained1_Y3K51I.pt,3,388,0.004048980000000001
split_finegrained1_FEPOM0.pt,3,308,0.01054104
split_finegrained1_CADP88.pt,3,390,0.003485199999999999
split_finegrained1_9H1SQS.pt,3,414,0.011581699999999999
split_finegrained1_6Q06OI.pt,3,568,0.008963500000000003
split_finegrained1_ZTEHFQ.pt,7,72,0.003478979999999999
split_finegrained1_56VO0N.pt,7,38,0.0070250799999999995
split_finegrained1_L60VLZ.pt,7,46,0.0054361
split_finegrained1_TR1K8K.pt,7,64,0.007484200000000001
split_finegrained1_KVMT3A.pt,7,68,0.005028879999999999
split_finegrained1_QHEX5N.pt,7,68,0.00457164
split_finegrained1_KRUFYN.pt,7,66,0.0034744999999999997
split_finegrained1_ARSL95.pt,7,32,0.0034389600000000005
split_finegrained1_JTH677.pt,7,70,0.010665839999999998
split_finegrained1_MU1AQP.pt,7,40,0.010524980000000001
split_finegrained1_L9OSV0.pt,7,60,0.005642219999999999
split_finegrained1_Y8GB91.pt,7,56,0.005673579999999998
split_finegrained1_MU19XA.pt,7,52,0.0034042000000000013
split_finegrained1_21XSYF.pt,7,50,0.006142019999999998
split_finegrained1_2GAAIR.pt,7,42,0.0036924600000000003
split_finegrained1_R4CP1V.pt,7,32,0.009177200000000002
split_finegrained1_07K5W6.pt,7,48,0.005144419999999999
split_finegrained1_QDQP7O.pt,7,62,0.006220440000000001
split_finegrained1_INYGFH.pt,7,64,0.013577900000000006
split_finegrained1_NX9NQX.pt,7,58,0.00345216
split_finegrained1_BHXFOF.pt,14,74,0.00342954
split_finegrained1_4QHSCR.pt,14,40,0.00342784
split_finegrained1_EFHGYX.pt,14,52,0.0034934600000000003
split_finegrained1_TV73NY.pt,14,54,0.013477460000000002
split_finegrained1_LR45U6.pt,14,62,0.00697308
split_finegrained1_EXQIKO.pt,14,56,0.005290119999999999
split_finegrained1_WJRJMQ.pt,14,80,0.012291920000000001
split_finegrained1_W82LKR.pt,14,60,0.003442320000000001
split_finegrained1_IKB3A7.pt,14,50,0.015197440000000006
split_finegrained1_YRWU8H.pt,14,48,0.0034257599999999995
split_finegrained1_HUKS9Y.pt,14,76,0.003541180000000001
split_finegrained1_BE3P2F.pt,14,74,0.00340308
split_finegrained1_VDTGHP.pt,14,72,0.0034610599999999993
split_finegrained1_0TRMJF.pt,14,82,0.0034618800000000005
split_finegrained1_YVO0FH.pt,14,52,0.0034978599999999998
split_finegrained1_8XJQMW.pt,14,86,0.0034297799999999995
split_finegrained1_MHH9JS.pt,14,58,0.00342736
split_finegrained1_KBFHRR.pt,14,90,0.0034500599999999996
split_finegrained1_QK57NJ.pt,14,56,0.003417679999999999
split_finegrained1_22A743.pt,14,42,0.0034812600000000003
split_finegrained1_2XWEFZ.pt,14,100,0.0034338000000000003
split_finegrained1_1E4447.pt,14,86,0.0034508000000000004
split_finegrained1_IIHTD2.pt,14,60,0.0034144800000000014
split_finegrained1_FPDF2L.pt,14,56,0.00343384
split_finegrained1_10O4D0.pt,14,108,0.0034400799999999986
split_finegrained1_PRQX1C.pt,14,74,0.0033840999999999997
split_finegrained1_TJRPII.pt,14,90,0.00345552
split_finegrained1_E9OHFJ.pt,14,52,0.0035244399999999993
split_finegrained1_7LTNE9.pt,14,66,0.003510319999999999
split_finegrained1_EEFW03.pt,14,108,0.0034620600000000003
split_finegrained1_DQDLNY.pt,14,62,0.0035093600000000004
split_finegrained1_AI4YX8.pt,14,92,0.0034471
split_finegrained1_O4B2B1.pt,14,50,0.008211479999999998
split_finegrained1_KEA9PN.pt,14,64,0.003503479999999999
split_finegrained1_74R0E3.pt,14,106,0.0033991399999999993
split_finegrained1_CTUSER.pt,14,100,0.008062360000000001
split_finegrained1_54SS6Z.pt,14,76,0.007353200000000001
split_finegrained1_EPLPIO.pt,14,74,0.0034637
split_finegrained1_QUOQKN.pt,14,88,0.0034702600000000006
split_finegrained1_OL7PQA.pt,14,84,0.003566980000000001
split_finegrained1_MNPRZR.pt,7,136,0.0035188799999999994
split_finegrained1_1MMFA9.pt,7,120,0.0034681399999999998
split_finegrained1_BXF353.pt,7,220,0.003513
split_finegrained1_QN531E.pt,7,240,0.003490120000000001
split_finegrained1_PLRSAK.pt,7,176,0.0034433800000000002
split_finegrained1_S08U0R.pt,7,166,0.003483859999999999
split_finegrained1_W1VSKF.pt,7,122,0.0034686199999999995
split_finegrained1_V560LY.pt,7,230,0.0036423799999999993
split_finegrained1_EAQWW3.pt,7,156,0.004619580000000001
split_finegrained1_9EYQV0.pt,7,186,0.00668304
split_finegrained1_A7T3VZ.pt,7,194,0.003454
split_finegrained1_EAEBSV.pt,7,130,0.006534319999999997
split_finegrained1_LNMSNK.pt,7,278,0.0035009200000000007
split_finegrained1_N1VJGJ.pt,7,234,0.0034457600000000004
split_finegrained1_VFRMAV.pt,7,206,0.004296659999999999
split_finegrained1_FBPOYQ.pt,7,158,0.011526700000000003
split_finegrained1_D2GJX9.pt,7,258,0.0066611
split_finegrained1_NSYH6S.pt,7,160,0.01310916
split_finegrained1_XE8D2I.pt,7,190,0.0035217399999999993
split_finegrained1_KBF2JC.pt,7,148,0.0034525599999999995
split_finegrained1_LV1CTF.pt,7,120,0.00351912
split_finegrained1_0CJT9O.pt,7,108,0.003500160000000001
split_finegrained1_B7BP7Y.pt,7,96,0.005173979999999999
split_finegrained1_Q66IFE.pt,7,72,0.00841076
split_finegrained1_P1RRNJ.pt,7,72,0.022858599999999993
split_finegrained1_GUEEPF.pt,7,76,0.007060920000000001
split_finegrained1_8LZJ0E.pt,7,60,0.00782522
split_finegrained1_FXJU2L.pt,7,128,0.00340042
split_finegrained1_37KIKH.pt,7,100,0.003907300000000001
split_finegrained1_V3IRKR.pt,7,74,0.0037492000000000007
split_finegrained1_9L6RPU.pt,7,68,0.007804800000000004
split_finegrained1_WIZV5A.pt,7,120,0.0034591200000000004
split_finegrained1_XBMQ4M.pt,7,80,0.0047468
split_finegrained1_N4GKGO.pt,7,82,0.0038192400000000015
split_finegrained1_8OTA42.pt,7,122,0.0035944199999999996
split_finegrained1_COF47U.pt,7,88,0.01253252
split_finegrained1_ZZIOYT.pt,7,98,0.0066007400000000025
split_finegrained1_G5S1F8.pt,7,100,0.005039419999999998
split_finegrained1_THGIQ2.pt,7,98,0.016229999999999994
split_finegrained1_PLK5A0.pt,7,106,0.00346908
split_finegrained1_DDASLD.pt,7,364,0.003432899999999999
split_finegrained1_S02EJR.pt,7,426,0.00341982
split_finegrained1_DTYQUD.pt,7,374,0.00350952
split_finegrained1_1OEFGG.pt,7,266,0.0034895
split_finegrained1_4KOXGZ.pt,7,392,0.0034824200000000004
split_finegrained1_50F2BU.pt,7,408,0.02267534
split_finegrained1_O1P7OC.pt,7,474,0.0034792000000000004
split_finegrained1_T4W3L2.pt,7,314,0.0034486000000000013
split_finegrained1_UNH6VR.pt,7,338,0.008852659999999998
split_finegrained1_SCQWEF.pt,7,366,0.0034429400000000002
split_finegrained1_BJPCCJ.pt,7,510,0.0034307799999999987
split_finegrained1_4ISG0R.pt,7,400,0.0033971999999999987
split_finegrained1_43JWQ2.pt,7,286,0.0034546599999999987
split_finegrained1_H04V1U.pt,7,268,0.005726500000000002
split_finegrained1_WFKKBF.pt,7,352,0.01123224
split_finegrained1_9ANXXW.pt,7,466,0.0052013
split_finegrained1_EESZVX.pt,7,358,0.0034939999999999997
split_finegrained1_OMD457.pt,7,424,0.0034620600000000007
split_finegrained1_RYFO6X.pt,7,380,0.003458660000000002
split_finegrained1_0NPQHK.pt,7,512,0.00342532
split_finegrained1_YUP3ZC.pt,7,84,0.0069037199999999995
split_finegrained1_Q9CBI5.pt,7,126,0.006394919999999999
split_finegrained1_AOOR4J.pt,7,164,0.003454080000000001
split_finegrained1_UD2O1Y.pt,7,122,0.008620060000000002
split_finegrained1_P0T31I.pt,7,144,0.006748119999999999
split_finegrained1_WPEQ3X.pt,7,166,0.008372639999999997
split_finegrained1_GGGQM4.pt,7,88,0.009520400000000002
split_finegrained1_R82PU3.pt,7,132,0.0034386200000000007
split_finegrained1_09HOXG.pt,7,140,0.0034622600000000004
split_finegrained1_8EEYSQ.pt,7,86,0.003593199999999999
split_finegrained1_46NTNQ.pt,7,80,0.012938700000000004
split_finegrained1_VPSSCB.pt,7,168,0.005392059999999999
split_finegrained1_N5FUNN.pt,7,112,0.00953418
split_finegrained1_6FVXP1.pt,7,128,0.01360916
split_finegrained1_222DGI.pt,7,150,0.010191180000000001
split_finegrained1_6BZGZF.pt,7,96,0.004706479999999998
split_finegrained1_LO7ZO9.pt,7,130,0.007959459999999996
split_finegrained1_6E3O45.pt,7,74,0.0049342200000000004
split_finegrained1_BL2G3N.pt,7,98,0.0066274600000000026
split_finegrained1_TRKXY7.pt,7,136,0.005746019999999998
split_finegrained1_4SXXGV.pt,7,54,0.007693579999999998
split_finegrained1_BFIW46.pt,7,56,0.007943760000000001
split_finegrained1_QT3PLF.pt,7,66,0.008543499999999999
split_finegrained1_HYN247.pt,7,34,0.01021676
split_finegrained1_PF5S6V.pt,7,66,0.009126159999999998
split_finegrained1_VK7WHY.pt,7,72,0.006490940000000001
split_finegrained1_JNWS0K.pt,7,44,0.0034087799999999997
split_finegrained1_SOZPXD.pt,7,40,0.015746200000000002
split_finegrained1_WTW2HC.pt,7,52,0.008058299999999996
split_finegrained1_7KJO77.pt,7,48,0.0063396
split_finegrained1_FUMYQU.pt,7,64,0.006596859999999998
split_finegrained1_39AT9C.pt,7,68,0.0034248799999999995
split_finegrained1_IZALSE.pt,7,46,0.005468419999999999
split_finegrained1_FP041I.pt,7,42,0.003467859999999999
split_finegrained1_8IXM5M.pt,7,62,0.008244399999999992
split_finegrained1_TW633Q.pt,7,56,0.00561644
split_finegrained1_VD54E6.pt,7,64,0.007164799999999998
split_finegrained1_4EQNSA.pt,7,68,0.0034832599999999997
split_finegrained1_LO5SZ1.pt,7,72,0.0053814399999999995
split_finegrained1_5S66PX.pt,7,60,0.0077140400000000045
split_finegrained1_YXU5MB.pt,28,10,0.006574499999999999
split_finegrained1_X169Q9.pt,28,12,0.005695379999999999
split_finegrained1_I0306I.pt,28,8,0.011278959999999998
split_finegrained1_REYZPX.pt,28,10,0.0084415
split_finegrained1_AKEEXD.pt,28,6,0.006036439999999999
split_finegrained1_UN5ZI9.pt,28,6,0.008947540000000002
split_finegrained1_4VUPYG.pt,28,8,0.0076459799999999975
split_finegrained1_PD2R39.pt,14,106,0.003481160000000001
split_finegrained1_C2FFNH.pt,14,50,0.0034732799999999996
split_finegrained1_8XHFDK.pt,14,56,0.01009484
split_finegrained1_CLRON7.pt,14,102,0.0034349200000000006
split_finegrained1_R1LMBJ.pt,14,58,0.01350616
split_finegrained1_URAZD8.pt,14,62,0.0034944599999999996
split_finegrained1_HOO17X.pt,14,82,0.0034905199999999996
split_finegrained1_ZFSE7T.pt,14,66,0.004812939999999999
split_finegrained1_45XNCB.pt,14,88,0.0034366400000000004
split_finegrained1_DR1WYY.pt,14,90,0.0033924999999999992
split_finegrained1_N5QDA3.pt,14,58,0.0034848599999999985
split_finegrained1_SIYMZY.pt,14,98,0.003451539999999999
split_finegrained1_CN921M.pt,14,68,0.0132626
split_finegrained1_7T8UJ9.pt,14,50,0.007040459999999998
split_finegrained1_JY9VND.pt,14,100,0.00342378
split_finegrained1_S9UQ46.pt,14,92,0.003482080000000001
split_finegrained1_JH4JXO.pt,14,76,0.00346776
split_finegrained1_PGKH1J.pt,14,48,0.00348854
split_finegrained1_4Q2IB5.pt,14,84,0.006841240000000001
split_finegrained1_Y1KZV6.pt,14,62,0.005016240000000001
split_finegrained1_SGALH8.pt,14,14,0.0034388
split_finegrained1_ERC873.pt,14,20,0.009587460000000003
split_finegrained1_1E78BD.pt,14,18,0.007480919999999999
split_finegrained1_NM6P68.pt,14,12,0.00500984
split_finegrained1_NVFW7I.pt,14,24,0.00426178
split_finegrained1_9D6ARN.pt,14,24,0.008189879999999998
split_finegrained1_0P03J3.pt,14,14,0.003414800000000001
split_finegrained1_BA7028.pt,14,22,0.005505179999999999
split_finegrained1_746K5N.pt,14,18,0.0047404399999999985
split_finegrained1_R205HP.pt,14,22,0.0034604800000000015
split_finegrained1_3I2UOO.pt,14,16,0.005943119999999997
split_finegrained1_2Q2IJ2.pt,14,26,0.009284400000000002
split_finegrained1_S7EUOD.pt,14,12,0.007038159999999999
split_finegrained1_IG3Y5F.pt,14,16,0.0034690600000000004
split_finegrained1_EMNSXJ.pt,14,20,0.00631414
split_finegrained1_8NHEO4.pt,14,14,0.005786060000000001
split_finegrained1_5E9WJY.pt,14,16,0.006062399999999999
split_finegrained1_9WJC7G.pt,14,12,0.0034461200000000004
split_finegrained1_AVAWNZ.pt,14,22,0.006665820000000001
split_finegrained1_5K7QR9.pt,14,18,0.0034360600000000003
split_finegrained1_FF6CTP.pt,14,24,0.003425420000000001
split_finegrained1_RADUVK.pt,14,22,0.013823519999999999
split_finegrained1_YUE43A.pt,14,14,0.0035545000000000004
split_finegrained1_9Y4P0B.pt,14,18,0.006628979999999999
split_finegrained1_S67YN3.pt,14,16,0.008413720000000001
split_finegrained1_TRS4OL.pt,14,24,0.008865360000000004
split_finegrained1_YOF2KY.pt,14,26,0.011149999999999995
split_finegrained1_9QKYU9.pt,14,12,0.01577964
split_finegrained1_18A6OY.pt,14,20,0.010489360000000003
split_finegrained1_T5PEQG.pt,14,20,0.005851459999999998
split_finegrained1_VLO6AW.pt,14,66,0.0034506000000000016
split_finegrained1_58QFHW.pt,14,54,0.0048094
split_finegrained1_ZR0B8H.pt,14,88,0.00346608
split_finegrained1_03NXH9.pt,14,54,0.00346454
split_finegrained1_PA5EWW.pt,14,96,0.00341496
split_finegrained1_OEC8Y5.pt,14,86,0.00344828
split_finegrained1_ZH3EIS.pt,14,70,0.012253880000000003
split_finegrained1_F1L3Q1.pt,14,94,0.0034447399999999982
split_finegrained1_CUYAH4.pt,14,56,0.0034212599999999993
split_finegrained1_VXHALD.pt,14,72,0.003440579999999999
split_finegrained1_OPKB1B.pt,14,94,0.0034432
split_finegrained1_F5P6R2.pt,14,82,0.0034183800000000004
split_finegrained1_NQ6VHA.pt,14,84,0.0034106200000000005
split_finegrained1_8SZRHA.pt,14,82,0.0034745600000000002
split_finegrained1_VLDY5L.pt,14,76,0.003502
split_finegrained1_PRMBPZ.pt,14,56,0.003474500000000001
split_finegrained1_2XRHHY.pt,14,86,0.0034796399999999996
split_finegrained1_JTN46K.pt,14,74,0.0034857
split_finegrained1_XFH5GN.pt,14,46,0.014061420000000005
split_finegrained1_S0CCUU.pt,14,68,0.0034454799999999995
split_finegrained1_RCFLTD.pt,14,112,0.007464719999999999
split_finegrained1_K9TT40.pt,14,118,0.009229600000000001
split_finegrained1_I4QOI3.pt,14,120,0.003502280000000001
split_finegrained1_X3AW2L.pt,14,118,0.00432926
split_finegrained1_MWK6FS.pt,14,94,0.00931466
split_finegrained1_A5DCXC.pt,14,78,0.0034366
split_finegrained1_D7MH99.pt,14,124,0.003438539999999998
split_finegrained1_JKE4DN.pt,14,80,0.0067432399999999984
split_finegrained1_3VET4H.pt,14,94,0.004599739999999999
split_finegrained1_4QXDUR.pt,14,82,0.01035004
split_finegrained1_1RSW41.pt,14,116,0.003447420000000001
split_finegrained1_GYH7DV.pt,14,72,0.0048496999999999985
split_finegrained1_63DV39.pt,14,70,0.00735152
split_finegrained1_ICA86H.pt,14,74,0.0034616800000000004
split_finegrained1_78DUVG.pt,14,116,0.0034302600000000005
split_finegrained1_C35CA1.pt,14,66,0.004888140000000001
split_finegrained1_FL7SRC.pt,14,90,0.00515422
split_finegrained1_A10ZVT.pt,14,142,0.0034372599999999997
split_finegrained1_CJVZPZ.pt,14,142,0.00566678
split_finegrained1_C5EVCI.pt,14,84,0.006060119999999998
split_finegrained1_U8WC57.pt,14,8,0.012008619999999996
split_finegrained1_ZRO1K4.pt,14,6,0.0035293400000000006
split_finegrained1_SC9Y1C.pt,14,6,0.008188979999999998
split_finegrained1_2962K9.pt,14,10,0.01709958
split_finegrained1_PZ52EB.pt,14,12,0.00979638
split_finegrained1_6RHVZE.pt,14,8,0.02259306
split_finegrained1_AW4XYO.pt,14,10,0.010303360000000001
split_finegrained1_PBRE5H.pt,14,20,0.005779220000000001
split_finegrained1_RPM48G.pt,14,22,0.003477179999999999
split_finegrained1_8HWAGB.pt,14,22,0.0034078199999999993
split_finegrained1_1KVFXF.pt,14,16,0.015922799999999997
split_finegrained1_1V9GTI.pt,14,30,0.0038642600000000004
split_finegrained1_8JLQL8.pt,14,20,0.011708259999999995
split_finegrained1_JN5WAI.pt,14,28,0.003870820000000001
split_finegrained1_MYN46I.pt,14,24,0.003425839999999999
split_finegrained1_Z9W838.pt,14,18,0.0034635600000000005
split_finegrained1_IV6SKU.pt,14,32,0.005322779999999999
split_finegrained1_GPGS2K.pt,14,14,0.006114060000000001
split_finegrained1_FZU1Q4.pt,14,18,0.005565820000000002
split_finegrained1_LF7C6A.pt,14,24,0.004482460000000001
split_finegrained1_818RPH.pt,14,26,0.003440200000000001
split_finegrained1_R3QT3E.pt,14,30,0.00342652
split_finegrained1_JQW30V.pt,14,26,0.007959040000000002
split_finegrained1_CS0ZQM.pt,14,32,0.0034406799999999993
split_finegrained1_2W509C.pt,14,28,0.00981896
split_finegrained1_JVP6AN.pt,14,16,0.003559819999999999
split_finegrained1_0ZTF9L.pt,7,56,0.0034049400000000004
split_finegrained1_I5HB1A.pt,7,36,0.007849
split_finegrained1_5HV44A.pt,7,40,0.003399920000000001
split_finegrained1_QLS9YF.pt,7,38,0.008657279999999996
split_finegrained1_TN9R4N.pt,7,46,0.00516044
split_finegrained1_IGGQ1O.pt,7,58,0.0129369
split_finegrained1_3G6RB1.pt,7,70,0.00565624
split_finegrained1_A37FIA.pt,7,50,0.003810660000000001
split_finegrained1_K1L0HB.pt,7,46,0.00790728
split_finegrained1_RYF66S.pt,7,62,0.006549620000000002
split_finegrained1_25CZZ0.pt,7,54,0.010091999999999999
split_finegrained1_AAR1EK.pt,7,54,0.00832974
split_finegrained1_UCG0W2.pt,7,34,0.0034506399999999987
split_finegrained1_B0R2D5.pt,7,48,0.0054357799999999986
split_finegrained1_Z8XOZF.pt,7,48,0.0034446399999999992
split_finegrained1_TWS4U9.pt,7,42,0.007623159999999993
split_finegrained1_GUG1XY.pt,7,70,0.0035119200000000013
split_finegrained1_Q1UC8X.pt,7,52,0.003487419999999999
split_finegrained1_SBNSWN.pt,7,40,0.0162844
split_finegrained1_3NV892.pt,7,60,0.013058139999999996
split_finegrained1_E3VJA5.pt,7,16,0.012173559999999993
split_finegrained1_4JK274.pt,7,12,0.0033983599999999996
split_finegrained1_U4TZE4.pt,7,20,0.0109968
split_finegrained1_KJ921U.pt,7,20,0.0034554599999999996
split_finegrained1_6S1B6P.pt,7,24,0.017174000000000002
split_finegrained1_BC5UEG.pt,7,22,0.012368700000000002
split_finegrained1_MSK2DM.pt,7,26,0.008161800000000002
split_finegrained1_IGRE31.pt,7,18,0.013632699999999996
split_finegrained1_X0YOKE.pt,7,24,0.00343946
split_finegrained1_OJTSWY.pt,7,16,0.013206119999999997
split_finegrained1_LBV014.pt,7,18,0.012496859999999997
split_finegrained1_20UG2P.pt,7,14,0.008426299999999996
split_finegrained1_KWBVSU.pt,7,22,0.015713259999999996
split_finegrained1_3X589Y.pt,7,12,0.003475039999999999
split_finegrained1_W61ASN.pt,7,14,0.00451326
split_finegrained1_XGZVNT.pt,14,22,0.0034131800000000013
split_finegrained1_7RSX5G.pt,14,50,0.011827060000000002
split_finegrained1_LT1FQ4.pt,14,34,0.003389839999999999
split_finegrained1_F6BLH7.pt,14,48,0.005766299999999999
split_finegrained1_86DZAS.pt,14,46,0.0034544199999999997
split_finegrained1_BJGEKC.pt,14,44,0.01565548
split_finegrained1_YRYJHF.pt,14,40,0.006193120000000001
split_finegrained1_JXIFEF.pt,14,42,0.006709019999999998
split_finegrained1_5L0O36.pt,14,26,0.005518400000000002
split_finegrained1_TZ4YEA.pt,14,24,0.014344619999999999
split_finegrained1_SWGQWI.pt,14,36,0.0043164399999999995
split_finegrained1_9M3DYY.pt,14,42,0.00338746
split_finegrained1_VP5OEZ.pt,14,40,0.00972258
split_finegrained1_VVQV94.pt,14,38,0.0037471600000000007
split_finegrained1_SBY566.pt,14,30,0.01218413999999999
split_finegrained1_ZQNQTA.pt,14,52,0.00385858
split_finegrained1_CCDWDU.pt,14,24,0.003503899999999999
split_finegrained1_TABOPD.pt,14,48,0.0034127799999999985
split_finegrained1_PV9W92.pt,14,36,0.00432548
split_finegrained1_VBKKPI.pt,14,32,0.013105639999999995
split_finegrained1_DZ8BF1.pt,7,168,0.005682679999999999
split_finegrained1_F83SIS.pt,7,150,0.00880374
split_finegrained1_RBFM3K.pt,7,122,0.005062539999999999
split_finegrained1_WK540A.pt,7,138,0.01167144
split_finegrained1_UM6DRR.pt,7,92,0.0077396999999999995
split_finegrained1_YFDZ7V.pt,7,136,0.0041531599999999995
split_finegrained1_N1Y6HC.pt,7,90,0.005331220000000002
split_finegrained1_QWE6HL.pt,7,156,0.0034347400000000004
split_finegrained1_MZ21NV.pt,7,158,0.004351779999999999
split_finegrained1_214SXG.pt,7,98,0.009136679999999998
split_finegrained1_OFZF0B.pt,7,100,0.007953560000000004
split_finegrained1_4S6QUD.pt,7,158,0.004438519999999999
split_finegrained1_6M2MVS.pt,7,128,0.003510859999999999
split_finegrained1_G79VMA.pt,7,86,0.0035118199999999993
split_finegrained1_EPLM4V.pt,7,108,0.00652252
split_finegrained1_A7AXJS.pt,7,154,0.010183639999999996
split_finegrained1_FJC2Q1.pt,7,74,0.00858338
split_finegrained1_XQVSGK.pt,7,142,0.0034187399999999995
split_finegrained1_Q2BRCH.pt,7,140,0.0034302999999999994
split_finegrained1_LQWWGM.pt,7,152,0.0034338000000000007
split_finegrained1_X5HIVH.pt,7,194,0.0034941
split_finegrained1_OA85W6.pt,7,222,0.00896322
split_finegrained1_DX5NKW.pt,7,172,0.0042606
split_finegrained1_GP1SDX.pt,7,112,0.004580099999999999
split_finegrained1_VWPM1T.pt,7,166,0.004221299999999998
split_finegrained1_E0PVF6.pt,7,160,0.009771440000000001
split_finegrained1_LWC8Q8.pt,7,230,0.0034651000000000005
split_finegrained1_45NZY6.pt,7,100,0.010241259999999999
split_finegrained1_Q84P4B.pt,7,134,0.0034503400000000023
split_finegrained1_TW02EY.pt,7,186,0.0034626999999999995
split_finegrained1_VGLBBT.pt,7,110,0.0035284799999999988
split_finegrained1_HMDYG2.pt,7,114,0.0035188600000000004
split_finegrained1_85L987.pt,7,236,0.0033920800000000004
split_finegrained1_XWMJRP.pt,7,238,0.004505800000000001
split_finegrained1_LMVNJT.pt,7,154,0.0034408200000000007
split_finegrained1_L73JHZ.pt,7,184,0.004489839999999998
split_finegrained1_FBB3QM.pt,7,102,0.011000279999999998
split_finegrained1_YRMNL4.pt,7,220,0.013527579999999999
split_finegrained1_MCCGZT.pt,7,218,0.009946539999999999
split_finegrained1_9H28WO.pt,7,180,0.003450580000000001
split_finegrained1_VZUAQ8.pt,7,28,0.005781799999999999
split_finegrained1_WEXIK7.pt,7,18,0.0034243400000000014
split_finegrained1_J43S74.pt,7,20,0.004017560000000001
split_finegrained1_WFAT2G.pt,7,34,0.008967119999999997
split_finegrained1_SQLT89.pt,7,26,0.017538479999999995
split_finegrained1_8ELKVU.pt,7,22,0.010950220000000004
split_finegrained1_1TSBFN.pt,7,24,0.005595180000000001
split_finegrained1_WZNZIR.pt,7,32,0.0163027
split_finegrained1_2AMNUP.pt,7,22,0.012011560000000001
split_finegrained1_DHJ1JZ.pt,7,18,0.007663139999999998
split_finegrained1_Z0LGZR.pt,7,26,0.01640306
split_finegrained1_K2X8OV.pt,7,34,0.0034994800000000014
split_finegrained1_4NJ0DN.pt,7,24,0.01685142
split_finegrained1_0U1K3N.pt,7,36,0.007530699999999999
split_finegrained1_JN3SQP.pt,7,30,0.014516099999999999
split_finegrained1_9OC6FV.pt,7,32,0.011963800000000002
split_finegrained1_PS0174.pt,7,16,0.006576659999999997
split_finegrained1_IIR2PR.pt,7,30,0.00795248
split_finegrained1_UR9NEU.pt,7,28,0.0036431199999999997
split_finegrained1_J15BGF.pt,7,36,0.00343522
split_finegrained1_TLWFNK.pt,112,8,0.0034611999999999998
split_finegrained1_ETLNL2.pt,112,10,0.00350298
split_finegrained1_NQSGC6.pt,112,14,0.0034339599999999994
split_finegrained1_AMIBOW.pt,112,12,0.0034387399999999996
split_finegrained1_M1Z0TG.pt,112,12,0.00343336
split_finegrained1_STGCCB.pt,112,14,0.0034357600000000004
split_finegrained1_NUHUYA.pt,112,8,0.003492060000000001
split_finegrained1_0AFSWR.pt,112,10,0.0034487800000000007
split_finegrained1_0EAR1D.pt,112,16,0.00351292
split_finegrained1_SC7NDU.pt,7,232,0.0034393799999999997
split_finegrained1_718FAH.pt,7,258,0.00344952
split_finegrained1_R35CL1.pt,7,238,0.006519099999999996
split_finegrained1_R4OTGU.pt,7,206,0.009742099999999998
split_finegrained1_ZKAI34.pt,7,172,0.01175718
split_finegrained1_TNAWLW.pt,7,136,0.00899606
split_finegrained1_RVJKKU.pt,7,196,0.0034242
split_finegrained1_BLMXPF.pt,7,230,0.0034677
split_finegrained1_62FN3O.pt,7,162,0.014992179999999999
split_finegrained1_VRP6GA.pt,7,240,0.0034926800000000015
split_finegrained1_JYYUY5.pt,7,228,0.00508358
split_finegrained1_7P8QV0.pt,7,238,0.003637800000000002
split_finegrained1_5Q3OK4.pt,7,136,0.01042636
split_finegrained1_SULEHL.pt,7,194,0.011832339999999998
split_finegrained1_WE72NS.pt,7,258,0.00344674
split_finegrained1_M8MAWK.pt,7,128,0.0035369199999999994
split_finegrained1_JKZ0MP.pt,7,168,0.0034171199999999996
split_finegrained1_DZUR4Q.pt,7,204,0.011008240000000004
split_finegrained1_SLX6KY.pt,7,232,0.0065363800000000005
split_finegrained1_1CBRK1.pt,7,210,0.0034369599999999993
split_finegrained1_WCGXQY.pt,56,20,0.0034305999999999994
split_finegrained1_800FXB.pt,56,40,0.003474300000000001
split_finegrained1_206BV0.pt,56,24,0.003456199999999999
split_finegrained1_0K2XDC.pt,56,34,0.0035134600000000004
split_finegrained1_XKNCI6.pt,56,36,0.0034747200000000006
split_finegrained1_N51TWY.pt,56,22,0.00347746
split_finegrained1_EAIQ4G.pt,56,32,0.00349824
split_finegrained1_73LR5D.pt,56,38,0.0034425400000000017
split_finegrained1_AB9G6N.pt,56,24,0.0034272800000000004
split_finegrained1_SELWNL.pt,56,28,0.00346468
split_finegrained1_UK32L8.pt,56,26,0.0034770999999999995
split_finegrained1_56ROB9.pt,56,30,0.0034493799999999993
split_finegrained1_HP1G8Y.pt,56,36,0.00339774
split_finegrained1_RQGBBY.pt,56,34,0.003578699999999999
split_finegrained1_QU2YC3.pt,56,38,0.0034335000000000004
split_finegrained1_VRA8ZE.pt,56,18,0.0034037199999999994
split_finegrained1_TSRTXN.pt,56,26,0.0034148599999999996
split_finegrained1_IRRT4Q.pt,56,40,0.0034628600000000003
split_finegrained1_IDSI6T.pt,56,42,0.003516
split_finegrained1_KP88LE.pt,56,32,0.0034417200000000005
split_finegrained1_BZS1SQ.pt,7,392,0.003480280000000001
split_finegrained1_UFCG4T.pt,7,324,0.00348224
split_finegrained1_L9N9RE.pt,7,472,0.0034113199999999994
split_finegrained1_REI4H0.pt,7,508,0.010016800000000001
split_finegrained1_L2MI1V.pt,7,604,0.00345308
split_finegrained1_IUPVL1.pt,7,612,0.0034181000000000007
split_finegrained1_JNAKNY.pt,7,496,0.0034588600000000002
split_finegrained1_W8FF5G.pt,7,340,0.00340048
split_finegrained1_Z7IKTW.pt,7,550,0.003511359999999999
split_finegrained1_45FM3T.pt,7,378,0.0034763800000000007
split_finegrained1_T9CJWA.pt,7,470,0.003426620000000001
split_finegrained1_TOJ68N.pt,7,592,0.003422160000000001
split_finegrained1_UV6QJO.pt,7,510,0.0034154399999999996
split_finegrained1_ID4L9Y.pt,7,488,0.011438599999999995
split_finegrained1_5J4D21.pt,7,508,0.0035192400000000003
split_finegrained1_WT402V.pt,7,564,0.0034528799999999998
split_finegrained1_ESOD58.pt,7,608,0.0034158
split_finegrained1_COUJ0G.pt,7,556,0.0034370599999999996
split_finegrained1_8NHOZO.pt,7,400,0.0034525400000000013
split_finegrained1_ZDX6SI.pt,7,478,0.003483039999999999
split_finegrained1_X6J7WZ.pt,7,122,0.0034101400000000003
split_finegrained1_Q3V8LA.pt,7,134,0.005597979999999999
split_finegrained1_82X04K.pt,7,152,0.00342868
split_finegrained1_AYPOJ9.pt,7,156,0.0057144
split_finegrained1_H60I3E.pt,7,126,0.007244239999999998
split_finegrained1_JQWO9T.pt,7,158,0.0035463200000000004
split_finegrained1_EKX5IT.pt,7,98,0.006942859999999996
split_finegrained1_8J09FE.pt,7,132,0.00782888
split_finegrained1_ITH1BV.pt,7,112,0.00342982
split_finegrained1_CMJH4I.pt,7,102,0.012382179999999996
split_finegrained1_C7ALUX.pt,7,84,0.00350444
split_finegrained1_5RO9C1.pt,7,124,0.005051300000000001
split_finegrained1_Q690FG.pt,7,126,0.0058670599999999995
split_finegrained1_PL8V3M.pt,7,92,0.008074179999999999
split_finegrained1_ON285U.pt,7,106,0.005625320000000001
split_finegrained1_AI9N91.pt,7,104,0.0034987200000000003
split_finegrained1_30A3OV.pt,7,146,0.003443799999999999
split_finegrained1_8UV9IE.pt,7,98,0.01618494
split_finegrained1_WCB40Q.pt,7,110,0.010670660000000004
split_finegrained1_KVYBAD.pt,7,120,0.01165486
split_finegrained1_LY1F8R.pt,1,670,0.003451319999999999
split_finegrained1_KL99V5.pt,1,1182,0.00347868
split_finegrained1_CLI7SD.pt,1,936,0.008563720000000002
split_finegrained1_0BLJQS.pt,1,1118,0.011437820000000001
split_finegrained1_OPL86K.pt,1,998,0.005235800000000001
split_finegrained1_E6U6N1.pt,1,642,0.00345136
split_finegrained1_134BWP.pt,1,930,0.0034162199999999998
split_finegrained1_PHQGX5.pt,1,1312,0.0049179800000000015
split_finegrained1_RKK18U.pt,1,1104,0.0045073399999999994
split_finegrained1_SYWEBX.pt,1,1278,0.0034393
split_finegrained1_74X6SG.pt,1,1228,0.004461780000000001
split_finegrained1_6UG3CT.pt,1,1304,0.009743840000000002
split_finegrained1_DESZ0L.pt,1,826,0.007944119999999997
split_finegrained1_FIGFU0.pt,1,748,0.0033852000000000005
split_finegrained1_EG0OUO.pt,1,1198,0.003418300000000001
split_finegrained1_H39FON.pt,1,1338,0.006805159999999999
split_finegrained1_6NZONL.pt,1,1060,0.008462920000000002
split_finegrained1_RX17F2.pt,1,1136,0.0035318400000000005
split_finegrained1_4T9NHI.pt,1,716,0.013528960000000001
split_finegrained1_9F6DBF.pt,1,1274,0.0034166000000000005
split_finegrained1_L5L12A.pt,1,694,0.00429428
split_finegrained1_VM4KIM.pt,1,964,0.0034135000000000003
split_finegrained1_ILYUGS.pt,1,714,0.0101812
split_finegrained1_QYXGOC.pt,1,502,0.0058128400000000005
split_finegrained1_1BV057.pt,1,616,0.007790140000000001
split_finegrained1_UOJI4S.pt,1,1058,0.00515592
split_finegrained1_YGKIDE.pt,1,786,0.00925234
split_finegrained1_N31KSC.pt,1,580,0.006927280000000003
split_finegrained1_30F8VP.pt,1,684,0.0034844999999999998
split_finegrained1_HFF3VR.pt,1,990,0.013361839999999998
split_finegrained1_EAGACP.pt,1,976,0.00957692
split_finegrained1_0VTB5X.pt,1,812,0.003449360000000001
split_finegrained1_F8HHHG.pt,1,846,0.0034328800000000006
split_finegrained1_Z3I4HG.pt,1,690,0.0034520799999999997
split_finegrained1_OH3X0T.pt,1,954,0.0034404399999999995
split_finegrained1_MKTC96.pt,1,452,0.0034674599999999995
split_finegrained1_1JK2ZZ.pt,1,810,0.016933319999999995
split_finegrained1_HT9ZQI.pt,1,512,0.013302240000000003
split_finegrained1_3R46EG.pt,1,726,0.004832079999999998
split_finegrained1_IR37FH.pt,1,1000,0.0034603999999999998
split_finegrained1_7Z9KWW.pt,3,210,0.013155959999999993
split_finegrained1_TI24DK.pt,3,122,0.007490539999999994
split_finegrained1_SN933K.pt,3,208,0.00992084
split_finegrained1_P4WNUX.pt,3,164,0.014160419999999991
split_finegrained1_034YJB.pt,3,106,0.005232239999999999
split_finegrained1_VI6FRU.pt,3,194,0.010140259999999996
split_finegrained1_UE74XT.pt,3,202,0.004549059999999999
split_finegrained1_0QJ9Z0.pt,3,172,0.0085944
split_finegrained1_8NYOPH.pt,3,180,0.0034258199999999996
split_finegrained1_372DH2.pt,3,158,0.005137199999999998
split_finegrained1_83K2R6.pt,3,228,0.0081686
split_finegrained1_CUME6V.pt,3,148,0.01343096
split_finegrained1_EZNBSP.pt,3,132,0.007768939999999997
split_finegrained1_9UECSQ.pt,3,178,0.00346814
split_finegrained1_80YKNK.pt,3,134,0.00394158
split_finegrained1_VS4S9Q.pt,3,234,0.00638434
split_finegrained1_AJA52I.pt,3,112,0.005214720000000001
split_finegrained1_VE8EUZ.pt,3,234,0.01088038
split_finegrained1_BKARS8.pt,3,156,0.00342996
split_finegrained1_6A4FR7.pt,3,168,0.00554724
split_finegrained1_5H1CF6.pt,3,364,0.003551
split_finegrained1_9POS2P.pt,3,286,0.003492180000000001
split_finegrained1_56J5CE.pt,3,326,0.00347108
split_finegrained1_1SKUG7.pt,3,284,0.005022900000000001
split_finegrained1_FS9D67.pt,3,256,0.008873799999999994
split_finegrained1_JENQQY.pt,3,480,0.004996280000000001
split_finegrained1_48TOUA.pt,3,492,0.0038438000000000005
split_finegrained1_83JEOA.pt,3,578,0.0034508599999999996
split_finegrained1_AJLXVQ.pt,3,468,0.00948408
split_finegrained1_4RIH6I.pt,3,302,0.003773240000000001
split_finegrained1_9M8GWX.pt,3,270,0.0057022600000000015
split_finegrained1_EKKLCJ.pt,3,504,0.010718700000000001
split_finegrained1_071W4G.pt,3,362,0.00819152
split_finegrained1_C0SQYB.pt,3,482,0.003469920000000001
split_finegrained1_U3J9C4.pt,3,438,0.014639899999999999
split_finegrained1_9Z8YP5.pt,3,540,0.005051080000000001
split_finegrained1_W91H6P.pt,3,454,0.008885299999999997
split_finegrained1_JC9IK8.pt,3,404,0.0062429400000000015
split_finegrained1_5YVUSO.pt,3,440,0.01933224
split_finegrained1_LKGBVE.pt,3,420,0.013854499999999994
split_finegrained1_E5V3QQ.pt,14,64,0.0034463999999999996
split_finegrained1_O117ID.pt,14,70,0.0037373200000000006
split_finegrained1_RFTLV7.pt,14,62,0.0034330799999999994
split_finegrained1_HS85RI.pt,14,84,0.00350418
split_finegrained1_LCOW74.pt,14,64,0.0035416400000000004
split_finegrained1_1CATC0.pt,14,120,0.0034408
split_finegrained1_7SM1W3.pt,14,124,0.0034817199999999993
split_finegrained1_Q2GOXT.pt,14,82,0.012157540000000001
split_finegrained1_UJASW8.pt,14,86,0.009070699999999998
split_finegrained1_IUNAUM.pt,14,84,0.005302699999999998
split_finegrained1_WVU8UG.pt,14,116,0.010000720000000001
split_finegrained1_91AEVB.pt,14,126,0.00528956
split_finegrained1_LIVPLK.pt,14,122,0.0034467400000000002
split_finegrained1_E3JQHK.pt,14,128,0.0034413399999999998
split_finegrained1_YEML6Y.pt,14,112,0.0034088199999999995
split_finegrained1_18FFW9.pt,14,72,0.0036045799999999996
split_finegrained1_VAHAOH.pt,14,78,0.008529879999999998
split_finegrained1_N5F3DU.pt,14,74,0.0034394399999999998
split_finegrained1_A4J1ZO.pt,14,120,0.0034000799999999993
split_finegrained1_842HU7.pt,14,90,0.009076619999999997
split_finegrained1_YU22O6.pt,14,20,0.010229620000000002
split_finegrained1_ZG6S6R.pt,14,16,0.012879259999999997
split_finegrained1_7MMV45.pt,14,14,0.006667899999999999
split_finegrained1_MO1SNL.pt,14,16,0.005591719999999998
split_finegrained1_4KAMY2.pt,14,18,0.010621740000000001
split_finegrained1_8XHXG6.pt,14,14,0.007403159999999997
split_finegrained1_3QQU7A.pt,14,24,0.00533304
split_finegrained1_EA7OYJ.pt,14,18,0.004557839999999999
split_finegrained1_KSIHAT.pt,14,22,0.0075167600000000025
split_finegrained1_FP2OHG.pt,14,12,0.003645359999999999
split_finegrained1_VANU07.pt,14,22,0.015710120000000004
split_finegrained1_32EVK0.pt,14,10,0.0037934600000000007
split_finegrained1_QNHY6Q.pt,14,20,0.01078646
split_finegrained1_VOQ5RW.pt,14,12,0.011668980000000002
split_finegrained2_6RUJRZ.pt,7,72,0.0034979400000000006
split_finegrained2_05MZR7.pt,7,68,0.0035420200000000008
split_finegrained2_PRDGNC.pt,7,100,0.01306729999999999
split_finegrained2_RN1L0O.pt,7,84,0.00347146
split_finegrained2_SQ2S3V.pt,7,116,0.003408
split_finegrained2_ZB65T2.pt,7,102,0.0034737
split_finegrained2_LH1443.pt,7,90,0.014324060000000003
split_finegrained2_I5E4UY.pt,7,120,0.003401460000000001
split_finegrained2_ALQQB9.pt,7,98,0.016987339999999997
split_finegrained2_PQRCN0.pt,7,104,0.013194560000000001
split_finegrained2_IJU3SL.pt,7,80,0.003531499999999999
split_finegrained2_NMXABK.pt,7,66,0.004637539999999999
split_finegrained2_PEVLYV.pt,7,120,0.0034097600000000013
split_finegrained2_S27A2O.pt,7,66,0.0036144799999999998
split_finegrained2_TUNLGG.pt,7,96,0.003963179999999999
split_finegrained2_11WRX6.pt,7,146,0.005653159999999999
split_finegrained2_2CSO4X.pt,7,108,0.005729559999999999
split_finegrained2_127S4U.pt,7,126,0.01223646
split_finegrained2_RGFO8X.pt,7,106,0.0063796799999999996
split_finegrained2_PKYQMR.pt,7,134,0.006755819999999999
split_finegrained2_K9KZZC.pt,7,186,0.00349124
split_finegrained2_SD79E6.pt,7,102,0.0036612199999999993
split_finegrained2_Z8ASQ3.pt,7,112,0.0034530400000000005
split_finegrained2_UJ34UX.pt,7,178,0.0034128
split_finegrained2_NTZ0GX.pt,7,180,0.004806340000000001
split_finegrained2_IUZ7OS.pt,7,82,0.0034199800000000004
split_finegrained2_9ZMD52.pt,7,126,0.003440299999999999
split_finegrained2_2RM0HE.pt,7,120,0.008532699999999997
split_finegrained2_H2D9T3.pt,7,104,0.0033993
split_finegrained2_VQNE41.pt,7,78,0.012789759999999999
split_finegrained2_C826GL.pt,7,176,0.00611294
split_finegrained2_BMAE38.pt,7,150,0.005126960000000001
split_finegrained2_RP5Y0C.pt,7,174,0.014763300000000002
split_finegrained2_VQN3RS.pt,7,166,0.0035099600000000003
split_finegrained2_1R4HF2.pt,7,180,0.003494339999999999
split_finegrained2_LU2MLU.pt,7,124,0.006175399999999998
split_finegrained2_J2N3Y4.pt,7,144,0.009244479999999998
split_finegrained2_XPJPUM.pt,7,106,0.0034570199999999995
split_finegrained2_8V4ORB.pt,7,108,0.011729960000000001
split_finegrained2_YSJCBJ.pt,7,134,0.0034711800000000004
split_finegrained2_3XZO8G.pt,7,108,0.011731440000000003
split_finegrained2_0BH5GY.pt,7,114,0.0034530399999999992
split_finegrained2_D5WCKD.pt,7,108,0.0038770999999999996
split_finegrained2_K4D3GQ.pt,7,104,0.007807560000000003
split_finegrained2_WJK4FI.pt,7,80,0.007087759999999999
split_finegrained2_Y5N80F.pt,7,72,0.0034333199999999997
split_finegrained2_IT22XF.pt,7,74,0.0043089800000000004
split_finegrained2_0CT1P5.pt,7,66,0.016090200000000006
split_finegrained2_TVOLDQ.pt,7,68,0.00343932
split_finegrained2_8XWJM0.pt,7,104,0.00343422
split_finegrained2_F7AS4U.pt,7,80,0.0034677799999999997
split_finegrained2_HMNVCI.pt,7,76,0.010710759999999996
split_finegrained2_OX67D7.pt,7,84,0.015077379999999996
split_finegrained2_8PXSYJ.pt,7,68,0.010181279999999997
split_finegrained2_71S0TX.pt,7,110,0.003449100000000001
split_finegrained2_1E012C.pt,7,50,0.009571460000000002
split_finegrained2_XDJ50F.pt,7,110,0.0080205
split_finegrained2_5NBHN5.pt,7,70,0.00360344
split_finegrained2_KDWWOV.pt,7,96,0.005379660000000001
split_finegrained2_H205YN.pt,7,64,0.007071419999999999
split_finegrained2_HXO0YH.pt,3,52,0.008641099999999999
split_finegrained2_TET5GO.pt,3,58,0.0054611
split_finegrained2_O3MTZN.pt,3,62,0.0034316800000000008
split_finegrained2_7RU0B6.pt,3,68,0.008915479999999998
split_finegrained2_YOB8MJ.pt,3,60,0.006224799999999999
split_finegrained2_QNNXBL.pt,3,40,0.012805759999999998
split_finegrained2_ABZRDU.pt,3,38,0.0034535199999999994
split_finegrained2_7QUSYV.pt,3,46,0.008989980000000002
split_finegrained2_A1KYI3.pt,3,66,0.00690052
split_finegrained2_LC8MS0.pt,3,40,0.007384059999999994
split_finegrained2_DUF7DX.pt,3,46,0.006188319999999998
split_finegrained2_NYVVIR.pt,3,34,0.008954120000000005
split_finegrained2_XOOOUM.pt,3,58,0.005218640000000002
split_finegrained2_QK9UYN.pt,3,32,0.004151399999999999
split_finegrained2_3FSIUP.pt,3,62,0.006747599999999998
split_finegrained2_ZPJZKJ.pt,3,64,0.01170796
split_finegrained2_9TRD0F.pt,3,48,0.003467960000000001
split_finegrained2_Z655TU.pt,3,64,0.0035760600000000003
split_finegrained2_CSZ4U7.pt,3,44,0.005384360000000001
split_finegrained2_RRJV9B.pt,3,32,0.00526452
split_finegrained2_NMQPRC.pt,3,222,0.008973939999999998
split_finegrained2_V5I8C8.pt,3,284,0.003462960000000001
split_finegrained2_UXWC4H.pt,3,356,0.0038606599999999993
split_finegrained2_0JLVBX.pt,3,374,0.00346054
split_finegrained2_PY21QK.pt,3,292,0.0034223599999999997
split_finegrained2_143I5W.pt,3,362,0.011913439999999997
split_finegrained2_2XRJCP.pt,3,276,0.01251744
split_finegrained2_UU4HL5.pt,3,186,0.010067219999999997
split_finegrained2_WGZ3N7.pt,3,220,0.008853019999999998
split_finegrained2_ZN8C71.pt,3,176,0.003477979999999999
split_finegrained2_7S7S7Y.pt,3,388,0.0044982799999999995
split_finegrained2_5V72K1.pt,3,346,0.003436640000000001
split_finegrained2_HLNPBD.pt,3,216,0.0034516800000000012
split_finegrained2_KK6BOO.pt,3,320,0.0051946000000000015
split_finegrained2_7BIWAV.pt,3,308,0.015632119999999996
split_finegrained2_ARYRGD.pt,3,380,0.007966359999999995
split_finegrained2_59JY1T.pt,3,288,0.0035387400000000007
split_finegrained2_V0LOA3.pt,3,230,0.00735028
split_finegrained2_LOSKR1.pt,3,340,0.0034641400000000005
split_finegrained2_HRKYPT.pt,3,232,0.007321599999999998
split_finegrained2_FFVKQ7.pt,14,62,0.0035076799999999996
split_finegrained2_GZM7HD.pt,14,50,0.003463819999999999
split_finegrained2_ODSEK7.pt,14,48,0.006323980000000002
split_finegrained2_WLNFYY.pt,14,58,0.003431
split_finegrained2_SZIBL0.pt,14,46,0.00841402
split_finegrained2_9B1A2T.pt,14,82,0.0034727800000000004
split_finegrained2_KUNJZI.pt,14,54,0.0034777999999999988
split_finegrained2_J5YQYD.pt,14,90,0.0047905000000000005
split_finegrained2_A2MMS3.pt,14,78,0.011312639999999999
split_finegrained2_HFDPUO.pt,14,74,0.00341116
split_finegrained2_OIN6QV.pt,14,52,0.010165259999999999
split_finegrained2_6NCD8E.pt,14,72,0.003480579999999999
split_finegrained2_7X5MS7.pt,14,90,0.0034481800000000008
split_finegrained2_S80FHY.pt,14,40,0.01200334
split_finegrained2_QDGUH7.pt,14,60,0.00342958
split_finegrained2_CRX237.pt,14,68,0.009794500000000003
split_finegrained2_D5VRZP.pt,14,76,0.0035568599999999994
split_finegrained2_Y9DGFT.pt,14,66,0.008059540000000002
split_finegrained2_CDDP2R.pt,14,84,0.009620060000000001
split_finegrained2_LSCZ6R.pt,14,56,0.00344998
split_finegrained2_BV2HKC.pt,7,118,0.012247780000000002
split_finegrained2_AGGDST.pt,7,98,0.003442619999999999
split_finegrained2_AG3D5I.pt,7,100,0.005476280000000003
split_finegrained2_VIRDUX.pt,7,96,0.01588206000000001
split_finegrained2_0UKZKY.pt,7,84,0.01055186
split_finegrained2_OET2P5.pt,7,116,0.0034882800000000007
split_finegrained2_HA8RIP.pt,7,86,0.01281288
split_finegrained2_LZOOK4.pt,7,100,0.004137339999999999
split_finegrained2_96MSCC.pt,7,104,0.0050948
split_finegrained2_A2C8ZX.pt,7,70,0.006633419999999998
split_finegrained2_LI922V.pt,7,88,0.0035818599999999996
split_finegrained2_60QBPU.pt,7,52,0.00976636
split_finegrained2_4B0UC7.pt,7,54,0.017975920000000003
split_finegrained2_A1493O.pt,7,114,0.00341762
split_finegrained2_NHK23Z.pt,7,94,0.01399804
split_finegrained2_URG5HA.pt,7,58,0.01009498
split_finegrained2_ZQRRJJ.pt,7,92,0.004949580000000001
split_finegrained2_GTMVM0.pt,7,62,0.010391059999999999
split_finegrained2_AK1BP2.pt,7,60,0.0048072
split_finegrained2_NUR87B.pt,7,104,0.003411960000000001
split_finegrained2_EIT8FI.pt,14,22,0.013601079999999998
split_finegrained2_EE498K.pt,14,24,0.005412360000000001
split_finegrained2_V02Q0H.pt,14,20,0.0034601199999999997
split_finegrained2_6M6Y5B.pt,14,22,0.0034191800000000004
split_finegrained2_2TJ2QC.pt,14,24,0.003457159999999999
split_finegrained2_W7T3W9.pt,14,26,0.00522646
split_finegrained2_01ZIJ6.pt,14,16,0.0034888000000000002
split_finegrained2_ZRB146.pt,14,20,0.0034369200000000004
split_finegrained2_AR8EZ2.pt,14,14,0.006447280000000002
split_finegrained2_WTSB08.pt,14,18,0.003451040000000001
split_finegrained2_T5DAVM.pt,14,18,0.0034576399999999997
split_finegrained2_08GNT9.pt,14,12,0.010704320000000003
split_finegrained2_N1UTOD.pt,14,14,0.014738179999999995
split_finegrained2_VC806B.pt,14,12,0.00347756
split_finegrained2_NKT43S.pt,14,16,0.0034769800000000006
split_finegrained2_PQ6ISG.pt,28,10,0.00341726
split_finegrained2_WNKL5W.pt,28,12,0.0034252599999999994
split_finegrained2_WES6L3.pt,28,8,0.007905119999999998
split_finegrained2_LDLWE8.pt,28,6,0.00342522
split_finegrained2_NSPO31.pt,28,10,0.0034533199999999993
split_finegrained2_EO86BM.pt,28,14,0.00342176
split_finegrained2_OSCKBZ.pt,28,8,0.013847339999999996
split_finegrained2_DTKX26.pt,28,12,0.006941579999999996
split_finegrained2_HLD6J4.pt,3,36,0.00960496
split_finegrained2_HO7W88.pt,3,54,0.013088820000000003
split_finegrained2_L5D4D9.pt,3,52,0.007511940000000002
split_finegrained2_0FWOSN.pt,3,52,0.00347908
split_finegrained2_22V7LM.pt,3,54,0.00652256
split_finegrained2_8ULVCX.pt,3,62,0.015075019999999996
split_finegrained2_1S6774.pt,3,42,0.008090739999999997
split_finegrained2_FL3SQS.pt,3,64,0.005518839999999998
split_finegrained2_H4TQD3.pt,3,32,0.007686399999999998
split_finegrained2_LRKI10.pt,3,42,0.00635588
split_finegrained2_UKSF2T.pt,3,34,0.011688099999999995
split_finegrained2_VGT6XV.pt,3,46,0.0033953200000000007
split_finegrained2_KT60RB.pt,3,34,0.016950779999999995
split_finegrained2_PG2D30.pt,3,48,0.0034285599999999993
split_finegrained2_2OBLVW.pt,3,64,0.0034943600000000006
split_finegrained2_PLG5ET.pt,3,68,0.017402600000000004
split_finegrained2_SJP1SO.pt,3,58,0.0127795
split_finegrained2_XDDCQA.pt,3,50,0.003465439999999999
split_finegrained2_FA1JH7.pt,3,66,0.006615480000000002
split_finegrained2_VRV19Q.pt,3,38,0.004008040000000001
split_finegrained2_IUI54J.pt,7,558,0.008259679999999998
split_finegrained2_DVIFCS.pt,7,338,0.0034563399999999996
split_finegrained2_FCV1P3.pt,7,444,0.003487140000000001
split_finegrained2_2AWPWL.pt,7,630,0.003427959999999999
split_finegrained2_6YCRNR.pt,7,598,0.00522344
split_finegrained2_645ZRB.pt,7,680,0.0034576800000000007
split_finegrained2_K0SGVH.pt,7,482,0.00348494
split_finegrained2_AK3QGU.pt,7,502,0.003439419999999999
split_finegrained2_UNF6T7.pt,7,348,0.003453419999999999
split_finegrained2_6RMSX8.pt,7,450,0.003448459999999999
split_finegrained2_HSN17Z.pt,7,488,0.006427220000000001
split_finegrained2_TJR14L.pt,7,372,0.0034568600000000004
split_finegrained2_TAP071.pt,7,344,0.003445799999999999
split_finegrained2_998E8F.pt,7,370,0.003427599999999999
split_finegrained2_YHEA1J.pt,7,484,0.00342446
split_finegrained2_MW1YRL.pt,7,376,0.0035253199999999998
split_finegrained2_XAI47K.pt,7,464,0.00351882
split_finegrained2_JR08BD.pt,7,534,0.00342616
split_finegrained2_7KVLAC.pt,7,328,0.006226299999999997
split_finegrained2_F2Z7VL.pt,7,704,0.00355122
split_finegrained2_UEXK8O.pt,14,44,0.0034598000000000007
split_finegrained2_2CCTE1.pt,14,28,0.003459239999999999
split_finegrained2_6ILPK2.pt,14,52,0.0034556799999999987
split_finegrained2_TX6905.pt,14,46,0.0034400600000000004
split_finegrained2_NO87WJ.pt,14,26,0.0035312
split_finegrained2_J2FT4Z.pt,14,54,0.00351516
split_finegrained2_KWXJDG.pt,14,30,0.008248460000000003
split_finegrained2_FEQNUN.pt,14,42,0.00506876
split_finegrained2_2KR0WD.pt,14,38,0.0034245000000000005
split_finegrained2_UTX20A.pt,14,38,0.00343834
split_finegrained2_EV06LQ.pt,14,48,0.004306239999999999
split_finegrained2_CAYPVG.pt,14,26,0.00348852
split_finegrained2_5R1WLY.pt,14,40,0.00551702
split_finegrained2_QLGRO2.pt,14,34,0.00345592
split_finegrained2_PNQU0Y.pt,14,30,0.0034520599999999994
split_finegrained2_33T59U.pt,14,34,0.0035287400000000003
split_finegrained2_GR6UCD.pt,14,56,0.0035011599999999997
split_finegrained2_CI7W7U.pt,14,24,0.009200140000000002
split_finegrained2_I61ATJ.pt,14,54,0.0034560800000000003
split_finegrained2_YJVKK8.pt,14,48,0.0034329000000000004
split_finegrained2_30R4DO.pt,14,96,0.0034475400000000007
split_finegrained2_ENOIHW.pt,14,94,0.009711919999999999
split_finegrained2_X2X8IT.pt,14,70,0.0034827200000000003
split_finegrained2_XPDG2B.pt,14,86,0.0034537400000000007
split_finegrained2_B2GT8O.pt,14,112,0.003400439999999999
split_finegrained2_UVZXVB.pt,14,114,0.0035262200000000005
split_finegrained2_WUPZG1.pt,14,64,0.0034181200000000006
split_finegrained2_Y5R2VP.pt,14,84,0.00353564
split_finegrained2_JTCUF6.pt,14,116,0.0034455400000000013
split_finegrained2_9D9CMD.pt,14,60,0.003455340000000001
split_finegrained2_KTQQSQ.pt,14,110,0.006939059999999997
split_finegrained2_G6LSG7.pt,14,98,0.0034688999999999996
split_finegrained2_HT6V5X.pt,14,62,0.00903644
split_finegrained2_2P38YE.pt,14,132,0.0035123199999999998
split_finegrained2_TTDYZI.pt,14,112,0.0034304799999999996
split_finegrained2_F84NFU.pt,14,104,0.00882422
split_finegrained2_6HKWK2.pt,14,88,0.003413260000000001
split_finegrained2_FBSPTW.pt,14,136,0.0034121
split_finegrained2_9DQ967.pt,14,62,0.003419699999999999
split_finegrained2_KA8LTL.pt,14,132,0.0034850600000000003
split_finegrained2_0HIB5K.pt,7,128,0.003475159999999999
split_finegrained2_YH47Y5.pt,7,120,0.004753899999999999
split_finegrained2_U0CMHZ.pt,7,158,0.0034311600000000004
split_finegrained2_DIGZAW.pt,7,124,0.0035097199999999996
split_finegrained2_1F6D6I.pt,7,116,0.0034645599999999993
split_finegrained2_9C28CG.pt,7,76,0.0074347
split_finegrained2_G2OLIO.pt,7,74,0.007356299999999995
split_finegrained2_DIQ8FL.pt,7,76,0.003471780000000001
split_finegrained2_B25K0C.pt,7,114,0.009661939999999997
split_finegrained2_HHKW5V.pt,7,82,0.00347982
split_finegrained2_FSHH9F.pt,7,102,0.0034393999999999987
split_finegrained2_GB73DS.pt,7,96,0.003487
split_finegrained2_NAFDNZ.pt,7,118,0.0034763
split_finegrained2_FLTCIC.pt,7,162,0.0034936800000000003
split_finegrained2_JZQSZD.pt,7,154,0.00342164
split_finegrained2_ZCZZOB.pt,7,72,0.0034532199999999995
split_finegrained2_DLZCYM.pt,7,134,0.0034583199999999995
split_finegrained2_PUAR30.pt,7,150,0.003456819999999999
split_finegrained2_Z2RRVF.pt,7,78,0.0034632200000000004
split_finegrained2_GHHV5S.pt,7,130,0.003427720000000001
split_finegrained2_S1XFYA.pt,14,32,0.0033854199999999997
split_finegrained2_FQVGX1.pt,14,24,0.0034437799999999996
split_finegrained2_26KFED.pt,14,38,0.00348208
split_finegrained2_TZL2JH.pt,14,26,0.006795620000000001
split_finegrained2_MO9AQE.pt,14,20,0.009693879999999998
split_finegrained2_1U5EEB.pt,14,32,0.003519179999999999
split_finegrained2_APSJPO.pt,14,28,0.00462032
split_finegrained2_XG2PMK.pt,14,34,0.0034132400000000005
split_finegrained2_HXH976.pt,14,34,0.0034413400000000006
split_finegrained2_QGIB89.pt,14,28,0.003466379999999999
split_finegrained2_CQWGNP.pt,14,18,0.0050819800000000016
split_finegrained2_EQHH7K.pt,14,30,0.0034912200000000015
split_finegrained2_NBI5H8.pt,14,36,0.003415780000000001
split_finegrained2_1ISWOR.pt,14,18,0.004297700000000001
split_finegrained2_ML95IB.pt,14,26,0.01271098
split_finegrained2_SSB1UK.pt,14,22,0.003462780000000001
split_finegrained2_YL1Z3Z.pt,14,16,0.00347886
split_finegrained2_AE08BS.pt,14,30,0.00348738
split_finegrained2_G2WLZ7.pt,14,36,0.00344534
split_finegrained2_YE3JHY.pt,14,22,0.0034514000000000007
split_finegrained2_WWC9OS.pt,14,88,0.0034306200000000005
split_finegrained2_MJ653F.pt,14,52,0.014779399999999996
split_finegrained2_BCNRIS.pt,14,74,0.004540460000000001
split_finegrained2_9B6TED.pt,14,98,0.0033654200000000005
split_finegrained2_2BFWXG.pt,14,44,0.01121452
split_finegrained2_1JG0D7.pt,14,58,0.0034465800000000007
split_finegrained2_5DSLQO.pt,14,74,0.0034169400000000007
split_finegrained2_5Z7DW4.pt,14,44,0.013754140000000005
split_finegrained2_756B6D.pt,14,56,0.0035649200000000005
split_finegrained2_83IT16.pt,14,100,0.003444519999999999
split_finegrained2_HJSRQW.pt,14,46,0.003742719999999999
split_finegrained2_FXEBOD.pt,14,90,0.003415
split_finegrained2_FZEFHF.pt,14,64,0.012060079999999996
split_finegrained2_TW5DZQ.pt,14,70,0.0034525599999999995
split_finegrained2_BXQU1N.pt,14,48,0.0034125400000000004
split_finegrained2_XPLGUT.pt,14,52,0.0034826600000000003
split_finegrained2_UEWJ5I.pt,14,92,0.003486120000000001
split_finegrained2_UOQJIE.pt,14,60,0.0035733800000000006
split_finegrained2_K4KT42.pt,14,48,0.00889416
split_finegrained2_MYT1PF.pt,14,56,0.0035589599999999995
split_finegrained2_FYTJEV.pt,7,8,0.0035218999999999997
split_finegrained2_J9PZDH.pt,7,10,0.0055048
split_finegrained2_6029YV.pt,7,12,0.005731799999999999
split_finegrained2_7KAXC4.pt,7,8,0.009602779999999997
split_finegrained2_URYIHZ.pt,7,14,0.0034148200000000007
split_finegrained2_8MQWK4.pt,7,12,0.00501998
split_finegrained2_4814FK.pt,7,6,0.006918459999999999
split_finegrained2_FYODU1.pt,7,10,0.014857380000000002
split_finegrained2_7DPGB2.pt,14,66,0.00347364
split_finegrained2_O7WPS3.pt,14,90,0.00344372
split_finegrained2_OJJBOR.pt,14,82,0.0034521200000000004
split_finegrained2_Q8SJBO.pt,14,78,0.0102484
split_finegrained2_D75ZR5.pt,14,84,0.0034216199999999998
split_finegrained2_3NYC5W.pt,14,56,0.003445720000000001
split_finegrained2_FGSKLG.pt,14,58,0.0048048000000000006
split_finegrained2_JYJH9J.pt,14,48,0.0034606
split_finegrained2_8AD88W.pt,14,106,0.0034199599999999992
split_finegrained2_YRMTPS.pt,14,70,0.00347056
split_finegrained2_PU7FGY.pt,14,60,0.009875820000000002
split_finegrained2_28MVU2.pt,14,100,0.0034521599999999993
split_finegrained2_GSBONX.pt,14,64,0.00351282
split_finegrained2_Q7DLD4.pt,14,88,0.00348082
split_finegrained2_8BAXO1.pt,14,68,0.004270759999999999
split_finegrained2_GFP7G8.pt,14,80,0.003457659999999999
split_finegrained2_KYJYUA.pt,14,94,0.011113280000000003
split_finegrained2_D4D8FP.pt,14,86,0.00343252
split_finegrained2_QOZDQD.pt,14,98,0.0035690400000000008
split_finegrained2_TAXRXU.pt,14,90,0.00345368
split_finegrained2_55OU3O.pt,14,36,0.0033816
split_finegrained2_WEHBXW.pt,14,60,0.003458000000000001
split_finegrained2_O3YRJQ.pt,14,48,0.00340422
split_finegrained2_0UPN8F.pt,14,70,0.0034335
split_finegrained2_XFZCV2.pt,14,42,0.0034425
split_finegrained2_UDI73H.pt,14,68,0.0034119800000000002
split_finegrained2_R9NWRK.pt,14,66,0.0034775799999999996
split_finegrained2_O2MK8B.pt,14,72,0.0034507600000000006
split_finegrained2_D7JJO8.pt,14,64,0.01408841999999999
split_finegrained2_RR68NE.pt,14,74,0.003437900000000001
split_finegrained2_8R071H.pt,14,64,0.0034383200000000004
split_finegrained2_ZNDA8Q.pt,14,36,0.0051817
split_finegrained2_N0Q7SY.pt,14,62,0.0034759
split_finegrained2_KEIY18.pt,14,62,0.0033991199999999994
split_finegrained2_UHEY00.pt,14,78,0.008169439999999995
split_finegrained2_5SB6F0.pt,14,48,0.0035155399999999997
split_finegrained2_5W2O57.pt,14,84,0.0034513799999999996
split_finegrained2_A6TTVC.pt,14,72,0.0042255
split_finegrained2_437Z35.pt,14,40,0.010335559999999999
split_finegrained2_KOCEGO.pt,14,42,0.0034505200000000003
split_finegrained2_7BYHLW.pt,14,10,0.012363739999999995
split_finegrained2_QLIL48.pt,14,12,0.0034207199999999995
split_finegrained2_44NLW9.pt,14,8,0.013682380000000004
split_finegrained2_QXOLAT.pt,14,14,0.0034610600000000006
split_finegrained2_CQSE5M.pt,14,12,0.0034339600000000002
split_finegrained2_RT8HGD.pt,14,16,0.003899899999999999
split_finegrained2_8RUF5Z.pt,14,8,0.00434226
split_finegrained2_GP27SZ.pt,14,14,0.0033991999999999994
split_finegrained2_WVA65C.pt,14,10,0.017422040000000007
split_finegrained2_E7SU4P.pt,7,98,0.0035120599999999996
split_finegrained2_HIX9EW.pt,7,90,0.0035692199999999993
split_finegrained2_R4LPAG.pt,7,122,0.0035580199999999994
split_finegrained2_F0OULD.pt,7,140,0.004207080000000001
split_finegrained2_DZTRUV.pt,7,104,0.0050890200000000005
split_finegrained2_ZGDPVI.pt,7,116,0.0034450600000000002
split_finegrained2_OHTMXF.pt,7,130,0.00346738
split_finegrained2_8RVBOX.pt,7,132,0.008464499999999998
split_finegrained2_MCDE16.pt,7,138,0.00346146
split_finegrained2_HHZ165.pt,7,120,0.007028540000000001
split_finegrained2_7HFFH5.pt,7,134,0.006727740000000001
split_finegrained2_LK564L.pt,7,74,0.010298219999999993
split_finegrained2_BFH1OA.pt,7,100,0.00431068
split_finegrained2_TO6FUX.pt,7,92,0.00429328
split_finegrained2_7GMM70.pt,7,76,0.00557114
split_finegrained2_452F1W.pt,7,104,0.00343962
split_finegrained2_WT3IPM.pt,7,68,0.013854139999999992
split_finegrained2_DKNAM5.pt,7,122,0.003468200000000001
split_finegrained2_4QENRJ.pt,7,118,0.0094839
split_finegrained2_3YK8Z9.pt,7,128,0.00936972
split_finegrained2_TOIHLP.pt,7,228,0.0034426400000000003
split_finegrained2_76MHRH.pt,7,146,0.00458366
split_finegrained2_JN5H3L.pt,7,120,0.005220460000000001
split_finegrained2_8CRVV6.pt,7,160,0.007849299999999998
split_finegrained2_2KPBS3.pt,7,218,0.00342434
split_finegrained2_F67E04.pt,7,140,0.0038391000000000007
split_finegrained2_D80LJ1.pt,7,132,0.0037559399999999993
split_finegrained2_MX7LWI.pt,7,138,0.003490620000000001
split_finegrained2_ETAAKK.pt,7,136,0.0034390400000000004
split_finegrained2_SB74PH.pt,7,192,0.004893459999999999
split_finegrained2_KRE0QN.pt,7,168,0.00648566
split_finegrained2_DYA9G5.pt,7,210,0.004512360000000002
split_finegrained2_MRMAF6.pt,7,166,0.0034100199999999984
split_finegrained2_N58H1N.pt,7,134,0.0034836999999999997
split_finegrained2_J35T6C.pt,7,208,0.0034371600000000003
split_finegrained2_DQ62LZ.pt,7,176,0.0084556
split_finegrained2_UHD4VA.pt,7,134,0.0034762600000000005
split_finegrained2_NYYI4U.pt,7,248,0.0034084
split_finegrained2_KYHGJT.pt,7,114,0.0034159599999999996
split_finegrained2_2RNGM2.pt,7,190,0.00356484
split_finegrained2_2T4W2V.pt,3,322,0.0034529999999999995
split_finegrained2_DDTEQV.pt,3,336,0.012195819999999994
split_finegrained2_K6CXNX.pt,3,240,0.0034225400000000017
split_finegrained2_KWB64W.pt,3,346,0.009898440000000001
split_finegrained2_D6KG81.pt,3,306,0.0043230199999999995
split_finegrained2_7TZOQP.pt,3,308,0.00346584
split_finegrained2_D3GBZG.pt,3,334,0.012262839999999992
split_finegrained2_UBDL6T.pt,3,372,0.0034848399999999995
split_finegrained2_C0HTS2.pt,3,208,0.015936480000000003
split_finegrained2_P2C4E5.pt,3,314,0.009235979999999998
split_finegrained2_KENRE1.pt,3,298,0.0035317999999999994
split_finegrained2_MX60L9.pt,3,188,0.0034309399999999995
split_finegrained2_V7S5PK.pt,3,218,0.0045184000000000005
split_finegrained2_DC0M8H.pt,3,196,0.008596960000000004
split_finegrained2_F15W4E.pt,3,384,0.00445402
split_finegrained2_FXW906.pt,3,168,0.006094199999999998
split_finegrained2_SHIVCM.pt,3,260,0.00728438
split_finegrained2_I8H2MI.pt,3,348,0.006479079999999999
split_finegrained2_GERB9E.pt,3,258,0.006608459999999998
split_finegrained2_2NL6A1.pt,3,276,0.013769419999999997
split_finegrained2_07771V.pt,14,16,0.00477532
split_finegrained2_OZ1F33.pt,14,20,0.010108379999999997
split_finegrained2_GRHXKM.pt,14,18,0.0036039600000000007
split_finegrained2_ASI4XC.pt,14,16,0.00747624
split_finegrained2_MQH1CG.pt,14,14,0.0034668199999999994
split_finegrained2_IO05MC.pt,14,14,0.007947059999999999
split_finegrained2_J26P93.pt,14,20,0.0034282999999999996
split_finegrained2_5615O6.pt,14,12,0.006248820000000004
split_finegrained2_I9QEK7.pt,14,24,0.0034142
split_finegrained2_Y29I4B.pt,14,18,0.0034278599999999996
split_finegrained2_W7B8LU.pt,14,12,0.007162219999999997
split_finegrained2_YI7QUS.pt,14,26,0.003463679999999999
split_finegrained2_MFFHZ8.pt,14,24,0.0119502
split_finegrained2_4V6SFL.pt,14,22,0.0034399199999999995
split_finegrained2_RJB2I5.pt,14,22,0.006754199999999998
split_finegrained2_OJACPM.pt,14,28,0.006547839999999998
split_finegrained2_E8CXOZ.pt,14,26,0.0036831600000000004
split_finegrained2_V8L1GR.pt,14,46,0.00340036
split_finegrained2_6TQ5VO.pt,14,32,0.006176560000000003
split_finegrained2_AYECDX.pt,14,50,0.004049719999999998
split_finegrained2_OUBNPZ.pt,14,38,0.005781440000000002
split_finegrained2_D52EE8.pt,14,30,0.00696972
split_finegrained2_I6X3MU.pt,14,52,0.006665700000000001
split_finegrained2_35UXGL.pt,14,38,0.003414820000000001
split_finegrained2_XR1DQC.pt,14,48,0.00351462
split_finegrained2_UPMUMI.pt,14,28,0.01361632
split_finegrained2_PHISQZ.pt,14,50,0.010866600000000002
split_finegrained2_OXY3X1.pt,14,24,0.006525600000000001
split_finegrained2_X5TK4J.pt,14,44,0.0034655999999999997
split_finegrained2_FUNZYK.pt,14,40,0.0034133600000000016
split_finegrained2_2Y36W3.pt,14,42,0.00352694
split_finegrained2_P48IUL.pt,14,26,0.003616339999999999
split_finegrained2_W9ARK6.pt,14,34,0.0034739399999999983
split_finegrained2_5RGRE5.pt,14,30,0.0053632
split_finegrained2_CTP3TO.pt,14,34,0.005695319999999999
split_finegrained2_O0T43J.pt,7,138,0.003461540000000001
split_finegrained2_9QF4G7.pt,7,194,0.00348506
split_finegrained2_MRMBH8.pt,7,128,0.00348312
split_finegrained2_OKJSMQ.pt,7,98,0.006342240000000002
split_finegrained2_26R20P.pt,7,144,0.00850538
split_finegrained2_08LVMZ.pt,7,150,0.01111776
split_finegrained2_X0SUXI.pt,7,112,0.008496540000000004
split_finegrained2_Q4B3IO.pt,7,90,0.0034590400000000005
split_finegrained2_4AUAI9.pt,7,140,0.003442
split_finegrained2_GOQJND.pt,7,140,0.003851700000000001
split_finegrained2_H1IJJT.pt,7,168,0.0034892999999999986
split_finegrained2_J11BLT.pt,7,180,0.0034811200000000007
split_finegrained2_1T13XG.pt,7,172,0.0034714999999999998
split_finegrained2_BI5AG3.pt,7,126,0.004371599999999998
split_finegrained2_L2TBD6.pt,7,162,0.0034566
split_finegrained2_88TDF2.pt,7,142,0.011268519999999995
split_finegrained2_KL3PP7.pt,7,100,0.023544240000000004
split_finegrained2_3U4B4N.pt,7,84,0.00892866
split_finegrained2_RCAD20.pt,7,152,0.015759400000000003
split_finegrained2_2EZLSY.pt,7,116,0.00809324
split_finegrained2_B4X0W9.pt,7,204,0.012498120000000001
split_finegrained2_5RZR99.pt,7,106,0.005525059999999998
split_finegrained2_97M9HL.pt,7,140,0.00351972
split_finegrained2_6QT3NH.pt,7,190,0.0034308800000000007
split_finegrained2_VNNC3L.pt,7,152,0.01452872
split_finegrained2_8WOX5S.pt,7,98,0.003447679999999999
split_finegrained2_KSI2UC.pt,7,100,0.004009620000000001
split_finegrained2_Q3PRT3.pt,7,222,0.0034487200000000006
split_finegrained2_2ABMAY.pt,7,132,0.0034125199999999996
split_finegrained2_82G2XI.pt,7,172,0.011578020000000001
split_finegrained2_TY6T1F.pt,7,162,0.005757360000000001
split_finegrained2_RILTDQ.pt,7,182,0.0034432400000000006
split_finegrained2_AEYOZS.pt,7,154,0.0034388400000000003
split_finegrained2_AV1YOQ.pt,7,172,0.004424139999999998
split_finegrained2_O75WWA.pt,7,174,0.00343396
split_finegrained2_TK4YD7.pt,7,194,0.014518280000000005
split_finegrained2_WNOB7L.pt,7,202,0.006513959999999997
split_finegrained2_CFBE7I.pt,7,158,0.011242600000000002
split_finegrained2_W8HW2R.pt,7,104,0.00341086
split_finegrained2_3IKFFC.pt,7,148,0.00347022
split_finegrained2_XC9H02.pt,14,108,0.0034204599999999997
split_finegrained2_WLRZ5B.pt,14,94,0.0034220999999999995
split_finegrained2_UIVT0M.pt,14,80,0.00655926
split_finegrained2_OGBKHE.pt,14,82,0.0034677400000000004
split_finegrained2_W78V9T.pt,14,94,0.0034518600000000006
split_finegrained2_LPDFZL.pt,14,90,0.0034510399999999985
split_finegrained2_H80DW8.pt,14,74,0.006916319999999999
split_finegrained2_P9AI0K.pt,14,62,0.004608619999999999
split_finegrained2_A112D0.pt,14,98,0.0034322800000000002
split_finegrained2_5OHDVL.pt,14,90,0.0034535799999999995
split_finegrained2_F9HTCA.pt,14,100,0.0034654
split_finegrained2_S8M6S3.pt,14,60,0.009006020000000002
split_finegrained2_EJG0KI.pt,14,104,0.003417140000000001
split_finegrained2_YEAPVK.pt,14,80,0.00343234
split_finegrained2_W5OILT.pt,14,58,0.0034540400000000002
split_finegrained2_8Y1UA3.pt,14,52,0.0034162199999999998
split_finegrained2_GNUMR4.pt,14,84,0.003448780000000001
split_finegrained2_4XOOGJ.pt,14,54,0.010208000000000002
split_finegrained2_K8A368.pt,14,64,0.005091899999999999
split_finegrained2_U0YHQU.pt,14,48,0.006991060000000002
split_finegrained2_GYR4N9.pt,14,12,0.0035084199999999995
split_finegrained2_HVCPCE.pt,14,8,0.0069067999999999985
split_finegrained2_F3NXP2.pt,14,14,0.0041917199999999995
split_finegrained2_I7V4WN.pt,14,14,0.0054794
split_finegrained2_FXNCCS.pt,14,8,0.006402220000000004
split_finegrained2_WD7W2J.pt,14,10,0.0034435400000000006
split_finegrained2_D5NAB9.pt,14,10,0.003441240000000001
split_finegrained2_8LBFEN.pt,14,12,0.00364542
split_finegrained2_81AQCY.pt,14,16,0.00959132
split_finegrained2_WYWMM6.pt,14,22,0.00567424
split_finegrained2_4PQVNY.pt,14,14,0.003428220000000002
split_finegrained2_92LZIY.pt,14,20,0.0034407999999999995
split_finegrained2_YXVH52.pt,14,18,0.014136740000000002
split_finegrained2_IMZY8V.pt,14,28,0.004779299999999999
split_finegrained2_88L9YD.pt,14,20,0.0034448400000000002
split_finegrained2_YO4Q83.pt,14,22,0.0051531400000000005
split_finegrained2_E2SZV2.pt,14,12,0.005897300000000001
split_finegrained2_0I39T5.pt,14,18,0.00691818
split_finegrained2_Q12Q4E.pt,14,24,0.006214639999999998
split_finegrained2_TPL6JC.pt,14,24,0.005349819999999998
split_finegrained2_P72KBO.pt,14,16,0.015545100000000008
split_finegrained2_YBCFHC.pt,14,26,0.0035055200000000003
split_finegrained2_9570U4.pt,14,26,0.0037811600000000004
split_finegrained2_Y78Z9F.pt,14,14,0.0034372000000000014
split_finegrained2_2WZAMM.pt,14,16,0.004539700000000001
split_finegrained2_6GGW83.pt,7,150,0.0034647200000000006
split_finegrained2_Q5T6HK.pt,7,114,0.010028580000000002
split_finegrained2_YLIB45.pt,7,112,0.00352424
split_finegrained2_5PG7YO.pt,7,104,0.0034401200000000005
split_finegrained2_HV0BOP.pt,7,166,0.006181400000000001
split_finegrained2_O356ZT.pt,7,136,0.0034174599999999998
split_finegrained2_TQS4K2.pt,7,96,0.010888459999999997
split_finegrained2_R865TK.pt,7,96,0.00971904
split_finegrained2_CH6UPG.pt,7,156,0.00581382
split_finegrained2_SKVLBK.pt,7,130,0.00790938
split_finegrained2_BRQOSF.pt,7,164,0.0035141799999999996
split_finegrained2_K23YQP.pt,7,124,0.0036904399999999993
split_finegrained2_9NXFY5.pt,7,126,0.0034345400000000002
split_finegrained2_OEKYKR.pt,7,122,0.0034488400000000003
split_finegrained2_ABLG2D.pt,7,94,0.007762440000000002
split_finegrained2_W94PXC.pt,7,84,0.0034237400000000006
split_finegrained2_FGC2HB.pt,7,88,0.0035268000000000005
split_finegrained2_LG2DWB.pt,7,78,0.0035508199999999997
split_finegrained2_3S9U69.pt,7,162,0.003439
split_finegrained2_411EP6.pt,7,148,0.011298999999999997
split_finegrained2_XHFFE7.pt,14,18,0.0034905999999999982
split_finegrained2_HGFAM1.pt,14,14,0.023407320000000006
split_finegrained2_ZI566C.pt,14,12,0.016304439999999996
split_finegrained2_32X108.pt,14,16,0.00345882
split_finegrained2_NZ2ERR.pt,14,16,0.0034441199999999993
split_finegrained2_4I07EN.pt,14,20,0.0034107000000000005
split_finegrained2_QPP8K0.pt,14,10,0.00341954
split_finegrained2_8R9LJB.pt,14,24,0.00345014
split_finegrained2_YJUOCA.pt,14,22,0.00345342
split_finegrained2_LC7054.pt,14,22,0.0077995400000000015
split_finegrained2_Z2UTE8.pt,14,18,0.00478642
split_finegrained2_FFA3S3.pt,14,12,0.005947039999999999
split_finegrained2_VA0F6X.pt,14,14,0.00663652
split_finegrained2_ZSPS82.pt,14,20,0.0055762200000000015
split_finegrained2_1MJ3N7.pt,7,174,0.0034403200000000006
split_finegrained2_PI2QNP.pt,7,90,0.003543999999999999
split_finegrained2_9NG1ZZ.pt,7,168,0.0034839799999999994
split_finegrained2_03RIKY.pt,7,178,0.00346306
split_finegrained2_NJK64N.pt,7,192,0.0034622
split_finegrained2_YYXT2M.pt,7,188,0.00823502
split_finegrained2_1H92BY.pt,7,140,0.011242520000000002
split_finegrained2_R3BA4U.pt,7,100,0.007975000000000001
split_finegrained2_BJA0U1.pt,7,98,0.012231339999999988
split_finegrained2_7J3W96.pt,7,94,0.003526020000000001
split_finegrained2_UKUXBD.pt,7,128,0.007214840000000003
split_finegrained2_XUN1FY.pt,7,96,0.0034377799999999997
split_finegrained2_KH9AQ6.pt,7,102,0.014939280000000004
split_finegrained2_XSYP7H.pt,7,170,0.013367579999999999
split_finegrained2_G6QCI3.pt,7,88,0.0034604999999999996
split_finegrained2_ENBQVG.pt,7,146,0.0034369399999999994
split_finegrained2_O4WJ9A.pt,7,114,0.01106494
split_finegrained2_35LXJB.pt,7,190,0.003439799999999999
split_finegrained2_1C1X9D.pt,7,102,0.009921620000000003
split_finegrained2_LX13NQ.pt,7,194,0.008191900000000002
split_finegrained2_9J8GUD.pt,3,192,0.00491876
split_finegrained2_3JW3TW.pt,3,150,0.0034296999999999995
split_finegrained2_KDSQCF.pt,3,120,0.00348608
split_finegrained2_NK4V6S.pt,3,102,0.00426028
split_finegrained2_BI9QDL.pt,3,186,0.016399700000000003
split_finegrained2_GU963G.pt,3,92,0.003452139999999999
split_finegrained2_8EPV71.pt,3,166,0.0034903199999999994
split_finegrained2_HHV295.pt,3,112,0.013011399999999996
split_finegrained2_XDQMQX.pt,3,156,0.003405339999999999
split_finegrained2_FY1P24.pt,3,100,0.014664640000000005
split_finegrained2_PSQ9C5.pt,3,174,0.0057737199999999995
split_finegrained2_M27D4K.pt,3,130,0.007919480000000001
split_finegrained2_V5OXNQ.pt,3,128,0.007604020000000004
split_finegrained2_L5WZIE.pt,3,164,0.006094679999999998
split_finegrained2_YAOX1M.pt,3,124,0.013606460000000008
split_finegrained2_037EGX.pt,3,136,0.0034835199999999995
split_finegrained2_4XLPNZ.pt,3,98,0.0034042399999999993
split_finegrained2_ZXHYM9.pt,3,132,0.005159839999999999
split_finegrained2_TI44VE.pt,3,186,0.006824039999999998
split_finegrained2_L82DM6.pt,3,108,0.004321199999999998
split_finegrained2_VLC4TG.pt,7,132,0.010835999999999998
split_finegrained2_UJPNWQ.pt,7,134,0.0035974199999999987
split_finegrained2_CO6NZE.pt,7,128,0.0035914999999999996
split_finegrained2_9JV7XC.pt,7,142,0.00361084
split_finegrained2_XGQ8ZI.pt,7,168,0.014225840000000005
split_finegrained2_I9G4UY.pt,7,172,0.003535960000000001
split_finegrained2_1P5WSN.pt,7,104,0.00538918
split_finegrained2_5HUZ97.pt,7,76,0.006440759999999997
split_finegrained2_TDG1KQ.pt,7,86,0.013974559999999999
split_finegrained2_1O1NOR.pt,7,88,0.00371228
split_finegrained2_9K505C.pt,7,84,0.011995879999999997
split_finegrained2_U6JT0L.pt,7,160,0.0093309
split_finegrained2_F3QG6I.pt,7,148,0.0034718599999999985
split_finegrained2_A9WVBQ.pt,7,106,0.0034983200000000005
split_finegrained2_QXMLIS.pt,7,86,0.0034435399999999993
split_finegrained2_4HSUGF.pt,7,112,0.013644400000000001
split_finegrained2_IRYTQT.pt,7,108,0.005880819999999998
split_finegrained2_2HK2M8.pt,7,158,0.0034693999999999997
split_finegrained2_BJ9ZKT.pt,7,102,0.003405399999999999
split_finegrained2_ANRUM5.pt,7,148,0.007777740000000001
split_finegrained2_UBLVV5.pt,28,8,0.003513299999999999
split_finegrained2_ONBCMW.pt,28,6,0.006019499999999998
split_finegrained2_9R7G46.pt,28,6,0.013218540000000003
split_finegrained2_QMFZ9T.pt,28,4,0.0034681399999999998
split_finegrained2_TU4AC1.pt,28,8,0.0034613999999999995
split_finegrained2_FTPZMX.pt,7,104,0.006183879999999999
split_finegrained2_XGPJRG.pt,7,100,0.00348654
split_finegrained2_GBVX3M.pt,7,52,0.0034503999999999997
split_finegrained2_AJSR7A.pt,7,88,0.0048296
split_finegrained2_U841YU.pt,7,76,0.004091920000000001
split_finegrained2_2PSSRZ.pt,7,58,0.0034282400000000012
split_finegrained2_OPJUW3.pt,7,72,0.00354054
split_finegrained2_0KHB9H.pt,7,110,0.008276559999999999
split_finegrained2_HI1XIN.pt,7,60,0.008508879999999998
split_finegrained2_8VUKPF.pt,7,66,0.004998980000000001
split_finegrained2_QBE7MH.pt,7,98,0.0059028599999999985
split_finegrained2_7UWVB7.pt,7,94,0.0034660999999999997
split_finegrained2_U3GI8W.pt,7,100,0.012424619999999996
split_finegrained2_O1REU5.pt,7,76,0.005676299999999999
split_finegrained2_SHM0YL.pt,7,78,0.0034256599999999996
split_finegrained2_VC4GWU.pt,7,90,0.01055798
split_finegrained2_TOV4P4.pt,7,60,0.007647159999999999
split_finegrained2_57ZB10.pt,7,102,0.005856459999999997
split_finegrained2_O11X78.pt,7,66,0.00424822
split_finegrained2_BI6KFU.pt,7,52,0.0034360999999999997
split_finegrained2_YN83XH.pt,1,240,0.0169522
split_finegrained2_LRA03Q.pt,1,296,0.003424
split_finegrained2_UGHUI4.pt,1,266,0.0038620799999999995
split_finegrained2_ITC9GJ.pt,1,400,0.006934979999999999
split_finegrained2_SU6WL1.pt,1,406,0.016951000000000004
split_finegrained2_JK1H67.pt,1,372,0.01079188
split_finegrained2_7XJ00Z.pt,1,386,0.0034817400000000005
split_finegrained2_UKF9W8.pt,1,234,0.008260000000000002
split_finegrained2_ATH4XJ.pt,1,280,0.006185060000000001
split_finegrained2_M0J7JF.pt,1,398,0.0044991599999999994
split_finegrained2_Q9JVOR.pt,1,320,0.011120780000000005
split_finegrained2_WRA5FG.pt,1,416,0.008803799999999999
split_finegrained2_A0MCL2.pt,1,394,0.00596056
split_finegrained2_MFYBOB.pt,1,406,0.0034698800000000003
split_finegrained2_ZZ13IA.pt,1,432,0.0034481200000000003
split_finegrained2_YDDZQP.pt,1,220,0.013908040000000005
split_finegrained2_UG02GA.pt,1,374,0.0035037200000000005
split_finegrained2_TL8PZL.pt,1,246,0.006181419999999998
split_finegrained2_5XPMTX.pt,1,196,0.00348156
split_finegrained2_MGRBW3.pt,1,224,0.006643860000000002
split_finegrained2_51X7DC.pt,3,508,0.0034684000000000017
split_finegrained2_8VB4AL.pt,3,274,0.0035454000000000006
split_finegrained2_KGHUBG.pt,3,518,0.003484720000000001
split_finegrained2_EPLIK9.pt,3,270,0.0034912199999999997
split_finegrained2_E0HO19.pt,3,506,0.0034624200000000003
split_finegrained2_CWEDDX.pt,3,354,0.0035037800000000006
split_finegrained2_5PV4J3.pt,3,560,0.0034501400000000004
split_finegrained2_BSCAM2.pt,3,298,0.00343366
split_finegrained2_PPHPUF.pt,3,606,0.0034659400000000003
split_finegrained2_ZBD1SY.pt,3,436,0.004495420000000001
split_finegrained2_26BJAN.pt,3,608,0.0038765800000000006
split_finegrained2_02PIJT.pt,3,482,0.0035818000000000004
split_finegrained2_JJBZI0.pt,3,574,0.0034736800000000003
split_finegrained2_66TDXC.pt,3,422,0.014214979999999999
split_finegrained2_893OCR.pt,3,598,0.009772019999999998
split_finegrained2_A38BNC.pt,3,444,0.0034263599999999994
split_finegrained2_L2N386.pt,3,522,0.0034244799999999997
split_finegrained2_2E7QSP.pt,3,492,0.012038259999999997
split_finegrained2_WZ6RO5.pt,3,336,0.0035353599999999995
split_finegrained2_5PPW17.pt,3,454,0.0063717800000000005
split_finegrained2_NZIATK.pt,14,12,0.006174299999999999
split_finegrained2_KLO7VU.pt,14,10,0.003413479999999999
split_finegrained2_GUHX0E.pt,14,8,0.00443688
split_finegrained2_ZIENV0.pt,14,14,0.0074812
split_finegrained2_D71KLC.pt,14,10,0.0034029
split_finegrained2_MILTKJ.pt,14,14,0.00562792
split_finegrained2_FNT60G.pt,14,12,0.006666340000000003
split_finegrained2_827LMZ.pt,14,18,0.00400954
split_finegrained2_FRIUKW.pt,14,16,0.00992422
split_finegrained2_B8LQX9.pt,14,16,0.013287379999999998
split_finegrained2_ZCGXU4.pt,14,18,0.008740039999999998
split_finegrained2_Q8AIA3.pt,7,180,0.010715700000000005
split_finegrained2_J27XGO.pt,7,206,0.00478486
split_finegrained2_ADBCM6.pt,7,216,0.005901039999999999
split_finegrained2_H2HE7D.pt,7,232,0.0035657999999999996
split_finegrained2_QO1XS0.pt,7,184,0.00346918
split_finegrained2_RWRYAB.pt,7,244,0.004709579999999999
split_finegrained2_PN9SMV.pt,7,128,0.0049679
split_finegrained2_GWHEVM.pt,7,194,0.00458644
split_finegrained2_B5W6D3.pt,7,238,0.00418744
split_finegrained2_2HQ1YR.pt,7,200,0.0034479199999999993
split_finegrained2_MEZSUZ.pt,7,226,0.007007299999999999
split_finegrained2_V4HJ2A.pt,7,228,0.005456360000000001
split_finegrained2_YBQNCX.pt,7,144,0.0034356599999999992
split_finegrained2_OIHW8I.pt,7,124,0.01463638
split_finegrained2_4ME02D.pt,7,130,0.00735058
split_finegrained2_OUZ38Q.pt,7,188,0.003433780000000001
split_finegrained2_WT5B5S.pt,7,140,0.0034921999999999996
split_finegrained2_AG2N54.pt,7,116,0.011901260000000002
split_finegrained2_DJR4O5.pt,7,144,0.011713539999999991
split_finegrained2_4ETH30.pt,7,160,0.007224079999999998
split_finegrained2_3A5K3R.pt,7,70,0.005298280000000001
split_finegrained2_04PTMG.pt,7,80,0.003823820000000001
split_finegrained2_O43D0B.pt,7,82,0.004267860000000002
split_finegrained2_2XPU4K.pt,7,42,0.014633780000000002
split_finegrained2_09W6YH.pt,7,48,0.007431880000000002
split_finegrained2_670OCB.pt,7,84,0.0034488000000000006
split_finegrained2_57N31P.pt,7,66,0.00350662
split_finegrained2_BKQUYL.pt,7,40,0.015330539999999997
split_finegrained2_NFSBRX.pt,7,68,0.007538720000000001
split_finegrained2_WRJVJ8.pt,7,80,0.005163
split_finegrained2_SPUJOE.pt,7,54,0.0034354200000000002
split_finegrained2_6DL39D.pt,7,36,0.003460199999999999
split_finegrained2_ZO02OG.pt,7,76,0.0034507200000000004
split_finegrained2_CXU4W6.pt,7,72,0.0034294200000000007
split_finegrained2_8K1CHL.pt,7,68,0.007514299999999997
split_finegrained2_QRNNI3.pt,7,64,0.0035602400000000005
split_finegrained2_4T4VM8.pt,7,78,0.012765659999999998
split_finegrained2_2ZB75W.pt,7,54,0.003630299999999999
split_finegrained2_MLQ24M.pt,7,38,0.006822619999999999
split_finegrained2_1XHLBQ.pt,7,78,0.013130159999999993
split_finegrained2_ELEVCN.pt,7,192,0.003489040000000001
split_finegrained2_GK0GQG.pt,7,118,0.007398560000000002
split_finegrained2_CTT0VZ.pt,7,124,0.00822556
split_finegrained2_K3C04O.pt,7,158,0.008324659999999998
split_finegrained2_CA8KTX.pt,7,162,0.0034459799999999995
split_finegrained2_VNWXF8.pt,7,132,0.003476960000000001
split_finegrained2_NKE0SV.pt,7,142,0.0034000000000000007
split_finegrained2_YA7QQX.pt,7,220,0.00341266
split_finegrained2_3SMQ0U.pt,7,162,0.015184699999999995
split_finegrained2_181LPC.pt,7,126,0.012476620000000002
split_finegrained2_KLXXPB.pt,7,110,0.00374032
split_finegrained2_YS3URF.pt,7,128,0.004900899999999999
split_finegrained2_ZDKAC4.pt,7,178,0.0034354999999999985
split_finegrained2_91QTWH.pt,7,180,0.010054960000000003
split_finegrained2_UMCKY3.pt,7,138,0.003430639999999999
split_finegrained2_SSHWEZ.pt,7,150,0.004373420000000001
split_finegrained2_JY406A.pt,7,128,0.012107239999999998
split_finegrained2_4MCYQS.pt,7,154,0.00349636
split_finegrained2_GCQOWS.pt,7,120,0.011659039999999999
split_finegrained2_PXZZB2.pt,7,156,0.01419668
split_finegrained2_9C29JO.pt,3,54,0.003480779999999999
split_finegrained2_3O5F3C.pt,3,34,0.014307439999999998
split_finegrained2_Q9UYHL.pt,3,54,0.0034022999999999996
split_finegrained2_QKQKNY.pt,3,38,0.0034763
split_finegrained2_7QQ57E.pt,3,28,0.004033
split_finegrained2_ROQ4O8.pt,3,30,0.0062430399999999974
split_finegrained2_MC1V4O.pt,3,58,0.005477479999999999
split_finegrained2_36D6T7.pt,3,42,0.006627380000000001
split_finegrained2_Z6ZFOS.pt,3,44,0.0157504
split_finegrained2_W06S5N.pt,3,56,0.004052739999999998
split_finegrained2_1J0X3U.pt,3,28,0.00655452
split_finegrained2_YNJLRI.pt,3,50,0.00345174
split_finegrained2_Y5DCJF.pt,3,36,0.0040827599999999995
split_finegrained2_WKIMQ6.pt,3,34,0.00728318
split_finegrained2_M03Y6U.pt,3,32,0.00951318
split_finegrained2_8M0JJI.pt,3,48,0.0034336600000000007
split_finegrained2_PG7HU8.pt,3,30,0.0035860400000000013
split_finegrained2_64GMI9.pt,3,26,0.01446664
split_finegrained2_PIW30Z.pt,3,48,0.004786799999999999
split_finegrained2_P6R8CX.pt,3,50,0.003514419999999998
split_finegrained2_27B9X3.pt,14,50,0.012701060000000004
split_finegrained2_9EQ5UE.pt,14,78,0.0034449999999999997
split_finegrained2_FGGEBO.pt,14,96,0.003374299999999999
split_finegrained2_RXOU52.pt,14,56,0.0034021999999999993
split_finegrained2_BCFJ9R.pt,14,54,0.0036275200000000004
split_finegrained2_YT2EXR.pt,14,62,0.0036504600000000003
split_finegrained2_4X8PH6.pt,14,50,0.0034276599999999995
split_finegrained2_JORCU7.pt,14,64,0.00342422
split_finegrained2_83QQDB.pt,14,88,0.00578778
split_finegrained2_JXIWE1.pt,14,58,0.003512379999999999
split_finegrained2_F2UOCL.pt,14,92,0.0034976199999999995
split_finegrained2_H198OZ.pt,14,98,0.0099156
split_finegrained2_1CWX9V.pt,14,46,0.005918059999999999
split_finegrained2_WUBNKY.pt,14,80,0.0034411199999999998
split_finegrained2_7D5JDQ.pt,14,106,0.003458339999999999
split_finegrained2_WAATE0.pt,14,94,0.0042774
split_finegrained2_I70KED.pt,14,56,0.00522066
split_finegrained2_8CF2FU.pt,14,72,0.0034131199999999995
split_finegrained2_00B2AO.pt,14,100,0.0042276200000000005
split_finegrained2_55264U.pt,14,60,0.007337580000000002
split_finegrained2_O76WZA.pt,14,64,0.008382240000000003
split_finegrained2_04RHFU.pt,14,96,0.003445100000000001
split_finegrained2_CY1CFY.pt,14,82,0.0034340399999999997
split_finegrained2_AKHZ7O.pt,14,90,0.0035460599999999993
split_finegrained2_MJ7SIM.pt,14,72,0.00343144
split_finegrained2_TS8NUL.pt,14,98,0.004494440000000001
split_finegrained2_IAD8WF.pt,14,92,0.005606879999999998
split_finegrained2_UV8YB8.pt,14,82,0.0034947599999999995
split_finegrained2_MNMULG.pt,14,80,0.00347244
split_finegrained2_HGOOPA.pt,14,84,0.00341484
split_finegrained2_0WSLEK.pt,14,58,0.00347046
split_finegrained2_UK2A5M.pt,14,70,0.0034599999999999995
split_finegrained2_7VRVBK.pt,14,54,0.0034998599999999996
split_finegrained2_PF68LF.pt,14,74,0.00968008
split_finegrained2_PDGK6Z.pt,14,50,0.00343262
split_finegrained2_WBKM0M.pt,14,92,0.0034551399999999993
split_finegrained2_YPLC01.pt,14,86,0.008784840000000002
split_finegrained2_9V1AHQ.pt,14,48,0.011945640000000002
split_finegrained2_NH450Z.pt,14,70,0.0035561599999999987
split_finegrained2_FBKYPJ.pt,14,86,0.0034647600000000008
split_finegrained2_THD1GQ.pt,7,156,0.0034582399999999996
split_finegrained2_LFFPIC.pt,7,192,0.0034774800000000007
split_finegrained2_FHNZ72.pt,7,114,0.0034118400000000006
split_finegrained2_2RLXOH.pt,7,130,0.0034388599999999997
split_finegrained2_6O4OAP.pt,7,140,0.0035350400000000006
split_finegrained2_Q9GIA6.pt,7,164,0.0035016
split_finegrained2_ZNE7EI.pt,7,146,0.013518360000000005
split_finegrained2_E3NOAB.pt,7,140,0.0040531199999999995
split_finegrained2_LI15AY.pt,7,108,0.005960659999999999
split_finegrained2_AT9ALO.pt,7,156,0.0034525199999999993
split_finegrained2_DDWRI5.pt,7,144,0.003422100000000001
split_finegrained2_VBWLOF.pt,7,190,0.00343128
split_finegrained2_46D7VO.pt,7,120,0.00344556
split_finegrained2_F83A0K.pt,7,102,0.0033991199999999994
split_finegrained2_JSN3QE.pt,7,178,0.005785319999999998
split_finegrained2_RRA0JT.pt,7,132,0.012184200000000001
split_finegrained2_1GCJOR.pt,7,92,0.00634638
split_finegrained2_HRPMAR.pt,7,162,0.003466400000000001
split_finegrained2_G25U5K.pt,7,120,0.004856479999999998
split_finegrained2_V1T0K4.pt,7,138,0.0034977600000000004
split_finegrained2_TKTFOT.pt,3,76,0.0035206000000000013
split_finegrained2_IGVNUP.pt,3,86,0.00615438
split_finegrained2_Y8WWWE.pt,3,92,0.0057965199999999995
split_finegrained2_13JIWZ.pt,3,98,0.007349139999999996
split_finegrained2_J5JXJL.pt,3,56,0.003375339999999999
split_finegrained2_AFNZIE.pt,3,76,0.0078557
split_finegrained2_AZKL7L.pt,3,72,0.0034105999999999997
split_finegrained2_QEZCOA.pt,3,78,0.023182060000000004
split_finegrained2_UO8BKS.pt,3,54,0.016274140000000003
split_finegrained2_O4TC5Q.pt,3,70,0.00402148
split_finegrained2_GU29F1.pt,3,90,0.0033984600000000003
split_finegrained2_MFSEE0.pt,3,44,0.004601179999999999
split_finegrained2_R8U0N2.pt,3,60,0.015921379999999995
split_finegrained2_XMM2DC.pt,3,54,0.006610580000000001
split_finegrained2_SF96HD.pt,3,46,0.0034819399999999993
split_finegrained2_V4EZRT.pt,3,52,0.0034868799999999995
split_finegrained2_JLK0EO.pt,3,82,0.011972219999999999
split_finegrained2_CFIN0D.pt,3,70,0.004654620000000001
split_finegrained2_Q051OB.pt,3,96,0.0034250200000000004
split_finegrained2_CBBHB3.pt,3,56,0.003476559999999999
split_finegrained2_Y6EE4W.pt,7,32,0.0034394000000000004
split_finegrained2_9AL9QD.pt,7,34,0.00358412
split_finegrained2_SLV0GV.pt,7,34,0.00454588
split_finegrained2_FA5RPY.pt,7,28,0.010286499999999999
split_finegrained2_ED1NTM.pt,7,24,0.007657179999999999
split_finegrained2_LC1SZM.pt,7,36,0.0043781
split_finegrained2_0QP65G.pt,7,46,0.012062100000000004
split_finegrained2_WILOMF.pt,7,28,0.008862720000000001
split_finegrained2_YJ87U6.pt,7,36,0.0034400200000000002
split_finegrained2_G3B5FD.pt,7,42,0.0034202799999999995
split_finegrained2_2CL6NC.pt,7,46,0.015636400000000005
split_finegrained2_WOEWRF.pt,7,26,0.007061659999999995
split_finegrained2_R5XYYJ.pt,7,44,0.010622319999999996
split_finegrained2_V0WOW1.pt,7,32,0.0039812599999999995
split_finegrained2_K996HD.pt,7,44,0.0034156800000000004
split_finegrained2_N4U8R0.pt,7,24,0.006466699999999999
split_finegrained2_GY1UH4.pt,7,30,0.008005819999999997
split_finegrained2_AJZXLE.pt,7,40,0.003580179999999998
split_finegrained2_EO63BH.pt,7,48,0.003514019999999999
split_finegrained2_2L2ONY.pt,7,30,0.00548778
split_finegrained2_3DHVXF.pt,14,18,0.003479299999999999
split_finegrained2_2NXA2A.pt,14,24,0.0034130799999999993
split_finegrained2_URNBYT.pt,14,26,0.00447816
split_finegrained2_DEOIWX.pt,14,14,0.005392000000000001
split_finegrained2_1477EN.pt,14,22,0.005793119999999998
split_finegrained2_5X5YG9.pt,14,24,0.008797760000000002
split_finegrained2_081Z8A.pt,14,14,0.003508579999999999
split_finegrained2_TG3YPD.pt,14,16,0.00938218
split_finegrained2_TJJZAE.pt,14,22,0.011592719999999996
split_finegrained2_LAT1HS.pt,14,12,0.0076915199999999994
split_finegrained2_V3PUJF.pt,14,18,0.00357322
split_finegrained2_L7YF6I.pt,14,16,0.0034076799999999997
split_finegrained2_KWD03V.pt,14,20,0.0034213399999999993
split_finegrained2_2R922I.pt,14,20,0.0034659400000000003
split_finegrained2_C4OVQ0.pt,14,12,0.013588019999999996
split_finegrained2_KPYYNN.pt,14,56,0.0034270399999999997
split_finegrained2_VK03CZ.pt,14,76,0.005148819999999998
split_finegrained2_NRJ7A4.pt,14,108,0.003912140000000001
split_finegrained2_6FI7K5.pt,14,102,0.0044393800000000014
split_finegrained2_45HRCN.pt,14,82,0.0034318000000000005
split_finegrained2_16Q22I.pt,14,106,0.0034203400000000004
split_finegrained2_AV3H13.pt,14,90,0.003471420000000001
split_finegrained2_FDT0EU.pt,14,48,0.0034261600000000014
split_finegrained2_MEYKN1.pt,14,54,0.0034154999999999997
split_finegrained2_KKAF8M.pt,14,104,0.003425639999999998
split_finegrained2_M3DN3U.pt,14,106,0.0034411399999999988
split_finegrained2_9JCGN1.pt,14,52,0.01086456
split_finegrained2_ZQ8MZ2.pt,14,70,0.0034975200000000005
split_finegrained2_UKUMC9.pt,14,96,0.0034208000000000003
split_finegrained2_9NYL9B.pt,14,74,0.0034410400000000007
split_finegrained2_MELMZI.pt,14,74,0.0034592399999999997
split_finegrained2_LYFC1K.pt,14,82,0.007187600000000001
split_finegrained2_5UF3RP.pt,14,64,0.0038234600000000003
split_finegrained2_GB3QG6.pt,14,70,0.0035163399999999993
split_finegrained2_KMV3L2.pt,14,92,0.00485546
split_finegrained2_CEJNLF.pt,14,92,0.00637406
split_finegrained2_DH6ZAC.pt,14,70,0.007866100000000001
split_finegrained2_PIHH18.pt,14,50,0.003426220000000001
split_finegrained2_OU4CSW.pt,14,68,0.0034187000000000006
split_finegrained2_7MQKXH.pt,14,42,0.0034622200000000002
split_finegrained2_66UFET.pt,14,50,0.00347048
split_finegrained2_9F6HJA.pt,14,46,0.00544736
split_finegrained2_9VE5CB.pt,14,82,0.0034752
split_finegrained2_30ZHJ7.pt,14,96,0.0034685999999999988
split_finegrained2_L24IPL.pt,14,52,0.00348022
split_finegrained2_5ZU9O3.pt,14,58,0.006570379999999999
split_finegrained2_X6NGRB.pt,14,94,0.0034465799999999994
split_finegrained2_TGPQ6G.pt,14,78,0.00348026
split_finegrained2_77NPKU.pt,14,74,0.00378604
split_finegrained2_ELJQAH.pt,14,58,0.0034653799999999997
split_finegrained2_0ITP6O.pt,14,70,0.00808138
split_finegrained2_ZG4FV3.pt,14,76,0.003457740000000001
split_finegrained2_OWE38I.pt,14,88,0.011670199999999995
split_finegrained2_GM7SPD.pt,14,66,0.00344772
split_finegrained2_XFFABW.pt,14,62,0.00345318
split_finegrained2_EI5IIB.pt,7,108,0.003523500000000001
split_finegrained2_96WGBL.pt,7,194,0.00344072
split_finegrained2_HOOO38.pt,7,162,0.0034233799999999993
split_finegrained2_F1XKVW.pt,7,166,0.0034707599999999994
split_finegrained2_PUN6JK.pt,7,102,0.006164419999999999
split_finegrained2_JBUVKE.pt,7,112,0.0035646400000000004
split_finegrained2_512RQ5.pt,7,192,0.0034329399999999998
split_finegrained2_RMMG5B.pt,7,200,0.0066057000000000025
split_finegrained2_INWK4A.pt,7,88,0.015325840000000002
split_finegrained2_N8418F.pt,7,92,0.006201799999999997
split_finegrained2_K26N59.pt,7,96,0.00340956
split_finegrained2_6E7Z6U.pt,7,182,0.003424179999999999
split_finegrained2_IOP1TZ.pt,7,118,0.0034735799999999995
split_finegrained2_FJW3DD.pt,7,170,0.004454440000000001
split_finegrained2_DKTHIM.pt,7,198,0.00915682
split_finegrained2_22JVCY.pt,7,94,0.006474799999999999
split_finegrained2_NN9GDI.pt,7,158,0.0034213799999999995
split_finegrained2_E11IHS.pt,7,148,0.007290480000000004
split_finegrained2_Q5VPQC.pt,7,186,0.0034810400000000008
split_finegrained2_TAR0FP.pt,7,150,0.00708272
split_finegrained2_Z7MYSD.pt,14,62,0.006663320000000001
split_finegrained2_6ZJXP3.pt,14,54,0.0036702999999999996
split_finegrained2_C9MDWZ.pt,14,54,0.0034176799999999998
split_finegrained2_RS1DOS.pt,14,64,0.008852720000000001
split_finegrained2_80IGXE.pt,14,72,0.010494180000000002
split_finegrained2_3HYBU4.pt,14,84,0.0034419199999999994
split_finegrained2_SG3S4L.pt,14,46,0.00340188
split_finegrained2_2DVQQP.pt,14,44,0.0034516799999999986
split_finegrained2_SGK07X.pt,14,58,0.0038045799999999984
split_finegrained2_0D6X7J.pt,14,36,0.01044114
split_finegrained2_721Q2J.pt,14,52,0.010595139999999998
split_finegrained2_V4Q3OK.pt,14,50,0.00440214
split_finegrained2_MMXN0M.pt,14,56,0.0034145000000000004
split_finegrained2_J57F2O.pt,14,46,0.012232759999999999
split_finegrained2_5S92Q2.pt,14,70,0.00346046
split_finegrained2_KQWC4Z.pt,14,70,0.0034573
split_finegrained2_AMCSW1.pt,14,80,0.00344466
split_finegrained2_HQDJL8.pt,14,48,0.010762800000000001
split_finegrained2_WYG2HH.pt,14,66,0.00539704
split_finegrained2_BGT0E0.pt,14,42,0.007831200000000002
split_finegrained2_ZT2QGL.pt,7,588,0.0034587000000000003
split_finegrained2_8EAWE9.pt,7,366,0.0034811599999999988
split_finegrained2_OYMVAS.pt,7,586,0.0034738400000000015
split_finegrained2_NZ3X6D.pt,7,394,0.009468580000000004
split_finegrained2_NYL8IR.pt,7,366,0.0034539799999999997
split_finegrained2_VQ4NAZ.pt,7,416,0.0034284000000000007
split_finegrained2_L8DKC9.pt,7,422,0.00347308
split_finegrained2_Q3WIBM.pt,7,264,0.0034954800000000005
split_finegrained2_F5RYK9.pt,7,520,0.0034284400000000005
split_finegrained2_QZXW6K.pt,7,512,0.018108980000000004
split_finegrained2_SP12BK.pt,7,412,0.004923419999999999
split_finegrained2_Z194U8.pt,7,568,0.0034571999999999997
split_finegrained2_EKBL5T.pt,7,282,0.01054672
split_finegrained2_ZJZDVO.pt,7,438,0.008970119999999998
split_finegrained2_NRF0N3.pt,7,598,0.003389040000000001
split_finegrained2_3NPT7B.pt,7,382,0.0034936400000000005
split_finegrained2_BSNOFO.pt,7,474,0.003413359999999999
split_finegrained2_MLW39R.pt,7,486,0.00345656
split_finegrained2_YNIX9V.pt,7,508,0.0034773200000000008
split_finegrained2_J7OYZI.pt,7,346,0.011798040000000001
split_finegrained2_K325XZ.pt,7,44,0.0035042199999999984
split_finegrained2_TUVE3L.pt,7,68,0.015280939999999995
split_finegrained2_V5P475.pt,7,44,0.01003256
split_finegrained2_3QOFCQ.pt,7,34,0.00811378
split_finegrained2_6H684L.pt,7,72,0.006410960000000001
split_finegrained2_66NAYP.pt,7,74,0.0038376799999999996
split_finegrained2_GVDIG3.pt,7,68,0.004397180000000001
split_finegrained2_877F38.pt,7,40,0.003425580000000001
split_finegrained2_IH3Y4E.pt,7,56,0.01126716
split_finegrained2_CUSSEE.pt,7,56,0.008347720000000001
split_finegrained2_XWN7UN.pt,7,70,0.00879334
split_finegrained2_X0XO03.pt,7,52,0.00471798
split_finegrained2_FPPC9R.pt,7,60,0.010011180000000001
split_finegrained2_I0855U.pt,7,42,0.0039028399999999986
split_finegrained2_MKYMUB.pt,7,50,0.0034391799999999996
split_finegrained2_UR64HM.pt,7,66,0.0034387399999999996
split_finegrained2_SQYF2F.pt,7,46,0.0034187800000000006
split_finegrained2_ECPLHF.pt,7,78,0.0034100400000000005
split_finegrained2_NYLKRB.pt,7,42,0.008942779999999997
split_finegrained2_SOCG8W.pt,7,60,0.0042266000000000005
split_finegrained2_GHLGZ5.pt,28,4,0.0034795799999999995
split_finegrained2_M9R018.pt,28,4,0.005240739999999999
split_finegrained2_DVOFBG.pt,28,6,0.0034444199999999993
split_finegrained2_RQUUUM.pt,28,6,0.005626880000000002
split_finegrained2_TAEOSK.pt,14,98,0.006427040000000002
split_finegrained2_MMWFB9.pt,14,56,0.0044626
split_finegrained2_O4U8RB.pt,14,86,0.0034457200000000006
split_finegrained2_42Q0BS.pt,14,56,0.0051296
split_finegrained2_24KRVN.pt,14,82,0.003586520000000001
split_finegrained2_93A7R0.pt,14,46,0.0034202800000000004
split_finegrained2_O33KWQ.pt,14,78,0.006139880000000002
split_finegrained2_RKJREZ.pt,14,64,0.00344972
split_finegrained2_WCEH8Z.pt,14,66,0.011204720000000003
split_finegrained2_KFGSXT.pt,14,52,0.006257260000000002
split_finegrained2_WFSWEN.pt,14,90,0.0035235
split_finegrained2_SP2LPY.pt,14,50,0.006046200000000002
split_finegrained2_GUBUGS.pt,14,50,0.0034942999999999992
split_finegrained2_H942M7.pt,14,88,0.0034273999999999997
split_finegrained2_VDT8VU.pt,14,92,0.0034661400000000004
split_finegrained2_LRHVJ2.pt,14,64,0.011071120000000005
split_finegrained2_F3DAYY.pt,14,54,0.00347004
split_finegrained2_UU8NSP.pt,14,76,0.0034596600000000007
split_finegrained2_BQD3AH.pt,14,86,0.0034523399999999995
split_finegrained2_SPLN7K.pt,14,52,0.014184780000000003
split_finegrained2_JVBC8S.pt,7,56,0.009459780000000001
split_finegrained2_T5MCHV.pt,7,48,0.0035771
split_finegrained2_GCQIHJ.pt,7,56,0.00348074
split_finegrained2_0BR45B.pt,7,34,0.0034381200000000007
split_finegrained2_P6PFZ5.pt,7,36,0.00339142
split_finegrained2_V5PRUR.pt,7,42,0.00345278
split_finegrained2_Z73ZTO.pt,7,52,0.00705178
split_finegrained2_TLY9AU.pt,7,24,0.00647898
split_finegrained2_IBA3SY.pt,7,34,0.004925919999999999
split_finegrained2_4WA9H2.pt,7,54,0.010823419999999995
split_finegrained2_PTTMRM.pt,7,44,0.00791174
split_finegrained2_O5QN2H.pt,7,30,0.00414412
split_finegrained2_GHBEZS.pt,7,44,0.005212900000000001
split_finegrained2_3XYOIH.pt,7,32,0.00343274
split_finegrained2_SI3F8Z.pt,7,28,0.004771939999999999
split_finegrained2_9P5NE2.pt,7,46,0.00472538
split_finegrained2_4J15DF.pt,7,42,0.008135220000000002
split_finegrained2_PC28IL.pt,7,52,0.007140979999999998
split_finegrained2_ZMFO58.pt,7,38,0.00458204
split_finegrained2_OSF1I5.pt,7,54,0.0034652
split_finegrained2_5XP79X.pt,7,106,0.00338306
split_finegrained2_DD37IZ.pt,7,78,0.0034216999999999993
split_finegrained2_1DA8F3.pt,7,50,0.005846860000000002
split_finegrained2_8KTFVE.pt,7,74,0.0034685000000000007
split_finegrained2_U1914V.pt,7,54,0.0035153199999999997
split_finegrained2_E2HMX0.pt,7,64,0.006762319999999999
split_finegrained2_U7VDIY.pt,7,76,0.006732539999999999
split_finegrained2_9Y3B2G.pt,7,56,0.011938019999999999
split_finegrained2_IIXSL3.pt,7,90,0.0036919599999999998
split_finegrained2_A4ZZHJ.pt,7,94,0.005065420000000002
split_finegrained2_W5C1WG.pt,7,68,0.00356242
split_finegrained2_HIJITE.pt,7,60,0.004686440000000001
split_finegrained2_HIYK0U.pt,7,66,0.006547700000000002
split_finegrained2_I51JSX.pt,7,52,0.00341458
split_finegrained2_2GVQCK.pt,7,50,0.005101640000000001
split_finegrained2_I51GBC.pt,7,96,0.0068423600000000005
split_finegrained2_1Y27BS.pt,7,110,0.0034036999999999995
split_finegrained2_VA6PPG.pt,7,106,0.0058049799999999995
split_finegrained2_5PDTBC.pt,7,110,0.0036467000000000005
split_finegrained2_BBQKU9.pt,7,64,0.00355458
split_finegrained2_590BBU.pt,7,70,0.01668458
split_finegrained2_RLT6PA.pt,7,80,0.00576684
split_finegrained2_2MHWA5.pt,7,52,0.009346140000000006
split_finegrained2_7NJ0M6.pt,7,54,0.00987528
split_finegrained2_436JZO.pt,7,48,0.006706059999999997
split_finegrained2_S2AIRO.pt,7,80,0.013242619999999998
split_finegrained2_W509C3.pt,7,58,0.01759816
split_finegrained2_UUAUAP.pt,7,82,0.015128160000000002
split_finegrained2_CQ5GUG.pt,7,68,0.013848120000000004
split_finegrained2_YYCOY7.pt,7,42,0.007813539999999999
split_finegrained2_G18FOX.pt,7,64,0.0037904599999999994
split_finegrained2_DL6ITX.pt,7,36,0.0035080600000000008
split_finegrained2_0CQHFG.pt,7,44,0.008219739999999994
split_finegrained2_6KWJ4Z.pt,7,46,0.00461766
split_finegrained2_PD2AGW.pt,7,40,0.009578400000000003
split_finegrained2_L9WNMG.pt,7,50,0.003471020000000001
split_finegrained2_OGOAGV.pt,7,58,0.00352702
split_finegrained2_YQJ2YB.pt,7,78,0.0034568199999999998
split_finegrained2_EUKAM4.pt,7,36,0.008626200000000002
split_finegrained2_TGBFAL.pt,7,38,0.0034909799999999994
split_finegrained2_Z321R2.pt,1,728,0.0034749399999999993
split_finegrained2_GANYNM.pt,1,772,0.0046263599999999995
split_finegrained2_P625NT.pt,1,710,0.0103526
split_finegrained2_IQ589M.pt,1,1384,0.016656819999999996
split_finegrained2_NSQMCI.pt,1,1326,0.009552399999999999
split_finegrained2_7UCEYT.pt,1,710,0.006567460000000002
split_finegrained2_6NGWA9.pt,1,748,0.00396426
split_finegrained2_EMNIWQ.pt,1,842,0.00353146
split_finegrained2_BNB52S.pt,1,1392,0.0035692999999999996
split_finegrained2_RYYTCX.pt,1,1250,0.004713599999999999
split_finegrained2_EC9URD.pt,1,1394,0.00384654
split_finegrained2_ICG0XQ.pt,1,1262,0.006458740000000003
split_finegrained2_J8G3KR.pt,1,886,0.0034249600000000003
split_finegrained2_3OM14E.pt,1,928,0.011000879999999992
split_finegrained2_LRHVUB.pt,1,1150,0.0034079600000000002
split_finegrained2_3Q4O57.pt,1,1092,0.0033955199999999987
split_finegrained2_XJCNJU.pt,1,1492,0.009363660000000003
split_finegrained2_RZK9QF.pt,1,1284,0.006787819999999999
split_finegrained2_F4B4H6.pt,1,696,0.006454779999999997
split_finegrained2_ECPQAP.pt,1,956,0.0100327
split_finegrained2_F1LAZJ.pt,7,146,0.011293940000000004
split_finegrained2_QC46Q4.pt,7,158,0.008161880000000002
split_finegrained2_UNF6R7.pt,7,186,0.00338188
split_finegrained2_22F161.pt,7,118,0.0070962199999999994
split_finegrained2_XYZP45.pt,7,180,0.003534440000000001
split_finegrained2_VFY2WC.pt,7,232,0.003465719999999999
split_finegrained2_OLQSZ4.pt,7,184,0.0034458400000000004
split_finegrained2_F2JOHL.pt,7,236,0.00501112
split_finegrained2_MX8LBG.pt,7,112,0.004021480000000001
split_finegrained2_JP6HH0.pt,7,150,0.003832180000000001
split_finegrained2_BRSJ70.pt,7,178,0.003453800000000001
split_finegrained2_6X0MGX.pt,7,234,0.00340846
split_finegrained2_9MVESY.pt,7,214,0.0034014199999999996
split_finegrained2_QZNYCU.pt,7,190,0.00356876
split_finegrained2_3DEK2R.pt,7,204,0.0035723400000000007
split_finegrained2_ACT55W.pt,7,104,0.0033923599999999996
split_finegrained2_6PUOFK.pt,7,124,0.0034253399999999994
split_finegrained2_QYO0FJ.pt,7,196,0.003409780000000001
split_finegrained2_WQJCS8.pt,7,224,0.0052080200000000024
split_finegrained2_Y6G9JV.pt,7,188,0.005619639999999997
split_finegrained2_EBCWBZ.pt,28,12,0.006472399999999997
split_finegrained2_I28L1Z.pt,28,12,0.003503419999999999
split_finegrained2_1OICJD.pt,28,8,0.0034414
split_finegrained2_F94BU0.pt,28,10,0.003436180000000001
split_finegrained2_5WO8RY.pt,28,14,0.01168338
split_finegrained2_MY49I7.pt,28,8,0.0068872199999999995
split_finegrained2_FVAW1R.pt,28,6,0.011467440000000002
split_finegrained2_XM885B.pt,28,10,0.005282100000000001
split_finegrained2_CLDTA6.pt,14,30,0.007368139999999999
split_finegrained2_T4JC6D.pt,14,42,0.0058254
split_finegrained2_ONKAQ7.pt,14,22,0.0096731
split_finegrained2_QPJWUT.pt,14,48,0.013679520000000002
split_finegrained2_MRKABQ.pt,14,34,0.008058160000000002
split_finegrained2_5NQELS.pt,14,36,0.0034547400000000004
split_finegrained2_QYL3YR.pt,14,46,0.0034531399999999995
split_finegrained2_42GBU5.pt,14,28,0.0035029200000000005
split_finegrained2_JKVGG3.pt,14,26,0.004446839999999999
split_finegrained2_ISQF32.pt,14,24,0.019055660000000002
split_finegrained2_XHDOJ5.pt,14,38,0.00982302
split_finegrained2_8FUTX6.pt,14,46,0.00995106
split_finegrained2_4EX6JN.pt,14,44,0.005079340000000001
split_finegrained2_A0MQNC.pt,14,32,0.0047122000000000015
split_finegrained2_TFB14V.pt,14,42,0.00347252
split_finegrained2_A65PA6.pt,14,44,0.0034346200000000006
split_finegrained2_KPDEVO.pt,14,38,0.0038928199999999995
split_finegrained2_M0GZM9.pt,14,26,0.0034435599999999987
split_finegrained2_2PHB9K.pt,14,40,0.006341479999999999
split_finegrained2_MW834H.pt,14,34,0.013348500000000003
split_finegrained2_RY5LCF.pt,14,56,0.00347272
split_finegrained2_WHAWEM.pt,14,30,0.004883780000000001
split_finegrained2_FCQAP3.pt,14,42,0.0034853599999999994
split_finegrained2_5KULOH.pt,14,62,0.0034849200000000007
split_finegrained2_378YZG.pt,14,60,0.003452
split_finegrained2_EKRW72.pt,14,62,0.005426300000000002
split_finegrained2_J8GQJV.pt,14,60,0.00390764
split_finegrained2_HLXQ1O.pt,14,42,0.012169179999999991
split_finegrained2_ORO471.pt,14,40,0.0034353199999999995
split_finegrained2_KZV2L5.pt,14,32,0.0034539799999999997
split_finegrained2_4NUXOZ.pt,14,44,0.00344588
split_finegrained2_561JZB.pt,14,54,0.007099179999999999
split_finegrained2_BMA3H2.pt,14,48,0.00362988
split_finegrained2_0NGZW0.pt,14,34,0.003378759999999999
split_finegrained2_EZFD1K.pt,14,66,0.003423
split_finegrained2_ORE07T.pt,14,46,0.0035542399999999997
split_finegrained2_5EV8M1.pt,14,52,0.003513300000000001
split_finegrained2_Y8DH43.pt,14,32,0.014390099999999994
split_finegrained2_6A8RQM.pt,14,56,0.006195739999999998
split_finegrained2_41AVV4.pt,14,58,0.00345758
split_finegrained2_EOUDYJ.pt,14,26,0.003457759999999999
split_finegrained2_X1KI6P.pt,14,48,0.006383060000000005
split_finegrained2_70T7C5.pt,14,54,0.009313179999999997
split_finegrained2_P04EJC.pt,14,50,0.0035987799999999993
split_finegrained2_AGCLVS.pt,14,32,0.003465860000000001
split_finegrained2_XDOZ9N.pt,14,50,0.0035005599999999985
split_finegrained2_PSXDLN.pt,14,44,0.010497580000000005
split_finegrained2_IRF1G2.pt,14,58,0.003446920000000001
split_finegrained2_J9RGDS.pt,14,30,0.00345732
split_finegrained2_JYG33B.pt,14,40,0.0034146600000000004
split_finegrained2_X3B7ZP.pt,14,56,0.013477419999999993
split_finegrained2_AA3DZQ.pt,14,46,0.00668076
split_finegrained2_XX21FG.pt,14,46,0.014553080000000001
split_finegrained2_LVA25Q.pt,14,58,0.0034446799999999994
split_finegrained2_GOTAMS.pt,14,48,0.008044500000000001
split_finegrained2_A3YPQE.pt,14,44,0.003380119999999998
split_finegrained2_MX0WVD.pt,14,52,0.0035043400000000003
split_finegrained2_JVC7MY.pt,14,38,0.0034298
split_finegrained2_YA8OJN.pt,14,26,0.0049404400000000025
split_finegrained2_SWEZJ9.pt,14,42,0.0034373399999999984
split_finegrained2_MW5SOM.pt,28,14,0.006769439999999999
split_finegrained2_1E85H3.pt,28,12,0.00350076
split_finegrained2_OETH3N.pt,28,8,0.0034890000000000003
split_finegrained2_ZGQZFF.pt,28,12,0.0034857000000000004
split_finegrained2_Y7BQB7.pt,28,8,0.0034944
split_finegrained2_6UH2T0.pt,28,6,0.01048524
split_finegrained2_9YNXXI.pt,28,10,0.0034558599999999994
split_finegrained2_50G7CW.pt,28,10,0.0038744000000000005
split_finegrained2_RXP9IR.pt,3,262,0.00343898
split_finegrained2_6G7KOP.pt,3,424,0.003688120000000001
split_finegrained2_LHBVQ5.pt,3,452,0.010102899999999996
split_finegrained2_OOSL1Q.pt,3,204,0.007373459999999998
split_finegrained2_9Q54A6.pt,3,226,0.0072591400000000025
split_finegrained2_F0AUUZ.pt,3,230,0.00354934
split_finegrained2_UHZNCB.pt,3,202,0.005796699999999999
split_finegrained2_PNID3E.pt,3,438,0.009061279999999998
split_finegrained2_ZOWIU5.pt,3,400,0.003417160000000001
split_finegrained2_2U8CSO.pt,3,242,0.0066206200000000015
split_finegrained2_9KYVZA.pt,3,340,0.0034436
split_finegrained2_IHH2TU.pt,3,206,0.003410940000000001
split_finegrained2_S257J9.pt,3,462,0.00346718
split_finegrained2_120UKH.pt,3,272,0.0038480799999999985
split_finegrained2_JO1IIX.pt,3,284,0.00341292
split_finegrained2_9QN0X3.pt,3,428,0.00338954
split_finegrained2_KWL5G1.pt,3,440,0.003409000000000001
split_finegrained2_DS8VLH.pt,3,388,0.00349812
split_finegrained2_NV362P.pt,3,224,0.0034754200000000003
split_finegrained2_674J2P.pt,3,366,0.008667460000000002
split_finegrained2_GEMZ3T.pt,7,210,0.003836920000000001
split_finegrained2_4DRWNC.pt,7,126,0.011002799999999997
split_finegrained2_07TLNV.pt,7,220,0.00343558
split_finegrained2_P1SVEB.pt,7,96,0.011764119999999998
split_finegrained2_0E24TE.pt,7,222,0.00350126
split_finegrained2_2YW43V.pt,7,142,0.0036081200000000007
split_finegrained2_VF1JSU.pt,7,94,0.0052763
split_finegrained2_7GE0FK.pt,7,204,0.012253399999999996
split_finegrained2_OSBBZ5.pt,7,140,0.005279100000000001
split_finegrained2_G5EGGL.pt,7,174,0.0034294600000000005
split_finegrained2_20JLCR.pt,7,120,0.003439560000000001
split_finegrained2_R4YQPJ.pt,7,136,0.0035600600000000016
split_finegrained2_PJ1SAK.pt,7,158,0.0038901
split_finegrained2_3IQEGC.pt,7,214,0.0035225000000000005
split_finegrained2_LBPJIO.pt,7,108,0.00338032
split_finegrained2_1PH396.pt,7,136,0.0034516000000000004
split_finegrained2_FJ5H3B.pt,7,180,0.005589500000000002
split_finegrained2_FJEAV8.pt,7,172,0.004600860000000001
split_finegrained2_THR6JN.pt,7,102,0.004070980000000001
split_finegrained2_B4V0CN.pt,7,168,0.0036759799999999993
split_finegrained2_FP2RJ2.pt,1,122,0.015217180000000002
split_finegrained2_VK6544.pt,1,146,0.009985479999999998
split_finegrained2_UQI6FU.pt,1,124,0.011122200000000004
split_finegrained2_TRYQC9.pt,1,140,0.008301839999999998
split_finegrained2_SC9KQV.pt,1,66,0.00344442
split_finegrained2_WFBI9H.pt,1,94,0.006334200000000001
split_finegrained2_PJJMX0.pt,1,106,0.0034358799999999997
split_finegrained2_G6II3M.pt,1,78,0.0034647800000000006
split_finegrained2_801LL9.pt,1,90,0.0037493799999999988
split_finegrained2_E49BL3.pt,1,140,0.017843220000000003
split_finegrained2_Q30LSK.pt,1,86,0.0121444
split_finegrained2_LIVMJ7.pt,1,114,0.008148460000000001
split_finegrained2_ZFKOE1.pt,1,88,0.00346494
split_finegrained2_J4NNL5.pt,1,114,0.003411660000000002
split_finegrained2_GS2BO2.pt,1,110,0.0034373400000000014
split_finegrained2_T8NTZE.pt,1,96,0.0077104800000000005
split_finegrained2_OWUCOA.pt,1,72,0.011820339999999999
split_finegrained2_P96HOV.pt,1,64,0.012351379999999999
split_finegrained2_X72EOM.pt,1,136,0.009024960000000002
split_finegrained2_77DBGO.pt,1,92,0.012125479999999989
split_finegrained2_319C42.pt,7,200,0.007165519999999997
split_finegrained2_I8KPEJ.pt,7,218,0.00340326
split_finegrained2_LTI2AD.pt,7,220,0.0034121599999999996
split_finegrained2_J4F1WC.pt,7,168,0.0034242400000000003
split_finegrained2_ZI7F82.pt,7,330,0.0077799600000000016
split_finegrained2_8209RM.pt,7,374,0.011538679999999994
split_finegrained2_WZ4QUP.pt,7,216,0.0034211199999999997
split_finegrained2_LMORW5.pt,7,222,0.00350264
split_finegrained2_OEK84B.pt,7,172,0.0034674799999999993
split_finegrained2_9CCI0U.pt,7,378,0.003536700000000001
split_finegrained2_9NT7W1.pt,7,226,0.0034726
split_finegrained2_RLA4TO.pt,7,256,0.0034258799999999996
split_finegrained2_X3B60T.pt,7,270,0.006203140000000003
split_finegrained2_GRH4R3.pt,7,358,0.0038408
split_finegrained2_RO46S1.pt,7,288,0.01166742
split_finegrained2_2L5X05.pt,7,266,0.003447360000000001
split_finegrained2_E0X0R8.pt,7,182,0.010544100000000006
split_finegrained2_HZFS3I.pt,7,334,0.0034467400000000002
split_finegrained2_EXRHL7.pt,7,206,0.0034377000000000006
split_finegrained2_3EFORS.pt,7,334,0.007383519999999999
split_finegrained2_632QV0.pt,14,34,0.0038073199999999995
split_finegrained2_HAV0J9.pt,14,70,0.0053569800000000025
split_finegrained2_KJ1W8O.pt,14,38,0.00343452
split_finegrained2_8JUYL1.pt,14,72,0.009426999999999998
split_finegrained2_W6YL8W.pt,14,80,0.00340848
split_finegrained2_3CD3W3.pt,14,64,0.0034255199999999987
split_finegrained2_TURKJ3.pt,14,76,0.00344156
split_finegrained2_8E76HF.pt,14,54,0.003461559999999999
split_finegrained2_B5E7UN.pt,14,38,0.003493759999999999
split_finegrained2_TFPMOV.pt,14,60,0.00574766
split_finegrained2_GB6O7I.pt,14,50,0.003428200000000001
split_finegrained2_KWA1J9.pt,14,42,0.0034324200000000003
split_finegrained2_XBRZ3X.pt,14,36,0.00465704
split_finegrained2_TKF0S6.pt,14,72,0.0035170600000000002
split_finegrained2_82SN55.pt,14,56,0.00804114
split_finegrained2_9AOSGA.pt,14,58,0.010123960000000001
split_finegrained2_LYS5B6.pt,14,78,0.0034207600000000006
split_finegrained2_SGBE02.pt,14,44,0.0034658600000000007
split_finegrained2_EC3E6H.pt,14,70,0.0035075999999999983
split_finegrained2_GWFFJB.pt,14,44,0.003460640000000001
split_finegrained2_POUCBE.pt,14,6,0.00449748
split_finegrained2_ML46SW.pt,14,8,0.013551539999999996
split_finegrained2_BJBXKC.pt,14,10,0.008116240000000002
split_finegrained2_NGVVUP.pt,14,14,0.003395859999999999
split_finegrained2_GCV4SI.pt,14,10,0.003423100000000001
split_finegrained2_EH3LPO.pt,14,12,0.00351874
split_finegrained2_DKVYT7.pt,14,12,0.014857859999999999
split_finegrained2_5HQ6TW.pt,14,8,0.011702840000000003
split_finegrained2_FKVSZ2.pt,14,58,0.005154959999999999
split_finegrained2_AAM8LH.pt,14,40,0.00341872
split_finegrained2_3MTFOY.pt,14,48,0.0034443
split_finegrained2_2INPX0.pt,14,64,0.004147519999999999
split_finegrained2_893LES.pt,14,56,0.0034600200000000003
split_finegrained2_2P5GK0.pt,14,32,0.0034734200000000005
split_finegrained2_IFT5O1.pt,14,48,0.004708180000000001
split_finegrained2_WCQJ3T.pt,14,42,0.0034445999999999986
split_finegrained2_Q1DHVF.pt,14,62,0.0034152600000000007
split_finegrained2_I0J21L.pt,14,54,0.003434940000000001
split_finegrained2_DZPMJD.pt,14,64,0.003507059999999999
split_finegrained2_6PJ54N.pt,14,44,0.004189239999999999
split_finegrained2_JQSFRX.pt,14,36,0.0034352600000000007
split_finegrained2_HX261W.pt,14,58,0.003454520000000001
split_finegrained2_YS6HY8.pt,14,50,0.003442719999999999
split_finegrained2_3VA8SF.pt,14,44,0.00346078
split_finegrained2_2R4734.pt,14,36,0.014374259999999996
split_finegrained2_G4ZEAJ.pt,14,52,0.0034783799999999997
split_finegrained2_QDPAVQ.pt,14,52,0.0034270199999999994
split_finegrained2_COMREA.pt,14,38,0.0034238199999999993
split_finegrained2_5FGITO.pt,14,14,0.0043641999999999995
split_finegrained2_WCT69X.pt,14,26,0.0033906799999999996
split_finegrained2_DO0GGV.pt,14,18,0.00340642
split_finegrained2_F3VDRF.pt,14,24,0.0034808599999999997
split_finegrained2_E078KR.pt,14,12,0.0034648999999999995
split_finegrained2_A6O63W.pt,14,18,0.00353456
split_finegrained2_Q7XL73.pt,14,22,0.0034715399999999987
split_finegrained2_ROVRLY.pt,14,26,0.005400199999999999
split_finegrained2_5FK2NW.pt,14,20,0.0034211800000000002
split_finegrained2_RO5IVZ.pt,14,16,0.016039059999999997
split_finegrained2_DZYSXS.pt,14,28,0.003453419999999999
split_finegrained2_8DOXU4.pt,14,22,0.010973440000000001
split_finegrained2_D211EU.pt,14,24,0.0034301800000000006
split_finegrained2_K8JTJF.pt,14,14,0.0034328399999999986
split_finegrained2_4HXAAD.pt,14,16,0.015165840000000002
split_finegrained2_YLPT0U.pt,14,20,0.008493439999999998
split_finegrained2_S1WZ8A.pt,14,12,0.0034390600000000016
split_finegrained2_SZ4YVT.pt,14,24,0.0037978400000000002
split_finegrained2_Z86WZD.pt,14,14,0.013093740000000003
split_finegrained2_803UVC.pt,14,24,0.013169939999999998
split_finegrained2_W9V47N.pt,14,26,0.004308159999999999
split_finegrained2_KEY9RI.pt,14,12,0.005143600000000001
split_finegrained2_0X3XQN.pt,14,16,0.00346868
split_finegrained2_BNJVQM.pt,14,16,0.007001199999999998
split_finegrained2_LCV0VZ.pt,14,20,0.010882620000000004
split_finegrained2_PXIQH6.pt,14,20,0.00345518
split_finegrained2_DIVICU.pt,14,14,0.00510672
split_finegrained2_TO1PBG.pt,14,22,0.006126659999999998
split_finegrained2_UIQ44F.pt,14,18,0.0034639599999999994
split_finegrained2_CYU7G3.pt,14,18,0.004476559999999999
split_finegrained2_AN12A6.pt,14,22,0.011884039999999998
split_finegrained2_QEGXEJ.pt,1,686,0.0034468199999999997
split_finegrained2_WMFFHQ.pt,1,692,0.00960806
split_finegrained2_BTXFSV.pt,1,558,0.00478542
split_finegrained2_1XOFJR.pt,1,582,0.006217000000000003
split_finegrained2_DUUD02.pt,1,522,0.0068625199999999996
split_finegrained2_2WWA69.pt,1,880,0.0034867599999999998
split_finegrained2_8D8RXY.pt,1,802,0.0035871799999999997
split_finegrained2_41MCB5.pt,1,838,0.00790772
split_finegrained2_NPR5HF.pt,1,638,0.007010139999999998
split_finegrained2_2EHM91.pt,1,700,0.006058499999999998
split_finegrained2_XOBMAH.pt,1,378,0.00406732
split_finegrained2_CLJGMU.pt,1,816,0.006452979999999997
split_finegrained2_5MKW9D.pt,1,520,0.004402620000000001
split_finegrained2_3WFXWX.pt,1,778,0.004348199999999999
split_finegrained2_5UZ02Z.pt,1,616,0.0034393400000000004
split_finegrained2_8MG1YM.pt,1,784,0.00506528
split_finegrained2_ZJVEU0.pt,1,666,0.00366478
split_finegrained2_EAE1WD.pt,1,780,0.01142482
split_finegrained2_F4XINI.pt,1,748,0.015884120000000005
split_finegrained2_O6Q40C.pt,1,712,0.005477180000000002
split_finegrained2_P4OPKB.pt,1,1352,0.006847280000000001
split_finegrained2_KUQ3AS.pt,1,1108,0.003752800000000002
split_finegrained2_N3XAE8.pt,1,1136,0.005546900000000001
split_finegrained2_8KA3RW.pt,1,788,0.013730539999999998
split_finegrained2_H7EWAC.pt,1,1310,0.0034816400000000003
split_finegrained2_VH2BSF.pt,1,1022,0.007091039999999997
split_finegrained2_3FGEF6.pt,1,840,0.003968620000000001
split_finegrained2_HACUIV.pt,1,1224,0.012706239999999995
split_finegrained2_DY4D1W.pt,1,1284,0.0034484600000000004
split_finegrained2_KP8QR6.pt,1,696,0.0034721200000000004
split_finegrained2_8TQ8BN.pt,1,754,0.0034551999999999994
split_finegrained2_CWCKX4.pt,1,636,0.007930419999999999
split_finegrained2_CLLI70.pt,1,1084,0.010104380000000001
split_finegrained2_2WPVMD.pt,1,1170,0.0037091399999999992
split_finegrained2_KT0CYT.pt,1,724,0.008232820000000002
split_finegrained2_0TE07M.pt,1,1176,0.011489839999999996
split_finegrained2_WV5H21.pt,1,990,0.003409720000000001
split_finegrained2_A3VJM7.pt,1,874,0.008024459999999999
split_finegrained2_KHN90Q.pt,1,864,0.01691806
split_finegrained2_9DKWNY.pt,1,750,0.00932484
split_finegrained2_EO7OQC.pt,7,128,0.0048511000000000006
split_finegrained2_55XBGS.pt,7,82,0.0035646
split_finegrained2_YZ3Q8G.pt,7,92,0.003479479999999999
split_finegrained2_THNWA2.pt,7,76,0.0058677799999999995
split_finegrained2_KZARVR.pt,7,140,0.0034201999999999987
split_finegrained2_I4I47T.pt,7,162,0.013947319999999996
split_finegrained2_P8CZ26.pt,7,150,0.0034561400000000008
split_finegrained2_MPFA4A.pt,7,108,0.0034640599999999997
split_finegrained2_5BIG6M.pt,7,166,0.00347578
split_finegrained2_L9TG7G.pt,7,80,0.0034353
split_finegrained2_0IF6ZE.pt,7,96,0.019006759999999998
split_finegrained2_DU3K7N.pt,7,170,0.007709259999999998
split_finegrained2_EG2B5A.pt,7,158,0.0034261799999999996
split_finegrained2_WLIAFS.pt,7,126,0.00427834
split_finegrained2_5KG784.pt,7,108,0.006971860000000001
split_finegrained2_GKRDR3.pt,7,166,0.007674340000000001
split_finegrained2_RKCKH1.pt,7,148,0.00552694
split_finegrained2_27HL1S.pt,7,78,0.0034216000000000003
split_finegrained2_OCSEE1.pt,7,102,0.0034557000000000017
split_finegrained2_BJQS04.pt,7,124,0.011948039999999998
split_finegrained2_8GYMFE.pt,7,116,0.008214140000000002
split_finegrained2_DP68QI.pt,7,170,0.003479660000000001
split_finegrained2_5GJLXJ.pt,7,90,0.0034261399999999994
split_finegrained2_UP90Z8.pt,7,202,0.013992160000000005
split_finegrained2_HVNB7Y.pt,7,182,0.00608682
split_finegrained2_IPGPH4.pt,7,120,0.009922399999999998
split_finegrained2_7A7X2G.pt,7,100,0.0034012599999999997
split_finegrained2_GVP0O6.pt,7,108,0.006019179999999998
split_finegrained2_W288F5.pt,7,124,0.013791680000000002
split_finegrained2_KAPD3X.pt,7,122,0.01410744
split_finegrained2_9799MO.pt,7,120,0.007266199999999997
split_finegrained2_SDMKP2.pt,7,108,0.0052627199999999985
split_finegrained2_NK9IE6.pt,7,160,0.0034423599999999998
split_finegrained2_GQURYS.pt,7,142,0.00360588
split_finegrained2_QQ0HLV.pt,7,92,0.0068916400000000036
split_finegrained2_90OEHZ.pt,7,144,0.0035288399999999997
split_finegrained2_DGSS2Z.pt,7,170,0.013453880000000007
split_finegrained2_4KB26P.pt,7,158,0.011972879999999997
split_finegrained2_HNYJ89.pt,7,172,0.004584939999999999
split_finegrained2_RPW1H7.pt,7,118,0.0034243400000000005
split_finegrained2_CQRGTA.pt,7,144,0.0033833400000000003
split_finegrained2_F6BZ6L.pt,7,164,0.003418719999999999
split_finegrained2_MLKITM.pt,7,86,0.01031064
split_finegrained2_Y3WD2M.pt,7,124,0.0034213400000000006
split_finegrained2_FF60QS.pt,7,160,0.0034241399999999996
split_finegrained2_JTQGW8.pt,7,98,0.0034931399999999996
split_finegrained2_2X27XS.pt,7,130,0.00345808
split_finegrained2_WWN6GX.pt,7,154,0.01371148
split_finegrained2_Z7Z6DT.pt,7,162,0.0034214599999999994
split_finegrained2_GXZV56.pt,7,186,0.0034556599999999993
split_finegrained2_XQAP68.pt,7,122,0.0035379
split_finegrained2_KKQ3EW.pt,7,136,0.004885820000000001
split_finegrained2_DAEPOO.pt,7,146,0.0034111999999999996
split_finegrained2_4WY8QZ.pt,7,116,0.0034125400000000004
split_finegrained2_M9Y1CT.pt,7,124,0.0034062000000000003
split_finegrained2_LT1CZ0.pt,7,166,0.014877679999999997
split_finegrained2_S0Y22F.pt,7,90,0.003398920000000001
split_finegrained2_C38GCX.pt,7,146,0.0034165000000000007
split_finegrained2_HMJEAY.pt,7,142,0.003442680000000001
split_finegrained2_169W80.pt,7,120,0.0034318200000000004
split_finegrained2_E3Q2J4.pt,7,114,0.012598800000000004
split_finegrained2_7DX3A3.pt,7,92,0.003415859999999999
split_finegrained2_W8FGHR.pt,7,122,0.012235320000000004
split_finegrained2_V4RK5R.pt,7,120,0.0034107000000000005
split_finegrained2_LQO8GD.pt,7,120,0.0034292799999999994
split_finegrained2_TFWDC3.pt,7,104,0.0034001600000000006
split_finegrained2_D6NP9A.pt,7,88,0.003438779999999999
split_finegrained2_B7691A.pt,7,112,0.00353166
split_finegrained2_IDJD1H.pt,7,102,0.022750780000000005
split_finegrained2_WHTGCT.pt,7,108,0.003407859999999999
split_finegrained2_ZRHUWR.pt,7,62,0.015649720000000002
split_finegrained2_5MGN4W.pt,7,124,0.005846079999999998
split_finegrained2_LMJNIE.pt,7,60,0.0035210999999999975
split_finegrained2_I6B9CI.pt,7,64,0.00915376
split_finegrained2_JVPAC8.pt,7,70,0.006220120000000001
split_finegrained2_NRZKIP.pt,7,58,0.00587588
split_finegrained2_D0I1PP.pt,7,104,0.003440939999999999
split_finegrained2_SB3Y2V.pt,7,78,0.003554839999999999
split_finegrained2_XG642Y.pt,7,66,0.00343244
split_finegrained2_32GEI8.pt,7,110,0.0034116999999999997
split_finegrained2_GKF5HZ.pt,7,20,0.00349176
split_finegrained2_XREDC6.pt,7,24,0.00345886
split_finegrained2_RTZ25P.pt,7,10,0.00365428
split_finegrained2_U75SG6.pt,7,18,0.00343074
split_finegrained2_JFWEUW.pt,7,12,0.0034482999999999988
split_finegrained2_SFE6O1.pt,7,14,0.003515839999999999
split_finegrained2_3L8O3M.pt,7,20,0.011367099999999998
split_finegrained2_431FXA.pt,7,16,0.00363464
split_finegrained2_TQE65G.pt,7,22,0.007213880000000003
split_finegrained2_1PFATI.pt,7,14,0.01415496
split_finegrained2_64DENY.pt,7,22,0.006934180000000001
split_finegrained2_ECTE7F.pt,7,16,0.0061471600000000005
split_finegrained2_6G524F.pt,7,18,0.009247100000000001
split_finegrained2_AVYPDQ.pt,7,12,0.003735119999999999
split_finegrained2_QWLAQU.pt,14,48,0.0034437399999999994
split_finegrained2_P12I6M.pt,14,30,0.010676419999999995
split_finegrained2_IA3GLY.pt,14,50,0.0034651399999999994
split_finegrained2_L14LO6.pt,14,32,0.0034948600000000007
split_finegrained2_JQ98QG.pt,14,52,0.003502640000000001
split_finegrained2_B1ASZ6.pt,14,40,0.0069694
split_finegrained2_YVPXF1.pt,14,38,0.0034804199999999993
split_finegrained2_EV0V5Q.pt,14,44,0.0035869599999999997
split_finegrained2_7EPEV9.pt,14,24,0.004744020000000001
split_finegrained2_OPZ4HM.pt,14,48,0.005844359999999998
split_finegrained2_6EGC52.pt,14,24,0.0044176400000000005
split_finegrained2_CQEIF9.pt,14,26,0.00433924
split_finegrained2_JYNKM5.pt,14,28,0.0035218999999999997
split_finegrained2_J6PU50.pt,14,40,0.02300624
split_finegrained2_ZSWHUM.pt,14,22,0.0035680199999999994
split_finegrained2_T90LBA.pt,14,30,0.006785800000000001
split_finegrained2_U75HE2.pt,14,50,0.0034334399999999994
split_finegrained2_KYP0ME.pt,14,36,0.00504922
split_finegrained2_YNDR8L.pt,14,34,0.0034514399999999983
split_finegrained2_YYR02M.pt,14,26,0.0034164800000000013
split_finegrained2_EUEJJJ.pt,14,130,0.0034305200000000003
split_finegrained2_74PSML.pt,14,84,0.0033974400000000003
split_finegrained2_QUV5PZ.pt,14,110,0.0033890999999999995
split_finegrained2_48NALE.pt,14,64,0.00425846
split_finegrained2_N8VFX9.pt,14,108,0.00340814
split_finegrained2_FQ67NH.pt,14,112,0.0034324200000000003
split_finegrained2_6YG3PN.pt,14,142,0.003484300000000002
split_finegrained2_ZDHF3J.pt,14,82,0.00637346
split_finegrained2_XPOZVI.pt,14,134,0.005205679999999998
split_finegrained2_83B2HC.pt,14,136,0.00343082
split_finegrained2_WA7T12.pt,14,82,0.0033940999999999997
split_finegrained2_WJJZQZ.pt,14,118,0.0034009999999999995
split_finegrained2_781PJJ.pt,14,122,0.0034758000000000015
split_finegrained2_N40Y85.pt,14,140,0.00352656
split_finegrained2_ILX26T.pt,14,74,0.006956060000000001
split_finegrained2_GALO1E.pt,14,106,0.00342932
split_finegrained2_3XRQE6.pt,14,60,0.005680679999999998
split_finegrained2_Y3NXUF.pt,14,66,0.013071519999999998
split_finegrained2_WTK7AW.pt,14,138,0.0034359399999999997
split_finegrained2_7KWVFP.pt,14,116,0.008176600000000004
split_finegrained2_CRKOCW.pt,3,32,0.011813100000000003
split_finegrained2_67DCYQ.pt,3,34,0.00573882
split_finegrained2_0FRQDE.pt,3,60,0.006148659999999999
split_finegrained2_5BC82G.pt,3,52,0.007315279999999999
split_finegrained2_SCINH7.pt,3,50,0.003494399999999999
split_finegrained2_TXAXBZ.pt,3,52,0.009747019999999997
split_finegrained2_XHZHPS.pt,3,56,0.008196640000000002
split_finegrained2_5M6289.pt,3,56,0.005322939999999998
split_finegrained2_6GINL1.pt,3,54,0.007254399999999999
split_finegrained2_94965R.pt,3,34,0.003397260000000001
split_finegrained2_RDXH5T.pt,3,30,0.005456699999999998
split_finegrained2_TKXF94.pt,3,32,0.0057289199999999985
split_finegrained2_R4K4F8.pt,3,30,0.01478368
split_finegrained2_0GBYQF.pt,3,62,0.013265560000000001
split_finegrained2_D48D4L.pt,3,42,0.005720840000000004
split_finegrained2_VOWAE1.pt,3,64,0.006742620000000001
split_finegrained2_5KQWHB.pt,3,38,0.010089459999999996
split_finegrained2_L44J17.pt,3,62,0.009006660000000003
split_finegrained2_E1ALOY.pt,3,42,0.00728212
split_finegrained2_ZIC7EE.pt,3,50,0.0035042600000000004
split_finegrained2_GNS7NE.pt,14,46,0.0036362399999999994
split_finegrained2_DCD6KY.pt,14,84,0.0034435799999999995
split_finegrained2_77O3IP.pt,14,46,0.00344418
split_finegrained2_4BLQT7.pt,14,62,0.0034621800000000005
split_finegrained2_W2WTK5.pt,14,64,0.0034480599999999993
split_finegrained2_0G0GHJ.pt,14,58,0.0035003999999999986
split_finegrained2_JCLQ9J.pt,14,84,0.008891900000000001
split_finegrained2_CIKLO8.pt,14,86,0.003401139999999999
split_finegrained2_S95G00.pt,14,72,0.007149800000000001
split_finegrained2_MLE3M3.pt,14,76,0.005789680000000003
split_finegrained2_0PM5CC.pt,14,68,0.0034222
split_finegrained2_KTR6UE.pt,14,54,0.00344518
split_finegrained2_HEDX5C.pt,14,52,0.0034632
split_finegrained2_G0KE7G.pt,14,66,0.0034392199999999993
split_finegrained2_2TNKFV.pt,14,82,0.0034461400000000007
split_finegrained2_AFAGQE.pt,14,50,0.010859400000000002
split_finegrained2_30WS3O.pt,14,44,0.0034132200000000002
split_finegrained2_Y7CD9F.pt,14,58,0.012528380000000004
split_finegrained2_YWZK2O.pt,14,76,0.0041402800000000005
split_finegrained2_Z3TIJS.pt,14,54,0.003441420000000001
split_finegrained2_7DDPXX.pt,14,84,0.003423099999999999
split_finegrained2_6DXYKZ.pt,14,56,0.003448939999999999
split_finegrained2_MX5DV4.pt,14,64,0.003478919999999999
split_finegrained2_57P3DV.pt,14,68,0.00595886
split_finegrained2_10YIQM.pt,14,82,0.004213940000000002
split_finegrained2_7SZ5D0.pt,14,60,0.003541259999999999
split_finegrained2_QISLZP.pt,14,74,0.003439579999999999
split_finegrained2_IE39GF.pt,14,72,0.0034406
split_finegrained2_LGSZSU.pt,14,58,0.01212748
split_finegrained2_XYW9IT.pt,14,62,0.013630640000000001
split_finegrained2_B5LTVU.pt,14,74,0.00340758
split_finegrained2_XXTAVH.pt,14,70,0.01103898
split_finegrained2_K0W1ZR.pt,14,42,0.0034919400000000002
split_finegrained2_GS6FS4.pt,14,48,0.00355082
split_finegrained2_OVW8SL.pt,14,64,0.0064232600000000036
split_finegrained2_6JODC4.pt,14,66,0.006703920000000001
split_finegrained2_EWW30D.pt,14,56,0.00493858
split_finegrained2_3UAQI8.pt,14,38,0.00617864
split_finegrained2_USX2W5.pt,14,40,0.012240460000000002
split_finegrained2_24CW7U.pt,14,52,0.0034357399999999988
split_finegrained2_2VBJND.pt,7,128,0.00820008
split_finegrained2_YKVS3D.pt,7,226,0.00343448
split_finegrained2_OXZ6YU.pt,7,144,0.0035412799999999995
split_finegrained2_ZE6DB0.pt,7,164,0.004166339999999999
split_finegrained2_IVZT18.pt,7,230,0.012329959999999996
split_finegrained2_AUX54R.pt,7,158,0.00497346
split_finegrained2_Z3ZCDJ.pt,7,126,0.012927120000000004
split_finegrained2_M2ZG7F.pt,7,156,0.008817000000000002
split_finegrained2_RH3071.pt,7,210,0.0038361400000000013
split_finegrained2_ZHB2RK.pt,7,172,0.022935919999999988
split_finegrained2_2B6Z7D.pt,7,136,0.0127619
split_finegrained2_ML4X6R.pt,7,246,0.008554080000000002
split_finegrained2_OCUE95.pt,7,282,0.008109360000000003
split_finegrained2_XO9CKG.pt,7,158,0.005907599999999998
split_finegrained2_7A7BXO.pt,7,160,0.00343568
split_finegrained2_S2P7UQ.pt,7,122,0.008802280000000001
split_finegrained2_UPDMIG.pt,7,248,0.006847719999999998
split_finegrained2_NEH2LU.pt,7,252,0.005552119999999998
split_finegrained2_66DYNZ.pt,7,280,0.0034236400000000004
split_finegrained2_Z8UE6F.pt,7,218,0.0034209800000000005
split_finegrained2_PK52SY.pt,7,84,0.0038512400000000014
split_finegrained2_1FRJO1.pt,7,128,0.00340454
split_finegrained2_UNFISU.pt,7,130,0.0034660800000000007
split_finegrained2_P4JBF9.pt,7,82,0.0034115400000000007
split_finegrained2_Z48QMJ.pt,7,136,0.010947080000000003
split_finegrained2_0WVUFA.pt,7,116,0.005685459999999998
split_finegrained2_TPBWL7.pt,7,70,0.0034266999999999995
split_finegrained2_QFRG6T.pt,7,92,0.003533299999999999
split_finegrained2_Q34MS0.pt,7,98,0.007889
split_finegrained2_8S7MJK.pt,7,122,0.007753760000000001
split_finegrained2_20WJ38.pt,7,120,0.00346656
split_finegrained2_6I2R0L.pt,7,108,0.0034229400000000015
split_finegrained2_IXU4RR.pt,7,146,0.003484740000000002
split_finegrained2_82LMZX.pt,7,132,0.0036076800000000016
split_finegrained2_OHLOQU.pt,7,78,0.023014499999999997
split_finegrained2_AP4MDR.pt,7,126,0.003434000000000001
split_finegrained2_JPZC93.pt,7,116,0.0041113
split_finegrained2_W0AN6Y.pt,7,80,0.0035613400000000014
split_finegrained2_LT1XHC.pt,7,76,0.008314920000000002
split_finegrained2_5LLYT9.pt,7,94,0.0035643600000000004
split_finegrained2_TFC3NW.pt,7,144,0.0034268200000000006
split_finegrained2_BSJFRU.pt,7,130,0.00337108
split_finegrained2_368CL8.pt,7,142,0.013903640000000005
split_finegrained2_C3P5U3.pt,7,62,0.009856380000000001
split_finegrained2_JKI9L4.pt,7,84,0.0034545399999999994
split_finegrained2_MGERYO.pt,7,110,0.0033671800000000013
split_finegrained2_Q9ORK7.pt,7,102,0.012816480000000002
split_finegrained2_42LMWL.pt,7,138,0.013349500000000004
split_finegrained2_RPE4UL.pt,7,64,0.006912020000000002
split_finegrained2_ZCQVUR.pt,7,64,0.003426099999999999
split_finegrained2_ZDFE5R.pt,7,88,0.01075418
split_finegrained2_GYYLA6.pt,7,106,0.003438079999999998
split_finegrained2_764NCD.pt,7,122,0.006612859999999999
split_finegrained2_I6RF4A.pt,7,112,0.008557980000000001
split_finegrained2_M74O8U.pt,7,70,0.016107560000000007
split_finegrained2_26G3N6.pt,7,82,0.003461020000000001
split_finegrained2_HXARGI.pt,7,88,0.0034374600000000007
split_finegrained2_SK57TL.pt,7,124,0.0034633
split_finegrained2_6MSELY.pt,7,134,0.0034331399999999995
split_finegrained2_G3B5ES.pt,7,72,0.0034092200000000006
split_finegrained2_3N8Y1I.pt,7,46,0.011368079999999994
split_finegrained2_WZYP6X.pt,7,90,0.01580004
split_finegrained2_6N6MTW.pt,7,80,0.005245080000000001
split_finegrained2_UDJ2RQ.pt,7,70,0.00378672
split_finegrained2_A3Y83Y.pt,7,82,0.0034903400000000006
split_finegrained2_LJQT7R.pt,7,46,0.018450160000000004
split_finegrained2_WFVY34.pt,7,72,0.010748479999999998
split_finegrained2_G1LTBN.pt,7,84,0.005113900000000001
split_finegrained2_98IQ5R.pt,7,60,0.0034496000000000006
split_finegrained2_SGBYF8.pt,7,92,0.016876440000000003
split_finegrained2_PGXS8L.pt,7,86,0.009146180000000004
split_finegrained2_RTB9MB.pt,7,58,0.003444520000000001
split_finegrained2_MUNF5W.pt,7,74,0.009334720000000001
split_finegrained2_RYMLVV.pt,7,56,0.0038941600000000002
split_finegrained2_PKA2IV.pt,7,56,0.009111420000000004
split_finegrained2_H9KAH2.pt,7,48,0.004834939999999999
split_finegrained2_1DMI9L.pt,7,102,0.011068599999999998
split_finegrained2_3VV605.pt,7,54,0.006988980000000001
split_finegrained2_G6AQNJ.pt,7,50,0.0034146400000000005
split_finegrained2_S58EC7.pt,7,80,0.0035053800000000006
split_finegrained2_KXPFVJ.pt,1,540,0.0035483799999999994
split_finegrained2_X96YVG.pt,1,406,0.0035832999999999998
split_finegrained2_YVFJZ0.pt,1,270,0.0034618200000000017
split_finegrained2_MNFRXD.pt,1,574,0.004456699999999999
split_finegrained2_VCRXNS.pt,1,336,0.005958279999999999
split_finegrained2_KUEB9X.pt,1,564,0.013151339999999997
split_finegrained2_FJ3L6H.pt,1,442,0.009774760000000002
split_finegrained2_7VN3CS.pt,1,446,0.008951279999999999
split_finegrained2_QURQ2G.pt,1,322,0.0035046200000000004
split_finegrained2_SED9V1.pt,1,348,0.012587179999999998
split_finegrained2_SPE302.pt,1,412,0.00811776
split_finegrained2_BY1ANI.pt,1,496,0.008803900000000002
split_finegrained2_BRBCGM.pt,1,476,0.00677212
split_finegrained2_BZY1J2.pt,1,524,0.0034181800000000003
split_finegrained2_8LCECI.pt,1,292,0.005037760000000001
split_finegrained2_POYHO9.pt,1,364,0.0063176
split_finegrained2_92GW67.pt,1,384,0.006786440000000001
split_finegrained2_SDQ6J5.pt,1,304,0.013567779999999996
split_finegrained2_8NSXIQ.pt,1,562,0.015485979999999996
split_finegrained2_ZBJX83.pt,1,380,0.008325019999999999
split_finegrained2_A3E2PJ.pt,7,66,0.0034501400000000004
split_finegrained2_I2A8N3.pt,7,110,0.00774582
split_finegrained2_P7TL5H.pt,7,100,0.0034362400000000006
split_finegrained2_IMPHYL.pt,7,92,0.00356194
split_finegrained2_8QVTNN.pt,7,106,0.005903000000000003
split_finegrained2_5TTJFA.pt,7,54,0.003456299999999999
split_finegrained2_2HZDLS.pt,7,96,0.010777700000000001
split_finegrained2_13OEVS.pt,7,90,0.0035000599999999997
split_finegrained2_KBOBBZ.pt,7,62,0.003935039999999999
split_finegrained2_T3S55U.pt,7,78,0.005481139999999999
split_finegrained2_13FZFA.pt,7,52,0.00368564
split_finegrained2_7QYPZN.pt,7,108,0.011230839999999999
split_finegrained2_RQ7M98.pt,7,78,0.00352228
split_finegrained2_3KPDOP.pt,7,82,0.005397360000000001
split_finegrained2_JXA9QE.pt,7,68,0.011056019999999998
split_finegrained2_W3IBH3.pt,7,88,0.007590599999999999
split_finegrained2_COXTM9.pt,7,86,0.005941900000000001
split_finegrained2_ZXFA2Q.pt,7,50,0.003532220000000001
split_finegrained2_6UBLWN.pt,7,80,0.007227299999999997
split_finegrained2_HL7S56.pt,7,104,0.0034418200000000004
split_finegrained2_VAOU2U.pt,14,88,0.0034395600000000004
split_finegrained2_5OPEM4.pt,14,142,0.003463260000000001
split_finegrained2_QZJ3TV.pt,14,130,0.00339014
split_finegrained2_H5F7HB.pt,14,132,0.00345914
split_finegrained2_R93G6Z.pt,14,70,0.007912660000000002
split_finegrained2_T0XQHF.pt,14,154,0.0034417199999999992
split_finegrained2_K9BKEO.pt,14,92,0.0035316799999999993
split_finegrained2_7YNU1S.pt,14,142,0.00734022
split_finegrained2_8UFMYC.pt,14,100,0.0034628599999999995
split_finegrained2_NT7OXG.pt,14,98,0.0034802399999999995
split_finegrained2_P5TTPQ.pt,14,140,0.003436779999999999
split_finegrained2_D2GH3B.pt,14,96,0.003478660000000001
split_finegrained2_YSUG69.pt,14,144,0.00345396
split_finegrained2_TET67Q.pt,14,140,0.0069514600000000005
split_finegrained2_QY2XY7.pt,14,104,0.007190760000000001
split_finegrained2_5LKH0F.pt,14,72,0.008450880000000001
split_finegrained2_QBVG50.pt,14,146,0.0034520199999999997
split_finegrained2_XA8J5R.pt,14,108,0.01097314
split_finegrained2_FRCZP5.pt,14,112,0.0034500600000000005
split_finegrained2_ZE0O4L.pt,14,90,0.015615240000000004
split_finegrained2_5UJCC3.pt,7,76,0.008809480000000003
split_finegrained2_1LGEIO.pt,7,44,0.013452880000000002
split_finegrained2_SJT8B3.pt,7,56,0.014585560000000003
split_finegrained2_QT6Y6L.pt,7,70,0.0034897000000000005
split_finegrained2_9Y52BL.pt,7,40,0.007140320000000003
split_finegrained2_Z13GN5.pt,7,74,0.009761379999999998
split_finegrained2_SZTFZA.pt,7,54,0.00348118
split_finegrained2_KPSCQY.pt,7,60,0.016207059999999995
split_finegrained2_ESX33U.pt,7,54,0.00347166
split_finegrained2_964TIK.pt,7,48,0.011142999999999998
split_finegrained2_DMK0BJ.pt,7,62,0.014405180000000004
split_finegrained2_6C21J5.pt,7,70,0.0034034000000000004
split_finegrained2_1T0Q4L.pt,7,68,0.012665480000000002
split_finegrained2_G8QWDK.pt,7,64,0.01592044
split_finegrained2_PPJNP8.pt,7,60,0.00343238
split_finegrained2_XTVO85.pt,7,78,0.00342584
split_finegrained2_X41IY2.pt,7,84,0.0034497600000000005
split_finegrained2_PNYAO9.pt,7,48,0.0034355
split_finegrained2_FJRE7I.pt,7,66,0.006909399999999998
split_finegrained2_YBILOF.pt,7,38,0.0165695
split_finegrained2_7BGIOA.pt,3,214,0.009565580000000002
split_finegrained2_94YWWM.pt,3,344,0.004254399999999999
split_finegrained2_RJFXXJ.pt,3,262,0.00342284
split_finegrained2_IDPQW3.pt,3,454,0.015398059999999993
split_finegrained2_ICTPNJ.pt,3,394,0.0147392
split_finegrained2_RA52EL.pt,3,442,0.003410840000000001
split_finegrained2_R6DYN1.pt,3,364,0.013665739999999996
split_finegrained2_CXO8YK.pt,3,400,0.009072160000000001
split_finegrained2_1U1R6N.pt,3,390,0.0043523799999999994
split_finegrained2_DB4EJT.pt,3,318,0.015346540000000002
split_finegrained2_UCS5XH.pt,3,268,0.007830460000000001
split_finegrained2_GLK1L4.pt,3,232,0.011680499999999996
split_finegrained2_FT2OQG.pt,3,238,0.007407620000000003
split_finegrained2_7IAI41.pt,3,222,0.015503819999999995
split_finegrained2_HKZDUD.pt,3,360,0.008213859999999996
split_finegrained2_LDQY5L.pt,3,378,0.0034861599999999994
split_finegrained2_NTT8L3.pt,3,420,0.0034181800000000007
split_finegrained2_Z7TWGM.pt,3,308,0.003476719999999999
split_finegrained2_UAW5ZC.pt,3,492,0.0034850999999999984
split_finegrained2_HWW87C.pt,3,294,0.014345220000000002
split_finegrained2_EE286N.pt,3,590,0.00347084
split_finegrained2_X8UA05.pt,3,440,0.0034742599999999985
split_finegrained2_9U9JEB.pt,3,538,0.0034778999999999995
split_finegrained2_J6VJBM.pt,3,606,0.003474940000000001
split_finegrained2_X9GB0M.pt,3,592,0.0054508199999999995
split_finegrained2_J8ESFK.pt,3,280,0.0034456599999999997
split_finegrained2_ZPKFDH.pt,3,568,0.0043923
split_finegrained2_Y74VWA.pt,3,602,0.0034227000000000003
split_finegrained2_XL3871.pt,3,296,0.004491180000000001
split_finegrained2_G53ZG0.pt,3,518,0.007749579999999997
split_finegrained2_YBD9IZ.pt,3,610,0.0034324600000000005
split_finegrained2_ZQE5WJ.pt,3,450,0.004101480000000001
split_finegrained2_CGKO56.pt,3,370,0.003429279999999999
split_finegrained2_GMY3T7.pt,3,344,0.010061660000000004
split_finegrained2_GK08UP.pt,3,332,0.006455139999999999
split_finegrained2_OHZX10.pt,3,526,0.007703960000000002
split_finegrained2_58Q1C6.pt,3,594,0.010956940000000002
split_finegrained2_DSVSCM.pt,3,302,0.0035246999999999995
split_finegrained2_4WV30E.pt,3,396,0.0034501199999999997
split_finegrained2_FNKIJF.pt,3,398,0.0068818
split_finegrained2_B11N6R.pt,7,48,0.008710239999999998
split_finegrained2_MHZPDK.pt,7,70,0.007540980000000002
split_finegrained2_YYZNVG.pt,7,50,0.003442760000000001
split_finegrained2_4LKYT3.pt,7,66,0.00342574
split_finegrained2_JPR00Y.pt,7,84,0.006996939999999998
split_finegrained2_9KDO3K.pt,7,76,0.01115286
split_finegrained2_PQYAVU.pt,7,36,0.003599340000000001
split_finegrained2_ZHTAH8.pt,7,48,0.005680140000000001
split_finegrained2_30LXJ5.pt,7,62,0.0035299399999999996
split_finegrained2_EN3MO0.pt,7,60,0.0034395000000000007
split_finegrained2_08ZS1B.pt,7,46,0.011586100000000005
split_finegrained2_0TY36G.pt,7,64,0.009035199999999998
split_finegrained2_YRE5FE.pt,7,42,0.014388859999999998
split_finegrained2_E3YNIU.pt,7,60,0.013477480000000003
split_finegrained2_O3UPF8.pt,7,68,0.005687760000000002
split_finegrained2_3QFXSU.pt,7,52,0.00827874
split_finegrained2_6TJYP1.pt,7,54,0.005580619999999998
split_finegrained2_OBA495.pt,7,42,0.007740599999999999
split_finegrained2_MH9ROU.pt,7,56,0.006645400000000001
split_finegrained2_PWSM3N.pt,7,46,0.005096239999999998
split_finegrained2_TMZVA8.pt,14,82,0.00457852
split_finegrained2_LMASL0.pt,14,92,0.003383380000000001
split_finegrained2_9DHN8M.pt,14,68,0.0034758399999999996
split_finegrained2_QPADMN.pt,14,74,0.007868780000000006
split_finegrained2_2MJ7H3.pt,14,128,0.004933579999999997
split_finegrained2_CKMKU5.pt,14,66,0.006535059999999997
split_finegrained2_2HWD28.pt,14,152,0.0034404400000000003
split_finegrained2_MAJM4D.pt,14,94,0.0034987
split_finegrained2_CWQU47.pt,14,146,0.0034594
split_finegrained2_GAUCCX.pt,14,138,0.0034247399999999995
split_finegrained2_A6CZR2.pt,14,142,0.0035686
split_finegrained2_TATH0E.pt,14,74,0.014169079999999995
split_finegrained2_B9EXKD.pt,14,132,0.003445519999999999
split_finegrained2_FP9EPK.pt,14,110,0.0065158199999999986
split_finegrained2_0EL1TQ.pt,14,148,0.006168740000000001
split_finegrained2_N2PH60.pt,14,146,0.007098579999999998
split_finegrained2_GUFCD0.pt,14,144,0.0034847999999999997
split_finegrained2_15GBU1.pt,14,76,0.0035200600000000015
split_finegrained2_JJ8EMF.pt,14,102,0.003547100000000001
split_finegrained2_HZ5VZT.pt,14,120,0.0035330000000000005
split_finegrained2_DKJ423.pt,1,138,0.0102952
split_finegrained2_OXIHTA.pt,1,140,0.008880420000000002
split_finegrained2_PAHAFE.pt,1,90,0.006789799999999998
split_finegrained2_8RWULT.pt,1,114,0.008923659999999998
split_finegrained2_I705XM.pt,1,164,0.003976059999999999
split_finegrained2_SC21QE.pt,1,144,0.018717139999999997
split_finegrained2_BRZY7U.pt,1,134,0.004088700000000001
split_finegrained2_BVIOSG.pt,1,136,0.00381862
split_finegrained2_P6Z2FJ.pt,1,124,0.007310120000000001
split_finegrained2_DZSPM7.pt,1,150,0.003457980000000001
split_finegrained2_W58Y2C.pt,1,170,0.00795876
split_finegrained2_CDAGUM.pt,1,82,0.0034253599999999997
split_finegrained2_R7SMLQ.pt,1,76,0.01274804
split_finegrained2_BMT7A0.pt,1,90,0.0034304799999999996
split_finegrained2_0PX1OM.pt,1,104,0.005087660000000001
split_finegrained2_R6C02S.pt,1,148,0.0037598199999999992
split_finegrained2_H55QH5.pt,1,108,0.006016839999999999
split_finegrained2_WQUXYD.pt,1,98,0.005221239999999999
split_finegrained2_C3UVHF.pt,1,172,0.0033966199999999995
split_finegrained2_MMUHBH.pt,1,120,0.0034993999999999993
split_finegrained2_OOSONO.pt,1,176,0.005387620000000001
split_finegrained2_ZBQP7I.pt,1,120,0.01156414
split_finegrained2_XCHJ6X.pt,1,248,0.011193359999999996
split_finegrained2_1L91PY.pt,1,228,0.007299879999999997
split_finegrained2_5UBYR8.pt,1,226,0.004024599999999999
split_finegrained2_DDS0WF.pt,1,238,0.00784614
split_finegrained2_Z70P93.pt,1,136,0.007608420000000002
split_finegrained2_0Z3HHT.pt,1,194,0.007166019999999996
split_finegrained2_YJIIOE.pt,1,208,0.00927362
split_finegrained2_TJYLMI.pt,1,250,0.006352660000000001
split_finegrained2_AY77VB.pt,1,128,0.0038093
split_finegrained2_LG7COG.pt,1,196,0.0034124000000000003
split_finegrained2_NTKOSB.pt,1,174,0.005098219999999998
split_finegrained2_ZFDLAI.pt,1,204,0.007351959999999998
split_finegrained2_L4LWVN.pt,1,260,0.0034696000000000006
split_finegrained2_UGMQLV.pt,1,244,0.012157660000000004
split_finegrained2_GAT2HG.pt,1,220,0.0034371799999999993
split_finegrained2_GD70HS.pt,1,168,0.007179460000000003
split_finegrained2_O6J079.pt,1,138,0.011715239999999995
split_finegrained2_MGLLVT.pt,1,240,0.0055064400000000005
split_finegrained2_98P7GM.pt,3,168,0.005069519999999999
split_finegrained2_VAKJQA.pt,3,154,0.022727120000000003
split_finegrained2_JG8BKZ.pt,3,156,0.00341944
split_finegrained2_FRX4NQ.pt,3,104,0.0035091
split_finegrained2_XPOKCD.pt,3,186,0.00339394
split_finegrained2_0EYI5J.pt,3,106,0.0061848400000000005
split_finegrained2_P80DY7.pt,3,166,0.00549724
split_finegrained2_GY01IK.pt,3,98,0.005016420000000001
split_finegrained2_XR1HFQ.pt,3,156,0.003481939999999999
split_finegrained2_T0MRTU.pt,3,136,0.00834702
split_finegrained2_SQG0OF.pt,3,90,0.006256500000000001
split_finegrained2_VFBGHT.pt,3,182,0.008418220000000002
split_finegrained2_2AXFD2.pt,3,96,0.008499399999999997
split_finegrained2_6I0FML.pt,3,80,0.004550999999999999
split_finegrained2_GNUX2A.pt,3,112,0.0034519200000000007
split_finegrained2_C5G387.pt,3,92,0.0038173200000000008
split_finegrained2_HG884A.pt,3,174,0.011250719999999994
split_finegrained2_KNIJ6U.pt,3,130,0.005506220000000003
split_finegrained2_XXW29Z.pt,3,158,0.022916159999999994
split_finegrained2_RS9U1F.pt,3,80,0.018454899999999993
split_finegrained2_K6GB8N.pt,14,82,0.008893380000000001
split_finegrained2_H48CVU.pt,14,76,0.003549579999999999
split_finegrained2_HPK4M9.pt,14,78,0.008196880000000002
split_finegrained2_OL2WYU.pt,14,64,0.00410026
split_finegrained2_MOJM3W.pt,14,52,0.00343174
split_finegrained2_F5ZDPU.pt,14,44,0.01183578
split_finegrained2_BXR04S.pt,14,72,0.004869440000000001
split_finegrained2_1CGQ4S.pt,14,74,0.00344238
split_finegrained2_9WY2LN.pt,14,70,0.0034344999999999988
split_finegrained2_HPVZHU.pt,14,54,0.0034514200000000006
split_finegrained2_EL8BXX.pt,14,68,0.011066379999999997
split_finegrained2_JVVF5C.pt,14,82,0.004699019999999999
split_finegrained2_9JACXZ.pt,14,78,0.003438900000000001
split_finegrained2_S1T9L5.pt,14,46,0.0034975200000000014
split_finegrained2_JJ7KG9.pt,14,54,0.00380546
split_finegrained2_BJYPAB.pt,14,56,0.0034744
split_finegrained2_YY9W6O.pt,14,74,0.003456039999999999
split_finegrained2_7FNJOL.pt,14,72,0.0033988400000000006
split_finegrained2_4LQA6V.pt,14,42,0.0034491
split_finegrained2_KCCUGG.pt,14,62,0.0038728
split_finegrained2_RFMO8I.pt,1,70,0.022572799999999997
split_finegrained2_WBTB0J.pt,1,56,0.0109785
split_finegrained2_2JRMZO.pt,1,48,0.010110380000000004
split_finegrained2_J7VFP2.pt,1,50,0.008656660000000004
split_finegrained2_UTONJM.pt,1,74,0.0037429399999999997
split_finegrained2_DEWR0Q.pt,1,114,0.00822754
split_finegrained2_4Z6YLM.pt,1,110,0.008209379999999999
split_finegrained2_P1VG96.pt,1,96,0.0034925200000000003
split_finegrained2_UZRKQ3.pt,1,78,0.00345252
split_finegrained2_O929H2.pt,1,108,0.005771060000000002
split_finegrained2_NQ3GPY.pt,1,92,0.005599399999999999
split_finegrained2_NPVZFS.pt,1,92,0.005619300000000002
split_finegrained2_FBKARX.pt,1,64,0.003469020000000001
split_finegrained2_AENFD1.pt,1,84,0.003481179999999999
split_finegrained2_H90KO9.pt,1,86,0.01784812
split_finegrained2_YBO3CM.pt,1,100,0.003403920000000001
split_finegrained2_PSHOJ6.pt,1,74,0.003466659999999999
split_finegrained2_EI0XZF.pt,1,90,0.0038492399999999986
split_finegrained2_D8WQZ4.pt,1,112,0.004438839999999999
split_finegrained2_LV61SD.pt,1,102,0.013374639999999998
split_finegrained2_WEBM3H.pt,1,14,0.009274139999999997
split_finegrained2_K02LTF.pt,1,14,0.009409960000000002
split_finegrained2_CPLQNV.pt,1,18,0.005370839999999999
split_finegrained2_HFS9NO.pt,1,12,0.0084054
split_finegrained2_B2BSMZ.pt,1,16,0.0034322399999999987
split_finegrained2_RIC9C4.pt,1,12,0.0036652199999999994
split_finegrained2_BL6BXN.pt,1,18,0.0034901799999999994
split_finegrained2_2YFTA9.pt,1,10,0.0034997
split_finegrained2_MTEHIN.pt,1,10,0.004523779999999999
split_finegrained2_5Y4L7Y.pt,1,8,0.009385079999999999
split_finegrained2_SKM6T9.pt,1,16,0.00798734
split_finegrained2_J81I9U.pt,7,60,0.0034245000000000005
split_finegrained2_61GHFW.pt,7,94,0.0060866600000000015
split_finegrained2_NEW34A.pt,7,102,0.00343348
split_finegrained2_Q5F0JQ.pt,7,62,0.013537739999999996
split_finegrained2_IMC5SI.pt,7,100,0.010444000000000004
split_finegrained2_MYDO6J.pt,7,50,0.00342402
split_finegrained2_PU8XXO.pt,7,90,0.00353694
split_finegrained2_9M0WAV.pt,7,64,0.0037147199999999995
split_finegrained2_JUGCP9.pt,7,48,0.014292379999999999
split_finegrained2_YNPKX3.pt,7,54,0.0064075200000000025
split_finegrained2_89RFVN.pt,7,100,0.022334459999999997
split_finegrained2_R6Z4BD.pt,7,102,0.00341632
split_finegrained2_U7TGVC.pt,7,70,0.003406339999999999
split_finegrained2_JJNHUU.pt,7,48,0.004744619999999999
split_finegrained2_CMTECF.pt,7,78,0.008267179999999999
split_finegrained2_DWZSEI.pt,7,108,0.004071399999999999
split_finegrained2_48QKHG.pt,7,88,0.0034540999999999994
split_finegrained2_01I4TP.pt,7,76,0.0034481399999999997
split_finegrained2_W4PJ6V.pt,7,84,0.009314020000000001
split_finegrained2_6WFJZM.pt,7,62,0.003517
split_finegrained2_L3RSMQ.pt,14,44,0.012933379999999996
split_finegrained2_4MCSU2.pt,14,54,0.0034373800000000003
split_finegrained2_1HU5V0.pt,14,48,0.00339018
split_finegrained2_YS0UM9.pt,14,40,0.008093139999999999
split_finegrained2_V2FEDC.pt,14,44,0.0034152400000000004
split_finegrained2_CF19M2.pt,14,60,0.005799539999999997
split_finegrained2_PSOAOU.pt,14,32,0.015656540000000004
split_finegrained2_3UN3TU.pt,14,30,0.010510200000000003
split_finegrained2_BYOW4D.pt,14,46,0.006491300000000001
split_finegrained2_5B6TQU.pt,14,34,0.0034990999999999993
split_finegrained2_4J6Z8L.pt,14,28,0.00513538
split_finegrained2_49PIQ6.pt,14,58,0.003456939999999998
split_finegrained2_DYZB81.pt,14,40,0.004931580000000001
split_finegrained2_VI2Y71.pt,14,52,0.005167880000000001
split_finegrained2_VT0CUV.pt,14,36,0.007933160000000002
split_finegrained2_BBCCTU.pt,14,52,0.003528219999999999
split_finegrained2_ICZP9L.pt,14,56,0.004559620000000001
split_finegrained2_K0XVH0.pt,14,62,0.00704552
split_finegrained2_3Y8EGF.pt,14,36,0.0048874800000000005
split_finegrained2_CUB0UW.pt,14,56,0.003451939999999999
split_finegrained2_552NKX.pt,7,36,0.00346512
split_finegrained2_Q2CEMP.pt,7,64,0.023170720000000006
split_finegrained2_XAAQOX.pt,7,52,0.0034355199999999996
split_finegrained2_B29GN1.pt,7,66,0.012392559999999995
split_finegrained2_4XVBIR.pt,7,66,0.00360594
split_finegrained2_V06Q8F.pt,7,68,0.010448839999999992
split_finegrained2_FSUL7Y.pt,7,34,0.010952739999999999
split_finegrained2_M93NG5.pt,7,40,0.009206979999999998
split_finegrained2_2ZWQC3.pt,7,62,0.0034115000000000005
split_finegrained2_1Q8FGK.pt,7,30,0.007570200000000003
split_finegrained2_S9QWS1.pt,7,54,0.0034394599999999997
split_finegrained2_8INB0T.pt,7,68,0.0034356599999999997
split_finegrained2_D03ZFL.pt,7,60,0.006577600000000001
split_finegrained2_ODSXZS.pt,7,58,0.0034405200000000003
split_finegrained2_91S5PI.pt,7,48,0.005153479999999999
split_finegrained2_9C142P.pt,7,36,0.0033938000000000006
split_finegrained2_Z1TY18.pt,7,56,0.012870520000000003
split_finegrained2_UUZN88.pt,7,64,0.00918712
split_finegrained2_Q5BQRW.pt,7,72,0.005406239999999998
split_finegrained2_QIVOT5.pt,7,60,0.006182640000000001
split_finegrained2_ZGSXWP.pt,7,132,0.0034550799999999993
split_finegrained2_3YZEFR.pt,7,62,0.011588300000000004
split_finegrained2_58RABB.pt,7,136,0.01342906
split_finegrained2_DAJV8G.pt,7,118,0.0034915799999999993
split_finegrained2_XA3CMK.pt,7,72,0.010468379999999998
split_finegrained2_T7WS3Y.pt,7,140,0.00454624
split_finegrained2_EWPAII.pt,7,78,0.010793580000000002
split_finegrained2_K1GSAB.pt,7,114,0.0035633399999999995
split_finegrained2_FW9M73.pt,7,112,0.0034412800000000006
split_finegrained2_GO9S22.pt,7,142,0.004247219999999999
split_finegrained2_IEVJ55.pt,7,86,0.01083878
split_finegrained2_A12OYJ.pt,7,84,0.008869339999999996
split_finegrained2_JUVMP7.pt,7,134,0.0034168600000000003
split_finegrained2_88B7LE.pt,7,116,0.0038352599999999988
split_finegrained2_TLO2QT.pt,7,70,0.004921240000000001
split_finegrained2_LNLRS3.pt,7,126,0.005021880000000001
split_finegrained2_YG9K62.pt,7,120,0.007440939999999998
split_finegrained2_KB7NQS.pt,7,122,0.013245040000000001
split_finegrained2_6OHUDT.pt,7,136,0.004304420000000001
split_finegrained2_3OIRI9.pt,7,124,0.00338456
split_finegrained2_ZSPPAX.pt,3,24,0.006707139999999998
split_finegrained2_FMEV72.pt,3,22,0.003471460000000001
split_finegrained2_NELEWB.pt,3,30,0.0034068599999999994
split_finegrained2_5VETXM.pt,3,18,0.01659626
split_finegrained2_NACUJO.pt,3,26,0.0037078399999999987
split_finegrained2_1ENU1C.pt,3,20,0.007459879999999997
split_finegrained2_FUPG16.pt,3,28,0.003472939999999999
split_finegrained2_OQLG6B.pt,3,24,0.005609039999999998
split_finegrained2_7SXQ29.pt,3,16,0.0034440800000000017
split_finegrained2_DUWBVK.pt,3,14,0.003927159999999999
split_finegrained2_NGLJAU.pt,3,30,0.006336839999999999
split_finegrained2_XB1NZP.pt,3,18,0.008757020000000003
split_finegrained2_PJAO4Q.pt,3,26,0.007510999999999997
split_finegrained2_P7ZPNX.pt,3,28,0.00698014
split_finegrained2_NAP7IH.pt,3,14,0.0062469000000000005
split_finegrained2_Q25AEG.pt,3,20,0.010372679999999994
split_finegrained2_OOU1TG.pt,3,22,0.003792520000000001
split_finegrained2_11G9VT.pt,3,16,0.0034118399999999998
split_finegrained2_TJBUFD.pt,3,140,0.0034001600000000006
split_finegrained2_5A0DEU.pt,3,146,0.022537520000000005
split_finegrained2_DOR9VX.pt,3,166,0.0034173999999999993
split_finegrained2_MJULY1.pt,3,92,0.004511919999999999
split_finegrained2_4Z9PUF.pt,3,102,0.00341868
split_finegrained2_Y0ZJRN.pt,3,184,0.005270760000000002
split_finegrained2_QSWXBY.pt,3,170,0.015448119999999996
split_finegrained2_SY21QU.pt,3,178,0.010791479999999999
split_finegrained2_ZA32XR.pt,3,94,0.004553639999999998
split_finegrained2_JQ4M3O.pt,3,166,0.0034144599999999994
split_finegrained2_E7J5VU.pt,3,122,0.011657620000000004
split_finegrained2_M8LHWQ.pt,3,180,0.003587260000000001
split_finegrained2_U2LTCF.pt,3,150,0.011313960000000001
split_finegrained2_Q9L6VC.pt,3,138,0.0034367800000000004
split_finegrained2_BODUTL.pt,3,104,0.004721480000000001
split_finegrained2_SQWJHB.pt,3,92,0.003399539999999999
split_finegrained2_J8EUG2.pt,3,142,0.003395080000000001
split_finegrained2_5G5QES.pt,3,140,0.007316499999999998
split_finegrained2_Y042DS.pt,3,78,0.00344802
split_finegrained2_8XUJ4V.pt,3,172,0.0053520999999999985
split_finegrained2_1SDA9T.pt,1,40,0.003617200000000001
split_finegrained2_7UJWFD.pt,1,44,0.00342726
split_finegrained2_E5Z00P.pt,1,62,0.011145259999999999
split_finegrained2_YV3O96.pt,1,58,0.007084119999999999
split_finegrained2_C9A5S2.pt,1,60,0.00815894
split_finegrained2_UYR0BE.pt,1,58,0.01195176
split_finegrained2_FH5F3F.pt,1,48,0.007473819999999999
split_finegrained2_0BKEWV.pt,1,50,0.00844202
split_finegrained2_J4T27J.pt,1,42,0.012358999999999995
split_finegrained2_MU3QO1.pt,1,42,0.007962380000000005
split_finegrained2_5M3UPO.pt,1,40,0.004742599999999999
split_finegrained2_FOQ1FA.pt,1,28,0.005319640000000001
split_finegrained2_ZWTKAJ.pt,1,46,0.00344458
split_finegrained2_WR5AU7.pt,1,48,0.0034285399999999995
split_finegrained2_YGO4IU.pt,1,32,0.012789419999999996
split_finegrained2_R9GZY8.pt,1,54,0.010381680000000003
split_finegrained2_931L5U.pt,1,56,0.005829699999999998
split_finegrained2_5I5JZZ.pt,1,38,0.014441180000000007
split_finegrained2_FBRY7N.pt,1,32,0.010454920000000001
split_finegrained2_CNXK5T.pt,1,36,0.0057243599999999995
split_finegrained2_E1HCXP.pt,1,94,0.0082352
split_finegrained2_7J6ID3.pt,1,76,0.008365399999999999
split_finegrained2_DVVG1V.pt,1,98,0.00566284
split_finegrained2_7RIIQK.pt,1,94,0.016123680000000005
split_finegrained2_BK3KJG.pt,1,92,0.012552859999999999
split_finegrained2_Q5XI8M.pt,1,90,0.011520419999999993
split_finegrained2_D9AN7R.pt,1,84,0.01401054
split_finegrained2_KZRVVU.pt,1,100,0.01557328
split_finegrained2_RS6RDD.pt,1,124,0.00703644
split_finegrained2_K539VQ.pt,1,68,0.0033806599999999997
split_finegrained2_TV8CWP.pt,1,116,0.00342722
split_finegrained2_NPDPBL.pt,1,64,0.00399372
split_finegrained2_QQOHLW.pt,1,84,0.01311014
split_finegrained2_6CN2SY.pt,1,88,0.003433900000000001
split_finegrained2_90SRU5.pt,1,78,0.003449720000000001
split_finegrained2_CAHGSW.pt,1,130,0.022608040000000006
split_finegrained2_QVKK8T.pt,1,76,0.00348088
split_finegrained2_DEUQEF.pt,1,136,0.005881400000000001
split_finegrained2_Y5EC3E.pt,1,108,0.008457600000000001
split_finegrained2_577G1T.pt,1,58,0.004887960000000003
split_finegrained2_69DQ05.pt,14,142,0.01984442
split_finegrained2_DCCR8G.pt,14,136,0.0034851200000000004
split_finegrained2_IDCC4C.pt,14,86,0.0034311999999999997
split_finegrained2_DGZVMZ.pt,14,64,0.00344332
split_finegrained2_53JA9Z.pt,14,62,0.005819859999999998
split_finegrained2_JQNKRI.pt,14,106,0.00343094
split_finegrained2_7W2RV3.pt,14,102,0.00361306
split_finegrained2_0X2GGB.pt,14,104,0.00456432
split_finegrained2_1U1KH2.pt,14,70,0.003387759999999999
split_finegrained2_ZORULX.pt,14,120,0.0034211800000000002
split_finegrained2_LW2MIJ.pt,14,140,0.0034419399999999992
split_finegrained2_YOYXMW.pt,14,108,0.01032726
split_finegrained2_UIRV3Q.pt,14,124,0.003496279999999999
split_finegrained2_E8FP1V.pt,14,80,0.0034552
split_finegrained2_L62GVU.pt,14,116,0.00346184
split_finegrained2_GSD4FK.pt,14,138,0.003499400000000001
split_finegrained2_M5NKN1.pt,14,80,0.004661120000000002
split_finegrained2_LOX4I2.pt,14,72,0.003411840000000001
split_finegrained2_JSEOIZ.pt,14,130,0.0034857199999999994
split_finegrained2_DSHB6T.pt,14,122,0.0034245400000000002
split_finegrained2_PWGXF5.pt,3,272,0.0050599799999999995
split_finegrained2_KK7NML.pt,3,232,0.00340096
split_finegrained2_G199I7.pt,3,190,0.0060950799999999975
split_finegrained2_K3XEGL.pt,3,250,0.0034503200000000006
split_finegrained2_CSO7J4.pt,3,210,0.010969960000000003
split_finegrained2_L4BMR2.pt,3,292,0.0077676799999999956
split_finegrained2_76ES2K.pt,3,242,0.007397459999999999
split_finegrained2_AW2794.pt,3,240,0.0057513999999999985
split_finegrained2_YLCO7P.pt,3,192,0.003527960000000001
split_finegrained2_0UWSNX.pt,3,230,0.0035080600000000016
split_finegrained2_SI20XU.pt,3,194,0.005650600000000001
split_finegrained2_7A0HKE.pt,3,258,0.004914339999999999
split_finegrained2_CD9SL5.pt,3,264,0.007115459999999998
split_finegrained2_L9K6BU.pt,3,278,0.010246180000000002
split_finegrained2_HISV7Y.pt,3,278,0.01023136
split_finegrained2_QHFT53.pt,3,274,0.0117708
split_finegrained2_YB91YE.pt,3,264,0.007439719999999999
split_finegrained2_YYR9GN.pt,3,198,0.016048000000000003
split_finegrained2_FSGXAN.pt,3,188,0.00370558
split_finegrained2_UG59QH.pt,3,300,0.00537924
split_finegrained2_DSXVY2.pt,7,170,0.0034210399999999998
split_finegrained2_THRM4A.pt,7,302,0.003458619999999999
split_finegrained2_RDIOZY.pt,7,134,0.006278859999999998
split_finegrained2_EWA3KT.pt,7,270,0.0034367800000000004
split_finegrained2_JLY3GT.pt,7,268,0.0034539199999999988
split_finegrained2_8VPXS7.pt,7,164,0.01414156
split_finegrained2_HB4NJC.pt,7,274,0.00347488
split_finegrained2_MRKX7H.pt,7,168,0.0034291799999999996
split_finegrained2_RUWWJH.pt,7,242,0.004404299999999999
split_finegrained2_5BCRKW.pt,7,200,0.003926800000000001
split_finegrained2_QYNQF7.pt,7,256,0.010123300000000002
split_finegrained2_95QH0C.pt,7,218,0.00343406
split_finegrained2_LOLCP4.pt,7,244,0.0034805
split_finegrained2_SH07Z0.pt,7,150,0.0034488599999999998
split_finegrained2_IREJOF.pt,7,152,0.003380699999999999
split_finegrained2_9M6QOR.pt,7,226,0.0034139799999999996
split_finegrained2_TSCBLI.pt,7,174,0.003390100000000001
split_finegrained2_1SFHL4.pt,7,160,0.00342368
split_finegrained2_1R9FNM.pt,7,172,0.00344026
split_finegrained2_KO5W6H.pt,7,196,0.006256099999999999
split_finegrained2_AH7KQ2.pt,7,100,0.010156420000000005
split_finegrained2_MIBOAF.pt,7,122,0.01101774
split_finegrained2_ITCGK1.pt,7,118,0.009045499999999998
split_finegrained2_3LSDKH.pt,7,74,0.00456232
split_finegrained2_21SME0.pt,7,78,0.004706800000000001
split_finegrained2_FWO0KJ.pt,7,114,0.0035489400000000004
split_finegrained2_PRR6G6.pt,7,114,0.011138739999999996
split_finegrained2_BQZY8I.pt,7,74,0.003542999999999999
split_finegrained2_YTQDKZ.pt,7,122,0.007494879999999997
split_finegrained2_14MGGJ.pt,7,108,0.004423219999999999
split_finegrained2_TUV9KS.pt,7,94,0.0034801
split_finegrained2_4FX408.pt,7,70,0.013199719999999993
split_finegrained2_GEWHGL.pt,7,88,0.007440919999999997
split_finegrained2_43F14I.pt,7,118,0.00343878
split_finegrained2_P2V1JE.pt,7,64,0.00397204
split_finegrained2_N00BUB.pt,7,56,0.012509059999999995
split_finegrained2_SRJQHZ.pt,7,56,0.006030140000000001
split_finegrained2_MLH7YM.pt,7,68,0.014669039999999996
split_finegrained2_6F9DP4.pt,7,84,0.00885194
split_finegrained2_RJ29FJ.pt,7,96,0.010370379999999997
split_finegrained2_PPJZRV.pt,7,120,0.007807840000000002
split_finegrained2_W3UIMB.pt,7,60,0.006476300000000002
split_finegrained2_APQ1DV.pt,7,60,0.01102474
split_finegrained2_NNYBU7.pt,7,96,0.0049838799999999996
split_finegrained2_RFPYAZ.pt,7,56,0.006759579999999999
split_finegrained2_RTTK9D.pt,7,74,0.0034412600000000002
split_finegrained2_U7LMUA.pt,7,50,0.006690680000000001
split_finegrained2_B94PWY.pt,7,82,0.003442620000000001
split_finegrained2_2KWNTI.pt,7,86,0.0051801799999999995
split_finegrained2_3HP4IE.pt,7,80,0.012325439999999998
split_finegrained2_A5CX0B.pt,7,90,0.004820099999999999
split_finegrained2_SEIN52.pt,7,110,0.00571872
split_finegrained2_OW1W54.pt,7,116,0.00339088
split_finegrained2_OQJCKU.pt,7,84,0.00339606
split_finegrained2_S6C49D.pt,7,76,0.004245519999999999
split_finegrained2_KWBD3P.pt,7,94,0.013986119999999996
split_finegrained2_SDUX5C.pt,7,54,0.0062362200000000015
split_finegrained2_70Z713.pt,7,104,0.0057887599999999996
split_finegrained2_9AA5X9.pt,7,96,0.006847739999999999
split_finegrained2_4EKGDE.pt,7,104,0.006690419999999998
split_finegrained2_8T2D15.pt,7,138,0.022605640000000003
split_finegrained2_X1A5YB.pt,7,100,0.0034213199999999994
split_finegrained2_Y8G5QE.pt,7,126,0.008376040000000003
split_finegrained2_KOKMRR.pt,7,120,0.00616188
split_finegrained2_31E06V.pt,7,106,0.004574759999999998
split_finegrained2_BOC8JF.pt,7,188,0.0034140600000000004
split_finegrained2_RRFQPK.pt,7,106,0.0034449199999999998
split_finegrained2_SDG5L2.pt,7,136,0.003479439999999999
split_finegrained2_N4ZXIT.pt,7,186,0.0034306199999999997
split_finegrained2_WTB774.pt,7,148,0.003562740000000001
split_finegrained2_FPBHSB.pt,7,156,0.008975079999999998
split_finegrained2_JTV7W0.pt,7,184,0.012357179999999999
split_finegrained2_D2BSBX.pt,7,134,0.00936828
split_finegrained2_3VKM61.pt,7,202,0.008463539999999999
split_finegrained2_C5HC66.pt,7,196,0.0034624
split_finegrained2_AIR6GH.pt,7,190,0.0034335400000000014
split_finegrained2_L5QF91.pt,7,158,0.004822880000000001
split_finegrained2_SWKTDS.pt,7,130,0.007316500000000003
split_finegrained2_VDMNQY.pt,7,90,0.0035599399999999997
split_finegrained2_EVB8YH.pt,7,128,0.005255759999999999
split_finegrained2_HHRDHW.pt,14,18,0.00631518
split_finegrained2_Q61DIB.pt,14,22,0.003409400000000001
split_finegrained2_OWOMPZ.pt,14,12,0.003426040000000001
split_finegrained2_KY2BSR.pt,14,20,0.0034682599999999995
split_finegrained2_4LJY9B.pt,14,14,0.00726468
split_finegrained2_7WNAEF.pt,14,18,0.004930620000000002
split_finegrained2_RKXTK7.pt,14,16,0.00464238
split_finegrained2_Q8BDW8.pt,14,14,0.00553008
split_finegrained2_30IAL0.pt,14,16,0.003408100000000001
split_finegrained2_OXGJF9.pt,14,12,0.00345406
split_finegrained2_ZTJ4YS.pt,14,22,0.022566980000000004
split_finegrained2_RH5AXY.pt,14,24,0.01342808
split_finegrained2_7XDB4S.pt,14,26,0.01047722
split_finegrained2_XII9HI.pt,14,20,0.006500080000000002
split_finegrained2_59MC9Y.pt,14,24,0.007419959999999998
split_finegrained2_UA9AO4.pt,14,116,0.0094569
split_finegrained2_D3VAZ1.pt,14,70,0.004399280000000001
split_finegrained2_MY5EAT.pt,14,94,0.004917080000000002
split_finegrained2_EF1NC6.pt,14,80,0.006525220000000002
split_finegrained2_A5FK9S.pt,14,114,0.0037137399999999997
split_finegrained2_6NI1NV.pt,14,102,0.0035272999999999993
split_finegrained2_IP7VG8.pt,14,66,0.003434959999999999
split_finegrained2_1233PT.pt,14,72,0.0034060399999999995
split_finegrained2_LWVRHP.pt,14,66,0.0068863000000000014
split_finegrained2_4Y01SB.pt,14,102,0.00513974
split_finegrained2_CROB1I.pt,14,92,0.0034568999999999993
split_finegrained2_0MSAX5.pt,14,140,0.003529759999999999
split_finegrained2_ABWMYT.pt,14,144,0.0034631199999999997
split_finegrained2_8H72C1.pt,14,128,0.003413899999999999
split_finegrained2_6O9W5A.pt,14,98,0.0072729599999999985
split_finegrained2_UE2SOR.pt,14,138,0.003429899999999999
split_finegrained2_ZBNI3B.pt,14,118,0.0034158600000000006
split_finegrained2_K1Q3YX.pt,14,70,0.011663779999999999
split_finegrained2_NFBV9Y.pt,14,86,0.00339214
split_finegrained2_Y511YD.pt,14,126,0.003872260000000002
split_finegrained2_E8OKV6.pt,7,158,0.003437900000000001
split_finegrained2_0I29Y5.pt,7,160,0.00483172
split_finegrained2_SSVRUJ.pt,7,250,0.0034371800000000006
split_finegrained2_O0W0RC.pt,7,124,0.013798720000000002
split_finegrained2_NOUHP0.pt,7,222,0.008004820000000001
split_finegrained2_VDLKR1.pt,7,162,0.00340802
split_finegrained2_AXXYIK.pt,7,244,0.0033855200000000004
split_finegrained2_T842AD.pt,7,222,0.0033962400000000005
split_finegrained2_T9RVN4.pt,7,176,0.0033616799999999993
split_finegrained2_5ZESVK.pt,7,188,0.007948059999999998
split_finegrained2_P84O65.pt,7,214,0.003447520000000001
split_finegrained2_LJE8GC.pt,7,230,0.008879039999999998
split_finegrained2_JW719B.pt,7,200,0.0034885800000000007
split_finegrained2_5SXJKQ.pt,7,216,0.00346814
split_finegrained2_LNTWV7.pt,7,146,0.0035158200000000002
split_finegrained2_OJY1VG.pt,7,144,0.003532840000000001
split_finegrained2_3KO5JC.pt,7,242,0.00349082
split_finegrained2_S0RV7Y.pt,7,234,0.003493679999999999
split_finegrained2_VNB1BC.pt,7,184,0.003472979999999999
split_finegrained2_SCBT6E.pt,7,176,0.003427339999999999
split_finegrained2_K029MM.pt,7,92,0.022639360000000008
split_finegrained2_IUL7JK.pt,7,102,0.0034269399999999994
split_finegrained2_KMXJVQ.pt,7,108,0.011977359999999998
split_finegrained2_1MI53N.pt,7,110,0.010060839999999998
split_finegrained2_YD0QWA.pt,7,68,0.0035540199999999997
split_finegrained2_7ZVD34.pt,7,130,0.00393128
split_finegrained2_NFMIQO.pt,7,62,0.014072540000000007
split_finegrained2_XOUL5T.pt,7,100,0.013467520000000005
split_finegrained2_K7G8IF.pt,7,132,0.00575396
split_finegrained2_3M9J3K.pt,7,114,0.0034355799999999997
split_finegrained2_O9V7UA.pt,7,112,0.011637159999999995
split_finegrained2_MNOADR.pt,7,138,0.0034606800000000003
split_finegrained2_ENMGFS.pt,7,82,0.007640760000000001
split_finegrained2_CKJ843.pt,7,82,0.005037839999999999
split_finegrained2_A1G3S7.pt,7,112,0.011632820000000004
split_finegrained2_4YSFWX.pt,7,58,0.0035283199999999993
split_finegrained2_5QVVX2.pt,7,86,0.0033952999999999995
split_finegrained2_F8JRJW.pt,7,74,0.0092325
split_finegrained2_WSG8GY.pt,7,102,0.009255
split_finegrained2_143G4M.pt,7,80,0.0034611600000000005
split_finegrained2_VF4C3R.pt,7,164,0.003438039999999999
split_finegrained2_R41C02.pt,7,170,0.003457179999999999
split_finegrained2_JQWCHC.pt,7,102,0.003442900000000001
split_finegrained2_PU5PFZ.pt,7,106,0.0034229799999999995
split_finegrained2_3VHCC4.pt,7,150,0.0034415199999999996
split_finegrained2_YNQOSB.pt,7,140,0.010390539999999995
split_finegrained2_PTBTZG.pt,7,108,0.003429100000000001
split_finegrained2_H3WAJT.pt,7,98,0.00981924
split_finegrained2_IGG33Q.pt,7,160,0.00348702
split_finegrained2_J2ZCEQ.pt,7,154,0.005901859999999998
split_finegrained2_X4FBS2.pt,7,158,0.005914839999999999
split_finegrained2_6GD60P.pt,7,152,0.006185319999999999
split_finegrained2_0G5RNW.pt,7,108,0.007427319999999999
split_finegrained2_9BJ7U9.pt,7,104,0.003410159999999999
split_finegrained2_6NHOU0.pt,7,122,0.0034486000000000004
split_finegrained2_7W7UJ7.pt,7,182,0.004532819999999999
split_finegrained2_2RCY6J.pt,7,136,0.00890506
split_finegrained2_K3LG3W.pt,7,146,0.014139320000000002
split_finegrained2_84KJ2L.pt,7,96,0.009585760000000004
split_finegrained2_B35CYL.pt,7,196,0.0034853600000000003
split_finegrained2_51LGFK.pt,14,28,0.013726179999999998
split_finegrained2_7I0PP5.pt,14,32,0.015835139999999998
split_finegrained2_IO6CCF.pt,14,38,0.0035052600000000005
split_finegrained2_WO9LY4.pt,14,34,0.0066074600000000025
split_finegrained2_F6Q1NH.pt,14,26,0.00384692
split_finegrained2_RRJ8HB.pt,14,36,0.011982200000000005
split_finegrained2_FOE56R.pt,14,22,0.0034461
split_finegrained2_KO0KYE.pt,14,36,0.00868298
split_finegrained2_5RZE23.pt,14,26,0.0034524200000000003
split_finegrained2_CUGR7I.pt,14,18,0.0103902
split_finegrained2_QZDJ8L.pt,14,24,0.003460740000000002
split_finegrained2_9LVLJG.pt,14,22,0.00451424
split_finegrained2_AQJEL6.pt,14,30,0.015042559999999998
split_finegrained2_3G2P1C.pt,14,32,0.0034274199999999987
split_finegrained2_LIFSRL.pt,14,24,0.003563359999999999
split_finegrained2_0XVZT3.pt,14,16,0.008255260000000002
split_finegrained2_ZTUFX5.pt,14,30,0.0035459800000000007
split_finegrained2_B8HKXS.pt,14,20,0.005372799999999999
split_finegrained2_KUIDRE.pt,14,20,0.0034911200000000003
split_finegrained2_Y4P6RI.pt,14,18,0.0034216399999999997
split_finegrained2_C9XCY5.pt,28,24,0.003442900000000001
split_finegrained2_WXIC9U.pt,28,12,0.004170180000000001
split_finegrained2_T2CSF3.pt,28,24,0.00343518
split_finegrained2_GYSGY6.pt,28,26,0.00343006
split_finegrained2_EF7FF7.pt,28,18,0.010646419999999997
split_finegrained2_4T0SN2.pt,28,28,0.0034558400000000017
split_finegrained2_SCPVTQ.pt,28,18,0.0034871399999999993
split_finegrained2_KQNAS3.pt,28,14,0.003502640000000001
split_finegrained2_W3KQYN.pt,28,16,0.0034633
split_finegrained2_Y29ZOI.pt,28,26,0.0035209400000000015
split_finegrained2_1ERMM9.pt,28,22,0.0035283399999999996
split_finegrained2_D5Z269.pt,28,16,0.009787719999999998
split_finegrained2_CVM7Y1.pt,28,22,0.01091292
split_finegrained2_O8QVM9.pt,28,14,0.0035279999999999995
split_finegrained2_G2WPHP.pt,28,20,0.00898512
split_finegrained2_EEK89F.pt,28,20,0.011868079999999996
split_finegrained2_9FOS7E.pt,14,6,0.013088360000000004
split_finegrained2_L3FTUW.pt,14,6,0.011122380000000003
split_finegrained2_RR6X9B.pt,14,4,0.007824840000000001
split_finegrained2_L2R5T6.pt,14,4,0.0036806600000000005
split_finegrained2_TFMS2F.pt,7,102,0.0034360800000000006
split_finegrained2_5HK734.pt,7,100,0.010415360000000007
split_finegrained2_OESJWN.pt,7,120,0.011420099999999997
split_finegrained2_VGNCXD.pt,7,104,0.012303360000000001
split_finegrained2_72GF66.pt,7,152,0.023155299999999993
split_finegrained2_C6PA7Y.pt,7,148,0.00346646
split_finegrained2_K19IJK.pt,7,150,0.015989220000000002
split_finegrained2_T6HIGM.pt,7,126,0.003488859999999999
split_finegrained2_7F92GG.pt,7,134,0.003559379999999999
split_finegrained2_WBDZG4.pt,7,142,0.003772720000000002
split_finegrained2_U3RWZ5.pt,7,140,0.0037805200000000008
split_finegrained2_M224KB.pt,7,78,0.006979640000000001
split_finegrained2_L2JFKE.pt,7,112,0.00347162
split_finegrained2_6BRMAR.pt,7,140,0.003951080000000001
split_finegrained2_1HBAYI.pt,7,144,0.0034417199999999992
split_finegrained2_MYVAVL.pt,7,130,0.0072084000000000046
split_finegrained2_QHJMVE.pt,7,110,0.0034906800000000003
split_finegrained2_0MJV5D.pt,7,98,0.0137035
split_finegrained2_6ZULL8.pt,7,124,0.0034925200000000007
split_finegrained2_VVATCG.pt,7,146,0.003551559999999999
split_finegrained2_B2ZTGW.pt,7,376,0.0034253599999999997
split_finegrained2_IU8I53.pt,7,238,0.0034642799999999997
split_finegrained2_A9GLLD.pt,7,450,0.003473180000000001
split_finegrained2_8YCH53.pt,7,516,0.011217779999999997
split_finegrained2_7DURYP.pt,7,260,0.004592020000000001
split_finegrained2_QFRV51.pt,7,472,0.0034663399999999996
split_finegrained2_LPEBL0.pt,7,278,0.0034105599999999995
split_finegrained2_QIR8S1.pt,7,432,0.0034718999999999987
split_finegrained2_LDBRW3.pt,7,422,0.00487066
split_finegrained2_63MDKE.pt,7,476,0.00643802
split_finegrained2_UHEKRV.pt,7,518,0.0034581000000000004
split_finegrained2_MD1LL8.pt,7,452,0.007582999999999999
split_finegrained2_PNS0IZ.pt,7,232,0.00743354
split_finegrained2_08S7BI.pt,7,220,0.00358006
split_finegrained2_ZJXN3R.pt,7,506,0.0035132799999999997
split_finegrained2_AYG2IA.pt,7,512,0.0034961600000000003
split_finegrained2_NMZWSY.pt,7,452,0.0034858999999999997
split_finegrained2_YIPVKI.pt,7,450,0.005958440000000001
split_finegrained2_GMXC8I.pt,7,406,0.007601039999999998
split_finegrained2_0I8ZMP.pt,7,426,0.010701259999999999
split_finegrained2_3557LY.pt,7,184,0.00819912
split_finegrained2_OHX1GD.pt,7,124,0.0038014399999999997
split_finegrained2_BQGGLB.pt,7,118,0.003489719999999999
split_finegrained2_PWQYXN.pt,7,188,0.0034488400000000003
split_finegrained2_5P3G26.pt,7,166,0.00870898
split_finegrained2_VPPEKG.pt,7,170,0.00347156
split_finegrained2_2YN3OO.pt,7,144,0.0034493400000000013
split_finegrained2_LGJTPQ.pt,7,120,0.011514199999999997
split_finegrained2_F3ABC8.pt,7,132,0.004635739999999999
split_finegrained2_UX6U5I.pt,7,154,0.0036293000000000007
split_finegrained2_KZN6GI.pt,7,156,0.003533300000000001
split_finegrained2_QPRQ93.pt,7,158,0.0034756000000000006
split_finegrained2_VS7EX3.pt,7,156,0.008070999999999997
split_finegrained2_T1SU57.pt,7,172,0.008671219999999997
split_finegrained2_JTKWOH.pt,7,96,0.009114800000000001
split_finegrained2_51DPPX.pt,7,174,0.00571522
split_finegrained2_G2YLGX.pt,7,98,0.006602620000000001
split_finegrained2_MJMXUY.pt,7,150,0.003478039999999999
split_finegrained2_NC2WJH.pt,7,136,0.00902878
split_finegrained2_F76DQB.pt,7,138,0.003402239999999999
split_finegrained2_R9ZIBD.pt,7,486,0.00347996
split_finegrained2_6NPN4V.pt,7,480,0.006364659999999999
split_finegrained2_12GOXQ.pt,7,566,0.0034877800000000002
split_finegrained2_VAYWUR.pt,7,586,0.0034635199999999994
split_finegrained2_3SLOV3.pt,7,438,0.0035068200000000016
split_finegrained2_46G1BD.pt,7,516,0.004207039999999999
split_finegrained2_BCPHQT.pt,7,476,0.0034486399999999993
split_finegrained2_SEXX2Z.pt,7,440,0.0034211399999999996
split_finegrained2_JYFXGS.pt,7,376,0.0034103
split_finegrained2_WG1WX4.pt,7,478,0.008325720000000002
split_finegrained2_MBFU3E.pt,7,520,0.0034240600000000005
split_finegrained2_0PRE4X.pt,7,462,0.00344024
split_finegrained2_XGDH1X.pt,7,310,0.00343832
split_finegrained2_OTGFHJ.pt,7,426,0.0034002
split_finegrained2_8Q2VR8.pt,7,588,0.003441619999999998
split_finegrained2_5OVX4V.pt,7,492,0.0034426199999999995
split_finegrained2_L9CBWF.pt,7,334,0.0033790999999999995
split_finegrained2_E3FG5P.pt,7,474,0.0034730399999999993
split_finegrained2_0ZHBMD.pt,7,610,0.0033997599999999995
split_finegrained2_UWIYMX.pt,7,286,0.0034064599999999987
split_finegrained2_4XQYNL.pt,3,364,0.008758500000000004
split_finegrained2_567OXO.pt,3,360,0.0068758
split_finegrained2_UETCIB.pt,3,516,0.003496279999999999
split_finegrained2_E693C9.pt,3,592,0.005585379999999997
split_finegrained2_JAQHNR.pt,3,572,0.0034719
split_finegrained2_JC952E.pt,3,340,0.004230499999999999
split_finegrained2_G50SGN.pt,3,296,0.00519778
split_finegrained2_DZ7DES.pt,3,566,0.003434899999999999
split_finegrained2_IGE32C.pt,3,322,0.0034576400000000005
split_finegrained2_LFMFHG.pt,3,486,0.003459259999999999
split_finegrained2_RCCEOC.pt,3,388,0.0066798199999999995
split_finegrained2_QYQLWO.pt,3,284,0.0044874999999999984
split_finegrained2_I5ZEI5.pt,3,590,0.0034081999999999997
split_finegrained2_BP7PLC.pt,3,462,0.01272558
split_finegrained2_O9XX3Z.pt,3,458,0.003446059999999999
split_finegrained2_CY39UZ.pt,3,308,0.0065371000000000005
split_finegrained2_TQESK5.pt,3,322,0.00349986
split_finegrained2_ZGXPQP.pt,3,346,0.003667180000000001
split_finegrained2_1YSK8H.pt,3,262,0.004575119999999999
split_finegrained2_IRUEA7.pt,3,352,0.006321860000000002
split_finegrained2_S0YZOA.pt,14,14,0.013391999999999998
split_finegrained2_97XRK0.pt,14,16,0.003449559999999999
split_finegrained2_LB7HW1.pt,14,16,0.0038597199999999996
split_finegrained2_TET6DS.pt,14,26,0.013522679999999999
split_finegrained2_X0V326.pt,14,22,0.01262082
split_finegrained2_YK73RT.pt,14,20,0.011933840000000005
split_finegrained2_WJYSLH.pt,14,18,0.006355100000000003
split_finegrained2_P4867G.pt,14,18,0.004368339999999999
split_finegrained2_XYCB6L.pt,14,12,0.003402959999999999
split_finegrained2_SE8DKT.pt,14,22,0.008862940000000003
split_finegrained2_GA6G33.pt,14,28,0.00952266
split_finegrained2_JXWGGO.pt,14,24,0.004280820000000001
split_finegrained2_WG3P4X.pt,14,26,0.00344568
split_finegrained2_P1SL9P.pt,14,24,0.0098723
split_finegrained2_SRWD49.pt,14,20,0.008016660000000002
split_finegrained2_W8YMQW.pt,14,14,0.006781379999999999
split_finegrained2_8LZH9P.pt,3,50,0.003407000000000001
split_finegrained2_3QLM92.pt,3,40,0.00351386
split_finegrained2_YEWL8K.pt,3,26,0.0034791
split_finegrained2_B9KU8O.pt,3,28,0.010752759999999998
split_finegrained2_M1DJYQ.pt,3,34,0.006532179999999999
split_finegrained2_VU1BIV.pt,3,28,0.013412140000000006
split_finegrained2_G9ARXO.pt,3,44,0.0035227400000000003
split_finegrained2_TY3WBQ.pt,3,30,0.00337996
split_finegrained2_L68NLK.pt,3,34,0.008984999999999998
split_finegrained2_MYOIZM.pt,3,24,0.007648339999999999
split_finegrained2_AKFY1P.pt,3,22,0.00341194
split_finegrained2_PJI0IE.pt,3,48,0.0041689399999999995
split_finegrained2_SN3IE8.pt,3,44,0.0066371400000000014
split_finegrained2_V51MHW.pt,3,30,0.0047732400000000015
split_finegrained2_HHRPGS.pt,3,40,0.003501700000000001
split_finegrained2_7N49FH.pt,3,36,0.0035030400000000002
split_finegrained2_YWA428.pt,3,38,0.010352860000000002
split_finegrained2_CRJ4L9.pt,3,46,0.016172959999999997
split_finegrained2_GPEN1U.pt,3,46,0.005358860000000002
split_finegrained2_2Q48U1.pt,3,36,0.013104300000000004
split_finegrained2_BCCUET.pt,7,320,0.0070639
split_finegrained2_1ST38R.pt,7,208,0.0034155000000000006
split_finegrained2_RJC4BY.pt,7,146,0.00348938
split_finegrained2_2H99HO.pt,7,200,0.006339820000000001
split_finegrained2_U0TX2G.pt,7,222,0.0034670399999999994
split_finegrained2_MYJ0BQ.pt,7,220,0.0034792
split_finegrained2_O8L3XM.pt,7,194,0.0034674800000000006
split_finegrained2_GD57VG.pt,7,266,0.0037792799999999986
split_finegrained2_T85PX7.pt,7,330,0.00347724
split_finegrained2_2ATCIP.pt,7,230,0.01451168
split_finegrained2_8LVL3N.pt,7,210,0.0034471399999999996
split_finegrained2_KM8CTF.pt,7,236,0.0035671200000000004
split_finegrained2_OA6MOT.pt,7,180,0.0035759599999999996
split_finegrained2_O1SUWD.pt,7,154,0.00495216
split_finegrained2_7II2KY.pt,7,180,0.0034138199999999997
split_finegrained2_UM1379.pt,7,226,0.003455999999999999
split_finegrained2_CX73JF.pt,7,318,0.00362602
split_finegrained2_VR8LY8.pt,7,162,0.003461159999999999
split_finegrained2_3YEGXE.pt,7,260,0.0034233799999999997
split_finegrained2_9ORP36.pt,7,340,0.0034131599999999997
split_finegrained2_JS287U.pt,7,8,0.004424199999999998
split_finegrained2_TT3G2M.pt,7,6,0.004348980000000001
split_finegrained2_X4I0DN.pt,7,10,0.003925919999999999
split_finegrained2_SQ76EM.pt,7,14,0.00468732
split_finegrained2_OZLG0M.pt,7,8,0.003459219999999999
split_finegrained2_H4N10D.pt,7,12,0.007642760000000003
split_finegrained2_E3YP9D.pt,7,10,0.0036583800000000014
split_finegrained2_MXJQBA.pt,7,12,0.012729260000000003
split_finegrained2_CTYFMG.pt,14,14,0.0034342
split_finegrained2_LXACXF.pt,14,22,0.003480820000000001
split_finegrained2_Z4TJTR.pt,14,18,0.0034877800000000002
split_finegrained2_EJ5T7D.pt,14,26,0.007411140000000003
split_finegrained2_HEMAZK.pt,14,20,0.0034202800000000004
split_finegrained2_46ZAFN.pt,14,30,0.01294878
split_finegrained2_KSZPCT.pt,14,28,0.0034217799999999993
split_finegrained2_92TXXZ.pt,14,32,0.0034295000000000007
split_finegrained2_EGXFHU.pt,14,30,0.00459774
split_finegrained2_AGWBIV.pt,14,26,0.0034902799999999997
split_finegrained2_E9W0ET.pt,14,28,0.006892959999999999
split_finegrained2_9IIZ3L.pt,14,24,0.005384940000000001
split_finegrained2_ZCN3TH.pt,14,18,0.0035650599999999992
split_finegrained2_20N1F9.pt,14,16,0.0034608200000000007
split_finegrained2_DRYAQE.pt,14,22,0.01205934
split_finegrained2_L1K237.pt,14,24,0.004942599999999999
split_finegrained2_WKZ68V.pt,14,16,0.0035071399999999993
split_finegrained2_12MDLY.pt,14,20,0.004712759999999999
split_finegrained2_L0KQII.pt,14,32,0.0034590800000000007
split_finegrained2_GEVFPD.pt,14,110,0.0034226999999999994
split_finegrained2_G50FMB.pt,14,124,0.003388039999999999
split_finegrained2_TE9ZSD.pt,14,78,0.0034494599999999997
split_finegrained2_SRC640.pt,14,64,0.0034194800000000008
split_finegrained2_1ARL2R.pt,14,68,0.0034403599999999995
split_finegrained2_ED15JC.pt,14,126,0.003408
split_finegrained2_A6ITJO.pt,14,80,0.0033939200000000004
split_finegrained2_AHL3R9.pt,14,116,0.0034402400000000007
split_finegrained2_C397BB.pt,14,104,0.003435880000000001
split_finegrained2_SGYA2C.pt,14,102,0.012279499999999999
split_finegrained2_4RHV2P.pt,14,98,0.0033871999999999995
split_finegrained2_RHE48S.pt,14,92,0.0034399799999999996
split_finegrained2_UUB7HE.pt,14,58,0.0034774199999999993
split_finegrained2_WJEQQ5.pt,14,130,0.00345126
split_finegrained2_NVI3UA.pt,14,104,0.005175080000000001
split_finegrained2_YU6ALW.pt,14,122,0.004174540000000001
split_finegrained2_DVHS3K.pt,14,134,0.0034718399999999995
split_finegrained2_3ZQ24T.pt,14,94,0.0035738199999999997
split_finegrained2_QHAMKT.pt,14,88,0.0035235599999999994
split_finegrained2_07FFL9.pt,14,90,0.003416440000000001
split_finegrained2_DPX3KX.pt,14,58,0.010307520000000006
split_finegrained2_BQ52Z3.pt,14,64,0.0034318000000000005
split_finegrained2_ZV4VCW.pt,14,80,0.0034293399999999995
split_finegrained2_OWPHCP.pt,14,86,0.0038571200000000003
split_finegrained2_BNVXAJ.pt,14,64,0.003546640000000001
split_finegrained2_SWSBC1.pt,14,84,0.007220939999999999
split_finegrained2_YF5464.pt,14,58,0.01218342
split_finegrained2_BCTSLQ.pt,14,72,0.0091215
split_finegrained2_GF1IKE.pt,14,76,0.00499618
split_finegrained2_AZ9QJC.pt,14,44,0.014504859999999993
split_finegrained2_SHBSB5.pt,14,82,0.006614059999999998
split_finegrained2_MZKOST.pt,14,62,0.003423100000000001
split_finegrained2_7VQZ2V.pt,14,46,0.014266919999999999
split_finegrained2_JCDNRS.pt,14,94,0.003485919999999999
split_finegrained2_Z6IEHQ.pt,14,40,0.0034944600000000004
split_finegrained2_GO1D3P.pt,14,74,0.0034440800000000004
split_finegrained2_5E12U3.pt,14,96,0.0034137799999999986
split_finegrained2_U243ER.pt,14,84,0.003589940000000001
split_finegrained2_Z2PTQN.pt,14,66,0.0034815800000000006
split_finegrained2_LK62WF.pt,14,74,0.0036171200000000014
split_finegrained2_LYTAKY.pt,1,182,0.004123999999999999
split_finegrained2_ZZUYQQ.pt,1,118,0.0034401
split_finegrained2_A4CRYK.pt,1,178,0.0034372599999999997
split_finegrained2_SJ1067.pt,1,208,0.0034533600000000004
split_finegrained2_G3BJIZ.pt,1,196,0.008774959999999997
split_finegrained2_3MYRIO.pt,1,234,0.009965600000000002
split_finegrained2_3QRD1X.pt,1,154,0.007565519999999999
split_finegrained2_QZUQR3.pt,1,250,0.006625020000000002
split_finegrained2_H8AXS0.pt,1,122,0.00344846
split_finegrained2_UGYHZR.pt,1,118,0.012945000000000005
split_finegrained2_EG6IOB.pt,1,252,0.011686340000000007
split_finegrained2_C0T3WQ.pt,1,124,0.01042984
split_finegrained2_7TDU89.pt,1,256,0.010291420000000006
split_finegrained2_AW5ZLF.pt,1,164,0.009151320000000001
split_finegrained2_R8SZRU.pt,1,174,0.006670360000000001
split_finegrained2_CUDURI.pt,1,124,0.00560334
split_finegrained2_HDYTWB.pt,1,116,0.016428080000000005
split_finegrained2_B977BK.pt,1,152,0.0088674
split_finegrained2_5868UN.pt,1,202,0.0034426999999999986
split_finegrained2_GZAA40.pt,1,234,0.004582340000000001
split_finegrained2_KNTN9B.pt,14,214,0.0033986199999999998
split_finegrained2_SWL2S2.pt,14,106,0.010223820000000003
split_finegrained2_U249GA.pt,14,98,0.0034252600000000007
split_finegrained2_W6RPSY.pt,14,194,0.00344878
split_finegrained2_WCMKDL.pt,14,132,0.00340872
split_finegrained2_FHRGDZ.pt,14,206,0.005564420000000001
split_finegrained2_QDSQ30.pt,14,206,0.0034709599999999995
split_finegrained2_16O7KY.pt,14,188,0.0034537799999999996
split_finegrained2_9POP86.pt,14,180,0.003472340000000001
split_finegrained2_9JUAPX.pt,14,126,0.0034396600000000006
split_finegrained2_G6VUKM.pt,14,96,0.008466799999999998
split_finegrained2_WYVXPO.pt,14,184,0.0034499600000000015
split_finegrained2_42W4J6.pt,14,212,0.0034400000000000008
split_finegrained2_O6OY1L.pt,14,130,0.0034338600000000004
split_finegrained2_Q9SQP7.pt,14,210,0.003453139999999999
split_finegrained2_YIXUV0.pt,14,216,0.003516740000000001
split_finegrained2_F8CPNZ.pt,14,98,0.0034520200000000014
split_finegrained2_R2YLBL.pt,14,136,0.0034363999999999996
split_finegrained2_F7VTWG.pt,14,166,0.003442920000000001
split_finegrained2_NWJEIX.pt,14,210,0.003419019999999999
split_finegrained2_FY2WBO.pt,3,54,0.003417260000000001
split_finegrained2_C1R31J.pt,3,32,0.005833040000000001
split_finegrained2_M3S52P.pt,3,32,0.00373624
split_finegrained2_8PNJZU.pt,3,40,0.007619819999999999
split_finegrained2_022XL9.pt,3,42,0.00773046
split_finegrained2_3AC4HE.pt,3,48,0.003455679999999999
split_finegrained2_4EPHBL.pt,3,38,0.0034214999999999996
split_finegrained2_152RT4.pt,3,60,0.0063439599999999974
split_finegrained2_GV2E2Q.pt,3,58,0.01004734
split_finegrained2_2WUR0E.pt,3,56,0.007603400000000002
split_finegrained2_QXZ3H9.pt,3,56,0.0034180200000000016
split_finegrained2_AGCADK.pt,3,50,0.0034773799999999995
split_finegrained2_MIKQ7R.pt,3,52,0.0034232800000000003
split_finegrained2_Q017J4.pt,3,36,0.0050204
split_finegrained2_NR29V2.pt,3,44,0.008409120000000003
split_finegrained2_S6RHTN.pt,3,52,0.005971279999999999
split_finegrained2_K4NOS4.pt,3,54,0.017985079999999997
split_finegrained2_O07OO3.pt,3,46,0.0035794999999999993
split_finegrained2_MWLVFJ.pt,3,62,0.012814399999999998
split_finegrained2_S6WS6G.pt,3,34,0.009317020000000004
split_finegrained2_MRYT47.pt,14,40,0.013113339999999998
split_finegrained2_SJ0IFV.pt,14,42,0.003954900000000001
split_finegrained2_BMG24X.pt,14,68,0.008794579999999996
split_finegrained2_NLZ4BW.pt,14,36,0.014697019999999996
split_finegrained2_EG3BM3.pt,14,36,0.003593039999999999
split_finegrained2_KWP7X0.pt,14,72,0.00347972
split_finegrained2_EKGGPP.pt,14,48,0.003454759999999999
split_finegrained2_XGJLID.pt,14,46,0.008946059999999999
split_finegrained2_OEAPE8.pt,14,68,0.00350648
split_finegrained2_IOXXSL.pt,14,66,0.0034946800000000004
split_finegrained2_7WJ32B.pt,14,40,0.003409319999999999
split_finegrained2_YTAI1Q.pt,14,32,0.0226577
split_finegrained2_XT9JFB.pt,14,62,0.005737280000000001
split_finegrained2_OI0UYE.pt,14,44,0.0059755799999999994
split_finegrained2_K5835K.pt,14,32,0.00469254
split_finegrained2_SC1RRU.pt,14,34,0.0095788
split_finegrained2_P9LZ1C.pt,14,54,0.005832239999999999
split_finegrained2_0XSREK.pt,14,64,0.0033796399999999993
split_finegrained2_X1KM0I.pt,14,52,0.0035467599999999995
split_finegrained2_WXLRZP.pt,14,38,0.0034399799999999996
split_finegrained2_9EXD3E.pt,7,36,0.004156499999999999
split_finegrained2_2KYA3G.pt,7,70,0.00836364
split_finegrained2_BGPX3T.pt,7,66,0.009945099999999998
split_finegrained2_MWWKXP.pt,7,42,0.009203540000000003
split_finegrained2_VJGHVE.pt,7,76,0.006031799999999997
split_finegrained2_CUZS9Y.pt,7,68,0.0034947999999999984
split_finegrained2_EHM994.pt,7,52,0.01643482
split_finegrained2_I6FH5J.pt,7,66,0.00353216
split_finegrained2_1JYWC3.pt,7,48,0.0034209000000000006
split_finegrained2_GGFIB3.pt,7,68,0.009349400000000003
split_finegrained2_MGL8VD.pt,7,74,0.0035379799999999983
split_finegrained2_P5DS89.pt,7,44,0.0034359200000000007
split_finegrained2_6RUIXT.pt,7,38,0.00409246
split_finegrained2_F2QQNQ.pt,7,42,0.0034613199999999995
split_finegrained2_OBA8A1.pt,7,72,0.006740900000000001
split_finegrained2_OUQ7I4.pt,7,74,0.003461
split_finegrained2_2MJF3M.pt,7,52,0.00818414
split_finegrained2_V1ORRK.pt,7,36,0.004955819999999998
split_finegrained2_UUC39O.pt,7,46,0.010719300000000003
split_finegrained2_AMWYGS.pt,7,60,0.005086160000000001
split_finegrained2_85RKU9.pt,14,58,0.003534999999999999
split_finegrained2_VPCG0S.pt,14,64,0.0034431400000000012
split_finegrained2_OPNS77.pt,14,36,0.0077715599999999985
split_finegrained2_Q558KM.pt,14,58,0.0035146800000000005
split_finegrained2_P9FS5J.pt,14,56,0.0034744199999999998
split_finegrained2_YVY9TX.pt,14,66,0.00401468
split_finegrained2_ZAQN1B.pt,14,50,0.0034385600000000007
split_finegrained2_4OU5TP.pt,14,46,0.003541540000000001
split_finegrained2_B8LVF4.pt,14,62,0.00917374
split_finegrained2_1NHZLO.pt,14,40,0.0034161
split_finegrained2_45S5QK.pt,14,28,0.00536064
split_finegrained2_7TQQJY.pt,14,60,0.005841019999999999
split_finegrained2_40V4O2.pt,14,34,0.017227999999999997
split_finegrained2_EEEJG8.pt,14,44,0.00712482
split_finegrained2_PA3MMX.pt,14,52,0.00343048
split_finegrained2_GLSKGU.pt,14,32,0.00647122
split_finegrained2_57849P.pt,14,66,0.003393199999999999
split_finegrained2_SU4JZ6.pt,14,52,0.0033994399999999997
split_finegrained2_A3ZT9L.pt,14,30,0.0034741999999999993
split_finegrained2_KB4KB0.pt,14,42,0.00612368
split_finegrained2_6MLX1P.pt,7,114,0.01618498
split_finegrained2_MP5EIR.pt,7,74,0.0034795000000000004
split_finegrained2_MP7D7N.pt,7,122,0.0034746400000000006
split_finegrained2_PUVJL2.pt,7,88,0.00938438
split_finegrained2_513AHO.pt,7,100,0.00479078
split_finegrained2_V4VV97.pt,7,88,0.007269540000000002
split_finegrained2_KL99WW.pt,7,102,0.0034196599999999993
split_finegrained2_LT7WIR.pt,7,112,0.003647020000000002
split_finegrained2_TVUSU6.pt,7,130,0.0034622199999999994
split_finegrained2_SMK04I.pt,7,64,0.0034519199999999994
split_finegrained2_ANBTIC.pt,7,94,0.007194739999999998
split_finegrained2_DGCCES.pt,7,124,0.0060870999999999955
split_finegrained2_9X5YT3.pt,7,66,0.00729754
split_finegrained2_2WNBVQ.pt,7,136,0.006614720000000001
split_finegrained2_204E7L.pt,7,106,0.011656040000000003
split_finegrained2_JJP2OA.pt,7,96,0.0102531
split_finegrained2_F2Y9U7.pt,7,84,0.0066924800000000015
split_finegrained2_9M2SH0.pt,7,82,0.003478480000000001
split_finegrained2_T4WNZL.pt,7,134,0.0034737199999999996
split_finegrained2_EZQKMY.pt,7,76,0.003654440000000001
split_finegrained2_2RL5NO.pt,14,10,0.017065639999999997
split_finegrained2_I1B3WU.pt,14,12,0.014445139999999993
split_finegrained2_6K7P2E.pt,14,8,0.003995960000000001
split_finegrained2_BN8M1H.pt,14,10,0.0034201800000000014
split_finegrained2_MQMSV1.pt,14,12,0.00337928
split_finegrained2_PRLLTS.pt,14,6,0.0035285600000000005
split_finegrained2_FGKCYS.pt,14,14,0.00345252
split_finegrained2_E1NPQS.pt,14,8,0.010257459999999998
split_finegrained2_RD0VPW.pt,7,100,0.004209780000000001
split_finegrained2_WEH7CU.pt,7,72,0.006659479999999998
split_finegrained2_314ERA.pt,7,94,0.005599819999999998
split_finegrained2_JK36QI.pt,7,106,0.008545080000000004
split_finegrained2_1V7FLQ.pt,7,64,0.008901179999999998
split_finegrained2_ZQ2S5W.pt,7,52,0.009914300000000001
split_finegrained2_YDQ5ZN.pt,7,58,0.01029636
split_finegrained2_BTMAMN.pt,7,62,0.00767998
split_finegrained2_FTKD80.pt,7,78,0.0061929800000000024
split_finegrained2_DSOQZC.pt,7,62,0.007072419999999999
split_finegrained2_RJ5RLO.pt,7,84,0.0033955199999999995
split_finegrained2_O191M4.pt,7,122,0.0034620399999999996
split_finegrained2_KCV6QD.pt,7,68,0.003432659999999999
split_finegrained2_SVXTBK.pt,7,56,0.005311060000000003
split_finegrained2_QFP1KO.pt,7,78,0.0036249399999999997
split_finegrained2_S8SELU.pt,7,94,0.003425540000000001
split_finegrained2_Y0FJT7.pt,7,82,0.004353819999999999
split_finegrained2_UHTH61.pt,7,110,0.003491080000000002
split_finegrained2_1YN3OU.pt,7,80,0.00380518
split_finegrained2_E0M65G.pt,7,116,0.013234139999999997
split_finegrained2_3G1663.pt,7,480,0.00349616
split_finegrained2_1VA4J0.pt,7,364,0.00514692
split_finegrained2_05J2PA.pt,7,462,0.003545239999999999
split_finegrained2_COF0KN.pt,7,354,0.009216859999999997
split_finegrained2_NEE8KZ.pt,7,614,0.0034217600000000003
split_finegrained2_2FZ77K.pt,7,440,0.0034038800000000006
split_finegrained2_G87NS1.pt,7,446,0.0033960800000000014
split_finegrained2_0BWE1Z.pt,7,270,0.0034258199999999996
split_finegrained2_AB1BHU.pt,7,488,0.003503360000000001
split_finegrained2_J7AIL2.pt,7,408,0.023326680000000002
split_finegrained2_VC33LL.pt,7,578,0.0034270800000000008
split_finegrained2_C0W8AU.pt,7,344,0.007957899999999997
split_finegrained2_F3APLU.pt,7,624,0.00346816
split_finegrained2_L69OT6.pt,7,442,0.0034604800000000006
split_finegrained2_CQR6BV.pt,7,532,0.003460819999999999
split_finegrained2_P85LMG.pt,7,446,0.0034236600000000007
split_finegrained2_MYZLLP.pt,7,266,0.0034448800000000013
split_finegrained2_0DQHOW.pt,7,506,0.003420499999999999
split_finegrained2_B2S599.pt,7,314,0.0034247799999999997
split_finegrained2_U1JTYS.pt,7,514,0.00967
split_finegrained2_WTE9LI.pt,7,198,0.003491
split_finegrained2_711UGF.pt,7,166,0.00352044
split_finegrained2_LHZOE8.pt,7,146,0.003451160000000001
split_finegrained2_K0ZWP8.pt,7,216,0.00344724
split_finegrained2_9A2D3C.pt,7,104,0.003628179999999999
split_finegrained2_5HGDOM.pt,7,182,0.0066247599999999995
split_finegrained2_4XW7O3.pt,7,140,0.0034396999999999995
split_finegrained2_QVQDND.pt,7,166,0.0034880599999999994
split_finegrained2_0LNK7F.pt,7,196,0.003411860000000001
split_finegrained2_01FWY1.pt,7,218,0.0035652599999999993
split_finegrained2_4PHHC1.pt,7,192,0.008983700000000002
split_finegrained2_H56D66.pt,7,186,0.010264699999999995
split_finegrained2_BALVYO.pt,7,220,0.008920360000000002
split_finegrained2_LRQHSF.pt,7,122,0.00399966
split_finegrained2_H0J0YV.pt,7,178,0.003436
split_finegrained2_84D32E.pt,7,208,0.00349076
split_finegrained2_2XRQTE.pt,7,194,0.008180219999999997
split_finegrained2_084OLL.pt,7,112,0.00692884
split_finegrained2_AUFXKU.pt,7,108,0.0035149
split_finegrained2_MRY4BJ.pt,7,146,0.0034734399999999986
split_finegrained2_ERCYR2.pt,3,32,0.00397132
split_finegrained2_DFZ49M.pt,3,52,0.013884100000000005
split_finegrained2_4KIVJN.pt,3,28,0.011288559999999998
split_finegrained2_JLNBP3.pt,3,46,0.014617999999999999
split_finegrained2_36Y60A.pt,3,58,0.013340759999999997
split_finegrained2_JJV8PN.pt,3,60,0.01503656
split_finegrained2_IHFRGK.pt,3,42,0.016859819999999998
split_finegrained2_H297NQ.pt,3,38,0.006773440000000003
split_finegrained2_9HUG70.pt,3,38,0.003524200000000001
split_finegrained2_5ZZFPF.pt,3,54,0.00589052
split_finegrained2_4NUU39.pt,3,40,0.005516659999999999
split_finegrained2_5ZBJIB.pt,3,50,0.009188859999999998
split_finegrained2_W4QNYG.pt,3,56,0.010039659999999999
split_finegrained2_9CGHCR.pt,3,30,0.005703680000000001
split_finegrained2_2KW352.pt,3,48,0.010076659999999998
split_finegrained2_8CGWSM.pt,3,28,0.013861320000000002
split_finegrained2_IXSZ2O.pt,3,44,0.011348219999999997
split_finegrained2_PG9TMT.pt,3,48,0.0092094
split_finegrained2_YM8WFB.pt,3,30,0.0070668599999999995
split_finegrained2_2RYZ14.pt,3,56,0.00816168
split_finegrained2_53N8D0.pt,7,38,0.006073619999999999
split_finegrained2_KW40VS.pt,7,56,0.01077048
split_finegrained2_TIRJKR.pt,7,52,0.0034295799999999993
split_finegrained2_IOGXPO.pt,7,44,0.005416540000000002
split_finegrained2_U3F70C.pt,7,42,0.009690920000000002
split_finegrained2_0CZH4I.pt,7,66,0.007727819999999999
split_finegrained2_H8RA28.pt,7,36,0.0074857
split_finegrained2_KLGN2E.pt,7,64,0.003432860000000001
split_finegrained2_LY3YTA.pt,7,50,0.009854239999999997
split_finegrained2_SWYGSG.pt,7,62,0.0107955
split_finegrained2_JEIJQR.pt,7,70,0.00864236
split_finegrained2_WH6MNY.pt,7,54,0.006726719999999999
split_finegrained2_7HHXDC.pt,7,60,0.012118379999999995
split_finegrained2_OCTVAE.pt,7,34,0.01720242
split_finegrained2_OQ4MHL.pt,7,62,0.0034080599999999983
split_finegrained2_WCKWGR.pt,7,36,0.013795440000000003
split_finegrained2_YIQOOT.pt,7,32,0.00864222
split_finegrained2_C4UVDJ.pt,7,42,0.00342854
split_finegrained2_YW1RGJ.pt,7,30,0.008145940000000004
split_finegrained2_X7UTM3.pt,7,44,0.010851279999999998
split_finegrained2_2LB6FI.pt,14,76,0.011554640000000005
split_finegrained2_I8QD7H.pt,14,38,0.022850540000000006
split_finegrained2_RR50FA.pt,14,46,0.0034812199999999984
split_finegrained2_56YRHS.pt,14,50,0.010908539999999998
split_finegrained2_HPTDQA.pt,14,74,0.0034136
split_finegrained2_OKI0KL.pt,14,62,0.0039367000000000004
split_finegrained2_59ZM26.pt,14,66,0.006031940000000002
split_finegrained2_NUVIOG.pt,14,72,0.003423779999999999
split_finegrained2_BMT1BG.pt,14,78,0.0034545200000000004
split_finegrained2_6VG8MN.pt,14,62,0.009221459999999997
split_finegrained2_XWWTAI.pt,14,48,0.003525
split_finegrained2_4157MS.pt,14,54,0.003471860000000001
split_finegrained2_2HY5OF.pt,14,40,0.0034792399999999998
split_finegrained2_4UN0EM.pt,14,66,0.003442039999999999
split_finegrained2_8NDJA8.pt,14,68,0.00340122
split_finegrained2_0I6SVF.pt,14,58,0.0034619599999999996
split_finegrained2_92LYGU.pt,14,34,0.003483959999999998
split_finegrained2_EK70EB.pt,14,44,0.013407939999999998
split_finegrained2_R49Y2E.pt,14,68,0.009256900000000002
split_finegrained2_HIR5EI.pt,14,42,0.0035646000000000007
split_finegrained2_OMT9Z1.pt,7,132,0.00728288
split_finegrained2_RU15BD.pt,7,244,0.013501939999999999
split_finegrained2_0EANAB.pt,7,146,0.004745620000000001
split_finegrained2_Q2VT7X.pt,7,174,0.008411220000000004
split_finegrained2_NM8X3C.pt,7,302,0.01134866
split_finegrained2_J3RHU0.pt,7,214,0.00577168
split_finegrained2_TXGJXK.pt,7,232,0.0034831399999999996
split_finegrained2_ZTFXIJ.pt,7,276,0.0034252000000000015
split_finegrained2_DDXVX2.pt,7,226,0.0034542000000000006
split_finegrained2_LAOW2R.pt,7,202,0.0051277399999999996
split_finegrained2_36G2FK.pt,7,158,0.004412479999999999
split_finegrained2_86UVCR.pt,7,172,0.022672900000000006
split_finegrained2_NPMQD3.pt,7,228,0.006690199999999997
split_finegrained2_39F55V.pt,7,154,0.003407739999999999
split_finegrained2_SAH91X.pt,7,262,0.0034103999999999996
split_finegrained2_E2TTW6.pt,7,208,0.013191019999999998
split_finegrained2_9PMXS3.pt,7,142,0.00351448
split_finegrained2_1K3CIK.pt,7,252,0.0034318399999999994
split_finegrained2_NZQWIA.pt,7,294,0.01183126
split_finegrained2_MET9NQ.pt,7,270,0.003434300000000001
split_finegrained2_2GR7FM.pt,7,50,0.0034733399999999997
split_finegrained2_6ZHUXV.pt,7,98,0.0034188999999999986
split_finegrained2_BECU5M.pt,7,82,0.0034390600000000003
split_finegrained2_3PUZ11.pt,7,76,0.0034426600000000006
split_finegrained2_OILF5Z.pt,7,88,0.00789346
split_finegrained2_13IFZD.pt,7,62,0.00343634
split_finegrained2_UOIVA5.pt,7,56,0.00500844
split_finegrained2_YPYW5P.pt,7,48,0.003449980000000001
split_finegrained2_KLAIHK.pt,7,110,0.00834342
split_finegrained2_6FO85A.pt,7,62,0.007290500000000001
split_finegrained2_YQNDSJ.pt,7,84,0.00574528
split_finegrained2_VVFETB.pt,7,96,0.0034293399999999995
split_finegrained2_9DZLRB.pt,7,92,0.0034275400000000015
split_finegrained2_SZ76DN.pt,7,98,0.005828360000000001
split_finegrained2_M958EA.pt,7,66,0.005390179999999999
split_finegrained2_LB06IL.pt,7,102,0.003406559999999999
split_finegrained2_36IE6O.pt,7,60,0.0034404600000000007
split_finegrained2_NHNN93.pt,7,60,0.00541898
split_finegrained2_C6U3TY.pt,7,106,0.004093699999999999
split_finegrained2_YNKAEA.pt,7,96,0.014479080000000002
split_finegrained2_1FWRZI.pt,7,16,0.006561759999999999
split_finegrained2_F5D8ZN.pt,7,16,0.00340406
split_finegrained2_R07PAL.pt,7,12,0.003443720000000001
split_finegrained2_XY3MJO.pt,7,10,0.005851639999999999
split_finegrained2_PG4DVL.pt,7,20,0.008126599999999998
split_finegrained2_LFFY6C.pt,7,14,0.008826800000000001
split_finegrained2_1GTG8Z.pt,7,14,0.01446383999999999
split_finegrained2_6L93ZC.pt,7,24,0.0035753200000000003
split_finegrained2_1HZN2N.pt,7,22,0.00355846
split_finegrained2_6BTEVU.pt,7,18,0.003477359999999999
split_finegrained2_HWSJLB.pt,7,20,0.01051728
split_finegrained2_AXHDM7.pt,7,22,0.0034241400000000004
split_finegrained2_4V0MCO.pt,7,12,0.010307220000000004
split_finegrained2_S5NJX1.pt,7,18,0.010104859999999998
split_finegrained2_LH2HT3.pt,7,436,0.0034409000000000006
split_finegrained2_69S8X4.pt,7,498,0.003767459999999999
split_finegrained2_5297GG.pt,7,364,0.003420319999999999
split_finegrained2_0532A4.pt,7,304,0.0034536399999999996
split_finegrained2_LUHOLS.pt,7,394,0.003482959999999999
split_finegrained2_YP69TH.pt,7,426,0.0035943399999999997
split_finegrained2_OOAC65.pt,7,484,0.003482300000000001
split_finegrained2_VQW9EB.pt,7,226,0.0034532799999999995
split_finegrained2_VKH8QW.pt,7,324,0.0034018400000000006
split_finegrained2_YY0D9R.pt,7,254,0.0034408999999999993
split_finegrained2_06AFQE.pt,7,312,0.00341422
split_finegrained2_49MNK3.pt,7,252,0.0045799199999999995
split_finegrained2_HCXBXJ.pt,7,216,0.003419599999999999
split_finegrained2_3WH28E.pt,7,302,0.009054880000000005
split_finegrained2_W210MO.pt,7,288,0.02251018
split_finegrained2_HXVJIB.pt,7,252,0.011062700000000002
split_finegrained2_AOBQL9.pt,7,404,0.0034201599999999998
split_finegrained2_0UYTVQ.pt,7,474,0.00352862
split_finegrained2_QVR3P4.pt,7,344,0.0034695000000000004
split_finegrained2_PJUU3A.pt,7,380,0.0034174599999999998
split_finegrained2_OMEBKC.pt,7,18,0.0041367
split_finegrained2_CZM7IP.pt,7,16,0.006407220000000004
split_finegrained2_U2O4RS.pt,7,16,0.01328432
split_finegrained2_W1ZTEQ.pt,7,14,0.0035156599999999994
split_finegrained2_2FWYEP.pt,7,12,0.004363999999999999
split_finegrained2_GDWYMD.pt,7,24,0.006280740000000003
split_finegrained2_MDPSB0.pt,7,20,0.00480338
split_finegrained2_VK8APS.pt,7,18,0.008661160000000003
split_finegrained2_E13K6N.pt,7,22,0.0034212199999999987
split_finegrained2_C4S58X.pt,7,12,0.0038282
split_finegrained2_XEG41U.pt,7,20,0.008048759999999999
split_finegrained2_G5MJ5F.pt,7,14,0.004653199999999999
split_finegrained2_1XHZUR.pt,7,26,0.0034439
split_finegrained2_D4R4PB.pt,7,24,0.0092129
split_finegrained2_XU8AX4.pt,7,22,0.013361159999999993
split_finegrained2_TP3URW.pt,3,26,0.0069983400000000005
split_finegrained2_RD1SYC.pt,3,22,0.0039718999999999996
split_finegrained2_78WJHL.pt,3,28,0.008570259999999998
split_finegrained2_J0CD5A.pt,3,14,0.005910339999999998
split_finegrained2_VQS1MG.pt,3,20,0.0062149399999999995
split_finegrained2_TIUCS5.pt,3,18,0.00742038
split_finegrained2_RCNEPL.pt,3,20,0.00963804
split_finegrained2_71ASPI.pt,3,24,0.006546419999999996
split_finegrained2_RWH2Q4.pt,3,28,0.008338920000000003
split_finegrained2_M2A7JD.pt,3,26,0.0035285600000000005
split_finegrained2_SDSEF1.pt,3,30,0.0034126599999999992
split_finegrained2_7MZBLE.pt,3,22,0.003503040000000001
split_finegrained2_WUASBI.pt,3,30,0.0034560999999999997
split_finegrained2_UUPQT1.pt,3,16,0.00472588
split_finegrained2_S6POK1.pt,3,24,0.01470806
split_finegrained2_56MGEK.pt,3,18,0.0034473399999999997
split_finegrained2_6RLM2Y.pt,3,16,0.006274639999999999
split_finegrained2_ZJJ7EB.pt,3,14,0.0034595
split_finegrained2_V7N6P7.pt,14,16,0.006894499999999999
split_finegrained2_MKDUH6.pt,14,16,0.0034901
split_finegrained2_1JT91Z.pt,14,20,0.008865499999999997
split_finegrained2_9CGQUR.pt,14,14,0.0085432
split_finegrained2_DKMKPS.pt,14,18,0.0034353
split_finegrained2_8HF4ON.pt,14,22,0.003460060000000001
split_finegrained2_0KAHIE.pt,14,22,0.005716759999999999
split_finegrained2_Y83ZW4.pt,14,10,0.0034402800000000004
split_finegrained2_LXGHGS.pt,14,12,0.0034442000000000006
split_finegrained2_4SXBKM.pt,14,20,0.00353728
split_finegrained2_RF12WH.pt,14,14,0.0037274200000000004
split_finegrained2_RKV6RN.pt,14,12,0.0034538600000000004
split_finegrained2_4I8WR6.pt,14,24,0.0034096600000000006
split_finegrained2_JH2V51.pt,14,18,0.0036114800000000002
split_finegrained2_EAN6B5.pt,14,26,0.004722380000000001
split_finegrained2_X4UOG1.pt,14,24,0.0034369600000000006
split_finegrained2_6I8NU6.pt,14,30,0.0042163800000000005
split_finegrained2_XHJQT5.pt,14,26,0.012004279999999999
split_finegrained2_Q2GZVL.pt,14,20,0.004955660000000001
split_finegrained2_RVKJP5.pt,14,28,0.0034467800000000004
split_finegrained2_GHNPH8.pt,14,22,0.00348644
split_finegrained2_52K9TC.pt,14,34,0.007189659999999999
split_finegrained2_3E12CN.pt,14,18,0.0034391400000000007
split_finegrained2_KB3TIT.pt,14,22,0.0057439
split_finegrained2_NA6MSL.pt,14,28,0.013140279999999996
split_finegrained2_7CTDUO.pt,14,36,0.00858798
split_finegrained2_H23313.pt,14,20,0.005881999999999999
split_finegrained2_4F2BP3.pt,14,16,0.003433139999999999
split_finegrained2_2SV7DV.pt,14,30,0.00819934
split_finegrained2_FRKZ90.pt,14,24,0.00351586
split_finegrained2_PM2P76.pt,14,34,0.0034018800000000012
split_finegrained2_FNU2GH.pt,14,32,0.00660656
split_finegrained2_TITZ0F.pt,14,32,0.004975280000000001
split_finegrained2_VI4AZY.pt,14,18,0.00612526
split_finegrained2_0RY4ND.pt,7,118,0.00344524
split_finegrained2_W0M2MW.pt,7,110,0.00807584
split_finegrained2_HNME1B.pt,7,66,0.0035108800000000005
split_finegrained2_1FD55Q.pt,7,90,0.011145160000000003
split_finegrained2_ET5P9X.pt,7,102,0.011991259999999997
split_finegrained2_VCUCD5.pt,7,84,0.014306280000000006
split_finegrained2_4FX0Q4.pt,7,100,0.00349644
split_finegrained2_VZ9DRS.pt,7,72,0.0034260199999999992
split_finegrained2_ONF9V2.pt,7,120,0.011538200000000004
split_finegrained2_4AGGWL.pt,7,132,0.0034660600000000004
split_finegrained2_XNBC4T.pt,7,130,0.00342072
split_finegrained2_67PNNW.pt,7,64,0.00403628
split_finegrained2_TS7HK3.pt,7,92,0.012792840000000002
split_finegrained2_QTEZTY.pt,7,78,0.006554959999999999
split_finegrained2_T5IUJR.pt,7,66,0.00791534
split_finegrained2_8564W9.pt,7,110,0.013519259999999993
split_finegrained2_3DKIZS.pt,7,60,0.011808440000000002
split_finegrained2_F64SSH.pt,7,80,0.0034223400000000003
split_finegrained2_IPIPHO.pt,7,98,0.0034496000000000006
split_finegrained2_7IX9UR.pt,7,100,0.010679639999999997
split_finegrained2_ZVZX9L.pt,14,62,0.009499399999999996
split_finegrained2_SVE4DT.pt,14,58,0.00423194
split_finegrained2_TYWAJN.pt,14,38,0.0034648
split_finegrained2_1G6A90.pt,14,74,0.0035150800000000003
split_finegrained2_85NYIS.pt,14,40,0.00340788
split_finegrained2_QHQTRJ.pt,14,54,0.004483560000000001
split_finegrained2_J6FL30.pt,14,66,0.006938060000000003
split_finegrained2_3IDL84.pt,14,80,0.00427024
split_finegrained2_80G1SQ.pt,14,40,0.010684720000000003
split_finegrained2_83ZF0E.pt,14,44,0.003640099999999999
split_finegrained2_O9V6IQ.pt,14,66,0.0034186800000000008
split_finegrained2_3PF4F7.pt,14,56,0.0061212400000000035
split_finegrained2_34P75X.pt,14,78,0.02303458
split_finegrained2_34OFCB.pt,14,68,0.003442619999999999
split_finegrained2_ZFJB6N.pt,14,64,0.003477279999999999
split_finegrained2_ML2DGT.pt,14,44,0.00693332
split_finegrained2_9Z2YPD.pt,14,50,0.0034734599999999994
split_finegrained2_XB6XYH.pt,14,60,0.0038361000000000003
split_finegrained2_2CNGXH.pt,14,76,0.00338556
split_finegrained2_DECTIJ.pt,14,48,0.0062943800000000005
split_finegrained2_6XW8AS.pt,14,22,0.003446740000000001
split_finegrained2_3MA3ZM.pt,14,16,0.0035054199999999995
split_finegrained2_G5BNUE.pt,14,28,0.0035059
split_finegrained2_7VUJ8Y.pt,14,14,0.0050998
split_finegrained2_960TXN.pt,14,26,0.003464420000000001
split_finegrained2_GP2ZBC.pt,14,24,0.0034100599999999986
split_finegrained2_RNLWWL.pt,14,26,0.00346008
split_finegrained2_XWR76O.pt,14,18,0.004833300000000001
split_finegrained2_JRJGV9.pt,14,24,0.003962019999999999
split_finegrained2_D27HQS.pt,14,28,0.0034274799999999992
split_finegrained2_QQLLRC.pt,14,22,0.0035101800000000003
split_finegrained2_WH1PAD.pt,14,16,0.0034506400000000005
split_finegrained2_J9OREX.pt,14,30,0.0034265799999999985
split_finegrained2_JIWMEW.pt,14,32,0.0034641400000000005
split_finegrained2_ALG6J9.pt,14,30,0.016924380000000006
split_finegrained2_T7QI4Q.pt,14,32,0.006021059999999999
split_finegrained2_HRBAV0.pt,14,18,0.00344634
split_finegrained2_1LY5VU.pt,14,20,0.01423632
split_finegrained2_LG4Q0N.pt,14,20,0.0037074399999999985
split_finegrained2_LG9QBN.pt,14,40,0.003934459999999998
split_finegrained2_BP7QBL.pt,14,42,0.0077222800000000015
split_finegrained2_ISKU4H.pt,14,66,0.0034420800000000014
split_finegrained2_VLHPCO.pt,14,76,0.00342796
split_finegrained2_ZF9P3M.pt,14,40,0.0034473399999999997
split_finegrained2_ON8F7T.pt,14,38,0.00811892
split_finegrained2_OXWQ0K.pt,14,80,0.0034413800000000013
split_finegrained2_FKZ1R3.pt,14,66,0.00346616
split_finegrained2_CFCTAK.pt,14,62,0.0073510999999999984
split_finegrained2_H4KR1A.pt,14,50,0.003491619999999999
split_finegrained2_RIRS8A.pt,14,78,0.00847204
split_finegrained2_CUZ0B1.pt,14,72,0.011605339999999999
split_finegrained2_ZUJGM0.pt,14,38,0.02352846
split_finegrained2_4Q97IA.pt,14,68,0.00553284
split_finegrained2_F5H1VL.pt,14,60,0.004444680000000001
split_finegrained2_03N50G.pt,14,36,0.006034039999999998
split_finegrained2_LXM1AC.pt,14,46,0.00834794
split_finegrained2_DXXZRK.pt,14,54,0.006523459999999997
split_finegrained2_JDBBMT.pt,14,68,0.013512760000000004
split_finegrained2_6XPYK8.pt,14,54,0.004509179999999997
split_finegrained2_YIBQLQ.pt,14,76,0.0034626000000000006
split_finegrained2_4CNUV4.pt,14,44,0.00693864
split_finegrained2_4KEN8S.pt,14,90,0.0034541999999999993
split_finegrained2_HR3S2T.pt,14,84,0.00343788
split_finegrained2_46RIEO.pt,14,96,0.0034132400000000005
split_finegrained2_TP3ZPX.pt,14,74,0.009284659999999998
split_finegrained2_2X08H2.pt,14,94,0.012122200000000003
split_finegrained2_1D5BM2.pt,14,64,0.0037415
split_finegrained2_FGODYE.pt,14,82,0.0033697599999999994
split_finegrained2_WMUE56.pt,14,66,0.0034899799999999993
split_finegrained2_9X2ULU.pt,14,92,0.0035083199999999992
split_finegrained2_8YLL6B.pt,14,88,0.00345014
split_finegrained2_YY3670.pt,14,48,0.003455740000000001
split_finegrained2_O6NDQK.pt,14,56,0.006625900000000003
split_finegrained2_T4V2EY.pt,14,86,0.0038218
split_finegrained2_P5AGIP.pt,14,80,0.00393782
split_finegrained2_TJ3C5P.pt,14,86,0.006267939999999999
split_finegrained2_7X3PXI.pt,14,88,0.01075572
split_finegrained2_79W3DV.pt,14,78,0.005512240000000001
split_finegrained2_GOI4QD.pt,14,46,0.003492860000000001
split_finegrained2_AR6NOZ.pt,1,436,0.017331940000000004
split_finegrained2_A8QCMA.pt,1,468,0.0062265
split_finegrained2_8EFVXW.pt,1,362,0.008224279999999999
split_finegrained2_YDPZ69.pt,1,666,0.00923298
split_finegrained2_W4URB7.pt,1,612,0.0035531599999999984
split_finegrained2_POAFY2.pt,1,762,0.023299799999999992
split_finegrained2_MBVSI6.pt,1,598,0.00418008
split_finegrained2_OC6E4U.pt,1,530,0.006284600000000001
split_finegrained2_JXF4BY.pt,1,616,0.01388364
split_finegrained2_MHNGA9.pt,1,520,0.003392319999999999
split_finegrained2_JAKE67.pt,1,420,0.00609854
split_finegrained2_N7OYWG.pt,1,634,0.01060618
split_finegrained2_NJ2WCG.pt,1,420,0.014215299999999997
split_finegrained2_ZR82GD.pt,1,400,0.0035225400000000007
split_finegrained2_Z464MJ.pt,1,674,0.01101846
split_finegrained2_HN77FR.pt,1,646,0.008017439999999997
split_finegrained2_BASAMX.pt,1,798,0.003942499999999999
split_finegrained2_5PPPMA.pt,1,640,0.00345466
split_finegrained2_X9EF52.pt,1,460,0.00518922
split_finegrained2_O5ZSCH.pt,1,410,0.00543392
split_finegrained2_TA3C8R.pt,7,40,0.00345074
split_finegrained2_OHKS80.pt,7,36,0.00342418
split_finegrained2_YNAO94.pt,7,28,0.0033881000000000007
split_finegrained2_F0GO8A.pt,7,42,0.0035308399999999995
split_finegrained2_YXWP0X.pt,7,38,0.00344422
split_finegrained2_6V8JBZ.pt,7,28,0.006541220000000003
split_finegrained2_S9JZT3.pt,7,26,0.01694805999999999
split_finegrained2_C5NY1B.pt,7,40,0.003399540000000001
split_finegrained2_Z061E9.pt,7,24,0.014317079999999998
split_finegrained2_1UK7WR.pt,7,50,0.005809720000000002
split_finegrained2_LPRJ61.pt,7,38,0.004190499999999998
split_finegrained2_S6S85G.pt,7,44,0.003447079999999999
split_finegrained2_4K2ZLT.pt,7,52,0.00749748
split_finegrained2_5SQVVB.pt,7,48,0.010179639999999997
split_finegrained2_AH91PR.pt,7,30,0.006397040000000003
split_finegrained2_QVHPX5.pt,7,46,0.012202299999999994
split_finegrained2_WND1MW.pt,7,30,0.0036942000000000003
split_finegrained2_655NE8.pt,7,42,0.0034422800000000003
split_finegrained2_CI1IYK.pt,7,32,0.0034449999999999997
split_finegrained2_2X60ND.pt,7,34,0.01025486
split_finegrained2_R3FQD5.pt,3,74,0.007393580000000002
split_finegrained2_UM4MHZ.pt,3,58,0.007014820000000001
split_finegrained2_Y7PGGO.pt,3,36,0.00826116
split_finegrained2_484GCC.pt,3,64,0.00400602
split_finegrained2_8B84ZI.pt,3,48,0.00751724
split_finegrained2_LOT011.pt,3,40,0.003486379999999999
split_finegrained2_NL6V9X.pt,3,68,0.0034992399999999994
split_finegrained2_CK5F8T.pt,3,52,0.00549922
split_finegrained2_9ME6JN.pt,3,66,0.01594202
split_finegrained2_UPA5U3.pt,3,64,0.0035213400000000004
split_finegrained2_C3DK9A.pt,3,60,0.0069142000000000006
split_finegrained2_WTLAEO.pt,3,54,0.014059460000000003
split_finegrained2_Y2PRRR.pt,3,70,0.014890099999999995
split_finegrained2_1TWFSN.pt,3,46,0.0051997400000000004
split_finegrained2_CP3FI2.pt,3,50,0.003504980000000001
split_finegrained2_7HYIIZ.pt,3,70,0.003463100000000001
split_finegrained2_UKVYWH.pt,3,52,0.0034202000000000004
split_finegrained2_ZIUEZS.pt,3,68,0.00661374
split_finegrained2_7GUPOE.pt,3,56,0.00341874
split_finegrained2_LPOPW1.pt,3,60,0.00867598
split_finegrained2_F903JM.pt,7,88,0.0039654799999999995
split_finegrained2_F08DKW.pt,7,68,0.0035488200000000007
split_finegrained2_NPHKGF.pt,7,82,0.0034573799999999995
split_finegrained2_O5O65W.pt,7,74,0.00866268
split_finegrained2_WP969H.pt,7,54,0.01302892
split_finegrained2_L7KMF6.pt,7,72,0.0035733600000000003
split_finegrained2_Z1RTNE.pt,7,92,0.013810199999999996
split_finegrained2_WPPR3A.pt,7,104,0.0035881600000000004
split_finegrained2_P11SPE.pt,7,46,0.011642780000000002
split_finegrained2_DA6N9U.pt,7,88,0.0036088000000000005
split_finegrained2_FEYBRI.pt,7,90,0.003505940000000001
split_finegrained2_YBHA8O.pt,7,50,0.014330040000000004
split_finegrained2_CDSDWH.pt,7,54,0.008487459999999997
split_finegrained2_30UWM5.pt,7,66,0.0065808
split_finegrained2_9OYBO6.pt,7,94,0.012058360000000006
split_finegrained2_5PMT9X.pt,7,104,0.007579200000000003
split_finegrained2_QJRNCA.pt,7,62,0.007801420000000001
split_finegrained2_1LO1OF.pt,7,80,0.005000140000000002
split_finegrained2_4VY908.pt,7,50,0.00345856
split_finegrained2_JSDLGR.pt,7,82,0.0034529599999999984
split_finegrained2_18XO8R.pt,28,22,0.011200800000000004
split_finegrained2_GGX5E8.pt,28,24,0.0082426
split_finegrained2_PTGZJG.pt,28,22,0.003486079999999999
split_finegrained2_6XF4MG.pt,28,18,0.00350454
split_finegrained2_OPBRFC.pt,28,20,0.0077942400000000035
split_finegrained2_ZP6RTS.pt,28,24,0.003434439999999999
split_finegrained2_G35NI7.pt,28,16,0.0037128400000000002
split_finegrained2_A975ME.pt,28,28,0.0035365399999999995
split_finegrained2_OU8MUA.pt,28,26,0.006679100000000002
split_finegrained2_AKO3NP.pt,28,20,0.003484820000000001
split_finegrained2_KX5Q7D.pt,28,18,0.005413439999999999
split_finegrained2_WZY6BW.pt,28,14,0.003511
split_finegrained2_INB2JK.pt,28,14,0.005090499999999998
split_finegrained2_OVW7TJ.pt,28,16,0.0034589600000000005
split_finegrained2_TT23PX.pt,28,12,0.00341468
split_finegrained2_1VBSQO.pt,28,26,0.0034544399999999996
split_finegrained2_DN12H5.pt,1,236,0.013963199999999995
split_finegrained2_UOIVG5.pt,1,124,0.0034414999999999997
split_finegrained2_05OUUG.pt,1,270,0.012871419999999996
split_finegrained2_56GCQE.pt,1,186,0.01309282
split_finegrained2_WX23DI.pt,1,268,0.00687332
split_finegrained2_3LYZLD.pt,1,230,0.0035309199999999986
split_finegrained2_FU4338.pt,1,132,0.01156648
split_finegrained2_8W26YS.pt,1,214,0.0113222
split_finegrained2_SKR2K2.pt,1,220,0.007105620000000002
split_finegrained2_9TW6HQ.pt,1,274,0.006456740000000001
split_finegrained2_9Z7O6F.pt,1,270,0.0056323000000000015
split_finegrained2_Z9YMN9.pt,1,290,0.008200279999999999
split_finegrained2_3OMENL.pt,1,180,0.00392824
split_finegrained2_1SWPTJ.pt,1,210,0.0034871800000000007
split_finegrained2_CE5U8J.pt,1,178,0.012609559999999997
split_finegrained2_ZFAO6O.pt,1,200,0.0034265399999999996
split_finegrained2_TYC6AJ.pt,1,246,0.009941420000000001
split_finegrained2_RGANDS.pt,1,292,0.00806188
split_finegrained2_81L3K8.pt,1,226,0.00423326
split_finegrained2_96TJKO.pt,1,278,0.014008200000000009
split_finegrained2_NS51UL.pt,7,208,0.013086240000000004
split_finegrained2_Q7XSX4.pt,7,220,0.007061019999999997
split_finegrained2_NZQVN2.pt,7,126,0.004930959999999999
split_finegrained2_SKGKTM.pt,7,240,0.0059008800000000024
split_finegrained2_VOVLXV.pt,7,166,0.0034311800000000003
split_finegrained2_Z20UD2.pt,7,270,0.0064876
split_finegrained2_MH0JU8.pt,7,132,0.006596620000000002
split_finegrained2_47W09I.pt,7,232,0.0034479799999999994
split_finegrained2_XWXRPH.pt,7,172,0.0034355000000000006
split_finegrained2_8E2LZF.pt,7,280,0.0034491399999999994
split_finegrained2_U3LNKT.pt,7,238,0.0034344200000000014
split_finegrained2_XE2PV0.pt,7,276,0.0034588799999999997
split_finegrained2_QYADBE.pt,7,146,0.0034582600000000003
split_finegrained2_J8I7UR.pt,7,148,0.003521740000000001
split_finegrained2_C6RQ8C.pt,7,178,0.0034677799999999997
split_finegrained2_DSRR2K.pt,7,186,0.012785219999999995
split_finegrained2_62GII3.pt,7,216,0.003508520000000001
split_finegrained2_86OQTD.pt,7,158,0.0038660799999999996
split_finegrained2_YV1AUD.pt,7,274,0.0034594800000000005
split_finegrained2_794H9L.pt,7,266,0.00344384
split_finegrained2_V18OQ4.pt,28,10,0.015041460000000005
split_finegrained2_G8UNXV.pt,28,14,0.003480379999999999
split_finegrained2_9HNPC1.pt,28,10,0.0034559
split_finegrained2_T8967O.pt,28,18,0.0034384800000000003
split_finegrained2_2NWKLV.pt,28,18,0.00456792
split_finegrained2_R6EXVI.pt,28,20,0.009444519999999998
split_finegrained2_LRTEQP.pt,28,14,0.00406642
split_finegrained2_OFSREE.pt,28,16,0.005473460000000002
split_finegrained2_VI6M3T.pt,28,20,0.011599339999999998
split_finegrained2_J7KJU3.pt,28,16,0.008984299999999999
split_finegrained2_GG3TR3.pt,28,12,0.003461819999999999
split_finegrained2_SXWG8Q.pt,28,12,0.014210559999999997
split_finegrained2_B4UDVY.pt,7,10,0.007599
split_finegrained2_GU9UTV.pt,7,8,0.01666308
split_finegrained2_5MD376.pt,7,16,0.012517079999999998
split_finegrained2_PCMKX9.pt,7,12,0.015938180000000003
split_finegrained2_CK66HU.pt,7,12,0.014961980000000007
split_finegrained2_MPV07M.pt,7,14,0.01228774
split_finegrained2_DEBYQP.pt,7,10,0.0034763200000000006
split_finegrained2_US9X2W.pt,7,8,0.0058080599999999994
split_finegrained2_VJJXJI.pt,7,14,0.007428980000000001
split_finegrained2_P2TUX9.pt,14,18,0.00349074
split_finegrained2_QZQLRF.pt,14,16,0.0034892000000000005
split_finegrained2_NSKN22.pt,14,12,0.005363980000000001
split_finegrained2_RMB41M.pt,14,28,0.0034640000000000005
split_finegrained2_Y6FA7H.pt,14,22,0.010546519999999993
split_finegrained2_APYM74.pt,14,20,0.006582439999999999
split_finegrained2_PFRHEL.pt,14,26,0.00501212
split_finegrained2_BD3DG2.pt,14,14,0.008360820000000001
split_finegrained2_IA9RIF.pt,14,18,0.012006279999999996
split_finegrained2_RNZ10F.pt,14,16,0.0034591
split_finegrained2_ET0IBJ.pt,14,24,0.00499572
split_finegrained2_ZYRJX3.pt,14,26,0.005771059999999999
split_finegrained2_3PAU0Q.pt,14,22,0.00342962
split_finegrained2_UMWSNH.pt,14,24,0.01517082
split_finegrained2_S0J53A.pt,14,14,0.011166859999999995
split_finegrained2_T7FT6J.pt,14,20,0.005972499999999997
split_finegrained2_YDM9IN.pt,14,66,0.00342942
split_finegrained2_RRPHDD.pt,14,52,0.012777419999999992
split_finegrained2_MQMMA3.pt,14,56,0.0034256399999999998
split_finegrained2_VKAOJM.pt,14,70,0.006590399999999999
split_finegrained2_KW0VW0.pt,14,60,0.003476579999999999
split_finegrained2_7P5EHM.pt,14,34,0.004779780000000001
split_finegrained2_3K9TAU.pt,14,76,0.0036680200000000006
split_finegrained2_VWSLWJ.pt,14,54,0.003530060000000001
split_finegrained2_5CPU4W.pt,14,62,0.003460039999999999
split_finegrained2_0KMJ46.pt,14,50,0.003451820000000001
split_finegrained2_VSSQE9.pt,14,66,0.0098465
split_finegrained2_LQN3Y5.pt,14,48,0.005027840000000001
split_finegrained2_1EAG3I.pt,14,72,0.0077554999999999985
split_finegrained2_ZT585Y.pt,14,42,0.00342048
split_finegrained2_WKY97H.pt,14,44,0.0034770999999999995
split_finegrained2_LJNMW1.pt,14,74,0.011247639999999996
split_finegrained2_8R33EV.pt,14,38,0.00338012
split_finegrained2_4922SJ.pt,14,54,0.014581280000000004
split_finegrained2_8ZK6OM.pt,14,46,0.006014060000000001
split_finegrained2_DMN0AB.pt,14,64,0.005913920000000002
split_finegrained2_137FMK.pt,14,104,0.00343762
split_finegrained2_6E6FGX.pt,14,130,0.00343924
split_finegrained2_5H8ZSQ.pt,14,100,0.0033848800000000003
split_finegrained2_16GD7A.pt,14,118,0.0034528200000000005
split_finegrained2_2E474G.pt,14,72,0.0034471799999999998
split_finegrained2_RTGWOE.pt,14,60,0.0034499799999999996
split_finegrained2_1ONMX1.pt,14,136,0.0034547600000000007
split_finegrained2_NUO6NO.pt,14,80,0.00345034
split_finegrained2_9JE79I.pt,14,84,0.006186659999999998
split_finegrained2_4MMRL8.pt,14,112,0.003408360000000001
split_finegrained2_3NSRJH.pt,14,134,0.0034396599999999976
split_finegrained2_G8RCSJ.pt,14,98,0.006793519999999997
split_finegrained2_P1G6DI.pt,14,82,0.0034617999999999993
split_finegrained2_4WCMHT.pt,14,62,0.009352360000000002
split_finegrained2_ZWE6LW.pt,14,104,0.004147859999999999
split_finegrained2_ULJXKM.pt,14,94,0.0034289399999999992
split_finegrained2_9JW8NY.pt,14,62,0.00443168
split_finegrained2_JHY9OV.pt,14,124,0.0034651800000000004
split_finegrained2_GV5VW9.pt,14,92,0.00340042
split_finegrained2_DHWOUR.pt,14,78,0.003409999999999999
split_finegrained2_A1QXVY.pt,7,228,0.003416800000000001
split_finegrained2_P8J0IJ.pt,7,456,0.0033945600000000005
split_finegrained2_4KF235.pt,7,246,0.0034240600000000005
split_finegrained2_PYX19N.pt,7,454,0.01024524
split_finegrained2_CBQK6K.pt,7,354,0.0045184399999999994
split_finegrained2_BFV3T2.pt,7,258,0.004742800000000002
split_finegrained2_2LXHK5.pt,7,362,0.0034580599999999993
split_finegrained2_NEOW3P.pt,7,438,0.00345342
split_finegrained2_EWTZPV.pt,7,304,0.0082404
split_finegrained2_1GVT0P.pt,7,306,0.008416139999999996
split_finegrained2_UZ8HXG.pt,7,500,0.003415859999999999
split_finegrained2_YND1J4.pt,7,254,0.009263259999999997
split_finegrained2_OFSCJE.pt,7,394,0.00904326
split_finegrained2_LH6XR8.pt,7,330,0.0034485399999999995
split_finegrained2_N0YPVD.pt,7,260,0.00826178
split_finegrained2_XMNAAT.pt,7,250,0.008260660000000001
split_finegrained2_V3R88C.pt,7,370,0.0035504200000000007
split_finegrained2_UDKYJP.pt,7,472,0.00839608
split_finegrained2_CUMUJI.pt,7,448,0.0065948000000000005
split_finegrained2_13C5DS.pt,7,266,0.0034715400000000004
split_finegrained2_UO8546.pt,28,10,0.0034832799999999996
split_finegrained2_3L7OST.pt,28,14,0.0034331799999999997
split_finegrained2_0D8R5B.pt,28,12,0.0034705199999999986
split_finegrained2_3OC0J3.pt,28,12,0.006933579999999998
split_finegrained2_5PYKLT.pt,28,8,0.00355564
split_finegrained2_KW17RZ.pt,28,8,0.008451339999999998
split_finegrained2_XI1Z43.pt,28,16,0.00352868
split_finegrained2_7I0E80.pt,28,10,0.0060792
split_finegrained2_BDDDU8.pt,28,14,0.0034743800000000004
split_finegrained2_Y95DSV.pt,7,490,0.0035115999999999997
split_finegrained2_QD1GG1.pt,7,482,0.0034763199999999993
split_finegrained2_832ON5.pt,7,556,0.0034260599999999986
split_finegrained2_88VXEL.pt,7,308,0.011621940000000002
split_finegrained2_CPV7JZ.pt,7,350,0.00824086
split_finegrained2_3EX257.pt,7,334,0.004478199999999999
split_finegrained2_PG9MSD.pt,7,342,0.00341712
split_finegrained2_KKXGXW.pt,7,548,0.008239639999999994
split_finegrained2_DOUGF3.pt,7,720,0.0034655600000000003
split_finegrained2_ZPK9HQ.pt,7,472,0.0034344199999999992
split_finegrained2_FGVEJS.pt,7,552,0.0034861600000000007
split_finegrained2_3D9YK6.pt,7,444,0.0034209799999999997
split_finegrained2_WTHHIK.pt,7,628,0.0034089600000000004
split_finegrained2_3IDELA.pt,7,580,0.0034108200000000006
split_finegrained2_6Y5EEK.pt,7,688,0.0034635999999999985
split_finegrained2_MZC15G.pt,7,714,0.0035719999999999992
split_finegrained2_16PQOW.pt,7,376,0.00341298
split_finegrained2_BMVUP1.pt,7,534,0.0034620999999999996
split_finegrained2_MTXOVG.pt,7,540,0.00346074
split_finegrained2_GG6O9S.pt,7,696,0.0034223400000000003
split_finegrained2_VQB4R0.pt,14,10,0.00445808
split_finegrained2_3ZELL5.pt,14,12,0.0040361600000000004
split_finegrained2_SQPWOR.pt,14,8,0.006539500000000001
split_finegrained2_07XPOW.pt,14,14,0.005463899999999996
split_finegrained2_5XFTS3.pt,14,6,0.003403340000000001
split_finegrained2_JVN1XU.pt,14,10,0.017648240000000003
split_finegrained2_P4RXDL.pt,14,8,0.022780639999999998
split_finegrained2_NLWXZ0.pt,14,12,0.00350532
split_finegrained2_3OSHC0.pt,7,16,0.01130232
split_finegrained2_OQ1BCH.pt,7,10,0.007954519999999998
split_finegrained2_4CFZ6E.pt,7,16,0.007499479999999999
split_finegrained2_W02OJQ.pt,7,10,0.0060688999999999995
split_finegrained2_TF57T3.pt,7,18,0.010008279999999998
split_finegrained2_T6I3UL.pt,7,12,0.0038632400000000004
split_finegrained2_DGNDN8.pt,7,14,0.0061014200000000015
split_finegrained2_ACOB4Q.pt,7,20,0.014997440000000004
split_finegrained2_O7E06M.pt,7,12,0.023143120000000007
split_finegrained2_R60YN7.pt,7,18,0.0034912
split_finegrained2_ADFE4L.pt,7,20,0.0041768199999999995
split_finegrained2_GOB2IJ.pt,7,14,0.0034711200000000003
split_finegrained2_4KQR09.pt,7,208,0.00451182
split_finegrained2_RNK5K9.pt,7,164,0.004885279999999999
split_finegrained2_Y1YKV0.pt,7,110,0.02183255999999999
split_finegrained2_QR6FHW.pt,7,134,0.011951639999999996
split_finegrained2_WS9XG7.pt,7,246,0.009519520000000002
split_finegrained2_5W5TQB.pt,7,170,0.003457179999999999
split_finegrained2_91C2GJ.pt,7,184,0.0035847999999999995
split_finegrained2_J37IKS.pt,7,224,0.004889599999999999
split_finegrained2_2I5BJI.pt,7,250,0.0043228400000000005
split_finegrained2_DZ4KTZ.pt,7,170,0.005821300000000001
split_finegrained2_J1Y5QL.pt,7,126,0.005858420000000003
split_finegrained2_WANCXG.pt,7,160,0.005752939999999997
split_finegrained2_JVLBLR.pt,7,244,0.0044289199999999985
split_finegrained2_DX3B6M.pt,7,252,0.0034526999999999995
split_finegrained2_18P8YB.pt,7,124,0.00355502
split_finegrained2_IRM6KB.pt,7,188,0.003448900000000001
split_finegrained2_Y9TY54.pt,7,114,0.005852599999999999
split_finegrained2_KBOIWG.pt,7,192,0.00347946
split_finegrained2_JUL8LZ.pt,7,108,0.004473339999999999
split_finegrained2_JQ2IAK.pt,7,204,0.00399294
split_finegrained2_GOS20U.pt,7,134,0.013491959999999999
split_finegrained2_MD41L3.pt,7,170,0.00345562
split_finegrained2_YDZ68R.pt,7,118,0.011835579999999998
split_finegrained2_WGSJ7T.pt,7,176,0.0034319200000000006
split_finegrained2_KZ4MTI.pt,7,82,0.0039486799999999996
split_finegrained2_UV03XR.pt,7,114,0.00394058
split_finegrained2_HOFDVL.pt,7,108,0.0034589800000000004
split_finegrained2_M7MUZR.pt,7,186,0.003502539999999999
split_finegrained2_AHR4PT.pt,7,158,0.01102184
split_finegrained2_7GC5PE.pt,7,94,0.013432979999999999
split_finegrained2_NTTXNE.pt,7,146,0.00876874
split_finegrained2_P21GDY.pt,7,92,0.0046724
split_finegrained2_71SRPF.pt,7,164,0.007405820000000002
split_finegrained2_NSCOJA.pt,7,128,0.012188199999999998
split_finegrained2_VZ0II6.pt,7,130,0.013112860000000006
split_finegrained2_EQQSVF.pt,7,162,0.005527259999999999
split_finegrained2_EBRFLB.pt,7,112,0.0035503399999999986
split_finegrained2_P65RON.pt,7,170,0.003627
split_finegrained2_HKXSGO.pt,7,120,0.00893078
split_finegrained2_I2MKUP.pt,7,98,0.0034963600000000004
split_finegrained2_Z2FBXF.pt,7,440,0.003438199999999999
split_finegrained2_9CEMPT.pt,7,522,0.003535080000000001
split_finegrained2_V43V98.pt,7,334,0.008470979999999994
split_finegrained2_1L12BZ.pt,7,568,0.00341664
split_finegrained2_LLBEW5.pt,7,296,0.00347102
split_finegrained2_42PTEF.pt,7,496,0.00341458
split_finegrained2_FU6F3K.pt,7,372,0.0034761199999999988
split_finegrained2_KSPCR1.pt,7,470,0.0034601199999999997
split_finegrained2_M4M1UE.pt,7,562,0.0034264
split_finegrained2_86TMT6.pt,7,428,0.005699299999999999
split_finegrained2_U1DNFC.pt,7,338,0.00509986
split_finegrained2_J9WC0T.pt,7,542,0.0035041000000000013
split_finegrained2_NDS185.pt,7,582,0.003529999999999999
split_finegrained2_IE0OSW.pt,7,282,0.0034835199999999995
split_finegrained2_5TDNQR.pt,7,328,0.006105160000000002
split_finegrained2_WDZMSA.pt,7,578,0.003432320000000001
split_finegrained2_UV5D5T.pt,7,402,0.022402759999999997
split_finegrained2_ENAL9J.pt,7,292,0.0034064599999999996
split_finegrained2_NI1SJM.pt,7,546,0.00342866
split_finegrained2_4DC1TS.pt,7,266,0.0069396000000000015
split_finegrained2_JAGLXI.pt,3,24,0.00751386
split_finegrained2_1HQ9ZC.pt,3,32,0.01800832
split_finegrained2_86BYJ8.pt,3,18,0.00935596
split_finegrained2_0CPKJ5.pt,3,24,0.003501660000000001
split_finegrained2_O27Y0Y.pt,3,20,0.009145359999999998
split_finegrained2_7VAVWD.pt,3,30,0.004182419999999998
split_finegrained2_9ZZLKM.pt,3,14,0.008786380000000005
split_finegrained2_1JCHGS.pt,3,28,0.0033988800000000013
split_finegrained2_WYIV5D.pt,3,30,0.008188880000000003
split_finegrained2_BLBUW5.pt,3,26,0.00800304
split_finegrained2_FZGRE7.pt,3,20,0.009865379999999997
split_finegrained2_EHXI2E.pt,3,26,0.014797560000000001
split_finegrained2_MSLHK9.pt,3,22,0.0037039599999999988
split_finegrained2_O6VL16.pt,3,28,0.0118294
split_finegrained2_IIEOD8.pt,3,18,0.006569040000000001
split_finegrained2_ITVOII.pt,3,16,0.0034641199999999994
split_finegrained2_6ANF4R.pt,3,22,0.003937220000000001
split_finegrained2_92OX18.pt,3,16,0.007943599999999999
split_finegrained2_VTZUB4.pt,3,32,0.009451079999999999
split_finegrained2_EFQ2A2.pt,7,350,0.00342884
split_finegrained2_EYV8CI.pt,7,292,0.012146120000000009
split_finegrained2_VHUV48.pt,7,270,0.00342764
split_finegrained2_5MJ7NR.pt,7,284,0.003497100000000001
split_finegrained2_NWE8SA.pt,7,390,0.0034466199999999988
split_finegrained2_C61L7P.pt,7,310,0.00466422
split_finegrained2_2HXLBV.pt,7,434,0.00344048
split_finegrained2_G9YFOG.pt,7,368,0.00349912
split_finegrained2_GK6C2X.pt,7,266,0.0034333199999999997
split_finegrained2_SB9A32.pt,7,400,0.00435168
split_finegrained2_9R9RG5.pt,7,240,0.0034642199999999996
split_finegrained2_VX0VHO.pt,7,446,0.003490439999999999
split_finegrained2_ZKBS4R.pt,7,428,0.00342576
split_finegrained2_0FM3P2.pt,7,372,0.008606480000000001
split_finegrained2_2W0P6Q.pt,7,338,0.007105059999999999
split_finegrained2_WP5HQW.pt,7,264,0.003477860000000001
split_finegrained2_655980.pt,7,274,0.0034144000000000006
split_finegrained2_I9NZA9.pt,7,324,0.003503940000000001
split_finegrained2_K63YA9.pt,7,342,0.003397019999999999
split_finegrained2_90QD7C.pt,7,422,0.005809759999999998
split_finegrained2_WORC03.pt,7,62,0.008684140000000002
split_finegrained2_WSHHMN.pt,7,50,0.0068386199999999975
split_finegrained2_08DJG2.pt,7,58,0.006867599999999999
split_finegrained2_IS03V8.pt,7,56,0.007602219999999997
split_finegrained2_5MJQP2.pt,7,70,0.0035669600000000005
split_finegrained2_47LRKZ.pt,7,74,0.0035085399999999992
split_finegrained2_5MHO3T.pt,7,70,0.0035522200000000005
split_finegrained2_EK68Q5.pt,7,60,0.00415688
split_finegrained2_NS0OX2.pt,7,48,0.0033908599999999994
split_finegrained2_IB3I4D.pt,7,36,0.0033862799999999993
split_finegrained2_WZGQJV.pt,7,76,0.004393899999999999
split_finegrained2_BDVL6B.pt,7,60,0.00475888
split_finegrained2_E7KPAZ.pt,7,52,0.016058239999999998
split_finegrained2_YLYLZE.pt,7,72,0.003396820000000001
split_finegrained2_3WF3XD.pt,7,64,0.004141000000000001
split_finegrained2_B6LPA2.pt,7,46,0.004712220000000001
split_finegrained2_UMHJI6.pt,7,68,0.01899132000000001
split_finegrained2_XX4NRH.pt,7,64,0.013802940000000001
split_finegrained2_GHV0X8.pt,7,38,0.008669320000000001
split_finegrained2_OBEUXA.pt,7,42,0.0034162
split_finegrained2_W0O53R.pt,3,274,0.0034130800000000006
split_finegrained2_T60FB8.pt,3,288,0.0034383400000000015
split_finegrained2_MPLLAS.pt,3,208,0.013343059999999993
split_finegrained2_T586G0.pt,3,284,0.0035292400000000008
split_finegrained2_6CJ13H.pt,3,174,0.00399864
split_finegrained2_51FU2S.pt,3,324,0.00940208
split_finegrained2_JJHXE0.pt,3,348,0.006794379999999999
split_finegrained2_I5HZIX.pt,3,250,0.008709100000000001
split_finegrained2_6D5ZEO.pt,3,176,0.00816562
split_finegrained2_F4LPZH.pt,3,280,0.009098800000000002
split_finegrained2_VLQMRC.pt,3,304,0.017924020000000006
split_finegrained2_2SN34D.pt,3,306,0.006388540000000001
split_finegrained2_IX1P6X.pt,3,282,0.010480539999999998
split_finegrained2_O6HN01.pt,3,300,0.003549000000000001
split_finegrained2_3OS5DC.pt,3,326,0.0041040600000000005
split_finegrained2_E5UDYH.pt,3,290,0.007128299999999997
split_finegrained2_2JAB8A.pt,3,204,0.011988759999999998
split_finegrained2_3EI7F3.pt,3,246,0.003482440000000001
split_finegrained2_OLA3ZU.pt,3,368,0.011414299999999997
split_finegrained2_ABH3OS.pt,3,214,0.015749419999999997
split_finegrained2_DNMYT2.pt,14,78,0.0068249600000000014
split_finegrained2_AQ2EX0.pt,14,76,0.00993136
split_finegrained2_UQQJBF.pt,14,62,0.00345748
split_finegrained2_RM3TEA.pt,14,80,0.00345314
split_finegrained2_J4JXC8.pt,14,110,0.0035033000000000004
split_finegrained2_RIBT4T.pt,14,114,0.0036335599999999997
split_finegrained2_9I3DBI.pt,14,60,0.0034089999999999993
split_finegrained2_CLPRWD.pt,14,98,0.0034531200000000014
split_finegrained2_AZ3MJ8.pt,14,102,0.0034323800000000005
split_finegrained2_151LMR.pt,14,88,0.004028620000000001
split_finegrained2_MR13HR.pt,14,74,0.00339128
split_finegrained2_8EGAFN.pt,14,108,0.0035011199999999986
split_finegrained2_K7R509.pt,14,64,0.0063807000000000004
split_finegrained2_UAER6T.pt,14,68,0.011450640000000007
split_finegrained2_0IXCG3.pt,14,80,0.007217680000000001
split_finegrained2_11X6O8.pt,14,92,0.003458420000000001
split_finegrained2_6OM5SX.pt,14,118,0.0034255400000000004
split_finegrained2_73JKXI.pt,14,70,0.006642479999999999
split_finegrained2_ZATDTU.pt,14,116,0.0034078800000000007
split_finegrained2_GOKQ70.pt,14,56,0.00347588
split_finegrained2_JM60ZN.pt,3,458,0.014986340000000004
split_finegrained2_49IS3N.pt,3,282,0.011670999999999997
split_finegrained2_CIXHYS.pt,3,364,0.011434780000000002
split_finegrained2_GF3BXA.pt,3,254,0.0034831200000000006
split_finegrained2_17XKI2.pt,3,464,0.0034632800000000004
split_finegrained2_RM2DSG.pt,3,288,0.00353904
split_finegrained2_FWX6PW.pt,3,352,0.0053637599999999995
split_finegrained2_N9ABDL.pt,3,232,0.00406502
split_finegrained2_48W6NA.pt,3,228,0.018069460000000002
split_finegrained2_GDHSHV.pt,3,470,0.008891640000000004
split_finegrained2_POST6H.pt,3,304,0.014562719999999996
split_finegrained2_BQZE87.pt,3,324,0.0054169199999999995
split_finegrained2_76N6BT.pt,3,436,0.0034407800000000005
split_finegrained2_CQBF1M.pt,3,232,0.0034197400000000005
split_finegrained2_UDRF5D.pt,3,516,0.0034765399999999998
split_finegrained2_KE9Z2T.pt,3,286,0.012547580000000001
split_finegrained2_3WR3CI.pt,3,500,0.011669180000000001
split_finegrained2_GATW2S.pt,3,392,0.0075025
split_finegrained2_JWCEMP.pt,3,256,0.015975019999999996
split_finegrained2_TRBVSX.pt,3,414,0.0034574999999999996
split_finegrained2_VAFRIG.pt,14,70,0.007979860000000002
split_finegrained2_RNMMEQ.pt,14,82,0.0034844200000000002
split_finegrained2_V570GY.pt,14,64,0.003450959999999999
split_finegrained2_ZWO7C5.pt,14,78,0.0034268400000000004
split_finegrained2_TMP9RZ.pt,14,140,0.0034216999999999997
split_finegrained2_JFD75B.pt,14,88,0.00522586
split_finegrained2_ZXHXDG.pt,14,108,0.0034121399999999997
split_finegrained2_ZN80WL.pt,14,98,0.00341364
split_finegrained2_AEADWY.pt,14,78,0.0034108600000000004
split_finegrained2_FZ0DOV.pt,14,136,0.010472659999999998
split_finegrained2_GDLSW1.pt,14,76,0.0034407000000000005
split_finegrained2_DLABCG.pt,14,142,0.0034877000000000003
split_finegrained2_3IRBBF.pt,14,134,0.00848274
split_finegrained2_V3TWV7.pt,14,92,0.003521380000000001
split_finegrained2_M4VXWT.pt,14,116,0.003440100000000001
split_finegrained2_LMVJM2.pt,14,146,0.00353856
split_finegrained2_HGA91Y.pt,14,120,0.0033987600000000002
split_finegrained2_LKBA1W.pt,14,126,0.00348028
split_finegrained2_14GFM7.pt,14,122,0.00339364
split_finegrained2_J2F5P9.pt,14,94,0.003447900000000001
split_finegrained2_TVGJYX.pt,7,188,0.004173000000000001
split_finegrained2_C1P1OR.pt,7,148,0.003455479999999999
split_finegrained2_ZLEMA7.pt,7,132,0.00513282
split_finegrained2_Y4U009.pt,7,178,0.0078007000000000016
split_finegrained2_TFXSL4.pt,7,174,0.00356842
split_finegrained2_PM6ETL.pt,7,174,0.0034130199999999992
split_finegrained2_5P1CZ6.pt,7,190,0.0034799600000000003
split_finegrained2_4XAEFS.pt,7,152,0.006900679999999998
split_finegrained2_W4XUN3.pt,7,112,0.009657620000000002
split_finegrained2_WA1PFG.pt,7,90,0.004025440000000002
split_finegrained2_M38OH1.pt,7,162,0.00674442
split_finegrained2_3NEFFT.pt,7,88,0.005674480000000002
split_finegrained2_38D9XL.pt,7,164,0.00461898
split_finegrained2_JDLFZB.pt,7,156,0.00347616
split_finegrained2_BXJGHF.pt,7,144,0.007040539999999999
split_finegrained2_QGZNSX.pt,7,98,0.006075939999999999
split_finegrained2_V46H68.pt,7,90,0.00906548
split_finegrained2_NEPN41.pt,7,100,0.0034243200000000007
split_finegrained2_V4TRFD.pt,7,170,0.01290474
split_finegrained2_44YGAQ.pt,7,144,0.0037198599999999997
split_finegrained2_HRGY6D.pt,14,12,0.003426739999999999
split_finegrained2_NQW4E9.pt,14,22,0.0035878800000000003
split_finegrained2_W40P1R.pt,14,20,0.005223800000000001
split_finegrained2_HD4RPO.pt,14,16,0.003403080000000001
split_finegrained2_M9IVTC.pt,14,24,0.007279159999999999
split_finegrained2_J2NT6Q.pt,14,26,0.0034260600000000007
split_finegrained2_WI6AK7.pt,14,20,0.0036199799999999988
split_finegrained2_YZHUTR.pt,14,26,0.0034905599999999998
split_finegrained2_PH9O7F.pt,14,16,0.0035652400000000008
split_finegrained2_T0KBKI.pt,14,22,0.005823840000000001
split_finegrained2_ABG4SG.pt,14,18,0.014125199999999997
split_finegrained2_594TX5.pt,14,14,0.005544739999999999
split_finegrained2_5Z1PSU.pt,14,18,0.0034578600000000005
split_finegrained2_V8UB7R.pt,14,28,0.012839779999999993
split_finegrained2_6502M1.pt,14,14,0.007401279999999998
split_finegrained2_UJ5QP3.pt,14,24,0.0035672600000000013
split_finegrained2_0NNHDU.pt,3,452,0.0034385399999999986
split_finegrained2_QEYN8T.pt,3,308,0.017903980000000003
split_finegrained2_OGP5LT.pt,3,414,0.005363119999999998
split_finegrained2_4CSMD0.pt,3,378,0.0078874
split_finegrained2_O8503M.pt,3,390,0.00340402
split_finegrained2_15TGC8.pt,3,374,0.0034097000000000003
split_finegrained2_Y6UUL8.pt,3,366,0.003520819999999999
split_finegrained2_PN76RK.pt,3,352,0.00988444
split_finegrained2_V9TGCV.pt,3,508,0.00649718
split_finegrained2_AML77M.pt,3,408,0.003465219999999999
split_finegrained2_344CP0.pt,3,564,0.006913979999999999
split_finegrained2_P861IV.pt,3,388,0.0034687800000000007
split_finegrained2_6R1ZKS.pt,3,476,0.0034608799999999995
split_finegrained2_J3YTQL.pt,3,318,0.0034613400000000007
split_finegrained2_KVQ3CP.pt,3,298,0.0034293199999999996
split_finegrained2_0182LI.pt,3,524,0.0102481
split_finegrained2_75YULK.pt,3,442,0.0034743200000000004
split_finegrained2_TV6ED3.pt,3,340,0.02253644
split_finegrained2_KZ4AFG.pt,3,518,0.0034234600000000006
split_finegrained2_716TU0.pt,3,576,0.015169279999999997
split_finegrained2_MMLAIW.pt,14,34,0.003415319999999998
split_finegrained2_INO2P1.pt,14,22,0.015717019999999998
split_finegrained2_D1Z01I.pt,14,18,0.0068738
split_finegrained2_CLPR4U.pt,14,38,0.00344478
split_finegrained2_5SDJ5I.pt,14,26,0.003928600000000002
split_finegrained2_LEDXXZ.pt,14,24,0.0034228799999999997
split_finegrained2_2D7L9U.pt,14,28,0.003445600000000001
split_finegrained2_05K2PM.pt,14,32,0.012087079999999995
split_finegrained2_TTUB0P.pt,14,22,0.0080643
split_finegrained2_53ISUW.pt,14,34,0.00771576
split_finegrained2_CIKYVF.pt,14,24,0.0034459999999999994
split_finegrained2_NATE0Z.pt,14,40,0.0034078
split_finegrained2_YF0Z4A.pt,14,32,0.0035388600000000004
split_finegrained2_TTOJK1.pt,14,26,0.0034318000000000005
split_finegrained2_WL9C5A.pt,14,30,0.0047433200000000005
split_finegrained2_06BZO0.pt,14,38,0.0034028799999999996
split_finegrained2_PN0FCT.pt,14,20,0.00612824
split_finegrained2_3C15RD.pt,14,30,0.003575500000000001
split_finegrained2_UQD8UH.pt,14,20,0.013719900000000007
split_finegrained2_TP9T7R.pt,14,28,0.0073504400000000015
split_finegrained2_T7U5KS.pt,14,102,0.003437140000000001
split_finegrained2_QJQGA2.pt,14,128,0.00358742
split_finegrained2_5831TI.pt,14,82,0.012545220000000001
split_finegrained2_9X2Q5W.pt,14,110,0.010182239999999999
split_finegrained2_LBQ85O.pt,14,124,0.0034338800000000003
split_finegrained2_Y62LXO.pt,14,164,0.007412199999999999
split_finegrained2_T22DCI.pt,14,152,0.006907560000000002
split_finegrained2_9O0ZNI.pt,14,86,0.00345568
split_finegrained2_CDO83V.pt,14,136,0.00339018
split_finegrained2_81G2MT.pt,14,78,0.0034968
split_finegrained2_VY28BL.pt,14,90,0.011767600000000003
split_finegrained2_S3NNNF.pt,14,116,0.0034769800000000006
split_finegrained2_AR53CA.pt,14,148,0.0034230400000000005
split_finegrained2_NCYBX9.pt,14,136,0.0034390200000000005
split_finegrained2_U2J5OI.pt,14,90,0.0034449800000000007
split_finegrained2_P1ZB05.pt,14,156,0.00344274
split_finegrained2_8QBXJF.pt,14,140,0.005813300000000002
split_finegrained2_9JQ8EX.pt,14,168,0.0034619399999999993
split_finegrained2_LDOSGT.pt,14,98,0.004505940000000001
split_finegrained2_FJSUVK.pt,14,82,0.007132259999999998
split_finegrained2_VAY8Y3.pt,14,16,0.007999479999999996
split_finegrained2_0HQR4E.pt,14,10,0.012989799999999994
split_finegrained2_402N5V.pt,14,12,0.0035086199999999996
split_finegrained2_3D39B4.pt,14,18,0.013339519999999995
split_finegrained2_S836UB.pt,14,16,0.0034798999999999997
split_finegrained2_NFV1HJ.pt,14,8,0.006059499999999999
split_finegrained2_7LWYVW.pt,14,10,0.007582039999999999
split_finegrained2_KVISQD.pt,14,18,0.008961160000000003
split_finegrained2_43PN5K.pt,14,14,0.015426780000000003
split_finegrained2_NWQMOM.pt,14,12,0.0035732999999999997
split_finegrained2_N3ZYP1.pt,14,14,0.003597979999999999
split_finegrained2_QG5NOL.pt,14,48,0.0034199800000000013
split_finegrained2_7V81I0.pt,14,30,0.0075896600000000015
split_finegrained2_CNBYQT.pt,14,42,0.008147679999999997
split_finegrained2_0OS5DI.pt,14,34,0.0035902200000000007
split_finegrained2_JQGB5U.pt,14,26,0.008950900000000001
split_finegrained2_ANEEGV.pt,14,58,0.008314199999999999
split_finegrained2_6RSBMK.pt,14,54,0.00457308
split_finegrained2_HAS9B6.pt,14,58,0.01503058
split_finegrained2_EH5WKH.pt,14,36,0.0034605200000000008
split_finegrained2_TTZ98R.pt,14,52,0.0034947199999999993
split_finegrained2_9VR6MX.pt,14,46,0.00346424
split_finegrained2_A6O6XJ.pt,14,28,0.00342632
split_finegrained2_S9GLZX.pt,14,46,0.006365320000000003
split_finegrained2_3JNQMP.pt,14,50,0.0034243799999999986
split_finegrained2_GG8GVF.pt,14,44,0.003422099999999999
split_finegrained2_JU3A8E.pt,14,30,0.003425479999999999
split_finegrained2_RFS7M7.pt,14,50,0.007461260000000001
split_finegrained2_83F309.pt,14,56,0.0035462400000000004
split_finegrained2_NP0ZIY.pt,14,40,0.010407579999999998
split_finegrained2_QMJGE8.pt,14,32,0.003502119999999999
split_finegrained2_9IEZNS.pt,7,624,0.0034769800000000006
split_finegrained2_5UB46S.pt,7,332,0.003448640000000001
split_finegrained2_5SYK3H.pt,7,290,0.008800280000000004
split_finegrained2_547IIH.pt,7,590,0.003608560000000001
split_finegrained2_PMI1ZN.pt,7,380,0.0038697400000000017
split_finegrained2_G1D47R.pt,7,446,0.009330179999999995
split_finegrained2_VWT0FN.pt,7,356,0.003430799999999999
split_finegrained2_QKMH4P.pt,7,486,0.00688712
split_finegrained2_W3KUHJ.pt,7,394,0.0034213799999999995
split_finegrained2_F8A0P7.pt,7,378,0.0034638399999999997
split_finegrained2_96CM61.pt,7,470,0.00346646
split_finegrained2_UM5DBK.pt,7,454,0.00347908
split_finegrained2_BNCJWB.pt,7,442,0.0045937999999999994
split_finegrained2_UNACRW.pt,7,384,0.0034465800000000003
split_finegrained2_R14JYN.pt,7,536,0.0035648800000000003
split_finegrained2_JOEAS0.pt,7,360,0.00349192
split_finegrained2_SIWZ45.pt,7,364,0.0034538000000000004
split_finegrained2_Z68S5X.pt,7,478,0.0103946
split_finegrained2_HCJEGT.pt,7,560,0.0034564400000000007
split_finegrained2_UWVHUR.pt,7,438,0.003451419999999999
split_finegrained2_TZ9O2B.pt,14,88,0.00342648
split_finegrained2_NG176X.pt,14,86,0.00344662
split_finegrained2_Y4WI4Y.pt,14,140,0.00341536
split_finegrained2_YFGTAO.pt,14,144,0.0034180400000000007
split_finegrained2_JHNVXE.pt,14,144,0.0034252799999999993
split_finegrained2_KKD04H.pt,14,166,0.00344048
split_finegrained2_M7Y1UO.pt,14,172,0.00385044
split_finegrained2_FUMLAB.pt,14,96,0.0034313200000000003
split_finegrained2_FEMOJC.pt,14,170,0.0034792199999999994
split_finegrained2_HW1WV5.pt,14,90,0.0036321800000000005
split_finegrained2_4ATLLR.pt,14,82,0.00347932
split_finegrained2_7TXHSN.pt,14,88,0.012865160000000002
split_finegrained2_ZQWGHL.pt,14,160,0.003561239999999999
split_finegrained2_R10QAW.pt,14,134,0.00352706
split_finegrained2_NVQ11I.pt,14,122,0.0033982599999999997
split_finegrained2_BGKIK3.pt,14,124,0.0035030999999999986
split_finegrained2_BJ99OG.pt,14,100,0.0084637
split_finegrained2_NJJ206.pt,14,154,0.00344878
split_finegrained2_7ACMXC.pt,14,120,0.003412759999999999
split_finegrained2_P067WX.pt,14,138,0.003457320000000001
split_finegrained2_EWZK5K.pt,14,238,0.0034096000000000005
split_finegrained2_1FYWY1.pt,14,278,0.003408280000000001
split_finegrained2_ALDC3X.pt,14,202,0.0034338800000000003
split_finegrained2_BLGZNA.pt,14,270,0.0035580399999999997
split_finegrained2_UJE8IT.pt,14,142,0.0035336000000000005
split_finegrained2_WHVH3G.pt,14,260,0.0036254599999999996
split_finegrained2_G40EHF.pt,14,174,0.0034167799999999986
split_finegrained2_4NPXHA.pt,14,188,0.0035067199999999996
split_finegrained2_B72W2Q.pt,14,224,0.003413839999999999
split_finegrained2_8T9RMN.pt,14,236,0.0033812800000000004
split_finegrained2_RM9E0I.pt,14,218,0.00399456
split_finegrained2_VSSWPP.pt,14,146,0.00342932
split_finegrained2_MCPA8E.pt,14,268,0.00343904
split_finegrained2_QQMDYQ.pt,14,300,0.003494460000000001
split_finegrained2_MS879X.pt,14,288,0.0034930199999999995
split_finegrained2_3SJCUD.pt,14,178,0.0081008
split_finegrained2_TJXELU.pt,14,246,0.003437659999999999
split_finegrained2_ZR0J4P.pt,14,138,0.003490980000000001
split_finegrained2_URTN2N.pt,14,268,0.00346678
split_finegrained2_GK76UY.pt,14,312,0.00348078
split_finegrained2_DE22Q7.pt,14,34,0.010473520000000004
split_finegrained2_HX2N63.pt,14,42,0.00690294
split_finegrained2_R1IM0F.pt,14,32,0.00451914
split_finegrained2_AQH84M.pt,14,52,0.0034626399999999995
split_finegrained2_RKE04I.pt,14,26,0.008831399999999996
split_finegrained2_R4E2U0.pt,14,30,0.00973342
split_finegrained2_TG97W6.pt,14,50,0.00829204
split_finegrained2_FSWXXO.pt,14,24,0.006433779999999999
split_finegrained2_6TI8I4.pt,14,36,0.00347742
split_finegrained2_MPUZN3.pt,14,34,0.0034955799999999994
split_finegrained2_9B5Q4G.pt,14,38,0.011563379999999998
split_finegrained2_SM2B55.pt,14,52,0.007800759999999997
split_finegrained2_XTI0WQ.pt,14,40,0.005729779999999998
split_finegrained2_W0EX7D.pt,14,24,0.011127919999999998
split_finegrained2_E1DF2L.pt,14,44,0.00474498
split_finegrained2_MB73D8.pt,14,44,0.0052932000000000005
split_finegrained2_7TGY1Q.pt,14,46,0.0034755000000000003
split_finegrained2_KOOXY8.pt,14,46,0.0034263599999999994
split_finegrained2_4E7JPU.pt,14,26,0.00580484
split_finegrained2_HCXLWW.pt,14,28,0.0034283999999999994
split_finegrained2_SP7H2C.pt,14,38,0.003524979999999999
split_finegrained2_V2SUL3.pt,14,42,0.004279160000000001
split_finegrained2_DVAES6.pt,14,62,0.0035488199999999994
split_finegrained2_PAT94U.pt,14,72,0.0036019
split_finegrained2_G83PER.pt,14,54,0.00393564
split_finegrained2_MQGZDN.pt,14,66,0.0034701599999999986
split_finegrained2_7OGLF4.pt,14,54,0.0034490999999999988
split_finegrained2_74APYY.pt,14,70,0.0034567800000000004
split_finegrained2_UPFBZS.pt,14,72,0.0034005600000000013
split_finegrained2_B56ESL.pt,14,48,0.00346054
split_finegrained2_643AZC.pt,14,36,0.0034410600000000014
split_finegrained2_HGZE4A.pt,14,82,0.0035169200000000006
split_finegrained2_R7FQFP.pt,14,50,0.011855459999999998
split_finegrained2_S5127O.pt,14,44,0.005723959999999997
split_finegrained2_DXQGOS.pt,14,40,0.0034315600000000006
split_finegrained2_XKQGRM.pt,14,56,0.0035452999999999995
split_finegrained2_OU1URG.pt,14,52,0.0035570600000000008
split_finegrained2_6FFLJ5.pt,14,60,0.00398788
split_finegrained2_RHS1Z5.pt,14,52,0.00356612
split_finegrained2_0CCCS5.pt,14,44,0.007625719999999998
split_finegrained2_E9VEIA.pt,7,92,0.0034757400000000006
split_finegrained2_ECSCKM.pt,7,136,0.0034695400000000006
split_finegrained2_DQFR9H.pt,7,110,0.00342828
split_finegrained2_DQTTKQ.pt,7,132,0.011322260000000002
split_finegrained2_XJ0SLE.pt,7,104,0.003427640000000001
split_finegrained2_GJ2G23.pt,7,124,0.003451560000000001
split_finegrained2_XXBPAF.pt,7,106,0.0034523799999999997
split_finegrained2_F5IS4M.pt,7,104,0.005655539999999998
split_finegrained2_8MUUOP.pt,7,160,0.0034277
split_finegrained2_08VCI5.pt,7,84,0.0037676
split_finegrained2_OZXIGW.pt,7,156,0.0034430399999999988
split_finegrained2_68G6QV.pt,7,96,0.010580319999999999
split_finegrained2_G9NNA2.pt,7,108,0.013907939999999997
split_finegrained2_90BLH0.pt,7,166,0.0034316999999999998
split_finegrained2_QROL4Z.pt,7,184,0.003505060000000001
split_finegrained2_0WGYA5.pt,7,108,0.003494399999999999
split_finegrained2_9D4JLY.pt,7,178,0.0034695999999999993
split_finegrained2_BYR316.pt,7,180,0.012687980000000001
split_finegrained2_UWOK0O.pt,7,162,0.007657519999999998
split_finegrained2_HG25WB.pt,7,130,0.0034870000000000005
split_finegrained2_9GEH59.pt,7,430,0.01059434
split_finegrained2_GC18XF.pt,7,228,0.0034429999999999994
split_finegrained2_BJ2EQR.pt,7,260,0.0034284400000000005
split_finegrained2_HKUX64.pt,7,488,0.0034476399999999996
split_finegrained2_APZKLX.pt,7,422,0.00345828
split_finegrained2_7AXN6N.pt,7,304,0.008893700000000003
split_finegrained2_RGBX0P.pt,7,484,0.0036225800000000002
split_finegrained2_ZM2FS6.pt,7,322,0.008245999999999998
split_finegrained2_PALENP.pt,7,336,0.0034668599999999987
split_finegrained2_234T1C.pt,7,296,0.003538420000000001
split_finegrained2_0ZVSYN.pt,7,440,0.003499559999999999
split_finegrained2_TIHPH8.pt,7,310,0.0035336
split_finegrained2_48X3K5.pt,7,450,0.00978476
split_finegrained2_45VM6A.pt,7,400,0.0035380800000000007
split_finegrained2_IB9VZJ.pt,7,446,0.010626979999999998
split_finegrained2_KDH829.pt,7,408,0.0036033400000000017
split_finegrained2_SIROZ8.pt,7,458,0.0034928000000000003
split_finegrained2_HASFLF.pt,7,264,0.006359540000000001
split_finegrained2_5M9MAH.pt,7,390,0.0034286199999999994
split_finegrained2_AKU3PK.pt,7,396,0.0034253199999999995
split_finegrained2_FK4A4Q.pt,7,8,0.009130959999999999
split_finegrained2_PJQ30N.pt,7,10,0.014538399999999998
split_finegrained2_T36I0K.pt,7,10,0.00993666
split_finegrained2_6V981S.pt,7,6,0.003460139999999999
split_finegrained2_WZSWPS.pt,7,12,0.01409076
split_finegrained2_JFD4ZC.pt,7,8,0.003467119999999999
split_finegrained2_QA30N8.pt,7,6,0.0035520199999999995
split_finegrained2_BFF5XI.pt,7,56,0.003425159999999999
split_finegrained2_PM26TV.pt,7,124,0.0034227800000000016
split_finegrained2_BHO34C.pt,7,110,0.007763520000000001
split_finegrained2_NV0TQ5.pt,7,86,0.0038445800000000007
split_finegrained2_94E9ZE.pt,7,58,0.003459299999999999
split_finegrained2_G14SSO.pt,7,68,0.012233879999999997
split_finegrained2_9YT8TC.pt,7,90,0.007429639999999998
split_finegrained2_SUZART.pt,7,90,0.015289059999999998
split_finegrained2_85UD1T.pt,7,94,0.008554080000000002
split_finegrained2_KMEEO7.pt,7,96,0.012281700000000001
split_finegrained2_HAHA4I.pt,7,88,0.010081919999999998
split_finegrained2_BTQR59.pt,7,86,0.0037535599999999995
split_finegrained2_7MGDXK.pt,7,96,0.0034195799999999993
split_finegrained2_24J9VW.pt,7,120,0.00430652
split_finegrained2_Z5FMNH.pt,7,82,0.0034684800000000003
split_finegrained2_WFHR2P.pt,7,114,0.00343748
split_finegrained2_CBJLDT.pt,7,64,0.009255340000000003
split_finegrained2_TETS8C.pt,7,108,0.0059531600000000025
split_finegrained2_JD2A6Q.pt,7,76,0.00577334
split_finegrained2_CCP3HD.pt,7,106,0.00957114
split_finegrained2_GEKF41.pt,14,20,0.0071192600000000005
split_finegrained2_U1O8C3.pt,14,36,0.005004419999999999
split_finegrained2_DVENZY.pt,14,34,0.00348798
split_finegrained2_UXSZVQ.pt,14,30,0.007779999999999997
split_finegrained2_E9MGJC.pt,14,18,0.0034680600000000002
split_finegrained2_KAIJ53.pt,14,30,0.003982640000000001
split_finegrained2_YM2ABP.pt,14,22,0.0034198200000000005
split_finegrained2_SDP3L8.pt,14,28,0.0034750600000000003
split_finegrained2_S3YEKT.pt,14,24,0.004294679999999998
split_finegrained2_5USRV2.pt,14,20,0.010478560000000001
split_finegrained2_400A6O.pt,14,16,0.00344982
split_finegrained2_7FI7W0.pt,14,32,0.00344078
split_finegrained2_O4H2DG.pt,14,24,0.003494580000000001
split_finegrained2_KRJL0U.pt,14,22,0.0076997599999999965
split_finegrained2_SJU68H.pt,14,18,0.005713100000000001
split_finegrained2_AHUE0Y.pt,14,32,0.005500420000000003
split_finegrained2_OAL2KW.pt,14,38,0.0033977799999999996
split_finegrained2_WFQWVF.pt,14,26,0.00341286
split_finegrained2_KOD4NE.pt,14,28,0.008167819999999998
split_finegrained2_THVFDW.pt,14,34,0.003436440000000001
split_finegrained2_UATR3R.pt,14,40,0.007059179999999999
split_finegrained2_2Y28SU.pt,14,52,0.00342654
split_finegrained2_T0WIPI.pt,14,54,0.005231980000000001
split_finegrained2_3SZGIS.pt,14,52,0.0034414800000000002
split_finegrained2_WQHR22.pt,14,36,0.0034649999999999993
split_finegrained2_WGRCY5.pt,14,36,0.003946299999999999
split_finegrained2_HB1NAV.pt,14,42,0.003538859999999999
split_finegrained2_JQHAXR.pt,14,40,0.013524060000000003
split_finegrained2_211WYD.pt,14,30,0.008178939999999997
split_finegrained2_Z1U4L9.pt,14,28,0.013418279999999996
split_finegrained2_DW57UG.pt,14,42,0.004863900000000001
split_finegrained2_3ZW8EL.pt,14,32,0.004019259999999999
split_finegrained2_BUGAOX.pt,14,50,0.00341324
split_finegrained2_2H9WAH.pt,14,50,0.003431480000000001
split_finegrained2_4HVOO1.pt,14,38,0.0034643800000000004
split_finegrained2_BN722B.pt,14,38,0.00343458
split_finegrained2_02ZOD4.pt,14,56,0.0035186200000000005
split_finegrained2_OJU2L1.pt,14,24,0.005927659999999999
split_finegrained2_ST7SEL.pt,14,34,0.0034559400000000007
split_finegrained2_8N88K4.pt,14,44,0.00354236
split_finegrained2_SL8PEH.pt,14,88,0.00342912
split_finegrained2_1ERNE9.pt,14,98,0.00341146
split_finegrained2_3QDS1H.pt,14,100,0.003444960000000001
split_finegrained2_0AREPZ.pt,14,94,0.00886592
split_finegrained2_APWHG3.pt,14,110,0.0034042399999999993
split_finegrained2_O08HQ3.pt,14,74,0.0034568799999999994
split_finegrained2_XX9YAV.pt,14,120,0.004522740000000001
split_finegrained2_0OU2N8.pt,14,82,0.003513879999999999
split_finegrained2_A7JVNO.pt,14,80,0.007801539999999995
split_finegrained2_H54M7N.pt,14,86,0.0130597
split_finegrained2_5D22D3.pt,14,84,0.00519336
split_finegrained2_9WNP2Y.pt,14,66,0.006968679999999998
split_finegrained2_FR71LY.pt,14,86,0.008784499999999999
split_finegrained2_M51TWQ.pt,14,60,0.00485716
split_finegrained2_UNYH9H.pt,14,100,0.0034459199999999995
split_finegrained2_2X8LZL.pt,14,140,0.0034742799999999997
split_finegrained2_9CFHCS.pt,14,134,0.0034500800000000003
split_finegrained2_ZJ4LYS.pt,14,76,0.00348036
split_finegrained2_PUKFEA.pt,14,104,0.004747860000000001
split_finegrained2_0J5L0N.pt,14,108,0.005320140000000002
split_finegrained2_LESV3M.pt,14,6,0.003609739999999999
split_finegrained2_JEO3UD.pt,14,4,0.016638899999999998
split_finegrained2_K4DVH3.pt,14,6,0.0034396000000000006
split_finegrained2_J8JYSX.pt,14,4,0.014340860000000002
split_finegrained2_EGDWCH.pt,14,68,0.004222559999999999
split_finegrained2_TF5P1T.pt,14,64,0.006283499999999997
split_finegrained2_NOU45N.pt,14,64,0.0034376399999999996
split_finegrained2_H27IG5.pt,14,44,0.009278439999999999
split_finegrained2_X4CLL7.pt,14,36,0.00527148
split_finegrained2_8ECPEK.pt,14,66,0.0034207199999999995
split_finegrained2_6ZPZNT.pt,14,62,0.006510419999999999
split_finegrained2_9U3B8S.pt,14,42,0.00338692
split_finegrained2_E1U479.pt,14,32,0.022467460000000005
split_finegrained2_AEEDQU.pt,14,42,0.003483720000000001
split_finegrained2_XIKIYH.pt,14,52,0.0034641600000000004
split_finegrained2_4OPL8Q.pt,14,34,0.0034259399999999984
split_finegrained2_MOGH2P.pt,14,46,0.00339254
split_finegrained2_EWIKZN.pt,14,50,0.0038459599999999994
split_finegrained2_FRC4UE.pt,14,60,0.0034441399999999996
split_finegrained2_63T5JF.pt,14,56,0.012029060000000003
split_finegrained2_1ZVDEN.pt,14,54,0.010230180000000002
split_finegrained2_SLP6VG.pt,14,68,0.022356920000000002
split_finegrained2_GZI7NG.pt,14,50,0.0033928599999999993
split_finegrained2_D72NV8.pt,14,58,0.008158020000000002
split_finegrained2_FE3L8B.pt,14,64,0.0034205999999999993
split_finegrained2_9KI8XL.pt,14,56,0.00519036
split_finegrained2_MZROC1.pt,14,100,0.006231420000000002
split_finegrained2_4YRP8A.pt,14,66,0.010443979999999999
split_finegrained2_059VGN.pt,14,54,0.012499680000000003
split_finegrained2_7DSASI.pt,14,92,0.0035591400000000006
split_finegrained2_87JJWF.pt,14,52,0.0034828999999999993
split_finegrained2_K7TR7C.pt,14,70,0.0034917399999999993
split_finegrained2_XCU35M.pt,14,84,0.0034670400000000002
split_finegrained2_ZTFM4X.pt,14,86,0.003403460000000001
split_finegrained2_B4SM6X.pt,14,58,0.00344898
split_finegrained2_66PPS1.pt,14,98,0.00343714
split_finegrained2_AYBPVA.pt,14,64,0.0034964799999999997
split_finegrained2_MRQG4X.pt,14,50,0.0034708000000000004
split_finegrained2_2RJE8I.pt,14,102,0.009035159999999999
split_finegrained2_NL87FS.pt,14,82,0.010193379999999997
split_finegrained2_KO00BP.pt,14,56,0.0033922
split_finegrained2_GM0Y9S.pt,14,86,0.011281240000000003
split_finegrained2_HS4N4B.pt,14,70,0.00339444
split_finegrained2_3O6V4W.pt,14,106,0.00505564
split_finegrained2_IQDGZ0.pt,7,60,0.0034421
split_finegrained2_05BPAO.pt,7,80,0.006983640000000001
split_finegrained2_5GNTUN.pt,7,74,0.003953799999999999
split_finegrained2_N39HV1.pt,7,134,0.009527899999999999
split_finegrained2_FDMF0V.pt,7,100,0.0034535999999999994
split_finegrained2_XTOR2N.pt,7,112,0.0034929799999999993
split_finegrained2_SUDQR8.pt,7,72,0.0034946999999999995
split_finegrained2_JKQJ2O.pt,7,88,0.00383186
split_finegrained2_3QITR3.pt,7,82,0.0034709800000000002
split_finegrained2_I7BQ6L.pt,7,108,0.00345026
split_finegrained2_EGTUQV.pt,7,96,0.00343958
split_finegrained2_W741D1.pt,7,98,0.00346576
split_finegrained2_CILWTN.pt,7,88,0.012703380000000002
split_finegrained2_T6RGXI.pt,7,82,0.00337518
split_finegrained2_PYW8ZE.pt,7,130,0.012689980000000003
split_finegrained2_IUEZFQ.pt,7,76,0.00343286
split_finegrained2_B286TH.pt,7,116,0.0034628799999999998
split_finegrained2_C8VKYP.pt,7,114,0.003483860000000001
split_finegrained2_RSDOFI.pt,7,78,0.0034156800000000004
split_finegrained2_APWT79.pt,7,74,0.013811660000000002
split_finegrained2_QR6RZ3.pt,7,48,0.0034901400000000005
split_finegrained2_F31W6U.pt,7,30,0.015820199999999996
split_finegrained2_YLE98A.pt,7,58,0.0041857399999999986
split_finegrained2_FGOGEC.pt,7,50,0.0126761
split_finegrained2_V0MBRA.pt,7,38,0.005816479999999998
split_finegrained2_WTLO5N.pt,7,32,0.005364179999999999
split_finegrained2_C9AFXZ.pt,7,60,0.006837860000000001
split_finegrained2_JDOT2D.pt,7,46,0.0033794199999999997
split_finegrained2_Z54I5K.pt,7,56,0.003384739999999999
split_finegrained2_2213X2.pt,7,44,0.005552560000000001
split_finegrained2_YNTHS0.pt,7,44,0.003803639999999999
split_finegrained2_NKFD2R.pt,7,66,0.0034956400000000004
split_finegrained2_G643Q4.pt,7,64,0.0034750600000000007
split_finegrained2_LT5783.pt,7,40,0.015212180000000006
split_finegrained2_SBV6Y7.pt,7,64,0.011723460000000008
split_finegrained2_4NQ143.pt,7,36,0.003480839999999999
split_finegrained2_3I55CH.pt,7,38,0.015911319999999996
split_finegrained2_JF39T4.pt,7,40,0.003423519999999999
split_finegrained2_JSHXE5.pt,7,54,0.009287179999999997
split_finegrained2_QQIHBE.pt,7,34,0.008796000000000003
split_finegrained2_I38CX7.pt,3,162,0.006722840000000001
split_finegrained2_V0EH4I.pt,3,256,0.006623639999999999
split_finegrained2_1FEO0R.pt,3,250,0.0034812799999999994
split_finegrained2_7KR9UC.pt,3,156,0.006828980000000002
split_finegrained2_EXS6T2.pt,3,282,0.004749839999999998
split_finegrained2_KC7GKF.pt,3,182,0.0034414
split_finegrained2_2EI695.pt,3,170,0.023171779999999996
split_finegrained2_5IVCPK.pt,3,222,0.0104654
split_finegrained2_5PNCXN.pt,3,224,0.00351044
split_finegrained2_8HKCKD.pt,3,158,0.004117239999999999
split_finegrained2_7JT6QK.pt,3,180,0.0034111000000000007
split_finegrained2_518I2Q.pt,3,312,0.003458620000000002
split_finegrained2_PFB0QT.pt,3,310,0.005020140000000001
split_finegrained2_T5C0TD.pt,3,332,0.005305499999999999
split_finegrained2_2PF96N.pt,3,318,0.00523688
split_finegrained2_1VPY29.pt,3,186,0.00345472
split_finegrained2_TXIZN2.pt,3,316,0.004591439999999999
split_finegrained2_GCD3GQ.pt,3,292,0.0034607800000000005
split_finegrained2_ERG6NK.pt,3,200,0.0034392999999999997
split_finegrained2_8F9XUW.pt,3,264,0.0034626400000000008
split_finegrained2_C14486.pt,3,262,0.00342722
split_finegrained2_UC4TRL.pt,3,278,0.012952960000000005
split_finegrained2_O7XUKQ.pt,3,360,0.00454004
split_finegrained2_EDQJLC.pt,3,180,0.003995999999999999
split_finegrained2_KZ2LON.pt,3,272,0.007813559999999999
split_finegrained2_3XHGH1.pt,3,180,0.01571409999999999
split_finegrained2_L4OR7J.pt,3,290,0.00341438
split_finegrained2_1H1SGP.pt,3,192,0.011537779999999996
split_finegrained2_VAX72W.pt,3,164,0.0034509399999999996
split_finegrained2_48PCVC.pt,3,364,0.00551486
split_finegrained2_5Y38B2.pt,3,270,0.004789680000000001
split_finegrained2_CWEZB8.pt,3,224,0.00819728
split_finegrained2_KJPGWJ.pt,3,286,0.00337544
split_finegrained2_Q9Y7AM.pt,3,164,0.0035266999999999994
split_finegrained2_ADQL3L.pt,3,326,0.0034325599999999994
split_finegrained2_UF5S63.pt,3,340,0.0034379799999999998
split_finegrained2_GQRMQC.pt,3,174,0.00347572
split_finegrained2_H0GH9L.pt,3,200,0.0052831399999999995
split_finegrained2_F7MCGZ.pt,3,170,0.008462379999999999
split_finegrained2_Y2XXS7.pt,3,230,0.003974300000000001
split_finegrained2_S8MJT4.pt,28,8,0.0034474600000000007
split_finegrained2_V1BNGN.pt,28,10,0.011837759999999996
split_finegrained2_MJVLR0.pt,28,6,0.003528700000000001
split_finegrained2_Q97LTM.pt,28,12,0.0035404200000000003
split_finegrained2_NPYE4M.pt,28,8,0.008186700000000003
split_finegrained2_329OPH.pt,28,6,0.005761919999999997
split_finegrained2_RNQQEU.pt,28,10,0.003427419999999999
split_finegrained2_CRZ2K6.pt,7,68,0.00498332
split_finegrained2_CEDFJJ.pt,7,56,0.003440040000000001
split_finegrained2_SNO91E.pt,7,114,0.011344940000000005
split_finegrained2_I9YI63.pt,7,68,0.0099871
split_finegrained2_LHRI4B.pt,7,102,0.012472839999999994
split_finegrained2_H0843D.pt,7,60,0.007270679999999999
split_finegrained2_P3TGVR.pt,7,112,0.00344236
split_finegrained2_U1YUU7.pt,7,66,0.01067782
split_finegrained2_SIHBAA.pt,7,112,0.0034481799999999986
split_finegrained2_AY2PS6.pt,7,120,0.00345684
split_finegrained2_Y1RWE8.pt,7,92,0.006170219999999997
split_finegrained2_9WF6XA.pt,7,76,0.01752612
split_finegrained2_MOUFT0.pt,7,106,0.0061015600000000015
split_finegrained2_1XXUNM.pt,7,82,0.004351759999999999
split_finegrained2_S3ZHH6.pt,7,108,0.0034950000000000003
split_finegrained2_6YVCOV.pt,7,54,0.006115279999999998
split_finegrained2_MYCOXN.pt,7,58,0.0034541000000000003
split_finegrained2_T2CB10.pt,7,94,0.0073982399999999995
split_finegrained2_2JOFS0.pt,7,66,0.003509500000000001
split_finegrained2_52ARMU.pt,7,104,0.011695839999999997
split_finegrained2_5H081V.pt,14,18,0.00386274
split_finegrained2_NM6GXW.pt,14,28,0.0035911999999999993
split_finegrained2_7FXOEO.pt,14,20,0.004826220000000001
split_finegrained2_VQBN5N.pt,14,22,0.006155560000000001
split_finegrained2_LPS4QF.pt,14,20,0.003460040000000001
split_finegrained2_D1GG70.pt,14,16,0.00341302
split_finegrained2_9S9PYW.pt,14,30,0.008454600000000001
split_finegrained2_8DUJHN.pt,14,14,0.006951659999999999
split_finegrained2_PN50P0.pt,14,16,0.0034205800000000003
split_finegrained2_U5CY9M.pt,14,14,0.010051580000000003
split_finegrained2_7EMPL3.pt,14,24,0.008226980000000002
split_finegrained2_DD8J53.pt,14,28,0.0038189199999999995
split_finegrained2_U6BUR0.pt,14,22,0.0034743600000000014
split_finegrained2_XXD4WQ.pt,14,30,0.0034464400000000003
split_finegrained2_C97B3K.pt,14,18,0.00348036
split_finegrained2_CPA7O5.pt,14,24,0.00586114
split_finegrained2_ASBCI2.pt,14,26,0.006078739999999999
split_finegrained2_ENB3G2.pt,14,26,0.00354184
split_finegrained2_B0J0J7.pt,7,62,0.0044801799999999985
split_finegrained2_AQXYQ9.pt,7,68,0.0060505399999999975
split_finegrained2_9KZF4H.pt,7,80,0.003941879999999998
split_finegrained2_9MR6K5.pt,7,44,0.0065372
split_finegrained2_ILD6VE.pt,7,72,0.00345306
split_finegrained2_N9VI9L.pt,7,34,0.0161178
split_finegrained2_JGRQO1.pt,7,60,0.0034469200000000005
split_finegrained2_9XZIV4.pt,7,54,0.008511919999999997
split_finegrained2_74MWJ6.pt,7,60,0.003580680000000001
split_finegrained2_8RKSDE.pt,7,80,0.007511340000000004
split_finegrained2_RBG8U5.pt,7,38,0.01102764
split_finegrained2_9ZXXDR.pt,7,48,0.01574806
split_finegrained2_RSFL5X.pt,7,70,0.0038610800000000002
split_finegrained2_HIR7B2.pt,7,42,0.014447480000000006
split_finegrained2_YDFIMZ.pt,7,64,0.011111539999999996
split_finegrained2_ADJG4L.pt,7,42,0.014095499999999999
split_finegrained2_RHB9HU.pt,7,40,0.011643519999999996
split_finegrained2_41KFLH.pt,7,76,0.006602640000000003
split_finegrained2_RB99EC.pt,7,44,0.003424580000000001
split_finegrained2_7F8EK1.pt,7,74,0.010930360000000002
split_finegrained2_J84002.pt,14,132,0.00352752
split_finegrained2_MMFL9A.pt,14,82,0.0035102800000000006
split_finegrained2_349VPL.pt,14,98,0.003434540000000001
split_finegrained2_IL0FXI.pt,14,86,0.0048156
split_finegrained2_1JW0TT.pt,14,78,0.00355526
split_finegrained2_APF8KZ.pt,14,128,0.0034154000000000025
split_finegrained2_3DRR3Y.pt,14,106,0.003458899999999999
split_finegrained2_L3LCUG.pt,14,130,0.0034600200000000016
split_finegrained2_8HUJ5I.pt,14,142,0.0033966599999999993
split_finegrained2_Y70BU3.pt,14,88,0.003428159999999999
split_finegrained2_7BFP49.pt,14,80,0.004436820000000001
split_finegrained2_R7MET9.pt,14,138,0.0034972000000000007
split_finegrained2_ZU73W4.pt,14,62,0.004957559999999998
split_finegrained2_35XQRO.pt,14,70,0.0034618200000000004
split_finegrained2_JYHL5P.pt,14,134,0.00347164
split_finegrained2_WLSWHN.pt,14,140,0.00352546
split_finegrained2_8B3A0C.pt,14,96,0.0034549199999999998
split_finegrained2_Z98IPU.pt,14,114,0.0034264799999999995
split_finegrained2_LR6G2K.pt,14,142,0.0034449800000000003
split_finegrained2_2BF7K2.pt,14,140,0.004596419999999999
split_finegrained2_CG1O6U.pt,7,32,0.016782879999999997
split_finegrained2_0VL3HF.pt,7,40,0.003497279999999999
split_finegrained2_D266ZJ.pt,7,74,0.006811720000000002
split_finegrained2_LALU0X.pt,7,72,0.003475199999999999
split_finegrained2_YB0AT7.pt,7,58,0.018336279999999996
split_finegrained2_CK74YN.pt,7,68,0.0072097399999999975
split_finegrained2_WEKK3Q.pt,7,58,0.01143766
split_finegrained2_QLGQFZ.pt,7,52,0.011652079999999993
split_finegrained2_309TLR.pt,7,40,0.014222919999999997
split_finegrained2_2S2UFW.pt,7,70,0.0034427800000000008
split_finegrained2_F8SOCF.pt,7,60,0.0034554799999999995
split_finegrained2_DED5CN.pt,7,66,0.012545819999999996
split_finegrained2_D80Z0K.pt,7,62,0.00979656
split_finegrained2_X97R2W.pt,7,38,0.010239259999999997
split_finegrained2_UTOM1R.pt,7,64,0.0034450400000000003
split_finegrained2_GIOO55.pt,7,48,0.0034984599999999992
split_finegrained2_U87429.pt,7,54,0.00344914
split_finegrained2_IHPN4U.pt,7,34,0.00386064
split_finegrained2_MCPV2Q.pt,7,50,0.006023280000000001
split_finegrained2_91SV6P.pt,7,52,0.003391080000000001
split_finegrained2_KNS3Y9.pt,7,130,0.0034577199999999996
split_finegrained2_CFKBBK.pt,7,136,0.005892840000000002
split_finegrained2_62DHDZ.pt,7,176,0.003435159999999999
split_finegrained2_9HJKQJ.pt,7,134,0.00350968
split_finegrained2_7WY96L.pt,7,162,0.0034902000000000015
split_finegrained2_COZVIJ.pt,7,154,0.0035087200000000003
split_finegrained2_NZVLL8.pt,7,188,0.0034446599999999987
split_finegrained2_RVFNVP.pt,7,126,0.01386838
split_finegrained2_7VAFHO.pt,7,172,0.006827960000000002
split_finegrained2_HV1KX7.pt,7,112,0.010421020000000005
split_finegrained2_15THVZ.pt,7,176,0.00352386
split_finegrained2_693LWF.pt,7,170,0.005612680000000001
split_finegrained2_LNXI6K.pt,7,192,0.0034820200000000006
split_finegrained2_XXJQKP.pt,7,144,0.004892380000000001
split_finegrained2_C81PD1.pt,7,180,0.0034053800000000013
split_finegrained2_ODMSGN.pt,7,146,0.003516860000000001
split_finegrained2_6C6KB3.pt,7,174,0.013084099999999998
split_finegrained2_X136OF.pt,7,138,0.013731599999999995
split_finegrained2_27Y2PG.pt,7,114,0.00553078
split_finegrained2_WHQFUT.pt,7,174,0.00371538
split_finegrained2_23EYHK.pt,3,40,0.0034557199999999994
split_finegrained2_FTD5GM.pt,3,30,0.014485959999999999
split_finegrained2_LNJPNE.pt,3,38,0.007600560000000001
split_finegrained2_Q0AR8S.pt,3,22,0.003508980000000001
split_finegrained2_N9S0X0.pt,3,40,0.008667220000000002
split_finegrained2_O50ATV.pt,3,32,0.00479472
split_finegrained2_05AYCB.pt,3,34,0.003460120000000001
split_finegrained2_NRVTW9.pt,3,26,0.0040294000000000016
split_finegrained2_Y9T4LT.pt,3,20,0.01575172
split_finegrained2_CD0R5H.pt,3,34,0.007359259999999998
split_finegrained2_AWX4GW.pt,3,42,0.011979519999999997
split_finegrained2_GT992V.pt,3,24,0.0034270399999999997
split_finegrained2_74WX89.pt,3,26,0.00804542
split_finegrained2_I6QRY3.pt,3,22,0.003675339999999999
split_finegrained2_96QMYN.pt,3,24,0.00403204
split_finegrained2_AJE2JN.pt,3,32,0.003462619999999999
split_finegrained2_7CI3KX.pt,3,42,0.010464120000000004
split_finegrained2_8A4WWY.pt,3,28,0.00478974
split_finegrained2_0TY65R.pt,3,36,0.006667580000000001
split_finegrained2_2K9Y7F.pt,3,38,0.0035675999999999998
split_finegrained2_6BLV4U.pt,3,46,0.00893816
split_finegrained2_REEVS9.pt,3,28,0.012609919999999995
split_finegrained2_XQX1C3.pt,3,40,0.010189700000000001
split_finegrained2_I1B8FO.pt,3,46,0.006986219999999999
split_finegrained2_40R8HZ.pt,3,52,0.0060875
split_finegrained2_PYL8ER.pt,3,56,0.0035204999999999993
split_finegrained2_ZV943F.pt,3,32,0.0034557000000000004
split_finegrained2_X7GQZP.pt,3,54,0.014407399999999994
split_finegrained2_NR0UJE.pt,3,42,0.007615999999999999
split_finegrained2_ETO5H0.pt,3,36,0.009056040000000003
split_finegrained2_SUPPP6.pt,3,44,0.0034924000000000005
split_finegrained2_EFQKJ9.pt,3,44,0.0040617200000000004
split_finegrained2_U4CBS7.pt,3,64,0.005455120000000001
split_finegrained2_E2FLUR.pt,3,58,0.006933339999999998
split_finegrained2_ENJ17W.pt,3,52,0.008146
split_finegrained2_XZ8PDL.pt,3,50,0.005995999999999997
split_finegrained2_P44GQ4.pt,3,56,0.0034154399999999996
split_finegrained2_3SFOX4.pt,3,60,0.008758160000000001
split_finegrained2_R4UD9M.pt,3,34,0.007166039999999998
split_finegrained2_RQ11UL.pt,3,54,0.0070274000000000005
split_finegrained2_CFNCNH.pt,3,82,0.0034212600000000006
split_finegrained2_96H97L.pt,3,70,0.01102558
split_finegrained2_E7VF3X.pt,3,64,0.008250720000000003
split_finegrained2_D5Z93P.pt,3,54,0.006621639999999999
split_finegrained2_V3Z9S8.pt,3,68,0.003420619999999999
split_finegrained2_1JEZF7.pt,3,72,0.008486160000000001
split_finegrained2_AHPA49.pt,3,74,0.01455794
split_finegrained2_X4PTH2.pt,3,90,0.0138856
split_finegrained2_M142LV.pt,3,86,0.012128520000000005
split_finegrained2_T3E2ZK.pt,3,92,0.0062953199999999975
split_finegrained2_UTFXRJ.pt,3,54,0.008490459999999998
split_finegrained2_ATNSA0.pt,3,80,0.0072109800000000005
split_finegrained2_3IZ4RR.pt,3,50,0.0067164000000000034
split_finegrained2_KRFINB.pt,3,92,0.0034763000000000003
split_finegrained2_QCVVPE.pt,3,56,0.0047004199999999986
split_finegrained2_QLODGD.pt,3,76,0.0064336800000000015
split_finegrained2_2K4M5W.pt,3,72,0.004933259999999998
split_finegrained2_E5SA92.pt,3,42,0.0061951
split_finegrained2_905DTN.pt,3,66,0.00858016
split_finegrained2_8JV60H.pt,3,88,0.012426940000000003
split_finegrained2_XJ0TFP.pt,1,14,0.00847866
split_finegrained2_JSP8TL.pt,1,8,0.0034500000000000004
split_finegrained2_F7STVN.pt,1,8,0.00478844
split_finegrained2_KCAYP6.pt,1,16,0.00346346
split_finegrained2_KZP6JY.pt,1,12,0.0034139
split_finegrained2_NA7SFK.pt,1,10,0.011033459999999995
split_finegrained2_8WES06.pt,1,12,0.0069870200000000035
split_finegrained2_GM00ZO.pt,1,10,0.00354854
split_finegrained2_ARZJ7D.pt,1,14,0.00343982
split_finegrained2_PLIZSH.pt,7,264,0.0034470799999999986
split_finegrained2_MVRKYD.pt,7,270,0.003797080000000001
split_finegrained2_7AM2PL.pt,7,266,0.0034432399999999998
split_finegrained2_CDKGJK.pt,7,198,0.006411500000000002
split_finegrained2_BFLCC6.pt,7,150,0.011508699999999998
split_finegrained2_J715L1.pt,7,260,0.01018524
split_finegrained2_H6SI2B.pt,7,254,0.004974919999999999
split_finegrained2_K6UJRJ.pt,7,146,0.004526480000000002
split_finegrained2_XLZR0G.pt,7,210,0.00909716
split_finegrained2_P98Y26.pt,7,142,0.00608184
split_finegrained2_AOXHXW.pt,7,216,0.0034265599999999995
split_finegrained2_1VBP71.pt,7,158,0.00348632
split_finegrained2_J5DMR6.pt,7,178,0.003423339999999999
split_finegrained2_0CY2PS.pt,7,184,0.00513352
split_finegrained2_X9A7I8.pt,7,264,0.004315500000000001
split_finegrained2_KOWIT3.pt,7,176,0.00538068
split_finegrained2_VAD78T.pt,7,226,0.003467339999999999
split_finegrained2_KO5PMN.pt,7,140,0.00344924
split_finegrained2_5XKPAO.pt,7,188,0.0034634799999999997
split_finegrained2_CI336V.pt,7,154,0.014139879999999999
split_finegrained2_2CQ9XG.pt,14,88,0.0034990599999999996
split_finegrained2_UHL9VK.pt,14,104,0.0034468
split_finegrained2_NCYW6X.pt,14,96,0.003425080000000001
split_finegrained2_1AISTK.pt,14,76,0.012702100000000003
split_finegrained2_NL5IKI.pt,14,48,0.00342342
split_finegrained2_GQKFAG.pt,14,60,0.005301700000000001
split_finegrained2_J95E83.pt,14,50,0.0034205599999999996
split_finegrained2_I7NAO9.pt,14,66,0.0034121599999999996
split_finegrained2_Z6595P.pt,14,70,0.0034727000000000004
split_finegrained2_CAL0BN.pt,14,54,0.0033954000000000007
split_finegrained2_D9K1ZX.pt,14,74,0.007785520000000001
split_finegrained2_8QKXG8.pt,14,106,0.0034125599999999994
split_finegrained2_96T2GV.pt,14,98,0.0034113200000000007
split_finegrained2_9HF4JR.pt,14,56,0.0034442600000000006
split_finegrained2_O94QCK.pt,14,100,0.0034252200000000005
split_finegrained2_Q494H3.pt,14,62,0.00350854
split_finegrained2_Z9XVSJ.pt,14,54,0.0034236399999999995
split_finegrained2_C0ZIXM.pt,14,102,0.0034325000000000007
split_finegrained2_6EKMPT.pt,14,96,0.007782179999999999
split_finegrained2_QD5IXR.pt,14,80,0.0033997199999999993
split_finegrained2_TDRY5B.pt,1,68,0.0034391599999999993
split_finegrained2_XGXOY8.pt,1,104,0.009731779999999997
split_finegrained2_7AIVYT.pt,1,50,0.0055039400000000014
split_finegrained2_8P9UUT.pt,1,64,0.00341626
split_finegrained2_IK8837.pt,1,56,0.00346388
split_finegrained2_UJE3IS.pt,1,54,0.004583319999999999
split_finegrained2_P6LZ4Y.pt,1,48,0.0034675600000000006
split_finegrained2_JH8TZQ.pt,1,66,0.0119847
split_finegrained2_0KWVF9.pt,1,48,0.0043015200000000005
split_finegrained2_897TRW.pt,1,74,0.010825439999999999
split_finegrained2_ZV3LN7.pt,1,62,0.008058780000000003
split_finegrained2_HUQLQ1.pt,1,58,0.01130914
split_finegrained2_28469U.pt,1,98,0.0034276800000000007
split_finegrained2_UV6E16.pt,1,52,0.00935632
split_finegrained2_FKLO22.pt,1,94,0.012382139999999993
split_finegrained2_0F6I2G.pt,1,46,0.00966904
split_finegrained2_6PTGWY.pt,1,90,0.00890612
split_finegrained2_0GYJ64.pt,1,72,0.007541259999999999
split_finegrained2_N4RS08.pt,1,78,0.00888428
split_finegrained2_5V1UFB.pt,1,88,0.00525624
split_finegrained2_7Z2FEI.pt,7,60,0.007502579999999998
split_finegrained2_4SCBL5.pt,7,38,0.00545242
split_finegrained2_J0LWH3.pt,7,56,0.0037647600000000002
split_finegrained2_D6GOO9.pt,7,52,0.0034368800000000007
split_finegrained2_AT25YE.pt,7,48,0.0038800599999999994
split_finegrained2_2D5PJI.pt,7,56,0.003456280000000001
split_finegrained2_2EPOO2.pt,7,32,0.007075120000000002
split_finegrained2_439OQ4.pt,7,46,0.01041396
split_finegrained2_X8CTP3.pt,7,40,0.006180039999999998
split_finegrained2_ZDTUOH.pt,7,50,0.003459419999999999
split_finegrained2_JS2QG0.pt,7,48,0.0034322999999999997
split_finegrained2_5X7FOK.pt,7,34,0.014022819999999998
split_finegrained2_S1A4SZ.pt,7,54,0.0034413799999999982
split_finegrained2_SVNYEP.pt,7,34,0.0034290799999999993
split_finegrained2_2FBG6E.pt,7,46,0.009027439999999996
split_finegrained2_QGL4X3.pt,7,32,0.0065212199999999994
split_finegrained2_MYRQV9.pt,7,38,0.008025899999999997
split_finegrained2_6HWFUY.pt,7,28,0.0034005600000000004
split_finegrained2_9B9WDH.pt,7,62,0.011681480000000001
split_finegrained2_U2PCF2.pt,7,30,0.0044932
split_finegrained2_TCL8LE.pt,7,240,0.004445479999999999
split_finegrained2_3PPW1Y.pt,7,156,0.005102459999999999
split_finegrained2_HXJYAJ.pt,7,118,0.0035045799999999998
split_finegrained2_M2CMAV.pt,7,176,0.006012180000000001
split_finegrained2_40OBPN.pt,7,194,0.003419200000000001
split_finegrained2_09OVHF.pt,7,148,0.00652984
split_finegrained2_L4ZSUV.pt,7,142,0.003886079999999999
split_finegrained2_7H3V6A.pt,7,174,0.005967639999999999
split_finegrained2_K2Q4ZX.pt,7,128,0.003444480000000001
split_finegrained2_EBK7A1.pt,7,136,0.011090179999999998
split_finegrained2_7XGYFQ.pt,7,230,0.00446768
split_finegrained2_OC329O.pt,7,232,0.003455860000000001
split_finegrained2_3INEQA.pt,7,200,0.0072036999999999995
split_finegrained2_05SPVE.pt,7,266,0.0089069
split_finegrained2_C3N07M.pt,7,268,0.0034277599999999997
split_finegrained2_8UZKSA.pt,7,246,0.0045663399999999995
split_finegrained2_VZ0OXD.pt,7,208,0.0034754800000000004
split_finegrained2_MZQG0G.pt,7,150,0.0034273000000000003
split_finegrained2_ACTFW0.pt,7,250,0.0033971799999999996
split_finegrained2_5FHCLO.pt,7,152,0.0037208400000000004
split_finegrained2_5EMFV0.pt,14,68,0.01161788
split_finegrained2_W84AR2.pt,14,72,0.00341174
split_finegrained2_AMD4BT.pt,14,30,0.01211425999999999
split_finegrained2_P6K1LU.pt,14,40,0.004668099999999998
split_finegrained2_L1HIM6.pt,14,64,0.0121923
split_finegrained2_UT682E.pt,14,52,0.005427680000000001
split_finegrained2_8LO1AA.pt,14,62,0.00341648
split_finegrained2_F6JOU8.pt,14,60,0.0034945199999999997
split_finegrained2_2UIFQN.pt,14,44,0.00343694
split_finegrained2_AT5RUV.pt,14,34,0.00406826
split_finegrained2_GPO6G7.pt,14,32,0.0034216199999999998
split_finegrained2_UHM76V.pt,14,46,0.0034148799999999995
split_finegrained2_AV7SX9.pt,14,54,0.005915460000000001
split_finegrained2_GG3ASX.pt,14,48,0.0034528399999999983
split_finegrained2_FN6L3T.pt,14,70,0.010154379999999998
split_finegrained2_W1Z45D.pt,14,32,0.0035018799999999993
split_finegrained2_W2JBT0.pt,14,36,0.0034605
split_finegrained2_4RMAFC.pt,14,64,0.010203879999999997
split_finegrained2_ARR91I.pt,14,40,0.008011739999999998
split_finegrained2_X30NIY.pt,14,56,0.011397159999999995
split_finegrained2_5IHJDV.pt,14,38,0.012716560000000009
split_finegrained2_LHDP0Y.pt,14,44,0.0035203
split_finegrained2_C2K8N7.pt,14,80,0.003477540000000001
split_finegrained2_3W77VJ.pt,14,90,0.0034622000000000003
split_finegrained2_KZPLZJ.pt,14,72,0.005573919999999998
split_finegrained2_MP1TWL.pt,14,82,0.0034501
split_finegrained2_AMNNPW.pt,14,50,0.003629859999999998
split_finegrained2_3B4XVA.pt,14,84,0.012847799999999998
split_finegrained2_DS0CJ1.pt,14,66,0.007291940000000002
split_finegrained2_AH3PSH.pt,14,54,0.0034685800000000006
split_finegrained2_YB5EQQ.pt,14,58,0.0035357199999999996
split_finegrained2_O0WLTF.pt,14,90,0.0034298
split_finegrained2_1G7M3O.pt,14,72,0.0036530199999999994
split_finegrained2_ZKOAZ8.pt,14,48,0.003457100000000001
split_finegrained2_IB99QQ.pt,14,78,0.0035392599999999985
split_finegrained2_DDB6RF.pt,14,50,0.0034162000000000003
split_finegrained2_GPOS5V.pt,14,76,0.02319134
split_finegrained2_MN301W.pt,14,86,0.00715802
split_finegrained2_ZSZV9K.pt,14,40,0.0034324199999999994
split_finegrained2_TVUUYP.pt,14,44,0.0035066999999999993
split_finegrained2_F2R4T5.pt,7,88,0.0035689600000000004
split_finegrained2_I275ZS.pt,7,92,0.004379640000000001
split_finegrained2_1H3QQR.pt,7,44,0.01563566
split_finegrained2_484A5N.pt,7,56,0.0034472200000000004
split_finegrained2_OD58JG.pt,7,84,0.003503160000000001
split_finegrained2_298RQT.pt,7,66,0.003444700000000001
split_finegrained2_ILF1QV.pt,7,96,0.010361759999999998
split_finegrained2_8U938H.pt,7,48,0.0076528999999999955
split_finegrained2_TZB2HV.pt,7,102,0.011389239999999998
split_finegrained2_CQ4QY1.pt,7,92,0.012396740000000009
split_finegrained2_A0HDZB.pt,7,76,0.0034739199999999993
split_finegrained2_QGHASS.pt,7,50,0.0034914400000000006
split_finegrained2_J2V90E.pt,7,82,0.0120682
split_finegrained2_L5IS50.pt,7,78,0.007573140000000002
split_finegrained2_Z0S047.pt,7,90,0.0156536
split_finegrained2_4NBBJW.pt,7,52,0.007348519999999998
split_finegrained2_NJFWLE.pt,7,46,0.0034249999999999992
split_finegrained2_SSAHB0.pt,7,70,0.003457
split_finegrained2_OBNQ97.pt,7,86,0.0035411999999999996
split_finegrained2_KAERVI.pt,7,90,0.0034379400000000004
split_finegrained2_3Q60IU.pt,14,126,0.003418480000000001
split_finegrained2_QPDDB5.pt,14,62,0.013166999999999993
split_finegrained2_OPT5QR.pt,14,112,0.0034720199999999997
split_finegrained2_OKURNM.pt,14,118,0.00349952
split_finegrained2_CDK1R3.pt,14,132,0.0101487
split_finegrained2_D7PHZ6.pt,14,76,0.009357619999999997
split_finegrained2_66KKAD.pt,14,66,0.0034648799999999996
split_finegrained2_OVJ5V6.pt,14,90,0.011260440000000005
split_finegrained2_PIX29C.pt,14,130,0.0035147599999999996
split_finegrained2_3C3Y02.pt,14,114,0.003432060000000001
split_finegrained2_3OK5YP.pt,14,92,0.003405420000000002
split_finegrained2_NRR5JB.pt,14,116,0.006228640000000004
split_finegrained2_FI3V43.pt,14,66,0.00354436
split_finegrained2_V6B5WA.pt,14,80,0.00697448
split_finegrained2_O7TRNX.pt,14,84,0.0035387000000000014
split_finegrained2_60IADL.pt,14,126,0.003574859999999999
split_finegrained2_TY4612.pt,14,118,0.00344632
split_finegrained2_3QH435.pt,14,88,0.004229760000000001
split_finegrained2_JR2DAG.pt,14,100,0.003419400000000001
split_finegrained2_52CX86.pt,14,70,0.0034096000000000005
split_finegrained2_ZJBYFV.pt,14,90,0.0034548999999999995
split_finegrained2_VSLQ6W.pt,14,100,0.00346014
split_finegrained2_IHBEPK.pt,14,94,0.003520020000000001
split_finegrained2_TVUDJS.pt,14,48,0.003576400000000001
split_finegrained2_YBBQ2E.pt,14,64,0.0034676200000000003
split_finegrained2_YAGB6E.pt,14,86,0.010170419999999996
split_finegrained2_ZC21GB.pt,14,102,0.005217799999999999
split_finegrained2_I926Y2.pt,14,92,0.008329739999999999
split_finegrained2_DNGFX4.pt,14,68,0.003509439999999999
split_finegrained2_UU7HSC.pt,14,72,0.0036061999999999995
split_finegrained2_JU7ZEH.pt,14,96,0.00345246
split_finegrained2_EL6FWS.pt,14,104,0.0034382399999999995
split_finegrained2_XBXNKR.pt,14,82,0.0033930999999999996
split_finegrained2_JZH075.pt,14,46,0.003435060000000001
split_finegrained2_QCP5KX.pt,14,50,0.0035470999999999996
split_finegrained2_NL1KMX.pt,14,70,0.0035092999999999995
split_finegrained2_BZ64MA.pt,14,56,0.0034775600000000006
split_finegrained2_KO00R1.pt,14,98,0.0034187799999999997
split_finegrained2_YQ9CQ4.pt,14,68,0.006973860000000004
split_finegrained2_A2LH5F.pt,14,92,0.0034027199999999997
split_finegrained2_AKK2M8.pt,7,188,0.014706320000000004
split_finegrained2_H5NMX6.pt,7,252,0.003449559999999999
split_finegrained2_5DCMM4.pt,7,174,0.00557204
split_finegrained2_L49WZ3.pt,7,192,0.00349172
split_finegrained2_DHAJTX.pt,7,150,0.007595520000000003
split_finegrained2_PAFAKA.pt,7,166,0.0034249199999999993
split_finegrained2_M9FXT5.pt,7,196,0.013107980000000002
split_finegrained2_IWR45J.pt,7,288,0.00561068
split_finegrained2_4RE554.pt,7,276,0.009340779999999998
split_finegrained2_M2MH5M.pt,7,328,0.0034707000000000006
split_finegrained2_ZB9QTL.pt,7,156,0.009621460000000004
split_finegrained2_E4D8T6.pt,7,176,0.0034064199999999994
split_finegrained2_M6MES6.pt,7,322,0.0034731200000000014
split_finegrained2_RK8HKS.pt,7,230,0.007891720000000001
split_finegrained2_DN9FC7.pt,7,322,0.0040871599999999985
split_finegrained2_4RCOUL.pt,7,250,0.0034735800000000013
split_finegrained2_02LL0B.pt,7,190,0.00346398
split_finegrained2_EE5V9C.pt,7,210,0.0035089200000000013
split_finegrained2_YC0PNC.pt,7,168,0.0034902600000000002
split_finegrained2_VZ7VGB.pt,7,340,0.00921198
split_finegrained2_5EOMRI.pt,7,78,0.0034309199999999996
split_finegrained2_HICWD5.pt,7,72,0.0063454
split_finegrained2_TBL564.pt,7,52,0.0034106400000000004
split_finegrained2_MO4LRC.pt,7,106,0.0034544199999999993
split_finegrained2_6F336K.pt,7,108,0.003477
split_finegrained2_D9ZW8W.pt,7,60,0.0034587999999999997
split_finegrained2_TPZWCL.pt,7,54,0.007220299999999997
split_finegrained2_EKEUJ5.pt,7,120,0.01180026
split_finegrained2_BB51XI.pt,7,102,0.006162000000000004
split_finegrained2_N4VAHR.pt,7,78,0.0034118999999999994
split_finegrained2_WJX5V8.pt,7,104,0.003439099999999999
split_finegrained2_KO4Z7N.pt,7,94,0.01024148
split_finegrained2_IR3MKH.pt,7,118,0.016242879999999998
split_finegrained2_Q1H8O7.pt,7,58,0.003887479999999999
split_finegrained2_EH5WQR.pt,7,76,0.0035736799999999992
split_finegrained2_DYNJ06.pt,7,72,0.00663516
split_finegrained2_FV2ZMI.pt,7,80,0.003925280000000001
split_finegrained2_BVYBB4.pt,7,54,0.0037392000000000007
split_finegrained2_UCB6PZ.pt,7,102,0.003427400000000001
split_finegrained2_D8J71U.pt,7,106,0.015213220000000005
split_finegrained2_Y908WU.pt,7,116,0.00345052
split_finegrained2_QEETS5.pt,7,156,0.003384659999999999
split_finegrained2_I8UE5Q.pt,7,218,0.0034426400000000003
split_finegrained2_DFGA2E.pt,7,160,0.00343748
split_finegrained2_DFF30Z.pt,7,216,0.012669800000000004
split_finegrained2_ZT35OM.pt,7,174,0.009804420000000003
split_finegrained2_AUMXBG.pt,7,174,0.0034375999999999994
split_finegrained2_20Q8LL.pt,7,122,0.00339544
split_finegrained2_MCJH3W.pt,7,190,0.00347782
split_finegrained2_2RWID4.pt,7,166,0.01296924
split_finegrained2_ZP3ZWN.pt,7,192,0.012867580000000003
split_finegrained2_0ZZKTE.pt,7,114,0.015030260000000004
split_finegrained2_E3UZL6.pt,7,110,0.003428880000000001
split_finegrained2_13HF48.pt,7,172,0.0034106
split_finegrained2_J1133S.pt,7,136,0.014197019999999998
split_finegrained2_FD7785.pt,7,102,0.003456520000000001
split_finegrained2_POGADQ.pt,7,216,0.003608099999999999
split_finegrained2_OMC5TT.pt,7,146,0.0035627400000000013
split_finegrained2_T2M8CM.pt,7,206,0.014101019999999999
split_finegrained2_AHQJRD.pt,7,104,0.008964840000000003
split_finegrained2_ALREQ3.pt,1,518,0.006140199999999999
split_finegrained2_ISU2D6.pt,1,942,0.0034596400000000012
split_finegrained2_LRL8QN.pt,1,898,0.003863599999999999
split_finegrained2_5B839S.pt,1,850,0.008026140000000001
split_finegrained2_4ETING.pt,1,520,0.00416306
split_finegrained2_BA79T2.pt,1,828,0.008735360000000003
split_finegrained2_BUUB68.pt,1,810,0.0034592399999999997
split_finegrained2_2C387G.pt,1,948,0.00343344
split_finegrained2_UCU292.pt,1,884,0.0034251200000000002
split_finegrained2_L2PPP6.pt,1,1052,0.007455499999999999
split_finegrained2_KP2ODI.pt,1,1000,0.0067985200000000015
split_finegrained2_MTW5MH.pt,1,504,0.0034338999999999997
split_finegrained2_OXK56B.pt,1,1028,0.006544140000000001
split_finegrained2_9KKIVM.pt,1,1100,0.011425379999999999
split_finegrained2_P5A0WM.pt,1,546,0.0034148400000000006
split_finegrained2_2KFI5J.pt,1,866,0.006004539999999998
split_finegrained2_FR807Y.pt,1,770,0.004184760000000001
split_finegrained2_21AFKT.pt,1,736,0.004975000000000001
split_finegrained2_2ROKD1.pt,1,506,0.0034127600000000004
split_finegrained2_EG99VL.pt,1,1164,0.013686700000000003
split_finegrained2_WH909B.pt,7,546,0.0035544199999999987
split_finegrained2_7QEOBC.pt,7,514,0.0034752599999999995
split_finegrained2_NQMZQQ.pt,7,462,0.0034913000000000006
split_finegrained2_4JTJJN.pt,7,378,0.0049348199999999995
split_finegrained2_EMI3TN.pt,7,512,0.003473860000000001
split_finegrained2_8QDWAQ.pt,7,716,0.0035552800000000005
split_finegrained2_GBHDGB.pt,7,324,0.0035258199999999994
split_finegrained2_DM6LEB.pt,7,572,0.0034799399999999995
split_finegrained2_R1RDMS.pt,7,564,0.0035293599999999996
split_finegrained2_I131LX.pt,7,312,0.010253039999999998
split_finegrained2_TIV8IG.pt,7,684,0.0034248199999999994
split_finegrained2_VVO1AH.pt,7,708,0.003463819999999999
split_finegrained2_YPDNCA.pt,7,624,0.003435280000000001
split_finegrained2_GFNADV.pt,7,524,0.003401719999999999
split_finegrained2_FM97YJ.pt,7,504,0.0034584199999999985
split_finegrained2_XF0M8T.pt,7,430,0.0034055
split_finegrained2_ZXW4GD.pt,7,378,0.01054574
split_finegrained2_LMD6II.pt,7,536,0.006602840000000002
split_finegrained2_J144J9.pt,7,306,0.003742219999999999
split_finegrained2_9SLXXD.pt,7,648,0.0034341
split_finegrained2_Y98PC4.pt,14,32,0.003434380000000001
split_finegrained2_LM3YV8.pt,14,32,0.00390034
split_finegrained2_DAZZV6.pt,14,40,0.005709720000000001
split_finegrained2_YWLPIP.pt,14,50,0.0034433199999999997
split_finegrained2_U9HLFY.pt,14,28,0.00864676
split_finegrained2_PG6Y2Q.pt,14,36,0.0034108999999999997
split_finegrained2_Q1GPCM.pt,14,38,0.005403219999999999
split_finegrained2_GUKTIY.pt,14,46,0.0040504600000000005
split_finegrained2_QUESZG.pt,14,50,0.012721279999999996
split_finegrained2_RQX3AQ.pt,14,44,0.007225100000000001
split_finegrained2_T7AHVL.pt,14,48,0.003442239999999999
split_finegrained2_209YGJ.pt,14,42,0.0033994999999999997
split_finegrained2_5851MG.pt,14,26,0.003425100000000001
split_finegrained2_UIL8Y6.pt,14,44,0.0034214
split_finegrained2_BGNMVE.pt,14,42,0.014474739999999995
split_finegrained2_SB2ARO.pt,14,38,0.003557920000000001
split_finegrained2_047LZ4.pt,14,22,0.006425160000000002
split_finegrained2_CVOSN2.pt,14,36,0.0033753800000000007
split_finegrained2_0T1IUK.pt,14,24,0.005001040000000001
split_finegrained2_NZRKP9.pt,14,40,0.00346274
split_finegrained2_SHXWDY.pt,14,30,0.0034312800000000005
split_finegrained2_ZRLKVY.pt,14,46,0.005077160000000001
split_finegrained2_U0MOBU.pt,14,30,0.009863880000000002
split_finegrained2_EP716I.pt,14,52,0.006122440000000004
split_finegrained2_5VFETX.pt,14,64,0.0034110399999999997
split_finegrained2_X5TM50.pt,14,54,0.0033635
split_finegrained2_2I9HLP.pt,14,50,0.0034147000000000014
split_finegrained2_ZN2CGS.pt,14,66,0.0034525400000000005
split_finegrained2_CH95YF.pt,14,36,0.0034660999999999993
split_finegrained2_83FZZ9.pt,14,38,0.0034263200000000005
split_finegrained2_0VQDZM.pt,14,60,0.0034237800000000013
split_finegrained2_VWF2VR.pt,14,32,0.0033790600000000014
split_finegrained2_BPA5LQ.pt,14,34,0.0033953000000000004
split_finegrained2_JYW3OC.pt,14,66,0.0033860199999999996
split_finegrained2_09ZS42.pt,14,44,0.0034476200000000006
split_finegrained2_N9BT5V.pt,14,54,0.0035031799999999985
split_finegrained2_51CGDS.pt,14,56,0.00343522
split_finegrained2_SX92JB.pt,14,68,0.003514279999999999
split_finegrained2_0KHX0S.pt,14,58,0.003449520000000001
split_finegrained2_5WDO3Q.pt,14,34,0.003434499999999999
split_finegrained2_EFL4ZE.pt,3,68,0.0034488199999999996
split_finegrained2_Q1A82W.pt,3,110,0.0050395
split_finegrained2_414OZ1.pt,3,80,0.014405760000000005
split_finegrained2_UOOWIG.pt,3,62,0.007387780000000002
split_finegrained2_6K61LO.pt,3,94,0.0035131999999999997
split_finegrained2_5S7VXY.pt,3,58,0.015108320000000007
split_finegrained2_X1J1EL.pt,3,64,0.0035193800000000008
split_finegrained2_7BG6CT.pt,3,106,0.005691999999999997
split_finegrained2_BAUQRP.pt,3,98,0.0041204
split_finegrained2_AQE9ZR.pt,3,74,0.007121160000000002
split_finegrained2_IS8R5G.pt,3,102,0.007806439999999997
split_finegrained2_55BV8M.pt,3,52,0.01321311999999999
split_finegrained2_EAGZHR.pt,3,76,0.015374640000000002
split_finegrained2_4R98M1.pt,3,76,0.009943080000000003
split_finegrained2_LS0LUO.pt,3,84,0.017980879999999998
split_finegrained2_31HA2N.pt,3,56,0.00710614
split_finegrained2_NS37SS.pt,3,106,0.0035115600000000004
split_finegrained2_BFWVH7.pt,3,110,0.00565458
split_finegrained2_RTKQZO.pt,3,88,0.00366524
split_finegrained2_SGR3NI.pt,3,70,0.004326800000000001
split_finegrained2_7YYIKF.pt,14,14,0.00533962
split_finegrained2_65Z7WA.pt,14,12,0.00999518
split_finegrained2_YG0TVI.pt,14,8,0.006147160000000002
split_finegrained2_6WGZXS.pt,14,10,0.0033849199999999996
split_finegrained2_KBQK9V.pt,14,14,0.00339574
split_finegrained2_08VGZL.pt,14,12,0.00477022
split_finegrained2_JZOBIZ.pt,14,16,0.007115839999999997
split_finegrained2_JDJAKU.pt,14,10,0.01581362
split_finegrained2_ONNCNY.pt,14,8,0.01213198
split_finegrained2_YN2BHC.pt,14,46,0.007208699999999997
split_finegrained2_5EYPT8.pt,14,42,0.004916620000000002
split_finegrained2_WX0V8I.pt,14,80,0.0035019399999999994
split_finegrained2_YL2M5O.pt,14,78,0.0056692999999999995
split_finegrained2_XENIZN.pt,14,54,0.009201800000000003
split_finegrained2_41YKDQ.pt,14,50,0.003655180000000002
split_finegrained2_DUJVT3.pt,14,68,0.00345898
split_finegrained2_BSIYGH.pt,14,66,0.010571500000000001
split_finegrained2_7HB8RW.pt,14,50,0.014726159999999999
split_finegrained2_HB9AXP.pt,14,82,0.0034149600000000003
split_finegrained2_II8JSU.pt,14,60,0.0034632800000000004
split_finegrained2_52MTSQ.pt,14,52,0.00410716
split_finegrained2_WPGJI0.pt,14,64,0.007736699999999998
split_finegrained2_ST88Y7.pt,14,58,0.0047426199999999995
split_finegrained2_NK8RRM.pt,14,38,0.005798880000000001
split_finegrained2_2UMNWS.pt,14,70,0.0034793199999999997
split_finegrained2_EO64K7.pt,14,62,0.00348592
split_finegrained2_VNYCOU.pt,14,80,0.004458759999999999
split_finegrained2_0DHO8O.pt,14,60,0.00345758
split_finegrained2_OUX40I.pt,14,44,0.0035054599999999997
split_finegrained2_4VN6LZ.pt,7,180,0.010707920000000003
split_finegrained2_2UOC0A.pt,7,182,0.005402119999999999
split_finegrained2_TNPPXT.pt,7,126,0.003446160000000001
split_finegrained2_7J0G5F.pt,7,106,0.0034804599999999995
split_finegrained2_AVCJ9B.pt,7,170,0.0034232
split_finegrained2_NT6152.pt,7,238,0.0034983600000000007
split_finegrained2_UDQ9SC.pt,7,122,0.00344486
split_finegrained2_VUKHSP.pt,7,152,0.0034283999999999985
split_finegrained2_LBO6W8.pt,7,174,0.0033716000000000006
split_finegrained2_9ESGWT.pt,7,240,0.0034430599999999995
split_finegrained2_1HZ6E7.pt,7,232,0.004523999999999999
split_finegrained2_HJ7G1X.pt,7,244,0.0041255400000000005
split_finegrained2_3ETC1F.pt,7,210,0.008506000000000001
split_finegrained2_GRBXO2.pt,7,136,0.008818059999999999
split_finegrained2_PVFA5J.pt,7,182,0.005938980000000002
split_finegrained2_VY4ITX.pt,7,126,0.004865859999999999
split_finegrained2_VOGHT3.pt,7,132,0.008542260000000001
split_finegrained2_0X50RS.pt,7,190,0.00645222
split_finegrained2_9ZN4SD.pt,7,144,0.0034490999999999988
split_finegrained2_IMA0PA.pt,7,180,0.0034539
split_finegrained2_UN6IR2.pt,14,76,0.0034266199999999996
split_finegrained2_96F6XZ.pt,14,50,0.00341774
split_finegrained2_NFMT3B.pt,14,88,0.0035394400000000005
split_finegrained2_72GCVR.pt,14,54,0.0034243800000000003
split_finegrained2_8C5BRG.pt,14,46,0.00391692
split_finegrained2_JTTGEI.pt,14,50,0.006379559999999999
split_finegrained2_Y0SHLD.pt,14,74,0.0035753399999999985
split_finegrained2_DQOWMY.pt,14,68,0.003457720000000001
split_finegrained2_D17P52.pt,14,66,0.0034916200000000004
split_finegrained2_8MX1D9.pt,14,58,0.004030339999999999
split_finegrained2_N7CV5J.pt,14,64,0.007928960000000002
split_finegrained2_TCXODY.pt,14,44,0.0034299400000000002
split_finegrained2_CLT65V.pt,14,78,0.006894220000000001
split_finegrained2_IDT6FP.pt,14,40,0.00343414
split_finegrained2_8JNZSR.pt,14,86,0.003441359999999999
split_finegrained2_4ZT1WR.pt,14,62,0.0034197799999999994
split_finegrained2_257TQU.pt,14,82,0.0034488199999999996
split_finegrained2_KFU90S.pt,14,62,0.003454360000000001
split_finegrained2_JL3222.pt,14,48,0.0034185599999999993
split_finegrained2_U884OQ.pt,14,56,0.0034270799999999994
split_finegrained2_YV623Y.pt,7,102,0.0035056799999999997
split_finegrained2_YJAZPB.pt,7,102,0.003453480000000001
split_finegrained2_T0L92E.pt,7,56,0.00343698
split_finegrained2_24ROOT.pt,7,78,0.011148280000000003
split_finegrained2_L689QW.pt,7,106,0.0045930400000000005
split_finegrained2_OOW298.pt,7,86,0.0034036
split_finegrained2_J027ZP.pt,7,58,0.012265580000000003
split_finegrained2_VF23JG.pt,7,68,0.0035004999999999984
split_finegrained2_PY5704.pt,7,92,0.0034508600000000005
split_finegrained2_LEQS5A.pt,7,110,0.007654039999999997
split_finegrained2_1ZZ0R2.pt,7,66,0.0038763400000000003
split_finegrained2_HQ37EH.pt,7,112,0.0035002199999999996
split_finegrained2_M8JC60.pt,7,112,0.0034224600000000004
split_finegrained2_XYCJI3.pt,7,64,0.0034446800000000016
split_finegrained2_A8LSXY.pt,7,66,0.0034728
split_finegrained2_4GBH0X.pt,7,108,0.00429016
split_finegrained2_7Z9IRH.pt,7,116,0.0035107
split_finegrained2_M356OT.pt,7,72,0.00341374
split_finegrained2_82986A.pt,7,68,0.00345834
split_finegrained2_F135ZK.pt,7,86,0.00350216
split_finegrained2_YAHI0V.pt,28,14,0.0034896399999999996
split_finegrained2_ZHN3Y0.pt,28,18,0.0035559199999999997
split_finegrained2_F1U6UD.pt,28,22,0.0034773599999999992
split_finegrained2_WOSHFQ.pt,28,20,0.0034762800000000004
split_finegrained2_75P6G6.pt,28,12,0.0034726600000000002
split_finegrained2_Z1BBV8.pt,28,12,0.01566304
split_finegrained2_QTPBYJ.pt,28,14,0.003409320000000001
split_finegrained2_EOY5K1.pt,28,16,0.0034614999999999984
split_finegrained2_3KX2BT.pt,28,18,0.0034278200000000007
split_finegrained2_4YMZEP.pt,28,20,0.0034480799999999988
split_finegrained2_G41M3Z.pt,28,24,0.00344354
split_finegrained2_B7FRR1.pt,28,10,0.0034406399999999987
split_finegrained2_8DTUM3.pt,28,22,0.0035860400000000004
split_finegrained2_EPKZBT.pt,28,16,0.0033853599999999996
split_finegrained2_3OQV50.pt,28,24,0.00338214
split_finegrained2_L4HYNX.pt,28,28,0.00345758
split_finegrained2_IEYLA2.pt,28,16,0.0059039800000000005
split_finegrained2_ZWV513.pt,28,22,0.003449980000000001
split_finegrained2_G18M9Q.pt,28,26,0.00344614
split_finegrained2_X1P9QI.pt,28,12,0.009312300000000003
split_finegrained2_HU5DD3.pt,28,26,0.0034273000000000003
split_finegrained2_UMN4HZ.pt,28,18,0.0034366600000000002
split_finegrained2_A1SP1A.pt,28,14,0.00344032
split_finegrained2_SL550G.pt,28,20,0.003463160000000001
split_finegrained2_H8KJN9.pt,28,24,0.0034519199999999994
split_finegrained2_SHVLBG.pt,28,18,0.0034517400000000005
split_finegrained2_MRMZN1.pt,28,22,0.00346448
split_finegrained2_L9JCGK.pt,28,14,0.008553880000000002
split_finegrained2_ID3XW4.pt,28,16,0.006300459999999997
split_finegrained2_MMMWFP.pt,28,20,0.0034777799999999998
split_finegrained2_ZHQILO.pt,7,48,0.004037499999999999
split_finegrained2_ZQTWGO.pt,7,26,0.011492440000000001
split_finegrained2_ZA1896.pt,7,52,0.006155120000000002
split_finegrained2_4H9OZ4.pt,7,44,0.006638540000000003
split_finegrained2_SPC5JH.pt,7,40,0.004052800000000001
split_finegrained2_A26UH9.pt,7,28,0.00344142
split_finegrained2_GCAXHG.pt,7,54,0.0034370400000000006
split_finegrained2_47PVFC.pt,7,30,0.012165960000000002
split_finegrained2_T5A9SC.pt,7,36,0.01196484
split_finegrained2_NSTF0D.pt,7,30,0.009072919999999998
split_finegrained2_TFU1T2.pt,7,50,0.003497660000000001
split_finegrained2_4JBJ9A.pt,7,38,0.010623760000000003
split_finegrained2_TEDPGL.pt,7,34,0.01218572
split_finegrained2_3844UL.pt,7,48,0.007752560000000002
split_finegrained2_N6D67O.pt,7,34,0.00806432
split_finegrained2_LIDR9G.pt,7,40,0.004926439999999999
split_finegrained2_TPS8LW.pt,7,58,0.007869159999999997
split_finegrained2_M2XK7W.pt,7,58,0.016261760000000004
split_finegrained2_8VYBBO.pt,7,60,0.0034660000000000003
split_finegrained2_YSG39P.pt,7,42,0.007622940000000002
split_finegrained2_HQ17BW.pt,14,92,0.0034930000000000017
split_finegrained2_3I1F5R.pt,14,62,0.003779560000000001
split_finegrained2_7B2Z3G.pt,14,92,0.0034388400000000003
split_finegrained2_4K4V2O.pt,14,60,0.0034104199999999995
split_finegrained2_XBHL5W.pt,14,50,0.006804599999999999
split_finegrained2_2KGM89.pt,14,48,0.0061134799999999975
split_finegrained2_V5T59G.pt,14,64,0.00345796
split_finegrained2_PK14TM.pt,14,68,0.007130220000000003
split_finegrained2_FOYXFB.pt,14,46,0.003444299999999999
split_finegrained2_0NAGIU.pt,14,84,0.0034244799999999993
split_finegrained2_RHLVI7.pt,14,90,0.0086955
split_finegrained2_P3LY0P.pt,14,86,0.009321420000000002
split_finegrained2_E0WRS9.pt,14,66,0.00453098
split_finegrained2_WG8Z2S.pt,14,56,0.00744774
split_finegrained2_L6XRE5.pt,14,64,0.00443886
split_finegrained2_9XHDPL.pt,14,62,0.006910980000000001
split_finegrained2_FPACXC.pt,14,60,0.014163599999999998
split_finegrained2_95FK4C.pt,14,84,0.003453040000000001
split_finegrained2_21JBY3.pt,14,78,0.003465539999999999
split_finegrained2_PGN5GB.pt,14,86,0.003425439999999999
split_finegrained2_SGIOGH.pt,3,84,0.012307319999999997
split_finegrained2_7V55XZ.pt,3,54,0.006512000000000001
split_finegrained2_YGD0JI.pt,3,80,0.00342358
split_finegrained2_32RAXB.pt,3,54,0.01301438
split_finegrained2_G40T6H.pt,3,58,0.013689179999999997
split_finegrained2_ULOIPS.pt,3,62,0.0034268
split_finegrained2_J5PRFM.pt,3,80,0.01432914
split_finegrained2_S7JVT6.pt,3,72,0.009505439999999999
split_finegrained2_9KKHLL.pt,3,70,0.013188939999999998
split_finegrained2_C1O7ZP.pt,3,60,0.012357160000000004
split_finegrained2_1PNFHY.pt,3,50,0.009045160000000002
split_finegrained2_L9QK4T.pt,3,52,0.00349764
split_finegrained2_STUE9A.pt,3,56,0.005541159999999998
split_finegrained2_K9YX2H.pt,3,38,0.004202079999999999
split_finegrained2_YP4NIH.pt,3,74,0.005812300000000001
split_finegrained2_3HLCWY.pt,3,74,0.0034511999999999993
split_finegrained2_TPE5I7.pt,3,70,0.012999939999999998
split_finegrained2_XHEB72.pt,3,64,0.007534179999999998
split_finegrained2_WGA3GG.pt,3,36,0.0037123
split_finegrained2_ELCOAH.pt,3,50,0.0034682999999999997
split_finegrained2_YLGMA8.pt,3,134,0.011736400000000003
split_finegrained2_57GZ78.pt,3,148,0.00346312
split_finegrained2_VO1BQ8.pt,3,134,0.004822620000000002
split_finegrained2_QQU41J.pt,3,186,0.0034371
split_finegrained2_HMZH1F.pt,3,172,0.00344772
split_finegrained2_8IRML8.pt,3,218,0.004059500000000001
split_finegrained2_8VQBQN.pt,3,190,0.006673520000000001
split_finegrained2_4U54J9.pt,3,106,0.00387942
split_finegrained2_WKOWLA.pt,3,112,0.009375899999999998
split_finegrained2_16QP5N.pt,3,146,0.00441824
split_finegrained2_X9HFO0.pt,3,234,0.00825178
split_finegrained2_OV7T9H.pt,3,230,0.003467919999999998
split_finegrained2_L9QXFV.pt,3,146,0.005784900000000001
split_finegrained2_83HGRA.pt,3,104,0.0037165400000000004
split_finegrained2_EHNQXC.pt,3,166,0.0034656800000000014
split_finegrained2_E8U9Y7.pt,3,108,0.0055157
split_finegrained2_9UTUU0.pt,3,110,0.003469040000000001
split_finegrained2_2LYW0S.pt,3,204,0.0037036800000000004
split_finegrained2_L06YKX.pt,3,140,0.003450960000000001
split_finegrained2_Y6B7BT.pt,3,102,0.0036095599999999995
split_finegrained2_XIUX10.pt,7,146,0.012881079999999998
split_finegrained2_KCS1D5.pt,7,198,0.003827960000000001
split_finegrained2_U2UZF9.pt,7,200,0.00344292
split_finegrained2_5VJHAY.pt,7,124,0.0034595199999999993
split_finegrained2_4B00K5.pt,7,146,0.010062960000000001
split_finegrained2_41V05P.pt,7,172,0.0035665000000000002
split_finegrained2_OEXQKV.pt,7,188,0.01252416
split_finegrained2_C7KKHA.pt,7,134,0.005693360000000001
split_finegrained2_YWO50F.pt,7,132,0.0035302000000000007
split_finegrained2_BKBJDF.pt,7,138,0.003492939999999998
split_finegrained2_TDKVEM.pt,7,110,0.0035232
split_finegrained2_B53CQQ.pt,7,182,0.0035974
split_finegrained2_7HLZ5N.pt,7,108,0.0034922600000000005
split_finegrained2_3LGVXN.pt,7,138,0.0035896
split_finegrained2_IBQAJC.pt,7,162,0.0034530800000000007
split_finegrained2_FGX794.pt,7,168,0.0034524200000000003
split_finegrained2_4G8ACM.pt,7,202,0.00346108
split_finegrained2_50U6PY.pt,7,180,0.014782619999999998
split_finegrained2_6W9YCE.pt,7,178,0.003903360000000001
split_finegrained2_T54ABF.pt,7,184,0.00341932
split_finegrained2_8B7LUY.pt,7,514,0.00350694
split_finegrained2_8PBJBE.pt,7,444,0.009966700000000002
split_finegrained2_EDYYBH.pt,7,594,0.003476519999999999
split_finegrained2_23CYH1.pt,7,294,0.0034452000000000007
split_finegrained2_3ACAD9.pt,7,518,0.0035231199999999994
split_finegrained2_8ZMH7K.pt,7,354,0.0036101199999999996
split_finegrained2_YF4XOI.pt,7,378,0.00346998
split_finegrained2_HQ70JV.pt,7,620,0.0034067600000000004
split_finegrained2_20URL6.pt,7,390,0.0035047800000000007
split_finegrained2_R7K14W.pt,7,550,0.0034237399999999998
split_finegrained2_B1I4HD.pt,7,476,0.006026540000000002
split_finegrained2_I0K0S8.pt,7,424,0.0034221800000000004
split_finegrained2_ZRJNQR.pt,7,644,0.0034149199999999997
split_finegrained2_7T8G3T.pt,7,544,0.003458200000000002
split_finegrained2_KJ1ROZ.pt,7,344,0.0034353
split_finegrained2_RVEPJE.pt,7,558,0.00924482
split_finegrained2_NRXMGY.pt,7,292,0.007633839999999999
split_finegrained2_CTKNIO.pt,7,482,0.003471179999999999
split_finegrained2_KUWIRX.pt,7,302,0.0034370200000000007
split_finegrained2_UHGKB8.pt,7,300,0.0034235799999999994
split_finegrained2_PYBDW9.pt,14,88,0.00341626
split_finegrained2_INYSGW.pt,14,88,0.003440119999999999
split_finegrained2_6ULZBX.pt,14,74,0.0034682200000000006
split_finegrained2_7AJAUN.pt,14,84,0.0034851200000000004
split_finegrained2_17L0WV.pt,14,54,0.0034233599999999986
split_finegrained2_7R80RQ.pt,14,82,0.003443579999999998
split_finegrained2_ARMLHB.pt,14,100,0.0034591200000000004
split_finegrained2_6826RU.pt,14,44,0.013564620000000001
split_finegrained2_664X67.pt,14,92,0.0034269599999999993
split_finegrained2_8HXM1E.pt,14,92,0.0034859
split_finegrained2_U2SQFK.pt,14,54,0.00444284
split_finegrained2_KH49A4.pt,14,86,0.0034865200000000008
split_finegrained2_CQFI75.pt,14,78,0.003931840000000001
split_finegrained2_Z4GJHM.pt,14,70,0.003452100000000001
split_finegrained2_QMAKH4.pt,14,90,0.00833286
split_finegrained2_BDCC5A.pt,14,72,0.0073524199999999975
split_finegrained2_TZ7EA6.pt,14,98,0.00344688
split_finegrained2_QSX2T6.pt,14,58,0.00352484
split_finegrained2_LAU820.pt,14,60,0.0034277200000000004
split_finegrained2_4O7VD7.pt,14,94,0.003396360000000001
split_finegrained2_S8R3IE.pt,7,52,0.0034476800000000007
split_finegrained2_IGFSNL.pt,7,44,0.00342974
split_finegrained2_N9SZQO.pt,7,46,0.00500406
split_finegrained2_56Y21O.pt,7,50,0.003461619999999999
split_finegrained2_ZRUH9F.pt,7,28,0.01086682
split_finegrained2_L6TJ1D.pt,7,62,0.003467260000000001
split_finegrained2_EACELJ.pt,7,58,0.009106839999999998
split_finegrained2_YXJ6OU.pt,7,54,0.0034306
split_finegrained2_YKN4WU.pt,7,32,0.014145940000000001
split_finegrained2_IGMYEY.pt,7,56,0.004045159999999999
split_finegrained2_VVT4MI.pt,7,56,0.003387340000000001
split_finegrained2_TXLPGI.pt,7,62,0.0034232200000000007
split_finegrained2_11UECF.pt,7,44,0.006300580000000001
split_finegrained2_A8A3KN.pt,7,48,0.00840094
split_finegrained2_4FVWZ1.pt,7,58,0.006245119999999997
split_finegrained2_D8D0Y8.pt,7,64,0.00350236
split_finegrained2_GDDR0M.pt,7,30,0.0034323800000000005
split_finegrained2_89YI9E.pt,7,40,0.006457479999999998
split_finegrained2_CXO98Q.pt,7,60,0.0034337000000000005
split_finegrained2_9PY2VE.pt,7,66,0.003436579999999999
split_finegrained2_SNC3M3.pt,7,146,0.003454
split_finegrained2_9XWCNQ.pt,7,118,0.00348128
split_finegrained2_ZX82R6.pt,7,136,0.0034331800000000014
split_finegrained2_1FTRJZ.pt,7,140,0.0034072999999999985
split_finegrained2_HUDQTH.pt,7,234,0.00340272
split_finegrained2_DZW7JZ.pt,7,168,0.011432380000000002
split_finegrained2_MXW9OZ.pt,7,136,0.00341196
split_finegrained2_K6RPS8.pt,7,144,0.004736519999999999
split_finegrained2_TO38S0.pt,7,224,0.004271240000000001
split_finegrained2_ALWL9P.pt,7,218,0.0034541599999999995
split_finegrained2_QW2IOH.pt,7,246,0.00362032
split_finegrained2_1KLO8S.pt,7,170,0.006581679999999998
split_finegrained2_SI9UIO.pt,7,212,0.00348818
split_finegrained2_8GFT3V.pt,7,148,0.012182620000000002
split_finegrained2_AXN0LC.pt,7,192,0.0034233600000000007
split_finegrained2_AH67IW.pt,7,176,0.00343016
split_finegrained2_KRUWSK.pt,7,166,0.00352088
split_finegrained2_1OX61T.pt,7,244,0.0034661800000000006
split_finegrained2_S5QYB2.pt,7,190,0.0034130599999999994
split_finegrained2_9NR78W.pt,7,116,0.015513820000000006
split_finegrained2_WYW2KW.pt,3,364,0.0034638800000000003
split_finegrained2_GAC7NS.pt,3,412,0.0035769399999999994
split_finegrained2_45SYUZ.pt,3,424,0.00360918
split_finegrained2_Y7FTOS.pt,3,304,0.006143619999999999
split_finegrained2_2Q6OAG.pt,3,302,0.0034419000000000003
split_finegrained2_ZX0WNX.pt,3,430,0.0034429199999999995
split_finegrained2_G837JN.pt,3,270,0.00337982
split_finegrained2_RG6AZ2.pt,3,310,0.013508119999999998
split_finegrained2_7E6VS8.pt,3,338,0.007306400000000001
split_finegrained2_L877X9.pt,3,408,0.004297399999999999
split_finegrained2_TPB9LE.pt,3,404,0.014473520000000002
split_finegrained2_VDT0E4.pt,3,432,0.015137240000000003
split_finegrained2_CD12T3.pt,3,380,0.003585500000000001
split_finegrained2_OCZEZT.pt,3,462,0.0035812200000000013
split_finegrained2_HG2HV9.pt,3,386,0.0034319799999999994
split_finegrained2_Z65NS0.pt,3,346,0.00453846
split_finegrained2_EB97JY.pt,3,398,0.0034299599999999984
split_finegrained2_IE81R9.pt,3,232,0.0089069
split_finegrained2_BVG5UW.pt,3,534,0.0035586399999999996
split_finegrained2_UGV34P.pt,3,264,0.0079225
split_finegrained2_YEG3SM.pt,14,76,0.003429540000000001
split_finegrained2_ZKX1YY.pt,14,58,0.0033930399999999995
split_finegrained2_1TURL6.pt,14,62,0.004925959999999999
split_finegrained2_ZUWQ0U.pt,14,58,0.0034137600000000005
split_finegrained2_2SZ6RS.pt,14,82,0.00779402
split_finegrained2_FPBJC8.pt,14,70,0.0034671600000000004
split_finegrained2_F7KAIH.pt,14,46,0.009065040000000003
split_finegrained2_3CEL2I.pt,14,78,0.0034433600000000008
split_finegrained2_BWMLYF.pt,14,48,0.004000639999999999
split_finegrained2_90099M.pt,14,64,0.010224299999999999
split_finegrained2_WEP476.pt,14,56,0.003463920000000001
split_finegrained2_OA4YYA.pt,14,46,0.0034103600000000007
split_finegrained2_HTHV3L.pt,14,50,0.0033999799999999995
split_finegrained2_M6U6XP.pt,14,88,0.0034633800000000003
split_finegrained2_GW9S62.pt,14,68,0.00339966
split_finegrained2_LE5B6J.pt,14,86,0.0035189200000000005
split_finegrained2_EOQOH4.pt,14,60,0.0034658
split_finegrained2_HHP67M.pt,14,66,0.003557300000000001
split_finegrained2_P274M8.pt,14,88,0.0034243999999999998
split_finegrained2_E5VH7J.pt,14,74,0.00402824
split_finegrained2_HM63DP.pt,7,84,0.003474379999999999
split_finegrained2_M3BD3O.pt,7,90,0.006631020000000002
split_finegrained2_6OSN0T.pt,7,48,0.00343678
split_finegrained2_IY8LWZ.pt,7,100,0.0034585599999999994
split_finegrained2_22TGR9.pt,7,68,0.0034137
split_finegrained2_N22B89.pt,7,82,0.0070828
split_finegrained2_3KQM9E.pt,7,68,0.006656399999999999
split_finegrained2_CDK6C1.pt,7,84,0.009014220000000003
split_finegrained2_B0JFWF.pt,7,62,0.00568158
split_finegrained2_AIK9Y6.pt,7,44,0.006341419999999998
split_finegrained2_SRNXIW.pt,7,64,0.00484406
split_finegrained2_LYP1ZQ.pt,7,102,0.0034851800000000005
split_finegrained2_24JQO8.pt,7,66,0.00824648
split_finegrained2_A3K50R.pt,7,90,0.015395260000000004
split_finegrained2_UKEUIK.pt,7,80,0.0035940399999999993
split_finegrained2_15ROVD.pt,7,92,0.0034441399999999996
split_finegrained2_F7HOPC.pt,7,78,0.005511599999999998
split_finegrained2_0UVLN2.pt,7,60,0.0047629000000000005
split_finegrained2_YZ10N1.pt,7,72,0.01185674
split_finegrained2_R2SDRB.pt,7,58,0.00504
split_finegrained2_VA2BPZ.pt,14,90,0.0034148600000000005
split_finegrained2_V41K4E.pt,14,76,0.0035475199999999998
split_finegrained2_2IU536.pt,14,84,0.0034509799999999998
split_finegrained2_XG5Y9J.pt,14,70,0.010520100000000003
split_finegrained2_EWSEJR.pt,14,88,0.003671199999999999
split_finegrained2_8EC6S7.pt,14,60,0.004428100000000001
split_finegrained2_IQM9BG.pt,14,60,0.0034979999999999994
split_finegrained2_EOJ1GG.pt,14,50,0.01160404
split_finegrained2_BH522E.pt,14,46,0.012072900000000003
split_finegrained2_AJQ1TF.pt,14,52,0.00506356
split_finegrained2_N8KJ70.pt,14,80,0.0035286399999999996
split_finegrained2_Z60ZAN.pt,14,62,0.00346196
split_finegrained2_RY2YOS.pt,14,64,0.0034745599999999994
split_finegrained2_RAQ4CU.pt,14,74,0.008458039999999998
split_finegrained2_ABDR74.pt,14,66,0.00339134
split_finegrained2_3D3W4R.pt,14,62,0.00349034
split_finegrained2_6J9DAY.pt,14,68,0.003457739999999999
split_finegrained2_BBO5YZ.pt,14,88,0.003579180000000001
split_finegrained2_PI5LDT.pt,14,86,0.0034750199999999997
split_finegrained2_71BHNV.pt,14,42,0.008691680000000002
split_finegrained2_X9C5EG.pt,1,284,0.00347846
split_finegrained2_6SDSDQ.pt,1,192,0.003550200000000001
split_finegrained2_U6QUT0.pt,1,354,0.015319479999999996
split_finegrained2_ESHR6Y.pt,1,226,0.0034284999999999997
split_finegrained2_KL0R0T.pt,1,368,0.0034548000000000005
split_finegrained2_Y0L942.pt,1,266,0.00347508
split_finegrained2_XD73LD.pt,1,274,0.0034136
split_finegrained2_P9MJJE.pt,1,162,0.014814180000000008
split_finegrained2_VZ6ZM4.pt,1,166,0.01546416
split_finegrained2_V91FTF.pt,1,236,0.00788776
split_finegrained2_BGU3C1.pt,1,322,0.00836688
split_finegrained2_AJQSYM.pt,1,246,0.0034566800000000015
split_finegrained2_IW9UZ9.pt,1,168,0.003431740000000001
split_finegrained2_M8XR5O.pt,1,342,0.0034251799999999995
split_finegrained2_Q68H7K.pt,1,206,0.011410580000000005
split_finegrained2_EQCP1U.pt,1,262,0.015906540000000004
split_finegrained2_C1N43P.pt,1,170,0.003443840000000001
split_finegrained2_03JLMH.pt,1,212,0.0114232
split_finegrained2_PSK0YC.pt,1,266,0.013289220000000001
split_finegrained2_B0RZ7S.pt,1,204,0.005381220000000001
split_finegrained2_11LNDX.pt,14,70,0.0034104199999999995
split_finegrained2_B4HIHP.pt,14,82,0.0034483200000000004
split_finegrained2_4JHQX7.pt,14,92,0.007498840000000001
split_finegrained2_PZ0KK7.pt,14,84,0.0034023200000000008
split_finegrained2_PTN2QD.pt,14,78,0.0034658599999999994
split_finegrained2_CO84I8.pt,14,60,0.00884566
split_finegrained2_4BOKWQ.pt,14,98,0.003539059999999999
split_finegrained2_9CV7MP.pt,14,122,0.0033895799999999992
split_finegrained2_CGPTLM.pt,14,110,0.003501639999999999
split_finegrained2_F6HPHI.pt,14,136,0.0035530399999999995
split_finegrained2_CW2Z3Y.pt,14,114,0.0037325200000000005
split_finegrained2_ABJRHJ.pt,14,140,0.003386059999999999
split_finegrained2_H9GTA4.pt,14,76,0.0034043600000000004
split_finegrained2_WZ5RYY.pt,14,104,0.003504399999999999
split_finegrained2_ACSWXQ.pt,14,120,0.00341092
split_finegrained2_4NONQK.pt,14,86,0.003621699999999999
split_finegrained2_AH70PZ.pt,14,134,0.0034694599999999997
split_finegrained2_BV5MNY.pt,14,94,0.00764192
split_finegrained2_HNIVXN.pt,14,96,0.00551438
split_finegrained2_K8VPJ7.pt,14,130,0.0035874999999999995
split_finegrained2_8P59JN.pt,3,2,0.0078352
split_finegrained2_7G8DMO.pt,3,4,0.0034088800000000004
split_finegrained2_3120MR.pt,7,248,0.0034913199999999987
split_finegrained2_BAKPIC.pt,7,342,0.0034324000000000004
split_finegrained2_65IJ6Z.pt,7,176,0.010151619999999998
split_finegrained2_PZK1N2.pt,7,390,0.003503879999999999
split_finegrained2_6BO1F8.pt,7,286,0.0034226999999999994
split_finegrained2_WCDVAY.pt,7,378,0.0034733799999999994
split_finegrained2_4CTP63.pt,7,342,0.00346126
split_finegrained2_Y97Y3Z.pt,7,264,0.0034263000000000006
split_finegrained2_MNFJBM.pt,7,294,0.00344882
split_finegrained2_W2MRDS.pt,7,210,0.0034149000000000007
split_finegrained2_IRXWBG.pt,7,322,0.008444199999999999
split_finegrained2_TY7HZN.pt,7,262,0.00406456
split_finegrained2_V2F6ZF.pt,7,218,0.01374184
split_finegrained2_JZT4E8.pt,7,170,0.0033944600000000006
split_finegrained2_9LNIY2.pt,7,232,0.0047168800000000006
split_finegrained2_W4KR77.pt,7,238,0.0034268599999999995
split_finegrained2_DO6BH1.pt,7,178,0.003463300000000001
split_finegrained2_3TOYXT.pt,7,234,0.00343054
split_finegrained2_O9MKWS.pt,7,242,0.003438359999999999
split_finegrained2_S8XKM0.pt,7,280,0.00342344
split_finegrained2_VM646H.pt,7,60,0.003382500000000001
split_finegrained2_IUZMAO.pt,7,72,0.013476999999999994
split_finegrained2_Y9NL32.pt,7,76,0.0034263399999999986
split_finegrained2_5JIDF4.pt,7,54,0.0034647000000000007
split_finegrained2_OLVZYG.pt,7,42,0.008036900000000001
split_finegrained2_7K6AZQ.pt,7,52,0.005265800000000003
split_finegrained2_8K0DVI.pt,7,46,0.00494028
split_finegrained2_602U33.pt,7,68,0.006188559999999999
split_finegrained2_E62FCJ.pt,7,56,0.0067436399999999995
split_finegrained2_8YBMBC.pt,7,62,0.005707160000000002
split_finegrained2_QXX2BB.pt,7,52,0.012193879999999997
split_finegrained2_DRFOWG.pt,7,88,0.003467539999999999
split_finegrained2_KR1MLU.pt,7,96,0.0054739
split_finegrained2_B6WT5G.pt,7,88,0.0034214400000000004
split_finegrained2_LMXI1Z.pt,7,70,0.003447879999999999
split_finegrained2_RKPH97.pt,7,66,0.00341332
split_finegrained2_TE6N83.pt,7,90,0.005146279999999999
split_finegrained2_YDK43U.pt,7,50,0.009348100000000003
split_finegrained2_EMWYQC.pt,7,44,0.005775900000000001
split_finegrained2_O4T9P1.pt,7,82,0.010295079999999996
split_finegrained2_L3ZO7P.pt,14,60,0.009968040000000001
split_finegrained2_6TOM3Q.pt,14,58,0.00342532
split_finegrained2_Q28CNA.pt,14,36,0.00410298
split_finegrained2_TB490D.pt,14,64,0.0034276000000000003
split_finegrained2_49YZ97.pt,14,56,0.004124759999999998
split_finegrained2_LKK7NN.pt,14,46,0.00524104
split_finegrained2_M00SVG.pt,14,38,0.00345662
split_finegrained2_YG4E8V.pt,14,64,0.008202819999999998
split_finegrained2_9AYS84.pt,14,76,0.00348972
split_finegrained2_V9NLVY.pt,14,70,0.005300739999999999
split_finegrained2_DUN7HY.pt,14,74,0.00342266
split_finegrained2_DQE7VT.pt,14,50,0.0034369
split_finegrained2_KWVO1Q.pt,14,74,0.0034452599999999995
split_finegrained2_5Y0IK5.pt,14,62,0.0035544599999999997
split_finegrained2_JSOP38.pt,14,62,0.012220439999999999
split_finegrained2_DDCPYP.pt,14,52,0.005743439999999999
split_finegrained2_FCM2SR.pt,14,60,0.00352696
split_finegrained2_FUGVVT.pt,14,42,0.00338878
split_finegrained2_DTM0Q5.pt,14,54,0.003424219999999999
split_finegrained2_MR83CN.pt,14,68,0.0034411999999999997
split_finegrained2_OYNAS3.pt,3,622,0.010666660000000001
split_finegrained2_4PX2Q6.pt,3,390,0.003721159999999999
split_finegrained2_0QOF5Y.pt,3,310,0.0034527599999999996
split_finegrained2_QSFLF2.pt,3,348,0.0034246799999999994
split_finegrained2_MCKDE6.pt,3,530,0.0034154199999999997
split_finegrained2_9L7O7T.pt,3,356,0.004605800000000003
split_finegrained2_KRNQMS.pt,3,662,0.003396539999999999
split_finegrained2_B2I1D3.pt,3,342,0.005434399999999998
split_finegrained2_TT6NG5.pt,3,656,0.014842000000000001
split_finegrained2_W7I8NS.pt,3,538,0.009424020000000002
split_finegrained2_JSUALI.pt,3,672,0.003435
split_finegrained2_SO2J24.pt,3,488,0.0034371800000000015
split_finegrained2_SOEXYA.pt,3,624,0.003457140000000001
split_finegrained2_EUP28G.pt,3,314,0.010589320000000003
split_finegrained2_8BFBJV.pt,3,318,0.02146896
split_finegrained2_2WIUF9.pt,3,578,0.003420900000000001
split_finegrained2_B86BDL.pt,3,320,0.004865219999999999
split_finegrained2_U111UN.pt,3,300,0.003835660000000001
split_finegrained2_MKIXCB.pt,3,382,0.0041784399999999985
split_finegrained2_SQ9Q0B.pt,3,620,0.008810279999999997
split_finegrained2_RQYI6U.pt,3,60,0.007354039999999999
split_finegrained2_OQQSTL.pt,3,38,0.00529014
split_finegrained2_C5WNBJ.pt,3,58,0.00696722
split_finegrained2_OCSJFI.pt,3,62,0.0034717199999999998
split_finegrained2_88F3CO.pt,3,52,0.0038420800000000003
split_finegrained2_K7INQV.pt,3,54,0.0034671600000000012
split_finegrained2_SGD7K8.pt,3,36,0.005371259999999999
split_finegrained2_ODMQXE.pt,3,78,0.005758959999999999
split_finegrained2_EW0ACJ.pt,3,54,0.004198339999999999
split_finegrained2_U8F6GJ.pt,3,68,0.005813400000000001
split_finegrained2_T3O1PO.pt,3,36,0.0068058
split_finegrained2_OS1K8K.pt,3,40,0.006219840000000002
split_finegrained2_VVDC94.pt,3,48,0.004878040000000001
split_finegrained2_XLAKNJ.pt,3,76,0.0034637799999999996
split_finegrained2_0R0FY4.pt,3,38,0.0034371000000000007
split_finegrained2_FTHTOJ.pt,3,72,0.0034352999999999996
split_finegrained2_4IUGY2.pt,3,48,0.00346726
split_finegrained2_GY8HOX.pt,3,70,0.0038951
split_finegrained2_O3ZHYP.pt,3,60,0.016828360000000004
split_finegrained2_Q9B095.pt,3,50,0.0034616800000000004
split_finegrained2_VERNM8.pt,7,58,0.005042739999999999
split_finegrained2_QGXMTV.pt,7,48,0.0045599
split_finegrained2_5U4ZDI.pt,7,44,0.0033900199999999992
split_finegrained2_HGJ5UP.pt,7,82,0.0034874800000000007
split_finegrained2_15KUZF.pt,7,50,0.011671700000000007
split_finegrained2_T185MG.pt,7,94,0.0058789800000000015
split_finegrained2_0M1TYZ.pt,7,88,0.013528579999999997
split_finegrained2_1KFFGU.pt,7,84,0.003471739999999999
split_finegrained2_JOQBFG.pt,7,56,0.00339676
split_finegrained2_5AI6AJ.pt,7,78,0.006472520000000002
split_finegrained2_JM3LPZ.pt,7,60,0.0035719999999999992
split_finegrained2_W4KCJE.pt,7,48,0.00737046
split_finegrained2_V0JS5L.pt,7,46,0.014748640000000002
split_finegrained2_7CDO7M.pt,7,90,0.008310380000000001
split_finegrained2_D3QIIC.pt,7,82,0.0034568600000000004
split_finegrained2_U6CG4O.pt,7,52,0.00342582
split_finegrained2_WKIYNW.pt,7,74,0.007606299999999999
split_finegrained2_R836QI.pt,7,80,0.012224580000000002
split_finegrained2_BX48FG.pt,7,54,0.00396186
split_finegrained2_6C3X1M.pt,7,42,0.0034014600000000002
split_finegrained2_96BQ07.pt,14,44,0.0034366199999999996
split_finegrained2_HLROJJ.pt,14,76,0.013033180000000002
split_finegrained2_JA0NFV.pt,14,68,0.0034004200000000012
split_finegrained2_K91PRE.pt,14,66,0.0034382400000000004
split_finegrained2_PWWT7P.pt,14,40,0.01151832
split_finegrained2_QHW2ZQ.pt,14,60,0.005848840000000001
split_finegrained2_KQE0B4.pt,14,52,0.012447299999999993
split_finegrained2_2B7IGN.pt,14,38,0.009726780000000003
split_finegrained2_WOKUNZ.pt,14,54,0.0034844000000000003
split_finegrained2_IM7YV4.pt,14,48,0.0034682399999999987
split_finegrained2_BU7WIK.pt,14,60,0.003396
split_finegrained2_NKYVVW.pt,14,64,0.003410800000000001
split_finegrained2_MCTSSO.pt,14,66,0.0035519599999999994
split_finegrained2_1LAAWZ.pt,14,42,0.008739719999999998
split_finegrained2_CQOVB6.pt,14,62,0.0063583599999999995
split_finegrained2_FCKIQ1.pt,14,38,0.0034882800000000003
split_finegrained2_23HDV9.pt,14,70,0.003840659999999999
split_finegrained2_3K9R62.pt,14,42,0.0035210600000000003
split_finegrained2_3NR2PX.pt,14,40,0.006774519999999999
split_finegrained2_1D8Y5B.pt,14,46,0.0094159
split_finegrained2_UR2W7J.pt,7,78,0.014144179999999998
split_finegrained2_QNEACR.pt,7,100,0.0034688199999999996
split_finegrained2_GBULDT.pt,7,78,0.014274559999999993
split_finegrained2_EQBJZ7.pt,7,82,0.00468346
split_finegrained2_4L7HON.pt,7,104,0.005259699999999999
split_finegrained2_J7IP65.pt,7,90,0.00481402
split_finegrained2_DVNDHE.pt,7,126,0.003531
split_finegrained2_9TA0TV.pt,7,84,0.011977800000000004
split_finegrained2_D0NS71.pt,7,118,0.0035267000000000002
split_finegrained2_XLTI8Q.pt,7,96,0.0033981399999999996
split_finegrained2_EWTURI.pt,7,80,0.0034460800000000002
split_finegrained2_BA9BJZ.pt,7,130,0.0038894400000000005
split_finegrained2_XBKX8K.pt,7,102,0.008995500000000002
split_finegrained2_9N22PW.pt,7,80,0.0034855000000000003
split_finegrained2_RRQOUC.pt,7,94,0.012731240000000001
split_finegrained2_JY1NNA.pt,7,58,0.004227739999999998
split_finegrained2_TGXYED.pt,7,56,0.010320220000000007
split_finegrained2_U56TXA.pt,7,62,0.006198800000000002
split_finegrained2_84M6FT.pt,7,92,0.004994380000000001
split_finegrained2_IRZ599.pt,7,114,0.006432340000000001
split_finegrained2_TNQUP2.pt,1,104,0.003501
split_finegrained2_XYH7KT.pt,1,46,0.00743074
split_finegrained2_V44OCX.pt,1,108,0.00356162
split_finegrained2_L80GNL.pt,1,48,0.00777522
split_finegrained2_3VMRGK.pt,1,50,0.004785879999999999
split_finegrained2_S9QYQM.pt,1,62,0.008265259999999998
split_finegrained2_1T594X.pt,1,58,0.017097960000000006
split_finegrained2_QB1FM8.pt,1,72,0.008800620000000002
split_finegrained2_4TIMTK.pt,1,88,0.00944444
split_finegrained2_9EIMKJ.pt,1,92,0.006509440000000002
split_finegrained2_70VU1M.pt,1,102,0.00345446
split_finegrained2_45VWJK.pt,1,94,0.00374158
split_finegrained2_BV1QD2.pt,1,96,0.005567559999999998
split_finegrained2_BNNWSQ.pt,1,110,0.006985680000000001
split_finegrained2_XLY62L.pt,1,64,0.012443319999999996
split_finegrained2_TPEU0O.pt,1,58,0.0036625400000000015
split_finegrained2_RKP8SG.pt,1,88,0.0087454
split_finegrained2_UO1QOQ.pt,1,98,0.010207920000000006
split_finegrained2_H9G1TB.pt,1,48,0.0043284000000000005
split_finegrained2_D02QIC.pt,1,54,0.00343026
split_finegrained2_3Z3SNQ.pt,3,60,0.007449899999999999
split_finegrained2_XP3WCA.pt,3,34,0.0072571599999999995
split_finegrained2_TTUV7P.pt,3,56,0.00493076
split_finegrained2_KEQ84O.pt,3,60,0.009939420000000001
split_finegrained2_G3BJBA.pt,3,38,0.0064579200000000015
split_finegrained2_ZPE6DC.pt,3,32,0.008342460000000003
split_finegrained2_T91A8G.pt,3,64,0.0035026999999999997
split_finegrained2_UYGNO7.pt,3,62,0.009646399999999998
split_finegrained2_PSIRX7.pt,3,36,0.009274520000000001
split_finegrained2_4XS3UQ.pt,3,66,0.003462039999999999
split_finegrained2_5LM3M2.pt,3,50,0.008410459999999998
split_finegrained2_1J04K5.pt,3,46,0.0034718599999999994
split_finegrained2_50DNEL.pt,3,40,0.012134799999999996
split_finegrained2_PODGY2.pt,3,42,0.013456179999999998
split_finegrained2_7TSF4S.pt,3,32,0.013538220000000004
split_finegrained2_K26BUH.pt,3,52,0.0175164
split_finegrained2_J9WTL9.pt,3,54,0.014287199999999998
split_finegrained2_KG8E9F.pt,3,46,0.009169580000000002
split_finegrained2_EOMNE1.pt,3,58,0.005668040000000002
split_finegrained2_O1X0SX.pt,3,64,0.006019339999999999
split_finegrained2_FWCX6V.pt,14,72,0.0034804399999999996
split_finegrained2_10W5CR.pt,14,42,0.003477
split_finegrained2_D7AMFE.pt,14,40,0.0035275600000000003
split_finegrained2_BKTZLL.pt,14,30,0.003475659999999998
split_finegrained2_ME61V0.pt,14,54,0.0075895999999999976
split_finegrained2_Y7WRFZ.pt,14,64,0.0034004000000000005
split_finegrained2_FOAOR6.pt,14,34,0.0035236599999999996
split_finegrained2_FX0XCA.pt,14,36,0.00428896
split_finegrained2_RZ34BM.pt,14,36,0.00438278
split_finegrained2_7XF6Z7.pt,14,52,0.0034198000000000006
split_finegrained2_3GKFQX.pt,14,46,0.00343822
split_finegrained2_QKVNPH.pt,14,42,0.01203128
split_finegrained2_9T68J9.pt,14,62,0.007585260000000003
split_finegrained2_9EUS7I.pt,14,40,0.012343639999999996
split_finegrained2_YNMDJP.pt,14,62,0.003457519999999999
split_finegrained2_G4HAIP.pt,14,58,0.003793659999999999
split_finegrained2_8R9P4M.pt,14,48,0.00350856
split_finegrained2_IXDU6T.pt,14,60,0.012099800000000004
split_finegrained2_G05IEE.pt,14,70,0.0034400200000000002
split_finegrained2_5XL6ZP.pt,14,66,0.0034461400000000003
split_finegrained2_LKURG9.pt,7,18,0.0073921600000000035
split_finegrained2_MPLGOJ.pt,7,18,0.004385020000000001
split_finegrained2_8OQIJ5.pt,7,20,0.0086684
split_finegrained2_MJLOL9.pt,7,14,0.009967799999999997
split_finegrained2_YH0WAS.pt,7,20,0.0059644799999999994
split_finegrained2_F2A4KA.pt,7,14,0.0034301800000000006
split_finegrained2_772KXE.pt,7,24,0.007069399999999999
split_finegrained2_UMZ507.pt,7,10,0.004193920000000001
split_finegrained2_BI1W4L.pt,7,22,0.008341160000000002
split_finegrained2_G3HGM9.pt,7,16,0.00341826
split_finegrained2_83HIEW.pt,7,12,0.006773520000000002
split_finegrained2_WW4IO0.pt,7,22,0.012313380000000002
split_finegrained2_VRO4PK.pt,7,16,0.008793840000000002
split_finegrained2_7VXV86.pt,7,12,0.0034345600000000006
split_finegrained2_O5KIXY.pt,7,568,0.0034438999999999993
split_finegrained2_ZLRMEN.pt,7,324,0.003476920000000001
split_finegrained2_4FBRZD.pt,7,370,0.0095625
split_finegrained2_80ICUN.pt,7,554,0.003479520000000001
split_finegrained2_VXAQYR.pt,7,434,0.004600800000000001
split_finegrained2_6ZK7Z2.pt,7,562,0.003521440000000001
split_finegrained2_0DMIZF.pt,7,424,0.0034543400000000006
split_finegrained2_YUT195.pt,7,392,0.0034966200000000015
split_finegrained2_YWLW5D.pt,7,460,0.00719014
split_finegrained2_QWWVNO.pt,7,600,0.0034462799999999995
split_finegrained2_W6KODE.pt,7,506,0.0034712400000000004
split_finegrained2_3Q88HF.pt,7,464,0.01108662
split_finegrained2_M7VJDD.pt,7,590,0.0034813199999999996
split_finegrained2_F3Z5AJ.pt,7,594,0.008887080000000002
split_finegrained2_3DO2GP.pt,7,274,0.0034576000000000008
split_finegrained2_5DHGM5.pt,7,458,0.0034954
split_finegrained2_ZCQZG8.pt,7,264,0.004356400000000001
split_finegrained2_0HUOBP.pt,7,326,0.00341338
split_finegrained2_NKTX48.pt,7,350,0.0034782199999999997
split_finegrained2_3YHJ0K.pt,7,318,0.0034672
split_finegrained2_RDPJZ0.pt,14,70,0.00351122
split_finegrained2_51S20L.pt,14,62,0.0034318599999999993
split_finegrained2_KU15HR.pt,14,66,0.007421979999999999
split_finegrained2_NPMJ5M.pt,14,80,0.003437319999999999
split_finegrained2_43D1SF.pt,14,78,0.007724239999999996
split_finegrained2_NBIZQ6.pt,14,88,0.010369300000000001
split_finegrained2_2CRKIS.pt,14,96,0.00354844
split_finegrained2_MM7ASK.pt,14,88,0.0034828999999999993
split_finegrained2_5RQO63.pt,14,52,0.011770379999999995
split_finegrained2_VTVDPN.pt,14,80,0.003445520000000001
split_finegrained2_808MYM.pt,14,54,0.003456119999999999
split_finegrained2_YWAL5R.pt,14,48,0.0036921600000000003
split_finegrained2_F2K9M6.pt,14,58,0.0034213199999999994
split_finegrained2_YZAINB.pt,14,72,0.0034302199999999995
split_finegrained2_NZSXV6.pt,14,42,0.0095522
split_finegrained2_KEEEXF.pt,14,46,0.0034225999999999996
split_finegrained2_MDO7R2.pt,14,66,0.00339634
split_finegrained2_4G5VPS.pt,14,42,0.00551488
split_finegrained2_L0FQCR.pt,14,56,0.003790660000000001
split_finegrained2_K0KTAR.pt,14,84,0.00341486
split_finegrained2_BGGB1V.pt,7,186,0.013660219999999999
split_finegrained2_8BSPJ7.pt,7,176,0.0034123600000000006
split_finegrained2_8DYSF1.pt,7,254,0.013043459999999998
split_finegrained2_O7WVGM.pt,7,264,0.00344958
split_finegrained2_TLR5KN.pt,7,220,0.011896460000000005
split_finegrained2_PS2GOZ.pt,7,276,0.014083880000000003
split_finegrained2_HSVY9Y.pt,7,172,0.003516999999999999
split_finegrained2_MIIQG7.pt,7,298,0.008265939999999998
split_finegrained2_UGIMCM.pt,7,298,0.007737479999999999
split_finegrained2_HP21V9.pt,7,190,0.0034363799999999993
split_finegrained2_EXTQ9G.pt,7,162,0.0048701
split_finegrained2_43ZKTK.pt,7,264,0.0034228400000000003
split_finegrained2_GYX92X.pt,7,218,0.0034486399999999993
split_finegrained2_BHH661.pt,7,172,0.0034650400000000004
split_finegrained2_V9V855.pt,7,252,0.003536180000000001
split_finegrained2_6FLT44.pt,7,242,0.00349358
split_finegrained2_RX958D.pt,7,262,0.0034369999999999995
split_finegrained2_2YA1DF.pt,7,136,0.009726639999999998
split_finegrained2_7YGDJ0.pt,7,242,0.006384360000000002
split_finegrained2_3NV5ZK.pt,7,272,0.0034927800000000005
split_finegrained2_TPCAAO.pt,28,6,0.00346306
split_finegrained2_N856JP.pt,28,4,0.006597160000000001
split_finegrained2_XVSYUK.pt,28,6,0.0034322
split_finegrained2_NCSB1S.pt,28,8,0.003414959999999999
split_finegrained2_KC1X79.pt,28,8,0.0038123000000000007
split_finegrained2_ESBUEB.pt,14,18,0.01153056
split_finegrained2_ZJPYU3.pt,14,10,0.0033882799999999996
split_finegrained2_DPTMTL.pt,14,16,0.004536500000000001
split_finegrained2_J55K42.pt,14,14,0.00343262
split_finegrained2_M4CYQY.pt,14,16,0.003471240000000001
split_finegrained2_IEIS2U.pt,14,14,0.00464358
split_finegrained2_CKRSWA.pt,14,20,0.0033833400000000007
split_finegrained2_5CDHA1.pt,14,12,0.0034005999999999993
split_finegrained2_JT76O8.pt,14,12,0.01236864
split_finegrained2_IH6AP1.pt,14,18,0.005916059999999998
split_finegrained2_ZH390K.pt,14,20,0.003443400000000001
split_finegrained2_3LYKFL.pt,14,10,0.01702606
split_finegrained2_EZVGWZ.pt,14,28,0.0059834200000000014
split_finegrained2_9XRGNK.pt,14,38,0.00345558
split_finegrained2_0JU2TN.pt,14,48,0.00344036
split_finegrained2_73VUI9.pt,14,30,0.00342644
split_finegrained2_WXI0J7.pt,14,20,0.00578732
split_finegrained2_DAWMMQ.pt,14,26,0.00344124
split_finegrained2_TAYVHL.pt,14,22,0.011317020000000002
split_finegrained2_MKCXTZ.pt,14,42,0.0034600200000000007
split_finegrained2_9Q8H8A.pt,14,32,0.0034406599999999995
split_finegrained2_090M8S.pt,14,34,0.003456560000000001
split_finegrained2_7L93L1.pt,14,24,0.00343208
split_finegrained2_7I1PB2.pt,14,36,0.0035103000000000014
split_finegrained2_EPXASU.pt,14,42,0.0035163999999999994
split_finegrained2_1JF4FP.pt,14,22,0.00343126
split_finegrained2_0DPPLV.pt,14,28,0.0038593200000000007
split_finegrained2_V5TA5P.pt,14,24,0.0034349000000000003
split_finegrained2_FQFJ6S.pt,14,34,0.0034336999999999996
split_finegrained2_YO2SW5.pt,14,38,0.00899296
split_finegrained2_TL5NV9.pt,14,40,0.011768460000000003
split_finegrained2_V52I3E.pt,14,40,0.00840388
split_finegrained2_M830RW.pt,14,36,0.006194440000000001
split_finegrained2_DGX2DY.pt,14,48,0.003473720000000001
split_finegrained2_74OFIV.pt,14,44,0.006416959999999999
split_finegrained2_DW4JFI.pt,14,44,0.00349914
split_finegrained2_G18F70.pt,14,40,0.01015146
split_finegrained2_2N7XPU.pt,14,46,0.004065279999999999
split_finegrained2_S06560.pt,14,32,0.012662879999999998
split_finegrained2_ITSFJR.pt,14,36,0.0034611399999999997
split_finegrained2_SG3O2C.pt,14,22,0.0034705599999999993
split_finegrained2_3F4QZY.pt,14,46,0.00422456
split_finegrained2_MP1RX6.pt,14,38,0.00841204
split_finegrained2_E28GM9.pt,14,34,0.006029519999999999
split_finegrained2_EX6AES.pt,14,30,0.00606706
split_finegrained2_R89LOJ.pt,14,28,0.003538060000000001
split_finegrained2_YHXXFV.pt,14,48,0.0034056399999999997
split_finegrained2_JMPOBN.pt,14,26,0.006793679999999999
split_finegrained2_1LG9TT.pt,14,30,0.0078233
split_finegrained2_WF0U6B.pt,14,50,0.008068380000000002
split_finegrained2_0S5TNS.pt,14,42,0.0034339200000000005
split_finegrained2_K94IV2.pt,14,40,0.0035365600000000002
split_finegrained2_BEY199.pt,14,18,0.0035744800000000005
split_finegrained2_DYFWQS.pt,14,24,0.004394499999999999
split_finegrained2_CDCULS.pt,14,38,0.0034455
split_finegrained2_ZMUF4U.pt,14,18,0.0034088600000000014
split_finegrained2_DA24LF.pt,14,26,0.00687622
split_finegrained2_RWZ4GH.pt,14,40,0.007572679999999999
split_finegrained2_U0GEW7.pt,14,26,0.0046624599999999985
split_finegrained2_PSYNKH.pt,14,20,0.0034537000000000005
split_finegrained2_HZR48P.pt,14,34,0.005432700000000002
split_finegrained2_F6A9NV.pt,14,32,0.004690380000000001
split_finegrained2_DJ5TAU.pt,14,28,0.003524960000000001
split_finegrained2_7ADZNP.pt,14,24,0.0053383599999999995
split_finegrained2_WIIXDS.pt,14,22,0.0041331399999999996
split_finegrained2_3MSJS6.pt,14,20,0.00341614
split_finegrained2_74JJ4H.pt,14,38,0.0034279199999999992
split_finegrained2_NOKKDE.pt,14,30,0.006231420000000002
split_finegrained2_LAOK15.pt,14,36,0.010048219999999997
split_finegrained2_NJCVVG.pt,14,22,0.005114660000000001
split_finegrained2_ZU83FP.pt,14,36,0.003464100000000001
split_finegrained2_40Z4RL.pt,14,28,0.00376546
split_finegrained2_9TJB6O.pt,14,82,0.005722800000000003
split_finegrained2_PGMWXM.pt,14,90,0.003477679999999999
split_finegrained2_5IQRYV.pt,14,62,0.0034299400000000002
split_finegrained2_8BM9X3.pt,14,96,0.0034001999999999986
split_finegrained2_OJZAHM.pt,14,68,0.003418060000000001
split_finegrained2_EUYZHL.pt,14,84,0.00345714
split_finegrained2_9H290R.pt,14,96,0.003438820000000001
split_finegrained2_3UA18H.pt,14,78,0.0033907400000000015
split_finegrained2_QIG72S.pt,14,84,0.0034171400000000017
split_finegrained2_Z8RDFJ.pt,14,50,0.0034072200000000007
split_finegrained2_IVXU7S.pt,14,86,0.00345744
split_finegrained2_6W2EBP.pt,14,72,0.003470780000000001
split_finegrained2_5JUAJN.pt,14,58,0.0055081800000000005
split_finegrained2_5F6B1K.pt,14,66,0.005568740000000001
split_finegrained2_AC1PQQ.pt,14,46,0.0034504799999999984
split_finegrained2_7Y1S9L.pt,14,74,0.00344714
split_finegrained2_O65T98.pt,14,94,0.0039613
split_finegrained2_6I2267.pt,14,88,0.0034051199999999998
split_finegrained2_D07L6Z.pt,14,50,0.0034358199999999996
split_finegrained2_W9UKBB.pt,14,72,0.00339344
split_finegrained2_NIIOI3.pt,7,56,0.0035821600000000013
split_finegrained2_6S06QZ.pt,7,64,0.006311580000000002
split_finegrained2_A64DP4.pt,7,110,0.008869640000000002
split_finegrained2_0TIRR5.pt,7,68,0.005629859999999999
split_finegrained2_4BCA1E.pt,7,54,0.014986619999999999
split_finegrained2_D566AY.pt,7,88,0.010275359999999997
split_finegrained2_G36RE0.pt,7,62,0.003436180000000001
split_finegrained2_1CG85S.pt,7,58,0.0033957799999999993
split_finegrained2_DYA57X.pt,7,116,0.0034325600000000007
split_finegrained2_GD3D0B.pt,7,100,0.014187520000000004
split_finegrained2_UJ2LF8.pt,7,78,0.0034242
split_finegrained2_UYYUIW.pt,7,88,0.003510500000000001
split_finegrained2_MQV1YJ.pt,7,102,0.003459240000000002
split_finegrained2_VPF1WB.pt,7,98,0.0033824200000000006
split_finegrained2_GQM3JG.pt,7,98,0.00938518
split_finegrained2_NZ1LTW.pt,7,70,0.004355839999999999
split_finegrained2_RNIOOT.pt,7,110,0.0034554800000000004
split_finegrained2_DAMDHN.pt,7,82,0.0040856
split_finegrained2_K10JX2.pt,7,100,0.013954580000000003
split_finegrained2_E42W4W.pt,7,68,0.006461060000000003
split_finegrained2_FMCVYO.pt,1,752,0.009199440000000001
split_finegrained2_EQOMZA.pt,1,1106,0.011056480000000006
split_finegrained2_E4PK8L.pt,1,1416,0.005722140000000001
split_finegrained2_ZG0DYU.pt,1,1274,0.013680540000000003
split_finegrained2_IQIS4D.pt,1,700,0.003443279999999999
split_finegrained2_NO5VID.pt,1,816,0.0034546599999999996
split_finegrained2_LKBL07.pt,1,868,0.012570339999999996
split_finegrained2_42XM4Z.pt,1,1082,0.011448159999999995
split_finegrained2_YX24EO.pt,1,894,0.005677479999999998
split_finegrained2_CYLJQE.pt,1,778,0.00346748
split_finegrained2_1BPYDO.pt,1,1392,0.0080067
split_finegrained2_H7L9NV.pt,1,1256,0.003445459999999999
split_finegrained2_WI1PY8.pt,1,1420,0.008433639999999997
split_finegrained2_YI5CZH.pt,1,678,0.003537259999999999
split_finegrained2_TX8353.pt,1,1332,0.011657779999999996
split_finegrained2_5TU598.pt,1,1458,0.003425039999999999
split_finegrained2_M2HGOP.pt,1,1302,0.012847319999999995
split_finegrained2_HWPBUW.pt,1,678,0.006533960000000003
split_finegrained2_4NY9WQ.pt,1,798,0.014071279999999999
split_finegrained2_JZT69W.pt,1,1102,0.007498779999999996
split_finegrained2_EVZ1N6.pt,3,512,0.009692079999999999
split_finegrained2_RACVFS.pt,3,278,0.00352346
split_finegrained2_NQS6C8.pt,3,516,0.0034182799999999997
split_finegrained2_JQL15E.pt,3,510,0.0042586
split_finegrained2_HWO2EZ.pt,3,300,0.0034187000000000006
split_finegrained2_Z4B8Z8.pt,3,474,0.00340176
split_finegrained2_BUB7RE.pt,3,318,0.003449660000000001
split_finegrained2_2G9JWP.pt,3,312,0.008733860000000001
split_finegrained2_HUW4PZ.pt,3,428,0.013378399999999999
split_finegrained2_RIP7BS.pt,3,516,0.0043066799999999985
split_finegrained2_ILXLD2.pt,3,376,0.007050260000000002
split_finegrained2_EWY583.pt,3,450,0.0034369800000000005
split_finegrained2_YLZK2M.pt,3,324,0.013923660000000003
split_finegrained2_Z8VUOK.pt,3,232,0.003458620000000001
split_finegrained2_4IRQQN.pt,3,462,0.01191372
split_finegrained2_8NKGL8.pt,3,460,0.004799480000000001
split_finegrained2_6NMABB.pt,3,340,0.00342932
split_finegrained2_C310SJ.pt,3,486,0.003653679999999999
split_finegrained2_4D1DND.pt,3,260,0.0034861400000000004
split_finegrained2_Z5IGJH.pt,3,494,0.0060953399999999994
split_finegrained2_O8GPXR.pt,7,122,0.010349299999999999
split_finegrained2_H2VJG5.pt,7,98,0.0035204999999999998
split_finegrained2_RQCB3F.pt,7,124,0.0035039000000000003
split_finegrained2_F6ZM5K.pt,7,142,0.01550346
split_finegrained2_99PBJT.pt,7,160,0.013505700000000004
split_finegrained2_IJ0B8V.pt,7,182,0.004359879999999999
split_finegrained2_JMMI3Z.pt,7,172,0.010548899999999998
split_finegrained2_Q7EQNP.pt,7,184,0.012024440000000003
split_finegrained2_UO4Z6Z.pt,7,104,0.00348276
split_finegrained2_1D2R58.pt,7,94,0.003412760000000001
split_finegrained2_PGQ5XV.pt,7,132,0.0036641199999999994
split_finegrained2_75GBZC.pt,7,162,0.00343968
split_finegrained2_40B9YG.pt,7,146,0.005851499999999999
split_finegrained2_4UYJ57.pt,7,92,0.010168380000000003
split_finegrained2_ZCG7CH.pt,7,108,0.008170380000000003
split_finegrained2_T8IHP8.pt,7,128,0.00341944
split_finegrained2_4WJYNN.pt,7,136,0.0033995
split_finegrained2_NCN1GI.pt,7,106,0.004140199999999999
split_finegrained2_JM5MFU.pt,7,110,0.01091926
split_finegrained2_B55G0Q.pt,7,150,0.012241980000000001
split_finegrained2_WZFUOE.pt,7,60,0.0034621599999999997
split_finegrained2_SY9ML1.pt,7,92,0.00401342
split_finegrained2_7BAA0D.pt,7,122,0.0034996600000000012
split_finegrained2_HM9ZVD.pt,7,124,0.0038240199999999996
split_finegrained2_X360FS.pt,7,96,0.0058963999999999996
split_finegrained2_63S5L9.pt,7,78,0.0034302399999999998
split_finegrained2_EHEA0Q.pt,7,136,0.013380939999999994
split_finegrained2_LG2JBS.pt,7,70,0.005076540000000002
split_finegrained2_BCPSNG.pt,7,68,0.007844339999999998
split_finegrained2_22WZ5P.pt,7,76,0.01267858
split_finegrained2_29Z5N1.pt,7,88,0.00466826
split_finegrained2_4G4REG.pt,7,98,0.023293400000000002
split_finegrained2_PIMF5M.pt,7,72,0.003491680000000001
split_finegrained2_O3NJP2.pt,7,102,0.004865600000000001
split_finegrained2_1RDP4Z.pt,7,96,0.010644719999999996
split_finegrained2_6WA8NZ.pt,7,70,0.005162180000000001
split_finegrained2_AYEY37.pt,7,114,0.0034442200000000004
split_finegrained2_GAKRER.pt,7,138,0.0034261399999999994
split_finegrained2_2T0C69.pt,7,98,0.006320660000000003
split_finegrained2_U1DMT0.pt,7,108,0.0034609599999999995
split_finegrained2_GNWU8N.pt,14,24,0.004714919999999999
split_finegrained2_OG4DK5.pt,14,32,0.0035218399999999996
split_finegrained2_SVV8O4.pt,14,38,0.0138375
split_finegrained2_LHKA6X.pt,14,42,0.0034729599999999993
split_finegrained2_Y6L3AH.pt,14,32,0.0033656600000000004
split_finegrained2_NL6LO6.pt,14,40,0.0035493799999999995
split_finegrained2_71I642.pt,14,20,0.0034810200000000013
split_finegrained2_RCX4HD.pt,14,22,0.003483560000000001
split_finegrained2_ZGUEGZ.pt,14,40,0.010768599999999996
split_finegrained2_P93N1F.pt,14,36,0.00552568
split_finegrained2_N4HRN5.pt,14,36,0.00452402
split_finegrained2_8T0LO9.pt,14,38,0.003439199999999999
split_finegrained2_Y1PTD2.pt,14,34,0.0034396199999999987
split_finegrained2_NVN5TO.pt,14,28,0.0034777600000000003
split_finegrained2_VXQFCT.pt,14,20,0.0034263000000000006
split_finegrained2_BL4X51.pt,14,26,0.0034414400000000013
split_finegrained2_AQQ0JI.pt,14,22,0.0034855799999999994
split_finegrained2_ZV2QB7.pt,14,44,0.00344622
split_finegrained2_94RG6V.pt,14,26,0.0034417200000000005
split_finegrained2_EZQYCZ.pt,14,34,0.0050198
split_finegrained2_XGEF7L.pt,14,6,0.0034075400000000006
split_finegrained2_0IWD7R.pt,14,8,0.0034820400000000013
split_finegrained2_GU3BTM.pt,14,8,0.0034394800000000004
split_finegrained2_C9ZUKX.pt,14,4,0.01636242
split_finegrained2_D8I64A.pt,14,6,0.010603319999999998
split_finegrained2_PSRQS3.pt,7,54,0.006904360000000003
split_finegrained2_R7O8M4.pt,7,34,0.0034427799999999986
split_finegrained2_IZ4L3M.pt,7,56,0.004577939999999999
split_finegrained2_755UIE.pt,7,70,0.008247799999999996
split_finegrained2_GCVGFC.pt,7,32,0.0060464
split_finegrained2_0WXENA.pt,7,42,0.004047000000000002
split_finegrained2_ZD0IYO.pt,7,50,0.006329579999999999
split_finegrained2_6EL0HJ.pt,7,54,0.003520080000000001
split_finegrained2_RS4XNN.pt,7,58,0.00349024
split_finegrained2_B1Z9TF.pt,7,66,0.003429080000000001
split_finegrained2_VCPU3R.pt,7,58,0.00514092
split_finegrained2_J3ZRYM.pt,7,52,0.0033952600000000015
split_finegrained2_IVE5WK.pt,7,68,0.007215579999999999
split_finegrained2_VG5WIK.pt,7,36,0.00459368
split_finegrained2_CG7NKR.pt,7,50,0.00343504
split_finegrained2_KF93LJ.pt,7,38,0.0034836199999999993
split_finegrained2_WY6DVR.pt,7,60,0.013643500000000006
split_finegrained2_JOZO2W.pt,7,34,0.003429800000000001
split_finegrained2_RLBRI2.pt,7,48,0.003417759999999998
split_finegrained2_HHA8U2.pt,7,64,0.00532388
split_finegrained2_9ICXMP.pt,3,24,0.012691400000000004
split_finegrained2_S3GXC7.pt,3,22,0.010719760000000007
split_finegrained2_HJ1SUQ.pt,3,42,0.0034528600000000003
split_finegrained2_WNOYI1.pt,3,38,0.00604046
split_finegrained2_D5O1P8.pt,3,22,0.0041294800000000005
split_finegrained2_9AYR9O.pt,3,36,0.0033877400000000006
split_finegrained2_A0UOWX.pt,3,34,0.017157719999999998
split_finegrained2_9KNQ98.pt,3,34,0.007785960000000001
split_finegrained2_BJWJVK.pt,3,36,0.010489240000000004
split_finegrained2_FGNE9P.pt,3,20,0.011337840000000002
split_finegrained2_F3SY0Z.pt,3,42,0.005573420000000001
split_finegrained2_MUPV3J.pt,3,32,0.007488159999999997
split_finegrained2_OZCN8D.pt,3,40,0.0041483200000000005
split_finegrained2_PCKG57.pt,3,26,0.008316600000000002
split_finegrained2_VYNI6S.pt,3,38,0.006045619999999999
split_finegrained2_BWL0LL.pt,3,28,0.005571539999999999
split_finegrained2_RNIE8J.pt,3,28,0.011171179999999996
split_finegrained2_HKAGPT.pt,3,30,0.003426500000000001
split_finegrained2_JB6F8S.pt,3,30,0.006530080000000002
split_finegrained2_HP0IKS.pt,3,44,0.0034167799999999995
split_finegrained2_K0A13X.pt,7,62,0.008074179999999999
split_finegrained2_CDTT1D.pt,7,92,0.014985720000000001
split_finegrained2_PFADHV.pt,7,54,0.005344199999999999
split_finegrained2_H6YVOH.pt,7,58,0.003672560000000001
split_finegrained2_6NB9AO.pt,7,56,0.00349932
split_finegrained2_J0AYT2.pt,7,48,0.00892784
split_finegrained2_87Z74X.pt,7,58,0.0034433199999999984
split_finegrained2_WK2YU1.pt,7,96,0.0034972400000000004
split_finegrained2_5P362C.pt,7,78,0.007149260000000002
split_finegrained2_YC1RKD.pt,7,68,0.0058613400000000005
split_finegrained2_9NN6IY.pt,7,66,0.011082639999999994
split_finegrained2_82VE5L.pt,7,70,0.0051900800000000006
split_finegrained2_5XTAMK.pt,7,42,0.007696620000000002
split_finegrained2_HSQPFM.pt,7,72,0.009579799999999998
split_finegrained2_95H67J.pt,7,46,0.00826942
split_finegrained2_GALC0Q.pt,7,76,0.01015044
split_finegrained2_JSOBZ1.pt,7,42,0.00515422
split_finegrained2_OCAD77.pt,7,82,0.015481600000000002
split_finegrained2_V5MKC7.pt,7,70,0.0035528000000000005
split_finegrained2_1IDBKN.pt,7,56,0.0043906399999999995
split_finegrained2_FFEC4Y.pt,7,140,0.01197022
split_finegrained2_19SZR6.pt,7,84,0.0034787399999999993
split_finegrained2_1HHOX4.pt,7,180,0.013449500000000005
split_finegrained2_SA54WM.pt,7,182,0.006212200000000001
split_finegrained2_6C7IH6.pt,7,78,0.008610160000000002
split_finegrained2_TE9MSO.pt,7,146,0.004507239999999999
split_finegrained2_4QUQBY.pt,7,126,0.003489279999999999
split_finegrained2_086H82.pt,7,154,0.0034864599999999994
split_finegrained2_A9PN51.pt,7,112,0.013520520000000005
split_finegrained2_81ZES7.pt,7,138,0.0034084799999999998
split_finegrained2_X63BE5.pt,7,172,0.0037445200000000007
split_finegrained2_YU643Z.pt,7,176,0.0034290399999999995
split_finegrained2_O5RLUJ.pt,7,84,0.00480302
split_finegrained2_3KYQ0K.pt,7,136,0.0035363999999999994
split_finegrained2_XQUPM6.pt,7,180,0.0034278399999999997
split_finegrained2_I4PBBH.pt,7,160,0.00402842
split_finegrained2_RL8EUS.pt,7,142,0.0034215
split_finegrained2_CC097M.pt,7,82,0.00346992
split_finegrained2_JUYCDM.pt,7,100,0.003404579999999999
split_finegrained2_YZMM49.pt,7,114,0.008234720000000004
split_finegrained2_Z2XSGD.pt,7,124,0.0038880399999999993
split_finegrained2_GQO5HQ.pt,7,210,0.00341342
split_finegrained2_KJITQB.pt,7,128,0.004763380000000001
split_finegrained2_AXQHCW.pt,7,240,0.003434179999999999
split_finegrained2_I0P1JY.pt,7,138,0.0034965800000000004
split_finegrained2_XIKTL6.pt,7,208,0.003902179999999999
split_finegrained2_CTYSB2.pt,7,224,0.012912920000000003
split_finegrained2_EFKQJX.pt,7,134,0.00348572
split_finegrained2_A58RE2.pt,7,220,0.003440439999999999
split_finegrained2_V6IIBD.pt,7,238,0.0034966199999999976
split_finegrained2_OPR5CV.pt,7,264,0.0034674
split_finegrained2_A2AXLE.pt,7,146,0.007462439999999999
split_finegrained2_3C610G.pt,7,160,0.003427939999999999
split_finegrained2_X3JUPL.pt,7,252,0.003442
split_finegrained2_TI6A4P.pt,7,278,0.0034270199999999994
split_finegrained2_P72ZTF.pt,7,120,0.003417659999999999
split_finegrained2_7CCQ6X.pt,7,124,0.0034233199999999992
split_finegrained2_I122BN.pt,7,268,0.0034509399999999983
split_finegrained2_XLMY4I.pt,7,130,0.0034135799999999994
split_finegrained2_HETPEM.pt,7,222,0.0033705999999999988
split_finegrained2_QC2AMG.pt,14,30,0.0048947
split_finegrained2_LORS23.pt,14,20,0.006102880000000001
split_finegrained2_3R1986.pt,14,48,0.006630959999999999
split_finegrained2_BM65FX.pt,14,44,0.008894820000000001
split_finegrained2_JA5Y7M.pt,14,26,0.00338544
split_finegrained2_XPXP6T.pt,14,34,0.0042645999999999995
split_finegrained2_ZM78NN.pt,14,34,0.006445380000000001
split_finegrained2_O75FPQ.pt,14,36,0.00664234
split_finegrained2_RE01N3.pt,14,46,0.00648862
split_finegrained2_U1U3BW.pt,14,30,0.003983980000000001
split_finegrained2_I4EE6B.pt,14,42,0.0034250799999999996
split_finegrained2_NQGEM5.pt,14,46,0.012024719999999997
split_finegrained2_TNWA9K.pt,14,38,0.004576660000000001
split_finegrained2_9G7A2H.pt,14,32,0.004909180000000002
split_finegrained2_NY54DA.pt,14,42,0.017421
split_finegrained2_W7VQHJ.pt,14,28,0.011670139999999996
split_finegrained2_G327TX.pt,14,22,0.008408039999999999
split_finegrained2_EKESJC.pt,14,24,0.007346439999999998
split_finegrained2_OCX9JP.pt,14,40,0.0034577200000000014
split_finegrained2_BCV01E.pt,14,38,0.008707399999999997
split_finegrained2_4F7JXC.pt,7,38,0.00682244
split_finegrained2_6O5IAH.pt,7,54,0.014664820000000002
split_finegrained2_Z0W3FJ.pt,7,38,0.0034368400000000018
split_finegrained2_BNXIW8.pt,7,60,0.005117320000000002
split_finegrained2_R02RML.pt,7,48,0.0034776599999999996
split_finegrained2_5B257E.pt,7,50,0.0034638000000000013
split_finegrained2_GBWZ8Q.pt,7,48,0.00341684
split_finegrained2_THXPSK.pt,7,44,0.00457154
split_finegrained2_EHHF8V.pt,7,30,0.0088565
split_finegrained2_IH53HH.pt,7,28,0.006570660000000001
split_finegrained2_GNZFMT.pt,7,42,0.008702739999999997
split_finegrained2_9WQRSO.pt,7,40,0.00917022
split_finegrained2_MOUPSU.pt,7,56,0.011824699999999997
split_finegrained2_9QFRS6.pt,7,34,0.003512159999999999
split_finegrained2_Y9K65A.pt,7,34,0.0034406
split_finegrained2_PNR0YR.pt,7,46,0.0034838599999999996
split_finegrained2_YG666R.pt,7,52,0.003433540000000001
split_finegrained2_O3QVVF.pt,7,26,0.0034475400000000007
split_finegrained2_TSKZ51.pt,7,54,0.010836060000000002
split_finegrained2_SZRGRE.pt,7,36,0.009784919999999999
split_finegrained2_G5E88P.pt,3,24,0.00522232
split_finegrained2_885II0.pt,3,38,0.009687900000000001
split_finegrained2_K96M07.pt,3,30,0.0034307799999999987
split_finegrained2_50Q0MD.pt,3,40,0.0034668199999999994
split_finegrained2_FDD24T.pt,3,26,0.005710779999999999
split_finegrained2_8MM7QF.pt,3,42,0.0034739600000000008
split_finegrained2_7CE5W3.pt,3,34,0.00343946
split_finegrained2_63ZP0J.pt,3,28,0.007139920000000002
split_finegrained2_TMXJP9.pt,3,32,0.004265980000000001
split_finegrained2_1OH8Y8.pt,3,22,0.003432379999999999
split_finegrained2_PJR5D9.pt,3,20,0.0034030999999999996
split_finegrained2_W4WIBH.pt,3,20,0.004658739999999999
split_finegrained2_IMELOD.pt,3,42,0.012070599999999996
split_finegrained2_46NEGB.pt,3,26,0.005688280000000002
split_finegrained2_N2OQ4M.pt,3,38,0.013415599999999998
split_finegrained2_81S2CH.pt,3,32,0.010824960000000003
split_finegrained2_LZQFAU.pt,3,18,0.008760780000000001
split_finegrained2_5VHE0D.pt,3,28,0.010625279999999999
split_finegrained2_KIG8WB.pt,3,22,0.013007900000000003
split_finegrained2_V5PSNP.pt,3,36,0.003475959999999999
split_finegrained2_EXNKBU.pt,14,52,0.0034214799999999993
split_finegrained2_OP2YZT.pt,14,58,0.01150628
split_finegrained2_186HJ6.pt,14,64,0.010065700000000004
split_finegrained2_749YWA.pt,14,32,0.007109799999999999
split_finegrained2_8CVLS8.pt,14,52,0.003386360000000001
split_finegrained2_G9BRSH.pt,14,32,0.0034565999999999998
split_finegrained2_9ZV7SD.pt,14,54,0.003396479999999999
split_finegrained2_0D0Q52.pt,14,44,0.010903619999999998
split_finegrained2_DZ37WN.pt,14,56,0.007161599999999997
split_finegrained2_KQJI0H.pt,14,48,0.005510619999999999
split_finegrained2_EEP3LE.pt,14,38,0.003511040000000001
split_finegrained2_O2EGBU.pt,14,42,0.007727919999999999
split_finegrained2_IOB5TJ.pt,14,36,0.00421292
split_finegrained2_I7JY2H.pt,14,62,0.005570479999999999
split_finegrained2_XYIPHP.pt,14,56,0.0056435800000000005
split_finegrained2_JG3MI0.pt,14,64,0.0034162000000000003
split_finegrained2_LJ9Q9L.pt,14,50,0.0034191
split_finegrained2_B1LYOS.pt,14,66,0.012648820000000003
split_finegrained2_UGEHLS.pt,14,72,0.008819860000000006
split_finegrained2_DVKJAL.pt,14,58,0.005376220000000002
split_finegrained2_6GLZ42.pt,3,36,0.007601400000000001
split_finegrained2_B6O2QE.pt,3,64,0.007456220000000001
split_finegrained2_2KCUJ1.pt,3,76,0.008287560000000001
split_finegrained2_8OWJ9G.pt,3,40,0.015659959999999997
split_finegrained2_8P71TF.pt,3,68,0.0034243799999999994
split_finegrained2_NMMP87.pt,3,62,0.007751459999999998
split_finegrained2_UNPVK8.pt,3,40,0.007348440000000001
split_finegrained2_7149SW.pt,3,68,0.00344064
split_finegrained2_7V48GZ.pt,3,74,0.0034356599999999992
split_finegrained2_0MTK19.pt,3,64,0.005094100000000001
split_finegrained2_PZATBR.pt,3,56,0.006375819999999999
split_finegrained2_STEWP9.pt,3,44,0.0034238599999999995
split_finegrained2_N3RZCU.pt,3,54,0.013167259999999998
split_finegrained2_9SNEP7.pt,3,46,0.00770972
split_finegrained2_TBYTVA.pt,3,56,0.00893874
split_finegrained2_ZVLHUR.pt,3,84,0.01150818
split_finegrained2_YOFEAW.pt,3,42,0.013182820000000007
split_finegrained2_N095AZ.pt,3,70,0.010642100000000002
split_finegrained2_CQ4Q10.pt,3,86,0.013498019999999998
split_finegrained2_F8BP5Q.pt,3,60,0.015106039999999994
split_finegrained2_7X4BUX.pt,3,40,0.0034040199999999994
split_finegrained2_8K45LQ.pt,3,36,0.012868820000000005
split_finegrained2_ERTMC7.pt,3,38,0.003415739999999999
split_finegrained2_NFS0K0.pt,3,20,0.008646120000000002
split_finegrained2_KDKQJ2.pt,3,26,0.00347188
split_finegrained2_EPT6M7.pt,3,32,0.004437259999999999
split_finegrained2_K6LD6P.pt,3,34,0.006815040000000001
split_finegrained2_MAJYY0.pt,3,42,0.005527240000000001
split_finegrained2_LUDAC6.pt,3,22,0.007929339999999998
split_finegrained2_ZL2YOF.pt,3,44,0.00369124
split_finegrained2_M0OX9N.pt,3,44,0.012078539999999994
split_finegrained2_KJP5F9.pt,3,32,0.005957280000000002
split_finegrained2_4TS6UG.pt,3,28,0.008000359999999995
split_finegrained2_D6OUJ5.pt,3,38,0.00677362
split_finegrained2_5RXYKL.pt,3,24,0.004227079999999999
split_finegrained2_VEHEC8.pt,3,42,0.00345794
split_finegrained2_V91SZ6.pt,3,26,0.014939720000000004
split_finegrained2_V661XR.pt,3,36,0.0034848799999999984
split_finegrained2_W2M8YC.pt,3,28,0.00526244
split_finegrained2_8THBNU.pt,3,30,0.005580900000000001
split_finegrained2_ZQCIKT.pt,7,66,0.0034646400000000006
split_finegrained2_0OZBZ6.pt,7,52,0.00857158
split_finegrained2_7OYJSN.pt,7,64,0.003427119999999999
split_finegrained2_LYHPAE.pt,7,46,0.0034288799999999996
split_finegrained2_1CXU24.pt,7,54,0.00357126
split_finegrained2_FII6KH.pt,7,38,0.00338716
split_finegrained2_CH1MXN.pt,7,46,0.009102220000000001
split_finegrained2_JNWNN1.pt,7,34,0.009438640000000002
split_finegrained2_UM1P9E.pt,7,48,0.008273520000000001
split_finegrained2_3EGSFK.pt,7,34,0.010263020000000003
split_finegrained2_L829PR.pt,7,56,0.0064098600000000025
split_finegrained2_SVU0VJ.pt,7,36,0.0049254
split_finegrained2_PLHRMB.pt,7,62,0.00342912
split_finegrained2_VAQTGS.pt,7,32,0.0063230399999999985
split_finegrained2_UKWZ38.pt,7,30,0.009169459999999999
split_finegrained2_7P2MQ6.pt,7,50,0.010019000000000002
split_finegrained2_ENZOAK.pt,7,62,0.006197759999999999
split_finegrained2_WZ5HBX.pt,7,44,0.0034624599999999992
split_finegrained2_3CMFDK.pt,7,58,0.010275199999999998
split_finegrained2_IJQHM8.pt,7,70,0.0034478600000000005
split_finegrained2_UMO9BM.pt,7,36,0.007881120000000002
split_finegrained2_2E6VW8.pt,7,76,0.008287279999999998
split_finegrained2_EOMASQ.pt,7,44,0.007945559999999999
split_finegrained2_8XHLON.pt,7,56,0.0034231400000000007
split_finegrained2_V1R0YB.pt,7,42,0.00346632
split_finegrained2_6MFPD5.pt,7,34,0.012938560000000005
split_finegrained2_TEFMVA.pt,7,54,0.00345544
split_finegrained2_QCCA7A.pt,7,40,0.0034427399999999993
split_finegrained2_9Y999H.pt,7,36,0.008479079999999998
split_finegrained2_USLRXC.pt,7,74,0.005561379999999997
split_finegrained2_1K309M.pt,7,52,0.008366440000000001
split_finegrained2_NMN9LY.pt,7,78,0.00346836
split_finegrained2_TX6TRG.pt,7,74,0.00837652
split_finegrained2_G6TQNJ.pt,7,60,0.0085756
split_finegrained2_F1A4RH.pt,7,72,0.00345804
split_finegrained2_DDGG00.pt,7,70,0.0034961399999999987
split_finegrained2_OOEU9S.pt,7,48,0.0038350400000000005
split_finegrained2_2PAWVJ.pt,7,56,0.00510602
split_finegrained2_ZFT6CT.pt,7,42,0.0045572
split_finegrained2_R11XIZ.pt,7,64,0.00346926
split_finegrained2_YYW70W.pt,7,198,0.0034632799999999996
split_finegrained2_41E3JY.pt,7,128,0.003526539999999999
split_finegrained2_HYWC70.pt,7,188,0.0034229400000000006
split_finegrained2_5U9M7I.pt,7,220,0.012188319999999996
split_finegrained2_CISBX1.pt,7,264,0.003563079999999999
split_finegrained2_VRPGXF.pt,7,126,0.004572319999999998
split_finegrained2_22S8ZJ.pt,7,228,0.013618239999999998
split_finegrained2_NT932J.pt,7,124,0.008016099999999996
split_finegrained2_393B1K.pt,7,256,0.00357068
split_finegrained2_17AER7.pt,7,168,0.00342808
split_finegrained2_MOALIE.pt,7,216,0.003417679999999999
split_finegrained2_XEF2OS.pt,7,186,0.014003719999999999
split_finegrained2_7R9ZQR.pt,7,134,0.004750159999999999
split_finegrained2_AUQHPN.pt,7,240,0.0034584400000000006
split_finegrained2_1IVYUW.pt,7,210,0.010706860000000002
split_finegrained2_JM2XDE.pt,7,196,0.0034301400000000004
split_finegrained2_AM63JA.pt,7,220,0.0034744800000000016
split_finegrained2_ZZFOI3.pt,7,174,0.0034546200000000003
split_finegrained2_6DLAOQ.pt,7,124,0.005569820000000002
split_finegrained2_ZD1GF2.pt,7,250,0.003400739999999998
split_finegrained2_KEY38B.pt,14,86,0.0034218
split_finegrained2_IKTK3E.pt,14,58,0.003422880000000001
split_finegrained2_G3YPF5.pt,14,72,0.006251819999999999
split_finegrained2_8TQW12.pt,14,56,0.009692599999999997
split_finegrained2_UT0CFQ.pt,14,60,0.0035340599999999995
split_finegrained2_H8UKAB.pt,14,72,0.00340248
split_finegrained2_04EJ6I.pt,14,82,0.0034786800000000005
split_finegrained2_RDUEAO.pt,14,66,0.0034664600000000006
split_finegrained2_UBB20Y.pt,14,46,0.006887540000000001
split_finegrained2_7FOMLF.pt,14,78,0.0035148799999999993
split_finegrained2_0K7APS.pt,14,54,0.005506359999999998
split_finegrained2_K3FSWG.pt,14,40,0.012387700000000001
split_finegrained2_F7DETJ.pt,14,42,0.003503099999999999
split_finegrained2_L168XS.pt,14,76,0.00617704
split_finegrained2_E5R05R.pt,14,44,0.0034736199999999993
split_finegrained2_HK84FA.pt,14,74,0.01148208
split_finegrained2_U4JESD.pt,14,64,0.00343142
split_finegrained2_CG0V3D.pt,14,78,0.003581500000000001
split_finegrained2_U75XJJ.pt,14,42,0.006321340000000003
split_finegrained2_CC167J.pt,14,52,0.0034196200000000004
split_finegrained2_51C1WM.pt,14,40,0.00342414
split_finegrained2_CAO752.pt,14,74,0.0034429599999999993
split_finegrained2_R2CVIF.pt,14,48,0.003507379999999999
split_finegrained2_DA58Z6.pt,14,34,0.005527300000000001
split_finegrained2_YQAJR3.pt,14,66,0.014194019999999998
split_finegrained2_N77M3J.pt,14,56,0.0034833999999999998
split_finegrained2_QLP9V1.pt,14,58,0.0034852199999999994
split_finegrained2_1D0EOK.pt,14,52,0.0034754599999999997
split_finegrained2_LZHKSO.pt,14,36,0.0034235600000000004
split_finegrained2_OLIIGY.pt,14,40,0.0035204399999999997
split_finegrained2_ZAJHTR.pt,14,78,0.0034581399999999997
split_finegrained2_C4UBM0.pt,14,68,0.006773
split_finegrained2_XLBBQ8.pt,14,72,0.010649659999999998
split_finegrained2_6CQPH6.pt,14,52,0.01045528
split_finegrained2_J301CR.pt,14,44,0.010513319999999998
split_finegrained2_NWTBGX.pt,14,42,0.0070284399999999995
split_finegrained2_NSSVLN.pt,14,76,0.0034192999999999997
split_finegrained2_FQ8QIS.pt,14,66,0.004620699999999999
split_finegrained2_II6RYE.pt,14,48,0.00439304
split_finegrained2_QHVSFI.pt,14,60,0.003428639999999999
split_finegrained2_3JFH9R.pt,14,74,0.003396380000000001
split_finegrained2_LJ6OOX.pt,14,52,0.00436978
split_finegrained2_Y8FXKE.pt,14,56,0.0034524600000000005
split_finegrained2_1Y7GPJ.pt,14,40,0.003434899999999999
split_finegrained2_6WP70K.pt,14,64,0.0034257599999999995
split_finegrained2_7YXPL5.pt,14,48,0.0034141599999999994
split_finegrained2_E9MEJY.pt,14,72,0.0034626400000000003
split_finegrained2_A7WT8V.pt,14,80,0.0035415399999999997
split_finegrained2_258IYB.pt,14,58,0.008828080000000006
split_finegrained2_VRKKA2.pt,14,74,0.0034498800000000007
split_finegrained2_4BKEIL.pt,14,40,0.0038317000000000017
split_finegrained2_HOT59D.pt,14,68,0.003473559999999999
split_finegrained2_B3019J.pt,14,46,0.0054300999999999985
split_finegrained2_UFHU7V.pt,14,80,0.006750740000000001
split_finegrained2_EW3VH8.pt,14,48,0.0034446799999999994
split_finegrained2_R2GMTZ.pt,14,56,0.0034155000000000006
split_finegrained2_U60UPP.pt,14,66,0.003423799999999999
split_finegrained2_LDYPBC.pt,14,54,0.0034390400000000004
split_finegrained2_F5314A.pt,14,68,0.00348662
split_finegrained2_8HVMIQ.pt,14,82,0.00829682
split_finegrained2_SX4HOU.pt,14,180,0.00347876
split_finegrained2_BG6H57.pt,14,168,0.0034646
split_finegrained2_EIWR7E.pt,14,146,0.0035086000000000006
split_finegrained2_D9I3BF.pt,14,132,0.0034189000000000003
split_finegrained2_FJDC2Z.pt,14,144,0.0034283400000000006
split_finegrained2_FQOQLS.pt,14,86,0.0034670400000000002
split_finegrained2_1VGFS5.pt,14,176,0.003424459999999999
split_finegrained2_HNRPTC.pt,14,112,0.0034752999999999993
split_finegrained2_1RZAY6.pt,14,88,0.00343854
split_finegrained2_17QYQO.pt,14,80,0.0035586199999999998
split_finegrained2_G8B4KN.pt,14,178,0.003453500000000001
split_finegrained2_7LP4QW.pt,14,116,0.00346856
split_finegrained2_CWQPZB.pt,14,156,0.004774
split_finegrained2_LFET3R.pt,14,138,0.00341098
split_finegrained2_HKAJZE.pt,14,84,0.007333800000000001
split_finegrained2_DYRH0P.pt,14,100,0.00340386
split_finegrained2_LUJAW6.pt,14,112,0.003419120000000001
split_finegrained2_963A9D.pt,14,182,0.0034546999999999994
split_finegrained2_RI8HSX.pt,14,172,0.0034715399999999995
split_finegrained2_R9NCFP.pt,14,138,0.00343706
split_finegrained2_MOG5JL.pt,7,70,0.0034198199999999988
split_finegrained2_FFKREM.pt,7,110,0.004022939999999999
split_finegrained2_PY5TPG.pt,7,86,0.0038788
split_finegrained2_FHQ6TV.pt,7,138,0.0034226599999999997
split_finegrained2_9XJ2HU.pt,7,140,0.0034716200000000008
split_finegrained2_BH85ZD.pt,7,122,0.010739839999999999
split_finegrained2_1SWQMG.pt,7,146,0.0034463400000000004
split_finegrained2_6T66X0.pt,7,130,0.0034388599999999993
split_finegrained2_WF6CFN.pt,7,72,0.003411480000000001
split_finegrained2_7VP27R.pt,7,98,0.008219960000000002
split_finegrained2_I3PMW3.pt,7,160,0.014587840000000001
split_finegrained2_FJFHAW.pt,7,118,0.006791740000000001
split_finegrained2_R7A8I8.pt,7,106,0.0034540599999999992
split_finegrained2_5W2N3Y.pt,7,158,0.0034332400000000006
split_finegrained2_712C3D.pt,7,150,0.01110254
split_finegrained2_664YIF.pt,7,156,0.004917959999999999
split_finegrained2_90BQRO.pt,7,88,0.0038350999999999997
split_finegrained2_TLSM0J.pt,7,144,0.0036408200000000003
split_finegrained2_XVRR6S.pt,7,142,0.005806280000000001
split_finegrained2_WFAHEY.pt,7,144,0.0034780999999999996
split_finegrained2_NFBBE8.pt,14,54,0.003506180000000001
split_finegrained2_3AOZII.pt,14,36,0.0061985200000000025
split_finegrained2_M0S5I1.pt,14,32,0.003842420000000001
split_finegrained2_SJ24Y7.pt,14,60,0.0034224599999999996
split_finegrained2_RYLX31.pt,14,38,0.0034392600000000013
split_finegrained2_KLG9MF.pt,14,44,0.01008222
split_finegrained2_GFMOYJ.pt,14,36,0.004655300000000001
split_finegrained2_TMMLV8.pt,14,32,0.0034439799999999993
split_finegrained2_ABX93Q.pt,14,50,0.005173959999999998
split_finegrained2_6UDO0U.pt,14,40,0.00523038
split_finegrained2_IRGZK0.pt,14,58,0.00937622
split_finegrained2_JR15PV.pt,14,46,0.003453819999999999
split_finegrained2_ACCGNK.pt,14,56,0.0034130999999999996
split_finegrained2_JRH46L.pt,14,64,0.003408379999999999
split_finegrained2_PH1724.pt,14,62,0.0034391400000000016
split_finegrained2_YRKKTF.pt,14,58,0.005278139999999998
split_finegrained2_MT3B0U.pt,14,42,0.0034680599999999994
split_finegrained2_BMU9OL.pt,14,30,0.014115260000000001
split_finegrained2_SRT0HG.pt,14,44,0.0034091000000000004
split_finegrained2_G23CHF.pt,14,62,0.0034481600000000018
split_finegrained2_J6S2CH.pt,14,46,0.013530780000000006
split_finegrained2_ZUWYVE.pt,14,42,0.0035558399999999993
split_finegrained2_9U1A1O.pt,14,54,0.003448259999999999
split_finegrained2_2OT96I.pt,14,26,0.00343046
split_finegrained2_U17BLG.pt,14,30,0.008290240000000003
split_finegrained2_BGUVQV.pt,14,26,0.004701979999999999
split_finegrained2_I58R2I.pt,14,46,0.0034253599999999997
split_finegrained2_VDSG4A.pt,14,50,0.0034642600000000007
split_finegrained2_ZA7NI7.pt,14,34,0.0034399800000000005
split_finegrained2_BFI2IO.pt,14,44,0.015916040000000003
split_finegrained2_I0OV0B.pt,14,28,0.008095379999999998
split_finegrained2_UGSHB8.pt,14,54,0.0034429000000000005
split_finegrained2_NUAH4H.pt,14,48,0.003474060000000001
split_finegrained2_2TPHOZ.pt,14,52,0.0034807000000000006
split_finegrained2_9JK9DJ.pt,14,38,0.0039762
split_finegrained2_KZIHF8.pt,14,44,0.0034441199999999993
split_finegrained2_FLG5AQ.pt,14,24,0.00346842
split_finegrained2_EU7UZA.pt,14,32,0.0034347799999999984
split_finegrained2_4CKGSR.pt,14,32,0.003427140000000001
split_finegrained2_4QNNZG.pt,14,42,0.005708119999999999
split_finegrained2_LW445H.pt,14,118,0.0034229000000000013
split_finegrained2_03AV68.pt,14,98,0.008880959999999999
split_finegrained2_0MQ5ZJ.pt,14,90,0.0034196599999999997
split_finegrained2_QPQQ68.pt,14,60,0.01361136
split_finegrained2_I1OBTI.pt,14,62,0.011588000000000001
split_finegrained2_OJ54HX.pt,14,58,0.009596
split_finegrained2_T8H7BT.pt,14,56,0.00343478
split_finegrained2_7DVFCR.pt,14,104,0.003429019999999999
split_finegrained2_TYZOLA.pt,14,68,0.010220320000000003
split_finegrained2_M68P4X.pt,14,122,0.0033905199999999993
split_finegrained2_1Y3UBN.pt,14,82,0.003418120000000001
split_finegrained2_UQVR2G.pt,14,114,0.0034532800000000004
split_finegrained2_28JAUL.pt,14,92,0.007709459999999997
split_finegrained2_YBJFSG.pt,14,116,0.0034136200000000005
split_finegrained2_VTM7K4.pt,14,110,0.003434880000000001
split_finegrained2_8SLTNM.pt,14,84,0.0035393200000000007
split_finegrained2_TN0VFV.pt,14,86,0.003450879999999999
split_finegrained2_NGJKZL.pt,14,120,0.0035982800000000006
split_finegrained2_LSDADM.pt,14,100,0.0034844799999999994
split_finegrained2_BZJSRK.pt,14,102,0.0035612399999999994
split_finegrained2_WF2CM1.pt,14,74,0.012240560000000001
split_finegrained2_IK2KKU.pt,14,90,0.0034462799999999995
split_finegrained2_5BQUQH.pt,14,60,0.0034771999999999984
split_finegrained2_AVBGHK.pt,14,60,0.009535759999999997
split_finegrained2_VP9CPJ.pt,14,48,0.003511559999999999
split_finegrained2_QBXDJH.pt,14,46,0.0035456199999999998
split_finegrained2_HWFG0O.pt,14,62,0.003460399999999999
split_finegrained2_FQWJNE.pt,14,96,0.0060488999999999985
split_finegrained2_IF1MAB.pt,14,68,0.003452179999999999
split_finegrained2_ECWGKU.pt,14,84,0.012335100000000005
split_finegrained2_Z5YIKX.pt,14,72,0.00351426
split_finegrained2_88B0PI.pt,14,74,0.011262360000000003
split_finegrained2_XOAROW.pt,14,88,0.0034546999999999994
split_finegrained2_08X35V.pt,14,62,0.003462100000000002
split_finegrained2_KQQ34A.pt,14,56,0.006657779999999999
split_finegrained2_FBO83F.pt,14,92,0.0035952799999999997
split_finegrained2_PNQAKO.pt,14,70,0.00832056
split_finegrained2_OTADOP.pt,14,54,0.003490380000000001
split_finegrained2_R87MBF.pt,14,46,0.005286700000000002
split_finegrained2_V11JOM.pt,14,90,0.00342962
split_finegrained2_G1PNU0.pt,7,12,0.0036785200000000002
split_finegrained2_7ZV0PJ.pt,7,8,0.0034616200000000008
split_finegrained2_2LKAAX.pt,7,10,0.0034304400000000003
split_finegrained2_1RAA82.pt,7,8,0.0034340600000000005
split_finegrained2_B8D9TA.pt,7,6,0.0035351199999999992
split_finegrained2_B5MML5.pt,7,6,0.012929599999999992
split_finegrained2_CLSDN7.pt,7,10,0.009290520000000002
split_finegrained2_3K8CBX.pt,14,20,0.00667284
split_finegrained2_UAP369.pt,14,38,0.00351024
split_finegrained2_UYU6XU.pt,14,46,0.014314920000000007
split_finegrained2_MBOQB3.pt,14,44,0.0034868399999999997
split_finegrained2_2MJDB5.pt,14,44,0.0034662
split_finegrained2_JJ8EXX.pt,14,38,0.00367106
split_finegrained2_C9QKAK.pt,14,36,0.00543774
split_finegrained2_PZBU52.pt,14,24,0.0038737600000000004
split_finegrained2_DA2GNJ.pt,14,40,0.003468780000000001
split_finegrained2_J05OW2.pt,14,30,0.00500574
split_finegrained2_0X19MB.pt,14,32,0.0034813799999999988
split_finegrained2_BG5X49.pt,14,42,0.00433916
split_finegrained2_UQX7ZS.pt,14,26,0.0034471799999999998
split_finegrained2_MP5YDC.pt,14,48,0.014293
split_finegrained2_J3GYUI.pt,14,26,0.01052036
split_finegrained2_3PIKWQ.pt,14,34,0.0035006199999999986
split_finegrained2_LHMI2P.pt,14,46,0.00350558
split_finegrained2_MSI02R.pt,14,24,0.014652479999999999
split_finegrained2_UI39A9.pt,14,22,0.00690084
split_finegrained2_USPKFS.pt,14,28,0.0034331600000000006
split_finegrained2_PLSLKL.pt,7,98,0.0034343400000000006
split_finegrained2_QKESLC.pt,7,108,0.0077663800000000015
split_finegrained2_RM2LWA.pt,7,74,0.004745599999999999
split_finegrained2_X0V3JG.pt,7,62,0.00609206
split_finegrained2_W0JUO6.pt,7,70,0.00631406
split_finegrained2_LHAQM4.pt,7,96,0.00672302
split_finegrained2_MOH0TH.pt,7,104,0.003474519999999999
split_finegrained2_9HT3YG.pt,7,142,0.0065551599999999965
split_finegrained2_TQGCCX.pt,7,128,0.0034631199999999997
split_finegrained2_OBNRCR.pt,7,84,0.0034759800000000013
split_finegrained2_I9I4L3.pt,7,112,0.003501480000000001
split_finegrained2_CWLZ43.pt,7,78,0.0034265600000000004
split_finegrained2_8IJ76E.pt,7,132,0.003876179999999999
split_finegrained2_18AQ13.pt,7,96,0.015248939999999999
split_finegrained2_4MO7J8.pt,7,136,0.0052742799999999975
split_finegrained2_S2HRR9.pt,7,68,0.007109740000000002
split_finegrained2_TKBLAV.pt,7,86,0.0034925799999999986
split_finegrained2_JUHTOA.pt,7,64,0.011014279999999996
split_finegrained2_CZMRJP.pt,7,98,0.014407120000000002
split_finegrained2_7EL12L.pt,7,72,0.003824660000000001
split_finegrained2_SZSVC8.pt,7,82,0.003457720000000001
split_finegrained2_9FSG3Z.pt,7,126,0.0034493800000000015
split_finegrained2_R9EZXR.pt,7,70,0.0034664
split_finegrained2_BJD6C9.pt,7,104,0.0034304
split_finegrained2_DJ5QKH.pt,7,76,0.0034473000000000004
split_finegrained2_03Y8VB.pt,7,114,0.0034241199999999992
split_finegrained2_KRMNMF.pt,7,132,0.00594482
split_finegrained2_STRZT8.pt,7,96,0.006484800000000001
split_finegrained2_ESDBLX.pt,7,84,0.00409182
split_finegrained2_DN6UOG.pt,7,84,0.004184320000000002
split_finegrained2_GLGTMK.pt,7,86,0.011175060000000006
split_finegrained2_ZARJU7.pt,7,60,0.0034769800000000006
split_finegrained2_O7RD8P.pt,7,70,0.00353178
split_finegrained2_6SM4FG.pt,7,100,0.010814259999999997
split_finegrained2_PU2T9G.pt,7,112,0.008749119999999997
split_finegrained2_202JN5.pt,7,132,0.011604980000000003
split_finegrained2_VRRVIV.pt,7,68,0.0037262800000000002
split_finegrained2_P0D5AW.pt,7,118,0.008428479999999999
split_finegrained2_8T0ITB.pt,7,120,0.005145340000000001
split_finegrained2_M12LIU.pt,7,98,0.003477559999999999
split_finegrained2_FRDGGU.pt,14,138,0.0034972
split_finegrained2_6RN0C8.pt,14,156,0.003816219999999999
split_finegrained2_3GMCB9.pt,14,208,0.0035095199999999995
split_finegrained2_S7JWT9.pt,14,102,0.03234636000000001
split_finegrained2_Y21RBH.pt,14,180,0.00355716
split_finegrained2_RH2DRY.pt,14,210,0.0034552399999999996
split_finegrained2_FKXVZQ.pt,14,178,0.0034510800000000005
split_finegrained2_BL0KG6.pt,14,150,0.0034576000000000008
split_finegrained2_5X3ZFB.pt,14,150,0.00348036
split_finegrained2_BCRU48.pt,14,174,0.0034148400000000006
split_finegrained2_I0T5NR.pt,14,172,0.0034490000000000002
split_finegrained2_H3KQ39.pt,14,96,0.00342706
split_finegrained2_YN0VF9.pt,14,190,0.0034090999999999982
split_finegrained2_YC3INE.pt,14,188,0.0034556799999999987
split_finegrained2_6W6A8Q.pt,14,182,0.00342822
split_finegrained2_0KHLTF.pt,14,146,0.003425020000000001
split_finegrained2_70UWSP.pt,14,162,0.003451740000000001
split_finegrained2_PRUKDW.pt,14,104,0.0035379200000000004
split_finegrained2_F3Q2W9.pt,14,158,0.0034543799999999986
split_finegrained2_XVB9WG.pt,14,118,0.012015280000000007
split_finegrained2_18WSXC.pt,7,354,0.010103319999999997
split_finegrained2_UB32UB.pt,7,640,0.00343858
split_finegrained2_NUY84P.pt,7,570,0.00342394
split_finegrained2_IAX4LN.pt,7,336,0.010383279999999996
split_finegrained2_2RB1GH.pt,7,522,0.0034313399999999993
split_finegrained2_GUQYWL.pt,7,474,0.008664560000000002
split_finegrained2_EN1QHL.pt,7,498,0.0034326599999999997
split_finegrained2_SWF8YS.pt,7,290,0.01149378
split_finegrained2_VNTWO5.pt,7,626,0.005393799999999999
split_finegrained2_QO7UQ7.pt,7,280,0.01139554
split_finegrained2_M09XGX.pt,7,664,0.0034873599999999992
split_finegrained2_QGXS9O.pt,7,570,0.00344324
split_finegrained2_5S99BJ.pt,7,432,0.00344562
split_finegrained2_Q6SLI2.pt,7,512,0.0034345400000000002
split_finegrained2_6MFGBW.pt,7,512,0.003469460000000002
split_finegrained2_DY4IPD.pt,7,448,0.0036234599999999985
split_finegrained2_8CI6KN.pt,7,594,0.0034029799999999995
split_finegrained2_640X4V.pt,7,392,0.0036484
split_finegrained2_W6LG2X.pt,7,604,0.003481980000000001
split_finegrained2_T8LMWQ.pt,7,356,0.00344526
split_finegrained2_LPB2FP.pt,7,16,0.0035128000000000017
split_finegrained2_WUDAXJ.pt,7,14,0.008316279999999999
split_finegrained2_ZNS74L.pt,7,20,0.00344652
split_finegrained2_7YFZ8A.pt,7,22,0.01218374
split_finegrained2_KGRE5L.pt,7,12,0.0037400200000000006
split_finegrained2_U661X5.pt,7,24,0.011101440000000002
split_finegrained2_3BRST8.pt,7,26,0.01684120000000001
split_finegrained2_LQU6AU.pt,7,14,0.007235219999999999
split_finegrained2_S4L6B8.pt,7,18,0.00359608
split_finegrained2_7JS5L6.pt,7,24,0.0033981000000000007
split_finegrained2_83QI32.pt,7,18,0.011341280000000002
split_finegrained2_7LHFKY.pt,7,20,0.010781060000000002
split_finegrained2_SP8VMA.pt,7,22,0.006895260000000002
split_finegrained2_I8QHKQ.pt,7,16,0.008002500000000003
split_finegrained2_64OUBL.pt,7,26,0.010471499999999998
split_finegrained2_MR5OP6.pt,7,28,0.0034257400000000005
split_finegrained2_JPKXMV.pt,7,674,0.003401700000000001
split_finegrained2_YPL8YT.pt,7,438,0.012152599999999998
split_finegrained2_Q9HYNW.pt,7,428,0.003447939999999999
split_finegrained2_07P49W.pt,7,634,0.0034891200000000005
split_finegrained2_IRZOK3.pt,7,578,0.00345992
split_finegrained2_BPGAOA.pt,7,598,0.00613776
split_finegrained2_LCIFHX.pt,7,478,0.0034374800000000006
split_finegrained2_S4OFLY.pt,7,566,0.00346858
split_finegrained2_1AKSM2.pt,7,518,0.00341144
split_finegrained2_HE7U4D.pt,7,620,0.003434480000000001
split_finegrained2_QXIKEK.pt,7,796,0.0034803
split_finegrained2_LQ3W3D.pt,7,434,0.008848779999999999
split_finegrained2_G7CULI.pt,7,438,0.0033969000000000004
split_finegrained2_R0P6W2.pt,7,654,0.0035317999999999994
split_finegrained2_3EPW7D.pt,7,364,0.0033945
split_finegrained2_2KBD7J.pt,7,444,0.005751020000000001
split_finegrained2_UTCANU.pt,7,412,0.0034221800000000004
split_finegrained2_WVFVO4.pt,7,394,0.0034493399999999995
split_finegrained2_Y54YFR.pt,7,424,0.008288559999999999
split_finegrained2_E6I6Q1.pt,7,678,0.00345762
