model_path,HW,CIN,latency
hswish_prior_1V844P.pt,7,498,0.004813420000000001
hswish_prior_P6W39R.pt,14,219,0.00451154
hswish_prior_N69GCQ.pt,14,462,0.0045433999999999995
hswish_prior_QSFATJ.pt,14,113,0.00453548
hswish_prior_5RRWBI.pt,14,219,0.0045986
hswish_prior_GMBQOZ.pt,28,221,0.004593360000000001
hswish_prior_3MVI2I.pt,3,113,0.0045657399999999996
hswish_prior_NJ6TPN.pt,28,258,0.0046200600000000005
hswish_prior_OJEMJZ.pt,14,381,0.004513559999999999
hswish_prior_T17TBV.pt,7,22,0.004586759999999999
hswish_prior_K2AKMZ.pt,14,861,0.00463268
hswish_prior_G4FRDA.pt,56,319,0.004659840000000001
hswish_prior_47LLBA.pt,28,20,0.004579000000000001
hswish_prior_8HYR9S.pt,28,206,0.00473468
hswish_prior_W7QIKH.pt,28,128,0.0045527
hswish_prior_9Y8ZJ0.pt,7,133,0.004529360000000001
hswish_prior_D4HCFN.pt,7,826,0.004554719999999999
hswish_prior_C38R6D.pt,56,208,0.00463978
hswish_prior_VNBCEW.pt,14,180,0.004575740000000001
hswish_prior_OUYZR1.pt,7,674,0.0046168400000000005
hswish_prior_5MOXCG.pt,28,272,0.00464912
hswish_prior_IWL0OU.pt,28,39,0.00449616
hswish_prior_TGO9OL.pt,112,228,0.004596200000000001
hswish_prior_JI7G0R.pt,7,201,0.004559480000000001
hswish_prior_751988.pt,14,997,0.00469798
hswish_prior_3YJ36C.pt,14,146,0.004749140000000001
hswish_prior_4FTQKT.pt,14,211,0.004498039999999998
hswish_prior_A2KGEC.pt,56,74,0.00464336
hswish_prior_YHXR6N.pt,56,186,0.00512112
hswish_prior_QMGH5E.pt,28,51,0.0046023999999999995
hswish_prior_D15RDJ.pt,112,190,0.004577519999999999
hswish_prior_UV51MV.pt,56,225,0.004681240000000001
hswish_prior_SI0PNQ.pt,7,126,0.0045179
hswish_prior_W8CX8X.pt,28,57,0.004575299999999999
hswish_prior_18YM3Z.pt,3,527,0.00465246
hswish_prior_2OFV0X.pt,56,29,0.004525220000000002
hswish_prior_1J9KFI.pt,14,517,0.004492920000000001
hswish_prior_UCAGD9.pt,56,258,0.00460016
hswish_prior_63OWLU.pt,7,1285,0.00455584
hswish_prior_XR4TLB.pt,224,120,0.0046340999999999995
hswish_prior_BSBQSC.pt,28,198,0.0045801
hswish_prior_Z4PV0N.pt,28,581,0.0045603
hswish_prior_Z3007B.pt,28,11,0.00449954
hswish_prior_YUSCFM.pt,56,115,0.004586320000000001
hswish_prior_LVUU8M.pt,224,122,0.004585060000000003
hswish_prior_VZIRSD.pt,28,197,0.004548120000000001
hswish_prior_WM4HX7.pt,14,58,0.004524999999999999
hswish_prior_8AI7R6.pt,28,986,0.0046265199999999986
hswish_prior_JF01GP.pt,14,170,0.00452572
hswish_prior_W3SJ3L.pt,3,95,0.004515760000000001
hswish_prior_CB0LRY.pt,14,38,0.0046489999999999995
hswish_prior_U495S7.pt,1,506,0.0045804800000000005
hswish_prior_Q1UGKO.pt,14,596,0.0045496799999999995
hswish_prior_3IB1FH.pt,56,257,0.0046502
hswish_prior_9KJYJ7.pt,112,161,0.004563919999999999
hswish_prior_1HID4J.pt,28,248,0.0046375
hswish_prior_KSW0B0.pt,28,317,0.004591680000000002
hswish_prior_05UQKN.pt,14,159,0.004543820000000001
hswish_prior_JEN0FI.pt,112,434,0.00462762
hswish_prior_KNJ8YR.pt,14,192,0.004436240000000001
hswish_prior_8APWDK.pt,14,36,0.00465372
hswish_prior_0T5BU9.pt,14,164,0.0045479000000000006
hswish_prior_9CS221.pt,14,132,0.005008319999999999
hswish_prior_740W64.pt,112,1682,0.004536079999999999
hswish_prior_VP46R2.pt,28,427,0.0045604999999999995
hswish_prior_TZ23E6.pt,28,474,0.00458102
hswish_prior_ES56KM.pt,14,536,0.0045812399999999994
hswish_prior_1WCAQS.pt,7,79,0.00460078
hswish_prior_9516UB.pt,14,205,0.004561759999999999
hswish_prior_5RQZV9.pt,7,28,0.004513220000000001
hswish_prior_21D26Z.pt,7,35,0.004576320000000002
hswish_prior_KVRH6E.pt,28,235,0.0046332000000000005
hswish_prior_368SZ0.pt,112,120,0.004574279999999999
hswish_prior_8KQ2B1.pt,56,173,0.00484286
hswish_prior_QBSCQ7.pt,14,261,0.004616639999999998
hswish_prior_SQ6UBF.pt,14,223,0.00450272
hswish_prior_RXVT5P.pt,14,177,0.004590740000000001
hswish_prior_BH5G1K.pt,14,173,0.0045469399999999984
hswish_prior_TSA2X1.pt,3,9,0.00451964
hswish_prior_DTX9JV.pt,14,1063,0.00458044
hswish_prior_WCXNE8.pt,56,132,0.00448964
hswish_prior_T2ZT12.pt,112,690,0.004633060000000001
hswish_prior_H7DA5L.pt,3,182,0.004600899999999999
hswish_prior_PABR4P.pt,7,38,0.004528099999999999
hswish_prior_Y666AD.pt,7,216,0.00450876
hswish_prior_F9K4SJ.pt,56,1078,0.00456488
hswish_prior_TCQOW2.pt,7,160,0.00454874
hswish_prior_8TCS2L.pt,56,995,0.004612760000000001
hswish_prior_HLA2O5.pt,112,1716,0.00460682
hswish_prior_EF21GR.pt,56,2048,0.004723
hswish_prior_JR2YIG.pt,28,278,0.004666539999999999
hswish_prior_ZTJWEP.pt,1,131,0.004565640000000001
hswish_prior_YG3Z7B.pt,112,514,0.0045787399999999995
hswish_prior_VQWQQX.pt,7,57,0.004566280000000001
hswish_prior_V3IF21.pt,28,160,0.004576159999999999
hswish_prior_W8U2U8.pt,56,536,0.004613559999999999
hswish_prior_ND9Q6P.pt,7,131,0.004526880000000002
hswish_prior_BPJ8RB.pt,7,253,0.00465212
hswish_prior_VE4GAG.pt,14,51,0.00450406
hswish_prior_HCLJR0.pt,14,954,0.004582859999999999
hswish_prior_UKEFTF.pt,224,514,0.004550339999999999
hswish_prior_QI9CCU.pt,14,517,0.004564299999999999
hswish_prior_RFW3UF.pt,3,1552,0.00458652
hswish_prior_VFTO09.pt,56,47,0.00461626
hswish_prior_5L0FIZ.pt,7,415,0.004551519999999998
hswish_prior_X1HJF6.pt,28,442,0.004543040000000001
hswish_prior_UEOUKT.pt,56,990,0.004582739999999999
hswish_prior_G4E120.pt,28,93,0.004557700000000001
hswish_prior_Y9U60Y.pt,14,930,0.00467872
hswish_prior_7ANRYX.pt,112,163,0.00455496
hswish_prior_73VZ92.pt,28,118,0.004467360000000001
hswish_prior_Q4W28X.pt,28,31,0.0045566999999999995
hswish_prior_MZAQ5F.pt,14,10,0.004508719999999998
hswish_prior_O239OD.pt,112,277,0.00452736
hswish_prior_809IV1.pt,7,1008,0.0045378000000000016
hswish_prior_7A2DDX.pt,14,1052,0.0045764
hswish_prior_RU560L.pt,14,41,0.00446816
hswish_prior_JDNQRP.pt,28,137,0.0046387000000000025
hswish_prior_VTXXW2.pt,14,63,0.00452532
hswish_prior_97EEA6.pt,1,310,0.00450244
hswish_prior_BLWWTJ.pt,7,138,0.004503320000000001
hswish_prior_WJMUNN.pt,7,134,0.004548199999999999
hswish_prior_MC3EQL.pt,56,4,0.004530139999999999
hswish_prior_UAK75G.pt,14,174,0.004520879999999998
hswish_prior_91EJTT.pt,112,56,0.00466298
hswish_prior_BGR0AB.pt,112,125,0.00461468
hswish_prior_9IJJV9.pt,28,809,0.00478344
hswish_prior_HNGEM7.pt,28,520,0.004571440000000001
hswish_prior_GF91EL.pt,14,164,0.004540020000000001
hswish_prior_13Y76P.pt,14,191,0.0045261200000000015
hswish_prior_Y7SAUG.pt,14,201,0.00451026
hswish_prior_ZSSQ82.pt,224,505,0.0045585800000000004
hswish_prior_K9EBJG.pt,14,521,0.0045228199999999994
hswish_prior_EV0Y8Z.pt,14,270,0.004601479999999999
hswish_prior_X80F74.pt,14,116,0.0045324799999999985
hswish_prior_7D476O.pt,14,11,0.0045439600000000005
hswish_prior_ILTVSL.pt,7,1771,0.004589519999999999
hswish_prior_P5UL9H.pt,56,444,0.004551000000000001
hswish_prior_4I21BY.pt,14,224,0.004548879999999999
hswish_prior_JNYBZD.pt,56,115,0.004519940000000001
hswish_prior_9130QH.pt,112,492,0.004602119999999999
hswish_prior_IEP18E.pt,3,206,0.00451158
hswish_prior_0PMWSP.pt,7,23,0.004529340000000001
hswish_prior_HLXGZY.pt,28,56,0.00453818
hswish_prior_2KWI8N.pt,14,519,0.0045246999999999996
hswish_prior_HH5JE0.pt,112,114,0.004554200000000001
hswish_prior_H6V34U.pt,56,517,0.00458458
hswish_prior_1RGSWJ.pt,14,60,0.004537720000000001
hswish_prior_YJ8A7P.pt,56,141,0.004565659999999999
hswish_prior_WT8583.pt,14,618,0.0045853000000000005
hswish_prior_BSX2N7.pt,28,951,0.00460024
hswish_prior_YYHIOT.pt,7,111,0.0045366600000000005
hswish_prior_UYIZHK.pt,7,168,0.0046351
hswish_prior_O3CIFE.pt,224,198,0.004538539999999999
hswish_prior_UEHE4I.pt,7,1142,0.004538200000000001
hswish_prior_9W9P9U.pt,14,697,0.00456826
hswish_prior_VW5WP8.pt,56,47,0.00461542
hswish_prior_3BAQVX.pt,56,532,0.00459338
hswish_prior_MSOQD6.pt,112,118,0.0045035399999999995
hswish_prior_MRZEB8.pt,7,64,0.004576579999999999
hswish_prior_RTEJ0F.pt,28,481,0.004539820000000001
hswish_prior_MD8ILQ.pt,7,130,0.004540619999999999
hswish_prior_D3K5M8.pt,14,14,0.00457746
hswish_prior_9POFJM.pt,28,33,0.00457302
hswish_prior_QAITAI.pt,56,511,0.004556459999999999
hswish_prior_E2B1IP.pt,14,28,0.0045543599999999995
hswish_prior_3K28SV.pt,56,98,0.004697860000000001
hswish_prior_K8A44Q.pt,14,244,0.004715100000000001
hswish_prior_BUIE94.pt,28,160,0.00471322
hswish_prior_JZXOVJ.pt,7,46,0.004620080000000001
hswish_prior_BM06HN.pt,14,136,0.004584820000000001
hswish_prior_ER3ZM0.pt,112,190,0.00467984
hswish_prior_NGX2IJ.pt,28,494,0.0047630799999999985
hswish_prior_PNLLSN.pt,56,28,0.004632799999999999
hswish_prior_MA16RC.pt,14,306,0.00464132
hswish_prior_YXPHY0.pt,14,210,0.004537740000000001
hswish_prior_E1GLWS.pt,14,455,0.004514099999999998
hswish_prior_VY26YM.pt,112,540,0.004600260000000001
hswish_prior_NZCFQ0.pt,14,93,0.004589319999999999
hswish_prior_UMOZ8R.pt,112,1027,0.0045850199999999995
hswish_prior_ZWMXOK.pt,14,151,0.0045108399999999995
hswish_prior_KS79A2.pt,14,163,0.004552400000000001
hswish_prior_3UL2Q3.pt,28,829,0.004650260000000001
hswish_prior_W9RA2J.pt,14,1606,0.0045576800000000015
hswish_prior_U48TT5.pt,14,857,0.00459178
hswish_prior_8SLQA9.pt,56,185,0.00457814
hswish_prior_1NPV5A.pt,7,28,0.0045596000000000005
hswish_prior_JXP8ZF.pt,56,1392,0.00469814
hswish_prior_WX8VW5.pt,14,160,0.0049485
hswish_prior_WAT639.pt,28,217,0.0050437599999999996
hswish_prior_0S7Z0D.pt,56,209,0.004613799999999999
hswish_prior_3OFP1L.pt,112,477,0.004562880000000001
hswish_prior_NK2KRJ.pt,14,119,0.004532959999999999
hswish_prior_DUAT83.pt,7,81,0.004545179999999999
hswish_prior_ZUDJ20.pt,28,194,0.0045845799999999996
hswish_prior_KXCKC2.pt,112,241,0.00455588
hswish_prior_PRBZJ1.pt,14,460,0.0045114199999999995
hswish_prior_CQNO83.pt,56,10,0.004619839999999999
hswish_prior_7V9G0G.pt,7,194,0.004554659999999999
hswish_prior_YYOOZD.pt,14,8,0.004578399999999999
hswish_prior_KUIRVB.pt,28,1157,0.004589519999999999
hswish_prior_8JTCZ2.pt,28,844,0.00464022
hswish_prior_19WOZP.pt,28,32,0.00454372
hswish_prior_7S2RF1.pt,28,503,0.004582999999999999
hswish_prior_QUAACN.pt,14,824,0.004630240000000001
hswish_prior_4T489M.pt,224,143,0.00458776
hswish_prior_VUWGY9.pt,14,493,0.00455664
hswish_prior_XRTUZK.pt,7,147,0.004560700000000001
hswish_prior_5M4BZG.pt,7,306,0.0045179
hswish_prior_6DC3JQ.pt,1,691,0.004542739999999999
hswish_prior_PB71X8.pt,14,195,0.004544219999999999
hswish_prior_KG852M.pt,14,775,0.004568080000000001
hswish_prior_YFOQRA.pt,7,81,0.00463032
hswish_prior_J7KPCK.pt,28,839,0.0045559599999999995
hswish_prior_THYKX0.pt,14,50,0.00457396
hswish_prior_794OFC.pt,3,126,0.004530059999999999
hswish_prior_X22UAA.pt,7,1249,0.00455254
hswish_prior_90ZO78.pt,14,437,0.004592099999999999
hswish_prior_SC893V.pt,7,523,0.0045016000000000006
hswish_prior_I0X0JF.pt,28,22,0.004542560000000001
hswish_prior_VGHQUZ.pt,3,217,0.004527800000000001
hswish_prior_F5D5FF.pt,56,119,0.00468424
hswish_prior_4V45DQ.pt,112,33,0.00456772
hswish_prior_9O7U6E.pt,28,232,0.00460812
hswish_prior_JGV0C3.pt,7,20,0.004514519999999999
hswish_prior_N09BD0.pt,56,183,0.004598999999999999
hswish_prior_HK0R51.pt,14,771,0.004581699999999999
hswish_prior_C58HR7.pt,56,2144,0.0045624199999999985
hswish_prior_O2TF1G.pt,7,167,0.004549579999999999
hswish_prior_1HD3IH.pt,28,632,0.004593579999999999
hswish_prior_QQ4NLV.pt,7,202,0.004542139999999998
hswish_prior_84YLVB.pt,112,208,0.0044995799999999996
hswish_prior_0JFPH6.pt,14,186,0.00454014
hswish_prior_C6EJ6B.pt,56,449,0.004563040000000001
hswish_prior_RJIILC.pt,7,525,0.004498800000000001
hswish_prior_860PQJ.pt,112,135,0.0045635
hswish_prior_K5M6S0.pt,14,47,0.00454412
hswish_prior_S782H8.pt,28,181,0.00459282
hswish_prior_14IUKP.pt,28,7,0.00458136
hswish_prior_QTJLTY.pt,7,498,0.00452464
hswish_prior_A1HF9P.pt,14,31,0.00468798
hswish_prior_WEXPBY.pt,7,534,0.00451488
hswish_prior_D74PGF.pt,14,44,0.0046
hswish_prior_4HM6EO.pt,14,262,0.004537240000000001
hswish_prior_90WY0C.pt,7,28,0.00456068
hswish_prior_6QTTW3.pt,112,113,0.004549540000000001
hswish_prior_F5H1CF.pt,28,698,0.00458924
hswish_prior_76EATP.pt,28,261,0.004606539999999999
hswish_prior_S0J40F.pt,14,696,0.0046006
hswish_prior_LSOUJ2.pt,28,86,0.0045439799999999995
hswish_prior_TM3OER.pt,56,473,0.00458788
hswish_prior_E5RYLJ.pt,14,171,0.004601320000000001
hswish_prior_55FCHX.pt,14,217,0.004528300000000001
hswish_prior_8T4EJL.pt,7,658,0.00451766
hswish_prior_T8415R.pt,28,56,0.004515159999999998
hswish_prior_HX9TFN.pt,28,141,0.004525239999999999
hswish_prior_W7X2KW.pt,7,51,0.00453758
hswish_prior_3MCQZH.pt,7,225,0.0045368599999999985
hswish_prior_ZCQSQJ.pt,14,1186,0.004590640000000001
hswish_prior_6KDSKQ.pt,112,123,0.0046191
hswish_prior_TZDN6K.pt,28,90,0.004583299999999999
hswish_prior_05FVCD.pt,28,201,0.004612260000000001
hswish_prior_VV143I.pt,7,72,0.0045654
hswish_prior_0PHBYR.pt,112,2036,0.00452302
hswish_prior_UN74P5.pt,7,151,0.00503314
hswish_prior_6J6VUO.pt,14,448,0.00444784
hswish_prior_IHMS46.pt,28,534,0.0046593
hswish_prior_89RS9D.pt,28,578,0.004613860000000001
hswish_prior_KWQI2M.pt,56,70,0.0046816400000000025
hswish_prior_OEDO0M.pt,14,203,0.00447038
hswish_prior_6RQ49T.pt,14,163,0.00456306
hswish_prior_AC76VM.pt,7,59,0.00451838
hswish_prior_M7G1C1.pt,7,947,0.0045569799999999995
hswish_prior_FN8EBP.pt,7,496,0.004602419999999999
hswish_prior_RV0F3S.pt,14,264,0.00452792
hswish_prior_QD2CNA.pt,7,2003,0.0044912
hswish_prior_8W22I5.pt,56,1054,0.004562019999999999
hswish_prior_LG2N9B.pt,112,80,0.004616459999999999
hswish_prior_B5BSD3.pt,28,82,0.00453338
hswish_prior_EN824X.pt,224,1048,0.0049949999999999994
hswish_prior_TUEADL.pt,56,173,0.00464074
hswish_prior_OHI30V.pt,112,517,0.00458946
hswish_prior_SU6F2O.pt,7,191,0.00452726
hswish_prior_4ZP1MT.pt,28,94,0.00458528
hswish_prior_PSR5UX.pt,56,137,0.004586440000000001
hswish_prior_742CTF.pt,14,114,0.004475640000000002
hswish_prior_CWPHVT.pt,28,533,0.0045484
hswish_prior_DK5JNY.pt,56,988,0.004561720000000002
hswish_prior_VDC1M6.pt,112,1009,0.0045441399999999995
hswish_prior_1VYI1X.pt,112,225,0.004510419999999999
hswish_prior_W9MW93.pt,14,167,0.0045225
hswish_prior_BLAYPK.pt,14,79,0.00452272
hswish_prior_JWJTPN.pt,14,1166,0.00458132
hswish_prior_WXWC8L.pt,28,137,0.004636379999999999
hswish_prior_9UWY44.pt,56,252,0.004649019999999999
hswish_prior_OVO5YT.pt,28,992,0.004622799999999999
hswish_prior_X88XX3.pt,56,101,0.00452076
hswish_prior_4YV9LI.pt,14,34,0.004565840000000001
hswish_prior_K4P22T.pt,7,213,0.0045254200000000005
hswish_prior_Q5XLPU.pt,56,89,0.004573959999999999
hswish_prior_3F3Y6J.pt,56,211,0.004570480000000001
hswish_prior_0NLWJD.pt,14,22,0.004551019999999999
hswish_prior_EU6IST.pt,28,509,0.00456694
hswish_prior_W7WHAM.pt,56,151,0.00455732
hswish_prior_0NAVZN.pt,14,487,0.00456106
hswish_prior_5I3QQ9.pt,28,81,0.004541420000000001
hswish_prior_IGP76K.pt,56,948,0.0045797599999999996
hswish_prior_7UG486.pt,7,9,0.004550520000000001
hswish_prior_3LBZ21.pt,28,472,0.0045806200000000005
hswish_prior_4FNCGP.pt,28,1000,0.004649000000000001
hswish_prior_K8FXKW.pt,56,155,0.004631920000000001
hswish_prior_R4VLI6.pt,112,512,0.00458808
hswish_prior_B1S5SE.pt,14,244,0.00456238
hswish_prior_0FLTFD.pt,112,193,0.0045502599999999995
hswish_prior_3S7UDB.pt,28,257,0.004695039999999999
hswish_prior_KFUHF4.pt,28,987,0.004580759999999999
hswish_prior_DJUYTI.pt,28,223,0.004610900000000002
hswish_prior_4DL0MC.pt,1,525,0.0045445200000000015
hswish_prior_14HH48.pt,112,217,0.00455286
hswish_prior_MB2BJM.pt,14,507,0.004518739999999999
hswish_prior_BGMWGB.pt,56,796,0.0045106
hswish_prior_EN0SXK.pt,14,513,0.00453768
hswish_prior_F3T3AT.pt,56,792,0.00456228
hswish_prior_A889KJ.pt,56,242,0.004651700000000001
hswish_prior_0BGXYP.pt,56,106,0.00453992
hswish_prior_RZ8LTR.pt,28,236,0.004589579999999999
hswish_prior_47R7OP.pt,14,316,0.004510360000000001
hswish_prior_1KZZIM.pt,14,146,0.004534080000000002
hswish_prior_VNI52Y.pt,7,591,0.004583320000000001
hswish_prior_K0PY4I.pt,14,1269,0.0046632800000000005
hswish_prior_VWR2CL.pt,28,8,0.0045577000000000005
hswish_prior_D530OG.pt,112,202,0.00451428
hswish_prior_Q0F66I.pt,112,131,0.00456502
hswish_prior_V75MIC.pt,112,26,0.004561540000000001
hswish_prior_O2156F.pt,7,96,0.0045058599999999996
hswish_prior_XZHOQY.pt,28,496,0.004476839999999999
hswish_prior_QV1GTY.pt,14,789,0.004562279999999999
hswish_prior_YJ2K44.pt,224,138,0.0045910000000000005
hswish_prior_P70DJV.pt,14,446,0.004567940000000001
hswish_prior_VPVJPH.pt,56,28,0.004521560000000001
hswish_prior_WLUETK.pt,14,220,0.00463096
hswish_prior_CZXW4Y.pt,14,476,0.004627700000000001
hswish_prior_BGRH30.pt,28,1013,0.004609560000000001
hswish_prior_ZC59ER.pt,28,207,0.0046371799999999986
hswish_prior_S5MFS9.pt,28,159,0.004559620000000002
hswish_prior_8IZ0ND.pt,14,35,0.004496340000000001
hswish_prior_0QRHVY.pt,14,141,0.004646060000000002
hswish_prior_ED2XA4.pt,14,269,0.00450356
hswish_prior_1GQNMB.pt,28,485,0.00454078
hswish_prior_M8XTIU.pt,7,54,0.0045517599999999984
hswish_prior_M1UWUS.pt,14,61,0.0045632400000000005
hswish_prior_IM5HF0.pt,14,525,0.0045496600000000005
hswish_prior_CA7L71.pt,14,516,0.004535599999999998
hswish_prior_GL2NMN.pt,14,204,0.00452908
hswish_prior_TF2KA1.pt,7,189,0.004618420000000001
hswish_prior_5Q5DTA.pt,7,532,0.004601759999999999
hswish_prior_C7SY8F.pt,7,207,0.00450642
hswish_prior_QKIS5U.pt,14,223,0.004534599999999999
hswish_prior_472IA7.pt,28,148,0.004569920000000001
hswish_prior_RPSZBS.pt,14,494,0.00454592
hswish_prior_VKWN5R.pt,14,971,0.004566999999999999
hswish_prior_W9OKIT.pt,28,4,0.00454256
hswish_prior_RQVXY9.pt,112,1309,0.004610959999999998
hswish_prior_L0K8LS.pt,56,116,0.004674859999999999
hswish_prior_KVX16G.pt,14,625,0.0045693
hswish_prior_077EGJ.pt,56,185,0.0045885000000000006
hswish_prior_2RVR68.pt,14,531,0.004487960000000001
hswish_prior_OWEZR9.pt,14,77,0.004539940000000001
hswish_prior_FF479Z.pt,7,202,0.00459214
hswish_prior_G46SGJ.pt,7,1009,0.00453274
hswish_prior_JIIFEJ.pt,7,58,0.0045834199999999995
hswish_prior_KPXD9N.pt,3,107,0.004486200000000001
hswish_prior_4AX0PK.pt,56,37,0.00459226
hswish_prior_E286C0.pt,56,977,0.00457874
hswish_prior_WLRQPN.pt,7,164,0.004612380000000002
hswish_prior_LBH9HV.pt,7,128,0.00451222
hswish_prior_25SK1D.pt,224,1479,0.004570880000000001
hswish_prior_CP3DOG.pt,14,118,0.00452738
hswish_prior_GXSNP3.pt,14,1024,0.004603639999999999
hswish_prior_UDN07A.pt,14,168,0.004574619999999999
hswish_prior_8ZG38A.pt,56,270,0.00458892
hswish_prior_YDAC3Z.pt,28,854,0.00469416
hswish_prior_78G0LV.pt,56,159,0.004616640000000001
hswish_prior_8ILD18.pt,14,72,0.004526520000000001
hswish_prior_EULX3Z.pt,14,506,0.004515320000000001
hswish_prior_DSBZXI.pt,28,131,0.00454856
hswish_prior_8CVYFB.pt,14,1000,0.0045847399999999995
hswish_prior_4BIL86.pt,112,205,0.0045927
hswish_prior_UY14XD.pt,28,153,0.0045927400000000005
hswish_prior_MI524J.pt,56,505,0.00461086
hswish_prior_M3ZV6G.pt,1,835,0.004565080000000001
hswish_prior_5Q6VWB.pt,56,373,0.0045511000000000015
hswish_prior_9N2MVA.pt,56,1018,0.004570339999999999
hswish_prior_WZAX79.pt,1,99,0.0045226999999999976
hswish_prior_F2KTO8.pt,28,272,0.004576360000000001
hswish_prior_GIEJKS.pt,28,270,0.00462798
hswish_prior_VI5CHB.pt,7,171,0.004544920000000001
hswish_prior_W666AA.pt,14,233,0.00454974
hswish_prior_SXFS9P.pt,56,983,0.0045468999999999996
hswish_prior_17A7HG.pt,7,1794,0.00449234
hswish_prior_5L9H76.pt,28,516,0.00457778
hswish_prior_T4GM7S.pt,28,774,0.00458888
hswish_prior_X5PTZB.pt,28,497,0.0045264599999999995
hswish_prior_Z6DS4K.pt,7,2040,0.00461902
hswish_prior_ND0BQZ.pt,56,15,0.00453144
hswish_prior_2AEV6H.pt,14,500,0.00454734
hswish_prior_8CC9X2.pt,14,7,0.004528440000000002
hswish_prior_F32OP2.pt,112,540,0.00455408
hswish_prior_KCYX9B.pt,14,2135,0.0045851
hswish_prior_JYQP6D.pt,14,26,0.004987399999999999
hswish_prior_GELNNA.pt,56,107,0.0045645400000000015
hswish_prior_GJ26YY.pt,56,1017,0.004630319999999999
hswish_prior_TYMNLT.pt,28,998,0.004639499999999999
hswish_prior_SE31YK.pt,28,179,0.004566540000000002
hswish_prior_04IZMN.pt,7,42,0.004538199999999998
hswish_prior_V91ZMB.pt,56,998,0.004589320000000001
hswish_prior_0CJN39.pt,14,212,0.004630680000000001
hswish_prior_ZH5QY6.pt,28,283,0.004615999999999999
hswish_prior_4OL6F2.pt,28,25,0.00461942
hswish_prior_KV3SUC.pt,28,76,0.005000340000000001
hswish_prior_B3NHSV.pt,56,122,0.00464826
hswish_prior_0EY5TZ.pt,14,998,0.004606380000000001
hswish_prior_720QC8.pt,28,1072,0.004645020000000001
hswish_prior_FMASFZ.pt,56,134,0.00511558
hswish_prior_CGQJCN.pt,14,667,0.0050700599999999995
hswish_prior_QWR4N8.pt,14,228,0.0045514399999999995
hswish_prior_MCCF6K.pt,7,21,0.004549300000000001
hswish_prior_CS83E0.pt,14,572,0.0045220999999999985
hswish_prior_62J8XQ.pt,14,31,0.004598900000000001
hswish_prior_E6C3L8.pt,3,101,0.004548720000000001
hswish_prior_F8J3UL.pt,28,181,0.0045761000000000005
hswish_prior_TS7JGP.pt,112,44,0.0052249800000000015
hswish_prior_D13BOJ.pt,112,146,0.005385580000000001
hswish_prior_UGBWRG.pt,14,153,0.00460904
hswish_prior_QFR8MK.pt,14,66,0.0050668200000000005
hswish_prior_6ECJDV.pt,14,927,0.005149539999999999
hswish_prior_NL2YQX.pt,56,536,0.004607079999999999
hswish_prior_JAQEA5.pt,56,270,0.004571320000000001
hswish_prior_H0SJCS.pt,14,393,0.00448504
hswish_prior_ZRRZ3G.pt,7,519,0.004585399999999999
hswish_prior_TKH3UZ.pt,7,62,0.004522419999999998
hswish_prior_QFDGLV.pt,14,2012,0.004465819999999999
hswish_prior_YG06T3.pt,28,256,0.004591220000000002
hswish_prior_XDA2VY.pt,14,76,0.004566100000000001
hswish_prior_4SX1M9.pt,28,100,0.00453136
hswish_prior_7C13SN.pt,14,114,0.004577060000000001
hswish_prior_TUZI5L.pt,56,246,0.004686260000000001
hswish_prior_D80ADY.pt,14,221,0.0045647199999999995
hswish_prior_RJPU2D.pt,14,111,0.00465428
hswish_prior_C4CYCE.pt,14,1523,0.00460098
hswish_prior_Z5WCSJ.pt,112,249,0.00458094
hswish_prior_U1VUO6.pt,28,189,0.0045955399999999995
hswish_prior_RBHIWV.pt,1,243,0.004565920000000001
hswish_prior_AYELGU.pt,14,178,0.0045159599999999986
hswish_prior_CWZA56.pt,3,519,0.00456102
hswish_prior_KLO37N.pt,28,327,0.004566819999999999
hswish_prior_RYEWFC.pt,7,230,0.00457968
hswish_prior_YVTEUW.pt,14,132,0.004557439999999999
hswish_prior_M85RAR.pt,28,115,0.00456698
hswish_prior_Q6GC4P.pt,28,173,0.004593340000000001
hswish_prior_IXPHYS.pt,14,146,0.0045831199999999996
hswish_prior_ZDNL3S.pt,14,142,0.004482379999999999
hswish_prior_2C5T4S.pt,1,80,0.005114020000000001
hswish_prior_2GPTAZ.pt,7,47,0.004512840000000001
hswish_prior_SD1XNW.pt,14,136,0.004499620000000001
hswish_prior_AUTX8O.pt,14,107,0.0045272
hswish_prior_5TRYHJ.pt,56,963,0.004576200000000001
hswish_prior_MQ1KC5.pt,28,290,0.0045612199999999995
hswish_prior_ALHG3D.pt,28,249,0.0046208
hswish_prior_ZHFICP.pt,7,39,0.0045391
hswish_prior_W31G2K.pt,56,525,0.004566139999999999
hswish_prior_B89ZZ8.pt,14,455,0.00450888
hswish_prior_AQ34Q8.pt,14,1854,0.00457434
hswish_prior_408YJ7.pt,7,534,0.00454734
hswish_prior_3L5XP8.pt,14,137,0.004569559999999999
hswish_prior_TM7W45.pt,28,356,0.004566600000000001
hswish_prior_75VQ3F.pt,28,175,0.00457098
hswish_prior_VS4LCC.pt,56,505,0.00454582
hswish_prior_PHSICN.pt,14,512,0.005030059999999999
hswish_prior_8VXY2M.pt,56,31,0.00452274
hswish_prior_GCH8VL.pt,224,201,0.004547999999999999
hswish_prior_XN3SUG.pt,28,472,0.004532400000000001
hswish_prior_LVCZOY.pt,7,74,0.004534119999999999
hswish_prior_7EMOA7.pt,112,522,0.004573
hswish_prior_5VS5N5.pt,3,676,0.00453264
hswish_prior_F8J134.pt,7,1022,0.00465318
hswish_prior_LJA26J.pt,14,565,0.0045363
hswish_prior_CLTJSQ.pt,112,1016,0.00455378
hswish_prior_38RAGD.pt,28,109,0.004547659999999999
hswish_prior_NK1U48.pt,14,77,0.004492040000000002
hswish_prior_2OB32P.pt,112,272,0.004550220000000001
hswish_prior_TFRB3X.pt,112,2034,0.004576459999999999
hswish_prior_519DCI.pt,28,44,0.004952720000000001
hswish_prior_S16TN5.pt,14,165,0.005034840000000001
hswish_prior_68MGI6.pt,7,524,0.004594220000000001
hswish_prior_5ZBBFA.pt,14,553,0.004526720000000001
hswish_prior_ZOBHMV.pt,7,499,0.004651240000000002
hswish_prior_T7MIQX.pt,14,3,0.004578359999999999
hswish_prior_X028A5.pt,28,127,0.0045489
hswish_prior_2ULGNT.pt,28,54,0.004579539999999999
hswish_prior_YXQEJF.pt,7,252,0.00457598
hswish_prior_YFR702.pt,56,523,0.004575100000000001
hswish_prior_LOT8DS.pt,56,125,0.004519939999999999
hswish_prior_YQWBVB.pt,3,110,0.00453912
hswish_prior_UA5IB3.pt,112,395,0.004566900000000001
hswish_prior_7T5BCK.pt,7,144,0.00451254
hswish_prior_T7816Z.pt,7,75,0.0045701000000000006
hswish_prior_U2YSQQ.pt,14,1947,0.0045662
hswish_prior_RU0N4Z.pt,112,266,0.0046999599999999996
hswish_prior_5P5JUW.pt,56,44,0.004597380000000001
hswish_prior_F7WUHG.pt,28,228,0.004616959999999999
hswish_prior_LSLVHI.pt,3,203,0.0045935
hswish_prior_6P7QRU.pt,56,237,0.00462928
hswish_prior_8H6DPE.pt,14,253,0.00451392
hswish_prior_1HCD1E.pt,28,837,0.004567220000000001
hswish_prior_UM12V0.pt,14,217,0.0045350999999999985
hswish_prior_SLYPCR.pt,14,450,0.004529839999999999
hswish_prior_T821OT.pt,7,136,0.0045485
hswish_prior_YPPA5Z.pt,56,189,0.0046167000000000005
hswish_prior_R4O5Q5.pt,14,145,0.004529399999999999
hswish_prior_BLNE2V.pt,7,536,0.004487920000000001
hswish_prior_YRF6C9.pt,3,514,0.004551559999999999
hswish_prior_O9JV5U.pt,14,248,0.004566039999999999
hswish_prior_1UZ4M1.pt,56,40,0.00455604
hswish_prior_GP00PR.pt,14,164,0.004517959999999999
hswish_prior_FD892S.pt,28,83,0.004584700000000001
hswish_prior_35D6L7.pt,56,1004,0.004617979999999999
hswish_prior_E5CMNB.pt,1,590,0.00455716
hswish_prior_ZBU0S3.pt,56,123,0.004567339999999999
hswish_prior_S023X0.pt,7,231,0.0045331799999999995
hswish_prior_CTTBJ5.pt,14,19,0.00455448
hswish_prior_F0II6B.pt,28,41,0.00452238
hswish_prior_BTOH0D.pt,28,76,0.0045419200000000005
hswish_prior_5AF6KV.pt,14,44,0.004492980000000001
hswish_prior_KEW43R.pt,7,170,0.00451818
hswish_prior_AP33NM.pt,14,57,0.0046295799999999995
hswish_prior_3FMJI7.pt,28,22,0.004520420000000001
hswish_prior_3D0NSG.pt,56,76,0.004528360000000002
hswish_prior_ICYWP2.pt,112,284,0.004537180000000001
hswish_prior_PF0BH8.pt,14,853,0.004609879999999999
hswish_prior_P630M2.pt,7,214,0.0045204400000000014
hswish_prior_Z4J4YG.pt,14,11,0.00457908
hswish_prior_YDOFZ9.pt,14,1244,0.00457334
hswish_prior_UG3ZJZ.pt,14,695,0.00456072
hswish_prior_7P3AFR.pt,28,250,0.004719820000000001
hswish_prior_7BHAOI.pt,7,178,0.00455832
hswish_prior_79W3E9.pt,14,974,0.0046757
hswish_prior_8FE91S.pt,14,265,0.004504039999999999
hswish_prior_P9TZHP.pt,14,235,0.0045525
hswish_prior_VQI1C3.pt,14,542,0.004569
hswish_prior_EKI1NJ.pt,56,521,0.0045619400000000004
hswish_prior_TK26ZL.pt,7,852,0.004506020000000001
hswish_prior_TWLGC5.pt,224,41,0.004547560000000001
hswish_prior_C36TTD.pt,56,491,0.004559720000000001
hswish_prior_X1Q0J5.pt,7,89,0.00456186
hswish_prior_XNL0FI.pt,28,242,0.004631199999999999
hswish_prior_YYY8IB.pt,14,789,0.004598500000000001
hswish_prior_ADP2VR.pt,28,182,0.00456838
hswish_prior_MRKHAA.pt,7,1026,0.004551400000000001
hswish_prior_RS23ZE.pt,14,470,0.0045105399999999995
hswish_prior_6SN9PN.pt,28,7,0.00509706
hswish_prior_11PVKF.pt,7,859,0.004572420000000001
hswish_prior_4ILURA.pt,7,174,0.004573560000000001
hswish_prior_VSTVAA.pt,7,162,0.004549580000000001
hswish_prior_LK1MEC.pt,56,320,0.004548219999999999
hswish_prior_SN4V3J.pt,14,125,0.00457118
hswish_prior_1KEAWZ.pt,56,185,0.004644940000000001
hswish_prior_KYIU4U.pt,28,182,0.004566000000000001
hswish_prior_8WG9YL.pt,56,159,0.00470542
hswish_prior_RS3Z2D.pt,14,61,0.0045073399999999994
hswish_prior_9GT3NG.pt,56,23,0.004498020000000001
hswish_prior_3L7LM5.pt,14,500,0.00465066
hswish_prior_RFOUHH.pt,14,233,0.00452222
hswish_prior_SUVN5S.pt,14,502,0.00452372
hswish_prior_QQ8XTL.pt,28,1973,0.004597639999999999
hswish_prior_RYM0O6.pt,112,260,0.004516359999999997
hswish_prior_A752CO.pt,14,159,0.004499219999999999
hswish_prior_B70DAT.pt,14,268,0.00456566
hswish_prior_S2M9SA.pt,112,2058,0.004562779999999998
hswish_prior_5N7HMR.pt,14,35,0.0050492
hswish_prior_5X242T.pt,28,226,0.0046352799999999994
hswish_prior_PZ1V5P.pt,14,44,0.004592599999999999
hswish_prior_8HX8XV.pt,56,226,0.004782659999999999
hswish_prior_1N3YET.pt,28,131,0.004593440000000001
hswish_prior_3EWNY8.pt,56,62,0.004576079999999999
hswish_prior_3W5DZZ.pt,28,148,0.00496402
hswish_prior_VO6N62.pt,7,89,0.004547159999999999
hswish_prior_L4014O.pt,14,118,0.0049678399999999985
hswish_prior_I1NKVJ.pt,112,525,0.004612659999999998
hswish_prior_DCJAZK.pt,14,264,0.004498879999999999
hswish_prior_C489NR.pt,14,157,0.004551880000000001
hswish_prior_B85LJZ.pt,28,258,0.00458668
hswish_prior_XXNJSM.pt,14,1538,0.004580219999999999
hswish_prior_0CWIJ0.pt,28,198,0.0046604800000000016
hswish_prior_04J8X8.pt,28,444,0.004553199999999999
hswish_prior_F4WJC5.pt,14,779,0.004578200000000001
hswish_prior_9WQ5TH.pt,28,386,0.00452924
hswish_prior_KDBIFG.pt,14,92,0.00452516
hswish_prior_AYVG7L.pt,56,232,0.004628400000000001
hswish_prior_085CVM.pt,14,218,0.00453804
hswish_prior_YJDSTB.pt,56,40,0.004556300000000001
hswish_prior_C0LBC5.pt,14,264,0.00451482
hswish_prior_17BZSK.pt,56,530,0.00459502
hswish_prior_K9EDNY.pt,28,132,0.0045130000000000005
hswish_prior_7AAJAK.pt,28,57,0.004527219999999999
hswish_prior_VG8MNC.pt,14,50,0.0044928
hswish_prior_HXKLAW.pt,1,825,0.004580879999999999
hswish_prior_UP49SN.pt,14,192,0.004527799999999999
hswish_prior_2DVR5I.pt,1,258,0.004582999999999999
hswish_prior_KAU7SP.pt,14,134,0.0045265
hswish_prior_42TL7V.pt,28,680,0.0046662399999999995
hswish_prior_F5MWRW.pt,56,186,0.004630659999999998
hswish_prior_UFO5KR.pt,112,829,0.0045167
hswish_prior_BL608P.pt,28,159,0.004563419999999999
hswish_prior_ALKUWO.pt,28,327,0.00465922
hswish_prior_JP62WX.pt,56,1523,0.004538879999999999
hswish_prior_4U1HBU.pt,14,249,0.0044962000000000005
hswish_prior_6D5P7Y.pt,14,199,0.0045933599999999995
hswish_prior_J8HSTW.pt,112,522,0.0046562999999999995
hswish_prior_Q43N1A.pt,28,255,0.00456422
hswish_prior_BGQL1Q.pt,28,477,0.004559819999999999
hswish_prior_YA50QB.pt,28,31,0.00450418
hswish_prior_G36AO6.pt,7,200,0.00457948
hswish_prior_T18JY5.pt,28,50,0.004564320000000002
hswish_prior_K2I952.pt,28,2004,0.0046752
hswish_prior_YTBU6B.pt,112,279,0.004563079999999999
hswish_prior_KUSYQE.pt,112,71,0.0045629200000000016
hswish_prior_ZJOZ5G.pt,56,248,0.00458108
hswish_prior_0LQ36X.pt,28,201,0.004577560000000001
hswish_prior_XEANCT.pt,3,119,0.00465552
hswish_prior_QYVS1H.pt,112,185,0.005042339999999999
hswish_prior_X0P93H.pt,56,92,0.00443952
hswish_prior_TDMJAP.pt,56,529,0.00457672
hswish_prior_EO3EJG.pt,56,178,0.004648380000000001
hswish_prior_RD080C.pt,14,940,0.00458202
hswish_prior_WPN3Z5.pt,56,541,0.00460976
hswish_prior_06C8ZJ.pt,28,479,0.0044947
hswish_prior_MEF1EY.pt,14,270,0.005045819999999999
hswish_prior_SIT3PH.pt,7,524,0.004593179999999999
hswish_prior_WL94QM.pt,14,537,0.004520779999999999
hswish_prior_SCX9N0.pt,28,513,0.0045938
hswish_prior_3NH5FU.pt,14,231,0.00452836
hswish_prior_RGQJAF.pt,14,223,0.005053180000000001
hswish_prior_HOT2EQ.pt,56,304,0.0046606
hswish_prior_BNU2SS.pt,28,168,0.004572200000000002
hswish_prior_29XJEM.pt,112,72,0.00463494
hswish_prior_F88B5L.pt,28,195,0.004592440000000001
hswish_prior_52QQ3I.pt,7,259,0.00458844
hswish_prior_6GBZC3.pt,56,102,0.00448872
hswish_prior_0ENGTO.pt,56,256,0.004583660000000001
hswish_prior_9JU4X3.pt,14,83,0.004570580000000001
hswish_prior_RJMTUW.pt,7,217,0.005029379999999999
hswish_prior_V2QAFH.pt,28,63,0.004504380000000001
hswish_prior_TD6PH6.pt,7,454,0.00464176
hswish_prior_YXT60E.pt,56,119,0.00456028
hswish_prior_2OMXO3.pt,14,41,0.004585719999999999
hswish_prior_IYTARY.pt,1,251,0.004988500000000001
hswish_prior_7E3UQO.pt,14,25,0.00457042
hswish_prior_ZBJCI5.pt,14,217,0.0049951200000000005
hswish_prior_EXGBI5.pt,1,144,0.00451872
hswish_prior_GEEGD6.pt,7,67,0.00447824
hswish_prior_DW3B5R.pt,56,712,0.004601180000000001
hswish_prior_6AZ05V.pt,56,467,0.00458614
hswish_prior_XFIECT.pt,56,441,0.004642940000000001
hswish_prior_E6BWR2.pt,56,380,0.00457022
hswish_prior_OQRA95.pt,14,1747,0.004554039999999999
hswish_prior_WXYN65.pt,112,1186,0.004642240000000001
hswish_prior_A4H2UL.pt,14,115,0.004478400000000002
hswish_prior_J61LTG.pt,28,22,0.004560799999999999
hswish_prior_BFFETR.pt,28,235,0.0045769
hswish_prior_D817UX.pt,28,249,0.00457224
hswish_prior_JLDICB.pt,7,53,0.004534000000000001
hswish_prior_2NHWAZ.pt,3,136,0.00462132
hswish_prior_VIRN8U.pt,7,844,0.004542640000000001
hswish_prior_LRMLJK.pt,56,126,0.004525
hswish_prior_9IG1EW.pt,28,94,0.004556919999999999
hswish_prior_T16UUM.pt,56,157,0.004569640000000001
hswish_prior_HYMO32.pt,1,38,0.0049984
hswish_prior_5E99O2.pt,28,112,0.004548199999999999
hswish_prior_RTOU06.pt,14,142,0.00503766
hswish_prior_J1YVH1.pt,28,443,0.004538980000000001
hswish_prior_CXGHOG.pt,112,178,0.0046034000000000005
hswish_prior_0I8E1B.pt,28,189,0.004610479999999999
hswish_prior_PHEWS0.pt,56,65,0.004579640000000002
hswish_prior_JTN8I0.pt,14,76,0.004580099999999998
hswish_prior_3NHZ9L.pt,14,208,0.004531379999999999
hswish_prior_O6KOTE.pt,3,136,0.0045231199999999985
hswish_prior_2VHMZ3.pt,14,190,0.004525819999999999
hswish_prior_HEBJZD.pt,7,400,0.0044960999999999985
hswish_prior_C5912K.pt,28,39,0.004547120000000001
hswish_prior_SDN3IB.pt,7,103,0.00454982
hswish_prior_1YC6SP.pt,7,203,0.004566460000000001
hswish_prior_TRS37W.pt,7,901,0.004517320000000001
hswish_prior_97GR9V.pt,56,159,0.004603699999999998
hswish_prior_V6XDU0.pt,14,1000,0.00465286
hswish_prior_JL9EI5.pt,14,153,0.00462356
hswish_prior_OFUBU0.pt,14,457,0.004566159999999999
hswish_prior_4KKQJP.pt,3,182,0.004562
hswish_prior_CNQCIK.pt,14,523,0.004553079999999998
hswish_prior_P6EYI0.pt,28,227,0.00514634
hswish_prior_R7O5LB.pt,28,895,0.004710799999999999
hswish_prior_7563J7.pt,112,43,0.0046127600000000005
hswish_prior_SJYR02.pt,28,817,0.00471096
hswish_prior_R890XU.pt,56,525,0.004661039999999999
hswish_prior_0PH3AM.pt,28,72,0.00451214
hswish_prior_2D153Z.pt,14,122,0.004544639999999999
hswish_prior_ZUZC0D.pt,56,977,0.004583700000000001
hswish_prior_XEFWIS.pt,28,248,0.004682619999999999
hswish_prior_C50KMV.pt,14,88,0.00448438
hswish_prior_D7MO80.pt,14,236,0.004501359999999999
hswish_prior_4JIBEJ.pt,7,180,0.00450726
hswish_prior_JHN9Q0.pt,56,100,0.00457908
hswish_prior_17LBBC.pt,14,34,0.00456366
hswish_prior_X5T5JA.pt,112,783,0.004555560000000001
hswish_prior_DHRT3K.pt,28,188,0.0045556
hswish_prior_3QOJ8I.pt,56,163,0.004622060000000001
hswish_prior_YO1G90.pt,14,354,0.00455164
hswish_prior_7H2BH3.pt,7,235,0.004612560000000001
hswish_prior_4CC1J0.pt,14,47,0.004510840000000001
hswish_prior_KZET4S.pt,14,201,0.0044815
hswish_prior_EAYUOF.pt,56,45,0.004618100000000001
hswish_prior_8DWP2W.pt,28,824,0.0045831000000000005
hswish_prior_YM70WM.pt,7,515,0.004576880000000001
hswish_prior_6PTPZD.pt,28,80,0.00462774
hswish_prior_DV2JSK.pt,56,801,0.00443584
hswish_prior_27BY5Z.pt,7,100,0.00449614
hswish_prior_XDXST1.pt,28,526,0.0045413599999999995
hswish_prior_DWPMCF.pt,56,210,0.0048456
hswish_prior_PX06QX.pt,56,77,0.0045438
hswish_prior_VFFJD0.pt,28,60,0.0045422
hswish_prior_00P4AE.pt,3,678,0.0045297
hswish_prior_FFQPJX.pt,56,233,0.004556179999999999
hswish_prior_WWN9XY.pt,7,858,0.004567700000000001
hswish_prior_QV0M0S.pt,3,206,0.00461068
hswish_prior_ZD1B55.pt,112,230,0.004550479999999999
hswish_prior_6I4JSD.pt,14,143,0.0044949399999999985
hswish_prior_V3APQ7.pt,14,168,0.004608640000000001
hswish_prior_SEZ1L1.pt,14,77,0.004605019999999998
hswish_prior_U6UOJE.pt,56,518,0.00458406
hswish_prior_IVUJ8O.pt,14,159,0.004564240000000002
hswish_prior_ABEJXG.pt,56,183,0.004608619999999999
hswish_prior_J73SPF.pt,28,92,0.004543600000000001
hswish_prior_IE9XPO.pt,14,115,0.00451528
hswish_prior_BJGGJO.pt,7,245,0.004510039999999999
hswish_prior_65ABVN.pt,14,142,0.0045423600000000005
hswish_prior_C0OP1V.pt,56,2041,0.004586379999999999
hswish_prior_OM4OF7.pt,112,682,0.004516699999999999
hswish_prior_UWBJGL.pt,56,1016,0.0051201
hswish_prior_EZEA1X.pt,14,262,0.005092639999999999
hswish_prior_S30H3B.pt,28,232,0.00468504
hswish_prior_6UFC00.pt,7,821,0.00451502
hswish_prior_MOLBNT.pt,28,171,0.00456038
hswish_prior_VPGRYS.pt,28,159,0.0045574
hswish_prior_JPWORN.pt,28,491,0.004567559999999999
hswish_prior_VA00KC.pt,14,441,0.004520080000000001
hswish_prior_1RYZ94.pt,56,25,0.004546459999999999
hswish_prior_GAICO3.pt,14,235,0.004532080000000001
hswish_prior_XDK4WZ.pt,28,190,0.004640460000000001
hswish_prior_1I9N80.pt,7,10,0.004520500000000001
hswish_prior_PBTX1A.pt,14,843,0.0046232600000000006
hswish_prior_KVCKR6.pt,28,574,0.00451266
hswish_prior_STWI56.pt,56,155,0.004504899999999999
hswish_prior_QT4Y8T.pt,224,82,0.004521400000000001
hswish_prior_V1K2NW.pt,56,18,0.004550520000000001
hswish_prior_FB3S4N.pt,14,214,0.004561180000000001
hswish_prior_FX0CB0.pt,28,105,0.00459334
hswish_prior_DQXKCP.pt,7,181,0.0045238200000000004
hswish_prior_MM9AK0.pt,14,113,0.004475460000000002
hswish_prior_SIG7UC.pt,56,5,0.0045591600000000005
hswish_prior_PL2SWF.pt,14,104,0.004541139999999999
hswish_prior_M5IHU1.pt,56,771,0.004573679999999999
hswish_prior_PR5SV0.pt,7,1798,0.0051366599999999995
hswish_prior_I7SKUO.pt,7,177,0.004552960000000001
hswish_prior_EJWIPD.pt,28,141,0.004527139999999999
hswish_prior_8PPD4Q.pt,28,438,0.00457576
hswish_prior_WQKRV8.pt,14,814,0.004654040000000001
hswish_prior_1IW0A6.pt,7,107,0.00453726
hswish_prior_AI2I42.pt,3,1023,0.0045616400000000005
hswish_prior_VUTUNW.pt,14,156,0.004567680000000001
hswish_prior_XFUSOH.pt,112,159,0.004545659999999999
hswish_prior_INX1CL.pt,14,166,0.00453152
hswish_prior_I6EHHB.pt,7,1020,0.004537980000000001
hswish_prior_H7AX10.pt,28,476,0.004654760000000001
hswish_prior_QYM0SP.pt,14,740,0.0046158
hswish_prior_4I7G2L.pt,56,112,0.00460002
hswish_prior_ATSKJ5.pt,112,15,0.00457424
hswish_prior_SOCUXW.pt,56,2020,0.004578600000000001
hswish_prior_GMDGNT.pt,14,117,0.004530800000000001
hswish_prior_A8C0J9.pt,56,131,0.004626
hswish_prior_BTY9L8.pt,112,466,0.004581200000000002
hswish_prior_6VN2SP.pt,56,207,0.004627139999999999
hswish_prior_JOFNNS.pt,28,265,0.004654300000000001
hswish_prior_R6FY8P.pt,14,42,0.004560560000000001
hswish_prior_WIW437.pt,28,484,0.00460144
hswish_prior_DX2VNV.pt,7,472,0.004544620000000002
hswish_prior_31RSG9.pt,7,3,0.004490220000000001
hswish_prior_AHC132.pt,112,135,0.0046143400000000015
hswish_prior_T8YQLQ.pt,28,153,0.00455406
hswish_prior_91M9L4.pt,7,106,0.01697792
hswish_prior_VSLKM4.pt,14,185,0.00451782
hswish_prior_FBLOZG.pt,28,506,0.004578559999999999
hswish_prior_YCM8YP.pt,28,42,0.028931140000000008
hswish_prior_91JALB.pt,7,488,0.004540459999999999
hswish_prior_KWO0JR.pt,14,208,0.004666080000000001
hswish_prior_65SW3X.pt,28,179,0.004591740000000001
hswish_prior_8PRSYF.pt,28,539,0.0045184
hswish_prior_9PYMA1.pt,7,1551,0.0045194400000000004
hswish_prior_QXRVAQ.pt,7,863,0.004559100000000001
hswish_prior_K84VRJ.pt,112,143,0.00454174
hswish_prior_GBNTOA.pt,3,233,0.00459094
hswish_prior_BBZLGD.pt,56,64,0.0046184799999999995
hswish_prior_8OVNNC.pt,14,100,0.00452204
hswish_prior_FILPPG.pt,14,525,0.00456244
hswish_prior_6P8XQ9.pt,14,484,0.004538019999999999
hswish_prior_462IK1.pt,112,43,0.004601119999999998
hswish_prior_73DFSO.pt,7,475,0.00450798
hswish_prior_RR1G7F.pt,28,784,0.004569459999999998
hswish_prior_JBARHC.pt,56,192,0.0045693800000000005
hswish_prior_X830QM.pt,14,858,0.00462098
hswish_prior_N80181.pt,7,133,0.004527559999999999
hswish_prior_91X7X2.pt,14,207,0.004547759999999998
hswish_prior_SP8FBX.pt,56,309,0.00456406
hswish_prior_P76618.pt,14,1246,0.004688720000000002
hswish_prior_BTD6J8.pt,14,1010,0.004577219999999998
hswish_prior_HWARAV.pt,14,21,0.004596599999999999
hswish_prior_I0NXNM.pt,56,238,0.004682840000000001
hswish_prior_8OMRYT.pt,14,3,0.0045648799999999995
hswish_prior_IHZ87S.pt,14,45,0.0045147799999999995
hswish_prior_H213WE.pt,112,1144,0.004660319999999998
hswish_prior_0ZG3MY.pt,7,165,0.004530660000000001
hswish_prior_1CVIWI.pt,14,24,0.004551840000000001
hswish_prior_3U5XMZ.pt,112,511,0.00460276
hswish_prior_VVY60X.pt,28,1005,0.00473206
hswish_prior_3PKWBG.pt,7,467,0.0046368200000000016
hswish_prior_06CDJZ.pt,28,93,0.0045594799999999994
hswish_prior_V719SM.pt,28,156,0.004565779999999999
hswish_prior_QI9O0D.pt,14,990,0.004581900000000001
hswish_prior_NLFG69.pt,14,690,0.00457032
hswish_prior_TNSVIL.pt,112,237,0.004584039999999998
hswish_prior_5XUARF.pt,56,1153,0.0046761400000000005
hswish_prior_DLIJSK.pt,14,143,0.00456302
hswish_prior_SX50TX.pt,28,245,0.004620000000000003
hswish_prior_5KKAAA.pt,56,5,0.004530580000000001
hswish_prior_I9QPCG.pt,28,508,0.004581519999999999
hswish_prior_Q8IXX2.pt,28,217,0.004578659999999998
hswish_prior_HUKUWW.pt,28,158,0.004584980000000001
hswish_prior_V6ZR4M.pt,28,515,0.004583760000000001
hswish_prior_H6L1VC.pt,28,36,0.00467154
hswish_prior_7IBWIY.pt,224,265,0.00455888
hswish_prior_UD0JSJ.pt,56,161,0.0047055000000000005
hswish_prior_GAUA2B.pt,14,481,0.004694320000000001
hswish_prior_8PA0XW.pt,14,82,0.004592139999999998
hswish_prior_PJJ5UU.pt,28,155,0.004592360000000001
hswish_prior_C5GJI0.pt,56,188,0.004619520000000001
hswish_prior_7VF742.pt,14,1017,0.004675560000000001
hswish_prior_4QZWTC.pt,224,974,0.0045981600000000004
hswish_prior_RMYOE0.pt,112,48,0.00459686
hswish_prior_AG8BCP.pt,14,51,0.004532059999999999
hswish_prior_CJ11K4.pt,56,246,0.00483598
hswish_prior_ZDHL0V.pt,7,1002,0.004490860000000001
hswish_prior_4KR3HP.pt,7,527,0.0044982600000000005
hswish_prior_FRJF7U.pt,14,772,0.00519174
hswish_prior_IAZPBZ.pt,28,205,0.004573120000000001
hswish_prior_XUF0D1.pt,56,500,0.004582980000000001
hswish_prior_P7KQJX.pt,14,123,0.004521720000000001
hswish_prior_SLEO38.pt,56,784,0.004557739999999999
hswish_prior_Z15O0L.pt,28,33,0.00460048
hswish_prior_E2TJ4R.pt,3,228,0.004580679999999999
hswish_prior_RYWDL7.pt,56,271,0.004633920000000001
hswish_prior_Q0AI20.pt,7,143,0.004516599999999999
hswish_prior_1WMTOI.pt,14,6,0.00454696
hswish_prior_ZTONNE.pt,14,296,0.004605439999999999
hswish_prior_3L905N.pt,56,170,0.004699459999999999
hswish_prior_5ETYQL.pt,14,60,0.0046582
hswish_prior_LU4EFQ.pt,28,505,0.004627259999999999
hswish_prior_IDKYTQ.pt,7,79,0.004583520000000001
hswish_prior_DJZR6Z.pt,7,1293,0.004563179999999997
hswish_prior_WLBN7S.pt,28,533,0.0045733000000000015
hswish_prior_QXUSJS.pt,14,693,0.004570399999999999
hswish_prior_WH2QTB.pt,14,5,0.00455718
hswish_prior_U54MJ3.pt,7,800,0.004620159999999999
hswish_prior_2LS8TB.pt,112,14,0.0046141
hswish_prior_FWVQ4Z.pt,56,145,0.00454978
hswish_prior_ZTGAIC.pt,14,675,0.00462278
hswish_prior_2SPWYG.pt,14,2034,0.00457558
hswish_prior_7BIB1N.pt,14,10,0.0045629
hswish_prior_E86CA0.pt,7,514,0.004476839999999999
hswish_prior_Q6H251.pt,28,467,0.00458706
hswish_prior_F0CAEH.pt,28,459,0.0045426
hswish_prior_TU2RSN.pt,7,86,0.00453226
hswish_prior_WC9N7X.pt,28,40,0.004641640000000001
hswish_prior_2AJS1E.pt,112,145,0.004603220000000001
hswish_prior_K42RCE.pt,56,104,0.0045441399999999995
hswish_prior_4RNEBC.pt,14,1000,0.004594320000000001
hswish_prior_ZNYUYP.pt,3,9,0.004533
hswish_prior_WARE0V.pt,14,99,0.0045024800000000005
hswish_prior_ZF2QJY.pt,28,535,0.00458044
hswish_prior_PNYXJU.pt,56,24,0.00452148
hswish_prior_7USXPP.pt,14,269,0.004571260000000001
hswish_prior_X10A9A.pt,14,121,0.00461626
hswish_prior_HVDCH9.pt,28,5,0.004591979999999999
hswish_prior_7KMJAH.pt,56,165,0.0048071000000000025
hswish_prior_CW8CB4.pt,7,325,0.004533439999999999
hswish_prior_N244IL.pt,7,98,0.004557439999999999
hswish_prior_OFG3IM.pt,14,243,0.0045559599999999995
hswish_prior_30QE5P.pt,7,7,0.00451664
hswish_prior_QIKXAX.pt,7,252,0.004528639999999999
hswish_prior_EYC6S0.pt,56,230,0.004655040000000001
hswish_prior_X98KK9.pt,14,609,0.00454714
hswish_prior_VPHMHY.pt,56,203,0.0047177600000000005
hswish_prior_732B1Y.pt,112,170,0.004643220000000001
hswish_prior_LALYU1.pt,56,488,0.004616679999999999
hswish_prior_6932RP.pt,28,39,0.004567939999999998
hswish_prior_9U2HVW.pt,14,1222,0.004579000000000001
hswish_prior_IANK80.pt,14,215,0.004648320000000001
hswish_prior_DM3RDU.pt,28,51,0.004501079999999999
hswish_prior_H59HX4.pt,14,114,0.0044858
hswish_prior_UZ2UN5.pt,14,15,0.0045283
hswish_prior_0YD6YD.pt,7,52,0.0045872399999999985
hswish_prior_CKROPB.pt,7,155,0.004555459999999998
hswish_prior_HC16UP.pt,14,250,0.0045483
hswish_prior_PDNKPA.pt,3,223,0.00456058
hswish_prior_J3AYUM.pt,112,200,0.00446036
hswish_prior_XXUCTO.pt,56,158,0.00456138
hswish_prior_W0IMPG.pt,7,303,0.0046438
hswish_prior_38JN8Q.pt,56,161,0.004624960000000001
hswish_prior_UF26GK.pt,14,763,0.004581439999999999
hswish_prior_7OIPMG.pt,7,171,0.00455218
hswish_prior_S7JF0A.pt,7,145,0.004567579999999999
hswish_prior_MLDD55.pt,56,162,0.004632000000000001
hswish_prior_A9IBQW.pt,14,181,0.0045166400000000015
hswish_prior_48BE11.pt,56,30,0.00453592
hswish_prior_09IE6S.pt,28,2034,0.004651400000000001
hswish_prior_28RZYH.pt,28,528,0.004558319999999999
hswish_prior_R9RQXD.pt,56,267,0.00465378
hswish_prior_3EZ2VV.pt,7,843,0.00455012
hswish_prior_YYFOOG.pt,112,132,0.004783840000000001
hswish_prior_FGNDV3.pt,14,73,0.0045639999999999995
hswish_prior_FU5LUR.pt,7,29,0.00468602
hswish_prior_PHA6H5.pt,56,491,0.004577619999999998
hswish_prior_MDDXWY.pt,56,51,0.004665600000000001
hswish_prior_BOKXL2.pt,1,228,0.004593020000000001
hswish_prior_WRIN6J.pt,224,987,0.004605579999999999
hswish_prior_V29AU1.pt,14,103,0.00458134
hswish_prior_1RD4KS.pt,56,48,0.00460152
hswish_prior_W76KQP.pt,7,271,0.00453396
hswish_prior_BWT43F.pt,3,237,0.004662919999999998
hswish_prior_Z15VJW.pt,28,131,0.004601639999999999
hswish_prior_DCQ7W2.pt,56,78,0.00461082
hswish_prior_CLE9SK.pt,14,105,0.004531780000000002
hswish_prior_ZQ945O.pt,7,104,0.0045545199999999985
hswish_prior_745HLG.pt,7,39,0.00454212
hswish_prior_CWCOZQ.pt,14,58,0.004587139999999998
hswish_prior_EI7FMH.pt,112,27,0.00456748
hswish_prior_ADIRWS.pt,112,170,0.00461
hswish_prior_RRW27K.pt,14,3,0.0045492200000000005
hswish_prior_J9DAJ4.pt,14,56,0.004586279999999999
hswish_prior_1LR1SW.pt,112,229,0.004722200000000001
hswish_prior_E9YFS6.pt,14,106,0.004569099999999999
hswish_prior_S2P9HD.pt,14,183,0.004558379999999999
hswish_prior_VZSI7X.pt,112,198,0.00461252
hswish_prior_0UZLV1.pt,14,129,0.004637120000000001
hswish_prior_HCEXLL.pt,7,145,0.00457424
hswish_prior_MGWMOL.pt,7,112,0.00469424
hswish_prior_M8K77T.pt,14,225,0.004524239999999999
hswish_prior_M9Q3VG.pt,28,90,0.0045592
hswish_prior_4PUY2Q.pt,28,15,0.00456836
hswish_prior_6MC9E4.pt,112,994,0.0046508
hswish_prior_WTBD22.pt,28,185,0.004598020000000001
hswish_prior_AS17SN.pt,14,75,0.004554459999999999
hswish_prior_YZ1XWA.pt,7,203,0.004580039999999999
hswish_prior_MJU4QZ.pt,28,120,0.00457044
hswish_prior_YVIWQQ.pt,14,62,0.004628640000000001
hswish_prior_CG3X10.pt,56,217,0.015881839999999998
hswish_prior_4UGATM.pt,14,998,0.00467066
hswish_prior_UIQR92.pt,14,1884,0.004676960000000001
hswish_prior_L01NU9.pt,7,147,0.00456502
hswish_prior_VXDG3C.pt,14,237,0.004508919999999999
hswish_prior_L6O2SP.pt,14,541,0.004585240000000001
hswish_prior_V0VBX2.pt,14,514,0.00453894
hswish_prior_WA2QH4.pt,28,76,0.00456538
hswish_prior_XX8I32.pt,112,55,0.004780719999999999
hswish_prior_ZDBF48.pt,28,2020,0.00461228
hswish_prior_E0DWTL.pt,28,515,0.00452272
hswish_prior_4G398S.pt,28,149,0.004603639999999998
hswish_prior_C1ALYQ.pt,14,417,0.0047057
hswish_prior_Y3PC5A.pt,28,409,0.004530839999999998
hswish_prior_B40FBB.pt,112,790,0.00466708
hswish_prior_DNEVIQ.pt,14,184,0.0045460200000000004
hswish_prior_1BNZ3L.pt,56,533,0.004647400000000001
hswish_prior_A5J0LJ.pt,28,228,0.023393460000000005
hswish_prior_IRYGQH.pt,112,105,0.004618039999999999
hswish_prior_N1YSX1.pt,28,47,0.00456268
hswish_prior_LLDHC9.pt,28,810,0.00461034
hswish_prior_BUP4MK.pt,28,1003,0.004734539999999999
hswish_prior_ALBCIC.pt,56,1265,0.004594900000000001
hswish_prior_83AJ9X.pt,14,1992,0.004559640000000001
hswish_prior_H2VXHI.pt,14,218,0.00466628
hswish_prior_6UKGPI.pt,28,377,0.004572799999999999
hswish_prior_C7AKQB.pt,28,538,0.0045365
hswish_prior_99XIT5.pt,112,523,0.004693740000000001
hswish_prior_ZIYJEG.pt,28,39,0.004551920000000001
hswish_prior_70E870.pt,28,285,0.0046577400000000005
hswish_prior_Y3QW18.pt,56,267,0.0045927599999999996
hswish_prior_WZJ4ZQ.pt,56,238,0.0045822400000000004
hswish_prior_DZUYFA.pt,1,22,0.004523019999999999
hswish_prior_0VA8SE.pt,14,122,0.004634040000000001
hswish_prior_LRDBS2.pt,14,207,0.004619660000000001
hswish_prior_QFC2R9.pt,14,489,0.00454954
hswish_prior_Q93YI6.pt,14,446,0.004617419999999999
hswish_prior_0O8G73.pt,14,187,0.004607200000000001
hswish_prior_QQT6B3.pt,14,847,0.00459228
hswish_prior_OSZ455.pt,28,389,0.00455888
hswish_prior_PONVJ5.pt,7,435,0.00459326
hswish_prior_GVFPU0.pt,7,45,0.00455144
hswish_prior_I0FB8M.pt,28,989,0.00463476
hswish_prior_LKU9KD.pt,14,1004,0.004684120000000001
hswish_prior_22V5KP.pt,56,1167,0.00460012
hswish_prior_6DCIP1.pt,224,10,0.00460848
hswish_prior_CPMM2S.pt,112,503,0.00460836
hswish_prior_94K5JT.pt,56,74,0.004759900000000002
hswish_prior_0HSSZF.pt,7,70,0.0046158
hswish_prior_3B0VLA.pt,56,47,0.004578539999999999
hswish_prior_J9FPTZ.pt,28,606,0.0045562
hswish_prior_9LS4X2.pt,56,513,0.00460636
hswish_prior_QGPR8F.pt,14,156,0.004558060000000001
hswish_prior_2I3WA2.pt,28,189,0.004584380000000001
hswish_prior_Q7BDUH.pt,14,8,0.004682200000000001
hswish_prior_XVORNM.pt,224,508,0.004588040000000001
hswish_prior_ABEMVW.pt,28,202,0.00460606
hswish_prior_FA5U4A.pt,14,1265,0.00464528
hswish_prior_LB2MUG.pt,28,249,0.004615679999999999
hswish_prior_XLZIZG.pt,14,84,0.00456364
hswish_prior_ALIIJ0.pt,14,97,0.0045696999999999995
hswish_prior_BIGHBG.pt,14,237,0.00453634
hswish_prior_P61MZC.pt,28,142,0.0045759799999999995
hswish_prior_ICJ1KI.pt,14,1660,0.0045801999999999995
hswish_prior_J56SLT.pt,14,223,0.004563439999999999
hswish_prior_J0OB9W.pt,112,49,0.004764620000000001
hswish_prior_LVCQBB.pt,7,135,0.004687639999999999
hswish_prior_LP0X2D.pt,14,41,0.005118680000000001
hswish_prior_MH91DH.pt,3,129,0.004572519999999999
hswish_prior_Z4D898.pt,56,11,0.00461992
hswish_prior_I1QI3S.pt,14,231,0.004590319999999998
hswish_prior_C8TYH6.pt,28,14,0.004562259999999999
hswish_prior_XYPP3T.pt,28,521,0.0046064800000000005
hswish_prior_TX09YP.pt,1,543,0.004701539999999999
hswish_prior_CS3KY0.pt,56,773,0.004687979999999998
hswish_prior_A1WEX2.pt,7,111,0.004613860000000001
hswish_prior_XOUMM3.pt,56,237,0.004712340000000001
hswish_prior_6FQ7DQ.pt,7,501,0.00468336
hswish_prior_NCH3GW.pt,56,775,0.004627840000000001
hswish_prior_OK9WO8.pt,7,42,0.004557779999999999
hswish_prior_YTWTQG.pt,112,509,0.0045826600000000006
hswish_prior_LVT03R.pt,14,1016,0.004694739999999999
hswish_prior_42X5BP.pt,14,217,0.004576019999999999
hswish_prior_6C2CWN.pt,28,660,0.004578360000000001
hswish_prior_DS4PBW.pt,56,79,0.0045828200000000005
hswish_prior_YKWB2N.pt,14,187,0.004533380000000001
hswish_prior_55RW71.pt,7,132,0.00458096
hswish_prior_UD2Q42.pt,56,149,0.0046796
hswish_prior_FOLMSH.pt,14,105,0.00456252
hswish_prior_MDQYKC.pt,56,16,0.004577760000000001
hswish_prior_SJ8QEG.pt,112,509,0.00459194
hswish_prior_M4XFDC.pt,14,18,0.004535319999999999
hswish_prior_Z63A1C.pt,112,683,0.004632420000000001
hswish_prior_5YSJ7K.pt,14,206,0.0045863200000000005
hswish_prior_KN7V4F.pt,56,56,0.004657280000000001
hswish_prior_VUFZWS.pt,56,125,0.004596739999999999
hswish_prior_54WCWS.pt,7,50,0.004561499999999999
hswish_prior_ABFEP9.pt,14,234,0.00461932
hswish_prior_SACOHN.pt,56,185,0.004628940000000001
hswish_prior_XZL9FF.pt,28,321,0.00459006
hswish_prior_PDAP13.pt,28,672,0.0046981
hswish_prior_KEA8TX.pt,14,491,0.004540280000000001
hswish_prior_XDDDWN.pt,28,523,0.00456498
hswish_prior_37RH8E.pt,14,186,0.00451574
hswish_prior_VNC617.pt,28,8,0.004547119999999999
hswish_prior_02IACS.pt,14,1044,0.004651220000000001
hswish_prior_CV8CWE.pt,56,567,0.004576599999999999
hswish_prior_XWEURX.pt,14,413,0.00456144
hswish_prior_7XI5X5.pt,14,30,0.004551200000000001
hswish_prior_FC6QXR.pt,7,505,0.004564920000000001
hswish_prior_GZMUZR.pt,14,483,0.00456772
hswish_prior_CPA62V.pt,7,186,0.004541000000000002
hswish_prior_T6ELOL.pt,28,254,0.0047509
hswish_prior_P1MAET.pt,7,229,0.004563
hswish_prior_822S62.pt,224,20,0.004624699999999999
hswish_prior_LR4MF2.pt,56,86,0.004576659999999999
hswish_prior_20T05D.pt,28,537,0.004537079999999999
hswish_prior_5KWYS7.pt,28,16,0.00511084
hswish_prior_2Z9K2E.pt,56,1109,0.004583679999999998
hswish_prior_SZ2CY0.pt,14,184,0.004566219999999999
hswish_prior_I9DSYT.pt,28,509,0.004569860000000001
hswish_prior_FIUNZO.pt,56,112,0.0050383799999999986
hswish_prior_GZO0RQ.pt,28,19,0.004552479999999999
hswish_prior_PXWMXE.pt,112,162,0.00461688
hswish_prior_QVU1ZH.pt,7,2003,0.004613739999999999
hswish_prior_1EXKC6.pt,56,207,0.004619959999999999
hswish_prior_3WBR3P.pt,28,980,0.013676840000000003
hswish_prior_F322ZS.pt,56,50,0.00466034
hswish_prior_C92C3G.pt,28,215,0.004632420000000001
hswish_prior_NB5AOR.pt,56,395,0.00463374
hswish_prior_LDZSF0.pt,14,119,0.004615
hswish_prior_7VFK70.pt,14,196,0.0045861800000000005
hswish_prior_BNO8HM.pt,14,52,0.00458728
hswish_prior_TLW8PW.pt,28,538,0.00455572
hswish_prior_5X1PKP.pt,56,136,0.0045444
hswish_prior_FYUFDO.pt,14,490,0.004569480000000001
hswish_prior_6PPRQL.pt,14,153,0.004543740000000001
hswish_prior_4XTLZ9.pt,14,12,0.0045350600000000005
hswish_prior_7EJYB5.pt,28,984,0.00468962
hswish_prior_K9OSTD.pt,14,96,0.00456974
hswish_prior_PVVNLR.pt,14,36,0.00453974
hswish_prior_VDJIIJ.pt,112,692,0.0046161200000000005
hswish_prior_NWHDKH.pt,7,186,0.00461712
hswish_prior_QXLDVX.pt,14,96,0.004505679999999999
hswish_prior_NXHKXT.pt,112,134,0.00467912
hswish_prior_YS14FW.pt,56,530,0.004733959999999999
hswish_prior_WQHL3D.pt,1,961,0.004579759999999999
hswish_prior_M0ZQHJ.pt,7,480,0.00456288
hswish_prior_LS65PJ.pt,14,1034,0.00466776
hswish_prior_2NNOJW.pt,14,147,0.00452546
hswish_prior_1JCQMZ.pt,14,151,0.0045711400000000004
hswish_prior_P6KNFD.pt,14,162,0.0045540599999999995
hswish_prior_2BVSUS.pt,3,51,0.004579379999999999
hswish_prior_VLSHJC.pt,14,195,0.004562760000000001
hswish_prior_SZQA1A.pt,56,434,0.004741700000000001
hswish_prior_SEJBDS.pt,14,51,0.00462986
hswish_prior_IYZ0TP.pt,56,270,0.00467042
hswish_prior_SQ7QSZ.pt,56,236,0.00468524
hswish_prior_P9RJVS.pt,7,116,0.012328020000000004
hswish_prior_06MW35.pt,7,190,0.0046215
hswish_prior_JVV2BS.pt,7,864,0.004573540000000001
hswish_prior_W262Z2.pt,56,511,0.00461024
hswish_prior_57OSGB.pt,28,238,0.004721240000000001
hswish_prior_LGWZOI.pt,14,243,0.00456792
hswish_prior_ZXNM7Z.pt,28,184,0.004562739999999999
hswish_prior_6SMHLX.pt,28,138,0.0045724400000000005
hswish_prior_MGRDGH.pt,7,189,0.00456688
hswish_prior_D6AGHW.pt,14,202,0.00457234
hswish_prior_QU1H1B.pt,14,221,0.00469502
hswish_prior_XHX6K1.pt,56,1162,0.00469366
hswish_prior_1BFC3A.pt,7,589,0.0045586
hswish_prior_MQNBGJ.pt,7,503,0.00458176
hswish_prior_E9PLKZ.pt,14,539,0.004603499999999999
hswish_prior_NH8PJP.pt,28,323,0.004661220000000001
hswish_prior_2DQCA6.pt,7,68,0.004798220000000001
hswish_prior_9NUV88.pt,14,61,0.004541979999999999
hswish_prior_P1FIX7.pt,14,1288,0.004596740000000001
hswish_prior_3NNWAF.pt,28,2127,0.00461824
hswish_prior_UEFR03.pt,7,537,0.004527680000000001
hswish_prior_ILIGS7.pt,28,66,0.004708239999999999
hswish_prior_NT6GE3.pt,112,538,0.0046679799999999995
hswish_prior_DWJ39Y.pt,7,8,0.00453348
hswish_prior_V9HAOW.pt,56,192,0.004576080000000001
hswish_prior_DOWPHQ.pt,7,156,0.00454688
hswish_prior_CBPHNT.pt,28,55,0.00456438
hswish_prior_YNKIF7.pt,112,190,0.004545699999999999
hswish_prior_UU0TVG.pt,14,52,0.00454206
hswish_prior_5XTODL.pt,14,978,0.00466776
hswish_prior_A9Q8UH.pt,56,459,0.004627679999999999
hswish_prior_MEVHS8.pt,14,55,0.004604
hswish_prior_WE4YVR.pt,28,2018,0.00458704
hswish_prior_9A4LZS.pt,112,216,0.0045767199999999985
hswish_prior_YV9MQH.pt,56,47,0.00459822
hswish_prior_KDQT9Q.pt,7,157,0.0045733
hswish_prior_HCFCTT.pt,112,577,0.00461054
hswish_prior_H11B3W.pt,3,447,0.004551300000000001
hswish_prior_RLNWYB.pt,14,87,0.004567379999999999
hswish_prior_TWEZFB.pt,7,832,0.00461956
hswish_prior_PPYPSJ.pt,7,982,0.0051508000000000005
hswish_prior_2IHKRR.pt,14,7,0.004569940000000001
hswish_prior_8PUWCS.pt,7,1036,0.004547279999999998
hswish_prior_U1U44H.pt,14,1257,0.004627299999999999
hswish_prior_2X3ZM2.pt,112,513,0.0046107399999999995
hswish_prior_35DCP1.pt,7,114,0.00453476
hswish_prior_H7YYUI.pt,28,489,0.0045647199999999995
hswish_prior_70EBYW.pt,224,98,0.004610920000000001
hswish_prior_EIN7VR.pt,56,140,0.00453818
hswish_prior_0E2BUG.pt,14,458,0.004504900000000001
hswish_prior_NKM1EN.pt,56,280,0.004714820000000001
hswish_prior_DSF0T9.pt,112,6,0.00454876
hswish_prior_5CWSJ7.pt,14,151,0.0045678
hswish_prior_PSF7JM.pt,56,239,0.004617079999999999
hswish_prior_HUZXXN.pt,7,25,0.00453524
hswish_prior_H68508.pt,56,236,0.004651540000000001
hswish_prior_E7HCJE.pt,112,9,0.004591840000000001
hswish_prior_29RQA0.pt,28,186,0.004587059999999999
hswish_prior_K935QT.pt,56,243,0.004661899999999999
hswish_prior_K6MCTY.pt,28,518,0.004557319999999999
hswish_prior_MQDS2H.pt,14,803,0.0046548
hswish_prior_1TBP67.pt,112,236,0.00458556
hswish_prior_3SWU35.pt,56,46,0.004589780000000001
hswish_prior_XIKROD.pt,7,143,0.004594680000000001
hswish_prior_DTLJ5O.pt,56,22,0.004524919999999999
hswish_prior_HZBWM6.pt,28,632,0.004628980000000001
hswish_prior_22T5X2.pt,7,925,0.0045660399999999995
hswish_prior_RU6XU4.pt,7,193,0.00455468
hswish_prior_QL8MVC.pt,112,1182,0.005148980000000001
hswish_prior_5D3HN3.pt,28,58,0.0045502599999999995
hswish_prior_L3OCZU.pt,28,14,0.00454066
hswish_prior_ZWZPZG.pt,7,143,0.00457034
hswish_prior_SSE08D.pt,56,800,0.00441618
hswish_prior_9H7XJF.pt,28,1010,0.004680200000000001
hswish_prior_07NPTA.pt,14,8,0.004988320000000001
hswish_prior_8V9BKT.pt,28,142,0.004571179999999999
hswish_prior_FEIKDU.pt,112,229,0.00454384
hswish_prior_IY0XOD.pt,224,462,0.0046053
hswish_prior_CWGDXU.pt,7,257,0.004565420000000001
hswish_prior_OEZDDS.pt,7,189,0.0046326399999999995
hswish_prior_D5LIQL.pt,28,177,0.0046052
hswish_prior_BZ7WVJ.pt,56,73,0.004588839999999998
hswish_prior_BWHIDW.pt,14,786,0.00463504
hswish_prior_SQZCXA.pt,14,185,0.004545380000000001
hswish_prior_85BZA9.pt,56,119,0.0045086599999999985
hswish_prior_W8BIMI.pt,14,538,0.00453144
hswish_prior_MD5DSN.pt,28,239,0.004617760000000001
hswish_prior_A4A51B.pt,14,1161,0.0045834599999999975
hswish_prior_1NABFS.pt,14,512,0.004520320000000001
hswish_prior_JB5Q22.pt,14,28,0.00456936
hswish_prior_0HVO4T.pt,14,111,0.004612659999999998
hswish_prior_B5ZZ29.pt,14,147,0.00452624
hswish_prior_HCJ9UB.pt,56,300,0.004644820000000001
hswish_prior_WA25L0.pt,14,1836,0.00457366
hswish_prior_M1FM2N.pt,14,991,0.00459608
hswish_prior_IZUYB3.pt,112,994,0.004578939999999999
hswish_prior_YAGXQ3.pt,14,419,0.004574
hswish_prior_Y6VZP8.pt,14,1742,0.004564940000000001
hswish_prior_AFYQ7Y.pt,112,283,0.00461642
hswish_prior_1LFYFM.pt,7,985,0.004495659999999999
hswish_prior_QQJGBL.pt,28,178,0.004611039999999999
hswish_prior_PGGKBS.pt,14,263,0.004494680000000001
hswish_prior_ZDR6Y8.pt,14,1900,0.00452736
hswish_prior_KHY1AM.pt,3,135,0.0046032600000000005
hswish_prior_VQQ49J.pt,28,82,0.004552800000000001
hswish_prior_EPFUQC.pt,1,488,0.00447732
hswish_prior_U8SAVH.pt,112,512,0.004590820000000002
hswish_prior_ZXW76C.pt,7,434,0.004526440000000001
hswish_prior_3EVJ7Y.pt,14,189,0.004549180000000001
hswish_prior_NJDVZ2.pt,14,161,0.004550940000000001
hswish_prior_7UVSW5.pt,28,43,0.0045590199999999996
hswish_prior_X48HCF.pt,14,222,0.004569299999999999
hswish_prior_VJQAAP.pt,28,116,0.004544280000000001
hswish_prior_8X6L88.pt,14,257,0.00453766
hswish_prior_XZLVVF.pt,28,131,0.00449758
hswish_prior_3YAZW9.pt,3,48,0.004534740000000001
hswish_prior_1SCK6T.pt,224,27,0.004605580000000001
hswish_prior_J6GX04.pt,56,193,0.004622980000000001
hswish_prior_28O23V.pt,14,929,0.004645860000000001
hswish_prior_MR3S7F.pt,7,103,0.004562560000000001
hswish_prior_XGWMFH.pt,14,531,0.004526480000000001
hswish_prior_YPFSFU.pt,7,506,0.004549180000000001
hswish_prior_T8715X.pt,14,179,0.004491219999999999
hswish_prior_I91S8U.pt,14,962,0.00460024
hswish_prior_E7YKF6.pt,14,145,0.0045512600000000005
hswish_prior_LEG3A3.pt,28,14,0.00461694
hswish_prior_YF1AYU.pt,14,142,0.0045382
hswish_prior_7R8SIO.pt,14,527,0.00456218
hswish_prior_IYP1X2.pt,14,589,0.00455086
hswish_prior_9D2EP7.pt,7,171,0.00452738
hswish_prior_TC1L95.pt,28,75,0.004553219999999999
hswish_prior_MCZ1PK.pt,14,2022,0.00456196
hswish_prior_X9KO47.pt,1,215,0.004564220000000001
hswish_prior_PJWELR.pt,7,140,0.004512979999999999
hswish_prior_7PRIDM.pt,56,146,0.00454514
hswish_prior_52UX2N.pt,14,15,0.004545979999999999
hswish_prior_EANKEF.pt,56,154,0.004571440000000001
hswish_prior_A7KFJF.pt,56,92,0.00454144
hswish_prior_TF8TNE.pt,112,78,0.004584320000000002
hswish_prior_CSUJLM.pt,28,78,0.00454978
hswish_prior_HW4KQ9.pt,7,244,0.004554780000000001
hswish_prior_P80OAW.pt,14,89,0.0045341999999999995
hswish_prior_K5OYTO.pt,14,197,0.004596799999999999
hswish_prior_AXSS46.pt,112,236,0.004591760000000001
hswish_prior_1MN444.pt,28,94,0.004519600000000001
hswish_prior_RHPPY9.pt,14,59,0.004526520000000001
hswish_prior_95JNRB.pt,28,121,0.005103939999999998
hswish_prior_WTEVYF.pt,14,47,0.004583960000000001
hswish_prior_53VL5F.pt,14,25,0.004581280000000001
hswish_prior_VRGCVQ.pt,28,542,0.0045744600000000015
hswish_prior_YTZ3YO.pt,14,125,0.0045520199999999995
hswish_prior_GPG0P6.pt,56,33,0.004570019999999999
hswish_prior_OYYG6Q.pt,14,18,0.004574720000000001
hswish_prior_P38UCC.pt,14,40,0.00454392
hswish_prior_RGATWK.pt,112,1008,0.00459382
hswish_prior_3WJXWF.pt,28,45,0.004549560000000001
hswish_prior_DKGFPE.pt,7,118,0.00456552
hswish_prior_ZQIECD.pt,28,6,0.004527519999999998
hswish_prior_2M5SCK.pt,7,830,0.004566400000000001
hswish_prior_TQ2DT2.pt,14,1164,0.004628160000000001
hswish_prior_T2841M.pt,28,52,0.004501419999999999
hswish_prior_S31YGU.pt,14,55,0.00457416
hswish_prior_GU2CAH.pt,3,1784,0.004562
hswish_prior_DYTEUX.pt,14,456,0.004566759999999999
hswish_prior_LG5U6B.pt,7,71,0.0045387
hswish_prior_D46D9R.pt,112,223,0.004589400000000002
hswish_prior_D24PP3.pt,14,417,0.004522979999999999
hswish_prior_OP0TK4.pt,28,88,0.00467304
hswish_prior_EXN089.pt,14,491,0.004501939999999999
hswish_prior_NYOFWW.pt,14,38,0.004566499999999999
hswish_prior_NIZEW6.pt,56,538,0.004677200000000001
hswish_prior_AAAAYD.pt,56,591,0.004584920000000001
hswish_prior_EW2JDH.pt,28,230,0.004611359999999999
hswish_prior_HWC22D.pt,56,37,0.004580220000000001
hswish_prior_WIS3F9.pt,7,92,0.00454388
hswish_prior_TB8IM2.pt,14,101,0.004585519999999999
hswish_prior_FFUWLJ.pt,14,411,0.00455916
hswish_prior_ENQP6D.pt,28,49,0.0045618199999999985
hswish_prior_4VTLJP.pt,14,10,0.004660640000000001
hswish_prior_MCOHSP.pt,56,1007,0.005051179999999999
hswish_prior_J8ZD15.pt,14,1315,0.00456578
hswish_prior_0AHFZY.pt,28,253,0.004645719999999998
hswish_prior_4YZFDL.pt,14,835,0.004676320000000001
hswish_prior_2MKDRL.pt,56,168,0.004608359999999999
hswish_prior_UK914B.pt,112,980,0.004694919999999999
hswish_prior_EWLNK9.pt,14,145,0.00452858
hswish_prior_BEWOO2.pt,7,139,0.0045501199999999995
hswish_prior_6AMXEB.pt,14,1587,0.0045030800000000005
hswish_prior_LL71I5.pt,14,230,0.004504599999999999
hswish_prior_D6HETN.pt,28,59,0.0045064599999999995
hswish_prior_07O4FB.pt,14,115,0.00458138
hswish_prior_6MB998.pt,28,1002,0.004588719999999999
hswish_prior_36QI57.pt,28,1138,0.0050200999999999996
hswish_prior_2FSPSC.pt,28,197,0.00457784
hswish_prior_YR372F.pt,56,218,0.0046554
hswish_prior_G86L73.pt,7,1376,0.00450698
hswish_prior_XIPKA1.pt,14,503,0.0045688000000000005
hswish_prior_4P06DR.pt,7,691,0.004517419999999998
hswish_prior_X0W2K5.pt,28,824,0.00470568
hswish_prior_8D2H9P.pt,56,173,0.004614300000000001
hswish_prior_IWZARS.pt,56,992,0.00453314
hswish_prior_GCX6L7.pt,14,107,0.004634899999999998
hswish_prior_TZ8IJ8.pt,112,469,0.004542699999999999
hswish_prior_6RNPEB.pt,56,76,0.00463182
hswish_prior_W8S21D.pt,7,10,0.00461286
hswish_prior_EWNABO.pt,28,208,0.00460916
hswish_prior_SBN5B6.pt,28,382,0.00455204
hswish_prior_DGZ7QN.pt,28,463,0.00502834
hswish_prior_AEKL5D.pt,14,464,0.0046676
hswish_prior_M7S7H2.pt,14,65,0.004636480000000001
hswish_prior_GA2TYW.pt,14,28,0.0046051
hswish_prior_FBU232.pt,7,151,0.004510499999999999
hswish_prior_XJ3E3I.pt,14,206,0.004574020000000001
hswish_prior_U20PKI.pt,28,992,0.004629420000000001
hswish_prior_P40F5E.pt,7,61,0.0045489599999999995
hswish_prior_Q2LKF6.pt,56,138,0.00452262
hswish_prior_JUGEAK.pt,14,1920,0.00454938
hswish_prior_9GXSS0.pt,28,432,0.005007780000000002
hswish_prior_1L4UW5.pt,7,657,0.004577360000000002
hswish_prior_UHX6BK.pt,14,442,0.004533559999999999
hswish_prior_SL6JYC.pt,112,83,0.004624700000000001
hswish_prior_S1LYAA.pt,28,111,0.0045737600000000005
hswish_prior_AAHS4S.pt,14,114,0.004480520000000001
hswish_prior_FQJSSG.pt,56,575,0.004811579999999999
hswish_prior_ICFG5U.pt,14,8,0.0045099
hswish_prior_ZRCNYT.pt,14,514,0.004509980000000001
hswish_prior_1BU43T.pt,14,517,0.00464792
hswish_prior_JSWMB8.pt,14,496,0.004614439999999998
hswish_prior_2G9D2E.pt,7,251,0.00457526
hswish_prior_BQWVJ3.pt,28,128,0.004505220000000001
hswish_prior_YT4VRU.pt,7,1159,0.00506548
hswish_prior_XLXFVV.pt,112,56,0.0045952200000000006
hswish_prior_OMXV5N.pt,28,252,0.004581900000000001
hswish_prior_QWPVEI.pt,7,9,0.0045794600000000005
hswish_prior_14A2MB.pt,28,176,0.004588020000000001
hswish_prior_Q27ZQD.pt,3,9,0.0045691399999999984
hswish_prior_EPTC21.pt,7,137,0.004475879999999999
hswish_prior_IGLNW7.pt,7,138,0.0045514
hswish_prior_C8KS93.pt,14,493,0.004567679999999999
hswish_prior_RR1TYS.pt,14,4,0.004524320000000001
hswish_prior_5VVQBA.pt,112,70,0.00460622
hswish_prior_6G4UHZ.pt,14,162,0.004541000000000001
hswish_prior_V88IW0.pt,28,503,0.004589039999999999
hswish_prior_NQERO8.pt,112,497,0.004596219999999999
hswish_prior_NWTG3V.pt,28,203,0.0045604600000000006
hswish_prior_RH8DCA.pt,28,523,0.00453538
hswish_prior_VH8ARV.pt,14,147,0.0045149000000000005
hswish_prior_1YJL06.pt,7,99,0.004527600000000001
hswish_prior_9MI7Q7.pt,14,117,0.00458742
hswish_prior_JHLKZ8.pt,7,2024,0.00462248
hswish_prior_75L1MO.pt,28,453,0.0045567
hswish_prior_L657SA.pt,7,9,0.004504279999999999
hswish_prior_ELF8CE.pt,224,1155,0.004551980000000001
hswish_prior_7I9FLA.pt,56,50,0.004601439999999999
hswish_prior_HM22KR.pt,56,512,0.004803980000000001
hswish_prior_GNVIDN.pt,1,40,0.0044691999999999996
hswish_prior_WM74H0.pt,14,214,0.004549259999999999
hswish_prior_SNF8QA.pt,14,7,0.004573539999999999
hswish_prior_KCA4MO.pt,14,456,0.0045235599999999985
hswish_prior_BM0V9W.pt,112,25,0.005073320000000001
hswish_prior_6GGDPN.pt,56,18,0.005050560000000001
hswish_prior_4UQA56.pt,56,1148,0.00458536
hswish_prior_63RAXW.pt,14,126,0.0045772
hswish_prior_111QL4.pt,112,210,0.00457794
hswish_prior_YFZ0SH.pt,14,256,0.004513439999999999
hswish_prior_8TD0B9.pt,14,51,0.00456138
hswish_prior_C5RBU9.pt,14,979,0.004581699999999999
hswish_prior_T175X8.pt,14,226,0.0052996599999999994
hswish_prior_ULATMW.pt,28,18,0.0045360999999999995
hswish_prior_A8C126.pt,112,54,0.00473482
hswish_prior_OUJVWJ.pt,56,760,0.004556360000000001
hswish_prior_WV5PA6.pt,112,104,0.004645540000000001
hswish_prior_0QEOSN.pt,7,502,0.0051477
hswish_prior_87580D.pt,14,217,0.004544199999999999
hswish_prior_SC2COP.pt,14,57,0.00453802
hswish_prior_2HXG6M.pt,56,29,0.0045690600000000015
hswish_prior_4LJR09.pt,14,1041,0.004625740000000001
hswish_prior_M93KQL.pt,28,289,0.0046458199999999976
hswish_prior_AB47DY.pt,56,96,0.004562199999999999
hswish_prior_B3T1BW.pt,14,1001,0.00502988
hswish_prior_LDYJPE.pt,112,55,0.004566659999999999
hswish_prior_DK5MWV.pt,14,186,0.004571040000000001
hswish_prior_YBEX87.pt,28,659,0.00460252
hswish_prior_5N759K.pt,56,7,0.004523880000000001
hswish_prior_KMCM8I.pt,112,312,0.0045679200000000005
hswish_prior_II7IR9.pt,112,130,0.004655460000000001
hswish_prior_8XRH0F.pt,28,851,0.004610920000000001
hswish_prior_YOS5CJ.pt,14,128,0.00456236
hswish_prior_SGEE4X.pt,28,549,0.00466744
hswish_prior_EDEW16.pt,14,125,0.00454604
hswish_prior_1TP81I.pt,28,764,0.00456786
hswish_prior_FX9C1A.pt,3,237,0.00456336
hswish_prior_B77EUC.pt,28,105,0.004595900000000001
hswish_prior_EBU0UM.pt,14,73,0.00455366
hswish_prior_WDG6XO.pt,7,1019,0.004577880000000001
hswish_prior_TIT70M.pt,28,111,0.004546339999999999
hswish_prior_IXP55X.pt,7,517,0.004666780000000001
hswish_prior_YYQ3MW.pt,112,185,0.004576620000000002
hswish_prior_UPFSUO.pt,28,41,0.005131220000000001
hswish_prior_SKNY7L.pt,14,362,0.0046243
hswish_prior_8WTNGN.pt,56,21,0.0050393
hswish_prior_3XK8S1.pt,112,159,0.004627880000000001
hswish_prior_ZITZ6L.pt,112,201,0.00450858
hswish_prior_K2Y3ID.pt,14,261,0.004537760000000001
hswish_prior_TEUSHE.pt,28,43,0.004564079999999999
hswish_prior_KG0IOY.pt,28,66,0.0045509
hswish_prior_LAFF86.pt,112,21,0.004565240000000001
hswish_prior_GJHE24.pt,14,122,0.00455398
hswish_prior_1FDJXS.pt,14,131,0.0045355000000000005
hswish_prior_07VXX1.pt,7,1130,0.00451764
hswish_prior_LNWFW2.pt,7,426,0.004526299999999999
hswish_prior_TZJLCG.pt,56,42,0.004559519999999998
hswish_prior_XVX58V.pt,14,122,0.00454992
hswish_prior_5ET6LV.pt,14,51,0.0045578400000000005
hswish_prior_EG0JMN.pt,1,526,0.0045396
hswish_prior_XK3JG5.pt,28,164,0.004664099999999999
hswish_prior_UAZ0N2.pt,14,41,0.00453526
hswish_prior_5JC89I.pt,28,188,0.004597640000000001
hswish_prior_TICZE0.pt,112,220,0.00455082
hswish_prior_T6LOG7.pt,28,54,0.004604720000000001
hswish_prior_31H36X.pt,56,1296,0.00454916
hswish_prior_EQGGMS.pt,56,526,0.0046153999999999995
hswish_prior_568YDE.pt,7,442,0.00460956
hswish_prior_XZFBUP.pt,56,118,0.004583319999999999
hswish_prior_XOHDGS.pt,56,56,0.004692999999999998
hswish_prior_FKPS02.pt,7,268,0.004557780000000001
hswish_prior_9SR9D0.pt,14,584,0.00454332
hswish_prior_SPGNG8.pt,14,214,0.004506419999999999
hswish_prior_J4UJHQ.pt,28,125,0.00501948
hswish_prior_URVAGJ.pt,28,696,0.00465794
hswish_prior_2N0IKI.pt,112,42,0.00513894
hswish_prior_H6AB55.pt,56,1801,0.00445922
hswish_prior_5KKFXX.pt,14,25,0.00452548
hswish_prior_20WLC8.pt,56,18,0.004657260000000001
hswish_prior_AK17BE.pt,56,1029,0.0045723000000000005
hswish_prior_531L5I.pt,14,194,0.0045665800000000015
hswish_prior_S9JZH6.pt,56,1026,0.004594819999999998
hswish_prior_WVVTV8.pt,7,209,0.004633720000000001
hswish_prior_QCYOBZ.pt,56,492,0.004600580000000001
hswish_prior_9ICQRF.pt,14,105,0.004580699999999999
hswish_prior_3PYPV0.pt,3,508,0.00455112
hswish_prior_1S8RQJ.pt,28,55,0.004493219999999999
hswish_prior_28E0UY.pt,14,84,0.00454348
hswish_prior_36FF2X.pt,14,481,0.00459502
hswish_prior_NHDE3Q.pt,14,504,0.00459466
hswish_prior_SIUW5B.pt,14,246,0.004533000000000001
hswish_prior_N7IAOX.pt,14,770,0.004581899999999999
hswish_prior_3941VB.pt,28,1018,0.004625980000000001
hswish_prior_6J5J1S.pt,56,118,0.004636520000000001
hswish_prior_72N527.pt,14,681,0.004546959999999999
hswish_prior_174QHP.pt,14,195,0.004521899999999999
hswish_prior_X8590H.pt,14,435,0.004521340000000001
hswish_prior_AER64W.pt,14,65,0.004544920000000002
hswish_prior_7G640W.pt,112,167,0.004704259999999999
hswish_prior_4YZFBS.pt,1,482,0.0044779200000000016
hswish_prior_WQZSF9.pt,14,1040,0.00461544
hswish_prior_I2T0GU.pt,28,531,0.00457804
hswish_prior_R4B6P1.pt,14,165,0.004531000000000001
hswish_prior_GEY36K.pt,14,92,0.004542579999999999
hswish_prior_QFXLGX.pt,112,1030,0.00460814
hswish_prior_SF5CYJ.pt,56,114,0.004495139999999999
hswish_prior_4VT6I3.pt,112,163,0.004633019999999999
hswish_prior_2XOHMD.pt,7,200,0.00462432
hswish_prior_3ET1W3.pt,7,83,0.004586939999999999
hswish_prior_0VSU1C.pt,14,143,0.0045479200000000004
hswish_prior_GTBR9W.pt,28,146,0.00458634
hswish_prior_RTKZXG.pt,224,34,0.00457826
hswish_prior_ROG7JM.pt,1,154,0.004572339999999999
hswish_prior_3NQCML.pt,14,289,0.00450218
hswish_prior_21TQSS.pt,14,246,0.0045288
hswish_prior_SZZMTP.pt,56,173,0.00470938
hswish_prior_UN6X40.pt,14,6,0.0045352199999999995
hswish_prior_Q32ILL.pt,14,2051,0.004593419999999999
hswish_prior_J34M39.pt,14,142,0.0045458600000000005
hswish_prior_ZNLX2V.pt,56,104,0.004486340000000001
hswish_prior_U3OPLU.pt,28,136,0.0045758599999999984
hswish_prior_ZZPJEZ.pt,28,150,0.004564059999999998
hswish_prior_DIV669.pt,28,122,0.004580419999999999
hswish_prior_E2FZHG.pt,28,486,0.004567960000000001
hswish_prior_4F7CXI.pt,3,131,0.0045760800000000015
hswish_prior_YQ7PK0.pt,7,231,0.004571260000000001
hswish_prior_ZG9EWL.pt,28,413,0.004792339999999999
hswish_prior_4HL1RU.pt,14,2104,0.0045613400000000005
hswish_prior_2RSPTA.pt,14,1018,0.004642300000000001
hswish_prior_FJLCTN.pt,112,41,0.0045812199999999996
hswish_prior_BE2PSJ.pt,56,503,0.004625559999999998
hswish_prior_T3HXBI.pt,28,1181,0.004582139999999999
hswish_prior_I96MMZ.pt,14,111,0.0045320199999999995
hswish_prior_VLXVOP.pt,14,128,0.004538799999999999
hswish_prior_4KYPGQ.pt,224,97,0.004609180000000002
hswish_prior_7KV50D.pt,7,428,0.00454524
hswish_prior_LPS0GJ.pt,14,62,0.00455372
hswish_prior_BT9DP4.pt,56,219,0.004610759999999999
hswish_prior_W11WBY.pt,14,204,0.004594
hswish_prior_OEJKWZ.pt,14,448,0.00457166
hswish_prior_90YFNC.pt,112,242,0.0046058
hswish_prior_CO0BBF.pt,7,687,0.004600480000000001
hswish_prior_98FXBZ.pt,14,255,0.00454634
hswish_prior_N4I07G.pt,28,302,0.0046187
hswish_prior_LQZ2LT.pt,14,203,0.004515
hswish_prior_0R6LVO.pt,14,784,0.00468576
hswish_prior_RMSB4W.pt,28,1088,0.0047237799999999995
hswish_prior_O42JRR.pt,56,14,0.00461156
hswish_prior_YI8L94.pt,14,221,0.004530039999999998
hswish_prior_SE17N5.pt,14,504,0.004568740000000001
hswish_prior_IPGWXA.pt,112,514,0.0045383
hswish_prior_6NPE5Y.pt,3,154,0.004533200000000002
hswish_prior_F4TRX2.pt,56,5,0.004533880000000001
hswish_prior_4O6RO9.pt,56,229,0.0046557
hswish_prior_0GKKR8.pt,14,271,0.00462578
hswish_prior_QJETYF.pt,28,541,0.0045793000000000006
hswish_prior_KRT9ML.pt,7,8,0.004568259999999999
hswish_prior_QCK591.pt,56,991,0.00453842
hswish_prior_CVL9GW.pt,7,229,0.004586199999999999
hswish_prior_Z1HYKB.pt,56,490,0.004609359999999999
hswish_prior_386HRP.pt,14,409,0.00457642
hswish_prior_2J9ZIM.pt,14,505,0.004534420000000001
hswish_prior_DSFOUR.pt,7,115,0.0045687
hswish_prior_74B7OY.pt,7,1062,0.00451148
hswish_prior_IFP8TJ.pt,28,815,0.00456394
hswish_prior_SCJTCL.pt,14,130,0.0045292399999999995
hswish_prior_9FO7SQ.pt,14,215,0.00455502
hswish_prior_K38SSE.pt,112,766,0.004606099999999998
hswish_prior_8VFNA7.pt,28,532,0.0045473
hswish_prior_ZFERLK.pt,28,39,0.00456784
hswish_prior_NZTWVB.pt,56,123,0.004563499999999999
hswish_prior_IRGSSO.pt,14,292,0.004559980000000001
hswish_prior_3ADDK5.pt,28,18,0.004585159999999999
hswish_prior_ONN47Q.pt,28,44,0.004549680000000001
hswish_prior_FISJ5H.pt,28,35,0.004518900000000001
hswish_prior_H7S1B1.pt,14,130,0.004555580000000001
hswish_prior_L3EWM0.pt,56,216,0.004661380000000001
hswish_prior_NW5QU4.pt,14,211,0.004548039999999999
hswish_prior_2YYM1U.pt,7,389,0.004579420000000001
hswish_prior_Q4NWFH.pt,7,271,0.004624679999999999
hswish_prior_6OJPWJ.pt,56,34,0.004668879999999999
hswish_prior_UZIRX4.pt,56,93,0.004557740000000002
hswish_prior_CTUYDN.pt,112,1964,0.004576719999999999
hswish_prior_8SWRFB.pt,14,134,0.00456102
hswish_prior_NVEZQE.pt,56,289,0.0046935
hswish_prior_X7YVPZ.pt,56,58,0.00460866
hswish_prior_90QBFA.pt,7,930,0.00453726
hswish_prior_UM7R0S.pt,56,425,0.00462232
hswish_prior_XS6CH3.pt,56,53,0.004631960000000001
hswish_prior_WZ08IB.pt,14,19,0.00465644
hswish_prior_IM3D2P.pt,7,11,0.0045698599999999985
hswish_prior_SLF490.pt,14,237,0.00460992
hswish_prior_AI84G8.pt,112,142,0.004569599999999998
hswish_prior_VHE19W.pt,28,6,0.00457816
hswish_prior_1HCWKF.pt,7,97,0.004554319999999999
hswish_prior_2V3QI1.pt,56,522,0.004598840000000001
hswish_prior_O0I8I4.pt,14,238,0.005285840000000001
hswish_prior_L789QO.pt,14,127,0.0045613799999999986
hswish_prior_TD65SG.pt,56,230,0.0047721199999999995
hswish_prior_EPWGZ2.pt,56,248,0.0046536
hswish_prior_HG7905.pt,28,162,0.0045682399999999995
hswish_prior_PK2X4I.pt,14,137,0.00452552
hswish_prior_H7TVZO.pt,28,91,0.004532959999999999
hswish_prior_AGSZ0C.pt,14,36,0.004552840000000001
hswish_prior_EA2CVD.pt,7,2049,0.00457166
hswish_prior_G5DZWC.pt,14,22,0.0045563999999999995
hswish_prior_ALR327.pt,28,175,0.0045659
hswish_prior_WKJ2RY.pt,28,44,0.00454186
hswish_prior_01M71B.pt,7,1018,0.004558
hswish_prior_JE8KVA.pt,28,246,0.004688559999999998
hswish_prior_W2UD5U.pt,112,135,0.00463086
hswish_prior_BRWD8B.pt,7,19,0.004531739999999999
hswish_prior_U7IUWB.pt,14,133,0.00463818
hswish_prior_4U70KM.pt,56,498,0.004586259999999999
hswish_prior_6WIODL.pt,56,190,0.0046634
hswish_prior_XX6SAU.pt,28,863,0.004639860000000001
hswish_prior_GTKE9F.pt,3,521,0.0045677800000000005
hswish_prior_W5NC9N.pt,28,143,0.00509956
hswish_prior_XHMA01.pt,7,142,0.005006520000000001
hswish_prior_ZDNZKY.pt,56,253,0.004653259999999999
hswish_prior_E7LCEE.pt,7,1843,0.004601119999999999
hswish_prior_PDO6HH.pt,14,125,0.00454282
hswish_prior_YZ5YHK.pt,14,65,0.00454948
hswish_prior_QO4DST.pt,28,15,0.0045432400000000005
hswish_prior_HZPKDF.pt,14,233,0.0045520399999999985
hswish_prior_9MNML9.pt,112,1502,0.004619860000000001
hswish_prior_A0WB9D.pt,14,496,0.005027960000000001
hswish_prior_NBQC13.pt,7,4,0.004504739999999999
hswish_prior_BS53JY.pt,14,134,0.00506808
hswish_prior_J47DZC.pt,56,204,0.00473344
hswish_prior_S3E7JP.pt,14,130,0.00456498
hswish_prior_VP7QXN.pt,28,230,0.00462818
hswish_prior_54Z2Q5.pt,28,62,0.0046278
hswish_prior_9QTBHO.pt,28,91,0.004536780000000001
hswish_prior_9HAX8V.pt,28,80,0.0045343200000000005
hswish_prior_OUZRHW.pt,14,61,0.004550279999999999
hswish_prior_S0MBHG.pt,14,1014,0.0046651
hswish_prior_0E97FP.pt,7,154,0.004525299999999999
hswish_prior_L3KC6O.pt,7,301,0.00459734
hswish_prior_T7M2R0.pt,112,522,0.004862079999999999
hswish_prior_2YWQ3U.pt,14,532,0.004560080000000001
hswish_prior_MHFGN6.pt,28,75,0.0052079399999999994
hswish_prior_X7C3G5.pt,56,587,0.00455516
hswish_prior_XDH7JP.pt,28,782,0.0046685
hswish_prior_55EN5S.pt,14,184,0.00456436
hswish_prior_P1KMUM.pt,28,55,0.004559140000000001
hswish_prior_LQK8UX.pt,112,127,0.004586620000000001
hswish_prior_U5JAI5.pt,28,183,0.004602739999999998
hswish_prior_VZVSUO.pt,28,975,0.0046036
hswish_prior_P7W6MW.pt,28,70,0.004889380000000001
hswish_prior_VWX5FB.pt,14,33,0.004539739999999999
hswish_prior_71R5KD.pt,14,180,0.004539379999999999
hswish_prior_WODO1Z.pt,28,1289,0.0045801
hswish_prior_WOV5C6.pt,14,167,0.0045267400000000005
hswish_prior_4VYVD5.pt,28,192,0.00459572
hswish_prior_AMZEK4.pt,14,3,0.0045645600000000005
hswish_prior_B5YFCJ.pt,14,473,0.004569740000000001
hswish_prior_5KF9ZK.pt,7,479,0.004544599999999999
hswish_prior_21R5HF.pt,3,534,0.00457934
hswish_prior_0XTJ2Y.pt,28,45,0.00452268
hswish_prior_ECET42.pt,28,800,0.004688200000000001
hswish_prior_DUS7UH.pt,14,269,0.00453338
hswish_prior_X8RA6A.pt,14,559,0.004628179999999998
hswish_prior_ZF0BSK.pt,28,265,0.004571599999999999
hswish_prior_6BZ5TZ.pt,56,130,0.00450984
hswish_prior_KSHNDW.pt,112,195,0.004593220000000001
hswish_prior_7EPAJN.pt,7,539,0.004519399999999999
hswish_prior_03L7SC.pt,56,121,0.0045774599999999985
hswish_prior_8LD3AZ.pt,56,1884,0.0046454400000000015
hswish_prior_21NGB4.pt,28,495,0.004558639999999999
hswish_prior_1FLRXW.pt,112,405,0.0045921
hswish_prior_ETLU09.pt,56,445,0.004575620000000001
hswish_prior_4ZI443.pt,28,778,0.00459934
hswish_prior_6M8F6W.pt,112,989,0.00506026
hswish_prior_R4BRIH.pt,7,230,0.004547120000000001
hswish_prior_O1FVTP.pt,14,477,0.004575619999999999
hswish_prior_QIS8WF.pt,14,2008,0.00458162
hswish_prior_UFOTSG.pt,14,176,0.0045150799999999994
hswish_prior_8DYI1F.pt,14,378,0.0050973999999999985
hswish_prior_KRWSMG.pt,112,132,0.0045381
hswish_prior_XIMWZ6.pt,112,49,0.004606860000000001
hswish_prior_82S4UN.pt,7,189,0.004569080000000001
hswish_prior_51WNUR.pt,112,187,0.004553260000000001
hswish_prior_2FK6SR.pt,14,531,0.004543640000000001
hswish_prior_8KUEPH.pt,56,1012,0.004570080000000001
hswish_prior_AVDP2Y.pt,28,195,0.00459298
hswish_prior_BUT1I6.pt,14,424,0.004549060000000001
hswish_prior_FVKORA.pt,56,67,0.00460656
hswish_prior_HGORIJ.pt,14,225,0.00456484
hswish_prior_66XWYW.pt,14,200,0.004485039999999999
hswish_prior_SP3PUG.pt,56,1017,0.0045763999999999996
hswish_prior_C8I61T.pt,7,150,0.004590500000000001
hswish_prior_O9UGJ6.pt,28,67,0.00463368
hswish_prior_5XSA1Q.pt,7,510,0.0045508400000000004
hswish_prior_CJ86U5.pt,7,224,0.004557519999999999
hswish_prior_VXB0AO.pt,14,199,0.004539939999999999
hswish_prior_WT6NXW.pt,28,1254,0.00458788
hswish_prior_WHXNAY.pt,56,129,0.00455304
hswish_prior_8EDOQL.pt,7,200,0.004549419999999999
hswish_prior_PLXNZ7.pt,56,91,0.004556020000000001
hswish_prior_53R99T.pt,7,184,0.004516780000000001
hswish_prior_YS6EUJ.pt,7,522,0.004571880000000002
hswish_prior_CHDJQF.pt,14,756,0.004663279999999999
hswish_prior_0JDNFV.pt,28,527,0.004571819999999999
hswish_prior_SI80WJ.pt,28,102,0.00460794
hswish_prior_CUTUA7.pt,14,117,0.004576880000000001
hswish_prior_927ZWA.pt,14,838,0.00466754
hswish_prior_LBLDDL.pt,7,141,0.0045636400000000025
hswish_prior_MYLPM8.pt,28,37,0.00456486
hswish_prior_OW7ECO.pt,56,50,0.0045885
hswish_prior_4M8AFX.pt,14,591,0.004713279999999999
hswish_prior_AOPMDB.pt,14,150,0.004531540000000001
hswish_prior_GKNOJB.pt,14,814,0.00466976
hswish_prior_UHHBHS.pt,56,196,0.00511018
hswish_prior_YJBWU9.pt,56,109,0.0045639999999999995
hswish_prior_5LDDSF.pt,28,1272,0.004621120000000001
hswish_prior_VPPPSJ.pt,14,124,0.00453038
hswish_prior_S0DSOA.pt,14,222,0.00467802
hswish_prior_Q78I8V.pt,28,770,0.004710060000000001
hswish_prior_9VAJ9K.pt,7,504,0.004580459999999999
hswish_prior_6L7UGQ.pt,112,197,0.00459296
hswish_prior_ME1YGO.pt,3,1162,0.00458808
hswish_prior_DVR1EW.pt,14,264,0.0045565
hswish_prior_6RXLTW.pt,7,25,0.0045257399999999995
hswish_prior_TOQC69.pt,14,87,0.00452754
hswish_prior_T05SNB.pt,7,15,0.004536779999999999
hswish_prior_ECT7M8.pt,1,164,0.00457612
hswish_prior_6MS3KB.pt,7,54,0.004590780000000001
hswish_prior_DG1585.pt,28,126,0.0045592
hswish_prior_851AQA.pt,14,9,0.00453994
hswish_prior_MQI5H1.pt,14,5,0.0045953
hswish_prior_DO3RXY.pt,14,167,0.004521659999999998
hswish_prior_WS9KST.pt,112,395,0.004605260000000001
hswish_prior_FS06RJ.pt,7,74,0.004558339999999999
hswish_prior_RHQXKZ.pt,56,7,0.0045937
hswish_prior_9YE4NK.pt,56,259,0.004601459999999999
hswish_prior_73DK18.pt,14,201,0.004748680000000001
hswish_prior_PRP2RO.pt,14,521,0.0045711
hswish_prior_EK6MPO.pt,7,125,0.00455916
hswish_prior_H1X7GA.pt,14,426,0.00461672
hswish_prior_4YFB7G.pt,14,429,0.0045790399999999995
hswish_prior_RUB7SK.pt,56,179,0.0046895
hswish_prior_23LTAH.pt,14,14,0.004569019999999998
hswish_prior_C1XL8X.pt,28,152,0.004590380000000001
hswish_prior_9K3B76.pt,7,145,0.0045542399999999985
hswish_prior_FA8X6O.pt,224,502,0.004602120000000002
hswish_prior_0KGXDU.pt,112,840,0.004592980000000001
hswish_prior_X7RF7L.pt,14,970,0.0046242800000000014
hswish_prior_F2IXNT.pt,56,802,0.004563979999999999
hswish_prior_7JZMOQ.pt,14,240,0.004573660000000002
hswish_prior_VRJBH4.pt,7,242,0.00458742
hswish_prior_MM1FTD.pt,28,258,0.004611280000000001
hswish_prior_6RPWON.pt,14,254,0.004519240000000001
hswish_prior_04JE6Q.pt,7,914,0.0045343
hswish_prior_A9C33A.pt,14,142,0.004650540000000002
hswish_prior_0VXNZL.pt,28,54,0.00449652
hswish_prior_X0QEX4.pt,28,51,0.004533080000000001
hswish_prior_8W1LH9.pt,7,263,0.0045355399999999985
hswish_prior_YQRKN8.pt,224,75,0.004536200000000001
hswish_prior_8G51QQ.pt,14,2108,0.0044982799999999995
hswish_prior_HC2TX1.pt,28,419,0.004602660000000001
hswish_prior_Z0XMZW.pt,28,127,0.004681680000000002
hswish_prior_VEVR88.pt,7,59,0.004663340000000001
hswish_prior_73MGCT.pt,28,216,0.00476312
hswish_prior_9MFB6L.pt,28,343,0.00462786
hswish_prior_LI67B9.pt,14,159,0.00464162
hswish_prior_CXEG3U.pt,14,133,0.004653960000000001
hswish_prior_K2V60V.pt,14,31,0.0046598
hswish_prior_SPH99D.pt,7,148,0.00455192
hswish_prior_X0SW2T.pt,14,85,0.00455682
hswish_prior_PQRG14.pt,14,70,0.004559459999999999
hswish_prior_6KWQ5X.pt,28,220,0.004597440000000001
hswish_prior_HSQ901.pt,28,71,0.0045496799999999995
hswish_prior_ATQ86T.pt,28,1152,0.004622779999999999
hswish_prior_AJXMNI.pt,112,440,0.004514499999999999
hswish_prior_NKRV4J.pt,14,155,0.004549039999999999
hswish_prior_2M59C9.pt,14,32,0.004559680000000001
hswish_prior_01U7Q9.pt,7,32,0.00453596
hswish_prior_10FBCN.pt,28,651,0.0046266400000000004
hswish_prior_5CF22C.pt,7,121,0.0045482399999999985
hswish_prior_2I9AZ6.pt,14,205,0.0045386
hswish_prior_2AMKPR.pt,14,181,0.004594960000000002
hswish_prior_JJ7PM0.pt,14,80,0.004764260000000001
hswish_prior_ZYW5MH.pt,7,2020,0.00456112
hswish_prior_T6E80I.pt,224,167,0.00460064
hswish_prior_I7X79P.pt,14,198,0.004657659999999999
hswish_prior_EOIJHT.pt,112,971,0.004594719999999999
hswish_prior_WFSKW5.pt,7,264,0.004609340000000001
hswish_prior_OY92E5.pt,7,68,0.004609859999999999
hswish_prior_0QGY8U.pt,28,193,0.004583959999999999
hswish_prior_YWPF1H.pt,28,516,0.00456504
hswish_prior_3KUI2L.pt,14,999,0.00464358
hswish_prior_RO88R8.pt,56,257,0.004682720000000001
hswish_prior_1SFZK7.pt,28,268,0.004583680000000001
hswish_prior_M7CT66.pt,14,538,0.004516300000000001
hswish_prior_7D2UKP.pt,14,1366,0.004612419999999999
hswish_prior_KFBI7N.pt,7,43,0.0046032
hswish_prior_F8EFOS.pt,3,477,0.004531800000000002
hswish_prior_XR7TLU.pt,14,167,0.0045584399999999995
hswish_prior_ID2JNJ.pt,56,959,0.00460578
hswish_prior_FLWWKE.pt,112,1177,0.0046511799999999996
hswish_prior_JL2AAG.pt,112,180,0.004580939999999999
hswish_prior_QBLTV4.pt,28,207,0.004609059999999999
hswish_prior_WA1IUA.pt,112,38,0.00454214
hswish_prior_6R6OJW.pt,56,255,0.004583019999999998
hswish_prior_ZCOWCL.pt,112,134,0.0045712800000000005
hswish_prior_F8N25R.pt,28,216,0.004570400000000001
hswish_prior_2BFSA2.pt,14,212,0.004561740000000001
hswish_prior_IDR55M.pt,56,180,0.00462822
hswish_prior_LJUWRS.pt,1,155,0.0045267
hswish_prior_I831UU.pt,7,539,0.004552400000000001
hswish_prior_ZS48OC.pt,28,207,0.004591520000000001
hswish_prior_BZ90H5.pt,7,642,0.00450598
hswish_prior_6N6JWV.pt,56,495,0.0046145000000000005
hswish_prior_YJYCGO.pt,56,13,0.004543040000000001
hswish_prior_MJJY0B.pt,28,140,0.0045758
hswish_prior_G606J8.pt,28,98,0.00461512
hswish_prior_QB1HWA.pt,14,30,0.00454564
hswish_prior_Q10HHL.pt,7,1928,0.004578919999999999
hswish_prior_FLEBOX.pt,14,1181,0.00460014
hswish_prior_JT6KEB.pt,7,208,0.0045422200000000005
hswish_prior_Z48E4V.pt,14,203,0.004655160000000002
hswish_prior_T8I1IV.pt,14,10,0.0045822400000000004
hswish_prior_UUWNBQ.pt,56,502,0.004624339999999999
hswish_prior_RIMSH6.pt,28,187,0.00460118
hswish_prior_JPLBYM.pt,7,194,0.0045461799999999995
hswish_prior_CALZH7.pt,28,172,0.00457484
hswish_prior_7O6P1J.pt,3,213,0.00461954
hswish_prior_GY3YWJ.pt,28,155,0.004525919999999999
hswish_prior_9W9Z8X.pt,14,30,0.004669680000000002
hswish_prior_YBLOCX.pt,3,498,0.00456614
hswish_prior_4HU22Q.pt,28,26,0.004551479999999999
hswish_prior_AJHLOV.pt,112,228,0.004613619999999999
hswish_prior_L3XV4B.pt,56,2031,0.004615680000000001
hswish_prior_2XZ9TE.pt,14,522,0.0045606200000000005
hswish_prior_GZ5YW1.pt,28,1047,0.004589900000000001
hswish_prior_SR9D9L.pt,3,46,0.0045320199999999995
hswish_prior_ZY7QQP.pt,14,272,0.0045918800000000004
hswish_prior_G53R87.pt,14,162,0.00456958
hswish_prior_WAUC11.pt,14,242,0.00456904
hswish_prior_O01E3Z.pt,56,193,0.004599980000000001
hswish_prior_QNGODR.pt,28,37,0.004546379999999999
hswish_prior_EM66CS.pt,28,5,0.004573720000000001
hswish_prior_OIVYQX.pt,56,494,0.004679119999999999
hswish_prior_GZ0DSX.pt,14,115,0.004561580000000001
hswish_prior_XM9R06.pt,28,234,0.004654160000000001
hswish_prior_G7NEIJ.pt,14,254,0.004544840000000001
hswish_prior_LXJUZS.pt,56,1433,0.004607840000000002
hswish_prior_56W5U1.pt,112,515,0.004623659999999999
hswish_prior_LA3Q2B.pt,7,968,0.00461126
hswish_prior_5YO4JO.pt,14,336,0.004682819999999999
hswish_prior_4OJU5M.pt,28,476,0.00462096
hswish_prior_LGL9Y9.pt,56,115,0.0046752600000000005
hswish_prior_QL50RV.pt,28,12,0.0045693800000000005
hswish_prior_I48LB6.pt,1,13,0.00455222
hswish_prior_Y2E35D.pt,7,524,0.004564660000000001
hswish_prior_M208C1.pt,14,4,0.00454236
hswish_prior_5SRZST.pt,14,116,0.00459276
hswish_prior_NCES3L.pt,28,211,0.004624680000000001
hswish_prior_F8VCNF.pt,14,390,0.00453914
hswish_prior_GQIUVD.pt,14,527,0.00469254
hswish_prior_FPYQG3.pt,7,500,0.0047760400000000005
hswish_prior_9N161D.pt,14,541,0.004559599999999999
hswish_prior_BAG7OU.pt,7,162,0.00452772
hswish_prior_U193ON.pt,14,219,0.004587600000000001
hswish_prior_945FR5.pt,7,386,0.00459288
hswish_prior_KI2R31.pt,28,47,0.0046862200000000005
hswish_prior_EO6J0G.pt,112,24,0.004569179999999999
hswish_prior_PH8SS7.pt,1,524,0.00456946
hswish_prior_T58LHT.pt,14,1265,0.00465882
hswish_prior_QXZRUR.pt,7,488,0.0045445
hswish_prior_48QO7B.pt,7,131,0.0045474800000000004
hswish_prior_WZGLLY.pt,28,161,0.004575920000000001
hswish_prior_HS4U5Z.pt,112,829,0.004538159999999999
hswish_prior_JSTH9W.pt,1,498,0.004662299999999999
hswish_prior_A776S5.pt,56,44,0.0046024
hswish_prior_KG2691.pt,14,1184,0.004626179999999999
hswish_prior_724WTR.pt,14,440,0.004566300000000001
hswish_prior_PV5ZN7.pt,112,536,0.00463072
hswish_prior_QPECOQ.pt,14,2026,0.004556719999999999
hswish_prior_RYRG6F.pt,56,8,0.004496380000000001
hswish_prior_KOCPHE.pt,3,272,0.00455398
hswish_prior_4Z4LAW.pt,14,525,0.00452726
hswish_prior_CD2J0H.pt,14,102,0.00458636
hswish_prior_T664WT.pt,7,250,0.0044892
hswish_prior_2HQO8Z.pt,28,186,0.0045742000000000005
hswish_prior_3ODX3Y.pt,28,7,0.004545100000000002
hswish_prior_LOD6J3.pt,7,249,0.00455338
hswish_prior_3B8R2I.pt,7,19,0.0045622000000000015
hswish_prior_705KOM.pt,14,1751,0.004572739999999999
hswish_prior_PPIJRR.pt,7,258,0.00451868
hswish_prior_UZXLUL.pt,56,116,0.00457428
hswish_prior_150ZX2.pt,14,136,0.00456948
hswish_prior_RV33CK.pt,14,218,0.004558100000000001
hswish_prior_HPA2VB.pt,112,153,0.004751259999999999
hswish_prior_7UWK6L.pt,7,655,0.004587900000000001
hswish_prior_BC8OLD.pt,1,664,0.0045422399999999995
hswish_prior_7166PD.pt,14,139,0.004535440000000001
hswish_prior_QCUSRJ.pt,7,31,0.0045355199999999995
hswish_prior_SE4VPY.pt,3,215,0.0045722
hswish_prior_2NE5QA.pt,56,690,0.004550920000000002
hswish_prior_9JESBB.pt,14,33,0.00459566
hswish_prior_MJDTR8.pt,14,248,0.0045593
hswish_prior_2P40HQ.pt,56,27,0.004497279999999999
hswish_prior_9XVL74.pt,7,130,0.004594940000000001
hswish_prior_16MARG.pt,14,225,0.00455732
hswish_prior_N2K9NJ.pt,14,848,0.0045937999999999994
hswish_prior_XFYSBX.pt,56,141,0.004630860000000001
hswish_prior_VSYBVX.pt,14,89,0.004571339999999999
hswish_prior_F3EWFX.pt,224,251,0.00462962
hswish_prior_4Z4W70.pt,14,245,0.0045610600000000005
hswish_prior_3VBVRH.pt,14,229,0.0045559400000000005
hswish_prior_7OI5KR.pt,14,14,0.004581
hswish_prior_9SGQVE.pt,14,110,0.0045686599999999996
hswish_prior_D5TRRA.pt,56,1256,0.00460322
hswish_prior_SPT1Z8.pt,14,40,0.004563960000000001
hswish_prior_THKL5A.pt,7,87,0.00456756
hswish_prior_JKCL1V.pt,56,500,0.00463822
hswish_prior_2AGD7I.pt,14,703,0.004578540000000001
hswish_prior_WOW6VF.pt,28,112,0.00452508
hswish_prior_0A9U9Z.pt,112,36,0.004568280000000001
hswish_prior_OOWZGH.pt,7,210,0.00456974
hswish_prior_TBJ0UN.pt,28,54,0.004627019999999999
hswish_prior_1V0PFV.pt,28,181,0.0045895400000000005
hswish_prior_6JHR8X.pt,56,207,0.00466382
hswish_prior_68ZOOP.pt,14,47,0.00450462
hswish_prior_HQD907.pt,14,1163,0.00476198
hswish_prior_JIDOGH.pt,28,497,0.00457598
hswish_prior_C75D05.pt,56,130,0.00456278
hswish_prior_E4EZI1.pt,1,8,0.004586499999999999
hswish_prior_TYTUME.pt,28,32,0.0045798800000000014
hswish_prior_6LQD1D.pt,14,166,0.00457758
hswish_prior_VIGBWZ.pt,56,253,0.004609040000000001
hswish_prior_Z5S2DI.pt,28,450,0.00456998
hswish_prior_0KQN7X.pt,1,154,0.00467524
hswish_prior_PP14G8.pt,56,46,0.004632960000000002
hswish_prior_AMPBMG.pt,3,404,0.004605559999999999
hswish_prior_IQVJVJ.pt,28,986,0.00479164
hswish_prior_RH4T7X.pt,56,151,0.00456392
hswish_prior_X08YIZ.pt,14,265,0.004524520000000001
hswish_prior_NF2PB8.pt,28,1188,0.004565959999999999
hswish_prior_FZYP80.pt,28,204,0.0045993
hswish_prior_MSQ4ZB.pt,7,168,0.004541499999999999
hswish_prior_5OHRUU.pt,14,515,0.00452636
hswish_prior_9Q28XJ.pt,14,200,0.0045376
hswish_prior_261MHK.pt,28,431,0.004565200000000001
hswish_prior_UO2CHW.pt,112,693,0.0045540599999999995
hswish_prior_VCK0PK.pt,28,487,0.0045762999999999976
hswish_prior_UY3RBH.pt,28,1871,0.0045888199999999995
hswish_prior_859R86.pt,7,115,0.004577040000000001
hswish_prior_5UQOWS.pt,7,3,0.0045666399999999985
hswish_prior_K1BE7V.pt,7,498,0.00453908
hswish_prior_5SSTQT.pt,14,288,0.00452228
hswish_prior_Y05QG1.pt,14,518,0.004598779999999999
hswish_prior_NXLNNX.pt,112,136,0.004718279999999998
hswish_prior_81BCEY.pt,28,245,0.004586839999999998
hswish_prior_JLXOEP.pt,7,129,0.00455934
hswish_prior_E685XN.pt,14,500,0.0045876599999999995
hswish_prior_WL6FN3.pt,28,526,0.00456114
hswish_prior_C93X86.pt,112,272,0.004590920000000001
hswish_prior_0Y4UTT.pt,56,974,0.0046783799999999985
hswish_prior_0CO3V1.pt,28,258,0.00463748
hswish_prior_1BCA1G.pt,28,198,0.004574039999999999
hswish_prior_CMHQGP.pt,112,132,0.004579199999999999
hswish_prior_BQBHQN.pt,3,509,0.0045197399999999995
hswish_prior_MUL62F.pt,28,512,0.00455952
hswish_prior_41FBOW.pt,7,74,0.004536019999999999
hswish_prior_7AX8RZ.pt,112,234,0.0045995
hswish_prior_T6RZ6T.pt,7,507,0.0045225
hswish_prior_205ZIE.pt,28,141,0.00466002
hswish_prior_MTLOO0.pt,28,878,0.004613520000000001
hswish_prior_C4PIM2.pt,56,937,0.00458888
hswish_prior_K2DPEE.pt,28,60,0.00455262
hswish_prior_OVYA7G.pt,28,228,0.0046184
hswish_prior_4Z0BSE.pt,56,204,0.00471922
hswish_prior_M3I971.pt,56,1022,0.00465322
hswish_prior_12TLMC.pt,14,5,0.0045965400000000005
hswish_prior_WY8OI2.pt,28,200,0.004590220000000001
hswish_prior_XGPNPM.pt,14,192,0.00449632
hswish_prior_1H3HO9.pt,28,1020,0.00463314
hswish_prior_XER4XC.pt,28,434,0.004569
hswish_prior_RTXNY5.pt,112,50,0.00470388
hswish_prior_4BGP0T.pt,14,771,0.00463896
hswish_prior_2FMUAP.pt,14,12,0.00460046
hswish_prior_F9W5TZ.pt,7,178,0.00452024
hswish_prior_83WB3K.pt,28,818,0.004898639999999998
hswish_prior_ZAAGVK.pt,14,96,0.004516839999999999
hswish_prior_R69VAV.pt,14,197,0.00453944
hswish_prior_U14H7D.pt,28,48,0.0045598
hswish_prior_2YESOW.pt,3,536,0.00457386
hswish_prior_2J5TI0.pt,112,146,0.004587700000000001
hswish_prior_S0IB1Q.pt,56,389,0.004613839999999999
hswish_prior_920XEI.pt,28,21,0.004520679999999999
hswish_prior_WCUG33.pt,56,122,0.0045689
hswish_prior_4RNYW8.pt,112,2068,0.0045597400000000005
hswish_prior_FZ40ZQ.pt,56,527,0.004625839999999999
hswish_prior_DORFXC.pt,28,54,0.004449739999999998
hswish_prior_370ELM.pt,28,256,0.004683679999999998
hswish_prior_DLJX3G.pt,112,30,0.004539840000000001
hswish_prior_TKEE1Q.pt,28,36,0.004558360000000001
hswish_prior_P41MGY.pt,28,488,0.00457102
hswish_prior_8KE97M.pt,28,500,0.004590539999999999
hswish_prior_T4GPKY.pt,112,23,0.00453146
hswish_prior_GQEJTO.pt,28,148,0.0045676200000000005
hswish_prior_BKS1LF.pt,7,67,0.004578859999999999
hswish_prior_7P7Y10.pt,56,253,0.00464796
hswish_prior_MQ7CGC.pt,14,215,0.004508460000000001
hswish_prior_X2KBNF.pt,14,819,0.004591200000000001
hswish_prior_CU03YM.pt,14,182,0.0045007
hswish_prior_GVGKYD.pt,56,217,0.0046838999999999995
hswish_prior_PBYWQ1.pt,28,116,0.00456446
hswish_prior_JTZFAF.pt,28,106,0.00451686
hswish_prior_OYTJYV.pt,28,409,0.004563500000000002
hswish_prior_79D16K.pt,7,2130,0.004563620000000001
hswish_finegrained1_TH03DF.pt,112,127,0.00492254
hswish_finegrained1_QKU33B.pt,112,126,0.004618039999999999
hswish_finegrained1_W5SLOR.pt,112,174,0.004606139999999999
hswish_finegrained1_OS4JMV.pt,112,167,0.004557539999999999
hswish_finegrained1_3LJ6JF.pt,112,130,0.00459696
hswish_finegrained1_OWVYL3.pt,112,210,0.00456862
hswish_finegrained1_OELIBU.pt,112,183,0.0047259200000000015
hswish_finegrained1_VZF2SR.pt,112,192,0.00459452
hswish_finegrained1_WW2A6Q.pt,112,219,0.004579639999999999
hswish_finegrained1_QX6LFR.pt,112,251,0.004589360000000001
hswish_finegrained1_2R73G4.pt,112,120,0.004655899999999999
hswish_finegrained1_8CE0XP.pt,112,138,0.00456088
hswish_finegrained1_NAIIYS.pt,112,180,0.0046944000000000005
hswish_finegrained1_LMOV8F.pt,112,132,0.00460564
hswish_finegrained1_EXJYX0.pt,112,187,0.004630640000000001
hswish_finegrained1_WULTO2.pt,112,129,0.00463368
hswish_finegrained1_KW2FJW.pt,112,136,0.00466422
hswish_finegrained1_AYNU1R.pt,112,242,0.004554519999999999
hswish_finegrained1_LRQPQU.pt,112,233,0.0046332000000000005
hswish_finegrained1_DFH6NP.pt,112,249,0.00459218
hswish_finegrained1_98UWUE.pt,7,38,0.004567
hswish_finegrained1_FS5662.pt,7,32,0.004574860000000001
hswish_finegrained1_BDDJ47.pt,7,35,0.0045628000000000005
hswish_finegrained1_82YWXJ.pt,7,45,0.004573439999999999
hswish_finegrained1_IFIR10.pt,7,39,0.0045546399999999996
hswish_finegrained1_UNO8OR.pt,7,27,0.004572920000000001
hswish_finegrained1_0ELEKU.pt,7,29,0.00456082
hswish_finegrained1_MWMTPL.pt,7,42,0.004646139999999999
hswish_finegrained1_J1SA3V.pt,7,40,0.004601300000000001
hswish_finegrained1_YXSSW2.pt,7,48,0.004557460000000001
hswish_finegrained1_0NJNS4.pt,7,36,0.0045761199999999995
hswish_finegrained1_HZYQVP.pt,7,28,0.004607440000000001
hswish_finegrained1_ACVIOQ.pt,7,26,0.00502768
hswish_finegrained1_GVPYXE.pt,7,49,0.004511959999999999
hswish_finegrained1_2OVEFH.pt,7,46,0.0045436
hswish_finegrained1_NP61QD.pt,7,47,0.004510200000000001
hswish_finegrained1_CUKT2M.pt,7,25,0.004532619999999999
hswish_finegrained1_IBF4BS.pt,7,21,0.004531939999999999
hswish_finegrained1_V1IHK2.pt,7,43,0.004545220000000001
hswish_finegrained1_D4CRA0.pt,7,22,0.0045923199999999996
hswish_finegrained1_MCOEEI.pt,14,1078,0.004581159999999998
hswish_finegrained1_V9HZDQ.pt,14,804,0.004647939999999999
hswish_finegrained1_PIG7UT.pt,14,612,0.0045787000000000015
hswish_finegrained1_J2WC8J.pt,14,521,0.004991620000000001
hswish_finegrained1_89GMGB.pt,14,1016,0.004564480000000001
hswish_finegrained1_N0KESG.pt,14,884,0.0046241
hswish_finegrained1_MOH8MH.pt,14,770,0.004576339999999999
hswish_finegrained1_SGHI2H.pt,14,647,0.00457874
hswish_finegrained1_OUFO2W.pt,14,742,0.004565139999999999
hswish_finegrained1_SDWL0V.pt,14,758,0.00459488
hswish_finegrained1_5NBOK0.pt,14,760,0.00454572
hswish_finegrained1_AUXEB3.pt,14,1080,0.004568760000000001
hswish_finegrained1_D9OY80.pt,14,575,0.0045468999999999996
hswish_finegrained1_97SACW.pt,14,945,0.0047302199999999985
hswish_finegrained1_IG63SZ.pt,14,1013,0.00464834
hswish_finegrained1_0T0W3V.pt,14,700,0.00462534
hswish_finegrained1_13OF0W.pt,14,747,0.0045746599999999995
hswish_finegrained1_ZO82LR.pt,14,912,0.004599239999999999
hswish_finegrained1_05KQYO.pt,14,725,0.004573399999999998
hswish_finegrained1_OO6M6E.pt,14,773,0.004562740000000001
hswish_finegrained1_03BU83.pt,7,445,0.004513759999999999
hswish_finegrained1_CG5UCF.pt,7,551,0.00454082
hswish_finegrained1_5D6XH3.pt,7,544,0.004539119999999999
hswish_finegrained1_4FQTW8.pt,7,336,0.004571500000000002
hswish_finegrained1_OJUTQ1.pt,7,382,0.004558820000000001
hswish_finegrained1_QX9TTL.pt,7,324,0.004521219999999999
hswish_finegrained1_62IFW8.pt,7,451,0.0045629
hswish_finegrained1_KAKSB4.pt,7,274,0.00453146
hswish_finegrained1_49LW6S.pt,7,580,0.00450498
hswish_finegrained1_JT1CGB.pt,7,287,0.0045527
hswish_finegrained1_M9M05R.pt,7,477,0.00455982
hswish_finegrained1_KJW9ER.pt,7,258,0.004568359999999999
hswish_finegrained1_WNT0LU.pt,7,473,0.004527120000000001
hswish_finegrained1_WE6JKB.pt,7,553,0.0044993
hswish_finegrained1_FJVVF0.pt,7,400,0.00455928
hswish_finegrained1_4Q64EN.pt,7,439,0.00455112
hswish_finegrained1_6V48QH.pt,7,253,0.00456116
hswish_finegrained1_QMKFBH.pt,7,363,0.004498900000000001
hswish_finegrained1_83JZ04.pt,7,498,0.0046862399999999995
hswish_finegrained1_3KDMAT.pt,7,306,0.004525060000000001
hswish_finegrained1_26XS8P.pt,112,651,0.004612880000000001
hswish_finegrained1_9JH09K.pt,112,1288,0.00458622
hswish_finegrained1_UGJNY4.pt,112,1111,0.00458502
hswish_finegrained1_GJIDUM.pt,112,1077,0.0044607200000000005
hswish_finegrained1_6IJBQ7.pt,112,1078,0.004497480000000001
hswish_finegrained1_SZGL8B.pt,112,950,0.004605819999999999
hswish_finegrained1_3FI3FR.pt,112,1334,0.0045266399999999984
hswish_finegrained1_W7D9QJ.pt,112,1150,0.004593840000000002
hswish_finegrained1_KOY5GF.pt,112,711,0.00465724
hswish_finegrained1_3FOZOH.pt,112,603,0.004604780000000001
hswish_finegrained1_UA3B40.pt,112,1327,0.00459226
hswish_finegrained1_IL0FHW.pt,112,1360,0.004551759999999999
hswish_finegrained1_I95QZ4.pt,112,1048,0.00457898
hswish_finegrained1_18UKFW.pt,112,1295,0.004615640000000001
hswish_finegrained1_OHQEXK.pt,112,1019,0.0046308999999999986
hswish_finegrained1_QXKY2O.pt,112,656,0.004663519999999999
hswish_finegrained1_Z8H5WP.pt,112,745,0.004546960000000002
hswish_finegrained1_X5MGYA.pt,112,1128,0.00462272
hswish_finegrained1_YZTBHH.pt,112,1261,0.004585820000000001
hswish_finegrained1_S1JZSO.pt,112,1167,0.00462474
hswish_finegrained1_3F3767.pt,28,197,0.00459582
hswish_finegrained1_BS5MGH.pt,28,245,0.004577900000000001
hswish_finegrained1_MT01NI.pt,28,253,0.004664959999999998
hswish_finegrained1_UIBFRQ.pt,28,205,0.0046114200000000015
hswish_finegrained1_S5NBHT.pt,28,170,0.00456552
hswish_finegrained1_LH30S6.pt,28,139,0.00452836
hswish_finegrained1_3A5VVE.pt,28,150,0.004594200000000001
hswish_finegrained1_HPJ093.pt,28,207,0.00459246
hswish_finegrained1_MNAAN5.pt,28,230,0.004621139999999999
hswish_finegrained1_YBAELF.pt,28,189,0.004605859999999999
hswish_finegrained1_A4UJFW.pt,28,181,0.00469606
hswish_finegrained1_F2YVN0.pt,28,141,0.004519199999999999
hswish_finegrained1_2YW9TP.pt,28,163,0.004547060000000001
hswish_finegrained1_N2Q3PV.pt,28,211,0.004613979999999998
hswish_finegrained1_PSY46L.pt,28,266,0.004617660000000001
hswish_finegrained1_S0IS0C.pt,28,144,0.00456874
hswish_finegrained1_SDEJ5K.pt,28,214,0.00461576
hswish_finegrained1_SJB0PC.pt,28,185,0.00456434
hswish_finegrained1_376TI5.pt,28,217,0.004601580000000001
hswish_finegrained1_QFVC4V.pt,28,143,0.0046144800000000015
hswish_finegrained1_RPJ8N1.pt,56,132,0.004627119999999999
hswish_finegrained1_FUIIIS.pt,56,197,0.0046145000000000005
hswish_finegrained1_3DQF8E.pt,56,256,0.004607559999999999
hswish_finegrained1_64VXKG.pt,56,217,0.004612300000000001
hswish_finegrained1_RGV28B.pt,56,173,0.004696380000000001
hswish_finegrained1_71R7AL.pt,56,165,0.004600899999999998
hswish_finegrained1_IGW4UY.pt,56,219,0.0046437
hswish_finegrained1_KA3J36.pt,56,232,0.0046216
hswish_finegrained1_AQJWOX.pt,56,183,0.004699619999999999
hswish_finegrained1_AEUMU5.pt,56,115,0.0045010399999999996
hswish_finegrained1_CRD2XV.pt,56,175,0.0046706399999999985
hswish_finegrained1_LWI1M5.pt,56,174,0.004624939999999999
hswish_finegrained1_KHDP2R.pt,56,215,0.004612459999999999
hswish_finegrained1_KZGEP7.pt,56,179,0.0046537800000000015
hswish_finegrained1_47Q4PM.pt,56,128,0.004516319999999999
hswish_finegrained1_IGV9IY.pt,56,160,0.004682039999999999
hswish_finegrained1_37ZYIJ.pt,56,146,0.00451818
hswish_finegrained1_FD8B04.pt,56,169,0.004638999999999999
hswish_finegrained1_3Z86GH.pt,56,199,0.005172080000000001
hswish_finegrained1_NZ0MA1.pt,56,116,0.0045689
hswish_finegrained1_MC1DCN.pt,56,119,0.004570279999999999
hswish_finegrained1_U6K4VC.pt,56,198,0.004642239999999999
hswish_finegrained1_DMCXG2.pt,56,223,0.004607299999999998
hswish_finegrained1_YBR2G2.pt,56,167,0.004666440000000002
hswish_finegrained1_3XWXCJ.pt,56,166,0.004603359999999998
hswish_finegrained1_OW7JC4.pt,56,142,0.004570059999999999
hswish_finegrained1_D7E5TG.pt,56,231,0.005168940000000002
hswish_finegrained1_NOGO5E.pt,56,183,0.00465188
hswish_finegrained1_6TTTMU.pt,56,157,0.0046796599999999995
hswish_finegrained1_YEFQZF.pt,56,180,0.0046879800000000004
hswish_finegrained1_TXO3WK.pt,56,226,0.00463528
hswish_finegrained1_M5TLTM.pt,56,241,0.004694479999999998
hswish_finegrained1_H05FZ3.pt,56,123,0.0046064999999999995
hswish_finegrained1_2UXP74.pt,56,228,0.004573299999999999
hswish_finegrained1_2VVGQL.pt,56,152,0.004670680000000001
hswish_finegrained1_5AGP57.pt,56,218,0.004670999999999999
hswish_finegrained1_NRR1JO.pt,56,148,0.004580199999999999
hswish_finegrained1_X1WVOH.pt,56,138,0.0045674
hswish_finegrained1_1026RG.pt,56,234,0.004616959999999999
hswish_finegrained1_U10H2A.pt,56,158,0.00461086
hswish_finegrained1_ARMIE6.pt,56,117,0.004531699999999999
hswish_finegrained1_1IPAN2.pt,56,116,0.004560860000000001
hswish_finegrained1_856YGA.pt,56,224,0.004669920000000001
hswish_finegrained1_8DGSKA.pt,56,210,0.00468426
hswish_finegrained1_SETGFG.pt,56,160,0.004702940000000001
hswish_finegrained1_WGYDPU.pt,56,118,0.00454102
hswish_finegrained1_NCB0KM.pt,56,241,0.004633440000000001
hswish_finegrained1_56FAF3.pt,56,181,0.00462516
hswish_finegrained1_HZAGK7.pt,56,216,0.004760880000000001
hswish_finegrained1_3B6NFP.pt,56,138,0.0045808
hswish_finegrained1_BQVNSD.pt,56,126,0.0045309400000000015
hswish_finegrained1_EJXBCE.pt,56,157,0.00452922
hswish_finegrained1_C8BZ95.pt,56,128,0.0045639999999999995
hswish_finegrained1_RIBVP7.pt,56,220,0.00466214
hswish_finegrained1_B7OLR2.pt,56,226,0.00467348
hswish_finegrained1_3VNK2B.pt,56,250,0.00461274
hswish_finegrained1_MPMLAE.pt,56,205,0.0046465000000000005
hswish_finegrained1_Z2VB2W.pt,56,232,0.004632560000000001
hswish_finegrained1_E75CAE.pt,56,244,0.004624339999999999
hswish_finegrained1_BK4DUW.pt,56,149,0.004519879999999999
hswish_finegrained1_1NQ5OH.pt,14,112,0.00458464
hswish_finegrained1_ZGLWXO.pt,14,146,0.00451486
hswish_finegrained1_0B1RVS.pt,14,144,0.00457814
hswish_finegrained1_U59Y12.pt,14,129,0.004560420000000001
hswish_finegrained1_LI8YFM.pt,14,128,0.00456754
hswish_finegrained1_9YUEIH.pt,14,159,0.004557639999999999
hswish_finegrained1_TQVWOG.pt,14,95,0.00457458
hswish_finegrained1_IV0T6G.pt,14,143,0.004545880000000001
hswish_finegrained1_B4E9EZ.pt,14,154,0.00452898
hswish_finegrained1_AJR2VW.pt,14,113,0.004479200000000002
hswish_finegrained1_80CXR7.pt,14,91,0.004585360000000002
hswish_finegrained1_PG1FCR.pt,14,120,0.00459462
hswish_finegrained1_15DB9C.pt,14,155,0.004596419999999999
hswish_finegrained1_N48OO9.pt,14,152,0.004490600000000001
hswish_finegrained1_PSK02A.pt,14,131,0.004543819999999999
hswish_finegrained1_W2EXYV.pt,14,79,0.004517279999999999
hswish_finegrained1_91TZYX.pt,14,101,0.00451116
hswish_finegrained1_7ALOWR.pt,14,94,0.00456162
hswish_finegrained1_0UOU8W.pt,14,84,0.00460472
hswish_finegrained1_L5UVYS.pt,14,115,0.004540060000000001
hswish_finegrained1_MGV1K6.pt,14,278,0.00454678
hswish_finegrained1_MZSJIS.pt,14,142,0.004567699999999999
hswish_finegrained1_36IDKL.pt,14,260,0.004508720000000001
hswish_finegrained1_72S7TF.pt,14,122,0.004510580000000001
hswish_finegrained1_6IIF15.pt,14,203,0.004482460000000001
hswish_finegrained1_QVUXSA.pt,14,215,0.004488560000000001
hswish_finegrained1_U4X1X8.pt,14,233,0.0045334600000000004
hswish_finegrained1_BL99JB.pt,14,188,0.0045340400000000005
hswish_finegrained1_MNCNFQ.pt,14,221,0.00453588
hswish_finegrained1_ORA9RL.pt,14,198,0.004600839999999999
hswish_finegrained1_BQCL5U.pt,14,209,0.00452952
hswish_finegrained1_RGG8WK.pt,14,272,0.00456018
hswish_finegrained1_9GT55I.pt,14,139,0.004547079999999998
hswish_finegrained1_LFXP8F.pt,14,247,0.00452158
hswish_finegrained1_6O6GRO.pt,14,280,0.00462424
hswish_finegrained1_FQ1L72.pt,14,196,0.004564800000000001
hswish_finegrained1_CB34C1.pt,14,125,0.004569160000000001
hswish_finegrained1_RJGANU.pt,14,279,0.0045094
hswish_finegrained1_T0CN8S.pt,14,253,0.004552059999999999
hswish_finegrained1_Y71RGR.pt,14,204,0.00448646
hswish_finegrained1_YACPGO.pt,28,151,0.004577
hswish_finegrained1_MBQCWU.pt,28,95,0.004541479999999999
hswish_finegrained1_L6TAZU.pt,28,75,0.00458704
hswish_finegrained1_UQ5FJ0.pt,28,165,0.0045873400000000005
hswish_finegrained1_ZK84C2.pt,28,126,0.004527620000000001
hswish_finegrained1_0F0QUT.pt,28,108,0.004517760000000001
hswish_finegrained1_MYPVWC.pt,28,85,0.004605499999999999
hswish_finegrained1_BKCGU0.pt,28,119,0.0045296600000000005
hswish_finegrained1_270NBD.pt,28,114,0.00450312
hswish_finegrained1_LSMHMC.pt,28,94,0.00503186
hswish_finegrained1_QI9QD3.pt,28,115,0.004547940000000001
hswish_finegrained1_OJNBCK.pt,28,143,0.004514660000000001
hswish_finegrained1_34SFI1.pt,28,133,0.0046591
hswish_finegrained1_W3D787.pt,28,160,0.004590820000000001
hswish_finegrained1_VP36QO.pt,28,123,0.004551760000000001
hswish_finegrained1_R67YQ4.pt,28,112,0.00451812
hswish_finegrained1_7IKBTB.pt,28,83,0.004575520000000002
hswish_finegrained1_GRQ61K.pt,28,107,0.0045662
hswish_finegrained1_4BEXH8.pt,28,148,0.004582319999999998
hswish_finegrained1_NNXI1L.pt,28,86,0.0044798400000000006
hswish_finegrained1_I8ZW65.pt,112,129,0.004627099999999999
hswish_finegrained1_5SRIIQ.pt,112,219,0.004639280000000001
hswish_finegrained1_BN925E.pt,112,156,0.0046012200000000005
hswish_finegrained1_XZNTIV.pt,112,138,0.00455624
hswish_finegrained1_CF97QT.pt,112,135,0.004587560000000003
hswish_finegrained1_MX49CQ.pt,112,241,0.0045583
hswish_finegrained1_JLDRND.pt,112,257,0.004596820000000001
hswish_finegrained1_D4BR6C.pt,112,164,0.00459906
hswish_finegrained1_FNJC4C.pt,112,149,0.004672560000000001
hswish_finegrained1_SB7N5D.pt,112,111,0.004783559999999999
hswish_finegrained1_6KAF8L.pt,112,200,0.00457636
hswish_finegrained1_G38N4Y.pt,112,229,0.004522979999999999
hswish_finegrained1_JBZEND.pt,112,148,0.00463466
hswish_finegrained1_IVZPJP.pt,112,117,0.004568820000000001
hswish_finegrained1_ZE3SAV.pt,112,216,0.00459878
hswish_finegrained1_5DZ2N1.pt,112,233,0.0046274199999999975
hswish_finegrained1_O2D3EV.pt,112,127,0.004579140000000001
hswish_finegrained1_NIMNM6.pt,112,237,0.004535540000000001
hswish_finegrained1_TG4P37.pt,112,222,0.004566260000000002
hswish_finegrained1_8UFLBG.pt,112,157,0.00454874
hswish_finegrained2_0R7YLF.pt,56,68,0.004929019999999998
hswish_finegrained2_FDX5U9.pt,56,124,0.004535299999999999
hswish_finegrained2_ZG0A50.pt,56,101,0.0046078000000000004
hswish_finegrained2_ENQNCT.pt,56,56,0.004624800000000001
hswish_finegrained2_HUC02A.pt,56,110,0.00452108
hswish_finegrained2_G15MPH.pt,56,104,0.00451472
hswish_finegrained2_ZVK820.pt,56,75,0.00472628
hswish_finegrained2_7RJ5Q2.pt,56,132,0.0045649
hswish_finegrained2_4EWUN7.pt,56,69,0.004599739999999999
hswish_finegrained2_AEXN8L.pt,56,123,0.004557620000000001
hswish_finegrained2_7JLFU5.pt,56,70,0.00465596
hswish_finegrained2_TIVD47.pt,56,114,0.0045573
hswish_finegrained2_Q8LPOE.pt,56,106,0.0046323399999999995
hswish_finegrained2_2JAFU2.pt,56,109,0.00455168
hswish_finegrained2_4P07VX.pt,56,105,0.004526280000000001
hswish_finegrained2_KPM9NS.pt,56,63,0.0045972
hswish_finegrained2_2DFF2C.pt,56,128,0.004510139999999998
hswish_finegrained2_I874FT.pt,56,127,0.00454184
hswish_finegrained2_NBX3XG.pt,56,84,0.004575460000000001
hswish_finegrained2_8D36Y7.pt,56,94,0.0045958399999999995
hswish_finegrained2_VABB2K.pt,28,14,0.00456962
hswish_finegrained2_UUCY37.pt,28,17,0.004531699999999998
hswish_finegrained2_FO6I5X.pt,28,11,0.00450658
hswish_finegrained2_SG74OY.pt,28,18,0.00453552
hswish_finegrained2_6I7MRF.pt,28,12,0.00451442
hswish_finegrained2_3DD0LM.pt,28,13,0.0045460200000000004
hswish_finegrained2_7F2ZKG.pt,28,9,0.004522040000000001
hswish_finegrained2_88XY7F.pt,28,10,0.00447364
hswish_finegrained2_0I5AHA.pt,28,16,0.0045784599999999995
hswish_finegrained2_JM411G.pt,28,8,0.0045182799999999995
hswish_finegrained2_ZIBGZ2.pt,28,15,0.004609900000000003
hswish_finegrained2_612HSR.pt,56,103,0.0045460399999999995
hswish_finegrained2_VGBA6Y.pt,56,116,0.004583900000000001
hswish_finegrained2_3XYGGJ.pt,56,145,0.00459964
hswish_finegrained2_EZK441.pt,56,91,0.00457068
hswish_finegrained2_1QJPWT.pt,56,107,0.011114079999999997
hswish_finegrained2_B8BI6H.pt,56,74,0.0046063400000000004
hswish_finegrained2_38VQ4I.pt,56,89,0.004554320000000001
hswish_finegrained2_682MKK.pt,56,139,0.00465022
hswish_finegrained2_NYVN6G.pt,56,156,0.004507839999999999
hswish_finegrained2_CZPYK0.pt,56,69,0.004729539999999999
hswish_finegrained2_GUW6IY.pt,56,126,0.00463552
hswish_finegrained2_XIXF42.pt,56,98,0.004595319999999999
hswish_finegrained2_EAFCZY.pt,56,101,0.004630680000000001
hswish_finegrained2_T9DM1U.pt,56,125,0.021955620000000002
hswish_finegrained2_D88E12.pt,56,86,0.00470976
hswish_finegrained2_HZTP4L.pt,56,108,0.00440818
hswish_finegrained2_D94C78.pt,56,123,0.004552659999999999
hswish_finegrained2_IX5Q2F.pt,56,70,0.004574119999999999
hswish_finegrained2_FLJW9N.pt,56,77,0.027397419999999995
hswish_finegrained2_WNW41H.pt,56,120,0.004660699999999999
hswish_finegrained2_GVWOWN.pt,112,116,0.004620620000000002
hswish_finegrained2_NMWE4P.pt,112,246,0.00464336
hswish_finegrained2_IFM94W.pt,112,224,0.00460588
hswish_finegrained2_8PUW4N.pt,112,185,0.0046075
hswish_finegrained2_0PCOC8.pt,112,138,0.00462394
hswish_finegrained2_GTXDQC.pt,112,205,0.004512879999999999
hswish_finegrained2_WY65FT.pt,112,162,0.004705380000000001
hswish_finegrained2_T6N3LK.pt,112,108,0.00460294
hswish_finegrained2_SC77BQ.pt,112,248,0.004593379999999999
hswish_finegrained2_DTJUQY.pt,112,259,0.004628699999999999
hswish_finegrained2_F4BVGC.pt,112,141,0.0046661
hswish_finegrained2_DALQ1B.pt,112,169,0.00466082
hswish_finegrained2_NMC0Y5.pt,112,245,0.00461558
hswish_finegrained2_X5KPOR.pt,112,247,0.00458038
hswish_finegrained2_90CMXE.pt,112,216,0.004571939999999998
hswish_finegrained2_QMUOME.pt,112,181,0.004583500000000001
hswish_finegrained2_P5Q5EV.pt,112,118,0.00464906
hswish_finegrained2_F3MLDZ.pt,112,241,0.00463218
hswish_finegrained2_SW1AAF.pt,112,173,0.004592279999999999
hswish_finegrained2_2TEOWL.pt,112,193,0.004589100000000001
hswish_finegrained2_XYIIAY.pt,56,44,0.00456288
hswish_finegrained2_RA3M5J.pt,56,36,0.004565240000000001
hswish_finegrained2_2APN82.pt,56,39,0.004573180000000001
hswish_finegrained2_P9BJ0S.pt,56,42,0.004564859999999999
hswish_finegrained2_P84N9D.pt,56,29,0.00450642
hswish_finegrained2_R4TCMT.pt,56,27,0.004509240000000001
hswish_finegrained2_TPUOVF.pt,56,24,0.00466926
hswish_finegrained2_HB8J4N.pt,56,31,0.00458914
hswish_finegrained2_UN8NVJ.pt,56,37,0.0045882000000000015
hswish_finegrained2_HV2AT1.pt,56,40,0.004592259999999998
hswish_finegrained2_5VM78S.pt,56,22,0.00456656
hswish_finegrained2_9UPZFZ.pt,56,26,0.00453218
hswish_finegrained2_0TFH0J.pt,56,25,0.004646539999999999
hswish_finegrained2_2A3N1N.pt,56,32,0.00457112
hswish_finegrained2_WU9I1V.pt,56,23,0.004591140000000001
hswish_finegrained2_FQJ3L6.pt,56,30,0.004546259999999999
hswish_finegrained2_MSB3PV.pt,56,34,0.00458602
hswish_finegrained2_M6CJ6R.pt,56,45,0.00459658
hswish_finegrained2_FOP442.pt,56,28,0.004548139999999999
hswish_finegrained2_Y5TVCK.pt,56,49,0.004572280000000001
hswish_finegrained2_HCFFTP.pt,28,35,0.004567740000000001
hswish_finegrained2_EPQWDN.pt,28,28,0.0045362
hswish_finegrained2_VG1LS5.pt,28,46,0.004657400000000001
hswish_finegrained2_EYZ0NP.pt,28,27,0.004545179999999999
hswish_finegrained2_L3H2JK.pt,28,40,0.00453136
hswish_finegrained2_RK1PCR.pt,28,29,0.004648439999999999
hswish_finegrained2_LY4378.pt,28,37,0.004594299999999999
hswish_finegrained2_ECCGQ8.pt,28,34,0.0045806399999999995
hswish_finegrained2_1H4HTE.pt,28,36,0.00453716
hswish_finegrained2_O6CUB4.pt,28,49,0.0046288
hswish_finegrained2_47G8PH.pt,28,48,0.00463018
hswish_finegrained2_3C4Z7Q.pt,28,47,0.0046020600000000016
hswish_finegrained2_D8WAMZ.pt,28,43,0.0045991600000000014
hswish_finegrained2_08TZSP.pt,28,24,0.004590659999999999
hswish_finegrained2_57VZ26.pt,28,41,0.00461076
hswish_finegrained2_QF4M9G.pt,28,30,0.00468766
hswish_finegrained2_DW5B54.pt,28,38,0.004588139999999999
hswish_finegrained2_U44RPP.pt,28,45,0.0044470399999999985
hswish_finegrained2_XU3R3F.pt,28,44,0.004478240000000002
hswish_finegrained2_BSGYN1.pt,28,39,0.00456498
hswish_finegrained2_A0DRSV.pt,112,32,0.00465182
hswish_finegrained2_NY3WHX.pt,112,27,0.00456742
hswish_finegrained2_9JH1W7.pt,112,40,0.00457522
hswish_finegrained2_BKZNJ6.pt,112,41,0.004573899999999999
hswish_finegrained2_U04W8Q.pt,112,30,0.004570359999999999
hswish_finegrained2_MIL15X.pt,112,46,0.00468478
hswish_finegrained2_2TINYK.pt,112,25,0.004576739999999998
hswish_finegrained2_RNM9UA.pt,112,26,0.004639720000000001
hswish_finegrained2_R5357R.pt,112,23,0.00454868
hswish_finegrained2_SUESON.pt,112,28,0.004569180000000002
hswish_finegrained2_L6JBM6.pt,112,48,0.004593699999999999
hswish_finegrained2_GSKVYD.pt,112,33,0.0045165
hswish_finegrained2_3M8G76.pt,112,38,0.00457634
hswish_finegrained2_MI39UW.pt,112,45,0.00463156
hswish_finegrained2_92FWEC.pt,112,24,0.004604219999999999
hswish_finegrained2_4L8COH.pt,112,37,0.00456878
hswish_finegrained2_W8H1KV.pt,112,39,0.004539739999999999
hswish_finegrained2_ELNOA3.pt,112,44,0.00463802
hswish_finegrained2_37UR3L.pt,112,29,0.004702459999999999
hswish_finegrained2_SUCB2S.pt,112,36,0.005005240000000002
hswish_finegrained2_875K9C.pt,14,95,0.004564600000000001
hswish_finegrained2_SBI02U.pt,14,120,0.0045184399999999994
hswish_finegrained2_VJZJX7.pt,14,68,0.0045666000000000005
hswish_finegrained2_R5AAA6.pt,14,136,0.00454922
hswish_finegrained2_FYRYE3.pt,14,70,0.004542200000000001
hswish_finegrained2_DTAI0D.pt,14,72,0.00454334
hswish_finegrained2_HMQX0G.pt,14,109,0.004522720000000001
hswish_finegrained2_YZROOE.pt,14,132,0.00449458
hswish_finegrained2_NB60XT.pt,14,87,0.004536120000000001
hswish_finegrained2_9C9TGM.pt,14,108,0.004524180000000002
hswish_finegrained2_ABTODA.pt,14,96,0.0045493
hswish_finegrained2_UDW879.pt,14,104,0.0045197399999999995
hswish_finegrained2_CF5MQH.pt,14,66,0.004545479999999999
hswish_finegrained2_L9CK0D.pt,14,117,0.004502260000000001
hswish_finegrained2_MH5P17.pt,14,113,0.00458996
hswish_finegrained2_CNBGPM.pt,14,98,0.004513580000000001
hswish_finegrained2_PBLL0A.pt,14,138,0.004532779999999999
hswish_finegrained2_REREOA.pt,14,93,0.004512220000000001
hswish_finegrained2_M0ZW8P.pt,14,63,0.00454344
hswish_finegrained2_A7VE4L.pt,14,100,0.00452658
hswish_finegrained2_CRTPV6.pt,14,144,0.00451206
hswish_finegrained2_LTEBQL.pt,14,162,0.004563279999999999
hswish_finegrained2_CSDAA7.pt,14,280,0.004534740000000001
hswish_finegrained2_2QST0A.pt,14,197,0.004551819999999999
hswish_finegrained2_5F2JEE.pt,14,228,0.00461324
hswish_finegrained2_9I31R7.pt,14,230,0.0045670599999999995
hswish_finegrained2_E5Q5ZE.pt,14,193,0.004658159999999999
hswish_finegrained2_JSRPGJ.pt,14,260,0.004541320000000001
hswish_finegrained2_OSCOQN.pt,14,163,0.00456026
hswish_finegrained2_SX351G.pt,14,211,0.004575079999999999
hswish_finegrained2_FSU17C.pt,14,132,0.0045815000000000005
hswish_finegrained2_K7Y994.pt,14,248,0.004537800000000001
hswish_finegrained2_V945V4.pt,14,244,0.004524340000000002
hswish_finegrained2_3559KB.pt,14,195,0.0046180000000000014
hswish_finegrained2_WBP0Q0.pt,14,198,0.004660259999999999
hswish_finegrained2_J8SOE0.pt,14,254,0.004548260000000001
hswish_finegrained2_W2R5X4.pt,14,221,0.00451278
hswish_finegrained2_YBQ2UH.pt,14,278,0.004571820000000001
hswish_finegrained2_YFTUZN.pt,14,206,0.0045344
hswish_finegrained2_SZOT18.pt,14,242,0.004640479999999999
hswish_finegrained2_8CHBQE.pt,56,147,0.004543819999999999
hswish_finegrained2_2UDDXU.pt,56,194,0.00476714
hswish_finegrained2_WZPCQF.pt,56,259,0.004634640000000001
hswish_finegrained2_ATDX0S.pt,56,202,0.004603759999999999
hswish_finegrained2_KP5DWP.pt,56,172,0.00475718
hswish_finegrained2_UXR9CU.pt,56,197,0.0046742400000000005
hswish_finegrained2_A1Z12S.pt,56,218,0.0046925199999999995
hswish_finegrained2_7FO2XB.pt,56,154,0.00459026
hswish_finegrained2_XNJRYG.pt,56,258,0.004593120000000001
hswish_finegrained2_EM8PI0.pt,56,183,0.004608720000000001
hswish_finegrained2_ACSGSP.pt,56,141,0.00456496
hswish_finegrained2_AVTBSJ.pt,56,158,0.004596739999999999
hswish_finegrained2_G0UBKK.pt,56,124,0.004564680000000001
hswish_finegrained2_MTVTD6.pt,56,136,0.00457572
hswish_finegrained2_D4M3R8.pt,56,229,0.004721219999999999
hswish_finegrained2_7YG5QS.pt,56,132,0.00528784
hswish_finegrained2_QKZ6ZT.pt,56,233,0.00456998
hswish_finegrained2_SULKGJ.pt,56,173,0.004683399999999999
hswish_finegrained2_Y617BY.pt,56,130,0.00456322
hswish_finegrained2_VL0KCR.pt,56,177,0.0046486999999999995
hswish_finegrained2_F5EC8D.pt,112,1262,0.004601600000000001
hswish_finegrained2_R2466X.pt,112,1352,0.00461916
hswish_finegrained2_VXQ04Q.pt,112,892,0.004769960000000001
hswish_finegrained2_N3XP1L.pt,112,778,0.0045953
hswish_finegrained2_L0VAOO.pt,112,605,0.004651540000000001
hswish_finegrained2_64L982.pt,112,1246,0.004606660000000001
hswish_finegrained2_VFSTSG.pt,112,764,0.00464004
hswish_finegrained2_DYMO1W.pt,112,971,0.0045835200000000015
hswish_finegrained2_66CNBI.pt,112,1377,0.004488600000000001
hswish_finegrained2_UWZ90U.pt,112,653,0.0046339400000000005
hswish_finegrained2_HK6PE8.pt,112,737,0.004508939999999999
hswish_finegrained2_UTVG4W.pt,112,1122,0.004556
hswish_finegrained2_4YG98Z.pt,112,1037,0.00461528
hswish_finegrained2_HVIX63.pt,112,918,0.0045214
hswish_finegrained2_L8Y4JK.pt,112,1381,0.0046200600000000005
hswish_finegrained2_OM1A00.pt,112,844,0.004619979999999999
hswish_finegrained2_UEOIDF.pt,112,940,0.004609600000000001
hswish_finegrained2_PI0TZT.pt,112,833,0.004496580000000001
hswish_finegrained2_IG147S.pt,112,615,0.0046287
hswish_finegrained2_BUAPYH.pt,112,738,0.00448346
hswish_finegrained2_5O21F7.pt,14,44,0.004568819999999999
hswish_finegrained2_W44LEU.pt,14,36,0.004558140000000001
hswish_finegrained2_3CPFA1.pt,14,43,0.004551619999999999
hswish_finegrained2_36SD1C.pt,14,23,0.0045485000000000005
hswish_finegrained2_0RHYYD.pt,14,27,0.004680879999999999
hswish_finegrained2_Y5QZJ5.pt,14,41,0.004532659999999999
hswish_finegrained2_0EOM7T.pt,14,28,0.00458224
hswish_finegrained2_8VNB6J.pt,14,45,0.004600320000000001
hswish_finegrained2_FR9EXV.pt,14,42,0.0045609599999999985
hswish_finegrained2_6P5ED5.pt,14,26,0.004665280000000001
hswish_finegrained2_DQSUPY.pt,14,24,0.0045546200000000005
hswish_finegrained2_IFIZ3X.pt,14,48,0.0045592
hswish_finegrained2_CMSP1U.pt,14,21,0.004558659999999999
hswish_finegrained2_4Z2RYJ.pt,14,25,0.00453252
hswish_finegrained2_LFPUDT.pt,14,22,0.004528840000000001
hswish_finegrained2_DEHK9T.pt,14,46,0.004626460000000001
hswish_finegrained2_W4AZGW.pt,14,37,0.004550599999999999
hswish_finegrained2_BUB0O4.pt,14,34,0.00453212
hswish_finegrained2_0M3Q8F.pt,14,29,0.004532679999999999
hswish_finegrained2_HO3T3S.pt,14,49,0.004563639999999999
hswish_finegrained2_AA2DQG.pt,112,266,0.00457638
hswish_finegrained2_E1NU7C.pt,112,209,0.0046067999999999994
hswish_finegrained2_HDHQO9.pt,112,188,0.004694960000000001
hswish_finegrained2_LH5Q1M.pt,112,116,0.00469714
hswish_finegrained2_XZKUWV.pt,112,251,0.004669679999999999
hswish_finegrained2_C6P3X6.pt,112,160,0.004662479999999999
hswish_finegrained2_5NL116.pt,112,232,0.004676979999999998
hswish_finegrained2_HGPKH0.pt,112,200,0.004533980000000001
hswish_finegrained2_UTEIXI.pt,112,267,0.0045687
hswish_finegrained2_BP8C94.pt,112,254,0.00455104
hswish_finegrained2_D6X5DJ.pt,112,229,0.00464294
hswish_finegrained2_2ZQW1M.pt,112,129,0.004585119999999999
hswish_finegrained2_WSD62F.pt,112,234,0.0045601
hswish_finegrained2_A2TAM9.pt,112,242,0.004690219999999999
hswish_finegrained2_JXK5KE.pt,112,265,0.004593240000000001
hswish_finegrained2_IC3IN8.pt,112,155,0.00457578
hswish_finegrained2_PSU1ZH.pt,112,205,0.00464322
hswish_finegrained2_V5V4U5.pt,112,248,0.004587779999999999
hswish_finegrained2_VUT8BE.pt,112,252,0.004552779999999999
hswish_finegrained2_I0QD5W.pt,112,222,0.004588320000000002
hswish_finegrained2_L8ONMO.pt,112,34,0.00463848
hswish_finegrained2_KR1W28.pt,112,38,0.004553219999999999
hswish_finegrained2_BBCGAC.pt,112,49,0.004654780000000001
hswish_finegrained2_20PK5I.pt,112,46,0.004644280000000001
hswish_finegrained2_8CEKM0.pt,112,28,0.004583920000000001
hswish_finegrained2_IPO08E.pt,112,41,0.004849359999999999
hswish_finegrained2_ESQL2V.pt,112,43,0.0046564200000000005
hswish_finegrained2_X93JVK.pt,112,29,0.00465882
hswish_finegrained2_ZTAEZN.pt,112,36,0.0045645400000000015
hswish_finegrained2_YDKR9T.pt,112,33,0.00455444
hswish_finegrained2_8IAX0T.pt,112,48,0.00462392
hswish_finegrained2_KNPJUD.pt,112,25,0.0045431
hswish_finegrained2_I4FC24.pt,112,47,0.004609299999999999
hswish_finegrained2_7823VY.pt,112,45,0.0046266599999999995
hswish_finegrained2_QGTW77.pt,112,37,0.00453618
hswish_finegrained2_N0C0CB.pt,112,31,0.00455972
hswish_finegrained2_ZGZ9MC.pt,112,26,0.0045487800000000005
hswish_finegrained2_PHWPS5.pt,112,40,0.0046722000000000005
hswish_finegrained2_3R1VPQ.pt,112,30,0.00451094
hswish_finegrained2_LJI366.pt,112,23,0.0045790399999999995
hswish_finegrained2_S1OOS3.pt,28,225,0.00465834
hswish_finegrained2_72Z17Z.pt,28,137,0.004566960000000001
hswish_finegrained2_MM8K20.pt,28,220,0.004739140000000001
hswish_finegrained2_21WN1X.pt,28,159,0.004567760000000001
hswish_finegrained2_2D4E7B.pt,28,118,0.004543340000000002
hswish_finegrained2_0PTBO8.pt,28,117,0.00456086
hswish_finegrained2_FGJ4JE.pt,28,126,0.0045898
hswish_finegrained2_TU29OY.pt,28,208,0.00459692
hswish_finegrained2_O0R5WA.pt,28,196,0.0046844799999999995
hswish_finegrained2_HB9NNF.pt,28,195,0.004610800000000001
hswish_finegrained2_BL8QPI.pt,28,138,0.004587580000000001
hswish_finegrained2_5LNW6T.pt,28,189,0.004628220000000001
hswish_finegrained2_QEAI9X.pt,28,164,0.00457368
hswish_finegrained2_IRWXM3.pt,28,132,0.00454982
hswish_finegrained2_K3CHXC.pt,28,221,0.004685319999999999
hswish_finegrained2_7BD2YP.pt,28,262,0.00458264
hswish_finegrained2_QVPZLY.pt,28,153,0.0045707
hswish_finegrained2_NVJWQ2.pt,28,152,0.004604640000000001
hswish_finegrained2_4QSMOJ.pt,28,142,0.02940706
hswish_finegrained2_OWQR2W.pt,28,266,0.0045967000000000004
