model_path,HW,CIN,latency
channelshuffle_prior_9H6LLI.pt,7,508,0.008581439999999997
channelshuffle_prior_XWWCXC.pt,14,68,0.008676960000000001
channelshuffle_prior_1G5EM7.pt,1,210,0.00853332
channelshuffle_prior_ZPLJUS.pt,112,42,0.008797659999999999
channelshuffle_prior_BRN4QX.pt,3,176,0.008706699999999998
channelshuffle_prior_D9V8DU.pt,56,1174,0.008716360000000001
channelshuffle_prior_148AAK.pt,28,226,0.00871208
channelshuffle_prior_X0LR2C.pt,28,958,0.00878932
channelshuffle_prior_BJV0SD.pt,14,150,0.0087329
channelshuffle_prior_PDY19Q.pt,28,38,0.00868546
channelshuffle_prior_6Z9YZC.pt,7,474,0.008597620000000002
channelshuffle_prior_FX8AEC.pt,14,138,0.008627819999999998
channelshuffle_prior_0E91M6.pt,28,92,0.00865622
channelshuffle_prior_LHC71T.pt,14,126,0.008673180000000003
channelshuffle_prior_OO4GQ8.pt,56,1148,0.00885882
channelshuffle_prior_Y9YSY9.pt,14,48,0.008760960000000002
channelshuffle_prior_VWJ8T9.pt,14,66,0.008611520000000001
channelshuffle_prior_LWGEVL.pt,7,40,0.0088355
channelshuffle_prior_AF2OC0.pt,112,986,0.008587359999999999
channelshuffle_prior_3JKGHH.pt,28,516,0.008611420000000003
channelshuffle_prior_J3869M.pt,112,942,0.008626480000000004
channelshuffle_prior_Z6FSIK.pt,28,170,0.008666420000000001
channelshuffle_prior_7QW56Q.pt,224,24,0.008792959999999999
channelshuffle_prior_TO2SG3.pt,7,184,0.008584080000000001
channelshuffle_prior_JLOOPY.pt,28,526,0.008620539999999998
channelshuffle_prior_O923Y3.pt,7,248,0.008691699999999998
channelshuffle_prior_BPGMCF.pt,14,766,0.008676460000000002
channelshuffle_prior_AQRJAW.pt,7,40,0.008636920000000001
channelshuffle_prior_7L6B1P.pt,14,226,0.008701080000000002
channelshuffle_prior_79HZY7.pt,28,264,0.008573699999999997
channelshuffle_prior_5QUKS7.pt,7,188,0.009177719999999999
channelshuffle_prior_P1SOEU.pt,14,70,0.008594700000000004
channelshuffle_prior_656PEC.pt,224,518,0.008644280000000002
channelshuffle_prior_VKPXSR.pt,7,102,0.00862948
channelshuffle_prior_92YNHP.pt,56,526,0.008604400000000002
channelshuffle_prior_S33O6P.pt,28,32,0.00860908
channelshuffle_prior_97GYDN.pt,28,2032,0.0086274
channelshuffle_prior_H3ZCMP.pt,224,156,0.008608640000000002
channelshuffle_prior_KKRE5R.pt,7,1834,0.00864272
channelshuffle_prior_S9QB5T.pt,14,222,0.008619540000000002
channelshuffle_prior_HSSTLO.pt,7,96,0.008912160000000002
channelshuffle_prior_4X01A7.pt,7,174,0.00866358
channelshuffle_prior_Z2Y0JN.pt,28,392,0.0086359
channelshuffle_prior_7RS2C2.pt,14,156,0.008701460000000001
channelshuffle_prior_XHA90D.pt,28,2140,0.008662459999999997
channelshuffle_prior_IHIDZR.pt,14,662,0.00867606
channelshuffle_prior_EL02OF.pt,112,114,0.00861302
channelshuffle_prior_A12Q93.pt,14,130,0.00865878
channelshuffle_prior_DUULOP.pt,14,62,0.008702080000000001
channelshuffle_prior_68MGJS.pt,14,1652,0.00856288
channelshuffle_prior_TJZ535.pt,14,36,0.008690860000000002
channelshuffle_prior_T4IA9W.pt,56,196,0.008653659999999999
channelshuffle_prior_66IPNH.pt,7,268,0.00857622
channelshuffle_prior_7FF0GW.pt,7,74,0.008682340000000004
channelshuffle_prior_E3Q2QA.pt,28,106,0.008688040000000001
channelshuffle_prior_6NOSCH.pt,112,194,0.00864572
channelshuffle_prior_AAQ15A.pt,112,540,0.008690559999999996
channelshuffle_prior_7J5FDH.pt,14,142,0.008894680000000002
channelshuffle_prior_WWC7SS.pt,56,4,0.008729420000000002
channelshuffle_prior_JEUKE7.pt,224,48,0.00880318
channelshuffle_prior_6TYWPG.pt,56,154,0.008639899999999999
channelshuffle_prior_AYLH8Q.pt,56,990,0.008886380000000001
channelshuffle_prior_LTB8VU.pt,14,510,0.00863712
channelshuffle_prior_SGGJGO.pt,14,84,0.008666539999999997
channelshuffle_prior_07MJBC.pt,7,1180,0.00864578
channelshuffle_prior_VD5ZAW.pt,7,326,0.00861414
channelshuffle_prior_2TLS6L.pt,7,194,0.008679979999999999
channelshuffle_prior_4LOBSM.pt,14,226,0.00862948
channelshuffle_prior_K0FL9A.pt,28,214,0.008591380000000001
channelshuffle_prior_QKTB45.pt,28,88,0.008703120000000002
channelshuffle_prior_ROVHB8.pt,56,696,0.008741819999999999
channelshuffle_prior_BEUJAD.pt,14,966,0.008638840000000002
channelshuffle_prior_Y1FQ0B.pt,56,766,0.00889772
channelshuffle_prior_Y1BOOZ.pt,1,1170,0.008618419999999998
channelshuffle_prior_WRWMDL.pt,28,18,0.0086064
channelshuffle_prior_FUNXEI.pt,7,982,0.00857012
channelshuffle_prior_G105TR.pt,14,172,0.008674599999999998
channelshuffle_prior_84ELOG.pt,28,196,0.008669840000000003
channelshuffle_prior_QSDEXB.pt,14,2126,0.008634620000000003
channelshuffle_prior_N3J5R7.pt,14,518,0.008673820000000004
channelshuffle_prior_8G8RQ0.pt,56,534,0.00889758
channelshuffle_prior_TBBQTS.pt,28,540,0.008584760000000002
channelshuffle_prior_PMJ0H3.pt,28,530,0.008613520000000005
channelshuffle_prior_4RDT54.pt,14,526,0.009271020000000001
channelshuffle_prior_W9UPPQ.pt,28,842,0.00883136
channelshuffle_prior_J5SFZY.pt,56,994,0.00871508
channelshuffle_prior_QCUD3C.pt,56,58,0.008763160000000002
channelshuffle_prior_9KI8H4.pt,3,22,0.00867016
channelshuffle_prior_YC0REH.pt,14,168,0.008690400000000003
channelshuffle_prior_3OYTV0.pt,28,514,0.008620980000000002
channelshuffle_prior_424VEW.pt,28,210,0.008724439999999995
channelshuffle_prior_2GK11H.pt,56,16,0.00869366
channelshuffle_prior_OMPO7Z.pt,56,96,0.00854088
channelshuffle_prior_56BPHF.pt,28,306,0.00864852
channelshuffle_prior_3UZ3GX.pt,28,218,0.009176120000000001
channelshuffle_prior_QH4N0C.pt,28,172,0.04972642000000001
channelshuffle_prior_NBJU80.pt,28,256,0.0086654
channelshuffle_prior_5I9XL9.pt,14,76,0.008668640000000002
channelshuffle_prior_KWRMIY.pt,7,426,0.008656220000000001
channelshuffle_prior_0M75FW.pt,7,182,0.008706060000000002
channelshuffle_prior_MWGURT.pt,14,154,0.009042580000000001
channelshuffle_prior_PZNXIV.pt,28,148,0.0086764
channelshuffle_prior_FPVKS0.pt,14,786,0.00866468
channelshuffle_prior_1XIDW0.pt,14,34,0.00892982
channelshuffle_prior_1YZEKS.pt,14,132,0.008687640000000002
channelshuffle_prior_6I2QTN.pt,112,420,0.008665019999999999
channelshuffle_prior_O6SZ51.pt,56,228,0.009249639999999998
channelshuffle_prior_C321LO.pt,7,782,0.00875296
channelshuffle_prior_VU6ND5.pt,14,978,0.00911374
channelshuffle_prior_WIMDVA.pt,7,20,0.009196399999999999
channelshuffle_prior_2V09G2.pt,7,42,0.0088682
channelshuffle_prior_ZWJ9N0.pt,56,1006,0.00864412
channelshuffle_prior_X5MQ6P.pt,56,184,0.00872422
channelshuffle_prior_ZEXXU3.pt,28,86,0.008697539999999998
channelshuffle_prior_KEAIIX.pt,14,204,0.008637480000000003
channelshuffle_prior_2EWADX.pt,28,826,0.008715500000000001
channelshuffle_prior_GOST58.pt,28,244,0.00878438
channelshuffle_prior_S7HLFS.pt,112,506,0.00869066
channelshuffle_prior_LL8SO9.pt,28,186,0.0086811
channelshuffle_prior_1ITNYV.pt,224,1828,0.00870294
channelshuffle_prior_KZ57QZ.pt,28,458,0.008699400000000001
channelshuffle_prior_RV0CT9.pt,28,1662,0.0087604
channelshuffle_prior_76NACC.pt,56,420,0.00877612
channelshuffle_prior_3E8IJK.pt,28,858,0.008682079999999998
channelshuffle_prior_KAAS6J.pt,56,160,0.00925562
channelshuffle_prior_L7J5XQ.pt,14,174,0.008699739999999997
channelshuffle_prior_YQP5OP.pt,56,660,0.009373060000000003
channelshuffle_prior_QZYMJ1.pt,7,72,0.008657399999999999
channelshuffle_prior_9QRYKS.pt,28,246,0.008712100000000002
channelshuffle_prior_VAT14W.pt,14,510,0.00871552
channelshuffle_prior_M5S94D.pt,7,126,0.00866352
channelshuffle_prior_Z53DCX.pt,56,94,0.00858776
channelshuffle_prior_I3G991.pt,56,70,0.008691780000000003
channelshuffle_prior_W355QJ.pt,112,1984,0.00874344
channelshuffle_prior_H8OMJX.pt,14,388,0.008709480000000002
channelshuffle_prior_U2LMGD.pt,56,186,0.00881166
channelshuffle_prior_8VWP3T.pt,28,170,0.00873068
channelshuffle_prior_I5Y0HA.pt,28,110,0.008673840000000002
channelshuffle_prior_KZ9WPG.pt,14,164,0.008684259999999997
channelshuffle_prior_BGX1XW.pt,14,176,0.00865086
channelshuffle_prior_ZU9ANV.pt,28,240,0.00872726
channelshuffle_prior_O9Y6PB.pt,7,2050,0.008762
channelshuffle_prior_494B54.pt,14,220,0.008665219999999998
channelshuffle_prior_EUXO0C.pt,14,176,0.008677040000000002
channelshuffle_prior_B63WM1.pt,28,534,0.008645359999999998
channelshuffle_prior_RC5HIR.pt,7,266,0.00867202
channelshuffle_prior_7PWUNH.pt,112,924,0.00867154
channelshuffle_prior_GP5NI8.pt,14,244,0.0086652
channelshuffle_prior_QFEWHG.pt,28,510,0.008633720000000003
channelshuffle_prior_SPKRFV.pt,14,28,0.00864124
channelshuffle_prior_3HXIP4.pt,1,198,0.009017540000000001
channelshuffle_prior_35C2XW.pt,56,30,0.008723080000000001
channelshuffle_prior_FZ3YA1.pt,14,834,0.008700000000000001
channelshuffle_prior_ZGWO3G.pt,28,1338,0.008706899999999998
channelshuffle_prior_0X6POC.pt,56,228,0.00870296
channelshuffle_prior_GVI128.pt,56,46,0.008690359999999998
channelshuffle_prior_YQ5Z8H.pt,14,206,0.00875964
channelshuffle_prior_IDQENA.pt,28,506,0.008680620000000002
channelshuffle_prior_EW5B61.pt,3,8,0.00868654
channelshuffle_prior_NA140X.pt,56,672,0.008704499999999999
channelshuffle_prior_2N961F.pt,7,140,0.008679899999999999
channelshuffle_prior_97V60O.pt,28,80,0.00867102
channelshuffle_prior_I2AKTR.pt,14,1182,0.008695560000000001
channelshuffle_prior_1TV6B8.pt,112,218,0.00880074
channelshuffle_prior_6STMIK.pt,14,1532,0.008662940000000001
channelshuffle_prior_TCF3NS.pt,1,30,0.008626520000000002
channelshuffle_prior_8DEFWA.pt,28,1792,0.008762979999999998
channelshuffle_prior_P3AXV3.pt,28,150,0.008672639999999999
channelshuffle_prior_MFUYBP.pt,112,40,0.00875842
channelshuffle_prior_3H86YE.pt,14,168,0.00861728
channelshuffle_prior_JW3XCN.pt,56,118,0.008620800000000003
channelshuffle_prior_RJD8WW.pt,7,196,0.00865104
channelshuffle_prior_9NN48T.pt,28,104,0.00865748
channelshuffle_prior_1OEOG0.pt,56,502,0.008899419999999998
channelshuffle_prior_HGVLV6.pt,28,774,0.00874532
channelshuffle_prior_755SCG.pt,7,218,0.0088735
channelshuffle_prior_TSKE39.pt,56,96,0.008526239999999997
channelshuffle_prior_ODY7PF.pt,56,1022,0.00860746
channelshuffle_prior_PZ0QZE.pt,14,1260,0.0087111
channelshuffle_prior_NW3UZO.pt,56,498,0.008716
channelshuffle_prior_IM6P4W.pt,28,260,0.00865148
channelshuffle_prior_43MUP7.pt,14,2046,0.00854324
channelshuffle_prior_LD8ONL.pt,28,206,0.008692420000000001
channelshuffle_prior_2J0U2Y.pt,28,204,0.008719900000000001
channelshuffle_prior_2JMUSX.pt,1,242,0.008597540000000002
channelshuffle_prior_JLDZN5.pt,56,180,0.0088248
channelshuffle_prior_C9Q7WM.pt,28,238,0.00874332
channelshuffle_prior_T1ZXCU.pt,56,6,0.008774159999999998
channelshuffle_prior_MWOT9O.pt,14,502,0.00862014
channelshuffle_prior_L3ZPP5.pt,112,456,0.008713119999999998
channelshuffle_prior_I4RSNS.pt,28,514,0.008699859999999998
channelshuffle_prior_0MZ9IV.pt,7,484,0.008771740000000002
channelshuffle_prior_S1ZQP7.pt,56,158,0.008773340000000001
channelshuffle_prior_BFZC7C.pt,28,216,0.00878312
channelshuffle_prior_HIELYZ.pt,56,1174,0.008635959999999996
channelshuffle_prior_MAYCOF.pt,7,512,0.00863228
channelshuffle_prior_4S5YXP.pt,112,62,0.008696800000000003
channelshuffle_prior_3S4UYE.pt,56,34,0.008693020000000001
channelshuffle_prior_1F9FH0.pt,14,240,0.00856518
channelshuffle_prior_3PDE3S.pt,14,480,0.008625880000000004
channelshuffle_prior_EVOC1L.pt,28,292,0.008636819999999996
channelshuffle_prior_G7WHDM.pt,14,206,0.008703439999999998
channelshuffle_prior_PCN5V6.pt,112,232,0.00865172
channelshuffle_prior_O6C1LN.pt,7,516,0.008646160000000003
channelshuffle_prior_XBZY5T.pt,56,4,0.008636260000000002
channelshuffle_prior_JSVQ6W.pt,112,2124,0.008770080000000003
channelshuffle_prior_XGR2ZL.pt,14,72,0.008590780000000001
channelshuffle_prior_0ACUJO.pt,28,62,0.008569039999999998
channelshuffle_prior_RK9JK5.pt,7,472,0.0087185
channelshuffle_prior_CN9JVX.pt,14,530,0.008637460000000003
channelshuffle_prior_28A86T.pt,3,1008,0.00854602
channelshuffle_prior_MSHDN3.pt,14,152,0.008621840000000002
channelshuffle_prior_718DFC.pt,56,120,0.008584840000000002
channelshuffle_prior_GKMQXG.pt,14,98,0.00864534
channelshuffle_prior_A5C7NS.pt,7,204,0.008691939999999999
channelshuffle_prior_7HDSIJ.pt,14,84,0.008655219999999998
channelshuffle_prior_TCLI9L.pt,7,216,0.008769079999999999
channelshuffle_prior_V7GLWS.pt,28,54,0.008672039999999999
channelshuffle_prior_V2CR75.pt,56,82,0.008694360000000002
channelshuffle_prior_DUPNI4.pt,56,722,0.008752239999999998
channelshuffle_prior_IKQ2LN.pt,14,150,0.008636300000000001
channelshuffle_prior_SZFHIA.pt,14,124,0.008669860000000001
channelshuffle_prior_GUQ068.pt,7,48,0.00869812
channelshuffle_prior_ZBAD04.pt,7,516,0.0085824
channelshuffle_prior_3ES2NR.pt,28,488,0.008534220000000002
channelshuffle_prior_BEP383.pt,28,170,0.008689239999999999
channelshuffle_prior_BHI7ZD.pt,224,94,0.008672799999999998
channelshuffle_prior_4L91WW.pt,28,1004,0.00872598
channelshuffle_prior_ZRJTWU.pt,14,78,0.00868626
channelshuffle_prior_GPUW7B.pt,14,242,0.008646080000000004
channelshuffle_prior_ZB6RK2.pt,56,220,0.00880268
channelshuffle_prior_JSX6BS.pt,14,818,0.008725719999999998
channelshuffle_prior_HTQKWV.pt,7,478,0.00870402
channelshuffle_prior_IL4PP0.pt,112,266,0.0086655
channelshuffle_prior_QEKSQX.pt,7,400,0.008658119999999998
channelshuffle_prior_676PAQ.pt,56,802,0.008572320000000001
channelshuffle_prior_AV6MN8.pt,28,536,0.008785620000000003
channelshuffle_prior_K0KZ3N.pt,56,966,0.0086359
channelshuffle_prior_B0K0UN.pt,14,378,0.008592040000000002
channelshuffle_prior_PDEV62.pt,14,628,0.008639819999999998
channelshuffle_prior_Y72N6V.pt,14,460,0.00859552
channelshuffle_prior_SRBB2C.pt,56,8,0.00864244
channelshuffle_prior_F9MJX1.pt,28,66,0.00870764
channelshuffle_prior_T93JBK.pt,14,58,0.008664579999999998
channelshuffle_prior_301PZJ.pt,56,750,0.00884504
channelshuffle_prior_U0T6LV.pt,14,6,0.008636880000000001
channelshuffle_prior_O7PAQX.pt,14,144,0.008659739999999997
channelshuffle_prior_UUXRPC.pt,14,4,0.00864876
channelshuffle_prior_8BIVI6.pt,112,168,0.00872456
channelshuffle_prior_IYIMLM.pt,28,490,0.00858648
channelshuffle_prior_GHACIH.pt,28,70,0.009167699999999997
channelshuffle_prior_2J6YFV.pt,14,1402,0.008756239999999998
channelshuffle_prior_QWS6HI.pt,14,142,0.008731799999999998
channelshuffle_prior_3L3J6O.pt,14,142,0.008750079999999999
channelshuffle_prior_PHQIFN.pt,28,284,0.008641560000000001
channelshuffle_prior_IYBTF6.pt,7,474,0.00857622
channelshuffle_prior_I5XXK0.pt,56,266,0.008731179999999998
channelshuffle_prior_4BAOZB.pt,28,444,0.00854512
channelshuffle_prior_CD4OYQ.pt,28,76,0.008580860000000001
channelshuffle_prior_O3YS1H.pt,7,90,0.008689639999999997
channelshuffle_prior_QCA1VH.pt,56,1272,0.008656759999999998
channelshuffle_prior_14B449.pt,56,102,0.008615720000000002
channelshuffle_prior_SHQ4VY.pt,14,32,0.008630579999999997
channelshuffle_prior_ME4X47.pt,14,660,0.0086371
channelshuffle_prior_APU659.pt,7,146,0.008629559999999998
channelshuffle_prior_TJ1SZI.pt,28,12,0.008628079999999996
channelshuffle_prior_3L54B4.pt,14,184,0.008682719999999998
channelshuffle_prior_U1YU2H.pt,56,14,0.008630000000000002
channelshuffle_prior_S0BH46.pt,56,530,0.00879696
channelshuffle_prior_YFH8QQ.pt,28,522,0.00861328
channelshuffle_prior_CAYKOQ.pt,7,172,0.008801740000000002
channelshuffle_prior_1VE4AN.pt,7,254,0.008654179999999997
channelshuffle_prior_HSSMNX.pt,56,1028,0.008681020000000001
channelshuffle_prior_7JSURE.pt,224,84,0.008609900000000002
channelshuffle_prior_D4WMUT.pt,56,508,0.00868388
channelshuffle_prior_QS8GTH.pt,56,8,0.008587060000000002
channelshuffle_prior_HPEN8O.pt,7,26,0.008799979999999999
channelshuffle_prior_SS3EPL.pt,14,512,0.00863964
channelshuffle_prior_94JKU5.pt,14,450,0.008661659999999998
channelshuffle_prior_1V3WKP.pt,1,322,0.008616320000000004
channelshuffle_prior_9F24AN.pt,28,978,0.008721899999999998
channelshuffle_prior_LP5AFH.pt,7,504,0.00871884
channelshuffle_prior_9JO2IG.pt,28,1020,0.008711539999999997
channelshuffle_prior_5Y81UG.pt,7,1112,0.008626199999999997
channelshuffle_prior_ZG93V5.pt,14,692,0.008817239999999999
channelshuffle_prior_LB1RYS.pt,14,142,0.00864708
channelshuffle_prior_0OPMTL.pt,28,156,0.008644240000000001
channelshuffle_prior_G1DJRW.pt,14,112,0.00879946
channelshuffle_prior_3O0FHZ.pt,28,1058,0.008790900000000003
channelshuffle_prior_MCIOLC.pt,56,176,0.00878544
channelshuffle_prior_YYS2XU.pt,7,162,0.00866982
channelshuffle_prior_HE6RZT.pt,112,22,0.008571019999999999
channelshuffle_prior_EN68XF.pt,56,822,0.00860512
channelshuffle_prior_Y49TV7.pt,56,42,0.00867716
channelshuffle_prior_487QKE.pt,28,1274,0.00872274
channelshuffle_prior_KENVJE.pt,14,148,0.008618840000000001
channelshuffle_prior_DR52LG.pt,56,232,0.008723139999999999
channelshuffle_prior_23XXWI.pt,14,8,0.008630539999999999
channelshuffle_prior_SKMFKP.pt,14,680,0.008689400000000002
channelshuffle_prior_R0FEU5.pt,28,112,0.008688899999999994
channelshuffle_prior_GBT1Y2.pt,14,540,0.0090257
channelshuffle_prior_H3OYFL.pt,7,212,0.008791900000000002
channelshuffle_prior_05WG0V.pt,14,152,0.0087145
channelshuffle_prior_ME1CJ7.pt,14,990,0.0086681
channelshuffle_prior_FFJ2PH.pt,28,80,0.008702840000000003
channelshuffle_prior_70DXWP.pt,7,498,0.0085475
channelshuffle_prior_8VCSUU.pt,28,496,0.008550480000000001
channelshuffle_prior_QBTQLI.pt,3,40,0.008607300000000002
channelshuffle_prior_MY9W7H.pt,14,50,0.00867288
channelshuffle_prior_5SPOIN.pt,112,234,0.008686079999999997
channelshuffle_prior_M8QGCM.pt,28,208,0.008698019999999999
channelshuffle_prior_738C9G.pt,28,126,0.008668460000000001
channelshuffle_prior_T1CRUJ.pt,7,152,0.00868772
channelshuffle_prior_TQGOGK.pt,28,204,0.008703679999999998
channelshuffle_prior_KIUTAC.pt,56,236,0.009103540000000004
channelshuffle_prior_0SN7K0.pt,112,30,0.008677360000000002
channelshuffle_prior_KH900I.pt,7,206,0.008666400000000003
channelshuffle_prior_Q9DCCP.pt,56,250,0.008790800000000001
channelshuffle_prior_S27I6A.pt,7,512,0.00864098
channelshuffle_prior_K3PEEG.pt,3,224,0.00873424
channelshuffle_prior_30L2NQ.pt,112,510,0.008719900000000001
channelshuffle_prior_PW5D9S.pt,28,56,0.008661079999999998
channelshuffle_prior_VIWUHV.pt,112,1688,0.008627460000000002
channelshuffle_prior_OAZXCR.pt,14,6,0.008709359999999998
channelshuffle_prior_99YTMU.pt,14,130,0.00875374
channelshuffle_prior_010S60.pt,112,88,0.008737400000000001
channelshuffle_prior_9LPOCF.pt,7,100,0.0087727
channelshuffle_prior_ES4CH3.pt,56,74,0.008767179999999998
channelshuffle_prior_Z3P1MH.pt,56,90,0.0088745
channelshuffle_prior_F7V694.pt,7,536,0.008632879999999999
channelshuffle_prior_9V9KGY.pt,112,1004,0.00874354
channelshuffle_prior_WR0HYR.pt,56,538,0.00867094
channelshuffle_prior_QHVWMY.pt,56,202,0.008849379999999999
channelshuffle_prior_RH1FZU.pt,56,176,0.00868578
channelshuffle_prior_3S667W.pt,56,390,0.00860448
channelshuffle_prior_9CQHOR.pt,7,224,0.00863354
channelshuffle_prior_H0RU0M.pt,28,740,0.008617880000000003
channelshuffle_prior_91DM63.pt,56,88,0.008486100000000002
channelshuffle_prior_WK8NV2.pt,14,144,0.008656520000000001
channelshuffle_prior_ZEKG9C.pt,14,876,0.00865376
channelshuffle_prior_GUIF0C.pt,28,64,0.008641299999999996
channelshuffle_prior_YOWES1.pt,56,156,0.0085975
channelshuffle_prior_W62WCZ.pt,28,984,0.00866922
channelshuffle_prior_W3EMUB.pt,28,218,0.0087136
channelshuffle_prior_6FQN2L.pt,7,766,0.00869214
channelshuffle_prior_49XU06.pt,56,464,0.00874548
channelshuffle_prior_DLBEV2.pt,14,494,0.00876208
channelshuffle_prior_2A5OBO.pt,56,1676,0.008610159999999999
channelshuffle_prior_KJROF7.pt,14,246,0.008598819999999998
channelshuffle_prior_2RTNX8.pt,14,256,0.008658359999999999
channelshuffle_prior_RIPK2F.pt,14,1930,0.008613680000000002
channelshuffle_prior_HS07OR.pt,7,236,0.008657260000000002
channelshuffle_prior_7EQKQQ.pt,112,212,0.008760539999999999
channelshuffle_prior_SAUQ2M.pt,14,532,0.008875019999999999
channelshuffle_prior_847DFU.pt,14,90,0.008690399999999997
channelshuffle_prior_8QESP1.pt,56,34,0.00866448
channelshuffle_prior_GNIO8X.pt,14,458,0.008681220000000002
channelshuffle_prior_RDWYNB.pt,112,8,0.008781619999999999
channelshuffle_prior_CWEAQB.pt,3,1260,0.0086306
channelshuffle_prior_99VX9N.pt,14,988,0.008711880000000003
channelshuffle_prior_GK6NU9.pt,14,260,0.00860504
channelshuffle_prior_UJWXNW.pt,7,118,0.00867244
channelshuffle_prior_DTU4EX.pt,28,818,0.008789060000000001
channelshuffle_prior_NRWUD2.pt,112,226,0.008660600000000001
channelshuffle_prior_8K7AYT.pt,56,212,0.008710460000000001
channelshuffle_prior_F4YADT.pt,28,174,0.00880586
channelshuffle_prior_QPXK7C.pt,7,502,0.00859722
channelshuffle_prior_R1IQYF.pt,56,490,0.008697700000000003
channelshuffle_prior_ER92Q7.pt,56,536,0.00873376
channelshuffle_prior_HCLHDE.pt,56,242,0.00877022
channelshuffle_prior_5J2K2C.pt,28,152,0.00861324
channelshuffle_prior_RZM8UY.pt,28,4,0.00867202
channelshuffle_prior_INZU6I.pt,14,72,0.0087702
channelshuffle_prior_5BJX7C.pt,7,522,0.008747740000000002
channelshuffle_prior_NEI413.pt,3,528,0.00874276
channelshuffle_prior_EBXAAO.pt,7,134,0.00869692
channelshuffle_prior_3ZUVLE.pt,14,76,0.0087717
channelshuffle_prior_UBXDKF.pt,14,2052,0.008686720000000002
channelshuffle_prior_8BDW63.pt,14,1066,0.008670279999999997
channelshuffle_prior_J7SMST.pt,14,652,0.0086533
channelshuffle_prior_TMNPGM.pt,14,166,0.008608659999999997
channelshuffle_prior_6HGWCU.pt,14,246,0.00856228
channelshuffle_prior_G5HOO7.pt,14,804,0.00868194
channelshuffle_prior_KINWQT.pt,14,232,0.008713199999999999
channelshuffle_prior_ISP4GE.pt,14,4,0.00877806
channelshuffle_prior_06G2AI.pt,14,240,0.008776680000000002
channelshuffle_prior_DR5WJJ.pt,28,532,0.008613719999999998
channelshuffle_prior_IIVHLU.pt,112,484,0.008676400000000003
channelshuffle_prior_ACULJU.pt,7,516,0.008667580000000003
channelshuffle_prior_3MIE49.pt,56,116,0.00858276
channelshuffle_prior_QBWOC2.pt,14,488,0.008618440000000003
channelshuffle_prior_OU6OXU.pt,3,526,0.008629379999999999
channelshuffle_prior_AAHX11.pt,112,664,0.00868122
channelshuffle_prior_ZIV72E.pt,14,208,0.00889128
channelshuffle_prior_3BEV3C.pt,56,392,0.0086707
channelshuffle_prior_2W5EI8.pt,14,272,0.008682059999999998
channelshuffle_prior_P6DV7I.pt,56,96,0.00864974
channelshuffle_prior_URYZXD.pt,28,110,0.00864962
channelshuffle_prior_HSH3HB.pt,14,214,0.008677919999999999
channelshuffle_prior_GO7X4H.pt,28,206,0.008699140000000001
channelshuffle_prior_DH54Z9.pt,56,118,0.00863318
channelshuffle_prior_QGXPLJ.pt,28,14,0.00874106
channelshuffle_prior_XP0XMH.pt,14,34,0.008704
channelshuffle_prior_FN5W7F.pt,28,1376,0.00864036
channelshuffle_prior_8HFYTA.pt,28,90,0.00863806
channelshuffle_prior_WKIRWN.pt,112,170,0.008797900000000003
channelshuffle_prior_P469OT.pt,28,24,0.0086763
channelshuffle_prior_0SLHPB.pt,56,470,0.00861124
channelshuffle_prior_BY335Z.pt,56,624,0.008615620000000001
channelshuffle_prior_LTFQBK.pt,28,788,0.00876918
channelshuffle_prior_FJSM2U.pt,28,812,0.008731599999999999
channelshuffle_prior_RNCW3B.pt,14,436,0.00869202
channelshuffle_prior_Q0P2F4.pt,28,182,0.008633039999999996
channelshuffle_prior_AEAK2W.pt,7,540,0.008680360000000002
channelshuffle_prior_N1RLZD.pt,14,166,0.00888216
channelshuffle_prior_ENWYMP.pt,14,212,0.008746740000000001
channelshuffle_prior_KRYAZF.pt,14,232,0.008674659999999999
channelshuffle_prior_YYPWHH.pt,112,146,0.008705379999999997
channelshuffle_prior_2M94C3.pt,7,28,0.008707799999999998
channelshuffle_prior_ZWLKKZ.pt,7,140,0.008674380000000002
channelshuffle_prior_KAJ826.pt,14,180,0.00876702
channelshuffle_prior_EMN3RW.pt,56,932,0.008841459999999999
channelshuffle_prior_IFLW5Q.pt,14,10,0.00868932
channelshuffle_prior_498ZFO.pt,28,168,0.008648300000000001
channelshuffle_prior_8BR7HW.pt,112,172,0.00878468
channelshuffle_prior_BS14W5.pt,28,626,0.00854614
channelshuffle_prior_6W80QO.pt,28,52,0.008697200000000002
channelshuffle_prior_ZQ9DSP.pt,7,4,0.00858258
channelshuffle_prior_V1U3NA.pt,7,1294,0.008632340000000002
channelshuffle_prior_LK5I0L.pt,7,224,0.0086523
channelshuffle_prior_A9TJZ8.pt,14,800,0.008757940000000002
channelshuffle_prior_ZDLNII.pt,112,88,0.008753519999999999
channelshuffle_prior_8FKNLG.pt,28,994,0.008749900000000001
channelshuffle_prior_NWQ0JL.pt,14,226,0.00902482
channelshuffle_prior_IOSLBL.pt,14,134,0.00873174
channelshuffle_prior_ROYPIL.pt,3,662,0.008585659999999998
channelshuffle_prior_99NXBD.pt,14,920,0.008791599999999995
channelshuffle_prior_E5FYXR.pt,7,110,0.008666360000000001
channelshuffle_prior_AV5GVP.pt,56,262,0.008739660000000002
channelshuffle_prior_FOWZR4.pt,14,72,0.008659920000000002
channelshuffle_prior_J1NDQK.pt,14,386,0.008630500000000001
channelshuffle_prior_DVJHIG.pt,56,90,0.008632540000000001
channelshuffle_prior_VS1R2F.pt,14,128,0.008570940000000003
channelshuffle_prior_F08RUT.pt,56,82,0.008594540000000001
channelshuffle_prior_85IYVP.pt,56,258,0.00872846
channelshuffle_prior_IOPBLB.pt,28,96,0.008685
channelshuffle_prior_CTG2NR.pt,28,58,0.008545360000000002
channelshuffle_prior_OM6FHN.pt,56,14,0.008633859999999998
channelshuffle_prior_RZRWVV.pt,3,2120,0.008646180000000002
channelshuffle_prior_T1TV0S.pt,14,168,0.008687580000000002
channelshuffle_prior_0QCP0T.pt,28,264,0.008880100000000002
channelshuffle_prior_MWAZAI.pt,28,138,0.008636079999999997
channelshuffle_prior_23LZ5S.pt,14,784,0.00869902
channelshuffle_prior_8EF0PB.pt,28,22,0.008590440000000003
channelshuffle_prior_O2XF14.pt,28,22,0.00861244
channelshuffle_prior_X0H3L0.pt,28,150,0.008596379999999997
channelshuffle_prior_SLTBQX.pt,14,116,0.008611879999999999
channelshuffle_prior_CYRXE2.pt,14,90,0.008646900000000003
channelshuffle_prior_0OREWC.pt,14,62,0.00870202
channelshuffle_prior_IDTUAO.pt,112,104,0.008953619999999999
channelshuffle_prior_2280YR.pt,28,12,0.008648059999999999
channelshuffle_prior_LUFJQ8.pt,3,178,0.008648719999999997
channelshuffle_prior_BMZUV9.pt,28,424,0.008538080000000002
channelshuffle_prior_WWQ57V.pt,56,582,0.00874966
channelshuffle_prior_D2G3IX.pt,28,982,0.00875308
channelshuffle_prior_RL7VP1.pt,14,158,0.00869662
channelshuffle_prior_V2D3QP.pt,28,242,0.00861764
channelshuffle_prior_NRE28U.pt,28,16,0.00872214
channelshuffle_prior_IZBWLB.pt,28,146,0.00868468
channelshuffle_prior_0YVQBU.pt,14,502,0.008626940000000003
channelshuffle_prior_2BOV2J.pt,28,112,0.008631860000000002
channelshuffle_prior_MQ12J3.pt,28,1490,0.008859620000000002
channelshuffle_prior_EUI7EQ.pt,14,34,0.008576779999999999
channelshuffle_prior_6EP36L.pt,14,204,0.008631920000000003
channelshuffle_prior_YMN732.pt,56,216,0.008721439999999999
channelshuffle_prior_P4SFZQ.pt,7,98,0.00864846
channelshuffle_prior_CFZXH0.pt,1,512,0.00863146
channelshuffle_prior_9Q9QMQ.pt,112,464,0.008704440000000003
channelshuffle_prior_F9V79N.pt,14,4,0.008667180000000002
channelshuffle_prior_ITFD23.pt,112,856,0.008747600000000001
channelshuffle_prior_DGR6X3.pt,7,24,0.008707139999999999
channelshuffle_prior_F1IXWM.pt,28,148,0.008655379999999999
channelshuffle_prior_LGA137.pt,28,504,0.008619599999999998
channelshuffle_prior_M21L7F.pt,28,84,0.008630779999999998
channelshuffle_prior_WQ99BX.pt,28,214,0.009179159999999999
channelshuffle_prior_94MUKH.pt,7,14,0.008698140000000002
channelshuffle_prior_WMC8DQ.pt,112,220,0.008614000000000002
channelshuffle_prior_Z132OT.pt,14,160,0.008866200000000005
channelshuffle_prior_Z3JMQX.pt,56,104,0.008846419999999999
channelshuffle_prior_Z7FWZN.pt,7,248,0.008666939999999998
channelshuffle_prior_3X3AMT.pt,14,202,0.0086363
channelshuffle_prior_64964C.pt,28,10,0.03112448000000002
channelshuffle_prior_51JP1I.pt,112,926,0.00880444
channelshuffle_prior_0DJRDG.pt,56,44,0.008686260000000003
channelshuffle_prior_156VI1.pt,14,412,0.008654139999999998
channelshuffle_prior_9JX7OS.pt,28,156,0.008663619999999997
channelshuffle_prior_ELCXZ5.pt,7,226,0.008786859999999997
channelshuffle_prior_WB74FH.pt,56,122,0.008655119999999997
channelshuffle_prior_58HKRL.pt,56,500,0.00883256
channelshuffle_prior_O75UV9.pt,28,110,0.00869248
channelshuffle_prior_J4Z93E.pt,28,322,0.0087078
channelshuffle_prior_YANBRG.pt,14,154,0.00876992
channelshuffle_prior_2YIW3Z.pt,28,950,0.008993039999999997
channelshuffle_prior_JKONBV.pt,14,152,0.008699359999999998
channelshuffle_prior_70K28Z.pt,28,500,0.0085786
channelshuffle_prior_FW2ZQJ.pt,56,982,0.00870342
channelshuffle_prior_UEWUKP.pt,28,172,0.00867964
channelshuffle_prior_ZZB6EJ.pt,56,118,0.00862836
channelshuffle_prior_EJ01MM.pt,7,80,0.00879948
channelshuffle_prior_G893GO.pt,14,178,0.008787860000000002
channelshuffle_prior_MFVDGB.pt,112,328,0.00870734
channelshuffle_prior_4SVJZZ.pt,56,232,0.00890242
channelshuffle_prior_D5AA43.pt,7,492,0.00877982
channelshuffle_prior_10SRQP.pt,14,148,0.00870352
channelshuffle_prior_OG3003.pt,28,2010,0.008842220000000001
channelshuffle_prior_FOI5QQ.pt,14,680,0.008655939999999999
channelshuffle_prior_P0XX3F.pt,224,30,0.008766100000000004
channelshuffle_prior_92MBIX.pt,14,976,0.008749099999999998
channelshuffle_prior_2WILQR.pt,7,1316,0.00878112
channelshuffle_prior_EWMCOX.pt,7,522,0.008767800000000001
channelshuffle_prior_K04T7T.pt,28,44,0.008689380000000002
channelshuffle_prior_OMQEPS.pt,14,82,0.008650499999999998
channelshuffle_prior_46FT77.pt,112,112,0.0087418
channelshuffle_prior_SYAIM0.pt,28,128,0.008677919999999999
channelshuffle_prior_K4ZMB1.pt,14,848,0.008562460000000001
channelshuffle_prior_7RLVSP.pt,56,258,0.008907420000000001
channelshuffle_prior_URNY83.pt,7,530,0.008709699999999997
channelshuffle_prior_2EWIRC.pt,14,774,0.00869106
channelshuffle_prior_X1P7S6.pt,28,210,0.008634660000000002
channelshuffle_prior_1G2U6O.pt,7,492,0.00875048
channelshuffle_prior_ID9X3X.pt,14,72,0.00859252
channelshuffle_prior_BWFY1C.pt,112,166,0.00868394
channelshuffle_prior_0C4XDZ.pt,28,214,0.00876184
channelshuffle_prior_6DVW36.pt,28,106,0.008790159999999998
channelshuffle_prior_05O4F0.pt,56,498,0.008723560000000002
channelshuffle_prior_ORJPTE.pt,14,1188,0.008667339999999996
channelshuffle_prior_3O9TFD.pt,112,454,0.008778039999999997
channelshuffle_prior_FTD6V0.pt,56,140,0.008601499999999998
channelshuffle_prior_XWEOHI.pt,14,236,0.00868374
channelshuffle_prior_OUPSEV.pt,14,18,0.008797499999999998
channelshuffle_prior_E3KPJR.pt,112,696,0.008729320000000002
channelshuffle_prior_9WL742.pt,14,450,0.00866764
channelshuffle_prior_MXVSRJ.pt,56,130,0.008665380000000002
channelshuffle_prior_BIRATL.pt,7,580,0.008717340000000002
channelshuffle_prior_W0MB10.pt,7,522,0.008626400000000001
channelshuffle_prior_8XBIS7.pt,14,202,0.008679459999999998
channelshuffle_prior_Q78RMH.pt,7,526,0.00864626
channelshuffle_prior_TMTWMT.pt,56,272,0.008762699999999998
channelshuffle_prior_WVTSXR.pt,14,102,0.0087141
channelshuffle_prior_N6SV6R.pt,112,54,0.00869006
channelshuffle_prior_FFFXNF.pt,14,498,0.00878206
channelshuffle_prior_8KSKNO.pt,14,42,0.00868544
channelshuffle_prior_JFGN5L.pt,56,80,0.008701380000000003
channelshuffle_prior_XP121X.pt,3,64,0.00873624
channelshuffle_prior_2S6BNX.pt,28,806,0.008705980000000004
channelshuffle_prior_WXKDKL.pt,7,168,0.008628259999999999
channelshuffle_prior_HM7EHK.pt,14,172,0.008788280000000002
channelshuffle_prior_C08GXE.pt,56,8,0.008689080000000002
channelshuffle_prior_8Y2VPE.pt,7,1560,0.008677240000000001
channelshuffle_prior_Q0DLDG.pt,14,46,0.00862454
channelshuffle_prior_XUSULX.pt,7,198,0.00877686
channelshuffle_prior_9SE5MC.pt,112,262,0.008877220000000002
channelshuffle_prior_YL8UZE.pt,14,178,0.008678539999999998
channelshuffle_prior_UPB5EL.pt,56,660,0.008736820000000001
channelshuffle_prior_XNJAEX.pt,56,42,0.008812899999999999
channelshuffle_prior_HVP2N3.pt,56,82,0.008661080000000002
channelshuffle_prior_XQZZYP.pt,56,150,0.008704139999999999
channelshuffle_prior_IIYZTU.pt,56,30,0.00864856
channelshuffle_prior_0L1XKS.pt,7,66,0.008640939999999998
channelshuffle_prior_640O1L.pt,56,156,0.008611520000000001
channelshuffle_prior_60ZJHC.pt,28,500,0.00865242
channelshuffle_prior_VXRSV4.pt,14,280,0.00881428
channelshuffle_prior_Q2QZWY.pt,28,24,0.008763319999999998
channelshuffle_prior_5REWMD.pt,7,516,0.03706574000000001
channelshuffle_prior_1ATRJO.pt,14,392,0.008681680000000004
channelshuffle_prior_4CIS7F.pt,14,16,0.008574900000000002
channelshuffle_prior_53W5AG.pt,14,124,0.00870584
channelshuffle_prior_C8ZQ4W.pt,56,208,0.008779040000000002
channelshuffle_prior_TI7MI6.pt,14,156,0.008682080000000002
channelshuffle_prior_KDGB1E.pt,28,186,0.0087096
channelshuffle_prior_FS2QTQ.pt,224,148,0.00878854
channelshuffle_prior_8WL467.pt,56,528,0.008794439999999999
channelshuffle_prior_O5ZAPU.pt,14,434,0.008757720000000002
channelshuffle_prior_HLWH2T.pt,56,204,0.008801840000000003
channelshuffle_prior_3WNFB5.pt,28,168,0.008772380000000001
channelshuffle_prior_BSZO9U.pt,14,56,0.01984964
channelshuffle_prior_GD11DS.pt,28,460,0.008651640000000002
channelshuffle_prior_3LVO5E.pt,56,80,0.008639459999999998
channelshuffle_prior_04E33K.pt,7,226,0.008628160000000001
channelshuffle_prior_IFQ0FW.pt,3,120,0.00875536
channelshuffle_prior_S1NJQ3.pt,224,1278,0.00874982
channelshuffle_prior_FZU91U.pt,112,1418,0.009042640000000001
channelshuffle_prior_1EJLF4.pt,28,198,0.008657399999999999
channelshuffle_prior_LZOG42.pt,14,162,0.008709940000000001
channelshuffle_prior_QDFVTR.pt,14,1282,0.00866884
channelshuffle_prior_TSNLW2.pt,7,1150,0.008694780000000001
channelshuffle_prior_LRAFSG.pt,14,28,0.008689940000000002
channelshuffle_prior_U9F435.pt,7,90,0.008687480000000003
channelshuffle_prior_GNFKR3.pt,112,162,0.00863156
channelshuffle_prior_AFGS7A.pt,56,72,0.008672319999999999
channelshuffle_prior_1EOLBH.pt,14,126,0.009188760000000002
channelshuffle_prior_4CURZ3.pt,28,80,0.008631699999999997
channelshuffle_prior_FPSKMR.pt,14,218,0.00862804
channelshuffle_prior_QIWCTV.pt,56,232,0.008986240000000001
channelshuffle_prior_2ANIWS.pt,28,82,0.008610420000000002
channelshuffle_prior_4ILVZ3.pt,7,88,0.00867442
channelshuffle_prior_UUS9YY.pt,56,456,0.00877008
channelshuffle_prior_WDZC6H.pt,14,40,0.00865536
channelshuffle_prior_ERFNXK.pt,7,152,0.008820600000000001
channelshuffle_prior_JLRL4S.pt,224,162,0.008836619999999996
channelshuffle_prior_XHBVAH.pt,56,442,0.008773879999999998
channelshuffle_prior_GXT9KS.pt,14,260,0.008764120000000002
channelshuffle_prior_UH56R3.pt,7,520,0.00866734
channelshuffle_prior_8BEUET.pt,14,214,0.00868826
channelshuffle_prior_GF3CFE.pt,7,58,0.008708659999999998
channelshuffle_prior_LDXNBE.pt,14,4,0.008801080000000003
channelshuffle_prior_ITEZUB.pt,14,780,0.00863238
channelshuffle_prior_MJY8OB.pt,28,244,0.00875608
channelshuffle_prior_Q6N7KY.pt,56,208,0.008713680000000001
channelshuffle_prior_LA6JHQ.pt,112,106,0.008703220000000001
channelshuffle_prior_ZRB9VO.pt,14,94,0.00870802
channelshuffle_prior_ESPDYN.pt,7,82,0.008711920000000001
channelshuffle_prior_YVVULP.pt,14,168,0.00862384
channelshuffle_prior_GVAAVP.pt,28,122,0.0086586
channelshuffle_prior_0A46OW.pt,14,528,0.008562120000000001
channelshuffle_prior_NC3CYH.pt,7,24,0.008661219999999999
channelshuffle_prior_Z647EO.pt,14,176,0.008595780000000003
channelshuffle_prior_R45RNZ.pt,14,2042,0.008568700000000002
channelshuffle_prior_LOCRVQ.pt,28,270,0.008685700000000001
channelshuffle_prior_ST1HRP.pt,56,226,0.00871086
channelshuffle_prior_K8N9ZS.pt,14,140,0.00866784
channelshuffle_prior_RUPENP.pt,28,112,0.00867106
channelshuffle_prior_0X6RMQ.pt,7,266,0.00889068
channelshuffle_prior_4PXP6V.pt,56,500,0.008763959999999998
channelshuffle_prior_VGBJB9.pt,14,512,0.00879088
channelshuffle_prior_F57VW0.pt,28,262,0.00871056
channelshuffle_prior_UTQ0WM.pt,56,54,0.00869984
channelshuffle_prior_HIIUMZ.pt,112,212,0.00868722
channelshuffle_prior_0LYWVQ.pt,14,84,0.008691399999999998
channelshuffle_prior_5F9I09.pt,56,104,0.00884666
channelshuffle_prior_UAMFI5.pt,56,648,0.008804240000000001
channelshuffle_prior_2BB52X.pt,14,550,0.00863342
channelshuffle_prior_6Z5JFS.pt,112,224,0.009029619999999995
channelshuffle_prior_5T249P.pt,28,44,0.008695099999999999
channelshuffle_prior_C3RYIK.pt,14,1900,0.008819279999999997
channelshuffle_prior_DG9IKY.pt,14,190,0.008872219999999997
channelshuffle_prior_HAUK61.pt,112,210,0.008888379999999998
channelshuffle_prior_IQLJH8.pt,14,244,0.008832860000000001
channelshuffle_prior_RT208F.pt,28,14,0.00863756
channelshuffle_prior_207CB2.pt,224,186,0.00860244
channelshuffle_prior_IXNHH6.pt,112,32,0.008616340000000005
channelshuffle_prior_V793CJ.pt,28,140,0.037339420000000005
channelshuffle_prior_9LK4JM.pt,56,1018,0.0086496
channelshuffle_prior_V19KV9.pt,112,272,0.008845120000000001
channelshuffle_prior_XG49H5.pt,56,1370,0.00920618
channelshuffle_prior_VYO2WQ.pt,7,56,0.008699480000000002
channelshuffle_prior_U9P9CL.pt,28,220,0.0086789
channelshuffle_prior_EL0EPP.pt,14,44,0.008900960000000001
channelshuffle_prior_DA9OP4.pt,14,268,0.008625760000000003
channelshuffle_prior_DY2QWL.pt,1,90,0.008611859999999999
channelshuffle_prior_UPZC9C.pt,14,210,0.00870564
channelshuffle_prior_5TYNQY.pt,7,158,0.00882562
channelshuffle_prior_903VOY.pt,112,24,0.00856112
channelshuffle_prior_D5CV5S.pt,28,94,0.008581800000000002
channelshuffle_prior_YIL4WR.pt,112,1632,0.0087118
channelshuffle_prior_OWQVTI.pt,56,538,0.008723540000000002
channelshuffle_prior_XUOTNM.pt,14,502,0.00863574
channelshuffle_prior_TEARM5.pt,28,152,0.008769120000000002
channelshuffle_prior_40W8X2.pt,7,46,0.008690240000000002
channelshuffle_prior_RC0JPV.pt,28,170,0.00867382
channelshuffle_prior_Y21MCV.pt,14,498,0.008736640000000004
channelshuffle_prior_HDSXUS.pt,14,116,0.00874624
channelshuffle_prior_R63UV1.pt,56,296,0.008700680000000002
channelshuffle_prior_3Z0GEE.pt,7,14,0.00873278
channelshuffle_prior_IRQO4B.pt,14,8,0.008646799999999998
channelshuffle_prior_WBJ5NI.pt,14,216,0.00869064
channelshuffle_prior_POVV6V.pt,14,8,0.008688240000000003
channelshuffle_prior_O0LXB5.pt,56,172,0.008697459999999999
channelshuffle_prior_SNOJZG.pt,14,84,0.00864438
channelshuffle_prior_J1XOYH.pt,112,180,0.00875814
channelshuffle_prior_PISZ1G.pt,56,16,0.008694200000000003
channelshuffle_prior_H06UEL.pt,14,146,0.008732859999999997
channelshuffle_prior_06UCRC.pt,56,220,0.008752359999999999
channelshuffle_prior_T3AM1S.pt,14,56,0.008839040000000001
channelshuffle_prior_VY8PND.pt,112,268,0.008681300000000001
channelshuffle_prior_87SKQW.pt,14,500,0.008983360000000001
channelshuffle_prior_CLAIW3.pt,14,962,0.00868342
channelshuffle_prior_MAXTMV.pt,56,1068,0.008730740000000002
channelshuffle_prior_XE6J8V.pt,28,212,0.0087527
channelshuffle_prior_B26BRI.pt,28,228,0.009644939999999998
channelshuffle_prior_U0H8X7.pt,14,682,0.008751019999999998
channelshuffle_prior_CZ34LC.pt,224,22,0.008806900000000001
channelshuffle_prior_5P6H9B.pt,7,254,0.008811780000000002
channelshuffle_prior_00HNR3.pt,56,498,0.00869554
channelshuffle_prior_P7MB0T.pt,56,100,0.00881014
channelshuffle_prior_TPD0DO.pt,7,536,0.008643139999999999
channelshuffle_prior_ZTZHZA.pt,14,988,0.008701000000000002
channelshuffle_prior_R8YZH0.pt,14,1320,0.008696100000000002
channelshuffle_prior_VRBXQI.pt,14,528,0.008787700000000002
channelshuffle_prior_TDAWJ3.pt,7,66,0.00870278
channelshuffle_prior_IFMAT3.pt,7,264,0.0091503
channelshuffle_prior_UDPXG8.pt,112,138,0.008800660000000002
channelshuffle_prior_I1Q539.pt,14,232,0.00878612
channelshuffle_prior_O4RPKO.pt,14,90,0.008634780000000005
channelshuffle_prior_C44M8X.pt,14,692,0.008664499999999999
channelshuffle_prior_2T0TFM.pt,28,178,0.008682539999999999
channelshuffle_prior_PGG8WC.pt,28,210,0.00868548
channelshuffle_prior_XVA6C8.pt,14,998,0.00861568
channelshuffle_prior_10T6DO.pt,7,312,0.00865744
channelshuffle_prior_R74927.pt,14,218,0.008712039999999999
channelshuffle_prior_6DWK4R.pt,112,68,0.00889072
channelshuffle_prior_5GGT5S.pt,14,132,0.00866484
channelshuffle_prior_L8Y9GT.pt,14,264,0.00875704
channelshuffle_prior_FNV01Z.pt,112,856,0.008857219999999997
channelshuffle_prior_FF8F85.pt,112,78,0.008843800000000002
channelshuffle_prior_70UQED.pt,14,526,0.008703399999999998
channelshuffle_prior_LHWTRC.pt,56,118,0.00857602
channelshuffle_prior_LZ7TG0.pt,7,270,0.008657020000000001
channelshuffle_prior_BFBEV7.pt,112,184,0.008684099999999998
channelshuffle_prior_68T3ZU.pt,112,492,0.008751620000000002
channelshuffle_prior_HAEBGV.pt,14,32,0.00879802
channelshuffle_prior_6H223B.pt,14,136,0.008789859999999997
channelshuffle_prior_7RO26H.pt,14,74,0.008707359999999999
channelshuffle_prior_1C9Y6X.pt,28,282,0.008701079999999998
channelshuffle_prior_7KVHV7.pt,28,498,0.03308582
channelshuffle_prior_6F7FF2.pt,14,174,0.008738020000000003
channelshuffle_prior_39BZ5T.pt,7,146,0.008662759999999999
channelshuffle_prior_U1SILX.pt,28,722,0.00876474
channelshuffle_prior_3A1BL5.pt,28,162,0.008676859999999998
channelshuffle_prior_XTEGTH.pt,56,10,0.008622519999999998
channelshuffle_prior_0OMM29.pt,7,72,0.00876356
channelshuffle_prior_90W4F0.pt,28,196,0.008699940000000001
channelshuffle_prior_JYIS06.pt,7,136,0.008723559999999998
channelshuffle_prior_6KNFR0.pt,14,278,0.00865916
channelshuffle_prior_J7B12K.pt,7,138,0.008629700000000002
channelshuffle_prior_6TPD43.pt,7,382,0.0089711
channelshuffle_prior_3A59PL.pt,7,122,0.008772159999999998
channelshuffle_prior_22ON3H.pt,14,164,0.008615220000000002
channelshuffle_prior_NVF2T9.pt,28,124,0.008692780000000002
channelshuffle_prior_I4CIWT.pt,14,136,0.008566579999999999
channelshuffle_prior_JKWZM9.pt,56,530,0.008731500000000001
channelshuffle_prior_057WXH.pt,28,228,0.00866214
channelshuffle_prior_9U2NE9.pt,28,202,0.00873166
channelshuffle_prior_ZA0VJS.pt,7,816,0.008891300000000001
channelshuffle_prior_K69CT2.pt,56,174,0.00871828
channelshuffle_prior_900EC7.pt,56,208,0.00876204
channelshuffle_prior_LVAV7J.pt,56,190,0.008829739999999999
channelshuffle_prior_HCQWKY.pt,14,2032,0.00865978
channelshuffle_prior_FQXQ5P.pt,112,18,0.008630899999999999
channelshuffle_prior_3TVI0W.pt,28,256,0.00867974
channelshuffle_prior_E7VDJ3.pt,28,698,0.00881636
channelshuffle_prior_LC6NY1.pt,56,56,0.008679660000000004
channelshuffle_prior_SS5KGR.pt,56,492,0.008725059999999998
channelshuffle_prior_WNYJLM.pt,7,2028,0.008648659999999997
channelshuffle_prior_VB01XX.pt,14,514,0.0086093
channelshuffle_prior_MFMS91.pt,14,626,0.00877654
channelshuffle_prior_PR71Z3.pt,7,154,0.008622
channelshuffle_prior_UUSZY9.pt,3,74,0.0086265
channelshuffle_prior_IJUO68.pt,28,122,0.008734299999999997
channelshuffle_prior_BNFBRP.pt,56,154,0.008572740000000002
channelshuffle_prior_W7S81D.pt,56,1000,0.009092340000000003
channelshuffle_prior_NPUWXO.pt,14,124,0.008704640000000001
channelshuffle_prior_002NDM.pt,14,134,0.008723920000000001
channelshuffle_prior_Z4B83X.pt,7,272,0.008752240000000001
channelshuffle_prior_Z73UG4.pt,28,986,0.009081279999999999
channelshuffle_prior_Y8GJCD.pt,14,270,0.00886026
channelshuffle_prior_0GDS5X.pt,14,168,0.00878746
channelshuffle_prior_539OS1.pt,28,188,0.008810319999999998
channelshuffle_prior_CTFN5U.pt,14,410,0.008677840000000001
channelshuffle_prior_0C2VGK.pt,56,14,0.008661380000000002
channelshuffle_prior_8YRTZT.pt,14,474,0.008653740000000002
channelshuffle_prior_OENAUC.pt,28,396,0.008588240000000002
channelshuffle_prior_DHRGBD.pt,14,974,0.008683280000000003
channelshuffle_prior_4W0KZO.pt,28,40,0.008745520000000001
channelshuffle_prior_IOHLOZ.pt,14,172,0.00866924
channelshuffle_prior_61NPKZ.pt,7,148,0.00862824
channelshuffle_prior_9XDDXP.pt,14,146,0.008821599999999999
channelshuffle_prior_0J6LX7.pt,112,168,0.008673899999999995
channelshuffle_prior_EEJOLB.pt,14,1554,0.008638259999999998
channelshuffle_prior_04P8Y3.pt,56,1174,0.008661480000000003
channelshuffle_prior_GKLA7G.pt,7,194,0.0086825
channelshuffle_prior_XVUGY9.pt,14,120,0.008635200000000003
channelshuffle_prior_G7LBO9.pt,14,222,0.008896519999999998
channelshuffle_prior_KNG1H1.pt,14,248,0.0086858
channelshuffle_prior_G5UVMN.pt,14,160,0.008650239999999998
channelshuffle_prior_532TS4.pt,56,188,0.00868076
channelshuffle_prior_8D15CO.pt,112,452,0.008638839999999998
channelshuffle_prior_0V6Y46.pt,14,126,0.008791919999999998
channelshuffle_prior_MNM206.pt,28,462,0.008656040000000002
channelshuffle_prior_X1KJM7.pt,14,636,0.008777060000000001
channelshuffle_prior_HS86SP.pt,28,44,0.008695419999999997
channelshuffle_prior_6WN91Y.pt,3,58,0.008589339999999999
channelshuffle_prior_UU5XC0.pt,14,164,0.00866862
channelshuffle_prior_6W3LFI.pt,14,124,0.00864226
channelshuffle_prior_IUYF6K.pt,1,186,0.00877968
channelshuffle_prior_NE5PYU.pt,56,194,0.008756939999999998
channelshuffle_prior_IULS17.pt,28,236,0.008741019999999999
channelshuffle_prior_ZO3AV4.pt,28,1004,0.008797560000000003
channelshuffle_prior_MM6Y91.pt,112,202,0.008623539999999999
channelshuffle_prior_2I34SM.pt,28,206,0.0088438
channelshuffle_prior_OMJ9QL.pt,14,160,0.009337820000000002
channelshuffle_prior_51CL2K.pt,56,54,0.00874326
channelshuffle_prior_3LFQR8.pt,14,514,0.008693620000000003
channelshuffle_prior_LCSB6J.pt,14,8,0.00868952
channelshuffle_prior_I0UJ6Q.pt,56,1816,0.00856992
channelshuffle_prior_5D2FJC.pt,112,110,0.009035080000000001
channelshuffle_prior_5CDOO5.pt,14,442,0.00866866
channelshuffle_prior_WUERH5.pt,28,1676,0.008771480000000002
channelshuffle_prior_PG6R3H.pt,7,312,0.008704919999999998
channelshuffle_prior_YCELOO.pt,28,22,0.0087156
channelshuffle_prior_RJNXS3.pt,56,20,0.008695139999999999
channelshuffle_prior_XGL0M5.pt,14,1186,0.00857922
channelshuffle_prior_43AU8P.pt,112,240,0.008725459999999997
channelshuffle_prior_6IRT6H.pt,56,54,0.008802599999999997
channelshuffle_prior_4U75PE.pt,7,10,0.008732280000000002
channelshuffle_prior_8N3WRM.pt,14,168,0.00861646
channelshuffle_prior_Z9HUA2.pt,28,1928,0.008982440000000001
channelshuffle_prior_DE89A8.pt,7,212,0.008652759999999999
channelshuffle_prior_LD2YHM.pt,28,510,0.008565800000000002
channelshuffle_prior_KAQWGQ.pt,7,156,0.008685219999999999
channelshuffle_prior_3AW8KZ.pt,56,998,0.008829519999999999
channelshuffle_prior_RXC084.pt,14,134,0.008729579999999999
channelshuffle_prior_SXPRBO.pt,7,1324,0.008788380000000002
channelshuffle_prior_MA7N9J.pt,112,530,0.008707040000000001
channelshuffle_prior_IFOA65.pt,28,226,0.008853459999999999
channelshuffle_prior_FTM6UD.pt,56,496,0.008754399999999997
channelshuffle_prior_3ZWP1S.pt,28,496,0.0086934
channelshuffle_prior_S843I6.pt,112,210,0.008713640000000002
channelshuffle_prior_HZP6E5.pt,7,148,0.00867594
channelshuffle_prior_RBLH0U.pt,28,844,0.008875059999999997
channelshuffle_prior_6673SZ.pt,28,142,0.008672180000000002
channelshuffle_prior_O8LUAC.pt,56,118,0.008582799999999996
channelshuffle_prior_KVNUBF.pt,14,762,0.008754060000000001
channelshuffle_prior_WT8J2R.pt,7,1136,0.008720060000000002
channelshuffle_prior_GM14C6.pt,7,26,0.00866826
channelshuffle_prior_RAX0QE.pt,14,166,0.00872486
channelshuffle_prior_A7M3OZ.pt,7,1914,0.008824160000000001
channelshuffle_prior_HBCQNL.pt,28,218,0.008653600000000003
channelshuffle_prior_XWL5T7.pt,7,32,0.0086922
channelshuffle_prior_90SH2S.pt,7,56,0.008713559999999997
channelshuffle_prior_RZRNX7.pt,14,52,0.008788019999999997
channelshuffle_prior_VMSQY6.pt,14,480,0.008629060000000001
channelshuffle_prior_FTXBNX.pt,7,494,0.008695820000000002
channelshuffle_prior_2HLWBR.pt,28,4,0.008611659999999997
channelshuffle_prior_P6XO2J.pt,7,444,0.00877104
channelshuffle_prior_53IDDK.pt,28,116,0.008714580000000001
channelshuffle_prior_AACKQV.pt,56,462,0.00880064
channelshuffle_prior_E745Z8.pt,7,242,0.008632639999999999
channelshuffle_prior_I9GQEZ.pt,7,124,0.00862938
channelshuffle_prior_YYMSQ8.pt,112,526,0.00882
channelshuffle_prior_QG11E5.pt,14,508,0.008609800000000003
channelshuffle_prior_FFP9BR.pt,14,490,0.008651700000000002
channelshuffle_prior_FRZ61P.pt,7,174,0.00867604
channelshuffle_prior_5ZL66W.pt,28,168,0.00869358
channelshuffle_prior_ETL8NI.pt,56,2002,0.008781539999999997
channelshuffle_prior_MK7VAK.pt,56,16,0.00875088
channelshuffle_prior_18DPRX.pt,14,114,0.0087822
channelshuffle_prior_SU7MGQ.pt,28,532,0.00856762
channelshuffle_prior_VEW0EF.pt,7,58,0.008746440000000001
channelshuffle_prior_O4E7XI.pt,224,1098,0.00872506
channelshuffle_prior_8YO20Y.pt,7,824,0.008683699999999999
channelshuffle_prior_QJLJR0.pt,28,154,0.008727279999999999
channelshuffle_prior_8K7DC0.pt,28,526,0.009084339999999998
channelshuffle_prior_KWA82C.pt,28,40,0.008627179999999998
channelshuffle_prior_A41HXS.pt,14,202,0.008747679999999999
channelshuffle_prior_RHSG8T.pt,28,124,0.008620699999999999
channelshuffle_prior_HOWY5Q.pt,112,1174,0.008731079999999997
channelshuffle_prior_4KPEWY.pt,28,528,0.008634240000000001
channelshuffle_prior_ON8ONZ.pt,112,116,0.00878216
channelshuffle_prior_1L1QW4.pt,28,148,0.008610320000000001
channelshuffle_prior_I8HGKU.pt,28,22,0.008616500000000001
channelshuffle_prior_6QE8NI.pt,28,1002,0.008721919999999996
channelshuffle_prior_4VADJ2.pt,112,724,0.008746539999999995
channelshuffle_prior_UYXWJH.pt,28,188,0.008670439999999996
channelshuffle_prior_MFHAYQ.pt,14,800,0.008684199999999998
channelshuffle_prior_GE3MQY.pt,224,1290,0.00880214
channelshuffle_prior_YMK3XL.pt,14,210,0.008714940000000001
channelshuffle_prior_YI7VD1.pt,1,148,0.00859642
channelshuffle_prior_H2ZLC6.pt,14,144,0.008737799999999997
channelshuffle_prior_6GZYMC.pt,56,174,0.00885494
channelshuffle_prior_4BROWC.pt,14,250,0.008654659999999998
channelshuffle_prior_HK0DU2.pt,7,440,0.008617380000000001
channelshuffle_prior_TTVBB9.pt,112,150,0.008798719999999996
channelshuffle_prior_6QN245.pt,56,94,0.00872448
channelshuffle_prior_MY6N2E.pt,28,2006,0.008931459999999997
channelshuffle_prior_OSJAV6.pt,14,184,0.00878236
channelshuffle_prior_HQ9VEZ.pt,56,1828,0.0087075
channelshuffle_prior_BOA3KK.pt,112,1000,0.008672039999999999
channelshuffle_prior_SGMB88.pt,14,12,0.00874692
channelshuffle_prior_U40OKY.pt,7,142,0.008678119999999998
channelshuffle_prior_B517QD.pt,56,1248,0.008746899999999998
channelshuffle_prior_SGHBSW.pt,112,158,0.008809379999999999
channelshuffle_prior_833LD3.pt,7,404,0.008722299999999999
channelshuffle_prior_PSH5Z5.pt,28,34,0.008655199999999997
channelshuffle_prior_62LJDF.pt,14,496,0.008828400000000002
channelshuffle_prior_1IRALB.pt,56,502,0.00884808
channelshuffle_prior_YT4SA1.pt,56,16,0.008655799999999998
channelshuffle_prior_88KBTC.pt,3,134,0.008616140000000001
channelshuffle_prior_WAW98R.pt,224,2034,0.00879992
channelshuffle_prior_ZVQGMX.pt,28,510,0.008801100000000001
channelshuffle_prior_C5DHRH.pt,56,30,0.009333639999999999
channelshuffle_prior_J356GG.pt,28,86,0.008700699999999997
channelshuffle_prior_K20H79.pt,28,248,0.009204359999999997
channelshuffle_prior_7CSPOQ.pt,56,180,0.008718379999999998
channelshuffle_prior_YT9FLH.pt,14,470,0.008540100000000002
channelshuffle_prior_4S9L7X.pt,14,862,0.008676420000000002
channelshuffle_prior_XE3MQL.pt,28,252,0.04208544
channelshuffle_prior_84JF26.pt,7,256,0.008700220000000002
channelshuffle_prior_O8I6C3.pt,28,128,0.008655179999999998
channelshuffle_prior_ATADKY.pt,14,66,0.008617540000000002
channelshuffle_prior_PJNPRZ.pt,56,538,0.00870078
channelshuffle_prior_XQYWCO.pt,14,90,0.00865782
channelshuffle_prior_WK3I0G.pt,7,54,0.00864478
channelshuffle_prior_MA6M1J.pt,56,134,0.00871862
channelshuffle_prior_6DTWSM.pt,28,166,0.008748059999999998
channelshuffle_prior_JQGT50.pt,56,144,0.008655920000000001
channelshuffle_prior_TYBDIZ.pt,56,390,0.008618579999999999
channelshuffle_prior_G6QFPZ.pt,14,104,0.008688799999999998
channelshuffle_prior_1G3HVJ.pt,56,270,0.008826979999999998
channelshuffle_prior_KJETOE.pt,112,520,0.00873588
channelshuffle_prior_JJVQAA.pt,28,860,0.008780780000000002
channelshuffle_prior_H5FMUK.pt,56,48,0.00864704
channelshuffle_prior_MDSDHJ.pt,112,90,0.00863548
channelshuffle_prior_ODAI2G.pt,14,528,0.00895084
channelshuffle_prior_0RB4XL.pt,28,118,0.008635740000000001
channelshuffle_prior_9XI0GJ.pt,28,50,0.008662959999999999
channelshuffle_prior_BYERQV.pt,14,180,0.009038760000000002
channelshuffle_prior_SD83QZ.pt,14,916,0.008877759999999998
channelshuffle_prior_61S62P.pt,112,220,0.008881179999999999
channelshuffle_prior_NLAGNF.pt,14,768,0.009260899999999999
channelshuffle_prior_RW3IAU.pt,56,172,0.00874872
channelshuffle_prior_C675YI.pt,14,40,0.00868364
channelshuffle_prior_KRB7D1.pt,28,1462,0.00878174
channelshuffle_prior_2SMDGS.pt,56,88,0.008572539999999998
channelshuffle_prior_CTXZPK.pt,14,482,0.008585939999999999
channelshuffle_prior_RI7PN3.pt,112,156,0.008736500000000001
channelshuffle_prior_K0XXIN.pt,14,112,0.00913866
channelshuffle_prior_4268M9.pt,14,156,0.008621960000000001
channelshuffle_prior_6ICXG5.pt,7,234,0.0088293
channelshuffle_prior_D8UFYC.pt,14,156,0.008715439999999998
channelshuffle_prior_2ZKF5E.pt,7,90,0.008697739999999997
channelshuffle_prior_0P4Q2P.pt,14,154,0.008769760000000003
channelshuffle_prior_MA9D0R.pt,224,142,0.008736299999999999
channelshuffle_prior_HV7HNQ.pt,28,176,0.00883532
channelshuffle_prior_LEIVOV.pt,14,398,0.00867674
channelshuffle_prior_0DQVUJ.pt,14,10,0.008891220000000002
channelshuffle_prior_QVF6OS.pt,14,860,0.008713839999999999
channelshuffle_prior_DF65YX.pt,7,60,0.008669600000000001
channelshuffle_prior_3NV9D4.pt,14,144,0.009175359999999999
channelshuffle_prior_M4ZHVX.pt,7,500,0.008798740000000001
channelshuffle_prior_8PI285.pt,14,762,0.00883438
channelshuffle_prior_RZOTEN.pt,56,56,0.008734879999999997
channelshuffle_prior_LPJWGA.pt,14,294,0.008752099999999997
channelshuffle_prior_QZV51W.pt,28,226,0.00877184
channelshuffle_prior_2HTIBO.pt,56,856,0.00898572
channelshuffle_prior_C953D3.pt,28,112,0.00868546
channelshuffle_prior_SH1THT.pt,14,108,0.008628160000000003
channelshuffle_prior_NTCZDV.pt,7,208,0.008677139999999998
channelshuffle_prior_R8TDP4.pt,56,202,0.008677259999999997
channelshuffle_prior_YXLOAN.pt,112,44,0.00871156
channelshuffle_prior_RL7KGF.pt,3,812,0.008657659999999998
channelshuffle_prior_IM4P2D.pt,56,50,0.00873704
channelshuffle_prior_URATTC.pt,112,108,0.00869838
channelshuffle_prior_Z1PFJC.pt,3,986,0.008648700000000004
channelshuffle_prior_ZCFCA5.pt,112,140,0.008721619999999996
channelshuffle_prior_UEKQ2M.pt,56,198,0.00871058
channelshuffle_prior_1X2S9V.pt,14,154,0.00873218
channelshuffle_prior_HRJ35J.pt,56,182,0.008706499999999995
channelshuffle_prior_S28MKP.pt,7,130,0.008694219999999999
channelshuffle_prior_M6TDAC.pt,7,196,0.00871218
channelshuffle_prior_V4CZZT.pt,56,514,0.008754480000000004
channelshuffle_prior_C2Y4D5.pt,14,132,0.008680879999999997
channelshuffle_prior_U3CCXR.pt,14,176,0.008773200000000002
channelshuffle_prior_WR0JNH.pt,7,1056,0.00880328
channelshuffle_prior_UI7I57.pt,14,232,0.008704380000000003
channelshuffle_prior_CXS8ED.pt,7,406,0.00871808
channelshuffle_prior_YG61PJ.pt,14,1538,0.008588099999999998
channelshuffle_prior_MCJ6DA.pt,14,48,0.008729540000000001
channelshuffle_prior_CY0DWN.pt,112,994,0.008757319999999999
channelshuffle_prior_WC5QV1.pt,56,94,0.008713120000000001
channelshuffle_prior_NN62A5.pt,112,532,0.008738039999999999
channelshuffle_prior_IXE7QK.pt,56,768,0.00883602
channelshuffle_prior_F1PB8B.pt,56,92,0.008816419999999997
channelshuffle_prior_ZF6N9P.pt,7,78,0.008824899999999998
channelshuffle_prior_9DK16J.pt,7,208,0.0086785
channelshuffle_prior_SYAK81.pt,14,504,0.008660700000000002
channelshuffle_prior_GZW0AB.pt,14,506,0.00862618
channelshuffle_prior_WBNUS1.pt,28,230,0.008733819999999998
channelshuffle_prior_CAP5QV.pt,56,46,0.008698739999999998
channelshuffle_prior_N3WC1G.pt,28,540,0.008589620000000003
channelshuffle_prior_U7SSXA.pt,14,1450,0.00857984
channelshuffle_prior_T4V29W.pt,7,1180,0.008565239999999998
channelshuffle_prior_Q8Y3FX.pt,7,150,0.008740459999999999
channelshuffle_prior_IR8EP5.pt,112,452,0.008584879999999998
channelshuffle_prior_N6UIOC.pt,28,122,0.008696660000000002
channelshuffle_prior_1XONC0.pt,3,242,0.0087541
channelshuffle_prior_CFEHKB.pt,1,26,0.009096900000000002
channelshuffle_prior_GN3NU0.pt,56,44,0.00868902
channelshuffle_prior_PYUTMV.pt,56,404,0.00883596
channelshuffle_prior_8RL9XU.pt,112,66,0.00877448
channelshuffle_prior_CF4VKG.pt,7,24,0.008896059999999999
channelshuffle_prior_PHHSLM.pt,14,52,0.008668200000000001
channelshuffle_prior_W4181W.pt,112,272,0.00869342
channelshuffle_prior_AE6EHO.pt,28,142,0.008670479999999998
channelshuffle_prior_C2WTRV.pt,28,234,0.008733419999999999
channelshuffle_prior_7JB3OI.pt,14,250,0.008712639999999999
channelshuffle_prior_JNLGT2.pt,14,246,0.00877666
channelshuffle_prior_FI97AL.pt,28,530,0.008791079999999996
channelshuffle_prior_E4TEEJ.pt,1,410,0.008645960000000001
channelshuffle_prior_EWAU0F.pt,14,514,0.008731059999999999
channelshuffle_prior_FH0XNH.pt,14,498,0.008696520000000001
channelshuffle_prior_THDE25.pt,112,188,0.00868888
channelshuffle_prior_3Q3EJF.pt,14,256,0.008695060000000003
channelshuffle_prior_XFYSCJ.pt,112,78,0.008675299999999999
channelshuffle_prior_137AZU.pt,14,130,0.008705580000000001
channelshuffle_prior_FPJTWW.pt,56,66,0.008694279999999999
channelshuffle_prior_Y61PDN.pt,28,38,0.008680660000000001
channelshuffle_prior_QGG1UD.pt,28,522,0.008616200000000001
channelshuffle_prior_QMGEGB.pt,14,172,0.00873756
channelshuffle_prior_3RC3HG.pt,28,528,0.00852582
channelshuffle_prior_NOJAX1.pt,28,252,0.00878992
channelshuffle_prior_0CQSYX.pt,7,180,0.008671280000000002
channelshuffle_prior_GL3CDT.pt,14,146,0.008907280000000004
channelshuffle_prior_33UHA9.pt,56,208,0.00875754
channelshuffle_prior_D907RF.pt,28,820,0.008699199999999999
channelshuffle_prior_4XP99F.pt,28,774,0.008665999999999998
channelshuffle_prior_RPHKRB.pt,56,64,0.008749320000000001
channelshuffle_prior_SAF7KT.pt,28,34,0.008645240000000002
channelshuffle_prior_3X12MJ.pt,112,2042,0.00863
channelshuffle_prior_DBC51W.pt,14,540,0.008783580000000001
channelshuffle_prior_BLUPP1.pt,28,110,0.008718260000000004
channelshuffle_prior_GRURVK.pt,28,136,0.0086275
channelshuffle_prior_KIWZ83.pt,28,256,0.008916000000000002
channelshuffle_prior_L3HK79.pt,28,506,0.008595759999999997
channelshuffle_prior_139JGK.pt,28,118,0.00872796
channelshuffle_prior_VJNWB3.pt,28,814,0.00865606
channelshuffle_prior_GZWSUD.pt,14,498,0.008731179999999998
channelshuffle_prior_LRSAFW.pt,56,170,0.008701899999999997
channelshuffle_prior_JJU33R.pt,28,552,0.00860814
channelshuffle_prior_HQLI7D.pt,14,30,0.008682259999999999
channelshuffle_prior_Q12KS8.pt,28,2018,0.008699339999999998
channelshuffle_prior_1JH3RG.pt,28,270,0.00865146
channelshuffle_prior_9I06FE.pt,7,166,0.008725459999999999
channelshuffle_prior_T2WDXQ.pt,56,224,0.008663919999999999
channelshuffle_prior_51LTIL.pt,7,28,0.008703959999999997
channelshuffle_prior_VLY1KE.pt,28,174,0.008665960000000002
channelshuffle_prior_I8SBJM.pt,14,164,0.008893060000000001
channelshuffle_prior_Z1EL1L.pt,56,28,0.008653440000000002
channelshuffle_prior_746BLM.pt,28,38,0.008671759999999995
channelshuffle_prior_QP4OD2.pt,14,108,0.008685680000000001
channelshuffle_prior_980L1I.pt,14,122,0.008819
channelshuffle_prior_C9D79P.pt,7,38,0.00865652
channelshuffle_prior_LJE6R8.pt,14,524,0.008699419999999996
channelshuffle_prior_6H1IPT.pt,56,532,0.00864522
channelshuffle_prior_TKVAKQ.pt,14,24,0.008802079999999999
channelshuffle_prior_YD2U8T.pt,56,474,0.008811840000000003
channelshuffle_prior_0PM9VL.pt,14,30,0.00875214
channelshuffle_prior_OIDI9A.pt,14,102,0.008650079999999997
channelshuffle_prior_FTWU94.pt,28,136,0.008672600000000003
channelshuffle_prior_NMQ7Y6.pt,14,212,0.008715460000000001
channelshuffle_prior_XNVYEF.pt,28,1004,0.008738000000000001
channelshuffle_prior_1LRB7Z.pt,14,172,0.00876458
channelshuffle_prior_RO95FH.pt,56,4,0.00876898
channelshuffle_prior_0F1072.pt,112,58,0.008732219999999999
channelshuffle_prior_DW6N5B.pt,14,550,0.008851979999999999
channelshuffle_prior_BOV33Z.pt,14,118,0.008831500000000003
channelshuffle_prior_D5TUE8.pt,14,316,0.008647239999999997
channelshuffle_prior_FEK4JK.pt,3,160,0.008657119999999999
channelshuffle_prior_LRPUCB.pt,56,522,0.00868116
channelshuffle_prior_7O5WAJ.pt,56,100,0.008676960000000001
channelshuffle_prior_KG171K.pt,56,490,0.0087073
channelshuffle_prior_88V20P.pt,28,64,0.008666059999999998
channelshuffle_prior_S3ME6U.pt,56,246,0.008777580000000002
channelshuffle_prior_JQKJFT.pt,112,154,0.008690400000000001
channelshuffle_prior_H649YX.pt,56,66,0.0087077
channelshuffle_prior_EA0RIR.pt,56,762,0.008848119999999998
channelshuffle_prior_6LM7ZE.pt,28,680,0.00883726
channelshuffle_prior_XPC4MB.pt,28,156,0.008667000000000001
channelshuffle_prior_WI2ZRU.pt,14,92,0.008779679999999998
channelshuffle_prior_YPQH2L.pt,14,136,0.008675919999999998
channelshuffle_prior_D528FR.pt,28,52,0.008630140000000001
channelshuffle_prior_KG9OHS.pt,28,146,0.00869532
channelshuffle_prior_76P10T.pt,14,906,0.00865448
channelshuffle_prior_SWIB14.pt,56,198,0.008735720000000002
channelshuffle_prior_WY6N5N.pt,3,396,0.008677339999999999
channelshuffle_prior_B38GOX.pt,28,144,0.00874556
channelshuffle_prior_AJVKBM.pt,7,446,0.008616420000000001
channelshuffle_prior_119DS6.pt,7,72,0.008770219999999999
channelshuffle_prior_9OOKUU.pt,7,254,0.008710100000000002
channelshuffle_prior_P4K5SP.pt,14,134,0.00862766
channelshuffle_prior_N7ZOIH.pt,14,44,0.008756179999999999
channelshuffle_prior_L0D7UC.pt,14,192,0.00870328
channelshuffle_prior_PXV8TM.pt,56,760,0.008877099999999999
channelshuffle_prior_MLAWXU.pt,14,228,0.008695440000000002
channelshuffle_prior_UML8Y8.pt,56,58,0.00866684
channelshuffle_prior_ND1HKE.pt,56,226,0.008712919999999999
channelshuffle_prior_GAVAHT.pt,28,1902,0.00870104
channelshuffle_prior_4ORM19.pt,112,160,0.008731320000000002
channelshuffle_prior_UJ54JA.pt,56,1920,0.008783100000000002
channelshuffle_prior_6P37VL.pt,28,148,0.008755399999999995
channelshuffle_prior_1EV71W.pt,28,1488,0.008684720000000002
channelshuffle_prior_2HRQC0.pt,224,12,0.00896032
channelshuffle_prior_LH5O2C.pt,14,12,0.00880148
channelshuffle_prior_EGPQ2X.pt,28,248,0.008918
channelshuffle_prior_J1O2M9.pt,112,396,0.008882159999999998
channelshuffle_prior_VCRY43.pt,28,194,0.00894544
channelshuffle_prior_K8YWPV.pt,3,528,0.008951619999999999
channelshuffle_prior_F1Z73C.pt,28,476,0.008779559999999999
channelshuffle_prior_BROPJ4.pt,14,524,0.008701379999999998
channelshuffle_prior_AFFFOO.pt,14,42,0.008574599999999998
channelshuffle_prior_O5VGFM.pt,14,166,0.008699579999999998
channelshuffle_prior_Y6YV06.pt,112,134,0.008780880000000001
channelshuffle_prior_U9ULE8.pt,1,206,0.00873522
channelshuffle_prior_ZJBSP4.pt,28,272,0.008821880000000002
channelshuffle_prior_B2XFTP.pt,14,514,0.00872396
channelshuffle_prior_MTTAPK.pt,14,1998,0.008610959999999999
channelshuffle_prior_Q3X1JY.pt,14,200,0.00867514
channelshuffle_prior_1MP93D.pt,28,148,0.00859454
channelshuffle_prior_0RSBLM.pt,14,244,0.008699979999999998
channelshuffle_prior_DFS7XU.pt,7,526,0.008700300000000001
channelshuffle_prior_I0ZH74.pt,14,38,0.008724860000000003
channelshuffle_prior_KQ99LW.pt,7,268,0.008689319999999999
channelshuffle_prior_HAVFIO.pt,112,388,0.008722640000000002
channelshuffle_prior_GPCIE5.pt,28,6,0.008776680000000004
channelshuffle_prior_OUUEIV.pt,56,242,0.008851199999999998
channelshuffle_prior_FVU77Y.pt,28,192,0.008687119999999998
channelshuffle_prior_8Y8R23.pt,14,254,0.008746300000000002
channelshuffle_prior_QHOL4F.pt,56,168,0.00871146
channelshuffle_prior_4VLIV3.pt,112,126,0.008811919999999999
channelshuffle_prior_C53XW7.pt,14,62,0.008677359999999999
channelshuffle_prior_CI4OVU.pt,14,1164,0.008778079999999995
channelshuffle_prior_DRVAKE.pt,28,12,0.008648560000000001
channelshuffle_prior_UOR5MS.pt,7,850,0.00874478
channelshuffle_prior_72W5JX.pt,7,10,0.00868702
channelshuffle_prior_LYWDVW.pt,1,268,0.00867126
channelshuffle_prior_Q4O2WQ.pt,56,178,0.008788139999999998
channelshuffle_prior_SWFHME.pt,7,190,0.008753539999999999
channelshuffle_prior_VN7IOA.pt,224,510,0.008762799999999998
channelshuffle_prior_MZGHKP.pt,56,22,0.008711839999999995
channelshuffle_prior_T3ESLT.pt,28,170,0.00863424
channelshuffle_prior_TRJGXJ.pt,56,48,0.00880116
channelshuffle_prior_369X3O.pt,14,86,0.008680979999999998
channelshuffle_prior_1GO20E.pt,56,14,0.008698279999999997
channelshuffle_prior_GGNEGI.pt,14,112,0.00868138
channelshuffle_prior_1TUABC.pt,14,204,0.008734400000000003
channelshuffle_prior_UMLUIS.pt,14,272,0.00872788
channelshuffle_prior_6CWSTM.pt,56,948,0.008719060000000004
channelshuffle_prior_T8TYZW.pt,7,728,0.008747840000000002
channelshuffle_prior_BEPFOC.pt,7,156,0.008691459999999998
channelshuffle_prior_7RY4CV.pt,56,530,0.00868814
channelshuffle_prior_X8OFDD.pt,14,78,0.009335199999999998
channelshuffle_prior_HIC139.pt,28,204,0.0087173
channelshuffle_prior_WG0NU5.pt,14,1016,0.008663959999999997
channelshuffle_prior_RIKS5T.pt,14,220,0.008968699999999998
channelshuffle_prior_7XIVQK.pt,7,30,0.00893538
channelshuffle_prior_364HPF.pt,112,164,0.009126120000000001
channelshuffle_prior_A7JE6S.pt,14,166,0.00896068
channelshuffle_prior_FJ06PU.pt,7,56,0.0089695
channelshuffle_prior_N0LTBF.pt,28,78,0.008829759999999997
channelshuffle_prior_L8FBSW.pt,14,1024,0.009003559999999999
channelshuffle_prior_VOIX7O.pt,56,616,0.00892502
channelshuffle_prior_RKGIEQ.pt,7,250,0.008675480000000001
channelshuffle_prior_EAM4PM.pt,14,248,0.008739239999999999
channelshuffle_prior_4A7YGY.pt,14,240,0.00876122
channelshuffle_prior_E22B9O.pt,14,154,0.008681839999999998
channelshuffle_prior_YTAT2O.pt,7,12,0.008704660000000001
channelshuffle_prior_VPPO69.pt,56,4,0.008861139999999998
channelshuffle_prior_YTICDK.pt,28,56,0.008607719999999998
channelshuffle_prior_XT05PL.pt,7,474,0.00863968
channelshuffle_prior_282OCI.pt,14,532,0.008688179999999998
channelshuffle_prior_A7N985.pt,28,528,0.008585579999999997
channelshuffle_prior_EM4UTW.pt,7,202,0.0086793
channelshuffle_prior_O0JX98.pt,14,130,0.00869306
channelshuffle_prior_1BCZTS.pt,14,150,0.00898856
channelshuffle_prior_1CBA77.pt,28,500,0.008689000000000004
channelshuffle_prior_C8C8KM.pt,56,526,0.008781820000000003
channelshuffle_prior_NV8YTQ.pt,14,142,0.00870378
channelshuffle_prior_NDJTCA.pt,7,204,0.00874954
channelshuffle_prior_DYFBBA.pt,14,180,0.00868888
channelshuffle_prior_EQJI14.pt,3,164,0.008756000000000003
channelshuffle_prior_EDV1XC.pt,3,866,0.00875262
channelshuffle_prior_HQ0QTH.pt,112,770,0.0087787
channelshuffle_prior_513173.pt,14,692,0.00880214
channelshuffle_prior_31Q7R6.pt,7,72,0.05527226
channelshuffle_prior_5PWWO2.pt,224,14,0.00897134
channelshuffle_prior_I5DMTT.pt,14,144,0.008686860000000001
channelshuffle_prior_YCUWW0.pt,112,262,0.00871972
channelshuffle_prior_BQD7JR.pt,14,186,0.0086424
channelshuffle_prior_T0UH4K.pt,112,12,0.00876796
channelshuffle_prior_11XYFD.pt,14,220,0.008599260000000001
channelshuffle_prior_DAMBWR.pt,28,124,0.00867954
channelshuffle_prior_K8PEBM.pt,28,86,0.00868738
channelshuffle_prior_JG16KV.pt,28,122,0.008692339999999998
channelshuffle_prior_VU22AI.pt,14,158,0.008732339999999998
channelshuffle_prior_DAA16F.pt,28,398,0.008652140000000001
channelshuffle_prior_MZPT34.pt,56,658,0.008693059999999999
channelshuffle_prior_5YE21I.pt,14,120,0.00883224
channelshuffle_prior_AH2ZA4.pt,14,74,0.00863606
channelshuffle_prior_1Z9XQP.pt,14,758,0.00871026
channelshuffle_prior_S1G843.pt,28,52,0.0086593
channelshuffle_prior_2KRAH3.pt,28,2026,0.008771540000000001
channelshuffle_prior_AR2924.pt,112,1016,0.00871316
channelshuffle_prior_ZD9NSN.pt,28,528,0.00865392
channelshuffle_prior_XCCBXT.pt,14,958,0.009231980000000002
channelshuffle_prior_CWMGXA.pt,56,186,0.008847539999999997
channelshuffle_prior_HTAAR5.pt,14,768,0.0086644
channelshuffle_prior_5LOBDH.pt,14,18,0.008621300000000002
channelshuffle_prior_DZJETM.pt,56,26,0.008605660000000001
channelshuffle_prior_DKZSTL.pt,28,182,0.00881308
channelshuffle_prior_OE5WLW.pt,14,46,0.00861812
channelshuffle_prior_1EC8NF.pt,14,136,0.00866834
channelshuffle_prior_7JXZ6S.pt,14,170,0.00866476
channelshuffle_prior_0CASAW.pt,56,190,0.008828999999999998
channelshuffle_prior_2YDIHM.pt,14,164,0.008658380000000004
channelshuffle_prior_XVCKCA.pt,28,156,0.0087202
channelshuffle_prior_NG6IUT.pt,112,6,0.00871416
channelshuffle_prior_57PQP9.pt,112,506,0.008781419999999998
channelshuffle_prior_R56LXJ.pt,14,122,0.0088634
channelshuffle_prior_178DK0.pt,224,30,0.008727820000000002
channelshuffle_prior_P18Z24.pt,28,92,0.008647819999999999
channelshuffle_prior_I75KOF.pt,28,234,0.00876182
channelshuffle_prior_LT65VD.pt,28,416,0.0085781
channelshuffle_prior_LKLME8.pt,14,180,0.008822819999999999
channelshuffle_prior_8C0LYT.pt,112,1000,0.008676960000000003
channelshuffle_prior_2KEVHN.pt,56,10,0.008745460000000002
channelshuffle_prior_10PVY9.pt,56,82,0.008735720000000002
channelshuffle_prior_SEHWMS.pt,7,542,0.008713740000000003
channelshuffle_prior_UHDDO9.pt,14,630,0.008644399999999998
channelshuffle_prior_NQNHC1.pt,112,162,0.008935619999999998
channelshuffle_prior_44I8YD.pt,14,6,0.008803440000000001
channelshuffle_prior_317PO7.pt,7,16,0.008683219999999998
channelshuffle_prior_FK80ZO.pt,14,122,0.008664199999999999
channelshuffle_prior_KH1EAL.pt,56,60,0.00872402
channelshuffle_prior_DMQYYM.pt,7,236,0.008658699999999998
channelshuffle_prior_LPCSD1.pt,7,284,0.00874398
channelshuffle_prior_VLRFKV.pt,56,14,0.00862888
channelshuffle_prior_D3BAL9.pt,224,164,0.008768699999999997
channelshuffle_prior_YPA6SW.pt,14,224,0.008739039999999997
channelshuffle_prior_8G0A5M.pt,56,512,0.0086513
channelshuffle_prior_I3QROL.pt,7,432,0.0087767
channelshuffle_prior_BQA2Z3.pt,112,188,0.0086748
channelshuffle_prior_XXPTRS.pt,56,14,0.008712220000000001
channelshuffle_prior_1B4WBG.pt,14,216,0.008819019999999999
channelshuffle_prior_G4PX4Y.pt,14,154,0.00869434
channelshuffle_prior_R9BNH1.pt,14,146,0.008627619999999997
channelshuffle_prior_AXZ7X8.pt,14,510,0.008719420000000002
channelshuffle_prior_HZ29BC.pt,14,132,0.008690080000000001
channelshuffle_prior_Y5WLGE.pt,112,534,0.008743419999999998
channelshuffle_prior_HQO3JV.pt,14,976,0.008708019999999999
channelshuffle_prior_XI45ZP.pt,14,98,0.00863262
channelshuffle_prior_H4PSFI.pt,7,182,0.008755000000000002
channelshuffle_prior_8FQYZG.pt,3,1288,0.0088967
channelshuffle_prior_AG99CP.pt,224,32,0.008963739999999998
channelshuffle_prior_KJ3AG2.pt,28,100,0.008754560000000002
channelshuffle_prior_2EZEQF.pt,7,272,0.00869846
channelshuffle_prior_L7X2W4.pt,28,432,0.008589199999999998
channelshuffle_prior_IV9O4N.pt,28,1014,0.008843380000000001
channelshuffle_prior_0B42PF.pt,14,534,0.00873132
channelshuffle_prior_QDDRL4.pt,7,90,0.008653699999999997
channelshuffle_prior_MEWLAP.pt,7,160,0.008689199999999998
channelshuffle_prior_ZKZ0AO.pt,28,114,0.00878532
channelshuffle_prior_38UD1O.pt,112,68,0.008717359999999999
channelshuffle_prior_4FFVKZ.pt,14,1014,0.008799
channelshuffle_prior_F7P7RU.pt,56,1004,0.009248680000000002
channelshuffle_prior_3HJSZZ.pt,14,170,0.008801419999999999
channelshuffle_prior_BX5A8H.pt,28,224,0.008679899999999999
channelshuffle_prior_8QCQRJ.pt,14,1448,0.0086151
channelshuffle_prior_Q9XBPV.pt,14,138,0.008677559999999999
channelshuffle_prior_A67NHD.pt,28,1082,0.008824700000000001
channelshuffle_prior_BK15OZ.pt,14,664,0.008690419999999999
channelshuffle_prior_IIMQ3V.pt,14,38,0.008669360000000003
channelshuffle_prior_S83HZP.pt,14,238,0.00863468
channelshuffle_prior_SHU9B9.pt,14,984,0.008816359999999997
channelshuffle_prior_14IEGB.pt,14,930,0.00867536
channelshuffle_prior_L6TVN0.pt,14,98,0.008680199999999997
channelshuffle_prior_9X05XE.pt,14,516,0.00897394
channelshuffle_prior_7SE68W.pt,28,210,0.008785740000000002
channelshuffle_prior_V6A5YA.pt,112,596,0.00875134
channelshuffle_prior_7SVHFJ.pt,28,142,0.00876928
channelshuffle_prior_TNUWQR.pt,56,6,0.00866444
channelshuffle_prior_O7TN6P.pt,112,196,0.008740660000000004
channelshuffle_prior_KMEJGO.pt,14,542,0.00862168
channelshuffle_prior_FR1CC6.pt,14,8,0.008724280000000003
channelshuffle_prior_15WAA5.pt,7,208,0.008736780000000003
channelshuffle_prior_WFB3MK.pt,28,244,0.00863212
channelshuffle_prior_MONZRC.pt,14,58,0.008819180000000001
channelshuffle_prior_X31MVM.pt,112,50,0.00884612
channelshuffle_prior_N4EICL.pt,224,222,0.008785539999999998
channelshuffle_prior_2DVMXA.pt,14,500,0.008791159999999998
channelshuffle_prior_5B82XP.pt,7,504,0.008642400000000001
channelshuffle_prior_S2BXML.pt,28,174,0.008722360000000002
channelshuffle_prior_EZWJKC.pt,14,464,0.008640780000000002
channelshuffle_prior_CC0J1O.pt,1,240,0.00858198
channelshuffle_prior_7A4O13.pt,14,488,0.008710719999999998
channelshuffle_prior_70XMPJ.pt,112,250,0.008615240000000001
channelshuffle_prior_A85AOQ.pt,112,658,0.008752899999999997
channelshuffle_prior_EZS4MR.pt,7,516,0.008751720000000001
channelshuffle_prior_N263XU.pt,28,122,0.00869258
channelshuffle_prior_81HNNX.pt,28,186,0.008656819999999999
channelshuffle_prior_12XNP8.pt,14,334,0.00870238
channelshuffle_prior_DMG0TU.pt,28,142,0.009529259999999998
channelshuffle_prior_U0DUVE.pt,7,692,0.008750359999999999
channelshuffle_prior_GK57A5.pt,112,530,0.00891534
channelshuffle_prior_9R5VWW.pt,56,174,0.00886192
channelshuffle_prior_J3USOA.pt,7,250,0.008707079999999999
channelshuffle_prior_TIUX6D.pt,14,540,0.008819140000000001
channelshuffle_prior_KUHMWG.pt,14,176,0.0086448
channelshuffle_prior_1L1NLQ.pt,3,140,0.00881198
channelshuffle_prior_K10SED.pt,28,44,0.0086537
channelshuffle_prior_KT4I1X.pt,14,22,0.00871146
channelshuffle_prior_MUYT7V.pt,28,142,0.008676840000000002
channelshuffle_prior_RNFYOZ.pt,28,178,0.008629600000000001
channelshuffle_prior_NNM97M.pt,28,502,0.008609699999999998
channelshuffle_prior_FY08I0.pt,14,8,0.008660260000000001
channelshuffle_prior_EC8DSJ.pt,56,132,0.00870034
channelshuffle_prior_JM1B68.pt,14,510,0.00877234
channelshuffle_prior_EXZSOB.pt,56,522,0.00890698
channelshuffle_prior_RAZ5KC.pt,56,146,0.008597640000000002
channelshuffle_prior_P3TQRG.pt,7,498,0.008761319999999998
channelshuffle_prior_LYL4RQ.pt,7,22,0.008658500000000001
channelshuffle_prior_DSLLKT.pt,14,88,0.008633499999999999
channelshuffle_prior_T8LQ7Y.pt,28,18,0.008704259999999998
channelshuffle_prior_4TKSW2.pt,56,988,0.00876086
channelshuffle_prior_LT9YZP.pt,28,52,0.00872622
channelshuffle_prior_C1DDZ9.pt,56,612,0.008871359999999997
channelshuffle_prior_CNDLTR.pt,14,516,0.008672260000000001
channelshuffle_prior_GQF3ZI.pt,14,448,0.008672740000000003
channelshuffle_prior_40A9L8.pt,56,778,0.00878852
channelshuffle_prior_EOATIV.pt,7,242,0.00868894
channelshuffle_prior_VVQZR5.pt,7,270,0.008604479999999998
channelshuffle_prior_SA8E2W.pt,14,298,0.00869496
channelshuffle_prior_OMSWEE.pt,28,444,0.008587859999999998
channelshuffle_prior_69BGV0.pt,28,258,0.008804240000000005
channelshuffle_prior_MBEE0F.pt,14,242,0.008676479999999997
channelshuffle_prior_4Q9TV6.pt,3,1418,0.00868572
channelshuffle_prior_UA9XP8.pt,7,92,0.008697040000000001
channelshuffle_prior_4ZP814.pt,56,48,0.008856179999999998
channelshuffle_prior_CJJBGQ.pt,56,232,0.008692379999999998
channelshuffle_prior_9YMTP0.pt,28,76,0.008765260000000002
channelshuffle_prior_URNSEM.pt,28,818,0.0087664
channelshuffle_prior_P39LA8.pt,56,638,0.008731180000000003
channelshuffle_prior_0BDTY2.pt,112,96,0.008804640000000004
channelshuffle_prior_3QBLEA.pt,28,76,0.008691279999999997
channelshuffle_prior_IRZOL3.pt,14,184,0.008987219999999997
channelshuffle_prior_W5CBJY.pt,14,204,0.0087439
channelshuffle_prior_A91JTR.pt,3,162,0.008689100000000002
channelshuffle_prior_HW8C27.pt,7,94,0.00868238
channelshuffle_prior_M4FW55.pt,112,254,0.00872
channelshuffle_prior_30E9AM.pt,14,82,0.008835799999999998
channelshuffle_prior_96VGOK.pt,14,108,0.00882874
channelshuffle_prior_T4ZCDF.pt,7,434,0.00871484
channelshuffle_prior_MNZJT0.pt,14,490,0.008677220000000003
channelshuffle_prior_9D483Y.pt,56,512,0.009671740000000002
channelshuffle_prior_3XCQJS.pt,14,84,0.008794
channelshuffle_prior_4A0IQ3.pt,14,146,0.00872574
channelshuffle_prior_V0KJLL.pt,28,4,0.00864384
channelshuffle_prior_E9TKXX.pt,224,536,0.008752780000000002
channelshuffle_prior_3T4BZS.pt,7,202,0.008728780000000002
channelshuffle_prior_QTWMHI.pt,7,218,0.008704220000000002
channelshuffle_prior_97PHOO.pt,14,798,0.008650539999999998
channelshuffle_prior_V6CFK2.pt,28,82,0.00863834
channelshuffle_prior_Y7ALX3.pt,28,216,0.008664959999999998
channelshuffle_prior_FQM7EH.pt,56,96,0.008676800000000002
channelshuffle_prior_N43BK9.pt,7,224,0.008809559999999998
channelshuffle_prior_WLCEGI.pt,14,204,0.05723745999999999
channelshuffle_prior_XNH5LE.pt,14,132,0.008739539999999999
channelshuffle_prior_116BNO.pt,14,400,0.00868176
channelshuffle_prior_6YQPHL.pt,14,74,0.00865426
channelshuffle_prior_ZMK4IM.pt,14,54,0.008714359999999999
channelshuffle_prior_X2R7FE.pt,112,96,0.008752059999999999
channelshuffle_prior_BZJ1ZB.pt,14,78,0.008774200000000001
channelshuffle_prior_V9UU7A.pt,3,518,0.008660139999999998
channelshuffle_prior_1P69FP.pt,56,132,0.00871338
channelshuffle_prior_QRADN9.pt,14,194,0.008685060000000001
channelshuffle_prior_1I424V.pt,14,140,0.008653560000000001
channelshuffle_prior_TMOJ62.pt,14,1810,0.008575680000000002
channelshuffle_prior_EIZZD1.pt,1,1768,0.008595059999999998
channelshuffle_prior_NKG8YN.pt,7,530,0.008667180000000003
channelshuffle_prior_17CM78.pt,7,244,0.00868374
channelshuffle_prior_K9XWS5.pt,28,78,0.00860332
channelshuffle_prior_5AAVYM.pt,112,444,0.008760119999999998
channelshuffle_prior_VPK6FI.pt,14,2098,0.0087847
channelshuffle_prior_TUWHPU.pt,56,124,0.008651019999999999
channelshuffle_prior_6ZKNR2.pt,14,830,0.008674119999999999
channelshuffle_prior_ZTRUOS.pt,56,250,0.0088214
channelshuffle_prior_E4HAKR.pt,7,20,0.008622779999999998
channelshuffle_prior_ZLPOXX.pt,28,762,0.00871496
channelshuffle_prior_3UVA6K.pt,7,88,0.008681939999999999
channelshuffle_prior_2404KD.pt,56,70,0.00875172
channelshuffle_prior_8QM6MJ.pt,56,108,0.00883116
channelshuffle_prior_CVDPZV.pt,3,116,0.008686059999999999
channelshuffle_prior_U1O6M6.pt,112,50,0.008975600000000002
channelshuffle_prior_6U1DS0.pt,7,52,0.00878248
channelshuffle_prior_HUYLTX.pt,28,476,0.008618540000000001
channelshuffle_prior_XOXN5M.pt,14,266,0.008660400000000002
channelshuffle_prior_7GOTOZ.pt,14,92,0.00867088
channelshuffle_prior_RU9KJJ.pt,7,512,0.0086525
channelshuffle_prior_1NCL91.pt,56,518,0.008676799999999998
channelshuffle_prior_8XW94R.pt,28,264,0.008784
channelshuffle_prior_HHLYEM.pt,7,258,0.008702199999999998
channelshuffle_prior_AAMJTT.pt,14,562,0.008762700000000002
channelshuffle_prior_W6OM9P.pt,14,1266,0.008636739999999997
channelshuffle_prior_MWUO30.pt,14,200,0.00925276
channelshuffle_prior_IGQU8P.pt,14,298,0.008693300000000001
channelshuffle_prior_PA1EZ5.pt,112,130,0.00926612
channelshuffle_prior_NWOQNQ.pt,14,60,0.008668719999999996
channelshuffle_prior_KPVHGO.pt,56,86,0.008529499999999997
channelshuffle_prior_O9YJW9.pt,28,2004,0.008641799999999998
channelshuffle_prior_WYFDBK.pt,56,124,0.008634399999999997
channelshuffle_prior_8MP7PV.pt,28,672,0.00869054
channelshuffle_prior_YTY7J6.pt,14,122,0.008680259999999997
channelshuffle_prior_3BXTJW.pt,14,42,0.008730879999999998
channelshuffle_prior_HI662P.pt,14,8,0.00882448
channelshuffle_prior_H5UNML.pt,14,254,0.00859944
channelshuffle_prior_ESELXT.pt,112,1896,0.00883874
channelshuffle_prior_NA5ESF.pt,14,492,0.053715979999999997
channelshuffle_prior_QZWH0X.pt,112,490,0.00895634
channelshuffle_prior_XR69YX.pt,112,18,0.00880504
channelshuffle_prior_3K8MHM.pt,7,134,0.008701539999999999
channelshuffle_prior_H74XM1.pt,7,1140,0.008672260000000001
channelshuffle_prior_6TQWE2.pt,14,522,0.0087138
channelshuffle_prior_E9HLZZ.pt,14,210,0.008625119999999997
channelshuffle_prior_T5K7O5.pt,3,84,0.00869466
channelshuffle_prior_6OOD1D.pt,1,1158,0.00863388
channelshuffle_prior_O59I2Y.pt,14,142,0.008730000000000002
channelshuffle_prior_4FSESG.pt,56,528,0.008686619999999999
channelshuffle_prior_UMJ7V6.pt,56,514,0.0087929
channelshuffle_prior_0OUF92.pt,56,84,0.008738199999999998
channelshuffle_prior_XHMN1F.pt,7,18,0.008795319999999999
channelshuffle_prior_BJQFTK.pt,7,504,0.008640939999999998
channelshuffle_prior_1ZXMS7.pt,7,42,0.008730939999999998
channelshuffle_prior_8W60GG.pt,14,240,0.00881426
channelshuffle_prior_Y7RP9O.pt,14,200,0.008971400000000001
channelshuffle_prior_QB4M2U.pt,14,862,0.008688739999999999
channelshuffle_prior_56W3G6.pt,14,190,0.008675560000000004
channelshuffle_prior_E0LIVL.pt,28,222,0.008801300000000001
channelshuffle_prior_FR69DI.pt,28,40,0.00873804
channelshuffle_prior_DS5BA8.pt,14,180,0.008768600000000003
channelshuffle_prior_WOBI47.pt,14,134,0.00869018
channelshuffle_prior_EFCJ7I.pt,112,106,0.008676799999999998
channelshuffle_prior_ARPD5Q.pt,14,136,0.008759800000000002
channelshuffle_prior_OGYNSE.pt,7,346,0.008772679999999998
channelshuffle_prior_DWVO9V.pt,28,444,0.00867792
channelshuffle_prior_B6MTXM.pt,14,132,0.008617760000000002
channelshuffle_prior_ZR1KZU.pt,7,116,0.008616760000000001
channelshuffle_prior_V9BSRW.pt,7,12,0.0086501
channelshuffle_prior_HTRVEC.pt,14,120,0.008722180000000001
channelshuffle_prior_QGHNQW.pt,14,164,0.00866998
channelshuffle_prior_WLDIPX.pt,7,520,0.008681699999999999
channelshuffle_prior_A81X57.pt,7,804,0.0086911
channelshuffle_prior_9A8T7W.pt,112,518,0.0087733
channelshuffle_prior_DPKRED.pt,14,168,0.00876808
channelshuffle_prior_OAQIJ7.pt,56,82,0.00885464
channelshuffle_prior_OY6VQF.pt,14,490,0.00865246
channelshuffle_prior_UXFR9B.pt,56,214,0.00866636
channelshuffle_prior_DUCHVF.pt,56,92,0.00862082
channelshuffle_prior_9KQ67R.pt,56,74,0.00868536
channelshuffle_prior_4QJSM7.pt,56,240,0.008726559999999998
channelshuffle_prior_XSOC7K.pt,56,238,0.008738000000000001
channelshuffle_prior_Q3TT5N.pt,7,200,0.00867424
channelshuffle_prior_9DRHQL.pt,14,264,0.008780399999999999
channelshuffle_prior_K9AJ2X.pt,56,42,0.00866208
channelshuffle_prior_A94T4Y.pt,28,1188,0.008699360000000003
channelshuffle_prior_6I1JMQ.pt,28,82,0.008670220000000005
channelshuffle_prior_36WE46.pt,112,54,0.0092787
channelshuffle_prior_TGTXZG.pt,28,184,0.00866394
channelshuffle_prior_PWP63C.pt,7,24,0.008591620000000001
channelshuffle_prior_UK8IRO.pt,112,188,0.008623379999999996
channelshuffle_prior_YXH86H.pt,28,160,0.008781379999999998
channelshuffle_prior_269HXC.pt,14,536,0.008661880000000002
channelshuffle_prior_LF95X1.pt,14,522,0.00865888
channelshuffle_prior_28YN47.pt,56,232,0.00881368
channelshuffle_prior_QEP42L.pt,14,244,0.008809480000000001
channelshuffle_prior_32TWBF.pt,14,42,0.00871924
channelshuffle_prior_AHIF55.pt,56,580,0.00889146
channelshuffle_prior_1BXIP4.pt,14,488,0.008709399999999997
channelshuffle_prior_AUX9SL.pt,3,140,0.00863364
channelshuffle_prior_ZWAUQI.pt,56,1008,0.008720080000000002
channelshuffle_prior_9LRXS5.pt,28,12,0.008715800000000001
channelshuffle_prior_13IHOG.pt,7,260,0.008852759999999998
channelshuffle_prior_SBSUY0.pt,28,160,0.00869014
channelshuffle_prior_WP3D8N.pt,14,124,0.00870842
channelshuffle_prior_D3H402.pt,3,166,0.008668420000000001
channelshuffle_prior_SX0U3U.pt,28,60,0.008646960000000002
channelshuffle_prior_S4U2AB.pt,14,474,0.00866404
channelshuffle_prior_OSVMF0.pt,3,84,0.00870244
channelshuffle_prior_RZM4D8.pt,14,164,0.00865142
channelshuffle_prior_T2492K.pt,56,20,0.008698559999999998
channelshuffle_prior_R6SCCU.pt,7,272,0.008643940000000003
channelshuffle_prior_VL7LHP.pt,112,36,0.008609879999999999
channelshuffle_prior_XCB374.pt,3,522,0.008695079999999999
channelshuffle_prior_OAAZDC.pt,112,162,0.00874256
channelshuffle_prior_NTCPYG.pt,56,38,0.00859
channelshuffle_prior_R7DZ5U.pt,56,222,0.00872942
channelshuffle_prior_SWP7B6.pt,14,236,0.00862514
channelshuffle_prior_A9YEH8.pt,14,132,0.008728879999999998
channelshuffle_prior_8366PB.pt,112,6,0.00865808
channelshuffle_prior_VR12VF.pt,14,220,0.008605940000000003
channelshuffle_prior_QFJQ6R.pt,112,194,0.00872044
channelshuffle_prior_9F68RE.pt,14,44,0.008606800000000003
channelshuffle_prior_P6EZAK.pt,28,1254,0.008822939999999998
channelshuffle_prior_TA5HIE.pt,3,518,0.008681119999999999
channelshuffle_prior_J9M2T5.pt,3,116,0.00869016
channelshuffle_prior_GWM255.pt,112,198,0.008691019999999999
channelshuffle_prior_84P56U.pt,14,144,0.008795599999999999
channelshuffle_prior_XRMPG1.pt,56,1172,0.008779019999999998
channelshuffle_prior_Q90AUH.pt,7,42,0.008746640000000002
channelshuffle_prior_HUJL5Q.pt,14,56,0.008648559999999998
channelshuffle_prior_J8TYTS.pt,56,516,0.00879302
channelshuffle_prior_JSGHSB.pt,56,208,0.008777640000000001
channelshuffle_prior_E4PEXI.pt,7,448,0.008798979999999998
channelshuffle_prior_4ZP8M3.pt,7,542,0.008654639999999998
channelshuffle_prior_GP30ZH.pt,3,200,0.008684719999999998
channelshuffle_prior_XDNT8N.pt,112,166,0.0087114
channelshuffle_prior_FBXVMN.pt,14,16,0.008674639999999999
channelshuffle_prior_LC3P3J.pt,28,16,0.008705079999999999
channelshuffle_prior_YQBSZU.pt,7,220,0.008705260000000001
channelshuffle_prior_LY5BSN.pt,14,82,0.008700260000000001
channelshuffle_prior_7AZLBK.pt,28,176,0.00873082
channelshuffle_prior_4I7BBS.pt,28,154,0.008611700000000002
channelshuffle_prior_QCHDUA.pt,56,210,0.008782439999999997
channelshuffle_prior_HPMSTV.pt,14,128,0.00868962
channelshuffle_prior_J5OCGG.pt,112,184,0.009253999999999998
channelshuffle_prior_SH5N3G.pt,56,516,0.009296700000000001
channelshuffle_prior_A5JTMQ.pt,56,94,0.008594639999999997
channelshuffle_prior_9TDZJ8.pt,56,54,0.00865022
channelshuffle_prior_H71VP5.pt,28,242,0.0086463
channelshuffle_prior_7FPT60.pt,14,32,0.0086685
channelshuffle_prior_81IHVA.pt,224,266,0.00868524
channelshuffle_prior_CQKALI.pt,14,116,0.008775559999999998
channelshuffle_prior_MO2VEI.pt,14,80,0.008636600000000001
channelshuffle_prior_0O2V45.pt,7,764,0.008742640000000001
channelshuffle_prior_VSIQSC.pt,7,94,0.00865066
channelshuffle_prior_I65B1G.pt,28,524,0.008735759999999999
channelshuffle_prior_XTCVAX.pt,28,82,0.00866018
channelshuffle_prior_VEBZEH.pt,7,88,0.00860518
channelshuffle_prior_6RBJ96.pt,224,54,0.008751619999999998
channelshuffle_prior_X2EYG9.pt,7,198,0.008736920000000002
channelshuffle_prior_MEYQHX.pt,14,492,0.008625460000000001
channelshuffle_prior_8RIRI9.pt,7,492,0.00869516
channelshuffle_prior_42JUA7.pt,112,60,0.008719059999999999
channelshuffle_prior_TI5ZM2.pt,14,38,0.008663619999999999
channelshuffle_prior_JHBEDI.pt,14,384,0.008593519999999999
channelshuffle_prior_2DSAPA.pt,28,116,0.008732559999999997
channelshuffle_prior_Y6XWZZ.pt,28,232,0.00866458
channelshuffle_prior_M2EY40.pt,14,2152,0.00856882
channelshuffle_prior_8E7SML.pt,14,210,0.009162679999999996
channelshuffle_prior_Z3NI5V.pt,7,190,0.008621279999999999
channelshuffle_prior_K0KWNB.pt,56,140,0.008565940000000001
channelshuffle_prior_SQAVNL.pt,14,1818,0.008675579999999999
channelshuffle_prior_NXFTIT.pt,56,158,0.00871612
channelshuffle_prior_MZOD85.pt,28,172,0.008772900000000002
channelshuffle_prior_71SZRF.pt,7,152,0.00870042
channelshuffle_prior_73D5S1.pt,14,918,0.00863722
channelshuffle_prior_1BQBEE.pt,7,202,0.00870198
channelshuffle_prior_SGV6YO.pt,7,96,0.00867076
channelshuffle_prior_CN2KPH.pt,56,512,0.008738639999999999
channelshuffle_prior_BOMBXB.pt,7,120,0.008652140000000001
channelshuffle_prior_UAAEOO.pt,56,1360,0.00877638
channelshuffle_prior_6GMDTD.pt,3,40,0.00872208
channelshuffle_prior_68TG7E.pt,56,1534,0.00866518
channelshuffle_prior_R62M9Z.pt,112,148,0.0088044
channelshuffle_prior_FQI0RL.pt,7,192,0.008737260000000002
channelshuffle_prior_3RJW2L.pt,14,76,0.008639419999999998
channelshuffle_prior_1ZBYLT.pt,14,324,0.0088077
channelshuffle_prior_WST2IU.pt,14,1166,0.008598080000000001
channelshuffle_prior_UPCXFC.pt,7,162,0.00871158
channelshuffle_prior_PTVZJW.pt,224,166,0.008779380000000002
channelshuffle_prior_LIVE3G.pt,14,36,0.008662299999999998
channelshuffle_prior_WSL16H.pt,7,462,0.008697560000000002
channelshuffle_prior_GN4R5U.pt,56,608,0.008775720000000004
channelshuffle_prior_3NKB68.pt,14,502,0.008646819999999998
channelshuffle_prior_GOOV01.pt,112,254,0.008797639999999997
channelshuffle_prior_BSTGXH.pt,56,40,0.008834699999999997
channelshuffle_prior_1WSZT2.pt,7,54,0.00873928
channelshuffle_prior_9PQHIO.pt,28,126,0.00867298
channelshuffle_prior_38KLLU.pt,14,236,0.008651679999999998
channelshuffle_prior_E9BERX.pt,14,232,0.008818039999999996
channelshuffle_prior_28QW4D.pt,28,126,0.008769640000000002
channelshuffle_prior_JXO292.pt,112,124,0.008799940000000003
channelshuffle_prior_W6J7SW.pt,28,158,0.008635459999999998
channelshuffle_prior_ATKQQK.pt,28,856,0.008823540000000001
channelshuffle_prior_FFKBDS.pt,28,36,0.00863914
channelshuffle_prior_UKCVPK.pt,14,14,0.008672659999999997
channelshuffle_prior_XROFKI.pt,14,242,0.008582419999999997
channelshuffle_prior_XQDHJO.pt,14,1262,0.008635999999999998
channelshuffle_prior_PWHWGP.pt,28,986,0.008795339999999997
channelshuffle_prior_R7TKC4.pt,14,188,0.008621219999999999
channelshuffle_prior_FLBS34.pt,28,138,0.00867
channelshuffle_prior_K4PMCD.pt,14,168,0.008629120000000002
channelshuffle_prior_QATCHS.pt,7,46,0.008666959999999998
channelshuffle_prior_M402GA.pt,14,980,0.008802319999999999
channelshuffle_prior_RSHQRL.pt,28,162,0.008646080000000002
channelshuffle_prior_IMTORU.pt,7,526,0.00870748
channelshuffle_prior_CJF7AZ.pt,14,790,0.008634820000000001
channelshuffle_prior_QQ8A1Q.pt,14,156,0.0086287
channelshuffle_prior_SPQDGF.pt,14,1396,0.00862636
channelshuffle_prior_ID2A0L.pt,112,1024,0.008698399999999998
channelshuffle_prior_2SU779.pt,7,36,0.008778439999999997
channelshuffle_prior_DZ826T.pt,14,102,0.008614640000000002
channelshuffle_prior_JHY6DQ.pt,56,988,0.00932748
channelshuffle_prior_SY2NT4.pt,28,856,0.00880244
channelshuffle_prior_WBG2I9.pt,56,468,0.00880628
channelshuffle_prior_QPHUA3.pt,14,1144,0.008679279999999998
channelshuffle_prior_XG1OJT.pt,28,96,0.008744140000000001
channelshuffle_prior_OMZSNC.pt,56,182,0.008858940000000001
channelshuffle_prior_K6EDDK.pt,56,160,0.00880902
channelshuffle_prior_9YLLNA.pt,28,60,0.00863174
channelshuffle_prior_1SBAX1.pt,112,248,0.008750919999999999
channelshuffle_prior_TQNSQJ.pt,14,148,0.008656080000000002
channelshuffle_prior_8J2CF3.pt,28,40,0.008637799999999998
channelshuffle_prior_LPYEUV.pt,14,262,0.008688940000000001
channelshuffle_prior_0H8WPQ.pt,224,1168,0.0089024
channelshuffle_prior_G6V9BZ.pt,14,162,0.00879734
channelshuffle_prior_Y13UJG.pt,56,574,0.008750899999999999
channelshuffle_prior_8L1UX9.pt,112,212,0.0087644
channelshuffle_prior_8JCVW2.pt,7,410,0.008750980000000002
channelshuffle_prior_PXBFYJ.pt,14,1910,0.008602680000000003
channelshuffle_prior_KRLFG5.pt,28,214,0.00863816
channelshuffle_prior_KU1M6H.pt,7,258,0.009157139999999998
channelshuffle_prior_XFAQ89.pt,56,202,0.00875708
channelshuffle_prior_09CJOS.pt,14,534,0.008827939999999996
channelshuffle_prior_V2OM8T.pt,7,90,0.008658719999999998
channelshuffle_prior_NDFXFF.pt,14,776,0.00859704
channelshuffle_prior_2D0G8O.pt,7,108,0.00865086
channelshuffle_prior_KSNVJ1.pt,56,52,0.0086541
channelshuffle_prior_VZ0J20.pt,14,224,0.008687199999999999
channelshuffle_prior_1SU0PR.pt,7,34,0.008659279999999998
channelshuffle_prior_DT80AE.pt,28,1156,0.008725720000000003
channelshuffle_prior_AZTFDV.pt,56,268,0.009245680000000001
channelshuffle_prior_9SMQ05.pt,224,146,0.00874278
channelshuffle_prior_FPZXOB.pt,14,446,0.009395339999999997
channelshuffle_prior_Y61MTD.pt,28,278,0.008683180000000002
channelshuffle_prior_B23ZVP.pt,7,216,0.008697139999999999
channelshuffle_prior_83V916.pt,7,1844,0.008661380000000002
channelshuffle_prior_0UIWM2.pt,56,182,0.008803279999999998
channelshuffle_prior_CYIN9Z.pt,14,28,0.008690120000000003
channelshuffle_prior_MD9LYG.pt,14,784,0.009095059999999997
channelshuffle_prior_8H6TB9.pt,14,26,0.008988819999999998
channelshuffle_prior_VSNDD3.pt,28,98,0.008646260000000001
channelshuffle_prior_L6AONC.pt,28,1892,0.00880858
channelshuffle_prior_PIL5NT.pt,7,44,0.008646539999999998
channelshuffle_prior_4678F8.pt,112,6,0.008749580000000002
channelshuffle_prior_C3DEWW.pt,7,12,0.008660059999999999
channelshuffle_prior_MYTPUE.pt,14,232,0.00865576
channelshuffle_prior_2KNNSZ.pt,28,418,0.008594659999999999
channelshuffle_prior_H89VQS.pt,14,138,0.00931768
channelshuffle_prior_G5VMVP.pt,112,190,0.008659960000000001
channelshuffle_prior_XFVCAU.pt,56,524,0.00886706
channelshuffle_prior_Y7HKIZ.pt,14,80,0.00878006
channelshuffle_prior_C1PNEI.pt,14,190,0.008914499999999999
channelshuffle_prior_K4OOMA.pt,56,494,0.00887394
channelshuffle_prior_QO0Y86.pt,28,30,0.00868518
channelshuffle_prior_9Y6D8J.pt,7,538,0.00861902
channelshuffle_prior_PCG0KN.pt,28,100,0.00869018
channelshuffle_prior_6K3668.pt,14,678,0.00865282
channelshuffle_prior_G39IFP.pt,28,22,0.00874764
channelshuffle_prior_MBC8V3.pt,7,216,0.00879716
channelshuffle_prior_1NAA6T.pt,14,254,0.00875486
channelshuffle_prior_5TPOTR.pt,28,540,0.00878068
channelshuffle_prior_AVSVF8.pt,56,252,0.0087236
channelshuffle_prior_EP97K5.pt,7,230,0.00876574
channelshuffle_prior_2QM337.pt,28,990,0.008676979999999999
channelshuffle_prior_VNDAEG.pt,56,224,0.0087107
channelshuffle_prior_9WVYAX.pt,7,210,0.00870222
channelshuffle_prior_BUHDMP.pt,14,804,0.008849119999999999
channelshuffle_prior_SIWT47.pt,7,36,0.00866192
channelshuffle_prior_AIK5SS.pt,7,546,0.00864482
channelshuffle_prior_DGRYT7.pt,56,180,0.00875154
channelshuffle_prior_LS6UJ1.pt,14,160,0.00867322
channelshuffle_prior_AS5FZF.pt,112,222,0.009063560000000002
channelshuffle_prior_PB39MF.pt,112,532,0.00879846
channelshuffle_prior_8AXA6P.pt,28,422,0.008670879999999999
channelshuffle_prior_QMDI0U.pt,56,148,0.008821419999999998
channelshuffle_prior_3XCP23.pt,112,70,0.00933298
channelshuffle_prior_C8K3O8.pt,28,248,0.00873018
channelshuffle_prior_IQUTZZ.pt,28,1174,0.00871538
channelshuffle_prior_A2Z6HS.pt,14,146,0.008740820000000002
channelshuffle_prior_N9TPO0.pt,7,230,0.008719340000000003
channelshuffle_prior_GASXQX.pt,56,206,0.00881084
channelshuffle_prior_YJPZVJ.pt,14,202,0.0087594
channelshuffle_prior_LLTFA9.pt,7,832,0.00868282
channelshuffle_prior_GIHKUF.pt,14,136,0.008636440000000002
channelshuffle_prior_TMGAGT.pt,28,22,0.009062820000000001
channelshuffle_prior_I8MT81.pt,14,468,0.008646840000000001
channelshuffle_prior_BLTF04.pt,56,180,0.00897306
channelshuffle_prior_TIRTDW.pt,28,504,0.008564480000000001
channelshuffle_prior_5RTC3Y.pt,7,118,0.00859356
channelshuffle_prior_NF0WN3.pt,14,242,0.008637860000000002
channelshuffle_prior_QMRBDO.pt,14,208,0.008726359999999999
channelshuffle_prior_VLO5UJ.pt,56,234,0.00874246
channelshuffle_prior_O0PJ01.pt,14,1716,0.008569319999999998
channelshuffle_prior_ZAESDN.pt,28,664,0.009105020000000002
channelshuffle_prior_FBK9IT.pt,3,200,0.00869456
channelshuffle_prior_A6T4YK.pt,28,128,0.00876218
channelshuffle_prior_2MP016.pt,28,538,0.0085614
channelshuffle_prior_HVIFRV.pt,7,82,0.0086414
channelshuffle_prior_VNFYQ5.pt,112,1010,0.00872588
channelshuffle_prior_U8D37T.pt,14,196,0.008731939999999999
channelshuffle_prior_W15F6C.pt,7,520,0.008656880000000002
channelshuffle_prior_NX96JK.pt,7,20,0.008712300000000003
channelshuffle_prior_SL5YIO.pt,7,516,0.00879964
channelshuffle_prior_SZKS6M.pt,14,526,0.008608260000000001
channelshuffle_prior_EFC3ON.pt,7,76,0.00865868
channelshuffle_prior_EKNZI7.pt,28,116,0.008615620000000001
channelshuffle_prior_5YCW8A.pt,28,202,0.008635359999999998
channelshuffle_prior_MK6Q9A.pt,3,498,0.00866332
channelshuffle_prior_CWT0J6.pt,14,488,0.00870556
channelshuffle_prior_MOSQ9V.pt,56,148,0.00863436
channelshuffle_prior_V0B5R1.pt,7,178,0.00869318
channelshuffle_prior_P9UJ2J.pt,56,246,0.008699240000000004
channelshuffle_prior_77VRET.pt,56,90,0.008668240000000002
channelshuffle_prior_8U7VG3.pt,112,114,0.008810019999999998
channelshuffle_prior_OG3JGK.pt,56,210,0.00878192
channelshuffle_prior_SI7N3N.pt,28,490,0.00874986
channelshuffle_prior_1T6WQB.pt,56,30,0.008816580000000001
channelshuffle_prior_M4C69D.pt,14,18,0.0088106
channelshuffle_prior_D0PP8X.pt,56,174,0.008803119999999998
channelshuffle_prior_LOSPMH.pt,28,208,0.00866752
channelshuffle_prior_IDIHR2.pt,14,190,0.00867362
channelshuffle_prior_5A0BCJ.pt,28,36,0.00872142
channelshuffle_prior_74GJIU.pt,14,508,0.008661800000000002
channelshuffle_prior_XVXRE6.pt,7,228,0.00875002
channelshuffle_prior_FZPZ31.pt,14,496,0.00867834
channelshuffle_prior_AA1T2V.pt,14,696,0.008908220000000001
channelshuffle_prior_HS6SDS.pt,28,148,0.00868328
channelshuffle_prior_DIB687.pt,14,68,0.008671960000000001
channelshuffle_prior_RG3PX7.pt,56,46,0.008687199999999997
channelshuffle_prior_WDWW2T.pt,14,676,0.008686120000000002
channelshuffle_prior_2ODT3W.pt,28,44,0.008671000000000002
channelshuffle_prior_Z6IR3C.pt,3,122,0.008782779999999997
channelshuffle_prior_WB5AC7.pt,7,498,0.008771500000000002
channelshuffle_prior_ZY4MJP.pt,56,798,0.008559239999999997
channelshuffle_prior_W2HKR0.pt,56,38,0.008763120000000001
channelshuffle_prior_YMU2SW.pt,7,188,0.00866484
channelshuffle_prior_6GOGES.pt,7,62,0.0086166
channelshuffle_prior_Z7VZEY.pt,14,1008,0.008694680000000002
channelshuffle_prior_DVRA95.pt,56,56,0.008690819999999998
channelshuffle_prior_UN2E34.pt,56,150,0.008647800000000002
channelshuffle_prior_CZC1J1.pt,112,542,0.008802220000000001
channelshuffle_prior_0ZU93Q.pt,28,70,0.008831899999999998
channelshuffle_prior_NFO7P0.pt,14,122,0.00870598
channelshuffle_prior_KV1OGZ.pt,28,182,0.008800639999999997
channelshuffle_prior_ZKP5YE.pt,56,200,0.008750980000000002
channelshuffle_prior_TQW3AP.pt,112,862,0.008747999999999999
channelshuffle_prior_17T3HC.pt,7,94,0.008716339999999996
channelshuffle_prior_LLLPH9.pt,112,192,0.008945519999999998
channelshuffle_prior_ZR8YJI.pt,112,488,0.00889704
channelshuffle_prior_F88OTB.pt,14,196,0.008786500000000001
channelshuffle_prior_VNS3JL.pt,56,52,0.00868012
channelshuffle_prior_M7Y6YC.pt,14,64,0.008872099999999999
channelshuffle_prior_ZDSF9X.pt,28,186,0.008757959999999999
channelshuffle_prior_TG7HI9.pt,1,60,0.008645699999999996
channelshuffle_prior_XP3RRQ.pt,56,198,0.008876879999999998
channelshuffle_prior_O2AIS5.pt,7,2060,0.008649280000000002
channelshuffle_prior_04UNXS.pt,224,46,0.008704960000000001
channelshuffle_prior_CVTKSD.pt,28,980,0.008778180000000002
channelshuffle_prior_HKL066.pt,28,22,0.00861264
channelshuffle_prior_KWFPBA.pt,56,116,0.008614080000000001
channelshuffle_prior_127GTS.pt,14,114,0.008753219999999997
channelshuffle_prior_9ZGJ7O.pt,56,116,0.008631719999999999
channelshuffle_prior_GLRYHA.pt,112,2022,0.008978659999999998
channelshuffle_prior_AJHJJ6.pt,112,10,0.00873496
channelshuffle_prior_52KHJ9.pt,7,108,0.008647299999999998
channelshuffle_prior_UXA5AF.pt,14,498,0.008693159999999997
channelshuffle_prior_UNNZ0C.pt,56,26,0.0086474
channelshuffle_prior_VTU09Y.pt,56,170,0.008752419999999997
channelshuffle_prior_0WUYZ0.pt,112,190,0.00875888
channelshuffle_prior_XG4V1Q.pt,56,144,0.0086809
channelshuffle_prior_6ACX4W.pt,14,658,0.008660200000000002
channelshuffle_prior_8TSC1N.pt,7,264,0.00867938
channelshuffle_prior_IUETKD.pt,56,104,0.008648339999999997
channelshuffle_prior_7JPJOK.pt,7,834,0.00883716
channelshuffle_prior_J3IGZV.pt,56,490,0.00921366
channelshuffle_prior_GYUPXI.pt,14,782,0.00877874
channelshuffle_prior_YUKX8V.pt,112,14,0.0087505
channelshuffle_prior_7117H3.pt,28,208,0.008669399999999999
channelshuffle_prior_M1M05I.pt,14,1000,0.008722280000000006
channelshuffle_prior_AELIOR.pt,14,4,0.008621940000000002
channelshuffle_prior_0C0M1Y.pt,14,646,0.0086538
channelshuffle_prior_EJAUM2.pt,28,24,0.00867802
channelshuffle_prior_E8C9ZP.pt,14,1014,0.0086858
channelshuffle_prior_QT64GL.pt,56,184,0.008727780000000001
channelshuffle_prior_NEVJI4.pt,112,246,0.008782739999999997
channelshuffle_prior_CIIHEA.pt,56,44,0.00872622
channelshuffle_prior_H3KEH6.pt,14,992,0.008660159999999998
channelshuffle_prior_S5GUWT.pt,56,14,0.00870928
channelshuffle_prior_3P096I.pt,14,270,0.008650920000000001
channelshuffle_prior_DD0T92.pt,7,146,0.00860148
channelshuffle_prior_9Z0IM3.pt,112,140,0.008786539999999999
channelshuffle_prior_AHG435.pt,14,168,0.008668180000000001
channelshuffle_prior_D5SSI4.pt,56,772,0.008679220000000001
channelshuffle_prior_1MXLR7.pt,7,140,0.008796179999999999
channelshuffle_prior_CH6R66.pt,14,208,0.008716220000000002
channelshuffle_prior_X1J76X.pt,7,30,0.00867132
channelshuffle_prior_D2WJ3Z.pt,14,94,0.008773299999999998
channelshuffle_prior_0RVV3A.pt,14,242,0.008662559999999998
channelshuffle_prior_VD8AL6.pt,14,22,0.008891360000000004
channelshuffle_prior_ULLRNM.pt,14,234,0.008678980000000001
channelshuffle_prior_3I4H81.pt,112,170,0.008729319999999999
channelshuffle_prior_25M0QV.pt,14,186,0.00870322
channelshuffle_prior_8QFBP7.pt,14,1152,0.008714000000000001
channelshuffle_prior_Q7UDHM.pt,56,796,0.0086857
channelshuffle_prior_D43G9J.pt,7,36,0.0086927
channelshuffle_prior_6CKOH4.pt,112,252,0.008818020000000003
channelshuffle_prior_9O3803.pt,56,4,0.0087288
channelshuffle_prior_JU8YNG.pt,28,4,0.008678440000000003
channelshuffle_prior_KBA8KV.pt,7,160,0.008607440000000003
channelshuffle_prior_KHSB84.pt,56,204,0.00877112
channelshuffle_prior_YIVMDJ.pt,14,490,0.008824620000000004
channelshuffle_prior_Y9YOSH.pt,7,788,0.00867378
channelshuffle_prior_WMB9SR.pt,112,112,0.008947779999999999
channelshuffle_prior_1W9OGG.pt,28,12,0.008681580000000001
channelshuffle_prior_WKEG3J.pt,14,16,0.008684040000000002
channelshuffle_prior_E8WNMD.pt,14,82,0.00865732
channelshuffle_prior_D9VWK6.pt,7,44,0.008724059999999999
channelshuffle_prior_QICFD1.pt,7,182,0.008658899999999999
channelshuffle_prior_932LNH.pt,56,264,0.00877264
channelshuffle_prior_YMRTYK.pt,14,120,0.00912356
channelshuffle_prior_JDUG3J.pt,56,98,0.008704819999999999
channelshuffle_prior_UN5SUL.pt,14,126,0.008692819999999999
channelshuffle_prior_AFL03V.pt,7,214,0.008748200000000001
channelshuffle_prior_AYRWDS.pt,14,38,0.00863746
channelshuffle_prior_D3WA0Q.pt,28,124,0.008721399999999999
channelshuffle_prior_B4OA9Z.pt,14,488,0.008840100000000002
channelshuffle_prior_EK219M.pt,28,200,0.00864438
channelshuffle_prior_PPG6GQ.pt,14,38,0.008729900000000006
channelshuffle_prior_6GG5SN.pt,14,508,0.00883812
channelshuffle_prior_WPKHPX.pt,7,430,0.008670939999999999
channelshuffle_prior_4VEREQ.pt,14,26,0.0086914
channelshuffle_prior_A88UP0.pt,7,204,0.00872268
channelshuffle_prior_38ZIPU.pt,14,696,0.0087073
channelshuffle_prior_UVSJ1Z.pt,7,124,0.008798159999999998
channelshuffle_prior_5X6CVO.pt,3,252,0.008784659999999998
channelshuffle_prior_YI2RYG.pt,56,552,0.008713099999999996
channelshuffle_prior_HUYEZL.pt,28,496,0.008605080000000001
channelshuffle_prior_3BXZDP.pt,112,436,0.008739020000000002
channelshuffle_prior_NE15CI.pt,3,8,0.0086771
channelshuffle_prior_5EWCDK.pt,28,80,0.008701179999999998
channelshuffle_prior_69OZIC.pt,14,174,0.008649799999999996
channelshuffle_prior_WOB0MH.pt,28,60,0.008674300000000001
channelshuffle_prior_ZT9NPH.pt,14,1076,0.008727080000000003
channelshuffle_prior_OLRL5J.pt,112,26,0.008720439999999998
channelshuffle_prior_1VPNBK.pt,112,858,0.00874942
channelshuffle_prior_6D2SQP.pt,14,130,0.0087988
channelshuffle_prior_GG66F8.pt,14,154,0.008976340000000001
channelshuffle_prior_XWQG92.pt,7,114,0.0086494
channelshuffle_prior_W999WC.pt,14,70,0.00866864
channelshuffle_prior_Y11XXS.pt,14,94,0.00870678
channelshuffle_prior_QTIMII.pt,7,164,0.00877294
channelshuffle_prior_STUJ5M.pt,7,1414,0.0088552
channelshuffle_prior_RPGQTH.pt,7,488,0.008656579999999999
channelshuffle_prior_9NSUA5.pt,7,992,0.008718739999999999
channelshuffle_prior_V6J6B3.pt,112,204,0.008685100000000003
channelshuffle_prior_VGTRY7.pt,224,1248,0.009027079999999998
channelshuffle_prior_2FVOHA.pt,28,266,0.00868244
channelshuffle_prior_TYQDUE.pt,28,44,0.008765519999999997
channelshuffle_prior_DBNV34.pt,28,34,0.008733140000000002
channelshuffle_prior_UNUFNS.pt,7,1616,0.008676359999999998
channelshuffle_prior_BPGYD8.pt,28,124,0.00867392
channelshuffle_prior_01W2F9.pt,56,24,0.00867942
channelshuffle_prior_QT2JZ5.pt,7,12,0.0086133
channelshuffle_prior_BTTMUF.pt,28,112,0.008664039999999998
channelshuffle_prior_EIUSY3.pt,28,272,0.009507680000000001
channelshuffle_prior_YDKUMQ.pt,14,44,0.008769679999999997
channelshuffle_prior_B5OFDP.pt,112,514,0.008859479999999998
channelshuffle_prior_MEAS70.pt,56,1038,0.00872318
channelshuffle_prior_WTPYV9.pt,3,188,0.008736639999999999
channelshuffle_prior_BSBOVL.pt,14,24,0.008687339999999998
channelshuffle_prior_4ENREE.pt,28,182,0.00870604
channelshuffle_prior_4OKOM6.pt,14,230,0.008697080000000003
channelshuffle_prior_IETEMH.pt,56,186,0.008772659999999998
channelshuffle_prior_RFXN66.pt,14,100,0.00881238
channelshuffle_prior_BXWEA7.pt,14,270,0.00873752
channelshuffle_prior_QK3Y4I.pt,14,1916,0.00870004
channelshuffle_prior_L03NBY.pt,112,210,0.008735539999999998
channelshuffle_prior_7MBD6M.pt,14,380,0.0087549
channelshuffle_prior_W9K762.pt,28,166,0.008693020000000001
channelshuffle_prior_RYK6DC.pt,14,44,0.00870116
channelshuffle_prior_2DEO79.pt,28,526,0.008575860000000001
channelshuffle_prior_XYFQHR.pt,112,476,0.008728160000000002
channelshuffle_prior_PNQCLE.pt,7,204,0.008749639999999998
channelshuffle_prior_EMVB54.pt,112,120,0.008732620000000003
channelshuffle_prior_JGDIN4.pt,56,204,0.00879534
channelshuffle_prior_GCLUZA.pt,7,226,0.0086759
channelshuffle_prior_9WMQWP.pt,28,268,0.008644820000000003
channelshuffle_prior_06NG6C.pt,56,166,0.00881814
channelshuffle_prior_JXC07D.pt,28,210,0.00869646
channelshuffle_prior_OMSX0B.pt,3,50,0.008691220000000003
channelshuffle_prior_09N1NP.pt,14,96,0.00865098
channelshuffle_prior_Q4HGLT.pt,28,114,0.008649120000000001
channelshuffle_prior_BDYMOT.pt,14,38,0.008624139999999999
channelshuffle_prior_EGTTJH.pt,7,292,0.00865716
channelshuffle_prior_9JYTPE.pt,14,94,0.00870004
channelshuffle_prior_PQB60W.pt,14,228,0.00866774
channelshuffle_prior_0DRQA6.pt,14,56,0.008682220000000003
channelshuffle_prior_BFB43U.pt,7,6,0.008727000000000002
channelshuffle_prior_2SH0BN.pt,14,254,0.008740119999999999
channelshuffle_prior_OOF81Y.pt,56,506,0.0087466
channelshuffle_prior_VJE7DC.pt,28,174,0.00869082
channelshuffle_prior_RDQ15J.pt,14,160,0.008631920000000001
channelshuffle_prior_PBCHCJ.pt,14,1156,0.00877536
channelshuffle_prior_TUJJF5.pt,7,148,0.00868534
channelshuffle_prior_K6SQ9M.pt,14,450,0.0087633
channelshuffle_prior_WGEJ32.pt,7,850,0.00867992
channelshuffle_prior_RJN3VN.pt,28,434,0.008590940000000002
channelshuffle_prior_FJ5KHY.pt,14,528,0.008823
channelshuffle_prior_D5M853.pt,14,538,0.008682839999999999
channelshuffle_prior_VH9EXB.pt,14,36,0.008678440000000003
channelshuffle_prior_A1YVKS.pt,28,510,0.00860274
channelshuffle_prior_7OZJ3G.pt,56,150,0.008661760000000001
channelshuffle_prior_CUXW37.pt,14,150,0.00872026
channelshuffle_prior_YMHJUZ.pt,14,124,0.008675299999999999
channelshuffle_prior_GDYQVV.pt,14,108,0.008653340000000002
channelshuffle_prior_W56N4X.pt,14,530,0.008772679999999998
channelshuffle_prior_LVVOMV.pt,28,140,0.00880296
channelshuffle_prior_S57CHP.pt,14,240,0.008642339999999998
channelshuffle_prior_5MVSAY.pt,56,510,0.008835340000000002
channelshuffle_prior_B8TFW5.pt,7,186,0.008697559999999998
channelshuffle_prior_TG96I2.pt,14,258,0.0086212
channelshuffle_prior_7TSPP3.pt,14,858,0.008699040000000002
channelshuffle_prior_9ALW5W.pt,14,268,0.00877774
channelshuffle_prior_1AKWNF.pt,112,126,0.00875736
channelshuffle_prior_U3DYGC.pt,7,8,0.008652880000000002
channelshuffle_prior_VOUK8M.pt,7,536,0.008725620000000003
channelshuffle_prior_T1AKYC.pt,7,100,0.00875536
channelshuffle_prior_4OFYMF.pt,28,38,0.008686260000000003
channelshuffle_prior_SNZ8W0.pt,28,440,0.008610660000000003
channelshuffle_prior_FFU6U2.pt,1,224,0.008629580000000003
channelshuffle_prior_VINRZ1.pt,7,1340,0.008718580000000002
channelshuffle_prior_I2SNU5.pt,28,4,0.008624099999999999
channelshuffle_prior_6G8EJX.pt,112,492,0.008740780000000002
channelshuffle_prior_M06HMQ.pt,7,244,0.008819679999999998
channelshuffle_prior_LR43SC.pt,56,136,0.008593620000000001
channelshuffle_prior_AQ8QN2.pt,14,72,0.008714920000000001
channelshuffle_prior_8GJ0HA.pt,14,94,0.0086294
channelshuffle_prior_ESLGSC.pt,14,44,0.008663119999999998
channelshuffle_prior_BL0EB9.pt,56,142,0.0087557
channelshuffle_prior_882RY9.pt,7,102,0.023933460000000004
channelshuffle_prior_9HCYHK.pt,28,258,0.0086717
channelshuffle_prior_CTCEV9.pt,14,138,0.0087001
channelshuffle_prior_H0JSNZ.pt,7,1008,0.00870222
channelshuffle_prior_BUPN11.pt,28,138,0.0087028
channelshuffle_prior_QJ7HPY.pt,14,86,0.008651220000000001
channelshuffle_prior_EPPA8V.pt,28,538,0.008611520000000001
channelshuffle_prior_8DEV9K.pt,14,240,0.008701039999999998
channelshuffle_prior_9B17XD.pt,14,150,0.00935934
channelshuffle_prior_0WVVZJ.pt,14,724,0.008682319999999999
channelshuffle_prior_IXMLRH.pt,14,976,0.00865236
channelshuffle_prior_HJNUT9.pt,14,144,0.00867514
channelshuffle_prior_ZFQBL1.pt,28,12,0.008718000000000002
channelshuffle_prior_TOYEDH.pt,7,190,0.009090240000000001
channelshuffle_prior_R464QW.pt,112,1046,0.008659460000000003
channelshuffle_prior_INCCP2.pt,28,186,0.00867032
channelshuffle_prior_Y8F72R.pt,112,98,0.00873268
channelshuffle_prior_AVKCNP.pt,14,468,0.0086507
channelshuffle_prior_0V0N5Z.pt,28,218,0.008654860000000002
channelshuffle_prior_54FKSN.pt,28,626,0.0085678
channelshuffle_prior_OI2ZWF.pt,28,72,0.00869786
channelshuffle_prior_IZFF45.pt,56,10,0.008679160000000002
channelshuffle_prior_TO0247.pt,28,136,0.00880566
channelshuffle_prior_BRT2UY.pt,28,44,0.00869654
channelshuffle_prior_APABT1.pt,28,32,0.008687400000000001
channelshuffle_prior_6ONT8M.pt,28,50,0.008675659999999996
channelshuffle_prior_X714B4.pt,14,54,0.008725940000000001
channelshuffle_prior_55O2WB.pt,28,146,0.00863896
channelshuffle_prior_V0DGVV.pt,56,146,0.008658460000000002
channelshuffle_prior_PPF4BA.pt,14,402,0.00874512
channelshuffle_prior_LPMUVH.pt,28,178,0.008682439999999996
channelshuffle_prior_N9ADAD.pt,14,2010,0.008605560000000002
channelshuffle_prior_8WBH8S.pt,112,146,0.008639640000000002
channelshuffle_prior_LUD3IT.pt,7,268,0.00856842
channelshuffle_prior_KKO6M4.pt,28,770,0.00869498
channelshuffle_prior_ZSJ060.pt,28,188,0.00870822
channelshuffle_prior_AP2BC6.pt,28,106,0.008715520000000003
channelshuffle_prior_8GQTDG.pt,14,6,0.00867754
channelshuffle_prior_DN3V0L.pt,56,202,0.00880936
channelshuffle_prior_A8TQ1W.pt,14,120,0.008624759999999999
channelshuffle_prior_KUQ33S.pt,56,490,0.00871134
channelshuffle_prior_AV7JXT.pt,56,34,0.00866638
channelshuffle_prior_EA7B7M.pt,7,210,0.00866518
channelshuffle_prior_XUHKZ4.pt,56,196,0.00869368
channelshuffle_prior_VXCR2M.pt,14,216,0.008723219999999997
channelshuffle_prior_C5SMAT.pt,28,1950,0.008788940000000002
channelshuffle_prior_P6FTH2.pt,224,134,0.008670979999999998
channelshuffle_prior_4RERVD.pt,14,1266,0.008708440000000001
channelshuffle_prior_EH8K5J.pt,56,110,0.008589699999999999
channelshuffle_prior_7IK4RR.pt,56,1278,0.008816880000000001
channelshuffle_prior_J8M2X2.pt,7,460,0.008770120000000003
channelshuffle_prior_IE7UDV.pt,14,20,0.00869328
channelshuffle_prior_6F3ZZ3.pt,28,954,0.0087516
channelshuffle_prior_5FAEVI.pt,14,1004,0.00869896
channelshuffle_prior_BNE95Z.pt,28,242,0.008837759999999998
channelshuffle_prior_TRL9L9.pt,7,166,0.008672919999999997
channelshuffle_prior_D7W7YT.pt,56,168,0.00882966
channelshuffle_prior_T7EOK3.pt,112,190,0.008689719999999998
channelshuffle_prior_AEWBYA.pt,56,50,0.008678420000000003
channelshuffle_prior_XDGKND.pt,7,92,0.00876364
channelshuffle_prior_P3YGPR.pt,56,494,0.008726859999999998
channelshuffle_prior_I7JF5C.pt,28,120,0.008720180000000003
channelshuffle_finegrained1_PENHU5.pt,56,382,0.008891660000000001
channelshuffle_finegrained1_EDBUWM.pt,56,432,0.008658279999999997
channelshuffle_finegrained1_6QOIQN.pt,56,422,0.008722039999999997
channelshuffle_finegrained1_2COUM6.pt,56,398,0.00862966
channelshuffle_finegrained1_79304Z.pt,56,310,0.008712739999999998
channelshuffle_finegrained1_XIR7FW.pt,56,338,0.008637579999999999
channelshuffle_finegrained1_ZVCESQ.pt,56,532,0.00863376
channelshuffle_finegrained1_6FEKXP.pt,56,510,0.00881536
channelshuffle_finegrained1_A3P8XL.pt,56,432,0.008659020000000003
channelshuffle_finegrained1_DW0U2D.pt,56,574,0.0090682
channelshuffle_finegrained1_17MCOV.pt,56,366,0.008757039999999999
channelshuffle_finegrained1_36UNOK.pt,56,488,0.008753799999999999
channelshuffle_finegrained1_CMAAWC.pt,56,474,0.008886219999999998
channelshuffle_finegrained1_UGD2I1.pt,56,410,0.008745840000000001
channelshuffle_finegrained1_REKMMK.pt,56,582,0.008684319999999999
channelshuffle_finegrained1_NB1WME.pt,56,590,0.008697200000000002
channelshuffle_finegrained1_9LTASQ.pt,56,404,0.00879044
channelshuffle_finegrained1_55H0F2.pt,56,368,0.008720039999999998
channelshuffle_finegrained1_J6XHU4.pt,56,580,0.008712000000000003
channelshuffle_finegrained1_PF4QAD.pt,56,566,0.00868026
channelshuffle_finegrained1_AMMHHP.pt,7,262,0.00875236
channelshuffle_finegrained1_NXQ694.pt,7,270,0.00864536
channelshuffle_finegrained1_IYVZJD.pt,7,614,0.008576879999999999
channelshuffle_finegrained1_6KMF3M.pt,7,516,0.008682580000000002
channelshuffle_finegrained1_K2U0NJ.pt,7,518,0.008731899999999997
channelshuffle_finegrained1_GZ6Q6F.pt,7,456,0.008599480000000001
channelshuffle_finegrained1_D83GAX.pt,7,552,0.0086374
channelshuffle_finegrained1_MOJESF.pt,7,520,0.008587339999999997
channelshuffle_finegrained1_G5L8JO.pt,7,612,0.00859008
channelshuffle_finegrained1_IUBJ0V.pt,7,454,0.008591060000000001
channelshuffle_finegrained1_72FLR4.pt,7,582,0.008634860000000001
channelshuffle_finegrained1_VY05XS.pt,7,352,0.008646620000000002
channelshuffle_finegrained1_BXZZQL.pt,7,468,0.00871816
channelshuffle_finegrained1_AZJHN0.pt,7,490,0.008778119999999999
channelshuffle_finegrained1_STJ0CX.pt,7,346,0.00862774
channelshuffle_finegrained1_K5JNK3.pt,7,362,0.009010900000000002
channelshuffle_finegrained1_UEFAFD.pt,7,422,0.008714839999999998
channelshuffle_finegrained1_OPWZ2R.pt,7,298,0.00867734
channelshuffle_finegrained1_BK6HMI.pt,7,366,0.00862136
channelshuffle_finegrained1_PAPRA7.pt,7,320,0.0086417
channelshuffle_finegrained1_4LBYGG.pt,3,236,0.008800659999999998
channelshuffle_finegrained1_567OJ6.pt,3,130,0.00862852
channelshuffle_finegrained1_CDX39L.pt,3,292,0.00863858
channelshuffle_finegrained1_1KTU8E.pt,3,262,0.008619580000000003
channelshuffle_finegrained1_PRAQ8W.pt,3,154,0.008638680000000001
channelshuffle_finegrained1_TY5JDX.pt,3,198,0.008571419999999995
channelshuffle_finegrained1_Y7GYWJ.pt,3,236,0.008677299999999997
channelshuffle_finegrained1_TGCJDF.pt,3,140,0.00866004
channelshuffle_finegrained1_3K806V.pt,3,270,0.008608459999999998
channelshuffle_finegrained1_FNTB56.pt,3,290,0.008639680000000004
channelshuffle_finegrained1_K8PKAF.pt,3,164,0.00871014
channelshuffle_finegrained1_SHW261.pt,3,132,0.00861648
channelshuffle_finegrained1_C49BSB.pt,3,162,0.008781379999999998
channelshuffle_finegrained1_VNYQON.pt,3,234,0.0086421
channelshuffle_finegrained1_V97ZFE.pt,3,196,0.008590019999999999
channelshuffle_finegrained1_4X5G1H.pt,3,142,0.00863074
channelshuffle_finegrained1_TYQKDL.pt,3,254,0.008786879999999999
channelshuffle_finegrained1_VT61HL.pt,3,170,0.008724279999999997
channelshuffle_finegrained1_Q6QKIL.pt,3,166,0.00858242
channelshuffle_finegrained1_P0FNHS.pt,3,244,0.008601020000000001
channelshuffle_finegrained1_T0CXEC.pt,56,162,0.008675119999999998
channelshuffle_finegrained1_TF1IFJ.pt,56,72,0.0086416
channelshuffle_finegrained1_CZM5JM.pt,56,152,0.008518160000000002
channelshuffle_finegrained1_BCCBKZ.pt,56,138,0.008525500000000002
channelshuffle_finegrained1_ZHQVHO.pt,56,146,0.008649839999999999
channelshuffle_finegrained1_6NBNN9.pt,56,162,0.008728139999999999
channelshuffle_finegrained1_Z2IMZ4.pt,56,72,0.008727099999999998
channelshuffle_finegrained1_HCGUDC.pt,56,94,0.008593380000000001
channelshuffle_finegrained1_UK4IEM.pt,56,84,0.008533519999999996
channelshuffle_finegrained1_NVJM0B.pt,56,100,0.008525060000000003
channelshuffle_finegrained1_XP10B5.pt,56,142,0.008654079999999998
channelshuffle_finegrained1_4J6LQQ.pt,56,134,0.0090016
channelshuffle_finegrained1_8QPC4T.pt,56,142,0.00863832
channelshuffle_finegrained1_0AF5L3.pt,56,168,0.008766839999999996
channelshuffle_finegrained1_C3WRLC.pt,56,102,0.00859868
channelshuffle_finegrained1_VAN2V5.pt,56,90,0.00870056
channelshuffle_finegrained1_4FWB89.pt,56,130,0.0085915
channelshuffle_finegrained1_8ZKRG0.pt,56,110,0.00856176
channelshuffle_finegrained1_SW4ADE.pt,56,148,0.008509460000000002
channelshuffle_finegrained1_2ZCK3N.pt,56,126,0.008633839999999995
channelshuffle_finegrained1_YEIDYV.pt,7,38,0.008616339999999998
channelshuffle_finegrained1_83WHCM.pt,7,48,0.008766979999999999
channelshuffle_finegrained1_F832QS.pt,7,76,0.00867484
channelshuffle_finegrained1_WZAWYZ.pt,7,74,0.00864854
channelshuffle_finegrained1_ZIVDD4.pt,7,60,0.008722420000000002
channelshuffle_finegrained1_L1EHQL.pt,7,70,0.00862384
channelshuffle_finegrained1_Z778O6.pt,7,56,0.008631040000000001
channelshuffle_finegrained1_D1QCHF.pt,7,76,0.008586060000000001
channelshuffle_finegrained1_IBX5OH.pt,7,80,0.00857208
channelshuffle_finegrained1_JKTFPS.pt,7,72,0.0087071
channelshuffle_finegrained1_68FXT8.pt,7,38,0.009187820000000001
channelshuffle_finegrained1_RAI59F.pt,7,64,0.008572839999999998
channelshuffle_finegrained1_NVXWV0.pt,7,50,0.008655000000000001
channelshuffle_finegrained1_XTG50C.pt,7,62,0.008750379999999999
channelshuffle_finegrained1_DWLHEE.pt,7,80,0.008694239999999999
channelshuffle_finegrained1_KR2W1U.pt,7,40,0.00863808
channelshuffle_finegrained1_Q4YIPH.pt,7,78,0.008564700000000001
channelshuffle_finegrained1_7LZ68Z.pt,7,82,0.00874154
channelshuffle_finegrained1_9K7Q3S.pt,7,70,0.008611879999999997
channelshuffle_finegrained1_Y1CWYA.pt,7,44,0.0086051
channelshuffle_finegrained1_SZGXNQ.pt,28,116,0.00878724
channelshuffle_finegrained1_JV0OT5.pt,28,198,0.009096939999999998
channelshuffle_finegrained1_5BUZLH.pt,28,116,0.00867774
channelshuffle_finegrained1_WAXFTW.pt,28,130,0.008671599999999996
channelshuffle_finegrained1_SO8XZJ.pt,28,120,0.008663359999999998
channelshuffle_finegrained1_T5KUK0.pt,28,126,0.008701120000000001
channelshuffle_finegrained1_DKZM60.pt,28,150,0.00915404
channelshuffle_finegrained1_XE1QBI.pt,28,166,0.008618700000000002
channelshuffle_finegrained1_DTH2EF.pt,28,128,0.00862582
channelshuffle_finegrained1_K6BE36.pt,28,138,0.00906178
channelshuffle_finegrained1_XGMX87.pt,28,98,0.008610099999999999
channelshuffle_finegrained1_73I62N.pt,28,94,0.009092419999999999
channelshuffle_finegrained1_GJYFYD.pt,28,192,0.00870584
channelshuffle_finegrained1_1CJM8Z.pt,28,134,0.008696639999999999
channelshuffle_finegrained1_MLN9I4.pt,28,150,0.008656779999999998
channelshuffle_finegrained1_R735DZ.pt,28,188,0.008714699999999999
channelshuffle_finegrained1_FYNJ0D.pt,28,120,0.00869542
channelshuffle_finegrained1_6H5V19.pt,28,154,0.008664340000000003
channelshuffle_finegrained1_8GGTCX.pt,28,200,0.008662979999999999
channelshuffle_finegrained1_7MM4BO.pt,28,168,0.008638699999999997
channelshuffle_finegrained1_3DD5D1.pt,28,396,0.00862286
channelshuffle_finegrained1_GIEYOX.pt,28,416,0.00869732
channelshuffle_finegrained1_9B5QZF.pt,28,464,0.008552699999999998
channelshuffle_finegrained1_BW9WIU.pt,28,406,0.00857086
channelshuffle_finegrained1_VRWW5L.pt,28,298,0.0087586
channelshuffle_finegrained1_89VRND.pt,28,416,0.008608059999999999
channelshuffle_finegrained1_NBJY8V.pt,28,464,0.008651200000000001
channelshuffle_finegrained1_18IFU4.pt,28,338,0.008583160000000001
channelshuffle_finegrained1_1PLJA0.pt,28,352,0.009117740000000001
channelshuffle_finegrained1_W54JIU.pt,28,328,0.008587780000000003
channelshuffle_finegrained1_ZM4M4M.pt,28,452,0.008530339999999999
channelshuffle_finegrained1_J0KMDP.pt,28,394,0.008580400000000002
channelshuffle_finegrained1_YQATFO.pt,28,450,0.00859262
channelshuffle_finegrained1_ZS27KS.pt,28,404,0.008574380000000003
channelshuffle_finegrained1_R9GT0X.pt,28,332,0.008666399999999998
channelshuffle_finegrained1_TYO3TQ.pt,28,540,0.009029700000000003
channelshuffle_finegrained1_VHCU8I.pt,28,502,0.008696520000000001
channelshuffle_finegrained1_1KWKKY.pt,28,460,0.008646779999999998
channelshuffle_finegrained1_ZMOGC6.pt,28,502,0.008555479999999999
channelshuffle_finegrained1_D3VH9N.pt,28,538,0.00859358
channelshuffle_finegrained1_UAVOF4.pt,28,150,0.008924119999999999
channelshuffle_finegrained1_NNMMK8.pt,28,78,0.0092466
channelshuffle_finegrained1_8FD14M.pt,28,166,0.008768659999999998
channelshuffle_finegrained1_J9CYMS.pt,28,164,0.008551600000000001
channelshuffle_finegrained1_TKN1RN.pt,28,70,0.008646759999999998
channelshuffle_finegrained1_3OICJ0.pt,28,130,0.008557120000000003
channelshuffle_finegrained1_1UF4AM.pt,28,100,0.00859924
channelshuffle_finegrained1_R79WN4.pt,28,82,0.008623939999999998
channelshuffle_finegrained1_EGFQPK.pt,28,82,0.0087002
channelshuffle_finegrained1_5EXPSX.pt,28,160,0.008652980000000003
channelshuffle_finegrained1_8GW5WQ.pt,28,100,0.008589759999999997
channelshuffle_finegrained1_3Y15V9.pt,28,104,0.008649600000000004
channelshuffle_finegrained1_X49I41.pt,28,106,0.00873714
channelshuffle_finegrained1_SAI969.pt,28,90,0.0086597
channelshuffle_finegrained1_Y3LF21.pt,28,76,0.008716819999999998
channelshuffle_finegrained1_DEJYNS.pt,28,134,0.00863138
channelshuffle_finegrained1_ZZK8XF.pt,28,88,0.008741259999999999
channelshuffle_finegrained1_CUAKBW.pt,28,80,0.008705520000000001
channelshuffle_finegrained1_HU6YKV.pt,28,126,0.008820220000000004
channelshuffle_finegrained1_S9PTJZ.pt,28,108,0.009111520000000001
channelshuffle_finegrained1_9FKKSG.pt,14,234,0.0091443
channelshuffle_finegrained1_X8DG37.pt,14,222,0.008633539999999999
channelshuffle_finegrained1_9UPUTB.pt,14,166,0.008666299999999998
channelshuffle_finegrained1_C6XPWH.pt,14,214,0.008654680000000003
channelshuffle_finegrained1_FYG8HP.pt,14,200,0.008612459999999999
channelshuffle_finegrained1_VF0LWU.pt,14,202,0.00862094
channelshuffle_finegrained1_YZYXGS.pt,14,210,0.00859252
channelshuffle_finegrained1_KM2CMC.pt,14,124,0.00868386
channelshuffle_finegrained1_UUIJ98.pt,14,142,0.008585859999999999
channelshuffle_finegrained1_IGK1S4.pt,14,106,0.008659140000000003
channelshuffle_finegrained1_Y1Q5ZU.pt,14,204,0.008599079999999997
channelshuffle_finegrained1_NB5TD5.pt,14,158,0.00863766
channelshuffle_finegrained1_3II86D.pt,14,216,0.009034660000000002
channelshuffle_finegrained1_0SBBPN.pt,14,182,0.009087800000000002
channelshuffle_finegrained1_VZWC9O.pt,14,158,0.00857864
channelshuffle_finegrained1_KP0LUM.pt,14,224,0.00900394
channelshuffle_finegrained1_OI85T7.pt,14,236,0.008732120000000001
channelshuffle_finegrained1_25RTV7.pt,14,106,0.00863752
channelshuffle_finegrained1_PNR0WX.pt,14,154,0.008613979999999999
channelshuffle_finegrained1_5OYPL2.pt,14,140,0.00870306
channelshuffle_finegrained1_IOKS5P.pt,7,352,0.00864948
channelshuffle_finegrained1_CIJGC4.pt,7,454,0.008586360000000001
channelshuffle_finegrained1_S6JKRO.pt,7,294,0.00863022
channelshuffle_finegrained1_564Z31.pt,7,588,0.008659680000000003
channelshuffle_finegrained1_SCG76O.pt,7,380,0.008851019999999998
channelshuffle_finegrained1_XS5TPU.pt,7,326,0.0091355
channelshuffle_finegrained1_AKDEN5.pt,7,574,0.009118699999999999
channelshuffle_finegrained1_UPBYIJ.pt,7,536,0.008697459999999997
channelshuffle_finegrained1_0QQFEV.pt,7,358,0.008675859999999997
channelshuffle_finegrained1_X92NT0.pt,7,472,0.008681100000000002
channelshuffle_finegrained1_S7SNYK.pt,7,326,0.0085729
channelshuffle_finegrained1_0UC5U1.pt,7,452,0.00870588
channelshuffle_finegrained1_GULXB8.pt,7,404,0.008670039999999999
channelshuffle_finegrained1_V75NU4.pt,7,250,0.008560259999999998
channelshuffle_finegrained1_ALP2T1.pt,7,554,0.008571180000000001
channelshuffle_finegrained1_1Y2WJP.pt,7,246,0.009122400000000001
channelshuffle_finegrained1_KHW0ZJ.pt,7,414,0.008667399999999999
channelshuffle_finegrained1_U8599G.pt,7,510,0.008656720000000001
channelshuffle_finegrained1_D2D1HT.pt,7,300,0.008575099999999999
channelshuffle_finegrained1_MN6BFU.pt,7,282,0.00860504
channelshuffle_finegrained1_50WDLO.pt,28,6,0.008735060000000001
channelshuffle_finegrained1_TW2CMW.pt,28,12,0.008690060000000001
channelshuffle_finegrained1_AXGEWG.pt,28,8,0.0086945
channelshuffle_finegrained1_ETCO6L.pt,28,8,0.008653039999999999
channelshuffle_finegrained1_U5CY05.pt,28,10,0.008671400000000003
channelshuffle_finegrained1_MNDGX7.pt,28,10,0.00868326
channelshuffle_finegrained1_D028O9.pt,28,6,0.008631599999999998
channelshuffle_finegrained1_0B5OCO.pt,7,94,0.008738019999999999
channelshuffle_finegrained1_P6BUA4.pt,7,116,0.00866716
channelshuffle_finegrained1_WRKR89.pt,7,66,0.00866864
channelshuffle_finegrained1_AEFG6K.pt,7,118,0.00871198
channelshuffle_finegrained1_ZMPFY1.pt,7,104,0.008992
channelshuffle_finegrained1_HWBD3D.pt,7,74,0.008657839999999998
channelshuffle_finegrained1_GPCT6W.pt,7,74,0.008631920000000001
channelshuffle_finegrained1_6CBHTF.pt,7,112,0.00869414
channelshuffle_finegrained1_D1VELY.pt,7,78,0.008637039999999999
channelshuffle_finegrained1_ZXQSRR.pt,7,102,0.008600519999999999
channelshuffle_finegrained1_X62PFQ.pt,7,90,0.00863952
channelshuffle_finegrained1_TL4JM6.pt,7,68,0.008667280000000001
channelshuffle_finegrained1_R5ZK6B.pt,7,108,0.008641880000000001
channelshuffle_finegrained1_49VN1E.pt,7,76,0.008571780000000003
channelshuffle_finegrained1_WZYMVC.pt,7,60,0.008883119999999998
channelshuffle_finegrained1_T2JG9E.pt,7,84,0.008634639999999997
channelshuffle_finegrained1_FKS4MB.pt,7,98,0.0087456
channelshuffle_finegrained1_FAN33Q.pt,7,110,0.009054
channelshuffle_finegrained1_NNAUQ8.pt,7,96,0.008707800000000002
channelshuffle_finegrained1_6VOJXH.pt,7,70,0.009056459999999999
channelshuffle_finegrained2_9RXR46.pt,56,136,0.009124540000000004
channelshuffle_finegrained2_LKWZBB.pt,56,158,0.00866872
channelshuffle_finegrained2_1KTPFA.pt,56,126,0.008810720000000001
channelshuffle_finegrained2_PIGQBS.pt,56,168,0.00867658
channelshuffle_finegrained2_TO5IRJ.pt,56,196,0.0087126
channelshuffle_finegrained2_Q2KNQS.pt,56,142,0.00862936
channelshuffle_finegrained2_FWT4MB.pt,56,188,0.008821279999999997
channelshuffle_finegrained2_8QPW5V.pt,56,86,0.008698219999999996
channelshuffle_finegrained2_RAQA5R.pt,56,152,0.00907428
channelshuffle_finegrained2_AIZI8F.pt,56,156,0.008513760000000002
channelshuffle_finegrained2_PWMWPS.pt,56,94,0.008564719999999998
channelshuffle_finegrained2_DS7MJF.pt,56,194,0.008678320000000002
channelshuffle_finegrained2_VWRV29.pt,56,118,0.008602539999999999
channelshuffle_finegrained2_A9AVQ5.pt,56,130,0.008621160000000001
channelshuffle_finegrained2_GVY70K.pt,56,140,0.008641660000000002
channelshuffle_finegrained2_MZW7Y6.pt,56,198,0.008739779999999997
channelshuffle_finegrained2_URMDPO.pt,56,164,0.008693279999999998
channelshuffle_finegrained2_MO65V6.pt,56,148,0.008656299999999999
channelshuffle_finegrained2_V9TDP9.pt,56,140,0.00857788
channelshuffle_finegrained2_8M0L35.pt,56,186,0.00874062
channelshuffle_finegrained2_P4ECKL.pt,7,386,0.0087105
channelshuffle_finegrained2_S2DVQ7.pt,7,354,0.008603940000000001
channelshuffle_finegrained2_CNBXBL.pt,7,326,0.008565460000000002
channelshuffle_finegrained2_VQ4ED2.pt,7,328,0.008623760000000001
channelshuffle_finegrained2_6KRV54.pt,7,548,0.00864012
channelshuffle_finegrained2_X4OXRD.pt,7,282,0.008674639999999999
channelshuffle_finegrained2_19ZCDU.pt,7,450,0.008593100000000003
channelshuffle_finegrained2_SFCNSI.pt,7,340,0.008615539999999998
channelshuffle_finegrained2_EFBM97.pt,7,610,0.00905554
channelshuffle_finegrained2_YHNUKW.pt,7,496,0.00930432
channelshuffle_finegrained2_J0I57R.pt,7,438,0.0086586
channelshuffle_finegrained2_EUL1E7.pt,7,400,0.008664619999999998
channelshuffle_finegrained2_APLL44.pt,7,608,0.00865978
channelshuffle_finegrained2_GOPQKV.pt,7,552,0.008599919999999997
channelshuffle_finegrained2_ZJL21X.pt,7,320,0.008686559999999998
channelshuffle_finegrained2_9CX836.pt,7,606,0.00859104
channelshuffle_finegrained2_R13SBD.pt,7,596,0.00861622
channelshuffle_finegrained2_EO727E.pt,7,474,0.00916352
channelshuffle_finegrained2_39SO16.pt,7,586,0.008719240000000001
channelshuffle_finegrained2_XFJIC5.pt,7,438,0.008644019999999997
channelshuffle_finegrained2_6R88E3.pt,28,228,0.00859346
channelshuffle_finegrained2_1AJ7QE.pt,28,168,0.008595340000000002
channelshuffle_finegrained2_AIE52X.pt,28,172,0.00878864
channelshuffle_finegrained2_6IOXGU.pt,28,128,0.008544339999999997
channelshuffle_finegrained2_NAHUQD.pt,28,238,0.008629500000000002
channelshuffle_finegrained2_KLDCZV.pt,28,190,0.00865442
channelshuffle_finegrained2_AJ4RI6.pt,28,222,0.008646939999999999
channelshuffle_finegrained2_7Q3P6Z.pt,28,200,0.00867068
channelshuffle_finegrained2_B6MAME.pt,28,112,0.00857174
channelshuffle_finegrained2_D3HWVH.pt,28,224,0.008571119999999998
channelshuffle_finegrained2_0C68Q6.pt,28,162,0.008663700000000002
channelshuffle_finegrained2_LIQM9L.pt,28,104,0.008613319999999999
channelshuffle_finegrained2_3YLMT8.pt,28,200,0.00867618
channelshuffle_finegrained2_33XKRT.pt,28,198,0.008682059999999997
channelshuffle_finegrained2_UJQVJG.pt,28,212,0.008595019999999998
channelshuffle_finegrained2_JCNAKN.pt,28,126,0.008658580000000003
channelshuffle_finegrained2_IT8FW2.pt,28,180,0.008631840000000003
channelshuffle_finegrained2_U7X3CW.pt,28,170,0.00859768
channelshuffle_finegrained2_CEMOBN.pt,28,176,0.008694720000000001
channelshuffle_finegrained2_1JSI8E.pt,28,222,0.008828479999999994
channelshuffle_finegrained2_VTLTQL.pt,28,568,0.008536679999999996
channelshuffle_finegrained2_HVPUL4.pt,28,296,0.008766620000000001
channelshuffle_finegrained2_NZXH99.pt,28,532,0.008601100000000002
channelshuffle_finegrained2_V6835D.pt,28,410,0.008588359999999998
channelshuffle_finegrained2_6I8XIN.pt,28,584,0.008597959999999997
channelshuffle_finegrained2_CJX3GN.pt,28,422,0.00870614
channelshuffle_finegrained2_JQWX58.pt,28,582,0.008582859999999998
channelshuffle_finegrained2_YS5TC8.pt,28,350,0.00857082
channelshuffle_finegrained2_I1Z3CS.pt,28,274,0.0085722
channelshuffle_finegrained2_8N9N3G.pt,28,552,0.0085759
channelshuffle_finegrained2_ZL9FZG.pt,28,556,0.008588479999999999
channelshuffle_finegrained2_7Y4MTN.pt,28,406,0.008596560000000001
channelshuffle_finegrained2_UWZ9PD.pt,28,252,0.008700320000000001
channelshuffle_finegrained2_Q92NCU.pt,28,346,0.00851688
channelshuffle_finegrained2_RP3PIA.pt,28,452,0.00865402
channelshuffle_finegrained2_21M0U0.pt,28,270,0.0086147
channelshuffle_finegrained2_1CX2RJ.pt,28,516,0.008644199999999998
channelshuffle_finegrained2_XP97LZ.pt,28,476,0.008617020000000001
channelshuffle_finegrained2_9HP3XM.pt,28,418,0.008942159999999998
channelshuffle_finegrained2_GP43JA.pt,28,504,0.0085329
channelshuffle_finegrained2_8IF2IH.pt,56,100,0.00864206
channelshuffle_finegrained2_VXSJAY.pt,56,96,0.008544800000000002
channelshuffle_finegrained2_WUB6HM.pt,56,166,0.00877072
channelshuffle_finegrained2_K9OD9W.pt,56,134,0.008680619999999998
channelshuffle_finegrained2_0KUC4X.pt,56,100,0.008648040000000001
channelshuffle_finegrained2_BQ3NOE.pt,56,142,0.008683039999999998
channelshuffle_finegrained2_NITLL0.pt,56,140,0.008529219999999997
channelshuffle_finegrained2_VNM82M.pt,56,126,0.00859974
channelshuffle_finegrained2_KPARCQ.pt,56,116,0.00855734
channelshuffle_finegrained2_PYZV4G.pt,56,84,0.00860684
channelshuffle_finegrained2_DMFX03.pt,56,116,0.008610300000000001
channelshuffle_finegrained2_VFGSHR.pt,56,144,0.00859942
channelshuffle_finegrained2_YQHUNT.pt,56,80,0.008790699999999999
channelshuffle_finegrained2_7D3YYQ.pt,56,128,0.00861334
channelshuffle_finegrained2_XT5Z54.pt,56,102,0.009232280000000002
channelshuffle_finegrained2_G6US7N.pt,56,148,0.008525760000000002
channelshuffle_finegrained2_8GIOJG.pt,56,96,0.009038120000000004
channelshuffle_finegrained2_CH6NNC.pt,56,150,0.00913896
channelshuffle_finegrained2_CBLJ5V.pt,56,138,0.00855328
channelshuffle_finegrained2_IX08ZH.pt,56,132,0.008592840000000001
channelshuffle_finegrained2_CIAF2A.pt,28,8,0.008721440000000002
channelshuffle_finegrained2_OI5VFR.pt,28,10,0.008597180000000003
channelshuffle_finegrained2_1LG8BM.pt,28,10,0.008621259999999999
channelshuffle_finegrained2_AD2MIF.pt,28,12,0.0086509
channelshuffle_finegrained2_YD8X6Y.pt,28,6,0.008612179999999999
channelshuffle_finegrained2_CVYMBG.pt,28,6,0.008688840000000001
channelshuffle_finegrained2_Y833G3.pt,28,8,0.008666120000000001
channelshuffle_finegrained2_VS1OMT.pt,14,308,0.0087117
channelshuffle_finegrained2_45EPHY.pt,14,464,0.008683119999999999
channelshuffle_finegrained2_0WUURH.pt,14,406,0.008609140000000005
channelshuffle_finegrained2_CP650W.pt,14,270,0.008625619999999997
channelshuffle_finegrained2_O8N0AZ.pt,14,570,0.008609200000000001
channelshuffle_finegrained2_I1HLFJ.pt,14,260,0.008587519999999998
channelshuffle_finegrained2_E87QL4.pt,14,306,0.009055780000000001
channelshuffle_finegrained2_9A7W8Q.pt,14,540,0.00867474
channelshuffle_finegrained2_7VFB42.pt,14,358,0.008650180000000002
channelshuffle_finegrained2_NXI8FA.pt,14,530,0.008676080000000001
channelshuffle_finegrained2_PHWTNQ.pt,14,252,0.008600000000000002
channelshuffle_finegrained2_J3M7KB.pt,14,372,0.0086562
channelshuffle_finegrained2_JO51UA.pt,14,380,0.008741839999999999
channelshuffle_finegrained2_4RUTSR.pt,14,532,0.008604380000000003
channelshuffle_finegrained2_N55LL9.pt,14,472,0.008715059999999998
channelshuffle_finegrained2_ZC1K6Q.pt,14,588,0.00871032
channelshuffle_finegrained2_0IE2ED.pt,14,264,0.008658939999999999
channelshuffle_finegrained2_03XULI.pt,14,324,0.00863158
channelshuffle_finegrained2_3SEWUB.pt,14,454,0.0086623
channelshuffle_finegrained2_YNV91U.pt,14,416,0.00872288
