model_path,HW,CIN,CIN,latency
add_prior_OD72V7.pt,14,68,68,0.0046580799999999985
add_prior_OUQXQ4.pt,14,232,232,0.0147354
add_prior_TACHVX.pt,14,224,224,0.0045927599999999996
add_prior_6D82X1.pt,14,138,138,0.0068255600000000005
add_prior_446F6B.pt,3,473,473,0.011123419999999997
add_prior_GP6UTM.pt,28,133,133,0.0044645200000000005
add_prior_IDGLNG.pt,28,25,25,0.010641060000000004
add_prior_EXBHEA.pt,28,944,944,0.0045051399999999995
add_prior_4EP8JF.pt,28,208,208,0.00446168
add_prior_3ER4X1.pt,14,220,220,0.01249191999999999
add_prior_6E69X9.pt,28,239,239,0.004557539999999998
add_prior_C2RZBX.pt,28,346,346,0.004517039999999999
add_prior_3S38SC.pt,14,57,57,0.017267399999999995
add_prior_QTY2PQ.pt,14,255,255,0.0044387
add_prior_3A1NS1.pt,28,229,229,0.004585260000000001
add_prior_4DXOUV.pt,7,211,211,0.01624652
add_prior_GSUALZ.pt,112,1647,1647,0.00447674
add_prior_ARD4NQ.pt,56,574,574,0.0043936999999999995
add_prior_N4WEIX.pt,7,190,190,0.01575264
add_prior_C8N51H.pt,56,774,774,0.004506880000000002
add_prior_V8RJ1C.pt,14,511,511,0.004501099999999999
add_prior_SSJJDX.pt,14,199,199,0.005915179999999997
add_prior_KPE5Q4.pt,56,714,714,0.0044446799999999995
add_prior_P9JG3S.pt,56,172,172,0.0045635799999999985
add_prior_5SN8X6.pt,112,70,70,0.004474379999999999
add_prior_G17FYD.pt,14,225,225,0.011506380000000005
add_prior_A9QSEU.pt,56,188,188,0.00445744
add_prior_65BS0A.pt,14,545,545,0.00451716
add_prior_L4BJR3.pt,28,490,490,0.004412460000000001
add_prior_IO8NH2.pt,7,519,519,0.010233520000000001
add_prior_X05VF4.pt,28,12,12,0.008159159999999997
add_prior_DDLAB8.pt,14,65,65,0.014852880000000002
add_prior_ISEILE.pt,14,271,271,0.011868919999999991
add_prior_5FKI2W.pt,7,114,114,0.014191080000000002
add_prior_NJHTMX.pt,28,259,259,0.004580640000000001
add_prior_Q5P93Y.pt,56,788,788,0.004485759999999999
add_prior_5Y9F63.pt,112,206,206,0.004362700000000001
add_prior_3M6CVS.pt,1,993,993,0.024898860000000002
add_prior_DY9PZC.pt,14,101,101,0.013559159999999997
add_prior_N7NYE5.pt,28,1140,1140,0.0044569399999999995
add_prior_68ZFNM.pt,56,494,494,0.00442872
add_prior_6SM3CQ.pt,14,219,219,0.004454719999999999
add_prior_EDYGQ3.pt,56,109,109,0.004448539999999999
add_prior_KEL201.pt,56,8,8,0.006621260000000001
add_prior_0HU6GZ.pt,28,156,156,0.0045030999999999995
add_prior_HG7OFG.pt,14,531,531,0.0044774199999999984
add_prior_8HXOQ3.pt,14,71,71,0.016509939999999994
add_prior_ESN904.pt,56,261,261,0.004530320000000001
add_prior_NJX0QO.pt,28,1108,1108,0.00447926
add_prior_ZG06OZ.pt,56,11,11,0.012756460000000004
add_prior_524Y16.pt,14,85,85,0.004468239999999999
add_prior_081VY9.pt,14,203,203,0.014124519999999996
add_prior_OQ9GHK.pt,7,469,469,0.017839219999999996
add_prior_D9D9DB.pt,14,23,23,0.026832339999999993
add_prior_QAAGUG.pt,56,74,74,0.004564939999999999
add_prior_39IV8K.pt,56,176,176,0.00449708
add_prior_U8UI2G.pt,56,198,198,0.0045858
add_prior_7E7IF3.pt,56,19,19,0.004467639999999999
add_prior_1P074S.pt,14,126,126,0.014125420000000001
add_prior_O6WQBB.pt,112,182,182,0.004453
add_prior_5DOZPY.pt,56,194,194,0.004532539999999999
add_prior_E2NZD5.pt,56,92,92,0.00445762
add_prior_6SQMQE.pt,14,512,512,0.004467659999999999
add_prior_TPQ2VA.pt,7,135,135,0.018947240000000004
add_prior_SSEYEZ.pt,7,148,148,0.018814960000000002
add_prior_I9Y2LB.pt,14,57,57,0.020458220000000006
add_prior_9Z72IZ.pt,7,108,108,0.024896539999999995
add_prior_8OO323.pt,28,69,69,0.004666820000000001
add_prior_ZXTVSR.pt,7,259,259,0.00720668
add_prior_CUTQ2X.pt,28,519,519,0.004450720000000001
add_prior_I21VBX.pt,7,160,160,0.021277739999999996
add_prior_B8FBED.pt,1,791,791,0.015001000000000004
add_prior_L3RUJN.pt,28,518,518,0.0044284400000000005
add_prior_B0UCFU.pt,7,217,217,0.010257699999999998
add_prior_5DBUFW.pt,14,504,504,0.00449984
add_prior_NRLUER.pt,112,90,90,0.00445924
add_prior_RM74WH.pt,112,147,147,0.00466048
add_prior_06NDBV.pt,14,319,319,0.028341180000000007
add_prior_XJ9XU8.pt,28,169,169,0.004497180000000001
add_prior_H4WSC5.pt,28,9,9,0.01888746
add_prior_JONN9B.pt,7,154,154,0.012749740000000002
add_prior_FAK1RM.pt,14,109,109,0.011028259999999998
add_prior_GFTPIM.pt,7,534,534,0.017484639999999992
add_prior_QVKXTE.pt,56,249,249,0.004500060000000001
add_prior_938S4P.pt,28,182,182,0.004592159999999999
add_prior_TK6UG4.pt,14,169,169,0.016898800000000005
add_prior_PLF70E.pt,56,249,249,0.00454754
add_prior_MOVAAH.pt,56,438,438,0.004453940000000001
add_prior_TNUFVD.pt,7,424,424,0.0183755
add_prior_TX3HQH.pt,56,502,502,0.004462580000000001
add_prior_SPFNLL.pt,28,114,114,0.0044431
add_prior_0G15RR.pt,7,210,210,0.011246320000000002
add_prior_TOHS9V.pt,14,504,504,0.004462020000000001
add_prior_2OLLJR.pt,7,1982,1982,0.004523
add_prior_CG9PNH.pt,28,105,105,0.004455620000000001
add_prior_VI2XCY.pt,7,484,484,0.009515359999999999
add_prior_VGFTE3.pt,28,146,146,0.0044494
add_prior_OG9QNO.pt,7,560,560,0.02193934
add_prior_JVQVXL.pt,28,43,43,0.004495140000000001
add_prior_1MU4AI.pt,56,1051,1051,0.004587320000000001
add_prior_ELVSHR.pt,224,1822,1822,0.004598739999999998
add_prior_R56U5W.pt,28,511,511,0.004399319999999999
add_prior_MYKUNI.pt,28,512,512,0.0044282
add_prior_KN4MGJ.pt,7,78,78,0.014969080000000001
add_prior_4IQV1O.pt,14,102,102,0.01908839999999999
add_prior_BWO9XJ.pt,14,320,320,0.004489759999999999
add_prior_VQIV8E.pt,28,1904,1904,0.004497400000000002
add_prior_H8AEI7.pt,112,207,207,0.0044176400000000005
add_prior_KFB3W0.pt,56,530,530,0.004486379999999999
add_prior_IIC37H.pt,14,532,532,0.00446558
add_prior_LCIZV3.pt,28,269,269,0.0045629
add_prior_3RHX26.pt,14,502,502,0.004428379999999999
add_prior_BYVYKC.pt,28,116,116,0.0045474800000000004
add_prior_1FFJKM.pt,14,72,72,0.012724820000000001
add_prior_NO3PA3.pt,56,269,269,0.0045100800000000005
add_prior_5X6V6E.pt,14,162,162,0.01782438
add_prior_8OCPFU.pt,28,685,685,0.0045474400000000016
add_prior_SI98EY.pt,14,185,185,0.015473219999999996
add_prior_HFO8TP.pt,1,171,171,0.019069079999999995
add_prior_UNKMM2.pt,112,17,17,0.00471656
add_prior_8IYQC3.pt,112,185,185,0.004474359999999999
add_prior_WD4TNA.pt,14,122,122,0.02205942
add_prior_W561VP.pt,14,1010,1010,0.004545439999999999
add_prior_LE5QGT.pt,14,190,190,0.0044689
add_prior_TGESRR.pt,14,63,63,0.007744959999999999
add_prior_ZXV8RO.pt,7,2008,2008,0.004470759999999999
add_prior_2KAXXN.pt,28,975,975,0.004519659999999998
add_prior_Z78VBW.pt,7,245,245,0.012939560000000001
add_prior_IX5LUZ.pt,28,205,205,0.004573839999999999
add_prior_C6HNQO.pt,56,51,51,0.004536139999999999
add_prior_CRQ9TK.pt,1,926,926,0.011580339999999996
add_prior_471WJG.pt,56,499,499,0.004425359999999999
add_prior_943MJM.pt,14,471,471,0.004478899999999999
add_prior_0JLY0E.pt,112,499,499,0.004482600000000001
add_prior_56LMBH.pt,56,224,224,0.00448842
add_prior_TQ6L2W.pt,28,68,68,0.00447324
add_prior_7MQOUR.pt,28,29,29,0.009977480000000004
add_prior_3TJYN3.pt,7,1834,1834,0.004499720000000001
add_prior_OPR26Y.pt,56,512,512,0.0044117800000000006
add_prior_7EC1S0.pt,7,1838,1838,0.00456546
add_prior_QLJIW2.pt,14,261,261,0.013020419999999998
add_prior_6K6I9E.pt,56,341,341,0.00445468
add_prior_KOWRMD.pt,56,16,16,0.007550679999999999
add_prior_0QJXTJ.pt,28,120,120,0.004461360000000001
add_prior_5127AC.pt,14,111,111,0.010032600000000001
add_prior_AW7RCM.pt,14,504,504,0.0045674800000000005
add_prior_3L3B1E.pt,112,123,123,0.0045555000000000005
add_prior_NZDGMY.pt,7,57,57,0.019956259999999997
add_prior_ETLU9P.pt,14,246,246,0.00663736
add_prior_AUTXPX.pt,14,104,104,0.009620340000000003
add_prior_BU81WA.pt,3,122,122,0.00444154
add_prior_4GMFE6.pt,56,90,90,0.00442356
add_prior_CFGR3A.pt,14,49,49,0.014702640000000005
add_prior_1I7KGZ.pt,14,122,122,0.01262798
add_prior_KEOMQW.pt,14,138,138,0.018510880000000004
add_prior_GAEXRB.pt,7,498,498,0.010022459999999997
add_prior_57M5TN.pt,56,90,90,0.0043846599999999986
add_prior_HKBTWR.pt,28,538,538,0.00438032
add_prior_5L6R4X.pt,14,81,81,0.01490098
add_prior_SDMDJ3.pt,1,186,186,0.01680764
add_prior_9M5UV2.pt,28,131,131,0.00446086
add_prior_BZ5JW3.pt,56,140,140,0.0044391199999999995
add_prior_SUE9FZ.pt,14,230,230,0.00464124
add_prior_0Z8ZN7.pt,28,510,510,0.004376659999999999
add_prior_4XUNL9.pt,56,134,134,0.0044239
add_prior_AWOXUZ.pt,56,494,494,0.004522860000000001
add_prior_QTOO03.pt,112,174,174,0.004542019999999999
add_prior_CLP4MR.pt,56,170,170,0.004496520000000001
add_prior_78TQPN.pt,14,885,885,0.00447234
add_prior_NOJ2T9.pt,28,251,251,0.00440948
add_prior_5BT1YC.pt,1,492,492,0.01150238
add_prior_MQGACS.pt,14,512,512,0.00448934
add_prior_6JED0Y.pt,28,223,223,0.0046252
add_prior_NV4SGC.pt,28,262,262,0.004439019999999998
add_prior_5WK113.pt,112,1002,1002,0.00451964
add_prior_88RLHW.pt,56,8,8,0.01945767999999999
add_prior_IGW0L4.pt,7,1022,1022,0.00454698
add_prior_QOJ589.pt,56,44,44,0.004495280000000001
add_prior_RJRFFR.pt,7,127,127,0.007538160000000003
add_prior_USIN82.pt,112,800,800,0.004457859999999999
add_prior_T2SVOD.pt,3,181,181,0.019639199999999992
add_prior_A3PEFX.pt,14,625,625,0.00446158
add_prior_D0JMYP.pt,14,88,88,0.011258219999999996
add_prior_LE5F1P.pt,28,512,512,0.0044204000000000005
add_prior_T53QHA.pt,14,497,497,0.004490060000000001
add_prior_KDME0G.pt,28,136,136,0.0044300799999999994
add_prior_TSJEEH.pt,28,223,223,0.0045252999999999995
add_prior_2JR9FD.pt,56,57,57,0.0045923199999999996
add_prior_NLR0B5.pt,56,272,272,0.0044501
add_prior_FSEQG6.pt,56,1156,1156,0.0044108
add_prior_Q3BOLZ.pt,14,160,160,0.005807979999999999
add_prior_OOB6TO.pt,7,261,261,0.0111224
add_prior_R46NNE.pt,56,157,157,0.004454640000000001
add_prior_XRNJGV.pt,14,27,27,0.025417880000000004
add_prior_S3APGP.pt,56,132,132,0.00437794
add_prior_A3LUDG.pt,14,298,298,0.0044675
add_prior_KN89SM.pt,28,264,264,0.004702080000000001
add_prior_E2K7OO.pt,28,55,55,0.010761779999999999
add_prior_11Q1DW.pt,14,223,223,0.009189959999999999
add_prior_XR1TKO.pt,3,38,38,0.028630700000000005
add_prior_JKA00P.pt,14,98,98,0.004465279999999999
add_prior_V2S3SR.pt,56,150,150,0.004454699999999999
add_prior_XQXYVL.pt,28,205,205,0.004545359999999999
add_prior_X7HMC0.pt,56,142,142,0.004399399999999999
add_prior_NVCXKH.pt,7,162,162,0.012262039999999998
add_prior_HI97J7.pt,7,1086,1086,0.005289360000000001
add_prior_FCVTTZ.pt,14,162,162,0.01049074
add_prior_SF1ZD3.pt,56,224,224,0.004529420000000001
add_prior_MZI62N.pt,28,180,180,0.004568180000000001
add_prior_T7H7TF.pt,7,17,17,0.02810787999999999
add_prior_M1M3Q5.pt,56,167,167,0.0045707
add_prior_QDMP78.pt,56,11,11,0.01604606
add_prior_WYZH90.pt,7,534,534,0.00990892
add_prior_N4E6X2.pt,14,525,525,0.004484520000000001
add_prior_MYA06G.pt,56,51,51,0.00458088
add_prior_9WL0F4.pt,14,113,113,0.004541140000000002
add_prior_L6JC4Y.pt,28,206,206,0.004520599999999999
add_prior_KYLA8J.pt,28,580,580,0.00448442
add_prior_KAHATR.pt,14,14,14,0.016618639999999997
add_prior_12LENP.pt,28,62,62,0.00820396
add_prior_XOI8XH.pt,3,96,96,0.018360720000000004
add_prior_1Y9IOQ.pt,56,29,29,0.004491640000000001
add_prior_NXENPD.pt,28,148,148,0.0044592799999999995
add_prior_XQB7V1.pt,28,60,60,0.0059495400000000006
add_prior_M350TG.pt,7,29,29,0.018612519999999997
add_prior_J9R6LK.pt,14,50,50,0.01248982
add_prior_W8HQHC.pt,14,211,211,0.00445068
add_prior_7TBBF8.pt,56,85,85,0.004454980000000001
add_prior_HSOTFE.pt,14,89,89,0.016694460000000008
add_prior_DXCSMD.pt,112,251,251,0.004479900000000002
add_prior_PNSH7F.pt,14,502,502,0.004541039999999999
add_prior_U7HPA7.pt,28,495,495,0.00439134
add_prior_9AABHO.pt,28,250,250,0.004506240000000001
add_prior_VXP4UC.pt,1,365,365,0.008015059999999997
add_prior_AXTGJ9.pt,28,237,237,0.0050059399999999995
add_prior_K6LUYM.pt,7,167,167,0.01648162
add_prior_O9D2HQ.pt,112,250,250,0.004433080000000001
add_prior_47AH5Y.pt,56,7,7,0.021369379999999993
add_prior_5EWTLY.pt,112,189,189,0.00452986
add_prior_SDJ0B2.pt,14,178,178,0.010921620000000005
add_prior_65CB8Y.pt,56,146,146,0.004406739999999999
add_prior_3EPJ0B.pt,56,111,111,0.0044357599999999995
add_prior_7EE6ZQ.pt,14,11,11,0.02271319999999999
add_prior_3FMNT0.pt,112,192,192,0.004482779999999999
add_prior_EA8IBE.pt,112,90,90,0.00447388
add_prior_HEL5Z2.pt,14,181,181,0.00451148
add_prior_D7XPBP.pt,14,794,794,0.004512479999999999
add_prior_X2HTZY.pt,224,11,11,0.0045597599999999995
add_prior_YXWA14.pt,14,465,465,0.00449652
add_prior_WD16UB.pt,56,21,21,0.00449186
add_prior_MC9Y0F.pt,112,272,272,0.004578360000000001
add_prior_YPQCP2.pt,14,842,842,0.004475379999999998
add_prior_N7C2H3.pt,14,492,492,0.004448079999999999
add_prior_V2LUQU.pt,56,494,494,0.004493559999999998
add_prior_JMYKLZ.pt,7,47,47,0.018301240000000003
add_prior_7GDAX3.pt,7,996,996,0.016487940000000006
add_prior_E6UPWX.pt,14,124,124,0.013089219999999997
add_prior_JS2SUE.pt,14,82,82,0.019779919999999996
add_prior_0B3G0Q.pt,112,818,818,0.004324820000000001
add_prior_I81D2X.pt,112,59,59,0.004485179999999999
add_prior_8MXXPA.pt,56,1007,1007,0.004519539999999999
add_prior_0GX24I.pt,7,505,505,0.01953858
add_prior_ZCFTEE.pt,28,216,216,0.00456492
add_prior_Y07WCB.pt,28,151,151,0.00445804
add_prior_FC95QU.pt,14,174,174,0.004509280000000001
add_prior_OW9EM6.pt,14,1323,1323,0.00448648
add_prior_4M56K9.pt,14,134,134,0.016256939999999998
add_prior_MS4PK6.pt,7,512,512,0.015294160000000001
add_prior_HKY6FR.pt,14,189,189,0.007608379999999999
add_prior_LFUVW1.pt,3,213,213,0.015171819999999994
add_prior_9T0J7Z.pt,112,529,529,0.00444506
add_prior_4M2ZIC.pt,14,77,77,0.010853300000000003
add_prior_0VH3KH.pt,28,854,854,0.00447662
add_prior_K3PZ1W.pt,56,25,25,0.004542699999999999
add_prior_KUS4LA.pt,28,430,430,0.004522100000000002
add_prior_HCPTY6.pt,14,150,150,0.012272880000000002
add_prior_MXEDXS.pt,112,211,211,0.004500459999999999
add_prior_JW0Z2W.pt,14,34,34,0.010864299999999995
add_prior_5DTV6Y.pt,56,497,497,0.004459379999999999
add_prior_1AX1SR.pt,14,596,596,0.00448354
add_prior_1E34KT.pt,56,109,109,0.0045956799999999996
add_prior_F7C6WX.pt,56,94,94,0.00442904
add_prior_BF2HDV.pt,56,760,760,0.004456740000000001
add_prior_XJ1VWF.pt,1,119,119,0.014398579999999994
add_prior_TU04RA.pt,28,150,150,0.00445692
add_prior_AT8246.pt,112,158,158,0.004399919999999998
add_prior_2G7GHP.pt,56,215,215,0.00459348
add_prior_OM1ES4.pt,14,175,175,0.017320699999999998
add_prior_8IJKXB.pt,28,501,501,0.004450180000000001
add_prior_TTANOU.pt,14,920,920,0.0045663599999999985
add_prior_ZOFGR2.pt,7,77,77,0.010905819999999997
add_prior_5MLYJZ.pt,14,809,809,0.0044937200000000005
add_prior_B51XFA.pt,28,473,473,0.00447136
add_prior_0AI62P.pt,14,221,221,0.0062585600000000016
add_prior_2V4UWT.pt,14,520,520,0.00447612
add_prior_M3MSIT.pt,14,52,52,0.004658819999999999
add_prior_3V3NGM.pt,14,27,27,0.015806640000000004
add_prior_8LUHCS.pt,14,219,219,0.007161639999999997
add_prior_72R70R.pt,7,167,167,0.010251399999999999
add_prior_4DBT4U.pt,7,858,858,0.012916819999999996
add_prior_LAO9Z0.pt,56,23,23,0.004716680000000001
add_prior_YWA70T.pt,56,95,95,0.0045725
add_prior_4EXRBS.pt,14,455,455,0.004584100000000001
add_prior_OLJD8X.pt,14,135,135,0.016374439999999994
add_prior_CY4TTE.pt,14,93,93,0.023665979999999996
add_prior_OFF2C7.pt,56,247,247,0.004565540000000001
add_prior_5L9UHW.pt,14,28,28,0.01383466
add_prior_G12Z65.pt,7,85,85,0.01736391999999999
add_prior_C8IVPY.pt,112,213,213,0.0044564400000000025
add_prior_N9GI2O.pt,3,169,169,0.025672740000000003
add_prior_JJCLZO.pt,7,82,82,0.012066779999999997
add_prior_REBBKP.pt,28,15,15,0.011702780000000006
add_prior_I8R2HX.pt,28,59,59,0.0043952999999999996
add_prior_7DNSFV.pt,14,117,117,0.0106314
add_prior_3QWSBP.pt,112,214,214,0.004481100000000001
add_prior_NZZC8E.pt,3,941,941,0.02378146000000001
add_prior_BX5Y54.pt,7,124,124,0.021755780000000002
add_prior_ALGN61.pt,56,862,862,0.004449679999999998
add_prior_DTI6XS.pt,7,203,203,0.02423298
add_prior_L1N31V.pt,14,105,105,0.020396379999999995
add_prior_5UI3GP.pt,14,51,51,0.01847608
add_prior_R3XJGR.pt,1,507,507,0.019719639999999997
add_prior_TJVC1O.pt,112,213,213,0.00449526
add_prior_TIVARK.pt,14,206,206,0.015048700000000002
add_prior_1889ZJ.pt,224,8,8,0.004418599999999999
add_prior_3X772I.pt,28,49,49,0.006413260000000001
add_prior_7T7DLN.pt,7,948,948,0.00552374
add_prior_80LF5L.pt,112,205,205,0.004357979999999999
add_prior_1R2DL7.pt,7,225,225,0.010999680000000003
add_prior_WF6CGY.pt,14,24,24,0.016709259999999993
add_prior_LZOGJJ.pt,28,35,35,0.010393700000000004
add_prior_55S3A0.pt,14,239,239,0.0058384599999999984
add_prior_9OI9ZJ.pt,7,753,753,0.01038152
add_prior_IRRNKR.pt,56,19,19,0.014098400000000002
add_prior_3W756E.pt,3,728,728,0.021495620000000007
add_prior_J5YW24.pt,28,47,47,0.008821640000000002
add_prior_V31B7H.pt,14,624,624,0.0044682800000000016
add_prior_4OSRM4.pt,3,287,287,0.017102340000000004
add_prior_LWOLNT.pt,28,76,76,0.0056258600000000025
add_prior_AQMK44.pt,14,1122,1122,0.0044396999999999995
add_prior_AQ6S1Z.pt,56,27,27,0.0044299199999999995
add_prior_YE443W.pt,14,195,195,0.006767019999999998
add_prior_8UMEHB.pt,7,54,54,0.020327780000000004
add_prior_OP2WX8.pt,56,112,112,0.00447762
add_prior_89EZ3Y.pt,28,137,137,0.004503320000000002
add_prior_PP5NB0.pt,14,236,236,0.007910099999999998
add_prior_DFJOC4.pt,7,528,528,0.004530459999999999
add_prior_5PAOGL.pt,28,62,62,0.01330788000000001
add_prior_7WFRGW.pt,28,122,122,0.0044550200000000005
add_prior_ZE2MHX.pt,28,114,114,0.00451146
add_prior_6JTJKZ.pt,112,519,519,0.0044513600000000006
add_prior_0JT1WP.pt,112,1942,1942,0.004417539999999999
add_prior_SA3JAF.pt,14,42,42,0.025043999999999997
add_prior_S65HR4.pt,28,169,169,0.00449932
add_prior_CDC3VZ.pt,28,857,857,0.0044261
add_prior_TM117G.pt,56,486,486,0.004474
add_prior_KGBOZ5.pt,56,766,766,0.00444928
add_prior_24QIW9.pt,14,6,6,0.019700440000000003
add_prior_B208HB.pt,14,498,498,0.00452592
add_prior_P2NI9C.pt,7,990,990,0.005126339999999999
add_prior_UI7VSG.pt,14,144,144,0.006905159999999999
add_prior_BOKMYW.pt,28,188,188,0.00451418
add_prior_IIGSRP.pt,14,6,6,0.019902039999999996
add_prior_J00KQJ.pt,28,1015,1015,0.004435560000000001
add_prior_42QKN1.pt,112,110,110,0.004442699999999999
add_prior_82A86B.pt,56,491,491,0.004442700000000001
add_prior_NH23GH.pt,14,176,176,0.014398839999999994
add_prior_6G7R2V.pt,56,160,160,0.00447658
add_prior_O4YN7E.pt,28,1396,1396,0.00446598
add_prior_BKDBUA.pt,28,42,42,0.019739459999999997
add_prior_AQWOCR.pt,7,144,144,0.019577419999999998
add_prior_EC00Z9.pt,56,105,105,0.0043805
add_prior_VFOFAI.pt,14,78,78,0.018371500000000002
add_prior_5A0W6M.pt,14,113,113,0.015143960000000005
add_prior_UROI3Z.pt,56,143,143,0.004428360000000001
add_prior_Z07J2S.pt,14,45,45,0.022749799999999997
add_prior_A4YOB7.pt,14,395,395,0.004509039999999999
add_prior_KKZ5DV.pt,28,160,160,0.028353839999999998
add_prior_QMR715.pt,112,222,222,0.004441740000000002
add_prior_5UVY30.pt,7,548,548,0.019612739999999997
add_prior_JSUE05.pt,14,1020,1020,0.00450346
add_prior_EVSOV8.pt,14,216,216,0.01296472
add_prior_GNES7H.pt,14,799,799,0.00454082
add_prior_FFP6K6.pt,224,189,189,0.004472039999999999
add_prior_B4YL2B.pt,14,81,81,0.009335519999999996
add_prior_55Z8K7.pt,28,185,185,0.00449496
add_prior_X96XX3.pt,7,1327,1327,0.008467
add_prior_3CDT4T.pt,14,520,520,0.00446382
add_prior_SMHQUQ.pt,28,58,58,0.004483979999999999
add_prior_NPSY2D.pt,14,502,502,0.004461780000000002
add_prior_NYX918.pt,28,85,85,0.004468819999999999
add_prior_T9U9IT.pt,28,24,24,0.019604999999999997
add_prior_M3RQ8F.pt,14,849,849,0.0045571200000000004
add_prior_PG8GJW.pt,56,985,985,0.004418000000000002
add_prior_E3EENG.pt,56,518,518,0.00449678
add_prior_2JNWEA.pt,56,102,102,0.004436819999999999
add_prior_IVX97W.pt,7,262,262,0.013560120000000002
add_prior_LQTRFQ.pt,14,1000,1000,0.00448868
add_prior_WWF693.pt,14,152,152,0.01765088
add_prior_YT57SX.pt,7,93,93,0.02241468
add_prior_8RLOJD.pt,56,65,65,0.0044256799999999995
add_prior_CTVLIO.pt,112,176,176,0.004454180000000002
add_prior_T29MDZ.pt,56,1562,1562,0.004479200000000001
add_prior_QXT1ZZ.pt,14,421,421,0.004452619999999999
add_prior_XVW5AL.pt,112,517,517,0.004454320000000001
add_prior_NBTO25.pt,28,243,243,0.004608319999999999
add_prior_Z4AOVS.pt,28,526,526,0.00447398
add_prior_904BYV.pt,14,810,810,0.0046212200000000005
add_prior_XIDHQ2.pt,3,188,188,0.02685419999999999
add_prior_T8UXFL.pt,56,2040,2040,0.00438396
add_prior_SWKRCQ.pt,224,1011,1011,0.0044966599999999995
add_prior_Y783OK.pt,28,135,135,0.004501359999999999
add_prior_90WF90.pt,56,248,248,0.00444556
add_prior_PLR9Z5.pt,112,615,615,0.004458899999999999
add_prior_FQC0N4.pt,7,237,237,0.018232220000000004
add_prior_MWP68O.pt,224,555,555,0.0045067399999999995
add_prior_3X8UB8.pt,14,507,507,0.004504579999999999
add_prior_DGAJEP.pt,14,36,36,0.025121279999999992
add_prior_D6F2W9.pt,14,139,139,0.012133740000000004
add_prior_FBRW0D.pt,14,84,84,0.014035120000000005
add_prior_1W0W3Q.pt,14,18,18,0.02195749999999999
add_prior_JRKBYD.pt,14,764,764,0.004511139999999999
add_prior_K4EDLJ.pt,56,512,512,0.004470040000000001
add_prior_S2AYFE.pt,28,269,269,0.0046110000000000005
add_prior_WQBTID.pt,14,405,405,0.004469320000000001
add_prior_YK2HFY.pt,14,500,500,0.004496580000000001
add_prior_VM3QC4.pt,112,39,39,0.00437952
add_prior_AR1BOH.pt,28,97,97,0.00464478
add_prior_3AUHFO.pt,28,155,155,0.0045083
add_prior_21V270.pt,14,207,207,0.014938760000000004
add_prior_QINRR8.pt,28,89,89,0.00448842
add_prior_6NEGUT.pt,7,1379,1379,0.00452218
add_prior_MTF95F.pt,28,536,536,0.004403680000000001
add_prior_0FHLJG.pt,28,1807,1807,0.0044023
add_prior_0ZY78T.pt,112,185,185,0.0044751800000000005
add_prior_4ZLFDK.pt,112,210,210,0.0044896400000000005
add_prior_0B0QWT.pt,7,70,70,0.01935524
add_prior_Z6MNLL.pt,28,216,216,0.0045671800000000005
add_prior_1MRGU9.pt,28,3,3,0.02289034
add_prior_ES2R4M.pt,28,520,520,0.0044740000000000005
add_prior_0OGWMZ.pt,7,187,187,0.013441079999999994
add_prior_KRHGEF.pt,3,138,138,0.01732818
add_prior_KNAU2G.pt,14,101,101,0.007279240000000001
add_prior_GAX2K6.pt,3,504,504,0.01306146
add_prior_0ENJON.pt,14,97,97,0.007568040000000001
add_prior_8AQGF7.pt,14,113,113,0.014372380000000002
add_prior_YARW76.pt,14,660,660,0.004473359999999999
add_prior_GN61L0.pt,14,835,835,0.00447086
add_prior_UAEU9S.pt,14,120,120,0.022051800000000007
add_prior_DBEJ9D.pt,7,213,213,0.014903480000000004
add_prior_70CLP5.pt,14,237,237,0.0045423799999999995
add_prior_XB5FO6.pt,14,272,272,0.00466398
add_prior_2EG5ZC.pt,14,500,500,0.004515759999999998
add_prior_308RZ7.pt,28,141,141,0.00444886
add_prior_TYPJT2.pt,56,1067,1067,0.00445166
add_prior_BBHSYF.pt,28,181,181,0.00448538
add_prior_G53IZ2.pt,7,113,113,0.024733659999999994
add_prior_1NDSB6.pt,28,76,76,0.007439419999999998
add_prior_8L8IQG.pt,7,528,528,0.012739659999999995
add_prior_EJWF7V.pt,28,1117,1117,0.00445364
add_prior_8TZPW3.pt,56,524,524,0.0044630999999999985
add_prior_TLWEI3.pt,56,502,502,0.00448374
add_prior_1NP2SC.pt,14,157,157,0.011057419999999998
add_prior_67OD4Z.pt,14,68,68,0.01495136
add_prior_NMPXDL.pt,28,233,233,0.004528980000000001
add_prior_W9945E.pt,7,83,83,0.011155459999999999
add_prior_V670NC.pt,56,833,833,0.0043909
add_prior_TFPH6D.pt,7,177,177,0.010705440000000002
add_prior_O4YYMS.pt,28,183,183,0.004473960000000001
add_prior_ANQUI6.pt,14,988,988,0.004474560000000001
add_prior_FXVP0G.pt,56,269,269,0.004463000000000002
add_prior_WZ355F.pt,7,74,74,0.02286096
add_prior_6FVNFX.pt,28,87,87,0.0044487400000000005
add_prior_W529CL.pt,14,176,176,0.010399440000000003
add_prior_4EWUWU.pt,56,1968,1968,0.00442982
add_prior_H9RAR3.pt,14,236,236,0.0044773600000000005
add_prior_E8R3CB.pt,28,950,950,0.00453664
add_prior_EKOEJH.pt,28,167,167,0.004484700000000001
add_prior_EFJ8WU.pt,56,267,267,0.004478599999999999
add_prior_FUS5P2.pt,112,207,207,0.004335039999999999
add_prior_8WMP7J.pt,7,119,119,0.026262619999999993
add_prior_D0LY15.pt,28,34,34,0.011903459999999998
add_prior_KJH0SL.pt,56,462,462,0.004438040000000001
add_prior_VSKGU3.pt,28,514,514,0.004550779999999998
add_prior_QT91GT.pt,14,86,86,0.012738080000000008
add_prior_GX0EAX.pt,56,1189,1189,0.00443952
add_prior_RRRP4F.pt,14,44,44,0.020081500000000002
add_prior_19KMOI.pt,7,12,12,0.021677579999999995
add_prior_57N5ZZ.pt,7,522,522,0.014603380000000004
add_prior_QPZ29Z.pt,56,228,228,0.00471134
add_prior_M357UW.pt,1,200,200,0.015025420000000005
add_prior_I2IWKH.pt,14,38,38,0.012922859999999994
add_prior_06IL7A.pt,14,38,38,0.01893378
add_prior_8VZPTV.pt,14,1293,1293,0.00446044
add_prior_28JC5K.pt,56,255,255,0.0045403
add_prior_8QKEFH.pt,7,150,150,0.021409240000000006
add_prior_C62CEX.pt,28,165,165,0.004488679999999999
add_prior_C58VNM.pt,14,501,501,0.004483320000000002
add_prior_A2FZIL.pt,14,59,59,0.025127899999999998
add_prior_HPPW0O.pt,7,255,255,0.011553500000000003
add_prior_H34COO.pt,14,967,967,0.004580400000000001
add_prior_8U1XLZ.pt,28,678,678,0.004454539999999998
add_prior_HVLRDU.pt,28,896,896,0.00457058
add_prior_W98TRB.pt,56,178,178,0.00450776
add_prior_YIFBMA.pt,56,147,147,0.004411640000000001
add_prior_F605XR.pt,14,139,139,0.016751739999999998
add_prior_XMU228.pt,1,260,260,0.01766632
add_prior_XJKCSL.pt,28,329,329,0.0046000599999999996
add_prior_MSTEG5.pt,7,513,513,0.0097477
add_prior_B5DCS6.pt,7,36,36,0.012386480000000007
add_prior_PRZBDJ.pt,14,164,164,0.00713252
add_prior_8BAUEV.pt,28,138,138,0.004497860000000001
add_prior_TYHFK7.pt,112,504,504,0.0044366599999999985
add_prior_C0JU8S.pt,112,216,216,0.0044370600000000005
add_prior_MPJLKR.pt,28,307,307,0.00442698
add_prior_A5GVYI.pt,56,163,163,0.00454798
add_prior_QHLUCJ.pt,7,144,144,0.011150900000000002
add_prior_YJ26JB.pt,14,30,30,0.016449659999999998
add_prior_Z009TM.pt,7,248,248,0.01658534
add_prior_GSFMFG.pt,56,447,447,0.004501440000000001
add_prior_L445NJ.pt,7,1255,1255,0.007327280000000002
add_prior_QGW7G6.pt,28,121,121,0.004469540000000001
add_prior_J5QODA.pt,28,252,252,0.0045683
add_prior_WQBY2W.pt,14,94,94,0.00608392
add_prior_G1J7UM.pt,14,1546,1546,0.00442168
add_prior_1PEHAQ.pt,7,637,637,0.0127556
add_prior_AAFWUG.pt,112,440,440,0.004352000000000001
add_prior_19N759.pt,112,80,80,0.004570299999999999
add_prior_HN6KEF.pt,56,172,172,0.00452836
add_prior_MCO2KM.pt,1,193,193,0.01800262000000001
add_prior_4AEI1W.pt,14,537,537,0.004448080000000001
add_prior_ZY42U2.pt,14,167,167,0.00443318
add_prior_28L530.pt,14,107,107,0.01019158
add_prior_42E0MQ.pt,14,501,501,0.004474559999999999
add_prior_BI55YY.pt,14,533,533,0.0045409
add_prior_7JP2B3.pt,28,4,4,0.026512859999999992
add_prior_GWZ0X8.pt,28,214,214,0.0045584
add_prior_31VOMT.pt,56,69,69,0.0045807800000000004
add_prior_0BU46P.pt,28,100,100,0.004464759999999999
add_prior_87P4PV.pt,56,189,189,0.0045573
add_prior_DHUVLG.pt,14,316,316,0.005175300000000002
add_prior_H7Z494.pt,28,1010,1010,0.004505100000000001
add_prior_4OGKN9.pt,56,34,34,0.004480759999999998
add_prior_05V4FA.pt,56,55,55,0.004576520000000001
add_prior_IT70PC.pt,14,698,698,0.0045033600000000005
add_prior_93TO82.pt,112,45,45,0.004526960000000001
add_prior_Y3AM31.pt,56,936,936,0.004467360000000001
add_prior_9XL0U5.pt,14,48,48,0.007112180000000003
add_prior_U9HJP7.pt,14,489,489,0.004599359999999999
add_prior_AT82ZQ.pt,28,43,43,0.005956159999999999
add_prior_VMRZ2Y.pt,28,131,131,0.004475379999999998
add_prior_6PWUOW.pt,14,49,49,0.016016839999999997
add_prior_14DUHM.pt,14,739,739,0.004509020000000001
add_prior_FK4JQO.pt,14,159,159,0.010023980000000002
add_prior_XHTTC7.pt,28,1154,1154,0.004476239999999999
add_prior_4EJLL6.pt,7,46,46,0.00909874
add_prior_Q2AWSA.pt,7,403,403,0.014379919999999992
add_prior_1JTUVN.pt,14,1564,1564,0.004385680000000001
add_prior_94MX7E.pt,14,529,529,0.00444418
add_prior_DV199Z.pt,112,10,10,0.004500219999999999
add_prior_A2KXCH.pt,14,110,110,0.008511240000000002
add_prior_2XG8PJ.pt,14,189,189,0.010111840000000004
add_prior_BY6JSS.pt,14,119,119,0.013369200000000005
add_prior_04IJT0.pt,7,270,270,0.027939380000000003
add_prior_K0JC12.pt,7,67,67,0.023017600000000006
add_prior_UOJ814.pt,56,189,189,0.004502240000000001
add_prior_40PTEW.pt,7,79,79,0.012613439999999998
add_prior_V1739P.pt,14,76,76,0.019801020000000003
add_prior_A6Z5BE.pt,56,476,476,0.004462120000000001
add_prior_JIC552.pt,7,1097,1097,0.00478692
add_prior_BK1NN0.pt,14,417,417,0.0045228
add_prior_AM3S3O.pt,14,203,203,0.005966319999999998
add_prior_772OM6.pt,7,475,475,0.012521499999999998
add_prior_9Z22DB.pt,14,527,527,0.004451960000000001
add_prior_KDP2AZ.pt,14,126,126,0.00945482
add_prior_9ZLSWH.pt,7,186,186,0.0124323
add_prior_O0CL0R.pt,7,228,228,0.011253499999999998
add_prior_83K8FR.pt,14,15,15,0.019799579999999997
add_prior_6YIO7K.pt,56,534,534,0.004611659999999999
add_prior_V5YRKC.pt,14,33,33,0.00873164
add_prior_G09BQ2.pt,14,858,858,0.00470892
add_prior_FCVMVT.pt,112,495,495,0.00441374
add_prior_GIYWWU.pt,112,45,45,0.004504000000000001
add_prior_46AQQF.pt,28,780,780,0.00447202
add_prior_KUF35X.pt,112,12,12,0.004520639999999999
add_prior_2IISEL.pt,56,116,116,0.00441942
add_prior_OWQ303.pt,14,767,767,0.004485959999999999
add_prior_FCQCV3.pt,56,814,814,0.004400380000000001
add_prior_INBV3M.pt,28,248,248,0.004500460000000001
add_prior_10IIE8.pt,7,245,245,0.006838360000000001
add_prior_5ZU4NL.pt,14,98,98,0.013597939999999996
add_prior_FKIUT3.pt,56,1205,1205,0.004493559999999999
add_prior_PUUO6U.pt,14,106,106,0.005748899999999999
add_prior_7ODVVE.pt,56,500,500,0.00446886
add_prior_K1U567.pt,56,105,105,0.00443258
add_prior_ND4APE.pt,14,172,172,0.01483038
add_prior_7Y3BAX.pt,7,210,210,0.01810358
add_prior_8IFK7F.pt,28,1499,1499,0.004444760000000001
add_prior_DKVR85.pt,14,109,109,0.004530440000000001
add_prior_K08WEC.pt,7,3,3,0.01823586
add_prior_MT8SD2.pt,56,809,809,0.004363180000000001
add_prior_JT0P3V.pt,56,159,159,0.0044605800000000004
add_prior_IVCOHH.pt,14,146,146,0.010233760000000001
add_prior_LNBMWQ.pt,28,134,134,0.0044487200000000015
add_prior_Q1482S.pt,56,539,539,0.0044683200000000005
add_prior_E55D5Z.pt,56,512,512,0.00442798
add_prior_LGGV6P.pt,112,10,10,0.004451439999999998
add_prior_MM8OHB.pt,28,214,214,0.004496100000000001
add_prior_EMQO64.pt,14,266,266,0.007154439999999999
add_prior_I5EVE0.pt,14,855,855,0.004548740000000001
add_prior_1PX7AP.pt,56,256,256,0.00448222
add_prior_JZJT1G.pt,112,114,114,0.004429119999999999
add_prior_P9GK8M.pt,7,64,64,0.01968988
add_prior_5OW4T0.pt,112,862,862,0.004435659999999999
add_prior_6VG7R1.pt,14,680,680,0.004595199999999999
add_prior_7KWV5Z.pt,7,539,539,0.015089599999999998
add_prior_NU6U4X.pt,28,140,140,0.00446096
add_prior_J8VZZJ.pt,28,236,236,0.00451722
add_prior_W85X50.pt,28,76,76,0.00445716
add_prior_J7N8FD.pt,7,214,214,0.015116319999999996
add_prior_9643VO.pt,28,43,43,0.018534519999999995
add_prior_4O3QIF.pt,112,85,85,0.0044389
add_prior_ZUQMVZ.pt,28,822,822,0.00443826
add_prior_C4AH4Q.pt,3,16,16,0.019416779999999998
add_prior_M8I71N.pt,28,24,24,0.019497479999999994
add_prior_GVMFSR.pt,56,984,984,0.004395119999999999
add_prior_CIVO39.pt,14,158,158,0.005853920000000002
add_prior_DSTPTF.pt,14,66,66,0.0143667
add_prior_B32J56.pt,14,165,165,0.017900679999999992
add_prior_WUPNX9.pt,1,531,531,0.023828400000000003
add_prior_TBCPW0.pt,14,1501,1501,0.004386580000000002
add_prior_C20X5N.pt,14,777,777,0.004521479999999999
add_prior_DFPG4Q.pt,28,184,184,0.00445246
add_prior_XBN5L5.pt,14,1248,1248,0.004523019999999999
add_prior_I67YT4.pt,28,5,5,0.0215953
add_prior_O92HYO.pt,28,508,508,0.00445776
add_prior_JW65X5.pt,56,147,147,0.004385579999999999
add_prior_TUQSOH.pt,7,58,58,0.01582902
add_prior_7V9I5U.pt,28,257,257,0.004447800000000001
add_prior_Z4YX06.pt,14,48,48,0.012770559999999995
add_prior_BETEMJ.pt,14,214,214,0.01227916
add_prior_QEF93V.pt,14,97,97,0.011391400000000001
add_prior_YIXP40.pt,28,562,562,0.004387879999999999
add_prior_3J35YP.pt,14,25,25,0.010807879999999997
add_prior_9RV8CM.pt,112,443,443,0.00434506
add_prior_IVYXRZ.pt,28,60,60,0.0044537
add_prior_FKTAXY.pt,7,560,560,0.008110079999999997
add_prior_6NXGGF.pt,28,136,136,0.004455360000000001
add_prior_AQTJ2O.pt,14,48,48,0.01427994
add_prior_2JJMUE.pt,7,507,507,0.008315339999999996
add_prior_VNC3Q0.pt,56,51,51,0.0045650000000000005
add_prior_SET7SE.pt,14,53,53,0.02134494
add_prior_X5JEUY.pt,28,456,456,0.00455154
add_prior_261RI7.pt,56,130,130,0.025675780000000006
add_prior_VP4KBD.pt,28,90,90,0.00458648
add_prior_R49XBJ.pt,28,1806,1806,0.004439479999999999
add_prior_7EGLTA.pt,14,387,387,0.004463020000000001
add_prior_WFEGHT.pt,28,517,517,0.00445964
add_prior_DNV4DN.pt,112,142,142,0.0044915400000000005
add_prior_TIUD7D.pt,224,194,194,0.004498560000000001
add_prior_RQFH6Y.pt,56,155,155,0.004695880000000001
add_prior_MZSEAN.pt,112,231,231,0.00457182
add_prior_Q01VRY.pt,56,15,15,0.015545420000000006
add_prior_F8UMIR.pt,56,450,450,0.0045219200000000005
add_prior_CMQNVH.pt,7,156,156,0.009951660000000003
add_prior_1C53VV.pt,14,259,259,0.00444194
add_prior_HP6KE4.pt,56,199,199,0.00455674
add_prior_33PD8I.pt,28,105,105,0.004473219999999999
add_prior_3T0JAG.pt,28,440,440,0.00445182
add_prior_M58ZTN.pt,28,814,814,0.0044539
add_prior_M5T657.pt,56,213,213,0.0045705799999999994
add_prior_82F50P.pt,14,517,517,0.00447712
add_prior_AVPZCU.pt,14,181,181,0.016721560000000007
add_prior_CRJ8K7.pt,14,756,756,0.004455920000000001
add_prior_P8T05Q.pt,56,190,190,0.00447838
add_prior_DKW6VK.pt,28,1686,1686,0.00447118
add_prior_GG29RB.pt,14,994,994,0.00445298
add_prior_W2BFL4.pt,14,194,194,0.00450036
add_prior_IF3TQ7.pt,14,827,827,0.02865016
add_prior_VUDLGB.pt,56,1787,1787,0.004431040000000001
add_prior_9ABU46.pt,7,477,477,0.012550079999999995
add_prior_47JGJ6.pt,14,989,989,0.004506080000000002
add_prior_CE9RA4.pt,7,457,457,0.013125980000000004
add_prior_AIOII6.pt,28,77,77,0.004398560000000001
add_prior_5NLJ7T.pt,112,207,207,0.00436428
add_prior_WIEHKY.pt,14,7,7,0.018986
add_prior_91YQOB.pt,28,39,39,0.013560960000000009
add_prior_AHC06J.pt,7,154,154,0.02182244
add_prior_TBBCT7.pt,7,224,224,0.007596299999999996
add_prior_SSDXX6.pt,28,939,939,0.004506259999999999
add_prior_PRV3XD.pt,28,99,99,0.004451280000000001
add_prior_R5JHA8.pt,14,1009,1009,0.004434879999999999
add_prior_JFANOB.pt,28,389,389,0.004400540000000001
add_prior_G9IFM8.pt,14,768,768,0.004490920000000001
add_prior_6SXTCR.pt,14,416,416,0.00450442
add_prior_XRBGB6.pt,7,977,977,0.004538400000000001
add_prior_36Q9FH.pt,14,979,979,0.0045181
add_prior_UPGHPC.pt,14,163,163,0.004392859999999999
add_prior_NZZC2R.pt,14,438,438,0.004607920000000001
add_prior_MY0TFZ.pt,7,1557,1557,0.004493439999999999
add_prior_RLJE02.pt,14,45,45,0.00452486
add_prior_LLXB83.pt,7,997,997,0.004429399999999999
add_prior_FZIRIF.pt,28,20,20,0.008604560000000004
add_prior_EB4WYH.pt,14,504,504,0.004476379999999999
add_prior_XLO8KE.pt,56,671,671,0.0044278600000000005
add_prior_NE9Q0B.pt,14,862,862,0.00451628
add_prior_249VFE.pt,7,201,201,0.023180239999999998
add_prior_G6IDEV.pt,7,586,586,0.011583560000000003
add_prior_WKHJ2J.pt,112,661,661,0.004549940000000001
add_prior_V0ZB3N.pt,7,467,467,0.016862180000000004
add_prior_N9N97I.pt,28,160,160,0.0045204000000000025
add_prior_8GL6WB.pt,56,134,134,0.00441444
add_prior_4UHS9Z.pt,7,308,308,0.006547519999999998
add_prior_BLKDX0.pt,112,143,143,0.004447
add_prior_HWMCK3.pt,56,258,258,0.0045505799999999985
add_prior_RIXF0X.pt,56,231,231,0.004464219999999999
add_prior_1GWICR.pt,14,2035,2035,0.004467140000000001
add_prior_RIRFLH.pt,112,429,429,0.0044779
add_prior_HE5Z0V.pt,14,140,140,0.00445672
add_prior_NYQL0N.pt,14,88,88,0.00807464
add_prior_HINIKN.pt,7,530,530,0.012565819999999997
add_prior_QQ9XTS.pt,28,148,148,0.0044689000000000005
add_prior_F0HL78.pt,28,31,31,0.022293899999999995
add_prior_Q8OQAO.pt,112,537,537,0.004427020000000001
add_prior_CTZL29.pt,56,2036,2036,0.00450242
add_prior_KWXH20.pt,14,140,140,0.00477958
add_prior_O4QQUY.pt,14,982,982,0.004537880000000001
add_prior_MPED5I.pt,28,515,515,0.00445236
add_prior_00BZ19.pt,112,799,799,0.004477180000000001
add_prior_EQEADJ.pt,56,263,263,0.0044937399999999995
add_prior_B8JC8A.pt,14,654,654,0.004474939999999999
add_prior_6G3Y39.pt,3,166,166,0.02725296000000001
add_prior_NLVA1W.pt,3,670,670,0.014845000000000004
add_prior_M6J7HD.pt,28,185,185,0.00453354
add_prior_FOYM8G.pt,56,114,114,0.0046271
add_prior_0PPZ6B.pt,56,405,405,0.004458880000000001
add_prior_G1OQUH.pt,14,104,104,0.013881019999999999
add_prior_694YZO.pt,56,1938,1938,0.004413800000000001
add_prior_PB320C.pt,56,128,128,0.00435652
add_prior_MPO6PV.pt,14,990,990,0.0044764
add_prior_95MOT5.pt,224,212,212,0.00447468
add_prior_1SGJJN.pt,14,88,88,0.017930680000000004
add_prior_OF4K9I.pt,14,73,73,0.02265482000000001
add_prior_ULN9FN.pt,14,13,13,0.017133379999999993
add_prior_I48RTU.pt,56,183,183,0.004524339999999999
add_prior_1VSYNZ.pt,224,176,176,0.0044899399999999996
add_prior_W79QVO.pt,28,979,979,0.00445764
add_prior_P8G8AD.pt,14,138,138,0.01031406
add_prior_AOJOFT.pt,112,228,228,0.0044728400000000005
add_prior_45OYQ1.pt,56,113,113,0.0044417599999999995
add_prior_JRPDD8.pt,112,192,192,0.0044375399999999985
add_prior_SGWLEZ.pt,28,38,38,0.016864320000000006
add_prior_AOIEY1.pt,14,197,197,0.008676560000000002
add_prior_OL9FJP.pt,224,127,127,0.004434819999999999
add_prior_FPGBIQ.pt,14,42,42,0.01822074
add_prior_R5C5T0.pt,112,52,52,0.0044819199999999995
add_prior_D3VVZM.pt,28,153,153,0.004477920000000001
add_prior_P5EOU1.pt,3,108,108,0.02480124
add_prior_1I1L1V.pt,28,241,241,0.00441976
add_prior_92YVJ2.pt,14,387,387,0.004450940000000001
add_prior_ZB7IJI.pt,14,182,182,0.01093212
add_prior_P0BNDU.pt,28,65,65,0.0044401399999999995
add_prior_9X8B21.pt,56,459,459,0.004451079999999999
add_prior_KSIK2U.pt,224,25,25,0.00458346
add_prior_3P5CMN.pt,7,232,232,0.0202006
add_prior_PCYL2S.pt,7,2016,2016,0.00448276
add_prior_YQHNMT.pt,112,1235,1235,0.0044456800000000005
add_prior_ZD4MTN.pt,56,500,500,0.004473039999999999
add_prior_P59Z9W.pt,14,85,85,0.01416766
add_prior_QI76Y8.pt,28,7,7,0.019848660000000004
add_prior_R5YY15.pt,28,154,154,0.0045231199999999985
add_prior_KJAGW5.pt,7,53,53,0.009997480000000001
add_prior_UKTI2D.pt,3,20,20,0.01792932
add_prior_PUQFD1.pt,56,641,641,0.004447120000000001
add_prior_GJQOU8.pt,7,122,122,0.0119126
add_prior_5EALM1.pt,56,38,38,0.004461960000000001
add_prior_ETTSX5.pt,7,204,204,0.023867679999999992
add_prior_CTHN4E.pt,112,150,150,0.00440078
add_prior_M2YVV0.pt,28,81,81,0.02792554
add_prior_YC228F.pt,14,84,84,0.013722739999999988
add_prior_F3JTOY.pt,28,780,780,0.0046526
add_prior_WDS7KG.pt,3,264,264,0.013822839999999998
add_prior_JZ5A4E.pt,28,213,213,0.004573299999999999
add_prior_A0T1WC.pt,14,51,51,0.010951919999999999
add_prior_7VZIS4.pt,7,986,986,0.004535499999999999
add_prior_PW8LDJ.pt,56,23,23,0.00447602
add_prior_FUU010.pt,14,150,150,0.020556699999999997
add_prior_0PIZN8.pt,7,90,90,0.019950739999999998
add_prior_OFXTU5.pt,28,44,44,0.010855480000000002
add_prior_6II8WL.pt,1,863,863,0.017552960000000003
add_prior_2XEF7P.pt,112,354,354,0.0044556000000000005
add_prior_WQX8RM.pt,28,71,71,0.00439934
add_prior_4ZIESD.pt,7,70,70,0.017982299999999996
add_prior_K3AHHC.pt,7,249,249,0.015909340000000004
add_prior_QV23UJ.pt,28,233,233,0.00449996
add_prior_ZN06WL.pt,7,532,532,0.006177420000000002
add_prior_13FD0C.pt,56,232,232,0.004595600000000001
add_prior_L918KV.pt,7,540,540,0.01650682
add_prior_OLBS43.pt,28,47,47,0.009580679999999998
add_prior_J7JXSE.pt,56,509,509,0.004512659999999999
add_prior_CUZM22.pt,3,50,50,0.004504740000000001
add_prior_4Q0HSL.pt,14,928,928,0.004652999999999999
add_prior_DAD9XE.pt,56,1020,1020,0.00446348
add_prior_S6LU16.pt,112,482,482,0.004993859999999999
add_prior_TNGQZE.pt,14,75,75,0.016285740000000003
add_prior_0FMLNV.pt,28,498,498,0.00438462
add_prior_O4RFP0.pt,14,205,205,0.00445604
add_prior_J2CQZU.pt,28,186,186,0.00449954
add_prior_6SI7MO.pt,14,63,63,0.02003324
add_prior_C4QVSJ.pt,7,204,204,0.01747116
add_prior_FC3UQM.pt,14,245,245,0.00618858
add_prior_9XD2EY.pt,56,2115,2115,0.004432719999999999
add_prior_K2IBI2.pt,14,205,205,0.007338800000000003
add_prior_I24NY2.pt,14,162,162,0.007872859999999999
add_prior_AHAQOB.pt,56,25,25,0.004465899999999999
add_prior_SEIJ1N.pt,14,130,130,0.006713399999999998
add_prior_O59Q1V.pt,28,42,42,0.00973416
add_prior_34OYVO.pt,14,236,236,0.007238440000000001
add_prior_3V7WGH.pt,28,35,35,0.011670460000000002
add_prior_XNSO7Y.pt,56,471,471,0.004487339999999999
add_prior_XIGYRY.pt,28,105,105,0.0044882
add_prior_A7NSZ3.pt,7,42,42,0.020034579999999996
add_prior_3IIW7V.pt,7,191,191,0.009261520000000002
add_prior_BK9VA0.pt,14,173,173,0.009104480000000003
add_prior_FEPB70.pt,14,156,156,0.008741160000000001
add_prior_HC07NT.pt,56,93,93,0.004550279999999999
add_prior_K6VMQP.pt,14,511,511,0.00445884
add_prior_L7YH2Y.pt,7,202,202,0.01298902
add_prior_KFJA9T.pt,56,17,17,0.004995960000000002
add_prior_PYWF94.pt,7,34,34,0.01709016
add_prior_FMERWT.pt,7,761,761,0.004480719999999999
add_prior_VUN7H0.pt,14,196,196,0.0044988599999999995
add_prior_EQLW1A.pt,14,1462,1462,0.004355380000000001
add_prior_4168MD.pt,56,16,16,0.00696236
add_prior_XQ8NIC.pt,14,98,98,0.016132020000000004
add_prior_5JNEUD.pt,28,155,155,0.0044966
add_prior_09SATQ.pt,28,216,216,0.00454446
add_prior_9UBD8M.pt,28,560,560,0.00442794
add_prior_NMWE8Q.pt,14,23,23,0.014124720000000002
add_prior_SB0YAH.pt,112,805,805,0.004488200000000001
add_prior_SC5PFO.pt,14,1011,1011,0.00454914
add_prior_U72C5O.pt,56,168,168,0.0044452400000000005
add_prior_7XN1G7.pt,14,72,72,0.01864456
add_prior_9RE09L.pt,56,812,812,0.0044488
add_prior_8HOSD8.pt,56,212,212,0.004477840000000001
add_prior_EVC0GG.pt,14,176,176,0.008741080000000003
add_prior_PHJOZD.pt,14,187,187,0.008821620000000002
add_prior_9SPM86.pt,14,509,509,0.004509639999999999
add_prior_1UFGTA.pt,14,203,203,0.0044827
add_prior_SPNST7.pt,112,77,77,0.004467299999999999
add_prior_WECOEW.pt,28,800,800,0.004479920000000001
add_prior_9WGAO7.pt,14,46,46,0.018213919999999995
add_prior_VLGJJ3.pt,28,519,519,0.0045403
add_prior_807D51.pt,7,514,514,0.00932422
add_prior_Y7YGSC.pt,7,974,974,0.0046269
add_prior_DLBQ5A.pt,14,153,153,0.010028920000000004
add_prior_X2OPBF.pt,14,103,103,0.013082239999999997
add_prior_ENYVDJ.pt,28,208,208,0.004486199999999998
add_prior_UTRPFM.pt,14,55,55,0.0182786
add_prior_WZT4PE.pt,1,24,24,0.026751680000000003
add_prior_IEW72X.pt,112,244,244,0.004425999999999999
add_prior_A4HV3Q.pt,14,23,23,0.021936899999999995
add_prior_WZ9QZA.pt,28,499,499,0.004411960000000001
add_prior_NVWMLA.pt,28,293,293,0.0044575000000000005
add_prior_5PQBBS.pt,14,9,9,0.014425860000000004
add_prior_4V2L8D.pt,56,151,151,0.00441936
add_prior_ODMV9M.pt,28,12,12,0.02582518
add_prior_IIUT4M.pt,7,523,523,0.012398920000000004
add_prior_IJRK16.pt,14,224,224,0.00440962
add_prior_TAWZ33.pt,14,396,396,0.0044234800000000005
add_prior_QOVA8A.pt,14,188,188,0.006045440000000002
add_prior_V7D50V.pt,14,214,214,0.00448696
add_prior_TGW1NZ.pt,14,179,179,0.010678140000000003
add_prior_F20PDN.pt,112,82,82,0.0044928400000000005
add_prior_1BDGQ4.pt,14,254,254,0.012869939999999993
add_prior_L8KLZV.pt,14,236,236,0.009537760000000001
add_prior_0YOZOQ.pt,14,507,507,0.004448700000000001
add_prior_EMK5LD.pt,7,284,284,0.011187060000000004
add_prior_LDRHD2.pt,7,170,170,0.01562368
add_prior_22OV8J.pt,56,315,315,0.00443452
add_prior_JWW798.pt,14,489,489,0.00447994
add_prior_F25XR9.pt,1,841,841,0.013240320000000002
add_prior_7ZCMDM.pt,14,285,285,0.006137900000000001
add_prior_LACBEW.pt,14,10,10,0.0118071
add_prior_1L6ON9.pt,28,92,92,0.00458548
add_prior_XLIZEA.pt,14,197,197,0.006937999999999999
add_prior_X25SJ2.pt,28,206,206,0.004482279999999998
add_prior_UPRXO2.pt,14,1014,1014,0.004630459999999999
add_prior_THGUDB.pt,28,134,134,0.004490259999999999
add_prior_7E3KAN.pt,7,1276,1276,0.0069948399999999996
add_prior_IV0C8E.pt,112,568,568,0.0044182399999999995
add_prior_RZ82YK.pt,7,1636,1636,0.0044627400000000015
add_prior_MS3IWV.pt,14,69,69,0.009670800000000002
add_prior_XYT50H.pt,28,170,170,0.004512940000000001
add_prior_F131JJ.pt,3,155,155,0.012164659999999996
add_prior_ZT3890.pt,28,37,37,0.007949680000000002
add_prior_2DFYNZ.pt,112,510,510,0.00450496
add_prior_72295V.pt,14,247,247,0.00444828
add_prior_EARWAM.pt,14,38,38,0.01283122
add_prior_3GV00Z.pt,14,106,106,0.01414042
add_prior_4MROTH.pt,7,18,18,0.004487200000000001
add_prior_KYKZJT.pt,28,440,440,0.004388640000000001
add_prior_W96TU6.pt,7,58,58,0.019099920000000003
add_prior_0CUTD1.pt,28,139,139,0.0044393
add_prior_AKNRFR.pt,56,6,6,0.008354740000000001
add_prior_7I5LW0.pt,7,110,110,0.01867077999999999
add_prior_GPGAIV.pt,56,213,213,0.0046098200000000015
add_prior_23D7B9.pt,112,196,196,0.00451328
add_prior_ZN66QB.pt,14,107,107,0.01024728
add_prior_E476JT.pt,112,31,31,0.0044315399999999994
add_prior_7DNMVA.pt,14,1442,1442,0.004395059999999999
add_prior_TQ1CZ2.pt,7,247,247,0.014927640000000004
add_prior_DJYVMK.pt,14,181,181,0.01767636
add_prior_IQH84O.pt,112,1254,1254,0.0044644
add_prior_8PLMIR.pt,28,1024,1024,0.004496019999999998
add_prior_9GG8HB.pt,56,803,803,0.00450442
add_prior_F3OA2B.pt,28,615,615,0.0044312399999999995
add_prior_TNJ1JK.pt,7,163,163,0.013209199999999999
add_prior_ZRSYVM.pt,7,109,109,0.019350680000000002
add_prior_UFOUNC.pt,1,1054,1054,0.013490479999999997
add_prior_8W0X0B.pt,7,205,205,0.007379140000000001
add_prior_VVTDTR.pt,112,124,124,0.004503859999999999
add_prior_WFBX3J.pt,14,1021,1021,0.004472060000000001
add_prior_KW62QM.pt,14,212,212,0.011780259999999997
add_prior_OWSJU1.pt,28,213,213,0.0044655400000000005
add_prior_3RHCH9.pt,28,526,526,0.004455960000000001
add_prior_8UNYDV.pt,14,76,76,0.013226579999999996
add_prior_DI35TQ.pt,28,84,84,0.004459680000000001
add_prior_PXSVLX.pt,112,119,119,0.004940319999999998
add_prior_F2YKWQ.pt,28,463,463,0.00442118
add_prior_FQNEOL.pt,7,192,192,0.01537786
add_prior_9XUGAH.pt,28,44,44,0.0044791200000000005
add_prior_B2189I.pt,14,935,935,0.004593240000000001
add_prior_JZGK3M.pt,14,233,233,0.014414459999999988
add_prior_PFCUNX.pt,112,500,500,0.004509559999999999
add_prior_7W2GI9.pt,14,35,35,0.018361020000000006
add_prior_S3HMQA.pt,14,170,170,0.015538799999999997
add_prior_TVQ8XM.pt,112,201,201,0.004369159999999998
add_prior_E5EQON.pt,3,42,42,0.01619588
add_prior_CY5GZ4.pt,28,538,538,0.00443478
add_prior_PQQBXY.pt,56,302,302,0.00446264
add_prior_HZY44V.pt,28,190,190,0.004542699999999999
add_prior_6M0IGQ.pt,56,970,970,0.0044628
add_prior_THUBQM.pt,14,531,531,0.004495280000000001
add_prior_DJ30V5.pt,7,518,518,0.01941178
add_prior_EVN0GG.pt,28,536,536,0.00436366
add_prior_EFTUSO.pt,7,506,506,0.016916080000000003
add_prior_QVFNSG.pt,14,229,229,0.005209759999999999
add_prior_QA13UG.pt,28,216,216,0.004521079999999999
add_prior_LTU4FV.pt,14,118,118,0.01092788
add_prior_1C8BBO.pt,56,516,516,0.0045694
add_prior_7GX6WW.pt,14,7,7,0.012909000000000006
add_prior_1MPQAN.pt,28,412,412,0.004425300000000002
add_prior_GI0MQM.pt,28,695,695,0.004553240000000001
add_prior_QTTCR9.pt,28,30,30,0.02091814
add_prior_SWT41R.pt,112,259,259,0.004438580000000001
add_prior_923T8D.pt,14,53,53,0.01339344
add_prior_00BJRR.pt,28,122,122,0.00449834
add_prior_T0NFLR.pt,56,427,427,0.004474
add_prior_Y9SA1W.pt,14,156,156,0.00623632
add_prior_VOGNIC.pt,14,31,31,0.009129720000000001
add_prior_9NCI1P.pt,224,45,45,0.00445858
add_prior_0U8TT0.pt,7,1004,1004,0.005873739999999999
add_prior_VSF97T.pt,7,132,132,0.014653179999999995
add_prior_S9BW7L.pt,56,439,439,0.004461659999999999
add_prior_CVR8VV.pt,28,69,69,0.0043663600000000006
add_prior_7FIKV4.pt,14,107,107,0.008069620000000001
add_prior_7GYDC3.pt,28,199,199,0.004530999999999999
add_prior_TB157I.pt,7,510,510,0.013509940000000003
add_prior_TJAQ40.pt,14,239,239,0.00451194
add_prior_TVARKM.pt,56,33,33,0.004506939999999999
add_prior_RXXXN7.pt,112,178,178,0.00453328
add_prior_CY91TD.pt,14,123,123,0.015123240000000003
add_prior_AMJ1SM.pt,7,262,262,0.008370040000000002
add_prior_09TCKX.pt,14,154,154,0.009894459999999999
add_prior_YD3790.pt,14,116,116,0.01509598
add_prior_VFDA9W.pt,56,257,257,0.00449384
add_prior_A6FN1Z.pt,112,474,474,0.004441259999999999
add_prior_0LCON6.pt,14,36,36,0.011645580000000004
add_prior_88GJCR.pt,28,98,98,0.004454619999999999
add_prior_ALQYWC.pt,7,1084,1084,0.0046145000000000005
add_prior_FI8FZU.pt,14,209,209,0.004632700000000001
add_prior_JL5XZ6.pt,112,436,436,0.004474020000000001
add_prior_XZIE7X.pt,28,1679,1679,0.004478779999999999
add_prior_P0RHY7.pt,14,525,525,0.0044797199999999995
add_prior_QS42PL.pt,28,501,501,0.004517459999999998
add_prior_P8RTNJ.pt,56,139,139,0.004402059999999999
add_prior_MR9TVX.pt,56,838,838,0.004488920000000001
add_prior_52MYKT.pt,3,259,259,0.018368079999999995
add_prior_HC5SJS.pt,14,441,441,0.004535019999999998
add_prior_4BILHL.pt,14,410,410,0.005906720000000001
add_prior_YPTFQF.pt,28,963,963,0.004435000000000001
add_prior_8LXVMM.pt,7,206,206,0.00878946
add_prior_YA04LG.pt,28,202,202,0.00451782
add_prior_UVA6WM.pt,28,62,62,0.012729639999999997
add_prior_WUBQCP.pt,56,125,125,0.00437256
add_prior_BMNZMC.pt,112,172,172,0.004508900000000001
add_prior_OO4BZN.pt,56,203,203,0.004449520000000001
add_prior_WIURWW.pt,28,415,415,0.00445936
add_prior_HT3YPG.pt,112,136,136,0.00462128
add_prior_JAMWDW.pt,56,64,64,0.00464084
add_prior_25L839.pt,56,18,18,0.0045470599999999995
add_prior_ZR2YHP.pt,56,42,42,0.004577740000000001
add_prior_BPCYJR.pt,28,141,141,0.0045454399999999996
add_prior_4P3KXI.pt,112,188,188,0.00457032
add_prior_OK34VL.pt,56,506,506,0.00449218
add_prior_LZ2MAX.pt,56,519,519,0.004481480000000001
add_prior_2KZQKU.pt,224,29,29,0.00449816
add_prior_368HZG.pt,112,57,57,0.00465296
add_prior_TM6KW7.pt,28,61,61,0.00704098
add_prior_55S00O.pt,56,48,48,0.004551139999999999
add_prior_SLYWT1.pt,14,249,249,0.004435920000000001
add_prior_MAMYRE.pt,7,179,179,0.012207120000000005
add_prior_6PPJT1.pt,56,140,140,0.00441872
add_prior_449D3Q.pt,224,978,978,0.00444788
add_prior_QJLAJR.pt,14,244,244,0.00808926
add_prior_RA9Q09.pt,7,111,111,0.024451579999999994
add_prior_T2RGMM.pt,14,510,510,0.0044717
add_prior_VD5HTB.pt,56,489,489,0.004443720000000001
add_prior_DLAKB6.pt,7,131,131,0.006333359999999999
add_prior_CUDJVL.pt,14,494,494,0.00449478
add_prior_P8AYTB.pt,14,997,997,0.004620759999999999
add_prior_XSVIOC.pt,224,999,999,0.004485319999999998
add_prior_JDKQCR.pt,112,219,219,0.004331119999999999
add_prior_685KY1.pt,14,127,127,0.01261822
add_prior_ZJJJ9H.pt,56,417,417,0.0044899399999999996
add_prior_ZW98TK.pt,14,525,525,0.00442342
add_prior_IGAA3D.pt,112,522,522,0.004466900000000001
add_prior_6VVK2B.pt,28,186,186,0.00457464
add_prior_NBHVW1.pt,56,44,44,0.00452714
add_prior_18WT5A.pt,14,484,484,0.004459759999999998
add_prior_1N3YPU.pt,14,116,116,0.009434399999999999
add_prior_AE4TBT.pt,14,962,962,0.004532400000000001
add_prior_CW29GV.pt,14,2144,2144,0.00448604
add_prior_WHQRPA.pt,112,215,215,0.00445528
add_prior_ZSX7AG.pt,14,148,148,0.013943599999999993
add_prior_JN5Y6Z.pt,14,48,48,0.014763539999999997
add_prior_MVM7FF.pt,14,85,85,0.008014039999999998
add_prior_0LLHWO.pt,28,150,150,0.004476380000000001
add_prior_C79V2Q.pt,56,125,125,0.00446196
add_prior_H3AITT.pt,112,504,504,0.0044590800000000015
add_prior_G8I6RZ.pt,112,391,391,0.00440686
add_prior_CB0D2R.pt,28,245,245,0.0045660399999999995
add_prior_K0WM1G.pt,28,1058,1058,0.004554959999999999
add_prior_9CDSAG.pt,28,69,69,0.00448016
add_prior_SJJ2KI.pt,14,4,4,0.02014932
add_prior_4SM5J3.pt,7,938,938,0.01067266
add_prior_7Q5V67.pt,14,249,249,0.007452339999999999
add_prior_SRALX5.pt,14,524,524,0.00461376
add_prior_TFP9O5.pt,7,516,516,0.02240741999999999
add_prior_4LLN4Q.pt,14,523,523,0.004441
add_prior_E5TQ84.pt,112,119,119,0.0044696399999999996
add_prior_U427WW.pt,14,9,9,0.01798706
add_prior_DO5TIR.pt,14,226,226,0.005991559999999999
add_prior_8AMQ3G.pt,28,537,537,0.00450438
add_prior_YUICQN.pt,14,14,14,0.014871299999999999
add_prior_R8L8RH.pt,56,116,116,0.0044170999999999985
add_prior_UL6D4W.pt,7,506,506,0.01465454
add_prior_S79J5K.pt,28,95,95,0.00449276
add_prior_WQHGYF.pt,28,180,180,0.004552960000000001
add_prior_Q7U08H.pt,28,243,243,0.004509580000000002
add_prior_SDFEUU.pt,56,765,765,0.0044456999999999995
add_prior_9O1FHH.pt,28,86,86,0.0045517
add_prior_LO0UA7.pt,56,189,189,0.004522559999999999
add_prior_HMDILS.pt,7,401,401,0.015644579999999998
add_prior_HEJGIM.pt,7,17,17,0.01913964
add_prior_CTRVRA.pt,14,10,10,0.024890499999999996
add_prior_TDBNP0.pt,56,41,41,0.0044874599999999995
add_prior_2X2DUW.pt,7,790,790,0.011138860000000004
add_prior_3JIENT.pt,56,541,541,0.004467800000000001
add_prior_KKO7IN.pt,56,254,254,0.004584800000000001
add_prior_7MECPG.pt,7,861,861,0.004479599999999999
add_prior_PYW4RL.pt,7,406,406,0.013064079999999999
add_prior_6KATDP.pt,28,6,6,0.01864398
add_prior_EG63XG.pt,14,9,9,0.018904120000000003
add_prior_CA6K45.pt,28,250,250,0.004536060000000001
add_prior_LNFQN5.pt,14,151,151,0.01503376
add_prior_YMZHXV.pt,7,400,400,0.009839519999999997
add_prior_X2PK00.pt,14,492,492,0.00449932
add_prior_DDR4Z8.pt,14,407,407,0.006987980000000001
add_prior_SLYF0A.pt,56,249,249,0.004527420000000001
add_prior_B8QESB.pt,56,391,391,0.00454198
add_prior_D1XLC1.pt,14,167,167,0.00454812
add_prior_2NE3EP.pt,28,272,272,0.004609000000000001
add_prior_AMZM1S.pt,14,217,217,0.004457619999999999
add_prior_OFS0KK.pt,112,176,176,0.004437399999999999
add_prior_E4FGCH.pt,28,65,65,0.010744220000000002
add_prior_XOUWGX.pt,28,100,100,0.0045080599999999995
add_prior_Z81U4C.pt,112,189,189,0.004474280000000001
add_prior_OJFAUO.pt,112,495,495,0.004434560000000001
add_prior_VSPM7O.pt,14,481,481,0.00447428
add_prior_JWH5GD.pt,7,193,193,0.007566200000000002
add_prior_0M8A46.pt,56,503,503,0.00453028
add_prior_IL9OML.pt,14,149,149,0.021205140000000004
add_prior_8FLXN7.pt,56,113,113,0.00453598
add_prior_OABTUB.pt,28,236,236,0.004565499999999999
add_prior_N6BOHY.pt,28,346,346,0.004465339999999999
add_prior_IDHORN.pt,14,688,688,0.004590960000000001
add_prior_155T69.pt,14,76,76,0.015499599999999997
add_prior_DPFPO7.pt,7,1179,1179,0.006183619999999998
add_prior_OZ6U4F.pt,112,118,118,0.00454546
add_prior_DYOULU.pt,28,107,107,0.0044337
add_prior_6UAUE1.pt,56,232,232,0.004486359999999998
add_prior_MDFSUY.pt,14,144,144,0.017668240000000005
add_prior_NB929E.pt,56,499,499,0.00443814
add_prior_OWI1HJ.pt,7,247,247,0.006186280000000001
add_prior_U5LGUC.pt,7,42,42,0.018019619999999997
add_prior_TCJBP0.pt,56,14,14,0.00665472
add_prior_S7E7ZL.pt,7,191,191,0.01762042
add_prior_UO6N48.pt,14,3,3,0.019102280000000003
add_prior_6UHI32.pt,28,221,221,0.004540279999999999
add_prior_EFTEQ4.pt,28,114,114,0.00445416
add_prior_MND4I5.pt,14,160,160,0.006554500000000001
add_prior_EZ61UZ.pt,112,128,128,0.004470859999999999
add_prior_UNIICT.pt,56,128,128,0.004395420000000001
add_prior_6AVKTE.pt,3,259,259,0.007529359999999997
add_prior_XJZX4P.pt,28,26,26,0.018619220000000013
add_prior_LD1DHP.pt,28,95,95,0.00443956
add_prior_CPY64Z.pt,112,233,233,0.0045242
add_prior_ABERXH.pt,14,220,220,0.0044775
add_prior_PQHYUB.pt,28,107,107,0.00445756
add_prior_45VY18.pt,28,157,157,0.00450922
add_prior_CL2J1P.pt,56,203,203,0.004616940000000001
add_prior_HGHEX6.pt,28,101,101,0.0044583
add_prior_W8QEV4.pt,14,149,149,0.00450422
add_prior_BDZCEU.pt,28,136,136,0.0044323999999999995
add_prior_8Y3MZT.pt,56,91,91,0.004413800000000002
add_prior_F72ELO.pt,14,152,152,0.014310499999999999
add_prior_9NTZ9N.pt,14,217,217,0.009506700000000002
add_prior_FOTRRC.pt,112,1146,1146,0.0044661200000000005
add_prior_FBAU3W.pt,28,2014,2014,0.00443692
add_prior_AKN0HK.pt,28,117,117,0.00445564
add_prior_7AC5RM.pt,14,459,459,0.004490440000000001
add_prior_PNMQ02.pt,14,254,254,0.004460839999999999
add_prior_2Q46I4.pt,7,268,268,0.013341440000000006
add_prior_YLT5VL.pt,56,1013,1013,0.00444814
add_prior_YJEC12.pt,112,28,28,0.00439346
add_prior_I21DUP.pt,14,385,385,0.004609299999999999
add_prior_JXCZ40.pt,14,175,175,0.004460820000000001
add_prior_UZYY5U.pt,7,470,470,0.010266599999999999
add_prior_7LSETV.pt,14,101,101,0.010441759999999998
add_prior_N6C3MC.pt,28,511,511,0.00447964
add_prior_F1HX41.pt,14,51,51,0.00602948
add_prior_ZCHIHH.pt,56,514,514,0.004495640000000001
add_prior_XKEI1Z.pt,14,389,389,0.0044782599999999995
add_prior_QHBE5R.pt,7,577,577,0.004440200000000001
add_prior_NZJSMG.pt,14,146,146,0.00988186
add_prior_7Y49K3.pt,28,156,156,0.004503039999999999
add_prior_116STR.pt,14,261,261,0.0044408
add_prior_MA864G.pt,28,126,126,0.00450874
add_prior_21PS6V.pt,14,392,392,0.004418040000000001
add_prior_NW3MQW.pt,7,84,84,0.02332306
add_prior_OU6WUF.pt,112,232,232,0.00446492
add_prior_DS7T1H.pt,56,828,828,0.004386879999999999
add_prior_HKW8PM.pt,14,1200,1200,0.004500659999999998
add_prior_ZMSRKK.pt,28,1002,1002,0.00452662
add_prior_H7HG9P.pt,28,137,137,0.004430719999999999
add_prior_OKEELU.pt,112,152,152,0.00441796
add_prior_PQG6RR.pt,7,780,780,0.00446738
add_prior_0ZGO02.pt,14,188,188,0.006254539999999999
add_prior_R87BH1.pt,28,176,176,0.00453666
add_prior_ADZS2G.pt,112,540,540,0.0044651000000000005
add_prior_YYCQ13.pt,56,805,805,0.0044962399999999994
add_prior_EW5CDM.pt,3,951,951,0.0139193
add_prior_30MYXT.pt,28,52,52,0.0045424800000000015
add_prior_4GLCSC.pt,7,203,203,0.017241979999999997
add_prior_4YL4O3.pt,56,210,210,0.00448788
add_prior_C75Z7M.pt,14,155,155,0.004471759999999999
add_prior_Z6SGFY.pt,7,66,66,0.013624639999999999
add_prior_12XJ74.pt,28,958,958,0.004460020000000001
add_prior_UZ8IES.pt,14,11,11,0.01677986
add_prior_2TDUD5.pt,28,673,673,0.0044646799999999995
add_prior_BXJWZ7.pt,14,118,118,0.018311019999999997
add_prior_EQ9QHZ.pt,7,58,58,0.017465820000000003
add_prior_2V0WJ4.pt,28,196,196,0.00449292
add_prior_RJFRRG.pt,14,37,37,0.009261139999999996
add_prior_NR5IRM.pt,7,931,931,0.014404199999999999
add_prior_DBC60A.pt,224,126,126,0.004476280000000002
add_prior_D92E9N.pt,28,115,115,0.004470079999999999
add_prior_C38Y28.pt,14,239,239,0.012102939999999998
add_prior_OHMFD3.pt,56,52,52,0.0045974599999999985
add_prior_2PQW0T.pt,112,133,133,0.004424179999999999
add_prior_KTTGE0.pt,7,29,29,0.028518619999999998
add_prior_AEANVG.pt,112,77,77,0.004474480000000001
add_prior_YKS6A6.pt,14,208,208,0.01742938
add_prior_MG7T1D.pt,56,87,87,0.0044845200000000005
add_prior_8H39A9.pt,28,801,801,0.0044950400000000005
add_prior_CPZ3N7.pt,112,87,87,0.00450634
add_prior_CF4B0U.pt,28,125,125,0.0044807399999999995
add_prior_BU8BHV.pt,14,181,181,0.018597620000000002
add_prior_YLD4YJ.pt,14,154,154,0.0088258
add_prior_Q534WY.pt,28,1049,1049,0.00451508
add_prior_4YC25A.pt,14,981,981,0.00448848
add_prior_RKLLTB.pt,14,239,239,0.004357059999999999
add_prior_UGMY61.pt,28,279,279,0.004501680000000001
add_prior_K7Z9OY.pt,56,225,225,0.0044645200000000005
add_prior_F8LDBQ.pt,28,237,237,0.004587600000000001
add_prior_08R2RP.pt,112,857,857,0.004471779999999999
add_prior_FOSWPU.pt,1,562,562,0.022777420000000003
add_prior_SBB369.pt,7,153,153,0.018868839999999994
add_prior_WSU2T1.pt,14,660,660,0.004469000000000001
add_prior_DP7CBB.pt,112,68,68,0.004484200000000001
add_prior_VL19UR.pt,112,257,257,0.00450938
add_prior_QT4DFI.pt,56,235,235,0.004561819999999999
add_prior_QQVRZW.pt,28,39,39,0.011902340000000003
add_prior_Z8UL1W.pt,14,143,143,0.006257059999999998
add_prior_NY11C4.pt,56,120,120,0.004446299999999999
add_prior_4HEZ47.pt,112,231,231,0.0044637
add_prior_NEKJR7.pt,56,62,62,0.00456752
add_prior_I0RDBN.pt,28,268,268,0.00452266
add_prior_WCYZ19.pt,14,770,770,0.004559060000000001
add_prior_9Y2M5F.pt,14,30,30,0.02040176
add_prior_BMYIK2.pt,112,503,503,0.00462734
add_prior_8UYEKK.pt,112,212,212,0.004498699999999999
add_prior_OZCFGW.pt,56,969,969,0.004490739999999998
add_prior_9IKFXL.pt,28,238,238,0.00455454
add_prior_OCMXRC.pt,112,205,205,0.00431924
add_prior_CKA6YH.pt,56,261,261,0.00450414
add_prior_YQ1I4B.pt,7,78,78,0.027919659999999995
add_prior_V9WIOL.pt,28,257,257,0.0045563
add_prior_X6WPGM.pt,112,2120,2120,0.00448492
add_prior_2E8XH4.pt,7,981,981,0.00448836
add_prior_BI5Z2K.pt,28,408,408,0.004439399999999999
add_prior_1LGD66.pt,14,29,29,0.019336380000000007
add_prior_7U2TAE.pt,14,221,221,0.00446796
add_prior_43RKIE.pt,14,235,235,0.004451500000000001
add_prior_FAR7ZP.pt,112,133,133,0.00441782
add_prior_1LKZZI.pt,7,1753,1753,0.0044927399999999985
add_prior_1X9SEW.pt,14,165,165,0.010749999999999992
add_prior_MPP6U5.pt,28,184,184,0.004587600000000001
add_prior_K6DISB.pt,14,160,160,0.005576499999999999
add_prior_MV6T80.pt,14,513,513,0.0045077200000000015
add_prior_RS09MM.pt,7,977,977,0.006867400000000001
add_prior_1ERA46.pt,28,124,124,0.00456516
add_prior_KYHL83.pt,14,126,126,0.022374
add_prior_BMAKIP.pt,14,582,582,0.004451399999999999
add_prior_SPHNR0.pt,28,236,236,0.0045527799999999985
add_prior_OW3C4N.pt,28,5,5,0.023307220000000003
add_prior_FIM034.pt,7,51,51,0.014908500000000007
add_prior_5B01LQ.pt,28,1928,1928,0.004500479999999998
add_prior_GW8NGM.pt,14,9,9,0.023316840000000005
add_prior_S6GVXN.pt,14,24,24,0.020225519999999997
add_prior_AQHJE2.pt,14,1149,1149,0.004462540000000002
add_prior_VZSB0L.pt,14,191,191,0.010276060000000005
add_prior_T6KV64.pt,7,104,104,0.011788980000000006
add_prior_4E57WI.pt,14,1789,1789,0.00442
add_prior_KN3O5H.pt,7,11,11,0.0141811
add_prior_BCJRQK.pt,7,188,188,0.018286459999999994
add_prior_3K8RE5.pt,28,54,54,0.008229899999999998
add_prior_VPV8PK.pt,7,170,170,0.01445522
add_prior_KV7Z25.pt,14,203,203,0.00443928
add_prior_WG6T10.pt,14,123,123,0.01850406
add_prior_ANZ3OP.pt,56,174,174,0.004553780000000001
add_prior_HJROQ6.pt,28,128,128,0.00443672
add_prior_AEC5IV.pt,7,654,654,0.020348519999999995
add_prior_Z5NGTB.pt,1,210,210,0.028793079999999992
add_prior_8N9JJP.pt,14,114,114,0.015494039999999995
add_prior_PPLF7K.pt,14,222,222,0.009693859999999995
add_prior_VUTGIJ.pt,14,229,229,0.00447816
add_prior_E1ONLD.pt,1,1026,1026,0.014607640000000007
add_prior_93CF41.pt,224,208,208,0.00437234
add_prior_JTR6O5.pt,112,1138,1138,0.004466920000000001
add_prior_UB0S4P.pt,56,82,82,0.005197599999999999
add_prior_8WNKEE.pt,56,41,41,0.00444678
add_prior_6CWAKQ.pt,28,5,5,0.018952840000000002
add_prior_MWE7S3.pt,28,983,983,0.00450708
add_prior_3STNZ6.pt,14,220,220,0.005981799999999996
add_prior_FR17R1.pt,1,180,180,0.017392620000000004
add_prior_Q3E379.pt,14,489,489,0.004450739999999998
add_prior_OS5QZV.pt,14,117,117,0.010231739999999998
add_prior_8SV1JD.pt,56,172,172,0.004503179999999999
add_prior_FHX7G5.pt,28,848,848,0.00455914
add_prior_D3MOVD.pt,7,35,35,0.016841580000000005
add_prior_8MSZOW.pt,14,14,14,0.01762072
add_prior_SZPEGQ.pt,28,269,269,0.004440599999999999
add_prior_QWZ38U.pt,28,167,167,0.004469360000000001
add_prior_37RC50.pt,7,977,977,0.004456120000000001
add_prior_GASPB1.pt,7,896,896,0.004547360000000001
add_prior_QVE38E.pt,28,134,134,0.004460199999999999
add_prior_6U9PDS.pt,112,48,48,0.004505019999999999
add_prior_QYUVL7.pt,14,237,237,0.01045818
add_prior_U16DEU.pt,14,261,261,0.004464039999999999
add_prior_XHQY9R.pt,7,453,453,0.010152080000000006
add_prior_1JW3UU.pt,56,109,109,0.004448820000000002
add_prior_GKIERG.pt,14,178,178,0.0045924
add_prior_WOWWLS.pt,14,451,451,0.00449936
add_prior_Q8QWKG.pt,56,529,529,0.0045363999999999995
add_prior_A80Y2F.pt,56,124,124,0.004485260000000001
add_prior_LEHWPA.pt,14,203,203,0.004450020000000001
add_prior_DP3YXD.pt,14,256,256,0.00469382
add_prior_4VJSSN.pt,56,245,245,0.004560599999999999
add_prior_NH1AKI.pt,14,272,272,0.004425580000000001
add_prior_9B0T1N.pt,112,537,537,0.004447520000000002
add_prior_I81NG3.pt,112,524,524,0.004506439999999999
add_prior_2H800M.pt,56,193,193,0.00445816
add_prior_0MECSU.pt,14,6,6,0.006327119999999999
add_prior_X9O7D6.pt,112,1139,1139,0.004469940000000001
add_prior_WR38U5.pt,14,28,28,0.011658599999999996
add_prior_6LWTB5.pt,56,175,175,0.0045228
add_prior_W5Z7QP.pt,28,500,500,0.004371539999999998
add_prior_2ABTRD.pt,56,237,237,0.004507899999999999
add_prior_LU9Q87.pt,7,108,108,0.02441060000000001
add_prior_NR2JKK.pt,14,216,216,0.010810180000000008
add_prior_KHTLGM.pt,1,155,155,0.01700596
add_prior_C8DP7X.pt,28,156,156,0.004470439999999999
add_prior_DRN1DE.pt,56,492,492,0.004451920000000001
add_prior_RZU2NN.pt,14,659,659,0.004490340000000001
add_prior_QRBLTP.pt,56,593,593,0.00442538
add_prior_UTB977.pt,112,1260,1260,0.004551060000000001
add_prior_36790M.pt,56,204,204,0.004554460000000002
add_prior_2P25IK.pt,7,54,54,0.02152232
add_prior_DLS1OQ.pt,112,116,116,0.00441656
add_prior_7OTU94.pt,224,534,534,0.004460380000000002
add_prior_5Z1QFQ.pt,14,147,147,0.005846980000000002
add_prior_EU6C64.pt,7,393,393,0.008830900000000003
add_prior_2ATXTV.pt,28,165,165,0.004630339999999999
add_prior_4JSZIU.pt,7,212,212,0.011701860000000001
add_prior_XMLMSH.pt,14,254,254,0.005248320000000001
add_prior_DJTS0H.pt,28,796,796,0.004570200000000001
add_prior_2V4H1W.pt,14,941,941,0.004603479999999999
add_prior_PB3FF6.pt,14,183,183,0.008813480000000002
add_prior_KJ150V.pt,56,266,266,0.004446919999999999
add_prior_UMGR3D.pt,14,168,168,0.0201777
add_prior_V57VTF.pt,28,66,66,0.005196880000000003
add_prior_5W4JJG.pt,56,107,107,0.00447474
add_prior_J6NKV7.pt,28,192,192,0.004479659999999999
add_prior_STQQE7.pt,56,530,530,0.004413320000000001
add_prior_6WKWLZ.pt,7,469,469,0.0121832
add_prior_FXGBSD.pt,7,206,206,0.0140889
add_prior_THO4LU.pt,56,201,201,0.00455602
add_prior_KIZ1GB.pt,28,27,27,0.004964460000000001
add_prior_FN48L4.pt,28,157,157,0.0045959
add_prior_PNJLIE.pt,112,490,490,0.00448352
add_prior_U06Z78.pt,7,225,225,0.00660952
add_prior_ULQMHG.pt,7,1019,1019,0.004476479999999999
add_prior_SL93DA.pt,56,233,233,0.00451236
add_prior_87MMYY.pt,56,318,318,0.00448714
add_prior_GUCF28.pt,56,2029,2029,0.00449312
add_prior_XA6LRY.pt,7,1003,1003,0.00667758
add_prior_4RAJG0.pt,28,518,518,0.004410980000000001
add_prior_YY6D9F.pt,112,258,258,0.004529240000000001
add_prior_J2W08O.pt,7,7,7,0.028303380000000006
add_prior_TESG7W.pt,28,137,137,0.004457219999999999
add_prior_CSQHE8.pt,112,43,43,0.004497119999999999
add_prior_LF509T.pt,7,490,490,0.018190979999999995
add_prior_JB7ZOK.pt,28,25,25,0.008683640000000001
add_prior_14FU0E.pt,28,224,224,0.004634880000000001
add_prior_KN7OP9.pt,224,255,255,0.00445584
add_prior_PTBI2E.pt,28,33,33,0.004496120000000001
add_prior_PZBG6Y.pt,56,607,607,0.0044414599999999995
add_prior_459KWV.pt,28,1172,1172,0.004445779999999999
add_prior_Y2J530.pt,56,49,49,0.004529339999999999
add_prior_X1I81P.pt,56,157,157,0.0044106000000000015
add_prior_4ETXQU.pt,112,503,503,0.00462276
add_prior_DHEWEK.pt,28,1071,1071,0.004531200000000001
add_prior_E3CG6P.pt,112,139,139,0.004471439999999998
add_prior_0T0FI7.pt,56,53,53,0.0045725600000000016
add_prior_2UIW2N.pt,7,322,322,0.022246919999999993
add_prior_R2P56O.pt,28,266,266,0.00443402
add_prior_EMGSAL.pt,28,522,522,0.004420559999999999
add_prior_1B8DHG.pt,28,115,115,0.0044347
add_prior_W987F2.pt,56,452,452,0.004479340000000002
add_prior_1CI0FL.pt,224,271,271,0.0043831600000000005
add_prior_C3KOTY.pt,14,257,257,0.00443988
add_prior_VNJAYW.pt,112,171,171,0.00442202
add_prior_84BOJH.pt,7,155,155,0.013219240000000005
add_prior_Z75YN9.pt,7,500,500,0.014793179999999996
add_prior_WQXO6Z.pt,14,76,76,0.011632420000000003
add_prior_RPZTVE.pt,14,118,118,0.022807519999999998
add_prior_H7BM6M.pt,14,212,212,0.00447128
add_prior_5XJCAN.pt,1,152,152,0.02145715999999999
add_prior_7OK9KD.pt,14,434,434,0.004422640000000002
add_prior_H3BNDN.pt,56,162,162,0.00455832
add_prior_MGOQ5L.pt,28,57,57,0.010516639999999997
add_prior_6V7BYL.pt,7,239,239,0.01689326
add_prior_5SR73T.pt,14,970,970,0.004502320000000001
add_prior_DNNK7F.pt,112,103,103,0.00445662
add_prior_ZME543.pt,112,96,96,0.004471080000000001
add_prior_QFQIGZ.pt,112,170,170,0.0044814
add_prior_7Q56UI.pt,28,934,934,0.0048187
add_prior_HNC5OO.pt,7,62,62,0.012510539999999999
add_prior_FOXUB1.pt,7,66,66,0.022477660000000007
add_prior_68D75U.pt,7,173,173,0.017524320000000003
add_prior_1WACW8.pt,56,77,77,0.0045819599999999995
add_prior_YUFT6L.pt,28,980,980,0.004545979999999999
add_prior_PQ8N8I.pt,14,202,202,0.007443840000000002
add_prior_K5GS5X.pt,56,264,264,0.004499939999999999
add_prior_IV9JGT.pt,14,157,157,0.0051192999999999985
add_prior_04ZMEL.pt,28,491,491,0.00451466
add_prior_B7Y1M3.pt,14,206,206,0.009990599999999999
add_prior_KVBLFY.pt,7,111,111,0.018139680000000002
add_prior_8RRLKM.pt,56,264,264,0.00445366
add_prior_AS24H0.pt,28,513,513,0.004433439999999999
add_prior_GSYS19.pt,7,196,196,0.011042579999999995
add_prior_D37AS3.pt,14,52,52,0.008605619999999998
add_prior_R3NK94.pt,7,34,34,0.01537326
add_prior_AQQE58.pt,14,515,515,0.004500760000000001
add_prior_GN6GP6.pt,28,196,196,0.00461846
add_prior_A0AXNS.pt,56,167,167,0.004490460000000001
add_prior_P9T33K.pt,14,502,502,0.004541039999999999
add_prior_97USJY.pt,56,538,538,0.0044305
add_prior_QDXCJ2.pt,28,1261,1261,0.0044440600000000005
add_prior_X0X25T.pt,112,33,33,0.00443452
add_prior_DEN42Q.pt,14,1936,1936,0.004414820000000001
add_prior_MJDQB1.pt,28,492,492,0.0044299199999999995
add_prior_P1SEZQ.pt,14,144,144,0.005497840000000001
add_prior_Y6EV5U.pt,112,1049,1049,0.004495740000000001
add_prior_85L2AM.pt,28,7,7,0.021148879999999995
add_prior_981ITN.pt,28,170,170,0.00453882
add_prior_HOYT70.pt,14,66,66,0.004739360000000001
add_prior_2JKFEC.pt,14,100,100,0.0139036
add_prior_QF960N.pt,7,1143,1143,0.00450244
add_prior_UQHDIR.pt,7,54,54,0.016874979999999998
add_prior_KQRXR2.pt,7,144,144,0.01877606
add_prior_QFBKR8.pt,14,41,41,0.020397540000000002
add_prior_GWVWG3.pt,7,235,235,0.01812432
add_prior_O3KM63.pt,112,14,14,0.00446768
add_prior_AIHM1Z.pt,28,518,518,0.00437918
add_prior_8IPD5J.pt,14,55,55,0.013140100000000002
add_prior_44C5S7.pt,28,1002,1002,0.00446144
add_prior_6UFI00.pt,28,382,382,0.00440248
add_prior_5XN4FV.pt,28,693,693,0.00446868
add_prior_U8Y6OW.pt,7,29,29,0.026449739999999996
add_prior_CEAQPD.pt,56,1025,1025,0.0045201799999999995
add_prior_Q6C2VZ.pt,56,127,127,0.00437914
add_prior_MF16WF.pt,14,267,267,0.004464159999999998
add_prior_PITFXL.pt,224,28,28,0.0044472999999999995
add_prior_I9X919.pt,28,183,183,0.0045368000000000006
add_prior_XV9QKR.pt,112,950,950,0.004541979999999999
add_prior_WZ4TMM.pt,14,177,177,0.0045655
add_prior_RJT8LX.pt,28,108,108,0.004480580000000001
add_prior_HBYLV4.pt,224,186,186,0.00440564
add_prior_DZH6AB.pt,14,497,497,0.004528119999999999
add_prior_4F64EI.pt,112,110,110,0.00448962
add_prior_YREMDO.pt,56,18,18,0.006708500000000003
add_prior_O5FBLJ.pt,28,95,95,0.004509960000000002
add_prior_4OJ1T9.pt,14,171,171,0.006261699999999998
add_prior_GOAN78.pt,14,205,205,0.00989478
add_prior_6J0VS1.pt,28,259,259,0.004502880000000001
add_prior_R15WPG.pt,28,184,184,0.004512240000000001
add_prior_5083YS.pt,56,227,227,0.004603039999999999
add_prior_HTLYLT.pt,14,96,96,0.010237060000000003
add_prior_BC6WNF.pt,14,59,59,0.02751083999999999
add_prior_7FQE73.pt,7,1617,1617,0.004420100000000001
add_prior_SC4WYC.pt,224,201,201,0.0044433400000000005
add_prior_DHPA16.pt,224,176,176,0.00460202
add_prior_OQG05C.pt,28,679,679,0.00452188
add_prior_HP8QVD.pt,14,534,534,0.0044722999999999985
add_prior_PYU2SN.pt,14,18,18,0.013263379999999996
add_prior_YMTE1T.pt,28,1141,1141,0.0045209000000000004
add_prior_N2HZDI.pt,28,129,129,0.004445859999999999
add_prior_12SUPK.pt,28,439,439,0.0044876
add_prior_DREXZP.pt,14,1014,1014,0.00456928
add_prior_4DULNT.pt,14,27,27,0.01319558
add_prior_TFB6PB.pt,28,149,149,0.0045411800000000006
add_prior_ML4XFN.pt,7,409,409,0.0087108
add_prior_U8PMN7.pt,14,503,503,0.0045070399999999995
add_prior_295CRN.pt,112,42,42,0.00454544
add_prior_WKJ0SB.pt,14,37,37,0.01720798
add_prior_UZH12R.pt,1,158,158,0.012063439999999996
add_prior_PU8SW8.pt,28,180,180,0.0044882199999999985
add_prior_CXBZKT.pt,28,268,268,0.004519160000000001
add_prior_BQ2LX3.pt,28,411,411,0.004367039999999999
add_prior_WJV6H6.pt,14,690,690,0.004488719999999999
add_prior_JEJW8O.pt,14,28,28,0.009887179999999999
add_prior_6AHR21.pt,14,146,146,0.00449338
add_prior_LIXKJB.pt,14,219,219,0.01028406
add_prior_T22O1M.pt,112,152,152,0.00448312
add_prior_K4P8OB.pt,56,29,29,0.0044653800000000006
add_prior_7PY93N.pt,28,3,3,0.017487600000000002
add_prior_8AV00I.pt,14,58,58,0.018062340000000003
add_prior_7H1YDK.pt,3,191,191,0.021955340000000004
add_prior_2O0AW3.pt,56,255,255,0.0045382800000000004
add_prior_6G2EUT.pt,28,1011,1011,0.004528259999999999
add_prior_U42BC3.pt,14,99,99,0.01711333999999999
add_prior_RSWD8J.pt,14,353,353,0.004471220000000001
add_prior_G5OAE7.pt,7,172,172,0.023760380000000005
add_prior_B977AT.pt,56,44,44,0.004609260000000001
add_prior_TJDX41.pt,14,232,232,0.008974239999999996
add_prior_2OWJLL.pt,28,9,9,0.00910028
add_prior_XN38RF.pt,28,698,698,0.00451698
add_prior_IUPMJD.pt,28,90,90,0.0045012
add_prior_BO6X1Q.pt,56,29,29,0.004513400000000001
add_prior_XZ60M9.pt,14,267,267,0.004442419999999999
add_prior_O4DJY9.pt,14,150,150,0.007532440000000001
add_prior_VRDVT2.pt,112,56,56,0.004477799999999999
add_prior_354DHT.pt,112,2117,2117,0.004503419999999999
add_prior_Y5FUZE.pt,14,244,244,0.013687500000000009
add_prior_161ZIY.pt,14,492,492,0.004501579999999998
add_prior_672OEF.pt,7,10,10,0.015679219999999994
add_prior_4QSJ8L.pt,56,60,60,0.004527099999999999
add_prior_MUHL5W.pt,14,439,439,0.0045352000000000005
add_prior_9RK0PY.pt,14,240,240,0.015191760000000004
add_prior_YC15A5.pt,56,540,540,0.004444539999999999
add_prior_O45LZK.pt,14,253,253,0.012104780000000006
add_prior_6UQ2BD.pt,7,120,120,0.021576539999999995
add_prior_ML50VF.pt,56,266,266,0.0046069399999999995
add_prior_ZOA745.pt,7,513,513,0.007144020000000002
add_prior_ID74J2.pt,28,510,510,0.0044297
add_prior_UJKTMU.pt,14,224,224,0.009336599999999999
add_prior_YSFRJV.pt,7,134,134,0.004485820000000001
add_prior_BXE2BP.pt,28,1139,1139,0.0045495200000000005
add_prior_T6UW43.pt,7,117,117,0.009164860000000002
add_prior_LQQA0W.pt,56,157,157,0.00437814
add_prior_8S4RAY.pt,112,249,249,0.00448618
add_prior_LRR6Z6.pt,7,68,68,0.0254479
add_prior_W2XDBN.pt,7,114,114,0.018625519999999996
add_prior_391JJN.pt,7,527,527,0.014129360000000004
add_prior_8B3CKL.pt,7,243,243,0.013570199999999998
add_prior_CTIODI.pt,14,192,192,0.01124112
add_prior_WW39U5.pt,7,40,40,0.0191404
add_prior_CO0ZOM.pt,28,182,182,0.004536899999999999
add_prior_QBC9PV.pt,7,387,387,0.008957360000000003
add_prior_ZM04SF.pt,28,90,90,0.009732439999999998
add_prior_50WKAI.pt,28,532,532,0.0044727
add_prior_AEFHGR.pt,112,70,70,0.00452024
add_prior_4MH509.pt,112,800,800,0.004542000000000002
add_prior_LWKSI1.pt,56,58,58,0.0045531
add_prior_PY4D2P.pt,56,943,943,0.0045644200000000005
add_prior_17EE70.pt,14,118,118,0.0104922
add_prior_5EN3YB.pt,28,523,523,0.004441000000000001
add_prior_22HPPE.pt,28,58,58,0.00445516
add_prior_473V7X.pt,56,843,843,0.00450588
add_prior_Q1CFZK.pt,28,387,387,0.0043926
add_prior_4JUZOZ.pt,56,335,335,0.004514860000000001
add_prior_DNRKA5.pt,3,1184,1184,0.010849620000000004
add_prior_GGTIKN.pt,14,24,24,0.022696740000000003
add_prior_VLICMX.pt,56,145,145,0.004374820000000001
add_prior_KI8MZ5.pt,28,732,732,0.004573719999999999
add_prior_7LJ7NG.pt,14,782,782,0.004511000000000001
add_prior_S32WG6.pt,14,102,102,0.019389499999999994
add_prior_S7JVTV.pt,14,551,551,0.004517480000000002
add_prior_QUM603.pt,14,522,522,0.004593900000000001
add_prior_XT3DR2.pt,14,479,479,0.004602560000000001
add_prior_SUFUY1.pt,3,491,491,0.017082740000000003
add_prior_8BD50K.pt,7,847,847,0.015004040000000003
add_prior_CY97QM.pt,14,174,174,0.015592440000000008
add_prior_FTDDXO.pt,14,180,180,0.020660820000000003
add_prior_D33X40.pt,3,954,954,0.01755112
add_prior_C7UW57.pt,28,236,236,0.004555700000000001
add_prior_OLGMUS.pt,14,161,161,0.01307122
add_prior_UMSNW4.pt,56,661,661,0.004483
add_prior_FXXRFU.pt,28,442,442,0.00438404
add_prior_6UVN3X.pt,14,111,111,0.008070139999999998
add_prior_8CO8X3.pt,28,429,429,0.0044569399999999995
add_prior_QU46T9.pt,28,17,17,0.01810196
add_prior_0UF6HU.pt,14,255,255,0.004625560000000001
add_prior_RT6V2U.pt,7,820,820,0.00447492
add_prior_0JHJD2.pt,56,527,527,0.004476
add_prior_SMAKFE.pt,56,55,55,0.004487339999999999
add_prior_WC0ASM.pt,28,503,503,0.005024100000000003
add_prior_X0M1S0.pt,7,989,989,0.004538039999999999
add_prior_A3ZWAH.pt,56,38,38,0.004502800000000001
add_prior_VDGPJP.pt,112,552,552,0.004489760000000001
add_prior_SQU4UF.pt,28,9,9,0.024353479999999997
add_prior_VK7R95.pt,14,217,217,0.011282340000000007
add_prior_3C0POD.pt,7,411,411,0.016656700000000003
add_prior_GZMTLW.pt,28,161,161,0.004649680000000001
add_prior_1TW12E.pt,14,71,71,0.018240519999999996
add_prior_QBT5QG.pt,7,979,979,0.004668380000000001
add_prior_NBV9QD.pt,56,305,305,0.00453708
add_prior_7P0VS9.pt,28,81,81,0.006071019999999999
add_prior_VLBL92.pt,14,23,23,0.016451240000000006
add_prior_JN3VVZ.pt,112,142,142,0.0045237
add_prior_PFYWU0.pt,14,39,39,0.020944759999999996
add_prior_4UM8UY.pt,56,185,185,0.00450536
add_prior_EXXXNR.pt,56,17,17,0.0044795600000000005
add_prior_7010HJ.pt,28,94,94,0.004476519999999999
add_prior_JNKZ2B.pt,3,203,203,0.014119660000000003
add_prior_Z4ZNB0.pt,224,44,44,0.0044497799999999995
add_prior_Q1HSKQ.pt,224,266,266,0.0044828
add_prior_L4CCUX.pt,56,848,848,0.0044672
add_prior_RY8LBQ.pt,28,493,493,0.0044755
add_prior_TQZP3Q.pt,112,75,75,0.00453216
add_prior_IZZS17.pt,7,512,512,0.012052180000000003
add_prior_1IX199.pt,28,205,205,0.004512540000000001
add_prior_S8OX9M.pt,224,31,31,0.00474374
add_prior_FOPUBD.pt,28,75,75,0.008784199999999997
add_prior_P2KA4F.pt,28,436,436,0.00451096
add_prior_2KDQ3R.pt,28,67,67,0.0086625
add_prior_CB8X3U.pt,7,75,75,0.01697792
add_prior_5S91CS.pt,56,194,194,0.004508340000000002
add_prior_J694FF.pt,7,232,232,0.022976060000000006
add_prior_B8BFHB.pt,14,154,154,0.01570476
add_prior_0CP92V.pt,14,533,533,0.00448322
add_prior_0CHCUS.pt,56,44,44,0.004519939999999999
add_prior_MVBVIK.pt,14,95,95,0.00676314
add_prior_7472ON.pt,28,84,84,0.004612740000000001
add_prior_MR6F4L.pt,56,85,85,0.004393379999999999
add_prior_RN1BT4.pt,224,184,184,0.004373939999999999
add_prior_3F7VWL.pt,28,314,314,0.004564160000000001
add_prior_WIU7VN.pt,14,109,109,0.004490439999999999
add_prior_LPIEVE.pt,14,489,489,0.004467139999999998
add_prior_S4BYMJ.pt,7,226,226,0.0140479
add_prior_Y98XF3.pt,28,699,699,0.0045499600000000005
add_prior_BT9ROG.pt,56,172,172,0.0045126
add_prior_OHA4JY.pt,7,606,606,0.004500280000000001
add_prior_2FGHXV.pt,56,527,527,0.00452406
add_prior_5MQRAG.pt,28,6,6,0.0208268
add_prior_ZRY32M.pt,28,1707,1707,0.004534859999999999
add_prior_G7K10A.pt,56,249,249,0.004515519999999999
add_prior_CF6OUI.pt,28,499,499,0.00439784
add_prior_DKRIAG.pt,7,151,151,0.015713179999999997
add_prior_HYLBIV.pt,7,851,851,0.010393800000000002
add_prior_CCCXY5.pt,14,1028,1028,0.00452466
add_prior_YRBAFD.pt,14,165,165,0.00454482
add_prior_I0FM8E.pt,28,475,475,0.00443044
add_prior_BQKEJ2.pt,14,45,45,0.011523940000000002
add_prior_EDTZH2.pt,112,1984,1984,0.004478139999999999
add_prior_Y62692.pt,28,219,219,0.00454838
add_prior_L22XQ2.pt,112,244,244,0.004575919999999998
add_prior_8CLA10.pt,7,124,124,0.01647416
add_prior_3RM7RN.pt,28,119,119,0.004449679999999998
add_prior_IJRMR4.pt,56,519,519,0.004461619999999999
add_prior_3A9SVC.pt,14,228,228,0.004504800000000001
add_prior_VCHMUA.pt,28,14,14,0.01669548
add_prior_9ZNTSR.pt,14,666,666,0.0045894
add_prior_BB6PSY.pt,14,665,665,0.00453488
add_prior_ZDKEU0.pt,56,750,750,0.00452184
add_prior_2SOKQ5.pt,112,17,17,0.004534640000000001
add_prior_93PFM6.pt,14,541,541,0.00448784
add_prior_WZXTQ3.pt,1,2032,2032,0.018038319999999993
add_prior_4CXNQD.pt,7,238,238,0.02221746
add_prior_7EUBV5.pt,56,115,115,0.004471660000000001
add_prior_6TDBPC.pt,56,47,47,0.00453186
add_prior_KIY0V1.pt,14,11,11,0.010698000000000001
add_prior_13GGAP.pt,28,222,222,0.00454506
add_prior_Q2BUTB.pt,7,232,232,0.00575224
add_prior_TSWE17.pt,14,248,248,0.00485086
add_prior_GCYKKM.pt,112,1943,1943,0.004500899999999999
add_prior_1HE4E3.pt,28,130,130,0.004442200000000002
add_prior_FIC5YW.pt,112,44,44,0.004575559999999999
add_prior_1WLV0O.pt,7,1019,1019,0.004551240000000001
add_prior_BJK8ZQ.pt,28,2014,2014,0.004495100000000001
add_prior_8F1V8H.pt,56,199,199,0.00453722
add_prior_GM6KID.pt,112,501,501,0.00444522
add_prior_S32NHX.pt,14,1323,1323,0.00452388
add_prior_6MAHNX.pt,56,173,173,0.00454252
add_prior_U2CYO7.pt,56,1251,1251,0.004482940000000001
add_prior_CWCADR.pt,28,499,499,0.0044377
add_prior_GNK9CD.pt,112,992,992,0.0044911000000000005
add_prior_RX999F.pt,14,33,33,0.01794014
add_prior_KS0D7M.pt,56,47,47,0.0044949000000000005
add_prior_NBLXYD.pt,1,1621,1621,0.019562920000000004
add_prior_EE3IAB.pt,14,82,82,0.00971788
add_prior_UUKLOH.pt,28,75,75,0.0044613199999999995
add_prior_SL7TZC.pt,56,240,240,0.00456264
add_prior_YVEMTQ.pt,56,80,80,0.00446382
add_prior_6DY9BT.pt,56,978,978,0.004503999999999999
add_prior_PF0YV6.pt,1,114,114,0.026237759999999995
add_prior_VAB783.pt,56,63,63,0.00461624
add_prior_0LCU2R.pt,14,249,249,0.0065178599999999995
add_prior_VQZ86A.pt,3,123,123,0.016349719999999998
add_prior_44SPMO.pt,56,215,215,0.004558479999999999
add_prior_8MJ0J6.pt,112,661,661,0.005028660000000001
add_prior_CCXTBU.pt,7,113,113,0.014000119999999996
add_prior_SKDIEF.pt,14,478,478,0.004857719999999999
add_prior_MLVBU8.pt,28,806,806,0.004650320000000001
add_prior_J2QR4Y.pt,28,44,44,0.006788540000000001
add_prior_ZX401I.pt,14,98,98,0.01924512
add_prior_WR2AMP.pt,7,53,53,0.01922188
add_prior_QYXGM6.pt,14,1258,1258,0.004463579999999999
add_prior_IUT2W7.pt,14,1008,1008,0.004630519999999998
add_prior_9SHM2I.pt,56,990,990,0.00442998
add_prior_XF7CS8.pt,112,137,137,0.004503819999999999
add_prior_T971KT.pt,7,701,701,0.00973888
add_prior_RBAGZL.pt,56,52,52,0.00456552
add_prior_ZOQB3K.pt,112,10,10,0.00449444
add_prior_7XF525.pt,28,355,355,0.0044031999999999995
add_prior_BCJM1Q.pt,7,34,34,0.010593680000000001
add_prior_HPQ46F.pt,56,176,176,0.004990839999999999
add_prior_G54UZF.pt,14,82,82,0.007442520000000001
add_prior_UBATC3.pt,56,536,536,0.0046540600000000015
add_prior_KGFZFE.pt,14,81,81,0.00721618
add_prior_GS68GD.pt,14,260,260,0.004475
add_prior_LPNX0H.pt,28,64,64,0.00859396
add_prior_R2MZ9Z.pt,14,18,18,0.017286359999999994
add_prior_CDXK8S.pt,28,18,18,0.018763319999999997
add_prior_8E0NLC.pt,28,244,244,0.004648359999999999
add_prior_Z90G4I.pt,56,165,165,0.004595639999999999
add_prior_ILM14J.pt,28,173,173,0.0046773
add_prior_ESJHEY.pt,28,106,106,0.0044686399999999986
add_prior_U8ACMN.pt,224,759,759,0.0045904
add_prior_J8V9ZO.pt,28,998,998,0.00451246
add_prior_AQ6FDT.pt,14,59,59,0.012254560000000005
add_prior_315U4E.pt,14,248,248,0.004505820000000001
add_prior_QF6ZSZ.pt,7,560,560,0.004541439999999999
add_prior_405BH7.pt,28,172,172,0.00449332
add_prior_VYML7C.pt,14,56,56,0.02379234
add_prior_83M8PO.pt,14,52,52,0.022924539999999997
add_prior_XENCIO.pt,14,33,33,0.02132284
add_prior_CA7DH4.pt,28,190,190,0.004553040000000001
add_prior_0TYNYK.pt,56,98,98,0.004427540000000001
add_prior_ULVKCA.pt,14,142,142,0.011828680000000001
add_prior_63LDUI.pt,28,129,129,0.0045303800000000005
add_prior_1EWI3L.pt,56,391,391,0.004453780000000001
add_prior_6FSJVB.pt,112,167,167,0.004476579999999998
add_prior_5J7HRL.pt,56,4,4,0.012375179999999996
add_prior_2Y7GEJ.pt,28,6,6,0.0120677
add_prior_8TQBWQ.pt,14,32,32,0.017477559999999996
add_prior_8J3HTG.pt,28,125,125,0.004467000000000001
add_prior_R7ZTDH.pt,28,216,216,0.0045551
add_prior_XIROSD.pt,7,158,158,0.017214119999999996
add_prior_K4A16S.pt,7,18,18,0.019898420000000007
add_prior_T3N3X2.pt,28,512,512,0.004567559999999999
add_prior_Z1W351.pt,14,115,115,0.02145452000000001
add_prior_RWU3UU.pt,28,243,243,0.004549460000000001
add_prior_ULPZ6J.pt,28,78,78,0.007875859999999995
add_prior_YQ28VW.pt,56,1520,1520,0.0044744
add_prior_600NCQ.pt,14,532,532,0.00450168
add_prior_ETNB4W.pt,14,867,867,0.00466432
add_prior_44WH28.pt,14,17,17,0.02316424
add_prior_55HZ2I.pt,112,529,529,0.0045116999999999996
add_prior_YH5BTQ.pt,56,108,108,0.00443868
add_prior_ETMUUN.pt,56,514,514,0.004484280000000001
add_prior_97J9IF.pt,7,154,154,0.0239666
add_prior_CEEQII.pt,56,1156,1156,0.004463720000000001
add_prior_F3N9LA.pt,14,13,13,0.019796779999999996
add_prior_S32QNK.pt,1,245,245,0.019500640000000003
add_prior_9JH027.pt,28,566,566,0.00440402
add_prior_BKIYE8.pt,14,92,92,0.007415799999999999
add_prior_385SBL.pt,14,219,219,0.0060932
add_prior_WZL8IT.pt,112,220,220,0.004424000000000001
add_prior_L6GBO1.pt,28,380,380,0.0044060800000000015
add_prior_BAOFLV.pt,56,29,29,0.0044539600000000025
add_prior_T9T47I.pt,14,221,221,0.005329219999999998
add_prior_0HSYGT.pt,14,249,249,0.01258834
add_prior_E9VV5G.pt,14,452,452,0.00446518
add_prior_TBH9IV.pt,14,512,512,0.004493719999999999
add_prior_9EVYEI.pt,56,255,255,0.00456346
add_prior_2WOTZ3.pt,14,189,189,0.004591520000000001
add_prior_5IDFL2.pt,28,524,524,0.004415079999999999
add_prior_FI8BEZ.pt,224,71,71,0.00445672
add_prior_6GHK4I.pt,14,250,250,0.010910040000000001
add_prior_0QXRWE.pt,14,2035,2035,0.0044415400000000025
add_prior_BKJ5DP.pt,14,966,966,0.004597100000000001
add_prior_PEBESS.pt,14,110,110,0.005161619999999999
add_prior_E8NO0D.pt,56,144,144,0.004466159999999999
add_prior_N95XAR.pt,14,176,176,0.005458559999999999
add_prior_AQ34TB.pt,28,1160,1160,0.00450166
add_prior_H8SPGU.pt,7,25,25,0.022479960000000007
add_prior_9RK94U.pt,14,501,501,0.004464939999999999
add_prior_F7OXZ5.pt,14,1539,1539,0.004426620000000001
add_prior_ZFBYXR.pt,14,115,115,0.01876984
add_prior_A3F4GS.pt,14,68,68,0.015590300000000003
add_prior_3UYZPY.pt,112,201,201,0.004354960000000001
add_prior_SF1H39.pt,56,187,187,0.0045413400000000005
add_prior_TGOQH8.pt,14,133,133,0.008041219999999998
add_prior_TW5DVH.pt,14,138,138,0.013007820000000005
add_prior_13J08S.pt,14,418,418,0.00457954
add_prior_7E7E8O.pt,56,992,992,0.004456140000000001
add_prior_HVEST3.pt,56,445,445,0.0044788399999999996
add_prior_VOZ36W.pt,112,69,69,0.004483039999999999
add_prior_AHBLH7.pt,7,513,513,0.008041020000000001
add_prior_8QG3HK.pt,28,103,103,0.00450292
add_prior_GU0YL7.pt,7,221,221,0.012388119999999997
add_prior_ZKQUIS.pt,14,13,13,0.016159200000000006
add_prior_0BMLJZ.pt,56,1477,1477,0.004440179999999999
add_prior_G98B4R.pt,7,186,186,0.017460499999999993
add_prior_DSZAPS.pt,14,1741,1741,0.0044344200000000005
add_prior_7RYHPT.pt,14,1000,1000,0.00448834
add_prior_7XFH06.pt,7,159,159,0.021885819999999997
add_prior_3ND0QU.pt,14,511,511,0.0044675
add_prior_FBXJT6.pt,14,250,250,0.00444374
add_prior_1XG2NW.pt,56,30,30,0.004491219999999999
add_prior_6E6GCI.pt,56,1923,1923,0.004430920000000001
add_prior_XNKULF.pt,28,136,136,0.004500819999999999
add_prior_M67S77.pt,3,120,120,0.01674974
add_prior_3UD0CE.pt,56,203,203,0.00454696
add_prior_6J46D4.pt,14,30,30,0.01997966
add_prior_3WGNG1.pt,28,411,411,0.0044272800000000005
add_prior_M6XRQK.pt,28,193,193,0.004529160000000001
add_prior_AYVFNA.pt,14,468,468,0.004477620000000001
add_prior_0CFW9Z.pt,28,2037,2037,0.004511659999999999
add_prior_MRUX0A.pt,56,506,506,0.0044528400000000004
add_prior_D9293F.pt,7,841,841,0.004514399999999999
add_prior_M2K6WV.pt,14,510,510,0.00449026
add_prior_R5MJZ2.pt,14,773,773,0.00458404
add_prior_PF32AJ.pt,7,166,166,0.021820899999999997
add_prior_5V4Y9G.pt,56,688,688,0.004484760000000002
add_prior_O723A9.pt,28,32,32,0.01277222
add_prior_PMJYWD.pt,7,58,58,0.01045324
add_prior_ICTZZN.pt,56,189,189,0.005086300000000001
add_prior_VO4IUN.pt,14,305,305,0.004917939999999999
add_prior_P18IBU.pt,28,428,428,0.004927239999999999
add_prior_T3488U.pt,7,193,193,0.0248341
add_prior_K0KLJE.pt,7,176,176,0.01977994
add_prior_T50YXZ.pt,28,1026,1026,0.00453762
add_prior_LB5CBH.pt,7,896,896,0.006267879999999999
add_prior_B0KXR5.pt,7,215,215,0.015436860000000002
add_prior_0CMG2F.pt,14,211,211,0.00442976
add_prior_L04JC1.pt,112,140,140,0.004591880000000001
add_prior_52Z7VM.pt,28,124,124,0.004491919999999998
add_prior_SLBN6T.pt,14,122,122,0.008769339999999997
add_prior_F3B3H3.pt,14,32,32,0.016040440000000003
add_prior_DIKHR0.pt,14,141,141,0.006997
add_prior_1LNBAL.pt,112,1723,1723,0.004532599999999999
add_prior_23FHH3.pt,7,1420,1420,0.004472520000000001
add_prior_E8FAIL.pt,14,29,29,0.014637160000000007
add_prior_DF9K93.pt,112,12,12,0.00453082
add_prior_P08887.pt,14,129,129,0.004448360000000002
add_prior_W8FF6A.pt,14,169,169,0.007347139999999999
add_prior_YX5MAS.pt,14,20,20,0.016915379999999997
add_prior_0RXXHQ.pt,3,21,21,0.020924619999999994
add_prior_FHEQWR.pt,112,27,27,0.004449020000000001
add_prior_KQODLE.pt,14,238,238,0.006234819999999999
add_prior_X450K3.pt,28,201,201,0.004616859999999999
add_prior_CR05VN.pt,14,791,791,0.004507880000000001
add_prior_LMYA5P.pt,56,701,701,0.0045191400000000005
add_prior_PMWBP9.pt,14,203,203,0.00475668
add_prior_1OJAJM.pt,14,137,137,0.013590419999999999
add_prior_JK24SU.pt,56,221,221,0.00447728
add_prior_4K6I48.pt,28,213,213,0.004524679999999998
add_prior_9B4357.pt,7,158,158,0.01048314
add_prior_MLVZGM.pt,224,513,513,0.004464460000000001
add_prior_LZZ5UQ.pt,28,230,230,0.0045185799999999995
add_prior_5IQN64.pt,56,471,471,0.00445068
add_prior_XOY82Y.pt,14,285,285,0.004983919999999999
add_prior_01JM2W.pt,14,46,46,0.01260848
add_prior_V85RZ4.pt,28,507,507,0.00444168
add_prior_Q46X7K.pt,14,49,49,0.018167279999999997
add_prior_DCAEV0.pt,14,25,25,0.019268239999999996
add_prior_CRP7BJ.pt,14,57,57,0.018976560000000007
add_prior_3PBGIQ.pt,112,55,55,0.004503759999999999
add_prior_HZB2TU.pt,1,222,222,0.020230060000000005
add_prior_ZQHO5I.pt,7,898,898,0.009546880000000002
add_prior_RVBBD2.pt,56,1475,1475,0.004423460000000001
add_prior_9HLBC5.pt,28,148,148,0.004488560000000001
add_prior_LDY9SG.pt,56,86,86,0.004394939999999999
add_prior_MNVJDJ.pt,14,19,19,0.015220500000000003
add_prior_95CJTY.pt,28,1160,1160,0.00453542
add_prior_7BM0BW.pt,14,10,10,0.02758138
add_prior_UPFFP1.pt,112,40,40,0.0045028
add_prior_PL2DAG.pt,14,981,981,0.00451388
add_prior_O09EOP.pt,112,80,80,0.00452006
add_prior_KDB6H0.pt,224,218,218,0.0044745600000000016
add_prior_1HFCLM.pt,56,194,194,0.0044939
add_prior_UWI7BS.pt,14,88,88,0.010496659999999998
add_prior_VBEHCL.pt,112,509,509,0.004539500000000002
add_prior_7CYJLK.pt,14,197,197,0.013312520000000001
add_prior_IG70KD.pt,28,34,34,0.008118859999999999
add_prior_XFVVOU.pt,56,58,58,0.0046156800000000005
add_prior_EZA8QZ.pt,28,523,523,0.004413660000000001
add_prior_RF3I56.pt,14,1006,1006,0.004465480000000001
add_prior_T83RAG.pt,112,179,179,0.00448472
add_prior_TQHV2P.pt,14,8,8,0.02042412
add_prior_Q3BSX7.pt,14,499,499,0.004458180000000002
add_prior_JFSMK9.pt,14,166,166,0.01097154
add_prior_IIWEWK.pt,28,790,790,0.004537939999999999
add_prior_G9ZC3G.pt,14,2009,2009,0.004520220000000001
add_prior_SB0NXX.pt,14,1007,1007,0.00446372
add_prior_TBWYJY.pt,28,200,200,0.004610299999999999
add_prior_01PEHM.pt,28,590,590,0.00442658
add_prior_KIUOL5.pt,14,229,229,0.0047366199999999995
add_prior_ZPLFAD.pt,56,240,240,0.0045084
add_prior_AV6IQH.pt,14,153,153,0.006840060000000002
add_prior_85V3DL.pt,14,27,27,0.028366699999999998
add_prior_S2VGGN.pt,7,119,119,0.0157659
add_prior_WUNE15.pt,56,1875,1875,0.00450008
add_prior_5PRQVP.pt,56,134,134,0.0048606
add_prior_NLZ0P5.pt,28,45,45,0.00448326
add_prior_UNF8AC.pt,112,27,27,0.00444626
add_prior_0KDVJB.pt,28,1155,1155,0.0045321200000000015
add_prior_RLJ6HT.pt,28,734,734,0.00460302
add_prior_QTV5F9.pt,28,212,212,0.004535319999999999
add_prior_NJDAWS.pt,14,1153,1153,0.004533639999999999
add_prior_FEKPPF.pt,7,214,214,0.020058959999999994
add_prior_AQTMY8.pt,56,1081,1081,0.00447406
add_prior_VO1YN0.pt,7,694,694,0.0044846
add_prior_JYUCGS.pt,14,78,78,0.00983718
add_prior_DM1T2Z.pt,56,529,529,0.004491519999999998
add_prior_ZSGQ9D.pt,112,88,88,0.004501640000000001
add_prior_Y08T6P.pt,56,2013,2013,0.00449502
add_prior_IB2BLC.pt,14,35,35,0.01676078
add_prior_MNDZWX.pt,56,155,155,0.00437504
add_prior_A133ZX.pt,14,125,125,0.005579400000000001
add_prior_012Y58.pt,14,3,3,0.019301820000000004
add_prior_ZD4C14.pt,28,768,768,0.00453208
add_prior_V27EPP.pt,28,183,183,0.004522880000000001
add_prior_I5O9AD.pt,112,508,508,0.004468700000000001
add_prior_NJRSDY.pt,7,456,456,0.008775560000000003
add_prior_1OOMVV.pt,112,226,226,0.00447816
add_prior_O5Y5OJ.pt,14,24,24,0.018067839999999998
add_prior_P4SCB3.pt,28,40,40,0.005249779999999999
add_prior_ZOHIEF.pt,14,491,491,0.004439919999999998
add_prior_TKQ825.pt,14,268,268,0.004457640000000001
add_prior_MOEPUY.pt,28,59,59,0.004492440000000001
add_prior_OBVDQH.pt,14,89,89,0.019101619999999996
add_prior_2KEEY6.pt,56,150,150,0.00458316
add_prior_34UOF7.pt,3,177,177,0.02023504
add_prior_NU71PR.pt,112,229,229,0.004622380000000001
add_prior_3EYCF4.pt,14,139,139,0.018731820000000003
add_prior_MONUEC.pt,112,136,136,0.0044266600000000015
add_prior_G33LWT.pt,112,181,181,0.00447444
add_prior_TQ5IUS.pt,7,116,116,0.02136606
add_prior_B1LCBS.pt,14,153,153,0.0055737
add_prior_S2P9FC.pt,14,230,230,0.004900219999999999
add_prior_POM485.pt,7,263,263,0.01269904
add_prior_LBQVHQ.pt,28,151,151,0.00444738
add_prior_47O8AB.pt,56,1897,1897,0.00444804
add_prior_FCWETQ.pt,14,1024,1024,0.0051984599999999985
add_prior_A0ZFLU.pt,56,11,11,0.004425899999999999
add_prior_86SCF7.pt,28,249,249,0.004581099999999999
add_prior_V6UNBP.pt,28,112,112,0.0045056
add_prior_1T8EX6.pt,56,317,317,0.00443326
add_prior_11WW98.pt,56,315,315,0.00443496
add_prior_QEUXKJ.pt,14,45,45,0.026285279999999994
add_prior_U66HUY.pt,28,220,220,0.00446092
add_prior_8R1ZRE.pt,14,44,44,0.021085499999999997
add_prior_WT41GB.pt,7,158,158,0.02225772
add_prior_JG9R1C.pt,7,208,208,0.013114439999999998
add_prior_LXUJVX.pt,14,1006,1006,0.004439559999999999
add_prior_JE5VLR.pt,28,172,172,0.004450879999999999
add_prior_NPX163.pt,28,657,657,0.00450828
add_prior_Y4R0RA.pt,14,495,495,0.004447020000000001
add_prior_DY1316.pt,14,801,801,0.00459182
add_prior_ZG6SXB.pt,14,99,99,0.009432880000000005
add_prior_3N6D44.pt,14,655,655,0.004424440000000001
add_prior_AN4ZTY.pt,14,49,49,0.027111059999999996
add_prior_TLBT17.pt,7,198,198,0.024479920000000006
add_prior_NTW07E.pt,56,226,226,0.004489459999999999
add_prior_BPC03V.pt,14,943,943,0.004511640000000001
add_prior_YKZWLE.pt,112,2044,2044,0.004450680000000001
add_prior_KUONQS.pt,28,105,105,0.004427460000000001
add_prior_VQ0M2M.pt,112,189,189,0.00456302
add_prior_KZFYOR.pt,14,48,48,0.02029052
add_prior_1R1E91.pt,1,50,50,0.02549936
add_prior_YR8KQZ.pt,14,21,21,0.014398699999999995
add_prior_7S4DS6.pt,56,92,92,0.004445759999999998
add_prior_HLOHXL.pt,28,194,194,0.00454326
add_prior_117JDX.pt,28,212,212,0.004562779999999999
add_prior_ZUYLUT.pt,14,270,270,0.006720320000000001
add_prior_JPZONR.pt,28,211,211,0.004653400000000001
add_prior_PRLFY1.pt,28,1001,1001,0.004502399999999998
add_prior_F2P7LU.pt,14,420,420,0.004588900000000001
add_prior_1BVTS7.pt,7,149,149,0.02084392
add_prior_QDE7WC.pt,28,313,313,0.0044687600000000004
add_prior_N3QLMY.pt,28,490,490,0.00444162
add_prior_TRNXAR.pt,14,266,266,0.0044985
add_prior_6FT9M5.pt,14,1445,1445,0.0043605200000000005
add_prior_GXX755.pt,14,392,392,0.00440738
add_prior_9CTJR6.pt,112,156,156,0.00442734
add_prior_GKWXBR.pt,112,58,58,0.004478579999999999
add_prior_9BQ8ID.pt,14,97,97,0.00989152
add_prior_2UO1KB.pt,14,259,259,0.00446
add_prior_8Y36ZR.pt,112,243,243,0.004457399999999999
add_prior_V40ZFC.pt,28,26,26,0.012271940000000007
add_prior_67BJT8.pt,7,47,47,0.024498999999999986
add_prior_8YL61G.pt,14,398,398,0.0044423
add_prior_7S7JG8.pt,28,222,222,0.004492899999999999
add_prior_SK6NDQ.pt,14,2028,2028,0.00497346
add_prior_STRJAG.pt,7,810,810,0.012537760000000002
add_prior_4BQMUD.pt,14,989,989,0.00457826
add_prior_3F0NVT.pt,28,4,4,0.021747899999999994
add_prior_OW6WPN.pt,14,292,292,0.005747019999999999
add_prior_R3Y89J.pt,112,120,120,0.00444284
add_prior_L9D676.pt,14,435,435,0.0045091
add_prior_V1UWW3.pt,28,1065,1065,0.004583319999999999
add_prior_LNP7GJ.pt,14,196,196,0.005036200000000003
add_prior_ZS4O0E.pt,28,839,839,0.004516320000000001
add_prior_ZHGW14.pt,56,130,130,0.004408700000000001
add_prior_KP2BRD.pt,28,209,209,0.00461826
add_prior_KVIJH9.pt,1,34,34,0.02906658
add_prior_G66CW4.pt,14,95,95,0.015484439999999997
add_prior_EL9GRA.pt,28,504,504,0.0044321000000000004
add_prior_RV0O91.pt,7,977,977,0.004478119999999999
add_prior_TWN69C.pt,7,40,40,0.015676779999999998
add_prior_ONLW49.pt,112,110,110,0.0045716
add_prior_6PA1RK.pt,224,163,163,0.0044426000000000005
add_prior_WGOH40.pt,28,153,153,0.00448042
add_prior_LJE713.pt,56,314,314,0.00452624
add_prior_1SB9N6.pt,14,86,86,0.023656539999999997
add_prior_R6ZNL3.pt,14,13,13,0.012626119999999998
add_prior_S46G5Z.pt,28,92,92,0.004486580000000001
add_prior_DDCNNA.pt,28,67,67,0.004499019999999999
add_prior_NI5S34.pt,28,1069,1069,0.004451259999999998
add_prior_SABYKU.pt,112,779,779,0.004521119999999999
add_prior_2UE19Z.pt,56,532,532,0.004454299999999998
add_prior_TXRF7B.pt,14,143,143,0.017580059999999998
add_prior_PWUFO0.pt,28,123,123,0.004488720000000001
add_prior_2PR7XQ.pt,56,519,519,0.004669220000000001
add_prior_6WDC5Q.pt,56,75,75,0.004744419999999998
add_prior_PUC9EJ.pt,7,2048,2048,0.004467580000000001
add_prior_UX57CP.pt,112,490,490,0.00452438
add_prior_HZCTKL.pt,14,94,94,0.01138938
add_prior_GXFD0I.pt,7,206,206,0.01337292
add_prior_QQ3VYO.pt,56,493,493,0.004564340000000001
add_prior_G51LPE.pt,7,261,261,0.016184839999999995
add_prior_41EXEV.pt,112,151,151,0.00446218
add_prior_VTCS7V.pt,28,257,257,0.00451366
add_prior_V03D5L.pt,112,1020,1020,0.00448766
add_prior_4FS6ID.pt,14,497,497,0.00444558
add_prior_1NFKG2.pt,112,36,36,0.0044007399999999985
add_prior_A2IDOA.pt,28,72,72,0.00447578
add_prior_V7QGZ8.pt,7,145,145,0.018401559999999997
add_prior_5IMXKZ.pt,14,250,250,0.00459196
add_prior_QQNY4A.pt,56,101,101,0.004489640000000001
add_prior_1UVOKF.pt,28,508,508,0.004481039999999999
add_prior_CX52LU.pt,56,60,60,0.004561399999999999
add_prior_00WN4N.pt,14,1070,1070,0.004511859999999999
add_finegrained1_W01AX1.pt,14,175,175,0.004585220000000001
add_finegrained1_2C0M59.pt,14,89,89,0.013224459999999993
add_finegrained1_AYEUR4.pt,14,86,86,0.017586680000000007
add_finegrained1_C1F83K.pt,14,139,139,0.016823819999999996
add_finegrained1_ZEPOS6.pt,14,162,162,0.016982860000000002
add_finegrained1_4AI0M3.pt,14,174,174,0.012243840000000004
add_finegrained1_BWSXQV.pt,14,127,127,0.015631739999999998
add_finegrained1_JZ9JHR.pt,14,177,177,0.01162852
add_finegrained1_US1V3J.pt,14,152,152,0.01388086
add_finegrained1_P8Q6GZ.pt,14,155,155,0.009131099999999996
add_finegrained1_61AHC6.pt,14,105,105,0.006204059999999999
add_finegrained1_PDA46G.pt,14,193,193,0.006149119999999999
add_finegrained1_NKGFVQ.pt,14,189,189,0.009383939999999999
add_finegrained1_ZJV746.pt,14,181,181,0.019140760000000003
add_finegrained1_1MBBDR.pt,14,92,92,0.021779679999999996
add_finegrained1_HJJ3L6.pt,14,136,136,0.011614500000000003
add_finegrained1_NK0OHH.pt,14,130,130,0.006820619999999997
add_finegrained1_Z0L63A.pt,14,85,85,0.015410340000000002
add_finegrained1_3MVB66.pt,14,116,116,0.010708979999999996
add_finegrained1_FDC6UZ.pt,14,159,159,0.01122944
add_finegrained1_O3LWNV.pt,28,33,33,0.006076340000000001
add_finegrained1_KBG89U.pt,28,61,61,0.005452220000000001
add_finegrained1_MJJ8DH.pt,28,68,68,0.0044782599999999995
add_finegrained1_ZU4DGS.pt,28,31,31,0.010606939999999999
add_finegrained1_YIFKUA.pt,28,72,72,0.004460200000000001
add_finegrained1_7WMVUZ.pt,28,58,58,0.00463092
add_finegrained1_9WJ6XP.pt,28,54,54,0.013214140000000008
add_finegrained1_ECDNA8.pt,28,37,37,0.01216486
add_finegrained1_BMF9FP.pt,28,34,34,0.016433619999999996
add_finegrained1_8YDQD4.pt,28,50,50,0.011212640000000003
add_finegrained1_1P9RV7.pt,28,45,45,0.00870764
add_finegrained1_DZA2RB.pt,28,30,30,0.010198079999999997
add_finegrained1_GMQY7T.pt,28,38,38,0.004454799999999998
add_finegrained1_VZLXUF.pt,28,47,47,0.0092055
add_finegrained1_EEWC3W.pt,28,39,39,0.006388980000000001
add_finegrained1_MX8SGO.pt,28,70,70,0.006515779999999998
add_finegrained1_C5TJ4N.pt,28,56,56,0.0061078000000000035
add_finegrained1_668SO9.pt,28,36,36,0.012328680000000002
add_finegrained1_BDWDUK.pt,28,42,42,0.01250126
add_finegrained1_4332JI.pt,28,63,63,0.012747119999999995
add_finegrained1_NLPX5G.pt,28,26,26,0.011170640000000003
add_finegrained1_HUAA56.pt,28,17,17,0.022976559999999993
add_finegrained1_CLFYOV.pt,28,38,38,0.015400379999999993
add_finegrained1_AJREWA.pt,28,27,27,0.015626700000000004
add_finegrained1_E5G5PS.pt,28,20,20,0.019125620000000003
add_finegrained1_ANYEYW.pt,28,23,23,0.01618493999999999
add_finegrained1_UCIFPR.pt,28,36,36,0.016289279999999996
add_finegrained1_ZVU16X.pt,28,18,18,0.022890919999999995
add_finegrained1_S9SY5X.pt,28,19,19,0.017391000000000007
add_finegrained1_OR8ZX0.pt,28,25,25,0.0110214
add_finegrained1_ZXCEVQ.pt,28,24,24,0.0044451000000000004
add_finegrained1_DV1NSW.pt,28,35,35,0.006474119999999997
add_finegrained1_ZDMHOA.pt,28,39,39,0.006118899999999999
add_finegrained1_OZVYBI.pt,28,37,37,0.01096112
add_finegrained1_37X2B9.pt,28,32,32,0.010969619999999998
add_finegrained1_KZ5FJU.pt,28,30,30,0.016216900000000003
add_finegrained1_E8SSZP.pt,28,33,33,0.021667359999999997
add_finegrained1_82LJWX.pt,28,31,31,0.018018139999999995
add_finegrained1_NUYDX3.pt,28,28,28,0.018425219999999996
add_finegrained1_5SYL06.pt,28,29,29,0.0132352
add_finegrained1_IVI4QJ.pt,14,18,18,0.01901462000000001
add_finegrained1_G2MYF3.pt,14,36,36,0.0195885
add_finegrained1_FKOTHR.pt,14,37,37,0.020621459999999998
add_finegrained1_1CS43G.pt,14,24,24,0.020935580000000002
add_finegrained1_FTF08M.pt,14,32,32,0.011672739999999997
add_finegrained1_BVEB0Y.pt,14,26,26,0.0196536
add_finegrained1_UH0BIG.pt,14,29,29,0.02166692
add_finegrained1_M6BPLJ.pt,14,17,17,0.024105879999999996
add_finegrained1_HS12XT.pt,14,28,28,0.020072359999999997
add_finegrained1_C9PTFP.pt,14,21,21,0.016885860000000003
add_finegrained1_0MGCFG.pt,14,31,31,0.022720479999999994
add_finegrained1_G35RMN.pt,14,20,20,0.018804400000000006
add_finegrained1_CARZAK.pt,14,23,23,0.018703459999999998
add_finegrained1_ML2PT3.pt,14,35,35,0.020729059999999997
add_finegrained1_ENOBSL.pt,14,34,34,0.02520486
add_finegrained1_M9K34E.pt,14,30,30,0.018878479999999996
add_finegrained1_E6G43Q.pt,14,38,38,0.018445900000000005
add_finegrained1_AW1X4V.pt,14,25,25,0.01715628000000001
add_finegrained1_3N8FZA.pt,14,33,33,0.01943862
add_finegrained1_1BO6C1.pt,14,27,27,0.014415459999999998
add_finegrained1_7B31G8.pt,7,273,273,0.02240204
add_finegrained1_8QI75G.pt,7,250,250,0.01125896
add_finegrained1_RMKIO3.pt,7,282,282,0.01597138
add_finegrained1_9EJ4QR.pt,7,224,224,0.01668328
add_finegrained1_KSE0IT.pt,7,260,260,0.018423779999999997
add_finegrained1_6YRSNN.pt,7,150,150,0.02323408
add_finegrained1_AG3IA1.pt,7,213,213,0.01953022
add_finegrained1_003M2C.pt,7,186,186,0.011325660000000001
add_finegrained1_48FLS6.pt,7,132,132,0.024751559999999995
add_finegrained1_GZRIQR.pt,7,136,136,0.019838120000000004
add_finegrained1_UDTRCQ.pt,7,209,209,0.020735980000000008
add_finegrained1_S95SCK.pt,7,171,171,0.018425239999999996
add_finegrained1_XC82D4.pt,7,137,137,0.02836501999999999
add_finegrained1_S47SGN.pt,7,239,239,0.015135520000000003
add_finegrained1_6EH39Z.pt,7,263,263,0.023472020000000007
add_finegrained1_LXCYUD.pt,7,230,230,0.018976660000000003
add_finegrained1_GYO17G.pt,7,196,196,0.021732639999999998
add_finegrained1_JG87XZ.pt,7,257,257,0.018383260000000002
add_finegrained1_41EGD4.pt,7,155,155,0.018498520000000004
add_finegrained1_DTMJ62.pt,7,190,190,0.026437259999999997
add_finegrained1_35BDU8.pt,7,947,947,0.00465486
add_finegrained1_Q5LU9T.pt,7,560,560,0.01887818
add_finegrained1_S0RWNS.pt,7,1114,1114,0.008357300000000002
add_finegrained1_VBQVO5.pt,7,598,598,0.015165420000000002
add_finegrained1_XIMMDQ.pt,7,1171,1171,0.004459939999999999
add_finegrained1_SPR3F3.pt,7,705,705,0.00819318
add_finegrained1_WBD4J9.pt,7,652,652,0.004621519999999999
add_finegrained1_VCPP5H.pt,7,615,615,0.012146840000000006
add_finegrained1_QFRMLJ.pt,7,1137,1137,0.004522480000000001
add_finegrained1_RAKW4I.pt,7,654,654,0.028519019999999992
add_finegrained1_WHCHDS.pt,7,797,797,0.0138229
add_finegrained1_VQMDE1.pt,7,823,823,0.009170799999999998
add_finegrained1_0CHLVZ.pt,7,1011,1011,0.012246859999999997
add_finegrained1_V29T9W.pt,7,995,995,0.015745919999999997
add_finegrained1_VFS51L.pt,7,859,859,0.01687234
add_finegrained1_STMAE2.pt,7,862,862,0.013054719999999997
add_finegrained1_4AATTL.pt,7,884,884,0.029002419999999994
add_finegrained1_5OOBWK.pt,7,831,831,0.00444732
add_finegrained1_ACZH2O.pt,7,827,827,0.004480599999999999
add_finegrained1_PE0T5S.pt,7,597,597,0.012792640000000001
add_finegrained1_79868J.pt,7,495,495,0.017589920000000005
add_finegrained1_589RGV.pt,7,539,539,0.013522440000000004
add_finegrained1_4XVD0T.pt,7,913,913,0.009357939999999999
add_finegrained1_T56IVE.pt,7,1067,1067,0.007241620000000001
add_finegrained1_85KTRG.pt,7,842,842,0.007710539999999999
add_finegrained1_A9VHL4.pt,7,827,827,0.010451080000000001
add_finegrained1_L4KWNQ.pt,7,1051,1051,0.006714560000000001
add_finegrained1_JMW68B.pt,7,581,581,0.010746200000000001
add_finegrained1_3NGJAH.pt,7,819,819,0.007805080000000001
add_finegrained1_MXMKPG.pt,7,624,624,0.015010900000000002
add_finegrained1_WKC634.pt,7,787,787,0.00789438
add_finegrained1_J1UPX5.pt,7,826,826,0.00746744
add_finegrained1_6W4I8S.pt,7,1028,1028,0.010232959999999998
add_finegrained1_2S4LF9.pt,7,637,637,0.01658052
add_finegrained1_SQJRCX.pt,7,1072,1072,0.00445396
add_finegrained1_U9TG63.pt,7,1002,1002,0.00446666
add_finegrained1_9L3BJY.pt,7,989,989,0.004602059999999999
add_finegrained1_9FUISK.pt,7,925,925,0.0044553599999999985
add_finegrained1_GLHNB4.pt,7,660,660,0.004840720000000001
add_finegrained1_WJLWJT.pt,7,1106,1106,0.00449398
add_finegrained1_WX0QWN.pt,7,95,95,0.01589974
add_finegrained1_ZORP34.pt,7,102,102,0.01681506
add_finegrained1_V58ARF.pt,7,77,77,0.02528938
add_finegrained1_V4DICH.pt,7,127,127,0.016719860000000003
add_finegrained1_3SBI08.pt,7,112,112,0.02484
add_finegrained1_VE50KX.pt,7,140,140,0.01797132
add_finegrained1_431CRB.pt,7,121,121,0.024202200000000004
add_finegrained1_XONV12.pt,7,101,101,0.015525879999999994
add_finegrained1_ORTOZG.pt,7,106,106,0.022784779999999994
add_finegrained1_26DDOU.pt,7,117,117,0.02225988
add_finegrained1_2DKPO2.pt,7,80,80,0.00443864
add_finegrained1_8Y1IK4.pt,7,105,105,0.022017060000000005
add_finegrained1_O65TLR.pt,7,119,119,0.022196700000000007
add_finegrained1_VPU29Q.pt,7,98,98,0.020005979999999996
add_finegrained1_GUMDLP.pt,7,83,83,0.01788934000000001
add_finegrained1_HTRJ3X.pt,7,97,97,0.014909000000000006
add_finegrained1_O8HN3B.pt,7,144,144,0.018204659999999994
add_finegrained1_LQULHO.pt,7,84,84,0.020934540000000005
add_finegrained1_HQIDUB.pt,7,169,169,0.017468999999999995
add_finegrained1_UAJ6GM.pt,7,149,149,0.02189776
add_finegrained1_AOB3AK.pt,7,694,694,0.014904059999999995
add_finegrained1_NFTKJM.pt,7,860,860,0.00446766
add_finegrained1_A68LQT.pt,7,891,891,0.015548200000000002
add_finegrained1_NNAWX3.pt,7,1069,1069,0.0072112200000000026
add_finegrained1_8EPJXJ.pt,7,819,819,0.0043963000000000006
add_finegrained1_9KMQB4.pt,7,1071,1071,0.00695202
add_finegrained1_Z3ARQ8.pt,7,696,696,0.011421700000000003
add_finegrained1_7AOPH1.pt,7,499,499,0.009342900000000001
add_finegrained1_CHCBHK.pt,7,672,672,0.01418544
add_finegrained1_C8A3V3.pt,7,876,876,0.007795099999999998
add_finegrained1_MQS36U.pt,7,837,837,0.008553060000000001
add_finegrained1_6DTAUZ.pt,7,825,825,0.01883574
add_finegrained1_SL2MGJ.pt,7,1012,1012,0.00444554
add_finegrained1_MY3JZY.pt,7,783,783,0.015541120000000004
add_finegrained1_D6EMFY.pt,7,623,623,0.014746099999999998
add_finegrained1_T2WEHB.pt,7,1103,1103,0.007383879999999998
add_finegrained1_I04XO9.pt,7,534,534,0.00924948
add_finegrained1_ESE5K5.pt,7,524,524,0.006293999999999999
add_finegrained1_AXXIRB.pt,7,479,479,0.019010239999999998
add_finegrained1_5179J0.pt,7,562,562,0.025579360000000006
add_finegrained1_86YPHT.pt,7,210,210,0.021671420000000007
add_finegrained1_KV7U3L.pt,7,248,248,0.019795600000000003
add_finegrained1_NEBE77.pt,7,119,119,0.015438479999999997
add_finegrained1_F1JBIA.pt,7,259,259,0.018275659999999996
add_finegrained1_FL9DYD.pt,7,163,163,0.012788139999999998
add_finegrained1_TLUUPX.pt,7,161,161,0.01446556000000001
add_finegrained1_LU4JY4.pt,7,187,187,0.014406220000000003
add_finegrained1_JIEIAZ.pt,7,214,214,0.012093160000000002
add_finegrained1_A901LX.pt,7,180,180,0.017998139999999996
add_finegrained1_JVYA4J.pt,7,272,272,0.018879900000000005
add_finegrained1_AXDP2V.pt,7,242,242,0.021411160000000002
add_finegrained1_5162AK.pt,7,118,118,0.01910262
add_finegrained1_DX02Q4.pt,7,275,275,0.018390919999999998
add_finegrained1_4XP0DA.pt,7,128,128,0.025068219999999995
add_finegrained1_T49W5C.pt,7,206,206,0.018280799999999996
add_finegrained1_TJGKS1.pt,7,215,215,0.021462980000000003
add_finegrained1_A5AYA0.pt,7,212,212,0.015463320000000004
add_finegrained1_8U8PGR.pt,7,184,184,0.02098686
add_finegrained1_9PMU7O.pt,7,234,234,0.014440060000000001
add_finegrained1_WHQ6O8.pt,7,236,236,0.010462319999999995
add_finegrained1_Y1OUTT.pt,7,520,520,0.0044222
add_finegrained1_KLKMIR.pt,7,770,770,0.009587919999999998
add_finegrained1_NR0XEN.pt,7,706,706,0.020354019999999994
add_finegrained1_ZMM1G7.pt,7,878,878,0.011310019999999999
add_finegrained1_E6WXV5.pt,7,859,859,0.007345600000000001
add_finegrained1_FDMNNG.pt,7,891,891,0.004457620000000001
add_finegrained1_UCXOQ9.pt,7,734,734,0.008070500000000003
add_finegrained1_2SBDD9.pt,7,574,574,0.009378600000000006
add_finegrained1_M2P968.pt,7,650,650,0.018364480000000002
add_finegrained1_5WRMRD.pt,7,811,811,0.00885146
add_finegrained1_JBNF82.pt,7,435,435,0.011251339999999999
add_finegrained1_48PH25.pt,7,655,655,0.007932440000000002
add_finegrained1_EXEST1.pt,7,844,844,0.006961900000000001
add_finegrained1_3KIMTL.pt,7,546,546,0.01788432
add_finegrained1_RFFR5H.pt,7,387,387,0.01292874
add_finegrained1_FMUXRI.pt,7,589,589,0.006443859999999997
add_finegrained1_28MLVI.pt,7,821,821,0.007267600000000001
add_finegrained1_1COTKV.pt,7,624,624,0.005768559999999999
add_finegrained1_Q69R4P.pt,7,879,879,0.011917540000000003
add_finegrained1_L5U1WC.pt,7,701,701,0.009524700000000002
add_finegrained1_VZXWTB.pt,112,10,10,0.00451634
add_finegrained1_BF7U7K.pt,112,7,7,0.004458720000000002
add_finegrained1_0IMFOH.pt,112,11,11,0.0044884400000000015
add_finegrained1_RU81FA.pt,112,8,8,0.0044887
add_finegrained1_67R480.pt,112,14,14,0.004630059999999998
add_finegrained1_JLQBAZ.pt,112,9,9,0.027488080000000005
add_finegrained1_Y80DU4.pt,112,12,12,0.004566359999999999
add_finegrained1_C986KY.pt,112,13,13,0.00451366
add_finegrained1_EM33CT.pt,112,15,15,0.00455274
add_finegrained1_ZRAK73.pt,1,777,777,0.01563292
add_finegrained1_GH3KI3.pt,1,429,429,0.01733064
add_finegrained1_MCTXGL.pt,1,444,444,0.02129495999999999
add_finegrained1_TJAKIU.pt,1,599,599,0.010126279999999996
add_finegrained1_JDKPNY.pt,1,915,915,0.0160265
add_finegrained1_HGUYH0.pt,1,927,927,0.020165540000000003
add_finegrained1_SBDH23.pt,1,643,643,0.013946940000000001
add_finegrained1_0TZSCF.pt,1,706,706,0.02249801999999999
add_finegrained1_AW5IZO.pt,1,693,693,0.017589799999999992
add_finegrained1_OTMME7.pt,1,705,705,0.018866420000000002
add_finegrained1_YFRC0Q.pt,1,580,580,0.020386279999999996
add_finegrained1_9QUYSA.pt,1,801,801,0.016916419999999998
add_finegrained1_HKZ6J9.pt,1,758,758,0.020377280000000005
add_finegrained1_25WIVR.pt,1,494,494,0.02858174
add_finegrained1_FACAH7.pt,1,695,695,0.022667499999999997
add_finegrained1_HIVYR6.pt,1,515,515,0.014471999999999999
add_finegrained1_V8DXM4.pt,1,687,687,0.018612859999999995
add_finegrained1_OQA0US.pt,1,632,632,0.02310115999999999
add_finegrained1_8JCHT7.pt,1,587,587,0.021692380000000004
add_finegrained1_PLYUVS.pt,1,472,472,0.02648262000000001
add_finegrained1_ZQ4TWU.pt,28,10,10,0.023085859999999996
add_finegrained1_S4J0YV.pt,28,7,7,0.0044901
add_finegrained1_4SQZ4W.pt,28,11,11,0.025129460000000003
add_finegrained1_O2ED5V.pt,28,12,12,0.013489440000000004
add_finegrained1_NTCXBZ.pt,28,13,13,0.01911298
add_finegrained1_K6WNO3.pt,28,6,6,0.015477719999999999
add_finegrained1_WWVGD9.pt,28,8,8,0.015655819999999997
add_finegrained1_GKQKLW.pt,28,9,9,0.011003639999999999
add_finegrained1_962K2B.pt,1,716,716,0.028662740000000003
add_finegrained1_M03D3J.pt,1,767,767,0.027681280000000003
add_finegrained1_2CML3I.pt,1,807,807,0.02555853999999999
add_finegrained1_XM5C82.pt,1,564,564,0.018096240000000006
add_finegrained1_1NYSZ3.pt,1,916,916,0.013087860000000007
add_finegrained1_5E064E.pt,1,841,841,0.018886299999999998
add_finegrained1_0PQ0KU.pt,1,836,836,0.025178519999999996
add_finegrained1_X9ZXEO.pt,1,1043,1043,0.01695586
add_finegrained1_QJMEWW.pt,1,932,932,0.01326386
add_finegrained1_1MVYMD.pt,1,1180,1180,0.021298559999999998
add_finegrained1_ZZYIPC.pt,1,619,619,0.028984579999999996
add_finegrained1_XGV5QQ.pt,1,1105,1105,0.025828480000000008
add_finegrained1_7888CS.pt,1,846,846,0.010565879999999996
add_finegrained1_WLGO03.pt,1,1000,1000,0.013540899999999996
add_finegrained1_E8LJ5U.pt,1,976,976,0.02490974
add_finegrained1_XGNQOD.pt,1,738,738,0.016376479999999995
add_finegrained1_FKXLXJ.pt,1,580,580,0.025613799999999992
add_finegrained1_9P0ZS0.pt,1,858,858,0.026143419999999997
add_finegrained1_O4NMDA.pt,1,810,810,0.017970939999999998
add_finegrained1_0PRZOX.pt,1,847,847,0.019237940000000002
add_finegrained1_ND9O5P.pt,7,310,310,0.027326120000000006
add_finegrained1_NJ2VT2.pt,7,496,496,0.018044660000000004
add_finegrained1_H0HPUQ.pt,7,351,351,0.014744779999999997
add_finegrained1_URHZPQ.pt,7,557,557,0.01789742
add_finegrained1_LYGRIO.pt,7,523,523,0.012848859999999997
add_finegrained1_KPQD0J.pt,7,575,575,0.01336697999999999
add_finegrained1_AQOQGN.pt,7,364,364,0.013684820000000002
add_finegrained1_ZW2SUL.pt,7,687,687,0.006787200000000001
add_finegrained1_V6TF9D.pt,7,632,632,0.01860342
add_finegrained1_OFI2Y3.pt,7,512,512,0.008895560000000002
add_finegrained1_WGP0D8.pt,7,689,689,0.008650079999999996
add_finegrained1_5L5X76.pt,7,521,521,0.02084462
add_finegrained1_M4QNHQ.pt,7,493,493,0.019515200000000007
add_finegrained1_5VEBQ0.pt,7,511,511,0.0161818
add_finegrained1_TOO1PO.pt,7,545,545,0.014781160000000005
add_finegrained1_ZNIS0L.pt,7,590,590,0.0131306
add_finegrained1_ACYA9N.pt,7,303,303,0.014670720000000003
add_finegrained1_5I2PWW.pt,7,413,413,0.009435580000000002
add_finegrained1_U5H7YO.pt,7,612,612,0.017943759999999996
add_finegrained1_5OKA67.pt,7,596,596,0.0187408
add_finegrained1_W7P0U7.pt,14,79,79,0.025078599999999996
add_finegrained1_SJZ4Z8.pt,14,109,109,0.016084439999999995
add_finegrained1_IVKLZN.pt,14,95,95,0.020348780000000004
add_finegrained1_CSUW98.pt,14,113,113,0.0044823599999999995
add_finegrained1_YUHE8G.pt,14,94,94,0.01125634
add_finegrained1_A94FNQ.pt,14,107,107,0.02285434
add_finegrained1_S4992O.pt,14,154,154,0.014645419999999998
add_finegrained1_EB8OM3.pt,14,163,163,0.017003479999999998
add_finegrained1_TILSB9.pt,14,84,84,0.016834359999999996
add_finegrained1_QZAAP9.pt,14,143,143,0.016425560000000006
add_finegrained1_NLYWSJ.pt,14,115,115,0.018884140000000004
add_finegrained1_K3HGBI.pt,14,81,81,0.017457900000000002
add_finegrained1_1Y4RVO.pt,14,156,156,0.010310519999999997
add_finegrained1_589Y22.pt,14,87,87,0.011723379999999997
add_finegrained1_W6IIX9.pt,14,100,100,0.017480959999999997
add_finegrained1_69VGZC.pt,14,145,145,0.010315699999999997
add_finegrained1_VROJC4.pt,14,91,91,0.010676380000000003
add_finegrained1_J8OBQN.pt,14,88,88,0.010209679999999999
add_finegrained1_042HET.pt,14,86,86,0.01260928
add_finegrained1_C55G47.pt,14,72,72,0.017910539999999996
add_finegrained1_LXH7ZX.pt,7,92,92,0.024019860000000004
add_finegrained1_CE8DHB.pt,7,137,137,0.02256918
add_finegrained1_DT8K18.pt,7,109,109,0.010348600000000001
add_finegrained1_K2XOE7.pt,7,139,139,0.027097339999999998
add_finegrained1_0Y5C7I.pt,7,147,147,0.01200682
add_finegrained1_A0S5BU.pt,7,84,84,0.01605436
add_finegrained1_INP4Q1.pt,7,74,74,0.019723940000000002
add_finegrained1_ZMZ0IV.pt,7,153,153,0.02311652
add_finegrained1_7GL2HN.pt,7,133,133,0.021289419999999993
add_finegrained1_QKVV8I.pt,7,114,114,0.016566320000000002
add_finegrained1_OB801L.pt,7,136,136,0.015473279999999999
add_finegrained1_P17EU0.pt,7,163,163,0.013849460000000001
add_finegrained1_MIMLDM.pt,7,99,99,0.023897059999999998
add_finegrained1_V8BRM3.pt,7,144,144,0.023304760000000004
add_finegrained1_X1BMEI.pt,7,85,85,0.0213089
add_finegrained1_YXVRY2.pt,7,101,101,0.019781999999999998
add_finegrained1_SQ89ZW.pt,7,161,161,0.023702480000000005
add_finegrained1_4OZ7N3.pt,7,131,131,0.0207303
add_finegrained1_T04ORQ.pt,7,122,122,0.021060220000000004
add_finegrained1_TCU8ZU.pt,7,148,148,0.020217119999999995
add_finegrained1_9KV04Z.pt,14,243,243,0.008903900000000001
add_finegrained1_ZJMLHC.pt,14,176,176,0.011514779999999997
add_finegrained1_X6YCXM.pt,14,147,147,0.004460999999999999
add_finegrained1_XYNH63.pt,14,234,234,0.004946200000000001
add_finegrained1_Y7MUMK.pt,14,236,236,0.012603300000000001
add_finegrained1_LJJPNG.pt,14,316,316,0.004585720000000001
add_finegrained1_LYUDJT.pt,14,267,267,0.008043439999999999
add_finegrained1_8M4VVV.pt,14,139,139,0.0132432
add_finegrained1_PECMUH.pt,14,206,206,0.004469099999999999
add_finegrained1_SK40NG.pt,14,297,297,0.004514720000000001
add_finegrained1_RSGYSS.pt,14,141,141,0.014181039999999994
add_finegrained1_9L5VTI.pt,14,219,219,0.00692182
add_finegrained1_CI19K9.pt,14,249,249,0.005215260000000002
add_finegrained1_WF9JQM.pt,14,301,301,0.00443924
add_finegrained1_N5CFU2.pt,14,280,280,0.0064031600000000015
add_finegrained1_9FF07X.pt,14,149,149,0.01208852
add_finegrained1_FO9MLG.pt,14,142,142,0.01501172
add_finegrained1_1VO4A7.pt,14,241,241,0.008865580000000001
add_finegrained1_50CGXU.pt,14,262,262,0.008051339999999999
add_finegrained1_YKWZLK.pt,14,271,271,0.0044373799999999994
add_finegrained1_B1MH0D.pt,14,110,110,0.01716932
add_finegrained1_BEVFIM.pt,14,64,64,0.015225440000000002
add_finegrained1_0LV2ZS.pt,14,99,99,0.01634726
add_finegrained1_4DSRIX.pt,14,102,102,0.01875468
add_finegrained1_26LVVP.pt,14,58,58,0.0176482
add_finegrained1_S8NAEH.pt,14,92,92,0.011302920000000001
add_finegrained1_K7GJZT.pt,14,122,122,0.016568700000000006
add_finegrained1_JR0IE1.pt,14,90,90,0.019095699999999997
add_finegrained1_E9YZK2.pt,14,72,72,0.017724359999999998
add_finegrained1_HYCIP2.pt,14,105,105,0.005579560000000001
add_finegrained1_L15CCX.pt,14,129,129,0.010450980000000006
add_finegrained1_B4JNL9.pt,14,65,65,0.012051419999999997
add_finegrained1_M7MM7W.pt,14,71,71,0.018211939999999996
add_finegrained1_F45WGS.pt,14,66,66,0.00703528
add_finegrained1_TUTTAX.pt,14,63,63,0.012903880000000012
add_finegrained1_60NXUZ.pt,14,79,79,0.01823547999999999
add_finegrained1_MAA390.pt,14,104,104,0.012190640000000006
add_finegrained1_MUPPFE.pt,14,60,60,0.01783195999999999
add_finegrained1_W0Z8DS.pt,14,81,81,0.015705860000000002
add_finegrained1_U5ZSYO.pt,14,121,121,0.00840276
add_finegrained1_UAW92O.pt,14,309,309,0.004463559999999999
add_finegrained1_4JQU7G.pt,14,175,175,0.008203700000000003
add_finegrained1_298A9M.pt,14,289,289,0.00802388
add_finegrained1_NSX78P.pt,14,306,306,0.01392618
add_finegrained1_HCLGHN.pt,14,238,238,0.007158419999999999
add_finegrained1_O82PS6.pt,14,140,140,0.015822539999999993
add_finegrained1_3OSYXN.pt,14,180,180,0.01554316
add_finegrained1_XYBTV5.pt,14,154,154,0.015389819999999993
add_finegrained1_1PTU9R.pt,14,225,225,0.015985020000000003
add_finegrained1_13X3XO.pt,14,297,297,0.004447520000000001
add_finegrained1_2FM80E.pt,14,276,276,0.0044803199999999994
add_finegrained1_MX4ZOW.pt,14,268,268,0.004459660000000001
add_finegrained1_432E9B.pt,14,293,293,0.00439672
add_finegrained1_UBKM9A.pt,14,234,234,0.0044744599999999995
add_finegrained1_35HFQO.pt,14,242,242,0.005921060000000001
add_finegrained1_43VS2Y.pt,14,301,301,0.00492228
add_finegrained1_G2UQX4.pt,14,131,131,0.012162499999999994
add_finegrained1_84I6U7.pt,14,275,275,0.0045185799999999995
add_finegrained1_HKQNFG.pt,14,183,183,0.028410019999999994
add_finegrained1_VHYN57.pt,14,192,192,0.018367240000000003
add_finegrained1_B9LCNF.pt,7,799,799,0.004524779999999999
add_finegrained1_Q2GHYV.pt,7,812,812,0.00530694
add_finegrained1_YUEG6Q.pt,7,800,800,0.0055728
add_finegrained1_EGEXOV.pt,7,651,651,0.004485920000000001
add_finegrained1_SZHP0F.pt,7,826,826,0.0064081599999999996
add_finegrained1_FECNRR.pt,7,863,863,0.005247000000000001
add_finegrained1_BPBPL5.pt,7,726,726,0.013777080000000002
add_finegrained1_JWGLHB.pt,7,810,810,0.014646660000000008
add_finegrained1_SXYRMC.pt,7,801,801,0.0146766
add_finegrained1_7Y6LEM.pt,7,873,873,0.004526919999999999
add_finegrained1_3IGC6H.pt,7,734,734,0.00943856
add_finegrained1_4XUV2Y.pt,7,916,916,0.004478160000000001
add_finegrained1_OTNNCY.pt,7,772,772,0.00585646
add_finegrained1_47DN47.pt,7,494,494,0.0050164400000000005
add_finegrained1_TUEPZ5.pt,7,702,702,0.00840254
add_finegrained1_CKLCS4.pt,7,535,535,0.011945799999999998
add_finegrained1_KAJM3B.pt,7,710,710,0.019545140000000006
add_finegrained1_MKS3C8.pt,7,401,401,0.02088336
add_finegrained1_S0RSQE.pt,7,554,554,0.006651999999999999
add_finegrained1_0XG8J7.pt,7,858,858,0.004486880000000001
add_finegrained1_MBSQX2.pt,14,154,154,0.021934719999999994
add_finegrained1_JFZMFC.pt,14,260,260,0.004472060000000001
add_finegrained1_IHPDQE.pt,14,259,259,0.0045324
add_finegrained1_GQTM7F.pt,14,159,159,0.007500539999999997
add_finegrained1_DEVR0A.pt,14,169,169,0.00913042
add_finegrained1_0DPXYE.pt,14,151,151,0.015730080000000007
add_finegrained1_CY49PG.pt,14,233,233,0.007352920000000001
add_finegrained1_OAUK8O.pt,14,185,185,0.005333879999999998
add_finegrained1_RDUVYM.pt,14,196,196,0.004475300000000001
add_finegrained1_SOQK73.pt,14,124,124,0.022813219999999988
add_finegrained1_53MS88.pt,14,246,246,0.006679339999999998
add_finegrained1_25FBY9.pt,14,244,244,0.01306484
add_finegrained1_8K2S55.pt,14,226,226,0.0060510600000000005
add_finegrained1_G41VV9.pt,14,250,250,0.0067626599999999985
add_finegrained1_LHT23H.pt,14,223,223,0.00450986
add_finegrained1_B32BGI.pt,14,263,263,0.0049312800000000006
add_finegrained1_AKC9YA.pt,14,188,188,0.01749296
add_finegrained1_V2IPUF.pt,14,126,126,0.014899319999999995
add_finegrained1_8M1YRZ.pt,14,257,257,0.0045081
add_finegrained1_6PUA4O.pt,14,143,143,0.008393139999999999
add_finegrained1_28QV9V.pt,14,251,251,0.004488700000000001
add_finegrained1_JOU174.pt,14,234,234,0.00449676
add_finegrained1_O1Q2LL.pt,14,286,286,0.004524039999999999
add_finegrained1_02GH20.pt,14,277,277,0.013705220000000004
add_finegrained1_TZU7NN.pt,14,187,187,0.0044875600000000015
add_finegrained1_2YCA46.pt,14,293,293,0.011243699999999997
add_finegrained1_VMCXHN.pt,14,159,159,0.005667280000000002
add_finegrained1_NDW2SC.pt,14,338,338,0.004524000000000002
add_finegrained1_31OCNP.pt,14,283,283,0.010441780000000001
add_finegrained1_N53A16.pt,14,185,185,0.012267220000000002
add_finegrained1_AWSIPV.pt,14,329,329,0.007716520000000002
add_finegrained1_FGMYCX.pt,14,235,235,0.011258139999999998
add_finegrained1_RF2YKI.pt,14,213,213,0.007305600000000001
add_finegrained1_L8AUV0.pt,14,265,265,0.004454260000000001
add_finegrained1_XNIQFC.pt,14,245,245,0.004400599999999999
add_finegrained1_23XO8U.pt,14,150,150,0.011986780000000004
add_finegrained1_1OLKHZ.pt,14,345,345,0.004540860000000001
add_finegrained1_K0KARV.pt,14,262,262,0.004460740000000001
add_finegrained1_CBNB0J.pt,14,305,305,0.004483740000000001
add_finegrained1_ZPK9TV.pt,14,343,343,0.00446864
add_finegrained1_FOTFL7.pt,28,33,33,0.004726000000000001
add_finegrained1_PMAF4I.pt,28,28,28,0.019739720000000002
add_finegrained1_EH7KX7.pt,28,36,36,0.014667279999999994
add_finegrained1_AWNNLD.pt,28,31,31,0.016571640000000002
add_finegrained1_RE2KPZ.pt,28,34,34,0.004456879999999999
add_finegrained1_STM556.pt,28,29,29,0.010025419999999998
add_finegrained1_1TBIPK.pt,28,41,41,0.010220319999999998
add_finegrained1_JVQVE2.pt,28,22,22,0.013147899999999999
add_finegrained1_VG05QT.pt,28,30,30,0.017823620000000002
add_finegrained1_AGUNJS.pt,28,23,23,0.017845140000000002
add_finegrained1_XE22HA.pt,28,32,32,0.014463559999999997
add_finegrained1_1O33K0.pt,28,25,25,0.018430720000000005
add_finegrained1_H6PJ6R.pt,28,26,26,0.015956139999999997
add_finegrained1_ZED9AQ.pt,28,27,27,0.00449576
add_finegrained1_Z9D5N7.pt,28,21,21,0.028381160000000002
add_finegrained1_TCJIIF.pt,28,39,39,0.01919486
add_finegrained1_PJ3R95.pt,28,38,38,0.014960399999999993
add_finegrained1_K1TOZP.pt,28,42,42,0.013333639999999994
add_finegrained1_UICDRE.pt,28,24,24,0.013605559999999994
add_finegrained1_V26PR4.pt,28,19,19,0.020752299999999998
add_finegrained1_HVTZAV.pt,14,21,21,0.02844666000000001
add_finegrained1_5QTCCT.pt,14,33,33,0.026515059999999993
add_finegrained1_A5PCPJ.pt,14,37,37,0.01524044
add_finegrained1_281GD9.pt,14,30,30,0.021649599999999998
add_finegrained1_B1JHLW.pt,14,39,39,0.024147280000000004
add_finegrained1_XNMKV8.pt,14,18,18,0.028323180000000003
add_finegrained1_SKGDUV.pt,14,31,31,0.013895939999999996
add_finegrained1_3FE5HQ.pt,14,25,25,0.017959840000000005
add_finegrained1_FYCHGS.pt,14,29,29,0.02089954
add_finegrained1_NVLKQV.pt,14,32,32,0.019207699999999998
add_finegrained1_7XQNRU.pt,14,17,17,0.020732679999999993
add_finegrained1_HSOMU2.pt,14,19,19,0.02421222000000001
add_finegrained1_JPYCZE.pt,14,40,40,0.0168973
add_finegrained1_VTWA40.pt,14,27,27,0.0190692
add_finegrained1_KOPS66.pt,14,36,36,0.01797518
add_finegrained1_6R2XMX.pt,14,34,34,0.024642979999999995
add_finegrained1_433J48.pt,14,26,26,0.02147106
add_finegrained1_KSYD7T.pt,14,24,24,0.023316700000000003
add_finegrained1_ITGR0J.pt,14,22,22,0.020832679999999996
add_finegrained1_R4MPHM.pt,14,23,23,0.016853359999999994
add_finegrained1_EF0A7P.pt,14,10,10,0.010986620000000002
add_finegrained1_W98E27.pt,14,11,11,0.02371716000000001
add_finegrained1_7AMKME.pt,14,13,13,0.02833805999999999
add_finegrained1_36G1JO.pt,14,12,12,0.004460639999999999
add_finegrained1_UXBA0G.pt,14,8,8,0.016775499999999995
add_finegrained1_3X1I1G.pt,14,7,7,0.02347416
add_finegrained1_2W7J82.pt,14,6,6,0.021275239999999997
add_finegrained1_3PT2GE.pt,14,9,9,0.020810079999999998
add_finegrained1_5Q48RI.pt,14,14,14,0.004689580000000002
add_finegrained1_EP3DXU.pt,56,10,10,0.00471448
add_finegrained1_UBUIN0.pt,56,7,7,0.014765599999999999
add_finegrained1_2PYUF6.pt,56,6,6,0.017408959999999998
add_finegrained1_S8ZGC8.pt,56,8,8,0.017469040000000005
add_finegrained1_7QZGVK.pt,56,11,11,0.012285840000000006
add_finegrained1_TLM1OW.pt,56,12,12,0.0079821
add_finegrained1_I6PICY.pt,56,5,5,0.015754899999999995
add_finegrained1_AVVL09.pt,56,9,9,0.012171339999999996
add_finegrained1_U01CLX.pt,14,53,53,0.01838846
add_finegrained1_LYJIIW.pt,14,39,39,0.015009439999999999
add_finegrained1_MZD55T.pt,14,75,75,0.01464324
add_finegrained1_A6FU72.pt,14,40,40,0.01822844
add_finegrained1_7ZJXLX.pt,14,76,76,0.017530119999999996
add_finegrained1_S99J63.pt,14,91,91,0.022148740000000004
add_finegrained1_KHIH1F.pt,14,81,81,0.014856120000000002
add_finegrained1_E8UPFT.pt,14,80,80,0.017666580000000005
add_finegrained1_XPP2GW.pt,14,56,56,0.01317914
add_finegrained1_06GY3B.pt,14,92,92,0.023137419999999995
add_finegrained1_XYHG9C.pt,14,77,77,0.02141280000000001
add_finegrained1_5V1ZR3.pt,14,46,46,0.020350000000000007
add_finegrained1_L7ZF9L.pt,14,70,70,0.01901526
add_finegrained1_U6Z5X2.pt,14,59,59,0.015728
add_finegrained1_JFYFJ4.pt,14,82,82,0.019449800000000003
add_finegrained1_5GDY0X.pt,14,64,64,0.01472664
add_finegrained1_K8923D.pt,14,63,63,0.018914119999999993
add_finegrained1_FTHNN6.pt,14,58,58,0.01993702
add_finegrained1_RKL2I3.pt,14,60,60,0.01935956
add_finegrained1_OQCV5E.pt,14,89,89,0.014144900000000002
add_finegrained1_5FQAZL.pt,14,237,237,0.004470079999999999
add_finegrained1_B51XFN.pt,14,146,146,0.007850119999999999
add_finegrained1_7KB6UU.pt,14,121,121,0.02026953999999999
add_finegrained1_5IPC8M.pt,14,275,275,0.004528159999999999
add_finegrained1_USMVFD.pt,14,235,235,0.0066143999999999994
add_finegrained1_Y3JQL6.pt,14,273,273,0.004496140000000002
add_finegrained1_1QBRFH.pt,14,144,144,0.011110920000000003
add_finegrained1_BL2KK8.pt,14,222,222,0.009879239999999997
add_finegrained1_6XS1HI.pt,14,135,135,0.013998220000000004
add_finegrained1_K1P3VJ.pt,14,173,173,0.009228540000000006
add_finegrained1_RXDN1M.pt,14,182,182,0.005711680000000004
add_finegrained1_01K0DL.pt,14,122,122,0.0094801
add_finegrained1_78GJRN.pt,14,272,272,0.0052876400000000014
add_finegrained1_7185K7.pt,14,233,233,0.004556060000000001
add_finegrained1_IKK4YI.pt,14,255,255,0.009162759999999999
add_finegrained1_R62I9J.pt,14,145,145,0.013420039999999996
add_finegrained1_RF2P8F.pt,14,276,276,0.004500359999999999
add_finegrained1_V3D1T9.pt,14,282,282,0.004488359999999999
add_finegrained1_4J0WA3.pt,14,251,251,0.02046986
add_finegrained1_G1T7NT.pt,14,196,196,0.005002680000000001
add_finegrained1_86REYC.pt,28,34,34,0.014367879999999994
add_finegrained1_1CRJYR.pt,28,33,33,0.02127218
add_finegrained1_T5SB58.pt,28,48,48,0.0044315000000000005
add_finegrained1_ZJTLOK.pt,28,42,42,0.013102159999999996
add_finegrained1_Q8ZFBK.pt,28,25,25,0.01434984
add_finegrained1_Q8B12D.pt,28,38,38,0.019836580000000006
add_finegrained1_1IMGM1.pt,28,47,47,0.01211594
add_finegrained1_DZYXJU.pt,28,43,43,0.01232896
add_finegrained1_ZUXGO5.pt,28,24,24,0.014818240000000003
add_finegrained1_XLX4XR.pt,28,41,41,0.014257160000000001
add_finegrained1_193EC8.pt,28,39,39,0.00714904
add_finegrained1_HQVPD5.pt,28,44,44,0.011393840000000002
add_finegrained1_WY9Y6P.pt,28,51,51,0.008153560000000002
add_finegrained1_J4L7KD.pt,28,35,35,0.009937839999999998
add_finegrained1_5KZZQD.pt,28,31,31,0.01586906
add_finegrained1_1ZVN0Y.pt,28,27,27,0.010432140000000001
add_finegrained1_TBTEQ6.pt,28,37,37,0.014014
add_finegrained1_KNLPBO.pt,28,40,40,0.009247480000000004
add_finegrained1_9T2UKN.pt,28,32,32,0.009249439999999998
add_finegrained1_L2SV31.pt,28,23,23,0.01939146
add_finegrained1_FRHL9Z.pt,14,181,181,0.008173799999999998
add_finegrained1_H4VSW3.pt,14,147,147,0.0046987
add_finegrained1_N58ABK.pt,14,203,203,0.00535354
add_finegrained1_PYRH4F.pt,14,205,205,0.019613359999999996
add_finegrained1_GABV69.pt,14,123,123,0.021849280000000013
add_finegrained1_J9Q3AY.pt,14,129,129,0.019683719999999995
add_finegrained1_WRS0CZ.pt,14,91,91,0.012108120000000002
add_finegrained1_3MIBWX.pt,14,141,141,0.016233579999999994
add_finegrained1_LRJD1D.pt,14,110,110,0.019524399999999994
add_finegrained1_W0WLMK.pt,14,125,125,0.012835160000000005
add_finegrained1_Z55Y85.pt,14,113,113,0.01776295999999999
add_finegrained1_VL3VNW.pt,14,158,158,0.01026816
add_finegrained1_I0FYSE.pt,14,108,108,0.017094879999999996
add_finegrained1_9ZX1QR.pt,14,178,178,0.020152560000000003
add_finegrained1_HII8P0.pt,14,185,185,0.009143280000000002
add_finegrained1_ZG4N8U.pt,14,103,103,0.006372720000000002
add_finegrained1_7W87VY.pt,14,174,174,0.009291380000000002
add_finegrained1_ZYQF8X.pt,14,198,198,0.00775186
add_finegrained1_J064PP.pt,14,210,210,0.010292980000000002
add_finegrained1_X4L4M5.pt,14,120,120,0.005664979999999999
add_finegrained1_1FUXW5.pt,1,312,312,0.02494504000000001
add_finegrained1_2VD4UW.pt,1,221,221,0.017643980000000004
add_finegrained1_J7LCIE.pt,1,321,321,0.019874120000000002
add_finegrained1_KNM2IA.pt,1,238,238,0.028219900000000006
add_finegrained1_5XG9L1.pt,1,243,243,0.02050628
add_finegrained1_7BKT8D.pt,1,293,293,0.025414259999999987
add_finegrained1_QSIM86.pt,1,197,197,0.00468184
add_finegrained1_OWOVNL.pt,1,421,421,0.028293320000000004
add_finegrained1_8BHPWU.pt,1,385,385,0.024546559999999995
add_finegrained1_JH4KJ5.pt,1,354,354,0.022843939999999997
add_finegrained1_4NDLHJ.pt,1,405,405,0.027400859999999992
add_finegrained1_RNKK5H.pt,1,213,213,0.0251372
add_finegrained1_KI5BZY.pt,1,340,340,0.022914840000000002
add_finegrained1_QEZYQV.pt,1,269,269,0.019993880000000006
add_finegrained1_BM1QL5.pt,1,231,231,0.026083180000000004
add_finegrained1_5DF6HC.pt,1,233,233,0.022549319999999994
add_finegrained1_D0P0V3.pt,1,358,358,0.021330159999999997
add_finegrained1_DJJ4Q8.pt,1,402,402,0.020634639999999996
add_finegrained1_3DFQ6Q.pt,1,324,324,0.0176439
add_finegrained1_NOFXAQ.pt,1,273,273,0.019836539999999993
add_finegrained1_A6QRQ9.pt,14,80,80,0.012649599999999993
add_finegrained1_IN5613.pt,14,76,76,0.016670099999999997
add_finegrained1_U6HYML.pt,14,113,113,0.010670980000000002
add_finegrained1_Y3H6BU.pt,14,103,103,0.014255220000000006
add_finegrained1_AY5IJ2.pt,14,125,125,0.013215199999999993
add_finegrained1_62OEDT.pt,14,131,131,0.0055241000000000005
add_finegrained1_Z7FQGB.pt,14,75,75,0.014634339999999997
add_finegrained1_48XPOD.pt,14,153,153,0.008774059999999998
add_finegrained1_27YKN0.pt,14,110,110,0.012918360000000009
add_finegrained1_PMIGNX.pt,14,124,124,0.007984439999999999
add_finegrained1_F0JTFF.pt,14,122,122,0.023710179999999997
add_finegrained1_WABV1J.pt,14,94,94,0.014588600000000007
add_finegrained1_9HR3FQ.pt,14,126,126,0.020570039999999998
add_finegrained1_5JZRUZ.pt,14,72,72,0.015916760000000002
add_finegrained1_SZBSLU.pt,14,129,129,0.01650364
add_finegrained1_QBLV04.pt,14,134,134,0.0160799
add_finegrained1_PKCNUQ.pt,14,70,70,0.01322462000000001
add_finegrained1_A9WTMS.pt,14,81,81,0.017821100000000003
add_finegrained1_WBTJZX.pt,14,109,109,0.014032719999999999
add_finegrained1_EEXN76.pt,14,127,127,0.01548732
add_finegrained1_V8IICV.pt,14,107,107,0.016889200000000004
add_finegrained1_CJASF7.pt,14,62,62,0.01787498
add_finegrained1_KYWVLL.pt,14,120,120,0.01879862
add_finegrained1_LG1KVA.pt,14,78,78,0.016802699999999997
add_finegrained1_27H3HM.pt,14,81,81,0.02084878
add_finegrained1_4031K5.pt,14,133,133,0.012089879999999999
add_finegrained1_743NI3.pt,14,132,132,0.00960008
add_finegrained1_0AWXJM.pt,14,113,113,0.014371259999999995
add_finegrained1_2DD4PM.pt,14,86,86,0.020467999999999997
add_finegrained1_PRP0RH.pt,14,94,94,0.011295060000000006
add_finegrained1_SHWAWA.pt,14,93,93,0.020387819999999997
add_finegrained1_BONZDG.pt,14,105,105,0.019457499999999996
add_finegrained1_LVSTYP.pt,14,75,75,0.01910738
add_finegrained1_5AXX61.pt,14,112,112,0.014993660000000002
add_finegrained1_FW07GR.pt,14,63,63,0.010516799999999995
add_finegrained1_FYV0NL.pt,14,114,114,0.021114660000000004
add_finegrained1_JAIWHB.pt,14,71,71,0.00440782
add_finegrained1_HZEAU3.pt,14,129,129,0.022839180000000004
add_finegrained1_DZ15YV.pt,14,72,72,0.018473820000000002
add_finegrained1_S1S84X.pt,14,88,88,0.02061372
add_finegrained1_N7T5NZ.pt,14,169,169,0.014206879999999995
add_finegrained1_GV9579.pt,14,284,284,0.010526180000000001
add_finegrained1_24D991.pt,14,232,232,0.00440332
add_finegrained1_HHVJZJ.pt,14,213,213,0.010821760000000003
add_finegrained1_0T7VPQ.pt,14,208,208,0.00591444
add_finegrained1_99OT28.pt,14,214,214,0.00449802
add_finegrained1_VIXYUG.pt,14,271,271,0.010487600000000001
add_finegrained1_BF7EEG.pt,14,136,136,0.0044773600000000005
add_finegrained1_V84PUB.pt,14,161,161,0.010779460000000003
add_finegrained1_FJL16C.pt,14,217,217,0.00758004
add_finegrained1_IKSEFQ.pt,14,147,147,0.011345660000000002
add_finegrained1_U7HAZN.pt,14,233,233,0.010457100000000002
add_finegrained1_E1JPWS.pt,14,241,241,0.006086299999999998
add_finegrained1_CXJNJN.pt,14,268,268,0.0044712000000000016
add_finegrained1_MXFD01.pt,14,246,246,0.0044412600000000016
add_finegrained1_FXYH0F.pt,14,220,220,0.016438140000000004
add_finegrained1_K5SH85.pt,14,178,178,0.010818600000000003
add_finegrained1_194BUB.pt,14,215,215,0.006405359999999998
add_finegrained1_PNMURQ.pt,14,231,231,0.008572840000000002
add_finegrained1_7OY9TN.pt,14,188,188,0.008755900000000002
add_finegrained1_GX0IKM.pt,14,128,128,0.018786819999999996
add_finegrained1_7JLS00.pt,14,132,132,0.012275800000000005
add_finegrained1_Q1V1WM.pt,14,196,196,0.012093979999999997
add_finegrained1_BG60XI.pt,14,191,191,0.004573299999999999
add_finegrained1_YCC0UG.pt,14,152,152,0.01196529999999999
add_finegrained1_3RY17M.pt,14,175,175,0.01764545999999999
add_finegrained1_E2N3RO.pt,14,107,107,0.018002179999999993
add_finegrained1_RET9JJ.pt,14,146,146,0.015079500000000001
add_finegrained1_4SXQRV.pt,14,101,101,0.014938119999999997
add_finegrained1_C3Q867.pt,14,203,203,0.009701259999999998
add_finegrained1_4O4538.pt,14,120,120,0.012769480000000001
add_finegrained1_2AJMIW.pt,14,100,100,0.017355139999999998
add_finegrained1_DMH012.pt,14,150,150,0.008393800000000002
add_finegrained1_Z8RR4I.pt,14,117,117,0.011605180000000003
add_finegrained1_VYO2YB.pt,14,138,138,0.008076540000000002
add_finegrained1_9381ND.pt,14,124,124,0.015914720000000004
add_finegrained1_SVB7U3.pt,14,182,182,0.01274721999999999
add_finegrained1_3HM5BX.pt,14,142,142,0.014804900000000005
add_finegrained1_C5UKWO.pt,14,167,167,0.01624482
add_finegrained1_8YURSP.pt,14,178,178,0.013958339999999998
add_finegrained1_8GSMFW.pt,14,38,38,0.015558679999999993
add_finegrained1_0U1FKH.pt,14,39,39,0.024417979999999995
add_finegrained1_IQ8UOQ.pt,14,31,31,0.028328120000000002
add_finegrained1_YWW2WR.pt,14,36,36,0.024338420000000003
add_finegrained1_TUU9YL.pt,14,42,42,0.012408219999999994
add_finegrained1_P123Q7.pt,14,37,37,0.028638200000000006
add_finegrained1_Z80ZUC.pt,14,29,29,0.00446196
add_finegrained1_KGUXPO.pt,14,28,28,0.02919626
add_finegrained1_MSVOSP.pt,14,18,18,0.0229633
add_finegrained1_178AJC.pt,14,27,27,0.021800019999999996
add_finegrained1_XSXLCM.pt,14,24,24,0.021827979999999997
add_finegrained1_SHR53B.pt,14,41,41,0.02319269999999999
add_finegrained1_GPGSFD.pt,14,20,20,0.02293962
add_finegrained1_A2MHGR.pt,14,33,33,0.014082600000000008
add_finegrained1_U8OMJW.pt,14,30,30,0.02252672
add_finegrained1_E7OTJR.pt,14,19,19,0.022853419999999992
add_finegrained1_UQ1B4Y.pt,14,21,21,0.024327520000000002
add_finegrained1_IAEI7R.pt,14,32,32,0.02457306
add_finegrained1_JNEQAP.pt,14,23,23,0.021028040000000008
add_finegrained1_LNO9S1.pt,14,35,35,0.01326354
add_finegrained1_6SK0JT.pt,14,26,26,0.01783242
add_finegrained1_ABWEWS.pt,14,36,36,0.021708519999999995
add_finegrained1_C266HF.pt,14,35,35,0.02261296
add_finegrained1_3459Q1.pt,14,31,31,0.011194559999999997
add_finegrained1_E6426J.pt,14,32,32,0.027466199999999993
add_finegrained1_RGGCIT.pt,14,19,19,0.02274880000000001
add_finegrained1_A0HSEE.pt,14,17,17,0.02159836000000001
add_finegrained1_IEE0A2.pt,14,27,27,0.027549579999999997
add_finegrained1_U77O57.pt,14,37,37,0.02470778
add_finegrained1_XNE1SZ.pt,14,39,39,0.020851660000000004
add_finegrained1_Z0VF35.pt,14,20,20,0.028748460000000007
add_finegrained1_2Q664Q.pt,14,22,22,0.026585999999999995
add_finegrained1_5BJD7I.pt,14,30,30,0.025102560000000006
add_finegrained1_XW8NBW.pt,14,18,18,0.02823980000000001
add_finegrained1_VUBZC8.pt,14,29,29,0.024784219999999996
add_finegrained1_6R018Q.pt,14,33,33,0.0227641
add_finegrained1_JQJUJL.pt,14,23,23,0.01937590000000001
add_finegrained1_2N5FBR.pt,14,38,38,0.020565039999999993
add_finegrained1_J21XTB.pt,14,25,25,0.02813704
add_finegrained1_CHSDFI.pt,14,34,34,0.0213401
add_finegrained1_FKZ01G.pt,7,447,447,0.010640980000000001
add_finegrained1_A3RRRU.pt,7,337,337,0.014568919999999996
add_finegrained1_2V1RRV.pt,7,324,324,0.011249519999999995
add_finegrained1_FPD9JZ.pt,7,460,460,0.013626920000000002
add_finegrained1_WQH0RW.pt,7,294,294,0.017005420000000007
add_finegrained1_7TXPS8.pt,7,576,576,0.015623340000000001
add_finegrained1_FO2Y2Y.pt,7,304,304,0.012997659999999996
add_finegrained1_M4K8FI.pt,7,653,653,0.028047980000000004
add_finegrained1_P9UIRC.pt,7,441,441,0.010257079999999998
add_finegrained1_GF3TT8.pt,7,664,664,0.014899720000000005
add_finegrained1_YTL33P.pt,7,511,511,0.012120599999999999
add_finegrained1_1KQ79I.pt,7,377,377,0.017071879999999998
add_finegrained1_ZPOXDG.pt,7,450,450,0.013532160000000001
add_finegrained1_JBQ36S.pt,7,453,453,0.010439860000000002
add_finegrained1_0GWFUU.pt,7,331,331,0.014955420000000004
add_finegrained1_H90XNF.pt,7,363,363,0.011374620000000004
add_finegrained1_PQKTA9.pt,7,300,300,0.0044559
add_finegrained1_ZV96QO.pt,7,330,330,0.023703380000000003
add_finegrained1_DQTH63.pt,7,592,592,0.01212178
add_finegrained1_LOCB78.pt,7,406,406,0.017402920000000002
add_finegrained1_0AKR98.pt,1,519,519,0.020792480000000002
add_finegrained1_CICR73.pt,1,866,866,0.019463060000000004
add_finegrained1_NMIIR2.pt,1,1048,1048,0.013232860000000006
add_finegrained1_STQIGF.pt,1,513,513,0.019612440000000002
add_finegrained1_81EFQF.pt,1,821,821,0.02071344
add_finegrained1_NO7836.pt,1,570,570,0.021332020000000004
add_finegrained1_O6E3A2.pt,1,925,925,0.023534659999999992
add_finegrained1_9JUQMI.pt,1,982,982,0.021512940000000005
add_finegrained1_3I4VN6.pt,1,625,625,0.01440642000000001
add_finegrained1_JPZS1U.pt,1,686,686,0.018221160000000004
add_finegrained1_ECER6X.pt,1,655,655,0.01759742
add_finegrained1_X0U0N6.pt,1,876,876,0.012631119999999996
add_finegrained1_TXFD2D.pt,1,545,545,0.017789799999999998
add_finegrained1_8RI33T.pt,1,711,711,0.02027938
add_finegrained1_8EP9JU.pt,1,778,778,0.024241000000000006
add_finegrained1_4F2TZX.pt,1,889,889,0.023312860000000008
add_finegrained1_JLAPUS.pt,1,571,571,0.023337360000000005
add_finegrained1_APINGV.pt,1,481,481,0.01127452
add_finegrained1_GATZNU.pt,1,748,748,0.019485340000000004
add_finegrained1_74OIKL.pt,1,515,515,0.01877548
add_finegrained1_OSHUN1.pt,14,83,83,0.007507819999999999
add_finegrained1_LVA2QZ.pt,14,51,51,0.01662028
add_finegrained1_6N5ZAI.pt,14,77,77,0.02461896
add_finegrained1_OZ8RNG.pt,14,60,60,0.024799339999999993
add_finegrained1_6WMQ4H.pt,14,36,36,0.024291160000000006
add_finegrained1_SEOEWD.pt,14,57,57,0.019778959999999995
add_finegrained1_5SEYRP.pt,14,58,58,0.013404300000000003
add_finegrained1_VX1ZDA.pt,14,66,66,0.02330168
add_finegrained1_L208DM.pt,14,55,55,0.028126099999999998
add_finegrained1_W6QRJ7.pt,14,78,78,0.025442320000000004
add_finegrained1_OXNBC7.pt,14,44,44,0.015164359999999998
add_finegrained1_BNFXBT.pt,14,54,54,0.018839320000000003
add_finegrained1_FKLJK3.pt,14,46,46,0.01243524
add_finegrained1_3GGKCA.pt,14,64,64,0.016392000000000004
add_finegrained1_XFU7HY.pt,14,39,39,0.028522380000000007
add_finegrained1_YK0GKR.pt,14,50,50,0.019713800000000007
add_finegrained1_KCI5IV.pt,14,75,75,0.019862440000000002
add_finegrained1_PM4USH.pt,14,69,69,0.017863360000000005
add_finegrained1_HB2TF8.pt,14,61,61,0.01792974
add_finegrained1_KA3LON.pt,14,62,62,0.01124218
add_finegrained1_K0OUQ3.pt,14,109,109,0.01626439999999999
add_finegrained1_HBE4XA.pt,14,130,130,0.011933899999999996
add_finegrained1_FWZHUU.pt,14,120,120,0.009716540000000003
add_finegrained1_8VNBOF.pt,14,96,96,0.011335259999999996
add_finegrained1_F9M3H0.pt,14,69,69,0.02109810000000001
add_finegrained1_BM9U5A.pt,14,71,71,0.02314783999999999
add_finegrained1_BA36JG.pt,14,63,63,0.004459340000000001
add_finegrained1_Y5E7HZ.pt,14,135,135,0.004472800000000002
add_finegrained1_PMYHA7.pt,14,103,103,0.017610860000000002
add_finegrained1_MXUOVG.pt,14,76,76,0.02008738
add_finegrained1_UYJBW3.pt,14,133,133,0.023488720000000005
add_finegrained1_K1B8BV.pt,14,140,140,0.018934979999999997
add_finegrained1_44848G.pt,14,88,88,0.018727860000000006
add_finegrained1_NPKRBO.pt,14,66,66,0.015829060000000002
add_finegrained1_QVQ1XM.pt,14,116,116,0.012906939999999995
add_finegrained1_VPHZFM.pt,14,138,138,0.011199240000000004
add_finegrained1_6ZT69M.pt,14,83,83,0.009249020000000004
add_finegrained1_1CTHMC.pt,14,122,122,0.012909619999999997
add_finegrained1_IS59KO.pt,14,128,128,0.008529420000000003
add_finegrained1_8ILMBH.pt,14,127,127,0.012304040000000002
add_finegrained1_6ZWVY7.pt,7,41,41,0.014004220000000003
add_finegrained1_ZHY0HR.pt,7,45,45,0.02214418
add_finegrained1_UHXWV2.pt,7,62,62,0.018473000000000003
add_finegrained1_FP63NN.pt,7,78,78,0.021827460000000003
add_finegrained1_NEUVOE.pt,7,68,68,0.014475099999999998
add_finegrained1_HWBEQ2.pt,7,42,42,0.015659919999999997
add_finegrained1_WZGTCZ.pt,7,60,60,0.017016620000000003
add_finegrained1_2EGRUK.pt,7,81,81,0.0191234
add_finegrained1_WB7QMF.pt,7,79,79,0.02017868
add_finegrained1_S099HL.pt,7,46,46,0.01243010000000001
add_finegrained1_WOV1SE.pt,7,70,70,0.017917580000000002
add_finegrained1_KGBW36.pt,7,44,44,0.01712218
add_finegrained1_HZ3K0V.pt,7,52,52,0.020727419999999993
add_finegrained1_WVBNTF.pt,7,67,67,0.019245560000000005
add_finegrained1_GUV012.pt,7,85,85,0.019247900000000002
add_finegrained1_0RTS0Z.pt,7,54,54,0.013152320000000002
add_finegrained1_XQ9VZQ.pt,7,74,74,0.018789840000000002
add_finegrained1_U97HTX.pt,7,82,82,0.022312539999999995
add_finegrained1_YCH20Y.pt,7,89,89,0.01932852
add_finegrained1_JC73VJ.pt,7,51,51,0.01791684
add_finegrained1_HDTWT6.pt,14,139,139,0.012787280000000002
add_finegrained1_OTISGY.pt,14,131,131,0.028892819999999996
add_finegrained1_UHYZ9W.pt,14,153,153,0.00569956
add_finegrained1_0LH51O.pt,14,105,105,0.02513361999999999
add_finegrained1_Y346NM.pt,14,182,182,0.016122499999999998
add_finegrained1_JEAL72.pt,14,127,127,0.014789859999999997
add_finegrained1_SFNI8C.pt,14,179,179,0.01687676
add_finegrained1_NZZAAR.pt,14,215,215,0.01272568
add_finegrained1_KUXAF3.pt,14,166,166,0.01595612
add_finegrained1_884HU1.pt,14,117,117,0.01719968
add_finegrained1_JI56TW.pt,14,209,209,0.018468899999999996
add_finegrained1_E05LYH.pt,14,177,177,0.007817020000000001
add_finegrained1_L22ESN.pt,14,219,219,0.009827140000000002
add_finegrained1_NY96FW.pt,14,216,216,0.00492046
add_finegrained1_5PCTCC.pt,14,169,169,0.025092759999999995
add_finegrained1_NBG55Z.pt,14,178,178,0.014645739999999994
add_finegrained1_P918A0.pt,14,163,163,0.00446672
add_finegrained1_P9IKUO.pt,14,206,206,0.008558060000000001
add_finegrained1_QNP99Q.pt,14,134,134,0.00882804
add_finegrained1_AO6YO0.pt,14,107,107,0.013298080000000004
add_finegrained1_BW1158.pt,28,105,105,0.0050075399999999996
add_finegrained1_EJQ509.pt,28,53,53,0.00534312
add_finegrained1_9547HW.pt,28,69,69,0.00446874
add_finegrained1_EBTAHF.pt,28,47,47,0.009592999999999997
add_finegrained1_MVZL76.pt,28,76,76,0.00440806
add_finegrained1_RI9A7V.pt,28,106,106,0.004505020000000002
add_finegrained1_6H2DU8.pt,28,79,79,0.00443336
add_finegrained1_TS2FNW.pt,28,78,78,0.004591700000000001
add_finegrained1_MZ4SKJ.pt,28,65,65,0.00444436
add_finegrained1_0ZP452.pt,28,51,51,0.009280539999999999
add_finegrained1_LMVRLR.pt,28,91,91,0.0044459
add_finegrained1_NZS4BB.pt,28,102,102,0.004451739999999999
add_finegrained1_VLX1UP.pt,28,60,60,0.004441059999999999
add_finegrained1_I3ZJAK.pt,28,59,59,0.011662439999999998
add_finegrained1_18UIJ0.pt,28,49,49,0.011210439999999997
add_finegrained1_QQDQSQ.pt,28,52,52,0.007671920000000001
add_finegrained1_5UMA1X.pt,28,66,66,0.006431159999999998
add_finegrained1_WVJU7N.pt,28,82,82,0.00445176
add_finegrained1_6B9GSE.pt,28,88,88,0.004483279999999999
add_finegrained1_M9XKO2.pt,28,92,92,0.0044164799999999995
add_finegrained1_2XW0BG.pt,14,22,22,0.016509540000000003
add_finegrained1_HLN9VQ.pt,14,30,30,0.01915966
add_finegrained1_FPOOCZ.pt,14,21,21,0.0289142
add_finegrained1_AQUX7V.pt,14,15,15,0.013455600000000003
add_finegrained1_W2PJEF.pt,14,25,25,0.017646880000000004
add_finegrained1_9RJHDA.pt,14,16,16,0.016144939999999993
add_finegrained1_B1JYS0.pt,14,32,32,0.01944134
add_finegrained1_9VKE36.pt,14,27,27,0.02835174
add_finegrained1_XW5OPM.pt,14,18,18,0.02888022
add_finegrained1_LN8399.pt,14,28,28,0.022012960000000005
add_finegrained1_2OBK8O.pt,14,31,31,0.022289780000000006
add_finegrained1_ZA814U.pt,14,26,26,0.01999028
add_finegrained1_3YV8D3.pt,14,23,23,0.01998862
add_finegrained1_YGLTP4.pt,14,19,19,0.0274234
add_finegrained1_JIXGQ2.pt,14,20,20,0.019860040000000002
add_finegrained1_D5QU8G.pt,14,29,29,0.019205660000000003
add_finegrained1_361TY4.pt,14,24,24,0.017540380000000008
add_finegrained1_6H9PYN.pt,14,17,17,0.021853880000000013
add_finegrained1_6RIGCK.pt,14,14,14,0.02300509999999999
add_finegrained1_JYGJBJ.pt,7,442,442,0.010176039999999997
add_finegrained1_4K0Z6A.pt,7,462,462,0.014788079999999992
add_finegrained1_XCQ6W8.pt,7,323,323,0.025863479999999998
add_finegrained1_L8Z2VW.pt,7,274,274,0.012136019999999999
add_finegrained1_8XH0E1.pt,7,554,554,0.019120680000000004
add_finegrained1_GPSWPJ.pt,7,575,575,0.007328180000000002
add_finegrained1_KB3E8F.pt,7,603,603,0.009796759999999998
add_finegrained1_AKRQ04.pt,7,420,420,0.004483499999999999
add_finegrained1_6R239Z.pt,7,507,507,0.015214179999999996
add_finegrained1_0JHVN2.pt,7,304,304,0.02484092000000001
add_finegrained1_M92KVF.pt,7,591,591,0.00892796
add_finegrained1_DBKMQL.pt,7,596,596,0.012602020000000005
add_finegrained1_E7WZBG.pt,7,296,296,0.017346720000000003
add_finegrained1_NE4R22.pt,7,317,317,0.017885460000000006
add_finegrained1_PYPN7Y.pt,7,524,524,0.016331120000000005
add_finegrained1_1KYWJ3.pt,7,262,262,0.01253814
add_finegrained1_UMTDGE.pt,7,295,295,0.02157073999999999
add_finegrained1_7EE8F8.pt,7,354,354,0.013668859999999998
add_finegrained1_CCJV6F.pt,7,328,328,0.016190280000000005
add_finegrained1_FQZCF0.pt,7,472,472,0.014449880000000005
add_finegrained1_WEDK9W.pt,28,22,22,0.016933680000000003
add_finegrained1_Q3PMBF.pt,28,31,31,0.015140939999999992
add_finegrained1_T1VSYW.pt,28,19,19,0.02028167999999999
add_finegrained1_OXUL2M.pt,28,32,32,0.016670340000000002
add_finegrained1_5LNXYT.pt,28,17,17,0.008104519999999999
add_finegrained1_KR4828.pt,28,24,24,0.01697939999999999
add_finegrained1_MUS5JP.pt,28,20,20,0.022397180000000003
add_finegrained1_SFJFI8.pt,28,18,18,0.011641760000000001
add_finegrained1_PIW6A5.pt,28,25,25,0.013667360000000007
add_finegrained1_A0JOAR.pt,28,33,33,0.013494019999999995
add_finegrained1_JDI0LP.pt,28,36,36,0.00899698
add_finegrained1_QHF45F.pt,28,28,28,0.012299539999999998
add_finegrained1_7L81LA.pt,28,26,26,0.015603360000000004
add_finegrained1_6ECVLN.pt,28,23,23,0.00902786
add_finegrained1_ECIEBZ.pt,28,30,30,0.008996780000000001
add_finegrained1_Y6DX5B.pt,28,29,29,0.013928559999999996
add_finegrained1_HCHW9I.pt,28,35,35,0.016591919999999996
add_finegrained1_4OWVVA.pt,28,39,39,0.011404779999999998
add_finegrained1_575FWB.pt,28,21,21,0.018794220000000004
add_finegrained1_J6SNBC.pt,28,34,34,0.0061991
add_finegrained1_2E7DLS.pt,14,138,138,0.011442039999999995
add_finegrained1_DUGCZ1.pt,14,102,102,0.02396112000000001
add_finegrained1_EVGT8K.pt,14,151,151,0.014940120000000001
add_finegrained1_LJN5JI.pt,14,135,135,0.015574919999999999
add_finegrained1_STZNI4.pt,14,173,173,0.005030560000000002
add_finegrained1_A7FZEU.pt,14,127,127,0.01318644
add_finegrained1_39MMSH.pt,14,172,172,0.00873814
add_finegrained1_0TGMU8.pt,14,83,83,0.0164369
add_finegrained1_FCL1YF.pt,14,157,157,0.017335339999999998
add_finegrained1_RGLHFQ.pt,14,132,132,0.016303100000000004
add_finegrained1_2GSWV2.pt,14,159,159,0.012126599999999998
add_finegrained1_LTENY3.pt,14,194,194,0.0074604999999999975
add_finegrained1_EADW6Q.pt,14,140,140,0.017542759999999998
add_finegrained1_IJ28AK.pt,14,93,93,0.014950220000000005
add_finegrained1_TZANSF.pt,14,105,105,0.011721440000000001
add_finegrained1_XGP9GR.pt,14,160,160,0.009368320000000001
add_finegrained1_9RKXFB.pt,14,122,122,0.007904479999999998
add_finegrained1_F9O12C.pt,14,175,175,0.004451599999999999
add_finegrained1_LR66US.pt,14,96,96,0.013987240000000003
add_finegrained1_X0W9FN.pt,14,183,183,0.011489699999999999
add_finegrained1_IIKDJH.pt,7,485,485,0.005924139999999999
add_finegrained1_I6P2SY.pt,7,427,427,0.013904880000000001
add_finegrained1_ESCTJC.pt,7,380,380,0.01259348
add_finegrained1_BQIM51.pt,7,343,343,0.009831079999999999
add_finegrained1_QOE927.pt,7,521,521,0.00664914
add_finegrained1_J96PDB.pt,7,623,623,0.021424280000000007
add_finegrained1_NRQC6C.pt,7,383,383,0.0180969
add_finegrained1_QHUZ1X.pt,7,487,487,0.01664072
add_finegrained1_EFPH6D.pt,7,589,589,0.010734139999999998
add_finegrained1_260QEU.pt,7,542,542,0.012942380000000005
add_finegrained1_7ZQJJ7.pt,7,593,593,0.004519819999999999
add_finegrained1_LL8ISH.pt,7,442,442,0.0101885
add_finegrained1_2M53YX.pt,7,344,344,0.0044436599999999995
add_finegrained1_KCN357.pt,7,285,285,0.010546099999999994
add_finegrained1_J8NVPE.pt,7,347,347,0.01552
add_finegrained1_UHJ4JS.pt,7,268,268,0.018761859999999998
add_finegrained1_69WKYF.pt,7,312,312,0.01845228
add_finegrained1_OX986D.pt,7,336,336,0.00888352
add_finegrained1_P3T6X4.pt,7,636,636,0.00540208
add_finegrained1_FHVIO9.pt,7,602,602,0.008915519999999996
add_finegrained1_KL2LOS.pt,3,50,50,0.021494939999999997
add_finegrained1_XVF184.pt,3,54,54,0.02455365999999999
add_finegrained1_RZJWK9.pt,3,45,45,0.015766580000000002
add_finegrained1_6HJRY8.pt,3,42,42,0.004462259999999999
add_finegrained1_U8WRTO.pt,3,43,43,0.020597259999999996
add_finegrained1_MLJD39.pt,3,44,44,0.012522399999999989
add_finegrained1_G53VVF.pt,3,39,39,0.020967160000000006
add_finegrained1_EBOCR0.pt,3,25,25,0.02855086
add_finegrained1_JSL69I.pt,3,37,37,0.028377940000000018
add_finegrained1_JTZGMT.pt,3,59,59,0.020236740000000003
add_finegrained1_W1BTVP.pt,3,26,26,0.013059779999999995
add_finegrained1_5XSER0.pt,3,30,30,0.02124171999999999
add_finegrained1_XXGB7U.pt,3,31,31,0.01648458000000001
add_finegrained1_LEAEMT.pt,3,36,36,0.018842439999999995
add_finegrained1_JCJHNX.pt,3,46,46,0.029141899999999995
add_finegrained1_4CWGQH.pt,3,29,29,0.016622220000000004
add_finegrained1_VJCLGE.pt,3,34,34,0.025394719999999992
add_finegrained1_VUJFT6.pt,3,51,51,0.01867696
add_finegrained1_0XLY9O.pt,3,56,56,0.02246238
add_finegrained1_7SRISE.pt,3,52,52,0.0279957
add_finegrained1_RQXDJH.pt,56,3,3,0.01487594
add_finegrained1_QY5PKN.pt,56,6,6,0.025245999999999994
add_finegrained1_3ZF5MR.pt,56,5,5,0.011569200000000002
add_finegrained1_0B53WP.pt,56,4,4,0.009257159999999997
add_finegrained1_TPV8HE.pt,7,210,210,0.016413060000000007
add_finegrained1_PNO6C4.pt,7,180,180,0.015073300000000003
add_finegrained1_B27YVH.pt,7,165,165,0.022182520000000004
add_finegrained1_1A8BYA.pt,7,110,110,0.00447918
add_finegrained1_FK57C9.pt,7,242,242,0.024852740000000005
add_finegrained1_5CKU4L.pt,7,247,247,0.013711240000000005
add_finegrained1_5H43EJ.pt,7,175,175,0.022165220000000003
add_finegrained1_U173L1.pt,7,153,153,0.020076999999999994
add_finegrained1_VQIGLK.pt,7,238,238,0.02492258
add_finegrained1_AD049E.pt,7,191,191,0.017138559999999997
add_finegrained1_M1A079.pt,7,229,229,0.014334620000000003
add_finegrained1_S3RAHQ.pt,7,145,145,0.013667259999999997
add_finegrained1_YKRB5I.pt,7,151,151,0.019096140000000004
add_finegrained1_MZYZLZ.pt,7,171,171,0.019264039999999996
add_finegrained1_FKN0F4.pt,7,178,178,0.018554920000000003
add_finegrained1_C689OI.pt,7,130,130,0.010095900000000001
add_finegrained1_ZG36GG.pt,7,200,200,0.020627519999999996
add_finegrained1_1V41WF.pt,7,182,182,0.015880599999999995
add_finegrained1_FL8UQA.pt,7,245,245,0.014173020000000001
add_finegrained1_OFXR4W.pt,7,172,172,0.012278639999999999
add_finegrained1_KNUOJJ.pt,14,142,142,0.006974959999999995
add_finegrained1_PM4PXU.pt,14,286,286,0.00884584
add_finegrained1_5HGDYI.pt,14,191,191,0.007104140000000004
add_finegrained1_6MXVVZ.pt,14,214,214,0.01317059999999999
add_finegrained1_HZ07YK.pt,14,208,208,0.008105079999999995
add_finegrained1_8BP0H5.pt,14,267,267,0.004192600000000001
add_finegrained1_Z5TW0Q.pt,14,274,274,0.004505280000000001
add_finegrained1_06L3WY.pt,14,184,184,0.02030162
add_finegrained1_3560P4.pt,14,218,218,0.00485904
add_finegrained1_H04EBJ.pt,14,282,282,0.004399439999999999
add_finegrained1_4IZ618.pt,14,156,156,0.008245560000000002
add_finegrained1_7WF46B.pt,14,281,281,0.00455626
add_finegrained1_4OQH69.pt,14,297,297,0.00470682
add_finegrained1_O67KXZ.pt,14,219,219,0.00549774
add_finegrained1_6JUCGZ.pt,14,292,292,0.004158759999999999
add_finegrained1_S2KOJ7.pt,14,179,179,0.004144439999999998
add_finegrained1_BUBV9R.pt,14,212,212,0.00422524
add_finegrained1_R4O224.pt,14,185,185,0.008693059999999999
add_finegrained1_SAYB4C.pt,14,152,152,0.011368180000000004
add_finegrained1_OUBQTG.pt,14,232,232,0.0065856199999999995
add_finegrained1_2J1HCP.pt,7,205,205,0.02205984
add_finegrained1_558XFT.pt,7,163,163,0.018300240000000002
add_finegrained1_I3YVF8.pt,7,240,240,0.021274800000000003
add_finegrained1_V5NCT4.pt,7,234,234,0.019869699999999997
add_finegrained1_X9O8NO.pt,7,162,162,0.0179986
add_finegrained1_NCQ9YO.pt,7,222,222,0.021298199999999996
add_finegrained1_AC8X93.pt,7,241,241,0.026610359999999996
add_finegrained1_6GC4OY.pt,7,111,111,0.020388699999999996
add_finegrained1_8537NB.pt,7,183,183,0.021847680000000005
add_finegrained1_G9ZKNK.pt,7,178,178,0.0219015
add_finegrained1_O8DOX6.pt,7,140,140,0.017415680000000003
add_finegrained1_OAN3B2.pt,7,116,116,0.022872879999999998
add_finegrained1_YMIU23.pt,7,175,175,0.016846840000000005
add_finegrained1_OXFM1T.pt,7,144,144,0.004160560000000001
add_finegrained1_BRTQ0D.pt,7,206,206,0.018688660000000006
add_finegrained1_9JHQ2B.pt,7,138,138,0.018520079999999994
add_finegrained1_JMGYZT.pt,7,155,155,0.017831379999999997
add_finegrained1_A8GU0H.pt,7,218,218,0.018300680000000003
add_finegrained1_73DJWM.pt,7,238,238,0.011718960000000007
add_finegrained1_48UQR9.pt,7,221,221,0.018321240000000006
add_finegrained1_UAWNU5.pt,7,573,573,0.016423619999999996
add_finegrained1_C6PR8K.pt,7,657,657,0.0064337599999999984
add_finegrained1_9TYLFV.pt,7,478,478,0.013888700000000006
add_finegrained1_2LX1UO.pt,7,530,530,0.0071522400000000015
add_finegrained1_D217KS.pt,7,345,345,0.018166640000000005
add_finegrained1_YAU4GV.pt,7,604,604,0.011111860000000003
add_finegrained1_661NEV.pt,7,582,582,0.007249120000000003
add_finegrained1_J7CGE4.pt,7,636,636,0.010354859999999997
add_finegrained1_1ZEWSR.pt,7,292,292,0.011427619999999996
add_finegrained1_KN2SYR.pt,7,627,627,0.021997399999999997
add_finegrained1_UXU25A.pt,7,378,378,0.0097972
add_finegrained1_I3UWN2.pt,7,392,392,0.02282768
add_finegrained1_JR9BAR.pt,7,377,377,0.017817460000000004
add_finegrained1_VRVB4Y.pt,7,650,650,0.0077074799999999975
add_finegrained1_TSXYZH.pt,7,534,534,0.004347240000000001
add_finegrained1_JTC20P.pt,7,373,373,0.013817159999999993
add_finegrained1_1HLTEL.pt,7,612,612,0.012969200000000004
add_finegrained1_8VYCNU.pt,7,603,603,0.008680819999999995
add_finegrained1_LEMT2F.pt,7,437,437,0.02177456
add_finegrained1_LS5UDP.pt,7,654,654,0.01357798
add_finegrained1_LTBLNN.pt,14,76,76,0.01716712
add_finegrained1_R5QZDT.pt,14,91,91,0.015661400000000002
add_finegrained1_N16UHS.pt,14,59,59,0.013522180000000003
add_finegrained1_5A8HJ5.pt,14,58,58,0.026079520000000005
add_finegrained1_IYR19B.pt,14,56,56,0.019028940000000005
add_finegrained1_0S43I1.pt,14,48,48,0.02090144
add_finegrained1_95V03G.pt,14,47,47,0.010606439999999996
add_finegrained1_PXE2ZY.pt,14,63,63,0.016164579999999998
add_finegrained1_Q1C0IB.pt,14,61,61,0.016932280000000004
add_finegrained1_B9LESG.pt,14,78,78,0.011476320000000002
add_finegrained1_7OROUX.pt,14,69,69,0.013391899999999998
add_finegrained1_SFEPFS.pt,14,54,54,0.01579296
add_finegrained1_HYPG17.pt,14,52,52,0.017022199999999998
add_finegrained1_7RN121.pt,14,79,79,0.02434482
add_finegrained1_B01CF4.pt,14,72,72,0.014919079999999996
add_finegrained1_PNEUR7.pt,14,57,57,0.022569480000000003
add_finegrained1_7WSBBL.pt,14,64,64,0.02003156
add_finegrained1_XD3Q77.pt,14,85,85,0.007723780000000002
add_finegrained1_SNA90M.pt,14,43,43,0.015339560000000004
add_finegrained1_TXIGG6.pt,14,89,89,0.01757704000000001
add_finegrained1_5VQQJS.pt,3,930,930,0.02374896
add_finegrained1_2TPGF2.pt,3,918,918,0.006773480000000003
add_finegrained1_72323G.pt,3,860,860,0.013839139999999998
add_finegrained1_FPWLM9.pt,3,1048,1048,0.00415262
add_finegrained1_BHFVMH.pt,3,617,617,0.011658020000000002
add_finegrained1_M5A2Z8.pt,3,991,991,0.01603402
add_finegrained1_4KCCLJ.pt,3,1119,1119,0.019242399999999996
add_finegrained1_CMER0B.pt,3,985,985,0.020785840000000007
add_finegrained1_RLQKCZ.pt,3,764,764,0.023458080000000006
add_finegrained1_EIFT86.pt,3,794,794,0.02451188
add_finegrained1_V771CQ.pt,3,894,894,0.017292160000000004
add_finegrained1_1VBHSV.pt,3,801,801,0.018535359999999997
add_finegrained1_TZABA4.pt,3,1030,1030,0.013156900000000001
add_finegrained1_CQ4OVZ.pt,3,995,995,0.025897819999999995
add_finegrained1_OMZN9I.pt,3,725,725,0.0211354
add_finegrained1_5OO6PC.pt,3,948,948,0.02338604
add_finegrained1_GP3ICZ.pt,3,1094,1094,0.02060476000000001
add_finegrained1_91E2PA.pt,3,939,939,0.015000600000000001
add_finegrained1_9Q8307.pt,3,837,837,0.016740680000000004
add_finegrained1_EC1GQM.pt,3,1015,1015,0.01978848
add_finegrained1_U0757L.pt,7,30,30,0.025937840000000007
add_finegrained1_LHX1JC.pt,7,19,19,0.021604040000000005
add_finegrained1_GN3UEE.pt,7,24,24,0.02590890000000001
add_finegrained1_MPWFOB.pt,7,26,26,0.022843800000000004
add_finegrained1_4HNV98.pt,7,14,14,0.025984220000000006
add_finegrained1_TC9RFR.pt,7,29,29,0.022689180000000003
add_finegrained1_5OZWL3.pt,7,27,27,0.024614959999999995
add_finegrained1_1JBEDN.pt,7,20,20,0.02277142
add_finegrained1_6POLVU.pt,7,17,17,0.014448740000000005
add_finegrained1_FL0I0I.pt,7,32,32,0.026048079999999998
add_finegrained1_XD7UDV.pt,7,16,16,0.02408728000000001
add_finegrained1_7AVQR8.pt,7,31,31,0.02608368
add_finegrained1_0XJ71M.pt,7,23,23,0.024086660000000003
add_finegrained1_36IIE7.pt,7,25,25,0.026155420000000006
add_finegrained1_79JOFI.pt,7,28,28,0.018360780000000004
add_finegrained1_KIGK3A.pt,7,33,33,0.023090479999999997
add_finegrained1_5F7NXL.pt,7,22,22,0.025897519999999997
add_finegrained1_13T0RM.pt,7,21,21,0.017180100000000018
add_finegrained1_O4MEX4.pt,7,15,15,0.02587264
add_finegrained1_C6SWI8.pt,7,18,18,0.02241068
add_finegrained1_MLSD7A.pt,28,13,13,0.023555699999999992
add_finegrained1_AWJQ4M.pt,28,23,23,0.0176057
add_finegrained1_P02T76.pt,28,20,20,0.02043142000000001
add_finegrained1_QNX8I1.pt,28,25,25,0.016539719999999997
add_finegrained1_L3BHDJ.pt,28,16,16,0.016574920000000003
add_finegrained1_59GXZD.pt,28,19,19,0.01902756
add_finegrained1_49H4PT.pt,28,17,17,0.016587499999999995
add_finegrained1_9A4GTD.pt,28,26,26,0.012512580000000004
add_finegrained1_BBN8TA.pt,28,22,22,0.023467139999999994
add_finegrained1_TNRWJ4.pt,28,29,29,0.016611499999999998
add_finegrained1_P07HBB.pt,28,14,14,0.010808080000000006
add_finegrained1_H5OBOO.pt,28,24,24,0.016969539999999995
add_finegrained1_U611DP.pt,28,18,18,0.025681259999999997
add_finegrained1_NK8DU0.pt,28,28,28,0.00411496
add_finegrained1_KQFSIC.pt,28,15,15,0.01624028
add_finegrained1_96ZRIA.pt,28,30,30,0.01809746
add_finegrained1_Z0VBXV.pt,28,31,31,0.01411304
add_finegrained1_3AVWMD.pt,28,27,27,0.012929679999999997
add_finegrained1_EKW0G4.pt,28,21,21,0.01965246
add_finegrained1_VK09A5.pt,14,157,157,0.012679899999999992
add_finegrained1_0AMGXM.pt,14,95,95,0.021500419999999992
add_finegrained1_G1SANN.pt,14,207,207,0.014938200000000002
add_finegrained1_5PBOA4.pt,14,177,177,0.0121388
add_finegrained1_L02EFE.pt,14,113,113,0.014397399999999998
add_finegrained1_KADIOE.pt,14,99,99,0.02528208
add_finegrained1_VK9VI5.pt,14,182,182,0.004166220000000001
add_finegrained1_5LJXS8.pt,14,199,199,0.01129102
add_finegrained1_WCX1AC.pt,14,193,193,0.017002999999999997
add_finegrained1_3EN37B.pt,14,121,121,0.009729320000000001
add_finegrained1_FNBI15.pt,14,198,198,0.006309859999999998
add_finegrained1_DTYAY3.pt,14,194,194,0.0053672
add_finegrained1_WJNMFJ.pt,14,100,100,0.007880339999999998
add_finegrained1_2GBQGO.pt,14,123,123,0.012739499999999994
add_finegrained1_73HG8O.pt,14,174,174,0.00915564
add_finegrained1_MH4C0U.pt,14,181,181,0.008824239999999999
add_finegrained1_QLSB5M.pt,14,164,164,0.020849820000000005
add_finegrained1_6L8OQ4.pt,14,184,184,0.014852480000000001
add_finegrained1_R6E4C8.pt,14,185,185,0.014220239999999997
add_finegrained1_70LZET.pt,14,201,201,0.007009980000000002
add_finegrained1_3KLBI6.pt,14,19,19,0.02537512
add_finegrained1_DYYXON.pt,14,23,23,0.02632648
add_finegrained1_3W95WU.pt,14,29,29,0.01777028
add_finegrained1_47QVYW.pt,14,26,26,0.015568840000000004
add_finegrained1_OYNUP9.pt,14,20,20,0.01631844
add_finegrained1_CKVQ9S.pt,14,30,30,0.026006899999999996
add_finegrained1_T1PCUQ.pt,14,25,25,0.025942440000000008
add_finegrained1_RUKGTY.pt,14,28,28,0.023828679999999998
add_finegrained1_VM3I7P.pt,14,18,18,0.02136124
add_finegrained1_4374QZ.pt,14,15,15,0.018927799999999998
add_finegrained1_G5KU0X.pt,14,27,27,0.01767108
add_finegrained1_WGSPIU.pt,14,16,16,0.014486240000000001
add_finegrained1_3WM8L3.pt,14,14,14,0.015456020000000004
add_finegrained1_DI6NP2.pt,14,17,17,0.011415640000000003
add_finegrained1_QALQM3.pt,14,31,31,0.016995080000000006
add_finegrained1_1LOA37.pt,14,22,22,0.023921960000000003
add_finegrained1_SEF0QY.pt,14,21,21,0.02275344
add_finegrained1_CM6F36.pt,14,24,24,0.02462894
add_finegrained1_C7F1RU.pt,14,32,32,0.020997680000000005
add_finegrained1_4GYMFP.pt,14,144,144,0.009687640000000003
add_finegrained1_IHLLPB.pt,14,150,150,0.00973996
add_finegrained1_OBBIB2.pt,14,168,168,0.006221200000000001
add_finegrained1_NWLUSK.pt,14,117,117,0.010574099999999998
add_finegrained1_BD8S8J.pt,14,159,159,0.00988172
add_finegrained1_7UOBWQ.pt,14,153,153,0.004133959999999999
add_finegrained1_I2R00C.pt,14,91,91,0.01689114
add_finegrained1_DSQ0TG.pt,14,88,88,0.025594260000000008
add_finegrained1_OO1QSY.pt,14,82,82,0.015654299999999993
add_finegrained1_QHEOBE.pt,14,166,166,0.014127279999999997
add_finegrained1_3OOHN4.pt,14,80,80,0.01665966
add_finegrained1_9Y63OC.pt,14,84,84,0.010379300000000003
add_finegrained1_RFZUZQ.pt,14,135,135,0.020371740000000003
add_finegrained1_ACODZG.pt,14,77,77,0.010494860000000002
add_finegrained1_5Z1YLO.pt,14,183,183,0.008449979999999998
add_finegrained1_GS2DYK.pt,14,116,116,0.012464660000000002
add_finegrained1_IC4THY.pt,14,151,151,0.014114480000000006
add_finegrained1_URECO3.pt,14,98,98,0.01862954
add_finegrained1_W0I8WP.pt,14,126,126,0.007697480000000001
add_finegrained1_Y05P98.pt,14,123,123,0.012774559999999992
add_finegrained1_YC7LQF.pt,7,7,7,0.01514746
add_finegrained1_B8PFNF.pt,7,12,12,0.025679419999999998
add_finegrained1_HKG34L.pt,7,5,5,0.01657912
add_finegrained1_WYTEI0.pt,7,6,6,0.025928180000000002
add_finegrained1_CP9Q2S.pt,7,11,11,0.02289888
add_finegrained1_OVZWBS.pt,7,10,10,0.020239739999999996
add_finegrained1_Z4J868.pt,7,8,8,0.01756864
add_finegrained1_7PP25E.pt,7,9,9,0.022920680000000006
add_finegrained1_098JLU.pt,14,110,110,0.017023899999999998
add_finegrained1_R4YOS8.pt,14,79,79,0.023107040000000002
add_finegrained1_MDBX66.pt,14,72,72,0.01704912
add_finegrained1_Q225LA.pt,14,83,83,0.011914700000000005
add_finegrained1_IN6O4H.pt,14,133,133,0.0053412400000000014
add_finegrained1_8F6I65.pt,14,118,118,0.017119579999999995
add_finegrained1_LOB2L6.pt,14,81,81,0.02308699999999999
add_finegrained1_NQS2WG.pt,14,160,160,0.00868684
add_finegrained1_FHKE3Q.pt,14,161,161,0.010869859999999995
add_finegrained1_8RU49Z.pt,14,99,99,0.0238891
add_finegrained1_GP3WVJ.pt,14,165,165,0.016045459999999994
add_finegrained1_2ZBWKE.pt,14,149,149,0.008971400000000004
add_finegrained1_TKG4KV.pt,14,84,84,0.014747879999999998
add_finegrained1_CJP0AC.pt,14,92,92,0.01229222000000001
add_finegrained1_RQPG04.pt,14,158,158,0.009565379999999998
add_finegrained1_Y8N9XU.pt,14,100,100,0.019143139999999993
add_finegrained1_U9P22D.pt,14,94,94,0.015085540000000003
add_finegrained1_0LAPK5.pt,14,74,74,0.013336579999999994
add_finegrained1_QFVW92.pt,14,114,114,0.020726780000000004
add_finegrained1_JHSGN8.pt,14,124,124,0.01168156
add_finegrained1_OP0WJP.pt,7,518,518,0.012759659999999992
add_finegrained1_KDLGNN.pt,7,495,495,0.01079486
add_finegrained1_2O6CFA.pt,7,534,534,0.019293159999999997
add_finegrained1_L22LZ1.pt,7,285,285,0.016264839999999992
add_finegrained1_SL183W.pt,7,296,296,0.015039800000000002
add_finegrained1_ZOLV7C.pt,7,586,586,0.011536399999999995
add_finegrained1_XKA0QB.pt,7,452,452,0.012330939999999997
add_finegrained1_VRTRY8.pt,7,361,361,0.0042347800000000005
add_finegrained1_OKXKU7.pt,7,388,388,0.007626299999999998
add_finegrained1_C6RZ1F.pt,7,363,363,0.02396086
add_finegrained1_B3SNLT.pt,7,615,615,0.007473
add_finegrained1_SNXLZ1.pt,7,354,354,0.024298300000000005
add_finegrained1_AKYRGE.pt,7,277,277,0.025537859999999996
add_finegrained1_A5CYDP.pt,7,506,506,0.00802794
add_finegrained1_MGGOA9.pt,7,549,549,0.007606020000000003
add_finegrained1_KM13X2.pt,7,558,558,0.012535139999999998
add_finegrained1_A6KHJT.pt,7,519,519,0.009097000000000003
add_finegrained1_IOY776.pt,7,603,603,0.010599260000000001
add_finegrained1_62ZETU.pt,7,517,517,0.010419479999999997
add_finegrained1_ZSDR15.pt,7,525,525,0.01363706
add_finegrained1_G0G0M5.pt,14,128,128,0.011721260000000002
add_finegrained1_EQIUH2.pt,14,174,174,0.008867500000000002
add_finegrained1_TXQOGF.pt,14,165,165,0.01131282
add_finegrained1_BTN15O.pt,14,154,154,0.013080480000000004
add_finegrained1_P9UVI3.pt,14,242,242,0.00416498
add_finegrained1_PTYZX2.pt,14,190,190,0.01999156
add_finegrained1_Z42LG0.pt,14,230,230,0.007240899999999999
add_finegrained1_712KKB.pt,14,202,202,0.00463384
add_finegrained1_AY9U87.pt,14,129,129,0.019336279999999997
add_finegrained1_G6QDI1.pt,14,275,275,0.00417344
add_finegrained1_J475TO.pt,14,140,140,0.00729826
add_finegrained1_PYPGKP.pt,14,224,224,0.006450060000000003
add_finegrained1_CI2135.pt,14,267,267,0.013299059999999996
add_finegrained1_NA6U36.pt,14,226,226,0.0047279999999999996
add_finegrained1_W96RH8.pt,14,217,217,0.010005380000000001
add_finegrained1_MW258H.pt,14,289,289,0.00412322
add_finegrained1_ORHMGX.pt,14,232,232,0.01779164
add_finegrained1_QKZMV6.pt,14,158,158,0.016152959999999997
add_finegrained1_PI2FDZ.pt,14,248,248,0.010815039999999998
add_finegrained1_N40LOQ.pt,14,137,137,0.010100819999999995
add_finegrained1_R98BSM.pt,14,64,64,0.014757999999999995
add_finegrained1_RTU6QE.pt,14,45,45,0.009242940000000002
add_finegrained1_WA4UJ4.pt,14,49,49,0.016332280000000005
add_finegrained1_O2OAPI.pt,14,34,34,0.021208979999999995
add_finegrained1_NO6LTK.pt,14,37,37,0.02168756
add_finegrained1_7NOO4W.pt,14,69,69,0.017785560000000002
add_finegrained1_DHDRZX.pt,14,43,43,0.019221500000000002
add_finegrained1_UU592H.pt,14,61,61,0.02070776000000001
add_finegrained1_VJW4LH.pt,14,33,33,0.01966074
add_finegrained1_9W4HZ4.pt,14,65,65,0.019569500000000007
add_finegrained1_XR3E1V.pt,14,41,41,0.01388044
add_finegrained1_PO41R2.pt,14,70,70,0.014725020000000002
add_finegrained1_GALW6G.pt,14,39,39,0.015839019999999995
add_finegrained1_9RBPWP.pt,14,56,56,0.021291860000000003
add_finegrained1_33Z5MR.pt,14,54,54,0.02034292
add_finegrained1_7ZB2ZM.pt,14,71,71,0.015304
add_finegrained1_GCS4XM.pt,14,63,63,0.02148236
add_finegrained1_UUQ4FL.pt,14,76,76,0.00433636
add_finegrained1_7FM5LA.pt,14,42,42,0.016025760000000007
add_finegrained1_XCBQMR.pt,14,77,77,0.02652628
add_finegrained1_0ER690.pt,14,161,161,0.011635780000000007
add_finegrained1_FNJCE6.pt,14,117,117,0.0212487
add_finegrained1_3GIR1D.pt,14,97,97,0.024350799999999995
add_finegrained1_4D6DT8.pt,14,125,125,0.020002239999999998
add_finegrained1_227664.pt,14,160,160,0.0132247
add_finegrained1_8FPYW0.pt,14,114,114,0.016490960000000006
add_finegrained1_K4M9TA.pt,14,168,168,0.0063818799999999995
add_finegrained1_X8OQIZ.pt,14,140,140,0.01455166
add_finegrained1_QGE6DY.pt,14,156,156,0.009780059999999997
add_finegrained1_1TYJHE.pt,14,93,93,0.012092540000000002
add_finegrained1_J6E37X.pt,14,134,134,0.013452619999999995
add_finegrained1_RXOX4Z.pt,14,176,176,0.019536720000000007
add_finegrained1_UIFAWE.pt,14,89,89,0.020189179999999987
add_finegrained1_VLU96T.pt,14,147,147,0.014512640000000004
add_finegrained1_AZ2EZX.pt,14,88,88,0.015923440000000004
add_finegrained1_OBLSJ1.pt,14,158,158,0.013407099999999998
add_finegrained1_V5HYDM.pt,14,108,108,0.02000118
add_finegrained1_GW4OWF.pt,14,124,124,0.01566032
add_finegrained1_SZE6WP.pt,14,137,137,0.011024899999999994
add_finegrained1_NE9F0N.pt,14,116,116,0.01293364
add_finegrained1_2DSBFS.pt,14,80,80,0.015202199999999992
add_finegrained1_PRZ7WH.pt,14,60,60,0.012216939999999999
add_finegrained1_3S2LN4.pt,14,65,65,0.025972400000000003
add_finegrained1_RCL44M.pt,14,100,100,0.018023760000000003
add_finegrained1_8DQ2MJ.pt,14,54,54,0.019837659999999997
add_finegrained1_R4S0DX.pt,14,120,120,0.017167760000000004
add_finegrained1_1I69JJ.pt,14,94,94,0.026055520000000002
add_finegrained1_8QXYIK.pt,14,102,102,0.01315444
add_finegrained1_Z85G18.pt,14,68,68,0.017429240000000002
add_finegrained1_830ZKJ.pt,14,124,124,0.014527480000000006
add_finegrained1_1LNQ5C.pt,14,81,81,0.02563586
add_finegrained1_AP8SXD.pt,14,108,108,0.010386059999999997
add_finegrained1_MFE07B.pt,14,89,89,0.013161860000000001
add_finegrained1_TCPP9Z.pt,14,72,72,0.015367240000000006
add_finegrained1_O3RTJ8.pt,14,98,98,0.017339079999999996
add_finegrained1_XOZPAE.pt,14,99,99,0.022008820000000005
add_finegrained1_Q6BFSZ.pt,14,91,91,0.02083964
add_finegrained1_CXGRUF.pt,14,73,73,0.023989360000000005
add_finegrained1_1VZCEY.pt,14,111,111,0.018575539999999998
add_finegrained1_AU49D5.pt,14,85,85,0.021558279999999992
add_finegrained1_T6HQY5.pt,28,66,66,0.007896260000000002
add_finegrained1_68HL4T.pt,28,50,50,0.004423440000000001
add_finegrained1_F7I0ND.pt,28,89,89,0.011208960000000006
add_finegrained1_MJDO2V.pt,28,48,48,0.007789179999999999
add_finegrained1_TYC3BO.pt,28,57,57,0.013742579999999997
add_finegrained1_8V4R4K.pt,28,56,56,0.00934026
add_finegrained1_H6O3R1.pt,28,72,72,0.004178459999999999
add_finegrained1_DC42P9.pt,28,37,37,0.004124160000000001
add_finegrained1_UA2Z3X.pt,28,53,53,0.018379700000000002
add_finegrained1_POU8AP.pt,28,86,86,0.007639720000000001
add_finegrained1_4ECU9Z.pt,28,75,75,0.004188820000000001
add_finegrained1_PNZEG1.pt,28,71,71,0.005947199999999997
add_finegrained1_03CQW0.pt,28,40,40,0.01604524
add_finegrained1_7SUDW4.pt,28,74,74,0.010807680000000004
add_finegrained1_X01WZM.pt,28,67,67,0.013218120000000005
add_finegrained1_C5GRFW.pt,28,38,38,0.011848800000000003
add_finegrained1_ZEOF8Z.pt,28,84,84,0.005568119999999999
add_finegrained1_RH0EAB.pt,28,65,65,0.0055766
add_finegrained1_9EWM5J.pt,28,79,79,0.009136440000000003
add_finegrained1_QN0WWS.pt,28,76,76,0.004432580000000001
add_finegrained1_YILD3D.pt,14,20,20,0.01931578
add_finegrained1_DVZ4ES.pt,14,19,19,0.024146920000000002
add_finegrained1_F50V81.pt,14,21,21,0.021964000000000004
add_finegrained1_73CQXP.pt,14,26,26,0.025957819999999993
add_finegrained1_3KOMRI.pt,14,33,33,0.01593096
add_finegrained1_DOAPVW.pt,14,25,25,0.02653588
add_finegrained1_E431K2.pt,14,15,15,0.02516124
add_finegrained1_NMBSMC.pt,14,17,17,0.022853799999999994
add_finegrained1_ANL5ZJ.pt,14,18,18,0.021564959999999998
add_finegrained1_57DGI0.pt,14,29,29,0.01415828
add_finegrained1_J5A6X2.pt,14,30,30,0.021481879999999995
add_finegrained1_A95XWQ.pt,14,22,22,0.021416799999999996
add_finegrained1_CO34SQ.pt,14,32,32,0.022064900000000005
add_finegrained1_1MX5QL.pt,14,16,16,0.012512799999999998
add_finegrained1_SAW89W.pt,14,27,27,0.00430192
add_finegrained1_7P04NK.pt,14,24,24,0.018557599999999997
add_finegrained1_7XN9C9.pt,14,31,31,0.019736360000000005
add_finegrained1_FUZAWA.pt,14,14,14,0.01904284
add_finegrained1_H0WFPL.pt,14,23,23,0.012989440000000001
add_finegrained1_FJ0E46.pt,14,28,28,0.019606780000000004
add_finegrained1_IP8HHQ.pt,14,177,177,0.0190479
add_finegrained1_ARCJG9.pt,14,84,84,0.009964259999999997
add_finegrained1_M4CZ5A.pt,14,87,87,0.012258999999999999
add_finegrained1_HSPRIW.pt,14,132,132,0.015327860000000009
add_finegrained1_KSO8SH.pt,14,174,174,0.013761720000000009
add_finegrained1_7HYJWA.pt,14,166,166,0.004115799999999999
add_finegrained1_KM2684.pt,14,102,102,0.012895560000000004
add_finegrained1_N9E81K.pt,14,160,160,0.008600400000000001
add_finegrained1_K8X9R5.pt,14,192,192,0.01705068
add_finegrained1_4V54NO.pt,14,185,185,0.011627240000000006
add_finegrained1_MOHA4L.pt,14,136,136,0.013129600000000005
add_finegrained1_6SO1LH.pt,14,184,184,0.008235100000000002
add_finegrained1_4166LX.pt,14,190,190,0.010560799999999999
add_finegrained1_T1DU14.pt,14,115,115,0.00878436
add_finegrained1_OGHHKV.pt,14,150,150,0.0179755
add_finegrained1_IEQGR3.pt,14,157,157,0.0167132
add_finegrained1_8DL592.pt,14,99,99,0.008397460000000002
add_finegrained1_D29PH2.pt,14,175,175,0.0041324
add_finegrained1_XKJA3U.pt,14,162,162,0.012646219999999996
add_finegrained1_A7JY4V.pt,14,187,187,0.004195400000000001
add_finegrained1_OIC75A.pt,14,115,115,0.016153180000000003
add_finegrained1_JC1Z1H.pt,14,123,123,0.010048459999999999
add_finegrained1_U07MA2.pt,14,88,88,0.017698359999999996
add_finegrained1_JA5ZU3.pt,14,89,89,0.01833714
add_finegrained1_RWV2WI.pt,14,79,79,0.021533760000000002
add_finegrained1_B1PPKZ.pt,14,69,69,0.025846080000000004
add_finegrained1_XS5MTC.pt,14,129,129,0.008053599999999998
add_finegrained1_NMEP51.pt,14,81,81,0.01970896
add_finegrained1_9XNOSS.pt,14,119,119,0.015742360000000004
add_finegrained1_PMGW3B.pt,14,100,100,0.00978852
add_finegrained1_J86F7N.pt,14,121,121,0.019796300000000003
add_finegrained1_6OAWNX.pt,14,73,73,0.02335846
add_finegrained1_HMJ9KU.pt,14,93,93,0.0164925
add_finegrained1_RC4JGV.pt,14,110,110,0.013975500000000009
add_finegrained1_L0ROSA.pt,14,108,108,0.01484108
add_finegrained1_AIFHA4.pt,14,68,68,0.015196259999999994
add_finegrained1_GDTDT2.pt,14,125,125,0.008145040000000001
add_finegrained1_8VZOVJ.pt,14,91,91,0.014994180000000008
add_finegrained1_FRTNFQ.pt,14,104,104,0.011977960000000001
add_finegrained1_XIEVS2.pt,14,122,122,0.014411040000000007
add_finegrained1_XTJFLP.pt,14,159,159,0.018532619999999996
add_finegrained1_QQEW0U.pt,14,146,146,0.01942896
add_finegrained1_NFXOQV.pt,14,204,204,0.02046570000000001
add_finegrained1_LAYAOL.pt,14,200,200,0.0063494400000000005
add_finegrained1_KBPY8I.pt,14,192,192,0.005443839999999998
add_finegrained1_VW6OJ6.pt,14,152,152,0.004119800000000001
add_finegrained1_MF1PMM.pt,14,126,126,0.011506500000000001
add_finegrained1_RU21JX.pt,14,144,144,0.014150400000000002
add_finegrained1_HL3AHF.pt,14,123,123,0.02430062
add_finegrained1_BBT8OV.pt,14,95,95,0.01289662
add_finegrained1_I025UK.pt,14,179,179,0.00893418
add_finegrained1_DQWF2D.pt,14,164,164,0.010399259999999999
add_finegrained1_XGWF6J.pt,14,124,124,0.017889240000000004
add_finegrained1_NQ1KDZ.pt,14,93,93,0.015063900000000003
add_finegrained1_EJNGIH.pt,14,153,153,0.013245400000000001
add_finegrained1_F6VCUJ.pt,14,172,172,0.0040737800000000025
add_finegrained1_K9WAKS.pt,14,162,162,0.009235000000000002
add_finegrained1_B931MS.pt,14,108,108,0.014928740000000001
add_finegrained1_WDUZ35.pt,14,178,178,0.0042158000000000004
add_finegrained1_CNG8MV.pt,14,203,203,0.020446439999999996
add_finegrained1_VSF6AQ.pt,7,396,396,0.01791626
add_finegrained1_RDT46H.pt,7,282,282,0.012745179999999998
add_finegrained1_OCKSF5.pt,7,469,469,0.022262679999999996
add_finegrained1_8BCR8C.pt,7,428,428,0.01147192
add_finegrained1_UTY7I8.pt,7,401,401,0.014964659999999994
add_finegrained1_QJ36CH.pt,7,539,539,0.011179320000000001
add_finegrained1_O369AQ.pt,7,410,410,0.018376660000000003
add_finegrained1_85369L.pt,7,468,468,0.0041511000000000004
add_finegrained1_4MPLPV.pt,7,274,274,0.017444859999999996
add_finegrained1_37LNK9.pt,7,299,299,0.023352179999999997
add_finegrained1_TE9RDZ.pt,7,482,482,0.010224659999999998
add_finegrained1_P21HIV.pt,7,336,336,0.018664340000000005
add_finegrained1_2LX93Y.pt,7,548,548,0.014959740000000006
add_finegrained1_XFXHVI.pt,7,390,390,0.01057618
add_finegrained1_VOZFBC.pt,7,364,364,0.01594662
add_finegrained1_A6JQTH.pt,7,542,542,0.01340976
add_finegrained1_RJACPC.pt,7,528,528,0.006471659999999999
add_finegrained1_MEYE9E.pt,7,356,356,0.01089644
add_finegrained1_1YNK8S.pt,7,420,420,0.016457839999999998
add_finegrained1_ZTYNAW.pt,7,322,322,0.009915500000000004
add_finegrained1_UAEMQN.pt,3,339,339,0.017115539999999995
add_finegrained1_7YYZW8.pt,3,461,461,0.019157839999999995
add_finegrained1_WEWMS6.pt,3,514,514,0.01166584
add_finegrained1_UC91H8.pt,3,396,396,0.021177080000000004
add_finegrained1_D8CYQA.pt,3,316,316,0.02644456
add_finegrained1_GLGRI8.pt,3,307,307,0.026251680000000003
add_finegrained1_XSAI0T.pt,3,341,341,0.01699742
add_finegrained1_RV50AB.pt,3,403,403,0.013635159999999995
add_finegrained1_O5G2GH.pt,3,352,352,0.017469200000000004
add_finegrained1_9XKFBD.pt,3,362,362,0.01981202
add_finegrained1_YUED31.pt,3,332,332,0.022961180000000008
add_finegrained1_CIVKWB.pt,3,298,298,0.020785799999999997
add_finegrained1_DGLOXH.pt,3,291,291,0.015433120000000002
add_finegrained1_43JQAN.pt,3,517,517,0.01987566
add_finegrained1_AKFT9K.pt,3,290,290,0.01713566
add_finegrained1_61687P.pt,3,286,286,0.019953839999999997
add_finegrained1_HR8F42.pt,3,533,533,0.016469220000000003
add_finegrained1_J31CU6.pt,3,573,573,0.01679612
add_finegrained1_8OTF6S.pt,3,522,522,0.016782139999999997
add_finegrained1_FAH42M.pt,3,548,548,0.015427120000000006
add_finegrained1_CD9Y8Q.pt,3,93,93,0.013568739999999994
add_finegrained1_670RBN.pt,3,159,159,0.025196459999999997
add_finegrained1_9MVYCU.pt,3,116,116,0.021935460000000004
add_finegrained1_HWCZMB.pt,3,90,90,0.022604960000000007
add_finegrained1_BYHKKU.pt,3,141,141,0.02628762
add_finegrained1_80Z789.pt,3,176,176,0.022429519999999998
add_finegrained1_8UX7YE.pt,3,88,88,0.024684899999999992
add_finegrained1_A4CFXJ.pt,3,191,191,0.012134859999999996
add_finegrained1_NO61QC.pt,3,177,177,0.016723639999999998
add_finegrained1_YNNY0D.pt,3,91,91,0.020684540000000005
add_finegrained1_H6GY0D.pt,3,183,183,0.02551156
add_finegrained1_PXM6BM.pt,3,180,180,0.01994458
add_finegrained1_J7JW2L.pt,3,155,155,0.014053980000000004
add_finegrained1_22ISSL.pt,3,166,166,0.019327479999999998
add_finegrained1_JY1MM0.pt,3,104,104,0.021823780000000004
add_finegrained1_JL0KHD.pt,3,103,103,0.021539840000000005
add_finegrained1_KAWVIV.pt,3,86,86,0.013463359999999995
add_finegrained1_6TVJM8.pt,3,157,157,0.00448768
add_finegrained1_PKBH3U.pt,3,101,101,0.01285382000000001
add_finegrained1_AKWHLM.pt,3,121,121,0.02379160000000001
add_finegrained1_HS8R2L.pt,56,9,9,0.016109179999999997
add_finegrained1_DDKVCR.pt,56,6,6,0.01711386
add_finegrained1_ZVMYUF.pt,56,12,12,0.009459999999999998
add_finegrained1_EG444G.pt,56,8,8,0.007678840000000001
add_finegrained1_2N1AHY.pt,56,11,11,0.017232459999999998
add_finegrained1_5M96ZY.pt,56,7,7,0.009352920000000004
add_finegrained1_BMDYTJ.pt,56,10,10,0.017327660000000005
add_finegrained1_H84KJJ.pt,56,5,5,0.01629402
add_finegrained1_QQWO3F.pt,7,149,149,0.016381199999999995
add_finegrained1_TSA29T.pt,7,307,307,0.0045128
add_finegrained1_TBQWDO.pt,7,224,224,0.012373299999999999
add_finegrained1_YK61MN.pt,7,140,140,0.021035619999999998
add_finegrained1_6SCGVF.pt,7,226,226,0.020299260000000006
add_finegrained1_58SXEF.pt,7,159,159,0.02528154
add_finegrained1_NWS8A2.pt,7,186,186,0.02322130000000001
add_finegrained1_ILBQ8K.pt,7,171,171,0.016637899999999997
add_finegrained1_DZE1K3.pt,7,312,312,0.01855922
add_finegrained1_O00AFV.pt,7,130,130,0.022634640000000004
add_finegrained1_ANRXF3.pt,7,152,152,0.019713399999999996
add_finegrained1_ZA3X0K.pt,7,189,189,0.015166579999999994
add_finegrained1_YLM5TH.pt,7,136,136,0.0194781
add_finegrained1_HSIOFM.pt,7,254,254,0.0176657
add_finegrained1_Y9D1FD.pt,7,308,308,0.018363
add_finegrained1_REMTH2.pt,7,242,242,0.016919720000000003
add_finegrained1_HMQDTN.pt,7,268,268,0.01824962
add_finegrained1_PN74QR.pt,7,165,165,0.02048974
add_finegrained1_VVU2F0.pt,7,267,267,0.018698940000000004
add_finegrained1_3TPTNI.pt,7,162,162,0.015757759999999996
add_finegrained1_J1NUCW.pt,7,235,235,0.011632139999999997
add_finegrained1_9CM45E.pt,7,299,299,0.01647648
add_finegrained1_DFQE9I.pt,7,306,306,0.01702854
add_finegrained1_F7XCXC.pt,7,296,296,0.018019920000000005
add_finegrained1_BUVTJD.pt,7,320,320,0.013457579999999999
add_finegrained1_VLJANQ.pt,7,163,163,0.026207060000000008
add_finegrained1_QESFQO.pt,7,162,162,0.009000440000000002
add_finegrained1_6ZMEJS.pt,7,193,193,0.012083680000000001
add_finegrained1_9UV1E4.pt,7,200,200,0.016841919999999996
add_finegrained1_02FJTA.pt,7,282,282,0.017600760000000007
add_finegrained1_R6ZRD7.pt,7,173,173,0.020961739999999996
add_finegrained1_8RNNJP.pt,7,164,164,0.00961074
add_finegrained1_H0HL1W.pt,7,182,182,0.01740210000000001
add_finegrained1_HTQIHI.pt,7,261,261,0.02635327999999999
add_finegrained1_KAULTM.pt,7,216,216,0.010506580000000001
add_finegrained1_KSHOES.pt,7,307,307,0.018171899999999998
add_finegrained1_OATHW9.pt,7,276,276,0.016868980000000006
add_finegrained1_WFXZE4.pt,7,176,176,0.02027004
add_finegrained1_WBDEGJ.pt,7,221,221,0.018940020000000002
add_finegrained1_ZAJVFL.pt,7,236,236,0.004470899999999999
add_finegrained1_RARFUN.pt,14,39,39,0.02161646000000001
add_finegrained1_6U8CSW.pt,14,29,29,0.019295700000000006
add_finegrained1_SMVQY2.pt,14,38,38,0.01885484000000001
add_finegrained1_LKQCLS.pt,14,53,53,0.02505432000000001
add_finegrained1_3IGI4P.pt,14,43,43,0.016696520000000003
add_finegrained1_PVVTHZ.pt,14,49,49,0.011305219999999996
add_finegrained1_IKQBEJ.pt,14,42,42,0.010627379999999999
add_finegrained1_JCHLDG.pt,14,32,32,0.017414219999999998
add_finegrained1_PMN6JP.pt,14,46,46,0.014211159999999994
add_finegrained1_E8XIGG.pt,14,58,58,0.013221340000000003
add_finegrained1_434S71.pt,14,59,59,0.013743499999999997
add_finegrained1_4DVLX1.pt,14,34,34,0.020918059999999992
add_finegrained1_MQSFU3.pt,14,68,68,0.019827059999999997
add_finegrained1_QE6M3Y.pt,14,33,33,0.018544300000000007
add_finegrained1_GAD7AX.pt,14,61,61,0.01884827999999999
add_finegrained1_L8GBWJ.pt,14,63,63,0.019276059999999998
add_finegrained1_MTWURE.pt,14,69,69,0.018668439999999998
add_finegrained1_6EG1VY.pt,14,60,60,0.019614780000000002
add_finegrained1_7VFROC.pt,14,50,50,0.017035739999999997
add_finegrained1_MI8QPC.pt,14,35,35,0.01902372
add_finegrained1_PXQL8O.pt,14,80,80,0.022401100000000004
add_finegrained1_759SLM.pt,14,88,88,0.013388800000000003
add_finegrained1_FRNKBU.pt,14,110,110,0.014519119999999995
add_finegrained1_7FWL93.pt,14,67,67,0.007904260000000003
add_finegrained1_PYBO2N.pt,14,99,99,0.012532940000000001
add_finegrained1_30DSK7.pt,14,96,96,0.013203940000000003
add_finegrained1_3THQKO.pt,14,79,79,0.01386598
add_finegrained1_RTQSDE.pt,14,82,82,0.018066720000000005
add_finegrained1_3384BT.pt,14,109,109,0.010206559999999996
add_finegrained1_VHIR0Q.pt,14,94,94,0.0128529
add_finegrained1_EK7CZ6.pt,14,95,95,0.02347128
add_finegrained1_BIM8MB.pt,14,60,60,0.017696899999999995
add_finegrained1_1Y5540.pt,14,61,61,0.0253145
add_finegrained1_PXO8VZ.pt,14,102,102,0.019376559999999998
add_finegrained1_U4X1ZK.pt,14,68,68,0.026175179999999992
add_finegrained1_U441DI.pt,14,75,75,0.021689720000000003
add_finegrained1_I2GFRW.pt,14,84,84,0.01858917999999999
add_finegrained1_H9M9RI.pt,14,103,103,0.015048259999999997
add_finegrained1_WOUMDK.pt,14,59,59,0.017228780000000003
add_finegrained1_2F5K2U.pt,14,90,90,0.01961496
add_finegrained1_0JWH1U.pt,3,676,676,0.019811360000000004
add_finegrained1_2QQIN4.pt,3,689,689,0.018915780000000004
add_finegrained1_WJL959.pt,3,573,573,0.02050126
add_finegrained1_PYUIKH.pt,3,580,580,0.02527534
add_finegrained1_L0QJC8.pt,3,639,639,0.018043800000000002
add_finegrained1_Z0Z23J.pt,3,822,822,0.01290581999999999
add_finegrained1_DK9504.pt,3,769,769,0.01562856
add_finegrained1_61F1T2.pt,3,843,843,0.023023799999999994
add_finegrained1_Z6T3I2.pt,3,685,685,0.021289619999999995
add_finegrained1_GXKBPW.pt,3,369,369,0.00436056
add_finegrained1_N30H4W.pt,3,830,830,0.016182200000000004
add_finegrained1_VRJTMK.pt,3,523,523,0.015419239999999992
add_finegrained1_HPOS74.pt,3,487,487,0.026192059999999996
add_finegrained1_47LMIO.pt,3,849,849,0.019239500000000003
add_finegrained1_K85YHE.pt,3,382,382,0.015254900000000002
add_finegrained1_X94F5M.pt,3,484,484,0.017165560000000003
add_finegrained1_SV9XUS.pt,3,669,669,0.004269299999999999
add_finegrained1_NOKJIP.pt,3,638,638,0.015428820000000001
add_finegrained1_HS7F2C.pt,3,827,827,0.01046698
add_finegrained1_V1MMU2.pt,3,726,726,0.025415539999999993
add_finegrained1_SZGMLF.pt,14,44,44,0.014349579999999995
add_finegrained1_58WZJ7.pt,14,38,38,0.019321080000000004
add_finegrained1_KQ1U22.pt,14,52,52,0.01930606
add_finegrained1_L24ZJT.pt,14,62,62,0.018866420000000002
add_finegrained1_R4CBVY.pt,14,48,48,0.023189420000000002
add_finegrained1_T67UBS.pt,14,34,34,0.016805539999999997
add_finegrained1_KPV2KA.pt,14,43,43,0.022670299999999997
add_finegrained1_UA9Q9G.pt,14,79,79,0.018681700000000002
add_finegrained1_QSWRVA.pt,14,61,61,0.02452706
add_finegrained1_QPC3DD.pt,14,37,37,0.020125680000000007
add_finegrained1_5VO4FY.pt,14,73,73,0.01726648
add_finegrained1_B7NWGD.pt,14,41,41,0.01039532
add_finegrained1_5D1CCT.pt,14,47,47,0.015921300000000003
add_finegrained1_9SKGQG.pt,14,36,36,0.017944560000000002
add_finegrained1_6FRQ07.pt,14,67,67,0.01903832
add_finegrained1_VRGG93.pt,14,69,69,0.01495258
add_finegrained1_R3YBNP.pt,14,80,80,0.01613062
add_finegrained1_5LI0GB.pt,14,51,51,0.020990880000000003
add_finegrained1_0MYRWG.pt,14,71,71,0.019564420000000003
add_finegrained1_CHUGA9.pt,14,78,78,0.028452620000000005
add_finegrained1_EHQZXE.pt,14,96,96,0.023835759999999998
add_finegrained1_251EMF.pt,14,56,56,0.011070000000000002
add_finegrained1_K5H2GZ.pt,14,104,104,0.01256362
add_finegrained1_8N9NB7.pt,14,99,99,0.016361599999999997
add_finegrained1_LXF65U.pt,14,63,63,0.0177385
add_finegrained1_SXQW27.pt,14,46,46,0.021562620000000005
add_finegrained1_I991VK.pt,14,101,101,0.01983124
add_finegrained1_805Z0K.pt,14,89,89,0.013033779999999997
add_finegrained1_WU9TDK.pt,14,48,48,0.020379240000000003
add_finegrained1_I8AYNI.pt,14,61,61,0.019595480000000002
add_finegrained1_58AUYI.pt,14,102,102,0.00962638
add_finegrained1_EWB0XA.pt,14,103,103,0.006890379999999998
add_finegrained1_P9Q8ME.pt,14,50,50,0.013900319999999997
add_finegrained1_FGXAWV.pt,14,62,62,0.017670940000000007
add_finegrained1_4Z5LRJ.pt,14,66,66,0.016800899999999997
add_finegrained1_6OCLFY.pt,14,85,85,0.012960299999999998
add_finegrained1_43W2AX.pt,14,98,98,0.010382620000000002
add_finegrained1_PEJCQE.pt,14,64,64,0.014339399999999993
add_finegrained1_UMADOB.pt,14,79,79,0.016459979999999996
add_finegrained1_LGYR7S.pt,14,73,73,0.004376779999999999
add_finegrained1_S5SWDA.pt,56,136,136,0.00446108
add_finegrained1_1X1BHO.pt,56,123,123,0.004367660000000001
add_finegrained1_GYPTWT.pt,56,70,70,0.004500720000000001
add_finegrained1_C0WN7V.pt,56,100,100,0.00440954
add_finegrained1_4FMDMA.pt,56,90,90,0.0043653799999999994
add_finegrained1_LZMWNP.pt,56,141,141,0.0043855
add_finegrained1_G8J97V.pt,56,129,129,0.004450879999999999
add_finegrained1_LNPTG0.pt,56,74,74,0.00443004
add_finegrained1_MR5RHF.pt,56,87,87,0.00437784
add_finegrained1_QTD7B8.pt,56,122,122,0.0043546999999999995
add_finegrained1_N9WNVC.pt,56,109,109,0.004453459999999999
add_finegrained1_55YKIL.pt,56,133,133,0.004466860000000001
add_finegrained1_VFBL1B.pt,56,93,93,0.00441454
add_finegrained1_1LMKFG.pt,56,110,110,0.004478560000000001
add_finegrained1_6DTMEX.pt,56,149,149,0.004498400000000001
add_finegrained1_DO3Y29.pt,56,144,144,0.0044801400000000005
add_finegrained1_9MT7RT.pt,56,92,92,0.004390620000000001
add_finegrained1_LLRVDM.pt,56,106,106,0.004444560000000001
add_finegrained1_VOVJAG.pt,56,101,101,0.0044392599999999996
add_finegrained1_DP07DQ.pt,56,104,104,0.004386219999999999
add_finegrained1_N6F8NK.pt,7,428,428,0.006443779999999999
add_finegrained1_4SSGVP.pt,7,348,348,0.011997039999999999
add_finegrained1_KCRXL3.pt,7,312,312,0.01304323999999999
add_finegrained1_L2NKQX.pt,7,300,300,0.007259840000000003
add_finegrained1_LUV572.pt,7,362,362,0.011748959999999998
add_finegrained1_3Z3BIC.pt,7,298,298,0.01178224
add_finegrained1_W5IKUU.pt,7,317,317,0.016049260000000003
add_finegrained1_M9EGUL.pt,7,465,465,0.014412380000000002
add_finegrained1_4QUSGE.pt,7,470,470,0.015891200000000005
add_finegrained1_MYO9NC.pt,7,510,510,0.019154160000000003
add_finegrained1_DVSE3E.pt,7,319,319,0.017425580000000003
add_finegrained1_T4EFWT.pt,7,311,311,0.020506439999999997
add_finegrained1_NQFWPX.pt,7,468,468,0.006507280000000001
add_finegrained1_O3M1PQ.pt,7,485,485,0.01096516
add_finegrained1_6AXXBI.pt,7,329,329,0.016592580000000003
add_finegrained1_LCMGQ3.pt,7,617,617,0.012637699999999998
add_finegrained1_CJ4YMN.pt,7,360,360,0.014693619999999998
add_finegrained1_YF0HYH.pt,7,392,392,0.023729280000000012
add_finegrained1_U4OQ1X.pt,7,456,456,0.015198940000000003
add_finegrained1_W3QU3V.pt,7,561,561,0.011482880000000004
add_finegrained1_WAE02P.pt,14,260,260,0.01119034
add_finegrained1_L45ZFR.pt,14,129,129,0.022845940000000002
add_finegrained1_Y2W4GX.pt,14,271,271,0.0044264
add_finegrained1_F5BPTZ.pt,14,259,259,0.004504299999999999
add_finegrained1_CMV3RL.pt,14,215,215,0.0044845
add_finegrained1_6TEIPO.pt,14,133,133,0.0052895400000000006
add_finegrained1_CQH8WE.pt,14,192,192,0.007300240000000003
add_finegrained1_DL6L9O.pt,14,193,193,0.010806500000000002
add_finegrained1_T1YPVI.pt,14,281,281,0.00449236
add_finegrained1_ECSJRJ.pt,14,303,303,0.004480760000000001
add_finegrained1_799PTM.pt,14,155,155,0.011711199999999998
add_finegrained1_J9DJQ7.pt,14,270,270,0.005639319999999998
add_finegrained1_OSZE1W.pt,14,191,191,0.0066441200000000025
add_finegrained1_4QRAQF.pt,14,165,165,0.007217479999999999
add_finegrained1_4H2V1W.pt,14,209,209,0.00447402
add_finegrained1_70PAN5.pt,14,287,287,0.0044541
add_finegrained1_UZYWCW.pt,14,258,258,0.0077292199999999985
add_finegrained1_UG2IU8.pt,14,162,162,0.021216320000000007
add_finegrained1_9VZPRU.pt,14,211,211,0.006579619999999995
add_finegrained1_S54RA4.pt,14,160,160,0.005978300000000002
add_finegrained1_RET107.pt,14,26,26,0.014616120000000003
add_finegrained1_BLTLYB.pt,14,19,19,0.022612720000000003
add_finegrained1_YC0EHJ.pt,14,20,20,0.022144559999999994
add_finegrained1_YDHFLX.pt,14,27,27,0.02152126
add_finegrained1_9W6BMM.pt,14,22,22,0.02866848000000001
add_finegrained1_TMJ0SR.pt,14,15,15,0.015333220000000005
add_finegrained1_06GEYK.pt,14,25,25,0.020009939999999993
add_finegrained1_XWSB5R.pt,14,17,17,0.02367804
add_finegrained1_OQV9KT.pt,14,23,23,0.017982419999999995
add_finegrained1_QKOKY7.pt,14,21,21,0.02201607999999999
add_finegrained1_Y7O60B.pt,14,16,16,0.022859239999999996
add_finegrained1_9AWZSY.pt,14,24,24,0.021640540000000007
add_finegrained1_9ALYK4.pt,14,12,12,0.021943920000000006
add_finegrained1_0XB7Y5.pt,14,14,14,0.021846519999999998
add_finegrained1_MFPE9Z.pt,14,13,13,0.028482800000000003
add_finegrained1_66DWZ3.pt,14,18,18,0.01392268
add_finegrained1_JDTXED.pt,3,289,289,0.01667712
add_finegrained1_CDJZ9O.pt,3,208,208,0.01192533999999999
add_finegrained1_6RNORK.pt,3,267,267,0.01861484
add_finegrained1_JLM8LZ.pt,3,167,167,0.0185932
add_finegrained1_WVWLGI.pt,3,284,284,0.018726340000000005
add_finegrained1_SVYYLA.pt,3,135,135,0.015294059999999996
add_finegrained1_IVII6S.pt,3,255,255,0.019980699999999997
add_finegrained1_PY4XP0.pt,3,254,254,0.014611160000000002
add_finegrained1_M507A5.pt,3,268,268,0.028268080000000008
add_finegrained1_AK4OTO.pt,3,275,275,0.01973834
add_finegrained1_2T8VYG.pt,3,206,206,0.017045799999999996
add_finegrained1_JESDUQ.pt,3,150,150,0.01667497999999999
add_finegrained1_EYJM15.pt,3,246,246,0.02838824
add_finegrained1_DC8NZA.pt,3,170,170,0.024248719999999998
add_finegrained1_5T6UTP.pt,3,180,180,0.014428239999999997
add_finegrained1_RJT2WD.pt,3,269,269,0.028749679999999996
add_finegrained1_BLHSER.pt,3,145,145,0.015478339999999995
add_finegrained1_XNOZYG.pt,3,153,153,0.028048040000000003
add_finegrained1_JM188Z.pt,3,276,276,0.021409279999999996
add_finegrained1_26KNBU.pt,3,174,174,0.015562320000000001
add_finegrained1_O7RBBG.pt,14,8,8,0.017450459999999998
add_finegrained1_NSCLL4.pt,14,10,10,0.016895919999999995
add_finegrained1_5G2PYI.pt,14,7,7,0.022548899999999997
add_finegrained1_4DHLN6.pt,14,6,6,0.00449176
add_finegrained1_JXIP3V.pt,14,5,5,0.017251360000000004
add_finegrained1_9744TP.pt,14,9,9,0.02008934
add_finegrained1_BFP6EN.pt,14,11,11,0.028341099999999994
add_finegrained1_13NUSA.pt,28,5,5,0.02539629999999999
add_finegrained1_1K04JP.pt,28,7,7,0.022510379999999993
add_finegrained1_QRXSK6.pt,28,8,8,0.0198889
add_finegrained1_668G67.pt,28,9,9,0.01678354
add_finegrained1_4LHITX.pt,28,6,6,0.015218099999999998
add_finegrained1_2IOY7I.pt,28,4,4,0.02557367999999999
add_finegrained1_R0JH7N.pt,14,185,185,0.013074500000000003
add_finegrained1_RLEAAF.pt,14,147,147,0.016577139999999997
add_finegrained1_6S68TS.pt,14,215,215,0.008403320000000002
add_finegrained1_5K9DX3.pt,14,177,177,0.009308300000000002
add_finegrained1_8OU1D2.pt,14,96,96,0.008950439999999999
add_finegrained1_IJH3Q9.pt,14,124,124,0.008305559999999997
add_finegrained1_QQDU3X.pt,14,139,139,0.007019879999999998
add_finegrained1_3EP1AO.pt,14,122,122,0.007123700000000002
add_finegrained1_HCVA01.pt,14,208,208,0.015695640000000007
add_finegrained1_CZASS4.pt,14,107,107,0.012931419999999996
add_finegrained1_KXC988.pt,14,162,162,0.012150000000000001
add_finegrained1_EOCRNH.pt,14,129,129,0.014459279999999998
add_finegrained1_H9UJUJ.pt,14,155,155,0.011129120000000003
add_finegrained1_PGFGSC.pt,14,171,171,0.024827219999999997
add_finegrained1_YHXF27.pt,14,149,149,0.010863359999999996
add_finegrained1_NU04UD.pt,14,111,111,0.005127199999999998
add_finegrained1_H4EIH4.pt,14,151,151,0.009651860000000002
add_finegrained1_G69EUZ.pt,14,169,169,0.00831554
add_finegrained1_GVMSCY.pt,14,220,220,0.00449044
add_finegrained1_Z1PDKB.pt,14,132,132,0.007291399999999999
add_finegrained1_ZVHQUJ.pt,7,161,161,0.013566399999999992
add_finegrained1_RQC8VY.pt,7,113,113,0.011120420000000004
add_finegrained1_K6Z3IG.pt,7,134,134,0.014936419999999997
add_finegrained1_V8OXBB.pt,7,121,121,0.017732380000000002
add_finegrained1_9S9XF2.pt,7,132,132,0.02357428
add_finegrained1_40F0HJ.pt,7,186,186,0.0180216
add_finegrained1_MNEKXY.pt,7,116,116,0.013530580000000004
add_finegrained1_3GGC6A.pt,7,166,166,0.02420270000000001
add_finegrained1_SEN8X0.pt,7,138,138,0.014777159999999998
add_finegrained1_4APFJL.pt,7,143,143,0.015688360000000002
add_finegrained1_V6N59Y.pt,7,149,149,0.017780440000000005
add_finegrained1_6N6XU3.pt,7,83,83,0.01782262
add_finegrained1_COYXY7.pt,7,103,103,0.014153839999999997
add_finegrained1_QAAP0T.pt,7,162,162,0.027475339999999987
add_finegrained1_7C3OP8.pt,7,167,167,0.013055059999999999
add_finegrained1_LE4XO1.pt,7,157,157,0.017180920000000002
add_finegrained1_Q8Z9P4.pt,7,148,148,0.0163168
add_finegrained1_FGAS18.pt,7,190,190,0.01903622
add_finegrained1_SGSQ01.pt,7,197,197,0.016903139999999997
add_finegrained1_4LNNXT.pt,7,123,123,0.010111039999999998
add_finegrained1_YYKGQY.pt,3,646,646,0.004449639999999998
add_finegrained1_CM5U44.pt,3,740,740,0.010110640000000002
add_finegrained1_A8X1FG.pt,3,534,534,0.019768600000000004
add_finegrained1_1LOHC9.pt,3,1106,1106,0.01868803999999999
add_finegrained1_5QVXDE.pt,3,1100,1100,0.011410179999999999
add_finegrained1_V2C0W7.pt,3,744,744,0.016385620000000004
add_finegrained1_4BUDGX.pt,3,737,737,0.01197938
add_finegrained1_LLUDLE.pt,3,500,500,0.011688900000000002
add_finegrained1_851F0X.pt,3,1018,1018,0.012408999999999996
add_finegrained1_EI18Z7.pt,3,956,956,0.01649396
add_finegrained1_XLZCND.pt,3,1050,1050,0.025194000000000008
add_finegrained1_OXNN2E.pt,3,1042,1042,0.021593419999999995
add_finegrained1_90X2ON.pt,3,937,937,0.022305460000000003
add_finegrained1_CT8M75.pt,3,1066,1066,0.017696319999999998
add_finegrained1_AAP7XK.pt,3,787,787,0.015790560000000002
add_finegrained1_Z4P53G.pt,3,783,783,0.0102347
add_finegrained1_4BXGD7.pt,3,1081,1081,0.011499580000000002
add_finegrained1_V3GEBP.pt,3,1134,1134,0.026560120000000007
add_finegrained1_E3BFOU.pt,3,864,864,0.02893846
add_finegrained1_7FV3F5.pt,3,1113,1113,0.022309580000000006
add_finegrained1_FUZRJX.pt,14,173,173,0.015493399999999997
add_finegrained1_783R1O.pt,14,193,193,0.0056337400000000025
add_finegrained1_Y7U58D.pt,14,207,207,0.011221220000000002
add_finegrained1_PK55JG.pt,14,183,183,0.00744326
add_finegrained1_CDMJQE.pt,14,146,146,0.010782680000000006
add_finegrained1_Y2WDBK.pt,14,169,169,0.01873514000000001
add_finegrained1_MHIGNT.pt,14,179,179,0.013003199999999994
add_finegrained1_SFQRBD.pt,14,277,277,0.0044821
add_finegrained1_OC0XSC.pt,14,166,166,0.00502572
add_finegrained1_2BXXP5.pt,14,162,162,0.00457614
add_finegrained1_DANUUB.pt,14,143,143,0.022239660000000005
add_finegrained1_WC7K1Q.pt,14,258,258,0.004973160000000001
add_finegrained1_7W3H0D.pt,14,194,194,0.013614859999999993
add_finegrained1_VD6VTA.pt,14,175,175,0.004467379999999999
add_finegrained1_5HSZCF.pt,14,148,148,0.009987120000000004
add_finegrained1_8PZ9Z6.pt,14,168,168,0.012874339999999998
add_finegrained1_YXEH3Z.pt,14,267,267,0.007777700000000001
add_finegrained1_4JRA4V.pt,14,124,124,0.009128619999999997
add_finegrained1_2LK6U9.pt,14,153,153,0.0106878
add_finegrained1_WJBIV6.pt,14,132,132,0.013465740000000002
add_finegrained1_QRU24X.pt,7,704,704,0.004470940000000001
add_finegrained1_AW664K.pt,7,712,712,0.0073579
add_finegrained1_QDM83P.pt,7,760,760,0.011412339999999998
add_finegrained1_H1KN9L.pt,7,661,661,0.013101420000000004
add_finegrained1_C2NJ3O.pt,7,628,628,0.010587840000000001
add_finegrained1_CZN9DP.pt,7,938,938,0.00447322
add_finegrained1_LXFGV8.pt,7,619,619,0.012666780000000006
add_finegrained1_AD76FD.pt,7,825,825,0.008370599999999997
add_finegrained1_LBMJSP.pt,7,773,773,0.009747180000000001
add_finegrained1_YBXU60.pt,7,796,796,0.005929219999999998
add_finegrained1_JI08HI.pt,7,581,581,0.0045562599999999995
add_finegrained1_4B4Z5U.pt,7,771,771,0.00953184
add_finegrained1_V61TAU.pt,7,862,862,0.004442540000000001
add_finegrained1_L461Z3.pt,7,591,591,0.011394040000000001
add_finegrained1_YR6ISP.pt,7,525,525,0.007268480000000002
add_finegrained1_SV5NTL.pt,7,606,606,0.0044201200000000005
add_finegrained1_4OEXXU.pt,7,407,407,0.009439719999999999
add_finegrained1_AXAAJY.pt,7,788,788,0.007282760000000002
add_finegrained1_DH1XOS.pt,7,735,735,0.011824040000000003
add_finegrained1_M454P4.pt,7,948,948,0.004527259999999999
add_finegrained1_SBGBD0.pt,56,158,158,0.004572919999999998
add_finegrained1_M565YI.pt,56,154,154,0.00442358
add_finegrained1_ZV95U1.pt,56,143,143,0.00437896
add_finegrained1_9IOAH9.pt,56,174,174,0.004614860000000001
add_finegrained1_8ZPV8Y.pt,56,123,123,0.004489699999999998
add_finegrained1_GN28P0.pt,56,161,161,0.0045140200000000005
add_finegrained1_FARIPK.pt,56,130,130,0.00446372
add_finegrained1_9902NR.pt,56,145,145,0.0044334199999999995
add_finegrained1_5R1XZR.pt,56,127,127,0.00440406
add_finegrained1_OJR9YB.pt,56,90,90,0.00449512
add_finegrained1_HGXE51.pt,56,109,109,0.0044337199999999995
add_finegrained1_B2V43J.pt,56,160,160,0.00449216
add_finegrained1_ULWLGJ.pt,56,181,181,0.004517499999999999
add_finegrained1_91POOM.pt,56,166,166,0.00455624
add_finegrained1_P7JUN0.pt,56,190,190,0.00456076
add_finegrained1_TR0JCR.pt,56,85,85,0.004468719999999998
add_finegrained1_M808BE.pt,56,134,134,0.00441234
add_finegrained1_EHZZON.pt,56,183,183,0.004509679999999999
add_finegrained1_ZCJOV9.pt,56,107,107,0.004433299999999999
add_finegrained1_HPJ2O6.pt,56,176,176,0.00459484
add_finegrained1_WYZQWW.pt,7,178,178,0.02357246
add_finegrained1_KPOH3W.pt,7,111,111,0.016681840000000007
add_finegrained1_GUETPV.pt,7,210,210,0.016954059999999993
add_finegrained1_GH5P6Z.pt,7,153,153,0.0099592
add_finegrained1_OMWLJ8.pt,7,195,195,0.024720919999999993
add_finegrained1_QVND0B.pt,7,177,177,0.028814899999999997
add_finegrained1_J2EDGN.pt,7,109,109,0.012637919999999999
add_finegrained1_ZHDUPF.pt,7,244,244,0.02439994
add_finegrained1_SD2J31.pt,7,186,186,0.019581099999999997
add_finegrained1_KX485R.pt,7,184,184,0.014282320000000001
add_finegrained1_QTWHXQ.pt,7,126,126,0.024484759999999998
add_finegrained1_OQFPZA.pt,7,252,252,0.024015400000000006
add_finegrained1_UAXFT2.pt,7,190,190,0.018364760000000004
add_finegrained1_F65THW.pt,7,181,181,0.028888820000000003
add_finegrained1_GCKO28.pt,7,148,148,0.008674399999999999
add_finegrained1_3FWGP0.pt,7,224,224,0.013195060000000007
add_finegrained1_1KKNT8.pt,7,240,240,0.014507939999999995
add_finegrained1_FNRDJU.pt,7,236,236,0.024197599999999993
add_finegrained1_B5I5YC.pt,7,198,198,0.0155604
add_finegrained1_S4EBXY.pt,7,141,141,0.02291322
add_finegrained1_6GKDV3.pt,7,255,255,0.00454102
add_finegrained1_B4XUCQ.pt,7,269,269,0.017798340000000003
add_finegrained1_YUTSTU.pt,7,216,216,0.010933720000000001
add_finegrained1_T3BT3V.pt,7,147,147,0.027272460000000012
add_finegrained1_ZIASC7.pt,7,246,246,0.011057520000000005
add_finegrained1_KPVQ5T.pt,7,215,215,0.014031739999999997
add_finegrained1_MUXKTM.pt,7,119,119,0.01635854
add_finegrained1_ETGDV8.pt,7,236,236,0.017189979999999997
add_finegrained1_OSYK39.pt,7,151,151,0.019528859999999995
add_finegrained1_6578EL.pt,7,116,116,0.025649
add_finegrained1_F02I5Z.pt,7,142,142,0.019644039999999998
add_finegrained1_MGZ3KV.pt,7,213,213,0.017787740000000007
add_finegrained1_6H73HI.pt,7,225,225,0.019832680000000002
add_finegrained1_CZZH74.pt,7,136,136,0.0247267
add_finegrained1_BGL1MO.pt,7,254,254,0.011715800000000004
add_finegrained1_YA2WG4.pt,7,122,122,0.011799740000000001
add_finegrained1_18LU4Q.pt,7,261,261,0.0121104
add_finegrained1_6XYB2L.pt,7,243,243,0.01620712
add_finegrained1_CSO1ZE.pt,7,228,228,0.015392460000000004
add_finegrained1_AQNWLA.pt,7,191,191,0.020613020000000003
add_finegrained1_5RRA3G.pt,56,141,141,0.0044258
add_finegrained1_HFDOCB.pt,56,109,109,0.004386760000000001
add_finegrained1_2S9EPZ.pt,56,135,135,0.004434080000000002
add_finegrained1_QXDAK9.pt,56,128,128,0.0043895800000000006
add_finegrained1_V0580D.pt,56,127,127,0.004475400000000002
add_finegrained1_8HZUD6.pt,56,96,96,0.004424100000000001
add_finegrained1_9RVMVM.pt,56,79,79,0.004434040000000001
add_finegrained1_A50KMK.pt,56,187,187,0.0046191
add_finegrained1_9TV77W.pt,56,94,94,0.004429200000000001
add_finegrained1_TNVMVJ.pt,56,172,172,0.0045014600000000005
add_finegrained1_S2VIWT.pt,56,104,104,0.004377800000000001
add_finegrained1_S7QRWT.pt,56,132,132,0.0043873
add_finegrained1_ZXQN8P.pt,56,155,155,0.004428959999999999
add_finegrained1_0MRQL6.pt,56,115,115,0.00438478
add_finegrained1_EAMK2J.pt,56,174,174,0.0045674600000000015
add_finegrained1_MXWQJ5.pt,56,160,160,0.004499840000000001
add_finegrained1_PKJUB3.pt,56,121,121,0.00459878
add_finegrained1_WSSFE3.pt,56,168,168,0.00462756
add_finegrained1_9P5S7Y.pt,56,159,159,0.0045012
add_finegrained1_63E7CE.pt,56,136,136,0.0043704799999999995
add_finegrained1_GJLA7Y.pt,7,465,465,0.006498660000000002
add_finegrained1_PAFT0Z.pt,7,819,819,0.006708839999999999
add_finegrained1_L5ANHL.pt,7,678,678,0.009135700000000004
add_finegrained1_93Y3S2.pt,7,750,750,0.01438482
add_finegrained1_SGCOWN.pt,7,615,615,0.011940880000000004
add_finegrained1_5CDTQT.pt,7,564,564,0.005372499999999998
add_finegrained1_S7FFXQ.pt,7,542,542,0.012046380000000002
add_finegrained1_SJJIHX.pt,7,918,918,0.007388880000000001
add_finegrained1_QDI6LL.pt,7,901,901,0.004484220000000001
add_finegrained1_UG3LSM.pt,7,644,644,0.00863784
add_finegrained1_0C8BOL.pt,7,568,568,0.004671220000000001
add_finegrained1_NC4830.pt,7,402,402,0.01049182
add_finegrained1_ZTCPB4.pt,7,754,754,0.0056332199999999995
add_finegrained1_5ED6IX.pt,7,941,941,0.0061122
add_finegrained1_TIJM8Z.pt,7,906,906,0.004530679999999998
add_finegrained1_B7S1XD.pt,7,456,456,0.0066381600000000015
add_finegrained1_A8QP0F.pt,7,446,446,0.011682380000000001
add_finegrained1_5M3WUU.pt,7,411,411,0.0170622
add_finegrained1_578UFM.pt,7,618,618,0.024118940000000005
add_finegrained1_3P44P8.pt,7,779,779,0.014231920000000002
add_finegrained1_2DNNPN.pt,28,48,48,0.009316020000000001
add_finegrained1_1BFQYZ.pt,28,23,23,0.005918360000000001
add_finegrained1_0SNRUN.pt,28,27,27,0.008597239999999997
add_finegrained1_WU90NF.pt,28,49,49,0.011106120000000002
add_finegrained1_INWFH9.pt,28,43,43,0.0071556599999999995
add_finegrained1_KG2KIN.pt,28,42,42,0.014466039999999993
add_finegrained1_ZYZ18A.pt,28,44,44,0.008930039999999995
add_finegrained1_P73A0G.pt,28,25,25,0.018476819999999994
add_finegrained1_U33PB3.pt,28,35,35,0.010087699999999998
add_finegrained1_MYS7OS.pt,28,32,32,0.005012020000000001
add_finegrained1_9EQB1H.pt,28,21,21,0.009973079999999999
add_finegrained1_WNM8DK.pt,28,26,26,0.01855988
add_finegrained1_WS9CDX.pt,28,45,45,0.008501480000000002
add_finegrained1_CLVH19.pt,28,40,40,0.007663319999999998
add_finegrained1_MRU3IE.pt,28,28,28,0.009134919999999996
add_finegrained1_H798KM.pt,28,46,46,0.00521556
add_finegrained1_EORJKS.pt,28,22,22,0.010835079999999997
add_finegrained1_6NKKHU.pt,28,34,34,0.004930500000000001
add_finegrained1_TPOUR8.pt,28,29,29,0.006003800000000001
add_finegrained1_3TZVIM.pt,28,33,33,0.00445722
add_finegrained1_B6574L.pt,7,75,75,0.028687919999999995
add_finegrained1_3CQVM9.pt,7,49,49,0.02571234
add_finegrained1_YJLMHE.pt,7,47,47,0.015328100000000002
add_finegrained1_KJHUDT.pt,7,33,33,0.015581580000000008
add_finegrained1_8GGW6N.pt,7,35,35,0.019555140000000002
add_finegrained1_UWO83J.pt,7,36,36,0.0173765
add_finegrained1_0NO682.pt,7,52,52,0.01413176
add_finegrained1_T6GY6M.pt,7,42,42,0.023502299999999993
add_finegrained1_MIA9IS.pt,7,57,57,0.021613840000000006
add_finegrained1_PAXFNI.pt,7,69,69,0.01225508
add_finegrained1_JUEJ5T.pt,7,70,70,0.015204379999999997
add_finegrained1_0B1V8R.pt,7,73,73,0.013699620000000003
add_finegrained1_Q0PF0E.pt,7,54,54,0.012221460000000002
add_finegrained1_N14529.pt,7,40,40,0.02914308000000001
add_finegrained1_ZZ5PN1.pt,7,53,53,0.012197899999999994
add_finegrained1_V9IPHS.pt,7,60,60,0.015243300000000001
add_finegrained1_6EK23H.pt,7,63,63,0.014125180000000001
add_finegrained1_I3YYDU.pt,7,39,39,0.01896796000000001
add_finegrained1_VVPL7Z.pt,7,32,32,0.02165466
add_finegrained1_I26Q4M.pt,7,37,37,0.01620802
add_finegrained1_PFAFJX.pt,7,164,164,0.004517739999999998
add_finegrained1_MJPY6W.pt,7,175,175,0.020001919999999992
add_finegrained1_TNL54E.pt,7,108,108,0.014130360000000003
add_finegrained1_2DN24Z.pt,7,107,107,0.011970000000000001
add_finegrained1_CM3NWZ.pt,7,190,190,0.02684264
add_finegrained1_692PEY.pt,7,186,186,0.028474740000000002
add_finegrained1_2J3N1C.pt,7,196,196,0.011803520000000005
add_finegrained1_8PHBOF.pt,7,110,110,0.0175272
add_finegrained1_IB3OE1.pt,7,195,195,0.0173694
add_finegrained1_4UVCUL.pt,7,225,225,0.02559494
add_finegrained1_QPLXTB.pt,7,151,151,0.019955800000000003
add_finegrained1_WPK636.pt,7,229,229,0.016031040000000003
add_finegrained1_FYLOPA.pt,7,205,205,0.017242379999999998
add_finegrained1_BUUXIT.pt,7,198,198,0.012762680000000009
add_finegrained1_0TNZEN.pt,7,133,133,0.01573132
add_finegrained1_KQPXPF.pt,7,158,158,0.015347959999999996
add_finegrained1_H5SEQG.pt,7,152,152,0.0204126
add_finegrained1_MIMZ9U.pt,7,142,142,0.013130620000000003
add_finegrained1_770AF0.pt,7,210,210,0.012562180000000001
add_finegrained1_I7CGNE.pt,7,182,182,0.0130402
add_finegrained1_CQQ20G.pt,7,29,29,0.00470554
add_finegrained1_0ET14P.pt,7,23,23,0.02524068
add_finegrained1_073WIZ.pt,7,26,26,0.027321540000000005
add_finegrained1_IULTSJ.pt,7,17,17,0.013458500000000005
add_finegrained1_4FGD7Z.pt,7,30,30,0.01798908
add_finegrained1_X8SW4P.pt,7,32,32,0.022977939999999992
add_finegrained1_7BOVD4.pt,7,19,19,0.019777640000000003
add_finegrained1_D47V9H.pt,7,18,18,0.021964299999999996
add_finegrained1_384B55.pt,7,20,20,0.014810399999999996
add_finegrained1_9GOVE5.pt,7,25,25,0.027676640000000002
add_finegrained1_K8J6N3.pt,7,21,21,0.023119400000000002
add_finegrained1_VTLL90.pt,7,37,37,0.021129120000000005
add_finegrained1_AU2MIN.pt,7,22,22,0.0246963
add_finegrained1_8PJC5Y.pt,7,36,36,0.021707419999999998
add_finegrained1_HUCAAS.pt,7,34,34,0.028433960000000008
add_finegrained1_X6WRLG.pt,7,27,27,0.023608680000000003
add_finegrained1_P1AO5D.pt,7,28,28,0.004728819999999998
add_finegrained1_V2WFYJ.pt,7,38,38,0.028461760000000006
add_finegrained1_ZQ875O.pt,7,35,35,0.025294660000000004
add_finegrained1_ZKYDXR.pt,7,39,39,0.02247232
add_finegrained1_SMF79J.pt,14,115,115,0.010298840000000005
add_finegrained1_EF7J3W.pt,14,110,110,0.013379799999999999
add_finegrained1_M7SEGG.pt,14,96,96,0.010007839999999997
add_finegrained1_98INYZ.pt,14,100,100,0.011433100000000003
add_finegrained1_S9SGE0.pt,14,116,116,0.012975099999999996
add_finegrained1_7WI1R7.pt,14,82,82,0.01467286
add_finegrained1_DQ5RL6.pt,14,101,101,0.011891060000000002
add_finegrained1_7QRX6G.pt,14,89,89,0.008374340000000001
add_finegrained1_MP8FPE.pt,14,97,97,0.010212760000000003
add_finegrained1_V1HNZ7.pt,14,111,111,0.005294520000000001
add_finegrained1_IMR3CF.pt,14,93,93,0.00489982
add_finegrained1_F627HS.pt,14,72,72,0.025663900000000007
add_finegrained1_W9609J.pt,14,127,127,0.020997200000000004
add_finegrained1_BDB83Y.pt,14,117,117,0.01073968
add_finegrained1_9VHEV9.pt,14,124,124,0.02316554
add_finegrained1_LVG3IU.pt,14,70,70,0.01760877999999999
add_finegrained1_AMX9ST.pt,14,59,59,0.016903679999999997
add_finegrained1_IKKQU8.pt,14,109,109,0.006292920000000002
add_finegrained1_32ZLAU.pt,14,113,113,0.012690060000000001
add_finegrained1_2U1LML.pt,14,90,90,0.012077079999999995
add_finegrained1_WXBA7P.pt,28,44,44,0.008540980000000004
add_finegrained1_J6YMR6.pt,28,78,78,0.004474100000000001
add_finegrained1_8ROC8K.pt,28,86,86,0.004444079999999999
add_finegrained1_32GD7E.pt,28,46,46,0.015940919999999997
add_finegrained1_X7J923.pt,28,66,66,0.010878819999999997
add_finegrained1_7CO0TG.pt,28,63,63,0.0045155
add_finegrained1_V7M4NI.pt,28,45,45,0.009604340000000001
add_finegrained1_8C6ZN5.pt,28,60,60,0.015504740000000001
add_finegrained1_SNDFP7.pt,28,84,84,0.00441668
add_finegrained1_MD6ZMJ.pt,28,52,52,0.00635176
add_finegrained1_D22OPO.pt,28,43,43,0.007413740000000001
add_finegrained1_AVVS4P.pt,28,56,56,0.0070823599999999985
add_finegrained1_ZOUD9N.pt,28,61,61,0.00443396
add_finegrained1_IEM3NK.pt,28,42,42,0.00798924
add_finegrained1_C5PXHN.pt,28,59,59,0.0052161199999999994
add_finegrained1_6DFBJG.pt,28,90,90,0.0046666799999999994
add_finegrained1_0CQHQW.pt,28,89,89,0.00448008
add_finegrained1_ORALW8.pt,28,80,80,0.014012319999999993
add_finegrained1_HW5N6E.pt,28,57,57,0.008604599999999999
add_finegrained1_Y95U37.pt,28,39,39,0.010220919999999998
add_finegrained1_2RFV1T.pt,7,186,186,0.017984200000000002
add_finegrained1_AODQ4G.pt,7,229,229,0.013668160000000007
add_finegrained1_OG2LHS.pt,7,147,147,0.01733068
add_finegrained1_SX65TA.pt,7,187,187,0.02920373999999999
add_finegrained1_E3MSYS.pt,7,205,205,0.014647439999999998
add_finegrained1_3UQ5WL.pt,7,233,233,0.018641000000000005
add_finegrained1_HRM9FF.pt,7,114,114,0.015664960000000002
add_finegrained1_NV2GGE.pt,7,155,155,0.0125835
add_finegrained1_75A9AM.pt,7,136,136,0.01429922
add_finegrained1_DWWAVE.pt,7,209,209,0.018841500000000004
add_finegrained1_763HPW.pt,7,156,156,0.014773620000000005
add_finegrained1_FLL5H7.pt,7,176,176,0.013594060000000003
add_finegrained1_NFJNL5.pt,7,260,260,0.00844508
add_finegrained1_AO0ZT7.pt,7,245,245,0.0184482
add_finegrained1_P8LM3H.pt,7,118,118,0.018465800000000004
add_finegrained1_44GFCT.pt,7,254,254,0.01931838
add_finegrained1_9RJ9WR.pt,7,227,227,0.012064479999999999
add_finegrained1_KULQA0.pt,7,191,191,0.00963364
add_finegrained1_TDEI17.pt,7,213,213,0.014988380000000006
add_finegrained1_H4TJ0A.pt,7,259,259,0.016621940000000005
add_finegrained1_0FFPMW.pt,7,115,115,0.004434820000000002
add_finegrained1_JQR2I4.pt,7,125,125,0.015040840000000005
add_finegrained1_W131V8.pt,7,61,61,0.0280054
add_finegrained1_RSQ8H4.pt,7,56,56,0.022850499999999996
add_finegrained1_HRWZNE.pt,7,131,131,0.016690219999999995
add_finegrained1_BNMPTL.pt,7,75,75,0.022188360000000015
add_finegrained1_IYBSX4.pt,7,121,121,0.020845519999999996
add_finegrained1_5Z5URP.pt,7,117,117,0.019466500000000008
add_finegrained1_J1WW59.pt,7,62,62,0.014461940000000001
add_finegrained1_7132E4.pt,7,118,118,0.017342
add_finegrained1_5908FA.pt,7,122,122,0.018446259999999996
add_finegrained1_WUF2B3.pt,7,123,123,0.013168299999999996
add_finegrained1_YWPLYM.pt,7,132,132,0.019930740000000002
add_finegrained1_MH1GRT.pt,7,88,88,0.028240600000000008
add_finegrained1_5PL5IG.pt,7,110,110,0.028538620000000004
add_finegrained1_PL51BI.pt,7,81,81,0.019154259999999996
add_finegrained1_B6C9FG.pt,7,120,120,0.01450704000000001
add_finegrained1_XO9PD3.pt,7,63,63,0.016759899999999994
add_finegrained1_9XVAJL.pt,7,57,57,0.015243939999999994
add_finegrained1_HWOEAZ.pt,7,65,65,0.022877900000000003
add_finegrained1_TS33PB.pt,14,26,26,0.01154366
add_finegrained1_Q3NQMZ.pt,14,17,17,0.01890142
add_finegrained1_2ITO1M.pt,14,16,16,0.012714240000000002
add_finegrained1_E7KA91.pt,14,23,23,0.013322059999999993
add_finegrained1_IMR7L5.pt,14,19,19,0.017442899999999994
add_finegrained1_OC2FF7.pt,14,11,11,0.019602599999999998
add_finegrained1_LTIAFC.pt,14,22,22,0.021290440000000008
add_finegrained1_EREJMK.pt,14,14,14,0.013594860000000002
add_finegrained1_I3LCKM.pt,14,20,20,0.015398459999999997
add_finegrained1_MUR94F.pt,14,12,12,0.02761278
add_finegrained1_6M4OBF.pt,14,15,15,0.022059820000000004
add_finegrained1_9U6DLK.pt,14,25,25,0.01534286
add_finegrained1_RNUNBX.pt,14,18,18,0.025541260000000007
add_finegrained1_MIBP3K.pt,14,21,21,0.01661222
add_finegrained1_Y47UYS.pt,14,24,24,0.02600998
add_finegrained1_VI1BMP.pt,14,13,13,0.013802859999999998
add_finegrained1_HKIH55.pt,14,59,59,0.00466918
add_finegrained1_DNAS5K.pt,14,83,83,0.023723180000000003
add_finegrained1_OWW6R0.pt,14,58,58,0.02612161999999999
add_finegrained1_L3BXTU.pt,14,63,63,0.028546619999999998
add_finegrained1_4A3RFD.pt,14,76,76,0.016392700000000003
add_finegrained1_JLPQ3W.pt,14,67,67,0.00864846
add_finegrained1_QUHVO1.pt,14,74,74,0.023609880000000003
add_finegrained1_GTL7WO.pt,14,54,54,0.022489999999999993
add_finegrained1_MOMPFR.pt,14,51,51,0.012663659999999998
add_finegrained1_NFZ916.pt,14,79,79,0.02272982
add_finegrained1_PGW0F3.pt,14,84,84,0.023632579999999997
add_finegrained1_GALQW9.pt,14,60,60,0.018346980000000002
add_finegrained1_VQHLF5.pt,14,65,65,0.02016318
add_finegrained1_O1YX04.pt,14,69,69,0.01980488
add_finegrained1_R8NW6C.pt,14,44,44,0.0049595199999999985
add_finegrained1_1U6KID.pt,14,50,50,0.015476359999999991
add_finegrained1_9E3Y7N.pt,14,89,89,0.0153178
add_finegrained1_4G65AE.pt,14,45,45,0.023525919999999992
add_finegrained1_BOI2ID.pt,14,53,53,0.019053440000000005
add_finegrained1_21HIN0.pt,14,88,88,0.01713848
add_finegrained1_W1W31X.pt,14,15,15,0.014654599999999997
add_finegrained1_FSNDN1.pt,14,27,27,0.01192136
add_finegrained1_MS4AXI.pt,14,17,17,0.02058384
add_finegrained1_RR5UQD.pt,14,14,14,0.015394939999999992
add_finegrained1_RK5TVQ.pt,14,20,20,0.018957800000000004
add_finegrained1_F2Z5DB.pt,14,18,18,0.006505019999999999
add_finegrained1_MEGVIJ.pt,14,26,26,0.029079979999999995
add_finegrained1_VXQBVS.pt,14,12,12,0.012711540000000006
add_finegrained1_FZTP48.pt,14,24,24,0.022477559999999997
add_finegrained1_OKDFQM.pt,14,19,19,0.02642364
add_finegrained1_AWA3E9.pt,14,25,25,0.023329520000000003
add_finegrained1_32201I.pt,14,13,13,0.022575239999999996
add_finegrained1_9S4NL0.pt,14,28,28,0.02244992
add_finegrained1_IPMQ32.pt,14,21,21,0.02013648
add_finegrained1_RG5BRV.pt,14,29,29,0.024045459999999998
add_finegrained1_TFHKTB.pt,14,23,23,0.017989579999999995
add_finegrained1_AZRT7C.pt,14,22,22,0.021956779999999995
add_finegrained1_68V595.pt,14,16,16,0.023490580000000004
add_finegrained1_2JRFY5.pt,28,5,5,0.026040360000000002
add_finegrained1_CCRY06.pt,28,7,7,0.028331419999999996
add_finegrained1_GYG1W4.pt,28,4,4,0.016462579999999997
add_finegrained1_9BKIBX.pt,28,9,9,0.019090100000000002
add_finegrained1_U906X3.pt,28,6,6,0.023282100000000007
add_finegrained1_ZBG97W.pt,28,8,8,0.01874977999999999
add_finegrained1_YNO4YP.pt,14,6,6,0.029260360000000003
add_finegrained1_5VHKSL.pt,14,8,8,0.015740220000000006
add_finegrained1_829CU3.pt,14,12,12,0.019558100000000002
add_finegrained1_AAIFBK.pt,14,9,9,0.0207935
add_finegrained1_J4JD0Y.pt,14,7,7,0.019890919999999996
add_finegrained1_AEWATC.pt,14,10,10,0.022518800000000012
add_finegrained1_6CLUS6.pt,14,11,11,0.02535406
add_finegrained1_I3WTIH.pt,14,5,5,0.023663879999999998
add_finegrained1_5IHL3G.pt,14,10,10,0.01931958
add_finegrained1_0B164P.pt,14,17,17,0.01695207999999999
add_finegrained1_RW7YEC.pt,14,12,12,0.024513619999999993
add_finegrained1_FCTL9T.pt,14,19,19,0.0239628
add_finegrained1_YJQP1T.pt,14,23,23,0.023022959999999995
add_finegrained1_AQ5IK4.pt,14,14,14,0.021968339999999996
add_finegrained1_GEKX3F.pt,14,24,24,0.004791319999999999
add_finegrained1_D0Z1BI.pt,14,15,15,0.016474
add_finegrained1_8R8VBA.pt,14,20,20,0.012833840000000003
add_finegrained1_2ZP86O.pt,14,11,11,0.025468919999999996
add_finegrained1_941PYN.pt,14,21,21,0.0227384
add_finegrained1_DO6U9D.pt,14,13,13,0.02668326
add_finegrained1_ZV484R.pt,14,22,22,0.0044833799999999995
add_finegrained1_5IQI7J.pt,14,18,18,0.016172880000000004
add_finegrained1_FPFLPQ.pt,14,16,16,0.0185154
add_finegrained1_DF5IFT.pt,7,522,522,0.009353160000000003
add_finegrained1_XI5YMX.pt,7,900,900,0.009861140000000001
add_finegrained1_CUQLY5.pt,7,570,570,0.012530799999999998
add_finegrained1_FODPGZ.pt,7,1012,1012,0.004484959999999999
add_finegrained1_6BQONX.pt,7,824,824,0.004766899999999999
add_finegrained1_276IKQ.pt,7,849,849,0.004683000000000001
add_finegrained1_FNHA71.pt,7,974,974,0.005365820000000001
add_finegrained1_2Q59LH.pt,7,825,825,0.008049340000000002
add_finegrained1_ANTH72.pt,7,566,566,0.012470520000000002
add_finegrained1_EJD7IZ.pt,7,567,567,0.010999299999999997
add_finegrained1_LSR1UH.pt,7,930,930,0.004465
add_finegrained1_6GEYHX.pt,7,524,524,0.017532239999999998
add_finegrained1_9IQ6KO.pt,7,709,709,0.017877899999999995
add_finegrained1_QM84EH.pt,7,619,619,0.011698720000000001
add_finegrained1_WA2C21.pt,7,882,882,0.010953520000000001
add_finegrained1_SWN5KS.pt,7,640,640,0.007087839999999997
add_finegrained1_DX9FYX.pt,7,818,818,0.013312439999999995
add_finegrained1_OHXUQ7.pt,7,463,463,0.010172580000000002
add_finegrained1_R54KZR.pt,7,615,615,0.009763120000000002
add_finegrained1_8CQNAK.pt,7,917,917,0.011687660000000006
add_finegrained1_TRN8GN.pt,3,212,212,0.025205419999999992
add_finegrained1_AMUO8U.pt,3,205,205,0.009689720000000002
add_finegrained1_JJZHEF.pt,3,238,238,0.015325019999999996
add_finegrained1_1B5WT3.pt,3,177,177,0.019796420000000002
add_finegrained1_XO1B9K.pt,3,159,159,0.019461400000000004
add_finegrained1_8QE8X2.pt,3,278,278,0.020063960000000006
add_finegrained1_9L0XCB.pt,3,263,263,0.02410168
add_finegrained1_YIKT3P.pt,3,133,133,0.02513768
add_finegrained1_6CAC6J.pt,3,225,225,0.018692640000000003
add_finegrained1_DS42T4.pt,3,210,210,0.01639754
add_finegrained1_3EEBRX.pt,3,147,147,0.020035999999999995
add_finegrained1_JDR118.pt,3,161,161,0.02284486
add_finegrained1_4IKRLX.pt,3,140,140,0.0191854
add_finegrained1_QBH168.pt,3,304,304,0.02417668
add_finegrained1_EZBK4X.pt,3,155,155,0.023276620000000012
add_finegrained1_D7T9XZ.pt,3,244,244,0.028481619999999996
add_finegrained1_BWLD53.pt,3,226,226,0.015521300000000005
add_finegrained1_3XOFO3.pt,3,186,186,0.018175280000000005
add_finegrained1_W0HBUJ.pt,3,217,217,0.02154037999999999
add_finegrained1_X8852M.pt,3,239,239,0.020529
add_finegrained1_9GWTEH.pt,14,253,253,0.008225300000000003
add_finegrained1_049X19.pt,14,248,248,0.00858032
add_finegrained1_KRXOJP.pt,14,162,162,0.008158120000000003
add_finegrained1_ASPKDE.pt,14,256,256,0.00446168
add_finegrained1_S2T31X.pt,14,199,199,0.019739140000000002
add_finegrained1_PIQXRY.pt,14,254,254,0.005064679999999999
add_finegrained1_QMDCUS.pt,14,262,262,0.004459940000000001
add_finegrained1_DGQ0BM.pt,14,194,194,0.0044214599999999995
add_finegrained1_VCIMGU.pt,14,205,205,0.011887320000000003
add_finegrained1_C8BM12.pt,14,226,226,0.00780492
add_finegrained1_PCC5YJ.pt,14,166,166,0.010167800000000003
add_finegrained1_4QNOZI.pt,14,160,160,0.00990228
add_finegrained1_PVGGPM.pt,14,217,217,0.013580199999999994
add_finegrained1_VBP3VO.pt,14,175,175,0.012164799999999998
add_finegrained1_1R7YET.pt,14,144,144,0.023305980000000007
add_finegrained1_BAKNPY.pt,14,221,221,0.016306739999999997
add_finegrained1_L2Y2US.pt,14,264,264,0.0064307800000000005
add_finegrained1_IFUXRO.pt,14,211,211,0.008836699999999998
add_finegrained1_SVLUHL.pt,14,271,271,0.00447312
add_finegrained1_6L2WHK.pt,14,155,155,0.008846799999999998
add_finegrained1_WNNMXS.pt,7,124,124,0.012540799999999996
add_finegrained1_87YZ3K.pt,7,98,98,0.01729362
add_finegrained1_DPWTV9.pt,7,92,92,0.01805884
add_finegrained1_ZV7QC0.pt,7,115,115,0.0164647
add_finegrained1_BYJ71H.pt,7,112,112,0.02190490000000001
add_finegrained1_P0JE3Q.pt,7,106,106,0.00445536
add_finegrained1_TBFWYL.pt,7,75,75,0.013195160000000004
add_finegrained1_V0X1N7.pt,7,116,116,0.01498196
add_finegrained1_1WGAVC.pt,7,80,80,0.011392919999999997
add_finegrained1_PFEH8C.pt,7,72,72,0.02024634
add_finegrained1_LKP3JO.pt,7,99,99,0.021454820000000003
add_finegrained1_RLW3CG.pt,7,70,70,0.018194340000000003
add_finegrained1_8DHD02.pt,7,93,93,0.01593916
add_finegrained1_ZV8RLF.pt,7,77,77,0.01058046
add_finegrained1_56SKX7.pt,7,144,144,0.013563520000000004
add_finegrained1_GZBEXV.pt,7,146,146,0.021272939999999997
add_finegrained1_TERNO7.pt,7,76,76,0.019416359999999994
add_finegrained1_7N8XTV.pt,7,84,84,0.02126401999999999
add_finegrained1_71FFXR.pt,7,87,87,0.010753359999999998
add_finegrained1_M2JPPN.pt,7,74,74,0.016139479999999994
add_finegrained1_TDLZ4Z.pt,14,30,30,0.018231460000000005
add_finegrained1_HJRZI8.pt,14,34,34,0.0179517
add_finegrained1_Q299AR.pt,14,42,42,0.0155306
add_finegrained1_GFS1D0.pt,14,20,20,0.02827686
add_finegrained1_P6RRCE.pt,14,22,22,0.020589299999999998
add_finegrained1_FWP6UW.pt,14,43,43,0.023681660000000007
add_finegrained1_S98CUQ.pt,14,26,26,0.019080900000000005
add_finegrained1_I7TT0L.pt,14,24,24,0.015429840000000002
add_finegrained1_STOIFF.pt,14,33,33,0.01035478
add_finegrained1_NVWBBM.pt,14,38,38,0.0045070200000000005
add_finegrained1_NWMBEI.pt,14,27,27,0.019942480000000002
add_finegrained1_CYJBOE.pt,14,32,32,0.019928859999999996
add_finegrained1_X3Y6W6.pt,14,28,28,0.02460468000000001
add_finegrained1_QN00XK.pt,14,31,31,0.015176619999999998
add_finegrained1_CFIVMD.pt,14,40,40,0.02116178
add_finegrained1_DQA3BA.pt,14,37,37,0.018355800000000005
add_finegrained1_8QC28S.pt,14,44,44,0.019764499999999997
add_finegrained1_XB2IFT.pt,14,41,41,0.00445116
add_finegrained1_ZHSYU1.pt,14,29,29,0.011489539999999998
add_finegrained1_066QMN.pt,14,36,36,0.011489420000000002
add_finegrained1_B6IGYM.pt,7,604,604,0.0187872
add_finegrained1_3QHB9B.pt,7,425,425,0.010186440000000001
add_finegrained1_NLFVDO.pt,7,507,507,0.012481479999999996
add_finegrained1_DFU77B.pt,7,355,355,0.01477378
add_finegrained1_51NX5F.pt,7,607,607,0.009196800000000002
add_finegrained1_O0O7X9.pt,7,469,469,0.006004340000000001
add_finegrained1_FCU5C1.pt,7,488,488,0.011254860000000002
add_finegrained1_J0WD0C.pt,7,547,547,0.013054360000000001
add_finegrained1_C36AK0.pt,7,307,307,0.01643774
add_finegrained1_VOIY7M.pt,7,351,351,0.010920739999999998
add_finegrained1_HM2DBA.pt,7,387,387,0.020285040000000008
add_finegrained1_H95KFW.pt,7,563,563,0.018242019999999998
add_finegrained1_3NLD7W.pt,7,343,343,0.02280042000000001
add_finegrained1_BK789I.pt,7,414,414,0.009466319999999997
add_finegrained1_69BJUF.pt,7,485,485,0.023573139999999992
add_finegrained1_T8444J.pt,7,530,530,0.019200799999999997
add_finegrained1_XZ12WR.pt,7,391,391,0.011575939999999998
add_finegrained1_C2C6MC.pt,7,423,423,0.024790100000000002
add_finegrained1_9TQ8GI.pt,7,426,426,0.01602942
add_finegrained1_MXLIC5.pt,7,462,462,0.01352476
add_finegrained1_0ENWVU.pt,14,173,173,0.009867299999999999
add_finegrained1_Y167EG.pt,14,147,147,0.010321040000000002
add_finegrained1_U8CZQ4.pt,14,225,225,0.007837219999999999
add_finegrained1_GUTMUK.pt,14,246,246,0.005647360000000001
add_finegrained1_P1UBAT.pt,14,133,133,0.011595600000000005
add_finegrained1_KXZNZX.pt,14,275,275,0.013721760000000001
add_finegrained1_8Q43OW.pt,14,119,119,0.008262820000000002
add_finegrained1_Z8AVIX.pt,14,155,155,0.0045343000000000015
add_finegrained1_ZW62SL.pt,14,208,208,0.010179339999999999
add_finegrained1_W74UO5.pt,14,169,169,0.009369640000000002
add_finegrained1_6ITJYS.pt,14,125,125,0.007684860000000001
add_finegrained1_LEBNJC.pt,14,200,200,0.00676318
add_finegrained1_BSG1TY.pt,14,207,207,0.009948799999999997
add_finegrained1_5II7FR.pt,14,206,206,0.004506219999999999
add_finegrained1_2ADHZQ.pt,14,254,254,0.01714776
add_finegrained1_DUV1QS.pt,14,145,145,0.005198499999999999
add_finegrained1_82VG66.pt,14,129,129,0.010581279999999997
add_finegrained1_2KUC7H.pt,14,172,172,0.010940919999999996
add_finegrained1_ILWXGF.pt,14,272,272,0.00448842
add_finegrained1_DD6SQT.pt,14,162,162,0.00683916
add_finegrained1_JAQ88A.pt,14,191,191,0.01371598
add_finegrained1_YPG3DD.pt,14,178,178,0.01264244
add_finegrained1_7OGBQ0.pt,14,207,207,0.006311440000000002
add_finegrained1_0RKU04.pt,14,117,117,0.01301562
add_finegrained1_5FOK8T.pt,14,111,111,0.013394720000000002
add_finegrained1_5GXTNV.pt,14,122,122,0.018702859999999998
add_finegrained1_4S7CKP.pt,14,125,125,0.02864972
add_finegrained1_A7H5W0.pt,14,107,107,0.004459240000000001
add_finegrained1_2F6699.pt,14,135,135,0.01243956
add_finegrained1_GS9V2N.pt,14,182,182,0.012292319999999997
add_finegrained1_A6V93K.pt,14,150,150,0.011792599999999995
add_finegrained1_8WKZEY.pt,14,183,183,0.004623499999999998
add_finegrained1_YY9MO0.pt,14,175,175,0.0096797
add_finegrained1_045IAF.pt,14,103,103,0.01701908000000001
add_finegrained1_665BLT.pt,14,137,137,0.0058176799999999996
add_finegrained1_2Q3519.pt,14,211,211,0.0062695400000000005
add_finegrained1_D5V75K.pt,14,131,131,0.0125931
add_finegrained1_273NM5.pt,14,110,110,0.013848599999999999
add_finegrained1_O0GPDF.pt,14,172,172,0.022229040000000005
add_finegrained1_A21YKZ.pt,14,197,197,0.010209419999999999
add_finegrained1_DOSOHF.pt,7,562,562,0.009143819999999999
add_finegrained1_DOV2C2.pt,7,679,679,0.016117880000000008
add_finegrained1_56ZH3D.pt,7,1040,1040,0.0044646799999999995
add_finegrained1_F8G0J4.pt,7,858,858,0.006892400000000003
add_finegrained1_FXY0U2.pt,7,1095,1095,0.0044518000000000005
add_finegrained1_I0QJ7P.pt,7,1154,1154,0.0045614
add_finegrained1_J3MA84.pt,7,854,854,0.01102506
add_finegrained1_SOIHUP.pt,7,915,915,0.015570520000000008
add_finegrained1_PW0ZY0.pt,7,666,666,0.0064334200000000005
add_finegrained1_4GWF9Z.pt,7,611,611,0.019174199999999995
add_finegrained1_V7HUIK.pt,7,1087,1087,0.008618760000000001
add_finegrained1_RMSAXU.pt,7,1233,1233,0.004920220000000002
add_finegrained1_UYRXMM.pt,7,1235,1235,0.004463740000000001
add_finegrained1_CW4PFI.pt,7,848,848,0.00460658
add_finegrained1_75T669.pt,7,728,728,0.0085673
add_finegrained1_4Z2DQN.pt,7,885,885,0.006186099999999999
add_finegrained1_4BY7X4.pt,7,610,610,0.008437999999999998
add_finegrained1_6WTAMM.pt,7,1041,1041,0.0044540000000000005
add_finegrained1_E8HPR0.pt,7,558,558,0.01052788
add_finegrained1_B1QXSV.pt,7,667,667,0.008411659999999998
add_finegrained1_6A1Z9W.pt,7,123,123,0.01953944
add_finegrained1_E3G7F7.pt,7,118,118,0.01814592000000001
add_finegrained1_AVRRUH.pt,7,201,201,0.010493060000000004
add_finegrained1_G5OH1B.pt,7,107,107,0.014935860000000002
add_finegrained1_CI1H10.pt,7,174,174,0.00449026
add_finegrained1_PH7O0F.pt,7,87,87,0.024453879999999994
add_finegrained1_0X2B0B.pt,7,145,145,0.018173679999999998
add_finegrained1_2AAQGM.pt,7,138,138,0.01565778
add_finegrained1_0H0IN7.pt,7,159,159,0.01254214
add_finegrained1_V71RQ6.pt,7,147,147,0.01641476
add_finegrained1_2GKLYY.pt,7,92,92,0.0287266
add_finegrained1_LGQADJ.pt,7,99,99,0.013151359999999996
add_finegrained1_O9ETG0.pt,7,185,185,0.014288640000000002
add_finegrained1_Z2U3K6.pt,7,130,130,0.0285986
add_finegrained1_SQYA24.pt,7,151,151,0.012761179999999999
add_finegrained1_ICHO62.pt,7,131,131,0.026307840000000002
add_finegrained1_U2TFVS.pt,7,197,197,0.022327560000000003
add_finegrained1_J9YF4J.pt,7,101,101,0.004451400000000001
add_finegrained1_401J35.pt,7,115,115,0.013712860000000002
add_finegrained1_R99TO6.pt,7,121,121,0.026023519999999994
add_finegrained1_CUI45T.pt,14,87,87,0.019333280000000005
add_finegrained1_S8G71U.pt,14,69,69,0.017788679999999998
add_finegrained1_0DC5QI.pt,14,111,111,0.011266479999999994
add_finegrained1_LOFKIC.pt,14,126,126,0.014058079999999997
add_finegrained1_PR3QP4.pt,14,79,79,0.016382119999999997
add_finegrained1_MYZHZG.pt,14,92,92,0.007211000000000002
add_finegrained1_Z3YUU0.pt,14,128,128,0.007608480000000002
add_finegrained1_WNECXX.pt,14,101,101,0.014089
add_finegrained1_FX2IBZ.pt,14,110,110,0.014953979999999999
add_finegrained1_AOIS54.pt,14,123,123,0.004477099999999999
add_finegrained1_8KNUCG.pt,14,90,90,0.013973139999999997
add_finegrained1_W90PNL.pt,14,114,114,0.01553212
add_finegrained1_85SN3E.pt,14,100,100,0.00988316
add_finegrained1_PVOB0H.pt,14,65,65,0.009414559999999999
add_finegrained1_9FUE7X.pt,14,127,127,0.01973908
add_finegrained1_YZOQQJ.pt,14,74,74,0.020152720000000002
add_finegrained1_IPVFTU.pt,14,125,125,0.020081399999999996
add_finegrained1_QT7ODO.pt,14,139,139,0.015607720000000002
add_finegrained1_X11YZR.pt,14,141,141,0.0103799
add_finegrained1_IKXA1T.pt,14,89,89,0.01190892
add_finegrained1_T1NKUI.pt,7,1118,1118,0.00443608
add_finegrained1_LH4G4T.pt,7,669,669,0.010833960000000002
add_finegrained1_VBU178.pt,7,1133,1133,0.004497280000000001
add_finegrained1_2F5H4O.pt,7,535,535,0.0076092000000000035
add_finegrained1_5BPC23.pt,7,771,771,0.00450306
add_finegrained1_2HH5U9.pt,7,716,716,0.006505040000000001
add_finegrained1_HMQ4DZ.pt,7,970,970,0.0055878599999999974
add_finegrained1_U15MPY.pt,7,831,831,0.004513720000000001
add_finegrained1_CIX2UW.pt,7,871,871,0.004583320000000001
add_finegrained1_LV48FW.pt,7,925,925,0.00461324
add_finegrained1_NUMHNY.pt,7,803,803,0.00448184
add_finegrained1_E8UBTZ.pt,7,1051,1051,0.00449814
add_finegrained1_NKTRO9.pt,7,817,817,0.00447158
add_finegrained1_RP8P0X.pt,7,761,761,0.004711019999999999
add_finegrained1_Z2P110.pt,7,765,765,0.012741459999999996
add_finegrained1_YKUH95.pt,7,1162,1162,0.004529320000000001
add_finegrained1_8F72J2.pt,7,984,984,0.0072006399999999995
add_finegrained1_EBU06E.pt,7,713,713,0.007986420000000001
add_finegrained1_HIG0US.pt,7,840,840,0.009323000000000001
add_finegrained1_8VL1G7.pt,7,1072,1072,0.005892519999999999
add_finegrained1_S8ZLCW.pt,7,214,214,0.02345126
add_finegrained1_5R21MD.pt,7,193,193,0.014179059999999999
add_finegrained1_FG9ZEU.pt,7,157,157,0.011098720000000001
add_finegrained1_YLKPTE.pt,7,101,101,0.019240860000000002
add_finegrained1_IL8H6E.pt,7,111,111,0.02149534
add_finegrained1_9UVQ65.pt,7,117,117,0.01908506
add_finegrained1_G8VP4D.pt,7,211,211,0.014160499999999998
add_finegrained1_ES5RAX.pt,7,129,129,0.004439819999999999
add_finegrained1_OA4DVF.pt,7,95,95,0.020700019999999996
add_finegrained1_TDWZT7.pt,7,143,143,0.015901219999999997
add_finegrained1_80ILGR.pt,7,212,212,0.013469900000000005
add_finegrained1_LOMKSF.pt,7,112,112,0.01727094
add_finegrained1_0G5OPK.pt,7,207,207,0.02674182
add_finegrained1_ZPFLPQ.pt,7,94,94,0.012768199999999999
add_finegrained1_E63YAH.pt,7,116,116,0.022381979999999996
add_finegrained1_NB8JQN.pt,7,191,191,0.020238319999999997
add_finegrained1_F4W1ZO.pt,7,98,98,0.02044454
add_finegrained1_049USL.pt,7,132,132,0.02790066
add_finegrained1_KWEX4F.pt,7,176,176,0.019560459999999998
add_finegrained1_H69GP6.pt,7,204,204,0.013006860000000002
add_finegrained1_PC3ZZO.pt,7,268,268,0.024221619999999996
add_finegrained1_WO65T7.pt,7,454,454,0.010795160000000002
add_finegrained1_C20HWO.pt,7,461,461,0.012259660000000004
add_finegrained1_OA8ED7.pt,7,530,530,0.013409440000000002
add_finegrained1_L7R5LW.pt,7,535,535,0.011064540000000003
add_finegrained1_ZQ6RD9.pt,7,513,513,0.015506959999999997
add_finegrained1_1DA95X.pt,7,596,596,0.005580900000000001
add_finegrained1_ONPWS4.pt,7,286,286,0.015704639999999995
add_finegrained1_VXM7EZ.pt,7,419,419,0.022200939999999995
add_finegrained1_ZPK5QE.pt,7,392,392,0.014935460000000005
add_finegrained1_B3R930.pt,7,524,524,0.014135100000000003
add_finegrained1_GX0KQA.pt,7,547,547,0.004546680000000001
add_finegrained1_CFRWOE.pt,7,322,322,0.013109880000000003
add_finegrained1_SIZZV0.pt,7,338,338,0.016260520000000004
add_finegrained1_P3F0HA.pt,7,421,421,0.014280840000000001
add_finegrained1_2TH27Q.pt,7,350,350,0.014449739999999997
add_finegrained1_PAR38Y.pt,7,343,343,0.012140019999999998
add_finegrained1_7MWWPH.pt,7,459,459,0.0156827
add_finegrained1_ODCPN5.pt,7,580,580,0.007831420000000002
add_finegrained1_N943IF.pt,7,290,290,0.012565940000000006
add_finegrained1_4YQ8CY.pt,56,17,17,0.0044303
add_finegrained1_IPKKLN.pt,56,9,9,0.007869919999999999
add_finegrained1_96JN9E.pt,56,8,8,0.015024320000000002
add_finegrained1_KLPN41.pt,56,14,14,0.00443844
add_finegrained1_FW4KO4.pt,56,11,11,0.011816819999999999
add_finegrained1_IL773A.pt,56,16,16,0.0044652400000000005
add_finegrained1_V4PH0A.pt,56,18,18,0.004458240000000001
add_finegrained1_U416S3.pt,56,15,15,0.01280926
add_finegrained1_L8RAYE.pt,56,10,10,0.0201087
add_finegrained1_0MI3O4.pt,56,13,13,0.012060739999999999
add_finegrained1_2POQMK.pt,56,12,12,0.0062708799999999995
add_finegrained1_WEB8ZV.pt,14,32,32,0.0117354
add_finegrained1_DMJTXN.pt,14,24,24,0.016513059999999996
add_finegrained1_EDW08V.pt,14,33,33,0.013381420000000003
add_finegrained1_XXSPSR.pt,14,16,16,0.02804736
add_finegrained1_USFDP7.pt,14,20,20,0.023363319999999996
add_finegrained1_0TNO9V.pt,14,19,19,0.023207980000000003
add_finegrained1_LAKADP.pt,14,29,29,0.004451400000000001
add_finegrained1_Z8NC39.pt,14,17,17,0.016712059999999997
add_finegrained1_TEBF4X.pt,14,25,25,0.02880982
add_finegrained1_Z2S34Z.pt,14,22,22,0.010262199999999997
add_finegrained1_AZCVGC.pt,14,27,27,0.018979180000000005
add_finegrained1_312G4M.pt,14,28,28,0.01608366
add_finegrained1_IA4V0Z.pt,14,31,31,0.016130000000000012
add_finegrained1_DCOTCI.pt,14,36,36,0.021338639999999996
add_finegrained1_EXXOZ1.pt,14,30,30,0.013259840000000002
add_finegrained1_ZM3KYJ.pt,14,26,26,0.011615579999999999
add_finegrained1_JRE37H.pt,14,18,18,0.010111919999999998
add_finegrained1_RXW2CO.pt,14,21,21,0.0175476
add_finegrained1_QVO44S.pt,14,23,23,0.019151699999999994
add_finegrained1_IUV3N4.pt,14,35,35,0.009202699999999998
add_finegrained1_WRLVKC.pt,3,97,97,0.027742139999999988
add_finegrained1_MVXQ5C.pt,3,102,102,0.015534039999999997
add_finegrained1_CLSQ3B.pt,3,80,80,0.02845932
add_finegrained1_1KIP7H.pt,3,82,82,0.022692580000000004
add_finegrained1_PMTLYM.pt,3,58,58,0.019401599999999995
add_finegrained1_Y2YQWJ.pt,3,51,51,0.025805019999999998
add_finegrained1_4TDO2F.pt,3,63,63,0.022735679999999994
add_finegrained1_9P2E1O.pt,3,59,59,0.026026680000000003
add_finegrained1_MDN68C.pt,3,66,66,0.018833620000000002
add_finegrained1_HKA8SF.pt,3,87,87,0.021478620000000004
add_finegrained1_MUIMX5.pt,3,103,103,0.02697085999999999
add_finegrained1_IIXF85.pt,3,71,71,0.023719660000000004
add_finegrained1_WLMXOI.pt,3,68,68,0.009576639999999999
add_finegrained1_0P4J1X.pt,3,75,75,0.02872598000000001
add_finegrained1_MD53GF.pt,3,55,55,0.027197799999999998
add_finegrained1_1L1QJM.pt,3,76,76,0.021704019999999994
add_finegrained1_EQ72RZ.pt,3,52,52,0.019762280000000004
add_finegrained1_NJPIX7.pt,3,92,92,0.029067880000000004
add_finegrained1_E3RSCN.pt,3,107,107,0.01625626
add_finegrained1_96Y6TI.pt,3,61,61,0.020174080000000004
add_finegrained1_T9LGY8.pt,56,18,18,0.006981079999999998
add_finegrained1_0WGW3C.pt,56,17,17,0.00444988
add_finegrained1_047AOO.pt,56,16,16,0.004974139999999999
add_finegrained1_F1F1DR.pt,56,14,14,0.00446282
add_finegrained1_KKECYE.pt,56,15,15,0.006926920000000002
add_finegrained1_Z06LA1.pt,56,12,12,0.015468000000000004
add_finegrained1_T84KJA.pt,56,8,8,0.004609780000000002
add_finegrained1_MWNIVQ.pt,56,9,9,0.00464106
add_finegrained1_2KFKAP.pt,56,10,10,0.0089607
add_finegrained1_NXOUUG.pt,56,11,11,0.00444898
add_finegrained1_IBH9EY.pt,56,13,13,0.01807766
add_finegrained1_R4N0L6.pt,7,886,886,0.013678240000000001
add_finegrained1_8YGQAM.pt,7,1052,1052,0.0044668
add_finegrained1_GPV6ZR.pt,7,852,852,0.006246820000000001
add_finegrained1_GL9WWY.pt,7,689,689,0.004487080000000001
add_finegrained1_T86YFI.pt,7,793,793,0.00453804
add_finegrained1_HMG8L9.pt,7,1094,1094,0.004463760000000001
add_finegrained1_OL3RDX.pt,7,967,967,0.008026999999999998
add_finegrained1_WRK9HE.pt,7,961,961,0.004521679999999998
add_finegrained1_S0ZAED.pt,7,1074,1074,0.006979960000000002
add_finegrained1_EG8CMM.pt,7,994,994,0.00763032
add_finegrained1_SWS9UX.pt,7,649,649,0.017618500000000002
add_finegrained1_L4OKT1.pt,7,601,601,0.012727819999999999
add_finegrained1_UB2VQ6.pt,7,700,700,0.0075627399999999975
add_finegrained1_FSMVN0.pt,7,511,511,0.017981920000000005
add_finegrained1_41J9Q5.pt,7,484,484,0.02131246000000001
add_finegrained1_QTAEV1.pt,7,1025,1025,0.004487539999999998
add_finegrained1_O85VLL.pt,7,475,475,0.006418079999999998
add_finegrained1_XAAGZJ.pt,7,922,922,0.004728920000000001
add_finegrained1_EUW9BC.pt,7,791,791,0.012577119999999999
add_finegrained1_J1YCR3.pt,7,693,693,0.010407539999999998
add_finegrained1_M7IXWP.pt,7,224,224,0.02109569999999999
add_finegrained1_1FFIPK.pt,7,206,206,0.016803239999999997
add_finegrained1_4B0RE5.pt,7,149,149,0.02089124
add_finegrained1_8GHF4N.pt,7,255,255,0.01433702
add_finegrained1_IE9CTS.pt,7,234,234,0.015710460000000002
add_finegrained1_8ZI77T.pt,7,151,151,0.023882679999999993
add_finegrained1_IA8O98.pt,7,200,200,0.018634860000000003
add_finegrained1_LWMQ7O.pt,7,157,157,0.01680482
add_finegrained1_PRTJHC.pt,7,135,135,0.025148940000000005
add_finegrained1_UXI6LT.pt,7,217,217,0.019731160000000005
add_finegrained1_NCEJ5O.pt,7,137,137,0.014589419999999995
add_finegrained1_BB724B.pt,7,238,238,0.027943900000000008
add_finegrained1_AEWCOX.pt,7,281,281,0.0234809
add_finegrained1_BCODJG.pt,7,191,191,0.020423139999999996
add_finegrained1_U2T2NO.pt,7,124,124,0.01828428
add_finegrained1_L1XRGP.pt,7,148,148,0.019361660000000006
add_finegrained1_3M79OR.pt,7,126,126,0.01102452
add_finegrained1_DFDTNF.pt,7,246,246,0.018545279999999997
add_finegrained1_D50QGM.pt,7,140,140,0.015101320000000003
add_finegrained1_N2VLIB.pt,7,175,175,0.01787936
add_finegrained1_UWQ6G7.pt,14,47,47,0.01607118
add_finegrained1_CUDLRQ.pt,14,42,42,0.019573860000000002
add_finegrained1_PNGYC7.pt,14,33,33,0.018753419999999996
add_finegrained1_H96XQE.pt,14,27,27,0.025544579999999997
add_finegrained1_0XPEWL.pt,14,53,53,0.00630528
add_finegrained1_ZPNXVC.pt,14,50,50,0.017339799999999995
add_finegrained1_OHSL4V.pt,14,39,39,0.014514139999999995
add_finegrained1_85T1AU.pt,14,31,31,0.018030900000000002
add_finegrained1_PS9WRB.pt,14,32,32,0.01747944
add_finegrained1_YF2M4F.pt,14,40,40,0.011832319999999999
add_finegrained1_F1173Q.pt,14,22,22,0.013850340000000003
add_finegrained1_14G7MI.pt,14,25,25,0.019769900000000003
add_finegrained1_S3IT37.pt,14,43,43,0.02125128000000001
add_finegrained1_5MF7T6.pt,14,29,29,0.016283579999999992
add_finegrained1_9Z2ZK5.pt,14,52,52,0.009848039999999997
add_finegrained1_NOB6I7.pt,14,23,23,0.004443359999999999
add_finegrained1_YKC475.pt,14,24,24,0.026146359999999987
add_finegrained1_VGH5D5.pt,14,51,51,0.018567320000000005
add_finegrained1_1FB841.pt,14,48,48,0.024281960000000002
add_finegrained1_5S9MQH.pt,14,44,44,0.027250479999999994
add_finegrained1_VR3AO4.pt,14,44,44,0.02329516000000001
add_finegrained1_HQW9Z5.pt,14,42,42,0.02062052
add_finegrained1_7R7B3O.pt,14,22,22,0.02104165999999999
add_finegrained1_QQDJ76.pt,14,45,45,0.018446760000000003
add_finegrained1_ZFYCWQ.pt,14,25,25,0.009404180000000002
add_finegrained1_UJBIY7.pt,14,38,38,0.013503880000000001
add_finegrained1_VCJ50V.pt,14,24,24,0.01424848
add_finegrained1_TA46O6.pt,14,37,37,0.01533404
add_finegrained1_VJ6F93.pt,14,20,20,0.01886582
add_finegrained1_IT5J60.pt,14,43,43,0.01896732
add_finegrained1_11G1N7.pt,14,34,34,0.01530146
add_finegrained1_WPE82Y.pt,14,35,35,0.019600039999999992
add_finegrained1_F3Y8P4.pt,14,29,29,0.01899394
add_finegrained1_RB0Z48.pt,14,26,26,0.020595759999999998
add_finegrained1_SCKCNP.pt,14,40,40,0.017358299999999997
add_finegrained1_M7EH7N.pt,14,28,28,0.011319820000000001
add_finegrained1_TZVESL.pt,14,23,23,0.01615018
add_finegrained1_2LHRS0.pt,14,19,19,0.0188423
add_finegrained1_78JXWY.pt,14,31,31,0.019118160000000002
add_finegrained1_1L01GW.pt,14,32,32,0.020905180000000002
add_finegrained1_VJFU00.pt,7,298,298,0.019794639999999995
add_finegrained1_NX7BNC.pt,7,185,185,0.0200751
add_finegrained1_9AS85H.pt,7,261,261,0.017230699999999998
add_finegrained1_F8GGZR.pt,7,134,134,0.02122392
add_finegrained1_PXGVEY.pt,7,203,203,0.019971780000000005
add_finegrained1_W688H4.pt,7,287,287,0.012671939999999994
add_finegrained1_4BJYJ0.pt,7,137,137,0.01648546
add_finegrained1_L2UK2F.pt,7,272,272,0.012065300000000001
add_finegrained1_TIAPUB.pt,7,264,264,0.020687699999999996
add_finegrained1_TBT8HM.pt,7,154,154,0.021974800000000003
add_finegrained1_EX4TO5.pt,7,268,268,0.011000700000000004
add_finegrained1_KRSUQL.pt,7,159,159,0.01290156
add_finegrained1_E5ADCY.pt,7,226,226,0.019817819999999996
add_finegrained1_YJBJ2H.pt,7,207,207,0.00446886
add_finegrained1_7V5CTQ.pt,7,307,307,0.01046066
add_finegrained1_1Z4VQJ.pt,7,297,297,0.02136166
add_finegrained1_TEBYJG.pt,7,172,172,0.015984699999999998
add_finegrained1_5XD44X.pt,7,162,162,0.017294419999999998
add_finegrained1_UF1J9F.pt,7,306,306,0.019493580000000003
add_finegrained1_1P43V9.pt,7,258,258,0.01797158
add_finegrained1_TGHDH8.pt,7,450,450,0.017937119999999997
add_finegrained1_SBULZ6.pt,7,832,832,0.00927438
add_finegrained1_G0GZ7Y.pt,7,738,738,0.0080278
add_finegrained1_RD6T3R.pt,7,550,550,0.016320840000000007
add_finegrained1_AGAAW4.pt,7,474,474,0.00582912
add_finegrained1_8R1Q7L.pt,7,532,532,0.004392300000000001
add_finegrained1_CJNV1E.pt,7,646,646,0.012216160000000005
add_finegrained1_UHO2T2.pt,7,911,911,0.0044930199999999995
add_finegrained1_TNJZCX.pt,7,744,744,0.00778856
add_finegrained1_IYFXWW.pt,7,653,653,0.017474380000000005
add_finegrained1_SYPNKB.pt,7,946,946,0.005852659999999998
add_finegrained1_6Z67JG.pt,7,699,699,0.008311340000000002
add_finegrained1_CF4MII.pt,7,805,805,0.006392300000000001
add_finegrained1_KDMWZV.pt,7,900,900,0.004990099999999999
add_finegrained1_NZ1ARY.pt,7,806,806,0.01004716
add_finegrained1_9M1N8P.pt,7,913,913,0.006936159999999998
add_finegrained1_TBE964.pt,7,795,795,0.01261968
add_finegrained1_6PZ28X.pt,7,603,603,0.012401899999999997
add_finegrained1_2T64XM.pt,7,1045,1045,0.0067017599999999984
add_finegrained1_Q1W50K.pt,7,971,971,0.008888259999999999
add_finegrained1_EVR897.pt,14,54,54,0.019114479999999993
add_finegrained1_HXVHFQ.pt,14,64,64,0.02087344
add_finegrained1_RC8E86.pt,14,73,73,0.014847280000000004
add_finegrained1_QUFCTX.pt,14,77,77,0.01717972
add_finegrained1_3JII77.pt,14,85,85,0.016981879999999998
add_finegrained1_ZUMH7N.pt,14,55,55,0.01546304
add_finegrained1_2H6RRJ.pt,14,76,76,0.011965839999999997
add_finegrained1_Z18E3B.pt,14,87,87,0.022963879999999996
add_finegrained1_SYLNHN.pt,14,51,51,0.023492899999999997
add_finegrained1_YSYABB.pt,14,65,65,0.01761682
add_finegrained1_OA89FU.pt,14,83,83,0.015030339999999998
add_finegrained1_02IJ6V.pt,14,60,60,0.020355599999999995
add_finegrained1_XNFHK0.pt,14,48,48,0.008636180000000002
add_finegrained1_LUB0KY.pt,14,74,74,0.014285600000000011
add_finegrained1_PW584D.pt,14,72,72,0.016368600000000007
add_finegrained1_0IH9I3.pt,14,61,61,0.0161786
add_finegrained1_U10QXV.pt,14,58,58,0.014100840000000003
add_finegrained1_QLL6H6.pt,14,88,88,0.01918556
add_finegrained1_C2OP5C.pt,14,62,62,0.023886959999999995
add_finegrained1_2WX6V0.pt,14,49,49,0.025160500000000002
add_finegrained1_CTBBT8.pt,7,67,67,0.01661646
add_finegrained1_3V0QY1.pt,7,114,114,0.017641519999999997
add_finegrained1_TBJH9D.pt,7,144,144,0.01731694
add_finegrained1_AUHCK2.pt,7,62,62,0.010617459999999999
add_finegrained1_RMDFL3.pt,7,132,132,0.013233580000000002
add_finegrained1_OCJ9CX.pt,7,142,142,0.0183416
add_finegrained1_PVJO11.pt,7,104,104,0.0205592
add_finegrained1_9RBSE5.pt,7,84,84,0.017206739999999998
add_finegrained1_2OTXGV.pt,7,91,91,0.022372179999999995
add_finegrained1_7Q0KM2.pt,7,69,69,0.019780500000000006
add_finegrained1_6A88E6.pt,7,125,125,0.020763620000000003
add_finegrained1_6LT71J.pt,7,129,129,0.014636240000000002
add_finegrained1_2EM9NF.pt,7,75,75,0.013540160000000006
add_finegrained1_06NHDE.pt,7,118,118,0.023977700000000005
add_finegrained1_5K9EO6.pt,7,73,73,0.02149114000000001
add_finegrained1_X9MJCH.pt,7,115,115,0.00450158
add_finegrained1_C5851X.pt,7,122,122,0.01667032
add_finegrained1_G4Q8KO.pt,7,108,108,0.024548420000000005
add_finegrained1_WNVVAB.pt,7,97,97,0.01807754
add_finegrained1_RAZAFB.pt,7,137,137,0.01872632
add_finegrained1_YWIK2L.pt,28,62,62,0.004457280000000001
add_finegrained1_OSAJGU.pt,28,28,28,0.00815496
add_finegrained1_WVGW0K.pt,28,29,29,0.010405420000000004
add_finegrained1_ET71KO.pt,28,64,64,0.007822479999999998
add_finegrained1_8M5ONP.pt,28,53,53,0.012899320000000006
add_finegrained1_MO3XD2.pt,28,42,42,0.012785559999999998
add_finegrained1_9V2ET6.pt,28,50,50,0.0049973199999999995
add_finegrained1_PZXQ85.pt,28,32,32,0.00448876
add_finegrained1_FTAPRW.pt,28,59,59,0.00506932
add_finegrained1_W502WX.pt,28,49,49,0.00790196
add_finegrained1_CSIVCS.pt,28,36,36,0.01011868
add_finegrained1_ZEBPVD.pt,28,40,40,0.010365800000000003
add_finegrained1_MC1AIM.pt,28,43,43,0.01082164
add_finegrained1_DLAXTJ.pt,28,58,58,0.004509440000000001
add_finegrained1_RBZD67.pt,28,33,33,0.015029539999999994
add_finegrained1_KMH4ND.pt,28,34,34,0.013348399999999993
add_finegrained1_HA3J61.pt,28,47,47,0.01027776
add_finegrained1_6OH82V.pt,28,45,45,0.007571080000000001
add_finegrained1_DWYWC6.pt,28,56,56,0.0065343000000000016
add_finegrained1_XUP03U.pt,28,52,52,0.01654516
add_finegrained1_CP3YLX.pt,1,599,599,0.026975020000000002
add_finegrained1_TYPNNE.pt,1,281,281,0.02601912
add_finegrained1_CLU0DX.pt,1,333,333,0.021441579999999988
add_finegrained1_2Y5HH2.pt,1,465,465,0.016153180000000003
add_finegrained1_5FOTF0.pt,1,471,471,0.01665036
add_finegrained1_F7A1YX.pt,1,643,643,0.026408859999999992
add_finegrained1_Q5VMKV.pt,1,385,385,0.02030564
add_finegrained1_764FH0.pt,1,286,286,0.028735100000000003
add_finegrained1_9XEWRQ.pt,1,312,312,0.028367820000000002
add_finegrained1_GSQA6Y.pt,1,606,606,0.024819080000000004
add_finegrained1_9LGFOT.pt,1,355,355,0.019137239999999996
add_finegrained1_I2UF00.pt,1,531,531,0.014608839999999996
add_finegrained1_CEJZEW.pt,1,544,544,0.019295560000000003
add_finegrained1_A4WGM9.pt,1,308,308,0.016405979999999997
add_finegrained1_ZQMI9W.pt,1,585,585,0.02356811999999999
add_finegrained1_J7UKHZ.pt,1,316,316,0.012630279999999999
add_finegrained1_4MVXZ1.pt,1,404,404,0.02889611999999999
add_finegrained1_LNSW4J.pt,1,287,287,0.020598980000000003
add_finegrained1_PBBCHB.pt,1,526,526,0.028267180000000006
add_finegrained1_I15PBP.pt,1,525,525,0.023306720000000003
add_finegrained1_1HOBGF.pt,14,39,39,0.0165839
add_finegrained1_C2I11I.pt,14,30,30,0.014912899999999998
add_finegrained1_C6JW62.pt,14,49,49,0.02568055999999999
add_finegrained1_063GJV.pt,14,58,58,0.02118379999999999
add_finegrained1_RT9J6V.pt,14,26,26,0.017523279999999995
add_finegrained1_KIJR3W.pt,14,25,25,0.00440948
add_finegrained1_MEDL8K.pt,14,57,57,0.021419480000000005
add_finegrained1_Y4YO8P.pt,14,50,50,0.019648840000000004
add_finegrained1_FLY0U6.pt,14,51,51,0.016661739999999998
add_finegrained1_CY7ET0.pt,14,36,36,0.027590519999999997
add_finegrained1_YHCHM7.pt,14,43,43,0.011479640000000003
add_finegrained1_5ORS6L.pt,14,37,37,0.019730239999999996
add_finegrained1_W6UY56.pt,14,54,54,0.0211159
add_finegrained1_C99WAL.pt,14,47,47,0.008441280000000002
add_finegrained1_OQYF6R.pt,14,35,35,0.013670199999999999
add_finegrained1_1CCZ05.pt,14,56,56,0.027909340000000005
add_finegrained1_Q5XPJJ.pt,14,28,28,0.024043000000000005
add_finegrained1_AVQ6BU.pt,14,55,55,0.010168819999999999
add_finegrained1_UN6HY1.pt,14,45,45,0.01850338
add_finegrained1_XT9OGH.pt,14,27,27,0.01690525999999999
add_finegrained1_A3D0B6.pt,14,69,69,0.0072913200000000004
add_finegrained1_LXYRIE.pt,14,57,57,0.013832459999999998
add_finegrained1_WAKNOU.pt,14,96,96,0.012676100000000003
add_finegrained1_E8QUHN.pt,14,50,50,0.016342540000000003
add_finegrained1_XOJMWQ.pt,14,86,86,0.02252588
add_finegrained1_TW8UEV.pt,14,45,45,0.014347339999999997
add_finegrained1_ZC575P.pt,14,93,93,0.00797756
add_finegrained1_9JC2KX.pt,14,77,77,0.011762999999999997
add_finegrained1_OVVEHM.pt,14,76,76,0.017212260000000007
add_finegrained1_H7J2OA.pt,14,64,64,0.012451100000000001
add_finegrained1_EO3D15.pt,14,48,48,0.00936446
add_finegrained1_1SFSIN.pt,14,73,73,0.017704679999999993
add_finegrained1_K5IO7V.pt,14,89,89,0.008771739999999998
add_finegrained1_6CRQOP.pt,14,97,97,0.016728840000000002
add_finegrained1_5GHVQL.pt,14,88,88,0.006845540000000001
add_finegrained1_60SPNY.pt,14,52,52,0.018920839999999998
add_finegrained1_9EWPCQ.pt,14,54,54,0.017878220000000004
add_finegrained1_D2GZPR.pt,14,78,78,0.01886244
add_finegrained1_QIZLHT.pt,14,91,91,0.015144000000000006
add_finegrained1_WCF1CR.pt,14,84,84,0.012411379999999996
add_finegrained1_OMZXWB.pt,14,27,27,0.019025059999999996
add_finegrained1_NU8ZEO.pt,14,14,14,0.017371180000000003
add_finegrained1_US20NZ.pt,14,13,13,0.015550900000000001
add_finegrained1_UE1K51.pt,14,23,23,0.017876140000000006
add_finegrained1_7KR7L0.pt,14,15,15,0.01424318
add_finegrained1_CQ7KWK.pt,14,19,19,0.02047688
add_finegrained1_M4UVPM.pt,14,24,24,0.014045960000000001
add_finegrained1_94WRBJ.pt,14,21,21,0.019439720000000008
add_finegrained1_I6D5PI.pt,14,12,12,0.013051460000000004
add_finegrained1_A8EBY3.pt,14,26,26,0.014103280000000003
add_finegrained1_GI6Z8D.pt,14,25,25,0.01792532
add_finegrained1_ZU05J7.pt,14,22,22,0.016753380000000002
add_finegrained1_MLE3WG.pt,14,16,16,0.022835919999999992
add_finegrained1_JUMXG2.pt,14,18,18,0.029146619999999995
add_finegrained1_O0JNW0.pt,14,17,17,0.02287316
add_finegrained1_HTRCMQ.pt,14,20,20,0.004451139999999998
add_finegrained1_QCFO0V.pt,14,6,6,0.01456736
add_finegrained1_TZLZAY.pt,14,7,7,0.018579160000000004
add_finegrained1_Q4J4G6.pt,14,4,4,0.017326659999999997
add_finegrained1_BFY52E.pt,14,8,8,0.01986268
add_finegrained1_YWPMF0.pt,14,5,5,0.0282387
add_finegrained1_IZ8TWI.pt,14,126,126,0.01618776
add_finegrained1_PXUASY.pt,14,193,193,0.0044264399999999985
add_finegrained1_NFK3L0.pt,14,140,140,0.00823492
add_finegrained1_4789LZ.pt,14,191,191,0.018377240000000003
add_finegrained1_0FZCSO.pt,14,131,131,0.017587879999999997
add_finegrained1_M4Y5YM.pt,14,124,124,0.016079020000000003
add_finegrained1_S3OPF8.pt,14,181,181,0.010557739999999996
add_finegrained1_L5CMO1.pt,14,189,189,0.006020639999999999
add_finegrained1_YSELW9.pt,14,163,163,0.009841020000000002
add_finegrained1_HUYD7V.pt,14,150,150,0.0056467800000000005
add_finegrained1_RP528W.pt,14,167,167,0.010741559999999999
add_finegrained1_VA7BVO.pt,14,92,92,0.015746379999999997
add_finegrained1_T6PT0K.pt,14,166,166,0.010712859999999998
add_finegrained1_FPS162.pt,14,185,185,0.006387000000000003
add_finegrained1_520J3J.pt,14,136,136,0.00839734
add_finegrained1_D6WL45.pt,14,120,120,0.016880020000000006
add_finegrained1_BS6T0V.pt,14,147,147,0.008825299999999998
add_finegrained1_JKQMPA.pt,14,87,87,0.01648976
add_finegrained1_UGLFNY.pt,14,96,96,0.008695259999999998
add_finegrained1_7V71W5.pt,14,172,172,0.006662519999999998
add_finegrained1_39RXDW.pt,7,356,356,0.01764138
add_finegrained1_LSDZB9.pt,7,422,422,0.011225120000000007
add_finegrained1_ELJSWR.pt,7,610,610,0.010439559999999999
add_finegrained1_ICSLM4.pt,7,517,517,0.022748579999999997
add_finegrained1_1B95X9.pt,7,463,463,0.01058886
add_finegrained1_TV55EJ.pt,7,414,414,0.015237439999999996
add_finegrained1_VSI4US.pt,7,443,443,0.009015379999999998
add_finegrained1_HU1AXD.pt,7,379,379,0.006128160000000001
add_finegrained1_TW5S66.pt,7,302,302,0.013442759999999998
add_finegrained1_XEV7XB.pt,7,360,360,0.00938168
add_finegrained1_RFK73Z.pt,7,273,273,0.019756300000000004
add_finegrained1_SZI611.pt,7,365,365,0.007921519999999998
add_finegrained1_0WFSWU.pt,7,550,550,0.018605440000000008
add_finegrained1_ST02R7.pt,7,287,287,0.012638539999999993
add_finegrained1_B9AREE.pt,7,629,629,0.00668948
add_finegrained1_6WP2NG.pt,7,378,378,0.011074919999999997
add_finegrained1_LPEDT2.pt,7,362,362,0.0074481799999999996
add_finegrained1_O361VC.pt,7,533,533,0.014400859999999998
add_finegrained1_0B7EU0.pt,7,510,510,0.013199840000000004
add_finegrained1_5JP7A8.pt,7,515,515,0.01121786
add_finegrained1_ITW24D.pt,14,79,79,0.016982419999999995
add_finegrained1_YYMI0D.pt,14,107,107,0.021173599999999997
add_finegrained1_BHEQPY.pt,14,59,59,0.01800314
add_finegrained1_KZ07AA.pt,14,65,65,0.013100259999999999
add_finegrained1_XGUAS1.pt,14,119,119,0.004487920000000001
add_finegrained1_A5IILV.pt,14,62,62,0.024278859999999992
add_finegrained1_WE818I.pt,14,126,126,0.016771780000000003
add_finegrained1_G5FVC4.pt,14,70,70,0.004440559999999999
add_finegrained1_N83SRF.pt,14,75,75,0.02375184
add_finegrained1_NTPEIX.pt,14,82,82,0.020237259999999993
add_finegrained1_BSZOO2.pt,14,113,113,0.0177641
add_finegrained1_HMDGSK.pt,14,102,102,0.019835899999999993
add_finegrained1_1QM8PO.pt,14,53,53,0.010363619999999997
add_finegrained1_93UBFX.pt,14,87,87,0.0089951
add_finegrained1_EJM5TT.pt,14,122,122,0.020715039999999997
add_finegrained1_VCQW8B.pt,14,76,76,0.010469980000000004
add_finegrained1_MX2DM3.pt,14,120,120,0.01393084
add_finegrained1_CABEPR.pt,14,123,123,0.020464600000000003
add_finegrained1_SS7ZZQ.pt,14,78,78,0.012155279999999997
add_finegrained1_FSUDSH.pt,14,61,61,0.0179265
add_finegrained1_6T14WS.pt,7,25,25,0.017477999999999997
add_finegrained1_CSYCSG.pt,7,45,45,0.02139036
add_finegrained1_32NVVR.pt,7,28,28,0.025114460000000012
add_finegrained1_QER7WV.pt,7,21,21,0.014489879999999995
add_finegrained1_IC4C2O.pt,7,22,22,0.012166000000000001
add_finegrained1_SI3VY2.pt,7,32,32,0.028405160000000006
add_finegrained1_INCQOB.pt,7,46,46,0.014815960000000006
add_finegrained1_8ZZXIS.pt,7,34,34,0.02068038
add_finegrained1_RW4G4I.pt,7,30,30,0.028261660000000008
add_finegrained1_1XM485.pt,7,31,31,0.024314320000000004
add_finegrained1_179RGQ.pt,7,37,37,0.024339320000000005
add_finegrained1_DZVML9.pt,7,24,24,0.02719322
add_finegrained1_V6CLYQ.pt,7,35,35,0.019065679999999998
add_finegrained1_OZQOPS.pt,7,40,40,0.019390759999999996
add_finegrained1_Q7ARVA.pt,7,27,27,0.022092979999999995
add_finegrained1_XETIHS.pt,7,26,26,0.020758020000000002
add_finegrained1_08MWYP.pt,7,33,33,0.017001960000000003
add_finegrained1_8VZMI2.pt,7,43,43,0.01800656
add_finegrained1_PKXEIJ.pt,7,36,36,0.02417686
add_finegrained1_2005KK.pt,7,38,38,0.02010136
